수집일자,카테고리,순위,브랜드,상품명,상품페이지링크,대표이미지URL,정가,혜택가,할인율,리뷰수,리뷰별점,별점5비율,별점4비율,별점3비율,별점2비율,별점1비율,세일,쿠폰,증정,오늘드림,상품번호,카테고리ID
2026-08-16,전체,1,메디힐,[업그레이드 수분흔적세럼/1+1] 메디힐 마데카소사이드 더마 세럼 50+50mL 기획,https://www.oliveyoung.co.kr/store/goods/getGoodsDetail.do?goodsNo=A000000261742,https://image.oliveyoung.co.kr/cfimages/cf-goods/uploads/images/thumbnails/400/10/0000/0026/A00000026174210ko.png?l=ko,43000,24400,43.3,869,4.9,95,3,1,0,0,1,1,1,1,A000000261742,ALL
2026-08-16,전체,2,어노브,[4년 연속 1위] 어노브 딥 데미지 리페어 헤어 마스크 (트리트먼트/헤어팩) 320ml 더블/듀오 기획,https://www.oliveyoung.co.kr/store/goods/getGoodsDetail.do?goodsNo=A000000171423,https://image.oliveyoung.co.kr/cfimages/cf-goods/uploads/images/thumbnails/400/10/0000/0017/A000000171423164ko.png?l=ko,42000,29800,29.0,88970,4.9,89,8,2,0,0,1,0,0,1,A000000171423,ALL
2026-08-16,전체,3,온리추얼,온리추얼 슬리밍컷 다이어트/리셋 브이라인/글로우업 콜라겐 7포(+1포)/14포,https://www.oliveyoung.co.kr/store/goods/getGoodsDetail.do?goodsNo=A000000247569,https://image.oliveyoung.co.kr/cfimages/cf-goods/uploads/images/thumbnails/400/10/0000/0024/A00000024756922ko.jpg?l=ko,18900,11900,37.0,4754,4.9,93,5,1,0,0,1,1,0,1,A000000247569,ALL
2026-08-16,전체,4,메디힐,[15년 연속 1위] 메디힐 에센셜 마스크팩 10/10+1매 기획 7종 골라담기,https://www.oliveyoung.co.kr/store/goods/getGoodsDetail.do?goodsNo=A000000223414,https://image.oliveyoung.co.kr/cfimages/cf-goods/uploads/images/thumbnails/400/10/0000/0022/A000000223414117ko.jpg?l=ko,20000,10000,50.0,473810,4.9,91,7,2,0,0,1,0,1,1,A000000223414,ALL
2026-08-16,전체,5,딜라이트 프로젝트,[8월올영픽]딜라이트 프로젝트 단백질쉐이크 45g 택1,https://www.oliveyoung.co.kr/store/goods/getGoodsDetail.do?goodsNo=A000000208162,https://image.oliveyoung.co.kr/cfimages/cf-goods/uploads/images/thumbnails/400/10/0000/0020/A00000020816269ko.jpg?l=ko,3900,3600,7.7,44821,4.8,90,7,3,0,0,0,1,0,1,A000000208162,ALL
2026-08-16,전체,6,VT,[깡나마켓특가][베일리pick/단독기획] VT 피디알엔 리들샷 아이 리프터 15ml 리필기획 (+리필 15ml),https://www.oliveyoung.co.kr/store/goods/getGoodsDetail.do?goodsNo=A000000260515,https://image.oliveyoung.co.kr/cfimages/cf-goods/uploads/images/thumbnails/400/10/0000/0026/A00000026051509ko.jpg?l=ko,42000,27900,33.6,2337,4.9,92,6,1,0,0,1,0,1,1,A000000260515,ALL
2026-08-16,전체,7,메디힐,[업그레이드 리뉴얼/단독기획] 메디힐 더마 패드 200매 대용량 기획 세트 7종 골라담기,https://www.oliveyoung.co.kr/store/goods/getGoodsDetail.do?goodsNo=A000000171427,https://image.oliveyoung.co.kr/cfimages/cf-goods/uploads/images/thumbnails/400/10/0000/0017/A000000171427227ko.png?l=ko,39900,28600,28.3,78631,4.8,85,10,3,1,1,1,1,1,1,A000000171427,ALL
2026-08-16,전체,8,웰라쥬,[8월올영픽] 웰라쥬 리얼 히알루로닉 블루 100 앰플 100ml 기획 (+60ml 리필+수딩크림 30ml),https://www.oliveyoung.co.kr/store/goods/getGoodsDetail.do?goodsNo=A000000261423,https://image.oliveyoung.co.kr/cfimages/cf-goods/uploads/images/thumbnails/400/10/0000/0026/A00000026142335ko.jpg?l=ko,50000,29500,41.0,18550,4.8,89,8,2,0,0,1,1,1,1,A000000261423,ALL
2026-08-16,전체,9,믹순,[-8.1도 즉각쿨링/슬러시젤크림] 믹순 히알레배 포어 워터풀 젤크림 60ML,https://www.oliveyoung.co.kr/store/goods/getGoodsDetail.do?goodsNo=A000000258214,https://image.oliveyoung.co.kr/cfimages/cf-goods/uploads/images/thumbnails/400/10/0000/0025/A00000025821408ko.jpg?l=ko,16900,11400,32.5,579,4.8,86,8,3,1,1,1,1,1,1,A000000258214,ALL
2026-08-16,전체,10,듀이트리,[모공진정/버블팩] 듀이트리 AC 딥 카밍 버블팩 100ml 기획 (+팩 브러쉬),https://www.oliveyoung.co.kr/store/goods/getGoodsDetail.do?goodsNo=A000000263876,https://image.oliveyoung.co.kr/cfimages/cf-goods/uploads/images/thumbnails/400/10/0000/0026/A00000026387602ko.jpg?l=ko,28000,22610,19.2,0,0.0,,,,,,1,1,0,1,A000000263876,ALL
2026-08-16,전체,11,셀라딕스,[리뷰이벤트/트러블1등] 셀라딕스 세범 리밸런싱 131 앰플 30ml 기획 (+미니언즈 키링) (미니언즈 콜라보),https://www.oliveyoung.co.kr/store/goods/getGoodsDetail.do?goodsNo=A000000260600,https://image.oliveyoung.co.kr/cfimages/cf-goods/uploads/images/thumbnails/400/10/0000/0026/A00000026060006ko.jpg?l=ko,28900,25400,12.1,204,4.8,87,7,4,0,0,1,1,0,1,A000000260600,ALL
2026-08-16,전체,12,비플레인,[8월올영픽/2천만돌파]비플레인 녹두 약산성 클렌징폼 160ml 더블 기획,https://www.oliveyoung.co.kr/store/goods/getGoodsDetail.do?goodsNo=A000000260522,https://image.oliveyoung.co.kr/cfimages/cf-goods/uploads/images/thumbnails/400/10/0000/0026/A00000026052209ko.jpg?l=ko,26000,23500,9.6,18678,4.9,89,8,2,0,0,1,1,0,1,A000000260522,ALL
2026-08-16,전체,13,바닐라코,[8월올영픽/1+1] 바닐라코 무드 온 라인 앤 블렌드 아이라이너 (펜슬/트임/애교살) 10colors,https://www.oliveyoung.co.kr/store/goods/getGoodsDetail.do?goodsNo=A000000226202,https://image.oliveyoung.co.kr/cfimages/cf-goods/uploads/images/thumbnails/400/10/0000/0022/A00000022620226ko.jpg?l=ko,12000,11500,4.2,4527,4.7,81,13,4,1,1,0,1,1,1,A000000226202,ALL
2026-08-16,전체,14,올더베러,[8월올영픽]올더베러 단백질 쉐이크 45g 6종 택1,https://www.oliveyoung.co.kr/store/goods/getGoodsDetail.do?goodsNo=A000000245884,https://image.oliveyoung.co.kr/cfimages/cf-goods/uploads/images/thumbnails/400/10/0000/0024/A00000024588422ko.jpg?l=ko,3900,3600,7.7,17535,4.8,87,8,3,1,1,0,1,0,1,A000000245884,ALL
2026-08-16,전체,15,프로티원,프로티원 단백질쉐이크 파우치형 40g 6종,https://www.oliveyoung.co.kr/store/goods/getGoodsDetail.do?goodsNo=A000000202771,https://image.oliveyoung.co.kr/cfimages/cf-goods/uploads/images/thumbnails/400/10/0000/0020/A000000202771194ko.jpg?l=ko,3900,3900,0.0,95910,4.8,86,9,4,1,1,0,0,0,1,A000000202771,ALL
2026-08-16,전체,16,헤트라스,[단독선런칭/8월 올영픽] 헤트라스 고체탈취제 300g 2개입 5종,https://www.oliveyoung.co.kr/store/goods/getGoodsDetail.do?goodsNo=A000000261733,https://image.oliveyoung.co.kr/cfimages/cf-goods/uploads/images/thumbnails/400/10/0000/0026/A00000026173309ko.png?l=ko,18800,18400,2.1,473,4.9,94,3,2,0,0,1,1,0,1,A000000261733,ALL
2026-08-16,전체,17,셀리맥스,[단독기획/모공탄력] 셀리맥스 더 비타 A 레티날 샷 타이트닝 부스터 15ml 기획(+3ml),https://www.oliveyoung.co.kr/store/goods/getGoodsDetail.do?goodsNo=A000000250199,https://image.oliveyoung.co.kr/cfimages/cf-goods/uploads/images/thumbnails/400/10/0000/0025/A00000025019931ko.png?l=ko,30000,23100,23.0,2682,4.8,85,10,3,1,1,1,0,0,1,A000000250199,ALL
2026-08-16,전체,18,우르오스,[베스트 올인원]우르오스 올인원 200ml 2종 택 1,https://www.oliveyoung.co.kr/store/goods/getGoodsDetail.do?goodsNo=A000000117541,https://image.oliveyoung.co.kr/cfimages/cf-goods/uploads/images/thumbnails/400/10/0000/0011/A00000011754150ko.jpg?l=ko,29700,23700,20.2,7828,4.8,87,10,2,0,0,1,0,0,1,A000000117541,ALL
2026-08-16,전체,19,라카,[올영PICK/1분픽싱] 라카 퍼펙트 트윈 립 4.7g+4.2g 10 colors,https://www.oliveyoung.co.kr/store/goods/getGoodsDetail.do?goodsNo=A000000255256,https://image.oliveyoung.co.kr/cfimages/cf-goods/uploads/images/thumbnails/400/10/0000/0025/A00000025525610ko.jpg?l=ko,22000,17300,21.4,3403,4.5,71,16,8,3,3,1,1,1,1,A000000255256,ALL
2026-08-16,전체,20,블랑네이처,[8월올영픽/여드름 기능성] 블랑네이처 아크네 클렌징 폼 기획/단품,https://www.oliveyoung.co.kr/store/goods/getGoodsDetail.do?goodsNo=A000000186409,https://image.oliveyoung.co.kr/cfimages/cf-goods/uploads/images/thumbnails/400/10/0000/0018/A00000018640946ko.jpg?l=ko,23800,18400,22.7,26444,4.9,96,2,1,0,0,1,1,0,1,A000000186409,ALL
2026-08-16,전체,21,쏘내추럴,[1위픽서] 쏘내추럴 올 데이 타이트 메이크업 세팅 픽서 120ml 더블기획 (120ml+120ml),https://www.oliveyoung.co.kr/store/goods/getGoodsDetail.do?goodsNo=A000000162114,https://image.oliveyoung.co.kr/cfimages/cf-goods/uploads/images/thumbnails/400/10/0000/0016/A00000016211443ko.jpg?l=ko,42000,31900,24.0,52965,4.8,84,12,4,1,0,1,1,0,1,A000000162114,ALL
2026-08-16,전체,22,토리든,[NEW/1등수분세럼] 토리든 다이브인 저분자 히알루론산 세럼 50ml 리필 기획(+리필 50ml),https://www.oliveyoung.co.kr/store/goods/getGoodsDetail.do?goodsNo=A000000258291,https://image.oliveyoung.co.kr/cfimages/cf-goods/uploads/images/thumbnails/400/10/0000/0025/A00000025829125ko.jpg?l=ko,36000,27000,25.0,5228,4.9,90,7,2,0,0,1,0,0,1,A000000258291,ALL
2026-08-16,전체,23,쓰리와우,[우진&지연픽/정수리선케어] 쓰리와우 스칼프 선 파우더 2종 (노세범/헤어라인커버),https://www.oliveyoung.co.kr/store/goods/getGoodsDetail.do?goodsNo=A000000261795,https://image.oliveyoung.co.kr/cfimages/cf-goods/uploads/images/thumbnails/400/10/0000/0026/A00000026179511ko.jpg?l=ko,20000,12000,40.0,36,4.9,94,3,3,,,1,1,1,1,A000000261795,ALL
2026-08-16,전체,24,릴리이브,[대용량/브러쉬원조] 릴리이브 그로우턴 엑소좀 브러쉬 앰플 기획 2종,https://www.oliveyoung.co.kr/store/goods/getGoodsDetail.do?goodsNo=A000000218845,https://image.oliveyoung.co.kr/cfimages/cf-goods/uploads/images/thumbnails/400/10/0000/0021/A00000021884565ko.jpg?l=ko,34800,33800,2.9,12999,4.8,87,9,3,1,1,1,0,0,1,A000000218845,ALL
2026-08-16,전체,25,메디힐,[15년연속 1위] 메디힐 에센셜 마스크팩 1매 고기능 7종 골라담기,https://www.oliveyoung.co.kr/store/goods/getGoodsDetail.do?goodsNo=A000000217620,https://image.oliveyoung.co.kr/cfimages/cf-goods/uploads/images/thumbnails/400/10/0000/0021/A00000021762059ko.png?l=ko,2000,1000,50.0,519364,4.9,89,8,2,0,0,1,0,1,1,A000000217620,ALL
2026-08-16,전체,26,브링그린,[8월올영픽/3일진정세럼]브링그린 징크테카 트러블 세럼 대용량 기획,https://www.oliveyoung.co.kr/store/goods/getGoodsDetail.do?goodsNo=A000000200646,https://image.oliveyoung.co.kr/cfimages/cf-goods/uploads/images/thumbnails/400/10/0000/0020/A000000200646139ko.jpg?l=ko,56100,28300,49.6,22855,4.7,82,11,4,1,1,1,1,1,1,A000000200646,ALL
2026-08-16,전체,27,이옴,[8월올영픽/최예나PICK] 이옴 트러블 패치 마스크 3매,https://www.oliveyoung.co.kr/store/goods/getGoodsDetail.do?goodsNo=A000000248829,https://image.oliveyoung.co.kr/cfimages/cf-goods/uploads/images/thumbnails/400/10/0000/0024/A00000024882926ko.jpg?l=ko,21000,13500,35.7,6351,4.7,81,10,6,2,1,1,1,0,1,A000000248829,ALL
2026-08-16,전체,28,홀리카홀리카,[NEW젤테일] 홀리카홀리카 마이페이브 피스 아이섀도우/젤테일/피스 빔/피스 밤,https://www.oliveyoung.co.kr/store/goods/getGoodsDetail.do?goodsNo=A000000174309,https://image.oliveyoung.co.kr/cfimages/cf-goods/uploads/images/thumbnails/400/10/0000/0017/A00000017430960ko.jpg?l=ko,6000,4900,18.3,203334,4.8,85,11,3,0,0,1,0,1,1,A000000174309,ALL
2026-08-16,전체,29,에스트라,[올영 어워즈 1등 크림] 에스트라 아토베리어365 크림 80ml,https://www.oliveyoung.co.kr/store/goods/getGoodsDetail.do?goodsNo=A000000198320,https://image.oliveyoung.co.kr/cfimages/cf-goods/uploads/images/thumbnails/400/10/0000/0019/A00000019832009ko.jpg?l=ko,33000,33000,0.0,7364,4.8,89,7,2,1,1,0,0,0,1,A000000198320,ALL
2026-08-16,전체,30,낫포유,[쿨링케어/Y존케어] 낫포유 3 WAY 멀티 유즈 여성 청결제 150ml 기획 (+30ml 미스트 증정),https://www.oliveyoung.co.kr/store/goods/getGoodsDetail.do?goodsNo=A000000256829,https://image.oliveyoung.co.kr/cfimages/cf-goods/uploads/images/thumbnails/400/10/0000/0025/A00000025682910ko.jpg?l=ko,20900,9900,52.6,237,4.9,93,6,0,,0,1,1,0,1,A000000256829,ALL
2026-08-16,전체,31,동아제약,[8월올영픽/단독기획] 동아제약 색소침착 프로 크림제 40ml 더블 기획 (+40ml),https://www.oliveyoung.co.kr/store/goods/getGoodsDetail.do?goodsNo=A000000261235,https://image.oliveyoung.co.kr/cfimages/cf-goods/uploads/images/thumbnails/400/10/0000/0026/A00000026123503ko.jpg?l=ko,58500,38500,34.2,5008,4.9,94,3,2,0,0,1,1,1,1,A000000261235,ALL
2026-08-16,전체,32,스킨푸드,[1+1/한정기획] 스킨푸드 캐롯 카로틴 카밍 워터 패드 60매 더블기획 (+PDRN 패드 2매*3),https://www.oliveyoung.co.kr/store/goods/getGoodsDetail.do?goodsNo=A000000255585,https://image.oliveyoung.co.kr/cfimages/cf-goods/uploads/images/thumbnails/400/10/0000/0025/A00000025558508ko.jpg?l=ko,42000,25900,38.3,104969,4.8,89,8,2,0,1,1,1,1,1,A000000255585,ALL
2026-08-16,전체,33,메이크프렘,[박지훈PICK/리필기획] 메이크프렘 세이프 미 릴리프 모이스처 클렌징밀크 기획 (200ml+100ml 리필),https://www.oliveyoung.co.kr/store/goods/getGoodsDetail.do?goodsNo=A000000158513,https://image.oliveyoung.co.kr/cfimages/cf-goods/uploads/images/thumbnails/400/10/0000/0015/A00000015851331ko.jpg?l=ko,28000,21000,25.0,14556,4.8,89,9,2,0,0,1,0,1,1,A000000158513,ALL
2026-08-16,전체,34,메디힐,"[단독기획] 메디힐 콜라겐 캡슐 패치 60+60매 더블 기획 2종 (레티놀, 비타민C)",https://www.oliveyoung.co.kr/store/goods/getGoodsDetail.do?goodsNo=A000000233470,https://image.oliveyoung.co.kr/cfimages/cf-goods/uploads/images/thumbnails/400/10/0000/0023/A00000023347020ko.png?l=ko,45000,26400,41.3,6640,4.7,81,12,5,1,1,1,0,1,1,A000000233470,ALL
2026-08-16,전체,35,코링코,[1등 속눈썹/또렷눈매] 코링코 톡톡하라 노글루 속눈썹 15종 택1,https://www.oliveyoung.co.kr/store/goods/getGoodsDetail.do?goodsNo=A000000213569,https://image.oliveyoung.co.kr/cfimages/cf-goods/uploads/images/thumbnails/400/10/0000/0021/A00000021356928ko.jpg?l=ko,22000,14900,32.3,18874,4.8,84,11,4,1,1,1,0,0,1,A000000213569,ALL
2026-08-16,전체,36,쏘피,[8월올영픽]쏘피 쿨링프레쉬 생리대 19종 택 1 (패드/안심숙면팬티/라이너/번들),https://www.oliveyoung.co.kr/store/goods/getGoodsDetail.do?goodsNo=A000000223283,https://image.oliveyoung.co.kr/cfimages/cf-goods/uploads/images/thumbnails/400/10/0000/0022/A00000022328377ko.jpg?l=ko,6400,2790,56.4,53859,4.8,87,8,3,1,1,1,1,1,1,A000000223283,ALL
2026-08-16,전체,37,동아제약,[8월올영픽/단독기획] 동아제약 아크네 프로 크림제 30ml 기획(+3ml+겔제3ml),https://www.oliveyoung.co.kr/store/goods/getGoodsDetail.do?goodsNo=A000000255729,https://image.oliveyoung.co.kr/cfimages/cf-goods/uploads/images/thumbnails/400/10/0000/0025/A00000025572913ko.jpg?l=ko,35000,22300,36.3,3387,4.9,96,2,2,0,0,1,1,1,1,A000000255729,ALL
2026-08-16,전체,38,코스노리,[8월올영픽] 코스노리 이지 브로우 체인저 5회분 (톤 체인저 / 무드 체인저),https://www.oliveyoung.co.kr/store/goods/getGoodsDetail.do?goodsNo=A000000226517,https://image.oliveyoung.co.kr/cfimages/cf-goods/uploads/images/thumbnails/400/10/0000/0022/A00000022651744ko.jpg?l=ko,26000,20500,21.2,5228,4.7,83,11,4,1,1,1,1,1,1,A000000226517,ALL
2026-08-16,전체,39,셀리맥스,"[흔적,기미,미백/TXA] 셀리맥스 트라넥삼산 잡티 크림 35ml 기획 (+14ml)",https://www.oliveyoung.co.kr/store/goods/getGoodsDetail.do?goodsNo=A000000253592,https://image.oliveyoung.co.kr/cfimages/cf-goods/uploads/images/thumbnails/400/10/0000/0025/A00000025359206ko.png?l=ko,35000,22900,34.6,1672,4.9,92,5,2,0,0,1,0,0,1,A000000253592,ALL
2026-08-16,전체,40,페리페라,페리페라 스피디 스키니 브로우 8 Colors,https://www.oliveyoung.co.kr/store/goods/getGoodsDetail.do?goodsNo=A000000138671,https://image.oliveyoung.co.kr/cfimages/cf-goods/uploads/images/thumbnails/400/10/0000/0013/A00000013867158ko.jpg?l=ko,6000,5500,8.3,100047,4.8,86,11,3,0,0,1,1,1,1,A000000138671,ALL
2026-08-16,전체,41,프롬랩스,[8월올영픽/한정기획] 프롬랩스 단백질 흡착 트리트먼트 200ml 더블기획 (1회 만에 손상모 개선),https://www.oliveyoung.co.kr/store/goods/getGoodsDetail.do?goodsNo=A000000239676,https://image.oliveyoung.co.kr/cfimages/cf-goods/uploads/images/thumbnails/400/10/0000/0023/A00000023967625ko.png?l=ko,37500,29500,21.3,2633,4.9,92,5,2,0,0,1,0,1,1,A000000239676,ALL
2026-08-16,전체,42,비디비치,[쿠션리필+블러시 증정] 비디비치 블랙 퍼펙션 커버 핏 쿠션 기획,https://www.oliveyoung.co.kr/store/goods/getGoodsDetail.do?goodsNo=A000000233171,https://image.oliveyoung.co.kr/cfimages/cf-goods/uploads/images/thumbnails/400/10/0000/0023/A00000023317133ko.jpg?l=ko,46000,36800,20.0,8383,4.7,83,11,4,1,1,0,1,1,1,A000000233171,ALL
2026-08-16,전체,43,토니모리,[틴트리무버 소진 완료/8월올영픽] 토니모리 퍼펙트 립스 쇼킹 립,https://www.oliveyoung.co.kr/store/goods/getGoodsDetail.do?goodsNo=A000000205485,https://image.oliveyoung.co.kr/cfimages/cf-goods/uploads/images/thumbnails/400/10/0000/0020/A000000205485158ko.jpg?l=ko,15000,9900,34.0,63512,4.8,88,8,3,1,1,1,1,1,1,A000000205485,ALL
2026-08-16,전체,44,프로뉴트리션,[8월 올영픽/한선화 PICK] 프로뉴트리션 듀얼플랜 다이어트 유산균 14포,https://www.oliveyoung.co.kr/store/goods/getGoodsDetail.do?goodsNo=A000000205496,https://image.oliveyoung.co.kr/cfimages/cf-goods/uploads/images/thumbnails/400/10/0000/0020/A00000020549616ko.jpg?l=ko,39800,29900,24.9,319,4.5,74,9,13,3,2,1,1,0,1,A000000205496,ALL
2026-08-16,전체,45,메노킨,[1위 원조 버블팩] 메노킨 30초 퀵 버블 마스크 6종 택1(+팩브러쉬 증정),https://www.oliveyoung.co.kr/store/goods/getGoodsDetail.do?goodsNo=A000000234422,https://image.oliveyoung.co.kr/cfimages/cf-goods/uploads/images/thumbnails/400/10/0000/0023/A00000023442247ko.jpg?l=ko,28500,25300,11.2,24441,4.8,87,7,3,1,1,1,0,1,1,A000000234422,ALL
2026-08-16,전체,46,바이오더마,바이오더마 센시비오 H2O 850ml(클렌징워터),https://www.oliveyoung.co.kr/store/goods/getGoodsDetail.do?goodsNo=A000000130319,https://image.oliveyoung.co.kr/cfimages/cf-goods/uploads/images/thumbnails/400/10/0000/0013/A00000013031984ko.jpg?l=ko,37500,25900,30.9,53471,4.9,91,7,1,0,0,1,0,0,1,A000000130319,ALL
2026-08-16,전체,47,라곰,[유트루PICK/수분민감] 라곰 셀럽 마이크로 폼 클렌저 120mL x 2 단품/기획 택 1,https://www.oliveyoung.co.kr/store/goods/getGoodsDetail.do?goodsNo=A000000230821,https://image.oliveyoung.co.kr/cfimages/cf-goods/uploads/images/thumbnails/400/10/0000/0023/A00000023082155ko.jpg?l=ko,29000,23300,19.7,22552,4.8,88,9,3,0,0,1,1,1,1,A000000230821,ALL
2026-08-16,전체,48,정샘물,[윤광쿠션] 정샘물 에센셜 스킨 누더 쿠션/본품+리필,https://www.oliveyoung.co.kr/store/goods/getGoodsDetail.do?goodsNo=A000000139063,https://image.oliveyoung.co.kr/cfimages/cf-goods/uploads/images/thumbnails/400/10/0000/0013/A000000139063169ko.jpg?l=ko,48000,40800,15.0,38516,4.7,81,13,4,1,1,1,0,0,1,A000000139063,ALL
2026-08-16,전체,49,에스네이처,[1등 모공수분천재크림] 에스네이처 아쿠아 스쿠알란 수분크림 60ml 기획(60ml+30ml),https://www.oliveyoung.co.kr/store/goods/getGoodsDetail.do?goodsNo=A000000156230,https://image.oliveyoung.co.kr/cfimages/cf-goods/uploads/images/thumbnails/400/10/0000/0015/A000000156230102ko.png?l=ko,28000,18900,32.5,21950,4.8,84,11,4,1,1,1,0,0,1,A000000156230,ALL
2026-08-16,전체,50,아누아,[수지세럼] 아누아 피디알엔 히알루론산 캡슐 100 세럼 30mL 기획 (+30mL 리필팩),https://www.oliveyoung.co.kr/store/goods/getGoodsDetail.do?goodsNo=A000000222698,https://image.oliveyoung.co.kr/cfimages/cf-goods/uploads/images/thumbnails/400/10/0000/0022/A00000022269818ko.png?l=ko,58500,27500,53.0,13036,4.8,86,9,3,1,1,1,0,0,1,A000000222698,ALL
2026-08-16,전체,51,에이프릴스킨,[리뉴얼/철벽커버] 에이프릴스킨 히어로쿠션 2.0 (본품+리필),https://www.oliveyoung.co.kr/store/goods/getGoodsDetail.do?goodsNo=A000000259872,https://image.oliveyoung.co.kr/cfimages/cf-goods/uploads/images/thumbnails/400/10/0000/0025/A00000025987261ko.png?l=ko,33000,24100,27.0,449,4.7,84,9,4,1,2,1,0,0,1,A000000259872,ALL
2026-08-16,전체,52,스튜디오17,[NEW/SNS입소문템/5분홈스파] 스튜디오17 소프트 스크럽 샤워 글로브 2종 택1,https://www.oliveyoung.co.kr/store/goods/getGoodsDetail.do?goodsNo=A000000261661,https://image.oliveyoung.co.kr/cfimages/cf-goods/uploads/images/thumbnails/400/10/0000/0026/A00000026166103ko.jpg?l=ko,19000,12900,32.1,237,4.7,82,10,6,0,2,1,1,1,1,A000000261661,ALL
2026-08-16,전체,53,셀리맥스,셀리맥스 더 비타 A 레티날 샷 타이트닝 듀얼 크림 50ml,https://www.oliveyoung.co.kr/store/goods/getGoodsDetail.do?goodsNo=A000000261065,https://image.oliveyoung.co.kr/cfimages/cf-goods/uploads/images/thumbnails/400/10/0000/0026/A00000026106502ko.png?l=ko,37000,29600,20.0,21,4.7,91,,,9,,1,0,0,1,A000000261065,ALL
2026-08-16,전체,54,바닐라코,[8월올영픽/1등 파우더] 바닐라코 프라임 프라이머 피니쉬 파우더 12g,https://www.oliveyoung.co.kr/store/goods/getGoodsDetail.do?goodsNo=A000000253093,https://image.oliveyoung.co.kr/cfimages/cf-goods/uploads/images/thumbnails/400/10/0000/0025/A00000025309317ko.jpg?l=ko,22000,14630,33.5,45953,4.8,86,10,3,0,0,1,1,1,1,A000000253093,ALL
2026-08-16,전체,55,넘버즈인,[8월올영픽/10매] 넘버즈인 마스크팩 10매 기획 2종 중 택 1 (1번/4번),https://www.oliveyoung.co.kr/store/goods/getGoodsDetail.do?goodsNo=A000000205979,https://image.oliveyoung.co.kr/cfimages/cf-goods/uploads/images/thumbnails/400/10/0000/0020/A00000020597956ko.jpg?l=ko,40000,16900,57.8,154073,4.8,88,8,3,1,0,1,1,0,1,A000000205979,ALL
2026-08-16,전체,56,디어달리아,[8월올영픽/필터블러쉬] 디어달리아 페탈 쉬어 베일 블러쉬 (+브러쉬 증정),https://www.oliveyoung.co.kr/store/goods/getGoodsDetail.do?goodsNo=A000000262621,https://image.oliveyoung.co.kr/cfimages/cf-goods/uploads/images/thumbnails/400/10/0000/0026/A00000026262106ko.jpg?l=ko,25000,19800,20.8,145,4.7,81,14,1,2,2,1,1,0,1,A000000262621,ALL
2026-08-16,전체,57,넘버즈인,[8월올영픽/24시간파우더] 넘버즈인 1번 판토텐산 스킨케어100 블러파우더 기획 (+퍼프 1개),https://www.oliveyoung.co.kr/store/goods/getGoodsDetail.do?goodsNo=A000000231822,https://image.oliveyoung.co.kr/cfimages/cf-goods/uploads/images/thumbnails/400/10/0000/0023/A00000023182220ko.jpg?l=ko,22000,13200,40.0,15703,4.8,85,11,3,1,1,1,1,0,1,A000000231822,ALL
2026-08-16,전체,58,구달,[1등 선크림/화잘먹] 구달 맑은 어성초 진정 수분 선크림 50ml 1+1 기획,https://www.oliveyoung.co.kr/store/goods/getGoodsDetail.do?goodsNo=A000000219553,https://image.oliveyoung.co.kr/cfimages/cf-goods/uploads/images/thumbnails/400/10/0000/0021/A00000021955352ko.jpg?l=ko,22000,17900,18.6,44944,4.9,90,8,2,0,0,1,1,0,1,A000000219553,ALL
2026-08-16,전체,59,메디힐,[양현종 PICK] 메디힐 마데카소사이드 수분 선세럼 흔적 리페어 50+50g 기획,https://www.oliveyoung.co.kr/store/goods/getGoodsDetail.do?goodsNo=A000000232672,https://image.oliveyoung.co.kr/cfimages/cf-goods/uploads/images/thumbnails/400/10/0000/0023/A00000023267248ko.jpg?l=ko,34900,22400,35.8,14801,4.9,90,8,1,0,0,1,1,1,1,A000000232672,ALL
2026-08-16,전체,60,토르홉,[온열소금팩/화잘먹] 토르홉 사우난지앙 솔트마스크 90+7g 미니 기획,https://www.oliveyoung.co.kr/store/goods/getGoodsDetail.do?goodsNo=A000000202947,https://image.oliveyoung.co.kr/cfimages/cf-goods/uploads/images/thumbnails/400/10/0000/0020/A00000020294761ko.png?l=ko,31500,24510,22.2,8078,4.7,80,13,5,1,1,1,1,0,1,A000000202947,ALL
2026-08-16,전체,61,AHC,[이사배PICK]AHC 마스터즈 아쿠아리치 선크림 50ml 1+1 기획,https://www.oliveyoung.co.kr/store/goods/getGoodsDetail.do?goodsNo=A000000223207,https://image.oliveyoung.co.kr/cfimages/cf-goods/uploads/images/thumbnails/400/10/0000/0022/A00000022320751ko.jpg?l=ko,27900,22900,17.9,9721,4.8,88,8,2,0,0,1,1,0,1,A000000223207,ALL
2026-08-16,전체,62,이니스프리,[크림10ml추가/1+1] 이니스프리 레티놀 시카 모공 흔적 앰플 30ml 리필기획(+30ml 리필),https://www.oliveyoung.co.kr/store/goods/getGoodsDetail.do?goodsNo=A000000258877,https://image.oliveyoung.co.kr/cfimages/cf-goods/uploads/images/thumbnails/400/10/0000/0025/A00000025887736ko.jpg?l=ko,48000,29200,39.2,3399,4.9,95,4,1,0,0,1,0,1,1,A000000258877,ALL
2026-08-16,전체,63,아비브,아비브 어성초 흔적 에센스 패드 클리어터치 70매 리필기획 (+70매 리필),https://www.oliveyoung.co.kr/store/goods/getGoodsDetail.do?goodsNo=A000000219555,https://image.oliveyoung.co.kr/cfimages/cf-goods/uploads/images/thumbnails/400/10/0000/0021/A00000021955580ko.png?l=ko,40000,28000,30.0,27989,4.8,87,9,3,1,1,1,0,0,1,A000000219555,ALL
2026-08-16,전체,64,얼터너티브스테레오,[NEW딸기연유립/단독선런칭] 얼터너티브스테레오 립 포션 카라멜 글레이즈 8ml,https://www.oliveyoung.co.kr/store/goods/getGoodsDetail.do?goodsNo=A000000234394,https://image.oliveyoung.co.kr/cfimages/cf-goods/uploads/images/thumbnails/400/10/0000/0023/A000000234394102ko.jpeg?l=ko,19000,17100,10.0,32489,4.8,86,10,3,1,0,1,0,1,1,A000000234394,ALL
2026-08-16,전체,65,키스미,[마지막수량/8월 올영픽 1+1기획] 키스미 스무스 리퀴드 아이라이너 N (3 color) (단품/기획),https://www.oliveyoung.co.kr/store/goods/getGoodsDetail.do?goodsNo=A000000185974,https://image.oliveyoung.co.kr/cfimages/cf-goods/uploads/images/thumbnails/400/10/0000/0018/A00000018597485ko.jpg?l=ko,18000,17200,4.4,50039,4.8,87,10,3,0,0,1,1,1,1,A000000185974,ALL
2026-08-16,전체,66,3CE,[8월올영픽/10일특가/물놀이틴트] 3CE 레이지 팝 립 스테인 4.5g 11종,https://www.oliveyoung.co.kr/store/goods/getGoodsDetail.do?goodsNo=A000000207056,https://image.oliveyoung.co.kr/cfimages/cf-goods/uploads/images/thumbnails/400/10/0000/0020/A00000020705656ko.jpg?l=ko,19000,13900,26.8,5186,4.7,81,11,5,1,1,1,1,1,1,A000000207056,ALL
2026-08-16,전체,67,풀리,[단독기획/피지지우개] 풀리 멜팅크림 투오일 50ml 기획 (+쌀반죽폼 증정),https://www.oliveyoung.co.kr/store/goods/getGoodsDetail.do?goodsNo=A000000261788,https://image.oliveyoung.co.kr/cfimages/cf-goods/uploads/images/thumbnails/400/10/0000/0026/A00000026178810ko.jpg?l=ko,17800,17300,2.8,237,4.6,83,8,3,2,4,1,1,0,1,A000000261788,ALL
2026-08-16,전체,68,라보에이치,[4년연속1위] NEW라보에이치 두피강화샴푸 750ML+100ML[탈모증상완화],https://www.oliveyoung.co.kr/store/goods/getGoodsDetail.do?goodsNo=A000000149501,https://image.oliveyoung.co.kr/cfimages/cf-goods/uploads/images/thumbnails/400/10/0000/0014/A00000014950188ko.jpg?l=ko,36000,25900,28.1,25382,4.8,84,12,3,0,1,1,1,0,1,A000000149501,ALL
2026-08-16,전체,69,라운드랩,[더블/4년연속1등] 라운드랩 자작나무 수분 선크림 50ml 더블 기획,https://www.oliveyoung.co.kr/store/goods/getGoodsDetail.do?goodsNo=A000000171650,https://image.oliveyoung.co.kr/cfimages/cf-goods/uploads/images/thumbnails/400/10/0000/0017/A00000017165043ko.jpg?l=ko,37500,24500,34.7,23262,4.8,87,10,2,0,0,1,0,0,1,A000000171650,ALL
2026-08-16,전체,70,홀리카홀리카,[NEW한정기획] 홀리카홀리카 마이페이브 무드 아이 팔레트,https://www.oliveyoung.co.kr/store/goods/getGoodsDetail.do?goodsNo=A000000150361,https://image.oliveyoung.co.kr/cfimages/cf-goods/uploads/images/thumbnails/400/10/0000/0015/A00000015036190ko.jpg?l=ko,28000,21400,23.6,35972,4.8,84,12,3,1,0,1,0,0,1,A000000150361,ALL
2026-08-16,전체,71,마녀공장,[블랙헤드1등] 마녀공장 퓨어 소이빈 클렌징오일 200ml 2입 기획,https://www.oliveyoung.co.kr/store/goods/getGoodsDetail.do?goodsNo=A000000253617,https://image.oliveyoung.co.kr/cfimages/cf-goods/uploads/images/thumbnails/400/10/0000/0025/A00000025361752ko.jpg?l=ko,37000,25900,30.0,55713,4.8,86,10,3,0,0,1,0,1,1,A000000253617,ALL
2026-08-16,전체,72,메디힐,[8+1매 단독기획] 메디힐 하이퍼 겔마스크 4종 (콜라겐/PDRN/마데카소사이드/히알루론산),https://www.oliveyoung.co.kr/store/goods/getGoodsDetail.do?goodsNo=A000000239102,https://image.oliveyoung.co.kr/cfimages/cf-goods/uploads/images/thumbnails/400/10/0000/0023/A00000023910258ko.jpg?l=ko,36000,25200,30.0,49201,4.8,87,9,2,0,0,1,0,1,1,A000000239102,ALL
2026-08-16,전체,73,닥터지,[화잘먹/저자극] 닥터지 브라이트닝 필링젤 기획 (120+60+세럼2ml),https://www.oliveyoung.co.kr/store/goods/getGoodsDetail.do?goodsNo=A000000162279,https://image.oliveyoung.co.kr/cfimages/cf-goods/uploads/images/thumbnails/400/10/0000/0016/A00000016227944ko.jpg?l=ko,21000,16500,21.4,44536,4.8,83,13,3,0,0,1,1,0,1,A000000162279,ALL
2026-08-16,전체,74,바닐라코,[블랙헤드/1등 클렌징밤] 바닐라코 클린잇제로 클렌징밤 100ml 2종 택1,https://www.oliveyoung.co.kr/store/goods/getGoodsDetail.do?goodsNo=A000000231950,https://image.oliveyoung.co.kr/cfimages/cf-goods/uploads/images/thumbnails/400/10/0000/0023/A00000023195059ko.jpg?l=ko,20000,15100,24.5,24866,4.9,91,7,2,0,0,1,1,1,1,A000000231950,ALL
2026-08-16,전체,75,투쿨포스쿨,투쿨포스쿨 스머징 트임 라이너,https://www.oliveyoung.co.kr/store/goods/getGoodsDetail.do?goodsNo=A000000199182,https://image.oliveyoung.co.kr/cfimages/cf-goods/uploads/images/thumbnails/400/10/0000/0019/A00000019918223ko.jpeg?l=ko,12000,9600,20.0,49631,4.7,82,13,4,1,1,1,0,0,1,A000000199182,ALL
2026-08-16,전체,76,닥터지,[수분진정/세럼증정] 닥터지 레드블레미쉬 클리어 수딩크림 EX 70ml기획 (+30ml+세럼10ml*2ea),https://www.oliveyoung.co.kr/store/goods/getGoodsDetail.do?goodsNo=A000000255752,https://image.oliveyoung.co.kr/cfimages/cf-goods/uploads/images/thumbnails/400/10/0000/0025/A00000025575219ko.jpg?l=ko,38000,28500,25.0,3202,5.0,97,2,1,0,0,0,1,0,1,A000000255752,ALL
2026-08-16,전체,77,어바웃톤,[8월 올영픽/여름필수파데] 어바웃톤 스킨 레이어 핏 파운데이션 30ml 8종 (기획/단품),https://www.oliveyoung.co.kr/store/goods/getGoodsDetail.do?goodsNo=A000000211936,https://image.oliveyoung.co.kr/cfimages/cf-goods/uploads/images/thumbnails/400/10/0000/0021/A00000021193640ko.jpg?l=ko,28000,20600,26.4,12280,4.7,79,14,5,1,1,1,1,1,1,A000000211936,ALL
2026-08-16,전체,78,딜라이트 프로젝트,[8월올영픽]딜라이트 프로젝트 베이글칩 택1,https://www.oliveyoung.co.kr/store/goods/getGoodsDetail.do?goodsNo=A000000147779,https://image.oliveyoung.co.kr/cfimages/cf-goods/uploads/images/thumbnails/400/10/0000/0014/A00000014777965ko.jpg?l=ko,2700,2430,10.0,233699,4.9,90,7,3,0,0,0,1,0,1,A000000147779,ALL
2026-08-16,전체,79,토리든,[NEW] 토리든 다이브인 저분자 히알루론산 토너 300ml 기획 (+100ml),https://www.oliveyoung.co.kr/store/goods/getGoodsDetail.do?goodsNo=A000000258293,https://image.oliveyoung.co.kr/cfimages/cf-goods/uploads/images/thumbnails/400/10/0000/0025/A00000025829305ko.jpg?l=ko,21000,15700,25.2,128,4.8,88,8,3,,1,1,0,0,1,A000000258293,ALL
2026-08-16,전체,80,쏘내추럴,[8월 올영픽/한정기획] 쏘내추럴 올 데이 블러 메이크업 세팅 픽서 (+블러프렙10ml 증정) 기획/단품,https://www.oliveyoung.co.kr/store/goods/getGoodsDetail.do?goodsNo=A000000226481,https://image.oliveyoung.co.kr/cfimages/cf-goods/uploads/images/thumbnails/400/10/0000/0022/A00000022648118ko.jpg?l=ko,25000,19000,24.0,4026,4.8,83,12,4,1,0,1,1,0,1,A000000226481,ALL
2026-08-16,전체,81,헤라,[프리미엄 1위] 헤라 블랙 쿠션 파운데이션 기획 (15g+15g) 9 Colors,https://www.oliveyoung.co.kr/store/goods/getGoodsDetail.do?goodsNo=A000000202777,https://image.oliveyoung.co.kr/cfimages/cf-goods/uploads/images/thumbnails/400/10/0000/0020/A00000020277793ko.jpg?l=ko,74000,66600,10.0,17401,4.8,85,11,3,1,1,0,1,0,1,A000000202777,ALL
2026-08-16,전체,82,케어플러스,[8년 연속 1등] 케어플러스 상처 커버 스팟 패치 324매 /102매,https://www.oliveyoung.co.kr/store/goods/getGoodsDetail.do?goodsNo=A000000222776,https://image.oliveyoung.co.kr/cfimages/cf-goods/uploads/images/thumbnails/400/10/0000/0022/A00000022277605ko.jpg?l=ko,6300,5900,6.3,45770,4.9,92,6,1,0,0,1,0,0,1,A000000222776,ALL
2026-08-16,전체,83,프레비츠,[NEW톤업보송] 프레비츠 에어핏 선스틱 14g 6종 택1,https://www.oliveyoung.co.kr/store/goods/getGoodsDetail.do?goodsNo=A000000254263,https://image.oliveyoung.co.kr/cfimages/cf-goods/uploads/images/thumbnails/400/10/0000/0025/A00000025426330ko.jpg?l=ko,21500,17580,18.2,5354,5.0,99,1,0,0,0,0,1,0,1,A000000254263,ALL
2026-08-16,전체,84,스킨앤랩,[올영단독/속보습케어] 스킨앤랩 베리어덤 링거 앰플70ml(+70ml) 더블기획,https://www.oliveyoung.co.kr/store/goods/getGoodsDetail.do?goodsNo=A000000213267,https://image.oliveyoung.co.kr/cfimages/cf-goods/uploads/images/thumbnails/400/10/0000/0021/A00000021326725ko.jpg?l=ko,40000,40000,0.0,13062,5.0,97,3,0,0,0,0,0,0,1,A000000213267,ALL
2026-08-16,전체,85,플라이밀,플라이밀 단백질쉐이크 45g 12종 택 1,https://www.oliveyoung.co.kr/store/goods/getGoodsDetail.do?goodsNo=A000000190168,https://image.oliveyoung.co.kr/cfimages/cf-goods/uploads/images/thumbnails/400/10/0000/0019/A00000019016820ko.jpg?l=ko,3900,3900,0.0,107639,4.8,86,9,3,1,1,0,0,0,1,A000000190168,ALL
2026-08-16,전체,86,넘버즈인,[8월올영픽/트러블진정세럼] 넘버즈인 1번 판토텐산 액티브업 수딩세럼 50ml 리필기획 (50ml+50ml),https://www.oliveyoung.co.kr/store/goods/getGoodsDetail.do?goodsNo=A000000207225,https://image.oliveyoung.co.kr/cfimages/cf-goods/uploads/images/thumbnails/400/10/0000/0020/A00000020722538ko.jpg?l=ko,38000,22900,39.7,16199,4.7,83,12,4,1,1,1,1,0,1,A000000207225,ALL
2026-08-16,전체,87,일소,[짱구 콜라보] 일소 슈퍼 멜팅 세범 소프트너 150ml 기획 (+스티커2종+제거기+솜40매),https://www.oliveyoung.co.kr/store/goods/getGoodsDetail.do?goodsNo=A000000258917,https://image.oliveyoung.co.kr/cfimages/cf-goods/uploads/images/thumbnails/400/10/0000/0025/A00000025891713ko.jpg?l=ko,26000,18900,27.3,15715,4.8,86,10,3,1,0,1,0,0,1,A000000258917,ALL
2026-08-16,전체,88,메디힐,[업그레이드 리뉴얼/87관왕 No.1] 메디힐 더마 토너패드 100매 7종 피부 고민별 골라담기,https://www.oliveyoung.co.kr/store/goods/getGoodsDetail.do?goodsNo=A000000171426,https://image.oliveyoung.co.kr/cfimages/cf-goods/uploads/images/thumbnails/400/10/0000/0017/A000000171426106ko.png?l=ko,26000,17900,31.2,82923,4.8,86,10,3,1,1,1,0,1,1,A000000171426,ALL
2026-08-16,전체,89,클리오,클리오 킬 커버 파운웨어 쿠션,https://www.oliveyoung.co.kr/store/goods/getGoodsDetail.do?goodsNo=A000000232098,https://image.oliveyoung.co.kr/cfimages/cf-goods/uploads/images/thumbnails/400/10/0000/0023/A00000023209852ko.jpg?l=ko,36000,27000,25.0,12864,4.7,82,11,4,1,1,0,1,0,1,A000000232098,ALL
2026-08-16,전체,90,라로슈포제,[손상장벽집중케어] 라로슈포제 시카플라스트 밤 B5+ 100ml 기획 (+3ml 추가증정),https://www.oliveyoung.co.kr/store/goods/getGoodsDetail.do?goodsNo=A000000206904,https://image.oliveyoung.co.kr/cfimages/cf-goods/uploads/images/thumbnails/400/10/0000/0020/A00000020690409ko.jpg?l=ko,41000,41000,0.0,26774,4.8,86,10,3,1,1,0,0,0,1,A000000206904,ALL
2026-08-16,전체,91,달바,[생기톤업/스웨트프루프] 달바 핑크 톤업 선크림 듀오 기획 (50ml+50ml),https://www.oliveyoung.co.kr/store/goods/getGoodsDetail.do?goodsNo=A000000232725,https://image.oliveyoung.co.kr/cfimages/cf-goods/uploads/images/thumbnails/400/10/0000/0023/A00000023272527ko.png?l=ko,51000,34900,31.6,12285,4.8,89,8,2,0,0,1,1,0,1,A000000232725,ALL
2026-08-16,전체,92,롬앤,[NEW두유코어/1등틴트] 롬앤 더 쥬시 래스팅 틴트 단품/기획,https://www.oliveyoung.co.kr/store/goods/getGoodsDetail.do?goodsNo=A000000241210,https://image.oliveyoung.co.kr/cfimages/cf-goods/uploads/images/thumbnails/400/10/0000/0024/A00000024121076ko.jpg?l=ko,13000,9900,23.8,265525,4.7,80,14,5,1,1,1,0,0,1,A000000241210,ALL
2026-08-16,전체,93,에스네이처,[수분충전/쿨링진정] 에스네이처 아쿠아 오아시스 수분 젤크림 90ml 기획 (+카밍패드 2매),https://www.oliveyoung.co.kr/store/goods/getGoodsDetail.do?goodsNo=A000000202893,https://image.oliveyoung.co.kr/cfimages/cf-goods/uploads/images/thumbnails/400/10/0000/0020/A00000020289366ko.jpg?l=ko,34000,22900,32.6,6701,4.8,88,9,3,1,0,1,0,0,1,A000000202893,ALL
2026-08-16,전체,94,넘버즈인,[8월올영픽/대용량140매] 넘버즈인 1번 시카 갈아만든 초록패드 70매 리필기획 (+70매 리필),https://www.oliveyoung.co.kr/store/goods/getGoodsDetail.do?goodsNo=A000000182630,https://image.oliveyoung.co.kr/cfimages/cf-goods/uploads/images/thumbnails/400/10/0000/0018/A00000018263085ko.jpg?l=ko,42000,25900,38.3,27809,4.8,85,11,3,1,0,1,1,0,1,A000000182630,ALL
2026-08-16,전체,95,닥터지,[무기자차] 닥터지 그린 마일드 업 선 플러스 50ml 기획 2종 (50+20/50+50+10) (선크림),https://www.oliveyoung.co.kr/store/goods/getGoodsDetail.do?goodsNo=A000000180162,https://image.oliveyoung.co.kr/cfimages/cf-goods/uploads/images/thumbnails/400/10/0000/0018/A00000018016249ko.jpg?l=ko,29000,19900,31.4,26393,4.8,83,13,3,0,0,1,1,0,1,A000000180162,ALL
2026-08-16,전체,96,이지덤뷰티,[7일특가/전고객 증정] 대웅제약 이지덤 스팟패치 택1 (퀵카밍/뷰티/PDRN 주름/릴리프) 트러블패치,https://www.oliveyoung.co.kr/store/goods/getGoodsDetail.do?goodsNo=A000000110505,https://image.oliveyoung.co.kr/cfimages/cf-goods/uploads/images/thumbnails/400/10/0000/0011/A00000011050565ko.png?l=ko,12900,8900,31.0,30393,4.7,82,11,5,1,1,1,1,1,1,A000000110505,ALL
2026-08-16,전체,97,디어스킨,디어스킨 리얼모달 생리대 7종 택 1(패드 / 라이너 / 슈퍼롱 / 입는오버),https://www.oliveyoung.co.kr/store/goods/getGoodsDetail.do?goodsNo=A000000170042,https://image.oliveyoung.co.kr/cfimages/cf-goods/uploads/images/thumbnails/400/10/0000/0017/A00000017004228ko.jpg?l=ko,6400,5760,10.0,25105,4.8,88,9,2,0,0,0,1,0,1,A000000170042,ALL
2026-08-16,전체,98,닥터엘시아,[장원영PICK] 닥터엘시아 345 릴리프 크림 50ml 기획 (+10ml*2ea+튜브링거),https://www.oliveyoung.co.kr/store/goods/getGoodsDetail.do?goodsNo=A000000245087,https://image.oliveyoung.co.kr/cfimages/cf-goods/uploads/images/thumbnails/400/10/0000/0024/A00000024508714ko.jpg?l=ko,29000,19900,31.4,4041,4.8,84,11,4,1,1,1,1,0,1,A000000245087,ALL
2026-08-16,전체,99,에스네이처,[8/16 오늘만99특가/1등 촉촉수분썬] 에스네이처 아쿠아 365 UV 선크림 40ml,https://www.oliveyoung.co.kr/store/goods/getGoodsDetail.do?goodsNo=A000000211302,https://image.oliveyoung.co.kr/cfimages/cf-goods/uploads/images/thumbnails/400/10/0000/0021/A00000021130244ko.png?l=ko,20000,9900,50.5,372,4.7,80,14,4,1,1,1,1,0,1,A000000211302,ALL
2026-08-16,전체,100,에뛰드,[8월 올영픽/1등 컬링] 에뛰드 컬 픽스 마스카라 1+1 기획 (쌍쌍바 케이블 홀더 증정 기획 / 단품),https://www.oliveyoung.co.kr/store/goods/getGoodsDetail.do?goodsNo=A000000203943,https://image.oliveyoung.co.kr/cfimages/cf-goods/uploads/images/thumbnails/400/10/0000/0020/A000000203943133ko.png?l=ko,16000,15200,5.0,72522,4.8,86,10,3,1,0,1,1,1,1,A000000203943,ALL
2026-08-16,스킨케어,1,메디힐,[업그레이드 수분흔적세럼/1+1] 메디힐 마데카소사이드 더마 세럼 50+50mL 기획,https://www.oliveyoung.co.kr/store/goods/getGoodsDetail.do?goodsNo=A000000261742,https://image.oliveyoung.co.kr/cfimages/cf-goods/uploads/images/thumbnails/400/10/0000/0026/A00000026174210ko.png?l=ko,43000,24400,43.3,869,4.9,95,3,1,0,0,1,1,1,1,A000000261742,10000010001
2026-08-16,스킨케어,2,VT,[깡나마켓특가][베일리pick/단독기획] VT 피디알엔 리들샷 아이 리프터 15ml 리필기획 (+리필 15ml),https://www.oliveyoung.co.kr/store/goods/getGoodsDetail.do?goodsNo=A000000260515,https://image.oliveyoung.co.kr/cfimages/cf-goods/uploads/images/thumbnails/400/10/0000/0026/A00000026051509ko.jpg?l=ko,42000,27900,33.6,2337,4.9,92,6,1,0,0,1,0,1,1,A000000260515,10000010001
2026-08-16,스킨케어,3,웰라쥬,[8월올영픽] 웰라쥬 리얼 히알루로닉 블루 100 앰플 100ml 기획 (+60ml 리필+수딩크림 30ml),https://www.oliveyoung.co.kr/store/goods/getGoodsDetail.do?goodsNo=A000000261423,https://image.oliveyoung.co.kr/cfimages/cf-goods/uploads/images/thumbnails/400/10/0000/0026/A00000026142335ko.jpg?l=ko,50000,29500,41.0,18550,4.8,89,8,2,0,0,1,1,1,1,A000000261423,10000010001
2026-08-16,스킨케어,4,믹순,[-8.1도 즉각쿨링/슬러시젤크림] 믹순 히알레배 포어 워터풀 젤크림 60ML,https://www.oliveyoung.co.kr/store/goods/getGoodsDetail.do?goodsNo=A000000258214,https://image.oliveyoung.co.kr/cfimages/cf-goods/uploads/images/thumbnails/400/10/0000/0025/A00000025821408ko.jpg?l=ko,16900,11400,32.5,579,4.8,86,8,3,1,1,1,1,1,1,A000000258214,10000010001
2026-08-16,스킨케어,5,셀라딕스,[리뷰이벤트/트러블1등] 셀라딕스 세범 리밸런싱 131 앰플 30ml 기획 (+미니언즈 키링) (미니언즈 콜라보),https://www.oliveyoung.co.kr/store/goods/getGoodsDetail.do?goodsNo=A000000260600,https://image.oliveyoung.co.kr/cfimages/cf-goods/uploads/images/thumbnails/400/10/0000/0026/A00000026060006ko.jpg?l=ko,28900,25400,12.1,204,4.8,87,7,4,0,0,1,1,0,1,A000000260600,10000010001
2026-08-16,스킨케어,6,셀리맥스,[단독기획/모공탄력] 셀리맥스 더 비타 A 레티날 샷 타이트닝 부스터 15ml 기획(+3ml),https://www.oliveyoung.co.kr/store/goods/getGoodsDetail.do?goodsNo=A000000250199,https://image.oliveyoung.co.kr/cfimages/cf-goods/uploads/images/thumbnails/400/10/0000/0025/A00000025019931ko.png?l=ko,30000,23100,23.0,2682,4.8,85,10,3,1,1,1,0,0,1,A000000250199,10000010001
2026-08-16,스킨케어,7,우르오스,[베스트 올인원]우르오스 올인원 200ml 2종 택 1,https://www.oliveyoung.co.kr/store/goods/getGoodsDetail.do?goodsNo=A000000117541,https://image.oliveyoung.co.kr/cfimages/cf-goods/uploads/images/thumbnails/400/10/0000/0011/A00000011754150ko.jpg?l=ko,29700,23700,20.2,7828,4.8,87,10,2,0,0,1,0,0,1,A000000117541,10000010001
2026-08-16,스킨케어,8,토리든,[NEW/1등수분세럼] 토리든 다이브인 저분자 히알루론산 세럼 50ml 리필 기획(+리필 50ml),https://www.oliveyoung.co.kr/store/goods/getGoodsDetail.do?goodsNo=A000000258291,https://image.oliveyoung.co.kr/cfimages/cf-goods/uploads/images/thumbnails/400/10/0000/0025/A00000025829125ko.jpg?l=ko,36000,27000,25.0,5228,4.9,90,7,2,0,0,1,0,0,1,A000000258291,10000010001
2026-08-16,스킨케어,9,브링그린,[8월올영픽/3일진정세럼]브링그린 징크테카 트러블 세럼 대용량 기획,https://www.oliveyoung.co.kr/store/goods/getGoodsDetail.do?goodsNo=A000000200646,https://image.oliveyoung.co.kr/cfimages/cf-goods/uploads/images/thumbnails/400/10/0000/0020/A000000200646139ko.jpg?l=ko,56100,28300,49.6,22855,4.7,82,11,4,1,1,1,1,1,1,A000000200646,10000010001
2026-08-16,스킨케어,10,에스트라,[올영 어워즈 1등 크림] 에스트라 아토베리어365 크림 80ml,https://www.oliveyoung.co.kr/store/goods/getGoodsDetail.do?goodsNo=A000000198320,https://image.oliveyoung.co.kr/cfimages/cf-goods/uploads/images/thumbnails/400/10/0000/0019/A00000019832009ko.jpg?l=ko,33000,33000,0.0,7364,4.8,89,7,2,1,1,0,0,0,1,A000000198320,10000010001
2026-08-16,스킨케어,11,동아제약,[8월올영픽/단독기획] 동아제약 색소침착 프로 크림제 40ml 더블 기획 (+40ml),https://www.oliveyoung.co.kr/store/goods/getGoodsDetail.do?goodsNo=A000000261235,https://image.oliveyoung.co.kr/cfimages/cf-goods/uploads/images/thumbnails/400/10/0000/0026/A00000026123503ko.jpg?l=ko,58500,38500,34.2,5008,4.9,94,3,2,0,0,1,1,1,1,A000000261235,10000010001
2026-08-16,스킨케어,12,동아제약,[8월올영픽/단독기획] 동아제약 아크네 프로 크림제 30ml 기획(+3ml+겔제3ml),https://www.oliveyoung.co.kr/store/goods/getGoodsDetail.do?goodsNo=A000000255729,https://image.oliveyoung.co.kr/cfimages/cf-goods/uploads/images/thumbnails/400/10/0000/0025/A00000025572913ko.jpg?l=ko,35000,22300,36.3,3387,4.9,96,2,2,0,0,1,1,1,1,A000000255729,10000010001
2026-08-16,스킨케어,13,셀리맥스,"[흔적,기미,미백/TXA] 셀리맥스 트라넥삼산 잡티 크림 35ml 기획 (+14ml)",https://www.oliveyoung.co.kr/store/goods/getGoodsDetail.do?goodsNo=A000000253592,https://image.oliveyoung.co.kr/cfimages/cf-goods/uploads/images/thumbnails/400/10/0000/0025/A00000025359206ko.png?l=ko,35000,22900,34.6,1672,4.9,92,5,2,0,0,1,0,0,1,A000000253592,10000010001
2026-08-16,스킨케어,14,에스네이처,[1등 모공수분천재크림] 에스네이처 아쿠아 스쿠알란 수분크림 60ml 기획(60ml+30ml),https://www.oliveyoung.co.kr/store/goods/getGoodsDetail.do?goodsNo=A000000156230,https://image.oliveyoung.co.kr/cfimages/cf-goods/uploads/images/thumbnails/400/10/0000/0015/A000000156230102ko.png?l=ko,28000,18900,32.5,21950,4.8,84,11,4,1,1,1,0,0,1,A000000156230,10000010001
2026-08-16,스킨케어,15,아누아,[수지세럼] 아누아 피디알엔 히알루론산 캡슐 100 세럼 30mL 기획 (+30mL 리필팩),https://www.oliveyoung.co.kr/store/goods/getGoodsDetail.do?goodsNo=A000000222698,https://image.oliveyoung.co.kr/cfimages/cf-goods/uploads/images/thumbnails/400/10/0000/0022/A00000022269818ko.png?l=ko,58500,27500,53.0,13036,4.8,86,9,3,1,1,1,0,0,1,A000000222698,10000010001
2026-08-16,스킨케어,16,셀리맥스,셀리맥스 더 비타 A 레티날 샷 타이트닝 듀얼 크림 50ml,https://www.oliveyoung.co.kr/store/goods/getGoodsDetail.do?goodsNo=A000000261065,https://image.oliveyoung.co.kr/cfimages/cf-goods/uploads/images/thumbnails/400/10/0000/0026/A00000026106502ko.png?l=ko,37000,29600,20.0,21,4.7,91,,,9,,1,0,0,1,A000000261065,10000010001
2026-08-16,스킨케어,17,넘버즈인,[8월올영픽/24시간파우더] 넘버즈인 1번 판토텐산 스킨케어100 블러파우더 기획 (+퍼프 1개),https://www.oliveyoung.co.kr/store/goods/getGoodsDetail.do?goodsNo=A000000231822,https://image.oliveyoung.co.kr/cfimages/cf-goods/uploads/images/thumbnails/400/10/0000/0023/A00000023182220ko.jpg?l=ko,22000,13200,40.0,15703,4.8,85,11,3,1,1,1,1,0,1,A000000231822,10000010001
2026-08-16,스킨케어,18,이니스프리,[크림10ml추가/1+1] 이니스프리 레티놀 시카 모공 흔적 앰플 30ml 리필기획(+30ml 리필),https://www.oliveyoung.co.kr/store/goods/getGoodsDetail.do?goodsNo=A000000258877,https://image.oliveyoung.co.kr/cfimages/cf-goods/uploads/images/thumbnails/400/10/0000/0025/A00000025887736ko.jpg?l=ko,48000,29200,39.2,3399,4.9,95,4,1,0,0,1,0,1,1,A000000258877,10000010001
2026-08-16,스킨케어,19,닥터지,[수분진정/세럼증정] 닥터지 레드블레미쉬 클리어 수딩크림 EX 70ml기획 (+30ml+세럼10ml*2ea),https://www.oliveyoung.co.kr/store/goods/getGoodsDetail.do?goodsNo=A000000255752,https://image.oliveyoung.co.kr/cfimages/cf-goods/uploads/images/thumbnails/400/10/0000/0025/A00000025575219ko.jpg?l=ko,38000,28500,25.0,3202,5.0,97,2,1,0,0,0,1,0,1,A000000255752,10000010001
2026-08-16,스킨케어,20,토리든,[NEW] 토리든 다이브인 저분자 히알루론산 토너 300ml 기획 (+100ml),https://www.oliveyoung.co.kr/store/goods/getGoodsDetail.do?goodsNo=A000000258293,https://image.oliveyoung.co.kr/cfimages/cf-goods/uploads/images/thumbnails/400/10/0000/0025/A00000025829305ko.jpg?l=ko,21000,15700,25.2,128,4.8,88,8,3,,1,1,0,0,1,A000000258293,10000010001
2026-08-16,스킨케어,21,스킨앤랩,[올영단독/속보습케어] 스킨앤랩 베리어덤 링거 앰플70ml(+70ml) 더블기획,https://www.oliveyoung.co.kr/store/goods/getGoodsDetail.do?goodsNo=A000000213267,https://image.oliveyoung.co.kr/cfimages/cf-goods/uploads/images/thumbnails/400/10/0000/0021/A00000021326725ko.jpg?l=ko,40000,40000,0.0,13062,5.0,97,3,0,0,0,0,0,0,1,A000000213267,10000010001
2026-08-16,스킨케어,22,넘버즈인,[8월올영픽/트러블진정세럼] 넘버즈인 1번 판토텐산 액티브업 수딩세럼 50ml 리필기획 (50ml+50ml),https://www.oliveyoung.co.kr/store/goods/getGoodsDetail.do?goodsNo=A000000207225,https://image.oliveyoung.co.kr/cfimages/cf-goods/uploads/images/thumbnails/400/10/0000/0020/A00000020722538ko.jpg?l=ko,38000,22900,39.7,16199,4.7,83,12,4,1,1,1,1,0,1,A000000207225,10000010001
2026-08-16,스킨케어,23,라로슈포제,[손상장벽집중케어] 라로슈포제 시카플라스트 밤 B5+ 100ml 기획 (+3ml 추가증정),https://www.oliveyoung.co.kr/store/goods/getGoodsDetail.do?goodsNo=A000000206904,https://image.oliveyoung.co.kr/cfimages/cf-goods/uploads/images/thumbnails/400/10/0000/0020/A00000020690409ko.jpg?l=ko,41000,41000,0.0,26774,4.8,86,10,3,1,1,0,0,0,1,A000000206904,10000010001
2026-08-16,스킨케어,24,에스네이처,[수분충전/쿨링진정] 에스네이처 아쿠아 오아시스 수분 젤크림 90ml 기획 (+카밍패드 2매),https://www.oliveyoung.co.kr/store/goods/getGoodsDetail.do?goodsNo=A000000202893,https://image.oliveyoung.co.kr/cfimages/cf-goods/uploads/images/thumbnails/400/10/0000/0020/A00000020289366ko.jpg?l=ko,34000,22900,32.6,6701,4.8,88,9,3,1,0,1,0,0,1,A000000202893,10000010001
2026-08-16,스킨케어,25,닥터엘시아,[장원영PICK] 닥터엘시아 345 릴리프 크림 50ml 기획 (+10ml*2ea+튜브링거),https://www.oliveyoung.co.kr/store/goods/getGoodsDetail.do?goodsNo=A000000245087,https://image.oliveyoung.co.kr/cfimages/cf-goods/uploads/images/thumbnails/400/10/0000/0024/A00000024508714ko.jpg?l=ko,29000,19900,31.4,4041,4.8,84,11,4,1,1,1,1,0,1,A000000245087,10000010001
2026-08-16,스킨케어,26,디오디너리,[트러블모공] 디오디너리 나이아신아마이드 10% + 징크 1% 60ml,https://www.oliveyoung.co.kr/store/goods/getGoodsDetail.do?goodsNo=A000000158615,https://image.oliveyoung.co.kr/cfimages/cf-goods/uploads/images/thumbnails/400/10/0000/0015/A00000015861506ko.jpg?l=ko,15700,15700,0.0,12878,4.7,81,13,4,1,1,0,0,0,1,A000000158615,10000010001
2026-08-16,스킨케어,27,키엘,[8월올영픽/NO.1 국민수분크림] 키엘 울트라 훼이셜 크림 28ml/50ml/150ml (기획/단품),https://www.oliveyoung.co.kr/store/goods/getGoodsDetail.do?goodsNo=A000000214168,https://image.oliveyoung.co.kr/cfimages/cf-goods/uploads/images/thumbnails/400/10/0000/0021/A00000021416892ko.jpg?l=ko,49000,40180,18.0,1707,4.8,86,9,3,1,1,1,1,0,1,A000000214168,10000010001
2026-08-16,스킨케어,28,코페르,[광채/기미] 코페르 큐리페어 멜라크림 21ml 기획(+4ml),https://www.oliveyoung.co.kr/store/goods/getGoodsDetail.do?goodsNo=A000000246297,https://image.oliveyoung.co.kr/cfimages/cf-goods/uploads/images/thumbnails/400/10/0000/0024/A00000024629721ko.jpg?l=ko,35700,25920,27.4,4608,4.9,96,2,1,0,0,1,1,1,1,A000000246297,10000010001
2026-08-16,스킨케어,29,아누아,[수지 PICK/단독기획] 아누아 피디알엔 히알루론산 100 수분 크림 60mL 2입 기획,https://www.oliveyoung.co.kr/store/goods/getGoodsDetail.do?goodsNo=A000000231892,https://image.oliveyoung.co.kr/cfimages/cf-goods/uploads/images/thumbnails/400/10/0000/0023/A00000023189227ko.png?l=ko,64000,29500,53.9,8671,4.8,86,9,3,1,1,1,0,0,1,A000000231892,10000010001
2026-08-16,스킨케어,30,디어클레어스,[EGF최대함량/1등진정앰플] 클레어스 블루 유스 액티베이팅 드롭 50ml,https://www.oliveyoung.co.kr/store/goods/getGoodsDetail.do?goodsNo=A000000214675,https://image.oliveyoung.co.kr/cfimages/cf-goods/uploads/images/thumbnails/400/10/0000/0021/A00000021467530ko.jpg?l=ko,52500,36800,29.9,4422,4.8,85,9,4,1,1,1,1,0,1,A000000214675,10000010001
2026-08-16,스킨케어,31,아비브,[수분진정] 아비브 어성초 카밍 토너 스킨부스터 더블 기획 (200ml+200ml),https://www.oliveyoung.co.kr/store/goods/getGoodsDetail.do?goodsNo=A000000155253,https://image.oliveyoung.co.kr/cfimages/cf-goods/uploads/images/thumbnails/400/10/0000/0015/A00000015525329ko.png?l=ko,39000,27300,30.0,15419,4.8,85,11,3,0,0,1,0,0,1,A000000155253,10000010001
2026-08-16,스킨케어,32,동아제약,[8월올영픽/단독기획] 동아제약 아크네 프로 겔제 30ml 기획(+3ml+크림제3ml),https://www.oliveyoung.co.kr/store/goods/getGoodsDetail.do?goodsNo=A000000255744,https://image.oliveyoung.co.kr/cfimages/cf-goods/uploads/images/thumbnails/400/10/0000/0025/A00000025574409ko.jpg?l=ko,25000,16500,34.0,2880,4.9,95,2,2,0,0,1,1,1,1,A000000255744,10000010001
2026-08-16,스킨케어,33,이니스프리,[1+1] 이니스프리 비타민C 캡슐 세럼 30ml 더블 기획,https://www.oliveyoung.co.kr/store/goods/getGoodsDetail.do?goodsNo=A000000230206,https://image.oliveyoung.co.kr/cfimages/cf-goods/uploads/images/thumbnails/400/10/0000/0023/A00000023020658ko.png?l=ko,49000,28910,41.0,16478,4.8,86,10,3,0,0,1,0,1,1,A000000230206,10000010001
2026-08-16,스킨케어,34,셀라딕스,[조유리 PICK/트러블1등] 셀라딕스 트러블 세범 리밸런싱 131 앰플 30ml,https://www.oliveyoung.co.kr/store/goods/getGoodsDetail.do?goodsNo=A000000224494,https://image.oliveyoung.co.kr/cfimages/cf-goods/uploads/images/thumbnails/400/10/0000/0022/A00000022449419ko.jpg?l=ko,28900,25400,12.1,5416,4.7,83,9,4,1,2,1,0,0,1,A000000224494,10000010001
2026-08-16,스킨케어,35,메디큐브,[1등미백앰플]메디큐브 PDRN 핑크 펩타이드 앰플 30ml 리필기획(+리필팩50ml+거울키링),https://www.oliveyoung.co.kr/store/goods/getGoodsDetail.do?goodsNo=A000000255620,https://image.oliveyoung.co.kr/cfimages/cf-goods/uploads/images/thumbnails/400/10/0000/0025/A00000025562039ko.jpg?l=ko,46000,24600,46.5,26061,4.7,84,10,4,1,1,1,0,1,1,A000000255620,10000010001
2026-08-16,스킨케어,36,피지오겔,[재구매율1위] 피지오겔 데일리뮨 앰플 20ml+20ml 기획,https://www.oliveyoung.co.kr/store/goods/getGoodsDetail.do?goodsNo=A000000243677,https://image.oliveyoung.co.kr/cfimages/cf-goods/uploads/images/thumbnails/400/10/0000/0024/A00000024367750ko.jpg?l=ko,78000,54000,30.8,9813,4.8,87,10,2,0,0,1,0,0,1,A000000243677,10000010001
2026-08-16,스킨케어,37,아누아,[단독기획] 아누아 TXA 나이아신 흔적 세럼 30ml 2입,https://www.oliveyoung.co.kr/store/goods/getGoodsDetail.do?goodsNo=A000000226201,https://image.oliveyoung.co.kr/cfimages/cf-goods/uploads/images/thumbnails/400/10/0000/0022/A00000022620115ko.png?l=ko,64000,27500,57.0,5601,4.8,85,9,4,1,1,1,0,0,1,A000000226201,10000010001
2026-08-16,스킨케어,38,파티온,[대용량] 파티온 노스카나인 트러블 세럼 50ml 리필 기획(+리필40ml+크림10ml),https://www.oliveyoung.co.kr/store/goods/getGoodsDetail.do?goodsNo=A000000219609,https://image.oliveyoung.co.kr/cfimages/cf-goods/uploads/images/thumbnails/400/10/0000/0021/A00000021960921ko.png?l=ko,54000,33900,37.2,76501,4.9,92,5,2,0,0,1,0,0,1,A000000219609,10000010001
2026-08-16,스킨케어,39,토리든,[NEW/단독기획] 토리든 다이브인 저분자 히알루론산 수딩 크림 100ml (+20ml),https://www.oliveyoung.co.kr/store/goods/getGoodsDetail.do?goodsNo=A000000258295,https://image.oliveyoung.co.kr/cfimages/cf-goods/uploads/images/thumbnails/400/10/0000/0025/A00000025829511ko.jpg?l=ko,24000,16800,30.0,178,4.9,90,7,3,,,1,0,0,1,A000000258295,10000010001
2026-08-16,스킨케어,40,아이오페,아이오페 레티놀 레티젝션 세럼 30ml 기획 (+세럼10ml+크림15ml),https://www.oliveyoung.co.kr/store/goods/getGoodsDetail.do?goodsNo=A000000232357,https://image.oliveyoung.co.kr/cfimages/cf-goods/uploads/images/thumbnails/400/10/0000/0023/A00000023235719ko.jpg?l=ko,59000,49900,15.4,518,4.8,84,13,2,0,1,1,0,1,1,A000000232357,10000010001
2026-08-16,스킨케어,41,도미나스,[8월올영픽/태극제약]도미나스 크림 Rx 30ml 단품/기획 (+7ml),https://www.oliveyoung.co.kr/store/goods/getGoodsDetail.do?goodsNo=A000000251494,https://image.oliveyoung.co.kr/cfimages/cf-goods/uploads/images/thumbnails/400/10/0000/0025/A00000025149424ko.png?l=ko,46000,33900,26.3,1206,4.8,88,8,4,0,0,1,1,1,1,A000000251494,10000010001
2026-08-16,스킨케어,42,아이오페,[1등레티놀] 아이오페 레티놀 슈퍼 바운스 세럼 30ml 기획 (+세럼 10ml+바이오에센스48ml),https://www.oliveyoung.co.kr/store/goods/getGoodsDetail.do?goodsNo=A000000184060,https://image.oliveyoung.co.kr/cfimages/cf-goods/uploads/images/thumbnails/400/10/0000/0018/A00000018406036ko.jpg?l=ko,50000,42500,15.0,15410,4.9,89,8,2,0,0,1,0,1,1,A000000184060,10000010001
2026-08-16,스킨케어,43,동국제약,[손상장벽MD] 동국제약 마데카셀 베리어 엠디 크림 70g (의료기기),https://www.oliveyoung.co.kr/store/goods/getGoodsDetail.do?goodsNo=A000000249659,https://image.oliveyoung.co.kr/cfimages/cf-goods/uploads/images/thumbnails/400/10/0000/0024/A00000024965930ko.png?l=ko,39000,21900,43.8,2184,4.9,95,3,1,0,0,1,1,1,1,A000000249659,10000010001
2026-08-16,스킨케어,44,리쥬란,[오리지널 c-PDRN/한정기획]리쥬란 힐러 턴오버 앰플 듀얼 이펙트 10ml 더블 한정기획 (+8ml),https://www.oliveyoung.co.kr/store/goods/getGoodsDetail.do?goodsNo=A000000216520,https://image.oliveyoung.co.kr/cfimages/cf-goods/uploads/images/thumbnails/400/10/0000/0021/A00000021652048ko.jpg?l=ko,50000,43900,12.2,13402,4.9,91,6,2,0,0,1,0,0,1,A000000216520,10000010001
2026-08-16,스킨케어,45,폴라초이스,[화잘먹/단독기획] 폴라초이스 바하 리퀴드 엑스폴리언트 118ml 기획 (+바하 리퀴드 30ml),https://www.oliveyoung.co.kr/store/goods/getGoodsDetail.do?goodsNo=A000000245794,https://image.oliveyoung.co.kr/cfimages/cf-goods/uploads/images/thumbnails/400/10/0000/0024/A00000024579405ko.jpg?l=ko,39000,31200,20.0,989,4.8,85,10,4,1,1,1,0,0,1,A000000245794,10000010001
2026-08-16,스킨케어,46,에스트라,에스트라 아토베리어365 하이드로 수딩크림 80ml 기획 (+수딩크림 10ml+클렌징폼 30g),https://www.oliveyoung.co.kr/store/goods/getGoodsDetail.do?goodsNo=A000000258834,https://image.oliveyoung.co.kr/cfimages/cf-goods/uploads/images/thumbnails/400/10/0000/0025/A00000025883410ko.jpg?l=ko,33000,29700,10.0,13050,4.8,88,9,2,0,1,1,0,0,1,A000000258834,10000010001
2026-08-16,스킨케어,47,더마팩토리,더마팩토리 나이아신아마이드 20% 세럼 30ml,https://www.oliveyoung.co.kr/store/goods/getGoodsDetail.do?goodsNo=A000000225217,https://image.oliveyoung.co.kr/cfimages/cf-goods/uploads/images/thumbnails/400/10/0000/0022/A00000022521701ko.jpg?l=ko,6000,6000,0.0,14014,4.8,83,12,4,1,0,0,0,0,1,A000000225217,10000010001
2026-08-16,스킨케어,48,제로이드,[대용량] 제로이드 수딩 크림 80ml + 50ml 기획,https://www.oliveyoung.co.kr/store/goods/getGoodsDetail.do?goodsNo=A000000231589,https://image.oliveyoung.co.kr/cfimages/cf-goods/uploads/images/thumbnails/400/10/0000/0023/A00000023158910ko.jpg?l=ko,38000,34200,10.0,8887,4.8,87,9,3,1,1,1,0,0,1,A000000231589,10000010001
2026-08-16,스킨케어,49,메디큐브,[청담샵 화잘먹미스트/시원촉촉] 메디큐브 PDRN 핑크 콜라겐 글로우 젤리 미스트 100ml 더블기획,https://www.oliveyoung.co.kr/store/goods/getGoodsDetail.do?goodsNo=A000000243433,https://image.oliveyoung.co.kr/cfimages/cf-goods/uploads/images/thumbnails/400/10/0000/0024/A00000024343328ko.png?l=ko,47800,29900,37.4,4152,4.7,81,11,5,1,2,1,0,1,1,A000000243433,10000010001
2026-08-16,스킨케어,50,달바,[26년 신형/보습광채] 달바 퍼스트 스프레이 세럼 펩타이드 100ml 더블기획,https://www.oliveyoung.co.kr/store/goods/getGoodsDetail.do?goodsNo=A000000259555,https://image.oliveyoung.co.kr/cfimages/cf-goods/uploads/images/thumbnails/400/10/0000/0025/A00000025955521ko.png?l=ko,59800,37200,37.8,53930,4.9,91,7,2,0,0,1,0,0,1,A000000259555,10000010001
2026-08-16,스킨케어,51,브링그린,[수부지크림/유수분밸런스] 브링그린 티트리 시카 수딩 크림 플러스 100ml (2입/단품),https://www.oliveyoung.co.kr/store/goods/getGoodsDetail.do?goodsNo=A000000226553,https://image.oliveyoung.co.kr/cfimages/cf-goods/uploads/images/thumbnails/400/10/0000/0022/A00000022655374ko.jpg?l=ko,34200,19800,42.1,19976,4.8,85,10,3,1,1,1,0,0,1,A000000226553,10000010001
2026-08-16,스킨케어,52,아누아,[단독기획] 아누아 어성초 77 히알루론산 수분 진정 토너 350ml 리필 기획세트 (+350ml 리필팩),https://www.oliveyoung.co.kr/store/goods/getGoodsDetail.do?goodsNo=A000000248498,https://image.oliveyoung.co.kr/cfimages/cf-goods/uploads/images/thumbnails/400/10/0000/0024/A00000024849808ko.png?l=ko,49000,27500,43.9,1800,4.8,88,8,2,1,1,1,0,0,1,A000000248498,10000010001
2026-08-16,스킨케어,53,바이오힐보,[카디비PICK|탄력보습] 바이오힐보 프로바이오덤 3D리프팅 크림 50ml [단품/기획],https://www.oliveyoung.co.kr/store/goods/getGoodsDetail.do?goodsNo=A000000199701,https://image.oliveyoung.co.kr/cfimages/cf-goods/uploads/images/thumbnails/400/10/0000/0019/A00000019970189ko.jpg?l=ko,70200,39900,43.2,6444,4.9,89,8,2,0,0,1,0,0,1,A000000199701,10000010001
2026-08-16,스킨케어,54,라로슈포제,라로슈포제 시카플라스트 멀티 리페어 크림 100ml (+시카에센스 7.5ml),https://www.oliveyoung.co.kr/store/goods/getGoodsDetail.do?goodsNo=A000000257827,https://image.oliveyoung.co.kr/cfimages/cf-goods/uploads/images/thumbnails/400/10/0000/0025/A00000025782704ko.jpg?l=ko,52000,52000,0.0,18633,4.8,84,11,3,1,1,0,0,0,1,A000000257827,10000010001
2026-08-16,스킨케어,55,닥터지,[1+1/광채탄력] 닥터지 블랙스네일 크림 50ml 1+1 기획 +(15ml 추가 증정),https://www.oliveyoung.co.kr/store/goods/getGoodsDetail.do?goodsNo=A000000233322,https://image.oliveyoung.co.kr/cfimages/cf-goods/uploads/images/thumbnails/400/10/0000/0023/A00000023332249ko.jpg?l=ko,33000,25330,23.2,6460,4.9,92,6,1,0,0,1,1,0,1,A000000233322,10000010001
2026-08-16,스킨케어,56,넘버즈인,[흔적미백] 넘버즈인 5번 글루타치온C 흔적 앰플 30ml+30ml 듀오기획,https://www.oliveyoung.co.kr/store/goods/getGoodsDetail.do?goodsNo=A000000189837,https://image.oliveyoung.co.kr/cfimages/cf-goods/uploads/images/thumbnails/400/10/0000/0018/A00000018983728ko.png?l=ko,46000,29900,35.0,20406,4.7,80,14,5,1,1,1,0,0,1,A000000189837,10000010001
2026-08-16,스킨케어,57,라운드랩,[대용량] 라운드랩 1025 독도 로션 400ml,https://www.oliveyoung.co.kr/store/goods/getGoodsDetail.do?goodsNo=A000000161508,https://image.oliveyoung.co.kr/cfimages/cf-goods/uploads/images/thumbnails/400/10/0000/0016/A00000016150822ko.jpg?l=ko,39000,25600,34.4,16481,4.8,85,11,3,0,0,1,0,0,1,A000000161508,10000010001
2026-08-16,스킨케어,58,라운드랩,[대용량/1등토너] 라운드랩 1025 독도 토너 500ml 기획 (+100ml),https://www.oliveyoung.co.kr/store/goods/getGoodsDetail.do?goodsNo=A000000137180,https://image.oliveyoung.co.kr/cfimages/cf-goods/uploads/images/thumbnails/400/10/0000/0013/A00000013718040ko.jpg?l=ko,30000,27000,10.0,12356,4.8,88,10,2,0,0,1,0,0,1,A000000137180,10000010001
2026-08-16,스킨케어,59,바이오힐보,[기프트추천] 바이오힐보 프로바이오덤 3D리프팅 스킨케어 2종세트 (토너150ml+에멀전150ml),https://www.oliveyoung.co.kr/store/goods/getGoodsDetail.do?goodsNo=A000000203250,https://image.oliveyoung.co.kr/cfimages/cf-goods/uploads/images/thumbnails/400/10/0000/0020/A00000020325027ko.jpg?l=ko,54000,37800,30.0,3709,4.9,91,7,2,0,0,1,0,0,1,A000000203250,10000010001
2026-08-16,스킨케어,60,키엘,[NEW] 키엘 1CC 핑크세럼 30ml,https://www.oliveyoung.co.kr/store/goods/getGoodsDetail.do?goodsNo=A000000262356,https://image.oliveyoung.co.kr/cfimages/cf-goods/uploads/images/thumbnails/400/10/0000/0026/A00000026235602ko.jpg?l=ko,59000,59000,0.0,0,0.0,,,,,,0,0,0,1,A000000262356,10000010001
2026-08-16,스킨케어,61,토리든,토리든 밸런스풀 포맨 시카 프레쉬 올인원 200g 기획(+밸런스풀 올인원 20g),https://www.oliveyoung.co.kr/store/goods/getGoodsDetail.do?goodsNo=A000000228952,https://image.oliveyoung.co.kr/cfimages/cf-goods/uploads/images/thumbnails/400/10/0000/0022/A00000022895236ko.jpg?l=ko,25000,16990,32.0,1794,4.8,87,9,3,1,1,1,1,0,1,A000000228952,10000010001
2026-08-16,스킨케어,62,성분에디터,[곰돌이푸콜라보] 성분에디터 실크펩타이드 EGF 하트핏 볼륨 리프팅 앰플 40ml 더블기획 (+파우치 증정),https://www.oliveyoung.co.kr/store/goods/getGoodsDetail.do?goodsNo=A000000258676,https://image.oliveyoung.co.kr/cfimages/cf-goods/uploads/images/thumbnails/400/10/0000/0025/A00000025867610ko.jpg?l=ko,43000,22900,46.7,3325,4.8,85,11,3,0,1,1,0,0,1,A000000258676,10000010001
2026-08-16,스킨케어,63,닥터지,[튜브타입/단독기획] 닥터지 레드 블레미쉬 클리어 수딩크림 EX 70ml 튜브 기획 (+30ml+세럼10ml*2ea),https://www.oliveyoung.co.kr/store/goods/getGoodsDetail.do?goodsNo=A000000257543,https://image.oliveyoung.co.kr/cfimages/cf-goods/uploads/images/thumbnails/400/10/0000/0025/A00000025754306ko.jpg?l=ko,38000,28500,25.0,3202,5.0,97,2,1,0,0,0,1,0,1,A000000257543,10000010001
2026-08-16,스킨케어,64,제로이드,[8월 올영픽] 제로이드 핌프로브 레드 컨트롤 크림 pH4 80ml 기획 (+토너 25ml +크림 10ml),https://www.oliveyoung.co.kr/store/goods/getGoodsDetail.do?goodsNo=A000000260580,https://image.oliveyoung.co.kr/cfimages/cf-goods/uploads/images/thumbnails/400/10/0000/0026/A00000026058010ko.jpg?l=ko,33000,28500,13.6,940,4.8,85,10,3,1,1,1,1,0,1,A000000260580,10000010001
2026-08-16,스킨케어,65,온그리디언츠,[1등 속광로션/단독기획] 온그리디언츠 스킨 베리어 카밍 로션 이엑스 220ml 기획 (+80ml),https://www.oliveyoung.co.kr/store/goods/getGoodsDetail.do?goodsNo=A000000243499,https://image.oliveyoung.co.kr/cfimages/cf-goods/uploads/images/thumbnails/400/10/0000/0024/A00000024349911ko.png?l=ko,39900,39900,0.0,8590,4.9,93,4,2,0,1,0,0,0,1,A000000243499,10000010001
2026-08-16,스킨케어,66,바이오더마,바이오더마 시카비오 크림+ 100ml 기획 (크림 + 40ml 본품 추가 증정),https://www.oliveyoung.co.kr/store/goods/getGoodsDetail.do?goodsNo=A000000212570,https://image.oliveyoung.co.kr/cfimages/cf-goods/uploads/images/thumbnails/400/10/0000/0021/A00000021257010ko.jpg?l=ko,45500,37700,17.1,9594,4.8,84,11,4,1,1,1,0,0,1,A000000212570,10000010001
2026-08-16,스킨케어,67,라운드랩,[총200ml/대용량] 라운드랩 자작나무 수분 크림 80ml+80ml 더블 기획 (+40ml),https://www.oliveyoung.co.kr/store/goods/getGoodsDetail.do?goodsNo=A000000255244,https://image.oliveyoung.co.kr/cfimages/cf-goods/uploads/images/thumbnails/400/10/0000/0025/A00000025524417ko.png?l=ko,44000,27300,38.0,11068,4.9,90,7,2,0,0,1,0,0,1,A000000255244,10000010001
2026-08-16,스킨케어,68,리쥬란,[한정수량/오리지널 c-PDRN] 리쥬란 힐러 턴오버 앰플 듀얼 이펙트 30ml 기획(+7ml),https://www.oliveyoung.co.kr/store/goods/getGoodsDetail.do?goodsNo=A000000183707,https://image.oliveyoung.co.kr/cfimages/cf-goods/uploads/images/thumbnails/400/10/0000/0018/A00000018370740ko.jpg?l=ko,59000,49900,15.4,3557,4.8,85,11,3,1,1,1,0,0,1,A000000183707,10000010001
2026-08-16,스킨케어,69,브링그린,[수부지토너]브링그린 티트리 시카 수딩 토너 (500ml/250ml),https://www.oliveyoung.co.kr/store/goods/getGoodsDetail.do?goodsNo=A000000189181,https://image.oliveyoung.co.kr/cfimages/cf-goods/uploads/images/thumbnails/400/10/0000/0018/A00000018918160ko.jpg?l=ko,15000,13500,10.0,39151,4.8,85,11,3,0,1,1,0,0,1,A000000189181,10000010001
2026-08-16,스킨케어,70,에스트라,에스트라 에이시카365 흔적진정세럼 pH4.5 40ml 기획 (+세럼 20ml+크림 1ml),https://www.oliveyoung.co.kr/store/goods/getGoodsDetail.do?goodsNo=A000000222839,https://image.oliveyoung.co.kr/cfimages/cf-goods/uploads/images/thumbnails/400/10/0000/0022/A00000022283918ko.jpg?l=ko,38000,32300,15.0,3780,4.8,86,9,3,1,1,1,0,0,1,A000000222839,10000010001
2026-08-16,스킨케어,71,에스트라,에스트라 아토베리어365 하이드로에센스 200ml (+크림 10ml+앰플 10ml),https://www.oliveyoung.co.kr/store/goods/getGoodsDetail.do?goodsNo=A000000222837,https://image.oliveyoung.co.kr/cfimages/cf-goods/uploads/images/thumbnails/400/10/0000/0022/A00000022283708ko.jpg?l=ko,32000,28800,10.0,13922,4.8,89,8,2,0,0,1,0,0,1,A000000222837,10000010001
2026-08-16,스킨케어,72,이즈앤트리,"[NCT 재민PICK] 이즈앤트리 어니언 뉴페어 겔크림 플러스 50ml 기획 (+겔크림 플러스 20ml, 패드 2매)",https://www.oliveyoung.co.kr/store/goods/getGoodsDetail.do?goodsNo=A000000247776,https://image.oliveyoung.co.kr/cfimages/cf-goods/uploads/images/thumbnails/400/10/0000/0024/A00000024777616ko.png?l=ko,32000,21900,31.6,4788,4.8,86,9,4,1,1,1,0,0,1,A000000247776,10000010001
2026-08-16,스킨케어,73,아이디얼포맨,[7년 연속 1위] 아이디얼포맨 퍼펙트 올인원 150ml 단품/기획,https://www.oliveyoung.co.kr/store/goods/getGoodsDetail.do?goodsNo=A000000228228,https://image.oliveyoung.co.kr/cfimages/cf-goods/uploads/images/thumbnails/400/10/0000/0022/A00000022822875ko.jpg?l=ko,28000,16800,40.0,19529,4.9,88,10,2,0,0,1,0,0,1,A000000228228,10000010001
2026-08-16,스킨케어,74,라로슈포제,[시카입문추천] 라로슈포제 시카플라스트 밤B5+ 40ml,https://www.oliveyoung.co.kr/store/goods/getGoodsDetail.do?goodsNo=A000000174316,https://image.oliveyoung.co.kr/cfimages/cf-goods/uploads/images/thumbnails/400/10/0000/0017/A00000017431608ko.jpg?l=ko,27000,24300,10.0,6255,4.7,83,11,4,1,1,1,0,0,1,A000000174316,10000010001
2026-08-16,스킨케어,75,웰라쥬,[8월올영픽/속수분크림] 웰라쥬 리얼 히알루로닉 수딩 크림 80ml 기획(+20ml),https://www.oliveyoung.co.kr/store/goods/getGoodsDetail.do?goodsNo=A000000256802,https://image.oliveyoung.co.kr/cfimages/cf-goods/uploads/images/thumbnails/400/10/0000/0025/A00000025680213ko.jpg?l=ko,28000,17600,37.1,1915,4.9,91,5,2,1,0,1,1,1,1,A000000256802,10000010001
2026-08-16,스킨케어,76,라운드랩,[최초트리플/집중진정] 라운드랩 소나무 진정 시카 앰플 30ml 트리플 기획,https://www.oliveyoung.co.kr/store/goods/getGoodsDetail.do?goodsNo=A000000255242,https://image.oliveyoung.co.kr/cfimages/cf-goods/uploads/images/thumbnails/400/10/0000/0025/A00000025524214ko.png?l=ko,49900,29900,40.1,13721,4.8,88,8,2,0,0,1,0,0,1,A000000255242,10000010001
2026-08-16,스킨케어,77,에스트라,에스트라 아토베리어365 세라-히알 속수분 앰플 30ml+30ml 리필 기획,https://www.oliveyoung.co.kr/store/goods/getGoodsDetail.do?goodsNo=A000000245091,https://image.oliveyoung.co.kr/cfimages/cf-goods/uploads/images/thumbnails/400/10/0000/0024/A00000024509112ko.jpg?l=ko,47500,40370,15.0,7319,4.8,88,9,2,0,0,1,0,0,1,A000000245091,10000010001
2026-08-16,스킨케어,78,VT,[2025 어워즈] VT 리들샷100 50ml 어워즈 기획 (+리들샷300스틱파우치 5개+PDRN에센스100 15ml),https://www.oliveyoung.co.kr/store/goods/getGoodsDetail.do?goodsNo=A000000240088,https://image.oliveyoung.co.kr/cfimages/cf-goods/uploads/images/thumbnails/400/10/0000/0024/A00000024008804ko.jpg?l=ko,32000,15870,50.4,51635,4.8,88,8,3,0,1,1,1,0,1,A000000240088,10000010001
2026-08-16,스킨케어,79,오어스,[여름철속수분 / 시카진정] 오어스 히알루론시카 7초 세럼 인 앰플 105ml 기획(+15ml),https://www.oliveyoung.co.kr/store/goods/getGoodsDetail.do?goodsNo=A000000200353,https://image.oliveyoung.co.kr/cfimages/cf-goods/uploads/images/thumbnails/400/10/0000/0020/A00000020035365ko.jpg?l=ko,27000,21600,20.0,5779,4.9,91,7,2,0,0,0,1,0,1,A000000200353,10000010001
2026-08-16,스킨케어,80,아비브,아비브 어성초 테카 캡슐 세럼 카밍드롭 50+20ml 기획,https://www.oliveyoung.co.kr/store/goods/getGoodsDetail.do?goodsNo=A000000219548,https://image.oliveyoung.co.kr/cfimages/cf-goods/uploads/images/thumbnails/400/10/0000/0021/A00000021954834ko.png?l=ko,32000,22400,30.0,10765,4.7,82,11,5,1,1,1,0,0,1,A000000219548,10000010001
2026-08-16,스킨케어,81,구달,[잡티미백] 구달 청귤 비타C 잡티케어 세럼 알파 30ml 기획 (+20ml),https://www.oliveyoung.co.kr/store/goods/getGoodsDetail.do?goodsNo=A000000229789,https://image.oliveyoung.co.kr/cfimages/cf-goods/uploads/images/thumbnails/400/10/0000/0022/A00000022978923ko.jpg?l=ko,28000,22400,20.0,6530,4.8,87,9,3,0,1,1,0,0,1,A000000229789,10000010001
2026-08-16,스킨케어,82,바이오더마,바이오더마 하이드라비오 에센스로션 200ml 기획(+안개분사 미스트 증정),https://www.oliveyoung.co.kr/store/goods/getGoodsDetail.do?goodsNo=A000000226086,https://image.oliveyoung.co.kr/cfimages/cf-goods/uploads/images/thumbnails/400/10/0000/0022/A00000022608619ko.jpg?l=ko,38000,28100,26.1,20460,4.8,86,9,3,1,1,1,0,0,1,A000000226086,10000010001
2026-08-16,스킨케어,83,토리든,[NEW] 토리든 다이브인 저분자 히알루론산 세럼 50ml 기획 (+멀티 패드 10매),https://www.oliveyoung.co.kr/store/goods/getGoodsDetail.do?goodsNo=A000000258297,https://image.oliveyoung.co.kr/cfimages/cf-goods/uploads/images/thumbnails/400/10/0000/0025/A00000025829708ko.jpg?l=ko,22000,16500,25.0,5232,4.9,90,7,2,0,0,1,0,0,1,A000000258297,10000010001
2026-08-16,스킨케어,84,피지오겔,피지오겔 DMT 페이셜 보습 장벽 크림 150ml 기획(+토너 50ml),https://www.oliveyoung.co.kr/store/goods/getGoodsDetail.do?goodsNo=A000000239660,https://image.oliveyoung.co.kr/cfimages/cf-goods/uploads/images/thumbnails/400/10/0000/0023/A00000023966016ko.jpg?l=ko,47500,23900,49.7,3803,4.8,88,9,3,0,0,1,0,0,1,A000000239660,10000010001
2026-08-16,스킨케어,85,코스알엑스,[가나디 콜라보] 코스알엑스 더 6 펩타이드 화잘먹 세럼 150ml 더블 기획 (+피규어 굿즈),https://www.oliveyoung.co.kr/store/goods/getGoodsDetail.do?goodsNo=A000000258878,https://image.oliveyoung.co.kr/cfimages/cf-goods/uploads/images/thumbnails/400/10/0000/0025/A00000025887815ko.jpg?l=ko,46000,30590,33.5,10648,4.8,88,9,3,0,1,1,1,1,1,A000000258878,10000010001
2026-08-16,스킨케어,86,차앤박,[보습광채/화잘먹앰플] 차앤박 프로폴리스 에너지 액티브 앰플 30ml 2입 기획 (+15ml),https://www.oliveyoung.co.kr/store/goods/getGoodsDetail.do?goodsNo=A000000242720,https://image.oliveyoung.co.kr/cfimages/cf-goods/uploads/images/thumbnails/400/10/0000/0024/A00000024272045ko.jpg?l=ko,52000,28900,44.4,12703,4.9,91,7,2,0,0,1,0,0,1,A000000242720,10000010001
2026-08-16,스킨케어,87,메디큐브,[여배우광채크림] 메디큐브 PDRN 핑크 콜라겐 캡슐크림 55g 기획 (+4.5g*2ea),https://www.oliveyoung.co.kr/store/goods/getGoodsDetail.do?goodsNo=A000000248826,https://image.oliveyoung.co.kr/cfimages/cf-goods/uploads/images/thumbnails/400/10/0000/0024/A00000024882629ko.png?l=ko,33300,23800,28.5,1539,4.7,82,12,5,1,1,1,0,1,1,A000000248826,10000010001
2026-08-16,스킨케어,88,피지오겔,피지오겔 DMT 페이셜 로션 200ml 기획 (+토너 50ml),https://www.oliveyoung.co.kr/store/goods/getGoodsDetail.do?goodsNo=A000000251468,https://image.oliveyoung.co.kr/cfimages/cf-goods/uploads/images/thumbnails/400/10/0000/0025/A00000025146807ko.jpg?l=ko,38000,20900,45.0,6115,4.9,89,8,2,0,0,1,0,0,1,A000000251468,10000010001
2026-08-16,스킨케어,89,넘버즈인,[화잘먹] 넘버즈인 3번 보들보들 모공결 세럼 30ml 더블 기획,https://www.oliveyoung.co.kr/store/goods/getGoodsDetail.do?goodsNo=A000000250773,https://image.oliveyoung.co.kr/cfimages/cf-goods/uploads/images/thumbnails/400/10/0000/0025/A00000025077324ko.jpg?l=ko,42000,26900,36.0,6704,4.8,88,8,3,1,1,1,0,0,1,A000000250773,10000010001
2026-08-16,스킨케어,90,한율,[1+1] 한율 트러블 진정 쑥시카 수분 크림 기획 (55ml+55ml),https://www.oliveyoung.co.kr/store/goods/getGoodsDetail.do?goodsNo=A000000222882,https://image.oliveyoung.co.kr/cfimages/cf-goods/uploads/images/thumbnails/400/10/0000/0022/A00000022288222ko.jpg?l=ko,38000,27300,28.2,7541,4.8,86,10,3,0,1,1,1,1,1,A000000222882,10000010001
2026-08-16,스킨케어,91,메디큐브,[대용량리필] 메디큐브 제로 모공 원데이 펩타이드 세럼 30ml 리필기획 (+리필팩 50ml),https://www.oliveyoung.co.kr/store/goods/getGoodsDetail.do?goodsNo=A000000259605,https://image.oliveyoung.co.kr/cfimages/cf-goods/uploads/images/thumbnails/400/10/0000/0025/A00000025960524ko.png?l=ko,46000,24600,46.5,381,4.8,84,10,4,1,1,1,0,1,1,A000000259605,10000010001
2026-08-16,스킨케어,92,메디힐,[1+1/수분흔적크림] 메디힐 마데카소사이드 더마 크림 50+50ml 더블 기획,https://www.oliveyoung.co.kr/store/goods/getGoodsDetail.do?goodsNo=A000000244987,https://image.oliveyoung.co.kr/cfimages/cf-goods/uploads/images/thumbnails/400/10/0000/0024/A00000024498729ko.jpg?l=ko,39000,23400,40.0,8011,4.8,85,10,4,1,1,1,1,1,1,A000000244987,10000010001
2026-08-16,스킨케어,93,셀리맥스,[속보습/속광/진정] 셀리맥스 더 리얼 노니 에너지 앰플 80ml 기획(+10ml),https://www.oliveyoung.co.kr/store/goods/getGoodsDetail.do?goodsNo=A000000203971,https://image.oliveyoung.co.kr/cfimages/cf-goods/uploads/images/thumbnails/400/10/0000/0020/A00000020397136ko.png?l=ko,33000,29700,10.0,16539,4.8,85,11,3,0,0,1,0,0,1,A000000203971,10000010001
2026-08-16,스킨케어,94,파넬,[1등 진정세럼/대용량] 파넬 시카마누 92세럼 50ml 더블기획 (총 100ml),https://www.oliveyoung.co.kr/store/goods/getGoodsDetail.do?goodsNo=A000000259488,https://image.oliveyoung.co.kr/cfimages/cf-goods/uploads/images/thumbnails/400/10/0000/0025/A00000025948815ko.jpg?l=ko,52000,35900,31.0,17037,4.8,87,8,3,1,1,1,0,0,1,A000000259488,10000010001
2026-08-16,스킨케어,95,에스트라,에스트라 아토베리어365 로션 150ml,https://www.oliveyoung.co.kr/store/goods/getGoodsDetail.do?goodsNo=A000000198321,https://image.oliveyoung.co.kr/cfimages/cf-goods/uploads/images/thumbnails/400/10/0000/0019/A00000019832106ko.jpg?l=ko,33000,33000,0.0,2193,4.8,88,8,3,0,1,0,0,0,1,A000000198321,10000010001
2026-08-16,스킨케어,96,프리메라,[탄력광채] 프리메라 비타티놀 바운시 리프트 세럼 25g 기획/단품,https://www.oliveyoung.co.kr/store/goods/getGoodsDetail.do?goodsNo=A000000231293,https://image.oliveyoung.co.kr/cfimages/cf-goods/uploads/images/thumbnails/400/10/0000/0023/A00000023129358ko.jpg?l=ko,32500,32500,0.0,5337,4.8,85,11,3,0,1,0,0,1,1,A000000231293,10000010001
2026-08-16,스킨케어,97,메디힐,[업그레이드 모공탄력세럼] 메디힐 PDRN 더마 세럼 50+50mL 기획,https://www.oliveyoung.co.kr/store/goods/getGoodsDetail.do?goodsNo=A000000261744,https://image.oliveyoung.co.kr/cfimages/cf-goods/uploads/images/thumbnails/400/10/0000/0026/A00000026174403ko.png?l=ko,43000,24400,43.3,16,4.9,94,6,,,,1,1,1,1,A000000261744,10000010001
2026-08-16,스킨케어,98,바이오더마,바이오더마 하이드라비오 토너 250ml,https://www.oliveyoung.co.kr/store/goods/getGoodsDetail.do?goodsNo=A000000004434,https://image.oliveyoung.co.kr/cfimages/cf-goods/uploads/images/thumbnails/400/10/0000/0000/A00000000443410ko.jpg?l=ko,29500,29500,0.0,12619,4.8,86,11,3,0,0,0,0,0,1,A000000004434,10000010001
2026-08-16,스킨케어,99,메디큐브 에이지알,[물방울초음파] 메디큐브 에이지알 부스터 글로우 (로즈핑크/그레이),https://www.oliveyoung.co.kr/store/goods/getGoodsDetail.do?goodsNo=A000000252875,https://image.oliveyoung.co.kr/cfimages/cf-goods/uploads/images/thumbnails/400/10/0000/0025/A00000025287513ko.jpg?l=ko,388500,259000,33.3,163,4.8,84,12,4,,,1,0,0,1,A000000252875,10000010001
2026-08-16,스킨케어,100,웰라쥬,[8월올영픽][첫수분토너/대용량] 웰라쥬 리얼 히알루로닉 100 토너 300ml 기획 (+화장솜 60매),https://www.oliveyoung.co.kr/store/goods/getGoodsDetail.do?goodsNo=A000000188874,https://image.oliveyoung.co.kr/cfimages/cf-goods/uploads/images/thumbnails/400/10/0000/0018/A00000018887452ko.jpg?l=ko,28000,19400,30.7,3388,4.8,88,8,3,0,0,1,1,1,1,A000000188874,10000010001
2026-08-16,마스크팩,1,메디힐,[15년 연속 1위] 메디힐 에센셜 마스크팩 10/10+1매 기획 7종 골라담기,https://www.oliveyoung.co.kr/store/goods/getGoodsDetail.do?goodsNo=A000000223414,https://image.oliveyoung.co.kr/cfimages/cf-goods/uploads/images/thumbnails/400/10/0000/0022/A000000223414117ko.jpg?l=ko,20000,10000,50.0,473810,4.9,91,7,2,0,0,1,0,1,1,A000000223414,10000010009
2026-08-16,마스크팩,2,메디힐,[업그레이드 리뉴얼/단독기획] 메디힐 더마 패드 200매 대용량 기획 세트 7종 골라담기,https://www.oliveyoung.co.kr/store/goods/getGoodsDetail.do?goodsNo=A000000171427,https://image.oliveyoung.co.kr/cfimages/cf-goods/uploads/images/thumbnails/400/10/0000/0017/A000000171427227ko.png?l=ko,39900,28600,28.3,78631,4.8,85,10,3,1,1,1,1,1,1,A000000171427,10000010009
2026-08-16,마스크팩,3,듀이트리,[모공진정/버블팩] 듀이트리 AC 딥 카밍 버블팩 100ml 기획 (+팩 브러쉬),https://www.oliveyoung.co.kr/store/goods/getGoodsDetail.do?goodsNo=A000000263876,https://image.oliveyoung.co.kr/cfimages/cf-goods/uploads/images/thumbnails/400/10/0000/0026/A00000026387602ko.jpg?l=ko,28000,22610,19.2,0,0.0,,,,,,1,1,0,1,A000000263876,10000010009
2026-08-16,마스크팩,4,메디힐,[15년연속 1위] 메디힐 에센셜 마스크팩 1매 고기능 7종 골라담기,https://www.oliveyoung.co.kr/store/goods/getGoodsDetail.do?goodsNo=A000000217620,https://image.oliveyoung.co.kr/cfimages/cf-goods/uploads/images/thumbnails/400/10/0000/0021/A00000021762059ko.png?l=ko,2000,1000,50.0,519364,4.9,89,8,2,0,0,1,0,1,1,A000000217620,10000010009
2026-08-16,마스크팩,5,이옴,[8월올영픽/최예나PICK] 이옴 트러블 패치 마스크 3매,https://www.oliveyoung.co.kr/store/goods/getGoodsDetail.do?goodsNo=A000000248829,https://image.oliveyoung.co.kr/cfimages/cf-goods/uploads/images/thumbnails/400/10/0000/0024/A00000024882926ko.jpg?l=ko,21000,13500,35.7,6351,4.7,81,10,6,2,1,1,1,0,1,A000000248829,10000010009
2026-08-16,마스크팩,6,스킨푸드,[1+1/한정기획] 스킨푸드 캐롯 카로틴 카밍 워터 패드 60매 더블기획 (+PDRN 패드 2매*3),https://www.oliveyoung.co.kr/store/goods/getGoodsDetail.do?goodsNo=A000000255585,https://image.oliveyoung.co.kr/cfimages/cf-goods/uploads/images/thumbnails/400/10/0000/0025/A00000025558508ko.jpg?l=ko,42000,25900,38.3,104969,4.8,89,8,2,0,1,1,1,1,1,A000000255585,10000010009
2026-08-16,마스크팩,7,메디힐,"[단독기획] 메디힐 콜라겐 캡슐 패치 60+60매 더블 기획 2종 (레티놀, 비타민C)",https://www.oliveyoung.co.kr/store/goods/getGoodsDetail.do?goodsNo=A000000233470,https://image.oliveyoung.co.kr/cfimages/cf-goods/uploads/images/thumbnails/400/10/0000/0023/A00000023347020ko.png?l=ko,45000,26400,41.3,6640,4.7,81,12,5,1,1,1,0,1,1,A000000233470,10000010009
2026-08-16,마스크팩,8,메노킨,[1위 원조 버블팩] 메노킨 30초 퀵 버블 마스크 6종 택1(+팩브러쉬 증정),https://www.oliveyoung.co.kr/store/goods/getGoodsDetail.do?goodsNo=A000000234422,https://image.oliveyoung.co.kr/cfimages/cf-goods/uploads/images/thumbnails/400/10/0000/0023/A00000023442247ko.jpg?l=ko,28500,25300,11.2,24441,4.8,87,7,3,1,1,1,0,1,1,A000000234422,10000010009
2026-08-16,마스크팩,9,넘버즈인,[8월올영픽/10매] 넘버즈인 마스크팩 10매 기획 2종 중 택 1 (1번/4번),https://www.oliveyoung.co.kr/store/goods/getGoodsDetail.do?goodsNo=A000000205979,https://image.oliveyoung.co.kr/cfimages/cf-goods/uploads/images/thumbnails/400/10/0000/0020/A00000020597956ko.jpg?l=ko,40000,16900,57.8,154073,4.8,88,8,3,1,0,1,1,0,1,A000000205979,10000010009
2026-08-16,마스크팩,10,토르홉,[온열소금팩/화잘먹] 토르홉 사우난지앙 솔트마스크 90+7g 미니 기획,https://www.oliveyoung.co.kr/store/goods/getGoodsDetail.do?goodsNo=A000000202947,https://image.oliveyoung.co.kr/cfimages/cf-goods/uploads/images/thumbnails/400/10/0000/0020/A00000020294761ko.png?l=ko,31500,24510,22.2,8078,4.7,80,13,5,1,1,1,1,0,1,A000000202947,10000010009
2026-08-16,마스크팩,11,아비브,아비브 어성초 흔적 에센스 패드 클리어터치 70매 리필기획 (+70매 리필),https://www.oliveyoung.co.kr/store/goods/getGoodsDetail.do?goodsNo=A000000219555,https://image.oliveyoung.co.kr/cfimages/cf-goods/uploads/images/thumbnails/400/10/0000/0021/A00000021955580ko.png?l=ko,40000,28000,30.0,27989,4.8,87,9,3,1,1,1,0,0,1,A000000219555,10000010009
2026-08-16,마스크팩,12,메디힐,[8+1매 단독기획] 메디힐 하이퍼 겔마스크 4종 (콜라겐/PDRN/마데카소사이드/히알루론산),https://www.oliveyoung.co.kr/store/goods/getGoodsDetail.do?goodsNo=A000000239102,https://image.oliveyoung.co.kr/cfimages/cf-goods/uploads/images/thumbnails/400/10/0000/0023/A00000023910258ko.jpg?l=ko,36000,25200,30.0,49201,4.8,87,9,2,0,0,1,0,1,1,A000000239102,10000010009
2026-08-16,마스크팩,13,메디힐,[업그레이드 리뉴얼/87관왕 No.1] 메디힐 더마 토너패드 100매 7종 피부 고민별 골라담기,https://www.oliveyoung.co.kr/store/goods/getGoodsDetail.do?goodsNo=A000000171426,https://image.oliveyoung.co.kr/cfimages/cf-goods/uploads/images/thumbnails/400/10/0000/0017/A000000171426106ko.png?l=ko,26000,17900,31.2,82923,4.8,86,10,3,1,1,1,0,1,1,A000000171426,10000010009
2026-08-16,마스크팩,14,넘버즈인,[8월올영픽/대용량140매] 넘버즈인 1번 시카 갈아만든 초록패드 70매 리필기획 (+70매 리필),https://www.oliveyoung.co.kr/store/goods/getGoodsDetail.do?goodsNo=A000000182630,https://image.oliveyoung.co.kr/cfimages/cf-goods/uploads/images/thumbnails/400/10/0000/0018/A00000018263085ko.jpg?l=ko,42000,25900,38.3,27809,4.8,85,11,3,1,0,1,1,0,1,A000000182630,10000010009
2026-08-16,마스크팩,15,바이오던스,"[3시간팩] 바이오던스 리얼 딥 마스크 7매 4종 (콜라겐, 세라놀, 씨켈프, 비타)",https://www.oliveyoung.co.kr/store/goods/getGoodsDetail.do?goodsNo=A000000221807,https://image.oliveyoung.co.kr/cfimages/cf-goods/uploads/images/thumbnails/400/10/0000/0022/A00000022180723ko.jpg?l=ko,35000,29900,14.6,11158,4.8,85,10,3,1,1,1,0,0,1,A000000221807,10000010009
2026-08-16,마스크팩,16,셀리맥스,[잡티미백/TXA] 셀리맥스 트라넥삼산 브라이트닝 크림 랩핑 마스크 5매 기획 (+1매),https://www.oliveyoung.co.kr/store/goods/getGoodsDetail.do?goodsNo=A000000240462,https://image.oliveyoung.co.kr/cfimages/cf-goods/uploads/images/thumbnails/400/10/0000/0024/A00000024046214ko.png?l=ko,26800,23400,12.7,2536,4.9,92,5,2,1,0,1,0,0,1,A000000240462,10000010009
2026-08-16,마스크팩,17,바이오던스,[모공탄력/수분진정] 바이오던스 겔 토너 패드 60매 단품/기획(+4매 증정) (콜라겐/세라놀/캐비어 PDRN),https://www.oliveyoung.co.kr/store/goods/getGoodsDetail.do?goodsNo=A000000215305,https://image.oliveyoung.co.kr/cfimages/cf-goods/uploads/images/thumbnails/400/10/0000/0021/A00000021530540ko.jpg?l=ko,26000,18900,27.3,7036,4.7,79,12,6,2,1,1,1,0,1,A000000215305,10000010009
2026-08-16,마스크팩,18,마몽드,[8월 올영픽/지성화잘먹] 마몽드 포어 컨트롤 피어니 리퀴드 마스크 외 1종 리필 기획 (+80ml 리필),https://www.oliveyoung.co.kr/store/goods/getGoodsDetail.do?goodsNo=A000000258670,https://image.oliveyoung.co.kr/cfimages/cf-goods/uploads/images/thumbnails/400/10/0000/0025/A00000025867018ko.jpg?l=ko,30000,25650,14.5,19459,4.7,81,12,5,1,1,1,1,1,1,A000000258670,10000010009
2026-08-16,마스크팩,19,바노바기,[쿨링진정/민혁PICK] 바노바기 비타 제닉 젤리 마스크 10매 7종 택 1,https://www.oliveyoung.co.kr/store/goods/getGoodsDetail.do?goodsNo=A000000240465,https://image.oliveyoung.co.kr/cfimages/cf-goods/uploads/images/thumbnails/400/10/0000/0024/A00000024046537ko.jpg?l=ko,30000,13900,53.7,18132,4.9,96,3,1,0,0,1,0,0,1,A000000240465,10000010009
2026-08-16,마스크팩,20,토리든,[NEW] 토리든 다이브인 저분자 히알루론산 마스크 20매,https://www.oliveyoung.co.kr/store/goods/getGoodsDetail.do?goodsNo=A000000257740,https://image.oliveyoung.co.kr/cfimages/cf-goods/uploads/images/thumbnails/400/10/0000/0025/A00000025774002ko.jpg?l=ko,60000,30000,50.0,508,4.9,93,6,1,,0,1,0,0,1,A000000257740,10000010009
2026-08-16,마스크팩,21,메디큐브,[1등/아이돌 모공패드] 메디큐브 제로 모공 패드 1+1 140매 리필 기획 (본품70매+리필 70매),https://www.oliveyoung.co.kr/store/goods/getGoodsDetail.do?goodsNo=A000000255682,https://image.oliveyoung.co.kr/cfimages/cf-goods/uploads/images/thumbnails/400/10/0000/0025/A00000025568253ko.png?l=ko,33000,28900,12.4,12491,4.7,83,11,5,1,1,1,0,1,1,A000000255682,10000010009
2026-08-16,마스크팩,22,아비브,[6매/단독기획] 아비브 껌딱지 시트 마스크 스티커 5매 (+1매 증정기획)(어성초/밀크/마데카),https://www.oliveyoung.co.kr/store/goods/getGoodsDetail.do?goodsNo=A000000188270,https://image.oliveyoung.co.kr/cfimages/cf-goods/uploads/images/thumbnails/400/10/0000/0018/A00000018827019ko.png?l=ko,20000,10000,50.0,90873,4.9,91,7,2,0,0,1,0,0,1,A000000188270,10000010009
2026-08-16,마스크팩,23,리터니티,[원조율무팩] 리터니티 율무 요철모공 팩 120g 기획세트,https://www.oliveyoung.co.kr/store/goods/getGoodsDetail.do?goodsNo=A000000198780,https://image.oliveyoung.co.kr/cfimages/cf-goods/uploads/images/thumbnails/400/10/0000/0019/A00000019878057ko.png?l=ko,34000,25900,23.8,4395,4.7,80,14,5,1,1,1,0,0,1,A000000198780,10000010009
2026-08-16,마스크팩,24,하우스오브비,[올영 1위 마스크팩 / 300만장 돌파]하우스오브비 페이스필름 4매 (글루타치온/피디알엔),https://www.oliveyoung.co.kr/store/goods/getGoodsDetail.do?goodsNo=A000000212579,https://image.oliveyoung.co.kr/cfimages/cf-goods/uploads/images/thumbnails/400/10/0000/0021/A00000021257909ko.png?l=ko,40000,28800,28.0,6759,4.9,93,5,2,0,0,1,1,0,1,A000000212579,10000010009
2026-08-16,마스크팩,25,메디힐,[장도연 PICK/초밀착 세럼팩] 메디힐 랩핑 세럼 마스크 10매 6종,https://www.oliveyoung.co.kr/store/goods/getGoodsDetail.do?goodsNo=A000000229695,https://image.oliveyoung.co.kr/cfimages/cf-goods/uploads/images/thumbnails/400/10/0000/0022/A00000022969544ko.jpg?l=ko,30000,15900,47.0,41711,4.8,88,9,2,0,0,1,1,1,1,A000000229695,10000010009
2026-08-16,마스크팩,26,일소,[1등코팩/피지순삭] 일소 네추럴 마일드 클리어 노우즈 팩 10매 (대용량),https://www.oliveyoung.co.kr/store/goods/getGoodsDetail.do?goodsNo=A000000180455,https://image.oliveyoung.co.kr/cfimages/cf-goods/uploads/images/thumbnails/400/10/0000/0018/A00000018045564ko.jpg?l=ko,25000,22000,12.0,44536,4.7,82,12,5,1,1,1,0,0,1,A000000180455,10000010009
2026-08-16,마스크팩,27,한율,[최초/1+1] 한율 패드 리필 기획 2종 택1 (쑥시카 트러블진정/쑥히알 속수분),https://www.oliveyoung.co.kr/store/goods/getGoodsDetail.do?goodsNo=A000000259474,https://image.oliveyoung.co.kr/cfimages/cf-goods/uploads/images/thumbnails/400/10/0000/0025/A00000025947412ko.jpg?l=ko,40000,26200,34.5,6588,4.8,85,10,3,1,0,1,1,1,1,A000000259474,10000010009
2026-08-16,마스크팩,28,프롬리에,[100만장 돌파/단독기획] 프롬리에 EGF 피지팩 하이퍼 액티브 모공 피지 마스크 4+1 증정,https://www.oliveyoung.co.kr/store/goods/getGoodsDetail.do?goodsNo=A000000254427,https://image.oliveyoung.co.kr/cfimages/cf-goods/uploads/images/thumbnails/400/10/0000/0025/A00000025442713ko.jpg?l=ko,30000,19900,33.7,3846,4.7,80,11,5,1,2,1,1,0,1,A000000254427,10000010009
2026-08-16,마스크팩,29,비플레인,[8월올영픽/3분모공팩] 비플레인 녹두 모공 클레이 팩 200ml 기획 (+실리콘 브러쉬),https://www.oliveyoung.co.kr/store/goods/getGoodsDetail.do?goodsNo=A000000260528,https://image.oliveyoung.co.kr/cfimages/cf-goods/uploads/images/thumbnails/400/10/0000/0026/A00000026052809ko.jpg?l=ko,38000,18400,51.6,9534,4.7,81,13,4,1,1,1,1,0,1,A000000260528,10000010009
2026-08-16,마스크팩,30,아누아,[수지pick/단독기획] 아누아 데일리케어 마스크팩 5매 기획 8종(+1매 or +2매 추가 증정),https://www.oliveyoung.co.kr/store/goods/getGoodsDetail.do?goodsNo=A000000231836,https://image.oliveyoung.co.kr/cfimages/cf-goods/uploads/images/thumbnails/400/10/0000/0023/A00000023183640ko.png?l=ko,20000,9500,52.5,30979,4.8,86,10,3,1,0,1,0,1,1,A000000231836,10000010009
2026-08-16,마스크팩,31,메디큐브,[1등모공패드] 메디큐브 제로 모공 패드 2.0 70매,https://www.oliveyoung.co.kr/store/goods/getGoodsDetail.do?goodsNo=A000000161681,https://image.oliveyoung.co.kr/cfimages/cf-goods/uploads/images/thumbnails/400/10/0000/0016/A00000016168148ko.png?l=ko,24500,17900,26.9,15065,4.7,79,15,5,1,1,1,0,1,1,A000000161681,10000010009
2026-08-16,마스크팩,32,리쥬란,[126매 대용량/올리브영 단독] 리쥬란 포어 타이트닝 토너 패드 60매 더블 한정 기획,https://www.oliveyoung.co.kr/store/goods/getGoodsDetail.do?goodsNo=A000000236767,https://image.oliveyoung.co.kr/cfimages/cf-goods/uploads/images/thumbnails/400/10/0000/0023/A00000023676730ko.jpg?l=ko,45000,37000,17.8,2840,4.8,88,9,3,0,1,1,0,0,1,A000000236767,10000010009
2026-08-16,마스크팩,33,쥬베룩,쥬베룩 PDLLA 콜라겐 부스팅 마스크 4매,https://www.oliveyoung.co.kr/store/goods/getGoodsDetail.do?goodsNo=A000000253919,https://image.oliveyoung.co.kr/cfimages/cf-goods/uploads/images/thumbnails/400/10/0000/0025/A00000025391912ko.jpg?l=ko,36000,33400,7.2,772,4.9,93,4,1,1,0,1,0,1,1,A000000253919,10000010009
2026-08-16,마스크팩,34,스트라이덱스,[각질/피지] 스트라이덱스 센시티브 패드 90매,https://www.oliveyoung.co.kr/store/goods/getGoodsDetail.do?goodsNo=A000000114166,https://image.oliveyoung.co.kr/cfimages/cf-goods/uploads/images/thumbnails/400/10/0000/0011/A00000011416620ko.jpg?l=ko,13900,10420,25.0,29563,4.7,80,14,4,1,1,1,0,0,1,A000000114166,10000010009
2026-08-16,마스크팩,35,코스알엑스,[가나디 콜라보] 코스알엑스 원스텝 오리지널 패드 4종 택 1,https://www.oliveyoung.co.kr/store/goods/getGoodsDetail.do?goodsNo=A000000258881,https://image.oliveyoung.co.kr/cfimages/cf-goods/uploads/images/thumbnails/400/10/0000/0025/A00000025888122ko.jpg?l=ko,24000,17900,25.4,1752,4.8,87,8,3,1,1,1,1,1,1,A000000258881,10000010009
2026-08-16,마스크팩,36,셀퓨전씨,[핑구콜라보 빙하수쿨링패드] 셀퓨전씨 포스트 알파 쿨링 패드 70매 1+1 기획,https://www.oliveyoung.co.kr/store/goods/getGoodsDetail.do?goodsNo=A000000205435,https://image.oliveyoung.co.kr/cfimages/cf-goods/uploads/images/thumbnails/400/10/0000/0020/A00000020543537ko.jpg?l=ko,29900,24900,16.7,11451,4.8,87,9,3,0,0,1,0,0,1,A000000205435,10000010009
2026-08-16,마스크팩,37,디어소녀,[100만장완판/5분겔팩] 디어소녀 수분폭발 젤리찰떡팩 10매,https://www.oliveyoung.co.kr/store/goods/getGoodsDetail.do?goodsNo=A000000259786,https://image.oliveyoung.co.kr/cfimages/cf-goods/uploads/images/thumbnails/400/10/0000/0025/A00000025978605ko.jpg?l=ko,15000,9900,34.0,2584,4.9,95,4,1,0,0,1,0,0,1,A000000259786,10000010009
2026-08-16,마스크팩,38,바이오던스,"[원조겔팩] 바이오던스 리얼 딥 마스크 4매 (PDRN, 콜라겐, 세라놀, 비타, 씨켈프)",https://www.oliveyoung.co.kr/store/goods/getGoodsDetail.do?goodsNo=A000000181343,https://image.oliveyoung.co.kr/cfimages/cf-goods/uploads/images/thumbnails/400/10/0000/0018/A00000018134348ko.jpg?l=ko,20000,18900,5.5,7587,4.8,85,9,4,1,1,1,0,0,1,A000000181343,10000010009
2026-08-16,마스크팩,39,라운드랩,[최초케이스증정] 라운드랩 자작나무 수분 패드 80매 더블기획(+패드 케이스+내장집게),https://www.oliveyoung.co.kr/store/goods/getGoodsDetail.do?goodsNo=A000000254249,https://image.oliveyoung.co.kr/cfimages/cf-goods/uploads/images/thumbnails/400/10/0000/0025/A00000025424910ko.jpg?l=ko,34000,28000,17.6,14236,4.9,90,8,2,0,0,1,0,0,1,A000000254249,10000010009
2026-08-16,마스크팩,40,브링그린,[1분진정] 브링그린 티트리 시카 트러블 수딩 토너패드 90매 (리필/단품),https://www.oliveyoung.co.kr/store/goods/getGoodsDetail.do?goodsNo=A000000185115,https://image.oliveyoung.co.kr/cfimages/cf-goods/uploads/images/thumbnails/400/10/0000/0018/A00000018511550ko.jpg?l=ko,37800,21400,43.4,12215,4.8,84,11,3,1,0,1,1,0,1,A000000185115,10000010009
2026-08-16,마스크팩,41,바이오던스,[원조겔팩] 바이오던스 리얼 딥 마스크 16매 (콜라겐/세라놀),https://www.oliveyoung.co.kr/store/goods/getGoodsDetail.do?goodsNo=A000000184348,https://image.oliveyoung.co.kr/cfimages/cf-goods/uploads/images/thumbnails/400/10/0000/0018/A00000018434845ko.jpg?l=ko,80000,68000,15.0,4786,4.8,85,12,3,0,1,1,0,0,1,A000000184348,10000010009
2026-08-16,마스크팩,42,아비브,[1매/3종] 아비브 콜라겐 겔 마스크 1매 (어성초/수분초/부활초),https://www.oliveyoung.co.kr/store/goods/getGoodsDetail.do?goodsNo=A000000184496,https://image.oliveyoung.co.kr/cfimages/cf-goods/uploads/images/thumbnails/400/10/0000/0018/A00000018449618ko.png?l=ko,5000,3000,40.0,17380,4.8,83,11,4,1,1,1,0,0,1,A000000184496,10000010009
2026-08-16,마스크팩,43,넘버즈인,"[10매] 넘버즈인 마스크팩 10매 기획 3종 중 택 1 (2번,3번,5번)",https://www.oliveyoung.co.kr/store/goods/getGoodsDetail.do?goodsNo=A000000206850,https://image.oliveyoung.co.kr/cfimages/cf-goods/uploads/images/thumbnails/400/10/0000/0020/A00000020685007ko.jpg?l=ko,40000,17900,55.2,44941,4.8,87,9,3,1,1,1,0,0,1,A000000206850,10000010009
2026-08-16,마스크팩,44,하우스오브비,[1위마스크팩/300만장판매]하우스오브비 글루타치온 페이스필름 8매,https://www.oliveyoung.co.kr/store/goods/getGoodsDetail.do?goodsNo=A000000239107,https://image.oliveyoung.co.kr/cfimages/cf-goods/uploads/images/thumbnails/400/10/0000/0023/A00000023910715ko.jpg?l=ko,80000,56000,30.0,6546,4.9,93,5,2,0,0,1,0,1,1,A000000239107,10000010009
2026-08-16,마스크팩,45,바이오힐보,[콜라겐|광채탄력] 바이오힐보 프로바이오덤 콜라겐 리모델링 세럼 겔 마스크 (1매/다매입),https://www.oliveyoung.co.kr/store/goods/getGoodsDetail.do?goodsNo=A000000204388,https://image.oliveyoung.co.kr/cfimages/cf-goods/uploads/images/thumbnails/400/10/0000/0020/A00000020438842ko.jpg?l=ko,42000,22000,47.6,6341,4.8,84,12,3,1,1,1,0,0,1,A000000204388,10000010009
2026-08-16,마스크팩,46,셀리맥스,[민감/여드름피부/토너패드] 셀리맥스 지우개 시카 바하 블레미쉬 토너 패드 60매 기획 (+60매),https://www.oliveyoung.co.kr/store/goods/getGoodsDetail.do?goodsNo=A000000240549,https://image.oliveyoung.co.kr/cfimages/cf-goods/uploads/images/thumbnails/400/10/0000/0024/A00000024054910ko.png?l=ko,29500,26500,10.2,2641,4.9,93,5,2,0,0,1,0,0,1,A000000240549,10000010009
2026-08-16,마스크팩,47,메디힐,[스패츌러 증정] 메디힐 블랙헤드 멜팅 클리어 코팩 4매 피지연화,https://www.oliveyoung.co.kr/store/goods/getGoodsDetail.do?goodsNo=A000000202899,https://image.oliveyoung.co.kr/cfimages/cf-goods/uploads/images/thumbnails/400/10/0000/0020/A00000020289924ko.jpg?l=ko,14000,10900,22.1,24860,4.9,90,7,2,0,0,1,0,1,1,A000000202899,10000010009
2026-08-16,마스크팩,48,스킨푸드,[한정기획] 스킨푸드 당근 PDRN 속수분 패드 100매 기획 (+10매*3),https://www.oliveyoung.co.kr/store/goods/getGoodsDetail.do?goodsNo=A000000255579,https://image.oliveyoung.co.kr/cfimages/cf-goods/uploads/images/thumbnails/400/10/0000/0025/A00000025557911ko.jpg?l=ko,29000,18900,34.8,1656,4.8,90,6,2,1,1,1,1,1,1,A000000255579,10000010009
2026-08-16,마스크팩,49,토리든,토리든 다이브인/밸런스풀 패드 증정기획 2종 택 1 (+10매 증정)(수분/진정),https://www.oliveyoung.co.kr/store/goods/getGoodsDetail.do?goodsNo=A000000173588,https://image.oliveyoung.co.kr/cfimages/cf-goods/uploads/images/thumbnails/400/10/0000/0017/A00000017358824ko.jpg?l=ko,23000,16100,30.0,13529,4.8,83,12,4,1,1,1,0,0,1,A000000173588,10000010009
2026-08-16,마스크팩,50,마몽드,[NEW/화잘먹 3종] 마몽드 리퀴드 마스크 80ml_로즈/피어니(지성)/데이지(미백),https://www.oliveyoung.co.kr/store/goods/getGoodsDetail.do?goodsNo=A000000200805,https://image.oliveyoung.co.kr/cfimages/cf-goods/uploads/images/thumbnails/400/10/0000/0020/A000000200805126ko.jpg?l=ko,30000,21900,27.0,19785,4.7,81,12,5,1,1,1,0,1,1,A000000200805,10000010009
2026-08-16,마스크팩,51,메디힐,"[피지흡착/모공쿨링] 메디힐 바이오 세컨덤 마스크 1매 3종 (마데카소사이드, PDRN, 히알루론산)",https://www.oliveyoung.co.kr/store/goods/getGoodsDetail.do?goodsNo=A000000229375,https://image.oliveyoung.co.kr/cfimages/cf-goods/uploads/images/thumbnails/400/10/0000/0022/A00000022937509ko.jpg?l=ko,5000,2500,50.0,29444,4.8,87,9,3,1,0,1,0,1,1,A000000229375,10000010009
2026-08-16,마스크팩,52,어나더페이스,[1등 착붙3시간팩] 어나더페이스 하이드로겔 마스크팩 4매입 2종 및 기획 택1,https://www.oliveyoung.co.kr/store/goods/getGoodsDetail.do?goodsNo=A000000232710,https://image.oliveyoung.co.kr/cfimages/cf-goods/uploads/images/thumbnails/400/10/0000/0023/A00000023271030ko.jpg?l=ko,20000,15840,20.8,20743,5.0,98,2,0,0,0,1,1,1,1,A000000232710,10000010009
2026-08-16,마스크팩,53,듀이트리,[열감진정/단독기획] 듀이트리 AC 딥 진정 모공 패드 100매,https://www.oliveyoung.co.kr/store/goods/getGoodsDetail.do?goodsNo=A000000239969,https://image.oliveyoung.co.kr/cfimages/cf-goods/uploads/images/thumbnails/400/10/0000/0023/A00000023996912ko.jpg?l=ko,26000,20900,19.6,15972,4.8,85,11,3,1,1,1,0,0,1,A000000239969,10000010009
2026-08-16,마스크팩,54,스트라이덱스,[여드름/좁쌀] 스트라이덱스 맥스플러스패드 55매,https://www.oliveyoung.co.kr/store/goods/getGoodsDetail.do?goodsNo=A000000205870,https://image.oliveyoung.co.kr/cfimages/cf-goods/uploads/images/thumbnails/400/10/0000/0020/A00000020587016ko.jpg?l=ko,12900,10960,15.0,8865,4.7,82,12,4,1,1,1,0,0,1,A000000205870,10000010009
2026-08-16,마스크팩,55,토리든,[단독기획] 토리든 마스크 시트 5+1매 3종 (수분/진정/브라이트닝) (AD),https://www.oliveyoung.co.kr/store/goods/getGoodsDetail.do?goodsNo=A000000257739,https://image.oliveyoung.co.kr/cfimages/cf-goods/uploads/images/thumbnails/400/10/0000/0025/A00000025773902ko.jpg?l=ko,15000,9000,40.0,251,4.9,92,6,2,,0,1,0,0,1,A000000257739,10000010009
2026-08-16,마스크팩,56,메디힐,[쿨링진정] 메디힐 모델링팩&앰플 풀세트 5종 골라담기,https://www.oliveyoung.co.kr/store/goods/getGoodsDetail.do?goodsNo=A000000202914,https://image.oliveyoung.co.kr/cfimages/cf-goods/uploads/images/thumbnails/400/10/0000/0020/A00000020291449ko.png?l=ko,5000,3400,32.0,31510,4.8,86,10,3,0,0,1,0,1,1,A000000202914,10000010009
2026-08-16,마스크팩,57,넘버즈인,[1매] 넘버즈인 1번~5번 마스크팩 5종 중 택 1,https://www.oliveyoung.co.kr/store/goods/getGoodsDetail.do?goodsNo=A000000160901,https://image.oliveyoung.co.kr/cfimages/cf-goods/uploads/images/thumbnails/400/10/0000/0016/A00000016090137ko.png?l=ko,4000,2000,50.0,154073,4.8,88,8,3,1,0,1,0,0,1,A000000160901,10000010009
2026-08-16,마스크팩,58,넘버즈인,"[대용량140매] 넘버즈인 토너패드 리필 기획(3번, 5번)",https://www.oliveyoung.co.kr/store/goods/getGoodsDetail.do?goodsNo=A000000255375,https://image.oliveyoung.co.kr/cfimages/cf-goods/uploads/images/thumbnails/400/10/0000/0025/A00000025537512ko.jpg?l=ko,42000,26900,36.0,21361,4.8,83,12,4,1,1,1,0,0,1,A000000255375,10000010009
2026-08-16,마스크팩,59,린제이,[72관왕/1위] 린제이 모델링 팩 (컵팩)  7종 택1,https://www.oliveyoung.co.kr/store/goods/getGoodsDetail.do?goodsNo=A000000010497,https://image.oliveyoung.co.kr/cfimages/cf-goods/uploads/images/thumbnails/400/10/0000/0001/A00000001049704ko.jpg?l=ko,3000,2500,16.7,91437,4.8,86,10,3,0,0,1,0,0,1,A000000010497,10000010009
2026-08-16,마스크팩,60,더마픽스,[퀵-밀착 특허 콜라겐] 더마픽스 페이턴트 퍼포먼스 리얼콜라겐 5매 (3종 택1),https://www.oliveyoung.co.kr/store/goods/getGoodsDetail.do?goodsNo=A000000229895,https://image.oliveyoung.co.kr/cfimages/cf-goods/uploads/images/thumbnails/400/10/0000/0022/A00000022989514ko.jpg?l=ko,32500,21900,32.6,9278,4.9,91,7,2,0,0,1,0,0,1,A000000229895,10000010009
2026-08-16,마스크팩,61,메디힐,[초밀착 세럼팩] 메디힐 랩핑 세럼 마스크 1매 6종,https://www.oliveyoung.co.kr/store/goods/getGoodsDetail.do?goodsNo=A000000229694,https://image.oliveyoung.co.kr/cfimages/cf-goods/uploads/images/thumbnails/400/10/0000/0022/A00000022969413ko.jpg?l=ko,3000,1800,40.0,32443,4.8,88,9,2,0,0,1,0,1,1,A000000229694,10000010009
2026-08-16,마스크팩,62,아비브,[1매/5종] 아비브 약산성 pH 시트 마스크 핏 1매 (어성초/부활초/아쿠아/글루타치온좀/허니),https://www.oliveyoung.co.kr/store/goods/getGoodsDetail.do?goodsNo=A000000120688,https://image.oliveyoung.co.kr/cfimages/cf-goods/uploads/images/thumbnails/400/10/0000/0012/A00000012068852ko.png?l=ko,4000,2400,40.0,64791,4.8,87,9,3,0,0,1,0,0,1,A000000120688,10000010009
2026-08-16,마스크팩,63,프리메라,[8월올영픽] 프리메라 메가-샷 겔마스크 3종 모음 (3C히알루론산/비타티놀/PDRN),https://www.oliveyoung.co.kr/store/goods/getGoodsDetail.do?goodsNo=A000000248965,https://image.oliveyoung.co.kr/cfimages/cf-goods/uploads/images/thumbnails/400/10/0000/0024/A00000024896538ko.jpg?l=ko,7000,4700,32.9,8217,4.8,87,10,3,0,0,1,1,1,1,A000000248965,10000010009
2026-08-16,마스크팩,64,메디힐,[앰플한병팩] 메디힐 하이퍼 마스크 1매 겔마스크 4종 (콜라겐/PDRN/마데카소사이드/히알루론산),https://www.oliveyoung.co.kr/store/goods/getGoodsDetail.do?goodsNo=A000000212350,https://image.oliveyoung.co.kr/cfimages/cf-goods/uploads/images/thumbnails/400/10/0000/0021/A00000021235034ko.jpg?l=ko,4500,3300,26.7,23322,4.8,84,11,4,1,1,1,0,1,1,A000000212350,10000010009
2026-08-16,마스크팩,65,듀이트리,[1일1팩/밀착진정] 듀이트리 AC 딥 진정 마스크 10매 (열감/흔적),https://www.oliveyoung.co.kr/store/goods/getGoodsDetail.do?goodsNo=A000000211187,https://image.oliveyoung.co.kr/cfimages/cf-goods/uploads/images/thumbnails/400/10/0000/0021/A00000021118729ko.jpg?l=ko,30000,13300,55.7,6462,4.8,89,8,2,0,0,1,1,0,1,A000000211187,10000010009
2026-08-16,마스크팩,66,아누아,[수지pick/올영단독] 아누아 패드 리필 기획 3종(어성초/피디알엔/카테킨),https://www.oliveyoung.co.kr/store/goods/getGoodsDetail.do?goodsNo=A000000243162,https://image.oliveyoung.co.kr/cfimages/cf-goods/uploads/images/thumbnails/400/10/0000/0024/A00000024316221ko.png?l=ko,45000,29500,34.4,1869,4.7,83,11,4,1,1,1,0,1,1,A000000243162,10000010009
2026-08-16,마스크팩,67,넘버즈인,"[추가증정] 넘버즈인 토너패드 증정 기획 중 택 1(1번, 3번, 5번)",https://www.oliveyoung.co.kr/store/goods/getGoodsDetail.do?goodsNo=A000000177758,https://image.oliveyoung.co.kr/cfimages/cf-goods/uploads/images/thumbnails/400/10/0000/0017/A00000017775873ko.jpg?l=ko,26000,18500,28.8,28751,4.8,84,11,4,1,1,1,1,0,1,A000000177758,10000010009
2026-08-16,마스크팩,68,셀퓨전씨,[빙하수쿨링패드/화잘먹치트키] 셀퓨전씨 포스트 알파 쿨링 패드 70매 (쿨링/비타 쿨링),https://www.oliveyoung.co.kr/store/goods/getGoodsDetail.do?goodsNo=A000000167203,https://image.oliveyoung.co.kr/cfimages/cf-goods/uploads/images/thumbnails/400/10/0000/0016/A00000016720330ko.jpg?l=ko,23000,16900,26.5,5913,4.8,86,10,3,1,0,1,1,0,1,A000000167203,10000010009
2026-08-16,마스크팩,69,일소,[짱구 콜라보] 일소 네추럴 마일드 클리어 노우즈 팩 10매 기획 (+그립톡+면봉20개),https://www.oliveyoung.co.kr/store/goods/getGoodsDetail.do?goodsNo=A000000258972,https://image.oliveyoung.co.kr/cfimages/cf-goods/uploads/images/thumbnails/400/10/0000/0025/A00000025897213ko.jpg?l=ko,25000,22000,12.0,44716,4.7,82,12,5,1,1,1,0,0,1,A000000258972,10000010009
2026-08-16,마스크팩,70,메디힐,메디힐 티트리 임팩트인 밸런싱 마스크 10매,https://www.oliveyoung.co.kr/store/goods/getGoodsDetail.do?goodsNo=A000000149577,https://image.oliveyoung.co.kr/cfimages/cf-goods/uploads/images/thumbnails/400/10/0000/0014/A00000014957708ko.jpg?l=ko,30000,15000,50.0,1064,4.9,90,7,2,0,0,1,0,1,1,A000000149577,10000010009
2026-08-16,마스크팩,71,메디힐,[15년연속 1위/4매] 메디힐 에센셜 마스크팩 고기능 7종 골라담기,https://www.oliveyoung.co.kr/store/goods/getGoodsDetail.do?goodsNo=A000000208231,https://image.oliveyoung.co.kr/cfimages/cf-goods/uploads/images/thumbnails/400/10/0000/0020/A00000020823123ko.png?l=ko,8000,4000,50.0,79995,4.9,89,8,2,0,0,1,0,1,1,A000000208231,10000010009
2026-08-16,마스크팩,72,바이오힐보,[열감진정|밀착겔] 바이오힐보 판테셀 리페어 시카좀 겔링패드 80매,https://www.oliveyoung.co.kr/store/goods/getGoodsDetail.do?goodsNo=A000000224490,https://image.oliveyoung.co.kr/cfimages/cf-goods/uploads/images/thumbnails/400/10/0000/0022/A00000022449024ko.jpg?l=ko,28000,16800,40.0,1428,4.7,82,12,4,1,1,1,0,0,1,A000000224490,10000010009
2026-08-16,마스크팩,73,한율,[트러블진정] 한율 어린쑥 5분 트러블진정패드 60+10매 (어린쑥패드),https://www.oliveyoung.co.kr/store/goods/getGoodsDetail.do?goodsNo=A000000183736,https://image.oliveyoung.co.kr/cfimages/cf-goods/uploads/images/thumbnails/400/10/0000/0018/A00000018373665ko.jpg?l=ko,29000,18200,37.2,4939,4.8,85,10,4,1,1,1,1,1,1,A000000183736,10000010009
2026-08-16,마스크팩,74,에스트라,에스트라 에이시카365 쿨링진정패드 pH4.5 60매,https://www.oliveyoung.co.kr/store/goods/getGoodsDetail.do?goodsNo=A000000218547,https://image.oliveyoung.co.kr/cfimages/cf-goods/uploads/images/thumbnails/400/10/0000/0021/A00000021854710ko.jpg?l=ko,28000,23800,15.0,1935,4.7,81,12,5,2,1,1,0,0,1,A000000218547,10000010009
2026-08-16,마스크팩,75,유세린,[1등마스크팩] 유세린 울트라센시티브 리페어 진정 마스크팩 5매,https://www.oliveyoung.co.kr/store/goods/getGoodsDetail.do?goodsNo=A000000203908,https://image.oliveyoung.co.kr/cfimages/cf-goods/uploads/images/thumbnails/400/10/0000/0020/A00000020390813ko.jpg?l=ko,30000,15900,47.0,5425,4.8,85,10,4,1,1,1,0,0,1,A000000203908,10000010009
2026-08-16,마스크팩,76,프리메라,[8월올영픽/쿨링붓기완화] 프리메라 3C히알루론산 메가-샷 겔마스크 1매/4+1매 (기획/단품),https://www.oliveyoung.co.kr/store/goods/getGoodsDetail.do?goodsNo=A000000259699,https://image.oliveyoung.co.kr/cfimages/cf-goods/uploads/images/thumbnails/400/10/0000/0025/A00000025969909ko.jpg?l=ko,7000,4700,32.9,163,4.8,90,6,2,1,1,1,1,1,1,A000000259699,10000010009
2026-08-16,마스크팩,77,더마토리,[양의지PICK/모공케어/리필기획] 더마토리 살리시닉 포어 클리어 블랙 모공 토너패드 70매 기획 (+70매 리필),https://www.oliveyoung.co.kr/store/goods/getGoodsDetail.do?goodsNo=A000000223603,https://image.oliveyoung.co.kr/cfimages/cf-goods/uploads/images/thumbnails/400/10/0000/0022/A00000022360324ko.jpg?l=ko,39000,25300,35.1,8783,4.8,85,9,4,1,1,1,0,0,1,A000000223603,10000010009
2026-08-16,마스크팩,78,리쥬란,[올리브영 단독런칭]리쥬란 힐러 스킨 프로텍션 마스크 10매 기획(+1매),https://www.oliveyoung.co.kr/store/goods/getGoodsDetail.do?goodsNo=A000000243440,https://image.oliveyoung.co.kr/cfimages/cf-goods/uploads/images/thumbnails/400/10/0000/0024/A00000024344021ko.jpg?l=ko,56000,32900,41.2,9240,4.7,83,11,5,1,1,1,0,0,1,A000000243440,10000010009
2026-08-16,마스크팩,79,바이오던스,[NEW/눈가탄력] 바이오던스 아이패치 60매 2종 택 1 (콜라겐/캐비어 PDRN),https://www.oliveyoung.co.kr/store/goods/getGoodsDetail.do?goodsNo=A000000254492,https://image.oliveyoung.co.kr/cfimages/cf-goods/uploads/images/thumbnails/400/10/0000/0025/A00000025449214ko.jpg?l=ko,27000,18900,30.0,878,4.9,93,5,2,0,,1,0,0,1,A000000254492,10000010009
2026-08-16,마스크팩,80,메디힐,[15년 연속 1위] 메디힐 마데카소사이드 에센셜 마스크 10+1매 기획,https://www.oliveyoung.co.kr/store/goods/getGoodsDetail.do?goodsNo=A000000209520,https://image.oliveyoung.co.kr/cfimages/cf-goods/uploads/images/thumbnails/400/10/0000/0020/A00000020952048ko.png?l=ko,20000,10000,50.0,50506,4.9,90,8,2,0,0,1,0,1,1,A000000209520,10000010009
2026-08-16,마스크팩,81,바이오던스,[7+1] 바이오던스 리얼 딥 마스크 7+1매 기획 (콜라겐/세라놀) (+퍼글러 헤어 고정 시트),https://www.oliveyoung.co.kr/store/goods/getGoodsDetail.do?goodsNo=A000000259232,https://image.oliveyoung.co.kr/cfimages/cf-goods/uploads/images/thumbnails/400/10/0000/0025/A00000025923219ko.jpg?l=ko,35000,29900,14.6,8592,4.8,88,8,3,1,1,1,0,0,1,A000000259232,10000010009
2026-08-16,마스크팩,82,셀리맥스,[수분결광/TXA] 셀리맥스 트라넥삼산 브라이트닝 잡티 패드 80매 기획 (+20매),https://www.oliveyoung.co.kr/store/goods/getGoodsDetail.do?goodsNo=A000000240555,https://image.oliveyoung.co.kr/cfimages/cf-goods/uploads/images/thumbnails/400/10/0000/0024/A00000024055516ko.png?l=ko,29500,29500,0.0,5935,4.9,94,5,1,0,0,0,0,0,1,A000000240555,10000010009
2026-08-16,마스크팩,83,리쥬덱스,[전문 드레싱 관리_거즈 마스크]리쥬덱스 더마 리페어링 드레싱 마스크 5매,https://www.oliveyoung.co.kr/store/goods/getGoodsDetail.do?goodsNo=A000000260523,https://image.oliveyoung.co.kr/cfimages/cf-goods/uploads/images/thumbnails/400/10/0000/0026/A00000026052311ko.jpg?l=ko,26000,16500,36.5,172,4.9,95,5,1,,,1,1,0,1,A000000260523,10000010009
2026-08-16,마스크팩,84,코스알엑스,[리뉴얼/원조패드]코스알엑스 원스텝 패드 100매 4종 중 택1,https://www.oliveyoung.co.kr/store/goods/getGoodsDetail.do?goodsNo=A000000252000,https://image.oliveyoung.co.kr/cfimages/cf-goods/uploads/images/thumbnails/400/10/0000/0025/A00000025200005ko.jpg?l=ko,24000,17900,25.4,943,4.8,89,8,2,1,1,1,1,1,1,A000000252000,10000010009
2026-08-16,마스크팩,85,이지듀,[레올영픽/8월 올영픽]이지듀 EGFx 다운타임 오인트 마스크 4매,https://www.oliveyoung.co.kr/store/goods/getGoodsDetail.do?goodsNo=A000000250107,https://image.oliveyoung.co.kr/cfimages/cf-goods/uploads/images/thumbnails/400/10/0000/0025/A00000025010721ko.jpg?l=ko,30000,21900,27.0,226,4.8,85,9,4,,1,1,0,0,1,A000000250107,10000010009
2026-08-16,마스크팩,86,프리메라,[탄력광채] 프리메라 비타티놀 세럼 메가-샷 겔마스크 7+2매/4+1매/1매 (기획/단품),https://www.oliveyoung.co.kr/store/goods/getGoodsDetail.do?goodsNo=A000000231294,https://image.oliveyoung.co.kr/cfimages/cf-goods/uploads/images/thumbnails/400/10/0000/0023/A00000023129450ko.jpg?l=ko,28000,28000,0.0,6776,4.8,85,10,3,1,1,0,0,1,1,A000000231294,10000010009
2026-08-16,마스크팩,87,빌리프,[투명생기충전] 빌리프X바나나킥 슈퍼나이츠 멀티 비타민 마스크 75ml 기획/단품,https://www.oliveyoung.co.kr/store/goods/getGoodsDetail.do?goodsNo=A000000164419,https://image.oliveyoung.co.kr/cfimages/cf-goods/uploads/images/thumbnails/400/10/0000/0016/A000000164419150ko.jpg?l=ko,40000,30800,23.0,5855,4.9,89,8,2,0,0,1,1,1,1,A000000164419,10000010009
2026-08-16,마스크팩,88,닥터지,[NEW/즉각수분쿨링]닥터지 레드 블레미쉬 히알 시카 쿨링 겔 마스크 5매 기획(4+1매 증정),https://www.oliveyoung.co.kr/store/goods/getGoodsDetail.do?goodsNo=A000000225591,https://image.oliveyoung.co.kr/cfimages/cf-goods/uploads/images/thumbnails/400/10/0000/0022/A00000022559106ko.jpg?l=ko,20000,16000,20.0,1873,4.8,83,11,4,1,1,1,0,0,1,A000000225591,10000010009
2026-08-16,마스크팩,89,오브제,오브제 포어 제로 무스 클레이 팩 100ml,https://www.oliveyoung.co.kr/store/goods/getGoodsDetail.do?goodsNo=A000000212247,https://image.oliveyoung.co.kr/cfimages/cf-goods/uploads/images/thumbnails/400/10/0000/0021/A00000021224708ko.jpg?l=ko,26000,19900,23.5,860,4.9,90,7,2,0,0,1,0,0,1,A000000212247,10000010009
2026-08-16,마스크팩,90,아이오페,[레티놀+콜라겐]아이오페 레티놀 세럼 인 겔마스크 4매 기획 (+1매),https://www.oliveyoung.co.kr/store/goods/getGoodsDetail.do?goodsNo=A000000234085,https://image.oliveyoung.co.kr/cfimages/cf-goods/uploads/images/thumbnails/400/10/0000/0023/A00000023408534ko.jpg?l=ko,30000,19800,34.0,3925,4.8,84,12,3,0,1,1,0,1,1,A000000234085,10000010009
2026-08-16,마스크팩,91,러븀,[단독기획] 러븀 겔 마스크 4매 (어린시카/유자/PDRN/그린시트러스),https://www.oliveyoung.co.kr/store/goods/getGoodsDetail.do?goodsNo=A000000244392,https://image.oliveyoung.co.kr/cfimages/cf-goods/uploads/images/thumbnails/400/10/0000/0024/A00000024439202ko.png?l=ko,20000,15600,22.0,1053,4.8,87,8,3,1,1,1,0,0,1,A000000244392,10000010009
2026-08-16,마스크팩,92,비플레인,[8월올영픽/붓기쏙] 비플레인 녹두 쿨링 앤 슬림 페이스 마스크 5매,https://www.oliveyoung.co.kr/store/goods/getGoodsDetail.do?goodsNo=A000000260530,https://image.oliveyoung.co.kr/cfimages/cf-goods/uploads/images/thumbnails/400/10/0000/0026/A00000026053009ko.jpg?l=ko,15000,6700,55.3,196,4.8,87,10,3,1,,1,1,0,1,A000000260530,10000010009
2026-08-16,마스크팩,93,노프랍,[수분진정/5+1매] 노프랍 하이드로겔 마스크팩 5+1매 기획 3종 (콜라겐/수분/모공),https://www.oliveyoung.co.kr/store/goods/getGoodsDetail.do?goodsNo=A000000249535,https://image.oliveyoung.co.kr/cfimages/cf-goods/uploads/images/thumbnails/400/10/0000/0024/A00000024953561ko.jpg?l=ko,22500,14900,33.8,6163,4.8,87,9,3,1,1,1,0,0,1,A000000249535,10000010009
2026-08-16,마스크팩,94,브링그린,브링그린 프레시 마스크 1매 (히알루 수분/티트리 진정/글루타치온 톤업/알로에 수딩),https://www.oliveyoung.co.kr/store/goods/getGoodsDetail.do?goodsNo=A000000185111,https://image.oliveyoung.co.kr/cfimages/cf-goods/uploads/images/thumbnails/400/10/0000/0018/A00000018511127ko.jpg?l=ko,1800,1800,0.0,86283,4.8,88,9,3,0,0,0,0,0,1,A000000185111,10000010009
2026-08-16,마스크팩,95,브링그린,[NEW/밀착진정] 브링그린 징크테카 트러블 세럼 패드 100매 (리필/단품),https://www.oliveyoung.co.kr/store/goods/getGoodsDetail.do?goodsNo=A000000253521,https://image.oliveyoung.co.kr/cfimages/cf-goods/uploads/images/thumbnails/400/10/0000/0025/A00000025352131ko.jpg?l=ko,43200,28900,33.1,330,4.8,87,11,2,,1,1,0,0,1,A000000253521,10000010009
2026-08-16,마스크팩,96,스킨푸드,스킨푸드 캐롯 카로틴 마스크시트 7매(+3매 기획),https://www.oliveyoung.co.kr/store/goods/getGoodsDetail.do?goodsNo=A000000180801,https://image.oliveyoung.co.kr/cfimages/cf-goods/uploads/images/thumbnails/400/10/0000/0018/A00000018080121ko.jpg?l=ko,21000,12000,42.9,5943,4.8,87,9,3,1,1,1,0,1,1,A000000180801,10000010009
2026-08-16,마스크팩,97,한율,[1+1한정기획] 한율 달빛유자 수면팩 70ml+70ml,https://www.oliveyoung.co.kr/store/goods/getGoodsDetail.do?goodsNo=A000000183747,https://image.oliveyoung.co.kr/cfimages/cf-goods/uploads/images/thumbnails/400/10/0000/0018/A00000018374744ko.jpg?l=ko,34000,27100,20.3,7726,4.8,85,11,3,1,0,1,1,1,1,A000000183747,10000010009
2026-08-16,마스크팩,98,메디힐,"메디힐 콜라겐 캡슐 패치 60매 2종 (레티놀, 비타민C)",https://www.oliveyoung.co.kr/store/goods/getGoodsDetail.do?goodsNo=A000000233468,https://image.oliveyoung.co.kr/cfimages/cf-goods/uploads/images/thumbnails/400/10/0000/0023/A00000023346815ko.png?l=ko,25000,15400,38.4,6640,4.7,81,12,5,1,1,1,0,1,1,A000000233468,10000010009
2026-08-16,마스크팩,99,피캄,[화해 트러블1위] 피캄 베리어 사이클 토너패드 60매 (+60매 리필기획),https://www.oliveyoung.co.kr/store/goods/getGoodsDetail.do?goodsNo=A000000203518,https://image.oliveyoung.co.kr/cfimages/cf-goods/uploads/images/thumbnails/400/10/0000/0020/A00000020351816ko.jpg?l=ko,47900,26300,45.1,717,4.7,78,15,5,1,1,1,0,0,1,A000000203518,10000010009
2026-08-16,마스크팩,100,웰더마,"[탄력광채수분진정] 웰더마 겔마스크팩 4매, 4종 택1 (콜라겐/시카/레티놀/PDRN)",https://www.oliveyoung.co.kr/store/goods/getGoodsDetail.do?goodsNo=A000000233497,https://image.oliveyoung.co.kr/cfimages/cf-goods/uploads/images/thumbnails/400/10/0000/0023/A00000023349726ko.jpg?l=ko,22000,16900,23.2,6363,5.0,98,1,1,0,0,1,0,0,1,A000000233497,10000010009
2026-08-16,클렌징,1,비플레인,[8월올영픽/2천만돌파]비플레인 녹두 약산성 클렌징폼 160ml 더블 기획,https://www.oliveyoung.co.kr/store/goods/getGoodsDetail.do?goodsNo=A000000260522,https://image.oliveyoung.co.kr/cfimages/cf-goods/uploads/images/thumbnails/400/10/0000/0026/A00000026052209ko.jpg?l=ko,26000,23500,9.6,18678,4.9,89,8,2,0,0,1,1,0,1,A000000260522,10000010010
2026-08-16,클렌징,2,블랑네이처,[8월올영픽/여드름 기능성] 블랑네이처 아크네 클렌징 폼 기획/단품,https://www.oliveyoung.co.kr/store/goods/getGoodsDetail.do?goodsNo=A000000186409,https://image.oliveyoung.co.kr/cfimages/cf-goods/uploads/images/thumbnails/400/10/0000/0018/A00000018640946ko.jpg?l=ko,23800,18400,22.7,26444,4.9,96,2,1,0,0,1,1,0,1,A000000186409,10000010010
2026-08-16,클렌징,3,메이크프렘,[박지훈PICK/리필기획] 메이크프렘 세이프 미 릴리프 모이스처 클렌징밀크 기획 (200ml+100ml 리필),https://www.oliveyoung.co.kr/store/goods/getGoodsDetail.do?goodsNo=A000000158513,https://image.oliveyoung.co.kr/cfimages/cf-goods/uploads/images/thumbnails/400/10/0000/0015/A00000015851331ko.jpg?l=ko,28000,21000,25.0,14556,4.8,89,9,2,0,0,1,0,1,1,A000000158513,10000010010
2026-08-16,클렌징,4,바이오더마,바이오더마 센시비오 H2O 850ml(클렌징워터),https://www.oliveyoung.co.kr/store/goods/getGoodsDetail.do?goodsNo=A000000130319,https://image.oliveyoung.co.kr/cfimages/cf-goods/uploads/images/thumbnails/400/10/0000/0013/A00000013031984ko.jpg?l=ko,37500,25900,30.9,53471,4.9,91,7,1,0,0,1,0,0,1,A000000130319,10000010010
2026-08-16,클렌징,5,라곰,[유트루PICK/수분민감] 라곰 셀럽 마이크로 폼 클렌저 120mL x 2 단품/기획 택 1,https://www.oliveyoung.co.kr/store/goods/getGoodsDetail.do?goodsNo=A000000230821,https://image.oliveyoung.co.kr/cfimages/cf-goods/uploads/images/thumbnails/400/10/0000/0023/A00000023082155ko.jpg?l=ko,29000,23300,19.7,22552,4.8,88,9,3,0,0,1,1,1,1,A000000230821,10000010010
2026-08-16,클렌징,6,풀리,[단독기획/피지지우개] 풀리 멜팅크림 투오일 50ml 기획 (+쌀반죽폼 증정),https://www.oliveyoung.co.kr/store/goods/getGoodsDetail.do?goodsNo=A000000261788,https://image.oliveyoung.co.kr/cfimages/cf-goods/uploads/images/thumbnails/400/10/0000/0026/A00000026178810ko.jpg?l=ko,17800,17300,2.8,237,4.6,83,8,3,2,4,1,1,0,1,A000000261788,10000010010
2026-08-16,클렌징,7,마녀공장,[블랙헤드1등] 마녀공장 퓨어 소이빈 클렌징오일 200ml 2입 기획,https://www.oliveyoung.co.kr/store/goods/getGoodsDetail.do?goodsNo=A000000253617,https://image.oliveyoung.co.kr/cfimages/cf-goods/uploads/images/thumbnails/400/10/0000/0025/A00000025361752ko.jpg?l=ko,37000,25900,30.0,55713,4.8,86,10,3,0,0,1,0,1,1,A000000253617,10000010010
2026-08-16,클렌징,8,닥터지,[화잘먹/저자극] 닥터지 브라이트닝 필링젤 기획 (120+60+세럼2ml),https://www.oliveyoung.co.kr/store/goods/getGoodsDetail.do?goodsNo=A000000162279,https://image.oliveyoung.co.kr/cfimages/cf-goods/uploads/images/thumbnails/400/10/0000/0016/A00000016227944ko.jpg?l=ko,21000,16500,21.4,44536,4.8,83,13,3,0,0,1,1,0,1,A000000162279,10000010010
2026-08-16,클렌징,9,바닐라코,[블랙헤드/1등 클렌징밤] 바닐라코 클린잇제로 클렌징밤 100ml 2종 택1,https://www.oliveyoung.co.kr/store/goods/getGoodsDetail.do?goodsNo=A000000231950,https://image.oliveyoung.co.kr/cfimages/cf-goods/uploads/images/thumbnails/400/10/0000/0023/A00000023195059ko.jpg?l=ko,20000,15100,24.5,24866,4.9,91,7,2,0,0,1,1,1,1,A000000231950,10000010010
2026-08-16,클렌징,10,일소,[짱구 콜라보] 일소 슈퍼 멜팅 세범 소프트너 150ml 기획 (+스티커2종+제거기+솜40매),https://www.oliveyoung.co.kr/store/goods/getGoodsDetail.do?goodsNo=A000000258917,https://image.oliveyoung.co.kr/cfimages/cf-goods/uploads/images/thumbnails/400/10/0000/0025/A00000025891713ko.jpg?l=ko,26000,18900,27.3,15715,4.8,86,10,3,1,0,1,0,0,1,A000000258917,10000010010
2026-08-16,클렌징,11,블랑네이처,[8월올영픽/코끼임ZERO] 블랑네이처 9배 어성초 버블 클렌징 밀크 150ml 단품/기획,https://www.oliveyoung.co.kr/store/goods/getGoodsDetail.do?goodsNo=A000000253342,https://image.oliveyoung.co.kr/cfimages/cf-goods/uploads/images/thumbnails/400/10/0000/0025/A00000025334211ko.jpg?l=ko,28900,19600,32.2,14728,5.0,98,1,1,0,0,1,1,0,1,A000000253342,10000010010
2026-08-16,클렌징,12,제로이드,제로이드 포밍 클렌저 240ml 본품 + 240ml 리필 기획,https://www.oliveyoung.co.kr/store/goods/getGoodsDetail.do?goodsNo=A000000232081,https://image.oliveyoung.co.kr/cfimages/cf-goods/uploads/images/thumbnails/400/10/0000/0023/A00000023208113ko.jpg?l=ko,43000,38700,10.0,6025,4.9,89,8,2,0,0,1,0,0,1,A000000232081,10000010010
2026-08-16,클렌징,13,이즈앤트리,[NCT 재민PICK/단독기획] 이즈앤트리 참마 비건 밀크 클렌저 220ml 리필기획 (+리필100ml),https://www.oliveyoung.co.kr/store/goods/getGoodsDetail.do?goodsNo=A000000185308,https://image.oliveyoung.co.kr/cfimages/cf-goods/uploads/images/thumbnails/400/10/0000/0018/A00000018530848ko.png?l=ko,25000,18900,24.4,11799,4.8,85,11,3,1,1,1,0,0,1,A000000185308,10000010010
2026-08-16,클렌징,14,센카,[온라인단독/3입] 센카 퍼펙트 휩 페이셜 워시 FA 120g 트리플 기획,https://www.oliveyoung.co.kr/store/goods/getGoodsDetail.do?goodsNo=A000000253102,https://image.oliveyoung.co.kr/cfimages/cf-goods/uploads/images/thumbnails/400/10/0000/0025/A00000025310207ko.jpg?l=ko,25800,18500,28.3,674,5.0,97,1,1,0,0,1,0,1,1,A000000253102,10000010010
2026-08-16,클렌징,15,마녀공장,[쫀쫀버블] 마녀공장 퓨어 소이빈 클렌징폼 160mlx2 더블기획,https://www.oliveyoung.co.kr/store/goods/getGoodsDetail.do?goodsNo=A000000207982,https://image.oliveyoung.co.kr/cfimages/cf-goods/uploads/images/thumbnails/400/10/0000/0020/A00000020798258ko.jpg?l=ko,17500,12600,28.0,55077,4.8,88,9,2,0,0,1,0,1,1,A000000207982,10000010010
2026-08-16,클렌징,16,풀리,[폼폼푸린 에디션/한정기획] 풀리 토마토 팩클렌저 기획 2종 택1 (그린/레드),https://www.oliveyoung.co.kr/store/goods/getGoodsDetail.do?goodsNo=A000000260188,https://image.oliveyoung.co.kr/cfimages/cf-goods/uploads/images/thumbnails/400/10/0000/0026/A00000026018804ko.jpg?l=ko,24000,18400,23.3,584,4.7,83,10,5,1,1,1,0,0,1,A000000260188,10000010010
2026-08-16,클렌징,17,이니스프리,[4950만개/1+1] 이니스프리 화산송이 바하 모공 클렌징폼 130g 더블 기획,https://www.oliveyoung.co.kr/store/goods/getGoodsDetail.do?goodsNo=A000000232913,https://image.oliveyoung.co.kr/cfimages/cf-goods/uploads/images/thumbnails/400/10/0000/0023/A00000023291362ko.jpg?l=ko,15000,13200,12.0,6718,4.8,88,8,2,0,0,1,0,1,1,A000000232913,10000010010
2026-08-16,클렌징,18,비플레인,[8월올영픽/피지쏙]비플레인 녹두 클렌징오일 200ml 더블 기획,https://www.oliveyoung.co.kr/store/goods/getGoodsDetail.do?goodsNo=A000000260524,https://image.oliveyoung.co.kr/cfimages/cf-goods/uploads/images/thumbnails/400/10/0000/0026/A00000026052408ko.jpg?l=ko,29000,23900,17.6,6469,4.8,84,11,4,1,1,1,1,0,1,A000000260524,10000010010
2026-08-16,클렌징,19,라곰,[수분민감/아침세안] 라곰 셀럽 젤 투 워터 클렌저 170ml x 2,https://www.oliveyoung.co.kr/store/goods/getGoodsDetail.do?goodsNo=A000000230822,https://image.oliveyoung.co.kr/cfimages/cf-goods/uploads/images/thumbnails/400/10/0000/0023/A00000023082237ko.jpg?l=ko,29900,24200,19.1,3211,4.8,87,8,4,0,1,1,1,1,1,A000000230822,10000010010
2026-08-16,클렌징,20,아렌시아,[1등블랙헤드말끔/15g증정기획] 아렌시아 떡솝 프레시 클렌저 120g 기획 3종 (그린/로즈힙/블루히솝),https://www.oliveyoung.co.kr/store/goods/getGoodsDetail.do?goodsNo=A000000214907,https://image.oliveyoung.co.kr/cfimages/cf-goods/uploads/images/thumbnails/400/10/0000/0021/A00000021490736ko.jpg?l=ko,23000,19500,15.2,15890,4.7,83,11,4,1,1,1,0,0,1,A000000214907,10000010010
2026-08-16,클렌징,21,듀이트리,[자극제로/수분충전] 듀이트리 하이아미노 올 클렌징 밀크 200ml 리필 기획 (+리필 200ml+20ml),https://www.oliveyoung.co.kr/store/goods/getGoodsDetail.do?goodsNo=A000000231175,https://image.oliveyoung.co.kr/cfimages/cf-goods/uploads/images/thumbnails/400/10/0000/0023/A00000023117530ko.jpg?l=ko,28500,18900,33.7,12942,4.8,85,11,3,1,1,1,1,0,1,A000000231175,10000010010
2026-08-16,클렌징,22,아렌시아,[모공 속 피지 강력흡착]아렌시아 찹쌀떡솝 클렌저 150g 3종 (그린티/라이스/라벤더),https://www.oliveyoung.co.kr/store/goods/getGoodsDetail.do?goodsNo=A000000251339,https://image.oliveyoung.co.kr/cfimages/cf-goods/uploads/images/thumbnails/400/10/0000/0025/A00000025133903ko.jpg?l=ko,28000,22400,20.0,1662,4.7,82,13,4,1,1,1,0,0,1,A000000251339,10000010010
2026-08-16,클렌징,23,한율,[쫀득팩폼] 한율 피지흡착 쑥떡팩폼 120ml 기획세트,https://www.oliveyoung.co.kr/store/goods/getGoodsDetail.do?goodsNo=A000000204014,https://image.oliveyoung.co.kr/cfimages/cf-goods/uploads/images/thumbnails/400/10/0000/0020/A00000020401496ko.jpg?l=ko,28000,21000,25.0,17759,4.7,82,12,4,1,1,1,0,1,1,A000000204014,10000010010
2026-08-16,클렌징,24,한스킨,[한정수량][최다구성] 한스킨 클렌징오일&블랙헤드 PHA 200ml 더블더블기획 (+30ml*2),https://www.oliveyoung.co.kr/store/goods/getGoodsDetail.do?goodsNo=A000000259905,https://image.oliveyoung.co.kr/cfimages/cf-goods/uploads/images/thumbnails/400/10/0000/0025/A00000025990538ko.jpg?l=ko,40000,23700,40.8,11737,4.9,92,5,2,0,0,1,1,0,1,A000000259905,10000010010
2026-08-16,클렌징,25,비플레인,[말끔모공/국민클폼]비플레인 녹두 약산성 클렌징폼기획 160ml+40ml 기획,https://www.oliveyoung.co.kr/store/goods/getGoodsDetail.do?goodsNo=A000000187479,https://image.oliveyoung.co.kr/cfimages/cf-goods/uploads/images/thumbnails/400/10/0000/0018/A00000018747916ko.jpg?l=ko,21900,18600,15.1,17899,4.9,89,9,2,0,0,1,0,0,1,A000000187479,10000010010
2026-08-16,클렌징,26,아누아,[박희선Pick/대용량] 아누아 어성초 포어 컨트롤 클렌징오일 350ml,https://www.oliveyoung.co.kr/store/goods/getGoodsDetail.do?goodsNo=A000000191483,https://image.oliveyoung.co.kr/cfimages/cf-goods/uploads/images/thumbnails/400/10/0000/0019/A00000019148314ko.png?l=ko,29900,21900,26.8,11296,4.7,81,13,4,1,1,1,0,0,1,A000000191483,10000010010
2026-08-16,클렌징,27,휩드,[클렌징밤 본품 절반 증정]  휩드 비건 팩클렌저 130g 기획 4종 (피치페어/머그트리/무화버터/유자몽),https://www.oliveyoung.co.kr/store/goods/getGoodsDetail.do?goodsNo=A000000217511,https://image.oliveyoung.co.kr/cfimages/cf-goods/uploads/images/thumbnails/400/10/0000/0021/A00000021751169ko.jpg?l=ko,29000,19500,32.8,15669,4.8,84,10,4,1,1,1,1,0,1,A000000217511,10000010010
2026-08-16,클렌징,28,메이크프렘,[대용량] 메이크프렘 세이프 미 릴리프 모이스처 클렌징 밀크 500ml,https://www.oliveyoung.co.kr/store/goods/getGoodsDetail.do?goodsNo=A000000160902,https://image.oliveyoung.co.kr/cfimages/cf-goods/uploads/images/thumbnails/400/10/0000/0016/A00000016090211ko.jpg?l=ko,42000,31500,25.0,1612,4.9,93,5,1,0,0,1,0,1,1,A000000160902,10000010010
2026-08-16,클렌징,29,프리메라,[1+1] 프리메라 마일드 앤 퍼펙트 클렌징 오일 투 폼 200ml 리필기획/단품,https://www.oliveyoung.co.kr/store/goods/getGoodsDetail.do?goodsNo=A000000231315,https://image.oliveyoung.co.kr/cfimages/cf-goods/uploads/images/thumbnails/400/10/0000/0023/A00000023131519ko.jpg?l=ko,26000,20800,20.0,5595,4.7,83,12,4,1,1,1,0,1,1,A000000231315,10000010010
2026-08-16,클렌징,30,폰즈,폰즈 클리어 훼이스 스파 립&아이 리무버 120ml,https://www.oliveyoung.co.kr/store/goods/getGoodsDetail.do?goodsNo=A000000006346,https://image.oliveyoung.co.kr/cfimages/cf-goods/uploads/images/thumbnails/400/10/0000/0000/A00000000634610ko.jpg?l=ko,10900,5900,45.9,95927,4.9,90,8,1,0,0,1,0,0,1,A000000006346,10000010010
2026-08-16,클렌징,31,라운드랩,[대용량/약산성] 라운드랩 1025 독도 클렌저 250ml,https://www.oliveyoung.co.kr/store/goods/getGoodsDetail.do?goodsNo=A000000154644,https://image.oliveyoung.co.kr/cfimages/cf-goods/uploads/images/thumbnails/400/10/0000/0015/A00000015464408ko.jpg?l=ko,21000,15900,24.3,15414,4.8,83,13,4,0,0,1,0,0,1,A000000154644,10000010010
2026-08-16,클렌징,32,퐁당,퐁당 포어 딥 클린 버블 클렌저 145g 단품/기획,https://www.oliveyoung.co.kr/store/goods/getGoodsDetail.do?goodsNo=A000000244733,https://image.oliveyoung.co.kr/cfimages/cf-goods/uploads/images/thumbnails/400/10/0000/0024/A00000024473313ko.jpg?l=ko,20000,14310,28.4,5545,4.9,96,3,1,0,0,1,1,0,1,A000000244733,10000010010
2026-08-16,클렌징,33,프리메라,[1+1] 프리메라 마일드 앤 퍼펙트 페이셜 필링 100ml 리필기획,https://www.oliveyoung.co.kr/store/goods/getGoodsDetail.do?goodsNo=A000000231310,https://image.oliveyoung.co.kr/cfimages/cf-goods/uploads/images/thumbnails/400/10/0000/0023/A00000023131018ko.jpg?l=ko,20000,15000,25.0,13567,4.8,84,11,3,1,1,1,0,1,1,A000000231310,10000010010
2026-08-16,클렌징,34,아크네스,아크네스 클리어&화이트 포밍워시 1+1 기획,https://www.oliveyoung.co.kr/store/goods/getGoodsDetail.do?goodsNo=A000000177051,https://image.oliveyoung.co.kr/cfimages/cf-goods/uploads/images/thumbnails/400/10/0000/0017/A00000017705107ko.png?l=ko,16500,15400,6.7,6173,4.8,86,11,3,0,0,1,1,1,1,A000000177051,10000010010
2026-08-16,클렌징,35,에스네이처,[여주쌀증정/20ml증정/선크림순싹 쌀뜨물폼] 에스네이처 아쿠아 라이스 약산성 클렌징폼 160ml기획 (+미니20ml),https://www.oliveyoung.co.kr/store/goods/getGoodsDetail.do?goodsNo=A000000190494,https://image.oliveyoung.co.kr/cfimages/cf-goods/uploads/images/thumbnails/400/10/0000/0019/A00000019049498ko.jpg?l=ko,19000,15900,16.3,8628,4.8,87,9,3,0,0,1,0,0,1,A000000190494,10000010010
2026-08-16,클렌징,36,아비브,[약산성저자극] 아비브 아크네 폼 클렌저 어성초 폼 대용량 250ml,https://www.oliveyoung.co.kr/store/goods/getGoodsDetail.do?goodsNo=A000000148408,https://image.oliveyoung.co.kr/cfimages/cf-goods/uploads/images/thumbnails/400/10/0000/0014/A00000014840818ko.png?l=ko,21000,16800,20.0,7012,4.7,82,13,4,0,1,1,0,0,1,A000000148408,10000010010
2026-08-16,클렌징,37,스킨시그널,[머랭솝/팩브러쉬증정] 스킨시그널 클레이 효소클렌저 70g 팩브러쉬 증정기획 (핑크/그린),https://www.oliveyoung.co.kr/store/goods/getGoodsDetail.do?goodsNo=A000000219984,https://image.oliveyoung.co.kr/cfimages/cf-goods/uploads/images/thumbnails/400/10/0000/0021/A00000021998421ko.jpg?l=ko,25000,18900,24.4,5860,4.8,86,8,4,1,1,1,1,0,1,A000000219984,10000010010
2026-08-16,클렌징,38,토리든,[단독기획] 토리든 다이브인 저분자 히알루론산 클렌징폼 150ml 기획 (+30ml 증정),https://www.oliveyoung.co.kr/store/goods/getGoodsDetail.do?goodsNo=A000000175915,https://image.oliveyoung.co.kr/cfimages/cf-goods/uploads/images/thumbnails/400/10/0000/0017/A00000017591523ko.jpg?l=ko,15000,10500,30.0,8155,4.8,85,11,3,0,0,1,0,0,1,A000000175915,10000010010
2026-08-16,클렌징,39,파파레서피,"파파레서피 효소 파우더 클렌저 50g (블레미쉬(광채), 가지(보습), 티트리(진정)",https://www.oliveyoung.co.kr/store/goods/getGoodsDetail.do?goodsNo=A000000185512,https://image.oliveyoung.co.kr/cfimages/cf-goods/uploads/images/thumbnails/400/10/0000/0018/A00000018551256ko.jpg?l=ko,18000,14400,20.0,14629,4.8,84,12,3,1,1,1,0,0,1,A000000185512,10000010010
2026-08-16,클렌징,40,포인트앤,[올영단독100매] 포인트앤 딥 클린 올킬 클렌징티슈 100매,https://www.oliveyoung.co.kr/store/goods/getGoodsDetail.do?goodsNo=A000000213922,https://image.oliveyoung.co.kr/cfimages/cf-goods/uploads/images/thumbnails/400/10/0000/0021/A00000021392204ko.jpg?l=ko,11900,11900,0.0,7900,4.7,82,13,4,1,1,0,0,0,1,A000000213922,10000010010
2026-08-16,클렌징,41,아누아,[박희선 Pick/피지쏙] 아누아 어성초 포어 컨트롤 클렌징오일 200ml 2입,https://www.oliveyoung.co.kr/store/goods/getGoodsDetail.do?goodsNo=A000000205555,https://image.oliveyoung.co.kr/cfimages/cf-goods/uploads/images/thumbnails/400/10/0000/0020/A00000020555537ko.png?l=ko,40000,25900,35.2,18222,4.8,83,12,4,1,1,1,0,0,1,A000000205555,10000010010
2026-08-16,클렌징,42,에스트라,에스트라 테라크네365 클리어 딥 클렌징 폼 200g,https://www.oliveyoung.co.kr/store/goods/getGoodsDetail.do?goodsNo=A000000152767,https://image.oliveyoung.co.kr/cfimages/cf-goods/uploads/images/thumbnails/400/10/0000/0015/A00000015276704ko.jpg?l=ko,23000,19500,15.2,5039,4.8,85,11,3,0,1,1,0,0,1,A000000152767,10000010010
2026-08-16,클렌징,43,넘버즈인,[대용량/올영단독] 넘버즈인 1번 말끔 순삭 클렌징 오일 400ml 대용량,https://www.oliveyoung.co.kr/store/goods/getGoodsDetail.do?goodsNo=A000000165797,https://image.oliveyoung.co.kr/cfimages/cf-goods/uploads/images/thumbnails/400/10/0000/0016/A00000016579723ko.jpg?l=ko,35000,23500,32.9,14868,4.8,83,12,3,1,1,1,0,0,1,A000000165797,10000010010
2026-08-16,클렌징,44,메이크프렘,[박지훈PICK] 메이크프렘 세이프 미 릴리프 모이스처 클렌징폼 150ml 1+1 기획,https://www.oliveyoung.co.kr/store/goods/getGoodsDetail.do?goodsNo=A000000113670,https://image.oliveyoung.co.kr/cfimages/cf-goods/uploads/images/thumbnails/400/10/0000/0011/A00000011367042ko.jpg?l=ko,18000,18000,0.0,29685,4.8,82,14,3,0,0,0,0,1,1,A000000113670,10000010010
2026-08-16,클렌징,45,에스트라,에스트라 아토베리어365 포밍 클렌저 150ml,https://www.oliveyoung.co.kr/store/goods/getGoodsDetail.do?goodsNo=A000000245096,https://image.oliveyoung.co.kr/cfimages/cf-goods/uploads/images/thumbnails/400/10/0000/0024/A00000024509611ko.jpg?l=ko,20000,18000,10.0,2475,4.8,88,8,2,0,1,1,0,0,1,A000000245096,10000010010
2026-08-16,클렌징,46,아리얼,[1등 클렌징 티슈] 아리얼 더 퍼펙트 클렌징 티슈 플러스 100매,https://www.oliveyoung.co.kr/store/goods/getGoodsDetail.do?goodsNo=A000000146512,https://image.oliveyoung.co.kr/cfimages/cf-goods/uploads/images/thumbnails/400/10/0000/0014/A00000014651236ko.jpg?l=ko,9900,6400,35.4,36621,4.8,88,9,3,0,0,1,0,0,1,A000000146512,10000010010
2026-08-16,클렌징,47,몰바니,[김재원PICK/모공케어] 몰바니 저자극 LHA 율피 젤 클렌저 200ml+50ml 추가 증정기획,https://www.oliveyoung.co.kr/store/goods/getGoodsDetail.do?goodsNo=A000000209853,https://image.oliveyoung.co.kr/cfimages/cf-goods/uploads/images/thumbnails/400/10/0000/0020/A00000020985317ko.jpg?l=ko,28000,15900,43.2,15851,4.9,94,4,1,0,0,1,1,1,1,A000000209853,10000010010
2026-08-16,클렌징,48,에스트라,에스트라 아토베리어365 클렌징폼 200ml,https://www.oliveyoung.co.kr/store/goods/getGoodsDetail.do?goodsNo=A000000245046,https://image.oliveyoung.co.kr/cfimages/cf-goods/uploads/images/thumbnails/400/10/0000/0024/A00000024504608ko.jpg?l=ko,22000,19800,10.0,514,4.8,86,9,3,0,1,1,0,0,1,A000000245046,10000010010
2026-08-16,클렌징,49,라곰,[저자극/민감피부] 라곰 오트 미셀라 클렌징밀크 200ml 단품/기획 2종 택 1,https://www.oliveyoung.co.kr/store/goods/getGoodsDetail.do?goodsNo=A000000255163,https://image.oliveyoung.co.kr/cfimages/cf-goods/uploads/images/thumbnails/400/10/0000/0025/A00000025516313ko.jpg?l=ko,23000,18400,20.0,1072,4.9,94,4,1,0,0,1,1,1,1,A000000255163,10000010010
2026-08-16,클렌징,50,메디힐,[장도연 PICK/미니어처 증정] 메디힐 더마 크림 팩클렌저 120ml 단품/기획 2종 (+20ml 추가증정),https://www.oliveyoung.co.kr/store/goods/getGoodsDetail.do?goodsNo=A000000237394,https://image.oliveyoung.co.kr/cfimages/cf-goods/uploads/images/thumbnails/400/10/0000/0023/A00000023739464ko.png?l=ko,21000,16400,21.9,10083,4.9,92,6,1,0,0,1,0,1,1,A000000237394,10000010010
2026-08-16,클렌징,51,원더바스,[리뷰이벤트/성한빈 PICK 오토 버블] 원더바스 레몬청 팩클렌저 200ml 기획 (+50ml),https://www.oliveyoung.co.kr/store/goods/getGoodsDetail.do?goodsNo=A000000247859,https://image.oliveyoung.co.kr/cfimages/cf-goods/uploads/images/thumbnails/400/10/0000/0024/A00000024785926ko.jpg?l=ko,19900,15200,23.6,2026,5.0,97,2,0,0,0,1,1,0,1,A000000247859,10000010010
2026-08-16,클렌징,52,아누아,[박희선Pick] 아누아 어성초 피지쏙 모공 폼 150ml 2입 기획,https://www.oliveyoung.co.kr/store/goods/getGoodsDetail.do?goodsNo=A000000222790,https://image.oliveyoung.co.kr/cfimages/cf-goods/uploads/images/thumbnails/400/10/0000/0022/A00000022279013ko.png?l=ko,28000,23800,15.0,3785,4.8,86,10,3,1,0,0,1,0,1,A000000222790,10000010010
2026-08-16,클렌징,53,비플레인,[8월올영픽/두유필링]비플레인 녹두 밀크 필링젤 120ml 1+1 기획,https://www.oliveyoung.co.kr/store/goods/getGoodsDetail.do?goodsNo=A000000260526,https://image.oliveyoung.co.kr/cfimages/cf-goods/uploads/images/thumbnails/400/10/0000/0026/A00000026052609ko.jpg?l=ko,22000,18900,14.1,3381,4.8,84,10,4,1,1,1,1,0,1,A000000260526,10000010010
2026-08-16,클렌징,54,라운드랩,[대용량/약산성] 라운드랩 1025 독도 클렌징 워터 1+1 기획 (400ml+400ml),https://www.oliveyoung.co.kr/store/goods/getGoodsDetail.do?goodsNo=A000000149140,https://image.oliveyoung.co.kr/cfimages/cf-goods/uploads/images/thumbnails/400/10/0000/0014/A00000014914027ko.jpg?l=ko,18000,17500,2.8,9869,4.8,86,10,2,0,0,1,0,0,1,A000000149140,10000010010
2026-08-16,클렌징,55,제로이드,[트러블 피부 추천/여드름균 항균 클렌징] 제로이드 핌프로브 젤 클렌저 180ml,https://www.oliveyoung.co.kr/store/goods/getGoodsDetail.do?goodsNo=A000000249583,https://image.oliveyoung.co.kr/cfimages/cf-goods/uploads/images/thumbnails/400/10/0000/0024/A00000024958310ko.jpg?l=ko,32000,27900,12.8,440,4.8,89,8,2,0,1,1,1,0,1,A000000249583,10000010010
2026-08-16,클렌징,56,닥터지,[증정/약산성] 닥터지 약산성 레드 블레미쉬 클리어 수딩 폼 기획2종 택 1(150ml+75ml/150ml+150ml),https://www.oliveyoung.co.kr/store/goods/getGoodsDetail.do?goodsNo=A000000145728,https://image.oliveyoung.co.kr/cfimages/cf-goods/uploads/images/thumbnails/400/10/0000/0014/A00000014572816ko.jpg?l=ko,20000,20000,0.0,11940,4.8,83,13,4,0,0,0,0,0,1,A000000145728,10000010010
2026-08-16,클렌징,57,티스,[대용량/노란티스] 티스 딥오프 오일 320mL 더블기획,https://www.oliveyoung.co.kr/store/goods/getGoodsDetail.do?goodsNo=A000000184371,https://image.oliveyoung.co.kr/cfimages/cf-goods/uploads/images/thumbnails/400/10/0000/0018/A00000018437117ko.jpg?l=ko,38000,19900,47.6,3905,4.8,88,9,2,0,0,1,0,0,1,A000000184371,10000010010
2026-08-16,클렌징,58,비오텀,비오텀 클렌징 밀크 200ml,https://www.oliveyoung.co.kr/store/goods/getGoodsDetail.do?goodsNo=A000000112714,https://image.oliveyoung.co.kr/cfimages/cf-goods/uploads/images/thumbnails/400/10/0000/0011/A00000011271401ko.jpg?l=ko,29800,26800,10.1,3946,4.8,87,10,2,1,1,1,0,0,1,A000000112714,10000010010
2026-08-16,클렌징,59,제로이드,제로이드 더마뉴얼 클렌징젤 200ml,https://www.oliveyoung.co.kr/store/goods/getGoodsDetail.do?goodsNo=A000000209905,https://image.oliveyoung.co.kr/cfimages/cf-goods/uploads/images/thumbnails/400/10/0000/0020/A00000020990513ko.jpg?l=ko,22000,22000,0.0,1150,4.8,88,7,3,1,1,0,0,0,1,A000000209905,10000010010
2026-08-16,클렌징,60,제로이드,제로이드 포밍 클렌저 240ml,https://www.oliveyoung.co.kr/store/goods/getGoodsDetail.do?goodsNo=A000000209910,https://image.oliveyoung.co.kr/cfimages/cf-goods/uploads/images/thumbnails/400/10/0000/0020/A00000020991006ko.jpg?l=ko,24000,24000,0.0,3871,4.8,88,9,2,0,1,0,0,0,1,A000000209910,10000010010
2026-08-16,클렌징,61,풀리,[폼폼푸린 에디션/한정기획] 풀리 비건 팩클렌저 기획 5종 택1 (그린/레드/쌀반죽),https://www.oliveyoung.co.kr/store/goods/getGoodsDetail.do?goodsNo=A000000212703,https://image.oliveyoung.co.kr/cfimages/cf-goods/uploads/images/thumbnails/400/10/0000/0021/A00000021270345ko.jpg?l=ko,24000,18400,23.3,14758,4.8,85,10,4,1,1,1,0,0,1,A000000212703,10000010010
2026-08-16,클렌징,62,메이영,[저자극 클렌저] 메이영 비건 모이스트 오일 투 폼 클렌저 195ml,https://www.oliveyoung.co.kr/store/goods/getGoodsDetail.do?goodsNo=A000000244706,https://image.oliveyoung.co.kr/cfimages/cf-goods/uploads/images/thumbnails/400/10/0000/0024/A00000024470617ko.jpg?l=ko,28000,15900,43.2,1967,5.0,98,1,1,0,0,1,1,0,1,A000000244706,10000010010
2026-08-16,클렌징,63,키스미,[꼼꼼/필수템] 키스미 히로인메이크 스피디 마스카라 전용 리무버 단품,https://www.oliveyoung.co.kr/store/goods/getGoodsDetail.do?goodsNo=A000000102752,https://image.oliveyoung.co.kr/cfimages/cf-goods/uploads/images/thumbnails/400/10/0000/0010/A00000010275229ko.png?l=ko,13000,12350,5.0,18058,4.9,92,7,1,0,0,1,0,1,1,A000000102752,10000010010
2026-08-16,클렌징,64,일소,[1등피지클리너] 일소 슈퍼 멜팅 세범 소프트너 150g 기획 (+착붙솜40매+모공팩1매),https://www.oliveyoung.co.kr/store/goods/getGoodsDetail.do?goodsNo=A000000225736,https://image.oliveyoung.co.kr/cfimages/cf-goods/uploads/images/thumbnails/400/10/0000/0022/A00000022573646ko.jpg?l=ko,26000,18900,27.3,30193,4.8,84,11,4,1,1,1,0,0,1,A000000225736,10000010010
2026-08-16,클렌징,65,메디필,[모공쏙폼] 메디필 레드 락토 콜라겐 클리어 폼 2.0 대용량 300ml 기획 (+해면),https://www.oliveyoung.co.kr/store/goods/getGoodsDetail.do?goodsNo=A000000184643,https://image.oliveyoung.co.kr/cfimages/cf-goods/uploads/images/thumbnails/400/10/0000/0018/A00000018464337ko.jpg?l=ko,24000,13200,45.0,23828,4.8,84,11,4,1,1,1,0,0,1,A000000184643,10000010010
2026-08-16,클렌징,66,바이오더마,바이오더마 세비엄 젤 무쌍 400ml,https://www.oliveyoung.co.kr/store/goods/getGoodsDetail.do?goodsNo=A000000259047,https://image.oliveyoung.co.kr/cfimages/cf-goods/uploads/images/thumbnails/400/10/0000/0025/A00000025904701ko.jpg?l=ko,33500,25000,25.4,5418,4.7,83,11,4,1,1,1,0,0,1,A000000259047,10000010010
2026-08-16,클렌징,67,라곰,[유트루PICK/수분민감] 라곰 셀럽 마이크로 폼 클렌저 120ml,https://www.oliveyoung.co.kr/store/goods/getGoodsDetail.do?goodsNo=A000000145581,https://image.oliveyoung.co.kr/cfimages/cf-goods/uploads/images/thumbnails/400/10/0000/0014/A00000014558134ko.jpg?l=ko,15000,15000,0.0,10404,4.8,86,10,3,1,1,0,0,1,1,A000000145581,10000010010
2026-08-16,클렌징,68,제로이드,[8월 올영픽] 제로이드 핌프로브 젤 클렌저 180ml 기획 (+ 핌프로브 크림 10ml),https://www.oliveyoung.co.kr/store/goods/getGoodsDetail.do?goodsNo=A000000262971,https://image.oliveyoung.co.kr/cfimages/cf-goods/uploads/images/thumbnails/400/10/0000/0026/A00000026297114ko.jpg?l=ko,32000,27900,12.8,11,4.6,73,18,9,,,1,1,0,1,A000000262971,10000010010
2026-08-16,클렌징,69,라곰,[수분민감/아침세안] 라곰 셀럽 젤 투 워터 클렌저 170ml 2종,https://www.oliveyoung.co.kr/store/goods/getGoodsDetail.do?goodsNo=A000000145580,https://image.oliveyoung.co.kr/cfimages/cf-goods/uploads/images/thumbnails/400/10/0000/0014/A00000014558017ko.jpg?l=ko,16000,16000,0.0,5923,4.7,83,11,4,1,1,0,0,1,1,A000000145580,10000010010
2026-08-16,클렌징,70,아벤느,[미피 핸드타올 증정] 아벤느 클리낭스 클렌징젤 400ml 2입 기획 (+미피 핸드타올),https://www.oliveyoung.co.kr/store/goods/getGoodsDetail.do?goodsNo=A000000259066,https://image.oliveyoung.co.kr/cfimages/cf-goods/uploads/images/thumbnails/400/10/0000/0025/A00000025906615ko.jpg?l=ko,45000,30900,31.3,1833,4.8,87,9,2,1,0,1,0,0,1,A000000259066,10000010010
2026-08-16,클렌징,71,라씨엘르,[초마드PICK]라씨엘르 엔자임 곡물 클렌징 파우더워시 60g 기획 (+미니어처 10g),https://www.oliveyoung.co.kr/store/goods/getGoodsDetail.do?goodsNo=A000000184949,https://image.oliveyoung.co.kr/cfimages/cf-goods/uploads/images/thumbnails/400/10/0000/0018/A00000018494915ko.jpeg?l=ko,24000,16800,30.0,7499,4.8,84,12,3,0,0,1,0,0,1,A000000184949,10000010010
2026-08-16,클렌징,72,에스트라,에스트라 아토베리어365 클렌징밀크 200ml,https://www.oliveyoung.co.kr/store/goods/getGoodsDetail.do?goodsNo=A000000245045,https://image.oliveyoung.co.kr/cfimages/cf-goods/uploads/images/thumbnails/400/10/0000/0024/A00000024504509ko.jpg?l=ko,29000,29000,0.0,495,4.8,86,8,4,1,0,0,0,0,1,A000000245045,10000010010
2026-08-16,클렌징,73,에스트라,에스트라 아토베리어365 포밍 클렌저 150ml+150ml 리필 기획,https://www.oliveyoung.co.kr/store/goods/getGoodsDetail.do?goodsNo=A000000245043,https://image.oliveyoung.co.kr/cfimages/cf-goods/uploads/images/thumbnails/400/10/0000/0024/A00000024504316ko.jpg?l=ko,32400,32400,0.0,1530,4.8,89,8,2,0,1,0,0,0,1,A000000245043,10000010010
2026-08-16,클렌징,74,에이프릴스킨,[피지순삭/요철삭제] 에이프릴스킨 당근클렌징밤 90ml 기획 (+미니밤 2개 증정),https://www.oliveyoung.co.kr/store/goods/getGoodsDetail.do?goodsNo=A000000202472,https://image.oliveyoung.co.kr/cfimages/cf-goods/uploads/images/thumbnails/400/10/0000/0020/A00000020247264ko.jpg?l=ko,21000,19900,5.2,12305,4.7,82,12,4,1,1,1,0,0,1,A000000202472,10000010010
2026-08-16,클렌징,75,메이크프렘,[박지훈PICK/장벽결광] 메이크프렘 PDRN 밀크 에센스 버블클렌저 145ml 기획 (+PDRN 클렌징밀크 21ml),https://www.oliveyoung.co.kr/store/goods/getGoodsDetail.do?goodsNo=A000000253164,https://image.oliveyoung.co.kr/cfimages/cf-goods/uploads/images/thumbnails/400/10/0000/0025/A00000025316413ko.jpg?l=ko,22000,14100,35.9,330,4.7,83,11,3,1,3,1,1,1,1,A000000253164,10000010010
2026-08-16,클렌징,76,바닐라코,[NEW/여행 필수템] 바닐라코 클린잇제로 오리지널 클렌징밤 트래블 키트 16개입,https://www.oliveyoung.co.kr/store/goods/getGoodsDetail.do?goodsNo=A000000210043,https://image.oliveyoung.co.kr/cfimages/cf-goods/uploads/images/thumbnails/400/10/0000/0021/A00000021004307ko.jpg?l=ko,14000,11900,15.0,12051,4.9,92,7,1,0,0,1,0,0,1,A000000210043,10000010010
2026-08-16,클렌징,77,아이디얼포맨,[선크림세정] 아이디얼포맨 퍼펙트 클렌징 올인원 폼 150ml,https://www.oliveyoung.co.kr/store/goods/getGoodsDetail.do?goodsNo=A000000208895,https://image.oliveyoung.co.kr/cfimages/cf-goods/uploads/images/thumbnails/400/10/0000/0020/A00000020889514ko.jpg?l=ko,11000,11000,0.0,710,4.9,91,8,1,,,0,0,0,1,A000000208895,10000010010
2026-08-16,클렌징,78,닥터엘시아,[포어깎아밤] 닥터엘시아 포어 리프레쉬 그라인딩 클렌징밤 50ml,https://www.oliveyoung.co.kr/store/goods/getGoodsDetail.do?goodsNo=A000000226125,https://image.oliveyoung.co.kr/cfimages/cf-goods/uploads/images/thumbnails/400/10/0000/0022/A00000022612517ko.jpg?l=ko,25000,19900,20.4,608,4.7,79,15,3,1,1,1,0,0,1,A000000226125,10000010010
2026-08-16,클렌징,79,메디필,[피지연화제] 메디필 엑스트라 슈퍼9 플러스 3X 250ml 기획 (+화장솜40매),https://www.oliveyoung.co.kr/store/goods/getGoodsDetail.do?goodsNo=A000000224468,https://image.oliveyoung.co.kr/cfimages/cf-goods/uploads/images/thumbnails/400/10/0000/0022/A00000022446813ko.jpg?l=ko,24900,14900,40.2,3854,4.7,82,11,4,1,1,1,0,0,1,A000000224468,10000010010
2026-08-16,클렌징,80,토르홉,[단독기획/피지케어] 토르홉 카모스 블랙 소금 미온스팀 클렌징 젤밤 100g (+5g*2ea 증정),https://www.oliveyoung.co.kr/store/goods/getGoodsDetail.do?goodsNo=A000000227650,https://image.oliveyoung.co.kr/cfimages/cf-goods/uploads/images/thumbnails/400/10/0000/0022/A00000022765016ko.png?l=ko,25800,17670,31.5,2063,4.7,85,9,5,1,1,1,1,0,1,A000000227650,10000010010
2026-08-16,클렌징,81,닥터지,[추가증정/저자극] 닥터지 약산성 클렌징 젤 폼 200ml 기획 2종 (100ml 증정/더블기획),https://www.oliveyoung.co.kr/store/goods/getGoodsDetail.do?goodsNo=A000000148023,https://image.oliveyoung.co.kr/cfimages/cf-goods/uploads/images/thumbnails/400/10/0000/0014/A00000014802327ko.jpg?l=ko,25000,25000,0.0,12404,4.8,82,13,3,0,1,0,0,0,1,A000000148023,10000010010
2026-08-16,클렌징,82,에스네이처,[여주쌀증정/단독1+1/선크림순싹 쌀뜨물폼] 에스네이처 아쿠아 라이스 약산성 클렌징폼 160ml 더블기획,https://www.oliveyoung.co.kr/store/goods/getGoodsDetail.do?goodsNo=A000000248100,https://image.oliveyoung.co.kr/cfimages/cf-goods/uploads/images/thumbnails/400/10/0000/0024/A00000024810016ko.jpg?l=ko,29000,24900,14.1,8896,4.8,87,9,3,0,0,1,0,0,1,A000000248100,10000010010
2026-08-16,클렌징,83,한스킨,[민감성/건성/지성] 한스킨 클렌징오일&블랙헤드 3종 200ml 더블기획 (+30ml) (PHA/AHA/BHA),https://www.oliveyoung.co.kr/store/goods/getGoodsDetail.do?goodsNo=A000000228836,https://image.oliveyoung.co.kr/cfimages/cf-goods/uploads/images/thumbnails/400/10/0000/0022/A00000022883634ko.jpg?l=ko,40000,23700,40.8,18552,4.9,94,4,1,0,0,1,1,0,1,A000000228836,10000010010
2026-08-16,클렌징,84,아리얼,[더블기획/순삭리무버패드] 아리얼 스트레스 릴리빙 립앤아이 리무버 패드 더블기획 (30매+30매),https://www.oliveyoung.co.kr/store/goods/getGoodsDetail.do?goodsNo=A000000125392,https://image.oliveyoung.co.kr/cfimages/cf-goods/uploads/images/thumbnails/400/10/0000/0012/A00000012539213ko.jpg?l=ko,7800,5800,25.6,7260,4.9,90,8,1,0,0,1,0,0,1,A000000125392,10000010010
2026-08-16,클렌징,85,스트라이덱스,[뽀득촉촉] 스트라이덱스 약알칼리성 저자극 클렌징폼 기획(150ml+50ml),https://www.oliveyoung.co.kr/store/goods/getGoodsDetail.do?goodsNo=A000000215155,https://image.oliveyoung.co.kr/cfimages/cf-goods/uploads/images/thumbnails/400/10/0000/0021/A00000021515523ko.jpg?l=ko,13600,8840,35.0,14313,4.8,86,10,3,0,0,1,0,0,1,A000000215155,10000010010
2026-08-16,클렌징,86,라로슈포제,라로슈포제 똘러리앙 포밍 클렌저 125ml 기획 (+클렌징밀크 50ml),https://www.oliveyoung.co.kr/store/goods/getGoodsDetail.do?goodsNo=A000000254204,https://image.oliveyoung.co.kr/cfimages/cf-goods/uploads/images/thumbnails/400/10/0000/0025/A00000025420402ko.jpg?l=ko,31000,31000,0.0,6044,4.8,87,10,2,1,0,0,0,0,1,A000000254204,10000010010
2026-08-16,클렌징,87,비건이펙트,비건이펙트 청보리 라하 젤 클렌저 205ml 기획 (+20ml),https://www.oliveyoung.co.kr/store/goods/getGoodsDetail.do?goodsNo=A000000262513,https://image.oliveyoung.co.kr/cfimages/cf-goods/uploads/images/thumbnails/400/10/0000/0026/A00000026251302ko.jpg?l=ko,22000,20000,9.1,4191,4.7,80,11,5,1,2,1,0,0,1,A000000262513,10000010010
2026-08-16,클렌징,88,마녀공장,마녀공장 퓨어 소이빈 클렌징 오일 200ml,https://www.oliveyoung.co.kr/store/goods/getGoodsDetail.do?goodsNo=A000000107679,https://image.oliveyoung.co.kr/cfimages/cf-goods/uploads/images/thumbnails/400/10/0000/0010/A00000010767956ko.jpg?l=ko,19900,19900,0.0,11249,4.7,75,19,5,1,1,0,0,1,1,A000000107679,10000010010
2026-08-16,클렌징,89,비플레인,[갈아쓰는 맷돌밤] 비플레인 녹두 모공 그라인딩 클렌징밤 100ml,https://www.oliveyoung.co.kr/store/goods/getGoodsDetail.do?goodsNo=A000000207736,https://image.oliveyoung.co.kr/cfimages/cf-goods/uploads/images/thumbnails/400/10/0000/0020/A00000020773608ko.jpg?l=ko,26000,19900,23.5,2254,4.5,73,13,7,3,5,1,0,0,1,A000000207736,10000010010
2026-08-16,클렌징,90,에스네이처,[여주쌀증정/3관왕/자극제로 쌀뜨물밀크] 에스네이처 아쿠아 라이스 클렌징밀크 280ml,https://www.oliveyoung.co.kr/store/goods/getGoodsDetail.do?goodsNo=A000000230909,https://image.oliveyoung.co.kr/cfimages/cf-goods/uploads/images/thumbnails/400/10/0000/0023/A00000023090939ko.jpg?l=ko,28000,19600,30.0,1164,4.7,81,12,5,1,1,1,0,0,1,A000000230909,10000010010
2026-08-16,클렌징,91,식물나라,식물나라 제주 탄산수 딥 클렌징티슈 [20/100/100*2매],https://www.oliveyoung.co.kr/store/goods/getGoodsDetail.do?goodsNo=A000000170538,https://image.oliveyoung.co.kr/cfimages/cf-goods/uploads/images/thumbnails/400/10/0000/0017/A00000017053805ko.jpg?l=ko,8800,5500,37.5,32861,4.7,82,12,5,1,1,1,0,0,1,A000000170538,10000010010
2026-08-16,클렌징,92,토르홉,[모공/피지/팩폼] 토르홉 프로니 소금우유 단백질 고마쥬 필링 팩클렌저 90ml,https://www.oliveyoung.co.kr/store/goods/getGoodsDetail.do?goodsNo=A000000231332,https://image.oliveyoung.co.kr/cfimages/cf-goods/uploads/images/thumbnails/400/10/0000/0023/A00000023133220ko.jpg?l=ko,24500,18900,22.9,637,4.9,90,7,2,0,1,1,0,0,1,A000000231332,10000010010
2026-08-16,클렌징,93,넘버즈인,[세럼클렌저] 넘버즈인 3번 보들보들 모공결 클렌징 오일 200ml,https://www.oliveyoung.co.kr/store/goods/getGoodsDetail.do?goodsNo=A000000250980,https://image.oliveyoung.co.kr/cfimages/cf-goods/uploads/images/thumbnails/400/10/0000/0025/A00000025098036ko.jpg?l=ko,28000,18900,32.5,1769,4.9,90,7,2,0,0,1,0,0,1,A000000250980,10000010010
2026-08-16,클렌징,94,포들,[12ml증정/모공세정] 포들 2X 프레시밤 밤투폼 클렌징밤 130ml 기획,https://www.oliveyoung.co.kr/store/goods/getGoodsDetail.do?goodsNo=A000000230421,https://image.oliveyoung.co.kr/cfimages/cf-goods/uploads/images/thumbnails/400/10/0000/0023/A00000023042125ko.jpg?l=ko,27000,24500,9.3,18242,5.0,97,2,1,0,0,1,0,0,1,A000000230421,10000010010
2026-08-16,클렌징,95,일소,[짱구 콜라보] 일소 노 트러블럼 필링 스왑 10매 기획 (+키캡 키링),https://www.oliveyoung.co.kr/store/goods/getGoodsDetail.do?goodsNo=A000000258964,https://image.oliveyoung.co.kr/cfimages/cf-goods/uploads/images/thumbnails/400/10/0000/0025/A00000025896413ko.jpg?l=ko,18000,15000,16.7,1995,4.7,79,12,6,1,1,1,0,0,1,A000000258964,10000010010
2026-08-16,클렌징,96,라로슈포제,라로슈포제 에빠끌라 퓨리파잉 포밍 젤+M 200ml,https://www.oliveyoung.co.kr/store/goods/getGoodsDetail.do?goodsNo=A000000010476,https://image.oliveyoung.co.kr/cfimages/cf-goods/uploads/images/thumbnails/400/10/0000/0001/A00000001047606ko.jpg?l=ko,32000,28800,10.0,1191,4.8,85,11,3,1,1,1,0,0,1,A000000010476,10000010010
2026-08-16,클렌징,97,센카,[한정기획] 센카 퍼펙트 휩 화이트 클레이 120g+15g 기획,https://www.oliveyoung.co.kr/store/goods/getGoodsDetail.do?goodsNo=A000000261405,https://image.oliveyoung.co.kr/cfimages/cf-goods/uploads/images/thumbnails/400/10/0000/0026/A00000026140505ko.jpg?l=ko,10800,7500,30.6,290,4.8,87,9,3,1,1,1,0,1,1,A000000261405,10000010010
2026-08-16,클렌징,98,브링그린,[고밀도효소거품] 브링그린 티트리 시카 딥클렌징폼 기획 (더블/대용량),https://www.oliveyoung.co.kr/store/goods/getGoodsDetail.do?goodsNo=A000000248626,https://image.oliveyoung.co.kr/cfimages/cf-goods/uploads/images/thumbnails/400/10/0000/0024/A00000024862602ko.jpg?l=ko,16500,11200,32.1,5351,4.8,84,12,3,1,1,1,1,0,1,A000000248626,10000010010
2026-08-16,클렌징,99,마녀공장,[보들촉촉/두유세안] 마녀공장 퓨어 소이빈 클렌징 밀크 200ml 리필기획 (+리필 100ml),https://www.oliveyoung.co.kr/store/goods/getGoodsDetail.do?goodsNo=A000000231998,https://image.oliveyoung.co.kr/cfimages/cf-goods/uploads/images/thumbnails/400/10/0000/0023/A00000023199865ko.jpg?l=ko,26000,18900,27.3,7611,4.8,89,7,2,1,1,1,0,1,1,A000000231998,10000010010
2026-08-16,클렌징,100,조선미녀,조선미녀 산뜻청매실클렌저 100ml,https://www.oliveyoung.co.kr/store/goods/getGoodsDetail.do?goodsNo=A000000188563,https://image.oliveyoung.co.kr/cfimages/cf-goods/uploads/images/thumbnails/400/10/0000/0018/A00000018856306ko.jpg?l=ko,13000,13000,0.0,77,4.6,77,14,4,,5,0,0,0,1,A000000188563,10000010010
2026-08-16,선케어,1,구달,[1등 선크림/화잘먹] 구달 맑은 어성초 진정 수분 선크림 50ml 1+1 기획,https://www.oliveyoung.co.kr/store/goods/getGoodsDetail.do?goodsNo=A000000219553,https://image.oliveyoung.co.kr/cfimages/cf-goods/uploads/images/thumbnails/400/10/0000/0021/A00000021955352ko.jpg?l=ko,22000,17900,18.6,44944,4.9,90,8,2,0,0,1,1,0,1,A000000219553,10000010011
2026-08-16,선케어,2,메디힐,[양현종 PICK] 메디힐 마데카소사이드 수분 선세럼 흔적 리페어 50+50g 기획,https://www.oliveyoung.co.kr/store/goods/getGoodsDetail.do?goodsNo=A000000232672,https://image.oliveyoung.co.kr/cfimages/cf-goods/uploads/images/thumbnails/400/10/0000/0023/A00000023267248ko.jpg?l=ko,34900,22400,35.8,14801,4.9,90,8,1,0,0,1,1,1,1,A000000232672,10000010011
2026-08-16,선케어,3,AHC,[이사배PICK]AHC 마스터즈 아쿠아리치 선크림 50ml 1+1 기획,https://www.oliveyoung.co.kr/store/goods/getGoodsDetail.do?goodsNo=A000000223207,https://image.oliveyoung.co.kr/cfimages/cf-goods/uploads/images/thumbnails/400/10/0000/0022/A00000022320751ko.jpg?l=ko,27900,22900,17.9,9721,4.8,88,8,2,0,0,1,1,0,1,A000000223207,10000010011
2026-08-16,선케어,4,라운드랩,[더블/4년연속1등] 라운드랩 자작나무 수분 선크림 50ml 더블 기획,https://www.oliveyoung.co.kr/store/goods/getGoodsDetail.do?goodsNo=A000000171650,https://image.oliveyoung.co.kr/cfimages/cf-goods/uploads/images/thumbnails/400/10/0000/0017/A00000017165043ko.jpg?l=ko,37500,24500,34.7,23262,4.8,87,10,2,0,0,1,0,0,1,A000000171650,10000010011
2026-08-16,선케어,5,프레비츠,[NEW톤업보송] 프레비츠 에어핏 선스틱 14g 6종 택1,https://www.oliveyoung.co.kr/store/goods/getGoodsDetail.do?goodsNo=A000000254263,https://image.oliveyoung.co.kr/cfimages/cf-goods/uploads/images/thumbnails/400/10/0000/0025/A00000025426330ko.jpg?l=ko,21500,17580,18.2,5354,5.0,99,1,0,0,0,0,1,0,1,A000000254263,10000010011
2026-08-16,선케어,6,달바,[생기톤업/스웨트프루프] 달바 핑크 톤업 선크림 듀오 기획 (50ml+50ml),https://www.oliveyoung.co.kr/store/goods/getGoodsDetail.do?goodsNo=A000000232725,https://image.oliveyoung.co.kr/cfimages/cf-goods/uploads/images/thumbnails/400/10/0000/0023/A00000023272527ko.png?l=ko,51000,34900,31.6,12285,4.8,89,8,2,0,0,1,1,0,1,A000000232725,10000010011
2026-08-16,선케어,7,닥터지,[무기자차] 닥터지 그린 마일드 업 선 플러스 50ml 기획 2종 (50+20/50+50+10) (선크림),https://www.oliveyoung.co.kr/store/goods/getGoodsDetail.do?goodsNo=A000000180162,https://image.oliveyoung.co.kr/cfimages/cf-goods/uploads/images/thumbnails/400/10/0000/0018/A00000018016249ko.jpg?l=ko,29000,19900,31.4,26393,4.8,83,13,3,0,0,1,1,0,1,A000000180162,10000010011
2026-08-16,선케어,8,에스네이처,[8/16 오늘만99특가/1등 촉촉수분썬] 에스네이처 아쿠아 365 UV 선크림 40ml,https://www.oliveyoung.co.kr/store/goods/getGoodsDetail.do?goodsNo=A000000211302,https://image.oliveyoung.co.kr/cfimages/cf-goods/uploads/images/thumbnails/400/10/0000/0021/A00000021130244ko.png?l=ko,20000,9900,50.5,372,4.7,80,14,4,1,1,1,1,0,1,A000000211302,10000010011
2026-08-16,선케어,9,넘버즈인,[파데프리] 넘버즈인 3번 도자기결 톤업베이지 선크림 50ml 더블기획 2종 (블러/글로우),https://www.oliveyoung.co.kr/store/goods/getGoodsDetail.do?goodsNo=A000000257097,https://image.oliveyoung.co.kr/cfimages/cf-goods/uploads/images/thumbnails/400/10/0000/0025/A00000025709740ko.jpg?l=ko,39000,23800,39.0,1075,4.7,82,10,5,1,1,1,1,0,1,A000000257097,10000010011
2026-08-16,선케어,10,브링그린,[8월올영픽/쿨링진정] 브링그린 알로에 97% 수딩젤 (2입/쿨러/단품),https://www.oliveyoung.co.kr/store/goods/getGoodsDetail.do?goodsNo=A000000215502,https://image.oliveyoung.co.kr/cfimages/cf-goods/uploads/images/thumbnails/400/10/0000/0021/A00000021550262ko.jpg?l=ko,12100,10900,9.9,31670,4.8,85,10,3,1,1,1,1,1,1,A000000215502,10000010011
2026-08-16,선케어,11,오휘,[8월올영픽/모공순삭] 오휘 3아워 블러링 선파우더 기획(+교체퍼프 2개 증정) 2 Colors,https://www.oliveyoung.co.kr/store/goods/getGoodsDetail.do?goodsNo=A000000225073,https://image.oliveyoung.co.kr/cfimages/cf-goods/uploads/images/thumbnails/400/10/0000/0022/A00000022507363ko.jpg?l=ko,48000,34800,27.5,1464,4.7,79,12,5,2,2,1,1,1,1,A000000225073,10000010011
2026-08-16,선케어,12,프롬리에,[8월올영픽/역대 최대 용량]프롬리에 EGF 워터 화잘먹 선앰플 56ml+30ml 기획/단품,https://www.oliveyoung.co.kr/store/goods/getGoodsDetail.do?goodsNo=A000000209372,https://image.oliveyoung.co.kr/cfimages/cf-goods/uploads/images/thumbnails/400/10/0000/0020/A00000020937234ko.jpg?l=ko,33000,20500,37.9,7006,4.8,87,10,3,1,1,1,1,1,1,A000000209372,10000010011
2026-08-16,선케어,13,조선미녀,"[NEW/지성파데프리] 조선미녀 데이스크린 틴티드 선크림 40ml (퍼프,미니 증정/단품)",https://www.oliveyoung.co.kr/store/goods/getGoodsDetail.do?goodsNo=A000000261603,https://image.oliveyoung.co.kr/cfimages/cf-goods/uploads/images/thumbnails/400/10/0000/0026/A00000026160306ko.jpg?l=ko,20000,14500,27.5,552,4.8,89,7,3,1,1,1,1,0,1,A000000261603,10000010011
2026-08-16,선케어,14,AHC,[이사배PICK]AHC 마스터즈 아이시 젤리 선스틱 14g,https://www.oliveyoung.co.kr/store/goods/getGoodsDetail.do?goodsNo=A000000250210,https://image.oliveyoung.co.kr/cfimages/cf-goods/uploads/images/thumbnails/400/10/0000/0025/A00000025021015ko.jpg?l=ko,18900,15900,15.9,3558,4.8,89,7,2,1,1,1,1,0,1,A000000250210,10000010011
2026-08-16,선케어,15,라운드랩,[8월 올영픽/1+1] 라운드랩 자작나무 수분 톤업 선크림 50ml 1+1 기획,https://www.oliveyoung.co.kr/store/goods/getGoodsDetail.do?goodsNo=A000000186166,https://image.oliveyoung.co.kr/cfimages/cf-goods/uploads/images/thumbnails/400/10/0000/0018/A00000018616645ko.png?l=ko,25000,24200,3.2,12442,4.8,84,11,4,1,1,1,1,0,1,A000000186166,10000010011
2026-08-16,선케어,16,톤핏선,톤핏선 파데프리 비건 얇착밀착 선쿠션 2종 택1(톤업쿠션/커버쿠션) SPF50+ PA++++,https://www.oliveyoung.co.kr/store/goods/getGoodsDetail.do?goodsNo=A000000179295,https://image.oliveyoung.co.kr/cfimages/cf-goods/uploads/images/thumbnails/400/10/0000/0017/A00000017929594ko.jpg?l=ko,24000,19200,20.0,9911,4.6,78,13,6,1,2,1,0,0,1,A000000179295,10000010011
2026-08-16,선케어,17,아이디얼포맨,[UV차단+스킨케어] 아이디얼포맨 프레시 선 올인원,https://www.oliveyoung.co.kr/store/goods/getGoodsDetail.do?goodsNo=A000000248772,https://image.oliveyoung.co.kr/cfimages/cf-goods/uploads/images/thumbnails/400/10/0000/0024/A00000024877219ko.jpg?l=ko,24000,12500,47.9,411,4.8,86,10,3,,1,1,1,0,1,A000000248772,10000010011
2026-08-16,선케어,18,스킨1004,[1위선세럼/미니증정] 스킨1004 마다가스카르 센텔라 히알루-시카 워터핏 선세럼 기획(50ml+50ml+15ml),https://www.oliveyoung.co.kr/store/goods/getGoodsDetail.do?goodsNo=A000000215559,https://image.oliveyoung.co.kr/cfimages/cf-goods/uploads/images/thumbnails/400/10/0000/0021/A00000021555920ko.png?l=ko,35000,26600,24.0,14692,4.9,93,5,1,0,0,1,1,1,1,A000000215559,10000010011
2026-08-16,선케어,19,풀리,[레이PICK/수분코팅] 풀리 쌀 세라 수분 선크림 50ml (단품/기획),https://www.oliveyoung.co.kr/store/goods/getGoodsDetail.do?goodsNo=A000000240562,https://image.oliveyoung.co.kr/cfimages/cf-goods/uploads/images/thumbnails/400/10/0000/0024/A00000024056217ko.jpg?l=ko,23000,17900,22.2,6282,5.0,98,1,0,0,0,1,0,0,1,A000000240562,10000010011
2026-08-16,선케어,20,에스트라,[50%용량증정] 에스트라 더마UV365 장벽수분 무기자차 선크림 40ml+20ml,https://www.oliveyoung.co.kr/store/goods/getGoodsDetail.do?goodsNo=A000000206826,https://image.oliveyoung.co.kr/cfimages/cf-goods/uploads/images/thumbnails/400/10/0000/0020/A00000020682632ko.jpg?l=ko,31000,31000,0.0,9535,4.8,85,11,3,1,1,0,0,0,1,A000000206826,10000010011
2026-08-16,선케어,21,바닐라코,[화잘먹/수분촉촉] 바닐라코 에센스 스킨 하이드레이팅 듀 선크림 50ml 1+1 기획,https://www.oliveyoung.co.kr/store/goods/getGoodsDetail.do?goodsNo=A000000253632,https://image.oliveyoung.co.kr/cfimages/cf-goods/uploads/images/thumbnails/400/10/0000/0025/A00000025363213ko.jpg?l=ko,25000,22500,10.0,1435,4.9,94,5,0,0,0,0,1,1,1,A000000253632,10000010011
2026-08-16,선케어,22,VT,[1등선크림/끈적임ZERO] VT 피디알엔 에어 클라우드 선스크린 50ml,https://www.oliveyoung.co.kr/store/goods/getGoodsDetail.do?goodsNo=A000000257580,https://image.oliveyoung.co.kr/cfimages/cf-goods/uploads/images/thumbnails/400/10/0000/0025/A00000025758018ko.jpg?l=ko,26000,17500,32.7,10697,5.0,97,3,0,0,0,1,0,0,1,A000000257580,10000010011
2026-08-16,선케어,23,닥터지,[8월올영픽/보송톤업] 닥터지 브라이트닝 업 선 플러스 50ml 기획 2종 (50+20/50+50+10) (선크림),https://www.oliveyoung.co.kr/store/goods/getGoodsDetail.do?goodsNo=A000000180158,https://image.oliveyoung.co.kr/cfimages/cf-goods/uploads/images/thumbnails/400/10/0000/0018/A00000018015856ko.jpg?l=ko,32000,15500,51.6,13506,4.8,85,12,2,0,0,1,1,0,1,A000000180158,10000010011
2026-08-16,선케어,24,셀리맥스,[1+1/TXA/화잘먹] 셀리맥스 트라넥삼산 브라이트닝 잡티 선크림 50ml 더블 기획,https://www.oliveyoung.co.kr/store/goods/getGoodsDetail.do?goodsNo=A000000254726,https://image.oliveyoung.co.kr/cfimages/cf-goods/uploads/images/thumbnails/400/10/0000/0025/A00000025472606ko.png?l=ko,27500,22900,16.7,1284,4.8,91,6,2,1,1,1,0,0,1,A000000254726,10000010011
2026-08-16,선케어,25,식물나라,[황윤제PICK]식물나라 워터프루프 선 크림 100mL,https://www.oliveyoung.co.kr/store/goods/getGoodsDetail.do?goodsNo=A000000151904,https://image.oliveyoung.co.kr/cfimages/cf-goods/uploads/images/thumbnails/400/10/0000/0015/A00000015190432ko.jpg?l=ko,19000,10800,43.2,13264,4.8,84,12,4,1,0,1,0,0,1,A000000151904,10000010011
2026-08-16,선케어,26,아로마티카,[쿨링진정/1+1] 아로마티카 수딩 알로에 베라 젤 300ml/ 대용량 500ml 택 1,https://www.oliveyoung.co.kr/store/goods/getGoodsDetail.do?goodsNo=A000000009097,https://image.oliveyoung.co.kr/cfimages/cf-goods/uploads/images/thumbnails/400/10/0000/0000/A00000000909729ko.jpg?l=ko,13000,13000,0.0,13803,4.7,81,14,4,1,0,0,0,0,1,A000000009097,10000010011
2026-08-16,선케어,27,오브제,[1등 기름종이선스틱] 오브제 포어 제로 오일 컨트롤 선스틱 18g 단품/기획,https://www.oliveyoung.co.kr/store/goods/getGoodsDetail.do?goodsNo=A000000238816,https://image.oliveyoung.co.kr/cfimages/cf-goods/uploads/images/thumbnails/400/10/0000/0023/A00000023881609ko.png?l=ko,25000,18900,24.4,5755,4.8,89,8,2,1,0,1,0,0,1,A000000238816,10000010011
2026-08-16,선케어,28,비플레인,[8월올영픽/총110ml] 비플레인 녹두 쿨링 수분 선크림 50ml 1+1 기획 (+10ml),https://www.oliveyoung.co.kr/store/goods/getGoodsDetail.do?goodsNo=A000000249802,https://image.oliveyoung.co.kr/cfimages/cf-goods/uploads/images/thumbnails/400/10/0000/0024/A00000024980238ko.png?l=ko,25000,21700,13.2,7452,4.7,83,11,4,1,1,1,1,1,1,A000000249802,10000010011
2026-08-16,선케어,29,AHC,[포켓몬 에디션] AHC 마스터즈 에어리치 선스틱 22g 더블 기획 (+포켓몬 미니달력),https://www.oliveyoung.co.kr/store/goods/getGoodsDetail.do?goodsNo=A000000254125,https://image.oliveyoung.co.kr/cfimages/cf-goods/uploads/images/thumbnails/400/10/0000/0025/A00000025412502ko.jpg?l=ko,48000,29900,37.7,1525,4.9,92,6,1,0,0,1,0,0,1,A000000254125,10000010011
2026-08-16,선케어,30,체이싱래빗,[리뷰이벤트/파데프리/톤업선크림]체이싱래빗 올어바웃글로우 커버크림 35g기획(단품/ 대왕퍼프),https://www.oliveyoung.co.kr/store/goods/getGoodsDetail.do?goodsNo=A000000232053,https://image.oliveyoung.co.kr/cfimages/cf-goods/uploads/images/thumbnails/400/10/0000/0023/A00000023205326ko.jpg?l=ko,20000,13600,32.0,12467,4.7,79,13,5,1,1,1,1,0,1,A000000232053,10000010011
2026-08-16,선케어,31,셀퓨전씨,[8월올영픽/고은언니PICK] 셀퓨전씨 잡티 토닝 썬스크린 35ml 트리플 한정 기획,https://www.oliveyoung.co.kr/store/goods/getGoodsDetail.do?goodsNo=A000000259329,https://image.oliveyoung.co.kr/cfimages/cf-goods/uploads/images/thumbnails/400/10/0000/0025/A00000025932909ko.jpg?l=ko,27900,22900,17.9,5271,4.8,85,9,4,1,1,1,1,0,1,A000000259329,10000010011
2026-08-16,선케어,32,제로이드,[2입 기획][민감피부 추천 무기자차] 제로이드 데일리 선크림 기획 (50ml+50ml),https://www.oliveyoung.co.kr/store/goods/getGoodsDetail.do?goodsNo=A000000253724,https://image.oliveyoung.co.kr/cfimages/cf-goods/uploads/images/thumbnails/400/10/0000/0025/A00000025372412ko.jpg?l=ko,64000,37900,40.8,2371,4.8,87,8,4,1,0,1,1,0,1,A000000253724,10000010011
2026-08-16,선케어,33,아떼,[8월올영픽/민감피부 안심] 아떼 무기자차 선크림 50ml 기획/단품,https://www.oliveyoung.co.kr/store/goods/getGoodsDetail.do?goodsNo=A000000200647,https://image.oliveyoung.co.kr/cfimages/cf-goods/uploads/images/thumbnails/400/10/0000/0020/A00000020064778ko.png?l=ko,34000,23660,30.4,6054,4.8,84,10,4,1,1,1,1,1,1,A000000200647,10000010011
2026-08-16,선케어,34,달바,[쿨톤보정] 달바 퍼플 톤업 선크림 듀오 기획 (50ml+50ml),https://www.oliveyoung.co.kr/store/goods/getGoodsDetail.do?goodsNo=A000000200614,https://image.oliveyoung.co.kr/cfimages/cf-goods/uploads/images/thumbnails/400/10/0000/0020/A00000020061487ko.png?l=ko,51000,35700,30.0,10666,4.8,89,7,2,1,1,1,0,0,1,A000000200614,10000010011
2026-08-16,선케어,35,식물나라,[대용량] 식물나라 보송/워터프루프/쿨링 선 스틱 30g (1+1/리필/단품),https://www.oliveyoung.co.kr/store/goods/getGoodsDetail.do?goodsNo=A000000150460,https://image.oliveyoung.co.kr/cfimages/cf-goods/uploads/images/thumbnails/400/10/0000/0015/A00000015046030ko.jpg?l=ko,27000,16900,37.4,22291,4.8,84,11,4,1,1,1,1,0,1,A000000150460,10000010011
2026-08-16,선케어,36,구달,구달 맑은 어성초 진정 무기자차 선크림 50ml 1+1 기획,https://www.oliveyoung.co.kr/store/goods/getGoodsDetail.do?goodsNo=A000000219554,https://image.oliveyoung.co.kr/cfimages/cf-goods/uploads/images/thumbnails/400/10/0000/0021/A00000021955425ko.jpg?l=ko,22000,17900,18.6,15858,4.7,82,12,4,1,1,1,1,0,1,A000000219554,10000010011
2026-08-16,선케어,37,구달,[핑크톤업] 구달 맑은 어성초 진정 수분 톤업 선크림 50ml 1+1 기획,https://www.oliveyoung.co.kr/store/goods/getGoodsDetail.do?goodsNo=A000000219556,https://image.oliveyoung.co.kr/cfimages/cf-goods/uploads/images/thumbnails/400/10/0000/0021/A00000021955628ko.jpg?l=ko,22000,17900,18.6,12013,4.7,79,13,5,1,1,1,1,0,1,A000000219556,10000010011
2026-08-16,선케어,38,닥터지,[8월올영픽/쿨링수분] 닥터지 레드 블레미쉬 수딩 업 선 50ml 기획 2종 (50+50+10/50+50) (선크림),https://www.oliveyoung.co.kr/store/goods/getGoodsDetail.do?goodsNo=A000000200635,https://image.oliveyoung.co.kr/cfimages/cf-goods/uploads/images/thumbnails/400/10/0000/0020/A00000020063553ko.jpg?l=ko,29000,18600,35.9,7988,4.8,86,10,3,1,1,1,1,0,1,A000000200635,10000010011
2026-08-16,선케어,39,이니스프리,[1+1/추가10ml증정] 이니스프리 데일리 유브이 톤업 노세범 선크림 50ml 더블 기획,https://www.oliveyoung.co.kr/store/goods/getGoodsDetail.do?goodsNo=A000000247241,https://image.oliveyoung.co.kr/cfimages/cf-goods/uploads/images/thumbnails/400/10/0000/0024/A00000024724159ko.jpg?l=ko,25000,18900,24.4,1935,4.7,82,12,4,1,1,1,1,1,1,A000000247241,10000010011
2026-08-16,선케어,40,달바,[8월특가/2개입] 달바 판테놀 리퀴드 선세럼 듀오 기획 (50ml+50ml),https://www.oliveyoung.co.kr/store/goods/getGoodsDetail.do?goodsNo=A000000261578,https://image.oliveyoung.co.kr/cfimages/cf-goods/uploads/images/thumbnails/400/10/0000/0026/A00000026157819ko.png?l=ko,51000,32900,35.5,252,4.7,81,10,7,1,2,1,0,0,1,A000000261578,10000010011
2026-08-16,선케어,41,아비브,[1+1/파데프리톤업] 아비브 글루타치온좀 CC 선크림 토닝 튜브 50ml 더블 기획,https://www.oliveyoung.co.kr/store/goods/getGoodsDetail.do?goodsNo=A000000248226,https://image.oliveyoung.co.kr/cfimages/cf-goods/uploads/images/thumbnails/400/10/0000/0024/A00000024822615ko.png?l=ko,37000,25900,30.0,2343,4.6,78,13,6,1,1,1,0,0,1,A000000248226,10000010011
2026-08-16,선케어,42,스킨1004,[수분 선크림][누적판매1700만개]스킨1004 마다가스카르 센텔라 히알루-시카 워터핏 선세럼 50ml,https://www.oliveyoung.co.kr/store/goods/getGoodsDetail.do?goodsNo=A000000169499,https://image.oliveyoung.co.kr/cfimages/cf-goods/uploads/images/thumbnails/400/10/0000/0016/A00000016949939ko.jpg?l=ko,20000,17600,12.0,10750,4.9,93,5,1,0,0,1,0,1,1,A000000169499,10000010011
2026-08-16,선케어,43,식물나라,[결광톤업] 식물나라 뽀얀쌀 톤업 수분 선크림 100ml 3종 (생기/보라/초록),https://www.oliveyoung.co.kr/store/goods/getGoodsDetail.do?goodsNo=A000000217330,https://image.oliveyoung.co.kr/cfimages/cf-goods/uploads/images/thumbnails/400/10/0000/0021/A00000021733047ko.jpg?l=ko,18500,9990,46.0,15161,4.7,78,15,5,1,1,1,1,0,1,A000000217330,10000010011
2026-08-16,선케어,44,조선미녀,[화잘먹] 조선미녀 맑은쌀 선크림 50ml+20ml 증정 기획,https://www.oliveyoung.co.kr/store/goods/getGoodsDetail.do?goodsNo=A000000224657,https://image.oliveyoung.co.kr/cfimages/cf-goods/uploads/images/thumbnails/400/10/0000/0022/A00000022465714ko.jpg?l=ko,20000,13900,30.5,4143,4.8,88,8,3,1,1,1,1,0,1,A000000224657,10000010011
2026-08-16,선케어,45,바이오힐보,[화잘먹선] 바이오힐보 프로바이오덤 콜라겐 선크림 2종 (에센스/톤업),https://www.oliveyoung.co.kr/store/goods/getGoodsDetail.do?goodsNo=A000000225015,https://image.oliveyoung.co.kr/cfimages/cf-goods/uploads/images/thumbnails/400/10/0000/0022/A00000022501540ko.jpg?l=ko,30000,19500,35.0,5372,4.7,82,12,3,1,1,1,0,0,1,A000000225015,10000010011
2026-08-16,선케어,46,비오레,[올영단독]비오레 UV 아쿠아 리치 워터리 에센스 50g 단품/더블기획추가20g증정,https://www.oliveyoung.co.kr/store/goods/getGoodsDetail.do?goodsNo=A000000249451,https://image.oliveyoung.co.kr/cfimages/cf-goods/uploads/images/thumbnails/400/10/0000/0024/A00000024945120ko.jpg?l=ko,18000,13900,22.8,1377,4.8,89,8,3,1,1,1,1,0,1,A000000249451,10000010011
2026-08-16,선케어,47,차앤박,[보송핑크톤업] 차앤박 애프터레이 톤업 프로텍션 선 50ml 더블기획,https://www.oliveyoung.co.kr/store/goods/getGoodsDetail.do?goodsNo=A000000224140,https://image.oliveyoung.co.kr/cfimages/cf-goods/uploads/images/thumbnails/400/10/0000/0022/A00000022414020ko.jpg?l=ko,30000,25500,15.0,3717,4.8,89,8,2,0,1,1,0,0,1,A000000224140,10000010011
2026-08-16,선케어,48,달바,[용량UP/총130ml] 달바 핑크 톤업 선크림 65ml + 65ml 대용량 기획세트,https://www.oliveyoung.co.kr/store/goods/getGoodsDetail.do?goodsNo=A000000255386,https://image.oliveyoung.co.kr/cfimages/cf-goods/uploads/images/thumbnails/400/10/0000/0025/A00000025538625ko.png?l=ko,65000,41900,35.5,5175,4.9,91,7,2,0,0,1,0,0,1,A000000255386,10000010011
2026-08-16,선케어,49,셀퓨전씨,[수분즉각충전쿨링썬] 셀퓨전씨 아쿠아티카 쿨링 썬스크린 35ml 트리플 기획,https://www.oliveyoung.co.kr/store/goods/getGoodsDetail.do?goodsNo=A000000259556,https://image.oliveyoung.co.kr/cfimages/cf-goods/uploads/images/thumbnails/400/10/0000/0025/A00000025955610ko.jpg?l=ko,27900,21500,22.9,2533,4.8,88,8,3,1,1,1,1,0,1,A000000259556,10000010011
2026-08-16,선케어,50,아넷사,[올영단독]아넷사 퍼펙트 UV 선스크린 스킨케어 밀크 60ml 2입 기획,https://www.oliveyoung.co.kr/store/goods/getGoodsDetail.do?goodsNo=A000000259793,https://image.oliveyoung.co.kr/cfimages/cf-goods/uploads/images/thumbnails/400/10/0000/0025/A00000025979324ko.jpg?l=ko,59000,49000,16.9,14,4.8,79,21,,,,1,1,0,1,A000000259793,10000010011
2026-08-16,선케어,51,라운드랩,[8월 올영픽/더블] 라운드랩 자작나무 수분 선스틱 19g+19g,https://www.oliveyoung.co.kr/store/goods/getGoodsDetail.do?goodsNo=A000000202197,https://image.oliveyoung.co.kr/cfimages/cf-goods/uploads/images/thumbnails/400/10/0000/0020/A00000020219716ko.png?l=ko,29000,23700,18.3,5129,4.8,87,9,3,0,0,1,1,0,1,A000000202197,10000010011
2026-08-16,선케어,52,넘버즈인,[8월올영픽/-4도쿨링] 넘버즈인 1번 청초 진정맑은 물막선크림 듀오 기획 (SPF50+PA++++),https://www.oliveyoung.co.kr/store/goods/getGoodsDetail.do?goodsNo=A000000184352,https://image.oliveyoung.co.kr/cfimages/cf-goods/uploads/images/thumbnails/400/10/0000/0018/A00000018435235ko.jpg?l=ko,29000,23400,19.3,8757,4.8,88,9,2,0,1,1,1,0,1,A000000184352,10000010011
2026-08-16,선케어,53,식물나라,[국민선크림] 식물나라 가벼운 수분 선 젤 60ml (단품/2입/대용량/트래블키트),https://www.oliveyoung.co.kr/store/goods/getGoodsDetail.do?goodsNo=A000000225224,https://image.oliveyoung.co.kr/cfimages/cf-goods/uploads/images/thumbnails/400/10/0000/0022/A00000022522404ko.jpg?l=ko,9800,5900,39.8,6778,4.7,84,9,3,1,3,1,1,0,1,A000000225224,10000010011
2026-08-16,선케어,54,조선미녀,[쿨링진정/쌀알춘식이스트레스볼] 조선미녀 맑은쌀 선크림 아쿠아프레쉬 50ml 2입 기획,https://www.oliveyoung.co.kr/store/goods/getGoodsDetail.do?goodsNo=A000000216895,https://image.oliveyoung.co.kr/cfimages/cf-goods/uploads/images/thumbnails/400/10/0000/0021/A00000021689516ko.jpg?l=ko,30000,25500,15.0,1081,4.8,88,9,2,1,1,1,1,0,1,A000000216895,10000010011
2026-08-16,선케어,55,라로슈포제,[파데프리] 라로슈포제 유비데아 안뗄리오스 톤업 로지 글로우 30ml 기획 (+멜라B3세럼 3ml*2ea),https://www.oliveyoung.co.kr/store/goods/getGoodsDetail.do?goodsNo=A000000252919,https://image.oliveyoung.co.kr/cfimages/cf-goods/uploads/images/thumbnails/400/10/0000/0025/A00000025291902ko.jpg?l=ko,38000,38000,0.0,1316,4.7,79,15,4,1,1,0,0,0,1,A000000252919,10000010011
2026-08-16,선케어,56,식물나라,[바캉스필수템] 식물나라 워터프루프/알로에쿨링 선 스프레이 100ml (단품/1+1/트리플),https://www.oliveyoung.co.kr/store/goods/getGoodsDetail.do?goodsNo=A000000224981,https://image.oliveyoung.co.kr/cfimages/cf-goods/uploads/images/thumbnails/400/10/0000/0022/A00000022498129ko.jpg?l=ko,14800,12900,12.8,17221,4.7,78,14,6,1,1,1,1,0,1,A000000224981,10000010011
2026-08-16,선케어,57,제로이드,[세정이 쉬운 무기자차] 제로이드 이지워시 마일드 선크림 50ml,https://www.oliveyoung.co.kr/store/goods/getGoodsDetail.do?goodsNo=A000000209913,https://image.oliveyoung.co.kr/cfimages/cf-goods/uploads/images/thumbnails/400/10/0000/0020/A00000020991306ko.jpg?l=ko,32000,32000,0.0,1460,4.8,85,10,3,1,1,0,0,0,1,A000000209913,10000010011
2026-08-16,선케어,58,식물나라,[착붙톤업] 식물나라 뽀얀쌀 생기 톤업 선 쿠션 4종 (단품/리필기획/리필2개입),https://www.oliveyoung.co.kr/store/goods/getGoodsDetail.do?goodsNo=A000000219928,https://image.oliveyoung.co.kr/cfimages/cf-goods/uploads/images/thumbnails/400/10/0000/0021/A00000021992843ko.jpg?l=ko,17800,9800,44.9,6869,4.6,75,15,6,2,2,1,0,0,1,A000000219928,10000010011
2026-08-16,선케어,59,메이크프렘,[뽀송 무기자차] 메이크프렘 유브이 디펜스 미 노세범 선크림 40ml+40ml 기획,https://www.oliveyoung.co.kr/store/goods/getGoodsDetail.do?goodsNo=A000000184159,https://image.oliveyoung.co.kr/cfimages/cf-goods/uploads/images/thumbnails/400/10/0000/0018/A00000018415927ko.jpg?l=ko,28000,20900,25.4,5739,4.8,85,10,3,1,1,1,1,0,1,A000000184159,10000010011
2026-08-16,선케어,60,스타라이크,[간편 베이스/잡티커버] 스타라이크 파데프리 톤업 선크림 50ml 단품/기획 (+퍼프 증정),https://www.oliveyoung.co.kr/store/goods/getGoodsDetail.do?goodsNo=A000000235912,https://image.oliveyoung.co.kr/cfimages/cf-goods/uploads/images/thumbnails/400/10/0000/0023/A00000023591226ko.jpg?l=ko,24000,14400,40.0,6800,4.9,93,5,1,0,1,1,0,0,1,A000000235912,10000010011
2026-08-16,선케어,61,조선미녀,[쿨링진정] 조선미녀 아쿠아프레쉬 선크림 50ml+20ml 증정 기획,https://www.oliveyoung.co.kr/store/goods/getGoodsDetail.do?goodsNo=A000000224658,https://image.oliveyoung.co.kr/cfimages/cf-goods/uploads/images/thumbnails/400/10/0000/0022/A00000022465809ko.jpg?l=ko,20000,13900,30.5,2859,4.8,88,8,3,1,1,1,1,0,1,A000000224658,10000010011
2026-08-16,선케어,62,라운드랩,[8월 올영픽/즉각쿨링] 라운드랩 자작나무 수분 선 스프레이 100ml 1+1 기획,https://www.oliveyoung.co.kr/store/goods/getGoodsDetail.do?goodsNo=A000000251033,https://image.oliveyoung.co.kr/cfimages/cf-goods/uploads/images/thumbnails/400/10/0000/0025/A00000025103312ko.png?l=ko,22000,19400,11.8,1108,4.7,84,9,5,1,1,1,1,0,1,A000000251033,10000010011
2026-08-16,선케어,63,메디힐,[양현종 Pick/NEW] 메디힐 마데카소사이드 선스틱 에어리 핏 10g,https://www.oliveyoung.co.kr/store/goods/getGoodsDetail.do?goodsNo=A000000249274,https://image.oliveyoung.co.kr/cfimages/cf-goods/uploads/images/thumbnails/400/10/0000/0024/A00000024927408ko.jpg?l=ko,15000,10200,32.0,1124,4.8,86,8,4,1,1,1,1,1,1,A000000249274,10000010011
2026-08-16,선케어,64,아떼,[8월올영픽/화잘먹 수분 선] 아떼 선에센스EX 50ml 기획/단품,https://www.oliveyoung.co.kr/store/goods/getGoodsDetail.do?goodsNo=A000000180506,https://image.oliveyoung.co.kr/cfimages/cf-goods/uploads/images/thumbnails/400/10/0000/0018/A00000018050690ko.png?l=ko,34000,23660,30.4,6073,4.8,89,7,2,0,1,1,1,1,1,A000000180506,10000010011
2026-08-16,선케어,65,라운드랩,[1등썬] 라운드랩 자작나무 수분 선크림 50ml 기획(+크림 20ml),https://www.oliveyoung.co.kr/store/goods/getGoodsDetail.do?goodsNo=A000000149135,https://image.oliveyoung.co.kr/cfimages/cf-goods/uploads/images/thumbnails/400/10/0000/0014/A00000014913563ko.png?l=ko,25000,17500,30.0,19386,4.8,87,10,3,0,1,1,0,0,1,A000000149135,10000010011
2026-08-16,선케어,66,브링그린,브링그린 티트리 시카 톤업 선쿠션 15g,https://www.oliveyoung.co.kr/store/goods/getGoodsDetail.do?goodsNo=A000000201172,https://image.oliveyoung.co.kr/cfimages/cf-goods/uploads/images/thumbnails/400/10/0000/0020/A00000020117246ko.jpg?l=ko,20000,12000,40.0,2778,4.6,75,16,6,2,2,1,0,0,1,A000000201172,10000010011
2026-08-16,선케어,67,식물나라,[강력차단] 식물나라 워터프루프/알로에쿨링 선 스프레이 100ml (단품/1+1/트리플),https://www.oliveyoung.co.kr/store/goods/getGoodsDetail.do?goodsNo=A000000212555,https://image.oliveyoung.co.kr/cfimages/cf-goods/uploads/images/thumbnails/400/10/0000/0021/A00000021255516ko.jpg?l=ko,14800,12900,12.8,10899,4.7,80,13,5,1,1,1,1,0,1,A000000212555,10000010011
2026-08-16,선케어,68,에스트라,에스트라 더마UV365 레드진정 톤업 선크림 40ml 기획 (+무기자차 선크림 20ml),https://www.oliveyoung.co.kr/store/goods/getGoodsDetail.do?goodsNo=A000000206827,https://image.oliveyoung.co.kr/cfimages/cf-goods/uploads/images/thumbnails/400/10/0000/0020/A00000020682707ko.jpg?l=ko,31000,24800,20.0,2686,4.7,82,12,4,1,1,1,0,0,1,A000000206827,10000010011
2026-08-16,선케어,69,오브제,[덱스PICK/러너 필수템] 오브제 액티브 스웨트프루프 선스틱 18g,https://www.oliveyoung.co.kr/store/goods/getGoodsDetail.do?goodsNo=A000000248755,https://image.oliveyoung.co.kr/cfimages/cf-goods/uploads/images/thumbnails/400/10/0000/0024/A00000024875505ko.jpg?l=ko,25000,18900,24.4,1222,4.9,95,3,1,0,1,1,0,0,1,A000000248755,10000010011
2026-08-16,선케어,70,오브제,[보송톤업] 오브제 내추럴 톤업 선스틱 18g,https://www.oliveyoung.co.kr/store/goods/getGoodsDetail.do?goodsNo=A000000260943,https://image.oliveyoung.co.kr/cfimages/cf-goods/uploads/images/thumbnails/400/10/0000/0026/A00000026094303ko.jpg?l=ko,25000,18900,24.4,104,5.0,99,,,,1,1,0,0,1,A000000260943,10000010011
2026-08-16,선케어,71,이지듀,이지듀 기미 앰플 쿠션 리필 기획 (퍼프 2매 증정),https://www.oliveyoung.co.kr/store/goods/getGoodsDetail.do?goodsNo=A000000228069,https://image.oliveyoung.co.kr/cfimages/cf-goods/uploads/images/thumbnails/400/10/0000/0022/A00000022806925ko.jpg?l=ko,58900,52900,10.2,3292,4.7,80,13,4,1,1,1,0,0,1,A000000228069,10000010011
2026-08-16,선케어,72,셀퓨전씨,[매끈밀착썬/조앤프렌즈 콜라보] 셀퓨전씨 레이저 UV 썬스크린 35ml 더블 기획 (+조앤프렌즈 피규어 선크림 집게),https://www.oliveyoung.co.kr/store/goods/getGoodsDetail.do?goodsNo=A000000198739,https://image.oliveyoung.co.kr/cfimages/cf-goods/uploads/images/thumbnails/400/10/0000/0019/A00000019873942ko.jpg?l=ko,29400,22300,24.1,4620,4.8,86,9,3,1,1,1,0,0,1,A000000198739,10000010011
2026-08-16,선케어,73,이니스프리,[자외선차단파우더] 이니스프리 데일리 유브이 노세범 선파우더 4g 기획(+퍼프1ea),https://www.oliveyoung.co.kr/store/goods/getGoodsDetail.do?goodsNo=A000000249757,https://image.oliveyoung.co.kr/cfimages/cf-goods/uploads/images/thumbnails/400/10/0000/0024/A00000024975729ko.png?l=ko,14000,8800,37.1,2553,4.6,76,12,7,1,3,1,1,1,1,A000000249757,10000010011
2026-08-16,선케어,74,헤라,헤라 UV프로텍터 SPF50+ PA4+ 톤업 피치 50ml 기획/단품,https://www.oliveyoung.co.kr/store/goods/getGoodsDetail.do?goodsNo=A000000248560,https://image.oliveyoung.co.kr/cfimages/cf-goods/uploads/images/thumbnails/400/10/0000/0024/A00000024856042ko.jpg?l=ko,47000,39950,15.0,131,4.8,89,8,1,1,2,0,1,1,1,A000000248560,10000010011
2026-08-16,선케어,75,웰라쥬,[화잘먹수분선] 웰라쥬 리얼 히알루로닉 블루 선크림 50ml 1+1 기획,https://www.oliveyoung.co.kr/store/goods/getGoodsDetail.do?goodsNo=A000000232318,https://image.oliveyoung.co.kr/cfimages/cf-goods/uploads/images/thumbnails/400/10/0000/0023/A00000023231823ko.jpg?l=ko,25000,16630,33.5,2334,4.9,92,6,2,0,0,1,1,1,1,A000000232318,10000010011
2026-08-16,선케어,76,에이지투웨니스,[리필기획] AGE20S 선 에센스 팩트 무기자차 카밍 기획 (본품+리필),https://www.oliveyoung.co.kr/store/goods/getGoodsDetail.do?goodsNo=A000000201312,https://image.oliveyoung.co.kr/cfimages/cf-goods/uploads/images/thumbnails/400/10/0000/0020/A00000020131220ko.jpg?l=ko,32000,25600,20.0,2286,4.8,84,10,4,1,1,1,0,0,1,A000000201312,10000010011
2026-08-16,선케어,77,토리든,[물막선크림] 토리든 다이브인 모이스처 선크림 60ml 1+1 기획,https://www.oliveyoung.co.kr/store/goods/getGoodsDetail.do?goodsNo=A000000219383,https://image.oliveyoung.co.kr/cfimages/cf-goods/uploads/images/thumbnails/400/10/0000/0021/A00000021938325ko.jpg?l=ko,25000,25000,0.0,3697,4.8,88,9,2,1,0,0,0,0,1,A000000219383,10000010011
2026-08-16,선케어,78,오휘,[NEW] 오휘 데이쉴드 나이아신아마이드 5% 톤업 선 30ml,https://www.oliveyoung.co.kr/store/goods/getGoodsDetail.do?goodsNo=A000000237832,https://image.oliveyoung.co.kr/cfimages/cf-goods/uploads/images/thumbnails/400/10/0000/0023/A00000023783203ko.jpg?l=ko,34000,27200,20.0,11,4.9,91,9,,,,1,1,1,1,A000000237832,10000010011
2026-08-16,선케어,79,식물나라,[착붙톤업] 식물나라 뽀얀쌀 생기 톤업 선 쿠션 4종 (화이트/피치/보라),https://www.oliveyoung.co.kr/store/goods/getGoodsDetail.do?goodsNo=A000000217679,https://image.oliveyoung.co.kr/cfimages/cf-goods/uploads/images/thumbnails/400/10/0000/0021/A00000021767923ko.jpg?l=ko,24800,14860,40.1,2467,4.6,74,16,6,2,1,1,1,0,1,A000000217679,10000010011
2026-08-16,선케어,80,식물나라,[촉촉화잘먹] 식물나라 가벼운 수분 선 젤 60ml (단품/2입/대용량/트래블키트),https://www.oliveyoung.co.kr/store/goods/getGoodsDetail.do?goodsNo=A000000242716,https://image.oliveyoung.co.kr/cfimages/cf-goods/uploads/images/thumbnails/400/10/0000/0024/A00000024271609ko.jpg?l=ko,25800,13800,46.5,1938,4.8,89,8,2,0,0,1,1,0,1,A000000242716,10000010011
2026-08-16,선케어,81,헤라,헤라 UV프로텍터 SPF50+PA4+ 톤업 라벤더 40ml/50ml 기획/단품,https://www.oliveyoung.co.kr/store/goods/getGoodsDetail.do?goodsNo=A000000248564,https://image.oliveyoung.co.kr/cfimages/cf-goods/uploads/images/thumbnails/400/10/0000/0024/A00000024856440ko.jpg?l=ko,40000,34000,15.0,20,4.5,80,10,,,10,0,1,0,1,A000000248564,10000010011
2026-08-16,선케어,82,달바,[화잘먹 선케어] 달바 에센스 선크림 듀오 기획 (50ml+50ml),https://www.oliveyoung.co.kr/store/goods/getGoodsDetail.do?goodsNo=A000000232723,https://image.oliveyoung.co.kr/cfimages/cf-goods/uploads/images/thumbnails/400/10/0000/0023/A00000023272316ko.png?l=ko,51000,33900,33.5,3603,4.8,87,8,3,1,1,1,0,0,1,A000000232723,10000010011
2026-08-16,선케어,83,메이크프렘,[뽀용톤업/무기자차] 메이크프렘 수딩 핑크 톤업 선크림 40ml+40ml 기획 (+20ml),https://www.oliveyoung.co.kr/store/goods/getGoodsDetail.do?goodsNo=A000000202359,https://image.oliveyoung.co.kr/cfimages/cf-goods/uploads/images/thumbnails/400/10/0000/0020/A00000020235940ko.jpg?l=ko,30000,21900,27.0,5557,4.8,85,10,4,1,1,1,1,0,1,A000000202359,10000010011
2026-08-16,선케어,84,에스네이처,[1+1/1등 화잘먹 속촉촉수분썬] 에스네이처 아쿠아 365 UV 선크림 40ml 2입,https://www.oliveyoung.co.kr/store/goods/getGoodsDetail.do?goodsNo=A000000208182,https://image.oliveyoung.co.kr/cfimages/cf-goods/uploads/images/thumbnails/400/10/0000/0020/A00000020818266ko.png?l=ko,36000,21900,39.2,3041,4.8,87,10,2,0,0,1,0,0,1,A000000208182,10000010011
2026-08-16,선케어,85,메디힐,[산뜻촉촉 선크림] 메디힐 마데카소사이드 수분 선세럼 흔적 리페어 50g,https://www.oliveyoung.co.kr/store/goods/getGoodsDetail.do?goodsNo=A000000223423,https://image.oliveyoung.co.kr/cfimages/cf-goods/uploads/images/thumbnails/400/10/0000/0022/A00000022342325ko.jpg?l=ko,22000,13900,36.8,5504,4.8,88,9,2,0,1,1,1,1,1,A000000223423,10000010011
2026-08-16,선케어,86,달바,[밀착커버] 달바 내추럴 커버 베이지 선크림 50ml (라이트/웜),https://www.oliveyoung.co.kr/store/goods/getGoodsDetail.do?goodsNo=A000000248619,https://image.oliveyoung.co.kr/cfimages/cf-goods/uploads/images/thumbnails/400/10/0000/0024/A00000024861905ko.jpg?l=ko,36000,25900,28.1,874,4.5,72,16,7,2,4,1,0,0,1,A000000248619,10000010011
2026-08-16,선케어,87,체이싱래빗,[리뷰이벤트/파데프리/톤업선크림] NEW 체이싱래빗 블러 퍼플 커버선크림 기획 35g(+ 팡팡퍼프 증정),https://www.oliveyoung.co.kr/store/goods/getGoodsDetail.do?goodsNo=A000000248024,https://image.oliveyoung.co.kr/cfimages/cf-goods/uploads/images/thumbnails/400/10/0000/0024/A00000024802425ko.jpg?l=ko,20000,13600,32.0,4089,4.5,73,13,8,3,3,1,1,0,1,A000000248024,10000010011
2026-08-16,선케어,88,밈즈,[미미PICK/올영단독]밈즈 마일드 워터리 썬스크린 50ML 1+1기획,https://www.oliveyoung.co.kr/store/goods/getGoodsDetail.do?goodsNo=A000000240055,https://image.oliveyoung.co.kr/cfimages/cf-goods/uploads/images/thumbnails/400/10/0000/0024/A00000024005517ko.jpg?l=ko,22000,17900,18.6,3870,5.0,98,1,0,0,0,1,0,0,1,A000000240055,10000010011
2026-08-16,선케어,89,랑콤,랑콤 UV 엑스퍼트 선크림 6종 택1 (30ml/50ml),https://www.oliveyoung.co.kr/store/goods/getGoodsDetail.do?goodsNo=A000000238174,https://image.oliveyoung.co.kr/cfimages/cf-goods/uploads/images/thumbnails/400/10/0000/0023/A00000023817441ko.jpg?l=ko,57000,48450,15.0,267,4.7,86,8,2,0,4,1,0,1,1,A000000238174,10000010011
2026-08-16,선케어,90,연작,[톤업 선베이스] 연작 스킨 퍼펙팅 글로우 프렙 베이스 30ml,https://www.oliveyoung.co.kr/store/goods/getGoodsDetail.do?goodsNo=A000000225264,https://image.oliveyoung.co.kr/cfimages/cf-goods/uploads/images/thumbnails/400/10/0000/0022/A00000022526416ko.jpg?l=ko,33000,31350,5.0,153,4.5,73,16,6,3,3,1,0,0,1,A000000225264,10000010011
2026-08-16,선케어,91,비플레인,[촉촉보라톤업/혼합자차] 비플레인 선뮤즈 톤업 앤 코렉팅 선크림 50ml 1+1 기획,https://www.oliveyoung.co.kr/store/goods/getGoodsDetail.do?goodsNo=A000000219051,https://image.oliveyoung.co.kr/cfimages/cf-goods/uploads/images/thumbnails/400/10/0000/0021/A00000021905109ko.jpg?l=ko,26000,24700,5.0,2222,4.8,86,10,2,1,1,1,0,1,1,A000000219051,10000010011
2026-08-16,선케어,92,아넷사,[아시아No.1선크림] 아넷사 퍼펙트 UV 선스크린 스킨케어 밀크 60ML 기획세트,https://www.oliveyoung.co.kr/store/goods/getGoodsDetail.do?goodsNo=A000000248280,https://image.oliveyoung.co.kr/cfimages/cf-goods/uploads/images/thumbnails/400/10/0000/0024/A00000024828021ko.jpg?l=ko,37000,28310,23.5,806,4.8,88,8,3,0,0,1,1,0,1,A000000248280,10000010011
2026-08-16,선케어,93,AHC,[보송/1등 노세범] AHC 마스터즈 에어리치 선스틱 22g,https://www.oliveyoung.co.kr/store/goods/getGoodsDetail.do?goodsNo=A000000182989,https://image.oliveyoung.co.kr/cfimages/cf-goods/uploads/images/thumbnails/400/10/0000/0018/A00000018298940ko.jpg?l=ko,24000,17000,29.2,18891,4.8,89,9,2,0,0,1,1,0,1,A000000182989,10000010011
2026-08-16,선케어,94,달바,[산뜻&투명톤업] 달바 워터풀 블루 톤업 선크림 50ml,https://www.oliveyoung.co.kr/store/goods/getGoodsDetail.do?goodsNo=A000000260324,https://image.oliveyoung.co.kr/cfimages/cf-goods/uploads/images/thumbnails/400/10/0000/0026/A00000026032411ko.png?l=ko,34000,23800,30.0,29,4.7,86,7,,,7,1,0,0,1,A000000260324,10000010011
2026-08-16,선케어,95,아누아,[오선우pick/파데프리] 아누아 매트벗글로우 커버 베이지 50ml 2입,https://www.oliveyoung.co.kr/store/goods/getGoodsDetail.do?goodsNo=A000000204471,https://image.oliveyoung.co.kr/cfimages/cf-goods/uploads/images/thumbnails/400/10/0000/0020/A00000020447132ko.png?l=ko,51000,29900,41.4,6633,4.6,75,15,7,2,2,1,1,0,1,A000000204471,10000010011
2026-08-16,선케어,96,아떼,[8월올영픽/속광톤업] 아떼 톤업 선쿠션 SPF50+ 3colors 기획/단품,https://www.oliveyoung.co.kr/store/goods/getGoodsDetail.do?goodsNo=A000000207012,https://image.oliveyoung.co.kr/cfimages/cf-goods/uploads/images/thumbnails/400/10/0000/0020/A00000020701270ko.png?l=ko,30000,25900,13.7,2756,4.6,77,13,7,2,2,1,1,1,1,A000000207012,10000010011
2026-08-16,선케어,97,토코보,토코보 선스틱 SPF50+ PA++++ (코튼/비타/쿨링),https://www.oliveyoung.co.kr/store/goods/getGoodsDetail.do?goodsNo=A000000179127,https://image.oliveyoung.co.kr/cfimages/cf-goods/uploads/images/thumbnails/400/10/0000/0017/A00000017912768ko.jpg?l=ko,22000,15500,29.5,7379,4.8,87,9,3,1,1,1,1,0,1,A000000179127,10000010011
2026-08-16,선케어,98,제로이드,[민감피부 추천 무기자차] 제로이드 데일리 선크림 50ml,https://www.oliveyoung.co.kr/store/goods/getGoodsDetail.do?goodsNo=A000000209917,https://image.oliveyoung.co.kr/cfimages/cf-goods/uploads/images/thumbnails/400/10/0000/0020/A00000020991708ko.jpg?l=ko,32000,28800,10.0,1790,4.8,87,9,4,1,0,1,0,0,1,A000000209917,10000010011
2026-08-16,선케어,99,아이디얼포맨,[개기름뽀송] 아이디얼포맨 프레시 오일 컷 선스틱 단품/기획,https://www.oliveyoung.co.kr/store/goods/getGoodsDetail.do?goodsNo=A000000248771,https://image.oliveyoung.co.kr/cfimages/cf-goods/uploads/images/thumbnails/400/10/0000/0024/A00000024877128ko.jpg?l=ko,24000,12500,47.9,613,4.9,91,7,1,0,0,1,1,0,1,A000000248771,10000010011
2026-08-16,선케어,100,듀이트리,[리뉴얼/밀착커버] 듀이트리 어반쉐이드 커버 앤 핏 선쿠션 14g,https://www.oliveyoung.co.kr/store/goods/getGoodsDetail.do?goodsNo=A000000162400,https://image.oliveyoung.co.kr/cfimages/cf-goods/uploads/images/thumbnails/400/10/0000/0016/A00000016240019ko.jpg?l=ko,24000,15600,35.0,937,4.5,69,19,9,2,2,1,0,0,1,A000000162400,10000010011
2026-08-16,메이크업,1,바닐라코,[8월올영픽/1+1] 바닐라코 무드 온 라인 앤 블렌드 아이라이너 (펜슬/트임/애교살) 10colors,https://www.oliveyoung.co.kr/store/goods/getGoodsDetail.do?goodsNo=A000000226202,https://image.oliveyoung.co.kr/cfimages/cf-goods/uploads/images/thumbnails/400/10/0000/0022/A00000022620226ko.jpg?l=ko,12000,11500,4.2,4527,4.7,81,13,4,1,1,0,1,1,1,A000000226202,10000010002
2026-08-16,메이크업,2,라카,[올영PICK/1분픽싱] 라카 퍼펙트 트윈 립 4.7g+4.2g 10 colors,https://www.oliveyoung.co.kr/store/goods/getGoodsDetail.do?goodsNo=A000000255256,https://image.oliveyoung.co.kr/cfimages/cf-goods/uploads/images/thumbnails/400/10/0000/0025/A00000025525610ko.jpg?l=ko,22000,17300,21.4,3403,4.5,71,16,8,3,3,1,1,1,1,A000000255256,10000010002
2026-08-16,메이크업,3,쏘내추럴,[1위픽서] 쏘내추럴 올 데이 타이트 메이크업 세팅 픽서 120ml 더블기획 (120ml+120ml),https://www.oliveyoung.co.kr/store/goods/getGoodsDetail.do?goodsNo=A000000162114,https://image.oliveyoung.co.kr/cfimages/cf-goods/uploads/images/thumbnails/400/10/0000/0016/A00000016211443ko.jpg?l=ko,42000,31900,24.0,52965,4.8,84,12,4,1,0,1,1,0,1,A000000162114,10000010002
2026-08-16,메이크업,4,홀리카홀리카,[NEW젤테일] 홀리카홀리카 마이페이브 피스 아이섀도우/젤테일/피스 빔/피스 밤,https://www.oliveyoung.co.kr/store/goods/getGoodsDetail.do?goodsNo=A000000174309,https://image.oliveyoung.co.kr/cfimages/cf-goods/uploads/images/thumbnails/400/10/0000/0017/A00000017430960ko.jpg?l=ko,6000,4900,18.3,203334,4.8,85,11,3,0,0,1,0,1,1,A000000174309,10000010002
2026-08-16,메이크업,5,코스노리,[8월올영픽] 코스노리 이지 브로우 체인저 5회분 (톤 체인저 / 무드 체인저),https://www.oliveyoung.co.kr/store/goods/getGoodsDetail.do?goodsNo=A000000226517,https://image.oliveyoung.co.kr/cfimages/cf-goods/uploads/images/thumbnails/400/10/0000/0022/A00000022651744ko.jpg?l=ko,26000,20500,21.2,5228,4.7,83,11,4,1,1,1,1,1,1,A000000226517,10000010002
2026-08-16,메이크업,6,페리페라,페리페라 스피디 스키니 브로우 8 Colors,https://www.oliveyoung.co.kr/store/goods/getGoodsDetail.do?goodsNo=A000000138671,https://image.oliveyoung.co.kr/cfimages/cf-goods/uploads/images/thumbnails/400/10/0000/0013/A00000013867158ko.jpg?l=ko,6000,5500,8.3,100047,4.8,86,11,3,0,0,1,1,1,1,A000000138671,10000010002
2026-08-16,메이크업,7,비디비치,[쿠션리필+블러시 증정] 비디비치 블랙 퍼펙션 커버 핏 쿠션 기획,https://www.oliveyoung.co.kr/store/goods/getGoodsDetail.do?goodsNo=A000000233171,https://image.oliveyoung.co.kr/cfimages/cf-goods/uploads/images/thumbnails/400/10/0000/0023/A00000023317133ko.jpg?l=ko,46000,36800,20.0,8383,4.7,83,11,4,1,1,0,1,1,1,A000000233171,10000010002
2026-08-16,메이크업,8,토니모리,[틴트리무버 소진 완료/8월올영픽] 토니모리 퍼펙트 립스 쇼킹 립,https://www.oliveyoung.co.kr/store/goods/getGoodsDetail.do?goodsNo=A000000205485,https://image.oliveyoung.co.kr/cfimages/cf-goods/uploads/images/thumbnails/400/10/0000/0020/A000000205485158ko.jpg?l=ko,15000,9900,34.0,63512,4.8,88,8,3,1,1,1,1,1,1,A000000205485,10000010002
2026-08-16,메이크업,9,정샘물,[윤광쿠션] 정샘물 에센셜 스킨 누더 쿠션/본품+리필,https://www.oliveyoung.co.kr/store/goods/getGoodsDetail.do?goodsNo=A000000139063,https://image.oliveyoung.co.kr/cfimages/cf-goods/uploads/images/thumbnails/400/10/0000/0013/A000000139063169ko.jpg?l=ko,48000,40800,15.0,38516,4.7,81,13,4,1,1,1,0,0,1,A000000139063,10000010002
2026-08-16,메이크업,10,에이프릴스킨,[리뉴얼/철벽커버] 에이프릴스킨 히어로쿠션 2.0 (본품+리필),https://www.oliveyoung.co.kr/store/goods/getGoodsDetail.do?goodsNo=A000000259872,https://image.oliveyoung.co.kr/cfimages/cf-goods/uploads/images/thumbnails/400/10/0000/0025/A00000025987261ko.png?l=ko,33000,24100,27.0,449,4.7,84,9,4,1,2,1,0,0,1,A000000259872,10000010002
2026-08-16,메이크업,11,바닐라코,[8월올영픽/1등 파우더] 바닐라코 프라임 프라이머 피니쉬 파우더 12g,https://www.oliveyoung.co.kr/store/goods/getGoodsDetail.do?goodsNo=A000000253093,https://image.oliveyoung.co.kr/cfimages/cf-goods/uploads/images/thumbnails/400/10/0000/0025/A00000025309317ko.jpg?l=ko,22000,14630,33.5,45953,4.8,86,10,3,0,0,1,1,1,1,A000000253093,10000010002
2026-08-16,메이크업,12,디어달리아,[8월올영픽/필터블러쉬] 디어달리아 페탈 쉬어 베일 블러쉬 (+브러쉬 증정),https://www.oliveyoung.co.kr/store/goods/getGoodsDetail.do?goodsNo=A000000262621,https://image.oliveyoung.co.kr/cfimages/cf-goods/uploads/images/thumbnails/400/10/0000/0026/A00000026262106ko.jpg?l=ko,25000,19800,20.8,145,4.7,81,14,1,2,2,1,1,0,1,A000000262621,10000010002
2026-08-16,메이크업,13,얼터너티브스테레오,[NEW딸기연유립/단독선런칭] 얼터너티브스테레오 립 포션 카라멜 글레이즈 8ml,https://www.oliveyoung.co.kr/store/goods/getGoodsDetail.do?goodsNo=A000000234394,https://image.oliveyoung.co.kr/cfimages/cf-goods/uploads/images/thumbnails/400/10/0000/0023/A000000234394102ko.jpeg?l=ko,19000,17100,10.0,32489,4.8,86,10,3,1,0,1,0,1,1,A000000234394,10000010002
2026-08-16,메이크업,14,키스미,[마지막수량/8월 올영픽 1+1기획] 키스미 스무스 리퀴드 아이라이너 N (3 color) (단품/기획),https://www.oliveyoung.co.kr/store/goods/getGoodsDetail.do?goodsNo=A000000185974,https://image.oliveyoung.co.kr/cfimages/cf-goods/uploads/images/thumbnails/400/10/0000/0018/A00000018597485ko.jpg?l=ko,18000,17200,4.4,50039,4.8,87,10,3,0,0,1,1,1,1,A000000185974,10000010002
2026-08-16,메이크업,15,3CE,[8월올영픽/10일특가/물놀이틴트] 3CE 레이지 팝 립 스테인 4.5g 11종,https://www.oliveyoung.co.kr/store/goods/getGoodsDetail.do?goodsNo=A000000207056,https://image.oliveyoung.co.kr/cfimages/cf-goods/uploads/images/thumbnails/400/10/0000/0020/A00000020705656ko.jpg?l=ko,19000,13900,26.8,5186,4.7,81,11,5,1,1,1,1,1,1,A000000207056,10000010002
2026-08-16,메이크업,16,홀리카홀리카,[NEW한정기획] 홀리카홀리카 마이페이브 무드 아이 팔레트,https://www.oliveyoung.co.kr/store/goods/getGoodsDetail.do?goodsNo=A000000150361,https://image.oliveyoung.co.kr/cfimages/cf-goods/uploads/images/thumbnails/400/10/0000/0015/A00000015036190ko.jpg?l=ko,28000,21400,23.6,35972,4.8,84,12,3,1,0,1,0,0,1,A000000150361,10000010002
2026-08-16,메이크업,17,투쿨포스쿨,투쿨포스쿨 스머징 트임 라이너,https://www.oliveyoung.co.kr/store/goods/getGoodsDetail.do?goodsNo=A000000199182,https://image.oliveyoung.co.kr/cfimages/cf-goods/uploads/images/thumbnails/400/10/0000/0019/A00000019918223ko.jpeg?l=ko,12000,9600,20.0,49631,4.7,82,13,4,1,1,1,0,0,1,A000000199182,10000010002
2026-08-16,메이크업,18,어바웃톤,[8월 올영픽/여름필수파데] 어바웃톤 스킨 레이어 핏 파운데이션 30ml 8종 (기획/단품),https://www.oliveyoung.co.kr/store/goods/getGoodsDetail.do?goodsNo=A000000211936,https://image.oliveyoung.co.kr/cfimages/cf-goods/uploads/images/thumbnails/400/10/0000/0021/A00000021193640ko.jpg?l=ko,28000,20600,26.4,12280,4.7,79,14,5,1,1,1,1,1,1,A000000211936,10000010002
2026-08-16,메이크업,19,쏘내추럴,[8월 올영픽/한정기획] 쏘내추럴 올 데이 블러 메이크업 세팅 픽서 (+블러프렙10ml 증정) 기획/단품,https://www.oliveyoung.co.kr/store/goods/getGoodsDetail.do?goodsNo=A000000226481,https://image.oliveyoung.co.kr/cfimages/cf-goods/uploads/images/thumbnails/400/10/0000/0022/A00000022648118ko.jpg?l=ko,25000,19000,24.0,4026,4.8,83,12,4,1,0,1,1,0,1,A000000226481,10000010002
2026-08-16,메이크업,20,헤라,[프리미엄 1위] 헤라 블랙 쿠션 파운데이션 기획 (15g+15g) 9 Colors,https://www.oliveyoung.co.kr/store/goods/getGoodsDetail.do?goodsNo=A000000202777,https://image.oliveyoung.co.kr/cfimages/cf-goods/uploads/images/thumbnails/400/10/0000/0020/A00000020277793ko.jpg?l=ko,74000,66600,10.0,17401,4.8,85,11,3,1,1,0,1,0,1,A000000202777,10000010002
2026-08-16,메이크업,21,클리오,클리오 킬 커버 파운웨어 쿠션,https://www.oliveyoung.co.kr/store/goods/getGoodsDetail.do?goodsNo=A000000232098,https://image.oliveyoung.co.kr/cfimages/cf-goods/uploads/images/thumbnails/400/10/0000/0023/A00000023209852ko.jpg?l=ko,36000,27000,25.0,12864,4.7,82,11,4,1,1,0,1,0,1,A000000232098,10000010002
2026-08-16,메이크업,22,롬앤,[NEW두유코어/1등틴트] 롬앤 더 쥬시 래스팅 틴트 단품/기획,https://www.oliveyoung.co.kr/store/goods/getGoodsDetail.do?goodsNo=A000000241210,https://image.oliveyoung.co.kr/cfimages/cf-goods/uploads/images/thumbnails/400/10/0000/0024/A00000024121076ko.jpg?l=ko,13000,9900,23.8,265525,4.7,80,14,5,1,1,1,0,0,1,A000000241210,10000010002
2026-08-16,메이크업,23,에뛰드,[8월 올영픽/1등 컬링] 에뛰드 컬 픽스 마스카라 1+1 기획 (쌍쌍바 케이블 홀더 증정 기획 / 단품),https://www.oliveyoung.co.kr/store/goods/getGoodsDetail.do?goodsNo=A000000203943,https://image.oliveyoung.co.kr/cfimages/cf-goods/uploads/images/thumbnails/400/10/0000/0020/A000000203943133ko.png?l=ko,16000,15200,5.0,72522,4.8,86,10,3,1,0,1,1,1,1,A000000203943,10000010002
2026-08-16,메이크업,24,코스노리,[1등속눈썹영양제] 코스노리 아이래쉬 세럼 속눈썹영양제 9g (클리어/블랙),https://www.oliveyoung.co.kr/store/goods/getGoodsDetail.do?goodsNo=A000000140618,https://image.oliveyoung.co.kr/cfimages/cf-goods/uploads/images/thumbnails/400/10/0000/0014/A000000140618149ko.jpg?l=ko,18000,13970,22.4,57309,4.7,81,14,4,1,0,1,1,0,1,A000000140618,10000010002
2026-08-16,메이크업,25,연작,[화잘먹베이스] 연작 스킨 퍼펙팅 프로텍티브 베이스 프렙 25ml/40ml 기획/단품,https://www.oliveyoung.co.kr/store/goods/getGoodsDetail.do?goodsNo=A000000213943,https://image.oliveyoung.co.kr/cfimages/cf-goods/uploads/images/thumbnails/400/10/0000/0021/A000000213943107ko.png?l=ko,33000,28050,15.0,12364,4.8,83,11,4,1,1,1,1,0,1,A000000213943,10000010002
2026-08-16,메이크업,26,토니모리,[립세럼 소진완료/8월 올영픽]  토니모리 겟잇 틴트 워터풀 시럽,https://www.oliveyoung.co.kr/store/goods/getGoodsDetail.do?goodsNo=A000000223922,https://image.oliveyoung.co.kr/cfimages/cf-goods/uploads/images/thumbnails/400/10/0000/0022/A000000223922108ko.jpg?l=ko,16000,10900,31.9,38728,4.9,90,7,2,0,0,1,1,1,1,A000000223922,10000010002
2026-08-16,메이크업,27,로지킴,[NEW] 로지킴 PDRN 틴티드 립 앰플 10ml 13colors,https://www.oliveyoung.co.kr/store/goods/getGoodsDetail.do?goodsNo=A000000243535,https://image.oliveyoung.co.kr/cfimages/cf-goods/uploads/images/thumbnails/400/10/0000/0024/A00000024353580ko.jpg?l=ko,24000,20540,14.4,4351,4.8,86,9,3,1,1,1,1,0,1,A000000243535,10000010002
2026-08-16,메이크업,28,페리페라,[NEW 빵러셔] 페리페라 맑게 물든 선샤인 치크 (젤리/파우더 2타입),https://www.oliveyoung.co.kr/store/goods/getGoodsDetail.do?goodsNo=A000000140263,https://image.oliveyoung.co.kr/cfimages/cf-goods/uploads/images/thumbnails/400/10/0000/0014/A000000140263108ko.jpg?l=ko,8000,6400,20.0,60001,4.8,84,13,3,0,0,1,0,1,1,A000000140263,10000010002
2026-08-16,메이크업,29,클리오,[NO.1 아이라이너] 클리오 샤프 쏘 심플 워터프루프 펜슬라이너 단품/더블기획,https://www.oliveyoung.co.kr/store/goods/getGoodsDetail.do?goodsNo=A000000198343,https://image.oliveyoung.co.kr/cfimages/cf-goods/uploads/images/thumbnails/400/10/0000/0019/A00000019834327ko.jpg?l=ko,11000,11000,0.0,136651,4.8,82,13,4,1,0,0,0,0,1,A000000198343,10000010002
2026-08-16,메이크업,30,네이밍,[8월올영픽/사우나쿠션] 네이밍 올데이 마스터 쿠션 리필 기획 (+퍼프5개),https://www.oliveyoung.co.kr/store/goods/getGoodsDetail.do?goodsNo=A000000251851,https://image.oliveyoung.co.kr/cfimages/cf-goods/uploads/images/thumbnails/400/10/0000/0025/A00000025185133ko.jpg?l=ko,34000,25800,24.1,2845,4.7,79,13,5,1,2,1,1,1,1,A000000251851,10000010002
2026-08-16,메이크업,31,네이밍,[8월올영픽/1등 블러셔] 네이밍 플러피 파우더 블러쉬 20colors,https://www.oliveyoung.co.kr/store/goods/getGoodsDetail.do?goodsNo=A000000171371,https://image.oliveyoung.co.kr/cfimages/cf-goods/uploads/images/thumbnails/400/10/0000/0017/A000000171371105ko.jpg?l=ko,15000,11500,23.3,41237,4.8,87,10,3,0,0,1,1,1,1,A000000171371,10000010002
2026-08-16,메이크업,32,어바웃톤,[8월 올영픽/밀착파데쿠션] 어바웃톤 스킨 레이어 핏 쿠션 13g 8종 (기획/단품),https://www.oliveyoung.co.kr/store/goods/getGoodsDetail.do?goodsNo=A000000224810,https://image.oliveyoung.co.kr/cfimages/cf-goods/uploads/images/thumbnails/400/10/0000/0022/A00000022481036ko.jpg?l=ko,32000,26200,18.1,5794,4.6,76,15,6,1,2,1,1,1,1,A000000224810,10000010002
2026-08-16,메이크업,33,뮤드,[마찌콜라보] 뮤드 스키니컬링/멀티픽서 마스카라 (단품/ 1+1 기획),https://www.oliveyoung.co.kr/store/goods/getGoodsDetail.do?goodsNo=A000000182700,https://image.oliveyoung.co.kr/cfimages/cf-goods/uploads/images/thumbnails/400/10/0000/0018/A00000018270089ko.jpg?l=ko,14000,12600,10.0,26398,4.8,84,11,4,1,0,1,0,0,1,A000000182700,10000010002
2026-08-16,메이크업,34,누니,[올영단독/과즙광/쌩얼립/착색립오일] 누니 애플 립 오일 12종,https://www.oliveyoung.co.kr/store/goods/getGoodsDetail.do?goodsNo=A000000251720,https://image.oliveyoung.co.kr/cfimages/cf-goods/uploads/images/thumbnails/400/10/0000/0025/A00000025172039ko.jpg?l=ko,19000,15900,16.3,1211,4.9,97,1,1,0,1,1,0,0,1,A000000251720,10000010002
2026-08-16,메이크업,35,에르보리앙,[8월올영픽/단독기획] 에르보리앙 CC 레드 코렉트 15ml/45ml,https://www.oliveyoung.co.kr/store/goods/getGoodsDetail.do?goodsNo=A000000205355,https://image.oliveyoung.co.kr/cfimages/cf-goods/uploads/images/thumbnails/400/10/0000/0020/A00000020535537ko.png?l=ko,40000,30900,22.8,4394,4.8,88,7,3,1,1,1,1,0,1,A000000205355,10000010002
2026-08-16,메이크업,36,프레시안,[1등품절템/웜쿨대통합] 프레시안 에그라이크 크림 블러쉬 (단독 기획),https://www.oliveyoung.co.kr/store/goods/getGoodsDetail.do?goodsNo=A000000212749,https://image.oliveyoung.co.kr/cfimages/cf-goods/uploads/images/thumbnails/400/10/0000/0021/A000000212749109ko.png?l=ko,23000,23000,0.0,23599,4.8,86,10,3,1,1,0,0,0,1,A000000212749,10000010002
2026-08-16,메이크업,37,웨이크메이크,[NEW/올영 1등 아이팔레트] 웨이크메이크 소프트 블러링 아이팔레트(단품),https://www.oliveyoung.co.kr/store/goods/getGoodsDetail.do?goodsNo=A000000180532,https://image.oliveyoung.co.kr/cfimages/cf-goods/uploads/images/thumbnails/400/10/0000/0018/A000000180532239ko.jpg?l=ko,34000,34000,0.0,74250,4.8,83,13,3,1,0,0,0,1,1,A000000180532,10000010002
2026-08-16,메이크업,38,바닐라코,[NEW컬러] 바닐라코 스머징 립 펜슬 0.8g 12종,https://www.oliveyoung.co.kr/store/goods/getGoodsDetail.do?goodsNo=A000000180569,https://image.oliveyoung.co.kr/cfimages/cf-goods/uploads/images/thumbnails/400/10/0000/0018/A00000018056957ko.jpg?l=ko,14000,10500,25.0,20830,4.8,82,13,4,1,0,0,1,1,1,A000000180569,10000010002
2026-08-16,메이크업,39,투쿨포스쿨,투쿨포스쿨 프로타주 펜슬 (기획/단품),https://www.oliveyoung.co.kr/store/goods/getGoodsDetail.do?goodsNo=A000000120656,https://image.oliveyoung.co.kr/cfimages/cf-goods/uploads/images/thumbnails/400/10/0000/0012/A000000120656105ko.jpg?l=ko,12000,9900,17.5,88131,4.7,79,14,5,1,1,1,0,0,1,A000000120656,10000010002
2026-08-16,메이크업,40,하트퍼센트,[태산 PICK / NEW 컬러] 하트퍼센트 도트 온 무드 립펜슬 0.8g 25종,https://www.oliveyoung.co.kr/store/goods/getGoodsDetail.do?goodsNo=A000000174066,https://image.oliveyoung.co.kr/cfimages/cf-goods/uploads/images/thumbnails/400/10/0000/0017/A00000017406676ko.jpg?l=ko,14000,14000,0.0,55982,4.8,82,13,4,1,0,0,0,0,1,A000000174066,10000010002
2026-08-16,메이크업,41,어바웃톤,[8월 올영픽/모공블러팩트] 어바웃톤 블러 파우더 팩트 9g 7COLOR (기획/단품),https://www.oliveyoung.co.kr/store/goods/getGoodsDetail.do?goodsNo=A000000238601,https://image.oliveyoung.co.kr/cfimages/cf-goods/uploads/images/thumbnails/400/10/0000/0023/A00000023860170ko.jpg?l=ko,14000,10500,25.0,66493,4.7,81,13,4,1,1,1,1,1,1,A000000238601,10000010002
2026-08-16,메이크업,42,투크,[NEW한정컬러] 투크 워터프루프 슬림 아이라이너 15 colors,https://www.oliveyoung.co.kr/store/goods/getGoodsDetail.do?goodsNo=A000000185046,https://image.oliveyoung.co.kr/cfimages/cf-goods/uploads/images/thumbnails/400/10/0000/0018/A00000018504653ko.jpg?l=ko,13900,13900,0.0,59120,4.7,81,13,5,1,1,0,0,0,1,A000000185046,10000010002
2026-08-16,메이크업,43,오브제,[NEW 보송버전 출시] [덱스PICK] 오브제 내추럴 커버 로션 50g 단품/기획(+미니어처 10ml),https://www.oliveyoung.co.kr/store/goods/getGoodsDetail.do?goodsNo=A000000204975,https://image.oliveyoung.co.kr/cfimages/cf-goods/uploads/images/thumbnails/400/10/0000/0020/A00000020497522ko.jpg?l=ko,29800,27900,6.4,5476,4.9,90,7,2,0,1,1,0,0,1,A000000204975,10000010002
2026-08-16,메이크업,44,바닐라코,[8월올영픽/리뉴얼] 바닐라코 프라임 프라이머 클래식 30ml,https://www.oliveyoung.co.kr/store/goods/getGoodsDetail.do?goodsNo=A000000253094,https://image.oliveyoung.co.kr/cfimages/cf-goods/uploads/images/thumbnails/400/10/0000/0025/A00000025309417ko.jpg?l=ko,22000,14630,33.5,15891,4.7,78,15,6,1,1,1,1,1,1,A000000253094,10000010002
2026-08-16,메이크업,45,투쿨포스쿨,투쿨포스쿨 바이로댕 쉐이딩,https://www.oliveyoung.co.kr/store/goods/getGoodsDetail.do?goodsNo=A000000145650,https://image.oliveyoung.co.kr/cfimages/cf-goods/uploads/images/thumbnails/400/10/0000/0014/A000000145650151ko.jpg?l=ko,16000,12800,20.0,52760,4.8,83,13,3,0,0,1,0,0,1,A000000145650,10000010002
2026-08-16,메이크업,46,페리페라,페리페라 스피디 스키니 브로우 마스카라 10 Colors,https://www.oliveyoung.co.kr/store/goods/getGoodsDetail.do?goodsNo=A000000167236,https://image.oliveyoung.co.kr/cfimages/cf-goods/uploads/images/thumbnails/400/10/0000/0016/A00000016723678ko.jpg?l=ko,8000,7300,8.8,45829,4.8,84,12,4,1,0,1,1,1,1,A000000167236,10000010002
2026-08-16,메이크업,47,리스키,[8월 올영픽/미니 립글로스 누지 기획] 리스키 피그먼트 아이섀도우 팔레트 8Colors 단품/기획,https://www.oliveyoung.co.kr/store/goods/getGoodsDetail.do?goodsNo=A000000233305,https://image.oliveyoung.co.kr/cfimages/cf-goods/uploads/images/thumbnails/400/10/0000/0023/A00000023330579ko.jpg?l=ko,36000,31320,13.0,3159,4.8,88,9,2,1,0,1,1,0,1,A000000233305,10000010002
2026-08-16,메이크업,48,웨이크메이크,[1+1기획] 웨이크메이크 철벽 펜 아이라이너 3COLOR,https://www.oliveyoung.co.kr/store/goods/getGoodsDetail.do?goodsNo=A000000136300,https://image.oliveyoung.co.kr/cfimages/cf-goods/uploads/images/thumbnails/400/10/0000/0013/A000000136300103ko.jpg?l=ko,13000,9900,23.8,45856,4.7,79,13,5,1,1,1,0,1,1,A000000136300,10000010002
2026-08-16,메이크업,49,더샘,[베이스1위/브라이트너 증정 기획] 더샘 커버 퍼펙션 트리플 팟 컨실러 5colors(단품/기획),https://www.oliveyoung.co.kr/store/goods/getGoodsDetail.do?goodsNo=A000000238763,https://image.oliveyoung.co.kr/cfimages/cf-goods/uploads/images/thumbnails/400/10/0000/0023/A00000023876319ko.jpg?l=ko,12000,10800,10.0,58934,4.7,77,17,5,1,0,1,0,0,1,A000000238763,10000010002
2026-08-16,메이크업,50,에스쁘아,[NEW 한정기획] 에스쁘아 더브로우 (밸런스 펜슬 / 컬러 픽싱 카라) 20colors,https://www.oliveyoung.co.kr/store/goods/getGoodsDetail.do?goodsNo=A000000165912,https://image.oliveyoung.co.kr/cfimages/cf-goods/uploads/images/thumbnails/400/10/0000/0016/A000000165912135ko.jpg?l=ko,16000,12000,25.0,41220,4.8,87,10,2,0,0,0,1,0,1,A000000165912,10000010002
2026-08-16,메이크업,51,루나,[24시간커버지속/올리브영 6년연속 1등] 루나 롱래스팅 팁 컨실러 EX 20colors,https://www.oliveyoung.co.kr/store/goods/getGoodsDetail.do?goodsNo=A000000012239,https://image.oliveyoung.co.kr/cfimages/cf-goods/uploads/images/thumbnails/400/10/0000/0001/A000000012239130ko.jpg?l=ko,17000,12700,25.3,49415,4.7,79,16,5,1,0,1,0,0,1,A000000012239,10000010002
2026-08-16,메이크업,52,에스쁘아,[100시간 지속/고커버] 에스쁘아 비벨벳 커버쿠션 SPF42 PA++ 본품+리필,https://www.oliveyoung.co.kr/store/goods/getGoodsDetail.do?goodsNo=A000000184222,https://image.oliveyoung.co.kr/cfimages/cf-goods/uploads/images/thumbnails/400/10/0000/0018/A000000184222163ko.jpg?l=ko,40000,31900,20.2,28491,4.7,81,13,4,1,1,1,0,0,1,A000000184222,10000010002
2026-08-16,메이크업,53,VDL,[뽀용생기/노란기순삭] VDL 톤 스테인 컬러 코렉팅 프라이머 30ml,https://www.oliveyoung.co.kr/store/goods/getGoodsDetail.do?goodsNo=A000000205908,https://image.oliveyoung.co.kr/cfimages/cf-goods/uploads/images/thumbnails/400/10/0000/0020/A00000020590864ko.jpg?l=ko,26000,26000,0.0,11565,4.7,80,13,5,1,1,0,0,0,1,A000000205908,10000010002
2026-08-16,메이크업,54,웨이크메이크,[NEW/미니틴트 기획] 웨이크메이크 볼드 립 블러 틴트 15COLOR,https://www.oliveyoung.co.kr/store/goods/getGoodsDetail.do?goodsNo=A000000258196,https://image.oliveyoung.co.kr/cfimages/cf-goods/uploads/images/thumbnails/400/10/0000/0025/A00000025819621ko.jpg?l=ko,16000,11200,30.0,1685,4.7,83,11,4,1,1,1,1,1,1,A000000258196,10000010002
2026-08-16,메이크업,55,페리페라,페리페라 무드 글로이 틴트 27 Colors,https://www.oliveyoung.co.kr/store/goods/getGoodsDetail.do?goodsNo=A000000244834,https://image.oliveyoung.co.kr/cfimages/cf-goods/uploads/images/thumbnails/400/10/0000/0024/A00000024483451ko.jpg?l=ko,13000,13000,0.0,149918,4.7,81,14,4,1,1,0,0,1,1,A000000244834,10000010002
2026-08-16,메이크업,56,컬러그램,[NEW/리뉴얼][5초눈확장/중안부축소]컬러그램 올인원 애교살 메이커 8COLOR,https://www.oliveyoung.co.kr/store/goods/getGoodsDetail.do?goodsNo=A000000159062,https://image.oliveyoung.co.kr/cfimages/cf-goods/uploads/images/thumbnails/400/10/0000/0015/A00000015906272ko.jpg?l=ko,9800,7900,19.4,60787,4.6,76,16,6,1,1,1,0,0,1,A000000159062,10000010002
2026-08-16,메이크업,57,에스쁘아,[1등 글로우 파데/웨딩피치] 에스쁘아 비글로우 파운데이션 30g 10 colors,https://www.oliveyoung.co.kr/store/goods/getGoodsDetail.do?goodsNo=A000000174064,https://image.oliveyoung.co.kr/cfimages/cf-goods/uploads/images/thumbnails/400/10/0000/0017/A000000174064111ko.jpg?l=ko,42000,35700,15.0,11024,4.7,79,14,5,1,1,0,1,0,1,A000000174064,10000010002
2026-08-16,메이크업,58,노노어,노노어 오버 듀 립펜슬 11Colors (단품/기획)*,https://www.oliveyoung.co.kr/store/goods/getGoodsDetail.do?goodsNo=A000000209350,https://image.oliveyoung.co.kr/cfimages/cf-goods/uploads/images/thumbnails/400/10/0000/0020/A00000020935039ko.jpg?l=ko,15000,12900,14.0,6524,4.7,81,12,5,1,1,1,0,0,1,A000000209350,10000010002
2026-08-16,메이크업,59,네이밍,[8월올영픽/청담샵공동개발] 네이밍 하이 듀 립 글레이즈 (+미니틴트) 9colors,https://www.oliveyoung.co.kr/store/goods/getGoodsDetail.do?goodsNo=A000000257218,https://image.oliveyoung.co.kr/cfimages/cf-goods/uploads/images/thumbnails/400/10/0000/0025/A00000025721828ko.jpg?l=ko,17000,12900,24.1,1200,4.8,88,8,3,0,1,1,1,1,1,A000000257218,10000010002
2026-08-16,메이크업,60,오프라 코스메틱,[8월올영픽/시그니처빔] 오프라 하이라이터 스틱 (+기획/단품),https://www.oliveyoung.co.kr/store/goods/getGoodsDetail.do?goodsNo=A000000262702,https://image.oliveyoung.co.kr/cfimages/cf-goods/uploads/images/thumbnails/400/10/0000/0026/A00000026270207ko.jpg?l=ko,19000,16200,14.7,320,4.7,86,8,3,1,3,1,1,0,1,A000000262702,10000010002
2026-08-16,메이크업,61,컬러그램,[입술보정틴트] 컬러그램 누디 블러 틴트 25COLOR(단품/기획),https://www.oliveyoung.co.kr/store/goods/getGoodsDetail.do?goodsNo=A000000230581,https://image.oliveyoung.co.kr/cfimages/cf-goods/uploads/images/thumbnails/400/10/0000/0023/A000000230581101ko.jpg?l=ko,10000,8500,15.0,90602,4.7,81,13,4,1,1,1,1,0,1,A000000230581,10000010002
2026-08-16,메이크업,62,글린트,[NEW/8월올영픽/아일릿 민주 PICK]글린트 하이라이터EX (+브러쉬 증정/아이돌 핑크빔),https://www.oliveyoung.co.kr/store/goods/getGoodsDetail.do?goodsNo=A000000258889,https://image.oliveyoung.co.kr/cfimages/cf-goods/uploads/images/thumbnails/400/10/0000/0025/A000000258889138ko.png?l=ko,25000,19700,21.2,1458,4.9,91,7,1,0,0,1,1,0,1,A000000258889,10000010002
2026-08-16,메이크업,63,네이밍,[8월올영픽/철벽고정] 네이밍 퍼펙테일 아이 디자이닝 펜슬 슬림 라이너 단품/기획,https://www.oliveyoung.co.kr/store/goods/getGoodsDetail.do?goodsNo=A000000232694,https://image.oliveyoung.co.kr/cfimages/cf-goods/uploads/images/thumbnails/400/10/0000/0023/A00000023269444ko.jpg?l=ko,14000,10200,27.1,6798,4.7,82,12,5,1,1,1,1,1,1,A000000232694,10000010002
2026-08-16,메이크업,64,클리오,클리오 킬 래쉬 수퍼프루프 마스카라 1+1기획 (+미니 속눈썹 영양제 증정),https://www.oliveyoung.co.kr/store/goods/getGoodsDetail.do?goodsNo=A000000121749,https://image.oliveyoung.co.kr/cfimages/cf-goods/uploads/images/thumbnails/400/10/0000/0012/A000000121749140ko.jpg?l=ko,18000,18000,0.0,58768,4.8,82,13,4,1,0,0,0,0,1,A000000121749,10000010002
2026-08-16,메이크업,65,롬앤,[NEW두유코어] 롬앤 베러 댄 팔레트,https://www.oliveyoung.co.kr/store/goods/getGoodsDetail.do?goodsNo=A000000148390,https://image.oliveyoung.co.kr/cfimages/cf-goods/uploads/images/thumbnails/400/10/0000/0014/A000000148390103ko.jpg?l=ko,30000,22900,23.7,25619,4.8,81,14,4,1,0,1,0,0,1,A000000148390,10000010002
2026-08-16,메이크업,66,3CE,[로즈코어/혈색생기] 3CE 블러 워터 틴트 4.6g 22종 단품/기획,https://www.oliveyoung.co.kr/store/goods/getGoodsDetail.do?goodsNo=A000000148591,https://image.oliveyoung.co.kr/cfimages/cf-goods/uploads/images/thumbnails/400/10/0000/0014/A000000148591154ko.jpg?l=ko,19000,15200,20.0,42080,4.7,81,13,4,1,1,1,0,1,1,A000000148591,10000010002
2026-08-16,메이크업,67,코스노리,[8월올영픽/원조톤업크림] 코스노리 화이트닝 드레스 톤업크림 50ml (단품/기획),https://www.oliveyoung.co.kr/store/goods/getGoodsDetail.do?goodsNo=A000000017135,https://image.oliveyoung.co.kr/cfimages/cf-goods/uploads/images/thumbnails/400/10/0000/0001/A000000017135138ko.jpg?l=ko,20000,15520,22.4,21868,4.7,79,14,5,1,1,1,1,0,1,A000000017135,10000010002
2026-08-16,메이크업,68,디어달리아,[1등블러쉬/수채화블러셔] 페탈 드롭 리퀴드 블러쉬 (+기획/본품),https://www.oliveyoung.co.kr/store/goods/getGoodsDetail.do?goodsNo=A000000238828,https://image.oliveyoung.co.kr/cfimages/cf-goods/uploads/images/thumbnails/400/10/0000/0023/A00000023882819ko.jpg?l=ko,25000,21250,15.0,22628,4.8,84,11,4,1,1,1,0,0,1,A000000238828,10000010002
2026-08-16,메이크업,69,바닐라코,[8월올영픽/브러쉬2종기획] 바닐라코 무드 온 아이 섀도우 팔레트 9colors,https://www.oliveyoung.co.kr/store/goods/getGoodsDetail.do?goodsNo=A000000172594,https://image.oliveyoung.co.kr/cfimages/cf-goods/uploads/images/thumbnails/400/10/0000/0017/A000000172594106ko.jpg?l=ko,16000,11500,28.1,6584,4.8,82,13,4,0,0,1,1,1,1,A000000172594,10000010002
2026-08-16,메이크업,70,무지개맨션,[8월올영픽/단독기획] 무지개맨션 오브제 스테인 틴트,https://www.oliveyoung.co.kr/store/goods/getGoodsDetail.do?goodsNo=A000000250445,https://image.oliveyoung.co.kr/cfimages/cf-goods/uploads/images/thumbnails/400/10/0000/0025/A000000250445102ko.jpg?l=ko,18000,13500,25.0,3956,4.6,76,11,7,2,3,1,1,1,1,A000000250445,10000010002
2026-08-16,메이크업,71,얼터너티브스테레오,얼터너티브스테레오 무드 레이어 스틱 크레용 1.4g 5종,https://www.oliveyoung.co.kr/store/goods/getGoodsDetail.do?goodsNo=A000000243859,https://image.oliveyoung.co.kr/cfimages/cf-goods/uploads/images/thumbnails/400/10/0000/0024/A00000024385910ko.jpg?l=ko,16000,16000,0.0,3193,4.6,76,15,6,1,2,0,0,1,1,A000000243859,10000010002
2026-08-16,메이크업,72,롬앤,[NEW] 롬앤 베러 댄 컨투어,https://www.oliveyoung.co.kr/store/goods/getGoodsDetail.do?goodsNo=A000000201055,https://image.oliveyoung.co.kr/cfimages/cf-goods/uploads/images/thumbnails/400/10/0000/0020/A00000020105544ko.jpg?l=ko,24000,20900,12.9,14714,4.8,87,10,2,0,0,1,0,0,1,A000000201055,10000010002
2026-08-16,메이크업,73,롬앤,[NEW두유코어/아일릿 원희픽] 롬앤 글래스팅 컬러 글로스,https://www.oliveyoung.co.kr/store/goods/getGoodsDetail.do?goodsNo=A000000197231,https://image.oliveyoung.co.kr/cfimages/cf-goods/uploads/images/thumbnails/400/10/0000/0019/A00000019723190ko.jpg?l=ko,13000,9900,23.8,60623,4.7,82,12,4,1,1,1,0,0,1,A000000197231,10000010002
2026-08-16,메이크업,74,헤라,[마블컬렉션] 헤라 센슈얼 누드 글로스 5g 13 Colors 기획/단품,https://www.oliveyoung.co.kr/store/goods/getGoodsDetail.do?goodsNo=A000000177984,https://image.oliveyoung.co.kr/cfimages/cf-goods/uploads/images/thumbnails/400/10/0000/0017/A000000177984112ko.jpg?l=ko,40000,36000,10.0,16992,4.8,87,10,3,0,0,0,1,0,1,A000000177984,10000010002
2026-08-16,메이크업,75,헤라,헤라 블랙 쿠션 파운데이션 리필 15g,https://www.oliveyoung.co.kr/store/goods/getGoodsDetail.do?goodsNo=A000000202780,https://image.oliveyoung.co.kr/cfimages/cf-goods/uploads/images/thumbnails/400/10/0000/0020/A00000020278002ko.jpg?l=ko,38000,34200,10.0,4677,4.9,90,8,2,0,0,0,1,1,1,A000000202780,10000010002
2026-08-16,메이크업,76,투에이엔,[NEW] 투에이엔 듀얼치크 20 colors (기획/단품),https://www.oliveyoung.co.kr/store/goods/getGoodsDetail.do?goodsNo=A000000181230,https://image.oliveyoung.co.kr/cfimages/cf-goods/uploads/images/thumbnails/400/10/0000/0018/A000000181230104ko.jpg?l=ko,19000,17100,10.0,23129,4.8,87,10,3,0,0,1,0,1,1,A000000181230,10000010002
2026-08-16,메이크업,77,쏘내추럴,쏘내추럴 올 데이 타이트 메이크업 세팅 픽서 75ml,https://www.oliveyoung.co.kr/store/goods/getGoodsDetail.do?goodsNo=A000000122275,https://image.oliveyoung.co.kr/cfimages/cf-goods/uploads/images/thumbnails/400/10/0000/0012/A00000012227531ko.jpg?l=ko,18000,14400,20.0,58433,4.8,84,12,4,1,0,1,0,0,1,A000000122275,10000010002
2026-08-16,메이크업,78,엔트로피 메이크업,엔트로피 브로우 블리치/애쉬브라운/베이지브라운/원유즈 3종,https://www.oliveyoung.co.kr/store/goods/getGoodsDetail.do?goodsNo=A000000181223,https://image.oliveyoung.co.kr/cfimages/cf-goods/uploads/images/thumbnails/400/10/0000/0018/A00000018122369ko.png?l=ko,36000,29900,16.9,4403,4.6,77,13,6,2,2,0,1,0,1,A000000181223,10000010002
2026-08-16,메이크업,79,컬러그램,[꼬막눈 확장/듀오기획]컬러그램 음영 창조 라이너 10COLOR (기획/단품),https://www.oliveyoung.co.kr/store/goods/getGoodsDetail.do?goodsNo=A000000162103,https://image.oliveyoung.co.kr/cfimages/cf-goods/uploads/images/thumbnails/400/10/0000/0016/A00000016210370ko.jpg?l=ko,9900,7900,20.2,50633,4.7,82,12,4,1,1,1,0,0,1,A000000162103,10000010002
2026-08-16,메이크업,80,어반디케이,[8월올영픽/24시간고정] 어반디케이 올나이터 메이크업 세팅 픽서 30ml/118ml (기획/단품),https://www.oliveyoung.co.kr/store/goods/getGoodsDetail.do?goodsNo=A000000254977,https://image.oliveyoung.co.kr/cfimages/cf-goods/uploads/images/thumbnails/400/10/0000/0025/A00000025497711ko.jpg?l=ko,50000,25600,48.8,1904,4.8,86,9,4,1,1,1,1,0,1,A000000254977,10000010002
2026-08-16,메이크업,81,바닐라코,[8월올영픽/초경량커버] 바닐라코 얼티밋 화이트 쿠션 에어 기획(본품+리필),https://www.oliveyoung.co.kr/store/goods/getGoodsDetail.do?goodsNo=A000000254892,https://image.oliveyoung.co.kr/cfimages/cf-goods/uploads/images/thumbnails/400/10/0000/0025/A00000025489225ko.jpg?l=ko,38000,28120,26.0,1595,4.8,85,9,3,1,1,1,1,1,1,A000000254892,10000010002
2026-08-16,메이크업,82,오아드,[8월올영픽/단독기획] 오아드 립티크 13종 단품/기획,https://www.oliveyoung.co.kr/store/goods/getGoodsDetail.do?goodsNo=A000000240910,https://image.oliveyoung.co.kr/cfimages/cf-goods/uploads/images/thumbnails/400/10/0000/0024/A00000024091059ko.jpg?l=ko,26000,18100,30.4,8990,4.6,78,9,7,2,3,1,1,0,1,A000000240910,10000010002
2026-08-16,메이크업,83,어반디케이,[8월올영픽/리뉴얼/초강력고정] 어반디케이 올나이터 메이크업 세팅 픽서 118ml/30ml 3종 (기획/단품),https://www.oliveyoung.co.kr/store/goods/getGoodsDetail.do?goodsNo=A000000250243,https://image.oliveyoung.co.kr/cfimages/cf-goods/uploads/images/thumbnails/400/10/0000/0025/A00000025024333ko.jpg?l=ko,47000,32900,30.0,1307,4.8,87,8,4,1,1,1,1,0,1,A000000250243,10000010002
2026-08-16,메이크업,84,오브제,[1등파데 리뉴얼] 오브제 내추럴 커버 파운데이션 PRO 14g 단품/기획 (+올인원 30ml 증정),https://www.oliveyoung.co.kr/store/goods/getGoodsDetail.do?goodsNo=A000000258285,https://image.oliveyoung.co.kr/cfimages/cf-goods/uploads/images/thumbnails/400/10/0000/0025/A00000025828512ko.jpg?l=ko,36800,33100,10.1,7879,4.8,89,8,2,0,0,1,0,0,1,A000000258285,10000010002
2026-08-16,메이크업,85,클리오,[단독기획] 클리오 크리스탈 글램 틴트 단품/기획 (+치크 미니 증정),https://www.oliveyoung.co.kr/store/goods/getGoodsDetail.do?goodsNo=A000000185265,https://image.oliveyoung.co.kr/cfimages/cf-goods/uploads/images/thumbnails/400/10/0000/0018/A00000018526593ko.jpg?l=ko,18000,12600,30.0,56961,4.8,82,13,4,1,0,1,0,0,1,A000000185265,10000010002
2026-08-16,메이크업,86,힌스,[미니쿠션 증정/선착순 리뷰이벤트] 힌스 누 글로우 화이트 쿠션 5 Colors 기획 (본품+리필),https://www.oliveyoung.co.kr/store/goods/getGoodsDetail.do?goodsNo=A000000261630,https://image.oliveyoung.co.kr/cfimages/cf-goods/uploads/images/thumbnails/400/10/0000/0026/A00000026163010ko.jpg?l=ko,34000,26500,22.1,868,4.8,87,9,2,1,1,1,1,1,1,A000000261630,10000010002
2026-08-16,메이크업,87,아떼,[소이모브 단독 재출시/치크본품증정] 아떼 어센틱 립 글로이 밤 기획/단품,https://www.oliveyoung.co.kr/store/goods/getGoodsDetail.do?goodsNo=A000000223349,https://image.oliveyoung.co.kr/cfimages/cf-goods/uploads/images/thumbnails/400/10/0000/0022/A00000022334959ko.png?l=ko,33000,23900,27.6,3829,4.8,85,10,3,1,1,1,1,1,1,A000000223349,10000010002
2026-08-16,메이크업,88,클리오,[단독기획] 클리오 뮤즈 마스터 팔레트 단품/기획 (+브러쉬 2종 증정),https://www.oliveyoung.co.kr/store/goods/getGoodsDetail.do?goodsNo=A000000248345,https://image.oliveyoung.co.kr/cfimages/cf-goods/uploads/images/thumbnails/400/10/0000/0024/A00000024834522ko.jpg?l=ko,27000,18900,30.0,6892,4.8,86,11,3,0,1,1,0,0,1,A000000248345,10000010002
2026-08-16,메이크업,89,캔메이크,[퍼프1매추가증정] 캔메이크 마시멜로우 피니쉬 파우더 2종 기획/단품 택1,https://www.oliveyoung.co.kr/store/goods/getGoodsDetail.do?goodsNo=A000000232148,https://image.oliveyoung.co.kr/cfimages/cf-goods/uploads/images/thumbnails/400/10/0000/0023/A00000023214838ko.jpg?l=ko,20000,17000,15.0,9659,4.7,80,12,6,1,1,0,1,1,1,A000000232148,10000010002
2026-08-16,메이크업,90,힌스,[올리브영 단독컬러/플럼핑 립펜슬 증정] 힌스 로 글로우 젤 틴트 26 Colors 한정 기획,https://www.oliveyoung.co.kr/store/goods/getGoodsDetail.do?goodsNo=A000000202912,https://image.oliveyoung.co.kr/cfimages/cf-goods/uploads/images/thumbnails/400/10/0000/0020/A000000202912160ko.jpg?l=ko,17000,13200,22.4,34323,4.7,81,13,5,1,1,0,1,0,1,A000000202912,10000010002
2026-08-16,메이크업,91,리스키,[NEW] 리스키 비 볼드 립 글로스 19Colors,https://www.oliveyoung.co.kr/store/goods/getGoodsDetail.do?goodsNo=A000000233115,https://image.oliveyoung.co.kr/cfimages/cf-goods/uploads/images/thumbnails/400/10/0000/0023/A00000023311548ko.jpg?l=ko,22000,20900,5.0,4741,4.8,85,10,3,1,1,1,0,0,1,A000000233115,10000010002
2026-08-16,메이크업,92,에뛰드,[에뛰드 X 바밤바] 에뛰드 재창조 메이커 쉐딩 스틱 (기획 / 단품),https://www.oliveyoung.co.kr/store/goods/getGoodsDetail.do?goodsNo=A000000190270,https://image.oliveyoung.co.kr/cfimages/cf-goods/uploads/images/thumbnails/400/10/0000/0019/A00000019027075ko.png?l=ko,14000,11000,21.4,34195,4.8,82,13,4,1,1,1,1,0,1,A000000190270,10000010002
2026-08-16,메이크업,93,퓌,[바닐라에디션 단품 런칭] 퓌 3D 볼류밍 글로스 5.3g 단품/기획,https://www.oliveyoung.co.kr/store/goods/getGoodsDetail.do?goodsNo=A000000246445,https://image.oliveyoung.co.kr/cfimages/cf-goods/uploads/images/thumbnails/400/10/0000/0024/A00000024644546ko.jpg?l=ko,18000,13500,25.0,55052,4.8,84,11,4,1,0,1,0,0,1,A000000246445,10000010002
2026-08-16,메이크업,94,아떼,[아떼x세터 콜라보 /체리에디션] 아떼 촉촉물먹광택 립 글로이밤 기획/단품,https://www.oliveyoung.co.kr/store/goods/getGoodsDetail.do?goodsNo=A000000263911,https://image.oliveyoung.co.kr/cfimages/cf-goods/uploads/images/thumbnails/400/10/0000/0026/A00000026391109ko.png?l=ko,33000,23900,27.6,3864,4.8,85,10,3,1,1,1,0,1,1,A000000263911,10000010002
2026-08-16,메이크업,95,쏘내추럴,쏘내추럴 메이크업 세팅 멀티 매직 실러 10ml,https://www.oliveyoung.co.kr/store/goods/getGoodsDetail.do?goodsNo=A000000186836,https://image.oliveyoung.co.kr/cfimages/cf-goods/uploads/images/thumbnails/400/10/0000/0018/A00000018683641ko.jpg?l=ko,15000,11400,24.0,7511,4.7,81,12,5,1,1,1,1,0,1,A000000186836,10000010002
2026-08-16,메이크업,96,홀리카홀리카,[8월올영픽/젤로베리2X] 홀리카홀리카 마이페이브 피스 컨실러,https://www.oliveyoung.co.kr/store/goods/getGoodsDetail.do?goodsNo=A000000228824,https://image.oliveyoung.co.kr/cfimages/cf-goods/uploads/images/thumbnails/400/10/0000/0022/A00000022882417ko.jpg?l=ko,8000,6400,20.0,8616,4.7,79,13,6,1,1,1,1,0,1,A000000228824,10000010002
2026-08-16,메이크업,97,터치인솔,[모공프렙] 터치인솔 노포어블럼 프라이머 프렙 30ml,https://www.oliveyoung.co.kr/store/goods/getGoodsDetail.do?goodsNo=A000000249718,https://image.oliveyoung.co.kr/cfimages/cf-goods/uploads/images/thumbnails/400/10/0000/0024/A00000024971822ko.jpg?l=ko,25000,18000,28.0,2583,4.9,95,3,1,0,1,1,0,1,1,A000000249718,10000010002
2026-08-16,메이크업,98,릴리바이레드,[생기광치크] 릴리바이레드 러브빔 치크밤 17종,https://www.oliveyoung.co.kr/store/goods/getGoodsDetail.do?goodsNo=A000000137964,https://image.oliveyoung.co.kr/cfimages/cf-goods/uploads/images/thumbnails/400/10/0000/0013/A00000013796476ko.jpg?l=ko,13000,13000,0.0,49113,4.8,84,12,4,1,0,0,0,1,1,A000000137964,10000010002
2026-08-16,메이크업,99,어뮤즈,[어뮤즈xN21콜라보/신규컬러출시] 어뮤즈 젤핏 글로스 3.8g 9종,https://www.oliveyoung.co.kr/store/goods/getGoodsDetail.do?goodsNo=A000000238658,https://image.oliveyoung.co.kr/cfimages/cf-goods/uploads/images/thumbnails/400/10/0000/0023/A000000238658106ko.jpg?l=ko,21000,16600,21.0,9144,4.8,88,8,3,0,1,1,1,1,1,A000000238658,10000010002
2026-08-16,메이크업,100,헤라,헤라 실키 스테이 24H 롱웨어 파운데이션 30g 9 Colors,https://www.oliveyoung.co.kr/store/goods/getGoodsDetail.do?goodsNo=A000000190668,https://image.oliveyoung.co.kr/cfimages/cf-goods/uploads/images/thumbnails/400/10/0000/0019/A00000019066804ko.jpg?l=ko,70000,63000,10.0,3905,4.7,82,12,4,1,1,0,1,1,1,A000000190668,10000010002
2026-08-16,네일,1,오호라,[NEW/글레이즈드 라인 출시] 오호라 시럽 네일강화제 15ml 18colors,https://www.oliveyoung.co.kr/store/goods/getGoodsDetail.do?goodsNo=A000000251335,https://image.oliveyoung.co.kr/cfimages/cf-goods/uploads/images/thumbnails/400/10/0000/0025/A00000025133529ko.jpg?l=ko,18000,16200,10.0,3505,4.6,78,13,6,1,2,1,0,0,1,A000000251335,10000010012
2026-08-16,네일,2,데싱디바,[NEW/장원영픽] 데싱디바 매직프레스 디자인 네일/페디 35종,https://www.oliveyoung.co.kr/store/goods/getGoodsDetail.do?goodsNo=A000000256041,https://image.oliveyoung.co.kr/cfimages/cf-goods/uploads/images/thumbnails/400/10/0000/0025/A00000025604101ko.jpg?l=ko,14800,11970,19.1,18347,4.7,81,11,5,1,1,1,1,0,1,A000000256041,10000010012
2026-08-16,네일,3,오호라,[NEW/케데헌 콜라보] 오호라 자석 네일강화제 15ml 3colors,https://www.oliveyoung.co.kr/store/goods/getGoodsDetail.do?goodsNo=A000000260377,https://image.oliveyoung.co.kr/cfimages/cf-goods/uploads/images/thumbnails/400/10/0000/0026/A00000026037710ko.jpg?l=ko,18000,17100,5.0,44,4.7,82,11,5,2,,1,0,0,1,A000000260377,10000010012
2026-08-16,네일,4,팁토우,[NEW] 팁토우 네일 폴리쉬 41 Colors,https://www.oliveyoung.co.kr/store/goods/getGoodsDetail.do?goodsNo=A000000189064,https://image.oliveyoung.co.kr/cfimages/cf-goods/uploads/images/thumbnails/400/10/0000/0018/A000000189064110ko.png?l=ko,13000,11000,15.4,11813,4.7,82,12,4,1,1,1,0,0,1,A000000189064,10000010012
2026-08-16,네일,5,웨이크메이크,[SNS 화제템] 웨이크메이크 네일케어 8종 골라담기,https://www.oliveyoung.co.kr/store/goods/getGoodsDetail.do?goodsNo=A000000180019,https://image.oliveyoung.co.kr/cfimages/cf-goods/uploads/images/thumbnails/400/10/0000/0018/A00000018001906ko.jpg?l=ko,5000,4700,6.0,15874,4.7,78,14,6,1,1,1,0,1,1,A000000180019,10000010012
2026-08-16,네일,6,데싱디바,[NEW/장원영픽] 데싱디바 원젤 (컬러/마그네틱) & 케어/툴 34종,https://www.oliveyoung.co.kr/store/goods/getGoodsDetail.do?goodsNo=A000000220686,https://image.oliveyoung.co.kr/cfimages/cf-goods/uploads/images/thumbnails/400/10/0000/0022/A00000022068655ko.jpg?l=ko,12000,9720,19.0,1619,4.6,80,10,6,2,2,0,1,0,1,A000000220686,10000010012
2026-08-16,네일,7,반디,[네일영양제] 반디 핑크다이아 오리지날 7ml,https://www.oliveyoung.co.kr/store/goods/getGoodsDetail.do?goodsNo=A000000184922,https://image.oliveyoung.co.kr/cfimages/cf-goods/uploads/images/thumbnails/400/10/0000/0018/A00000018492262ko.jpg?l=ko,20000,16000,20.0,5235,4.8,85,10,4,1,0,1,0,1,1,A000000184922,10000010012
2026-08-16,네일,8,웨이크메이크,[울버린 손톱] 웨이크메이크 스트롱 그로쓰 네일 강화/영양제 2종,https://www.oliveyoung.co.kr/store/goods/getGoodsDetail.do?goodsNo=A000000187489,https://image.oliveyoung.co.kr/cfimages/cf-goods/uploads/images/thumbnails/400/10/0000/0018/A00000018748904ko.jpg?l=ko,10000,7800,22.0,4717,4.6,77,14,7,1,1,1,0,1,1,A000000187489,10000010012
2026-08-16,네일,9,웨이크메이크,웨이크메이크 네일건 데일리 11 COLORS,https://www.oliveyoung.co.kr/store/goods/getGoodsDetail.do?goodsNo=A000000184224,https://image.oliveyoung.co.kr/cfimages/cf-goods/uploads/images/thumbnails/400/10/0000/0018/A00000018422401ko.jpg?l=ko,4000,3600,10.0,11613,4.7,78,14,6,1,1,1,0,1,1,A000000184224,10000010012
2026-08-16,네일,10,르멘트,[NEW] 르멘트 컬러네일 40종&하드너&광채 영양제,https://www.oliveyoung.co.kr/store/goods/getGoodsDetail.do?goodsNo=A000000185114,https://image.oliveyoung.co.kr/cfimages/cf-goods/uploads/images/thumbnails/400/10/0000/0018/A000000185114138ko.jpg?l=ko,13000,11050,15.0,6673,4.7,78,14,6,1,2,0,1,0,1,A000000185114,10000010012
2026-08-16,네일,11,위드샨,[저자극] 위드샨 논아세톤 네일 리무버 200ml,https://www.oliveyoung.co.kr/store/goods/getGoodsDetail.do?goodsNo=A000000179792,https://image.oliveyoung.co.kr/cfimages/cf-goods/uploads/images/thumbnails/400/10/0000/0017/A00000017979205ko.jpg?l=ko,8900,8720,2.0,890,4.6,75,16,6,2,2,1,0,0,1,A000000179792,10000010012
2026-08-16,네일,12,반디,[베스트] 반디 스팀 큐티클 오일 & 큐티클 케어 키트 2종,https://www.oliveyoung.co.kr/store/goods/getGoodsDetail.do?goodsNo=A000000199838,https://image.oliveyoung.co.kr/cfimages/cf-goods/uploads/images/thumbnails/400/10/0000/0019/A00000019983813ko.jpg?l=ko,24000,19200,20.0,2394,4.7,79,13,6,1,1,1,0,1,1,A000000199838,10000010012
2026-08-16,네일,13,웨이크메이크,웨이크메이크 네일건 탑 & 베이스 코트 2종,https://www.oliveyoung.co.kr/store/goods/getGoodsDetail.do?goodsNo=A000000129449,https://image.oliveyoung.co.kr/cfimages/cf-goods/uploads/images/thumbnails/400/10/0000/0012/A00000012944906ko.jpg?l=ko,4000,3600,10.0,117463,4.6,75,16,7,1,1,1,0,1,1,A000000129449,10000010012
2026-08-16,네일,14,닥터원더,닥터원더 세라믹 포켓 큐티클 리무버,https://www.oliveyoung.co.kr/store/goods/getGoodsDetail.do?goodsNo=A000000103383,https://image.oliveyoung.co.kr/cfimages/cf-goods/uploads/images/thumbnails/400/10/0000/0010/A00000010338302ko.jpg?l=ko,6900,5900,14.5,7134,4.6,71,17,8,2,1,1,0,0,1,A000000103383,10000010012
2026-08-16,네일,15,웨이크메이크,웨이크메이크 네일 리무버 100ml,https://www.oliveyoung.co.kr/store/goods/getGoodsDetail.do?goodsNo=A000000118173,https://image.oliveyoung.co.kr/cfimages/cf-goods/uploads/images/thumbnails/400/10/0000/0011/A00000011817303ko.jpg?l=ko,2500,2250,10.0,88718,4.6,75,16,7,1,1,1,0,1,1,A000000118173,10000010012
2026-08-16,네일,16,포트레,포트레 네일 누보 주스 19 COLOR,https://www.oliveyoung.co.kr/store/goods/getGoodsDetail.do?goodsNo=A000000212040,https://image.oliveyoung.co.kr/cfimages/cf-goods/uploads/images/thumbnails/400/10/0000/0021/A00000021204010ko.jpg?l=ko,15000,15000,0.0,2044,4.7,78,14,6,1,1,0,0,0,1,A000000212040,10000010012
2026-08-16,네일,17,올리오,[NEW/엔믹스PICK] 올리오 체리시 네일 폴리쉬 19종 중 택1,https://www.oliveyoung.co.kr/store/goods/getGoodsDetail.do?goodsNo=A000000252959,https://image.oliveyoung.co.kr/cfimages/cf-goods/uploads/images/thumbnails/400/10/0000/0025/A00000025295907ko.jpg?l=ko,16000,10900,31.9,1337,5.0,97,1,1,0,0,1,1,1,1,A000000252959,10000010012
2026-08-16,네일,18,위드샨,[4종 세트] 위드샨 네일&큐티클 오일펜 올케어 세트 (4ml x 4ea),https://www.oliveyoung.co.kr/store/goods/getGoodsDetail.do?goodsNo=A000000224737,https://image.oliveyoung.co.kr/cfimages/cf-goods/uploads/images/thumbnails/400/10/0000/0022/A00000022473701ko.jpg?l=ko,13000,9880,24.0,360,4.7,83,11,4,1,1,1,0,0,1,A000000224737,10000010012
2026-08-16,네일,19,데싱디바,[NEW/장원영픽] 데싱디바 매직프레스 네일샵콜라보 네일/페디 11종,https://www.oliveyoung.co.kr/store/goods/getGoodsDetail.do?goodsNo=A000000259933,https://image.oliveyoung.co.kr/cfimages/cf-goods/uploads/images/thumbnails/400/10/0000/0025/A00000025993301ko.jpg?l=ko,14800,11970,19.1,76,4.8,89,7,,1,3,1,1,0,1,A000000259933,10000010012
2026-08-16,네일,20,오호라,[NEW] 오호라 그린티 3-in-1 네일 리무버 50ml,https://www.oliveyoung.co.kr/store/goods/getGoodsDetail.do?goodsNo=A000000258650,https://image.oliveyoung.co.kr/cfimages/cf-goods/uploads/images/thumbnails/400/10/0000/0025/A00000025865005ko.jpg?l=ko,14000,14000,0.0,46,4.8,89,7,2,2,,0,0,0,1,A000000258650,10000010012
2026-08-16,네일,21,디어에이,[NEW] 디어에이 샤인 온 미 네일 컬러 37colors,https://www.oliveyoung.co.kr/store/goods/getGoodsDetail.do?goodsNo=A000000171538,https://image.oliveyoung.co.kr/cfimages/cf-goods/uploads/images/thumbnails/400/10/0000/0017/A00000017153895ko.jpg?l=ko,12000,9000,25.0,6723,4.6,76,15,6,1,1,1,0,0,1,A000000171538,10000010012
2026-08-16,네일,22,웨이크메이크,웨이크메이크 네일건 핑크 세럼 펜,https://www.oliveyoung.co.kr/store/goods/getGoodsDetail.do?goodsNo=A000000151272,https://image.oliveyoung.co.kr/cfimages/cf-goods/uploads/images/thumbnails/400/10/0000/0015/A00000015127202ko.jpg?l=ko,9800,8800,10.2,2163,4.6,75,17,7,1,1,1,0,1,1,A000000151272,10000010012
2026-08-16,네일,23,웨이크메이크,[NEW컬러/글레이즈드 네일] 웨이크메이크 네일건(데일리/시즌),https://www.oliveyoung.co.kr/store/goods/getGoodsDetail.do?goodsNo=A000000202617,https://image.oliveyoung.co.kr/cfimages/cf-goods/uploads/images/thumbnails/400/10/0000/0020/A00000020261712ko.jpg?l=ko,4000,3600,10.0,31981,4.7,77,14,6,1,1,1,0,1,1,A000000202617,10000010012
2026-08-16,네일,24,팁토우,[NEW] 팁토우 시럽 & 페인트 & 쉬머 네일 폴리쉬 23 Colors,https://www.oliveyoung.co.kr/store/goods/getGoodsDetail.do?goodsNo=A000000184633,https://image.oliveyoung.co.kr/cfimages/cf-goods/uploads/images/thumbnails/400/10/0000/0018/A00000018463313ko.png?l=ko,14000,11900,15.0,1927,4.7,82,12,4,1,1,1,0,0,1,A000000184633,10000010012
2026-08-16,네일,25,코스노리,[큐티클간편케어] 코스노리 실크리페어 네일 크림 손톱영양제,https://www.oliveyoung.co.kr/store/goods/getGoodsDetail.do?goodsNo=A000000154617,https://image.oliveyoung.co.kr/cfimages/cf-goods/uploads/images/thumbnails/400/10/0000/0015/A00000015461729ko.jpg?l=ko,14000,11200,20.0,2894,4.7,80,14,5,0,1,1,0,0,1,A000000154617,10000010012
2026-08-16,네일,26,닥터원더,닥터원더 네일 에센스 포켓 펜 ver.2,https://www.oliveyoung.co.kr/store/goods/getGoodsDetail.do?goodsNo=A000000152610,https://image.oliveyoung.co.kr/cfimages/cf-goods/uploads/images/thumbnails/400/10/0000/0015/A00000015261001ko.jpg?l=ko,9900,7900,20.2,5953,4.8,83,12,4,0,0,1,0,0,1,A000000152610,10000010012
2026-08-16,네일,27,웨이크메이크,[NEW/핑크 펄 하드너] 웨이크메이크 네일케어 핑크영양제/핑크강화제/핑크펄하드너 3종,https://www.oliveyoung.co.kr/store/goods/getGoodsDetail.do?goodsNo=A000000151292,https://image.oliveyoung.co.kr/cfimages/cf-goods/uploads/images/thumbnails/400/10/0000/0015/A00000015129207ko.jpg?l=ko,5000,4700,6.0,20577,4.7,78,15,6,1,1,1,0,1,1,A000000151292,10000010012
2026-08-16,네일,28,반디,[이즈나방지민PICK] 반디 핑크다이아 시리즈 7ml 5종,https://www.oliveyoung.co.kr/store/goods/getGoodsDetail.do?goodsNo=A000000190716,https://image.oliveyoung.co.kr/cfimages/cf-goods/uploads/images/thumbnails/400/10/0000/0019/A00000019071677ko.jpg?l=ko,20000,16000,20.0,13341,4.8,84,11,4,1,1,1,0,1,1,A000000190716,10000010012
2026-08-16,네일,29,웨이크메이크,웨이크메이크 네일건 글리터 9 COLORS,https://www.oliveyoung.co.kr/store/goods/getGoodsDetail.do?goodsNo=A000000184269,https://image.oliveyoung.co.kr/cfimages/cf-goods/uploads/images/thumbnails/400/10/0000/0018/A00000018426901ko.jpg?l=ko,6000,5400,10.0,9747,4.7,80,13,5,1,1,1,0,1,1,A000000184269,10000010012
2026-08-16,네일,30,핑거수트,핑거수트 물광 폴리쉬 14종,https://www.oliveyoung.co.kr/store/goods/getGoodsDetail.do?goodsNo=A000000235323,https://image.oliveyoung.co.kr/cfimages/cf-goods/uploads/images/thumbnails/400/10/0000/0023/A00000023532313ko.jpg?l=ko,16000,15200,5.0,83,4.2,57,18,16,5,5,1,0,0,1,A000000235323,10000010012
2026-08-16,네일,31,디어에이,디어에이 루미너스 네일 에센스 3g,https://www.oliveyoung.co.kr/store/goods/getGoodsDetail.do?goodsNo=A000000180098,https://image.oliveyoung.co.kr/cfimages/cf-goods/uploads/images/thumbnails/400/10/0000/0018/A00000018009822ko.jpg?l=ko,10900,8500,22.0,2941,4.5,73,15,8,2,2,1,0,0,1,A000000180098,10000010012
2026-08-16,네일,32,반디,[네일강화제] 반디 네일큐어 유광/무광 7ml 2종,https://www.oliveyoung.co.kr/store/goods/getGoodsDetail.do?goodsNo=A000000184914,https://image.oliveyoung.co.kr/cfimages/cf-goods/uploads/images/thumbnails/400/10/0000/0018/A00000018491421ko.jpg?l=ko,15000,12000,20.0,4563,4.7,82,13,4,1,1,0,1,1,1,A000000184914,10000010012
2026-08-16,네일,33,반디,[NEW컬러]반디 살롱드네일 마그넷네일 7ml 9종,https://www.oliveyoung.co.kr/store/goods/getGoodsDetail.do?goodsNo=A000000210522,https://image.oliveyoung.co.kr/cfimages/cf-goods/uploads/images/thumbnails/400/10/0000/0021/A00000021052217ko.jpg?l=ko,14000,11200,20.0,274,4.6,76,11,9,2,2,0,1,1,1,A000000210522,10000010012
2026-08-16,네일,34,디젤,[NEW]디젤 힐링 포션 8ml (단품/기획),https://www.oliveyoung.co.kr/store/goods/getGoodsDetail.do?goodsNo=A000000201012,https://image.oliveyoung.co.kr/cfimages/cf-goods/uploads/images/thumbnails/400/10/0000/0020/A00000020101215ko.jpg?l=ko,18000,18000,0.0,401,4.8,90,6,2,1,0,0,0,0,1,A000000201012,10000010012
2026-08-16,네일,35,멘소래담,[고농축단백질/손톱강화] 멘소래담 핸드베일 뷰티 프리미엄 리치네일 리페어 코트 10ml,https://www.oliveyoung.co.kr/store/goods/getGoodsDetail.do?goodsNo=A000000165917,https://image.oliveyoung.co.kr/cfimages/cf-goods/uploads/images/thumbnails/400/10/0000/0016/A00000016591704ko.png?l=ko,13000,8190,37.0,2227,4.6,75,14,8,2,1,1,1,0,1,A000000165917,10000010012
2026-08-16,네일,36,오호라,[NEW] 오호라 라이스 플럼핑 큐티클 세럼 50ml,https://www.oliveyoung.co.kr/store/goods/getGoodsDetail.do?goodsNo=A000000258651,https://image.oliveyoung.co.kr/cfimages/cf-goods/uploads/images/thumbnails/400/10/0000/0025/A00000025865108ko.jpg?l=ko,19000,17800,6.3,30,4.9,93,7,,,,1,0,0,1,A000000258651,10000010012
2026-08-16,네일,37,반디,[베스트] 반디 핑크다이아 뿌리세럼 17ml,https://www.oliveyoung.co.kr/store/goods/getGoodsDetail.do?goodsNo=A000000189870,https://image.oliveyoung.co.kr/cfimages/cf-goods/uploads/images/thumbnails/400/10/0000/0018/A00000018987019ko.jpg?l=ko,20000,16000,20.0,1609,4.9,91,7,2,1,0,0,1,1,1,A000000189870,10000010012
2026-08-16,네일,38,반디,[케어베어 콜라보] 반디 유니콘 하드너 7ml,https://www.oliveyoung.co.kr/store/goods/getGoodsDetail.do?goodsNo=A000000219849,https://image.oliveyoung.co.kr/cfimages/cf-goods/uploads/images/thumbnails/400/10/0000/0021/A00000021984959ko.jpg?l=ko,20000,16000,20.0,428,4.7,82,11,4,2,1,0,1,1,1,A000000219849,10000010012
2026-08-16,네일,39,데싱디바,[NEW/장원영픽] 데싱디바 매직프레스 프리미엄 네일/페디 10종,https://www.oliveyoung.co.kr/store/goods/getGoodsDetail.do?goodsNo=A000000256036,https://image.oliveyoung.co.kr/cfimages/cf-goods/uploads/images/thumbnails/400/10/0000/0025/A00000025603609ko.jpg?l=ko,18800,15110,19.6,5998,4.7,81,11,5,1,1,1,1,0,1,A000000256036,10000010012
2026-08-16,네일,40,티타니아,티타니아 손발톱영양제(A타입),https://www.oliveyoung.co.kr/store/goods/getGoodsDetail.do?goodsNo=A000000001458,https://image.oliveyoung.co.kr/cfimages/cf-goods/uploads/images/thumbnails/400/10/0000/0000/A00000000145803ko.jpg?l=ko,15000,15000,0.0,945,4.6,68,24,6,1,1,0,0,0,1,A000000001458,10000010012
2026-08-16,네일,41,웨이크메이크,웨이크메이크 퍼펙트 네일 리무버 150ml,https://www.oliveyoung.co.kr/store/goods/getGoodsDetail.do?goodsNo=A000000118174,https://image.oliveyoung.co.kr/cfimages/cf-goods/uploads/images/thumbnails/400/10/0000/0011/A00000011817402ko.jpg?l=ko,4000,3600,10.0,64665,4.6,73,17,7,1,1,1,0,1,1,A000000118174,10000010012
2026-08-16,네일,42,반디,[NEW/네일리무버]반디 네일큐어 핑크다이아 세럼리무버,https://www.oliveyoung.co.kr/store/goods/getGoodsDetail.do?goodsNo=A000000264203,https://image.oliveyoung.co.kr/cfimages/cf-goods/uploads/images/thumbnails/400/10/0000/0026/A00000026420304ko.jpg?l=ko,13000,13000,0.0,0,0.0,,,,,,0,0,1,1,A000000264203,10000010012
2026-08-16,네일,43,오즈네일,[NEW] 오즈네일 비타민 네일 링거 손톱 영양제 10ml,https://www.oliveyoung.co.kr/store/goods/getGoodsDetail.do?goodsNo=A000000236295,https://image.oliveyoung.co.kr/cfimages/cf-goods/uploads/images/thumbnails/400/10/0000/0023/A00000023629502ko.jpg?l=ko,13800,12400,10.1,54,4.8,83,9,7,,,1,0,0,1,A000000236295,10000010012
2026-08-16,네일,44,오즈네일,[NEW] 오즈네일 파인애플 큐티클 리무버 10ml & 듀얼푸셔 기획세트,https://www.oliveyoung.co.kr/store/goods/getGoodsDetail.do?goodsNo=A000000206656,https://image.oliveyoung.co.kr/cfimages/cf-goods/uploads/images/thumbnails/400/10/0000/0020/A00000020665607ko.jpg?l=ko,12800,11500,10.2,135,4.6,78,10,8,1,4,1,0,0,1,A000000206656,10000010012
2026-08-16,네일,45,반디,반디 살롱드네일 베이스 & 탑코트 7ml 2종,https://www.oliveyoung.co.kr/store/goods/getGoodsDetail.do?goodsNo=A000000210512,https://image.oliveyoung.co.kr/cfimages/cf-goods/uploads/images/thumbnails/400/10/0000/0021/A00000021051218ko.jpg?l=ko,12000,9600,20.0,281,4.7,80,14,4,1,1,0,1,1,1,A000000210512,10000010012
2026-08-16,네일,46,위드샨,[논아세톤] 위드샨 아세톤프리 리프레쉬 네일 리무버 100ml,https://www.oliveyoung.co.kr/store/goods/getGoodsDetail.do?goodsNo=A000000166250,https://image.oliveyoung.co.kr/cfimages/cf-goods/uploads/images/thumbnails/400/10/0000/0016/A00000016625002ko.jpg?l=ko,4900,4800,2.0,985,4.6,78,13,6,1,2,1,0,0,1,A000000166250,10000010012
2026-08-16,네일,47,르멘트,르멘트 탑&베이스 코트 2종 14ml,https://www.oliveyoung.co.kr/store/goods/getGoodsDetail.do?goodsNo=A000000184937,https://image.oliveyoung.co.kr/cfimages/cf-goods/uploads/images/thumbnails/400/10/0000/0018/A00000018493715ko.jpg?l=ko,13000,11050,15.0,68,4.8,85,13,1,,,0,1,0,1,A000000184937,10000010012
2026-08-16,네일,48,포트레,포트레 네일 누보 리무버 200ml,https://www.oliveyoung.co.kr/store/goods/getGoodsDetail.do?goodsNo=A000000213668,https://image.oliveyoung.co.kr/cfimages/cf-goods/uploads/images/thumbnails/400/10/0000/0021/A00000021366803ko.jpg?l=ko,10000,9500,5.0,123,4.8,84,12,2,1,1,1,0,0,1,A000000213668,10000010012
2026-08-16,네일,49,위드샨,[세로줄 커버] 위드샨 3-in-1 네일파운데이션 15ml,https://www.oliveyoung.co.kr/store/goods/getGoodsDetail.do?goodsNo=A000000164038,https://image.oliveyoung.co.kr/cfimages/cf-goods/uploads/images/thumbnails/400/10/0000/0016/A00000016403804ko.jpg?l=ko,9000,8730,3.0,284,4.5,73,14,8,3,1,1,0,0,1,A000000164038,10000010012
2026-08-16,네일,50,멘소래담,[보습영양/세라마이드] 멘소래담 핸드베일 뷰티 프리미엄 리치네일,https://www.oliveyoung.co.kr/store/goods/getGoodsDetail.do?goodsNo=A000000111825,https://image.oliveyoung.co.kr/cfimages/cf-goods/uploads/images/thumbnails/400/10/0000/0011/A00000011182512ko.jpg?l=ko,13500,8460,37.3,4248,4.7,78,15,5,1,1,1,1,0,1,A000000111825,10000010012
2026-08-16,네일,51,위드샨,[베스트] 위드샨 펌프형리무버 200ml 5종,https://www.oliveyoung.co.kr/store/goods/getGoodsDetail.do?goodsNo=A000000179818,https://image.oliveyoung.co.kr/cfimages/cf-goods/uploads/images/thumbnails/400/10/0000/0017/A00000017981807ko.jpg?l=ko,6900,6760,2.0,4003,4.7,81,12,5,1,1,1,0,0,1,A000000179818,10000010012
2026-08-16,네일,52,위드샨,[NEW] 위드샨 60초 매니큐어 시럽 9ml 26종,https://www.oliveyoung.co.kr/store/goods/getGoodsDetail.do?goodsNo=A000000144109,https://image.oliveyoung.co.kr/cfimages/cf-goods/uploads/images/thumbnails/400/10/0000/0014/A00000014410928ko.jpg?l=ko,5500,5390,2.0,1359,4.5,70,17,8,3,2,1,0,0,1,A000000144109,10000010012
2026-08-16,네일,53,웨이크메이크,웨이크메이크 네일건 핑크 큐티클 아웃 펜 리무버,https://www.oliveyoung.co.kr/store/goods/getGoodsDetail.do?goodsNo=A000000149143,https://image.oliveyoung.co.kr/cfimages/cf-goods/uploads/images/thumbnails/400/10/0000/0014/A00000014914302ko.jpg?l=ko,6900,6200,10.1,3248,4.5,69,17,10,3,2,1,0,1,1,A000000149143,10000010012
2026-08-16,네일,54,핑거수트,[NEW/물광] 핑거수트 네일팁 프리미엄 디자인 18종,https://www.oliveyoung.co.kr/store/goods/getGoodsDetail.do?goodsNo=A000000197364,https://image.oliveyoung.co.kr/cfimages/cf-goods/uploads/images/thumbnails/400/10/0000/0019/A00000019736441ko.jpg?l=ko,19800,18810,5.0,805,4.7,81,12,4,2,1,1,0,0,1,A000000197364,10000010012
2026-08-16,네일,55,데싱디바,데싱디바 네일케어 6종,https://www.oliveyoung.co.kr/store/goods/getGoodsDetail.do?goodsNo=A000000146843,https://image.oliveyoung.co.kr/cfimages/cf-goods/uploads/images/thumbnails/400/10/0000/0014/A00000014684314ko.jpg?l=ko,12000,9600,20.0,2354,4.7,79,12,6,1,1,0,1,0,1,A000000146843,10000010012
2026-08-16,네일,56,위드샨,[NEW/칩라인] 위드샨 60초 매니큐어 시럽 솔리드 글리터 9ml 30종,https://www.oliveyoung.co.kr/store/goods/getGoodsDetail.do?goodsNo=A000000189297,https://image.oliveyoung.co.kr/cfimages/cf-goods/uploads/images/thumbnails/400/10/0000/0018/A00000018929712ko.jpg?l=ko,5500,5390,2.0,5118,4.4,64,20,10,3,3,1,0,0,1,A000000189297,10000010012
2026-08-16,네일,57,반디,[NEW/페디케어] 반디 더마페디 3종,https://www.oliveyoung.co.kr/store/goods/getGoodsDetail.do?goodsNo=A000000184657,https://image.oliveyoung.co.kr/cfimages/cf-goods/uploads/images/thumbnails/400/10/0000/0018/A00000018465729ko.jpg?l=ko,25000,20000,20.0,1905,4.7,78,13,7,1,1,0,1,1,1,A000000184657,10000010012
2026-08-16,네일,58,오즈네일,오즈네일 고발색 고광택 샤인무드 네일 컬러 8ml 43colors,https://www.oliveyoung.co.kr/store/goods/getGoodsDetail.do?goodsNo=A000000206671,https://image.oliveyoung.co.kr/cfimages/cf-goods/uploads/images/thumbnails/400/10/0000/0020/A00000020667112ko.png?l=ko,7800,6600,15.4,1166,4.7,77,16,4,1,1,1,0,0,1,A000000206671,10000010012
2026-08-16,네일,59,데싱디바,[NEW] 데싱디바 매직프레스 조앤프렌즈 네일/페디 6종,https://www.oliveyoung.co.kr/store/goods/getGoodsDetail.do?goodsNo=A000000257286,https://image.oliveyoung.co.kr/cfimages/cf-goods/uploads/images/thumbnails/400/10/0000/0025/A00000025728601ko.jpg?l=ko,18800,15110,19.6,133,4.8,91,5,3,1,1,1,1,0,1,A000000257286,10000010012
2026-08-16,네일,60,르멘트,[NEW/리뉴얼] 르멘트 케라틴 스무더 네일 세럼 단품/더블기획,https://www.oliveyoung.co.kr/store/goods/getGoodsDetail.do?goodsNo=A000000215332,https://image.oliveyoung.co.kr/cfimages/cf-goods/uploads/images/thumbnails/400/10/0000/0021/A00000021533211ko.jpg?l=ko,17000,13600,20.0,765,4.7,82,10,7,1,1,0,1,0,1,A000000215332,10000010012
2026-08-16,네일,61,데싱디바,[장원영실착] 데싱디바 매직프레스 프리미엄 로즈멜트,https://www.oliveyoung.co.kr/store/goods/getGoodsDetail.do?goodsNo=A000000256088,https://image.oliveyoung.co.kr/cfimages/cf-goods/uploads/images/thumbnails/400/10/0000/0025/A00000025608806ko.jpg?l=ko,18800,15110,19.6,59,4.6,81,5,10,,3,1,1,0,1,A000000256088,10000010012
2026-08-16,네일,62,위드샨,[빠른건조] 위드샨 60초 매니큐어 베이스코트&탑코트 15ml 5종,https://www.oliveyoung.co.kr/store/goods/getGoodsDetail.do?goodsNo=A000000206768,https://image.oliveyoung.co.kr/cfimages/cf-goods/uploads/images/thumbnails/400/10/0000/0020/A00000020676801ko.jpg?l=ko,6000,5880,2.0,195,4.7,81,12,4,1,3,1,0,0,1,A000000206768,10000010012
2026-08-16,네일,63,젤로젤로,젤로젤로 원킬리무버+필오프베이스젤,https://www.oliveyoung.co.kr/store/goods/getGoodsDetail.do?goodsNo=B000000144671,https://image.oliveyoung.co.kr/cfimages/cf-goods/uploads/images/thumbnails/400/10/0000/0014/B00000014467102ko.jpg?l=ko,19800,19800,0.0,256,4.7,81,11,4,1,3,0,0,0,0,B000000144671,10000010012
2026-08-16,네일,64,핑거수트,[에스파닝닝 착용] 핑거수트 네일팁 프리미엄 디자인 스웨이,https://www.oliveyoung.co.kr/store/goods/getGoodsDetail.do?goodsNo=A000000187759,https://image.oliveyoung.co.kr/cfimages/cf-goods/uploads/images/thumbnails/400/10/0000/0018/A00000018775917ko.jpg?l=ko,19800,18810,5.0,151,4.6,78,14,4,1,3,1,0,0,1,A000000187759,10000010012
2026-08-16,네일,65,위드샨,위드샨 큐티클오일 15ml 2종,https://www.oliveyoung.co.kr/store/goods/getGoodsDetail.do?goodsNo=A000000164036,https://image.oliveyoung.co.kr/cfimages/cf-goods/uploads/images/thumbnails/400/10/0000/0016/A00000016403608ko.jpg?l=ko,6000,5700,5.0,1881,4.7,80,14,5,1,0,1,0,0,1,A000000164036,10000010012
2026-08-16,네일,66,반디,[NEW/이즈나방지민PICK]반디 살롱드네일 7ml 27종,https://www.oliveyoung.co.kr/store/goods/getGoodsDetail.do?goodsNo=A000000205815,https://image.oliveyoung.co.kr/cfimages/cf-goods/uploads/images/thumbnails/400/10/0000/0020/A00000020581547ko.jpg?l=ko,12000,9600,20.0,3315,4.6,77,12,6,2,3,0,1,1,1,A000000205815,10000010012
2026-08-16,네일,67,핑거수트,핑거수트 폴리쉬 16종,https://www.oliveyoung.co.kr/store/goods/getGoodsDetail.do?goodsNo=A000000206213,https://image.oliveyoung.co.kr/cfimages/cf-goods/uploads/images/thumbnails/400/10/0000/0020/A00000020621346ko.jpg?l=ko,12000,11400,5.0,1286,4.7,80,13,6,1,1,1,0,0,1,A000000206213,10000010012
2026-08-16,네일,68,셀리한센,셀리한센 인스턴트큐티클리무버 29.5ml,https://www.oliveyoung.co.kr/store/goods/getGoodsDetail.do?goodsNo=A000000004725,https://image.oliveyoung.co.kr/cfimages/cf-goods/uploads/images/thumbnails/400/10/0000/0000/A00000000472506ko.jpg?l=ko,14500,14500,0.0,2501,4.8,83,12,4,1,1,0,0,0,1,A000000004725,10000010012
2026-08-16,네일,69,위드샨,[스테디셀러] 위드샨 에코 네일 리무버 200ml,https://www.oliveyoung.co.kr/store/goods/getGoodsDetail.do?goodsNo=A000000165004,https://image.oliveyoung.co.kr/cfimages/cf-goods/uploads/images/thumbnails/400/10/0000/0016/A00000016500406ko.jpg?l=ko,6900,6760,2.0,1059,4.8,86,10,3,0,0,1,0,0,1,A000000165004,10000010012
2026-08-16,네일,70,위드샨,[쉬운관리] 위드샨 진짜네일케어세트(큐티클케어세트),https://www.oliveyoung.co.kr/store/goods/getGoodsDetail.do?goodsNo=A000000164001,https://image.oliveyoung.co.kr/cfimages/cf-goods/uploads/images/thumbnails/400/10/0000/0016/A00000016400105ko.jpg?l=ko,12500,11500,8.0,1767,4.5,70,18,9,2,2,1,0,0,1,A000000164001,10000010012
2026-08-16,네일,71,위드샨,[손톱강화] 위드샨 네일스트랭쓰너 15ml,https://www.oliveyoung.co.kr/store/goods/getGoodsDetail.do?goodsNo=A000000164002,https://image.oliveyoung.co.kr/cfimages/cf-goods/uploads/images/thumbnails/400/10/0000/0016/A00000016400207ko.jpg?l=ko,9000,8820,2.0,638,4.7,77,15,6,2,1,1,0,0,1,A000000164002,10000010012
2026-08-16,네일,72,데싱디바,[장원영실착] 데싱디바 매직프레스 디자인 듀이 체리,https://www.oliveyoung.co.kr/store/goods/getGoodsDetail.do?goodsNo=A000000256086,https://image.oliveyoung.co.kr/cfimages/cf-goods/uploads/images/thumbnails/400/10/0000/0025/A00000025608606ko.jpg?l=ko,14800,11970,19.1,77,4.7,82,8,9,1,,1,1,0,1,A000000256086,10000010012
2026-08-16,네일,73,젤로젤로,젤로젤로 논와이프 고광택 글로시탑젤,https://www.oliveyoung.co.kr/store/goods/getGoodsDetail.do?goodsNo=B000000143914,https://image.oliveyoung.co.kr/cfimages/cf-goods/uploads/images/thumbnails/400/10/0000/0014/B00000014391402ko.jpg?l=ko,12000,12000,0.0,122,4.7,79,15,4,,2,0,0,0,0,B000000143914,10000010012
2026-08-16,네일,74,코스노리,코스노리 컬러테라피 비건 네일 세럼 3종 (시트러스/라벤더/로즈),https://www.oliveyoung.co.kr/store/goods/getGoodsDetail.do?goodsNo=A000000192710,https://image.oliveyoung.co.kr/cfimages/cf-goods/uploads/images/thumbnails/400/10/0000/0019/A00000019271017ko.jpg?l=ko,12000,8400,30.0,646,4.8,84,10,5,1,0,1,0,0,1,A000000192710,10000010012
2026-08-16,네일,75,위드샨,위드샨 케어라인 15ml 4종,https://www.oliveyoung.co.kr/store/goods/getGoodsDetail.do?goodsNo=A000000164011,https://image.oliveyoung.co.kr/cfimages/cf-goods/uploads/images/thumbnails/400/10/0000/0016/A00000016401107ko.jpg?l=ko,9000,8730,3.0,1632,4.6,73,15,8,2,2,1,0,0,1,A000000164011,10000010012
2026-08-16,네일,76,르멘트,[NEW 케어2종] 르멘트 반짝임 다즐링 네일 하드너 & 쉬머스 네일 영양제,https://www.oliveyoung.co.kr/store/goods/getGoodsDetail.do?goodsNo=A000000189836,https://image.oliveyoung.co.kr/cfimages/cf-goods/uploads/images/thumbnails/400/10/0000/0018/A00000018983630ko.jpg?l=ko,18000,15300,15.0,919,4.5,73,14,8,2,3,0,1,0,1,A000000189836,10000010012
2026-08-16,네일,77,디어러스,디어러스 젤 리무버 100ml,https://www.oliveyoung.co.kr/store/goods/getGoodsDetail.do?goodsNo=A000000201162,https://image.oliveyoung.co.kr/cfimages/cf-goods/uploads/images/thumbnails/400/10/0000/0020/A00000020116202ko.jpg?l=ko,4900,4900,0.0,703,4.5,72,13,9,3,3,0,0,0,1,A000000201162,10000010012
2026-08-16,네일,78,코트,[NO리무버] 코트 필오프 수성네일 10ml 7종,https://www.oliveyoung.co.kr/store/goods/getGoodsDetail.do?goodsNo=A000000167367,https://image.oliveyoung.co.kr/cfimages/cf-goods/uploads/images/thumbnails/400/10/0000/0016/A00000016736718ko.jpg?l=ko,10000,6000,40.0,748,4.6,82,8,6,2,3,1,0,0,1,A000000167367,10000010012
2026-08-16,네일,79,젤로젤로,젤로젤로 프리미엄 시럽젤 젤네일폴리쉬 (18종),https://www.oliveyoung.co.kr/store/goods/getGoodsDetail.do?goodsNo=B000000147312,https://image.oliveyoung.co.kr/cfimages/cf-goods/uploads/images/thumbnails/400/10/0000/0014/B00000014731206ko.jpg?l=ko,9800,9800,0.0,346,4.8,88,6,5,,1,0,0,0,0,B000000147312,10000010012
2026-08-16,네일,80,르멘트,[NEW] 르멘트 큐티클 이지 오프 펜 1.6ml 단품/기획,https://www.oliveyoung.co.kr/store/goods/getGoodsDetail.do?goodsNo=A000000249692,https://image.oliveyoung.co.kr/cfimages/cf-goods/uploads/images/thumbnails/400/10/0000/0024/A00000024969201ko.jpg?l=ko,12000,10800,10.0,32,4.7,81,16,,,3,0,1,0,1,A000000249692,10000010012
2026-08-16,네일,81,팁토우,팁토우 시어 탑코트 네일 폴리쉬 3 Colors,https://www.oliveyoung.co.kr/store/goods/getGoodsDetail.do?goodsNo=A000000184637,https://image.oliveyoung.co.kr/cfimages/cf-goods/uploads/images/thumbnails/400/10/0000/0018/A00000018463714ko.png?l=ko,13000,11000,15.4,295,4.7,77,16,5,1,1,1,0,0,1,A000000184637,10000010012
2026-08-16,네일,82,젤로젤로,젤로젤로 셀프젤네일 프리미엄 컬러 젤네일 폴리쉬 중 택,https://www.oliveyoung.co.kr/store/goods/getGoodsDetail.do?goodsNo=B000000143901,https://image.oliveyoung.co.kr/cfimages/cf-goods/uploads/images/thumbnails/400/10/0000/0014/B00000014390106ko.jpg?l=ko,9800,9800,0.0,448,4.7,78,17,3,1,1,0,0,0,0,B000000143901,10000010012
2026-08-16,네일,83,포트레,포트레 네일 누보 젤탑&베이스 2종 택1,https://www.oliveyoung.co.kr/store/goods/getGoodsDetail.do?goodsNo=A000000212045,https://image.oliveyoung.co.kr/cfimages/cf-goods/uploads/images/thumbnails/400/10/0000/0021/A00000021204504ko.jpg?l=ko,15000,14250,5.0,188,4.8,83,12,3,,2,1,0,0,1,A000000212045,10000010012
2026-08-16,네일,84,르멘트,[2종 세트] 르멘트 큐티클 클리닉 듀오 (세럼 & 이지오프 펜),https://www.oliveyoung.co.kr/store/goods/getGoodsDetail.do?goodsNo=A000000251914,https://image.oliveyoung.co.kr/cfimages/cf-goods/uploads/images/thumbnails/400/10/0000/0025/A00000025191401ko.jpg?l=ko,29000,18850,35.0,12,4.8,83,8,8,,,0,1,0,1,A000000251914,10000010012
2026-08-16,네일,85,엣지유,[램프X/] 엣지유 샵젤 네일/페디 스티커 34종,https://www.oliveyoung.co.kr/store/goods/getGoodsDetail.do?goodsNo=A000000185823,https://image.oliveyoung.co.kr/cfimages/cf-goods/uploads/images/thumbnails/400/10/0000/0018/A00000018582346ko.jpg?l=ko,10000,8000,20.0,3633,4.5,76,11,6,2,4,1,0,0,1,A000000185823,10000010012
2026-08-16,네일,86,젤로젤로,젤로젤로 프리미엄 글리터 젤네일 폴리쉬,https://www.oliveyoung.co.kr/store/goods/getGoodsDetail.do?goodsNo=B000000147315,https://image.oliveyoung.co.kr/cfimages/cf-goods/uploads/images/thumbnails/400/10/0000/0014/B00000014731502ko.jpg?l=ko,9800,9800,0.0,69,4.7,80,14,3,1,1,0,0,0,0,B000000147315,10000010012
2026-08-16,네일,87,멘소래담,멘소래담 핸드베일 뷰티 프리미엄 리치네일 멀티팩,https://www.oliveyoung.co.kr/store/goods/getGoodsDetail.do?goodsNo=A000000230230,https://image.oliveyoung.co.kr/cfimages/cf-goods/uploads/images/thumbnails/400/10/0000/0023/A00000023023002ko.jpg?l=ko,18500,16600,10.3,23,5.0,96,4,,,,1,0,0,1,A000000230230,10000010012
2026-08-16,네일,88,데싱디바,[NEW] 데싱디바 네일 오일&앰플 2종,https://www.oliveyoung.co.kr/store/goods/getGoodsDetail.do?goodsNo=A000000263168,https://image.oliveyoung.co.kr/cfimages/cf-goods/uploads/images/thumbnails/400/10/0000/0026/A00000026316801ko.jpg?l=ko,16000,16000,0.0,0,0.0,,,,,,0,0,0,1,A000000263168,10000010012
2026-08-16,네일,89,오호라,[NEW] 오호라 투웨이 마그넷 스틱,https://www.oliveyoung.co.kr/store/goods/getGoodsDetail.do?goodsNo=A000000259809,https://image.oliveyoung.co.kr/cfimages/cf-goods/uploads/images/thumbnails/400/10/0000/0025/A00000025980902ko.jpg?l=ko,5000,4000,20.0,11,5.0,100,,,,,1,0,0,1,A000000259809,10000010012
2026-08-16,네일,90,위드샨,[영양/보호] 위드샨 루트 케어라인 15ml 3종,https://www.oliveyoung.co.kr/store/goods/getGoodsDetail.do?goodsNo=A000000208236,https://image.oliveyoung.co.kr/cfimages/cf-goods/uploads/images/thumbnails/400/10/0000/0020/A00000020823614ko.jpg?l=ko,12000,10800,10.0,121,4.7,81,12,6,2,,1,0,0,1,A000000208236,10000010012
2026-08-16,네일,91,핑거수트,핑거수트 프리미엄 파츠 빈티지 모브,https://www.oliveyoung.co.kr/store/goods/getGoodsDetail.do?goodsNo=A000000262653,https://image.oliveyoung.co.kr/cfimages/cf-goods/uploads/images/thumbnails/400/10/0000/0026/A00000026265334ko.jpg?l=ko,20800,10280,50.6,0,0.0,,,,,,1,1,0,1,A000000262653,10000010012
2026-08-16,네일,92,반디,[속수분앰플] 반디 네일큐어 네일 앰플 7ml,https://www.oliveyoung.co.kr/store/goods/getGoodsDetail.do?goodsNo=A000000240463,https://image.oliveyoung.co.kr/cfimages/cf-goods/uploads/images/thumbnails/400/10/0000/0024/A00000024046301ko.jpg?l=ko,15000,12000,20.0,105,4.8,87,9,4,,1,1,0,1,1,A000000240463,10000010012
2026-08-16,네일,93,셀리한센,셀리한센 트리플스트롱 13.3ml,https://www.oliveyoung.co.kr/store/goods/getGoodsDetail.do?goodsNo=A000000004734,https://image.oliveyoung.co.kr/cfimages/cf-goods/uploads/images/thumbnails/400/10/0000/0000/A00000000473403ko.jpg?l=ko,14500,14500,0.0,1141,4.6,74,18,6,1,1,0,0,0,1,A000000004734,10000010012
2026-08-16,네일,94,위드샨,위드샨 메가샤인탑코트 15ml,https://www.oliveyoung.co.kr/store/goods/getGoodsDetail.do?goodsNo=A000000164005,https://image.oliveyoung.co.kr/cfimages/cf-goods/uploads/images/thumbnails/400/10/0000/0016/A00000016400503ko.jpg?l=ko,9000,8730,3.0,378,4.5,70,19,7,2,3,1,0,0,1,A000000164005,10000010012
2026-08-16,네일,95,팁토우,[NEW] 팁토우 시럽 글리터 네일 폴리쉬 12 Colors,https://www.oliveyoung.co.kr/store/goods/getGoodsDetail.do?goodsNo=A000000184634,https://image.oliveyoung.co.kr/cfimages/cf-goods/uploads/images/thumbnails/400/10/0000/0018/A00000018463422ko.png?l=ko,16000,13600,15.0,1123,4.7,82,11,5,1,1,1,0,0,1,A000000184634,10000010012
2026-08-16,네일,96,데싱디바,[장원영픽] 데싱디바 매직프레스 스누피 네일/페디 6종,https://www.oliveyoung.co.kr/store/goods/getGoodsDetail.do?goodsNo=A000000230671,https://image.oliveyoung.co.kr/cfimages/cf-goods/uploads/images/thumbnails/400/10/0000/0023/A00000023067115ko.jpg?l=ko,12800,12800,0.0,336,4.8,83,14,3,0,0,0,0,0,1,A000000230671,10000010012
2026-08-16,네일,97,젤로젤로,젤로젤로 JF-BASE 픽서베이스젤,https://www.oliveyoung.co.kr/store/goods/getGoodsDetail.do?goodsNo=B000000143916,https://image.oliveyoung.co.kr/cfimages/cf-goods/uploads/images/thumbnails/400/10/0000/0014/B00000014391602ko.jpg?l=ko,12000,12000,0.0,81,4.8,86,10,1,,2,0,0,0,0,B000000143916,10000010012
2026-08-16,네일,98,디어러스,디어러스 젤 클렌저 100ml,https://www.oliveyoung.co.kr/store/goods/getGoodsDetail.do?goodsNo=A000000201182,https://image.oliveyoung.co.kr/cfimages/cf-goods/uploads/images/thumbnails/400/10/0000/0020/A00000020118202ko.jpg?l=ko,4900,4900,0.0,271,4.6,79,11,6,2,1,0,0,0,1,A000000201182,10000010012
2026-08-16,네일,99,위드샨,[강력/젤네일제거] 위드샨 슈퍼 네일 리무버 200ml,https://www.oliveyoung.co.kr/store/goods/getGoodsDetail.do?goodsNo=A000000166223,https://image.oliveyoung.co.kr/cfimages/cf-goods/uploads/images/thumbnails/400/10/0000/0016/A00000016622310ko.jpg?l=ko,6900,6760,2.0,372,4.7,84,9,5,1,1,1,0,0,1,A000000166223,10000010012
2026-08-16,네일,100,큐티클스,큐티클스 큐티클오일 15ml 6종 택1,https://www.oliveyoung.co.kr/store/goods/getGoodsDetail.do?goodsNo=A000000109390,https://image.oliveyoung.co.kr/cfimages/cf-goods/uploads/images/thumbnails/400/10/0000/0010/A00000010939010ko.jpg?l=ko,9800,9800,0.0,180,4.5,69,19,9,2,2,0,0,0,1,A000000109390,10000010012
2026-08-16,뷰티소품,1,코링코,[1등 속눈썹/또렷눈매] 코링코 톡톡하라 노글루 속눈썹 15종 택1,https://www.oliveyoung.co.kr/store/goods/getGoodsDetail.do?goodsNo=A000000213569,https://image.oliveyoung.co.kr/cfimages/cf-goods/uploads/images/thumbnails/400/10/0000/0021/A00000021356928ko.jpg?l=ko,22000,14900,32.3,18874,4.8,84,11,4,1,1,1,0,0,1,A000000213569,10000010006
2026-08-16,뷰티소품,2,스튜디오17,[NEW/SNS입소문템/5분홈스파] 스튜디오17 소프트 스크럽 샤워 글로브 2종 택1,https://www.oliveyoung.co.kr/store/goods/getGoodsDetail.do?goodsNo=A000000261661,https://image.oliveyoung.co.kr/cfimages/cf-goods/uploads/images/thumbnails/400/10/0000/0026/A00000026166103ko.jpg?l=ko,19000,12900,32.1,237,4.7,82,10,6,0,2,1,1,1,1,A000000261661,10000010006
2026-08-16,뷰티소품,3,필리밀리,[2025 어워즈1등] 필리밀리 히팅뷰러 골라담기 택 1,https://www.oliveyoung.co.kr/store/goods/getGoodsDetail.do?goodsNo=A000000189126,https://image.oliveyoung.co.kr/cfimages/cf-goods/uploads/images/thumbnails/400/10/0000/0018/A00000018912682ko.jpg?l=ko,22900,22900,0.0,27729,4.7,79,13,5,1,2,0,0,0,1,A000000189126,10000010006
2026-08-16,뷰티소품,4,필리밀리,[베스트퍼프모음] 필리밀리 퍼프 골라담기 택1,https://www.oliveyoung.co.kr/store/goods/getGoodsDetail.do?goodsNo=A000000247600,https://image.oliveyoung.co.kr/cfimages/cf-goods/uploads/images/thumbnails/400/10/0000/0024/A00000024760016ko.jpg?l=ko,5500,4900,10.9,27129,4.8,87,9,3,1,0,1,0,0,1,A000000247600,10000010006
2026-08-16,뷰티소품,5,에스쁘아,[1등 쿠션퍼프]에스쁘아 비글로우/비벨벳/실크 쿠션 퍼프5P/파우더 퍼프4P (4종 택1),https://www.oliveyoung.co.kr/store/goods/getGoodsDetail.do?goodsNo=A000000178556,https://image.oliveyoung.co.kr/cfimages/cf-goods/uploads/images/thumbnails/400/10/0000/0017/A00000017855624ko.jpg?l=ko,10000,8500,15.0,58674,4.8,87,9,3,0,0,0,1,0,1,A000000178556,10000010006
2026-08-16,뷰티소품,6,올리브영,올리브영 뷰티 데일리템 대용량 8종 택1,https://www.oliveyoung.co.kr/store/goods/getGoodsDetail.do?goodsNo=A000000237572,https://image.oliveyoung.co.kr/cfimages/cf-goods/uploads/images/thumbnails/400/10/0000/0023/A00000023757214ko.jpg?l=ko,7000,7000,0.0,26979,4.9,90,7,2,0,0,0,0,0,1,A000000237572,10000010006
2026-08-16,뷰티소품,7,필리밀리,[속눈썹 실패 걱정 끝] 필리밀리 속눈썹 골라담기 택1(포인트 가닥/노글루/컷팅/미들포인트/접착제),https://www.oliveyoung.co.kr/store/goods/getGoodsDetail.do?goodsNo=A000000219331,https://image.oliveyoung.co.kr/cfimages/cf-goods/uploads/images/thumbnails/400/10/0000/0021/A00000021933157ko.jpg?l=ko,11000,8200,25.5,28051,4.7,79,11,6,2,2,1,0,0,1,A000000219331,10000010006
2026-08-16,뷰티소품,8,피카소,[NEW/함경식 공동개발] 피카소 쿠션핏 빅 퍼프/스킨핏 미니 퍼프 4종 (쫀득/실키),https://www.oliveyoung.co.kr/store/goods/getGoodsDetail.do?goodsNo=A000000258356,https://image.oliveyoung.co.kr/cfimages/cf-goods/uploads/images/thumbnails/400/10/0000/0025/A00000025835609ko.jpg?l=ko,10000,6900,31.0,890,5.0,97,1,1,0,0,1,1,1,1,A000000258356,10000010006
2026-08-16,뷰티소품,9,필리밀리,[베스트구성] 필리밀리 브러시 세트 골라담기,https://www.oliveyoung.co.kr/store/goods/getGoodsDetail.do?goodsNo=A000000225250,https://image.oliveyoung.co.kr/cfimages/cf-goods/uploads/images/thumbnails/400/10/0000/0022/A00000022525043ko.jpg?l=ko,14000,14000,0.0,32903,4.8,87,10,3,0,0,0,0,0,1,A000000225250,10000010006
2026-08-16,뷰티소품,10,스튜디오17,[빨래판뚜껑/참숯클렌징] 스튜디오17 브러쉬&퍼프 클렌저,https://www.oliveyoung.co.kr/store/goods/getGoodsDetail.do?goodsNo=A000000184796,https://image.oliveyoung.co.kr/cfimages/cf-goods/uploads/images/thumbnails/400/10/0000/0018/A00000018479681ko.jpg?l=ko,11000,7920,28.0,25639,4.9,91,7,2,0,0,1,1,1,1,A000000184796,10000010006
2026-08-16,뷰티소품,11,더툴랩,[1등 퍼프] 더툴랩 프리미엄 퍼프 모음(기획/단품),https://www.oliveyoung.co.kr/store/goods/getGoodsDetail.do?goodsNo=A000000180955,https://image.oliveyoung.co.kr/cfimages/cf-goods/uploads/images/thumbnails/400/10/0000/0018/A000000180955231ko.jpg?l=ko,13000,12350,5.0,15730,4.7,83,11,4,1,1,1,0,1,1,A000000180955,10000010006
2026-08-16,뷰티소품,12,올리브영,[수건대용/순면100%]올리브영 페이스타월 3종(단품/더블기획/빅페이스),https://www.oliveyoung.co.kr/store/goods/getGoodsDetail.do?goodsNo=A000000241678,https://image.oliveyoung.co.kr/cfimages/cf-goods/uploads/images/thumbnails/400/10/0000/0024/A00000024167811ko.jpg?l=ko,5000,5000,0.0,13672,4.8,88,9,3,0,0,0,0,0,1,A000000241678,10000010006
2026-08-16,뷰티소품,13,시세이도,시세이도 아이래쉬컬러 컬링 뷰러,https://www.oliveyoung.co.kr/store/goods/getGoodsDetail.do?goodsNo=A000000005500,https://image.oliveyoung.co.kr/cfimages/cf-goods/uploads/images/thumbnails/400/10/0000/0000/A00000000550018ko.jpg?l=ko,18000,17000,5.6,25002,4.8,84,10,4,1,1,1,0,0,1,A000000005500,10000010006
2026-08-16,뷰티소품,14,시루콧토,[NEW] 시루콧토 페이셜 타월 40P,https://www.oliveyoung.co.kr/store/goods/getGoodsDetail.do?goodsNo=A000000192853,https://image.oliveyoung.co.kr/cfimages/cf-goods/uploads/images/thumbnails/400/10/0000/0019/A00000019285313ko.jpg?l=ko,6500,4400,32.3,14678,4.9,92,6,1,0,0,1,1,1,1,A000000192853,10000010006
2026-08-16,뷰티소품,15,필리밀리,필리밀리 베이스 메이크업 브러시 20종 택1(파운데이션/블러셔/컨실러/쉐딩/하이라이터/파우더),https://www.oliveyoung.co.kr/store/goods/getGoodsDetail.do?goodsNo=A000000207921,https://image.oliveyoung.co.kr/cfimages/cf-goods/uploads/images/thumbnails/400/10/0000/0020/A00000020792116ko.jpg?l=ko,6500,6500,0.0,2608,4.7,82,11,5,1,1,0,0,0,1,A000000207921,10000010006
2026-08-16,뷰티소품,16,스튜디오17,[희소PICK/올인원키트출시] 스튜디오17 팡팡 퍼프 시리즈 3종 중 택 1,https://www.oliveyoung.co.kr/store/goods/getGoodsDetail.do?goodsNo=A000000247488,https://image.oliveyoung.co.kr/cfimages/cf-goods/uploads/images/thumbnails/400/10/0000/0024/A00000024748819ko.jpg?l=ko,16800,13390,20.3,19400,4.9,89,8,2,0,0,1,1,1,1,A000000247488,10000010006
2026-08-16,뷰티소품,17,바닐라코,[NEW/베이비몬스터 PICK] 바닐라코 컬리 스튜디오 노글루 아이래쉬 5종 택1,https://www.oliveyoung.co.kr/store/goods/getGoodsDetail.do?goodsNo=A000000247245,https://image.oliveyoung.co.kr/cfimages/cf-goods/uploads/images/thumbnails/400/10/0000/0024/A00000024724597ko.jpg?l=ko,20000,14000,30.0,3268,4.8,89,7,3,0,1,1,0,0,1,A000000247245,10000010006
2026-08-16,뷰티소품,18,올리브영,올리브영 순면화장솜 100매,https://www.oliveyoung.co.kr/store/goods/getGoodsDetail.do?goodsNo=A000000235187,https://image.oliveyoung.co.kr/cfimages/cf-goods/uploads/images/thumbnails/400/10/0000/0023/A00000023518701ko.jpg?l=ko,1000,1000,0.0,21406,4.9,90,7,2,0,0,0,0,0,1,A000000235187,10000010006
2026-08-16,뷰티소품,19,필리밀리,[용도별 브러시PICK] 필리밀리 메이크업 브러시 골라담기 9종 택1,https://www.oliveyoung.co.kr/store/goods/getGoodsDetail.do?goodsNo=A000000176552,https://image.oliveyoung.co.kr/cfimages/cf-goods/uploads/images/thumbnails/400/10/0000/0017/A00000017655212ko.jpg?l=ko,5000,4500,10.0,36996,4.8,84,11,4,0,0,1,0,0,1,A000000176552,10000010006
2026-08-16,뷰티소품,20,시루콧토,시루콧토 우루우루 40매 4개입/ 7개입 기획 택 1,https://www.oliveyoung.co.kr/store/goods/getGoodsDetail.do?goodsNo=A000000152653,https://image.oliveyoung.co.kr/cfimages/cf-goods/uploads/images/thumbnails/400/10/0000/0015/A00000015265304ko.jpg?l=ko,12900,10900,15.5,21401,4.9,91,7,1,0,0,1,0,1,1,A000000152653,10000010006
2026-08-16,뷰티소품,21,깜빡,[신규 디자인 출시] 깜빡 노글루 속눈썹 12종 택 1 (기획/단품),https://www.oliveyoung.co.kr/store/goods/getGoodsDetail.do?goodsNo=A000000228549,https://image.oliveyoung.co.kr/cfimages/cf-goods/uploads/images/thumbnails/400/10/0000/0022/A00000022854925ko.jpg?l=ko,17000,12800,24.7,1309,4.7,83,11,5,1,1,1,0,0,1,A000000228549,10000010006
2026-08-16,뷰티소품,22,피카소,[올리브영 단독기획] 피카소 메이크업 스파츌라 한정 에디션 (2종 중 택1),https://www.oliveyoung.co.kr/store/goods/getGoodsDetail.do?goodsNo=A000000200242,https://image.oliveyoung.co.kr/cfimages/cf-goods/uploads/images/thumbnails/400/10/0000/0020/A00000020024230ko.jpg?l=ko,19000,14160,25.5,24687,4.8,85,11,3,0,0,1,1,1,1,A000000200242,10000010006
2026-08-16,뷰티소품,23,시루콧토,[대용량 기획] 시루콧토 페이셜타월40매 X 3입 기획,https://www.oliveyoung.co.kr/store/goods/getGoodsDetail.do?goodsNo=A000000206013,https://image.oliveyoung.co.kr/cfimages/cf-goods/uploads/images/thumbnails/400/10/0000/0020/A00000020601310ko.jpg?l=ko,15900,13100,17.6,1892,4.9,94,5,1,,0,1,1,1,1,A000000206013,10000010006
2026-08-16,뷰티소품,24,필리밀리,[2025 어워즈 수상] 필리밀리 아이브러시 프로컬렉션(5종) 단품/기획,https://www.oliveyoung.co.kr/store/goods/getGoodsDetail.do?goodsNo=A000000164840,https://image.oliveyoung.co.kr/cfimages/cf-goods/uploads/images/thumbnails/400/10/0000/0016/A00000016484065ko.jpg?l=ko,28000,22900,18.2,17029,4.8,87,10,3,0,0,1,0,0,1,A000000164840,10000010006
2026-08-16,뷰티소품,25,저스트썸띵,[NEW디자인] 저스트썸띵 마이타입 노글루 속눈썹 6종 중 택1 (가닥/올영 단독 컬러),https://www.oliveyoung.co.kr/store/goods/getGoodsDetail.do?goodsNo=A000000233226,https://image.oliveyoung.co.kr/cfimages/cf-goods/uploads/images/thumbnails/400/10/0000/0023/A00000023322646ko.jpg?l=ko,18000,13500,25.0,3799,4.8,85,10,3,1,2,1,0,0,1,A000000233226,10000010006
2026-08-16,뷰티소품,26,올리브영,올리브영 단면누드쌍꺼풀테이프 44개,https://www.oliveyoung.co.kr/store/goods/getGoodsDetail.do?goodsNo=A000000236470,https://image.oliveyoung.co.kr/cfimages/cf-goods/uploads/images/thumbnails/400/10/0000/0023/A00000023647003ko.jpg?l=ko,1000,1000,0.0,10038,4.8,86,8,4,1,1,0,0,0,1,A000000236470,10000010006
2026-08-16,뷰티소품,27,올리브영,올리브영 실키화장솜 80매,https://www.oliveyoung.co.kr/store/goods/getGoodsDetail.do?goodsNo=A000000235189,https://image.oliveyoung.co.kr/cfimages/cf-goods/uploads/images/thumbnails/400/10/0000/0023/A00000023518901ko.jpg?l=ko,2000,2000,0.0,10609,4.9,91,6,3,0,0,0,0,0,1,A000000235189,10000010006
2026-08-16,뷰티소품,28,필리밀리,필리밀리 열판 롤 브러시 3종 택 1 (40mm/50mm/65mm),https://www.oliveyoung.co.kr/store/goods/getGoodsDetail.do?goodsNo=A000000182618,https://image.oliveyoung.co.kr/cfimages/cf-goods/uploads/images/thumbnails/400/10/0000/0018/A00000018261818ko.jpg?l=ko,12000,10800,10.0,13715,4.8,84,12,4,0,0,1,0,0,1,A000000182618,10000010006
2026-08-16,뷰티소품,29,필리밀리,필리밀리 미니 스파츌라 브러시 828,https://www.oliveyoung.co.kr/store/goods/getGoodsDetail.do?goodsNo=A000000209108,https://image.oliveyoung.co.kr/cfimages/cf-goods/uploads/images/thumbnails/400/10/0000/0020/A00000020910827ko.jpg?l=ko,10900,10900,0.0,4530,4.8,84,12,4,1,0,0,0,0,1,A000000209108,10000010006
2026-08-16,뷰티소품,30,올리브영,올리브영 슬림헤드눈썹칼 2개_by KAI,https://www.oliveyoung.co.kr/store/goods/getGoodsDetail.do?goodsNo=A000000238817,https://image.oliveyoung.co.kr/cfimages/cf-goods/uploads/images/thumbnails/400/10/0000/0023/A00000023881701ko.jpg?l=ko,2000,2000,0.0,6061,4.9,91,7,2,0,0,0,0,0,1,A000000238817,10000010006
2026-08-16,뷰티소품,31,키스미,[기획&단품] 키스미 퍼펙트 투 핸들 아이래시 컬러 (뷰러),https://www.oliveyoung.co.kr/store/goods/getGoodsDetail.do?goodsNo=A000000162934,https://image.oliveyoung.co.kr/cfimages/cf-goods/uploads/images/thumbnails/400/10/0000/0016/A00000016293471ko.png?l=ko,15000,13500,10.0,8698,4.7,79,13,6,1,1,1,0,1,1,A000000162934,10000010006
2026-08-16,뷰티소품,32,스튜디오17,스튜디오17 베스트 아이템 구성(8종 중 택 1),https://www.oliveyoung.co.kr/store/goods/getGoodsDetail.do?goodsNo=A000000227780,https://image.oliveyoung.co.kr/cfimages/cf-goods/uploads/images/thumbnails/400/10/0000/0022/A00000022778026ko.jpg?l=ko,9000,8160,9.3,51307,4.9,89,8,2,0,0,0,1,1,1,A000000227780,10000010006
2026-08-16,뷰티소품,33,스튜디오17,스튜디오17 브러쉬-핏 핑거 퍼프 5P,https://www.oliveyoung.co.kr/store/goods/getGoodsDetail.do?goodsNo=A000000222337,https://image.oliveyoung.co.kr/cfimages/cf-goods/uploads/images/thumbnails/400/10/0000/0022/A00000022233701ko.jpg?l=ko,10000,5850,41.5,311,4.8,82,13,5,1,,1,1,1,1,A000000222337,10000010006
2026-08-16,뷰티소품,34,피카소,피카소 꼴레지오니 207A / 221 아이섀도우 브러쉬 (2종 중 택1),https://www.oliveyoung.co.kr/store/goods/getGoodsDetail.do?goodsNo=A000000208679,https://image.oliveyoung.co.kr/cfimages/cf-goods/uploads/images/thumbnails/400/10/0000/0020/A00000020867909ko.jpg?l=ko,13000,11900,8.5,1508,4.8,86,10,4,1,1,1,0,1,1,A000000208679,10000010006
2026-08-16,뷰티소품,35,필리밀리,필리밀리 사선라이너브러시535,https://www.oliveyoung.co.kr/store/goods/getGoodsDetail.do?goodsNo=A000000229646,https://image.oliveyoung.co.kr/cfimages/cf-goods/uploads/images/thumbnails/400/10/0000/0022/A00000022964603ko.jpg?l=ko,5000,5000,0.0,7409,4.8,86,10,3,0,0,0,0,0,1,A000000229646,10000010006
2026-08-16,뷰티소품,36,리터니티,[박지현PICK/올영어워즈] 리터니티 이어테라피,https://www.oliveyoung.co.kr/store/goods/getGoodsDetail.do?goodsNo=A000000225024,https://image.oliveyoung.co.kr/cfimages/cf-goods/uploads/images/thumbnails/400/10/0000/0022/A00000022502461ko.png?l=ko,15000,11400,24.0,7301,4.7,84,10,4,1,1,1,0,0,1,A000000225024,10000010006
2026-08-16,뷰티소품,37,필리밀리,[샵퀄리티] 필리밀리 포인트 가닥 속눈썹 5종 택1,https://www.oliveyoung.co.kr/store/goods/getGoodsDetail.do?goodsNo=A000000214790,https://image.oliveyoung.co.kr/cfimages/cf-goods/uploads/images/thumbnails/400/10/0000/0021/A00000021479080ko.jpg?l=ko,8900,8900,0.0,16950,4.7,80,12,6,1,2,0,0,0,1,A000000214790,10000010006
2026-08-16,뷰티소품,38,필리밀리,필리밀리 코렉터 브러시 3종 택1,https://www.oliveyoung.co.kr/store/goods/getGoodsDetail.do?goodsNo=A000000229648,https://image.oliveyoung.co.kr/cfimages/cf-goods/uploads/images/thumbnails/400/10/0000/0022/A00000022964811ko.jpg?l=ko,6500,6500,0.0,27400,4.8,82,12,4,1,1,0,0,0,1,A000000229648,10000010006
2026-08-16,뷰티소품,39,닥터지,"[피지조절/저자극] 닥터지 레드 블레미쉬 오일 컨트롤 페이퍼 70매 2종 (단품,더블 기획)",https://www.oliveyoung.co.kr/store/goods/getGoodsDetail.do?goodsNo=A000000135363,https://image.oliveyoung.co.kr/cfimages/cf-goods/uploads/images/thumbnails/400/10/0000/0013/A00000013536305ko.jpg?l=ko,5000,4200,16.0,19415,4.9,90,8,2,0,0,1,0,0,1,A000000135363,10000010006
2026-08-16,뷰티소품,40,필리밀리,[손쉽게완성] 필리밀리 노글루 포인트 가닥 속눈썹 골라담기 택1,https://www.oliveyoung.co.kr/store/goods/getGoodsDetail.do?goodsNo=A000000225273,https://image.oliveyoung.co.kr/cfimages/cf-goods/uploads/images/thumbnails/400/10/0000/0022/A00000022527354ko.jpg?l=ko,11000,8200,25.5,5302,4.5,74,14,8,2,2,1,0,0,1,A000000225273,10000010006
2026-08-16,뷰티소품,41,크리스마,크리스마 코튼 3종 모음 (페이스타올/화장솜),https://www.oliveyoung.co.kr/store/goods/getGoodsDetail.do?goodsNo=A000000174218,https://image.oliveyoung.co.kr/cfimages/cf-goods/uploads/images/thumbnails/400/10/0000/0017/A00000017421808ko.jpg?l=ko,5900,5300,10.2,9198,4.9,89,9,2,0,0,1,1,0,1,A000000174218,10000010006
2026-08-16,뷰티소품,42,올리브영,올리브영 양면쌍꺼풀테이프 44개,https://www.oliveyoung.co.kr/store/goods/getGoodsDetail.do?goodsNo=A000000236458,https://image.oliveyoung.co.kr/cfimages/cf-goods/uploads/images/thumbnails/400/10/0000/0023/A00000023645801ko.jpg?l=ko,1000,1000,0.0,10671,4.8,87,8,3,1,1,0,0,0,1,A000000236458,10000010006
2026-08-16,뷰티소품,43,올리브영,올리브영 다겹분리무표백순면화장솜 80매,https://www.oliveyoung.co.kr/store/goods/getGoodsDetail.do?goodsNo=A000000236618,https://image.oliveyoung.co.kr/cfimages/cf-goods/uploads/images/thumbnails/400/10/0000/0023/A00000023661801ko.jpg?l=ko,3000,3000,0.0,3052,4.9,89,8,2,0,0,0,0,0,1,A000000236618,10000010006
2026-08-16,뷰티소품,44,스튜디오17,[기본필수템] 스튜디오17 아이메이크업 브러쉬 세트,https://www.oliveyoung.co.kr/store/goods/getGoodsDetail.do?goodsNo=A000000169835,https://image.oliveyoung.co.kr/cfimages/cf-goods/uploads/images/thumbnails/400/10/0000/0016/A00000016983534ko.jpg?l=ko,12900,9810,24.0,7281,4.8,87,10,3,0,0,1,1,1,1,A000000169835,10000010006
2026-08-16,뷰티소품,45,갸스비,[5년연속 1위] 갸스비 파우더 타입 기름종이 70매,https://www.oliveyoung.co.kr/store/goods/getGoodsDetail.do?goodsNo=A000000001422,https://image.oliveyoung.co.kr/cfimages/cf-goods/uploads/images/thumbnails/400/10/0000/0000/A00000000142217ko.png?l=ko,4600,3600,21.7,17099,4.9,90,8,2,0,0,1,0,1,1,A000000001422,10000010006
2026-08-16,뷰티소품,46,갸스비,갸스비 기름종이 필름 타입 70매+70매,https://www.oliveyoung.co.kr/store/goods/getGoodsDetail.do?goodsNo=A000000001425,https://image.oliveyoung.co.kr/cfimages/cf-goods/uploads/images/thumbnails/400/10/0000/0000/A00000000142514ko.jpg?l=ko,8600,5800,32.6,11187,4.9,88,9,2,0,0,1,0,1,1,A000000001425,10000010006
2026-08-16,뷰티소품,47,정샘물,[1등쿠션퍼프/쫀쫀착붙] 정샘물 쿠션 퍼프 3종,https://www.oliveyoung.co.kr/store/goods/getGoodsDetail.do?goodsNo=A000000197280,https://image.oliveyoung.co.kr/cfimages/cf-goods/uploads/images/thumbnails/400/10/0000/0019/A00000019728011ko.jpg?l=ko,5000,5000,0.0,7671,4.9,90,7,2,0,0,0,0,0,1,A000000197280,10000010006
2026-08-16,뷰티소품,48,카이,KAI 눈썹면도기3입_(눈썹칼),https://www.oliveyoung.co.kr/store/goods/getGoodsDetail.do?goodsNo=A000000001457,https://image.oliveyoung.co.kr/cfimages/cf-goods/uploads/images/thumbnails/400/10/0000/0000/A00000000145706ko.jpg?l=ko,3500,3500,0.0,15701,4.8,89,8,2,0,0,0,0,0,1,A000000001457,10000010006
2026-08-16,뷰티소품,49,필리밀리,[리필출시] 필리밀리 팩트형 단면 쌍꺼풀 테이프 2종 택1 (슬림라인/부분라인),https://www.oliveyoung.co.kr/store/goods/getGoodsDetail.do?goodsNo=A000000233491,https://image.oliveyoung.co.kr/cfimages/cf-goods/uploads/images/thumbnails/400/10/0000/0023/A00000023349105ko.jpg?l=ko,8500,7900,7.1,5073,4.6,76,12,8,2,3,1,0,0,1,A000000233491,10000010006
2026-08-16,뷰티소품,50,올리브영,올리브영 정교한 족집게,https://www.oliveyoung.co.kr/store/goods/getGoodsDetail.do?goodsNo=A000000242060,https://image.oliveyoung.co.kr/cfimages/cf-goods/uploads/images/thumbnails/400/10/0000/0024/A00000024206001ko.jpg?l=ko,1000,1000,0.0,6681,4.8,90,7,2,1,1,0,0,0,1,A000000242060,10000010006
2026-08-16,뷰티소품,51,데싱디바,[NEW/장원영픽] 데싱디바 원젤 (컬러/마그네틱) & 케어/툴 34종,https://www.oliveyoung.co.kr/store/goods/getGoodsDetail.do?goodsNo=A000000220686,https://image.oliveyoung.co.kr/cfimages/cf-goods/uploads/images/thumbnails/400/10/0000/0022/A00000022068655ko.jpg?l=ko,12000,9720,19.0,1619,4.6,80,10,6,2,2,0,1,0,1,A000000220686,10000010006
2026-08-16,뷰티소품,52,바디바,"[여름필수템] 바디바 이어스틱(이어 홀 클리너, 딥클렌징) 60개입",https://www.oliveyoung.co.kr/store/goods/getGoodsDetail.do?goodsNo=A000000180507,https://image.oliveyoung.co.kr/cfimages/cf-goods/uploads/images/thumbnails/400/10/0000/0018/A00000018050750ko.jpg?l=ko,14500,13400,7.6,5552,4.6,74,15,7,2,2,1,1,0,1,A000000180507,10000010006
2026-08-16,뷰티소품,53,스튜디오17,[전용파우치구성] 스튜디오17 포터블 메이크업 브러쉬 세트 (+파우치 증정),https://www.oliveyoung.co.kr/store/goods/getGoodsDetail.do?goodsNo=A000000189385,https://image.oliveyoung.co.kr/cfimages/cf-goods/uploads/images/thumbnails/400/10/0000/0018/A00000018938515ko.jpg?l=ko,19900,15900,20.1,1930,4.8,87,10,3,0,0,0,1,1,1,A000000189385,10000010006
2026-08-16,뷰티소품,54,화홍엠,[유튜버 추천템] 화홍엠 컨실러 브러쉬 2종 택1,https://www.oliveyoung.co.kr/store/goods/getGoodsDetail.do?goodsNo=A000000208838,https://image.oliveyoung.co.kr/cfimages/cf-goods/uploads/images/thumbnails/400/10/0000/0020/A00000020883816ko.jpg?l=ko,14000,12600,10.0,3824,4.8,85,11,3,0,0,1,0,0,1,A000000208838,10000010006
2026-08-16,뷰티소품,55,필리밀리,필리밀리 퍼프 단품 골라담기 택 1(1개입/2개입/3개입),https://www.oliveyoung.co.kr/store/goods/getGoodsDetail.do?goodsNo=A000000226557,https://image.oliveyoung.co.kr/cfimages/cf-goods/uploads/images/thumbnails/400/10/0000/0022/A00000022655707ko.jpg?l=ko,5000,4600,8.0,2885,4.8,86,9,4,1,1,1,0,0,1,A000000226557,10000010006
2026-08-16,뷰티소품,56,라네즈,[볼륨컬링] 라네즈 아이래시 컬러 C컬 뷰러,https://www.oliveyoung.co.kr/store/goods/getGoodsDetail.do?goodsNo=A000000138156,https://image.oliveyoung.co.kr/cfimages/cf-goods/uploads/images/thumbnails/400/10/0000/0013/A00000013815611ko.jpg?l=ko,15000,12700,15.3,12641,4.7,77,15,6,1,1,1,0,0,1,A000000138156,10000010006
2026-08-16,뷰티소품,57,올리브영,올리브영 듀얼라운드화장솜 60매,https://www.oliveyoung.co.kr/store/goods/getGoodsDetail.do?goodsNo=A000000235422,https://image.oliveyoung.co.kr/cfimages/cf-goods/uploads/images/thumbnails/400/10/0000/0023/A00000023542201ko.jpg?l=ko,3000,3000,0.0,2304,4.8,88,9,2,0,1,0,0,0,1,A000000235422,10000010006
2026-08-16,뷰티소품,58,필리밀리,필리밀리 샴푸 바디 브러시&샤워 용품 7종 택1,https://www.oliveyoung.co.kr/store/goods/getGoodsDetail.do?goodsNo=A000000171409,https://image.oliveyoung.co.kr/cfimages/cf-goods/uploads/images/thumbnails/400/10/0000/0017/A00000017140908ko.jpg?l=ko,7500,4900,34.7,9989,4.8,84,11,4,1,1,1,1,0,1,A000000171409,10000010006
2026-08-16,뷰티소품,59,올리브영,올리브영 늘어나는화장솜 90매,https://www.oliveyoung.co.kr/store/goods/getGoodsDetail.do?goodsNo=A000000235197,https://image.oliveyoung.co.kr/cfimages/cf-goods/uploads/images/thumbnails/400/10/0000/0023/A00000023519701ko.jpg?l=ko,3000,3000,0.0,5692,4.7,81,12,5,1,1,0,0,0,1,A000000235197,10000010006
2026-08-16,뷰티소품,60,코링코,[속눈썹맛집/1등속눈썹] 코링코 노글루/가닥/하프 속눈썹 중 택1,https://www.oliveyoung.co.kr/store/goods/getGoodsDetail.do?goodsNo=A000000220733,https://image.oliveyoung.co.kr/cfimages/cf-goods/uploads/images/thumbnails/400/10/0000/0022/A00000022073311ko.jpg?l=ko,20000,20000,0.0,37594,4.8,83,11,4,1,1,0,0,0,1,A000000220733,10000010006
2026-08-16,뷰티소품,61,올리브영,올리브영 부드러운 샤워볼,https://www.oliveyoung.co.kr/store/goods/getGoodsDetail.do?goodsNo=A000000232576,https://image.oliveyoung.co.kr/cfimages/cf-goods/uploads/images/thumbnails/400/10/0000/0023/A00000023257601ko.jpg?l=ko,1000,1000,0.0,9071,4.9,91,6,2,0,0,0,0,0,1,A000000232576,10000010006
2026-08-16,뷰티소품,62,필리밀리,필리밀리 매끈밀착퍼프 5P,https://www.oliveyoung.co.kr/store/goods/getGoodsDetail.do?goodsNo=A000000232427,https://image.oliveyoung.co.kr/cfimages/cf-goods/uploads/images/thumbnails/400/10/0000/0023/A00000023242701ko.jpg?l=ko,9500,8500,10.5,3885,4.7,81,12,5,1,1,1,0,0,1,A000000232427,10000010006
2026-08-16,뷰티소품,63,필리밀리,[8월올영픽] 필리밀리 세라믹 바디 괄사(+파우치 포함),https://www.oliveyoung.co.kr/store/goods/getGoodsDetail.do?goodsNo=A000000231122,https://image.oliveyoung.co.kr/cfimages/cf-goods/uploads/images/thumbnails/400/10/0000/0023/A00000023112205ko.jpg?l=ko,18900,16900,10.6,3127,4.8,84,11,3,0,0,1,1,0,1,A000000231122,10000010006
2026-08-16,뷰티소품,64,필리밀리,필리밀리 엉킴없는샴푸브러시,https://www.oliveyoung.co.kr/store/goods/getGoodsDetail.do?goodsNo=A000000249486,https://image.oliveyoung.co.kr/cfimages/cf-goods/uploads/images/thumbnails/400/10/0000/0024/A00000024948601ko.jpg?l=ko,7500,4900,34.7,1411,4.8,84,9,4,1,1,1,1,0,1,A000000249486,10000010006
2026-08-16,뷰티소품,65,투쿨포스쿨,투쿨포스쿨 피니쉬 세팅 오일 페이퍼 (본품+리필 / 리필+리필),https://www.oliveyoung.co.kr/store/goods/getGoodsDetail.do?goodsNo=A000000143365,https://image.oliveyoung.co.kr/cfimages/cf-goods/uploads/images/thumbnails/400/10/0000/0014/A00000014336508ko.png?l=ko,8500,7500,11.8,16388,4.8,84,11,3,1,0,1,0,0,1,A000000143365,10000010006
2026-08-16,뷰티소품,66,올리브영,올리브영 1/2화장솜 80매,https://www.oliveyoung.co.kr/store/goods/getGoodsDetail.do?goodsNo=A000000236326,https://image.oliveyoung.co.kr/cfimages/cf-goods/uploads/images/thumbnails/400/10/0000/0023/A00000023632601ko.jpg?l=ko,3000,3000,0.0,3872,4.9,91,7,2,0,0,0,0,0,1,A000000236326,10000010006
2026-08-16,뷰티소품,67,올리브영,올리브영 엠보싱면봉 140개,https://www.oliveyoung.co.kr/store/goods/getGoodsDetail.do?goodsNo=A000000235429,https://image.oliveyoung.co.kr/cfimages/cf-goods/uploads/images/thumbnails/400/10/0000/0023/A00000023542901ko.jpg?l=ko,2000,2000,0.0,3001,4.8,87,9,3,1,1,0,0,0,1,A000000235429,10000010006
2026-08-16,뷰티소품,68,올리브영,올리브영 순한비건면봉 600개,https://www.oliveyoung.co.kr/store/goods/getGoodsDetail.do?goodsNo=A000000235190,https://image.oliveyoung.co.kr/cfimages/cf-goods/uploads/images/thumbnails/400/10/0000/0023/A00000023519001ko.jpg?l=ko,4000,4000,0.0,50945,4.8,85,10,4,1,1,0,0,0,1,A000000235190,10000010006
2026-08-16,뷰티소품,69,올리브영,올리브영 안전눈썹칼 2개,https://www.oliveyoung.co.kr/store/goods/getGoodsDetail.do?goodsNo=A000000238666,https://image.oliveyoung.co.kr/cfimages/cf-goods/uploads/images/thumbnails/400/10/0000/0023/A00000023866601ko.jpg?l=ko,1000,1000,0.0,8829,4.9,91,7,2,0,0,0,0,0,1,A000000238666,10000010006
2026-08-16,뷰티소품,70,피카소,피카소 라텍스 스퀘어 메이크업 스펀지 6P/20p/리필,https://www.oliveyoung.co.kr/store/goods/getGoodsDetail.do?goodsNo=A000000175289,https://image.oliveyoung.co.kr/cfimages/cf-goods/uploads/images/thumbnails/400/10/0000/0017/A00000017528908ko.jpg?l=ko,13000,13000,0.0,3881,4.7,81,12,5,1,1,0,0,1,1,A000000175289,10000010006
2026-08-16,뷰티소품,71,올리브영,올리브영 비건페이스타월 85매 트리플기획,https://www.oliveyoung.co.kr/store/goods/getGoodsDetail.do?goodsNo=A000000263868,https://image.oliveyoung.co.kr/cfimages/cf-goods/uploads/images/thumbnails/400/10/0000/0026/A00000026386801ko.jpg?l=ko,9000,9000,0.0,14655,4.8,88,9,3,0,0,0,0,0,1,A000000263868,10000010006
2026-08-16,뷰티소품,72,카이,KAI 미니눈썹칼 3입,https://www.oliveyoung.co.kr/store/goods/getGoodsDetail.do?goodsNo=A000000001455,https://image.oliveyoung.co.kr/cfimages/cf-goods/uploads/images/thumbnails/400/10/0000/0000/A00000000145511ko.jpg?l=ko,3000,3000,0.0,25234,4.8,88,8,2,0,0,0,0,0,1,A000000001455,10000010006
2026-08-16,뷰티소품,73,필리밀리,[실버글리치 에디션 출시] 필리밀리 아이메이크업 브러시키트(6종) 단품/기획,https://www.oliveyoung.co.kr/store/goods/getGoodsDetail.do?goodsNo=A000000223753,https://image.oliveyoung.co.kr/cfimages/cf-goods/uploads/images/thumbnails/400/10/0000/0022/A00000022375315ko.jpg?l=ko,14000,14000,0.0,24954,4.8,86,11,3,0,0,0,0,0,1,A000000223753,10000010006
2026-08-16,뷰티소품,74,올리브영,올리브영 듀얼면봉 200개,https://www.oliveyoung.co.kr/store/goods/getGoodsDetail.do?goodsNo=A000000235341,https://image.oliveyoung.co.kr/cfimages/cf-goods/uploads/images/thumbnails/400/10/0000/0023/A00000023534101ko.jpg?l=ko,2000,2000,0.0,23667,4.8,86,10,3,0,0,0,0,0,1,A000000235341,10000010006
2026-08-16,뷰티소품,75,바닐라코,[파데찰떡궁합] 바닐라코 촉촉/촘촘 카스텔라 퍼프 6개입 2종 택1,https://www.oliveyoung.co.kr/store/goods/getGoodsDetail.do?goodsNo=A000000183024,https://image.oliveyoung.co.kr/cfimages/cf-goods/uploads/images/thumbnails/400/10/0000/0018/A00000018302406ko.png?l=ko,5000,4500,10.0,5028,4.8,85,10,4,1,1,0,1,0,1,A000000183024,10000010006
2026-08-16,뷰티소품,76,피카소,[매끈결광/베이스착붙템] 피카소 FB11 스파츌라 브러쉬,https://www.oliveyoung.co.kr/store/goods/getGoodsDetail.do?goodsNo=A000000200241,https://image.oliveyoung.co.kr/cfimages/cf-goods/uploads/images/thumbnails/400/10/0000/0020/A00000020024140ko.jpg?l=ko,37000,37000,0.0,2272,4.8,84,11,4,1,0,0,0,1,1,A000000200241,10000010006
2026-08-16,뷰티소품,77,더툴랩,[툴세척템] 더툴랩 툴 클렌저 3종(툴 클렌징 솝/클렌징 티슈/브러쉬 클렌저),https://www.oliveyoung.co.kr/store/goods/getGoodsDetail.do?goodsNo=A000000210096,https://image.oliveyoung.co.kr/cfimages/cf-goods/uploads/images/thumbnails/400/10/0000/0021/A00000021009689ko.jpg?l=ko,14000,11060,21.0,2814,4.8,84,11,4,1,1,0,1,1,1,A000000210096,10000010006
2026-08-16,뷰티소품,78,깜빡,[누적판매 420만개] 깜빡 오리지널 속눈썹 21종 택1,https://www.oliveyoung.co.kr/store/goods/getGoodsDetail.do?goodsNo=A000000189991,https://image.oliveyoung.co.kr/cfimages/cf-goods/uploads/images/thumbnails/400/10/0000/0018/A00000018999143ko.jpg?l=ko,7400,7400,0.0,4236,4.8,85,11,4,1,0,0,0,0,1,A000000189991,10000010006
2026-08-16,뷰티소품,79,일소,[피지순삭] 일소 딥 클린 마스터 (블랙헤드 제거기),https://www.oliveyoung.co.kr/store/goods/getGoodsDetail.do?goodsNo=A000000207822,https://image.oliveyoung.co.kr/cfimages/cf-goods/uploads/images/thumbnails/400/10/0000/0020/A00000020782294ko.jpg?l=ko,7900,7500,5.1,24437,4.8,86,10,4,1,1,1,0,0,1,A000000207822,10000010006
2026-08-16,뷰티소품,80,필리밀리,필리밀리 듀얼 메이크업 스파츌라,https://www.oliveyoung.co.kr/store/goods/getGoodsDetail.do?goodsNo=A000000238729,https://image.oliveyoung.co.kr/cfimages/cf-goods/uploads/images/thumbnails/400/10/0000/0023/A00000023872905ko.jpg?l=ko,12000,10800,10.0,5748,4.8,85,12,3,0,0,0,1,0,1,A000000238729,10000010006
2026-08-16,뷰티소품,81,투쿨포스쿨,투쿨포스쿨 프로타주 펜슬 샤프너 12mm,https://www.oliveyoung.co.kr/store/goods/getGoodsDetail.do?goodsNo=A000000238833,https://image.oliveyoung.co.kr/cfimages/cf-goods/uploads/images/thumbnails/400/10/0000/0023/A00000023883301ko.jpg?l=ko,1000,1000,0.0,4854,4.8,89,7,3,0,1,0,0,0,1,A000000238833,10000010006
2026-08-16,뷰티소품,82,스튜디오17,[NEW/착붙치크증정기획] 스튜디오17 듀얼 메이크업 툴 시리즈 (블러셔용/수정화장용),https://www.oliveyoung.co.kr/store/goods/getGoodsDetail.do?goodsNo=A000000221757,https://image.oliveyoung.co.kr/cfimages/cf-goods/uploads/images/thumbnails/400/10/0000/0022/A00000022175753ko.jpg?l=ko,9000,8160,9.3,3424,4.8,83,11,4,1,1,0,1,1,1,A000000221757,10000010006
2026-08-16,뷰티소품,83,브링그린,[유분기싹] 브링그린 쑥한지 기름종이 70매 (2입기획/단품),https://www.oliveyoung.co.kr/store/goods/getGoodsDetail.do?goodsNo=A000000190447,https://image.oliveyoung.co.kr/cfimages/cf-goods/uploads/images/thumbnails/400/10/0000/0019/A00000019044716ko.jpg?l=ko,6500,5800,10.8,33164,4.8,85,11,4,1,0,1,0,0,1,A000000190447,10000010006
2026-08-16,뷰티소품,84,르브와,[르브와 베스트셀러]르브와 7609D 컨실러 브러쉬,https://www.oliveyoung.co.kr/store/goods/getGoodsDetail.do?goodsNo=A000000213140,https://image.oliveyoung.co.kr/cfimages/cf-goods/uploads/images/thumbnails/400/10/0000/0021/A00000021314001ko.jpg?l=ko,5000,4800,4.0,1068,4.8,86,10,3,1,0,1,0,0,1,A000000213140,10000010006
2026-08-16,뷰티소품,85,듀오,"[강력고정/착붙밀착] 듀오 퀵셋 속눈썹 접착제 5g 2종 택 1 (다크, 클리어)",https://www.oliveyoung.co.kr/store/goods/getGoodsDetail.do?goodsNo=A000000114912,https://image.oliveyoung.co.kr/cfimages/cf-goods/uploads/images/thumbnails/400/10/0000/0011/A00000011491220ko.jpg?l=ko,16000,12800,20.0,3905,4.8,83,11,4,1,1,1,0,0,1,A000000114912,10000010006
2026-08-16,뷰티소품,86,홀리카홀리카,홀리카홀리카 마이페이브 멀티 팔레트 케이스/에센셜 핏 브러쉬,https://www.oliveyoung.co.kr/store/goods/getGoodsDetail.do?goodsNo=A000000187681,https://image.oliveyoung.co.kr/cfimages/cf-goods/uploads/images/thumbnails/400/10/0000/0018/A00000018768109ko.jpg?l=ko,6000,4800,20.0,5637,4.9,91,6,2,0,0,1,0,0,1,A000000187681,10000010006
2026-08-16,뷰티소품,87,올리브영,올리브영 앞머리 헤어롤,https://www.oliveyoung.co.kr/store/goods/getGoodsDetail.do?goodsNo=A000000240455,https://image.oliveyoung.co.kr/cfimages/cf-goods/uploads/images/thumbnails/400/10/0000/0024/A00000024045501ko.jpg?l=ko,1000,1000,0.0,3739,4.8,89,7,3,1,0,0,0,0,1,A000000240455,10000010006
2026-08-16,뷰티소품,88,헤라,헤라 블랙 쿠션 파운데이션 퍼프 2종,https://www.oliveyoung.co.kr/store/goods/getGoodsDetail.do?goodsNo=A000000203668,https://image.oliveyoung.co.kr/cfimages/cf-goods/uploads/images/thumbnails/400/10/0000/0020/A00000020366801ko.jpg?l=ko,8000,7200,10.0,1554,4.9,90,6,2,1,0,0,1,0,1,A000000203668,10000010006
2026-08-16,뷰티소품,89,올리오,[1위속눈썹] 올리오 노글루 속눈썹 32종+트위저 2종 (노글루 위키드 에디션 포함),https://www.oliveyoung.co.kr/store/goods/getGoodsDetail.do?goodsNo=A000000232666,https://image.oliveyoung.co.kr/cfimages/cf-goods/uploads/images/thumbnails/400/10/0000/0023/A00000023266634ko.jpg?l=ko,12000,8900,25.8,10577,4.9,92,4,2,1,1,1,0,1,1,A000000232666,10000010006
2026-08-16,뷰티소품,90,올리브영,올리브영 엠보싱화장솜 220매,https://www.oliveyoung.co.kr/store/goods/getGoodsDetail.do?goodsNo=A000000236535,https://image.oliveyoung.co.kr/cfimages/cf-goods/uploads/images/thumbnails/400/10/0000/0023/A00000023653501ko.jpg?l=ko,3000,3000,0.0,3227,4.8,89,9,2,0,0,0,0,0,1,A000000236535,10000010006
2026-08-16,뷰티소품,91,비디비치,비디비치 스킨 핏/커버 핏 쿠션 퍼프 5P (2종 택 1),https://www.oliveyoung.co.kr/store/goods/getGoodsDetail.do?goodsNo=A000000228447,https://image.oliveyoung.co.kr/cfimages/cf-goods/uploads/images/thumbnails/400/10/0000/0022/A00000022844705ko.jpg?l=ko,10000,8000,20.0,671,4.8,89,8,3,0,0,1,0,0,1,A000000228447,10000010006
2026-08-16,뷰티소품,92,필리밀리,필리밀리 페이스&바디괄사,https://www.oliveyoung.co.kr/store/goods/getGoodsDetail.do?goodsNo=A000000234312,https://image.oliveyoung.co.kr/cfimages/cf-goods/uploads/images/thumbnails/400/10/0000/0023/A00000023431202ko.jpg?l=ko,12000,10500,12.5,6343,4.7,81,13,4,1,1,1,0,0,1,A000000234312,10000010006
2026-08-16,뷰티소품,93,메이크힐,[유튜버최애템/애기궁둥이 퍼프] 메이크힐 팡팡퍼프 3종 택1 (구름/미니팡팡 2종),https://www.oliveyoung.co.kr/store/goods/getGoodsDetail.do?goodsNo=A000000210341,https://image.oliveyoung.co.kr/cfimages/cf-goods/uploads/images/thumbnails/400/10/0000/0021/A00000021034132ko.jpg?l=ko,6000,5400,10.0,6500,4.8,88,9,3,0,0,1,0,0,1,A000000210341,10000010006
2026-08-16,뷰티소품,94,필리밀리,필리밀리 쿠션 팡팡퍼프 2P,https://www.oliveyoung.co.kr/store/goods/getGoodsDetail.do?goodsNo=A000000231642,https://image.oliveyoung.co.kr/cfimages/cf-goods/uploads/images/thumbnails/400/10/0000/0023/A00000023164202ko.jpg?l=ko,4000,4000,0.0,46233,4.8,87,9,3,0,0,0,0,0,1,A000000231642,10000010006
2026-08-16,뷰티소품,95,탱글엔젤,[잔망루피 콜라보/접이식 휴대용빗] 탱글엔젤 큐피드 브러쉬 (단품/기획),https://www.oliveyoung.co.kr/store/goods/getGoodsDetail.do?goodsNo=A000000217703,https://image.oliveyoung.co.kr/cfimages/cf-goods/uploads/images/thumbnails/400/10/0000/0021/A00000021770338ko.jpg?l=ko,27000,25900,4.1,2473,4.8,87,9,3,1,1,1,0,0,1,A000000217703,10000010006
2026-08-16,뷰티소품,96,어뮤즈,[올영단독] 어뮤즈 듀 젤리/세라믹 스킨 퍼펙터 쿠션 퍼프 5P (2종 택 1),https://www.oliveyoung.co.kr/store/goods/getGoodsDetail.do?goodsNo=A000000189127,https://image.oliveyoung.co.kr/cfimages/cf-goods/uploads/images/thumbnails/400/10/0000/0018/A00000018912714ko.jpg?l=ko,10000,7500,25.0,2534,4.8,88,8,3,1,0,1,0,1,1,A000000189127,10000010006
2026-08-16,뷰티소품,97,필리밀리,필리밀리 총알블러셔브러시 881,https://www.oliveyoung.co.kr/store/goods/getGoodsDetail.do?goodsNo=A000000229652,https://image.oliveyoung.co.kr/cfimages/cf-goods/uploads/images/thumbnails/400/10/0000/0022/A00000022965205ko.jpg?l=ko,11500,8600,25.2,6077,4.8,83,12,4,1,0,1,0,0,1,A000000229652,10000010006
2026-08-16,뷰티소품,98,아헤브,아헤브 올데이 컬링 스틱(속눈썹 컬링 디바이스),https://www.oliveyoung.co.kr/store/goods/getGoodsDetail.do?goodsNo=A000000245169,https://image.oliveyoung.co.kr/cfimages/cf-goods/uploads/images/thumbnails/400/10/0000/0024/A00000024516916ko.jpg?l=ko,49000,39000,20.4,238,4.8,84,7,8,,0,1,0,0,1,A000000245169,10000010006
2026-08-16,뷰티소품,99,클리오,클리오 킬커버쿠션퍼프 5EA,https://www.oliveyoung.co.kr/store/goods/getGoodsDetail.do?goodsNo=A000000180808,https://image.oliveyoung.co.kr/cfimages/cf-goods/uploads/images/thumbnails/400/10/0000/0018/A00000018080802ko.jpg?l=ko,10000,8500,15.0,6921,4.8,85,10,3,0,1,1,0,0,1,A000000180808,10000010006
2026-08-16,뷰티소품,100,디어달리아,[컬링완벽공식] 디어달리아 드림 래쉬 컬러 뷰러 (+파우치증정),https://www.oliveyoung.co.kr/store/goods/getGoodsDetail.do?goodsNo=A000000159648,https://image.oliveyoung.co.kr/cfimages/cf-goods/uploads/images/thumbnails/400/10/0000/0015/A00000015964811ko.jpg?l=ko,16000,14400,10.0,11681,4.6,76,14,7,1,2,1,0,0,1,A000000159648,10000010006
2026-08-16,더모 코스메틱,1,에스트라,[올영 어워즈 1등 크림] 에스트라 아토베리어365 크림 80ml,https://www.oliveyoung.co.kr/store/goods/getGoodsDetail.do?goodsNo=A000000198320,https://image.oliveyoung.co.kr/cfimages/cf-goods/uploads/images/thumbnails/400/10/0000/0019/A00000019832009ko.jpg?l=ko,33000,33000,0.0,7364,4.8,89,7,2,1,1,0,0,0,1,A000000198320,10000010008
2026-08-16,더모 코스메틱,2,동아제약,[8월올영픽/단독기획] 동아제약 색소침착 프로 크림제 40ml 더블 기획 (+40ml),https://www.oliveyoung.co.kr/store/goods/getGoodsDetail.do?goodsNo=A000000261235,https://image.oliveyoung.co.kr/cfimages/cf-goods/uploads/images/thumbnails/400/10/0000/0026/A00000026123503ko.jpg?l=ko,58500,38500,34.2,5008,4.9,94,3,2,0,0,1,1,1,1,A000000261235,10000010008
2026-08-16,더모 코스메틱,3,동아제약,[8월올영픽/단독기획] 동아제약 아크네 프로 크림제 30ml 기획(+3ml+겔제3ml),https://www.oliveyoung.co.kr/store/goods/getGoodsDetail.do?goodsNo=A000000255729,https://image.oliveyoung.co.kr/cfimages/cf-goods/uploads/images/thumbnails/400/10/0000/0025/A00000025572913ko.jpg?l=ko,35000,22300,36.3,3387,4.9,96,2,2,0,0,1,1,1,1,A000000255729,10000010008
2026-08-16,더모 코스메틱,4,바이오더마,바이오더마 센시비오 H2O 850ml(클렌징워터),https://www.oliveyoung.co.kr/store/goods/getGoodsDetail.do?goodsNo=A000000130319,https://image.oliveyoung.co.kr/cfimages/cf-goods/uploads/images/thumbnails/400/10/0000/0013/A00000013031984ko.jpg?l=ko,37500,25900,30.9,53471,4.9,91,7,1,0,0,1,0,0,1,A000000130319,10000010008
2026-08-16,더모 코스메틱,5,라로슈포제,[손상장벽집중케어] 라로슈포제 시카플라스트 밤 B5+ 100ml 기획 (+3ml 추가증정),https://www.oliveyoung.co.kr/store/goods/getGoodsDetail.do?goodsNo=A000000206904,https://image.oliveyoung.co.kr/cfimages/cf-goods/uploads/images/thumbnails/400/10/0000/0020/A00000020690409ko.jpg?l=ko,41000,41000,0.0,26774,4.8,86,10,3,1,1,0,0,0,1,A000000206904,10000010008
2026-08-16,더모 코스메틱,6,제로이드,제로이드 포밍 클렌저 240ml 본품 + 240ml 리필 기획,https://www.oliveyoung.co.kr/store/goods/getGoodsDetail.do?goodsNo=A000000232081,https://image.oliveyoung.co.kr/cfimages/cf-goods/uploads/images/thumbnails/400/10/0000/0023/A00000023208113ko.jpg?l=ko,43000,38700,10.0,6025,4.9,89,8,2,0,0,1,0,0,1,A000000232081,10000010008
2026-08-16,더모 코스메틱,7,동아제약,[8월올영픽/단독기획] 동아제약 아크네 프로 겔제 30ml 기획(+3ml+크림제3ml),https://www.oliveyoung.co.kr/store/goods/getGoodsDetail.do?goodsNo=A000000255744,https://image.oliveyoung.co.kr/cfimages/cf-goods/uploads/images/thumbnails/400/10/0000/0025/A00000025574409ko.jpg?l=ko,25000,16500,34.0,2880,4.9,95,2,2,0,0,1,1,1,1,A000000255744,10000010008
2026-08-16,더모 코스메틱,8,피지오겔,[재구매율1위] 피지오겔 데일리뮨 앰플 20ml+20ml 기획,https://www.oliveyoung.co.kr/store/goods/getGoodsDetail.do?goodsNo=A000000243677,https://image.oliveyoung.co.kr/cfimages/cf-goods/uploads/images/thumbnails/400/10/0000/0024/A00000024367750ko.jpg?l=ko,78000,54000,30.8,9813,4.8,87,10,2,0,0,1,0,0,1,A000000243677,10000010008
2026-08-16,더모 코스메틱,9,파티온,[대용량] 파티온 노스카나인 트러블 세럼 50ml 리필 기획(+리필40ml+크림10ml),https://www.oliveyoung.co.kr/store/goods/getGoodsDetail.do?goodsNo=A000000219609,https://image.oliveyoung.co.kr/cfimages/cf-goods/uploads/images/thumbnails/400/10/0000/0021/A00000021960921ko.png?l=ko,54000,33900,37.2,76501,4.9,92,5,2,0,0,1,0,0,1,A000000219609,10000010008
2026-08-16,더모 코스메틱,10,도미나스,[8월올영픽/태극제약]도미나스 크림 Rx 30ml 단품/기획 (+7ml),https://www.oliveyoung.co.kr/store/goods/getGoodsDetail.do?goodsNo=A000000251494,https://image.oliveyoung.co.kr/cfimages/cf-goods/uploads/images/thumbnails/400/10/0000/0025/A00000025149424ko.png?l=ko,46000,33900,26.3,1206,4.8,88,8,4,0,0,1,1,1,1,A000000251494,10000010008
2026-08-16,더모 코스메틱,11,동국제약,[손상장벽MD] 동국제약 마데카셀 베리어 엠디 크림 70g (의료기기),https://www.oliveyoung.co.kr/store/goods/getGoodsDetail.do?goodsNo=A000000249659,https://image.oliveyoung.co.kr/cfimages/cf-goods/uploads/images/thumbnails/400/10/0000/0024/A00000024965930ko.png?l=ko,39000,21900,43.8,2184,4.9,95,3,1,0,0,1,1,1,1,A000000249659,10000010008
2026-08-16,더모 코스메틱,12,리쥬란,[오리지널 c-PDRN/한정기획]리쥬란 힐러 턴오버 앰플 듀얼 이펙트 10ml 더블 한정기획 (+8ml),https://www.oliveyoung.co.kr/store/goods/getGoodsDetail.do?goodsNo=A000000216520,https://image.oliveyoung.co.kr/cfimages/cf-goods/uploads/images/thumbnails/400/10/0000/0021/A00000021652048ko.jpg?l=ko,50000,43900,12.2,13402,4.9,91,6,2,0,0,1,0,0,1,A000000216520,10000010008
2026-08-16,더모 코스메틱,13,에스트라,에스트라 아토베리어365 하이드로 수딩크림 80ml 기획 (+수딩크림 10ml+클렌징폼 30g),https://www.oliveyoung.co.kr/store/goods/getGoodsDetail.do?goodsNo=A000000258834,https://image.oliveyoung.co.kr/cfimages/cf-goods/uploads/images/thumbnails/400/10/0000/0025/A00000025883410ko.jpg?l=ko,33000,29700,10.0,13050,4.8,88,9,2,0,1,1,0,0,1,A000000258834,10000010008
2026-08-16,더모 코스메틱,14,제로이드,[대용량] 제로이드 수딩 크림 80ml + 50ml 기획,https://www.oliveyoung.co.kr/store/goods/getGoodsDetail.do?goodsNo=A000000231589,https://image.oliveyoung.co.kr/cfimages/cf-goods/uploads/images/thumbnails/400/10/0000/0023/A00000023158910ko.jpg?l=ko,38000,34200,10.0,8887,4.8,87,9,3,1,1,1,0,0,1,A000000231589,10000010008
2026-08-16,더모 코스메틱,15,라로슈포제,라로슈포제 시카플라스트 멀티 리페어 크림 100ml (+시카에센스 7.5ml),https://www.oliveyoung.co.kr/store/goods/getGoodsDetail.do?goodsNo=A000000257827,https://image.oliveyoung.co.kr/cfimages/cf-goods/uploads/images/thumbnails/400/10/0000/0025/A00000025782704ko.jpg?l=ko,52000,52000,0.0,18633,4.8,84,11,3,1,1,0,0,0,1,A000000257827,10000010008
2026-08-16,더모 코스메틱,16,제로이드,[8월 올영픽] 제로이드 핌프로브 레드 컨트롤 크림 pH4 80ml 기획 (+토너 25ml +크림 10ml),https://www.oliveyoung.co.kr/store/goods/getGoodsDetail.do?goodsNo=A000000260580,https://image.oliveyoung.co.kr/cfimages/cf-goods/uploads/images/thumbnails/400/10/0000/0026/A00000026058010ko.jpg?l=ko,33000,28500,13.6,940,4.8,85,10,3,1,1,1,1,0,1,A000000260580,10000010008
2026-08-16,더모 코스메틱,17,바이오더마,바이오더마 시카비오 크림+ 100ml 기획 (크림 + 40ml 본품 추가 증정),https://www.oliveyoung.co.kr/store/goods/getGoodsDetail.do?goodsNo=A000000212570,https://image.oliveyoung.co.kr/cfimages/cf-goods/uploads/images/thumbnails/400/10/0000/0021/A00000021257010ko.jpg?l=ko,45500,37700,17.1,9594,4.8,84,11,4,1,1,1,0,0,1,A000000212570,10000010008
2026-08-16,더모 코스메틱,18,리쥬란,[한정수량/오리지널 c-PDRN] 리쥬란 힐러 턴오버 앰플 듀얼 이펙트 30ml 기획(+7ml),https://www.oliveyoung.co.kr/store/goods/getGoodsDetail.do?goodsNo=A000000183707,https://image.oliveyoung.co.kr/cfimages/cf-goods/uploads/images/thumbnails/400/10/0000/0018/A00000018370740ko.jpg?l=ko,59000,49900,15.4,3557,4.8,85,11,3,1,1,1,0,0,1,A000000183707,10000010008
2026-08-16,더모 코스메틱,19,에스트라,[50%용량증정] 에스트라 더마UV365 장벽수분 무기자차 선크림 40ml+20ml,https://www.oliveyoung.co.kr/store/goods/getGoodsDetail.do?goodsNo=A000000206826,https://image.oliveyoung.co.kr/cfimages/cf-goods/uploads/images/thumbnails/400/10/0000/0020/A00000020682632ko.jpg?l=ko,31000,31000,0.0,9535,4.8,85,11,3,1,1,0,0,0,1,A000000206826,10000010008
2026-08-16,더모 코스메틱,20,에스트라,에스트라 에이시카365 흔적진정세럼 pH4.5 40ml 기획 (+세럼 20ml+크림 1ml),https://www.oliveyoung.co.kr/store/goods/getGoodsDetail.do?goodsNo=A000000222839,https://image.oliveyoung.co.kr/cfimages/cf-goods/uploads/images/thumbnails/400/10/0000/0022/A00000022283918ko.jpg?l=ko,38000,32300,15.0,3780,4.8,86,9,3,1,1,1,0,0,1,A000000222839,10000010008
2026-08-16,더모 코스메틱,21,에스트라,에스트라 아토베리어365 하이드로에센스 200ml (+크림 10ml+앰플 10ml),https://www.oliveyoung.co.kr/store/goods/getGoodsDetail.do?goodsNo=A000000222837,https://image.oliveyoung.co.kr/cfimages/cf-goods/uploads/images/thumbnails/400/10/0000/0022/A00000022283708ko.jpg?l=ko,32000,28800,10.0,13922,4.8,89,8,2,0,0,1,0,0,1,A000000222837,10000010008
2026-08-16,더모 코스메틱,22,리쥬란,[126매 대용량/올리브영 단독] 리쥬란 포어 타이트닝 토너 패드 60매 더블 한정 기획,https://www.oliveyoung.co.kr/store/goods/getGoodsDetail.do?goodsNo=A000000236767,https://image.oliveyoung.co.kr/cfimages/cf-goods/uploads/images/thumbnails/400/10/0000/0023/A00000023676730ko.jpg?l=ko,45000,37000,17.8,2840,4.8,88,9,3,0,1,1,0,0,1,A000000236767,10000010008
2026-08-16,더모 코스메틱,23,쥬베룩,쥬베룩 PDLLA 콜라겐 부스팅 마스크 4매,https://www.oliveyoung.co.kr/store/goods/getGoodsDetail.do?goodsNo=A000000253919,https://image.oliveyoung.co.kr/cfimages/cf-goods/uploads/images/thumbnails/400/10/0000/0025/A00000025391912ko.jpg?l=ko,36000,33400,7.2,772,4.9,93,4,1,1,0,1,0,1,1,A000000253919,10000010008
2026-08-16,더모 코스메틱,24,유리아쥬,[온가족 여성청결제] 유리아쥬 진피 마일드 젤/폼 6종 택 1,https://www.oliveyoung.co.kr/store/goods/getGoodsDetail.do?goodsNo=A000000113494,https://image.oliveyoung.co.kr/cfimages/cf-goods/uploads/images/thumbnails/400/10/0000/0011/A000000113494123ko.jpg?l=ko,23000,18400,20.0,9347,4.9,89,8,2,0,0,1,0,0,1,A000000113494,10000010008
2026-08-16,더모 코스메틱,25,라로슈포제,[시카입문추천] 라로슈포제 시카플라스트 밤B5+ 40ml,https://www.oliveyoung.co.kr/store/goods/getGoodsDetail.do?goodsNo=A000000174316,https://image.oliveyoung.co.kr/cfimages/cf-goods/uploads/images/thumbnails/400/10/0000/0017/A00000017431608ko.jpg?l=ko,27000,24300,10.0,6255,4.7,83,11,4,1,1,1,0,0,1,A000000174316,10000010008
2026-08-16,더모 코스메틱,26,에스트라,에스트라 아토베리어365 세라-히알 속수분 앰플 30ml+30ml 리필 기획,https://www.oliveyoung.co.kr/store/goods/getGoodsDetail.do?goodsNo=A000000245091,https://image.oliveyoung.co.kr/cfimages/cf-goods/uploads/images/thumbnails/400/10/0000/0024/A00000024509112ko.jpg?l=ko,47500,40370,15.0,7319,4.8,88,9,2,0,0,1,0,0,1,A000000245091,10000010008
2026-08-16,더모 코스메틱,27,바이오더마,바이오더마 하이드라비오 에센스로션 200ml 기획(+안개분사 미스트 증정),https://www.oliveyoung.co.kr/store/goods/getGoodsDetail.do?goodsNo=A000000226086,https://image.oliveyoung.co.kr/cfimages/cf-goods/uploads/images/thumbnails/400/10/0000/0022/A00000022608619ko.jpg?l=ko,38000,28100,26.1,20460,4.8,86,9,3,1,1,1,0,0,1,A000000226086,10000010008
2026-08-16,더모 코스메틱,28,피지오겔,피지오겔 DMT 페이셜 보습 장벽 크림 150ml 기획(+토너 50ml),https://www.oliveyoung.co.kr/store/goods/getGoodsDetail.do?goodsNo=A000000239660,https://image.oliveyoung.co.kr/cfimages/cf-goods/uploads/images/thumbnails/400/10/0000/0023/A00000023966016ko.jpg?l=ko,47500,23900,49.7,3803,4.8,88,9,3,0,0,1,0,0,1,A000000239660,10000010008
2026-08-16,더모 코스메틱,29,피지오겔,피지오겔 DMT 페이셜 로션 200ml 기획 (+토너 50ml),https://www.oliveyoung.co.kr/store/goods/getGoodsDetail.do?goodsNo=A000000251468,https://image.oliveyoung.co.kr/cfimages/cf-goods/uploads/images/thumbnails/400/10/0000/0025/A00000025146807ko.jpg?l=ko,38000,20900,45.0,6115,4.9,89,8,2,0,0,1,0,0,1,A000000251468,10000010008
2026-08-16,더모 코스메틱,30,에스트라,에스트라 아토베리어365 로션 150ml,https://www.oliveyoung.co.kr/store/goods/getGoodsDetail.do?goodsNo=A000000198321,https://image.oliveyoung.co.kr/cfimages/cf-goods/uploads/images/thumbnails/400/10/0000/0019/A00000019832106ko.jpg?l=ko,33000,33000,0.0,2193,4.8,88,8,3,0,1,0,0,0,1,A000000198321,10000010008
2026-08-16,더모 코스메틱,31,셀퓨전씨,[핑구콜라보 빙하수쿨링패드] 셀퓨전씨 포스트 알파 쿨링 패드 70매 1+1 기획,https://www.oliveyoung.co.kr/store/goods/getGoodsDetail.do?goodsNo=A000000205435,https://image.oliveyoung.co.kr/cfimages/cf-goods/uploads/images/thumbnails/400/10/0000/0020/A00000020543537ko.jpg?l=ko,29900,24900,16.7,11451,4.8,87,9,3,0,0,1,0,0,1,A000000205435,10000010008
2026-08-16,더모 코스메틱,32,바이오더마,바이오더마 하이드라비오 토너 250ml,https://www.oliveyoung.co.kr/store/goods/getGoodsDetail.do?goodsNo=A000000004434,https://image.oliveyoung.co.kr/cfimages/cf-goods/uploads/images/thumbnails/400/10/0000/0000/A00000000443410ko.jpg?l=ko,29500,29500,0.0,12619,4.8,86,11,3,0,0,0,0,0,1,A000000004434,10000010008
2026-08-16,더모 코스메틱,33,제로이드,[2입 기획][민감피부 추천 무기자차] 제로이드 데일리 선크림 기획 (50ml+50ml),https://www.oliveyoung.co.kr/store/goods/getGoodsDetail.do?goodsNo=A000000253724,https://image.oliveyoung.co.kr/cfimages/cf-goods/uploads/images/thumbnails/400/10/0000/0025/A00000025372412ko.jpg?l=ko,64000,37900,40.8,2371,4.8,87,8,4,1,0,1,1,0,1,A000000253724,10000010008
2026-08-16,더모 코스메틱,34,제로이드,[대용량] 제로이드 인텐시브 크림 80ml + 50ml 기획,https://www.oliveyoung.co.kr/store/goods/getGoodsDetail.do?goodsNo=A000000231590,https://image.oliveyoung.co.kr/cfimages/cf-goods/uploads/images/thumbnails/400/10/0000/0023/A00000023159023ko.jpg?l=ko,40000,40000,0.0,12185,4.8,87,9,3,0,1,0,0,0,1,A000000231590,10000010008
2026-08-16,더모 코스메틱,35,파티온,[대용량] 파티온 노스카나인 트러블 크림 75ml 기획(+5ml),https://www.oliveyoung.co.kr/store/goods/getGoodsDetail.do?goodsNo=A000000232304,https://image.oliveyoung.co.kr/cfimages/cf-goods/uploads/images/thumbnails/400/10/0000/0023/A00000023230413ko.jpg?l=ko,45000,32000,28.9,23764,4.8,89,8,3,1,0,1,0,0,1,A000000232304,10000010008
2026-08-16,더모 코스메틱,36,아벤느,[1등 미스트] 아벤느 오 떼르말 수분 미스트 150ml,https://www.oliveyoung.co.kr/store/goods/getGoodsDetail.do?goodsNo=A000000016698,https://image.oliveyoung.co.kr/cfimages/cf-goods/uploads/images/thumbnails/400/10/0000/0001/A00000001669824ko.jpg?l=ko,21000,8900,57.6,3243,4.8,83,12,4,1,1,1,1,0,1,A000000016698,10000010008
2026-08-16,더모 코스메틱,37,파티온,[트러블1등/단독기획] 파티온 노스카나인 트러블 세럼 50ml 기획(+15ml+마스크 1매),https://www.oliveyoung.co.kr/store/goods/getGoodsDetail.do?goodsNo=A000000219717,https://image.oliveyoung.co.kr/cfimages/cf-goods/uploads/images/thumbnails/400/10/0000/0021/A00000021971716ko.png?l=ko,38000,27900,26.6,87998,4.9,92,6,2,0,0,1,0,0,1,A000000219717,10000010008
2026-08-16,더모 코스메틱,38,피지오겔,피지오겔 DMT포맨 증정 기획세트 2종 한정기획 (플루이드 or 크림),https://www.oliveyoung.co.kr/store/goods/getGoodsDetail.do?goodsNo=A000000179227,https://image.oliveyoung.co.kr/cfimages/cf-goods/uploads/images/thumbnails/400/10/0000/0017/A00000017922718ko.jpg?l=ko,65000,29900,54.0,4251,4.9,89,9,2,0,0,1,0,0,1,A000000179227,10000010008
2026-08-16,더모 코스메틱,39,동아제약,[8월올영픽/단독기획] 동아제약 색소침착 프로 액제 30ml 기획(+크림제5ml),https://www.oliveyoung.co.kr/store/goods/getGoodsDetail.do?goodsNo=A000000255719,https://image.oliveyoung.co.kr/cfimages/cf-goods/uploads/images/thumbnails/400/10/0000/0025/A00000025571911ko.jpg?l=ko,35000,24000,31.4,1893,4.8,91,5,3,1,1,1,1,1,1,A000000255719,10000010008
2026-08-16,더모 코스메틱,40,유세린,[10년연속1위] 유세린 하이알루론 3X 아이크림 더블기획 (15ml+15ml),https://www.oliveyoung.co.kr/store/goods/getGoodsDetail.do?goodsNo=A000000118803,https://image.oliveyoung.co.kr/cfimages/cf-goods/uploads/images/thumbnails/400/10/0000/0011/A00000011880333ko.jpg?l=ko,78900,68900,12.7,5012,4.8,82,14,3,0,0,1,0,0,1,A000000118803,10000010008
2026-08-16,더모 코스메틱,41,에스트라,에스트라 에이시카365 수분토너 pH4.5 200ml,https://www.oliveyoung.co.kr/store/goods/getGoodsDetail.do?goodsNo=A000000218549,https://image.oliveyoung.co.kr/cfimages/cf-goods/uploads/images/thumbnails/400/10/0000/0021/A00000021854909ko.jpg?l=ko,28000,23800,15.0,1993,4.8,87,9,3,1,1,1,0,0,1,A000000218549,10000010008
2026-08-16,더모 코스메틱,42,에스트라,에스트라 테라크네365 클리어 딥 클렌징 폼 200g,https://www.oliveyoung.co.kr/store/goods/getGoodsDetail.do?goodsNo=A000000152767,https://image.oliveyoung.co.kr/cfimages/cf-goods/uploads/images/thumbnails/400/10/0000/0015/A00000015276704ko.jpg?l=ko,23000,19500,15.2,5039,4.8,85,11,3,0,1,1,0,0,1,A000000152767,10000010008
2026-08-16,더모 코스메틱,43,바이오더마,바이오더마 아토덤 울트라 크림 200ml 더블 기획,https://www.oliveyoung.co.kr/store/goods/getGoodsDetail.do?goodsNo=A000000205389,https://image.oliveyoung.co.kr/cfimages/cf-goods/uploads/images/thumbnails/400/10/0000/0020/A00000020538912ko.jpg?l=ko,41300,28440,31.1,13528,4.9,89,8,2,0,0,1,0,0,1,A000000205389,10000010008
2026-08-16,더모 코스메틱,44,파티온,[1위등드름워시] 파티온 노스카나인 트러블 바디워시 490ml 기획,https://www.oliveyoung.co.kr/store/goods/getGoodsDetail.do?goodsNo=A000000202795,https://image.oliveyoung.co.kr/cfimages/cf-goods/uploads/images/thumbnails/400/10/0000/0020/A00000020279517ko.jpg?l=ko,25000,17500,30.0,9988,4.9,90,7,2,0,0,1,0,0,1,A000000202795,10000010008
2026-08-16,더모 코스메틱,45,에스트라,에스트라 아토베리어365 캡슐토너 300ml 기획 (+수딩크림 30ml+세라-히알 앰플 7ml),https://www.oliveyoung.co.kr/store/goods/getGoodsDetail.do?goodsNo=A000000258833,https://image.oliveyoung.co.kr/cfimages/cf-goods/uploads/images/thumbnails/400/10/0000/0025/A00000025883311ko.jpg?l=ko,30000,30000,0.0,950,4.9,89,7,3,0,0,0,0,0,1,A000000258833,10000010008
2026-08-16,더모 코스메틱,46,에스트라,에스트라 아토베리어365 하이드로 수딩크림 80ml 기획(토너25ml+클렌징폼30g),https://www.oliveyoung.co.kr/store/goods/getGoodsDetail.do?goodsNo=A000000254747,https://image.oliveyoung.co.kr/cfimages/cf-goods/uploads/images/thumbnails/400/10/0000/0025/A00000025474709ko.jpg?l=ko,33000,29700,10.0,8206,4.8,88,9,2,0,1,1,0,0,1,A000000254747,10000010008
2026-08-16,더모 코스메틱,47,에스트라,에스트라 아토베리어365 포밍 클렌저 150ml,https://www.oliveyoung.co.kr/store/goods/getGoodsDetail.do?goodsNo=A000000245096,https://image.oliveyoung.co.kr/cfimages/cf-goods/uploads/images/thumbnails/400/10/0000/0024/A00000024509611ko.jpg?l=ko,20000,18000,10.0,2475,4.8,88,8,2,0,1,1,0,0,1,A000000245096,10000010008
2026-08-16,더모 코스메틱,48,에스트라,에스트라 아토베리어365 클렌징폼 200ml,https://www.oliveyoung.co.kr/store/goods/getGoodsDetail.do?goodsNo=A000000245046,https://image.oliveyoung.co.kr/cfimages/cf-goods/uploads/images/thumbnails/400/10/0000/0024/A00000024504608ko.jpg?l=ko,22000,19800,10.0,514,4.8,86,9,3,0,1,1,0,0,1,A000000245046,10000010008
2026-08-16,더모 코스메틱,49,바이오더마,바이오더마 하이드라비오 에센스로션 200ml 기획 (+스트레치 화장솜),https://www.oliveyoung.co.kr/store/goods/getGoodsDetail.do?goodsNo=A000000251229,https://image.oliveyoung.co.kr/cfimages/cf-goods/uploads/images/thumbnails/400/10/0000/0025/A00000025122902ko.jpg?l=ko,38000,28100,26.1,9494,4.8,86,9,4,1,1,1,0,0,1,A000000251229,10000010008
2026-08-16,더모 코스메틱,50,리쥬란,[c-PDRN  물광+윤광 케어] 리쥬란 힐러 턴오버 액티브 크림 50ml (+앰플 5ml 증정),https://www.oliveyoung.co.kr/store/goods/getGoodsDetail.do?goodsNo=A000000235068,https://image.oliveyoung.co.kr/cfimages/cf-goods/uploads/images/thumbnails/400/10/0000/0023/A00000023506828ko.jpg?l=ko,32900,27900,15.2,3945,4.8,84,11,4,1,0,1,0,0,1,A000000235068,10000010008
2026-08-16,더모 코스메틱,51,아벤느,[미피 네임택 증정] 아벤느 오 떼르말 수분 미스트 300ml 2입 기획 (+150ml +미피 네임택),https://www.oliveyoung.co.kr/store/goods/getGoodsDetail.do?goodsNo=A000000259067,https://image.oliveyoung.co.kr/cfimages/cf-goods/uploads/images/thumbnails/400/10/0000/0025/A00000025906719ko.jpg?l=ko,45000,29900,33.6,35548,4.8,86,10,3,0,0,1,0,0,1,A000000259067,10000010008
2026-08-16,더모 코스메틱,52,센텔리안24,[1등 진정] 센텔리안24 마데카 크림 타임 리버스 50ml 기획 (+15ml*2+더마 마스크팩 3매),https://www.oliveyoung.co.kr/store/goods/getGoodsDetail.do?goodsNo=A000000245960,https://image.oliveyoung.co.kr/cfimages/cf-goods/uploads/images/thumbnails/400/10/0000/0024/A00000024596002ko.jpg?l=ko,38000,20900,45.0,6939,4.9,90,7,2,0,0,1,0,0,1,A000000245960,10000010008
2026-08-16,더모 코스메틱,53,세포랩,[화잘먹부스팅템] 세포랩 바이오제닉 에센스 블렌디드 포뮬라 50% (100ml /30ml),https://www.oliveyoung.co.kr/store/goods/getGoodsDetail.do?goodsNo=A000000250225,https://image.oliveyoung.co.kr/cfimages/cf-goods/uploads/images/thumbnails/400/10/0000/0025/A00000025022522ko.jpg?l=ko,46000,36800,20.0,2875,4.9,93,5,1,0,0,1,0,0,1,A000000250225,10000010008
2026-08-16,더모 코스메틱,54,제로이드,[트러블 피부 추천/여드름균 항균 클렌징] 제로이드 핌프로브 젤 클렌저 180ml,https://www.oliveyoung.co.kr/store/goods/getGoodsDetail.do?goodsNo=A000000249583,https://image.oliveyoung.co.kr/cfimages/cf-goods/uploads/images/thumbnails/400/10/0000/0024/A00000024958310ko.jpg?l=ko,32000,27900,12.8,440,4.8,89,8,2,0,1,1,1,0,1,A000000249583,10000010008
2026-08-16,더모 코스메틱,55,닥터디퍼런트,[매끈탱탱/레티날0.1%] 닥터디퍼런트 비타리프트-A 포르테 크림 20g,https://www.oliveyoung.co.kr/store/goods/getGoodsDetail.do?goodsNo=A000000145286,https://image.oliveyoung.co.kr/cfimages/cf-goods/uploads/images/thumbnails/400/10/0000/0014/A00000014528632ko.jpg?l=ko,52000,37800,27.3,3261,4.7,82,12,5,1,1,1,1,0,1,A000000145286,10000010008
2026-08-16,더모 코스메틱,56,동국제약,[기미톤업/색소침착] 동국제약 멜라-셋 기미 토닝 크림 35g 더블 기획(+기미 와이드 패치 2매입*2ea),https://www.oliveyoung.co.kr/store/goods/getGoodsDetail.do?goodsNo=A000000255827,https://image.oliveyoung.co.kr/cfimages/cf-goods/uploads/images/thumbnails/400/10/0000/0025/A00000025582714ko.jpg?l=ko,72000,36900,48.8,1191,4.8,88,7,3,1,1,1,1,1,1,A000000255827,10000010008
2026-08-16,더모 코스메틱,57,피지오겔,피지오겔 레드수딩 시카밸런스 크림 80ml 대용량,https://www.oliveyoung.co.kr/store/goods/getGoodsDetail.do?goodsNo=A000000187127,https://image.oliveyoung.co.kr/cfimages/cf-goods/uploads/images/thumbnails/400/10/0000/0018/A00000018712711ko.jpg?l=ko,30000,23900,20.3,4510,4.8,84,12,3,1,1,1,0,0,1,A000000187127,10000010008
2026-08-16,더모 코스메틱,58,유리아쥬,[고발색/데일리 생기 컬러립밤] 유리아쥬 스틱레브르 컬러드 5종,https://www.oliveyoung.co.kr/store/goods/getGoodsDetail.do?goodsNo=A000000235485,https://image.oliveyoung.co.kr/cfimages/cf-goods/uploads/images/thumbnails/400/10/0000/0023/A00000023548572ko.jpg?l=ko,15000,11500,23.3,13596,4.6,75,13,7,2,2,1,1,1,1,A000000235485,10000010008
2026-08-16,더모 코스메틱,59,셀퓨전씨,[빙하수쿨링패드/화잘먹치트키] 셀퓨전씨 포스트 알파 쿨링 패드 70매 (쿨링/비타 쿨링),https://www.oliveyoung.co.kr/store/goods/getGoodsDetail.do?goodsNo=A000000167203,https://image.oliveyoung.co.kr/cfimages/cf-goods/uploads/images/thumbnails/400/10/0000/0016/A00000016720330ko.jpg?l=ko,23000,16900,26.5,5913,4.8,86,10,3,1,0,1,1,0,1,A000000167203,10000010008
2026-08-16,더모 코스메틱,60,바이오더마,[온라인 단독기획]바이오더마 하이드라비오 세럼 더블기획(40ml+40ml),https://www.oliveyoung.co.kr/store/goods/getGoodsDetail.do?goodsNo=A000000156315,https://image.oliveyoung.co.kr/cfimages/cf-goods/uploads/images/thumbnails/400/10/0000/0015/A00000015631513ko.jpg?l=ko,54600,46400,15.0,7328,4.8,85,11,3,0,0,1,0,0,1,A000000156315,10000010008
2026-08-16,더모 코스메틱,61,제로이드,제로이드 더마뉴얼 클렌징젤 200ml,https://www.oliveyoung.co.kr/store/goods/getGoodsDetail.do?goodsNo=A000000209905,https://image.oliveyoung.co.kr/cfimages/cf-goods/uploads/images/thumbnails/400/10/0000/0020/A00000020990513ko.jpg?l=ko,22000,22000,0.0,1150,4.8,88,7,3,1,1,0,0,0,1,A000000209905,10000010008
2026-08-16,더모 코스메틱,62,제로이드,제로이드 포밍 클렌저 240ml,https://www.oliveyoung.co.kr/store/goods/getGoodsDetail.do?goodsNo=A000000209910,https://image.oliveyoung.co.kr/cfimages/cf-goods/uploads/images/thumbnails/400/10/0000/0020/A00000020991006ko.jpg?l=ko,24000,24000,0.0,3871,4.8,88,9,2,0,1,0,0,0,1,A000000209910,10000010008
2026-08-16,더모 코스메틱,63,바이오더마,바이오더마 세비엄 젤 무쌍 400ml,https://www.oliveyoung.co.kr/store/goods/getGoodsDetail.do?goodsNo=A000000259047,https://image.oliveyoung.co.kr/cfimages/cf-goods/uploads/images/thumbnails/400/10/0000/0025/A00000025904701ko.jpg?l=ko,33500,25000,25.4,5418,4.7,83,11,4,1,1,1,0,0,1,A000000259047,10000010008
2026-08-16,더모 코스메틱,64,제로이드,[8월 올영픽] 제로이드 핌프로브 젤 클렌저 180ml 기획 (+ 핌프로브 크림 10ml),https://www.oliveyoung.co.kr/store/goods/getGoodsDetail.do?goodsNo=A000000262971,https://image.oliveyoung.co.kr/cfimages/cf-goods/uploads/images/thumbnails/400/10/0000/0026/A00000026297114ko.jpg?l=ko,32000,27900,12.8,11,4.6,73,18,9,,,1,1,0,1,A000000262971,10000010008
2026-08-16,더모 코스메틱,65,피지오겔,[손상장벽리페어] 피지오겔 레드수딩 AI 리페어 크림 100m 기획(+30ml+마스크 2매),https://www.oliveyoung.co.kr/store/goods/getGoodsDetail.do?goodsNo=A000000258831,https://image.oliveyoung.co.kr/cfimages/cf-goods/uploads/images/thumbnails/400/10/0000/0025/A00000025883111ko.jpg?l=ko,39500,27500,30.4,1674,4.8,87,9,3,1,1,1,0,0,1,A000000258831,10000010008
2026-08-16,더모 코스메틱,66,아벤느,[미피 핸드타올 증정] 아벤느 클리낭스 클렌징젤 400ml 2입 기획 (+미피 핸드타올),https://www.oliveyoung.co.kr/store/goods/getGoodsDetail.do?goodsNo=A000000259066,https://image.oliveyoung.co.kr/cfimages/cf-goods/uploads/images/thumbnails/400/10/0000/0025/A00000025906615ko.jpg?l=ko,45000,30900,31.3,1833,4.8,87,9,2,1,0,1,0,0,1,A000000259066,10000010008
2026-08-16,더모 코스메틱,67,파티온,[단독기획/5겹장벽크림] 파티온 노스카나인 트러블 크림 45ml 기획(+5ml+세럼 5ml),https://www.oliveyoung.co.kr/store/goods/getGoodsDetail.do?goodsNo=A000000219716,https://image.oliveyoung.co.kr/cfimages/cf-goods/uploads/images/thumbnails/400/10/0000/0021/A00000021971611ko.png?l=ko,32000,21500,32.8,21161,4.8,88,8,3,1,0,1,0,0,1,A000000219716,10000010008
2026-08-16,더모 코스메틱,68,에스트라,에스트라 에이시카365 쿨링진정패드 pH4.5 60매,https://www.oliveyoung.co.kr/store/goods/getGoodsDetail.do?goodsNo=A000000218547,https://image.oliveyoung.co.kr/cfimages/cf-goods/uploads/images/thumbnails/400/10/0000/0021/A00000021854710ko.jpg?l=ko,28000,23800,15.0,1935,4.7,81,12,5,2,1,1,0,0,1,A000000218547,10000010008
2026-08-16,더모 코스메틱,69,제로이드,제로이드 수딩 로션 160ml,https://www.oliveyoung.co.kr/store/goods/getGoodsDetail.do?goodsNo=A000000209904,https://image.oliveyoung.co.kr/cfimages/cf-goods/uploads/images/thumbnails/400/10/0000/0020/A00000020990408ko.jpg?l=ko,30000,30000,0.0,1944,4.8,86,9,4,1,1,0,0,0,1,A000000209904,10000010008
2026-08-16,더모 코스메틱,70,유세린,[1등마스크팩] 유세린 울트라센시티브 리페어 진정 마스크팩 5매,https://www.oliveyoung.co.kr/store/goods/getGoodsDetail.do?goodsNo=A000000203908,https://image.oliveyoung.co.kr/cfimages/cf-goods/uploads/images/thumbnails/400/10/0000/0020/A00000020390813ko.jpg?l=ko,30000,15900,47.0,5425,4.8,85,10,4,1,1,1,0,0,1,A000000203908,10000010008
2026-08-16,더모 코스메틱,71,에스트라,에스트라 아토베리어365 클렌징밀크 200ml,https://www.oliveyoung.co.kr/store/goods/getGoodsDetail.do?goodsNo=A000000245045,https://image.oliveyoung.co.kr/cfimages/cf-goods/uploads/images/thumbnails/400/10/0000/0024/A00000024504509ko.jpg?l=ko,29000,29000,0.0,495,4.8,86,8,4,1,0,0,0,0,1,A000000245045,10000010008
2026-08-16,더모 코스메틱,72,제로이드,제로이드 인텐시브 크림 80ml 기획 (+크림 토너 25ml),https://www.oliveyoung.co.kr/store/goods/getGoodsDetail.do?goodsNo=A000000244994,https://image.oliveyoung.co.kr/cfimages/cf-goods/uploads/images/thumbnails/400/10/0000/0024/A00000024499413ko.jpg?l=ko,32000,28800,10.0,5812,4.8,87,10,2,0,0,1,0,0,1,A000000244994,10000010008
2026-08-16,더모 코스메틱,73,리쥬란,[올리브영 단독런칭]리쥬란 힐러 스킨 프로텍션 마스크 10매 기획(+1매),https://www.oliveyoung.co.kr/store/goods/getGoodsDetail.do?goodsNo=A000000243440,https://image.oliveyoung.co.kr/cfimages/cf-goods/uploads/images/thumbnails/400/10/0000/0024/A00000024344021ko.jpg?l=ko,56000,32900,41.2,9240,4.7,83,11,5,1,1,1,0,0,1,A000000243440,10000010008
2026-08-16,더모 코스메틱,74,파티온,[속건조해결] 파티온 포도당 하이드로 에센스토너 300ml 더블 기획(2개입),https://www.oliveyoung.co.kr/store/goods/getGoodsDetail.do?goodsNo=A000000222849,https://image.oliveyoung.co.kr/cfimages/cf-goods/uploads/images/thumbnails/400/10/0000/0022/A00000022284909ko.jpg?l=ko,32000,24900,22.2,11026,4.9,96,3,1,0,0,1,0,0,1,A000000222849,10000010008
2026-08-16,더모 코스메틱,75,에스트라,에스트라 아토베리어365 포밍 클렌저 150ml+150ml 리필 기획,https://www.oliveyoung.co.kr/store/goods/getGoodsDetail.do?goodsNo=A000000245043,https://image.oliveyoung.co.kr/cfimages/cf-goods/uploads/images/thumbnails/400/10/0000/0024/A00000024504316ko.jpg?l=ko,32400,32400,0.0,1530,4.8,89,8,2,0,1,0,0,0,1,A000000245043,10000010008
2026-08-16,더모 코스메틱,76,라로슈포제,[파데프리] 라로슈포제 유비데아 안뗄리오스 톤업 로지 글로우 30ml 기획 (+멜라B3세럼 3ml*2ea),https://www.oliveyoung.co.kr/store/goods/getGoodsDetail.do?goodsNo=A000000252919,https://image.oliveyoung.co.kr/cfimages/cf-goods/uploads/images/thumbnails/400/10/0000/0025/A00000025291902ko.jpg?l=ko,38000,38000,0.0,1316,4.7,79,15,4,1,1,0,0,0,1,A000000252919,10000010008
2026-08-16,더모 코스메틱,77,이지듀,[8월 올영픽/트러블SOS진정]이지듀 EGFx 다운타임 오인트 겔 15ml 기획(+크림 7ml),https://www.oliveyoung.co.kr/store/goods/getGoodsDetail.do?goodsNo=A000000250106,https://image.oliveyoung.co.kr/cfimages/cf-goods/uploads/images/thumbnails/400/10/0000/0025/A00000025010623ko.jpg?l=ko,25000,20000,20.0,1251,4.9,92,6,2,0,0,1,0,0,1,A000000250106,10000010008
2026-08-16,더모 코스메틱,78,제로이드,[세정이 쉬운 무기자차] 제로이드 이지워시 마일드 선크림 50ml,https://www.oliveyoung.co.kr/store/goods/getGoodsDetail.do?goodsNo=A000000209913,https://image.oliveyoung.co.kr/cfimages/cf-goods/uploads/images/thumbnails/400/10/0000/0020/A00000020991306ko.jpg?l=ko,32000,32000,0.0,1460,4.8,85,10,3,1,1,0,0,0,1,A000000209913,10000010008
2026-08-16,더모 코스메틱,79,센텔리안24,[1등 크림/진정흔적] 센텔리안24 마데카 크림 타임 리버스 50ml 더블 기획(+15ml*2),https://www.oliveyoung.co.kr/store/goods/getGoodsDetail.do?goodsNo=A000000204949,https://image.oliveyoung.co.kr/cfimages/cf-goods/uploads/images/thumbnails/400/10/0000/0020/A00000020494915ko.jpg?l=ko,76000,76000,0.0,8444,4.9,90,7,2,0,0,0,0,0,1,A000000204949,10000010008
2026-08-16,더모 코스메틱,80,이지듀,[8월올영픽/색소침착 / 진정장벽케어]이지듀 EGFx 다운타임 크림 60ml 기획(+오인트 겔 5ml),https://www.oliveyoung.co.kr/store/goods/getGoodsDetail.do?goodsNo=A000000250103,https://image.oliveyoung.co.kr/cfimages/cf-goods/uploads/images/thumbnails/400/10/0000/0025/A00000025010321ko.jpg?l=ko,31000,23900,22.9,1251,4.9,92,6,2,0,0,1,0,0,1,A000000250103,10000010008
2026-08-16,더모 코스메틱,81,유리아쥬,[온가족 여성청결제] 유리아쥬 진피 마일드 젤 단품/기획 택 1 (50ml/200ml/500ml),https://www.oliveyoung.co.kr/store/goods/getGoodsDetail.do?goodsNo=A000000120689,https://image.oliveyoung.co.kr/cfimages/cf-goods/uploads/images/thumbnails/400/10/0000/0012/A00000012068937ko.jpg?l=ko,11000,5500,50.0,5089,4.9,90,8,1,0,0,1,0,0,1,A000000120689,10000010008
2026-08-16,더모 코스메틱,82,에스트라,에스트라 에이시카365 리페어 크림 pH4.5 60ml  (+크림 20ml+마스크 2매),https://www.oliveyoung.co.kr/store/goods/getGoodsDetail.do?goodsNo=A000000250472,https://image.oliveyoung.co.kr/cfimages/cf-goods/uploads/images/thumbnails/400/10/0000/0025/A00000025047219ko.jpg?l=ko,30000,30000,0.0,3730,4.8,85,10,3,1,1,0,0,0,1,A000000250472,10000010008
2026-08-16,더모 코스메틱,83,아벤느,[거울키링 증정] 아벤느 이드랑스 수분 에센스-인-로션 200ml 2입 기획,https://www.oliveyoung.co.kr/store/goods/getGoodsDetail.do?goodsNo=A000000251276,https://image.oliveyoung.co.kr/cfimages/cf-goods/uploads/images/thumbnails/400/10/0000/0025/A00000025127620ko.jpg?l=ko,51000,34900,31.6,2938,4.9,90,7,2,0,0,1,1,0,1,A000000251276,10000010008
2026-08-16,더모 코스메틱,84,닥터디퍼런트,[단독기획/레티날0.1%] 닥터디퍼런트 비타리프트 에이 포르테 2입 기획,https://www.oliveyoung.co.kr/store/goods/getGoodsDetail.do?goodsNo=A000000184624,https://image.oliveyoung.co.kr/cfimages/cf-goods/uploads/images/thumbnails/400/10/0000/0018/A00000018462424ko.jpg?l=ko,93600,71040,24.1,3261,4.7,82,12,5,1,1,1,0,0,1,A000000184624,10000010008
2026-08-16,더모 코스메틱,85,리쥬덱스,[전문 드레싱 관리_거즈 마스크]리쥬덱스 더마 리페어링 드레싱 마스크 5매,https://www.oliveyoung.co.kr/store/goods/getGoodsDetail.do?goodsNo=A000000260523,https://image.oliveyoung.co.kr/cfimages/cf-goods/uploads/images/thumbnails/400/10/0000/0026/A00000026052311ko.jpg?l=ko,26000,16500,36.5,172,4.9,95,5,1,,,1,1,0,1,A000000260523,10000010008
2026-08-16,더모 코스메틱,86,이지듀,[레올영픽/8월 올영픽]이지듀 EGFx 다운타임 오인트 마스크 4매,https://www.oliveyoung.co.kr/store/goods/getGoodsDetail.do?goodsNo=A000000250107,https://image.oliveyoung.co.kr/cfimages/cf-goods/uploads/images/thumbnails/400/10/0000/0025/A00000025010721ko.jpg?l=ko,30000,21900,27.0,226,4.8,85,9,4,,1,1,0,0,1,A000000250107,10000010008
2026-08-16,더모 코스메틱,87,바이오더마,바이오더마 시카비오 포마드 100ml(리페어 리치 밤),https://www.oliveyoung.co.kr/store/goods/getGoodsDetail.do?goodsNo=A000000134691,https://image.oliveyoung.co.kr/cfimages/cf-goods/uploads/images/thumbnails/400/10/0000/0013/A00000013469126ko.jpg?l=ko,40000,40000,0.0,14181,4.8,85,11,3,1,1,0,0,0,1,A000000134691,10000010008
2026-08-16,더모 코스메틱,88,리쥬덱스,"[흔적 리페어_c-PDRN 10,000 PPM]리쥬덱스 더마 리페어링 솔루션 앰플 10mLx2EA",https://www.oliveyoung.co.kr/store/goods/getGoodsDetail.do?goodsNo=A000000260346,https://image.oliveyoung.co.kr/cfimages/cf-goods/uploads/images/thumbnails/400/10/0000/0026/A00000026034615ko.jpg?l=ko,39000,32300,17.2,202,4.9,94,4,2,0,,1,1,0,1,A000000260346,10000010008
2026-08-16,더모 코스메틱,89,아벤느,[손상/장벽 리페어] 아벤느 시칼파트 플러스 SOS 리페어 크림 100ml 기획 (+40ml),https://www.oliveyoung.co.kr/store/goods/getGoodsDetail.do?goodsNo=A000000200725,https://image.oliveyoung.co.kr/cfimages/cf-goods/uploads/images/thumbnails/400/10/0000/0020/A00000020072513ko.jpg?l=ko,44000,31400,28.6,10825,4.7,80,13,5,1,1,1,0,0,1,A000000200725,10000010008
2026-08-16,더모 코스메틱,90,라로슈포제,라로슈포제 똘러리앙 포밍 클렌저 125ml 기획 (+클렌징밀크 50ml),https://www.oliveyoung.co.kr/store/goods/getGoodsDetail.do?goodsNo=A000000254204,https://image.oliveyoung.co.kr/cfimages/cf-goods/uploads/images/thumbnails/400/10/0000/0025/A00000025420402ko.jpg?l=ko,31000,31000,0.0,6044,4.8,87,10,2,1,0,0,0,0,1,A000000254204,10000010008
2026-08-16,더모 코스메틱,91,바이오더마,바이오더마 아토덤 립스틱 1+1 기획 (저자극 립밤),https://www.oliveyoung.co.kr/store/goods/getGoodsDetail.do?goodsNo=A000000171113,https://image.oliveyoung.co.kr/cfimages/cf-goods/uploads/images/thumbnails/400/10/0000/0017/A00000017111328ko.jpg?l=ko,20000,20000,0.0,36258,4.9,88,9,2,0,0,0,0,0,1,A000000171113,10000010008
2026-08-16,더모 코스메틱,92,라로슈포제,라로슈포제 시카플라스트 로션 B5 판테놀 시카에센스 토너 200ml,https://www.oliveyoung.co.kr/store/goods/getGoodsDetail.do?goodsNo=A000000159921,https://image.oliveyoung.co.kr/cfimages/cf-goods/uploads/images/thumbnails/400/10/0000/0015/A00000015992114ko.jpg?l=ko,37000,37000,0.0,3509,4.8,86,9,4,0,1,0,0,0,1,A000000159921,10000010008
2026-08-16,더모 코스메틱,93,닥터디퍼런트,[NEW/세라마이드3배] 닥터디퍼런트 세콜지 311 보습 장벽 크림 100g,https://www.oliveyoung.co.kr/store/goods/getGoodsDetail.do?goodsNo=A000000145331,https://image.oliveyoung.co.kr/cfimages/cf-goods/uploads/images/thumbnails/400/10/0000/0014/A00000014533109ko.jpg?l=ko,35000,25200,28.0,532,4.8,88,8,3,1,0,1,1,0,1,A000000145331,10000010008
2026-08-16,더모 코스메틱,94,에스트라,에스트라 더마UV365 레드진정 톤업 선크림 40ml 기획 (+무기자차 선크림 20ml),https://www.oliveyoung.co.kr/store/goods/getGoodsDetail.do?goodsNo=A000000206827,https://image.oliveyoung.co.kr/cfimages/cf-goods/uploads/images/thumbnails/400/10/0000/0020/A00000020682707ko.jpg?l=ko,31000,24800,20.0,2686,4.7,82,12,4,1,1,1,0,0,1,A000000206827,10000010008
2026-08-16,더모 코스메틱,95,라로슈포제,라로슈포제 에빠끌라 퓨리파잉 포밍 젤+M 200ml,https://www.oliveyoung.co.kr/store/goods/getGoodsDetail.do?goodsNo=A000000010476,https://image.oliveyoung.co.kr/cfimages/cf-goods/uploads/images/thumbnails/400/10/0000/0001/A00000001047606ko.jpg?l=ko,32000,28800,10.0,1191,4.8,85,11,3,1,1,1,0,0,1,A000000010476,10000010008
2026-08-16,더모 코스메틱,96,제로이드,제로이드 인텐시브 로션 160ml 기획 (+크림 토너 25ml),https://www.oliveyoung.co.kr/store/goods/getGoodsDetail.do?goodsNo=A000000250632,https://image.oliveyoung.co.kr/cfimages/cf-goods/uploads/images/thumbnails/400/10/0000/0025/A00000025063207ko.jpg?l=ko,32000,28800,10.0,2419,4.8,88,8,2,1,1,1,0,0,1,A000000250632,10000010008
2026-08-16,더모 코스메틱,97,바이오더마,바이오더마 하이드라비오 에센스로션 200ml 2입 기획 (+미스트펌프 증정),https://www.oliveyoung.co.kr/store/goods/getGoodsDetail.do?goodsNo=A000000255227,https://image.oliveyoung.co.kr/cfimages/cf-goods/uploads/images/thumbnails/400/10/0000/0025/A00000025522709ko.jpg?l=ko,59000,59000,0.0,10025,4.8,86,9,3,1,1,0,0,0,1,A000000255227,10000010008
2026-08-16,더모 코스메틱,98,라로슈포제,라로슈포제 히알루 B5 수분탄력 세럼 30ml 기획 (+10ml+히알루크림 3ml),https://www.oliveyoung.co.kr/store/goods/getGoodsDetail.do?goodsNo=A000000255834,https://image.oliveyoung.co.kr/cfimages/cf-goods/uploads/images/thumbnails/400/10/0000/0025/A00000025583403ko.jpg?l=ko,59000,59000,0.0,418,4.8,88,9,2,0,1,0,0,0,1,A000000255834,10000010008
2026-08-16,더모 코스메틱,99,에스트라,에스트라 아토베리어365 크림미스트 120ml,https://www.oliveyoung.co.kr/store/goods/getGoodsDetail.do?goodsNo=A000000130138,https://image.oliveyoung.co.kr/cfimages/cf-goods/uploads/images/thumbnails/400/10/0000/0013/A00000013013822ko.jpg?l=ko,23000,20700,10.0,11129,4.7,80,14,5,1,1,1,0,0,1,A000000130138,10000010008
2026-08-16,더모 코스메틱,100,리쥬덱스,[붉은기 2배 방어_수분 레이어링]리쥬덱스 더마 리페어링 크림 미스트 100ml,https://www.oliveyoung.co.kr/store/goods/getGoodsDetail.do?goodsNo=A000000260349,https://image.oliveyoung.co.kr/cfimages/cf-goods/uploads/images/thumbnails/400/10/0000/0026/A00000026034911ko.jpg?l=ko,25000,20600,17.6,149,4.9,93,7,,,,1,1,0,1,A000000260349,10000010008
2026-08-16,맨즈에딧,1,우르오스,[베스트 올인원]우르오스 올인원 200ml 2종 택 1,https://www.oliveyoung.co.kr/store/goods/getGoodsDetail.do?goodsNo=A000000117541,https://image.oliveyoung.co.kr/cfimages/cf-goods/uploads/images/thumbnails/400/10/0000/0011/A00000011754150ko.jpg?l=ko,29700,23700,20.2,7828,4.8,87,10,2,0,0,1,0,0,1,A000000117541,10000010007
2026-08-16,맨즈에딧,2,우르오스,[맨즈케어 바디워시 1위] 우르오스 스킨워시 500ml 2입 기획,https://www.oliveyoung.co.kr/store/goods/getGoodsDetail.do?goodsNo=A000000232997,https://image.oliveyoung.co.kr/cfimages/cf-goods/uploads/images/thumbnails/400/10/0000/0023/A00000023299709ko.png?l=ko,38200,31000,18.8,5616,4.9,92,6,1,0,0,1,0,0,1,A000000232997,10000010007
2026-08-16,맨즈에딧,3,우르오스,우르오스 스칼프샴푸 500ml (증정기획/단품),https://www.oliveyoung.co.kr/store/goods/getGoodsDetail.do?goodsNo=A000000006568,https://image.oliveyoung.co.kr/cfimages/cf-goods/uploads/images/thumbnails/400/10/0000/0000/A00000000656816ko.jpg?l=ko,29700,23700,20.2,545,4.8,90,6,2,1,1,1,0,0,1,A000000006568,10000010007
2026-08-16,맨즈에딧,4,이니스프리,[4950만개/1+1] 이니스프리 화산송이 바하 모공 클렌징폼 130g 더블 기획,https://www.oliveyoung.co.kr/store/goods/getGoodsDetail.do?goodsNo=A000000232913,https://image.oliveyoung.co.kr/cfimages/cf-goods/uploads/images/thumbnails/400/10/0000/0023/A00000023291362ko.jpg?l=ko,15000,13200,12.0,6718,4.8,88,8,2,0,0,1,0,1,1,A000000232913,10000010007
2026-08-16,맨즈에딧,5,오브제,[NEW 보송버전 출시] [덱스PICK] 오브제 내추럴 커버 로션 50g 단품/기획(+미니어처 10ml),https://www.oliveyoung.co.kr/store/goods/getGoodsDetail.do?goodsNo=A000000204975,https://image.oliveyoung.co.kr/cfimages/cf-goods/uploads/images/thumbnails/400/10/0000/0020/A00000020497522ko.jpg?l=ko,29800,27900,6.4,5476,4.9,90,7,2,0,1,1,0,0,1,A000000204975,10000010007
2026-08-16,맨즈에딧,6,토리든,토리든 밸런스풀 포맨 시카 프레쉬 올인원 200g 기획(+밸런스풀 올인원 20g),https://www.oliveyoung.co.kr/store/goods/getGoodsDetail.do?goodsNo=A000000228952,https://image.oliveyoung.co.kr/cfimages/cf-goods/uploads/images/thumbnails/400/10/0000/0022/A00000022895236ko.jpg?l=ko,25000,16990,32.0,1794,4.8,87,9,3,1,1,1,1,0,1,A000000228952,10000010007
2026-08-16,맨즈에딧,7,아이디얼포맨,[UV차단+스킨케어] 아이디얼포맨 프레시 선 올인원,https://www.oliveyoung.co.kr/store/goods/getGoodsDetail.do?goodsNo=A000000248772,https://image.oliveyoung.co.kr/cfimages/cf-goods/uploads/images/thumbnails/400/10/0000/0024/A00000024877219ko.jpg?l=ko,24000,12500,47.9,411,4.8,86,10,3,,1,1,1,0,1,A000000248772,10000010007
2026-08-16,맨즈에딧,8,오브제,[1등파데 리뉴얼] 오브제 내추럴 커버 파운데이션 PRO 14g 단품/기획 (+올인원 30ml 증정),https://www.oliveyoung.co.kr/store/goods/getGoodsDetail.do?goodsNo=A000000258285,https://image.oliveyoung.co.kr/cfimages/cf-goods/uploads/images/thumbnails/400/10/0000/0025/A00000025828512ko.jpg?l=ko,36800,33100,10.1,7879,4.8,89,8,2,0,0,1,0,0,1,A000000258285,10000010007
2026-08-16,맨즈에딧,9,아이디얼포맨,[7년 연속 1위] 아이디얼포맨 퍼펙트 올인원 150ml 단품/기획,https://www.oliveyoung.co.kr/store/goods/getGoodsDetail.do?goodsNo=A000000228228,https://image.oliveyoung.co.kr/cfimages/cf-goods/uploads/images/thumbnails/400/10/0000/0022/A00000022822875ko.jpg?l=ko,28000,16800,40.0,19529,4.9,88,10,2,0,0,1,0,0,1,A000000228228,10000010007
2026-08-16,맨즈에딧,10,셀렉스,"[단독런칭 1+1] 셀렉스 프로핏 SPORTS 단백질쉐이크 45g 2종 택1(너티초코, 미숫가루)",https://www.oliveyoung.co.kr/store/goods/getGoodsDetail.do?goodsNo=A000000261260,https://image.oliveyoung.co.kr/cfimages/cf-goods/uploads/images/thumbnails/400/10/0000/0026/A00000026126003ko.jpg?l=ko,4200,3900,7.1,60,4.6,81,10,5,3,2,0,1,0,1,A000000261260,10000010007
2026-08-16,맨즈에딧,11,오브제,[1등 기름종이선스틱] 오브제 포어 제로 오일 컨트롤 선스틱 18g 단품/기획,https://www.oliveyoung.co.kr/store/goods/getGoodsDetail.do?goodsNo=A000000238816,https://image.oliveyoung.co.kr/cfimages/cf-goods/uploads/images/thumbnails/400/10/0000/0023/A00000023881609ko.png?l=ko,25000,18900,24.4,5755,4.8,89,8,2,1,0,1,0,0,1,A000000238816,10000010007
2026-08-16,맨즈에딧,12,브라운,브라운 시리즈3 전기 면도기 310s W&D (건습식),https://www.oliveyoung.co.kr/store/goods/getGoodsDetail.do?goodsNo=A000000109450,https://image.oliveyoung.co.kr/cfimages/cf-goods/uploads/images/thumbnails/400/10/0000/0010/A00000010945010ko.jpg?l=ko,57900,48900,15.5,475,4.6,73,19,6,1,1,1,0,0,1,A000000109450,10000010007
2026-08-16,맨즈에딧,13,다슈,[초슬림 실리콘] 다슈 맨즈 에어핏 니플 밴드 52매(단품/더블기획),https://www.oliveyoung.co.kr/store/goods/getGoodsDetail.do?goodsNo=A000000227367,https://image.oliveyoung.co.kr/cfimages/cf-goods/uploads/images/thumbnails/400/10/0000/0022/A00000022736714ko.jpg?l=ko,14000,9400,32.9,618,4.8,86,8,4,1,1,1,1,1,1,A000000227367,10000010007
2026-08-16,맨즈에딧,14,피지오겔,피지오겔 DMT포맨 증정 기획세트 2종 한정기획 (플루이드 or 크림),https://www.oliveyoung.co.kr/store/goods/getGoodsDetail.do?goodsNo=A000000179227,https://image.oliveyoung.co.kr/cfimages/cf-goods/uploads/images/thumbnails/400/10/0000/0017/A00000017922718ko.jpg?l=ko,65000,29900,54.0,4251,4.9,89,9,2,0,0,1,0,0,1,A000000179227,10000010007
2026-08-16,맨즈에딧,15,아이디얼포맨,아이디얼포맨 프레시 올인원 150ml 단품/1+1 기획,https://www.oliveyoung.co.kr/store/goods/getGoodsDetail.do?goodsNo=A000000250298,https://image.oliveyoung.co.kr/cfimages/cf-goods/uploads/images/thumbnails/400/10/0000/0025/A00000025029821ko.jpg?l=ko,26000,14800,43.1,2283,4.8,88,9,2,0,0,1,0,0,1,A000000250298,10000010007
2026-08-16,맨즈에딧,16,오브제,[덱스 PICK/남자립밤1등] 오브제 무드체인지 립밤 3g 3종 택1,https://www.oliveyoung.co.kr/store/goods/getGoodsDetail.do?goodsNo=A000000161007,https://image.oliveyoung.co.kr/cfimages/cf-goods/uploads/images/thumbnails/400/10/0000/0016/A00000016100716ko.jpg?l=ko,11900,11900,0.0,10881,4.9,92,7,1,0,0,0,0,0,1,A000000161007,10000010007
2026-08-16,맨즈에딧,17,포맨트,[박지훈PICK/헤어퍼퓸 증정] 포맨트 시그니처 퍼퓸 코튼허그 50ml 단품/기획 (포켓몬 에디션),https://www.oliveyoung.co.kr/store/goods/getGoodsDetail.do?goodsNo=A000000221675,https://image.oliveyoung.co.kr/cfimages/cf-goods/uploads/images/thumbnails/400/10/0000/0022/A00000022167502ko.jpg?l=ko,39000,36500,6.4,9046,4.9,90,7,2,0,1,1,1,1,1,A000000221675,10000010007
2026-08-16,맨즈에딧,18,히든,[5초뿌리는바디로션] 히든 퍼퓸 스프레이 바디로션 기획/단품 10종,https://www.oliveyoung.co.kr/store/goods/getGoodsDetail.do?goodsNo=A000000182127,https://image.oliveyoung.co.kr/cfimages/cf-goods/uploads/images/thumbnails/400/10/0000/0018/A00000018212732ko.jpg?l=ko,32900,29600,10.0,2645,4.7,82,11,5,1,1,1,0,0,1,A000000182127,10000010007
2026-08-16,맨즈에딧,19,오브제,[1등 보송젤파우더] 오브제 오일 컨트롤 피니셔 5g 단품,https://www.oliveyoung.co.kr/store/goods/getGoodsDetail.do?goodsNo=A000000246600,https://image.oliveyoung.co.kr/cfimages/cf-goods/uploads/images/thumbnails/400/10/0000/0024/A00000024660006ko.jpg?l=ko,20000,15900,20.5,1546,4.6,79,8,6,2,4,1,0,0,1,A000000246600,10000010007
2026-08-16,맨즈에딧,20,질레트,질레트 랩스 딥클렌징바 면도날 [4입/8입/16입],https://www.oliveyoung.co.kr/store/goods/getGoodsDetail.do?goodsNo=A000000203644,https://image.oliveyoung.co.kr/cfimages/cf-goods/uploads/images/thumbnails/400/10/0000/0020/A00000020364419ko.jpg?l=ko,39900,39900,0.0,4321,4.9,90,8,2,0,1,0,0,1,1,A000000203644,10000010007
2026-08-16,맨즈에딧,21,우르오스,[맨즈케어 바디워시 1위]우르오스 스킨워시 500ml,https://www.oliveyoung.co.kr/store/goods/getGoodsDetail.do?goodsNo=A000000205802,https://image.oliveyoung.co.kr/cfimages/cf-goods/uploads/images/thumbnails/400/10/0000/0020/A00000020580251ko.jpg?l=ko,19700,15700,20.3,10578,4.9,90,8,1,0,0,1,0,0,1,A000000205802,10000010007
2026-08-16,맨즈에딧,22,마이프로틴,마이프로틴 웨이 단백질 쉐이크 45g 7종 택1,https://www.oliveyoung.co.kr/store/goods/getGoodsDetail.do?goodsNo=A000000239144,https://image.oliveyoung.co.kr/cfimages/cf-goods/uploads/images/thumbnails/400/10/0000/0023/A00000023914421ko.jpg?l=ko,5900,5900,0.0,541,4.9,94,4,1,0,1,0,0,0,1,A000000239144,10000010007
2026-08-16,맨즈에딧,23,우르오스,우르오스 올인원 스킨밀크 200ml,https://www.oliveyoung.co.kr/store/goods/getGoodsDetail.do?goodsNo=A000000006565,https://image.oliveyoung.co.kr/cfimages/cf-goods/uploads/images/thumbnails/400/10/0000/0000/A00000000656527ko.jpg?l=ko,29700,23700,20.2,5992,4.9,88,10,2,0,0,1,0,0,1,A000000006565,10000010007
2026-08-16,맨즈에딧,24,다슈,[1등 다운펌/강력밀착] 다슈 포맨 프리미엄 울트라 본드 젤 다운펌 100ml,https://www.oliveyoung.co.kr/store/goods/getGoodsDetail.do?goodsNo=A000000112355,https://image.oliveyoung.co.kr/cfimages/cf-goods/uploads/images/thumbnails/400/10/0000/0011/A00000011235516ko.jpg?l=ko,18000,18000,0.0,2234,4.4,65,18,12,3,2,0,0,1,1,A000000112355,10000010007
2026-08-16,맨즈에딧,25,셀렉스,셀렉스 프로핏 스포츠 330ml 4종 택1(초콜릿/아메리카노/복숭아/코코넛),https://www.oliveyoung.co.kr/store/goods/getGoodsDetail.do?goodsNo=A000000175561,https://image.oliveyoung.co.kr/cfimages/cf-goods/uploads/images/thumbnails/400/10/0000/0017/A00000017556105ko.jpg?l=ko,3200,3200,0.0,7508,4.7,81,9,6,2,2,0,0,0,1,A000000175561,10000010007
2026-08-16,맨즈에딧,26,다슈,[드라이볼륨 필수템] 다슈 클래식 스타일 그루밍 토닉 펌프 200ml 기획 (+100ml),https://www.oliveyoung.co.kr/store/goods/getGoodsDetail.do?goodsNo=A000000161438,https://image.oliveyoung.co.kr/cfimages/cf-goods/uploads/images/thumbnails/400/10/0000/0016/A00000016143823ko.jpg?l=ko,18000,11900,33.9,4200,4.8,87,10,2,0,0,1,1,1,1,A000000161438,10000010007
2026-08-16,맨즈에딧,27,닥터지,[트러블/면도후] 닥터지 레드 블레미쉬 포 맨 진정 올인원 150ml 2종 (단품/증정 기획),https://www.oliveyoung.co.kr/store/goods/getGoodsDetail.do?goodsNo=A000000223781,https://image.oliveyoung.co.kr/cfimages/cf-goods/uploads/images/thumbnails/400/10/0000/0022/A00000022378115ko.jpg?l=ko,32000,24000,25.0,4388,4.9,91,7,2,0,0,1,0,0,1,A000000223781,10000010007
2026-08-16,맨즈에딧,28,아이디얼포맨,[선크림세정] 아이디얼포맨 퍼펙트 클렌징 올인원 폼 150ml,https://www.oliveyoung.co.kr/store/goods/getGoodsDetail.do?goodsNo=A000000208895,https://image.oliveyoung.co.kr/cfimages/cf-goods/uploads/images/thumbnails/400/10/0000/0020/A00000020889514ko.jpg?l=ko,11000,11000,0.0,710,4.9,91,8,1,,,0,0,0,1,A000000208895,10000010007
2026-08-16,맨즈에딧,29,토리든,[단독기획] 토리든 다이브인 포맨 저분자 히알루론산 올인원 200g 더블 기획,https://www.oliveyoung.co.kr/store/goods/getGoodsDetail.do?goodsNo=A000000230522,https://image.oliveyoung.co.kr/cfimages/cf-goods/uploads/images/thumbnails/400/10/0000/0023/A00000023052211ko.jpg?l=ko,38000,29900,21.3,3752,4.9,90,8,1,0,0,1,0,0,1,A000000230522,10000010007
2026-08-16,맨즈에딧,30,필립스,필립스 1000 시리즈 바디 트리머(그루머) (BG1024/17) 바디제모기,https://www.oliveyoung.co.kr/store/goods/getGoodsDetail.do?goodsNo=A000000213073,https://image.oliveyoung.co.kr/cfimages/cf-goods/uploads/images/thumbnails/400/10/0000/0021/A00000021307301ko.jpg?l=ko,44900,33000,26.5,123,4.8,87,7,5,1,1,1,0,0,1,A000000213073,10000010007
2026-08-16,맨즈에딧,31,니베아,[올영1위/단독기획] 니베아 맨 센서티브 쉐이빙 폼 더블기획 (200ml+200ml),https://www.oliveyoung.co.kr/store/goods/getGoodsDetail.do?goodsNo=A000000200149,https://image.oliveyoung.co.kr/cfimages/cf-goods/uploads/images/thumbnails/400/10/0000/0020/A00000020014911ko.jpg?l=ko,11700,9900,15.4,12081,4.8,87,11,2,0,0,1,0,0,1,A000000200149,10000010007
2026-08-16,맨즈에딧,32,다슈,[150만 국민바디워시] 다슈 데일리 비타플렉스 올인원 바디워시 기획세트 (본품500ml+50ml 증정),https://www.oliveyoung.co.kr/store/goods/getGoodsDetail.do?goodsNo=A000000152332,https://image.oliveyoung.co.kr/cfimages/cf-goods/uploads/images/thumbnails/400/10/0000/0015/A00000015233218ko.jpg?l=ko,18000,11900,33.9,4962,4.9,89,9,2,0,0,1,1,1,1,A000000152332,10000010007
2026-08-16,맨즈에딧,33,랩노쉬,[새로운맛 출시] 랩노쉬 프로틴 드링크 퍼펙트 350ml 4종 택1,https://www.oliveyoung.co.kr/store/goods/getGoodsDetail.do?goodsNo=A000000250088,https://image.oliveyoung.co.kr/cfimages/cf-goods/uploads/images/thumbnails/400/10/0000/0025/A00000025008820ko.jpg?l=ko,3800,3800,0.0,1021,4.9,93,5,2,0,1,0,0,0,1,A000000250088,10000010007
2026-08-16,맨즈에딧,34,오브제,오브제 포어 제로 무스 클레이 팩 100ml,https://www.oliveyoung.co.kr/store/goods/getGoodsDetail.do?goodsNo=A000000212247,https://image.oliveyoung.co.kr/cfimages/cf-goods/uploads/images/thumbnails/400/10/0000/0021/A00000021224708ko.jpg?l=ko,26000,19900,23.5,860,4.9,90,7,2,0,0,1,0,0,1,A000000212247,10000010007
2026-08-16,맨즈에딧,35,랩시리즈,랩시리즈 데일리 레스큐 워터로션 200ml 단품/기획 (+60ml 추가증정),https://www.oliveyoung.co.kr/store/goods/getGoodsDetail.do?goodsNo=A000000199824,https://image.oliveyoung.co.kr/cfimages/cf-goods/uploads/images/thumbnails/400/10/0000/0019/A00000019982413ko.jpg?l=ko,62000,62000,0.0,848,4.8,86,12,1,0,1,0,0,0,1,A000000199824,10000010007
2026-08-16,맨즈에딧,36,질레트,질레트 프로쉴드 옐로우 면도날 11입,https://www.oliveyoung.co.kr/store/goods/getGoodsDetail.do?goodsNo=A000000205931,https://image.oliveyoung.co.kr/cfimages/cf-goods/uploads/images/thumbnails/400/10/0000/0020/A00000020593110ko.jpg?l=ko,78300,59900,23.5,3593,4.9,92,7,1,0,0,1,0,1,1,A000000205931,10000010007
2026-08-16,맨즈에딧,37,오브제,[덱스PICK/러너 필수템] 오브제 액티브 스웨트프루프 선스틱 18g,https://www.oliveyoung.co.kr/store/goods/getGoodsDetail.do?goodsNo=A000000248755,https://image.oliveyoung.co.kr/cfimages/cf-goods/uploads/images/thumbnails/400/10/0000/0024/A00000024875505ko.jpg?l=ko,25000,18900,24.4,1222,4.9,95,3,1,0,1,1,0,0,1,A000000248755,10000010007
2026-08-16,맨즈에딧,38,오브제,[보송톤업] 오브제 내추럴 톤업 선스틱 18g,https://www.oliveyoung.co.kr/store/goods/getGoodsDetail.do?goodsNo=A000000260943,https://image.oliveyoung.co.kr/cfimages/cf-goods/uploads/images/thumbnails/400/10/0000/0026/A00000026094303ko.jpg?l=ko,25000,18900,24.4,104,5.0,99,,,,1,1,0,0,1,A000000260943,10000010007
2026-08-16,맨즈에딧,39,비레디,[남성파데1위] 비레디 블루 파운데이션 35ml,https://www.oliveyoung.co.kr/store/goods/getGoodsDetail.do?goodsNo=A000000178092,https://image.oliveyoung.co.kr/cfimages/cf-goods/uploads/images/thumbnails/400/10/0000/0017/A00000017809215ko.jpg?l=ko,29000,29000,0.0,1153,4.8,85,10,4,1,0,0,0,0,1,A000000178092,10000010007
2026-08-16,맨즈에딧,40,오브제,[NEW/덱스PICK] 오브제 퍼펙트 커버 쿠션 15g,https://www.oliveyoung.co.kr/store/goods/getGoodsDetail.do?goodsNo=A000000246705,https://image.oliveyoung.co.kr/cfimages/cf-goods/uploads/images/thumbnails/400/10/0000/0024/A00000024670502ko.jpg?l=ko,34900,34900,0.0,1396,4.8,89,8,3,0,0,0,0,0,1,A000000246705,10000010007
2026-08-16,맨즈에딧,41,포맨트,[99.9%냄새제거/박지훈 PICK] 포맨트 시그니처 코튼 스프레이 코튼허그 200ml,https://www.oliveyoung.co.kr/store/goods/getGoodsDetail.do?goodsNo=A000000161034,https://image.oliveyoung.co.kr/cfimages/cf-goods/uploads/images/thumbnails/400/10/0000/0016/A00000016103424ko.png?l=ko,23000,20500,10.9,1121,4.9,93,5,1,0,1,1,1,0,1,A000000161034,10000010007
2026-08-16,맨즈에딧,42,비레디,[맨즈 1위 쿠션/124만개 판매] 비레디 임수빈 PICK 블루 쿠션,https://www.oliveyoung.co.kr/store/goods/getGoodsDetail.do?goodsNo=A000000212063,https://image.oliveyoung.co.kr/cfimages/cf-goods/uploads/images/thumbnails/400/10/0000/0021/A00000021206322ko.jpg?l=ko,32900,26900,18.2,3723,4.8,88,10,2,0,0,1,0,0,1,A000000212063,10000010007
2026-08-16,맨즈에딧,43,캘빈클라인,캘빈클라인 CK One EDT 단품/기획,https://www.oliveyoung.co.kr/store/goods/getGoodsDetail.do?goodsNo=A000000128148,https://image.oliveyoung.co.kr/cfimages/cf-goods/uploads/images/thumbnails/400/10/0000/0012/A00000012814850ko.png?l=ko,69000,45890,33.5,1893,4.8,85,12,2,0,0,1,1,1,1,A000000128148,10000010007
2026-08-16,맨즈에딧,44,피지오겔,[한정기획] 피지오겔 시카밸런스 포맨 2종 (+플루이드 100ml or 크림 70ml),https://www.oliveyoung.co.kr/store/goods/getGoodsDetail.do?goodsNo=A000000204590,https://image.oliveyoung.co.kr/cfimages/cf-goods/uploads/images/thumbnails/400/10/0000/0020/A00000020459010ko.jpg?l=ko,69000,31900,53.8,2791,4.9,91,7,1,0,0,1,0,0,1,A000000204590,10000010007
2026-08-16,맨즈에딧,45,질레트,질레트 면도날 16입 (스킨텍/옐로우/칠/울트라),https://www.oliveyoung.co.kr/store/goods/getGoodsDetail.do?goodsNo=A000000205872,https://image.oliveyoung.co.kr/cfimages/cf-goods/uploads/images/thumbnails/400/10/0000/0020/A00000020587215ko.jpg?l=ko,91900,54100,41.1,10781,4.9,91,7,2,0,0,1,1,1,1,A000000205872,10000010007
2026-08-16,맨즈에딧,46,라운드랩,[박재훈PICK/산뜻청량] 라운드랩 포맨 자작나무 토너/로션 2종기획 (+쉐이빙 폼 40ml),https://www.oliveyoung.co.kr/store/goods/getGoodsDetail.do?goodsNo=A000000187675,https://image.oliveyoung.co.kr/cfimages/cf-goods/uploads/images/thumbnails/400/10/0000/0018/A00000018767550ko.jpg?l=ko,42000,29800,29.0,7847,4.9,88,10,2,0,0,1,0,0,1,A000000187675,10000010007
2026-08-16,맨즈에딧,47,다슈,다슈 데일리 이지 커버 헤어쿠션 16g 내추럴블랙 단품/기획,https://www.oliveyoung.co.kr/store/goods/getGoodsDetail.do?goodsNo=A000000102306,https://image.oliveyoung.co.kr/cfimages/cf-goods/uploads/images/thumbnails/400/10/0000/0010/A00000010230610ko.jpg?l=ko,18000,18000,0.0,760,4.6,72,19,6,1,2,0,0,1,1,A000000102306,10000010007
2026-08-16,맨즈에딧,48,아이오페,[맨PDRN]아이오페 XMD 클리니컬 리커버리 올인원 포맨 기획 120g(+30g),https://www.oliveyoung.co.kr/store/goods/getGoodsDetail.do?goodsNo=A000000242173,https://image.oliveyoung.co.kr/cfimages/cf-goods/uploads/images/thumbnails/400/10/0000/0024/A00000024217309ko.jpg?l=ko,42000,29400,30.0,486,4.9,92,6,2,0,0,1,0,1,1,A000000242173,10000010007
2026-08-16,맨즈에딧,49,비오템,비오템옴므 아쿠아파워 올인원 50ml 트래블 기획/200ml,https://www.oliveyoung.co.kr/store/goods/getGoodsDetail.do?goodsNo=A000000137488,https://image.oliveyoung.co.kr/cfimages/cf-goods/uploads/images/thumbnails/400/10/0000/0013/A00000013748865ko.jpg?l=ko,30000,21000,30.0,1140,4.9,91,7,2,0,0,1,0,0,1,A000000137488,10000010007
2026-08-16,맨즈에딧,50,다슈,[10일지속 두피커버] 다슈 데일리 올데이 퍼펙트 두피 타투 20g 내추럴 블랙/브라운,https://www.oliveyoung.co.kr/store/goods/getGoodsDetail.do?goodsNo=A000000247084,https://image.oliveyoung.co.kr/cfimages/cf-goods/uploads/images/thumbnails/400/10/0000/0024/A00000024708409ko.jpg?l=ko,29000,29000,0.0,337,4.2,69,11,7,2,11,0,0,1,1,A000000247084,10000010007
2026-08-16,맨즈에딧,51,포르맨즈,[시미켄PICK/남성청결제1위] 포르맨즈 쿨클린존 남성청결제 블랙체리 150ml,https://www.oliveyoung.co.kr/store/goods/getGoodsDetail.do?goodsNo=A000000142355,https://image.oliveyoung.co.kr/cfimages/cf-goods/uploads/images/thumbnails/400/10/0000/0014/A00000014235507ko.png?l=ko,19900,19900,0.0,444,4.8,84,13,2,0,1,0,0,0,1,A000000142355,10000010007
2026-08-16,맨즈에딧,52,미닉,[모공&잡티 완벽커버] 미닉 미니멀 커버 로션 40ml (라이트베이지/내추럴베이지) 단품/단독기획,https://www.oliveyoung.co.kr/store/goods/getGoodsDetail.do?goodsNo=A000000223633,https://image.oliveyoung.co.kr/cfimages/cf-goods/uploads/images/thumbnails/400/10/0000/0022/A00000022363332ko.jpg?l=ko,30000,22900,23.7,706,4.8,87,9,3,0,1,0,1,0,1,A000000223633,10000010007
2026-08-16,맨즈에딧,53,그라펜,[압도적1등]그라펜 해수 포마드 100g 단품/기획,https://www.oliveyoung.co.kr/store/goods/getGoodsDetail.do?goodsNo=A000000104282,https://image.oliveyoung.co.kr/cfimages/cf-goods/uploads/images/thumbnails/400/10/0000/0010/A00000010428243ko.jpg?l=ko,17900,14500,19.0,2869,4.8,88,9,2,0,0,1,0,1,1,A000000104282,10000010007
2026-08-16,맨즈에딧,54,필립스,필립스 그루밍 멀티 트리머(NT3650/16) 코털제거기 콧털제거기,https://www.oliveyoung.co.kr/store/goods/getGoodsDetail.do?goodsNo=A000000146594,https://image.oliveyoung.co.kr/cfimages/cf-goods/uploads/images/thumbnails/400/10/0000/0014/A00000014659402ko.jpg?l=ko,28000,19000,32.1,2685,4.7,82,12,5,1,1,1,0,0,1,A000000146594,10000010007
2026-08-16,맨즈에딧,55,질레트,질레트 랩스 딥클렌징바 면도기 (핸들+4입날+거치대),https://www.oliveyoung.co.kr/store/goods/getGoodsDetail.do?goodsNo=A000000236888,https://image.oliveyoung.co.kr/cfimages/cf-goods/uploads/images/thumbnails/400/10/0000/0023/A00000023688812ko.jpg?l=ko,64500,44900,30.4,1397,4.9,91,7,2,0,0,1,0,1,1,A000000236888,10000010007
2026-08-16,맨즈에딧,56,질레트,질레트 스킨텍 매뉴얼 면도기 (핸들 1입 + 면도날2입),https://www.oliveyoung.co.kr/store/goods/getGoodsDetail.do?goodsNo=A000000206307,https://image.oliveyoung.co.kr/cfimages/cf-goods/uploads/images/thumbnails/400/10/0000/0020/A00000020630715ko.jpg?l=ko,20900,13600,34.9,3268,4.8,88,9,3,0,0,1,1,1,1,A000000206307,10000010007
2026-08-16,맨즈에딧,57,라운드랩,[번들모공] 라운드랩 포 맨 소나무 토너/로션 2종 기획(+진정 클렌저 40ml 증정),https://www.oliveyoung.co.kr/store/goods/getGoodsDetail.do?goodsNo=A000000199156,https://image.oliveyoung.co.kr/cfimages/cf-goods/uploads/images/thumbnails/400/10/0000/0019/A00000019915630ko.jpg?l=ko,43000,30800,28.4,5377,4.9,90,7,2,0,0,1,0,0,1,A000000199156,10000010007
2026-08-16,맨즈에딧,58,리우젤,리우젤 그루밍 토닉 200ml 단품/기획,https://www.oliveyoung.co.kr/store/goods/getGoodsDetail.do?goodsNo=A000000226695,https://image.oliveyoung.co.kr/cfimages/cf-goods/uploads/images/thumbnails/400/10/0000/0022/A00000022669521ko.png?l=ko,27000,19900,26.3,3663,4.8,87,10,2,0,0,1,0,0,1,A000000226695,10000010007
2026-08-16,맨즈에딧,59,우르오스,우르오스 올인원 스킨로션 200ml,https://www.oliveyoung.co.kr/store/goods/getGoodsDetail.do?goodsNo=A000000006564,https://image.oliveyoung.co.kr/cfimages/cf-goods/uploads/images/thumbnails/400/10/0000/0000/A00000000656426ko.jpg?l=ko,29700,23700,20.2,3498,4.9,88,9,2,0,0,1,0,0,1,A000000006564,10000010007
2026-08-16,맨즈에딧,60,닥터지,[올인원+클렌징폼] 닥터지 레드 블레미쉬 포 맨 진정올인원+클렌징폼 2종 기획 세트,https://www.oliveyoung.co.kr/store/goods/getGoodsDetail.do?goodsNo=A000000207459,https://image.oliveyoung.co.kr/cfimages/cf-goods/uploads/images/thumbnails/400/10/0000/0020/A00000020745914ko.jpg?l=ko,46000,29900,35.0,3002,4.9,90,8,2,0,0,1,0,0,1,A000000207459,10000010007
2026-08-16,맨즈에딧,61,다슈,[누적판매 85만개] 다슈 포맨 밤부 포레스트 메가 하드 스프레이 180ml,https://www.oliveyoung.co.kr/store/goods/getGoodsDetail.do?goodsNo=A000000161439,https://image.oliveyoung.co.kr/cfimages/cf-goods/uploads/images/thumbnails/400/10/0000/0016/A00000016143910ko.jpg?l=ko,15000,9800,34.7,4789,4.8,85,11,3,0,1,1,0,1,1,A000000161439,10000010007
2026-08-16,맨즈에딧,62,포뷰트,포뷰트 텍스처 쉐이크 스프레이 100ml (단품/기획),https://www.oliveyoung.co.kr/store/goods/getGoodsDetail.do?goodsNo=A000000232462,https://image.oliveyoung.co.kr/cfimages/cf-goods/uploads/images/thumbnails/400/10/0000/0023/A00000023246213ko.jpg?l=ko,24000,19200,20.0,322,4.6,80,9,5,2,5,1,0,0,1,A000000232462,10000010007
2026-08-16,맨즈에딧,63,그라펜,[오래가는향]그라펜 타투 퍼퓸 50ml 6종 택1 (원우드/코튼헤이즈/레몬/니스빌/클로버/레더),https://www.oliveyoung.co.kr/store/goods/getGoodsDetail.do?goodsNo=A000000191214,https://image.oliveyoung.co.kr/cfimages/cf-goods/uploads/images/thumbnails/400/10/0000/0019/A00000019121435ko.jpg?l=ko,50000,39800,20.4,3529,4.9,90,7,2,0,1,1,0,1,1,A000000191214,10000010007
2026-08-16,맨즈에딧,64,비레디,[1+1/1위 립밤] 비레디 임수빈 PICK 생기 립밤 더블 기획 3g+3g,https://www.oliveyoung.co.kr/store/goods/getGoodsDetail.do?goodsNo=A000000241365,https://image.oliveyoung.co.kr/cfimages/cf-goods/uploads/images/thumbnails/400/10/0000/0024/A00000024136552ko.jpg?l=ko,19400,19100,1.5,5610,4.8,88,9,2,0,0,1,0,0,1,A000000241365,10000010007
2026-08-16,맨즈에딧,65,다슈,[1등 컬크림] 다슈 데일리 볼륨업 컬크림 150ml,https://www.oliveyoung.co.kr/store/goods/getGoodsDetail.do?goodsNo=A000000111238,https://image.oliveyoung.co.kr/cfimages/cf-goods/uploads/images/thumbnails/400/10/0000/0011/A00000011123837ko.jpg?l=ko,15000,10500,30.0,6768,4.8,82,14,4,0,0,1,0,1,1,A000000111238,10000010007
2026-08-16,맨즈에딧,66,아이디얼포맨,[개기름뽀송] 아이디얼포맨 프레시 오일 컷 선스틱 단품/기획,https://www.oliveyoung.co.kr/store/goods/getGoodsDetail.do?goodsNo=A000000248771,https://image.oliveyoung.co.kr/cfimages/cf-goods/uploads/images/thumbnails/400/10/0000/0024/A00000024877128ko.jpg?l=ko,24000,12500,47.9,613,4.9,91,7,1,0,0,1,1,0,1,A000000248771,10000010007
2026-08-16,맨즈에딧,67,라운드랩,[민감진정/화해1위] 라운드랩 포 맨 소나무 진정 시카 로션 200ml,https://www.oliveyoung.co.kr/store/goods/getGoodsDetail.do?goodsNo=A000000199154,https://image.oliveyoung.co.kr/cfimages/cf-goods/uploads/images/thumbnails/400/10/0000/0019/A00000019915407ko.jpg?l=ko,25000,18500,26.0,4579,4.9,91,6,2,0,0,0,1,0,1,A000000199154,10000010007
2026-08-16,맨즈에딧,68,아이오페,아이오페 맨 올데이 퍼펙트 톤업 올인원 120ml 기획(+30ml),https://www.oliveyoung.co.kr/store/goods/getGoodsDetail.do?goodsNo=A000000206008,https://image.oliveyoung.co.kr/cfimages/cf-goods/uploads/images/thumbnails/400/10/0000/0020/A00000020600815ko.jpg?l=ko,38000,28500,25.0,234,4.9,91,8,1,,0,1,0,1,1,A000000206008,10000010007
2026-08-16,맨즈에딧,69,매일유업,"퓨어틴 프로틴 쉐이크 330ml 2종 택1(초코, 커피)",https://www.oliveyoung.co.kr/store/goods/getGoodsDetail.do?goodsNo=A000000263160,https://image.oliveyoung.co.kr/cfimages/cf-goods/uploads/images/thumbnails/400/10/0000/0026/A00000026316002ko.jpg?l=ko,5900,5900,0.0,104,5.0,97,3,,,,0,0,0,1,A000000263160,10000010007
2026-08-16,맨즈에딧,70,닥터지,[리뉴얼/펩타이드/속보습] 닥터지 레드 블레미쉬 포 맨 탄력 올인원 2종 택 1 (단품/증정 기획),https://www.oliveyoung.co.kr/store/goods/getGoodsDetail.do?goodsNo=A000000223782,https://image.oliveyoung.co.kr/cfimages/cf-goods/uploads/images/thumbnails/400/10/0000/0022/A00000022378207ko.jpg?l=ko,32000,22200,30.6,3338,4.8,87,10,2,0,0,1,0,0,1,A000000223782,10000010007
2026-08-16,맨즈에딧,71,파나소닉,파나소닉 ER-GK80 프리미엄 바디트리머,https://www.oliveyoung.co.kr/store/goods/getGoodsDetail.do?goodsNo=A000000206974,https://image.oliveyoung.co.kr/cfimages/cf-goods/uploads/images/thumbnails/400/10/0000/0020/A00000020697401ko.jpg?l=ko,139000,116900,15.9,35,4.9,94,3,3,,,1,0,0,1,A000000206974,10000010007
2026-08-16,맨즈에딧,72,그라펜,[초간편세팅] 그라펜 볼륨업 휘핑 토닉 100ml/250ml,https://www.oliveyoung.co.kr/store/goods/getGoodsDetail.do?goodsNo=A000000204124,https://image.oliveyoung.co.kr/cfimages/cf-goods/uploads/images/thumbnails/400/10/0000/0020/A00000020412424ko.jpg?l=ko,12000,9600,20.0,1421,4.9,93,5,2,0,0,1,0,1,1,A000000204124,10000010007
2026-08-16,맨즈에딧,73,포맨트,[리뉴얼출시]포맨트 시그니처 퍼퓸 코튼키스 50ml,https://www.oliveyoung.co.kr/store/goods/getGoodsDetail.do?goodsNo=A000000221786,https://image.oliveyoung.co.kr/cfimages/cf-goods/uploads/images/thumbnails/400/10/0000/0022/A00000022178615ko.jpg?l=ko,39000,37000,5.1,3166,4.8,89,8,3,0,0,1,0,0,1,A000000221786,10000010007
2026-08-16,맨즈에딧,74,고릴라왁싱,고릴라왁싱 가정용 제모기 휴대용 모근제거기 반영구 바디트리머 2000V,https://www.oliveyoung.co.kr/store/goods/getGoodsDetail.do?goodsNo=A000000225511,https://image.oliveyoung.co.kr/cfimages/cf-goods/uploads/images/thumbnails/400/10/0000/0022/A00000022551102ko.jpg?l=ko,55900,55900,0.0,189,4.4,69,18,3,4,6,0,0,0,1,A000000225511,10000010007
2026-08-16,맨즈에딧,75,오브제,[미피 랜덤파우치 증정] 오브제 포어 제로 프레쉬 올인원 150ml 단품/기획,https://www.oliveyoung.co.kr/store/goods/getGoodsDetail.do?goodsNo=A000000230537,https://image.oliveyoung.co.kr/cfimages/cf-goods/uploads/images/thumbnails/400/10/0000/0023/A00000023053718ko.jpg?l=ko,28000,20900,25.4,958,4.9,92,6,2,,0,1,0,0,1,A000000230537,10000010007
2026-08-16,맨즈에딧,76,세븐피엠,세븐피엠 털업왁싱 제모크림 100ml,https://www.oliveyoung.co.kr/store/goods/getGoodsDetail.do?goodsNo=A000000164918,https://image.oliveyoung.co.kr/cfimages/cf-goods/uploads/images/thumbnails/400/10/0000/0016/A00000016491802ko.jpg?l=ko,14900,10900,26.8,82,4.5,70,17,10,1,2,1,0,0,1,A000000164918,10000010007
2026-08-16,맨즈에딧,77,다슈,[탈모완화기능성] 다슈 데일리 볼륨 텍스처 스프레이 100ml,https://www.oliveyoung.co.kr/store/goods/getGoodsDetail.do?goodsNo=A000000258805,https://image.oliveyoung.co.kr/cfimages/cf-goods/uploads/images/thumbnails/400/10/0000/0025/A00000025880504ko.jpg?l=ko,22000,16200,26.4,235,4.6,77,11,7,2,2,1,1,1,1,A000000258805,10000010007
2026-08-16,맨즈에딧,78,리핀,[이소원 PICK] 리핀 실내 고체탈취제 300g,https://www.oliveyoung.co.kr/store/goods/getGoodsDetail.do?goodsNo=A000000240331,https://image.oliveyoung.co.kr/cfimages/cf-goods/uploads/images/thumbnails/400/10/0000/0024/A00000024033113ko.png?l=ko,21900,19700,10.0,275,4.7,80,11,8,1,0,1,0,0,1,A000000240331,10000010007
2026-08-16,맨즈에딧,79,두잉왓,[관하살PICK] 두잉왓 스킨톤 필터 로션 55ml(기획/단품),https://www.oliveyoung.co.kr/store/goods/getGoodsDetail.do?goodsNo=A000000207369,https://image.oliveyoung.co.kr/cfimages/cf-goods/uploads/images/thumbnails/400/10/0000/0020/A00000020736925ko.png?l=ko,33900,24900,26.5,1085,4.9,90,7,2,1,0,1,0,0,1,A000000207369,10000010007
2026-08-16,맨즈에딧,80,포뷰트,포뷰트 웨트 폴리쉬 오일 160ml 단품/기획,https://www.oliveyoung.co.kr/store/goods/getGoodsDetail.do?goodsNo=A000000185073,https://image.oliveyoung.co.kr/cfimages/cf-goods/uploads/images/thumbnails/400/10/0000/0018/A00000018507334ko.jpg?l=ko,18000,9000,50.0,2135,4.8,83,13,3,0,0,1,0,0,1,A000000185073,10000010007
2026-08-16,맨즈에딧,81,다슈,다슈 맨즈 에어핏 니플 밴드 더블기획 (52매+52매),https://www.oliveyoung.co.kr/store/goods/getGoodsDetail.do?goodsNo=A000000227366,https://image.oliveyoung.co.kr/cfimages/cf-goods/uploads/images/thumbnails/400/10/0000/0022/A00000022736608ko.jpg?l=ko,28000,15900,43.2,618,4.8,86,8,4,1,1,1,1,1,1,A000000227366,10000010007
2026-08-16,맨즈에딧,82,알페신,알페신 카페인샴푸 C1 250ml*2 (2입기획),https://www.oliveyoung.co.kr/store/goods/getGoodsDetail.do?goodsNo=A000000173627,https://image.oliveyoung.co.kr/cfimages/cf-goods/uploads/images/thumbnails/400/10/0000/0017/A00000017362711ko.jpg?l=ko,28000,24350,13.0,1260,4.9,91,7,1,0,0,1,0,0,1,A000000173627,10000010007
2026-08-16,맨즈에딧,83,다슈,[여름컬크림/웨트헤어] 다슈 데일리 웨트 컬크림 150ml 기획/단품,https://www.oliveyoung.co.kr/store/goods/getGoodsDetail.do?goodsNo=A000000138953,https://image.oliveyoung.co.kr/cfimages/cf-goods/uploads/images/thumbnails/400/10/0000/0013/A00000013895319ko.jpg?l=ko,15000,9900,34.0,3319,4.7,82,13,4,1,0,1,1,1,1,A000000138953,10000010007
2026-08-16,맨즈에딧,84,비레디,[임수빈 PICK] 비레디 트루톤 로션 40ml + 20ml 추가증정 기획,https://www.oliveyoung.co.kr/store/goods/getGoodsDetail.do?goodsNo=A000000233178,https://image.oliveyoung.co.kr/cfimages/cf-goods/uploads/images/thumbnails/400/10/0000/0023/A00000023317847ko.jpg?l=ko,32000,32000,0.0,802,4.8,88,8,2,0,1,0,0,1,1,A000000233178,10000010007
2026-08-16,맨즈에딧,85,다슈,[변우석 Pick]다슈 포맨 프리미엄 울트라 홀딩 파워 왁스 더블 기획 (100ml+100ml),https://www.oliveyoung.co.kr/store/goods/getGoodsDetail.do?goodsNo=A000000152319,https://image.oliveyoung.co.kr/cfimages/cf-goods/uploads/images/thumbnails/400/10/0000/0015/A00000015231909ko.jpg?l=ko,18000,14900,17.2,2585,4.8,82,14,3,0,0,1,0,1,1,A000000152319,10000010007
2026-08-16,맨즈에딧,86,라운드랩,[건성피부/보습케어] 라운드랩 포 맨 1025 독도 올인원 플루이드 200ml,https://www.oliveyoung.co.kr/store/goods/getGoodsDetail.do?goodsNo=A000000183230,https://image.oliveyoung.co.kr/cfimages/cf-goods/uploads/images/thumbnails/400/10/0000/0018/A00000018323007ko.jpg?l=ko,24000,17900,25.4,3516,4.9,88,10,2,0,0,1,0,0,1,A000000183230,10000010007
2026-08-16,맨즈에딧,87,오브제,[단독기획/5중모공케어] 오브제 포어 제로 토너/로션 2종 기획,https://www.oliveyoung.co.kr/store/goods/getGoodsDetail.do?goodsNo=A000000216255,https://image.oliveyoung.co.kr/cfimages/cf-goods/uploads/images/thumbnails/400/10/0000/0021/A00000021625518ko.jpg?l=ko,42000,30800,26.7,1396,4.9,95,3,1,0,0,1,0,0,1,A000000216255,10000010007
2026-08-16,맨즈에딧,88,릴리이브,[쏘팔메토/김동현PICK] 릴리이브 그로우턴 엑소좀 브러쉬 앰플  릴리이브 그로우턴 엑소좀 브러쉬 앰플 블랙 100ml,https://www.oliveyoung.co.kr/store/goods/getGoodsDetail.do?goodsNo=A000000261364,https://image.oliveyoung.co.kr/cfimages/cf-goods/uploads/images/thumbnails/400/10/0000/0026/A00000026136406ko.jpg?l=ko,32000,30800,3.7,2,5.0,100,,,,,1,0,0,1,A000000261364,10000010007
2026-08-16,맨즈에딧,89,랩시리즈,랩시리즈 파워 프로텍터 선스크린 SPF50 PA+++ 100ml,https://www.oliveyoung.co.kr/store/goods/getGoodsDetail.do?goodsNo=A000000158116,https://image.oliveyoung.co.kr/cfimages/cf-goods/uploads/images/thumbnails/400/10/0000/0015/A00000015811623ko.jpg?l=ko,92000,92000,0.0,38,4.9,95,5,,,,0,0,0,1,A000000158116,10000010007
2026-08-16,맨즈에딧,90,아이오페,[10년 연속 1위] 아이오페 맨 올데이 퍼펙트 올인원 120ml 기획 (+30ml),https://www.oliveyoung.co.kr/store/goods/getGoodsDetail.do?goodsNo=A000000184697,https://image.oliveyoung.co.kr/cfimages/cf-goods/uploads/images/thumbnails/400/10/0000/0018/A00000018469732ko.jpg?l=ko,38000,28500,25.0,5023,4.9,90,8,1,0,0,1,0,1,1,A000000184697,10000010007
2026-08-16,맨즈에딧,91,닥터지,[지성/증정 기획] 닥터지 레드 블레미쉬 포 맨 올인원 오일컷 로션 150ml (150+30 기획/150 단품),https://www.oliveyoung.co.kr/store/goods/getGoodsDetail.do?goodsNo=A000000185235,https://image.oliveyoung.co.kr/cfimages/cf-goods/uploads/images/thumbnails/400/10/0000/0018/A00000018523518ko.jpg?l=ko,32000,20300,36.6,2704,4.8,89,8,2,0,0,1,0,0,1,A000000185235,10000010007
2026-08-16,맨즈에딧,92,라네즈,[탄력세트] 라네즈옴므 블루에너지 2종 기획 (+미니어처 25ml 2종),https://www.oliveyoung.co.kr/store/goods/getGoodsDetail.do?goodsNo=A000000143189,https://image.oliveyoung.co.kr/cfimages/cf-goods/uploads/images/thumbnails/400/10/0000/0014/A00000014318916ko.jpg?l=ko,62000,40300,35.0,1634,4.9,88,9,2,0,0,1,0,0,1,A000000143189,10000010007
2026-08-16,맨즈에딧,93,갸스비,[11년 연속 1위/ 완벽고정] 갸스비 셋&킵 스프레이 263ml (레귤러),https://www.oliveyoung.co.kr/store/goods/getGoodsDetail.do?goodsNo=A000000009020,https://image.oliveyoung.co.kr/cfimages/cf-goods/uploads/images/thumbnails/400/10/0000/0000/A00000000902026ko.jpg?l=ko,9000,7600,15.6,9867,4.8,83,12,3,0,0,1,0,1,1,A000000009020,10000010007
2026-08-16,맨즈에딧,94,피지오겔,피지오겔 아쿠아 포맨 오일컷 선스틱 19g 기획 (+로션 30ml),https://www.oliveyoung.co.kr/store/goods/getGoodsDetail.do?goodsNo=A000000256465,https://image.oliveyoung.co.kr/cfimages/cf-goods/uploads/images/thumbnails/400/10/0000/0025/A00000025646506ko.jpg?l=ko,24000,18900,21.3,96,4.8,86,10,3,,,1,0,1,1,A000000256465,10000010007
2026-08-16,맨즈에딧,95,니베아,[72시간 강력 지속/체취케어] 니베아 맨 데오드란트 스프레이 200ml (쿨 킥),https://www.oliveyoung.co.kr/store/goods/getGoodsDetail.do?goodsNo=A000000001900,https://image.oliveyoung.co.kr/cfimages/cf-goods/uploads/images/thumbnails/400/10/0000/0000/A00000000190007ko.jpg?l=ko,14900,11900,20.1,708,4.7,79,15,5,1,0,1,0,0,1,A000000001900,10000010007
2026-08-16,맨즈에딧,96,파이브센스,[청담살롱 PICK] 파이브센스 헤어 웨트 100ml,https://www.oliveyoung.co.kr/store/goods/getGoodsDetail.do?goodsNo=A000000213807,https://image.oliveyoung.co.kr/cfimages/cf-goods/uploads/images/thumbnails/400/10/0000/0021/A00000021380703ko.jpg?l=ko,38000,38000,0.0,549,4.9,93,5,1,1,0,0,0,0,1,A000000213807,10000010007
2026-08-16,맨즈에딧,97,다슈,다슈 클래식 인크레더블 샤인 포마드 100g,https://www.oliveyoung.co.kr/store/goods/getGoodsDetail.do?goodsNo=A000000012913,https://image.oliveyoung.co.kr/cfimages/cf-goods/uploads/images/thumbnails/400/10/0000/0001/A00000001291312ko.jpg?l=ko,18000,18000,0.0,1412,4.8,82,15,3,,0,0,0,1,1,A000000012913,10000010007
2026-08-16,맨즈에딧,98,오브제,[저자극 바디로션] 오브제 맥스 올인원 로션 500ml,https://www.oliveyoung.co.kr/store/goods/getGoodsDetail.do?goodsNo=A000000246674,https://image.oliveyoung.co.kr/cfimages/cf-goods/uploads/images/thumbnails/400/10/0000/0024/A00000024667402ko.jpg?l=ko,24000,17900,25.4,78,4.9,95,1,1,,3,1,0,0,1,A000000246674,10000010007
2026-08-16,맨즈에딧,99,몽블랑,몽블랑 레전드 EDT 30ml/50ml 중 택1,https://www.oliveyoung.co.kr/store/goods/getGoodsDetail.do?goodsNo=A000000002290,https://image.oliveyoung.co.kr/cfimages/cf-goods/uploads/images/thumbnails/400/10/0000/0000/A00000000229019ko.jpg?l=ko,101000,75750,25.0,620,4.8,86,11,2,0,0,1,0,0,1,A000000002290,10000010007
2026-08-16,맨즈에딧,100,버버리,버버리 위크엔드 포맨 EDT 100ml,https://www.oliveyoung.co.kr/store/goods/getGoodsDetail.do?goodsNo=A000000186172,https://image.oliveyoung.co.kr/cfimages/cf-goods/uploads/images/thumbnails/400/10/0000/0018/A00000018617207ko.jpg?l=ko,110000,73200,33.5,307,4.8,88,10,2,0,0,1,1,0,1,A000000186172,10000010007
2026-08-16,향수/디퓨저,1,헤트라스,[단독선런칭/8월 올영픽] 헤트라스 고체탈취제 300g 2개입 5종,https://www.oliveyoung.co.kr/store/goods/getGoodsDetail.do?goodsNo=A000000261733,https://image.oliveyoung.co.kr/cfimages/cf-goods/uploads/images/thumbnails/400/10/0000/0026/A00000026173309ko.png?l=ko,18800,18400,2.1,473,4.9,94,3,2,0,0,1,1,0,1,A000000261733,10000010005
2026-08-16,향수/디퓨저,2,위프,[단독기획세트/8월올영픽] 위프 고체탈취제 300g+100g (+16종),https://www.oliveyoung.co.kr/store/goods/getGoodsDetail.do?goodsNo=A000000248026,https://image.oliveyoung.co.kr/cfimages/cf-goods/uploads/images/thumbnails/400/10/0000/0024/A00000024802626ko.jpg?l=ko,21900,19900,9.1,612,4.7,81,11,5,2,1,1,1,0,1,A000000248026,10000010005
2026-08-16,향수/디퓨저,3,포맨트,[박지훈PICK/헤어퍼퓸 증정] 포맨트 시그니처 퍼퓸 50ml 단품/기획 3종 택 1 (포켓몬 에디션),https://www.oliveyoung.co.kr/store/goods/getGoodsDetail.do?goodsNo=A000000218424,https://image.oliveyoung.co.kr/cfimages/cf-goods/uploads/images/thumbnails/400/10/0000/0021/A00000021842435ko.jpg?l=ko,39000,36500,6.4,8012,4.8,89,8,2,0,1,1,1,1,1,A000000218424,10000010005
2026-08-16,향수/디퓨저,4,헉슬리,[기획/1등퍼퓸] 헉슬리 퍼퓸 / 헤어퍼퓸 택 1,https://www.oliveyoung.co.kr/store/goods/getGoodsDetail.do?goodsNo=A000000176260,https://image.oliveyoung.co.kr/cfimages/cf-goods/uploads/images/thumbnails/400/10/0000/0017/A00000017626058ko.jpg?l=ko,48000,36000,25.0,4425,4.8,87,9,3,1,1,1,1,1,1,A000000176260,10000010005
2026-08-16,향수/디퓨저,5,포맨트,[박지훈PICK/헤어퍼퓸 증정] 포맨트 시그니처 퍼퓸 코튼허그 50ml 단품/기획 (포켓몬 에디션),https://www.oliveyoung.co.kr/store/goods/getGoodsDetail.do?goodsNo=A000000221675,https://image.oliveyoung.co.kr/cfimages/cf-goods/uploads/images/thumbnails/400/10/0000/0022/A00000022167502ko.jpg?l=ko,39000,36500,6.4,9046,4.9,90,7,2,0,1,1,1,1,1,A000000221675,10000010005
2026-08-16,향수/디퓨저,6,비비앙,[8월 올영픽/보이넥스트도어  PICK] 비비앙 니치 섬유향수 100ml (단품/기획),https://www.oliveyoung.co.kr/store/goods/getGoodsDetail.do?goodsNo=A000000180515,https://image.oliveyoung.co.kr/cfimages/cf-goods/uploads/images/thumbnails/400/10/0000/0018/A00000018051545ko.jpg?l=ko,15900,14500,8.8,3678,4.8,84,10,5,1,1,1,1,1,1,A000000180515,10000010005
2026-08-16,향수/디퓨저,7,스침,[8월 올영픽] 스침 섬유 공간 향수 단품/기획 18종,https://www.oliveyoung.co.kr/store/goods/getGoodsDetail.do?goodsNo=A000000224784,https://image.oliveyoung.co.kr/cfimages/cf-goods/uploads/images/thumbnails/400/10/0000/0022/A00000022478437ko.jpg?l=ko,18000,13700,23.9,2303,4.6,80,10,6,2,2,1,1,1,1,A000000224784,10000010005
2026-08-16,향수/디퓨저,8,에틀리에,[엔믹스PICK] 에틀리에 오 드 퍼퓸 30ml/10ml 14종,https://www.oliveyoung.co.kr/store/goods/getGoodsDetail.do?goodsNo=A000000247997,https://image.oliveyoung.co.kr/cfimages/cf-goods/uploads/images/thumbnails/400/10/0000/0024/A00000024799721ko.png?l=ko,43000,36500,15.1,3077,5.0,98,1,0,0,0,1,0,0,1,A000000247997,10000010005
2026-08-16,향수/디퓨저,9,레노아,레노아 향기부스터 단품/기획 6종 택 1,https://www.oliveyoung.co.kr/store/goods/getGoodsDetail.do?goodsNo=A000000236357,https://image.oliveyoung.co.kr/cfimages/cf-goods/uploads/images/thumbnails/400/10/0000/0023/A00000023635764ko.jpg?l=ko,9900,9900,0.0,13776,4.9,91,6,2,0,0,0,0,0,1,A000000236357,10000010005
2026-08-16,향수/디퓨저,10,끌로에,끌로에 로 드 퍼퓸 인텐스 EDP 30ml/50ml/50기획,https://www.oliveyoung.co.kr/store/goods/getGoodsDetail.do?goodsNo=A000000226000,https://image.oliveyoung.co.kr/cfimages/cf-goods/uploads/images/thumbnails/400/10/0000/0022/A00000022600015ko.png?l=ko,135000,101250,25.0,150,4.9,95,3,1,,1,1,0,0,1,A000000226000,10000010005
2026-08-16,향수/디퓨저,11,제니퍼로페즈,[단독기획] 제니퍼로페즈 글로우 바이제이로 EDT 100ml 기획(+프로미스 바디로션),https://www.oliveyoung.co.kr/store/goods/getGoodsDetail.do?goodsNo=A000000200391,https://image.oliveyoung.co.kr/cfimages/cf-goods/uploads/images/thumbnails/400/10/0000/0020/A00000020039105ko.jpg?l=ko,106000,54800,48.3,4855,4.8,83,12,4,0,0,1,0,0,1,A000000200391,10000010005
2026-08-16,향수/디퓨저,12,라운드어라운드,"[8월올영PICK] 라운드어라운드 편백 클린 스프레이(90ml,160ml,리필기획)",https://www.oliveyoung.co.kr/store/goods/getGoodsDetail.do?goodsNo=A000000170807,https://image.oliveyoung.co.kr/cfimages/cf-goods/uploads/images/thumbnails/400/10/0000/0017/A00000017080763ko.jpg?l=ko,10900,8500,22.0,16119,4.8,86,10,3,0,0,1,1,1,1,A000000170807,10000010005
2026-08-16,향수/디퓨저,13,클린,"클린 웜코튼 EDP 30ml,60ml 단품/기획 중 택 1",https://www.oliveyoung.co.kr/store/goods/getGoodsDetail.do?goodsNo=A000000129613,https://image.oliveyoung.co.kr/cfimages/cf-goods/uploads/images/thumbnails/400/10/0000/0012/A00000012961361ko.jpg?l=ko,105000,56900,45.8,2382,4.8,85,10,3,0,1,0,1,1,1,A000000129613,10000010005
2026-08-16,향수/디퓨저,14,오브제바이쿤달,[1위고체향수] 오브제바이쿤달 솔리드 퍼퓸 밤 고체향수 5종 택 1,https://www.oliveyoung.co.kr/store/goods/getGoodsDetail.do?goodsNo=A000000258621,https://image.oliveyoung.co.kr/cfimages/cf-goods/uploads/images/thumbnails/400/10/0000/0025/A00000025862129ko.jpg?l=ko,37500,37500,0.0,324,5.0,98,1,0,,0,0,0,0,1,A000000258621,10000010005
2026-08-16,향수/디퓨저,15,오브제바이쿤달,[NEW] 오브제바이쿤달 클로버디퓨저 세트 2종 택 1,https://www.oliveyoung.co.kr/store/goods/getGoodsDetail.do?goodsNo=A000000259103,https://image.oliveyoung.co.kr/cfimages/cf-goods/uploads/images/thumbnails/400/10/0000/0025/A00000025910309ko.jpg?l=ko,37000,37000,0.0,204,5.0,99,0,,,1,0,0,0,1,A000000259103,10000010005
2026-08-16,향수/디퓨저,16,포맨트,[박지훈PICK/헤어퍼퓸 증정] 포맨트 시그니처 퍼퓸 코튼베이비 50ml 기획/단품 (포켓몬 에디션),https://www.oliveyoung.co.kr/store/goods/getGoodsDetail.do?goodsNo=A000000237353,https://image.oliveyoung.co.kr/cfimages/cf-goods/uploads/images/thumbnails/400/10/0000/0023/A00000023735352ko.jpg?l=ko,49000,46500,5.1,1113,4.9,90,8,2,1,0,1,0,1,1,A000000237353,10000010005
2026-08-16,향수/디퓨저,17,피에브,피에브 에어워셔 고체탈취제 250g 5종 (피톤치드/머스크/무향/코튼/블랙베리&베이),https://www.oliveyoung.co.kr/store/goods/getGoodsDetail.do?goodsNo=A000000248722,https://image.oliveyoung.co.kr/cfimages/cf-goods/uploads/images/thumbnails/400/10/0000/0024/A00000024872210ko.png?l=ko,19800,18800,5.1,669,4.9,93,3,3,0,0,1,0,0,1,A000000248722,10000010005
2026-08-16,향수/디퓨저,18,포맨트,[99.9%냄새제거/박지훈 PICK] 포맨트 시그니처 코튼 스프레이 코튼허그 200ml,https://www.oliveyoung.co.kr/store/goods/getGoodsDetail.do?goodsNo=A000000161034,https://image.oliveyoung.co.kr/cfimages/cf-goods/uploads/images/thumbnails/400/10/0000/0016/A00000016103424ko.png?l=ko,23000,20500,10.9,1121,4.9,93,5,1,0,1,1,1,0,1,A000000161034,10000010005
2026-08-16,향수/디퓨저,19,이세이미야케,이세이미야케 르 셀 디세이 EDT (50ml/100ml/기획),https://www.oliveyoung.co.kr/store/goods/getGoodsDetail.do?goodsNo=A000000210408,https://image.oliveyoung.co.kr/cfimages/cf-goods/uploads/images/thumbnails/400/10/0000/0021/A00000021040807ko.jpg?l=ko,111000,72150,35.0,110,4.9,90,6,3,1,,1,0,0,1,A000000210408,10000010005
2026-08-16,향수/디퓨저,20,캘빈클라인,캘빈클라인 CK One EDT 단품/기획,https://www.oliveyoung.co.kr/store/goods/getGoodsDetail.do?goodsNo=A000000128148,https://image.oliveyoung.co.kr/cfimages/cf-goods/uploads/images/thumbnails/400/10/0000/0012/A00000012814850ko.png?l=ko,69000,45890,33.5,1893,4.8,85,12,2,0,0,1,1,1,1,A000000128148,10000010005
2026-08-16,향수/디퓨저,21,아뜰리에페이,아뜰리에페이 퍼퓸 코지 파자마 30ml,https://www.oliveyoung.co.kr/store/goods/getGoodsDetail.do?goodsNo=A000000218518,https://image.oliveyoung.co.kr/cfimages/cf-goods/uploads/images/thumbnails/400/10/0000/0021/A00000021851821ko.jpg?l=ko,41000,34850,15.0,440,4.8,85,12,3,,0,0,1,0,1,A000000218518,10000010005
2026-08-16,향수/디퓨저,22,존바바토스,존바바토스 아티산 블랙 EDT 125ml,https://www.oliveyoung.co.kr/store/goods/getGoodsDetail.do?goodsNo=A000000006791,https://image.oliveyoung.co.kr/cfimages/cf-goods/uploads/images/thumbnails/400/10/0000/0000/A00000000679103ko.jpg?l=ko,149000,69900,53.1,258,4.7,85,10,2,1,2,1,0,0,1,A000000006791,10000010005
2026-08-16,향수/디퓨저,23,스너글,[증정기획/올영픽] 스너글 섬유탈취제 두산베어스 콜라보 한정기획/150ml/470ml,https://www.oliveyoung.co.kr/store/goods/getGoodsDetail.do?goodsNo=A000000202529,https://image.oliveyoung.co.kr/cfimages/cf-goods/uploads/images/thumbnails/400/10/0000/0020/A00000020252940ko.png?l=ko,5700,3700,35.1,55129,4.8,86,10,3,0,0,1,1,0,1,A000000202529,10000010005
2026-08-16,향수/디퓨저,24,제니퍼로페즈,제니퍼로페즈 글로우 바이제이로 EDT 30ml,https://www.oliveyoung.co.kr/store/goods/getGoodsDetail.do?goodsNo=A000000104639,https://image.oliveyoung.co.kr/cfimages/cf-goods/uploads/images/thumbnails/400/10/0000/0010/A00000010463902ko.jpg?l=ko,63000,32800,47.9,1732,4.7,80,14,4,1,0,1,0,0,1,A000000104639,10000010005
2026-08-16,향수/디퓨저,25,벨벳바니,[일본 1위] 벨벳바니 스킨퍼퓸 80ml 5종,https://www.oliveyoung.co.kr/store/goods/getGoodsDetail.do?goodsNo=A000000254558,https://image.oliveyoung.co.kr/cfimages/cf-goods/uploads/images/thumbnails/400/10/0000/0025/A00000025455801ko.png?l=ko,29800,25900,13.1,2777,5.0,98,2,1,0,0,1,0,0,1,A000000254558,10000010005
2026-08-16,향수/디퓨저,26,라운드어라운드,라운드어라운드 선인장 디퓨저 2종 택1,https://www.oliveyoung.co.kr/store/goods/getGoodsDetail.do?goodsNo=A000000164875,https://image.oliveyoung.co.kr/cfimages/cf-goods/uploads/images/thumbnails/400/10/0000/0016/A00000016487510ko.jpg?l=ko,28000,19800,29.3,3832,4.8,84,12,3,0,1,1,0,1,1,A000000164875,10000010005
2026-08-16,향수/디퓨저,27,그라펜,[오래가는향]그라펜 타투 퍼퓸 50ml 6종 택1 (원우드/코튼헤이즈/레몬/니스빌/클로버/레더),https://www.oliveyoung.co.kr/store/goods/getGoodsDetail.do?goodsNo=A000000191214,https://image.oliveyoung.co.kr/cfimages/cf-goods/uploads/images/thumbnails/400/10/0000/0019/A00000019121435ko.jpg?l=ko,50000,39800,20.4,3529,4.9,90,7,2,0,1,1,0,1,1,A000000191214,10000010005
2026-08-16,향수/디퓨저,28,라운드어라운드,"[방향,탈취,제습] 라운드어라운드 센티드 샤쉐 4종",https://www.oliveyoung.co.kr/store/goods/getGoodsDetail.do?goodsNo=A000000226483,https://image.oliveyoung.co.kr/cfimages/cf-goods/uploads/images/thumbnails/400/10/0000/0022/A00000022648324ko.jpg?l=ko,6000,4800,20.0,7281,4.7,81,11,6,1,1,1,0,1,1,A000000226483,10000010005
2026-08-16,향수/디퓨저,29,에이딕트,[에탄올FREE]에이딕트 오 드 퍼퓸 50ml 7종 택 1(단품/기획),https://www.oliveyoung.co.kr/store/goods/getGoodsDetail.do?goodsNo=A000000208713,https://image.oliveyoung.co.kr/cfimages/cf-goods/uploads/images/thumbnails/400/10/0000/0020/A00000020871341ko.jpg?l=ko,63000,38900,38.3,3915,4.7,79,13,5,1,1,1,0,1,1,A000000208713,10000010005
2026-08-16,향수/디퓨저,30,아닐로,아닐로 오 드 퍼퓸 10ml 단품/기획 (7종 택 1),https://www.oliveyoung.co.kr/store/goods/getGoodsDetail.do?goodsNo=A000000231171,https://image.oliveyoung.co.kr/cfimages/cf-goods/uploads/images/thumbnails/400/10/0000/0023/A00000023117136ko.jpg?l=ko,26000,15000,42.3,1039,4.9,92,5,2,0,0,1,0,1,1,A000000231171,10000010005
2026-08-16,향수/디퓨저,31,아리아나그란데,아리아나그란데 클라우드 EDP 50ml,https://www.oliveyoung.co.kr/store/goods/getGoodsDetail.do?goodsNo=A000000136757,https://image.oliveyoung.co.kr/cfimages/cf-goods/uploads/images/thumbnails/400/10/0000/0013/A00000013675701ko.jpg?l=ko,95000,57800,39.2,373,4.8,88,9,2,,1,1,0,0,1,A000000136757,10000010005
2026-08-16,향수/디퓨저,32,아리아나그란데,아리아나그란데 땡큐 넥스트 EDP 50ml,https://www.oliveyoung.co.kr/store/goods/getGoodsDetail.do?goodsNo=A000000137487,https://image.oliveyoung.co.kr/cfimages/cf-goods/uploads/images/thumbnails/400/10/0000/0013/A00000013748701ko.jpg?l=ko,95000,57800,39.2,820,4.8,88,8,3,0,0,1,0,0,1,A000000137487,10000010005
2026-08-16,향수/디퓨저,33,헤트라스,[올영 1위 디퓨저/단독기획] 헤트라스 프리미엄 대용량 디퓨저 510ml 2개입 기획세트,https://www.oliveyoung.co.kr/store/goods/getGoodsDetail.do?goodsNo=A000000219310,https://image.oliveyoung.co.kr/cfimages/cf-goods/uploads/images/thumbnails/400/10/0000/0021/A00000021931014ko.png?l=ko,19300,18100,6.2,3179,4.8,87,8,3,1,1,1,1,0,1,A000000219310,10000010005
2026-08-16,향수/디퓨저,34,든향,든향 룸앤패브릭 스프레이 살결 80ml,https://www.oliveyoung.co.kr/store/goods/getGoodsDetail.do?goodsNo=A000000207627,https://image.oliveyoung.co.kr/cfimages/cf-goods/uploads/images/thumbnails/400/10/0000/0020/A00000020762703ko.jpg?l=ko,15900,12900,18.9,52,4.8,83,10,8,,,1,0,0,1,A000000207627,10000010005
2026-08-16,향수/디퓨저,35,라운드어라운드,[8월올영PICK] 라운드어라운드 센티드 디퓨저 100ml 5종,https://www.oliveyoung.co.kr/store/goods/getGoodsDetail.do?goodsNo=A000000223256,https://image.oliveyoung.co.kr/cfimages/cf-goods/uploads/images/thumbnails/400/10/0000/0022/A00000022325642ko.jpg?l=ko,19800,11210,43.4,3820,4.7,83,10,5,1,1,1,1,1,1,A000000223256,10000010005
2026-08-16,향수/디퓨저,36,아디다스(뷰티),[NEW][김재원PICK] 아디다스 EDP 9종(30ml/50ml/100ml) 택 1,https://www.oliveyoung.co.kr/store/goods/getGoodsDetail.do?goodsNo=A000000254364,https://image.oliveyoung.co.kr/cfimages/cf-goods/uploads/images/thumbnails/400/10/0000/0025/A00000025436428ko.png?l=ko,40000,36700,8.3,3333,4.9,93,5,1,1,1,1,1,1,1,A000000254364,10000010005
2026-08-16,향수/디퓨저,37,몽블랑,몽블랑 익스플로러 EDP 30ml/60ml 택1,https://www.oliveyoung.co.kr/store/goods/getGoodsDetail.do?goodsNo=A000000218427,https://image.oliveyoung.co.kr/cfimages/cf-goods/uploads/images/thumbnails/400/10/0000/0021/A00000021842702ko.jpg?l=ko,74000,55500,25.0,108,4.8,90,7,1,1,1,1,0,0,1,A000000218427,10000010005
2026-08-16,향수/디퓨저,38,라운드어라운드,[플라워 신상출시] 라운드어라운드 플라워/선인장/댕댕이 디퓨저 100ml 6종,https://www.oliveyoung.co.kr/store/goods/getGoodsDetail.do?goodsNo=A000000230878,https://image.oliveyoung.co.kr/cfimages/cf-goods/uploads/images/thumbnails/400/10/0000/0023/A00000023087812ko.jpg?l=ko,28000,20800,25.7,4660,4.8,87,9,2,0,1,1,0,1,1,A000000230878,10000010005
2026-08-16,향수/디퓨저,39,존바바토스,존바바토스 아티산 퓨어 EDT 75ml,https://www.oliveyoung.co.kr/store/goods/getGoodsDetail.do?goodsNo=A000000193152,https://image.oliveyoung.co.kr/cfimages/cf-goods/uploads/images/thumbnails/400/10/0000/0019/A00000019315201ko.jpg?l=ko,109000,53300,51.1,103,4.9,91,7,2,,,1,0,0,1,A000000193152,10000010005
2026-08-16,향수/디퓨저,40,존바바토스,[단독기획] 존바바토스 아티산/아티산 블랙 EDT 75ml 기획,https://www.oliveyoung.co.kr/store/goods/getGoodsDetail.do?goodsNo=A000000204315,https://image.oliveyoung.co.kr/cfimages/cf-goods/uploads/images/thumbnails/400/10/0000/0020/A00000020431510ko.jpg?l=ko,109000,53300,51.1,384,4.9,94,5,1,0,,1,0,0,1,A000000204315,10000010005
2026-08-16,향수/디퓨저,41,스너글,[올영픽] 스너글 섬유탈취제 150ml 단품 / 한정기획 택 1,https://www.oliveyoung.co.kr/store/goods/getGoodsDetail.do?goodsNo=A000000218718,https://image.oliveyoung.co.kr/cfimages/cf-goods/uploads/images/thumbnails/400/10/0000/0021/A00000021871826ko.png?l=ko,11400,7800,31.6,50663,4.8,86,10,3,0,0,1,0,0,1,A000000218718,10000010005
2026-08-16,향수/디퓨저,42,베르사체,베르사체 퍼퓸  EDT / EDP 대용량 택1,https://www.oliveyoung.co.kr/store/goods/getGoodsDetail.do?goodsNo=A000000231665,https://image.oliveyoung.co.kr/cfimages/cf-goods/uploads/images/thumbnails/400/10/0000/0023/A00000023166501ko.jpg?l=ko,164000,106880,34.8,17,5.0,100,,,,,1,1,0,1,A000000231665,10000010005
2026-08-16,향수/디퓨저,43,랑방,랑방 에끌라 드 아르페쥬 EDP 30ml/50ml,https://www.oliveyoung.co.kr/store/goods/getGoodsDetail.do?goodsNo=A000000176516,https://image.oliveyoung.co.kr/cfimages/cf-goods/uploads/images/thumbnails/400/10/0000/0017/A00000017651615ko.jpg?l=ko,70000,52500,25.0,4296,4.8,85,11,3,1,1,1,0,0,1,A000000176516,10000010005
2026-08-16,향수/디퓨저,44,리핀,[이소원 PICK] 리핀 실내 고체탈취제 300g,https://www.oliveyoung.co.kr/store/goods/getGoodsDetail.do?goodsNo=A000000240331,https://image.oliveyoung.co.kr/cfimages/cf-goods/uploads/images/thumbnails/400/10/0000/0024/A00000024033113ko.png?l=ko,21900,19700,10.0,275,4.7,80,11,8,1,0,1,0,0,1,A000000240331,10000010005
2026-08-16,향수/디퓨저,45,센녹,[NEW] 센녹 퍼퓸 30ml 데일리 사이즈 5종,https://www.oliveyoung.co.kr/store/goods/getGoodsDetail.do?goodsNo=A000000256121,https://image.oliveyoung.co.kr/cfimages/cf-goods/uploads/images/thumbnails/400/10/0000/0025/A00000025612101ko.jpg?l=ko,51000,46920,8.0,2619,4.8,85,9,4,1,1,1,0,0,1,A000000256121,10000010005
2026-08-16,향수/디퓨저,46,어노브,어노브 오드퍼퓸 25ml 5종 택1,https://www.oliveyoung.co.kr/store/goods/getGoodsDetail.do?goodsNo=A000000223723,https://image.oliveyoung.co.kr/cfimages/cf-goods/uploads/images/thumbnails/400/10/0000/0022/A00000022372327ko.png?l=ko,49000,31900,34.9,1495,4.9,90,6,3,0,0,1,0,0,1,A000000223723,10000010005
2026-08-16,향수/디퓨저,47,돌체앤가바나,돌체앤가바나 랑페라트리스 EDT 50ml+1.5ml 기획 세트,https://www.oliveyoung.co.kr/store/goods/getGoodsDetail.do?goodsNo=A000000241108,https://image.oliveyoung.co.kr/cfimages/cf-goods/uploads/images/thumbnails/400/10/0000/0024/A00000024110804ko.jpg?l=ko,115000,97750,15.0,12,4.8,75,25,,,,1,0,0,1,A000000241108,10000010005
2026-08-16,향수/디퓨저,48,돌체앤가바나,[NEW/리뉴얼] 돌체앤가바나 라이트블루 뿌르 옴므 EDT 50ml,https://www.oliveyoung.co.kr/store/goods/getGoodsDetail.do?goodsNo=A000000229447,https://image.oliveyoung.co.kr/cfimages/cf-goods/uploads/images/thumbnails/400/10/0000/0022/A00000022944703ko.jpg?l=ko,114000,96900,15.0,37,4.7,86,5,,8,,1,0,0,1,A000000229447,10000010005
2026-08-16,향수/디퓨저,49,랑방,랑방 레 플레르 드 랑방 워터 릴리 EDT 50ml,https://www.oliveyoung.co.kr/store/goods/getGoodsDetail.do?goodsNo=A000000183800,https://image.oliveyoung.co.kr/cfimages/cf-goods/uploads/images/thumbnails/400/10/0000/0018/A00000018380010ko.jpg?l=ko,63000,47250,25.0,1203,4.8,86,10,3,1,0,1,0,0,1,A000000183800,10000010005
2026-08-16,향수/디퓨저,50,빌리아일리시,빌리아일리시 EDP 유어 턴 30ml / 100ml,https://www.oliveyoung.co.kr/store/goods/getGoodsDetail.do?goodsNo=A000000242949,https://image.oliveyoung.co.kr/cfimages/cf-goods/uploads/images/thumbnails/400/10/0000/0024/A00000024294903ko.jpg?l=ko,95000,71250,25.0,42,4.9,95,2,2,,,0,1,0,1,A000000242949,10000010005
2026-08-16,향수/디퓨저,51,아디다스(뷰티),[김재원PICK] 아디다스 향수 9종 & 미스트 4종 (단품/기획),https://www.oliveyoung.co.kr/store/goods/getGoodsDetail.do?goodsNo=A000000230142,https://image.oliveyoung.co.kr/cfimages/cf-goods/uploads/images/thumbnails/400/10/0000/0023/A00000023014270ko.jpg?l=ko,22000,20900,5.0,4047,4.9,91,6,2,1,1,1,0,1,1,A000000230142,10000010005
2026-08-16,향수/디퓨저,52,끌로에,끌로에 EDP [단품/기획] (10ml/30ml/50기획/100기획),https://www.oliveyoung.co.kr/store/goods/getGoodsDetail.do?goodsNo=A000000189177,https://image.oliveyoung.co.kr/cfimages/cf-goods/uploads/images/thumbnails/400/10/0000/0018/A00000018917732ko.jpg?l=ko,51000,36340,28.7,2009,4.8,85,10,3,1,1,1,1,0,1,A000000189177,10000010005
2026-08-16,향수/디퓨저,53,버버리,버버리 터치 포 맨 EDT 50ml/100ml,https://www.oliveyoung.co.kr/store/goods/getGoodsDetail.do?goodsNo=A000000199959,https://image.oliveyoung.co.kr/cfimages/cf-goods/uploads/images/thumbnails/400/10/0000/0019/A00000019995914ko.jpg?l=ko,90000,59900,33.4,397,4.8,90,7,2,1,1,1,1,0,1,A000000199959,10000010005
2026-08-16,향수/디퓨저,54,겐조,[겐조] 로 쀼르 겐조 EDP 30ml,https://www.oliveyoung.co.kr/store/goods/getGoodsDetail.do?goodsNo=A000000230295,https://image.oliveyoung.co.kr/cfimages/cf-goods/uploads/images/thumbnails/400/10/0000/0023/A00000023029501ko.jpg?l=ko,65000,42250,35.0,38,4.8,84,16,,,,1,0,0,1,A000000230295,10000010005
2026-08-16,향수/디퓨저,55,위프,[1위 탈취제] 위프 고체형 탈취제 7종 (화이트/블랙/베이지/핑크/퍼플),https://www.oliveyoung.co.kr/store/goods/getGoodsDetail.do?goodsNo=A000000248163,https://image.oliveyoung.co.kr/cfimages/cf-goods/uploads/images/thumbnails/400/10/0000/0024/A00000024816316ko.jpg?l=ko,21900,19900,9.1,324,4.7,85,6,5,2,2,1,1,0,1,A000000248163,10000010005
2026-08-16,향수/디퓨저,56,오센트,[8월 올영픽][올영 단독 출시] 오센트 헬로키티 에디션 퍼퓸샤쉐 11종,https://www.oliveyoung.co.kr/store/goods/getGoodsDetail.do?goodsNo=A000000261602,https://image.oliveyoung.co.kr/cfimages/cf-goods/uploads/images/thumbnails/400/10/0000/0026/A00000026160204ko.png?l=ko,8000,6000,25.0,2197,4.8,88,8,3,1,0,1,1,0,1,A000000261602,10000010005
2026-08-16,향수/디퓨저,57,캘빈클라인,[NEW] 캘빈클라인 씨케이원 나이트 에센스 EDP (50ml/100ml/200ml),https://www.oliveyoung.co.kr/store/goods/getGoodsDetail.do?goodsNo=A000000256472,https://image.oliveyoung.co.kr/cfimages/cf-goods/uploads/images/thumbnails/400/10/0000/0025/A00000025647210ko.png?l=ko,79000,63200,20.0,89,5.0,97,2,1,,,0,1,1,1,A000000256472,10000010005
2026-08-16,향수/디퓨저,58,란도린,란도린 섬유탈취제 40ml/300ml/370ml 4종 택1,https://www.oliveyoung.co.kr/store/goods/getGoodsDetail.do?goodsNo=A000000260093,https://image.oliveyoung.co.kr/cfimages/cf-goods/uploads/images/thumbnails/400/10/0000/0026/A00000026009315ko.jpg?l=ko,12500,11250,10.0,52,4.8,88,4,8,,,1,0,0,1,A000000260093,10000010005
2026-08-16,향수/디퓨저,59,위프,위프 패브릭 모먼트 섬유탈취제 200ml 2종 택1,https://www.oliveyoung.co.kr/store/goods/getGoodsDetail.do?goodsNo=A000000248166,https://image.oliveyoung.co.kr/cfimages/cf-goods/uploads/images/thumbnails/400/10/0000/0024/A00000024816604ko.png?l=ko,18900,18900,0.0,34,4.6,68,26,6,,,0,0,0,1,A000000248166,10000010005
2026-08-16,향수/디퓨저,60,에이딕트,에이딕트 오 드 퍼퓸 웜 애프터눈 50ml,https://www.oliveyoung.co.kr/store/goods/getGoodsDetail.do?goodsNo=A000000208826,https://image.oliveyoung.co.kr/cfimages/cf-goods/uploads/images/thumbnails/400/10/0000/0020/A00000020882630ko.jpg?l=ko,63000,38900,38.3,187,4.8,85,11,4,1,,1,0,1,1,A000000208826,10000010005
2026-08-16,향수/디퓨저,61,겐조,플라워바이겐조 EDP 30ml/50ml 2종 택1,https://www.oliveyoung.co.kr/store/goods/getGoodsDetail.do?goodsNo=A000000163393,https://image.oliveyoung.co.kr/cfimages/cf-goods/uploads/images/thumbnails/400/10/0000/0016/A00000016339330ko.jpg?l=ko,87000,60900,30.0,191,4.8,86,12,2,1,,1,0,0,1,A000000163393,10000010005
2026-08-16,향수/디퓨저,62,롤리타렘피카,[NEW] 롤리타렘피카 르 퍼퓸 EDP 50ml,https://www.oliveyoung.co.kr/store/goods/getGoodsDetail.do?goodsNo=A000000183061,https://image.oliveyoung.co.kr/cfimages/cf-goods/uploads/images/thumbnails/400/10/0000/0018/A00000018306109ko.jpg?l=ko,182000,79000,56.6,6,5.0,100,,,,,1,0,0,0,A000000183061,10000010005
2026-08-16,향수/디퓨저,63,리베르,[OY단독기획] 리베르 섬유향수 5종 택 1(기획 / 단품),https://www.oliveyoung.co.kr/store/goods/getGoodsDetail.do?goodsNo=A000000154995,https://image.oliveyoung.co.kr/cfimages/cf-goods/uploads/images/thumbnails/400/10/0000/0015/A00000015499525ko.jpg?l=ko,15800,15800,0.0,3088,4.8,85,10,3,1,1,0,0,0,1,A000000154995,10000010005
2026-08-16,향수/디퓨저,64,나르시소 로드리게즈,나르시소 로드리게즈 포 허 인텐스 EDP (30ml/50ml),https://www.oliveyoung.co.kr/store/goods/getGoodsDetail.do?goodsNo=A000000219850,https://image.oliveyoung.co.kr/cfimages/cf-goods/uploads/images/thumbnails/400/10/0000/0021/A00000021985011ko.jpg?l=ko,120000,78000,35.0,80,4.8,90,4,5,1,,1,0,0,1,A000000219850,10000010005
2026-08-16,향수/디퓨저,65,어뮤즈,[어뮤즈xN21콜라보/오브제홀더증정] 어뮤즈 24/7 솔리드 퍼퓸 바 5종,https://www.oliveyoung.co.kr/store/goods/getGoodsDetail.do?goodsNo=A000000251999,https://image.oliveyoung.co.kr/cfimages/cf-goods/uploads/images/thumbnails/400/10/0000/0025/A000000251999130ko.jpg?l=ko,30000,24600,18.0,620,4.7,85,6,5,2,2,1,0,1,1,A000000251999,10000010005
2026-08-16,향수/디퓨저,66,푸푸리,푸푸리 포켓스프레이 30ml (시트러스/라벤더 바닐라/히비스커스/비치범) 4종 택1,https://www.oliveyoung.co.kr/store/goods/getGoodsDetail.do?goodsNo=A000000218156,https://image.oliveyoung.co.kr/cfimages/cf-goods/uploads/images/thumbnails/400/10/0000/0021/A00000021815611ko.jpg?l=ko,9900,8910,10.0,9609,4.8,83,13,4,0,0,1,0,0,1,A000000218156,10000010005
2026-08-16,향수/디퓨저,67,몽블랑,몽블랑 레전드 EDT 30ml/50ml 중 택1,https://www.oliveyoung.co.kr/store/goods/getGoodsDetail.do?goodsNo=A000000002290,https://image.oliveyoung.co.kr/cfimages/cf-goods/uploads/images/thumbnails/400/10/0000/0000/A00000000229019ko.jpg?l=ko,101000,75750,25.0,620,4.8,86,11,2,0,0,1,0,0,1,A000000002290,10000010005
2026-08-16,향수/디퓨저,68,랑방,랑방 모던 프린세스 EDP 2종 택1 (30ml/60ml),https://www.oliveyoung.co.kr/store/goods/getGoodsDetail.do?goodsNo=A000000016786,https://image.oliveyoung.co.kr/cfimages/cf-goods/uploads/images/thumbnails/400/10/0000/0001/A00000001678615ko.jpg?l=ko,100000,75000,25.0,2983,4.8,85,12,3,0,0,1,0,0,1,A000000016786,10000010005
2026-08-16,향수/디퓨저,69,아뜰리에페이,아뜰리에페이 헤어퍼퓸 30ml 3종 중 1,https://www.oliveyoung.co.kr/store/goods/getGoodsDetail.do?goodsNo=A000000218602,https://image.oliveyoung.co.kr/cfimages/cf-goods/uploads/images/thumbnails/400/10/0000/0021/A00000021860244ko.jpg?l=ko,28000,23800,15.0,460,4.7,83,12,3,1,1,0,1,0,1,A000000218602,10000010005
2026-08-16,향수/디퓨저,70,아뜰리에페이,아뜰리에페이 헤어 퍼퓸 실크 매그놀리아 30ml,https://www.oliveyoung.co.kr/store/goods/getGoodsDetail.do?goodsNo=A000000218521,https://image.oliveyoung.co.kr/cfimages/cf-goods/uploads/images/thumbnails/400/10/0000/0021/A00000021852121ko.jpg?l=ko,28000,23750,15.2,114,4.8,89,8,2,,2,1,1,0,1,A000000218521,10000010005
2026-08-16,향수/디퓨저,71,헤트라스,[12시간 지속] 헤트라스 텍스타일 퍼퓸 섬유향수 80ml 6종 1택,https://www.oliveyoung.co.kr/store/goods/getGoodsDetail.do?goodsNo=A000000203495,https://image.oliveyoung.co.kr/cfimages/cf-goods/uploads/images/thumbnails/400/10/0000/0020/A00000020349518ko.jpg?l=ko,9400,7900,16.0,4033,4.7,82,11,5,1,1,1,1,0,1,A000000203495,10000010005
2026-08-16,향수/디퓨저,72,알보우,알보우 솔리드퍼퓸 고체향수 5g 2종 1택,https://www.oliveyoung.co.kr/store/goods/getGoodsDetail.do?goodsNo=A000000257773,https://image.oliveyoung.co.kr/cfimages/cf-goods/uploads/images/thumbnails/400/10/0000/0025/A00000025777301ko.jpg?l=ko,38000,34200,10.0,92,5.0,98,1,,1,,1,0,0,1,A000000257773,10000010005
2026-08-16,향수/디퓨저,73,루아페,[복숭아과즙향] 루아페 화이트 애프리콧 EDP 30ml,https://www.oliveyoung.co.kr/store/goods/getGoodsDetail.do?goodsNo=A000000213175,https://image.oliveyoung.co.kr/cfimages/cf-goods/uploads/images/thumbnails/400/10/0000/0021/A00000021317514ko.jpg?l=ko,38000,36000,5.3,2199,4.9,92,5,2,0,1,1,0,0,1,A000000213175,10000010005
2026-08-16,향수/디퓨저,74,루아페,[포근코튼향] 루아페 코지 머스크 EDP 30ml,https://www.oliveyoung.co.kr/store/goods/getGoodsDetail.do?goodsNo=A000000224744,https://image.oliveyoung.co.kr/cfimages/cf-goods/uploads/images/thumbnails/400/10/0000/0022/A00000022474412ko.jpg?l=ko,38000,36000,5.3,117,4.8,86,9,5,,,1,0,0,1,A000000224744,10000010005
2026-08-16,향수/디퓨저,75,루아페,[레몬비누향] 루아페 스티미 솝 EDP 30ml,https://www.oliveyoung.co.kr/store/goods/getGoodsDetail.do?goodsNo=A000000224967,https://image.oliveyoung.co.kr/cfimages/cf-goods/uploads/images/thumbnails/400/10/0000/0022/A00000022496711ko.jpg?l=ko,38000,36000,5.3,120,4.8,85,9,4,,2,1,0,0,1,A000000224967,10000010005
2026-08-16,향수/디퓨저,76,버버리,버버리 위크엔드 포맨 EDT 100ml,https://www.oliveyoung.co.kr/store/goods/getGoodsDetail.do?goodsNo=A000000186172,https://image.oliveyoung.co.kr/cfimages/cf-goods/uploads/images/thumbnails/400/10/0000/0018/A00000018617207ko.jpg?l=ko,110000,73200,33.5,307,4.8,88,10,2,0,0,1,1,0,1,A000000186172,10000010005
2026-08-16,향수/디퓨저,77,나르시소 로드리게즈,나르시소 로드리게즈 푸드레 EDP (30ml/50ml),https://www.oliveyoung.co.kr/store/goods/getGoodsDetail.do?goodsNo=A000000111521,https://image.oliveyoung.co.kr/cfimages/cf-goods/uploads/images/thumbnails/400/10/0000/0011/A00000011152144ko.jpg?l=ko,110000,71500,35.0,106,4.7,81,11,6,,2,1,0,0,1,A000000111521,10000010005
2026-08-16,향수/디퓨저,78,나르시소 로드리게즈,나르시소 로드리게즈 나르시소 베스트 (크리스탈/래디언트/엉브레/푸드레),https://www.oliveyoung.co.kr/store/goods/getGoodsDetail.do?goodsNo=A000000205115,https://image.oliveyoung.co.kr/cfimages/cf-goods/uploads/images/thumbnails/400/10/0000/0020/A00000020511511ko.jpg?l=ko,110000,71500,35.0,407,4.9,89,10,0,,0,1,0,0,1,A000000205115,10000010005
2026-08-16,향수/디퓨저,79,아뜰리에페이,아뜰리에페이 퍼퓸  중 1 단품/기획,https://www.oliveyoung.co.kr/store/goods/getGoodsDetail.do?goodsNo=A000000202395,https://image.oliveyoung.co.kr/cfimages/cf-goods/uploads/images/thumbnails/400/10/0000/0020/A00000020239558ko.jpg?l=ko,41000,34850,15.0,2803,4.7,81,12,4,1,2,0,1,0,1,A000000202395,10000010005
2026-08-16,향수/디퓨저,80,나르시소 로드리게즈,나르시소 로드리게즈 올 오브 미 플로럴 EDP 30ml/50ml,https://www.oliveyoung.co.kr/store/goods/getGoodsDetail.do?goodsNo=A000000233173,https://image.oliveyoung.co.kr/cfimages/cf-goods/uploads/images/thumbnails/400/10/0000/0023/A00000023317301ko.jpg?l=ko,110000,68200,38.0,84,4.7,80,14,5,,1,1,0,0,1,A000000233173,10000010005
2026-08-16,향수/디퓨저,81,존바바토스,존바바토스 아티산 EDT 40ml 단품/기획 중 택1,https://www.oliveyoung.co.kr/store/goods/getGoodsDetail.do?goodsNo=A000000193149,https://image.oliveyoung.co.kr/cfimages/cf-goods/uploads/images/thumbnails/400/10/0000/0019/A00000019314911ko.jpg?l=ko,78000,33100,57.6,1295,4.8,87,10,2,0,1,1,0,0,1,A000000193149,10000010005
2026-08-16,향수/디퓨저,82,라운드어라운드,[멜라토닌함유] 라운드어라운드 슬립 베러 필로우 미스트 50ml 3종,https://www.oliveyoung.co.kr/store/goods/getGoodsDetail.do?goodsNo=A000000230748,https://image.oliveyoung.co.kr/cfimages/cf-goods/uploads/images/thumbnails/400/10/0000/0023/A00000023074801ko.jpg?l=ko,11000,9900,10.0,521,4.8,84,10,4,1,0,1,0,1,1,A000000230748,10000010005
2026-08-16,향수/디퓨저,83,베르사체,[NEW] 베르사체 뿌르 옴므 딜런 블루 EDT 30ml,https://www.oliveyoung.co.kr/store/goods/getGoodsDetail.do?goodsNo=A000000181592,https://image.oliveyoung.co.kr/cfimages/cf-goods/uploads/images/thumbnails/400/10/0000/0018/A00000018159202ko.jpg?l=ko,98000,66900,31.7,44,4.8,89,7,2,2,,1,0,0,1,A000000181592,10000010005
2026-08-16,향수/디퓨저,84,로맨띠끄,[명품향수/ 블랙베리&베이]로맨띠끄 블랙베리 퍼퓸 50ml,https://www.oliveyoung.co.kr/store/goods/getGoodsDetail.do?goodsNo=A000000152436,https://image.oliveyoung.co.kr/cfimages/cf-goods/uploads/images/thumbnails/400/10/0000/0015/A00000015243608ko.jpg?l=ko,29900,20900,30.1,523,4.7,77,16,5,1,1,1,0,0,1,A000000152436,10000010005
2026-08-16,향수/디퓨저,85,랄프로렌,랄프로렌 폴로 블루 EDT 택 1 (40ml/75ml),https://www.oliveyoung.co.kr/store/goods/getGoodsDetail.do?goodsNo=A000000217785,https://image.oliveyoung.co.kr/cfimages/cf-goods/uploads/images/thumbnails/400/10/0000/0021/A00000021778511ko.jpg?l=ko,80000,64000,20.0,125,4.9,92,6,1,,1,1,0,0,1,A000000217785,10000010005
2026-08-16,향수/디퓨저,86,아디다스(뷰티),[김재원PICK] 아디다스 풀 리차지 EDP (30ml기획/30ml/50ml/100ml),https://www.oliveyoung.co.kr/store/goods/getGoodsDetail.do?goodsNo=A000000230035,https://image.oliveyoung.co.kr/cfimages/cf-goods/uploads/images/thumbnails/400/10/0000/0023/A00000023003514ko.jpg?l=ko,30000,24000,20.0,37,4.8,84,16,,,,1,1,1,1,A000000230035,10000010005
2026-08-16,향수/디퓨저,87,스너글,스너글 룸스프레이 카밍 포레스트 (본품/리필/단독기획),https://www.oliveyoung.co.kr/store/goods/getGoodsDetail.do?goodsNo=A000000200576,https://image.oliveyoung.co.kr/cfimages/cf-goods/uploads/images/thumbnails/400/10/0000/0020/A00000020057616ko.png?l=ko,26000,15600,40.0,3604,4.8,85,11,4,1,0,1,0,0,1,A000000200576,10000010005
2026-08-16,향수/디퓨저,88,코코도르,코코도르 프리미엄 디퓨저 500ml 3종 택1,https://www.oliveyoung.co.kr/store/goods/getGoodsDetail.do?goodsNo=A000000249335,https://image.oliveyoung.co.kr/cfimages/cf-goods/uploads/images/thumbnails/400/10/0000/0024/A00000024933501ko.jpg?l=ko,11900,10710,10.0,179,4.7,79,12,8,1,1,0,1,0,1,A000000249335,10000010005
2026-08-16,향수/디퓨저,89,테일러센츠,테일러센츠 오브제 퍼퓸 EDT 30ml 플로팅요트,https://www.oliveyoung.co.kr/store/goods/getGoodsDetail.do?goodsNo=A000000227841,https://image.oliveyoung.co.kr/cfimages/cf-goods/uploads/images/thumbnails/400/10/0000/0022/A00000022784101ko.jpg?l=ko,59000,29250,50.4,8,4.8,75,25,,,,1,1,0,1,A000000227841,10000010005
2026-08-16,향수/디퓨저,90,P Collection,P Collection 더 플라자 호텔 디퓨저 100ml,https://www.oliveyoung.co.kr/store/goods/getGoodsDetail.do?goodsNo=A000000203320,https://image.oliveyoung.co.kr/cfimages/cf-goods/uploads/images/thumbnails/400/10/0000/0020/A00000020332004ko.jpg?l=ko,60000,60000,0.0,60,4.7,90,2,2,2,5,0,0,0,1,A000000203320,10000010005
2026-08-16,향수/디퓨저,91,란도린,란도린 섬유탈취제 370ml 클래식 플로랄,https://www.oliveyoung.co.kr/store/goods/getGoodsDetail.do?goodsNo=A000000260075,https://image.oliveyoung.co.kr/cfimages/cf-goods/uploads/images/thumbnails/400/10/0000/0026/A00000026007504ko.jpg?l=ko,11900,10710,10.0,25,4.7,84,4,12,,,1,0,0,1,A000000260075,10000010005
2026-08-16,향수/디퓨저,92,캘빈클라인,캘빈클라인 CK 올 EDT 100ml,https://www.oliveyoung.co.kr/store/goods/getGoodsDetail.do?goodsNo=A000000187659,https://image.oliveyoung.co.kr/cfimages/cf-goods/uploads/images/thumbnails/400/10/0000/0018/A00000018765918ko.png?l=ko,85000,59500,30.0,823,4.8,87,10,3,0,0,1,0,1,1,A000000187659,10000010005
2026-08-16,향수/디퓨저,93,호텔도슨,호텔도슨 디퓨저 250ml 7종 택1,https://www.oliveyoung.co.kr/store/goods/getGoodsDetail.do?goodsNo=A000000220564,https://image.oliveyoung.co.kr/cfimages/cf-goods/uploads/images/thumbnails/400/10/0000/0022/A00000022056420ko.jpg?l=ko,70000,59500,15.0,188,4.9,91,7,1,1,1,1,0,0,1,A000000220564,10000010005
2026-08-16,향수/디퓨저,94,필로소피,필로소피 EDT 60ml 단품/기획,https://www.oliveyoung.co.kr/store/goods/getGoodsDetail.do?goodsNo=A000000113251,https://image.oliveyoung.co.kr/cfimages/cf-goods/uploads/images/thumbnails/400/10/0000/0011/A00000011325124ko.jpg?l=ko,79000,59250,25.0,497,4.8,82,13,4,1,0,1,0,0,1,A000000113251,10000010005
2026-08-16,향수/디퓨저,95,필로소피,[원지안PICK] 필로소피 퓨어그레이스 EDT 15ml/60ml/60ml기획,https://www.oliveyoung.co.kr/store/goods/getGoodsDetail.do?goodsNo=A000000113253,https://image.oliveyoung.co.kr/cfimages/cf-goods/uploads/images/thumbnails/400/10/0000/0011/A00000011325311ko.jpg?l=ko,79000,59250,25.0,542,4.6,74,17,6,1,2,1,0,0,1,A000000113253,10000010005
2026-08-16,향수/디퓨저,96,캘빈클라인,캘빈클라인 CK One/Be/에센스인텐스/나이트에센스,https://www.oliveyoung.co.kr/store/goods/getGoodsDetail.do?goodsNo=A000000214485,https://image.oliveyoung.co.kr/cfimages/cf-goods/uploads/images/thumbnails/400/10/0000/0021/A00000021448532ko.png?l=ko,69000,45890,33.5,3705,4.8,88,9,2,0,0,1,1,1,1,A000000214485,10000010005
2026-08-16,향수/디퓨저,97,아리아나그란데,"[단독기획] 아리아나그란데 스위트 라이크 캔디 EDP 30ml, 50ml, 100ml 중 택 1",https://www.oliveyoung.co.kr/store/goods/getGoodsDetail.do?goodsNo=A000000136754,https://image.oliveyoung.co.kr/cfimages/cf-goods/uploads/images/thumbnails/400/10/0000/0013/A00000013675413ko.jpg?l=ko,95000,57800,39.2,2000,4.8,86,10,3,1,1,1,0,0,1,A000000136754,10000010005
2026-08-16,향수/디퓨저,98,아리아나그란데,아리아나그란데 문라이트 EDP 50ml,https://www.oliveyoung.co.kr/store/goods/getGoodsDetail.do?goodsNo=A000000145012,https://image.oliveyoung.co.kr/cfimages/cf-goods/uploads/images/thumbnails/400/10/0000/0014/A00000014501201ko.jpg?l=ko,89000,57800,35.1,151,4.8,89,9,2,,1,1,0,0,1,A000000145012,10000010005
2026-08-16,향수/디퓨저,99,헤트라스,헤트라스 프리미엄 허그솝 대용량 디퓨저 510ml 2개입 기획세트 (+스티커),https://www.oliveyoung.co.kr/store/goods/getGoodsDetail.do?goodsNo=A000000219312,https://image.oliveyoung.co.kr/cfimages/cf-goods/uploads/images/thumbnails/400/10/0000/0021/A00000021931205ko.jpg?l=ko,19300,18100,6.2,407,4.8,87,7,4,1,0,1,1,0,1,A000000219312,10000010005
2026-08-16,향수/디퓨저,100,센녹,[신규향 출시] 센녹 솔리드 퍼퓸 7g 3종,https://www.oliveyoung.co.kr/store/goods/getGoodsDetail.do?goodsNo=A000000227442,https://image.oliveyoung.co.kr/cfimages/cf-goods/uploads/images/thumbnails/400/10/0000/0022/A00000022744225ko.jpg?l=ko,31000,27900,10.0,420,4.7,84,8,5,1,2,1,0,0,1,A000000227442,10000010005
2026-08-16,헤어케어,1,어노브,[4년 연속 1위] 어노브 딥 데미지 리페어 헤어 마스크 (트리트먼트/헤어팩) 320ml 더블/듀오 기획,https://www.oliveyoung.co.kr/store/goods/getGoodsDetail.do?goodsNo=A000000171423,https://image.oliveyoung.co.kr/cfimages/cf-goods/uploads/images/thumbnails/400/10/0000/0017/A000000171423164ko.png?l=ko,42000,29800,29.0,88970,4.9,89,8,2,0,0,1,0,0,1,A000000171423,10000010004
2026-08-16,헤어케어,2,쓰리와우,[우진&지연픽/정수리선케어] 쓰리와우 스칼프 선 파우더 2종 (노세범/헤어라인커버),https://www.oliveyoung.co.kr/store/goods/getGoodsDetail.do?goodsNo=A000000261795,https://image.oliveyoung.co.kr/cfimages/cf-goods/uploads/images/thumbnails/400/10/0000/0026/A00000026179511ko.jpg?l=ko,20000,12000,40.0,36,4.9,94,3,3,,,1,1,1,1,A000000261795,10000010004
2026-08-16,헤어케어,3,릴리이브,[대용량/브러쉬원조] 릴리이브 그로우턴 엑소좀 브러쉬 앰플 기획 2종,https://www.oliveyoung.co.kr/store/goods/getGoodsDetail.do?goodsNo=A000000218845,https://image.oliveyoung.co.kr/cfimages/cf-goods/uploads/images/thumbnails/400/10/0000/0021/A00000021884565ko.jpg?l=ko,34800,33800,2.9,12999,4.8,87,9,3,1,1,1,0,0,1,A000000218845,10000010004
2026-08-16,헤어케어,4,프롬랩스,[8월올영픽/한정기획] 프롬랩스 단백질 흡착 트리트먼트 200ml 더블기획 (1회 만에 손상모 개선),https://www.oliveyoung.co.kr/store/goods/getGoodsDetail.do?goodsNo=A000000239676,https://image.oliveyoung.co.kr/cfimages/cf-goods/uploads/images/thumbnails/400/10/0000/0023/A00000023967625ko.png?l=ko,37500,29500,21.3,2633,4.9,92,5,2,0,0,1,0,1,1,A000000239676,10000010004
2026-08-16,헤어케어,5,라보에이치,[4년연속1위] NEW라보에이치 두피강화샴푸 750ML+100ML[탈모증상완화],https://www.oliveyoung.co.kr/store/goods/getGoodsDetail.do?goodsNo=A000000149501,https://image.oliveyoung.co.kr/cfimages/cf-goods/uploads/images/thumbnails/400/10/0000/0014/A00000014950188ko.jpg?l=ko,36000,25900,28.1,25382,4.8,84,12,3,0,1,1,1,0,1,A000000149501,10000010004
2026-08-16,헤어케어,6,케라스타즈,[8월올영픽/열보호] 케라스타즈 시몽 테르미크 노워시 트리트먼트 150ml 기획/단품,https://www.oliveyoung.co.kr/store/goods/getGoodsDetail.do?goodsNo=A000000212061,https://image.oliveyoung.co.kr/cfimages/cf-goods/uploads/images/thumbnails/400/10/0000/0021/A000000212061106ko.jpg?l=ko,67000,51590,23.0,2183,4.8,87,9,3,0,0,1,1,0,1,A000000212061,10000010004
2026-08-16,헤어케어,7,어노브,어노브 실크 헤어 오일 에센스 70ml 더블 기획 (텐더블룸/웜페탈),https://www.oliveyoung.co.kr/store/goods/getGoodsDetail.do?goodsNo=A000000171422,https://image.oliveyoung.co.kr/cfimages/cf-goods/uploads/images/thumbnails/400/10/0000/0017/A00000017142274ko.png?l=ko,35000,28900,17.4,36125,4.8,87,10,2,0,0,1,0,0,1,A000000171422,10000010004
2026-08-16,헤어케어,8,미쟝센,[에스파Pick]미쟝센 뉴 헬로버블 염색,https://www.oliveyoung.co.kr/store/goods/getGoodsDetail.do?goodsNo=A000000206769,https://image.oliveyoung.co.kr/cfimages/cf-goods/uploads/images/thumbnails/400/10/0000/0020/A000000206769104ko.jpg?l=ko,16000,8900,44.4,44995,4.7,79,13,6,1,1,1,0,0,1,A000000206769,10000010004
2026-08-16,헤어케어,9,리필드,[탈모증상개선] 리필드 사이토카인 부스터 프로 70ml 단품/기획 2종 택1,https://www.oliveyoung.co.kr/store/goods/getGoodsDetail.do?goodsNo=A000000232546,https://image.oliveyoung.co.kr/cfimages/cf-goods/uploads/images/thumbnails/400/10/0000/0023/A00000023254620ko.jpg?l=ko,28500,25500,10.5,6834,4.8,87,9,4,1,0,1,1,1,1,A000000232546,10000010004
2026-08-16,헤어케어,10,우르오스,우르오스 스칼프샴푸 500ml (증정기획/단품),https://www.oliveyoung.co.kr/store/goods/getGoodsDetail.do?goodsNo=A000000006568,https://image.oliveyoung.co.kr/cfimages/cf-goods/uploads/images/thumbnails/400/10/0000/0000/A00000000656816ko.jpg?l=ko,29700,23700,20.2,545,4.8,90,6,2,1,1,1,0,0,1,A000000006568,10000010004
2026-08-16,헤어케어,11,츠바키,[8월 올영픽/올영1등 헤어팩/펌프 증정] 츠바키 프리미엄 EX 리페어 마스크 180g 더블 기획 (+펌프 증정),https://www.oliveyoung.co.kr/store/goods/getGoodsDetail.do?goodsNo=A000000217567,https://image.oliveyoung.co.kr/cfimages/cf-goods/uploads/images/thumbnails/400/10/0000/0021/A00000021756717ko.jpg?l=ko,36000,22300,38.1,2445,4.9,89,8,2,0,0,1,0,0,1,A000000217567,10000010004
2026-08-16,헤어케어,12,모다모다,모다모다 원스텝 이지 커버 버블샴푸 200ml,https://www.oliveyoung.co.kr/store/goods/getGoodsDetail.do?goodsNo=A000000260919,https://image.oliveyoung.co.kr/cfimages/cf-goods/uploads/images/thumbnails/400/10/0000/0026/A00000026091908ko.jpg?l=ko,36000,21420,40.5,191,4.8,92,2,2,2,3,1,1,0,1,A000000260919,10000010004
2026-08-16,헤어케어,13,려,[8월올영픽/올영1위] 려 루트젠 탈모증상케어 두피에센스 80ML 더블기획(+20ML증정),https://www.oliveyoung.co.kr/store/goods/getGoodsDetail.do?goodsNo=A000000197603,https://image.oliveyoung.co.kr/cfimages/cf-goods/uploads/images/thumbnails/400/10/0000/0019/A00000019760398ko.jpg?l=ko,39800,21900,45.0,11645,4.8,85,11,3,0,1,1,1,1,1,A000000197603,10000010004
2026-08-16,헤어케어,14,청미정,[성분천재/두피케어] 청미정 다시마 샴푸 500ml (단품/기획),https://www.oliveyoung.co.kr/store/goods/getGoodsDetail.do?goodsNo=A000000213261,https://image.oliveyoung.co.kr/cfimages/cf-goods/uploads/images/thumbnails/400/10/0000/0021/A00000021326146ko.png?l=ko,28500,25650,10.0,5895,4.7,84,10,4,1,1,1,0,0,1,A000000213261,10000010004
2026-08-16,헤어케어,15,로레알,[가성비 천만셀러/산뜻한헤어팩] 로레알파리 토탈 리페어 5+ 데미지케어 트리트먼트 단품/기획(8월 올영픽),https://www.oliveyoung.co.kr/store/goods/getGoodsDetail.do?goodsNo=A000000107336,https://image.oliveyoung.co.kr/cfimages/cf-goods/uploads/images/thumbnails/400/10/0000/0010/A000000107336240ko.jpg?l=ko,46000,31900,30.7,34125,4.8,84,13,3,0,0,1,1,1,1,A000000107336,10000010004
2026-08-16,헤어케어,16,라보에이치,[올영단독/대용량] 라보에이치 두피강화샴푸 탈모증상완화 750ML 리필 기획(+600ML 리필),https://www.oliveyoung.co.kr/store/goods/getGoodsDetail.do?goodsNo=A000000197901,https://image.oliveyoung.co.kr/cfimages/cf-goods/uploads/images/thumbnails/400/10/0000/0019/A00000019790113ko.jpg?l=ko,57900,39800,31.3,34028,4.8,86,10,3,0,0,1,0,0,1,A000000197901,10000010004
2026-08-16,헤어케어,17,라우쉬,[8/14 하루특가/8월 올영픽/1등비듬샴푸]라우쉬 콜츠푸트 안티-댄드러프 샴푸 200ml 2입기획,https://www.oliveyoung.co.kr/store/goods/getGoodsDetail.do?goodsNo=A000000236700,https://image.oliveyoung.co.kr/cfimages/cf-goods/uploads/images/thumbnails/400/10/0000/0023/A00000023670012ko.jpg?l=ko,49800,39800,20.1,1833,4.9,92,6,1,,0,1,0,0,1,A000000236700,10000010004
2026-08-16,헤어케어,18,프롬랩스,[8월올영픽/한정기획] 프롬랩스 초고함량 단백질 흡착 부스터 파우더 2g*8ea (100시간 지속),https://www.oliveyoung.co.kr/store/goods/getGoodsDetail.do?goodsNo=A000000233030,https://image.oliveyoung.co.kr/cfimages/cf-goods/uploads/images/thumbnails/400/10/0000/0023/A00000023303021ko.png?l=ko,20000,18900,5.5,455,4.8,85,11,4,1,0,1,0,1,1,A000000233030,10000010004
2026-08-16,헤어케어,19,모로칸오일,[8월올영픽/1억병 판매] 모로칸오일 헤어 트리트먼트 50ml/100ml (펌프포함),https://www.oliveyoung.co.kr/store/goods/getGoodsDetail.do?goodsNo=A000000219700,https://image.oliveyoung.co.kr/cfimages/cf-goods/uploads/images/thumbnails/400/10/0000/0021/A000000219700107ko.jpg?l=ko,42000,35490,15.5,14005,4.8,87,9,2,0,1,1,1,1,1,A000000219700,10000010004
2026-08-16,헤어케어,20,릴리이브,[비듬/각질케어] 릴리이브 스칼프턴 시카 PDRN 브러쉬 앰플 2종,https://www.oliveyoung.co.kr/store/goods/getGoodsDetail.do?goodsNo=A000000235184,https://image.oliveyoung.co.kr/cfimages/cf-goods/uploads/images/thumbnails/400/10/0000/0023/A00000023518431ko.png?l=ko,34800,33800,2.9,3512,4.9,95,4,1,0,0,1,0,0,1,A000000235184,10000010004
2026-08-16,헤어케어,21,라보에이치,[증정기획]라보에이치 비타민&단백질 캡슐 트리트먼트200ML*2+50ML증정,https://www.oliveyoung.co.kr/store/goods/getGoodsDetail.do?goodsNo=A000000189265,https://image.oliveyoung.co.kr/cfimages/cf-goods/uploads/images/thumbnails/400/10/0000/0018/A00000018926567ko.jpg?l=ko,28000,16900,39.6,14777,4.8,85,11,3,0,0,1,0,0,1,A000000189265,10000010004
2026-08-16,헤어케어,22,솔랩,[8월 올영픽/두피 스케일링]피지/각질/냄새 전문가케어 솔랩 아쿠아픽 두피스케일러 250ml + 브러쉬 기획,https://www.oliveyoung.co.kr/store/goods/getGoodsDetail.do?goodsNo=A000000241715,https://image.oliveyoung.co.kr/cfimages/cf-goods/uploads/images/thumbnails/400/10/0000/0024/A00000024171538ko.jpg?l=ko,31900,23800,25.4,2899,4.9,96,2,1,0,0,1,1,0,1,A000000241715,10000010004
2026-08-16,헤어케어,23,리필드,[젤라PICK] 리필드 사이토카인 씨에이디피알 스칼프 리셋 클렌저 220g 기획/단품 (+버블메이커 증정),https://www.oliveyoung.co.kr/store/goods/getGoodsDetail.do?goodsNo=A000000259696,https://image.oliveyoung.co.kr/cfimages/cf-goods/uploads/images/thumbnails/400/10/0000/0025/A00000025969604ko.jpg?l=ko,29000,24300,16.2,31,5.0,100,,,,,1,1,1,1,A000000259696,10000010004
2026-08-16,헤어케어,24,박준뷰티랩,"[손상모케어]박준뷰티랩 LPP 단백질 트리트먼트 플러스 1,000ml (기획/단품)",https://www.oliveyoung.co.kr/store/goods/getGoodsDetail.do?goodsNo=A000000121286,https://image.oliveyoung.co.kr/cfimages/cf-goods/uploads/images/thumbnails/400/10/0000/0012/A00000012128671ko.jpg?l=ko,19800,17800,10.1,17475,4.8,84,12,3,0,0,0,1,0,1,A000000121286,10000010004
2026-08-16,헤어케어,25,제니하우스,[올영단독] 제니하우스 프리미엄 헤어컬러 1+1 기획 6 Colors,https://www.oliveyoung.co.kr/store/goods/getGoodsDetail.do?goodsNo=A000000192643,https://image.oliveyoung.co.kr/cfimages/cf-goods/uploads/images/thumbnails/400/10/0000/0019/A00000019264332ko.jpg?l=ko,16000,12500,21.9,10935,4.7,80,12,6,1,1,1,0,0,1,A000000192643,10000010004
2026-08-16,헤어케어,26,에이페,[2주완성탈모앰플] 에이페 스칼프부스팅 앰플 (대용량 두피앰플) 150ml,https://www.oliveyoung.co.kr/store/goods/getGoodsDetail.do?goodsNo=A000000246985,https://image.oliveyoung.co.kr/cfimages/cf-goods/uploads/images/thumbnails/400/10/0000/0024/A00000024698510ko.jpg?l=ko,29800,29800,0.0,2385,4.9,95,3,1,0,0,0,0,0,1,A000000246985,10000010004
2026-08-16,헤어케어,27,아도르,[단독기획/미니증정] 아도르 퍼퓸 헤어 오일 80ml 기획 5종 택1,https://www.oliveyoung.co.kr/store/goods/getGoodsDetail.do?goodsNo=A000000182947,https://image.oliveyoung.co.kr/cfimages/cf-goods/uploads/images/thumbnails/400/10/0000/0018/A00000018294737ko.jpg?l=ko,32000,27200,15.0,13386,4.9,95,3,1,0,0,1,0,0,1,A000000182947,10000010004
2026-08-16,헤어케어,28,미쟝센,[NEW/염색+새치겸용] 미쟝센 헬로크림 더블커버 120G 염색(미스틱블랙 외 5종),https://www.oliveyoung.co.kr/store/goods/getGoodsDetail.do?goodsNo=A000000225117,https://image.oliveyoung.co.kr/cfimages/cf-goods/uploads/images/thumbnails/400/10/0000/0022/A00000022511788ko.jpg?l=ko,16000,9900,38.1,9147,4.8,87,8,4,1,1,1,0,0,1,A000000225117,10000010004
2026-08-16,헤어케어,29,트리셀,[8월올영픽/춘배 콜라보] 트리셀 포르테 앰플 트리트먼트 200ml 더블기획 (+영철 핸드타월 키링),https://www.oliveyoung.co.kr/store/goods/getGoodsDetail.do?goodsNo=A000000171735,https://image.oliveyoung.co.kr/cfimages/cf-goods/uploads/images/thumbnails/400/10/0000/0017/A00000017173537ko.jpg?l=ko,28000,23940,14.5,1310,4.9,91,7,1,1,0,1,1,1,1,A000000171735,10000010004
2026-08-16,헤어케어,30,어반트라이브,[청담템/연예인 셀프 케어템] 어반트라이브 노워시 트리트먼트 하이드레이트 리브 인 폼 200ml 단품/기획,https://www.oliveyoung.co.kr/store/goods/getGoodsDetail.do?goodsNo=A000000223976,https://image.oliveyoung.co.kr/cfimages/cf-goods/uploads/images/thumbnails/400/10/0000/0022/A00000022397631ko.jpg?l=ko,39000,36000,7.7,8740,4.9,91,7,2,0,0,1,0,0,1,A000000223976,10000010004
2026-08-16,헤어케어,31,닥터포헤어,[8월올영픽] 닥터포헤어 폴리젠 씨크닝 샴푸 750ml 기획 (+100ml*2ea),https://www.oliveyoung.co.kr/store/goods/getGoodsDetail.do?goodsNo=A000000186037,https://image.oliveyoung.co.kr/cfimages/cf-goods/uploads/images/thumbnails/400/10/0000/0018/A00000018603789ko.jpg?l=ko,40000,29000,27.5,20642,4.8,83,12,3,0,1,1,1,0,1,A000000186037,10000010004
2026-08-16,헤어케어,32,힐링버드,[1위 헤어밀크/청담샵템] 힐링버드 히알루론 밀크 헤어에센스 150ml 기획(+메타몽 스크런치),https://www.oliveyoung.co.kr/store/goods/getGoodsDetail.do?goodsNo=A000000230109,https://image.oliveyoung.co.kr/cfimages/cf-goods/uploads/images/thumbnails/400/10/0000/0023/A00000023010938ko.jpg?l=ko,22000,16900,23.2,6962,4.8,88,9,3,0,0,0,1,0,1,A000000230109,10000010004
2026-08-16,헤어케어,33,미쟝센,미쟝센 올뉴 쉽고빠른 거품염색(새치염색),https://www.oliveyoung.co.kr/store/goods/getGoodsDetail.do?goodsNo=A000000202416,https://image.oliveyoung.co.kr/cfimages/cf-goods/uploads/images/thumbnails/400/10/0000/0020/A00000020241602ko.jpg?l=ko,17000,11900,30.0,30045,4.8,83,13,4,0,0,1,0,0,1,A000000202416,10000010004
2026-08-16,헤어케어,34,로레알,"[리뷰이벤트ㅣ암모니아 무첨가] 로레알파리 NEW 엑셀랑스 크림 노암모니아 (새치염색, 셀프염색)",https://www.oliveyoung.co.kr/store/goods/getGoodsDetail.do?goodsNo=A000000262979,https://image.oliveyoung.co.kr/cfimages/cf-goods/uploads/images/thumbnails/400/10/0000/0026/A00000026297905ko.jpg?l=ko,17000,11900,30.0,33,5.0,97,3,,,,1,1,0,1,A000000262979,10000010004
2026-08-16,헤어케어,35,모로칸오일,[8월올영픽/대용량] 모로칸오일 헤어 트리트먼트 오리지널 100ml (펌프포함),https://www.oliveyoung.co.kr/store/goods/getGoodsDetail.do?goodsNo=A000000198526,https://image.oliveyoung.co.kr/cfimages/cf-goods/uploads/images/thumbnails/400/10/0000/0019/A00000019852633ko.jpg?l=ko,67000,56950,15.0,1800,4.9,93,5,2,0,0,1,1,1,1,A000000198526,10000010004
2026-08-16,헤어케어,36,바이오가,[대용량] 바이오가 바이오틴 손상모발개선 탈모완화 샴푸 돌콩배아 1000ml,https://www.oliveyoung.co.kr/store/goods/getGoodsDetail.do?goodsNo=A000000201277,https://image.oliveyoung.co.kr/cfimages/cf-goods/uploads/images/thumbnails/400/10/0000/0020/A00000020127763ko.png?l=ko,27500,27500,0.0,8221,4.8,89,8,2,0,1,0,0,0,1,A000000201277,10000010004
2026-08-16,헤어케어,37,트리셀,[8월올영픽/춘배 콜라보] 트리셀 나이트 콜라겐 샴푸 360ml 리필기획 (+춘배 핸드타월 키링),https://www.oliveyoung.co.kr/store/goods/getGoodsDetail.do?goodsNo=A000000244064,https://image.oliveyoung.co.kr/cfimages/cf-goods/uploads/images/thumbnails/400/10/0000/0024/A00000024406453ko.jpg?l=ko,34000,17000,50.0,2762,4.8,90,7,2,0,1,1,1,1,1,A000000244064,10000010004
2026-08-16,헤어케어,38,보다나,[파우치기획 드디어 재입고][브러쉬 무선 고데기] 보다나 이지 업 헤어스타일러 플립 3종 택 1,https://www.oliveyoung.co.kr/store/goods/getGoodsDetail.do?goodsNo=A000000244894,https://image.oliveyoung.co.kr/cfimages/cf-goods/uploads/images/thumbnails/400/10/0000/0024/A00000024489415ko.jpg?l=ko,85000,75900,10.7,418,4.6,76,14,6,2,2,1,0,0,1,A000000244894,10000010004
2026-08-16,헤어케어,39,로레알,[열보호퍼퓸에센스/+헤어밀크 증정] 로레알파리 헤어오일 에센스 100ml 단품/기획,https://www.oliveyoung.co.kr/store/goods/getGoodsDetail.do?goodsNo=A000000140183,https://image.oliveyoung.co.kr/cfimages/cf-goods/uploads/images/thumbnails/400/10/0000/0014/A000000140183244ko.jpg?l=ko,23500,16900,28.1,34725,4.8,82,13,4,0,1,0,1,0,1,A000000140183,10000010004
2026-08-16,헤어케어,40,아로마티카,[8월 올영픽/두피쿨링/탈모증상완화] 아로마티카 티트리 퓨리파잉 토닉 100ml (단품/더블기획),https://www.oliveyoung.co.kr/store/goods/getGoodsDetail.do?goodsNo=A000000189143,https://image.oliveyoung.co.kr/cfimages/cf-goods/uploads/images/thumbnails/400/10/0000/0018/A00000018914335ko.jpg?l=ko,30600,18900,38.2,7848,4.8,85,11,3,1,1,1,1,1,1,A000000189143,10000010004
2026-08-16,헤어케어,41,라우쉬,[8월 올영픽/정수리냄새케어]라우쉬 스위스 허벌 헤어 토닉 200ml,https://www.oliveyoung.co.kr/store/goods/getGoodsDetail.do?goodsNo=A000000214760,https://image.oliveyoung.co.kr/cfimages/cf-goods/uploads/images/thumbnails/400/10/0000/0021/A00000021476013ko.jpg?l=ko,41000,32900,19.8,1859,4.8,82,13,4,1,1,1,0,0,1,A000000214760,10000010004
2026-08-16,헤어케어,42,프롬랩스,[8월올영픽/한정기획] 프롬랩스 단백질 흡착 샴푸 500ml (1회만에 손상모 개선),https://www.oliveyoung.co.kr/store/goods/getGoodsDetail.do?goodsNo=A000000239680,https://image.oliveyoung.co.kr/cfimages/cf-goods/uploads/images/thumbnails/400/10/0000/0023/A00000023968019ko.png?l=ko,25000,18900,24.4,585,4.9,93,5,2,0,0,1,0,1,1,A000000239680,10000010004
2026-08-16,헤어케어,43,케라스타즈,[8월올영픽/염색모 케어] 케라스타즈 크로마 압솔뤼 워터 트리트먼트 210ml 기획/단품,https://www.oliveyoung.co.kr/store/goods/getGoodsDetail.do?goodsNo=A000000212117,https://image.oliveyoung.co.kr/cfimages/cf-goods/uploads/images/thumbnails/400/10/0000/0021/A00000021211724ko.jpg?l=ko,64000,49280,23.0,270,4.7,80,12,5,0,2,1,1,0,1,A000000212117,10000010004
2026-08-16,헤어케어,44,로레알 프로페셔널,[8월올영픽/올영단독] 로레알 프로페셔널 에르네뜨 퓨어 헤어 스프레이 무향 300ml/500ml (기획/단품),https://www.oliveyoung.co.kr/store/goods/getGoodsDetail.do?goodsNo=A000000227133,https://image.oliveyoung.co.kr/cfimages/cf-goods/uploads/images/thumbnails/400/10/0000/0022/A00000022713348ko.jpg?l=ko,18900,13400,29.1,4902,4.7,78,15,6,1,1,1,1,0,1,A000000227133,10000010004
2026-08-16,헤어케어,45,어노브,어노브 딥 데미지 리페어 샴푸 500ml 2종 택1 (단백질 앰플 샴푸),https://www.oliveyoung.co.kr/store/goods/getGoodsDetail.do?goodsNo=A000000180872,https://image.oliveyoung.co.kr/cfimages/cf-goods/uploads/images/thumbnails/400/10/0000/0018/A00000018087229ko.png?l=ko,18000,14900,17.2,7413,4.8,87,9,3,1,1,1,0,0,1,A000000180872,10000010004
2026-08-16,헤어케어,46,에뛰드,[3년 연속 어워즈 수상]  에뛰드 팡팡 헤어 섀도우 (기획 / 단품)  3 Colors,https://www.oliveyoung.co.kr/store/goods/getGoodsDetail.do?goodsNo=A000000173807,https://image.oliveyoung.co.kr/cfimages/cf-goods/uploads/images/thumbnails/400/10/0000/0017/A00000017380776ko.png?l=ko,16000,11200,30.0,9521,4.8,84,12,3,0,0,1,0,0,1,A000000173807,10000010004
2026-08-16,헤어케어,47,케라스타즈,[8월올영픽/얇은모발용/새싹케어] 케라스타즈 방 제네시스 샴푸 500ml 기획/단품,https://www.oliveyoung.co.kr/store/goods/getGoodsDetail.do?goodsNo=A000000212092,https://image.oliveyoung.co.kr/cfimages/cf-goods/uploads/images/thumbnails/400/10/0000/0021/A00000021209240ko.jpg?l=ko,75000,57750,23.0,166,4.8,86,8,5,1,1,1,1,0,1,A000000212092,10000010004
2026-08-16,헤어케어,48,라보에이치,[청량감MAX] 라보에이치 쿨링&노세범샴푸 750ML 기획(+샴푸100ML),https://www.oliveyoung.co.kr/store/goods/getGoodsDetail.do?goodsNo=A000000204247,https://image.oliveyoung.co.kr/cfimages/cf-goods/uploads/images/thumbnails/400/10/0000/0020/A00000020424746ko.jpg?l=ko,36000,26900,25.3,6635,4.7,82,11,4,1,1,1,0,0,1,A000000204247,10000010004
2026-08-16,헤어케어,49,나르카,[8월 올영픽/강력세팅/완벽고정] 나르카 슈퍼 픽스 엣지 헤어 마스카라 / 왁스 스틱 2종 택 1,https://www.oliveyoung.co.kr/store/goods/getGoodsDetail.do?goodsNo=A000000250347,https://image.oliveyoung.co.kr/cfimages/cf-goods/uploads/images/thumbnails/400/10/0000/0025/A00000025034748ko.png?l=ko,17000,14100,17.1,1237,4.7,84,10,4,1,1,1,1,0,1,A000000250347,10000010004
2026-08-16,헤어케어,50,청미정,[1위 다시마샴푸] 청미정 다시마 샴푸&트리트먼트 듀오 기획,https://www.oliveyoung.co.kr/store/goods/getGoodsDetail.do?goodsNo=A000000224498,https://image.oliveyoung.co.kr/cfimages/cf-goods/uploads/images/thumbnails/400/10/0000/0022/A00000022449816ko.png?l=ko,53550,48150,10.1,343,4.8,85,9,4,1,1,1,0,0,1,A000000224498,10000010004
2026-08-16,헤어케어,51,솔랩,[8월 올영픽/단독2입기획]솔랩 전문가 처방급 탈모/두피 영양 앰플 40ml+40ml,https://www.oliveyoung.co.kr/store/goods/getGoodsDetail.do?goodsNo=A000000220676,https://image.oliveyoung.co.kr/cfimages/cf-goods/uploads/images/thumbnails/400/10/0000/0022/A00000022067667ko.jpg?l=ko,54900,42900,21.9,10406,5.0,97,2,0,0,0,1,0,0,1,A000000220676,10000010004
2026-08-16,헤어케어,52,닥터포헤어,[8월올영픽] 닥터포헤어 폴리젠 씨솔트 엑스폴리에이터 250g 기획 (+60g),https://www.oliveyoung.co.kr/store/goods/getGoodsDetail.do?goodsNo=A000000141338,https://image.oliveyoung.co.kr/cfimages/cf-goods/uploads/images/thumbnails/400/10/0000/0014/A00000014133851ko.png?l=ko,24000,17700,26.2,10796,4.8,83,13,3,0,1,1,1,0,1,A000000141338,10000010004
2026-08-16,헤어케어,53,로레알,[+케어키트 한정기획ㅣ브라운새치염색] 로레알파리 엑셀랑스 듀오크림 9colors 단품/기획,https://www.oliveyoung.co.kr/store/goods/getGoodsDetail.do?goodsNo=A000000135112,https://image.oliveyoung.co.kr/cfimages/cf-goods/uploads/images/thumbnails/400/10/0000/0013/A000000135112148ko.jpg?l=ko,18000,12900,28.3,20070,4.7,81,14,4,1,1,1,0,0,1,A000000135112,10000010004
2026-08-16,헤어케어,54,츠바키,[8월 올영픽/뿌리볼륨UP] 츠바키 프리미엄 볼륨 & 리페어 샴푸 450ml+300ml+100ml,https://www.oliveyoung.co.kr/store/goods/getGoodsDetail.do?goodsNo=A000000218338,https://image.oliveyoung.co.kr/cfimages/cf-goods/uploads/images/thumbnails/400/10/0000/0021/A00000021833812ko.jpg?l=ko,30400,18800,38.2,1602,4.8,87,9,4,0,0,1,0,0,1,A000000218338,10000010004
2026-08-16,헤어케어,55,미쟝센,[열보호] 미쟝센 컬링에센스 2X 230ML(볼륨컬/내추럴컬 ),https://www.oliveyoung.co.kr/store/goods/getGoodsDetail.do?goodsNo=A000000168640,https://image.oliveyoung.co.kr/cfimages/cf-goods/uploads/images/thumbnails/400/10/0000/0016/A00000016864012ko.jpg?l=ko,15000,8900,40.7,31287,4.7,78,16,5,1,0,1,0,0,1,A000000168640,10000010004
2026-08-16,헤어케어,56,피노,[젤리 헤어팩]피노 프리미엄 터치 헤어 마스크 230g 더블 기획,https://www.oliveyoung.co.kr/store/goods/getGoodsDetail.do?goodsNo=A000000250328,https://image.oliveyoung.co.kr/cfimages/cf-goods/uploads/images/thumbnails/400/10/0000/0025/A00000025032822ko.jpg?l=ko,25200,20100,20.2,17625,4.8,87,9,3,0,0,1,0,0,1,A000000250328,10000010004
2026-08-16,헤어케어,57,커리쉴,[열보호] 커리쉴 실키 오일 세럼 70ml,https://www.oliveyoung.co.kr/store/goods/getGoodsDetail.do?goodsNo=A000000236968,https://image.oliveyoung.co.kr/cfimages/cf-goods/uploads/images/thumbnails/400/10/0000/0023/A00000023696809ko.png?l=ko,25000,22500,10.0,5451,4.9,92,6,2,0,0,1,0,0,1,A000000236968,10000010004
2026-08-16,헤어케어,58,바이오가,[모발탄력 개선] 바이오가 글라이신 우유단백질 트리트먼트 1000ml 대용량,https://www.oliveyoung.co.kr/store/goods/getGoodsDetail.do?goodsNo=A000000209375,https://image.oliveyoung.co.kr/cfimages/cf-goods/uploads/images/thumbnails/400/10/0000/0020/A00000020937531ko.png?l=ko,29500,29500,0.0,2544,4.8,86,9,3,0,1,0,0,0,1,A000000209375,10000010004
2026-08-16,헤어케어,59,어네이즈,[염색입문템] 어네이즈 셀프 터치 업 컬러 키트 B01 브라운,https://www.oliveyoung.co.kr/store/goods/getGoodsDetail.do?goodsNo=A000000237116,https://image.oliveyoung.co.kr/cfimages/cf-goods/uploads/images/thumbnails/400/10/0000/0023/A00000023711604ko.jpg?l=ko,24000,22800,5.0,387,4.8,87,10,3,0,1,1,0,0,1,A000000237116,10000010004
2026-08-16,헤어케어,60,아로마티카,[8월 올영픽/1등토닉/탈모증상완화] 아로마티카 로즈마리 루트인핸서 100ml (단품/더블기획),https://www.oliveyoung.co.kr/store/goods/getGoodsDetail.do?goodsNo=A000000222696,https://image.oliveyoung.co.kr/cfimages/cf-goods/uploads/images/thumbnails/400/10/0000/0022/A00000022269649ko.jpg?l=ko,30600,18900,38.2,13257,4.8,88,9,2,0,0,1,1,1,1,A000000222696,10000010004
2026-08-16,헤어케어,61,케라스타즈,[8월올영픽/두피쿨링/새싹케어] 케라스타즈 제네시스 두피 세럼 90ml 기획/단품,https://www.oliveyoung.co.kr/store/goods/getGoodsDetail.do?goodsNo=A000000212122,https://image.oliveyoung.co.kr/cfimages/cf-goods/uploads/images/thumbnails/400/10/0000/0021/A00000021212212ko.jpg?l=ko,75000,57750,23.0,279,4.7,83,8,6,1,2,1,1,1,1,A000000212122,10000010004
2026-08-16,헤어케어,62,어노브,[단독기획] 어노브 워터 에센스 헤어미스트 200ml+30ml 증정 기획 (뿌리는 에센스),https://www.oliveyoung.co.kr/store/goods/getGoodsDetail.do?goodsNo=A000000188767,https://image.oliveyoung.co.kr/cfimages/cf-goods/uploads/images/thumbnails/400/10/0000/0018/A00000018876730ko.png?l=ko,20000,15900,20.5,9830,4.8,84,11,4,1,1,1,0,0,1,A000000188767,10000010004
2026-08-16,헤어케어,63,츠바키,[8월 올영픽/뿌리는 트리트먼트] 츠바키 프리미엄 트리트먼트 워터 210ml 더블 기획,https://www.oliveyoung.co.kr/store/goods/getGoodsDetail.do?goodsNo=A000000247947,https://image.oliveyoung.co.kr/cfimages/cf-goods/uploads/images/thumbnails/400/10/0000/0024/A00000024794716ko.jpg?l=ko,34000,21700,36.2,911,4.8,85,11,4,1,0,1,0,0,1,A000000247947,10000010004
2026-08-16,헤어케어,64,케라스타즈,[8월올영픽/손상케어] 케라스타즈 방 포스 아키텍트 샴푸 500ml 기획/단품,https://www.oliveyoung.co.kr/store/goods/getGoodsDetail.do?goodsNo=A000000212146,https://image.oliveyoung.co.kr/cfimages/cf-goods/uploads/images/thumbnails/400/10/0000/0021/A00000021214658ko.jpg?l=ko,67000,51590,23.0,386,4.8,86,8,4,1,1,1,1,0,1,A000000212146,10000010004
2026-08-16,헤어케어,65,케라스타즈,[8월올영픽/염색모케어] 케라스타즈 크로마 압솔뤼 헤어 오일 75ml,https://www.oliveyoung.co.kr/store/goods/getGoodsDetail.do?goodsNo=A000000216234,https://image.oliveyoung.co.kr/cfimages/cf-goods/uploads/images/thumbnails/400/10/0000/0021/A00000021623440ko.jpg?l=ko,93000,71610,23.0,118,4.8,84,14,1,,1,1,1,0,1,A000000216234,10000010004
2026-08-16,헤어케어,66,츠바키,[ 한정기획]츠바키 프리미엄 볼륨 & 리페어 트리트먼트 160g 더블 기획,https://www.oliveyoung.co.kr/store/goods/getGoodsDetail.do?goodsNo=A000000261470,https://image.oliveyoung.co.kr/cfimages/cf-goods/uploads/images/thumbnails/400/10/0000/0026/A00000026147004ko.jpg?l=ko,30000,18600,38.0,1085,4.8,85,11,3,1,0,1,0,0,1,A000000261470,10000010004
2026-08-16,헤어케어,67,어노브,어노브 딥 데미지 리페어 샴푸 500ml 더블/듀오 기획,https://www.oliveyoung.co.kr/store/goods/getGoodsDetail.do?goodsNo=A000000183059,https://image.oliveyoung.co.kr/cfimages/cf-goods/uploads/images/thumbnails/400/10/0000/0018/A00000018305979ko.png?l=ko,34000,34000,0.0,23462,4.9,91,7,2,0,0,0,0,0,1,A000000183059,10000010004
2026-08-16,헤어케어,68,미쟝센,[한정기획]미쟝센 살롱10 펩타이드리페어 헤어마스크(트리트먼트) 300ML*2+30ML*2 증정기획,https://www.oliveyoung.co.kr/store/goods/getGoodsDetail.do?goodsNo=A000000254186,https://image.oliveyoung.co.kr/cfimages/cf-goods/uploads/images/thumbnails/400/10/0000/0025/A00000025418649ko.jpg?l=ko,33000,25800,21.8,1030,4.9,93,5,2,0,0,1,0,0,1,A000000254186,10000010004
2026-08-16,헤어케어,69,팬틴,[더블+증정기획] 팬틴 트리트먼트 220ml더블기획&미니샴푸증정 극손상케어/실키스무드케어 택 1,https://www.oliveyoung.co.kr/store/goods/getGoodsDetail.do?goodsNo=A000000228197,https://image.oliveyoung.co.kr/cfimages/cf-goods/uploads/images/thumbnails/400/10/0000/0022/A00000022819751ko.jpg?l=ko,18700,10280,45.0,15914,4.9,90,8,2,0,0,1,0,0,1,A000000228197,10000010004
2026-08-16,헤어케어,70,아로마티카,[단독기획/탈모증상완화] 아로마티카 로즈마리 스칼프 스케일링 샴푸 400ml (단품/더블기획/리필),https://www.oliveyoung.co.kr/store/goods/getGoodsDetail.do?goodsNo=A000000222695,https://image.oliveyoung.co.kr/cfimages/cf-goods/uploads/images/thumbnails/400/10/0000/0022/A00000022269538ko.jpg?l=ko,26000,17900,31.2,6479,4.8,86,10,3,1,1,1,0,0,1,A000000222695,10000010004
2026-08-16,헤어케어,71,바이브랩,[한정기획]바이브랩 리바이브 테라피 헤어 스칼프 앤 브로우 앰플 더블기획/단품,https://www.oliveyoung.co.kr/store/goods/getGoodsDetail.do?goodsNo=A000000226505,https://image.oliveyoung.co.kr/cfimages/cf-goods/uploads/images/thumbnails/400/10/0000/0022/A00000022650531ko.jpg?l=ko,39000,31200,20.0,7092,4.7,79,14,5,1,1,1,0,0,1,A000000226505,10000010004
2026-08-16,헤어케어,72,이브로쉐,[기획] 이브로쉐 헤어식초 400mlX2입 기획 2종 택 1 (알개 / 라즈베리),https://www.oliveyoung.co.kr/store/goods/getGoodsDetail.do?goodsNo=A000000206019,https://image.oliveyoung.co.kr/cfimages/cf-goods/uploads/images/thumbnails/400/10/0000/0020/A00000020601925ko.jpg?l=ko,39800,29900,24.9,16449,4.8,86,11,2,0,0,1,0,0,1,A000000206019,10000010004
2026-08-16,헤어케어,73,미쟝센,[2년 연속 1위] 미쟝센 뉴 헬로크림 염색,https://www.oliveyoung.co.kr/store/goods/getGoodsDetail.do?goodsNo=A000000206445,https://image.oliveyoung.co.kr/cfimages/cf-goods/uploads/images/thumbnails/400/10/0000/0020/A00000020644573ko.png?l=ko,16000,8900,44.4,43234,4.7,78,14,6,1,1,1,0,0,1,A000000206445,10000010004
2026-08-16,헤어케어,74,보다나,보다나 글램웨이브 봉고데기 40mm 5종 택 1,https://www.oliveyoung.co.kr/store/goods/getGoodsDetail.do?goodsNo=A000000130294,https://image.oliveyoung.co.kr/cfimages/cf-goods/uploads/images/thumbnails/400/10/0000/0013/A00000013029432ko.jpg?l=ko,94900,85000,10.4,3047,4.8,87,10,2,0,0,1,0,0,1,A000000130294,10000010004
2026-08-16,헤어케어,75,헤어플러스,[1등][손상모 케어] 헤어플러스 단백질 본드 워터에센스 200ml+50ml 기획,https://www.oliveyoung.co.kr/store/goods/getGoodsDetail.do?goodsNo=A000000210303,https://image.oliveyoung.co.kr/cfimages/cf-goods/uploads/images/thumbnails/400/10/0000/0021/A00000021030350ko.jpg?l=ko,18900,15100,20.1,17033,4.8,86,11,3,0,0,1,0,0,1,A000000210303,10000010004
2026-08-16,헤어케어,76,로레알,[열보호 헤어밀크/산뜻한케어] 로레알파리 오일 헤어 밀크에센스 90ml,https://www.oliveyoung.co.kr/store/goods/getGoodsDetail.do?goodsNo=A000000255774,https://image.oliveyoung.co.kr/cfimages/cf-goods/uploads/images/thumbnails/400/10/0000/0025/A00000025577412ko.jpg?l=ko,20000,15900,20.5,630,4.8,87,10,2,,1,0,1,0,1,A000000255774,10000010004
2026-08-16,헤어케어,77,박준뷰티랩,[열보호]박준뷰티랩 LPP 단백질 노워시 트리트먼트 200ml+80ml (기획/단품) 영양공급 헤어팩,https://www.oliveyoung.co.kr/store/goods/getGoodsDetail.do?goodsNo=A000000172064,https://image.oliveyoung.co.kr/cfimages/cf-goods/uploads/images/thumbnails/400/10/0000/0017/A00000017206425ko.png?l=ko,22000,16800,23.6,6082,4.9,89,8,3,0,0,0,1,0,1,A000000172064,10000010004
2026-08-16,헤어케어,78,모로칸오일,[8월올영픽/내추럴 컬고정] 모로칸오일 인텐스 컬 크림 75ml,https://www.oliveyoung.co.kr/store/goods/getGoodsDetail.do?goodsNo=A000000145705,https://image.oliveyoung.co.kr/cfimages/cf-goods/uploads/images/thumbnails/400/10/0000/0014/A00000014570536ko.jpg?l=ko,17000,13800,18.8,3044,4.7,79,15,4,1,1,1,1,1,1,A000000145705,10000010004
2026-08-16,헤어케어,79,라보에이치,[잔머리폭발] 라보에이치 헤어라인앰플 더블기획(+샴푸50ML),https://www.oliveyoung.co.kr/store/goods/getGoodsDetail.do?goodsNo=A000000202414,https://image.oliveyoung.co.kr/cfimages/cf-goods/uploads/images/thumbnails/400/10/0000/0020/A00000020241474ko.jpg?l=ko,42000,25900,38.3,6970,4.8,84,11,4,1,0,1,1,0,1,A000000202414,10000010004
2026-08-16,헤어케어,80,달리프,[1등헤어토닉] 달리프 클로렐라 탈모증상완화 헤어토닉 더블기획(100ml+100ml),https://www.oliveyoung.co.kr/store/goods/getGoodsDetail.do?goodsNo=A000000180613,https://image.oliveyoung.co.kr/cfimages/cf-goods/uploads/images/thumbnails/400/10/0000/0018/A00000018061338ko.jpg?l=ko,21000,18900,10.0,15281,4.8,81,14,4,0,0,1,0,0,1,A000000180613,10000010004
2026-08-16,헤어케어,81,어노브,어노브 실크 헤어 오일 에센스 70ml (텐더블룸/웜페탈),https://www.oliveyoung.co.kr/store/goods/getGoodsDetail.do?goodsNo=A000000154188,https://image.oliveyoung.co.kr/cfimages/cf-goods/uploads/images/thumbnails/400/10/0000/0015/A00000015418834ko.png?l=ko,19000,16900,11.1,36130,4.8,87,10,2,0,0,1,0,0,1,A000000154188,10000010004
2026-08-16,헤어케어,82,그로우어스,[아이돌PICK/접착 헤어팩] 그로우어스 데미지 테라피 리페어 클리닉 헤어팩 230g 기획,https://www.oliveyoung.co.kr/store/goods/getGoodsDetail.do?goodsNo=A000000248789,https://image.oliveyoung.co.kr/cfimages/cf-goods/uploads/images/thumbnails/400/10/0000/0024/A00000024878941ko.jpg?l=ko,22000,19900,9.5,1535,4.8,86,8,4,1,1,1,0,0,1,A000000248789,10000010004
2026-08-16,헤어케어,83,닥터포헤어,[8월올영픽] 닥터포헤어 에어로 쿨링 스프레이 100ml 더블 기획,https://www.oliveyoung.co.kr/store/goods/getGoodsDetail.do?goodsNo=A000000254152,https://image.oliveyoung.co.kr/cfimages/cf-goods/uploads/images/thumbnails/400/10/0000/0025/A00000025415228ko.png?l=ko,22000,16050,27.0,2593,4.7,80,12,5,2,1,1,1,0,1,A000000254152,10000010004
2026-08-16,헤어케어,84,그래비티,[카이스트특허기술] 그래비티 헤어리프팅 샴푸 엑스트라 스트롱 475ml 기획(+50ml증정),https://www.oliveyoung.co.kr/store/goods/getGoodsDetail.do?goodsNo=A000000217893,https://image.oliveyoung.co.kr/cfimages/cf-goods/uploads/images/thumbnails/400/10/0000/0021/A00000021789323ko.jpg?l=ko,38000,34960,8.0,2798,4.8,84,11,4,0,1,1,0,0,1,A000000217893,10000010004
2026-08-16,헤어케어,85,모레모,[챠미키티 에디션][손상케어] 모레모 미라클 2X 트리트먼트 475ml 기획 2종,https://www.oliveyoung.co.kr/store/goods/getGoodsDetail.do?goodsNo=A000000223264,https://image.oliveyoung.co.kr/cfimages/cf-goods/uploads/images/thumbnails/400/10/0000/0022/A00000022326429ko.jpg?l=ko,39000,24900,36.2,3010,4.8,86,9,3,1,1,1,0,0,1,A000000223264,10000010004
2026-08-16,헤어케어,86,박준뷰티랩,[모발탄력]박준뷰티랩 LPP 단백질 샴푸 플러스 1000ml 데미지 리페어 손상모 딥클렌징 미용실용,https://www.oliveyoung.co.kr/store/goods/getGoodsDetail.do?goodsNo=A000000149734,https://image.oliveyoung.co.kr/cfimages/cf-goods/uploads/images/thumbnails/400/10/0000/0014/A00000014973442ko.jpg?l=ko,19800,17800,10.1,4563,4.8,83,11,4,1,1,0,1,0,1,A000000149734,10000010004
2026-08-16,헤어케어,87,씨드비,[김용빈PICK] 씨드비 프리미엄 물염색 3+3리필기획 3종 택1,https://www.oliveyoung.co.kr/store/goods/getGoodsDetail.do?goodsNo=A000000190123,https://image.oliveyoung.co.kr/cfimages/cf-goods/uploads/images/thumbnails/400/10/0000/0019/A00000019012322ko.png?l=ko,32000,22400,30.0,5489,4.7,83,12,4,1,1,1,0,0,1,A000000190123,10000010004
2026-08-16,헤어케어,88,모다모다,모다모다 제로그레이 블랙샴푸10 300g기획 (+10일 kit 증정),https://www.oliveyoung.co.kr/store/goods/getGoodsDetail.do?goodsNo=A000000212960,https://image.oliveyoung.co.kr/cfimages/cf-goods/uploads/images/thumbnails/400/10/0000/0021/A00000021296003ko.png?l=ko,39000,24180,38.0,2355,4.6,76,14,6,1,2,1,0,0,1,A000000212960,10000010004
2026-08-16,헤어케어,89,케라스타즈,[얇은모발용/새싹케어] 케라스타즈 제네시스 테르미크 열보호 노워시 트리트먼트 150ml,https://www.oliveyoung.co.kr/store/goods/getGoodsDetail.do?goodsNo=A000000212123,https://image.oliveyoung.co.kr/cfimages/cf-goods/uploads/images/thumbnails/400/10/0000/0021/A00000021212302ko.jpg?l=ko,66000,53460,19.0,46,4.6,80,11,2,2,4,1,0,0,1,A000000212123,10000010004
2026-08-16,헤어케어,90,다슈,[1등 다운펌/강력밀착] 다슈 포맨 프리미엄 울트라 본드 젤 다운펌 100ml,https://www.oliveyoung.co.kr/store/goods/getGoodsDetail.do?goodsNo=A000000112355,https://image.oliveyoung.co.kr/cfimages/cf-goods/uploads/images/thumbnails/400/10/0000/0011/A00000011235516ko.jpg?l=ko,18000,18000,0.0,2234,4.4,65,18,12,3,2,0,0,1,1,A000000112355,10000010004
2026-08-16,헤어케어,91,글램팜,글램팜 오리지널 플랫 만능 고데기 글램핑크 에디션,https://www.oliveyoung.co.kr/store/goods/getGoodsDetail.do?goodsNo=A000000190006,https://image.oliveyoung.co.kr/cfimages/cf-goods/uploads/images/thumbnails/400/10/0000/0019/A00000019000605ko.jpg?l=ko,260000,260000,0.0,17,4.5,76,12,6,,6,0,0,0,0,A000000190006,10000010004
2026-08-16,헤어케어,92,로레알,[수부지 두피샴푸&정수리냄새케어] 로레알파리 히알루론산 두피앰플샴푸 440ml 단품/기획 (약산성),https://www.oliveyoung.co.kr/store/goods/getGoodsDetail.do?goodsNo=A000000230510,https://image.oliveyoung.co.kr/cfimages/cf-goods/uploads/images/thumbnails/400/10/0000/0023/A00000023051033ko.jpg?l=ko,25000,18900,24.4,684,4.8,85,11,3,1,1,1,1,0,1,A000000230510,10000010004
2026-08-16,헤어케어,93,하아르,[올영단독/증량기획] 하아르 닥터란 탈모증상완화 샴푸 500ML 단품 / 기획,https://www.oliveyoung.co.kr/store/goods/getGoodsDetail.do?goodsNo=A000000208492,https://image.oliveyoung.co.kr/cfimages/cf-goods/uploads/images/thumbnails/400/10/0000/0020/A00000020849215ko.jpg?l=ko,29800,29800,0.0,2152,4.8,84,10,4,1,1,0,0,0,1,A000000208492,10000010004
2026-08-16,헤어케어,94,보다나,보다나 글램웨이브 봉고데기 프리볼트 36mm 6종 택1,https://www.oliveyoung.co.kr/store/goods/getGoodsDetail.do?goodsNo=A000000156203,https://image.oliveyoung.co.kr/cfimages/cf-goods/uploads/images/thumbnails/400/10/0000/0015/A00000015620340ko.jpg?l=ko,92900,83000,10.7,6898,4.8,85,13,2,0,0,1,0,0,1,A000000156203,10000010004
2026-08-16,헤어케어,95,루톤,루톤 여성 두피용 알파에르겐 탈모샴푸 500ml+70ml 증정기획,https://www.oliveyoung.co.kr/store/goods/getGoodsDetail.do?goodsNo=A000000167464,https://image.oliveyoung.co.kr/cfimages/cf-goods/uploads/images/thumbnails/400/10/0000/0016/A00000016746406ko.jpg?l=ko,36000,29800,17.2,4016,4.8,88,9,2,0,1,1,0,0,1,A000000167464,10000010004
2026-08-16,헤어케어,96,롱테이크,[단독기획/단품] 롱테이크 헤어오일 40ml+15ml 샌달우드/블랙티앤피그,https://www.oliveyoung.co.kr/store/goods/getGoodsDetail.do?goodsNo=A000000210993,https://image.oliveyoung.co.kr/cfimages/cf-goods/uploads/images/thumbnails/400/10/0000/0021/A00000021099337ko.png?l=ko,24000,21000,12.5,1004,4.9,90,7,3,0,0,1,0,0,1,A000000210993,10000010004
2026-08-16,헤어케어,97,실크테라피,[극손상케어] 실크테라피 에센스 145KIT(130+15) 3종 택1 (손상/극손상용),https://www.oliveyoung.co.kr/store/goods/getGoodsDetail.do?goodsNo=A000000177588,https://image.oliveyoung.co.kr/cfimages/cf-goods/uploads/images/thumbnails/400/10/0000/0017/A00000017758818ko.jpg?l=ko,37000,25900,30.0,4199,4.9,89,8,2,0,0,1,0,0,1,A000000177588,10000010004
2026-08-16,헤어케어,98,어노브,[단독기획] 어노브 노워시 워터 앰플 트리트먼트 200ml+50ml증정 기획 (뿌리는 헤어팩),https://www.oliveyoung.co.kr/store/goods/getGoodsDetail.do?goodsNo=A000000171425,https://image.oliveyoung.co.kr/cfimages/cf-goods/uploads/images/thumbnails/400/10/0000/0017/A00000017142527ko.png?l=ko,25000,25000,0.0,8288,4.8,84,10,4,1,1,0,0,0,1,A000000171425,10000010004
2026-08-16,헤어케어,99,이지엔,[단독선론칭] 이지엔 푸딩 헤어컬러 12종,https://www.oliveyoung.co.kr/store/goods/getGoodsDetail.do?goodsNo=A000000262845,https://image.oliveyoung.co.kr/cfimages/cf-goods/uploads/images/thumbnails/400/10/0000/0026/A00000026284502ko.png?l=ko,16000,8800,45.0,68,4.7,76,15,7,1,,1,0,0,1,A000000262845,10000010004
2026-08-16,헤어케어,100,로레알,[1&1ㅣ마지막 리필기획] 로레알파리 오일 마스크팩 250ml 단품/기획,https://www.oliveyoung.co.kr/store/goods/getGoodsDetail.do?goodsNo=A000000217317,https://image.oliveyoung.co.kr/cfimages/cf-goods/uploads/images/thumbnails/400/10/0000/0021/A00000021731743ko.jpg?l=ko,28000,20900,25.4,1918,4.7,83,11,4,1,1,1,0,0,1,A000000217317,10000010004
2026-08-16,바디케어,1,바이오가,[8월올영픽/대용량] 바이오가 등드름 바디워시 베타인살리실레이트 1000ml 단품/기획(+바디미스트 20ml),https://www.oliveyoung.co.kr/store/goods/getGoodsDetail.do?goodsNo=A000000238525,https://image.oliveyoung.co.kr/cfimages/cf-goods/uploads/images/thumbnails/400/10/0000/0023/A00000023852549ko.png?l=ko,25500,21160,17.0,7829,4.8,85,9,4,1,1,1,1,0,1,A000000238525,10000010003
2026-08-16,바디케어,2,우르오스,[맨즈케어 바디워시 1위] 우르오스 스킨워시 500ml 2입 기획,https://www.oliveyoung.co.kr/store/goods/getGoodsDetail.do?goodsNo=A000000232997,https://image.oliveyoung.co.kr/cfimages/cf-goods/uploads/images/thumbnails/400/10/0000/0023/A00000023299709ko.png?l=ko,38200,31000,18.8,5616,4.9,92,6,1,0,0,1,0,0,1,A000000232997,10000010003
2026-08-16,바디케어,3,트리헛,[9년연속 1위/45g 추가 증정] 트리헛 시어 슈가 스크럽 510g 블리스터 증정기획/단품,https://www.oliveyoung.co.kr/store/goods/getGoodsDetail.do?goodsNo=A000000148549,https://image.oliveyoung.co.kr/cfimages/cf-goods/uploads/images/thumbnails/400/10/0000/0014/A000000148549293ko.jpg?l=ko,22500,17100,24.0,62269,4.8,87,10,2,0,0,1,1,0,1,A000000148549,10000010003
2026-08-16,바디케어,4,온더바디,[위클리초특가] 온더바디 발을씻자 코튼 풋샴푸 대용량 510ml (복숭아/쿨링 택1),https://www.oliveyoung.co.kr/store/goods/getGoodsDetail.do?goodsNo=A000000260463,https://image.oliveyoung.co.kr/cfimages/cf-goods/uploads/images/thumbnails/400/10/0000/0026/A00000026046318ko.jpg?l=ko,7400,4990,32.6,65,5.0,98,,2,,,1,0,0,1,A000000260463,10000010003
2026-08-16,바디케어,5,도브,도브 바디 스크럽 298g 4종 택 1,https://www.oliveyoung.co.kr/store/goods/getGoodsDetail.do?goodsNo=A000000186792,https://image.oliveyoung.co.kr/cfimages/cf-goods/uploads/images/thumbnails/400/10/0000/0018/A00000018679243ko.jpg?l=ko,17900,17900,0.0,30634,4.8,88,9,3,0,0,0,0,0,1,A000000186792,10000010003
2026-08-16,바디케어,6,닥터브로너스,[대용량 바디워시/여드름.등드름]닥터 브로너스 퓨어 캐스틸 솝 950ml 12종 택 1 (기획/단품),https://www.oliveyoung.co.kr/store/goods/getGoodsDetail.do?goodsNo=A000000154091,https://image.oliveyoung.co.kr/cfimages/cf-goods/uploads/images/thumbnails/400/10/0000/0015/A00000015409174ko.jpg?l=ko,51000,28900,43.3,23133,4.8,85,11,3,1,1,1,0,0,1,A000000154091,10000010003
2026-08-16,바디케어,7,토르홉,[8월올영픽/셀룰라이트케어] 토르홉 사우난지앙 라인핏 바디 스크럽 200g,https://www.oliveyoung.co.kr/store/goods/getGoodsDetail.do?goodsNo=A000000260069,https://image.oliveyoung.co.kr/cfimages/cf-goods/uploads/images/thumbnails/400/10/0000/0026/A00000026006913ko.png?l=ko,24500,18500,24.5,293,4.9,92,6,1,1,1,1,1,1,1,A000000260069,10000010003
2026-08-16,바디케어,8,토르홉,[8월올영픽/온&냉사우나] 토르홉 바디 스크럽 200g 2종 택1 [사우난지앙 라인핏/라이카 민트쿨링],https://www.oliveyoung.co.kr/store/goods/getGoodsDetail.do?goodsNo=A000000260071,https://image.oliveyoung.co.kr/cfimages/cf-goods/uploads/images/thumbnails/400/10/0000/0026/A00000026007108ko.png?l=ko,24500,18500,24.5,658,4.9,90,7,2,1,0,1,1,1,1,A000000260071,10000010003
2026-08-16,바디케어,9,보로탈코,보로탈코 벨벳팅 크림 4종 택 1,https://www.oliveyoung.co.kr/store/goods/getGoodsDetail.do?goodsNo=A000000176600,https://image.oliveyoung.co.kr/cfimages/cf-goods/uploads/images/thumbnails/400/10/0000/0017/A00000017660024ko.jpg?l=ko,8000,8000,0.0,21392,4.8,87,10,3,0,0,0,0,0,1,A000000176600,10000010003
2026-08-16,바디케어,10,바세린,[8월 올영픽][NEW] 바세린 글루타히야 세럼 바디로션 (듀이/플로리스/프로에이지) 300ml 3종 택1,https://www.oliveyoung.co.kr/store/goods/getGoodsDetail.do?goodsNo=A000000259209,https://image.oliveyoung.co.kr/cfimages/cf-goods/uploads/images/thumbnails/400/10/0000/0025/A00000025920903ko.jpg?l=ko,13900,9900,28.8,2543,5.0,97,3,1,,,1,1,0,1,A000000259209,10000010003
2026-08-16,바디케어,11,낫포유,[7년연속1위/트러블진정] 낫포유 트러블 클리어 바디미스트 200ml 기획 (+30ml 미니어처 증정),https://www.oliveyoung.co.kr/store/goods/getGoodsDetail.do?goodsNo=A000000209146,https://image.oliveyoung.co.kr/cfimages/cf-goods/uploads/images/thumbnails/400/10/0000/0020/A00000020914639ko.jpg?l=ko,21900,19900,9.1,14758,4.8,84,11,3,1,1,1,0,0,1,A000000209146,10000010003
2026-08-16,바디케어,12,포맨트,[8월 올영픽/박지훈 PICK] 포맨트 아크네 퍼퓸샤워 500ml (코튼허그/코튼베이비) 2종 중 택1,https://www.oliveyoung.co.kr/store/goods/getGoodsDetail.do?goodsNo=A000000261349,https://image.oliveyoung.co.kr/cfimages/cf-goods/uploads/images/thumbnails/400/10/0000/0026/A00000026134908ko.png?l=ko,19000,17200,9.5,1215,4.9,96,3,1,0,0,1,1,1,1,A000000261349,10000010003
2026-08-16,바디케어,13,아윌미백,[착색OUT/겨드랑이 톤업] 아윌미백 브라이트카밍 젤크림,https://www.oliveyoung.co.kr/store/goods/getGoodsDetail.do?goodsNo=A000000224954,https://image.oliveyoung.co.kr/cfimages/cf-goods/uploads/images/thumbnails/400/10/0000/0022/A00000022495422ko.jpg?l=ko,27000,20300,24.8,5250,4.8,86,8,4,1,0,1,0,0,1,A000000224954,10000010003
2026-08-16,바디케어,14,일리윤,[5년연속1위/100시간보습] 일리윤 세라마이드 아토 로션 334ML+100ML(기획/단품),https://www.oliveyoung.co.kr/store/goods/getGoodsDetail.do?goodsNo=A000000157820,https://image.oliveyoung.co.kr/cfimages/cf-goods/uploads/images/thumbnails/400/10/0000/0015/A00000015782025ko.png?l=ko,18900,13900,26.5,24364,4.9,90,8,2,0,0,1,0,0,1,A000000157820,10000010003
2026-08-16,바디케어,15,플루,[8월올영픽/5천만개 판매] 플루 오리지널 바디스크럽 2입 기획 (화이트머스크/로즈마리허브),https://www.oliveyoung.co.kr/store/goods/getGoodsDetail.do?goodsNo=A000000223832,https://image.oliveyoung.co.kr/cfimages/cf-goods/uploads/images/thumbnails/400/10/0000/0022/A00000022383215ko.jpg?l=ko,17900,14200,20.7,8149,4.8,87,10,2,0,0,1,1,1,1,A000000223832,10000010003
2026-08-16,바디케어,16,레이비,[폭닥 살냄새 잔향] 레이비 퍼퓸 바디워시 500ml 5종 택1,https://www.oliveyoung.co.kr/store/goods/getGoodsDetail.do?goodsNo=A000000138140,https://image.oliveyoung.co.kr/cfimages/cf-goods/uploads/images/thumbnails/400/10/0000/0013/A00000013814038ko.jpg?l=ko,11900,9900,16.8,21581,4.8,87,9,3,0,0,1,0,0,1,A000000138140,10000010003
2026-08-16,바디케어,17,닥터브로너스,[8월 올영픽/쿨링.유분.체취 바디워시] 닥터브로너스 퓨어 캐스틸 솝 475ml (단품/기획),https://www.oliveyoung.co.kr/store/goods/getGoodsDetail.do?goodsNo=A000000000207,https://image.oliveyoung.co.kr/cfimages/cf-goods/uploads/images/thumbnails/400/10/0000/0000/A00000000020748ko.jpg?l=ko,44500,27800,37.5,8354,4.8,82,14,3,0,1,1,1,0,1,A000000000207,10000010003
2026-08-16,바디케어,18,넛세린,[8월 올영픽]넛세린 아로마 넛 괄사 세럼 단품/기획 4종 택1,https://www.oliveyoung.co.kr/store/goods/getGoodsDetail.do?goodsNo=A000000257599,https://image.oliveyoung.co.kr/cfimages/cf-goods/uploads/images/thumbnails/400/10/0000/0025/A00000025759919ko.jpg?l=ko,35000,26900,23.1,2810,4.7,83,10,4,1,1,1,1,0,1,A000000257599,10000010003
2026-08-16,바디케어,19,쉬크,쉬크 인튜이션 면도날 3입 4종 택1 (레몬베리/알로에/코코아버터/혼합),https://www.oliveyoung.co.kr/store/goods/getGoodsDetail.do?goodsNo=A000000164107,https://image.oliveyoung.co.kr/cfimages/cf-goods/uploads/images/thumbnails/400/10/0000/0016/A00000016410709ko.jpg?l=ko,14900,11900,20.1,33231,4.9,88,10,2,0,0,1,0,0,1,A000000164107,10000010003
2026-08-16,바디케어,20,브라운,브라운 시리즈3 전기 면도기 310s W&D (건습식),https://www.oliveyoung.co.kr/store/goods/getGoodsDetail.do?goodsNo=A000000109450,https://image.oliveyoung.co.kr/cfimages/cf-goods/uploads/images/thumbnails/400/10/0000/0010/A00000010945010ko.jpg?l=ko,57900,48900,15.5,475,4.6,73,19,6,1,1,1,0,0,1,A000000109450,10000010003
2026-08-16,바디케어,21,바세린,[8월 올영픽][NEW] 바세린 바디밤 젤리스틱 6종[단품/기획] [15g/40g],https://www.oliveyoung.co.kr/store/goods/getGoodsDetail.do?goodsNo=A000000258350,https://image.oliveyoung.co.kr/cfimages/cf-goods/uploads/images/thumbnails/400/10/0000/0025/A00000025835010ko.png?l=ko,17800,12100,32.0,2098,4.9,95,4,1,0,0,1,1,0,1,A000000258350,10000010003
2026-08-16,바디케어,22,쉬크,쉬크 인튜이션 버라이어티 곰돌찡/토끼찡 에디션 제모기 2종 택1(기+날4입),https://www.oliveyoung.co.kr/store/goods/getGoodsDetail.do?goodsNo=A000000223801,https://image.oliveyoung.co.kr/cfimages/cf-goods/uploads/images/thumbnails/400/10/0000/0022/A00000022380128ko.jpg?l=ko,24900,16900,32.1,24037,4.8,85,11,3,1,0,1,1,0,1,A000000223801,10000010003
2026-08-16,바디케어,23,질레트 비너스,[NEW] 비너스 스월 여성 면도기+날 세트 (핸들1+날2+면도기 캡),https://www.oliveyoung.co.kr/store/goods/getGoodsDetail.do?goodsNo=A000000255780,https://image.oliveyoung.co.kr/cfimages/cf-goods/uploads/images/thumbnails/400/10/0000/0025/A00000025578005ko.jpg?l=ko,23900,15900,33.5,231,4.8,85,13,2,0,,1,0,1,1,A000000255780,10000010003
2026-08-16,바디케어,24,스킨유,스킨유 샤워젤 700G & 500G 기획/단품,https://www.oliveyoung.co.kr/store/goods/getGoodsDetail.do?goodsNo=A000000169834,https://image.oliveyoung.co.kr/cfimages/cf-goods/uploads/images/thumbnails/400/10/0000/0016/A000000169834122ko.jpg?l=ko,19900,14900,25.1,11768,4.8,87,9,2,1,1,1,0,0,1,A000000169834,10000010003
2026-08-16,바디케어,25,일리윤,일리윤 시카 트러블 미스트 200ml+30ml,https://www.oliveyoung.co.kr/store/goods/getGoodsDetail.do?goodsNo=A000000206682,https://image.oliveyoung.co.kr/cfimages/cf-goods/uploads/images/thumbnails/400/10/0000/0020/A00000020668241ko.jpg?l=ko,24000,18000,25.0,9616,4.7,82,12,4,1,1,1,0,0,1,A000000206682,10000010003
2026-08-16,바디케어,26,일리윤,일리윤 세라마이드아토 집중크림 150ml*2,https://www.oliveyoung.co.kr/store/goods/getGoodsDetail.do?goodsNo=A000000217767,https://image.oliveyoung.co.kr/cfimages/cf-goods/uploads/images/thumbnails/400/10/0000/0021/A00000021776712ko.jpg?l=ko,25000,18900,24.4,36141,4.9,92,6,2,0,0,1,0,0,1,A000000217767,10000010003
2026-08-16,바디케어,27,런드리유,"[1,000만장판매] 런드리유 소프트 바디 레드 글러브 5매/1매(각질/미백)",https://www.oliveyoung.co.kr/store/goods/getGoodsDetail.do?goodsNo=A000000245626,https://image.oliveyoung.co.kr/cfimages/cf-goods/uploads/images/thumbnails/400/10/0000/0024/A00000024562612ko.jpg?l=ko,18000,14900,17.2,598,5.0,98,2,0,,0,1,0,0,1,A000000245626,10000010003
2026-08-16,바디케어,28,바이오더마,바이오더마 아토덤 울트라 크림 200ml 더블 기획,https://www.oliveyoung.co.kr/store/goods/getGoodsDetail.do?goodsNo=A000000205389,https://image.oliveyoung.co.kr/cfimages/cf-goods/uploads/images/thumbnails/400/10/0000/0020/A00000020538912ko.jpg?l=ko,41300,28440,31.1,13528,4.9,89,8,2,0,0,1,0,0,1,A000000205389,10000010003
2026-08-16,바디케어,29,파티온,[1위등드름워시] 파티온 노스카나인 트러블 바디워시 490ml 기획,https://www.oliveyoung.co.kr/store/goods/getGoodsDetail.do?goodsNo=A000000202795,https://image.oliveyoung.co.kr/cfimages/cf-goods/uploads/images/thumbnails/400/10/0000/0020/A00000020279517ko.jpg?l=ko,25000,17500,30.0,9988,4.9,90,7,2,0,0,1,0,0,1,A000000202795,10000010003
2026-08-16,바디케어,30,일리윤,[8월 올영픽/NEW]일리윤 세라마이드 아토 선로션 330ml,https://www.oliveyoung.co.kr/store/goods/getGoodsDetail.do?goodsNo=A000000258254,https://image.oliveyoung.co.kr/cfimages/cf-goods/uploads/images/thumbnails/400/10/0000/0025/A00000025825408ko.jpg?l=ko,30000,22000,26.7,725,4.8,89,7,2,1,1,1,1,0,1,A000000258254,10000010003
2026-08-16,바디케어,31,일리윤,일리윤 레드이치 고보습워시 470G 기획 (+워시 50G 증정),https://www.oliveyoung.co.kr/store/goods/getGoodsDetail.do?goodsNo=A000000211014,https://image.oliveyoung.co.kr/cfimages/cf-goods/uploads/images/thumbnails/400/10/0000/0021/A00000021101411ko.png?l=ko,21000,15900,24.3,2345,4.9,89,8,2,0,0,1,0,0,1,A000000211014,10000010003
2026-08-16,바디케어,32,폴라초이스,폴라초이스 10% 아하 각질제거 바디로션 210ml,https://www.oliveyoung.co.kr/store/goods/getGoodsDetail.do?goodsNo=A000000144037,https://image.oliveyoung.co.kr/cfimages/cf-goods/uploads/images/thumbnails/400/10/0000/0014/A00000014403714ko.jpg?l=ko,49000,39200,20.0,261,4.6,70,19,9,1,1,1,0,0,1,A000000144037,10000010003
2026-08-16,바디케어,33,헤트라스,헤트라스 망고씨드버터 퍼퓸 핸드크림 50ml 헬로키티 에디션 포함 10종 택1,https://www.oliveyoung.co.kr/store/goods/getGoodsDetail.do?goodsNo=A000000200537,https://image.oliveyoung.co.kr/cfimages/cf-goods/uploads/images/thumbnails/400/10/0000/0020/A00000020053719ko.jpg?l=ko,9800,8900,9.2,16019,4.8,89,8,2,1,1,1,0,0,1,A000000200537,10000010003
2026-08-16,바디케어,34,비욘드,[1등 핸드크림/655만개 돌파] 비욘드 클래식 살냄새 핸드크림 100ml 4종,https://www.oliveyoung.co.kr/store/goods/getGoodsDetail.do?goodsNo=A000000142709,https://image.oliveyoung.co.kr/cfimages/cf-goods/uploads/images/thumbnails/400/10/0000/0014/A000000142709108ko.jpg?l=ko,14000,7500,46.4,32693,4.9,89,9,2,0,0,1,0,0,1,A000000142709,10000010003
2026-08-16,바디케어,35,히든,[5초뿌리는바디로션] 히든 퍼퓸 스프레이 바디로션 기획/단품 10종,https://www.oliveyoung.co.kr/store/goods/getGoodsDetail.do?goodsNo=A000000182127,https://image.oliveyoung.co.kr/cfimages/cf-goods/uploads/images/thumbnails/400/10/0000/0018/A00000018212732ko.jpg?l=ko,32900,29600,10.0,2645,4.7,82,11,5,1,1,1,0,0,1,A000000182127,10000010003
2026-08-16,바디케어,36,일리윤,일리윤 세라마이드 아토 로션 (600ml/600ml기획),https://www.oliveyoung.co.kr/store/goods/getGoodsDetail.do?goodsNo=A000000217765,https://image.oliveyoung.co.kr/cfimages/cf-goods/uploads/images/thumbnails/400/10/0000/0021/A00000021776522ko.jpg?l=ko,31900,31900,0.0,55721,4.9,91,7,1,0,0,0,0,0,1,A000000217765,10000010003
2026-08-16,바디케어,37,아토팜,[아이돌 대란템]아토팜 판테놀 크림 80ml 단품/기획 택1,https://www.oliveyoung.co.kr/store/goods/getGoodsDetail.do?goodsNo=A000000161996,https://image.oliveyoung.co.kr/cfimages/cf-goods/uploads/images/thumbnails/400/10/0000/0016/A00000016199629ko.jpg?l=ko,38000,28500,25.0,1498,4.8,86,10,3,1,0,1,0,0,1,A000000161996,10000010003
2026-08-16,바디케어,38,레이비,[끈적임 없는 100시간 보습] 레이비 퍼퓸 바디로션 4종 택1 (산양유/라벤더/로얄젤리/런던로즈),https://www.oliveyoung.co.kr/store/goods/getGoodsDetail.do?goodsNo=A000000160158,https://image.oliveyoung.co.kr/cfimages/cf-goods/uploads/images/thumbnails/400/10/0000/0016/A00000016015830ko.jpg?l=ko,15400,12400,19.5,28224,4.8,87,10,3,0,0,1,0,0,1,A000000160158,10000010003
2026-08-16,바디케어,39,더마비,[5초흡수/100시간보습] 더마비 데일리 모이스처 바디로션 500ml 단품/기획 택1,https://www.oliveyoung.co.kr/store/goods/getGoodsDetail.do?goodsNo=A000000142976,https://image.oliveyoung.co.kr/cfimages/cf-goods/uploads/images/thumbnails/400/10/0000/0014/A00000014297626ko.jpg?l=ko,19500,13800,29.2,12749,4.9,89,9,2,0,0,1,0,0,1,A000000142976,10000010003
2026-08-16,바디케어,40,질레트,질레트 랩스 딥클렌징바 면도날 [4입/8입/16입],https://www.oliveyoung.co.kr/store/goods/getGoodsDetail.do?goodsNo=A000000203644,https://image.oliveyoung.co.kr/cfimages/cf-goods/uploads/images/thumbnails/400/10/0000/0020/A00000020364419ko.jpg?l=ko,39900,39900,0.0,4321,4.9,90,8,2,0,1,0,0,1,1,A000000203644,10000010003
2026-08-16,바디케어,41,질레트 비너스,비너스 컴포트 글라이드 화이트티 면도기 본품기획/리필 2종 택1,https://www.oliveyoung.co.kr/store/goods/getGoodsDetail.do?goodsNo=A000000152076,https://image.oliveyoung.co.kr/cfimages/cf-goods/uploads/images/thumbnails/400/10/0000/0015/A00000015207614ko.jpg?l=ko,15900,9900,37.7,9463,4.7,81,14,4,1,0,1,0,1,1,A000000152076,10000010003
2026-08-16,바디케어,42,더마비,[단독/대용량] 더마비 데일리 모이스처 바디로션 860ml,https://www.oliveyoung.co.kr/store/goods/getGoodsDetail.do?goodsNo=A000000180414,https://image.oliveyoung.co.kr/cfimages/cf-goods/uploads/images/thumbnails/400/10/0000/0018/A00000018041416ko.jpg?l=ko,23000,18500,19.6,9448,4.9,91,8,1,0,0,1,0,0,1,A000000180414,10000010003
2026-08-16,바디케어,43,우르오스,[맨즈케어 바디워시 1위]우르오스 스킨워시 500ml,https://www.oliveyoung.co.kr/store/goods/getGoodsDetail.do?goodsNo=A000000205802,https://image.oliveyoung.co.kr/cfimages/cf-goods/uploads/images/thumbnails/400/10/0000/0020/A00000020580251ko.jpg?l=ko,19700,15700,20.3,10578,4.9,90,8,1,0,0,1,0,0,1,A000000205802,10000010003
2026-08-16,바디케어,44,지오마,[성분케어/이탈리아1등] 지오마 사해소금 바디스크럽 600g 6종,https://www.oliveyoung.co.kr/store/goods/getGoodsDetail.do?goodsNo=A000000161345,https://image.oliveyoung.co.kr/cfimages/cf-goods/uploads/images/thumbnails/400/10/0000/0016/A00000016134539ko.jpg?l=ko,27000,17900,33.7,5142,4.8,81,14,3,1,0,1,0,0,1,A000000161345,10000010003
2026-08-16,바디케어,45,넛세린,[8월 올영픽]넛세린 아로마 넛 액티핏 쿨링 괄사 세럼 60ml 단품/기획(+하이산 사코슈 증정),https://www.oliveyoung.co.kr/store/goods/getGoodsDetail.do?goodsNo=A000000252045,https://image.oliveyoung.co.kr/cfimages/cf-goods/uploads/images/thumbnails/400/10/0000/0025/A00000025204513ko.jpg?l=ko,35000,26900,23.1,598,4.8,88,7,3,1,2,1,1,0,1,A000000252045,10000010003
2026-08-16,바디케어,46,질레트 비너스,비너스 Y존 제모기 본품기획/리필 2종 택1,https://www.oliveyoung.co.kr/store/goods/getGoodsDetail.do?goodsNo=A000000183350,https://image.oliveyoung.co.kr/cfimages/cf-goods/uploads/images/thumbnails/400/10/0000/0018/A00000018335013ko.jpg?l=ko,19900,11900,40.2,1777,4.7,82,12,4,1,1,1,1,1,1,A000000183350,10000010003
2026-08-16,바디케어,47,플루,[8월올영픽/톤결광케어] 플루 비타글로우 수분광채 스크럽 바디워시 멜로즈 500ml 단품/기획,https://www.oliveyoung.co.kr/store/goods/getGoodsDetail.do?goodsNo=A000000261561,https://image.oliveyoung.co.kr/cfimages/cf-goods/uploads/images/thumbnails/400/10/0000/0026/A00000026156106ko.jpg?l=ko,14900,13200,11.4,2192,4.9,89,7,3,0,0,1,1,1,1,A000000261561,10000010003
2026-08-16,바디케어,48,해피바스,[NEW금목서 단독향출시]해피바스 오리지널 컬렉션 대용량 약산성 바디워시 910G 9종,https://www.oliveyoung.co.kr/store/goods/getGoodsDetail.do?goodsNo=A000000166090,https://image.oliveyoung.co.kr/cfimages/cf-goods/uploads/images/thumbnails/400/10/0000/0016/A00000016609026ko.jpg?l=ko,9900,8900,10.1,5966,4.8,85,11,3,0,1,1,0,0,1,A000000166090,10000010003
2026-08-16,바디케어,49,더마비,[대용량] 더마비 데일리 바디워시 1000ml 3종 택1(피치/머스크/만다린),https://www.oliveyoung.co.kr/store/goods/getGoodsDetail.do?goodsNo=A000000147218,https://image.oliveyoung.co.kr/cfimages/cf-goods/uploads/images/thumbnails/400/10/0000/0014/A00000014721852ko.jpg?l=ko,19000,13500,28.9,18232,4.8,88,9,2,0,0,1,0,0,1,A000000147218,10000010003
2026-08-16,바디케어,50,팀스모어,팀스모어 순둥이 꿀곰 제모크림 200ml,https://www.oliveyoung.co.kr/store/goods/getGoodsDetail.do?goodsNo=A000000222872,https://image.oliveyoung.co.kr/cfimages/cf-goods/uploads/images/thumbnails/400/10/0000/0022/A00000022287201ko.jpg?l=ko,15900,9500,40.3,1919,4.5,74,13,7,2,3,1,1,0,1,A000000222872,10000010003
2026-08-16,바디케어,51,바이오가,[대용량] 바이오가 모이스춰 바디워시 앤 헤어 스쿠알란 1000ml,https://www.oliveyoung.co.kr/store/goods/getGoodsDetail.do?goodsNo=A000000190626,https://image.oliveyoung.co.kr/cfimages/cf-goods/uploads/images/thumbnails/400/10/0000/0019/A00000019062643ko.png?l=ko,21500,18700,13.0,5539,4.9,93,5,2,0,0,1,1,0,1,A000000190626,10000010003
2026-08-16,바디케어,52,보로탈코,[NEW] 보로탈코 벨베티 샤워크림 오리지널 500ml,https://www.oliveyoung.co.kr/store/goods/getGoodsDetail.do?goodsNo=A000000258986,https://image.oliveyoung.co.kr/cfimages/cf-goods/uploads/images/thumbnails/400/10/0000/0025/A00000025898606ko.jpg?l=ko,34000,19900,41.5,65,4.9,91,6,3,,,1,0,0,1,A000000258986,10000010003
2026-08-16,바디케어,53,비욘드,[화해1등] 비욘드 바디타민 로션(착색미백/탄력/보습) 3종 기획 택1,https://www.oliveyoung.co.kr/store/goods/getGoodsDetail.do?goodsNo=A000000218508,https://image.oliveyoung.co.kr/cfimages/cf-goods/uploads/images/thumbnails/400/10/0000/0021/A000000218508158ko.jpg?l=ko,26000,19800,23.8,12176,4.8,83,11,4,1,1,1,0,0,1,A000000218508,10000010003
2026-08-16,바디케어,54,46cm,[OY단독 대용량] 46cm 체취 솔루션 데오드란트 바디워시 720ml 2종(클린솝/시트러스) 택1,https://www.oliveyoung.co.kr/store/goods/getGoodsDetail.do?goodsNo=A000000251417,https://image.oliveyoung.co.kr/cfimages/cf-goods/uploads/images/thumbnails/400/10/0000/0025/A00000025141746ko.jpg?l=ko,15900,15900,0.0,3411,4.9,90,7,2,0,0,0,0,1,1,A000000251417,10000010003
2026-08-16,바디케어,55,오프온,[트러블 7일개선] 오프온 등드름 바디워시(쿨링 진정케어),https://www.oliveyoung.co.kr/store/goods/getGoodsDetail.do?goodsNo=A000000211096,https://image.oliveyoung.co.kr/cfimages/cf-goods/uploads/images/thumbnails/400/10/0000/0021/A000000211096221ko.png?l=ko,20800,19300,7.2,14270,4.9,90,7,2,0,1,1,0,0,1,A000000211096,10000010003
2026-08-16,바디케어,56,세타필,[크림50g증정/가려움완화] 세타필 세라마이드 리페어 로션 473ml,https://www.oliveyoung.co.kr/store/goods/getGoodsDetail.do?goodsNo=A000000216108,https://image.oliveyoung.co.kr/cfimages/cf-goods/uploads/images/thumbnails/400/10/0000/0021/A00000021610826ko.jpg?l=ko,28000,19900,28.9,2660,4.9,92,6,2,0,0,1,1,1,1,A000000216108,10000010003
2026-08-16,바디케어,57,온더바디,[NEW 2세대] 온더바디 발을씻자 코튼 풋샴푸 대용량 510ml 4종 택1(복숭아/레몬/쿨링/자몽),https://www.oliveyoung.co.kr/store/goods/getGoodsDetail.do?goodsNo=A000000165990,https://image.oliveyoung.co.kr/cfimages/cf-goods/uploads/images/thumbnails/400/10/0000/0016/A00000016599022ko.jpg?l=ko,7400,6400,13.5,33999,4.9,93,5,1,0,0,1,0,0,1,A000000165990,10000010003
2026-08-16,바디케어,58,존슨즈,존슨즈 뷰티 로션 500ml 원하는 향 PICK (청순형광등/물먹복숭아/속광로즈),https://www.oliveyoung.co.kr/store/goods/getGoodsDetail.do?goodsNo=A000000237485,https://image.oliveyoung.co.kr/cfimages/cf-goods/uploads/images/thumbnails/400/10/0000/0023/A00000023748555ko.jpeg?l=ko,22900,14900,34.9,5531,4.7,83,12,4,1,1,1,1,0,1,A000000237485,10000010003
2026-08-16,바디케어,59,플루,[8월올영픽/휘핑제형] 플루 퍼퓸드 휩 크림 바디스크럽 미드나잇 가든 300ml (+프래그런스 태그증정),https://www.oliveyoung.co.kr/store/goods/getGoodsDetail.do?goodsNo=A000000261424,https://image.oliveyoung.co.kr/cfimages/cf-goods/uploads/images/thumbnails/400/10/0000/0026/A00000026142403ko.jpg?l=ko,14900,10100,32.2,72,4.8,89,5,3,1,1,1,1,1,1,A000000261424,10000010003
2026-08-16,바디케어,60,더블유드레스룸,W.DRESSROOM 퍼퓸 핸드크림 50ml 6종,https://www.oliveyoung.co.kr/store/goods/getGoodsDetail.do?goodsNo=A000000119871,https://image.oliveyoung.co.kr/cfimages/cf-goods/uploads/images/thumbnails/400/10/0000/0011/A00000011987175ko.jpg?l=ko,7900,5500,30.4,29981,4.8,85,11,3,0,0,1,0,0,1,A000000119871,10000010003
2026-08-16,바디케어,61,식물나라,식물나라 순한 항균 버블 핸드워시 280ml (유자향/무화과향),https://www.oliveyoung.co.kr/store/goods/getGoodsDetail.do?goodsNo=A000000150469,https://image.oliveyoung.co.kr/cfimages/cf-goods/uploads/images/thumbnails/400/10/0000/0015/A00000015046905ko.jpg?l=ko,6500,6500,0.0,9481,4.8,86,10,3,1,0,0,0,0,1,A000000150469,10000010003
2026-08-16,바디케어,62,아윌미백,[착색OUT/겨드랑이&굳은살 톤업/미백진정보습] 아윌미백 브라이트닝 젤크림 2종_택1,https://www.oliveyoung.co.kr/store/goods/getGoodsDetail.do?goodsNo=A000000207705,https://image.oliveyoung.co.kr/cfimages/cf-goods/uploads/images/thumbnails/400/10/0000/0020/A00000020770516ko.jpg?l=ko,27000,20300,24.8,5690,4.8,86,8,4,1,0,1,0,0,1,A000000207705,10000010003
2026-08-16,바디케어,63,필립스,필립스 1000 시리즈 바디 트리머(그루머) (BG1024/17) 바디제모기,https://www.oliveyoung.co.kr/store/goods/getGoodsDetail.do?goodsNo=A000000213073,https://image.oliveyoung.co.kr/cfimages/cf-goods/uploads/images/thumbnails/400/10/0000/0021/A00000021307301ko.jpg?l=ko,44900,33000,26.5,123,4.8,87,7,5,1,1,1,0,0,1,A000000213073,10000010003
2026-08-16,바디케어,64,니베아,[올영1위/단독기획] 니베아 맨 센서티브 쉐이빙 폼 더블기획 (200ml+200ml),https://www.oliveyoung.co.kr/store/goods/getGoodsDetail.do?goodsNo=A000000200149,https://image.oliveyoung.co.kr/cfimages/cf-goods/uploads/images/thumbnails/400/10/0000/0020/A00000020014911ko.jpg?l=ko,11700,9900,15.4,12081,4.8,87,11,2,0,0,1,0,0,1,A000000200149,10000010003
2026-08-16,바디케어,65,쉬크,쉬크 인튜이션 제모기(기+날2입) 2종(레몬베리/알로에) 택 1,https://www.oliveyoung.co.kr/store/goods/getGoodsDetail.do?goodsNo=A000000164106,https://image.oliveyoung.co.kr/cfimages/cf-goods/uploads/images/thumbnails/400/10/0000/0016/A00000016410607ko.jpg?l=ko,15900,12900,18.9,16848,4.7,80,15,4,1,0,1,0,0,1,A000000164106,10000010003
2026-08-16,바디케어,66,다슈,[150만 국민바디워시] 다슈 데일리 비타플렉스 올인원 바디워시 기획세트 (본품500ml+50ml 증정),https://www.oliveyoung.co.kr/store/goods/getGoodsDetail.do?goodsNo=A000000152332,https://image.oliveyoung.co.kr/cfimages/cf-goods/uploads/images/thumbnails/400/10/0000/0015/A00000015233218ko.jpg?l=ko,18000,11900,33.9,4962,4.9,89,9,2,0,0,1,1,1,1,A000000152332,10000010003
2026-08-16,바디케어,67,티엘라,[이주빈PICK] 티엘라 퍼퓸 너리싱 바디크림 200ml 3종 택 1,https://www.oliveyoung.co.kr/store/goods/getGoodsDetail.do?goodsNo=A000000249154,https://image.oliveyoung.co.kr/cfimages/cf-goods/uploads/images/thumbnails/400/10/0000/0024/A00000024915408ko.jpg?l=ko,32000,32000,0.0,1594,4.9,95,4,1,1,1,0,0,0,1,A000000249154,10000010003
2026-08-16,바디케어,68,일리윤,일리윤 세라마이드 아토 6.0 탑투토워시 500ML,https://www.oliveyoung.co.kr/store/goods/getGoodsDetail.do?goodsNo=A000000213542,https://image.oliveyoung.co.kr/cfimages/cf-goods/uploads/images/thumbnails/400/10/0000/0021/A00000021354203ko.jpg?l=ko,13900,9900,28.8,21917,4.8,86,11,3,0,0,1,0,0,1,A000000213542,10000010003
2026-08-16,바디케어,69,바렌,바렌 발각질지우개 홈세트 (미스트 120ml +풋파일),https://www.oliveyoung.co.kr/store/goods/getGoodsDetail.do?goodsNo=A000000231789,https://image.oliveyoung.co.kr/cfimages/cf-goods/uploads/images/thumbnails/400/10/0000/0023/A00000023178916ko.png?l=ko,15900,15900,0.0,7112,4.8,85,10,4,1,0,0,0,0,1,A000000231789,10000010003
2026-08-16,바디케어,70,일리윤,일리윤 시카 아크네 바디워시 625ml,https://www.oliveyoung.co.kr/store/goods/getGoodsDetail.do?goodsNo=A000000206683,https://image.oliveyoung.co.kr/cfimages/cf-goods/uploads/images/thumbnails/400/10/0000/0020/A00000020668337ko.jpg?l=ko,29000,29000,0.0,7504,4.8,87,10,3,0,0,0,0,0,1,A000000206683,10000010003
2026-08-16,바디케어,71,포맨트,[8월 올영픽/박지훈 PICK]포맨트 아크네 퍼퓸샤워 바디워시 코튼베이비 500ml,https://www.oliveyoung.co.kr/store/goods/getGoodsDetail.do?goodsNo=A000000248745,https://image.oliveyoung.co.kr/cfimages/cf-goods/uploads/images/thumbnails/400/10/0000/0024/A00000024874520ko.png?l=ko,19000,17200,9.5,313,4.9,93,4,2,0,0,1,1,1,1,A000000248745,10000010003
2026-08-16,바디케어,72,라운드어라운드,라운드어라운드 센티드 핸드크림 50ml 4종,https://www.oliveyoung.co.kr/store/goods/getGoodsDetail.do?goodsNo=A000000225182,https://image.oliveyoung.co.kr/cfimages/cf-goods/uploads/images/thumbnails/400/10/0000/0022/A00000022518233ko.jpg?l=ko,8900,7500,15.7,4994,4.8,87,10,3,0,0,1,0,1,1,A000000225182,10000010003
2026-08-16,바디케어,73,타입넘버,[1위핸드크림/끈적임ZERO] 타입넘버 퍼퓸 핸드크림 40ml 6종 (기획/단품),https://www.oliveyoung.co.kr/store/goods/getGoodsDetail.do?goodsNo=A000000165760,https://image.oliveyoung.co.kr/cfimages/cf-goods/uploads/images/thumbnails/400/10/0000/0016/A000000165760128ko.jpg?l=ko,12000,10800,10.0,18008,4.8,87,9,3,1,0,1,0,0,1,A000000165760,10000010003
2026-08-16,바디케어,74,낫포유,[트러블케어] 낫포유 등/가드름 PDRN 바디워시 500m,https://www.oliveyoung.co.kr/store/goods/getGoodsDetail.do?goodsNo=A000000167214,https://image.oliveyoung.co.kr/cfimages/cf-goods/uploads/images/thumbnails/400/10/0000/0016/A00000016721423ko.jpg?l=ko,18900,16900,10.6,4936,4.7,82,12,4,1,1,1,0,0,1,A000000167214,10000010003
2026-08-16,바디케어,75,질레트,질레트 프로쉴드 옐로우 면도날 11입,https://www.oliveyoung.co.kr/store/goods/getGoodsDetail.do?goodsNo=A000000205931,https://image.oliveyoung.co.kr/cfimages/cf-goods/uploads/images/thumbnails/400/10/0000/0020/A00000020593110ko.jpg?l=ko,78300,59900,23.5,3593,4.9,92,7,1,0,0,1,0,1,1,A000000205931,10000010003
2026-08-16,바디케어,76,바디판타지,바디판타지 퍼퓸 미스트 94ml 10종 택 1,https://www.oliveyoung.co.kr/store/goods/getGoodsDetail.do?goodsNo=A000000158421,https://image.oliveyoung.co.kr/cfimages/cf-goods/uploads/images/thumbnails/400/10/0000/0015/A00000015842124ko.jpg?l=ko,8900,6900,22.5,38669,4.8,84,12,3,1,1,1,0,0,1,A000000158421,10000010003
2026-08-16,바디케어,77,일리윤,[NEW] 일리윤 세라마이드 아토 선로션 180ml,https://www.oliveyoung.co.kr/store/goods/getGoodsDetail.do?goodsNo=A000000254495,https://image.oliveyoung.co.kr/cfimages/cf-goods/uploads/images/thumbnails/400/10/0000/0025/A00000025449509ko.jpg?l=ko,18000,13500,25.0,845,4.8,85,11,2,0,1,1,1,0,1,A000000254495,10000010003
2026-08-16,바디케어,78,나인위시스,[지원PICK] 나인위시스 화이트 톤업 바디 세럼 80ml (기획/단품),https://www.oliveyoung.co.kr/store/goods/getGoodsDetail.do?goodsNo=A000000203983,https://image.oliveyoung.co.kr/cfimages/cf-goods/uploads/images/thumbnails/400/10/0000/0020/A00000020398347ko.jpg?l=ko,18000,14400,20.0,7414,4.7,80,13,5,1,1,1,0,0,1,A000000203983,10000010003
2026-08-16,바디케어,79,힐그리즈,[8월올영픽/미백데오/SNS대란템] 힐그리즈 나이아신아마이드 4% 토닝 데오드란트 50ml (단품/기획),https://www.oliveyoung.co.kr/store/goods/getGoodsDetail.do?goodsNo=A000000251854,https://image.oliveyoung.co.kr/cfimages/cf-goods/uploads/images/thumbnails/400/10/0000/0025/A00000025185412ko.jpg?l=ko,22000,17900,18.6,1161,4.9,91,7,1,0,1,1,1,0,1,A000000251854,10000010003
2026-08-16,바디케어,80,세타필,[29ml 증정] 세타필 모이스춰라이징 로션 473ml(단품/기획),https://www.oliveyoung.co.kr/store/goods/getGoodsDetail.do?goodsNo=A000000251992,https://image.oliveyoung.co.kr/cfimages/cf-goods/uploads/images/thumbnails/400/10/0000/0025/A00000025199230ko.jpg?l=ko,17900,17900,0.0,21807,4.9,90,8,1,0,0,0,0,1,1,A000000251992,10000010003
2026-08-16,바디케어,81,어노브,[한정기획/퍼퓸] 어노브 글로우 바디로션 누바닐라/로지아우라 (기획/단품),https://www.oliveyoung.co.kr/store/goods/getGoodsDetail.do?goodsNo=A000000235908,https://image.oliveyoung.co.kr/cfimages/cf-goods/uploads/images/thumbnails/400/10/0000/0023/A00000023590819ko.png?l=ko,26000,21900,15.8,965,4.8,89,8,2,1,0,1,0,0,1,A000000235908,10000010003
2026-08-16,바디케어,82,보로탈코,보로탈코 누오바 데오 오리지널 4종 택 1 (스틱/롤온/스프레이 2종),https://www.oliveyoung.co.kr/store/goods/getGoodsDetail.do?goodsNo=A000000255703,https://image.oliveyoung.co.kr/cfimages/cf-goods/uploads/images/thumbnails/400/10/0000/0025/A00000025570308ko.jpg?l=ko,8500,6500,23.5,1223,4.7,82,11,5,1,1,1,0,0,1,A000000255703,10000010003
2026-08-16,바디케어,83,비욘드,[묵은각질OUT] 비욘드 바디타민 나이아신아마이드 B3 2% 브라이트닝 바디 스크럽 워시 500ml,https://www.oliveyoung.co.kr/store/goods/getGoodsDetail.do?goodsNo=A000000252564,https://image.oliveyoung.co.kr/cfimages/cf-goods/uploads/images/thumbnails/400/10/0000/0025/A00000025256410ko.jpg?l=ko,18900,13900,26.5,1034,4.9,92,6,1,0,0,1,0,0,1,A000000252564,10000010003
2026-08-16,바디케어,84,고운발,고운발 웰빙헬스 명품고운발 크림 110g,https://www.oliveyoung.co.kr/store/goods/getGoodsDetail.do?goodsNo=A000000234642,https://image.oliveyoung.co.kr/cfimages/cf-goods/uploads/images/thumbnails/400/10/0000/0023/A00000023464201ko.jpg?l=ko,7900,6900,12.7,1548,4.9,89,9,2,0,0,1,0,0,1,A000000234642,10000010003
2026-08-16,바디케어,85,스킨유,스킨유 마사지 바디오일 130ML(괄사기획/소용량기획),https://www.oliveyoung.co.kr/store/goods/getGoodsDetail.do?goodsNo=A000000211074,https://image.oliveyoung.co.kr/cfimages/cf-goods/uploads/images/thumbnails/400/10/0000/0021/A00000021107453ko.jpg?l=ko,22900,19500,14.8,3483,4.9,89,8,2,0,0,1,0,0,1,A000000211074,10000010003
2026-08-16,바디케어,86,질레트 비너스,비너스 스월 면도기 본품기획/리필 2종 택1,https://www.oliveyoung.co.kr/store/goods/getGoodsDetail.do?goodsNo=A000000169706,https://image.oliveyoung.co.kr/cfimages/cf-goods/uploads/images/thumbnails/400/10/0000/0016/A00000016970603ko.jpg?l=ko,23900,23900,0.0,4798,4.8,82,14,3,0,0,0,0,1,1,A000000169706,10000010003
2026-08-16,바디케어,87,에스트라,에스트라 아토베리어365 바디로션 400ml,https://www.oliveyoung.co.kr/store/goods/getGoodsDetail.do?goodsNo=A000000161165,https://image.oliveyoung.co.kr/cfimages/cf-goods/uploads/images/thumbnails/400/10/0000/0016/A00000016116504ko.jpg?l=ko,33000,26400,20.0,3426,4.8,88,9,2,0,0,1,0,0,1,A000000161165,10000010003
2026-08-16,바디케어,88,일리윤,[5년연속1위] 일리윤 세라마이드 아토 로션기획(600ML+600ML),https://www.oliveyoung.co.kr/store/goods/getGoodsDetail.do?goodsNo=A000000171848,https://image.oliveyoung.co.kr/cfimages/cf-goods/uploads/images/thumbnails/400/10/0000/0017/A00000017184821ko.jpg?l=ko,53900,53900,0.0,46840,4.9,90,8,2,0,0,0,0,0,1,A000000171848,10000010003
2026-08-16,바디케어,89,비욘드,[8월15일 하루특가/2주착색미백] 비욘드 바디타민 바디 세럼 80ml 기획/단품,https://www.oliveyoung.co.kr/store/goods/getGoodsDetail.do?goodsNo=A000000252561,https://image.oliveyoung.co.kr/cfimages/cf-goods/uploads/images/thumbnails/400/10/0000/0025/A00000025256113ko.jpg?l=ko,18500,15000,18.9,918,4.8,84,11,4,1,0,1,0,0,1,A000000252561,10000010003
2026-08-16,바디케어,90,바이오가,[우유단백질] 바이오가 단백질 보습 로션 500ml,https://www.oliveyoung.co.kr/store/goods/getGoodsDetail.do?goodsNo=A000000219627,https://image.oliveyoung.co.kr/cfimages/cf-goods/uploads/images/thumbnails/400/10/0000/0021/A00000021962738ko.png?l=ko,21500,18700,13.0,3455,4.8,84,11,3,1,0,1,1,0,1,A000000219627,10000010003
2026-08-16,바디케어,91,일리윤,일리윤 세라마이드 아토 집중크림 150ML,https://www.oliveyoung.co.kr/store/goods/getGoodsDetail.do?goodsNo=A000000217766,https://image.oliveyoung.co.kr/cfimages/cf-goods/uploads/images/thumbnails/400/10/0000/0021/A00000021776606ko.png?l=ko,13500,9900,26.7,35611,4.9,92,6,2,0,0,1,0,0,1,A000000217766,10000010003
2026-08-16,바디케어,92,니베아,[15년연속1위] 니베아 데오드란트 스프레이 7종,https://www.oliveyoung.co.kr/store/goods/getGoodsDetail.do?goodsNo=A000000004355,https://image.oliveyoung.co.kr/cfimages/cf-goods/uploads/images/thumbnails/400/10/0000/0000/A00000000435549ko.jpg?l=ko,14900,11200,24.8,8716,4.8,83,12,4,1,0,1,1,0,1,A000000004355,10000010003
2026-08-16,바디케어,93,세타필,[토이스토리 피규어 증정]  세타필 각질제거 SA 로션 473ml (+모니터 피규어),https://www.oliveyoung.co.kr/store/goods/getGoodsDetail.do?goodsNo=A000000226581,https://image.oliveyoung.co.kr/cfimages/cf-goods/uploads/images/thumbnails/400/10/0000/0022/A00000022658136ko.jpg?l=ko,28000,20900,25.4,1073,4.7,81,12,5,1,2,0,1,1,1,A000000226581,10000010003
2026-08-16,바디케어,94,아비노,[71ml 로션 증정] 아비노 바디로션 532ml 단독기획 3종(라벤더향/자몽향/무향),https://www.oliveyoung.co.kr/store/goods/getGoodsDetail.do?goodsNo=A000000188899,https://image.oliveyoung.co.kr/cfimages/cf-goods/uploads/images/thumbnails/400/10/0000/0018/A00000018889974ko.jpg?l=ko,26900,15900,40.9,4720,4.8,84,12,3,0,0,1,1,0,1,A000000188899,10000010003
2026-08-16,바디케어,95,크리스탈,[8월 올영픽]크리스탈 데오드란트 롤온 66ml,https://www.oliveyoung.co.kr/store/goods/getGoodsDetail.do?goodsNo=A000000014782,https://image.oliveyoung.co.kr/cfimages/cf-goods/uploads/images/thumbnails/400/10/0000/0001/A00000001478218ko.jpg?l=ko,13500,11500,14.8,13765,4.8,84,11,4,1,0,1,1,0,1,A000000014782,10000010003
2026-08-16,바디케어,96,질레트,질레트 면도날 16입 (스킨텍/옐로우/칠/울트라),https://www.oliveyoung.co.kr/store/goods/getGoodsDetail.do?goodsNo=A000000205872,https://image.oliveyoung.co.kr/cfimages/cf-goods/uploads/images/thumbnails/400/10/0000/0020/A00000020587215ko.jpg?l=ko,91900,54100,41.1,10781,4.9,91,7,2,0,0,1,1,1,1,A000000205872,10000010003
2026-08-16,바디케어,97,일리윤,[가려움기능성] 일리윤 레드이치 케어크림 330ML 기획(오일 20ml 증정),https://www.oliveyoung.co.kr/store/goods/getGoodsDetail.do?goodsNo=A000000211366,https://image.oliveyoung.co.kr/cfimages/cf-goods/uploads/images/thumbnails/400/10/0000/0021/A00000021136618ko.png?l=ko,26000,20800,20.0,4534,4.9,90,8,1,0,0,1,0,0,1,A000000211366,10000010003
2026-08-16,바디케어,98,스카이보틀,[헐랭이물개 콜라보] 스카이보틀 퍼퓸 핸드크림 50ml 6종,https://www.oliveyoung.co.kr/store/goods/getGoodsDetail.do?goodsNo=A000000144554,https://image.oliveyoung.co.kr/cfimages/cf-goods/uploads/images/thumbnails/400/10/0000/0014/A00000014455448ko.jpg?l=ko,12000,8900,25.8,31688,4.8,87,10,3,0,0,1,0,0,1,A000000144554,10000010003
2026-08-16,바디케어,99,비클리닉스,비클리닉스 등드름 트러블 클리어 브라이트닝 바디워시 500ml 2종 택1 챠미키티 기획(+30ml 로션) / 일반,https://www.oliveyoung.co.kr/store/goods/getGoodsDetail.do?goodsNo=A000000223417,https://image.oliveyoung.co.kr/cfimages/cf-goods/uploads/images/thumbnails/400/10/0000/0022/A00000022341723ko.jpg?l=ko,20900,16900,19.1,1185,4.8,85,10,4,1,0,1,0,0,1,A000000223417,10000010003
2026-08-16,바디케어,100,일리윤,[8월올영픽/NEW] 일리윤 이지워시 올 오버 선 클렌저(기획/단품),https://www.oliveyoung.co.kr/store/goods/getGoodsDetail.do?goodsNo=A000000254496,https://image.oliveyoung.co.kr/cfimages/cf-goods/uploads/images/thumbnails/400/10/0000/0025/A00000025449613ko.jpg?l=ko,23900,17400,27.2,586,4.7,80,13,4,1,2,1,1,0,1,A000000254496,10000010003
2026-08-16,건강식품,1,온리추얼,온리추얼 슬리밍컷 다이어트/리셋 브이라인/글로우업 콜라겐 7포(+1포)/14포,https://www.oliveyoung.co.kr/store/goods/getGoodsDetail.do?goodsNo=A000000247569,https://image.oliveyoung.co.kr/cfimages/cf-goods/uploads/images/thumbnails/400/10/0000/0024/A00000024756922ko.jpg?l=ko,18900,11900,37.0,4754,4.9,93,5,1,0,0,1,1,0,1,A000000247569,10000020001
2026-08-16,건강식품,2,프로뉴트리션,[8월 올영픽/한선화 PICK] 프로뉴트리션 듀얼플랜 다이어트 유산균 14포,https://www.oliveyoung.co.kr/store/goods/getGoodsDetail.do?goodsNo=A000000205496,https://image.oliveyoung.co.kr/cfimages/cf-goods/uploads/images/thumbnails/400/10/0000/0020/A00000020549616ko.jpg?l=ko,39800,29900,24.9,319,4.5,74,9,13,3,2,1,1,0,1,A000000205496,10000020001
2026-08-16,건강식품,3,멜라메이트,[8월 올영픽/감자숭이 기획] 멜라메이트 구미/로우슈가/버라이어티팩 구미 20/40/50구미,https://www.oliveyoung.co.kr/store/goods/getGoodsDetail.do?goodsNo=A000000223554,https://image.oliveyoung.co.kr/cfimages/cf-goods/uploads/images/thumbnails/400/10/0000/0022/A00000022355469ko.jpg?l=ko,26000,15900,38.8,13150,4.8,88,8,3,1,1,1,1,1,1,A000000223554,10000020001
2026-08-16,건강식품,4,온리추얼,[웰니스 루틴] 온리추얼 슬리밍컷 다이어트/리셋 브이라인/글로우업 콜라겐 7포(+1포)/14포 (8/14일분),https://www.oliveyoung.co.kr/store/goods/getGoodsDetail.do?goodsNo=A000000236701,https://image.oliveyoung.co.kr/cfimages/cf-goods/uploads/images/thumbnails/400/10/0000/0023/A00000023670134ko.jpg?l=ko,18900,11900,37.0,16629,4.9,96,3,1,0,0,1,1,0,1,A000000236701,10000020001
2026-08-16,건강식품,5,덴프스,[8월 올영픽/덴프스] 덴마크 유산균이야기 우먼 2개월분(질유산균) + 철분 헤모케어 3포 증정,https://www.oliveyoung.co.kr/store/goods/getGoodsDetail.do?goodsNo=A000000202658,https://image.oliveyoung.co.kr/cfimages/cf-goods/uploads/images/thumbnails/400/10/0000/0020/A00000020265832ko.jpg?l=ko,52000,31500,39.4,7550,4.9,90,8,2,0,0,1,1,0,1,A000000202658,10000020001
2026-08-16,건강식품,6,올더베러,[8월올영픽]올더베러 웰니스 구미 30일분 6종 택1,https://www.oliveyoung.co.kr/store/goods/getGoodsDetail.do?goodsNo=A000000245874,https://image.oliveyoung.co.kr/cfimages/cf-goods/uploads/images/thumbnails/400/10/0000/0024/A00000024587412ko.jpg?l=ko,14900,9300,37.6,3564,4.8,86,10,3,1,0,1,1,0,1,A000000245874,10000020001
2026-08-16,건강식품,7,오쏘몰,[8월 올영픽] 오쏘몰 이뮨 멀티비타민&미네랄 14+1입,https://www.oliveyoung.co.kr/store/goods/getGoodsDetail.do?goodsNo=A000000193086,https://image.oliveyoung.co.kr/cfimages/cf-goods/uploads/images/thumbnails/400/10/0000/0019/A00000019308653ko.jpg?l=ko,75000,51900,30.8,40370,4.9,91,7,2,0,0,1,1,0,1,A000000193086,10000020001
2026-08-16,건강식품,8,판도라,[8월 올영픽] 판도라 브이트리티 7/14+1포 (7/15일분),https://www.oliveyoung.co.kr/store/goods/getGoodsDetail.do?goodsNo=A000000227334,https://image.oliveyoung.co.kr/cfimages/cf-goods/uploads/images/thumbnails/400/10/0000/0022/A00000022733447ko.png?l=ko,35000,24100,31.1,7291,5.0,98,1,1,0,0,1,1,0,1,A000000227334,10000020001
2026-08-16,건강식품,9,생활약속,[8월 올영픽/곽민경 PICK] 생활약속 기분전환 알파플러스 10포 (+1포 증정기획),https://www.oliveyoung.co.kr/store/goods/getGoodsDetail.do?goodsNo=A000000180121,https://image.oliveyoung.co.kr/cfimages/cf-goods/uploads/images/thumbnails/400/10/0000/0018/A00000018012131ko.jpg?l=ko,19000,13500,28.9,15834,4.8,86,9,4,0,0,1,1,0,1,A000000180121,10000020001
2026-08-16,건강식품,10,푸드올로지,[8월 올영픽/파격특가] 콜레올로지 컷팅 젤리 레몬/키위/석류 10+2+2포 기획 외,https://www.oliveyoung.co.kr/store/goods/getGoodsDetail.do?goodsNo=A000000183645,https://image.oliveyoung.co.kr/cfimages/cf-goods/uploads/images/thumbnails/400/10/0000/0018/A00000018364585ko.jpg?l=ko,23900,11900,50.2,16071,4.8,86,10,4,0,1,1,1,0,1,A000000183645,10000020001
2026-08-16,건강식품,11,바이탈뷰티,[8월 올영픽/1일 1정] 바이탈뷰티 메타그린 슬림업 30일 (+15일),https://www.oliveyoung.co.kr/store/goods/getGoodsDetail.do?goodsNo=A000000248462,https://image.oliveyoung.co.kr/cfimages/cf-goods/uploads/images/thumbnails/400/10/0000/0024/A00000024846228ko.jpg?l=ko,36000,27200,24.4,30506,4.8,83,11,4,1,1,1,1,1,1,A000000248462,10000020001
2026-08-16,건강식품,12,오니스트,[8월 올영픽] 오니스트 트리플콜라겐 오렌지 14일 루틴 (+스크런치 증정),https://www.oliveyoung.co.kr/store/goods/getGoodsDetail.do?goodsNo=A000000188804,https://image.oliveyoung.co.kr/cfimages/cf-goods/uploads/images/thumbnails/400/10/0000/0018/A00000018880437ko.png?l=ko,36700,29400,19.9,1853,4.8,88,8,2,0,1,1,1,1,1,A000000188804,10000020001
2026-08-16,건강식품,13,헬스헬퍼,[추성훈 PICK] 헬스헬퍼 맥스컷 프로 크롬 60캡슐 (10일분),https://www.oliveyoung.co.kr/store/goods/getGoodsDetail.do?goodsNo=A000000237482,https://image.oliveyoung.co.kr/cfimages/cf-goods/uploads/images/thumbnails/400/10/0000/0023/A00000023748213ko.png?l=ko,21500,17960,16.5,1012,4.8,85,9,3,1,1,1,1,0,1,A000000237482,10000020001
2026-08-16,건강식품,14,지노마스터,지노마스터 질유산균 30캡슐 (1개월분),https://www.oliveyoung.co.kr/store/goods/getGoodsDetail.do?goodsNo=A000000244929,https://image.oliveyoung.co.kr/cfimages/cf-goods/uploads/images/thumbnails/400/10/0000/0024/A00000024492934ko.png?l=ko,41000,26900,34.4,23979,4.9,90,7,2,0,0,1,1,0,1,A000000244929,10000020001
2026-08-16,건강식품,15,락토핏,[8월 올영픽] 락토핏 골드 트리플 기획 (3개월분),https://www.oliveyoung.co.kr/store/goods/getGoodsDetail.do?goodsNo=A000000199062,https://image.oliveyoung.co.kr/cfimages/cf-goods/uploads/images/thumbnails/400/10/0000/0019/A00000019906245ko.jpg?l=ko,35700,18900,47.1,27150,4.9,91,8,2,0,0,1,1,0,1,A000000199062,10000020001
2026-08-16,건강식품,16,씨제이웰케어,[골라담기] CJ웰케어 건강루틴 가격혁명 10종 택 1,https://www.oliveyoung.co.kr/store/goods/getGoodsDetail.do?goodsNo=A000000247861,https://image.oliveyoung.co.kr/cfimages/cf-goods/uploads/images/thumbnails/400/10/0000/0024/A00000024786103ko.jpg?l=ko,6900,6900,0.0,14750,4.8,88,8,3,0,0,0,0,0,1,A000000247861,10000020001
2026-08-16,건강식품,17,지노마스터,[올영단독] 지노마스터 질유산균 70캡슐 (70일분),https://www.oliveyoung.co.kr/store/goods/getGoodsDetail.do?goodsNo=A000000249509,https://image.oliveyoung.co.kr/cfimages/cf-goods/uploads/images/thumbnails/400/10/0000/0024/A00000024950901ko.png?l=ko,90000,59000,34.4,259,4.9,90,7,3,,0,1,0,0,1,A000000249509,10000020001
2026-08-16,건강식품,18,비비랩,비비랩 글루타치온 콜라겐 W 30포 (30일분),https://www.oliveyoung.co.kr/store/goods/getGoodsDetail.do?goodsNo=A000000190808,https://image.oliveyoung.co.kr/cfimages/cf-goods/uploads/images/thumbnails/400/10/0000/0019/A00000019080819ko.jpg?l=ko,24900,16010,35.7,262,4.9,90,8,1,,1,1,1,0,1,A000000190808,10000020001
2026-08-16,건강식품,19,헬스헬퍼,[이준 PICK] 헬스헬퍼 맥스컷 다이어트 핏3.1 (14포),https://www.oliveyoung.co.kr/store/goods/getGoodsDetail.do?goodsNo=A000000237480,https://image.oliveyoung.co.kr/cfimages/cf-goods/uploads/images/thumbnails/400/10/0000/0023/A00000023748010ko.png?l=ko,31000,28900,6.8,328,4.9,91,9,1,0,,1,0,0,1,A000000237480,10000020001
2026-08-16,건강식품,20,푸드올로지,[8월 올영픽/서현PICK] 콜레올로지 PRO 600mg*30(+10)/60정 단품,https://www.oliveyoung.co.kr/store/goods/getGoodsDetail.do?goodsNo=A000000175634,https://image.oliveyoung.co.kr/cfimages/cf-goods/uploads/images/thumbnails/400/10/0000/0017/A00000017563485ko.jpg?l=ko,22900,16900,26.2,25999,4.7,81,12,5,1,1,1,1,0,1,A000000175634,10000020001
2026-08-16,건강식품,21,이너랩,[8월올영픽+더블증정] 셀트리온 홀드잇 매드 MAD 10+2정(+2정 온라인),https://www.oliveyoung.co.kr/store/goods/getGoodsDetail.do?goodsNo=A000000254467,https://image.oliveyoung.co.kr/cfimages/cf-goods/uploads/images/thumbnails/400/10/0000/0025/A00000025446723ko.jpg?l=ko,21300,17400,18.3,2343,5.0,97,2,1,0,0,1,1,1,1,A000000254467,10000020001
2026-08-16,건강식품,22,덴프스,[덴프스X카카오프렌즈] 덴마크 유산균이야기 30캡슐 1+1 (+카카오프렌즈 키링) (60일분),https://www.oliveyoung.co.kr/store/goods/getGoodsDetail.do?goodsNo=A000000206861,https://image.oliveyoung.co.kr/cfimages/cf-goods/uploads/images/thumbnails/400/10/0000/0020/A00000020686145ko.jpg?l=ko,40000,30400,24.0,14375,4.9,91,7,2,0,0,1,1,0,1,A000000206861,10000020001
2026-08-16,건강식품,23,푸드올로지,[1등 유산균] 콜레올로지 컷 다이어트 유산균 14/20캡슐 (7/10일분),https://www.oliveyoung.co.kr/store/goods/getGoodsDetail.do?goodsNo=A000000229934,https://image.oliveyoung.co.kr/cfimages/cf-goods/uploads/images/thumbnails/400/10/0000/0022/A00000022993407ko.jpg?l=ko,21000,18500,11.9,1828,4.6,68,26,4,1,1,1,1,0,1,A000000229934,10000020001
2026-08-16,건강식품,24,대원제약,[8월 올영픽/수면 효율증가]대원제약 대원헬스 꿀잠샷 20gX12포 (+2포+수면안대) (14일분),https://www.oliveyoung.co.kr/store/goods/getGoodsDetail.do?goodsNo=A000000247884,https://image.oliveyoung.co.kr/cfimages/cf-goods/uploads/images/thumbnails/400/10/0000/0024/A00000024788470ko.jpg?l=ko,26900,17700,34.2,4978,5.0,98,1,0,0,0,1,1,0,1,A000000247884,10000020001
2026-08-16,건강식품,25,코자아,코자아 식물성 멜라토닌 함유 젤리 기획 (+10구미+틴케이스) (20일분),https://www.oliveyoung.co.kr/store/goods/getGoodsDetail.do?goodsNo=A000000259056,https://image.oliveyoung.co.kr/cfimages/cf-goods/uploads/images/thumbnails/400/10/0000/0025/A00000025905610ko.jpg?l=ko,36000,31900,11.4,5627,4.8,90,5,3,1,1,0,1,0,1,A000000259056,10000020001
2026-08-16,건강식품,26,온리추얼,온리추얼 리셋 브이라인 7포 (+1포 증정) (8일분),https://www.oliveyoung.co.kr/store/goods/getGoodsDetail.do?goodsNo=A000000249190,https://image.oliveyoung.co.kr/cfimages/cf-goods/uploads/images/thumbnails/400/10/0000/0024/A00000024919016ko.png?l=ko,20900,15900,23.9,2872,5.0,97,2,1,0,0,1,1,0,1,A000000249190,10000020001
2026-08-16,건강식품,27,비비랩,[단독기획] 비비랩 저분자콜라겐S 30포 단품/더블기획 (1개월/2개월분),https://www.oliveyoung.co.kr/store/goods/getGoodsDetail.do?goodsNo=A000000208888,https://image.oliveyoung.co.kr/cfimages/cf-goods/uploads/images/thumbnails/400/10/0000/0020/A00000020888837ko.jpg?l=ko,38800,28310,27.0,8984,4.9,89,8,2,0,0,1,1,0,1,A000000208888,10000020001
2026-08-16,건강식품,28,아일로,[먹는 PDRN] 아일로 PDRN+B5 10포 (1포 당 PDRN 651mg),https://www.oliveyoung.co.kr/store/goods/getGoodsDetail.do?goodsNo=A000000262779,https://image.oliveyoung.co.kr/cfimages/cf-goods/uploads/images/thumbnails/400/10/0000/0026/A00000026277902ko.jpg?l=ko,16900,13900,17.8,36,5.0,100,,,,,1,0,0,1,A000000262779,10000020001
2026-08-16,건강식품,29,아일로,"[먹는 NMN/레티놀] 아일로 레티놀+NMN 10포 (1포 당 NMN 250mg, 레티놀 1,000ug)",https://www.oliveyoung.co.kr/store/goods/getGoodsDetail.do?goodsNo=A000000263435,https://image.oliveyoung.co.kr/cfimages/cf-goods/uploads/images/thumbnails/400/10/0000/0026/A00000026343501ko.jpg?l=ko,16900,13900,17.8,37,5.0,100,,,,,1,0,0,1,A000000263435,10000020001
2026-08-16,건강식품,30,그레인온,[단독기획]그레인온 골드카무트효소 30포+5포 증정 기획 (35일분),https://www.oliveyoung.co.kr/store/goods/getGoodsDetail.do?goodsNo=A000000211956,https://image.oliveyoung.co.kr/cfimages/cf-goods/uploads/images/thumbnails/400/10/0000/0021/A00000021195609ko.jpg?l=ko,17500,15680,10.4,6143,4.9,91,7,2,0,0,1,1,0,1,A000000211956,10000020001
2026-08-16,건강식품,31,닥터아돌,[품절대란] 닥터아돌 카테킨 아세로라 칼시페롤 C D 60정 / 히카바이오틱스 위디어트 21포,https://www.oliveyoung.co.kr/store/goods/getGoodsDetail.do?goodsNo=A000000218073,https://image.oliveyoung.co.kr/cfimages/cf-goods/uploads/images/thumbnails/400/10/0000/0021/A00000021807367ko.png?l=ko,38000,29100,23.4,5791,4.7,84,10,4,1,1,1,1,0,1,A000000218073,10000020001
2026-08-16,건강식품,32,바이탈뷰티,[다이어트 정체기엔] 바이탈뷰티 메타그린 부스터샷 7 (+1)개입,https://www.oliveyoung.co.kr/store/goods/getGoodsDetail.do?goodsNo=A000000241581,https://image.oliveyoung.co.kr/cfimages/cf-goods/uploads/images/thumbnails/400/10/0000/0024/A00000024158160ko.jpg?l=ko,28000,20900,25.4,7401,4.7,83,11,5,1,1,1,1,1,1,A000000241581,10000020001
2026-08-16,건강식품,33,바이오코어유산균,CJ 바이오코어 피부면역유산균 100억 30+10포 / 30캡슐,https://www.oliveyoung.co.kr/store/goods/getGoodsDetail.do?goodsNo=A000000200143,https://image.oliveyoung.co.kr/cfimages/cf-goods/uploads/images/thumbnails/400/10/0000/0020/A00000020014329ko.jpg?l=ko,27900,12500,55.2,11487,4.8,85,10,4,1,0,1,1,0,1,A000000200143,10000020001
2026-08-16,건강식품,34,비비랩,비비랩 효소 20포 (20일분) 2종 중 택1 (말차라떼맛/밀크티맛),https://www.oliveyoung.co.kr/store/goods/getGoodsDetail.do?goodsNo=A000000240475,https://image.oliveyoung.co.kr/cfimages/cf-goods/uploads/images/thumbnails/400/10/0000/0024/A00000024047506ko.png?l=ko,14900,11610,22.1,308,4.7,77,19,3,0,0,1,1,0,1,A000000240475,10000020001
2026-08-16,건강식품,35,이너랩,[8월 올영픽 / 다영pick] 셀트리온 홀드잇 30정 기획 (+7일 추가 증정),https://www.oliveyoung.co.kr/store/goods/getGoodsDetail.do?goodsNo=A000000225470,https://image.oliveyoung.co.kr/cfimages/cf-goods/uploads/images/thumbnails/400/10/0000/0022/A00000022547084ko.jpg?l=ko,22900,18400,19.7,6723,4.8,92,4,3,1,1,1,1,1,1,A000000225470,10000020001
2026-08-16,건강식품,36,고려은단,고려은단 비타민C1000 120정 (4개월분),https://www.oliveyoung.co.kr/store/goods/getGoodsDetail.do?goodsNo=A000000002944,https://image.oliveyoung.co.kr/cfimages/cf-goods/uploads/images/thumbnails/400/10/0000/0000/A00000000294410ko.jpg?l=ko,15000,15000,0.0,20697,4.9,91,7,2,0,0,0,0,0,1,A000000002944,10000020001
2026-08-16,건강식품,37,바이오렉트라,바이오렉트라 비타민B12 다이렉트 30포 (1개월분),https://www.oliveyoung.co.kr/store/goods/getGoodsDetail.do?goodsNo=A000000246176,https://image.oliveyoung.co.kr/cfimages/cf-goods/uploads/images/thumbnails/400/10/0000/0024/A00000024617603ko.jpg?l=ko,50000,45000,10.0,3,5.0,100,,,,,1,0,0,1,A000000246176,10000020001
2026-08-16,건강식품,38,오니스트,오니스트 케라그로우 망고 14+2포 (16일분),https://www.oliveyoung.co.kr/store/goods/getGoodsDetail.do?goodsNo=A000000241378,https://image.oliveyoung.co.kr/cfimages/cf-goods/uploads/images/thumbnails/400/10/0000/0024/A00000024137819ko.jpg?l=ko,34900,29000,16.9,454,4.8,86,10,3,1,,1,1,1,1,A000000241378,10000020001
2026-08-16,건강식품,39,바이탈뷰티,[포켓몬 에디션/먹는 레티놀/비타민] 바이탈뷰티 슈퍼레티놀 15/30포 (+포켓몬 손거울),https://www.oliveyoung.co.kr/store/goods/getGoodsDetail.do?goodsNo=A000000242925,https://image.oliveyoung.co.kr/cfimages/cf-goods/uploads/images/thumbnails/400/10/0000/0024/A00000024292583ko.jpg?l=ko,14500,11900,17.9,11890,4.8,87,9,3,0,0,1,1,1,1,A000000242925,10000020001
2026-08-16,건강식품,40,멜라메이트,식물성 멜라토닌 함유 멜라메이트 구미/로우슈가 구미 (20/50구미),https://www.oliveyoung.co.kr/store/goods/getGoodsDetail.do?goodsNo=A000000218546,https://image.oliveyoung.co.kr/cfimages/cf-goods/uploads/images/thumbnails/400/10/0000/0021/A00000021854627ko.jpg?l=ko,13000,8000,38.5,12250,4.8,88,8,3,1,1,1,1,1,1,A000000218546,10000020001
2026-08-16,건강식품,41,탄탄,탄탄 슬리밍 2종 택1 (다이어트젤리/부스터샷),https://www.oliveyoung.co.kr/store/goods/getGoodsDetail.do?goodsNo=A000000217678,https://image.oliveyoung.co.kr/cfimages/cf-goods/uploads/images/thumbnails/400/10/0000/0021/A00000021767864ko.jpg?l=ko,22900,9940,56.6,9155,4.8,85,10,4,1,0,1,1,0,1,A000000217678,10000020001
2026-08-16,건강식품,42,미에로화이바,[TWS 이미지카드 증정/8월 올영픽] 미에로화이바 데이톡 14포 (14일분),https://www.oliveyoung.co.kr/store/goods/getGoodsDetail.do?goodsNo=A000000237883,https://image.oliveyoung.co.kr/cfimages/cf-goods/uploads/images/thumbnails/400/10/0000/0023/A00000023788359ko.jpg?l=ko,24000,13900,42.1,2750,5.0,97,2,0,0,0,1,1,1,1,A000000237883,10000020001
2026-08-16,건강식품,43,칼로(Kalo),[올영단독] 칼로 스탑/컨트롤 PLUS 15포 2종,https://www.oliveyoung.co.kr/store/goods/getGoodsDetail.do?goodsNo=A000000186228,https://image.oliveyoung.co.kr/cfimages/cf-goods/uploads/images/thumbnails/400/10/0000/0018/A00000018622875ko.jpg?l=ko,17500,9270,47.0,12207,4.7,81,12,5,1,1,1,1,0,1,A000000186228,10000020001
2026-08-16,건강식품,44,에버콜라겐,에버콜라겐 인앤업비오틴 셀 56정 (28일분),https://www.oliveyoung.co.kr/store/goods/getGoodsDetail.do?goodsNo=A000000186592,https://image.oliveyoung.co.kr/cfimages/cf-goods/uploads/images/thumbnails/400/10/0000/0018/A00000018659244ko.jpg?l=ko,49000,24500,50.0,4359,4.9,92,6,2,0,0,1,0,0,1,A000000186592,10000020001
2026-08-16,건강식품,45,푸드올로지,[서현PICK] 콜레올로지 버닝올로지 디데이 3.8g*5포 (5일분),https://www.oliveyoung.co.kr/store/goods/getGoodsDetail.do?goodsNo=A000000170108,https://image.oliveyoung.co.kr/cfimages/cf-goods/uploads/images/thumbnails/400/10/0000/0017/A00000017010811ko.jpg?l=ko,18900,15680,17.0,6392,4.7,82,12,5,1,1,1,1,0,1,A000000170108,10000020001
2026-08-16,건강식품,46,세노비스,세노비스 밀크씨슬+ 60캡슐 더블기획 (4개월분),https://www.oliveyoung.co.kr/store/goods/getGoodsDetail.do?goodsNo=A000000189113,https://image.oliveyoung.co.kr/cfimages/cf-goods/uploads/images/thumbnails/400/10/0000/0018/A00000018911319ko.jpg?l=ko,80000,36900,53.9,6491,4.9,90,8,2,0,0,1,0,0,1,A000000189113,10000020001
2026-08-16,건강식품,47,센트룸,센트룸 멀티비타민 우먼 더블업 50정 (50일분),https://www.oliveyoung.co.kr/store/goods/getGoodsDetail.do?goodsNo=A000000205327,https://image.oliveyoung.co.kr/cfimages/cf-goods/uploads/images/thumbnails/400/10/0000/0020/A00000020532701ko.jpg?l=ko,27000,24000,11.1,9705,4.9,91,7,2,0,0,1,0,0,1,A000000205327,10000020001
2026-08-16,건강식품,48,오니스트,오니스트 트리플샤인 포도 14일,https://www.oliveyoung.co.kr/store/goods/getGoodsDetail.do?goodsNo=A000000204000,https://image.oliveyoung.co.kr/cfimages/cf-goods/uploads/images/thumbnails/400/10/0000/0020/A00000020400022ko.jpg?l=ko,34900,29000,16.9,1866,4.8,89,7,4,0,0,1,1,1,1,A000000204000,10000020001
2026-08-16,건강식품,49,푸드올로지,푸드올로지 톡스올로지 클렌즈 비움 PRO 50ml*6병 (6회분),https://www.oliveyoung.co.kr/store/goods/getGoodsDetail.do?goodsNo=A000000211903,https://image.oliveyoung.co.kr/cfimages/cf-goods/uploads/images/thumbnails/400/10/0000/0021/A00000021190304ko.jpg?l=ko,22900,19480,14.9,2582,4.7,81,10,7,1,1,1,1,0,1,A000000211903,10000020001
2026-08-16,건강식품,50,온리추얼,온리추얼 헬시그린 클렌즈 14포 (2주분),https://www.oliveyoung.co.kr/store/goods/getGoodsDetail.do?goodsNo=A000000261556,https://image.oliveyoung.co.kr/cfimages/cf-goods/uploads/images/thumbnails/400/10/0000/0026/A00000026155604ko.png?l=ko,26000,18910,27.3,32,4.9,91,9,,,,1,1,0,1,A000000261556,10000020001
2026-08-16,건강식품,51,컬처렐,컬처렐 데일리 프로바이오틱스 30캡슐 (1개월분),https://www.oliveyoung.co.kr/store/goods/getGoodsDetail.do?goodsNo=A000000251289,https://image.oliveyoung.co.kr/cfimages/cf-goods/uploads/images/thumbnails/400/10/0000/0025/A00000025128910ko.jpg?l=ko,24900,17900,28.1,345,5.0,100,0,,,,1,1,0,1,A000000251289,10000020001
2026-08-16,건강식품,52,바이오렉트라,바이오렉트라 마그네슘 400 울트라 다이렉트,https://www.oliveyoung.co.kr/store/goods/getGoodsDetail.do?goodsNo=A000000246134,https://image.oliveyoung.co.kr/cfimages/cf-goods/uploads/images/thumbnails/400/10/0000/0024/A00000024613411ko.png?l=ko,35000,31500,10.0,219,4.9,93,6,1,,,1,0,0,1,A000000246134,10000020001
2026-08-16,건강식품,53,바이오코어유산균,CJ 바이오코어 비피더스 다이어트 유산균 14캡슐 (2주분),https://www.oliveyoung.co.kr/store/goods/getGoodsDetail.do?goodsNo=A000000259858,https://image.oliveyoung.co.kr/cfimages/cf-goods/uploads/images/thumbnails/400/10/0000/0025/A00000025985804ko.jpg?l=ko,22900,16900,26.2,394,5.0,99,1,0,,,1,1,0,1,A000000259858,10000020001
2026-08-16,건강식품,54,푸드올로지,맨올로지 컷 PRO 800mg*40정/80정 택 1,https://www.oliveyoung.co.kr/store/goods/getGoodsDetail.do?goodsNo=A000000208183,https://image.oliveyoung.co.kr/cfimages/cf-goods/uploads/images/thumbnails/400/10/0000/0020/A00000020818323ko.jpg?l=ko,20900,18530,11.3,9680,4.7,83,10,5,1,1,1,1,0,1,A000000208183,10000020001
2026-08-16,건강식품,55,탄탄,탄탄 젤리 더블컷 다이어트 모음전(오리지널/포켓몬 에디션),https://www.oliveyoung.co.kr/store/goods/getGoodsDetail.do?goodsNo=A000000244912,https://image.oliveyoung.co.kr/cfimages/cf-goods/uploads/images/thumbnails/400/10/0000/0024/A00000024491246ko.jpg?l=ko,22900,9940,56.6,5695,4.8,87,9,3,1,0,1,1,0,1,A000000244912,10000020001
2026-08-16,건강식품,56,바이오코어유산균,[OY단독] CJ 바이오코어 피부면역유산균 30포 (+20포 증정기획) (25일분),https://www.oliveyoung.co.kr/store/goods/getGoodsDetail.do?goodsNo=A000000237417,https://image.oliveyoung.co.kr/cfimages/cf-goods/uploads/images/thumbnails/400/10/0000/0023/A00000023741712ko.jpg?l=ko,27900,12500,55.2,11010,4.8,85,10,4,1,0,1,1,0,1,A000000237417,10000020001
2026-08-16,건강식품,57,젠제네틱스,[설인아 PICK] 젠제네틱스 포타슘 칼륨 525mg 다이렉트 20포 (10일분),https://www.oliveyoung.co.kr/store/goods/getGoodsDetail.do?goodsNo=A000000245722,https://image.oliveyoung.co.kr/cfimages/cf-goods/uploads/images/thumbnails/400/10/0000/0024/A00000024572213ko.png?l=ko,34900,29800,14.6,141,4.8,84,9,6,,,1,0,0,1,A000000245722,10000020001
2026-08-16,건강식품,58,바이오렉트라,바이오렉트라 아연+셀레늄 5050mg 20포 (20일분),https://www.oliveyoung.co.kr/store/goods/getGoodsDetail.do?goodsNo=A000000246049,https://image.oliveyoung.co.kr/cfimages/cf-goods/uploads/images/thumbnails/400/10/0000/0024/A00000024604903ko.jpg?l=ko,66000,59400,10.0,135,4.9,94,5,1,,,1,0,0,1,A000000246049,10000020001
2026-08-16,건강식품,59,온리추얼,[윤광UP]온리추얼 글로우업 글루타치온 콜라겐 7포 (+1포 증정) / 14포,https://www.oliveyoung.co.kr/store/goods/getGoodsDetail.do?goodsNo=A000000236702,https://image.oliveyoung.co.kr/cfimages/cf-goods/uploads/images/thumbnails/400/10/0000/0023/A00000023670208ko.png?l=ko,22900,16060,29.9,9052,4.9,95,3,1,0,0,1,1,0,1,A000000236702,10000020001
2026-08-16,건강식품,60,오니스트,오니스트 트리플샤인 포도 14개입*2박스 (28일분),https://www.oliveyoung.co.kr/store/goods/getGoodsDetail.do?goodsNo=A000000240100,https://image.oliveyoung.co.kr/cfimages/cf-goods/uploads/images/thumbnails/400/10/0000/0024/A00000024010006ko.jpg?l=ko,66300,58900,11.2,1781,4.8,89,6,4,0,0,1,1,1,1,A000000240100,10000020001
2026-08-16,건강식품,61,세노비스,세노비스 마그네슘 90정 (3개월분),https://www.oliveyoung.co.kr/store/goods/getGoodsDetail.do?goodsNo=A000000008807,https://image.oliveyoung.co.kr/cfimages/cf-goods/uploads/images/thumbnails/400/10/0000/0000/A00000000880716ko.jpg?l=ko,28000,17720,36.7,5017,4.9,89,9,2,0,0,1,1,0,1,A000000008807,10000020001
2026-08-16,건강식품,62,고려은단,고려은단 메가도스C 비타민C 3000mg 30포,https://www.oliveyoung.co.kr/store/goods/getGoodsDetail.do?goodsNo=A000000187268,https://image.oliveyoung.co.kr/cfimages/cf-goods/uploads/images/thumbnails/400/10/0000/0018/A00000018726808ko.jpg?l=ko,11900,9900,16.8,4842,4.9,91,6,2,0,0,1,0,0,1,A000000187268,10000020001
2026-08-16,건강식품,63,히말라야,[1+1] 히말라야 숙취해소제 파티스마트 츄 [망고맛] 10P,https://www.oliveyoung.co.kr/store/goods/getGoodsDetail.do?goodsNo=A000000229743,https://image.oliveyoung.co.kr/cfimages/cf-goods/uploads/images/thumbnails/400/10/0000/0022/A00000022974324ko.jpg?l=ko,15000,13500,10.0,14032,4.9,89,8,2,0,0,0,1,0,1,A000000229743,10000020001
2026-08-16,건강식품,64,오쏘몰,오쏘몰 이뮨 멀티비타민&미네랄 7입 (1주일분),https://www.oliveyoung.co.kr/store/goods/getGoodsDetail.do?goodsNo=A000000142695,https://image.oliveyoung.co.kr/cfimages/cf-goods/uploads/images/thumbnails/400/10/0000/0014/A00000014269532ko.jpg?l=ko,38000,34900,8.2,27462,4.9,91,7,2,0,0,1,0,0,1,A000000142695,10000020001
2026-08-16,건강식품,65,올더베러,[8월올영픽]올더베러 웰니스 구미 7일분 8종 택1,https://www.oliveyoung.co.kr/store/goods/getGoodsDetail.do?goodsNo=A000000246058,https://image.oliveyoung.co.kr/cfimages/cf-goods/uploads/images/thumbnails/400/10/0000/0024/A00000024605821ko.jpg?l=ko,3900,2900,25.6,5220,4.8,86,10,3,1,1,1,0,0,1,A000000246058,10000020001
2026-08-16,건강식품,66,지노마스터,마스터바이옴 더블마스터 장앤스킨 피부유산균 1개월분,https://www.oliveyoung.co.kr/store/goods/getGoodsDetail.do?goodsNo=A000000209513,https://image.oliveyoung.co.kr/cfimages/cf-goods/uploads/images/thumbnails/400/10/0000/0020/A00000020951313ko.jpg?l=ko,38400,34000,11.5,431,4.7,78,18,3,,1,1,0,0,1,A000000209513,10000020001
2026-08-16,건강식품,67,비비랩,비비랩 비오틴 콜라겐 V 30포 (30일분),https://www.oliveyoung.co.kr/store/goods/getGoodsDetail.do?goodsNo=A000000190809,https://image.oliveyoung.co.kr/cfimages/cf-goods/uploads/images/thumbnails/400/10/0000/0019/A00000019080925ko.jpg?l=ko,24900,16010,35.7,532,4.7,72,23,4,1,0,1,1,0,1,A000000190809,10000020001
2026-08-16,건강식품,68,고려은단,고려은단 비타민C1000 이지+비타민D 120정 (60일분),https://www.oliveyoung.co.kr/store/goods/getGoodsDetail.do?goodsNo=A000000164736,https://image.oliveyoung.co.kr/cfimages/cf-goods/uploads/images/thumbnails/400/10/0000/0016/A00000016473618ko.jpg?l=ko,13000,13000,0.0,14755,4.9,92,7,1,0,0,0,0,0,1,A000000164736,10000020001
2026-08-16,건강식품,69,아임비타,아임비타 멀티비타민 아르기닌샷 1포,https://www.oliveyoung.co.kr/store/goods/getGoodsDetail.do?goodsNo=A000000224309,https://image.oliveyoung.co.kr/cfimages/cf-goods/uploads/images/thumbnails/400/10/0000/0022/A00000022430903ko.jpg?l=ko,3500,3500,0.0,2051,4.9,89,8,2,0,0,0,0,0,1,A000000224309,10000020001
2026-08-16,건강식품,70,스톰,스톰 식이섬유정 1000 60정 (1개월분),https://www.oliveyoung.co.kr/store/goods/getGoodsDetail.do?goodsNo=A000000245442,https://image.oliveyoung.co.kr/cfimages/cf-goods/uploads/images/thumbnails/400/10/0000/0024/A00000024544207ko.png?l=ko,33000,23750,28.0,1091,4.9,95,3,1,0,,1,1,0,1,A000000245442,10000020001
2026-08-16,건강식품,71,CJ이너비,[히알루론산 240mg] CJ 이너비 아쿠아리치 56캡슐 (28일분),https://www.oliveyoung.co.kr/store/goods/getGoodsDetail.do?goodsNo=A000000014939,https://image.oliveyoung.co.kr/cfimages/cf-goods/uploads/images/thumbnails/400/10/0000/0001/A00000001493915ko.jpg?l=ko,44000,23200,47.3,580,4.8,86,11,3,,,1,1,1,1,A000000014939,10000020001
2026-08-16,건강식품,72,올더뮤,올더뮤 뮤신 딥글로우 자두맛 7포 (+2포 증정),https://www.oliveyoung.co.kr/store/goods/getGoodsDetail.do?goodsNo=A000000236997,https://image.oliveyoung.co.kr/cfimages/cf-goods/uploads/images/thumbnails/400/10/0000/0023/A00000023699718ko.jpg?l=ko,24900,18200,26.9,1916,4.8,89,8,2,1,0,1,1,0,1,A000000236997,10000020001
2026-08-16,건강식품,73,리쥬란,[8월 올영픽/파워팩 한정수량] 리쥬란 이너닷 DNA 글로우 젤리 14포 기획 (+2포) 한정기획,https://www.oliveyoung.co.kr/store/goods/getGoodsDetail.do?goodsNo=A000000258641,https://image.oliveyoung.co.kr/cfimages/cf-goods/uploads/images/thumbnails/400/10/0000/0025/A00000025864108ko.jpg?l=ko,37000,22900,38.1,911,4.8,88,8,4,0,0,1,1,0,1,A000000258641,10000020001
2026-08-16,건강식품,74,세노비스,세노비스 어드밴스드 코엔자임큐텐 60캡슐 (2개월분),https://www.oliveyoung.co.kr/store/goods/getGoodsDetail.do?goodsNo=A000000232169,https://image.oliveyoung.co.kr/cfimages/cf-goods/uploads/images/thumbnails/400/10/0000/0023/A00000023216901ko.jpg?l=ko,48000,30600,36.3,136,4.8,88,7,4,1,,1,1,0,1,A000000232169,10000020001
2026-08-16,건강식품,75,바이탈뷰티,바이탈뷰티 메타그린 슬림업 14/30일,https://www.oliveyoung.co.kr/store/goods/getGoodsDetail.do?goodsNo=A000000248464,https://image.oliveyoung.co.kr/cfimages/cf-goods/uploads/images/thumbnails/400/10/0000/0024/A00000024846407ko.jpg?l=ko,19000,17100,10.0,28633,4.7,83,11,4,1,1,1,0,1,1,A000000248464,10000020001
2026-08-16,건강식품,76,센시안,센시안 마시는 센시안 14포 (14일분),https://www.oliveyoung.co.kr/store/goods/getGoodsDetail.do?goodsNo=A000000189312,https://image.oliveyoung.co.kr/cfimages/cf-goods/uploads/images/thumbnails/400/10/0000/0018/A00000018931206ko.jpg?l=ko,21900,11900,45.7,2189,4.8,85,11,3,1,0,1,0,0,1,A000000189312,10000020001
2026-08-16,건강식품,77,엘레나,엘레나 UREX 프로바이오틱스 15캡슐,https://www.oliveyoung.co.kr/store/goods/getGoodsDetail.do?goodsNo=A000000200345,https://image.oliveyoung.co.kr/cfimages/cf-goods/uploads/images/thumbnails/400/10/0000/0020/A00000020034505ko.jpg?l=ko,24900,16900,32.1,1286,4.7,80,14,5,1,0,1,0,0,1,A000000200345,10000020001
2026-08-16,건강식품,78,비비랩,비비랩 화이트 콜라겐 18+2/30포 (20일/30일분),https://www.oliveyoung.co.kr/store/goods/getGoodsDetail.do?goodsNo=A000000248072,https://image.oliveyoung.co.kr/cfimages/cf-goods/uploads/images/thumbnails/400/10/0000/0024/A00000024807224ko.jpg?l=ko,14900,14900,0.0,1776,4.9,95,4,1,0,0,0,0,0,1,A000000248072,10000020001
2026-08-16,건강식품,79,비에날씬,BNR17 다이어트유산균 비에날씬프로 30캡슐 (1개월분),https://www.oliveyoung.co.kr/store/goods/getGoodsDetail.do?goodsNo=B000000155794,https://image.oliveyoung.co.kr/cfimages/cf-goods/uploads/images/thumbnails/400/10/0000/0015/B00000015579407ko.jpg?l=ko,89100,89100,0.0,99,4.8,90,6,1,1,2,0,0,0,0,B000000155794,10000020001
2026-08-16,건강식품,80,도펠헤르츠,[독일1위] 도펠헤르츠 멀티비타민 A-Z 30정 (1개월분),https://www.oliveyoung.co.kr/store/goods/getGoodsDetail.do?goodsNo=A000000243636,https://image.oliveyoung.co.kr/cfimages/cf-goods/uploads/images/thumbnails/400/10/0000/0024/A00000024363612ko.jpg?l=ko,45000,20300,54.9,362,5.0,99,1,0,,,1,1,1,1,A000000243636,10000020001
2026-08-16,건강식품,81,락티브,락티브 이노시톨 30포 (+시크릿케어 질유래유산균 10캡슐 증정기획),https://www.oliveyoung.co.kr/store/goods/getGoodsDetail.do?goodsNo=A000000235106,https://image.oliveyoung.co.kr/cfimages/cf-goods/uploads/images/thumbnails/400/10/0000/0023/A00000023510625ko.jpg?l=ko,38900,26900,30.8,3834,4.9,91,7,2,0,0,1,1,0,1,A000000235106,10000020001
2026-08-16,건강식품,82,그린스토어,그린스토어 NMN 파이토 맥스 플러스 30정 (1개월분),https://www.oliveyoung.co.kr/store/goods/getGoodsDetail.do?goodsNo=A000000243078,https://image.oliveyoung.co.kr/cfimages/cf-goods/uploads/images/thumbnails/400/10/0000/0024/A00000024307803ko.jpeg?l=ko,18200,8960,50.8,0,0.0,,,,,,1,1,0,1,A000000243078,10000020001
2026-08-16,건강식품,83,고려은단,고려은단 루테인 지아잔틴 아스타잔틴 30캡슐 (30일분),https://www.oliveyoung.co.kr/store/goods/getGoodsDetail.do?goodsNo=A000000197022,https://image.oliveyoung.co.kr/cfimages/cf-goods/uploads/images/thumbnails/400/10/0000/0019/A00000019702206ko.jpg?l=ko,14900,14900,0.0,555,4.8,84,14,1,1,0,0,0,0,1,A000000197022,10000020001
2026-08-16,건강식품,84,바이오코어유산균,CJ BYOCORE 데일리 유산균 30포 (1개월분),https://www.oliveyoung.co.kr/store/goods/getGoodsDetail.do?goodsNo=A000000179253,https://image.oliveyoung.co.kr/cfimages/cf-goods/uploads/images/thumbnails/400/10/0000/0017/A00000017925305ko.jpg?l=ko,11000,5900,46.4,3281,4.8,86,10,3,1,0,1,1,0,1,A000000179253,10000020001
2026-08-16,건강식품,85,비비랩,비비랩 글루타치온C 30포 (1개월분),https://www.oliveyoung.co.kr/store/goods/getGoodsDetail.do?goodsNo=A000000170575,https://image.oliveyoung.co.kr/cfimages/cf-goods/uploads/images/thumbnails/400/10/0000/0017/A00000017057512ko.png?l=ko,23900,18910,20.9,1239,4.7,80,14,5,1,1,1,1,0,1,A000000170575,10000020001
2026-08-16,건강식품,86,락토핏,락토핏 골드 30포 트리플 기획 (90일분)(RE),https://www.oliveyoung.co.kr/store/goods/getGoodsDetail.do?goodsNo=A000000257050,https://image.oliveyoung.co.kr/cfimages/cf-goods/uploads/images/thumbnails/400/10/0000/0025/A00000025705033ko.jpg?l=ko,35700,18900,47.1,124,4.8,90,3,6,,,1,1,0,1,A000000257050,10000020001
2026-08-16,건강식품,87,비비랩,[차학연 PICK/1+1] 비비랩 콜라겐 젤리 14포 2종 택1 (석류콜라겐S/콜라겐탱글업),https://www.oliveyoung.co.kr/store/goods/getGoodsDetail.do?goodsNo=A000000226019,https://image.oliveyoung.co.kr/cfimages/cf-goods/uploads/images/thumbnails/400/10/0000/0022/A00000022601922ko.png?l=ko,25900,25600,1.2,3861,4.8,84,11,4,0,0,0,1,0,1,A000000226019,10000020001
2026-08-16,건강식품,88,익스트림,익스트림 아르기닌 젤리스틱 5000mg*14포(2주분),https://www.oliveyoung.co.kr/store/goods/getGoodsDetail.do?goodsNo=A000000208529,https://image.oliveyoung.co.kr/cfimages/cf-goods/uploads/images/thumbnails/400/10/0000/0020/A00000020852915ko.jpg?l=ko,19900,18340,7.8,308,5.0,98,2,0,,,1,1,0,1,A000000208529,10000020001
2026-08-16,건강식품,89,락토핏,락토핏 코어 30포 (1개월분)(RE),https://www.oliveyoung.co.kr/store/goods/getGoodsDetail.do?goodsNo=A000000257061,https://image.oliveyoung.co.kr/cfimages/cf-goods/uploads/images/thumbnails/400/10/0000/0025/A00000025706119ko.jpg?l=ko,14900,9400,36.9,97,4.8,82,14,3,,,1,1,0,1,A000000257061,10000020001
2026-08-16,건강식품,90,닥터아돌,닥터아돌 B발라민 비오틴 120정 (2개월분),https://www.oliveyoung.co.kr/store/goods/getGoodsDetail.do?goodsNo=A000000231625,https://image.oliveyoung.co.kr/cfimages/cf-goods/uploads/images/thumbnails/400/10/0000/0023/A00000023162512ko.png?l=ko,36000,36000,0.0,21,4.4,67,24,,,10,0,0,0,1,A000000231625,10000020001
2026-08-16,건강식품,91,지노마스터,지노마스터 이노시톨 30포 (1개월분),https://www.oliveyoung.co.kr/store/goods/getGoodsDetail.do?goodsNo=A000000224982,https://image.oliveyoung.co.kr/cfimages/cf-goods/uploads/images/thumbnails/400/10/0000/0022/A00000022498231ko.jpg?l=ko,29000,17000,41.4,1968,4.8,88,7,4,0,0,1,1,0,1,A000000224982,10000020001
2026-08-16,건강식품,92,바이오코어유산균,CJ 바이오코어 건강한 500억 유산균 28캡슐 (14일분),https://www.oliveyoung.co.kr/store/goods/getGoodsDetail.do?goodsNo=A000000200515,https://image.oliveyoung.co.kr/cfimages/cf-goods/uploads/images/thumbnails/400/10/0000/0020/A00000020051514ko.jpg?l=ko,29900,16900,43.5,268,4.9,89,7,3,,0,1,1,0,1,A000000200515,10000020001
2026-08-16,건강식품,93,뉴트원,뉴트원 칼마디 칼슘 마그네슘 비타민D 60정 (1개월분),https://www.oliveyoung.co.kr/store/goods/getGoodsDetail.do?goodsNo=A000000248570,https://image.oliveyoung.co.kr/cfimages/cf-goods/uploads/images/thumbnails/400/10/0000/0024/A00000024857001ko.jpg?l=ko,25000,22520,9.9,15,5.0,100,,,,,1,1,0,1,A000000248570,10000020001
2026-08-16,건강식품,94,종근당건강,종근당건강 프로메가 오메가3 트리플 60캡슐 (장용성) (1개월분),https://www.oliveyoung.co.kr/store/goods/getGoodsDetail.do?goodsNo=A000000173903,https://image.oliveyoung.co.kr/cfimages/cf-goods/uploads/images/thumbnails/400/10/0000/0017/A00000017390311ko.jpg?l=ko,14900,12500,16.1,6442,4.9,89,9,2,0,0,1,1,0,1,A000000173903,10000020001
2026-08-16,건강식품,95,탄탄,탄탄 슬리밍&이너뷰티 모음전(다이어트젤리/부스터샷/C3G),https://www.oliveyoung.co.kr/store/goods/getGoodsDetail.do?goodsNo=A000000234392,https://image.oliveyoung.co.kr/cfimages/cf-goods/uploads/images/thumbnails/400/10/0000/0023/A00000023439219ko.jpg?l=ko,22900,9940,56.6,8177,4.8,84,11,4,1,1,1,1,0,1,A000000234392,10000020001
2026-08-16,건강식품,96,랩온랩,랩온랩 더 그린 프리미엄 프로폴리스 아연C 36000 PLUS 60정 (2개월분),https://www.oliveyoung.co.kr/store/goods/getGoodsDetail.do?goodsNo=A000000234980,https://image.oliveyoung.co.kr/cfimages/cf-goods/uploads/images/thumbnails/400/10/0000/0023/A00000023498004ko.jpg?l=ko,19600,9680,50.6,2,5.0,100,,,,,1,1,0,1,A000000234980,10000020001
2026-08-16,건강식품,97,솔가,솔가 엽산 400 (100정/100일분),https://www.oliveyoung.co.kr/store/goods/getGoodsDetail.do?goodsNo=A000000012319,https://image.oliveyoung.co.kr/cfimages/cf-goods/uploads/images/thumbnails/400/10/0000/0001/A00000001231914ko.jpg?l=ko,31000,20600,33.5,1080,4.8,88,9,3,0,0,1,1,0,1,A000000012319,10000020001
2026-08-16,건강식품,98,CJ이너비,CJ 이너비 이노시톨 젤리 10포 밸리곰 기획(+2포 / 행운부적 증정),https://www.oliveyoung.co.kr/store/goods/getGoodsDetail.do?goodsNo=A000000248598,https://image.oliveyoung.co.kr/cfimages/cf-goods/uploads/images/thumbnails/400/10/0000/0024/A00000024859814ko.jpg?l=ko,9900,7900,20.2,1734,4.9,94,4,2,0,0,1,1,1,1,A000000248598,10000020001
2026-08-16,건강식품,99,드시모네,드시모네 365 포도향 30포 X 3박스 (3개월분),https://www.oliveyoung.co.kr/store/goods/getGoodsDetail.do?goodsNo=B000000151464,https://image.oliveyoung.co.kr/cfimages/cf-goods/uploads/images/thumbnails/400/10/0000/0015/B00000015146413ko.png?l=ko,80000,64000,20.0,13,4.8,85,15,,,,0,1,0,0,B000000151464,10000020001
2026-08-16,건강식품,100,메디슨벨,[베러PICK /올영단독] 메디슨벨 마시는 샐러드 트리플 7+1포/ 오리지널 14포 (8/14일분),https://www.oliveyoung.co.kr/store/goods/getGoodsDetail.do?goodsNo=A000000232120,https://image.oliveyoung.co.kr/cfimages/cf-goods/uploads/images/thumbnails/400/10/0000/0023/A00000023212009ko.png?l=ko,17400,14630,15.9,5904,4.9,93,5,1,0,0,1,1,0,1,A000000232120,10000020001
2026-08-16,푸드,1,딜라이트 프로젝트,[8월올영픽]딜라이트 프로젝트 단백질쉐이크 45g 택1,https://www.oliveyoung.co.kr/store/goods/getGoodsDetail.do?goodsNo=A000000208162,https://image.oliveyoung.co.kr/cfimages/cf-goods/uploads/images/thumbnails/400/10/0000/0020/A00000020816269ko.jpg?l=ko,3900,3600,7.7,44821,4.8,90,7,3,0,0,0,1,0,1,A000000208162,10000020002
2026-08-16,푸드,2,올더베러,[8월올영픽]올더베러 단백질 쉐이크 45g 6종 택1,https://www.oliveyoung.co.kr/store/goods/getGoodsDetail.do?goodsNo=A000000245884,https://image.oliveyoung.co.kr/cfimages/cf-goods/uploads/images/thumbnails/400/10/0000/0024/A00000024588422ko.jpg?l=ko,3900,3600,7.7,17535,4.8,87,8,3,1,1,0,1,0,1,A000000245884,10000020002
2026-08-16,푸드,3,프로티원,프로티원 단백질쉐이크 파우치형 40g 6종,https://www.oliveyoung.co.kr/store/goods/getGoodsDetail.do?goodsNo=A000000202771,https://image.oliveyoung.co.kr/cfimages/cf-goods/uploads/images/thumbnails/400/10/0000/0020/A000000202771194ko.jpg?l=ko,3900,3900,0.0,95910,4.8,86,9,4,1,1,0,0,0,1,A000000202771,10000020002
2026-08-16,푸드,4,딜라이트 프로젝트,[8월올영픽]딜라이트 프로젝트 베이글칩 택1,https://www.oliveyoung.co.kr/store/goods/getGoodsDetail.do?goodsNo=A000000147779,https://image.oliveyoung.co.kr/cfimages/cf-goods/uploads/images/thumbnails/400/10/0000/0014/A00000014777965ko.jpg?l=ko,2700,2430,10.0,233699,4.9,90,7,3,0,0,0,1,0,1,A000000147779,10000020002
2026-08-16,푸드,5,플라이밀,플라이밀 단백질쉐이크 45g 12종 택 1,https://www.oliveyoung.co.kr/store/goods/getGoodsDetail.do?goodsNo=A000000190168,https://image.oliveyoung.co.kr/cfimages/cf-goods/uploads/images/thumbnails/400/10/0000/0019/A00000019016820ko.jpg?l=ko,3900,3900,0.0,107639,4.8,86,9,3,1,1,0,0,0,1,A000000190168,10000020002
2026-08-16,푸드,6,디다,[단독기획/리셋루틴] 디다 디다샷 14포+랜덤키링증정 (2주분),https://www.oliveyoung.co.kr/store/goods/getGoodsDetail.do?goodsNo=A000000221961,https://image.oliveyoung.co.kr/cfimages/cf-goods/uploads/images/thumbnails/400/10/0000/0022/A00000022196117ko.jpg?l=ko,29800,27400,8.1,1246,4.7,84,9,5,1,1,1,1,0,1,A000000221961,10000020002
2026-08-16,푸드,7,비브리브,"비브리브 꼬박꼬밥 플러스 50g 4종 택1(딸기, 달밤, 미숫가루, 더블초코)",https://www.oliveyoung.co.kr/store/goods/getGoodsDetail.do?goodsNo=A000000256075,https://image.oliveyoung.co.kr/cfimages/cf-goods/uploads/images/thumbnails/400/10/0000/0025/A00000025607503ko.png?l=ko,4900,4900,0.0,3220,4.8,86,9,4,1,1,0,0,0,1,A000000256075,10000020002
2026-08-16,푸드,8,테일러,테일러 푸룬 딥워터 6종 (오리지널/레몬/매실/콤부차/자몽/초코파우더),https://www.oliveyoung.co.kr/store/goods/getGoodsDetail.do?goodsNo=A000000165976,https://image.oliveyoung.co.kr/cfimages/cf-goods/uploads/images/thumbnails/400/10/0000/0016/A00000016597626ko.jpg?l=ko,4500,2200,51.1,128496,4.8,87,9,3,1,1,1,0,0,1,A000000165976,10000020002
2026-08-16,푸드,9,딜라잇가든,님스 크리스피 초코컵 60g 2종 중 선택(코코크런치 / 씨리얼),https://www.oliveyoung.co.kr/store/goods/getGoodsDetail.do?goodsNo=A000000261871,https://image.oliveyoung.co.kr/cfimages/cf-goods/uploads/images/thumbnails/400/10/0000/0026/A00000026187104ko.jpg?l=ko,4900,4900,0.0,64,4.8,86,9,3,2,,0,0,0,1,A000000261871,10000020002
2026-08-16,푸드,10,딜라이트 프로젝트,딜라이트 프로젝트 명인 부각 단품/세트 9종 택1,https://www.oliveyoung.co.kr/store/goods/getGoodsDetail.do?goodsNo=A000000161129,https://image.oliveyoung.co.kr/cfimages/cf-goods/uploads/images/thumbnails/400/10/0000/0016/A00000016112957ko.jpg?l=ko,4900,4000,18.4,50336,4.8,88,8,3,0,0,1,1,0,1,A000000161129,10000020002
2026-08-16,푸드,11,크런틴,[NEW블루베리요거팝] 크런틴 크런치볼 단백질쉐이크 50g 5종 택 1,https://www.oliveyoung.co.kr/store/goods/getGoodsDetail.do?goodsNo=A000000227418,https://image.oliveyoung.co.kr/cfimages/cf-goods/uploads/images/thumbnails/400/10/0000/0022/A00000022741840ko.jpg?l=ko,5900,5900,0.0,41166,4.8,89,7,3,1,1,0,0,0,1,A000000227418,10000020002
2026-08-16,푸드,12,셀렉스,"[단독런칭 1+1] 셀렉스 프로핏 SPORTS 단백질쉐이크 45g 2종 택1(너티초코, 미숫가루)",https://www.oliveyoung.co.kr/store/goods/getGoodsDetail.do?goodsNo=A000000261260,https://image.oliveyoung.co.kr/cfimages/cf-goods/uploads/images/thumbnails/400/10/0000/0026/A00000026126003ko.jpg?l=ko,4200,3900,7.1,60,4.6,81,10,5,3,2,0,1,0,1,A000000261260,10000020002
2026-08-16,푸드,13,딜라이트 프로젝트,[온라인 단독]딜라이트 프로젝트 단백질쉐이크 7개입 택1,https://www.oliveyoung.co.kr/store/goods/getGoodsDetail.do?goodsNo=A000000208168,https://image.oliveyoung.co.kr/cfimages/cf-goods/uploads/images/thumbnails/400/10/0000/0020/A00000020816868ko.jpg?l=ko,23400,12500,46.6,113327,4.8,89,7,3,1,1,1,1,1,1,A000000208168,10000020002
2026-08-16,푸드,14,딜라이트 프로젝트,[8월올영픽]딜라이트 프로젝트 과일칩 4종 택1,https://www.oliveyoung.co.kr/store/goods/getGoodsDetail.do?goodsNo=A000000012835,https://image.oliveyoung.co.kr/cfimages/cf-goods/uploads/images/thumbnails/400/10/0000/0001/A00000001283508ko.jpg?l=ko,3000,2800,6.7,29969,4.7,83,10,5,1,1,0,1,0,1,A000000012835,10000020002
2026-08-16,푸드,15,그린몬스터,[SINCE1997/올영1위] 그린몬스터 헐리우드48시간 오리지널 클렌즈,https://www.oliveyoung.co.kr/store/goods/getGoodsDetail.do?goodsNo=A000000016494,https://image.oliveyoung.co.kr/cfimages/cf-goods/uploads/images/thumbnails/400/10/0000/0001/A000000016494100ko.jpg?l=ko,35000,24500,30.0,6983,4.7,81,11,6,1,1,1,1,0,1,A000000016494,10000020002
2026-08-16,푸드,16,위시어,위시어 리얼크리스피 프로틴바 4종 택 1,https://www.oliveyoung.co.kr/store/goods/getGoodsDetail.do?goodsNo=A000000252574,https://image.oliveyoung.co.kr/cfimages/cf-goods/uploads/images/thumbnails/400/10/0000/0025/A00000025257419ko.png?l=ko,3300,3300,0.0,1826,4.8,89,6,3,1,1,0,0,0,1,A000000252574,10000020002
2026-08-16,푸드,17,딜라이트 프로젝트,딜라이트 프로젝트 베이글칩 모음전,https://www.oliveyoung.co.kr/store/goods/getGoodsDetail.do?goodsNo=A000000219361,https://image.oliveyoung.co.kr/cfimages/cf-goods/uploads/images/thumbnails/400/10/0000/0021/A00000021936128ko.jpg?l=ko,2700,2430,10.0,268016,4.9,90,7,3,0,0,0,1,0,1,A000000219361,10000020002
2026-08-16,푸드,18,푸드올로지,푸드올로지 톡스올로지/그린올로지 클렌즈 48시간 3종 택 1(단품/기획),https://www.oliveyoung.co.kr/store/goods/getGoodsDetail.do?goodsNo=A000000247234,https://image.oliveyoung.co.kr/cfimages/cf-goods/uploads/images/thumbnails/400/10/0000/0024/A00000024723419ko.jpg?l=ko,24800,22400,9.7,2107,4.7,82,9,6,1,2,1,1,0,1,A000000247234,10000020002
2026-08-16,푸드,19,딜라이트 프로젝트,[8월올영픽]딜라이트 프로젝트 단백질쉐이크 모음전(1개입/7개입),https://www.oliveyoung.co.kr/store/goods/getGoodsDetail.do?goodsNo=A000000231574,https://image.oliveyoung.co.kr/cfimages/cf-goods/uploads/images/thumbnails/400/10/0000/0023/A00000023157448ko.jpg?l=ko,3900,3600,7.7,151560,4.8,89,7,3,1,1,0,1,0,1,A000000231574,10000020002
2026-08-16,푸드,20,라이블링,"라이블링 클렌즈 15ml*10포입 6종 택 1(레몬,사과,포도,자몽,매실,요구르트,청사과)",https://www.oliveyoung.co.kr/store/goods/getGoodsDetail.do?goodsNo=A000000197720,https://image.oliveyoung.co.kr/cfimages/cf-goods/uploads/images/thumbnails/400/10/0000/0019/A00000019772031ko.jpg?l=ko,11900,8300,30.3,32162,4.8,88,8,3,0,0,1,1,0,1,A000000197720,10000020002
2026-08-16,푸드,21,딜라이트 프로젝트,[8월올영픽]딜라이트 프로젝트 원물간식 모음전(말랭이/과일칩),https://www.oliveyoung.co.kr/store/goods/getGoodsDetail.do?goodsNo=A000000231576,https://image.oliveyoung.co.kr/cfimages/cf-goods/uploads/images/thumbnails/400/10/0000/0023/A00000023157624ko.jpg?l=ko,4200,3300,21.4,122150,4.8,87,9,3,1,1,1,1,0,1,A000000231576,10000020002
2026-08-16,푸드,22,딜라이트 프로젝트,딜라이트 프로젝트 곤약워터젤리 모음전(1개입/10개입),https://www.oliveyoung.co.kr/store/goods/getGoodsDetail.do?goodsNo=A000000209365,https://image.oliveyoung.co.kr/cfimages/cf-goods/uploads/images/thumbnails/400/10/0000/0020/A00000020936540ko.jpg?l=ko,1900,1900,0.0,141370,4.8,89,8,3,0,0,0,0,0,1,A000000209365,10000020002
2026-08-16,푸드,23,단백하니,[베러PICK]단백하니 단백질쉐이크 3종 택1 (시그니처/말차/초코),https://www.oliveyoung.co.kr/store/goods/getGoodsDetail.do?goodsNo=A000000237470,https://image.oliveyoung.co.kr/cfimages/cf-goods/uploads/images/thumbnails/400/10/0000/0023/A00000023747029ko.jpg?l=ko,3900,3700,5.1,15378,4.7,80,11,6,1,1,0,1,1,1,A000000237470,10000020002
2026-08-16,푸드,24,플라이밀,[1+1] 플라이밀 단백질 바 크런치 40g 다크초코 / 화이트초코 2종,https://www.oliveyoung.co.kr/store/goods/getGoodsDetail.do?goodsNo=A000000236834,https://image.oliveyoung.co.kr/cfimages/cf-goods/uploads/images/thumbnails/400/10/0000/0023/A00000023683409ko.jpg?l=ko,3500,3300,5.7,9584,4.8,87,8,4,1,1,0,1,0,1,A000000236834,10000020002
2026-08-16,푸드,25,페이퍼백,[단독1+1행사] 마이너스 쉐이크 5종 택1(밤라떼/병아리콩/요거트/까만콩/초코프로틴),https://www.oliveyoung.co.kr/store/goods/getGoodsDetail.do?goodsNo=A000000243210,https://image.oliveyoung.co.kr/cfimages/cf-goods/uploads/images/thumbnails/400/10/0000/0024/A00000024321019ko.jpg?l=ko,5000,5000,0.0,3343,4.9,91,6,2,1,0,0,0,0,1,A000000243210,10000020002
2026-08-16,푸드,26,낫띵베럴,[베러PICK] 낫띵베럴 드링킷 유기농 100ml 3종 택1 (호박즙/사과양배추즙/마시는샐러드),https://www.oliveyoung.co.kr/store/goods/getGoodsDetail.do?goodsNo=A000000241029,https://image.oliveyoung.co.kr/cfimages/cf-goods/uploads/images/thumbnails/400/10/0000/0024/A00000024102906ko.jpg?l=ko,1600,1200,25.0,3004,4.8,86,9,3,1,1,1,1,0,1,A000000241029,10000020002
2026-08-16,푸드,27,리앤핏,리앤핏 단백질쉐이크 45g 5종 택1,https://www.oliveyoung.co.kr/store/goods/getGoodsDetail.do?goodsNo=A000000251616,https://image.oliveyoung.co.kr/cfimages/cf-goods/uploads/images/thumbnails/400/10/0000/0025/A00000025161629ko.jpg?l=ko,3900,3900,0.0,3611,4.8,87,8,3,1,1,0,0,0,1,A000000251616,10000020002
2026-08-16,푸드,28,프롬잇,"프롬잇 프로틴칩 7종 택1 (칠리바베큐,어니언랜치,허니갈릭,콘소메,콰트로치즈,명란마요, 토마토바질피자맛)",https://www.oliveyoung.co.kr/store/goods/getGoodsDetail.do?goodsNo=A000000156090,https://image.oliveyoung.co.kr/cfimages/cf-goods/uploads/images/thumbnails/400/10/0000/0015/A00000015609064ko.jpg?l=ko,2700,1990,26.3,62279,4.8,88,8,3,0,0,1,1,0,1,A000000156090,10000020002
2026-08-16,푸드,29,빼바,[포켓몬에디션] 빼바 리얼초콜릿 프로틴바 40g 4종 1택 (다크/화이트/쿠키앤크림/그릭요거트),https://www.oliveyoung.co.kr/store/goods/getGoodsDetail.do?goodsNo=A000000191560,https://image.oliveyoung.co.kr/cfimages/cf-goods/uploads/images/thumbnails/400/10/0000/0019/A00000019156067ko.jpg?l=ko,3200,3100,3.1,48956,4.9,90,7,2,0,0,0,1,0,1,A000000191560,10000020002
2026-08-16,푸드,30,알디콤,"[1+1]알디콤 숙취해소제 4포입 3종 (플러스, 에이, 브이)",https://www.oliveyoung.co.kr/store/goods/getGoodsDetail.do?goodsNo=A000000245840,https://image.oliveyoung.co.kr/cfimages/cf-goods/uploads/images/thumbnails/400/10/0000/0024/A00000024584012ko.png?l=ko,17300,15570,10.0,17331,4.9,94,5,1,0,0,0,1,0,1,A000000245840,10000020002
2026-08-16,푸드,31,푸드올로지,푸드올로지 지중해 레몬그린티 6g X 15포 (15일분),https://www.oliveyoung.co.kr/store/goods/getGoodsDetail.do?goodsNo=A000000230984,https://image.oliveyoung.co.kr/cfimages/cf-goods/uploads/images/thumbnails/400/10/0000/0023/A00000023098401ko.jpg?l=ko,25800,23400,9.3,439,4.8,85,12,3,,0,1,1,0,1,A000000230984,10000020002
2026-08-16,푸드,32,올록담,올록담 올리브3 72캡슐 (24일분),https://www.oliveyoung.co.kr/store/goods/getGoodsDetail.do?goodsNo=A000000241018,https://image.oliveyoung.co.kr/cfimages/cf-goods/uploads/images/thumbnails/400/10/0000/0024/A00000024101822ko.jpg?l=ko,39800,29800,25.1,960,4.8,87,11,2,0,0,1,0,0,1,A000000241018,10000020002
2026-08-16,푸드,33,밀슐랭,[신상출시] 밀슐랭 단백질쉐이크 5개입 5종 (베리베리요거트/골든몽블랑/콘크림브륄레/헤이즐넛츠초코/허니그레인),https://www.oliveyoung.co.kr/store/goods/getGoodsDetail.do?goodsNo=A000000247894,https://image.oliveyoung.co.kr/cfimages/cf-goods/uploads/images/thumbnails/400/10/0000/0024/A00000024789422ko.jpeg?l=ko,29500,17500,40.7,5495,4.9,95,3,1,0,0,1,1,0,1,A000000247894,10000020002
2026-08-16,푸드,34,부샤드,부샤드 초콜릿 132g 5종 중 택1 (밀크/다크/카라멜&씨솔트/다크민트/밀크크런치),https://www.oliveyoung.co.kr/store/goods/getGoodsDetail.do?goodsNo=A000000174401,https://image.oliveyoung.co.kr/cfimages/cf-goods/uploads/images/thumbnails/400/10/0000/0017/A00000017440106ko.jpg?l=ko,8500,8500,0.0,36718,4.9,94,5,1,0,0,0,0,0,1,A000000174401,10000020002
2026-08-16,푸드,35,배리웨이,"[송이송이PICK]배리웨이 프루틴 쉐이크 50g 5종 중 택1 (초코, 커피, 곡물, 말차, 딸기)",https://www.oliveyoung.co.kr/store/goods/getGoodsDetail.do?goodsNo=A000000246284,https://image.oliveyoung.co.kr/cfimages/cf-goods/uploads/images/thumbnails/400/10/0000/0024/A00000024628420ko.jpg?l=ko,5500,5500,0.0,2678,4.9,91,6,2,1,0,0,0,0,1,A000000246284,10000020002
2026-08-16,푸드,36,플라이밀,플라이밀 단백질 쉐이크 대용량 630g (14종),https://www.oliveyoung.co.kr/store/goods/getGoodsDetail.do?goodsNo=B000000226428,https://image.oliveyoung.co.kr/cfimages/cf-goods/uploads/images/thumbnails/400/10/0000/0022/B00000022642809ko.jpg?l=ko,33900,26900,20.6,3597,4.8,87,9,3,1,0,0,1,0,0,B000000226428,10000020002
2026-08-16,푸드,37,마이프로틴,마이프로틴 웨이 단백질 쉐이크 45g 7종 택1,https://www.oliveyoung.co.kr/store/goods/getGoodsDetail.do?goodsNo=A000000239144,https://image.oliveyoung.co.kr/cfimages/cf-goods/uploads/images/thumbnails/400/10/0000/0023/A00000023914421ko.jpg?l=ko,5900,5900,0.0,541,4.9,94,4,1,0,1,0,0,0,1,A000000239144,10000020002
2026-08-16,푸드,38,올더베러,[온라인 단독]올더베러 단백질쉐이크 45g 7개입 3종 택1,https://www.oliveyoung.co.kr/store/goods/getGoodsDetail.do?goodsNo=A000000256702,https://image.oliveyoung.co.kr/cfimages/cf-goods/uploads/images/thumbnails/400/10/0000/0025/A00000025670220ko.jpg?l=ko,19900,12500,37.2,11955,4.8,88,8,3,1,1,1,1,0,1,A000000256702,10000020002
2026-08-16,푸드,39,올더베러,올더베러 데일리 스낵 8종 택1,https://www.oliveyoung.co.kr/store/goods/getGoodsDetail.do?goodsNo=A000000246374,https://image.oliveyoung.co.kr/cfimages/cf-goods/uploads/images/thumbnails/400/10/0000/0024/A00000024637411ko.jpg?l=ko,1500,990,34.0,22038,4.8,90,6,3,1,0,1,0,0,1,A000000246374,10000020002
2026-08-16,푸드,40,티젠,티젠 콤부차 10T 13종 택1 (2025 어워즈),https://www.oliveyoung.co.kr/store/goods/getGoodsDetail.do?goodsNo=A000000124481,https://image.oliveyoung.co.kr/cfimages/cf-goods/uploads/images/thumbnails/400/10/0000/0012/A00000012448164ko.jpg?l=ko,8000,4100,48.8,74656,4.8,88,9,3,0,0,1,1,0,1,A000000124481,10000020002
2026-08-16,푸드,41,올더베러,[8월올영픽]올더베러 마녀스프 3종(1개입/5개입),https://www.oliveyoung.co.kr/store/goods/getGoodsDetail.do?goodsNo=A000000245869,https://image.oliveyoung.co.kr/cfimages/cf-goods/uploads/images/thumbnails/400/10/0000/0024/A00000024586918ko.jpg?l=ko,5900,4400,25.4,1387,4.9,89,8,2,0,0,1,1,0,1,A000000245869,10000020002
2026-08-16,푸드,42,올더베러,올더베러 채소바삭칩 5종 택1,https://www.oliveyoung.co.kr/store/goods/getGoodsDetail.do?goodsNo=A000000245875,https://image.oliveyoung.co.kr/cfimages/cf-goods/uploads/images/thumbnails/400/10/0000/0024/A00000024587508ko.jpg?l=ko,2900,1800,37.9,6003,4.8,87,8,4,1,1,1,1,0,1,A000000245875,10000020002
2026-08-16,푸드,43,라이프비,라이프비 코코밥 단백질쉐이크 50g 8종 택1,https://www.oliveyoung.co.kr/store/goods/getGoodsDetail.do?goodsNo=A000000237730,https://image.oliveyoung.co.kr/cfimages/cf-goods/uploads/images/thumbnails/400/10/0000/0023/A00000023773025ko.png?l=ko,3900,3100,20.5,6486,4.8,88,7,3,1,1,1,1,0,1,A000000237730,10000020002
2026-08-16,푸드,44,딜라이트 프로젝트,[8월올영픽]딜라이트 프로젝트 크루아상칩 택1(캐러멜/마늘빵),https://www.oliveyoung.co.kr/store/goods/getGoodsDetail.do?goodsNo=A000000262927,https://image.oliveyoung.co.kr/cfimages/cf-goods/uploads/images/thumbnails/400/10/0000/0026/A00000026292712ko.jpg?l=ko,4900,3900,20.4,1006,4.5,74,12,9,3,1,1,1,0,1,A000000262927,10000020002
2026-08-16,푸드,45,셀렉스,셀렉스 프로핏 스포츠 330ml 4종 택1(초콜릿/아메리카노/복숭아/코코넛),https://www.oliveyoung.co.kr/store/goods/getGoodsDetail.do?goodsNo=A000000175561,https://image.oliveyoung.co.kr/cfimages/cf-goods/uploads/images/thumbnails/400/10/0000/0017/A00000017556105ko.jpg?l=ko,3200,3200,0.0,7508,4.7,81,9,6,2,2,0,0,0,1,A000000175561,10000020002
2026-08-16,푸드,46,디다,[체지방루틴] 디다 디다톡 20정(10일분),https://www.oliveyoung.co.kr/store/goods/getGoodsDetail.do?goodsNo=A000000221967,https://image.oliveyoung.co.kr/cfimages/cf-goods/uploads/images/thumbnails/400/10/0000/0022/A00000022196709ko.jpg?l=ko,34900,32100,8.0,339,4.9,91,7,1,0,0,1,1,0,1,A000000221967,10000020002
2026-08-16,푸드,47,옐로욜로,옐로욜로 카카오칩 25g,https://www.oliveyoung.co.kr/store/goods/getGoodsDetail.do?goodsNo=A000000248571,https://image.oliveyoung.co.kr/cfimages/cf-goods/uploads/images/thumbnails/400/10/0000/0024/A00000024857102ko.jpg?l=ko,3000,2250,25.0,22466,4.8,84,9,6,0,0,1,1,0,1,A000000248571,10000020002
2026-08-16,푸드,48,올더베러,[8월올영픽]올더베러 엑스트라 버진 올리브오일 캡슐 30일분(90캡슐),https://www.oliveyoung.co.kr/store/goods/getGoodsDetail.do?goodsNo=A000000245031,https://image.oliveyoung.co.kr/cfimages/cf-goods/uploads/images/thumbnails/400/10/0000/0024/A00000024503109ko.jpg?l=ko,19900,16200,18.6,1407,4.8,88,8,3,0,1,1,1,0,1,A000000245031,10000020002
2026-08-16,푸드,49,낫띵베럴,낫띵베럴 단백질쉐이크 40g 3종 택1 (19곡물 / 딸기라떼 / 초코크런치),https://www.oliveyoung.co.kr/store/goods/getGoodsDetail.do?goodsNo=A000000255476,https://image.oliveyoung.co.kr/cfimages/cf-goods/uploads/images/thumbnails/400/10/0000/0025/A00000025547613ko.jpg?l=ko,2800,1900,32.1,2179,4.8,86,8,4,1,1,1,0,0,1,A000000255476,10000020002
2026-08-16,푸드,50,딜라이트 프로젝트,딜라이트 프로젝트 푸룬 클렌즈샷 180ml,https://www.oliveyoung.co.kr/store/goods/getGoodsDetail.do?goodsNo=A000000205240,https://image.oliveyoung.co.kr/cfimages/cf-goods/uploads/images/thumbnails/400/10/0000/0020/A00000020524019ko.jpg?l=ko,4300,4300,0.0,5989,4.8,84,11,4,1,1,0,0,0,1,A000000205240,10000020002
2026-08-16,푸드,51,티트리트,[리뷰 이벤트] 티트리트 푸룬 딥스트롱 180ml,https://www.oliveyoung.co.kr/store/goods/getGoodsDetail.do?goodsNo=A000000186434,https://image.oliveyoung.co.kr/cfimages/cf-goods/uploads/images/thumbnails/400/10/0000/0018/A00000018643423ko.jpg?l=ko,4500,4500,0.0,14856,4.7,82,10,5,1,1,0,0,0,1,A000000186434,10000020002
2026-08-16,푸드,52,딜라이트 프로젝트,딜라이트 프로젝트 명인 부각 5종 택1 (김부각/연근부각/감자부각),https://www.oliveyoung.co.kr/store/goods/getGoodsDetail.do?goodsNo=A000000205262,https://image.oliveyoung.co.kr/cfimages/cf-goods/uploads/images/thumbnails/400/10/0000/0020/A00000020526235ko.jpg?l=ko,3500,3500,0.0,18755,4.8,86,9,4,1,1,0,0,0,1,A000000205262,10000020002
2026-08-16,푸드,53,리퀴드아이비,[보틀 기획] 리퀴드아이비 하이드레이션 파우더믹스 3종 기획세트 (10개입+워터보틀),https://www.oliveyoung.co.kr/store/goods/getGoodsDetail.do?goodsNo=A000000259146,https://image.oliveyoung.co.kr/cfimages/cf-goods/uploads/images/thumbnails/400/10/0000/0025/A00000025914613ko.png?l=ko,27900,18200,34.8,113,4.9,97,1,1,1,,1,0,0,1,A000000259146,10000020002
2026-08-16,푸드,54,프로티원,[NEW/보틀증정]프로티원 단백질쉐이크 490g 2통 (7종),https://www.oliveyoung.co.kr/store/goods/getGoodsDetail.do?goodsNo=B000000263418,https://image.oliveyoung.co.kr/cfimages/cf-goods/uploads/images/thumbnails/400/10/0000/0026/B00000026341812ko.jpg?l=ko,56900,48900,14.1,105825,4.8,86,9,4,1,1,0,1,0,0,B000000263418,10000020002
2026-08-16,푸드,55,딜라이트 프로젝트,딜라이트 프로젝트 전통간식 모음전 (부각/약과/달고나),https://www.oliveyoung.co.kr/store/goods/getGoodsDetail.do?goodsNo=A000000231575,https://image.oliveyoung.co.kr/cfimages/cf-goods/uploads/images/thumbnails/400/10/0000/0023/A00000023157518ko.jpg?l=ko,2900,2900,0.0,79411,4.8,88,8,3,1,1,0,0,0,1,A000000231575,10000020002
2026-08-16,푸드,56,딜라이트 프로젝트,[8월올영픽]딜라이트 프로젝트 명인 찹쌀오징어채부각 3종 택1 (오리지널/청양마요/스리라차마요),https://www.oliveyoung.co.kr/store/goods/getGoodsDetail.do?goodsNo=A000000216088,https://image.oliveyoung.co.kr/cfimages/cf-goods/uploads/images/thumbnails/400/10/0000/0021/A00000021608825ko.jpg?l=ko,4900,4000,18.4,15345,4.8,87,8,3,1,1,1,1,0,1,A000000216088,10000020002
2026-08-16,푸드,57,포지타노,포지타노 캔디 3종 중 택1,https://www.oliveyoung.co.kr/store/goods/getGoodsDetail.do?goodsNo=A000000170405,https://image.oliveyoung.co.kr/cfimages/cf-goods/uploads/images/thumbnails/400/10/0000/0017/A00000017040517ko.png?l=ko,9300,7990,14.1,34180,4.9,90,8,2,0,0,1,1,0,1,A000000170405,10000020002
2026-08-16,푸드,58,딜라이트 프로젝트,딜라이트 프로젝트 초콜릿 프레첼&빨미까레 택1,https://www.oliveyoung.co.kr/store/goods/getGoodsDetail.do?goodsNo=A000000212572,https://image.oliveyoung.co.kr/cfimages/cf-goods/uploads/images/thumbnails/400/10/0000/0021/A00000021257216ko.jpg?l=ko,2200,1900,13.6,25678,4.7,83,10,5,1,1,1,0,0,1,A000000212572,10000020002
2026-08-16,푸드,59,랩노쉬,[새로운맛 출시] 랩노쉬 프로틴 드링크 퍼펙트 350ml 4종 택1,https://www.oliveyoung.co.kr/store/goods/getGoodsDetail.do?goodsNo=A000000250088,https://image.oliveyoung.co.kr/cfimages/cf-goods/uploads/images/thumbnails/400/10/0000/0025/A00000025008820ko.jpg?l=ko,3800,3800,0.0,1021,4.9,93,5,2,0,1,0,0,0,1,A000000250088,10000020002
2026-08-16,푸드,60,DJ&A,[품절대란] 디제이앤에이 시타케 머쉬룸 크리스프 오리지널 65g,https://www.oliveyoung.co.kr/store/goods/getGoodsDetail.do?goodsNo=A000000241882,https://image.oliveyoung.co.kr/cfimages/cf-goods/uploads/images/thumbnails/400/10/0000/0024/A00000024188201ko.jpg?l=ko,8900,8900,0.0,263,4.7,86,6,5,1,2,0,0,0,1,A000000241882,10000020002
2026-08-16,푸드,61,딜라이트 프로젝트,딜라이트 프로젝트 베이크드 스낵 모음(크루아상칩/베이글칩),https://www.oliveyoung.co.kr/store/goods/getGoodsDetail.do?goodsNo=A000000262395,https://image.oliveyoung.co.kr/cfimages/cf-goods/uploads/images/thumbnails/400/10/0000/0026/A00000026239562ko.jpg?l=ko,4900,3900,20.4,110221,4.8,88,7,4,0,0,1,1,0,1,A000000262395,10000020002
2026-08-16,푸드,62,딜라이트 프로젝트,딜라이트 프로젝트 명인 찹쌀감자부각 2종 택1 (토마토바질/대파크림치즈),https://www.oliveyoung.co.kr/store/goods/getGoodsDetail.do?goodsNo=A000000235119,https://image.oliveyoung.co.kr/cfimages/cf-goods/uploads/images/thumbnails/400/10/0000/0023/A00000023511916ko.jpg?l=ko,3500,3500,0.0,15978,4.8,85,10,4,1,1,0,0,0,1,A000000235119,10000020002
2026-08-16,푸드,63,DJ&A,[호주야채칩] 디제이앤에이 골라담기(야채/버섯/감자/브로콜리/믹스/저키),https://www.oliveyoung.co.kr/store/goods/getGoodsDetail.do?goodsNo=A000000242185,https://image.oliveyoung.co.kr/cfimages/cf-goods/uploads/images/thumbnails/400/10/0000/0024/A00000024218503ko.jpg?l=ko,8900,6900,22.5,1016,4.7,82,9,5,1,2,1,0,0,1,A000000242185,10000020002
2026-08-16,푸드,64,티트리트,[리뷰 이벤트] [무카페인] 티트리트 여우티 호박팥차 22T,https://www.oliveyoung.co.kr/store/goods/getGoodsDetail.do?goodsNo=A000000145744,https://image.oliveyoung.co.kr/cfimages/cf-goods/uploads/images/thumbnails/400/10/0000/0014/A00000014574411ko.jpg?l=ko,13200,9810,25.7,9883,4.8,88,9,2,0,0,1,1,0,1,A000000145744,10000020002
2026-08-16,푸드,65,모모스커피,모모스커피 드립백 대용량 시그니처블렌드 (50개입) 2종 중 택1,https://www.oliveyoung.co.kr/store/goods/getGoodsDetail.do?goodsNo=A000000245841,https://image.oliveyoung.co.kr/cfimages/cf-goods/uploads/images/thumbnails/400/10/0000/0024/A00000024584103ko.png?l=ko,55000,55000,0.0,12,4.9,92,8,,,,0,0,0,1,A000000245841,10000020002
2026-08-16,푸드,66,올더베러,올더베러 그래놀라 바이트 3종 택1,https://www.oliveyoung.co.kr/store/goods/getGoodsDetail.do?goodsNo=A000000245885,https://image.oliveyoung.co.kr/cfimages/cf-goods/uploads/images/thumbnails/400/10/0000/0024/A00000024588508ko.jpg?l=ko,3900,3900,0.0,4063,4.8,90,6,2,1,1,0,0,0,1,A000000245885,10000020002
2026-08-16,푸드,67,플라이밀,플라이밀 파로 오트밀 200g (닭죽맛/김치참치맛),https://www.oliveyoung.co.kr/store/goods/getGoodsDetail.do?goodsNo=A000000250116,https://image.oliveyoung.co.kr/cfimages/cf-goods/uploads/images/thumbnails/400/10/0000/0025/A00000025011603ko.jpg?l=ko,6500,4500,30.8,86,4.8,86,9,3,,1,1,1,0,1,A000000250116,10000020002
2026-08-16,푸드,68,올더베러,[8월올영픽]올더베러 엑스트라 버진 올리브오일 캡슐 (1일분/14일분/30일분/120일분),https://www.oliveyoung.co.kr/store/goods/getGoodsDetail.do?goodsNo=A000000255155,https://image.oliveyoung.co.kr/cfimages/cf-goods/uploads/images/thumbnails/400/10/0000/0025/A00000025515517ko.jpg?l=ko,19900,16200,18.6,1738,4.8,88,8,3,0,1,1,1,0,1,A000000255155,10000020002
2026-08-16,푸드,69,크라운,크라운 마이쮸 스틱 토마토 44g,https://www.oliveyoung.co.kr/store/goods/getGoodsDetail.do?goodsNo=A000000254302,https://image.oliveyoung.co.kr/cfimages/cf-goods/uploads/images/thumbnails/400/10/0000/0025/A00000025430202ko.jpg?l=ko,1000,800,20.0,14297,4.7,83,8,5,1,2,1,1,0,1,A000000254302,10000020002
2026-08-16,푸드,70,알디콤,[1+1]알디콤 Plus 숙취해소제 21ml 4포입,https://www.oliveyoung.co.kr/store/goods/getGoodsDetail.do?goodsNo=A000000227457,https://image.oliveyoung.co.kr/cfimages/cf-goods/uploads/images/thumbnails/400/10/0000/0022/A00000022745734ko.jpg?l=ko,17300,15570,10.0,3548,4.9,95,5,0,,0,0,1,0,1,A000000227457,10000020002
2026-08-16,푸드,71,테일러,테일러 푸룬 농축 딥워터 180ml,https://www.oliveyoung.co.kr/store/goods/getGoodsDetail.do?goodsNo=A000000115097,https://image.oliveyoung.co.kr/cfimages/cf-goods/uploads/images/thumbnails/400/10/0000/0011/A00000011509716ko.jpg?l=ko,4500,4050,10.0,63456,4.8,87,9,3,1,1,1,0,0,1,A000000115097,10000020002
2026-08-16,푸드,72,클룹,[콜라/자두 출시] 클룹 애사비소다 13종 택 1,https://www.oliveyoung.co.kr/store/goods/getGoodsDetail.do?goodsNo=A000000235239,https://image.oliveyoung.co.kr/cfimages/cf-goods/uploads/images/thumbnails/400/10/0000/0023/A00000023523929ko.jpg?l=ko,2500,2500,0.0,12892,4.9,93,5,2,0,0,0,0,0,1,A000000235239,10000020002
2026-08-16,푸드,73,맘메이크,맘메이크 진한단백 500g 3종 택1,https://www.oliveyoung.co.kr/store/goods/getGoodsDetail.do?goodsNo=A000000261719,https://image.oliveyoung.co.kr/cfimages/cf-goods/uploads/images/thumbnails/400/10/0000/0026/A00000026171905ko.jpg?l=ko,40000,36000,10.0,0,0.0,,,,,,1,0,0,1,A000000261719,10000020002
2026-08-16,푸드,74,딜라이트 프로젝트,딜라이트 프로젝트 데일리 헬시스낵 택1 (파스타칩/감자부각/프로틴칩),https://www.oliveyoung.co.kr/store/goods/getGoodsDetail.do?goodsNo=A000000238536,https://image.oliveyoung.co.kr/cfimages/cf-goods/uploads/images/thumbnails/400/10/0000/0023/A00000023853636ko.jpg?l=ko,2900,2900,0.0,50619,4.8,85,9,4,1,1,0,0,0,1,A000000238536,10000020002
2026-08-16,푸드,75,티트리트,티트리트 여우티 호박팥차 PET 500ml,https://www.oliveyoung.co.kr/store/goods/getGoodsDetail.do?goodsNo=A000000142659,https://image.oliveyoung.co.kr/cfimages/cf-goods/uploads/images/thumbnails/400/10/0000/0014/A00000014265906ko.jpg?l=ko,2000,1800,10.0,12923,4.9,92,6,2,0,0,0,1,0,1,A000000142659,10000020002
2026-08-16,푸드,76,압타밀,압타밀 프로푸트라 듀오어드밴스 3종 중 택1 (1~3단계),https://www.oliveyoung.co.kr/store/goods/getGoodsDetail.do?goodsNo=B000000164622,https://image.oliveyoung.co.kr/cfimages/cf-goods/uploads/images/thumbnails/400/10/0000/0016/B00000016462206ko.png?l=ko,47500,47500,0.0,1073,4.9,92,8,0,,0,0,0,0,0,B000000164622,10000020002
2026-08-16,푸드,77,아리울떡공방,아리울떡공방 굳지않는 떡 1kg 골라잡기,https://www.oliveyoung.co.kr/store/goods/getGoodsDetail.do?goodsNo=B000000261845,https://image.oliveyoung.co.kr/cfimages/cf-goods/uploads/images/thumbnails/400/10/0000/0026/B00000026184510ko.jpg?l=ko,9700,7900,18.6,1,5.0,100,,,,,0,1,0,0,B000000261845,10000020002
2026-08-16,푸드,78,더단백,"빙그레 더단백 팝칩 3종(군옥수수, 매콤살사, 허니갈릭) 택 1",https://www.oliveyoung.co.kr/store/goods/getGoodsDetail.do?goodsNo=A000000186026,https://image.oliveyoung.co.kr/cfimages/cf-goods/uploads/images/thumbnails/400/10/0000/0018/A00000018602637ko.png?l=ko,2500,2500,0.0,44349,4.9,90,7,2,0,0,0,0,0,1,A000000186026,10000020002
2026-08-16,푸드,79,락토핏,락토조이 오늘비움 스트롱 80ml,https://www.oliveyoung.co.kr/store/goods/getGoodsDetail.do?goodsNo=A000000210633,https://image.oliveyoung.co.kr/cfimages/cf-goods/uploads/images/thumbnails/400/10/0000/0021/A00000021063302ko.jpg?l=ko,4800,4560,5.0,2153,4.6,79,10,7,2,3,0,1,0,1,A000000210633,10000020002
2026-08-16,푸드,80,익스트림,익스트림 단백질 슬림 쉐이크 45g 3종 택1,https://www.oliveyoung.co.kr/store/goods/getGoodsDetail.do?goodsNo=A000000230340,https://image.oliveyoung.co.kr/cfimages/cf-goods/uploads/images/thumbnails/400/10/0000/0023/A00000023034019ko.jpg?l=ko,3900,3900,0.0,7356,4.9,94,4,2,0,0,0,0,0,1,A000000230340,10000020002
2026-08-16,푸드,81,글로쉬,글로틴 뷰티 프로틴쉐이크 2종 택 1 (초코/말차),https://www.oliveyoung.co.kr/store/goods/getGoodsDetail.do?goodsNo=A000000241713,https://image.oliveyoung.co.kr/cfimages/cf-goods/uploads/images/thumbnails/400/10/0000/0024/A00000024171308ko.png?l=ko,4600,4600,0.0,1057,5.0,97,2,1,0,0,0,0,0,1,A000000241713,10000020002
2026-08-16,푸드,82,티퍼런스,[NEW/무카페인] 티퍼런스 반쪽티 V-SHOT 12개입 2종(호박차/꿀녹차),https://www.oliveyoung.co.kr/store/goods/getGoodsDetail.do?goodsNo=A000000255832,https://image.oliveyoung.co.kr/cfimages/cf-goods/uploads/images/thumbnails/400/10/0000/0025/A00000025583221ko.jpg?l=ko,8900,7500,15.7,1232,4.9,92,5,2,0,0,1,1,0,1,A000000255832,10000020002
2026-08-16,푸드,83,베어벨스,베어벨스 밀크쉐이크 330ml 스트로베리향,https://www.oliveyoung.co.kr/store/goods/getGoodsDetail.do?goodsNo=A000000245716,https://image.oliveyoung.co.kr/cfimages/cf-goods/uploads/images/thumbnails/400/10/0000/0024/A00000024571604ko.jpg?l=ko,5500,4900,10.9,28,4.9,93,4,4,,,1,0,0,1,A000000245716,10000020002
2026-08-16,푸드,84,테라로사,테라로사 디카페인 핫브루 액상 스틱커피 10개입,https://www.oliveyoung.co.kr/store/goods/getGoodsDetail.do?goodsNo=A000000247175,https://image.oliveyoung.co.kr/cfimages/cf-goods/uploads/images/thumbnails/400/10/0000/0024/A00000024717505ko.png?l=ko,16000,13600,15.0,13,4.8,85,8,8,,,1,1,0,1,A000000247175,10000020002
2026-08-16,푸드,85,프로티원,"프로티원 단백질 칩 40g 2종 (구운양파맛, 매운새우맛)",https://www.oliveyoung.co.kr/store/goods/getGoodsDetail.do?goodsNo=A000000262808,https://image.oliveyoung.co.kr/cfimages/cf-goods/uploads/images/thumbnails/400/10/0000/0026/A00000026280813ko.jpg?l=ko,3900,3900,0.0,246,4.7,83,8,4,2,2,0,0,0,1,A000000262808,10000020002
2026-08-16,푸드,86,니아르,[포켓몬 에디션] 니아르 가르시니아 14+6정 기획 (+미니하트괄사 랜덤 증정),https://www.oliveyoung.co.kr/store/goods/getGoodsDetail.do?goodsNo=A000000229159,https://image.oliveyoung.co.kr/cfimages/cf-goods/uploads/images/thumbnails/400/10/0000/0022/A00000022915917ko.jpg?l=ko,24900,13500,45.8,2472,4.7,79,13,5,1,2,1,1,0,1,A000000229159,10000020002
2026-08-16,푸드,87,매일유업,"퓨어틴 프로틴 쉐이크 330ml 2종 택1(초코, 커피)",https://www.oliveyoung.co.kr/store/goods/getGoodsDetail.do?goodsNo=A000000263160,https://image.oliveyoung.co.kr/cfimages/cf-goods/uploads/images/thumbnails/400/10/0000/0026/A00000026316002ko.jpg?l=ko,5900,5900,0.0,104,5.0,97,3,,,,0,0,0,1,A000000263160,10000020002
2026-08-16,푸드,88,딜라이트 프로젝트,딜라이트 프로젝트 베이글칩 대용량 125g 2종 택1,https://www.oliveyoung.co.kr/store/goods/getGoodsDetail.do?goodsNo=A000000192363,https://image.oliveyoung.co.kr/cfimages/cf-goods/uploads/images/thumbnails/400/10/0000/0019/A00000019236312ko.jpg?l=ko,5600,3200,42.9,24137,4.9,93,5,1,0,0,1,1,0,1,A000000192363,10000020002
2026-08-16,푸드,89,올더베러,[온라인 단독]올더베러 마녀스프 5개입 3종 택1,https://www.oliveyoung.co.kr/store/goods/getGoodsDetail.do?goodsNo=A000000253533,https://image.oliveyoung.co.kr/cfimages/cf-goods/uploads/images/thumbnails/400/10/0000/0025/A00000025353319ko.jpg?l=ko,23900,20900,12.6,1387,4.9,89,8,2,0,0,1,1,1,1,A000000253533,10000020002
2026-08-16,푸드,90,테일러,테일러라이프 무쿠무쿠브이 180ml,https://www.oliveyoung.co.kr/store/goods/getGoodsDetail.do?goodsNo=A000000261503,https://image.oliveyoung.co.kr/cfimages/cf-goods/uploads/images/thumbnails/400/10/0000/0026/A00000026150305ko.jpg?l=ko,2900,2900,0.0,48,4.9,94,4,,2,,0,0,0,1,A000000261503,10000020002
2026-08-16,푸드,91,단백하니,[베러PICK] 단백하니 프로틴바 4종 택1 (초코/말차초코/피넛버터/피스타치오 더블초코),https://www.oliveyoung.co.kr/store/goods/getGoodsDetail.do?goodsNo=A000000226549,https://image.oliveyoung.co.kr/cfimages/cf-goods/uploads/images/thumbnails/400/10/0000/0022/A00000022654996ko.jpg?l=ko,2900,2590,10.7,20058,4.7,81,10,6,1,2,0,1,1,1,A000000226549,10000020002
2026-08-16,푸드,92,위시어,위시어 리얼크리스피 프로틴바 마카다미아초코,https://www.oliveyoung.co.kr/store/goods/getGoodsDetail.do?goodsNo=A000000252571,https://image.oliveyoung.co.kr/cfimages/cf-goods/uploads/images/thumbnails/400/10/0000/0025/A00000025257105ko.jpg?l=ko,3300,3300,0.0,1691,4.8,89,6,3,1,1,0,0,0,1,A000000252571,10000020002
2026-08-16,푸드,93,홀베리,홀베리 유기농 레몬 시리즈 5종 택1(기획팩/레몬/레몬토마토/레몬자몽/레몬생강),https://www.oliveyoung.co.kr/store/goods/getGoodsDetail.do?goodsNo=A000000229821,https://image.oliveyoung.co.kr/cfimages/cf-goods/uploads/images/thumbnails/400/10/0000/0022/A00000022982141ko.jpg?l=ko,6000,5100,15.0,5806,4.8,86,10,3,1,0,1,1,0,1,A000000229821,10000020002
2026-08-16,푸드,94,딜라이트 프로젝트,딜라이트 프로젝트 프레첼 3종 택1,https://www.oliveyoung.co.kr/store/goods/getGoodsDetail.do?goodsNo=A000000147782,https://image.oliveyoung.co.kr/cfimages/cf-goods/uploads/images/thumbnails/400/10/0000/0014/A00000014778239ko.jpg?l=ko,2400,2400,0.0,44335,4.9,90,7,2,0,0,0,0,0,1,A000000147782,10000020002
2026-08-16,푸드,95,뉴케어,뉴케어 당플랜 인절미맛 200ml 24팩,https://www.oliveyoung.co.kr/store/goods/getGoodsDetail.do?goodsNo=B000000223818,https://image.oliveyoung.co.kr/cfimages/cf-goods/uploads/images/thumbnails/400/10/0000/0022/B00000022381817ko.jpg?l=ko,47900,47900,0.0,24,5.0,100,,,,,0,0,0,0,B000000223818,10000020002
2026-08-16,푸드,96,에치와이,에치와이 갓비움 100ml 2종 택1(오리지날/푸룬),https://www.oliveyoung.co.kr/store/goods/getGoodsDetail.do?goodsNo=A000000207486,https://image.oliveyoung.co.kr/cfimages/cf-goods/uploads/images/thumbnails/400/10/0000/0020/A00000020748612ko.png?l=ko,3900,3900,0.0,22357,4.7,85,9,4,1,1,0,0,0,1,A000000207486,10000020002
2026-08-16,푸드,97,푸드올로지,푸드올로지 헤이 그로우 40g,https://www.oliveyoung.co.kr/store/goods/getGoodsDetail.do?goodsNo=A000000257463,https://image.oliveyoung.co.kr/cfimages/cf-goods/uploads/images/thumbnails/400/10/0000/0025/A00000025746301ko.jpg?l=ko,3900,3900,0.0,47,4.8,87,9,2,,2,0,0,0,1,A000000257463,10000020002
2026-08-16,푸드,98,딜라이트 프로젝트,[8월올영픽]딜라이트 프로젝트 과일칩 모음전,https://www.oliveyoung.co.kr/store/goods/getGoodsDetail.do?goodsNo=A000000156092,https://image.oliveyoung.co.kr/cfimages/cf-goods/uploads/images/thumbnails/400/10/0000/0015/A00000015609238ko.jpg?l=ko,11900,7900,33.6,19596,4.7,84,10,4,1,1,1,0,0,1,A000000156092,10000020002
2026-08-16,푸드,99,딜라이트 프로젝트,[8월올영픽]딜라이트 프로젝트 쫀득한 말랭이 대용량 3종 택1(군고구마/망고/복숭아),https://www.oliveyoung.co.kr/store/goods/getGoodsDetail.do?goodsNo=A000000209316,https://image.oliveyoung.co.kr/cfimages/cf-goods/uploads/images/thumbnails/400/10/0000/0020/A00000020931644ko.jpg?l=ko,9600,6500,32.3,12953,4.8,88,8,3,1,1,1,1,0,1,A000000209316,10000020002
2026-08-16,푸드,100,티젠,"티젠 티오마카세 와플 2종(말차, 얼그레이 아몬드) 110g",https://www.oliveyoung.co.kr/store/goods/getGoodsDetail.do?goodsNo=A000000247897,https://image.oliveyoung.co.kr/cfimages/cf-goods/uploads/images/thumbnails/400/10/0000/0024/A00000024789708ko.jpg?l=ko,6900,3680,46.7,1274,4.7,81,10,6,2,1,1,1,0,1,A000000247897,10000020002
2026-08-16,구강용품,1,테라브레스,[단독기획] 테라브레스 오랄린스 패밀리 사이즈 2종 택1 (본품 1L+150ml 추가 증정),https://www.oliveyoung.co.kr/store/goods/getGoodsDetail.do?goodsNo=A000000158539,https://image.oliveyoung.co.kr/cfimages/cf-goods/uploads/images/thumbnails/400/10/0000/0015/A00000015853911ko.jpg?l=ko,25900,25900,0.0,15004,4.9,92,6,1,0,0,0,0,0,1,A000000158539,10000020003
2026-08-16,구강용품,2,유시몰,[한정수량 피치 에디션] 유시몰 여행용 칫솔 세트 (+미니 피치 혀클리너),https://www.oliveyoung.co.kr/store/goods/getGoodsDetail.do?goodsNo=A000000257762,https://image.oliveyoung.co.kr/cfimages/cf-goods/uploads/images/thumbnails/400/10/0000/0025/A00000025776217ko.jpg?l=ko,9900,7500,24.2,7403,4.8,88,9,2,0,0,1,1,0,1,A000000257762,10000020003
2026-08-16,구강용품,3,퓨리븐,[SNS대란템/올영최초런칭] 퓨리븐 퍼플 가루 보색치약 40g,https://www.oliveyoung.co.kr/store/goods/getGoodsDetail.do?goodsNo=A000000257324,https://image.oliveyoung.co.kr/cfimages/cf-goods/uploads/images/thumbnails/400/10/0000/0025/A00000025732406ko.jpg?l=ko,24800,24800,0.0,632,4.7,79,12,6,1,1,0,0,0,1,A000000257324,10000020003
2026-08-16,구강용품,4,유시몰,[한정수량 피치 에디션] 유시몰 피치 화이트닝 치약 106g (+하트 괄사),https://www.oliveyoung.co.kr/store/goods/getGoodsDetail.do?goodsNo=A000000257755,https://image.oliveyoung.co.kr/cfimages/cf-goods/uploads/images/thumbnails/400/10/0000/0025/A00000025775516ko.jpg?l=ko,15900,12200,23.3,7368,4.6,75,15,8,1,1,1,1,0,1,A000000257755,10000020003
2026-08-16,구강용품,5,유시몰,[한정수량 피치 에디션] 유시몰 피치 마우스 스프레이 15mL 더블기획,https://www.oliveyoung.co.kr/store/goods/getGoodsDetail.do?goodsNo=A000000257757,https://image.oliveyoung.co.kr/cfimages/cf-goods/uploads/images/thumbnails/400/10/0000/0025/A00000025775712ko.jpg?l=ko,17800,12200,31.5,482,4.6,77,11,8,2,2,1,1,0,1,A000000257757,10000020003
2026-08-16,구강용품,6,덴티스테,[대용량/불소 포함] 덴티스테 플러스화이트 프로 치약 튜브 160g 3종 택1,https://www.oliveyoung.co.kr/store/goods/getGoodsDetail.do?goodsNo=A000000236423,https://image.oliveyoung.co.kr/cfimages/cf-goods/uploads/images/thumbnails/400/10/0000/0023/A00000023642307ko.png?l=ko,17300,10900,37.0,3214,4.8,89,8,3,0,0,1,1,0,1,A000000236423,10000020003
2026-08-16,구강용품,7,가그린,듀오버스터 더블 민트볼 30입,https://www.oliveyoung.co.kr/store/goods/getGoodsDetail.do?goodsNo=A000000222374,https://image.oliveyoung.co.kr/cfimages/cf-goods/uploads/images/thumbnails/400/10/0000/0022/A00000022237428ko.jpg?l=ko,8900,6900,22.5,19978,4.8,87,9,3,1,1,1,0,1,1,A000000222374,10000020003
2026-08-16,구강용품,8,덴티스테,덴티스테 후레쉬 브레스 스프레이 15ml,https://www.oliveyoung.co.kr/store/goods/getGoodsDetail.do?goodsNo=A000000103540,https://image.oliveyoung.co.kr/cfimages/cf-goods/uploads/images/thumbnails/400/10/0000/0010/A00000010354022ko.jpg?l=ko,9900,7800,21.2,66083,4.9,90,8,2,0,0,1,0,0,1,A000000103540,10000020003
2026-08-16,구강용품,9,라덴스,[백태순삭] 라덴스 베럴 혀클리너 4종 (더블기획/단품),https://www.oliveyoung.co.kr/store/goods/getGoodsDetail.do?goodsNo=A000000159233,https://image.oliveyoung.co.kr/cfimages/cf-goods/uploads/images/thumbnails/400/10/0000/0015/A00000015923334ko.jpg?l=ko,9900,8910,10.0,29331,4.8,87,9,3,0,0,1,0,0,1,A000000159233,10000020003
2026-08-16,구강용품,10,라이브오랄스,[올영단독/NEW] 라이브오랄스 치아미백제+미백치약 화이트닝 끝장세트(4주분),https://www.oliveyoung.co.kr/store/goods/getGoodsDetail.do?goodsNo=A000000261834,https://image.oliveyoung.co.kr/cfimages/cf-goods/uploads/images/thumbnails/400/10/0000/0026/A00000026183401ko.png?l=ko,32500,29900,8.0,5478,4.5,72,16,9,2,2,1,0,0,1,A000000261834,10000020003
2026-08-16,구강용품,11,닥터텅스,닥터텅스 스마트 치실 2입 기획,https://www.oliveyoung.co.kr/store/goods/getGoodsDetail.do?goodsNo=A000000203049,https://image.oliveyoung.co.kr/cfimages/cf-goods/uploads/images/thumbnails/400/10/0000/0020/A00000020304961ko.jpg?l=ko,12800,11800,7.8,25298,4.9,91,7,2,0,0,1,0,0,1,A000000203049,10000020003
2026-08-16,구강용품,12,페리오,페리오 화이트나우 미백 패치 일주일팩(14p),https://www.oliveyoung.co.kr/store/goods/getGoodsDetail.do?goodsNo=A000000149866,https://image.oliveyoung.co.kr/cfimages/cf-goods/uploads/images/thumbnails/400/10/0000/0014/A00000014986601ko.jpg?l=ko,22500,12500,44.4,10203,4.6,73,18,7,1,1,1,1,1,1,A000000149866,10000020003
2026-08-16,구강용품,13,유시몰,유시몰 화이트닝 퍼플코렉터 치약 106g,https://www.oliveyoung.co.kr/store/goods/getGoodsDetail.do?goodsNo=A000000199329,https://image.oliveyoung.co.kr/cfimages/cf-goods/uploads/images/thumbnails/400/10/0000/0019/A00000019932952ko.jpg?l=ko,16900,13400,20.7,9518,4.6,75,14,8,2,1,1,1,0,1,A000000199329,10000020003
2026-08-16,구강용품,14,콜게이트,[고불소] 콜게이트 프로텍션 치약 100g 기획/단품 2종 택1 (레귤러/쿨민트),https://www.oliveyoung.co.kr/store/goods/getGoodsDetail.do?goodsNo=A000000151959,https://image.oliveyoung.co.kr/cfimages/cf-goods/uploads/images/thumbnails/400/10/0000/0015/A00000015195908ko.jpg?l=ko,12900,12900,0.0,30177,4.9,90,7,2,0,0,0,0,0,1,A000000151959,10000020003
2026-08-16,구강용품,15,유시몰,유시몰 브레쓰 민트볼 20입,https://www.oliveyoung.co.kr/store/goods/getGoodsDetail.do?goodsNo=A000000199340,https://image.oliveyoung.co.kr/cfimages/cf-goods/uploads/images/thumbnails/400/10/0000/0019/A00000019934030ko.jpg?l=ko,7900,5900,25.3,10492,4.6,78,12,7,2,1,1,1,0,1,A000000199340,10000020003
2026-08-16,구강용품,16,노도르,[불소 포함] 노도르 고체가글 6종 택1 (스트롱민트/딸기/피치/레몬/라임/오리지널),https://www.oliveyoung.co.kr/store/goods/getGoodsDetail.do?goodsNo=A000000236918,https://image.oliveyoung.co.kr/cfimages/cf-goods/uploads/images/thumbnails/400/10/0000/0023/A00000023691827ko.jpg?l=ko,12900,10900,15.5,5890,4.7,79,12,6,2,1,1,1,0,1,A000000236918,10000020003
2026-08-16,구강용품,17,닥터텅스,닥터텅스 구역질 없는 스텐 혀클리너 (+파우치 증정) (색상 랜덤),https://www.oliveyoung.co.kr/store/goods/getGoodsDetail.do?goodsNo=A000000111272,https://image.oliveyoung.co.kr/cfimages/cf-goods/uploads/images/thumbnails/400/10/0000/0011/A00000011127275ko.jpg?l=ko,11400,9980,12.5,13291,4.8,85,11,4,1,0,1,0,0,1,A000000111272,10000020003
2026-08-16,구강용품,18,덴티스테,[NEW] 덴티스테 플러스화이트 프로 치약 100g 기획 (+어드밴스드케어 칫솔),https://www.oliveyoung.co.kr/store/goods/getGoodsDetail.do?goodsNo=A000000255522,https://image.oliveyoung.co.kr/cfimages/cf-goods/uploads/images/thumbnails/400/10/0000/0025/A00000025552202ko.png?l=ko,11500,8900,22.6,2766,4.9,91,6,2,0,0,1,0,0,1,A000000255522,10000020003
2026-08-16,구강용품,19,테라브레스,테라브레스 오랄린스 473ml 5종 택1,https://www.oliveyoung.co.kr/store/goods/getGoodsDetail.do?goodsNo=A000000157075,https://image.oliveyoung.co.kr/cfimages/cf-goods/uploads/images/thumbnails/400/10/0000/0015/A00000015707511ko.jpg?l=ko,14900,13900,6.7,9280,4.8,88,9,2,0,0,1,0,0,1,A000000157075,10000020003
2026-08-16,구강용품,20,투스잇,[NEW] 투스잇 5in1 일회용 칫솔 민트향/피치향 10개입,https://www.oliveyoung.co.kr/store/goods/getGoodsDetail.do?goodsNo=A000000259959,https://image.oliveyoung.co.kr/cfimages/cf-goods/uploads/images/thumbnails/400/10/0000/0025/A00000025995903ko.jpg?l=ko,9900,8800,11.1,70,4.9,96,,4,,,1,0,0,1,A000000259959,10000020003
2026-08-16,구강용품,21,자일리톨스톤,자일리톨스톤 구강 캔디 70g (오리지널/레몬/페퍼민트),https://www.oliveyoung.co.kr/store/goods/getGoodsDetail.do?goodsNo=A000000191213,https://image.oliveyoung.co.kr/cfimages/cf-goods/uploads/images/thumbnails/400/10/0000/0019/A00000019121301ko.jpg?l=ko,7200,7200,0.0,5380,4.8,85,10,4,1,1,0,0,0,1,A000000191213,10000020003
2026-08-16,구강용품,22,센소다인,[불소 포함] 센소다인 치약 6종 택1,https://www.oliveyoung.co.kr/store/goods/getGoodsDetail.do?goodsNo=A000000245074,https://image.oliveyoung.co.kr/cfimages/cf-goods/uploads/images/thumbnails/400/10/0000/0024/A00000024507413ko.jpg?l=ko,7400,6400,13.5,23035,4.8,86,11,3,0,0,1,0,0,1,A000000245074,10000020003
2026-08-16,구강용품,23,테라브레스,테라브레스 오랄린스 아이시민트 패밀리사이즈 1L (본품1L+150ml 추가 증정),https://www.oliveyoung.co.kr/store/goods/getGoodsDetail.do?goodsNo=A000000158537,https://image.oliveyoung.co.kr/cfimages/cf-goods/uploads/images/thumbnails/400/10/0000/0015/A00000015853701ko.jpg?l=ko,25900,24900,3.9,1492,4.9,91,7,1,0,0,1,0,0,1,A000000158537,10000020003
2026-08-16,구강용품,24,덴티스테,덴티스테 민트볼 20입,https://www.oliveyoung.co.kr/store/goods/getGoodsDetail.do?goodsNo=A000000157016,https://image.oliveyoung.co.kr/cfimages/cf-goods/uploads/images/thumbnails/400/10/0000/0015/A00000015701633ko.jpg?l=ko,6900,5800,15.9,49198,4.8,87,9,3,0,0,1,0,0,1,A000000157016,10000020003
2026-08-16,구강용품,25,유시몰,유시몰 클래식 혀클리너,https://www.oliveyoung.co.kr/store/goods/getGoodsDetail.do?goodsNo=A000000201886,https://image.oliveyoung.co.kr/cfimages/cf-goods/uploads/images/thumbnails/400/10/0000/0020/A00000020188607ko.jpg?l=ko,9900,8900,10.1,4291,4.7,84,10,5,1,1,1,0,0,1,A000000201886,10000020003
2026-08-16,구강용품,26,큐라덴,[고불소] 큐라덴 큐라프록스 엔자이칼 치약 1450,https://www.oliveyoung.co.kr/store/goods/getGoodsDetail.do?goodsNo=A000000166385,https://image.oliveyoung.co.kr/cfimages/cf-goods/uploads/images/thumbnails/400/10/0000/0016/A00000016638506ko.jpg?l=ko,12000,12000,0.0,1649,4.8,82,12,4,0,1,0,0,0,1,A000000166385,10000020003
2026-08-16,구강용품,27,루치펠로,[최유정 PICK /고불소/NEW] 루치펠로 유칼립투스 앤 민트/라임 앤 씨솔트 치약 105g,https://www.oliveyoung.co.kr/store/goods/getGoodsDetail.do?goodsNo=A000000262623,https://image.oliveyoung.co.kr/cfimages/cf-goods/uploads/images/thumbnails/400/10/0000/0026/A00000026262313ko.jpg?l=ko,11900,7510,36.9,318,5.0,96,4,,,,1,1,1,1,A000000262623,10000020003
2026-08-16,구강용품,28,리브러쉬,[레오제이 공동개발] 리브러쉬 농축가글액 5종 (복숭아/포도/청사과/클로브/티트리),https://www.oliveyoung.co.kr/store/goods/getGoodsDetail.do?goodsNo=A000000248332,https://image.oliveyoung.co.kr/cfimages/cf-goods/uploads/images/thumbnails/400/10/0000/0024/A00000024833211ko.jpg?l=ko,18900,15900,15.9,2350,4.8,87,9,3,1,1,1,0,0,1,A000000248332,10000020003
2026-08-16,구강용품,29,루치펠로,루치펠로 7도 칫솔 4입 2종 택1,https://www.oliveyoung.co.kr/store/goods/getGoodsDetail.do?goodsNo=A000000161741,https://image.oliveyoung.co.kr/cfimages/cf-goods/uploads/images/thumbnails/400/10/0000/0016/A00000016174108ko.jpg?l=ko,16500,9610,41.8,13833,4.8,86,10,3,0,0,1,1,0,1,A000000161741,10000020003
2026-08-16,구강용품,30,덴트릭스,뷰티풀링 오일가글 에메랄드민트 280ml,https://www.oliveyoung.co.kr/store/goods/getGoodsDetail.do?goodsNo=A000000230346,https://image.oliveyoung.co.kr/cfimages/cf-goods/uploads/images/thumbnails/400/10/0000/0023/A00000023034602ko.png?l=ko,19800,9900,50.0,34,4.9,88,9,3,,,1,0,0,1,A000000230346,10000020003
2026-08-16,구강용품,31,콜게이트,[고불소] 콜게이트 프로텍션 레귤러 / 쿨민트 100g,https://www.oliveyoung.co.kr/store/goods/getGoodsDetail.do?goodsNo=A000000240812,https://image.oliveyoung.co.kr/cfimages/cf-goods/uploads/images/thumbnails/400/10/0000/0024/A00000024081203ko.jpg?l=ko,4300,3300,23.3,8311,4.9,93,5,2,0,0,1,0,0,1,A000000240812,10000020003
2026-08-16,구강용품,32,베러데이,[치아미백] 칸디데 화이트케어 치약 100g,https://www.oliveyoung.co.kr/store/goods/getGoodsDetail.do?goodsNo=A000000231639,https://image.oliveyoung.co.kr/cfimages/cf-goods/uploads/images/thumbnails/400/10/0000/0023/A00000023163902ko.jpg?l=ko,13000,13000,0.0,791,4.7,83,11,5,1,1,0,0,0,1,A000000231639,10000020003
2026-08-16,구강용품,33,플랙커스,플랙커스 마이크로민트 치실 (36개입/90개입),https://www.oliveyoung.co.kr/store/goods/getGoodsDetail.do?goodsNo=A000000173421,https://image.oliveyoung.co.kr/cfimages/cf-goods/uploads/images/thumbnails/400/10/0000/0017/A00000017342108ko.jpg?l=ko,4100,3400,17.1,6507,4.9,89,8,2,0,0,1,0,0,1,A000000173421,10000020003
2026-08-16,구강용품,34,유시몰,[무불소/한정기획] 유시몰 치약 106g 더블기획 (106g+106g+스퀴저),https://www.oliveyoung.co.kr/store/goods/getGoodsDetail.do?goodsNo=A000000189189,https://image.oliveyoung.co.kr/cfimages/cf-goods/uploads/images/thumbnails/400/10/0000/0018/A00000018918907ko.jpg?l=ko,18900,16400,13.2,8516,4.7,83,11,4,1,1,1,1,0,1,A000000189189,10000020003
2026-08-16,구강용품,35,덴티미,덴티미 구강장치 클리너 200ml/500ml 기획세트 (+세척솔),https://www.oliveyoung.co.kr/store/goods/getGoodsDetail.do?goodsNo=A000000253448,https://image.oliveyoung.co.kr/cfimages/cf-goods/uploads/images/thumbnails/400/10/0000/0025/A00000025344816ko.jpg?l=ko,21000,19500,7.1,154,5.0,96,3,1,,,1,0,0,1,A000000253448,10000020003
2026-08-16,구강용품,36,유시몰,유시몰 화이트닝 칫솔 3입 기획 (+핑크 리유저블 컵) (바비 콜라보),https://www.oliveyoung.co.kr/store/goods/getGoodsDetail.do?goodsNo=A000000251088,https://image.oliveyoung.co.kr/cfimages/cf-goods/uploads/images/thumbnails/400/10/0000/0025/A00000025108804ko.jpg?l=ko,17700,14700,16.9,6886,4.8,85,10,4,1,1,1,1,0,1,A000000251088,10000020003
2026-08-16,구강용품,37,유시몰,유시몰 레귤러 칫솔 2입 기획세트,https://www.oliveyoung.co.kr/store/goods/getGoodsDetail.do?goodsNo=A000000182296,https://image.oliveyoung.co.kr/cfimages/cf-goods/uploads/images/thumbnails/400/10/0000/0018/A00000018229606ko.jpg?l=ko,9900,7900,20.2,7035,4.8,88,9,2,0,0,1,0,0,1,A000000182296,10000020003
2026-08-16,구강용품,38,레드씰,뉴질랜드1위 레드씰 프로폴리스 민트 치약 100g (구취제거율98%),https://www.oliveyoung.co.kr/store/goods/getGoodsDetail.do?goodsNo=A000000217484,https://image.oliveyoung.co.kr/cfimages/cf-goods/uploads/images/thumbnails/400/10/0000/0021/A00000021748405ko.jpg?l=ko,7000,4900,30.0,623,4.9,90,7,3,0,0,1,0,0,1,A000000217484,10000020003
2026-08-16,구강용품,39,에비스,에비스 플래티넘 화이트닝케어 칫솔 (색상랜덤),https://www.oliveyoung.co.kr/store/goods/getGoodsDetail.do?goodsNo=A000000119959,https://image.oliveyoung.co.kr/cfimages/cf-goods/uploads/images/thumbnails/400/10/0000/0011/A00000011995905ko.jpg?l=ko,4600,4200,8.7,6530,4.8,87,9,3,1,0,1,0,0,1,A000000119959,10000020003
2026-08-16,구강용품,40,화이니카,[약국 입점] 화이니카 치탄플러스 분말치약 20g,https://www.oliveyoung.co.kr/store/goods/getGoodsDetail.do?goodsNo=A000000240327,https://image.oliveyoung.co.kr/cfimages/cf-goods/uploads/images/thumbnails/400/10/0000/0024/A00000024032701ko.jpg?l=ko,41900,34800,16.9,307,4.8,87,8,3,1,1,1,0,0,1,A000000240327,10000020003
2026-08-16,구강용품,41,자일리톨스톤,자일리톨스톤 페퍼민트부스터 70g,https://www.oliveyoung.co.kr/store/goods/getGoodsDetail.do?goodsNo=A000000207869,https://image.oliveyoung.co.kr/cfimages/cf-goods/uploads/images/thumbnails/400/10/0000/0020/A00000020786904ko.jpg?l=ko,7900,7100,10.1,10082,4.8,87,9,3,1,1,1,0,0,1,A000000207869,10000020003
2026-08-16,구강용품,42,뷰센,[집중 미백케어] 뷰센28 치아미백제 80g 기획팩 (+미니 20g 증정)/단품,https://www.oliveyoung.co.kr/store/goods/getGoodsDetail.do?goodsNo=A000000185790,https://image.oliveyoung.co.kr/cfimages/cf-goods/uploads/images/thumbnails/400/10/0000/0018/A00000018579019ko.png?l=ko,11000,8800,20.0,4365,4.6,74,17,8,1,1,1,0,0,1,A000000185790,10000020003
2026-08-16,구강용품,43,큐라덴,큐라덴 큐라프록스 CS5460 칫솔,https://www.oliveyoung.co.kr/store/goods/getGoodsDetail.do?goodsNo=A000000166387,https://image.oliveyoung.co.kr/cfimages/cf-goods/uploads/images/thumbnails/400/10/0000/0016/A00000016638713ko.jpg?l=ko,8500,8500,0.0,2748,4.8,87,9,4,1,1,0,0,0,1,A000000166387,10000020003
2026-08-16,구강용품,44,리스테린,[휴대용 모음전] 리스테린 가글 100ml 5종 택1,https://www.oliveyoung.co.kr/store/goods/getGoodsDetail.do?goodsNo=A000000206242,https://image.oliveyoung.co.kr/cfimages/cf-goods/uploads/images/thumbnails/400/10/0000/0020/A00000020624221ko.png?l=ko,2400,2400,0.0,21859,4.8,86,10,3,0,0,0,0,0,1,A000000206242,10000020003
2026-08-16,구강용품,45,테라브레스,[입냄새캔디] 테라브레스 마우스 로젠지 캔디 만다린민트향 20개입,https://www.oliveyoung.co.kr/store/goods/getGoodsDetail.do?goodsNo=A000000230311,https://image.oliveyoung.co.kr/cfimages/cf-goods/uploads/images/thumbnails/400/10/0000/0023/A00000023031106ko.jpg?l=ko,8500,5900,30.6,1980,4.5,75,11,8,3,4,1,0,0,1,A000000230311,10000020003
2026-08-16,구강용품,46,빠이러스,빠이러스 킬파이어 쿨가글액(플라워향) 500ml,https://www.oliveyoung.co.kr/store/goods/getGoodsDetail.do?goodsNo=A000000173556,https://image.oliveyoung.co.kr/cfimages/cf-goods/uploads/images/thumbnails/400/10/0000/0017/A00000017355604ko.jpg?l=ko,15900,13900,12.6,910,4.7,82,12,4,1,1,1,0,0,1,A000000173556,10000020003
2026-08-16,구강용품,47,리브러쉬,리브러쉬 구강 스프레이 15ml 더블기획 2종 (프레쉬 브레스/리프레쉬),https://www.oliveyoung.co.kr/store/goods/getGoodsDetail.do?goodsNo=A000000255359,https://image.oliveyoung.co.kr/cfimages/cf-goods/uploads/images/thumbnails/400/10/0000/0025/A00000025535918ko.png?l=ko,29900,16900,43.5,5395,4.8,83,11,5,1,1,1,0,0,1,A000000255359,10000020003
2026-08-16,구강용품,48,테라브레스,테라브레스 오랄린스 휴대용키트 12ml 6개입 2종 (마일드민트/아이시민트),https://www.oliveyoung.co.kr/store/goods/getGoodsDetail.do?goodsNo=A000000158541,https://image.oliveyoung.co.kr/cfimages/cf-goods/uploads/images/thumbnails/400/10/0000/0015/A00000015854111ko.jpg?l=ko,5900,4900,16.9,11591,4.8,88,9,2,0,0,1,0,0,1,A000000158541,10000020003
2026-08-16,구강용품,49,테라브레스,테라브레스 오랄린스 473ml 2종(마일드/아이시) 택1,https://www.oliveyoung.co.kr/store/goods/getGoodsDetail.do?goodsNo=A000000136360,https://image.oliveyoung.co.kr/cfimages/cf-goods/uploads/images/thumbnails/400/10/0000/0013/A00000013636012ko.jpg?l=ko,14900,13900,6.7,19929,4.8,83,13,4,0,1,1,0,0,1,A000000136360,10000020003
2026-08-16,구강용품,50,시스테마,시스테마 스펀지 치실 40M,https://www.oliveyoung.co.kr/store/goods/getGoodsDetail.do?goodsNo=A000000006104,https://image.oliveyoung.co.kr/cfimages/cf-goods/uploads/images/thumbnails/400/10/0000/0000/A00000000610402ko.jpg?l=ko,3800,2900,23.7,19822,4.8,83,11,4,1,1,1,0,0,1,A000000006104,10000020003
2026-08-16,구강용품,51,민티드,[불소 포함] 민티드 프리미엄 고체치약 90정 기획 (+미니케이스),https://www.oliveyoung.co.kr/store/goods/getGoodsDetail.do?goodsNo=A000000250790,https://image.oliveyoung.co.kr/cfimages/cf-goods/uploads/images/thumbnails/400/10/0000/0025/A00000025079004ko.jpg?l=ko,11900,9900,16.8,5448,4.7,79,12,6,1,2,1,0,0,1,A000000250790,10000020003
2026-08-16,구강용품,52,제로가이드,제로가이드 레프제로 구강유산균 엠지 애플민트 30정,https://www.oliveyoung.co.kr/store/goods/getGoodsDetail.do?goodsNo=A000000225276,https://image.oliveyoung.co.kr/cfimages/cf-goods/uploads/images/thumbnails/400/10/0000/0022/A00000022527604ko.jpg?l=ko,23000,17900,22.2,612,4.9,92,5,2,1,0,1,0,0,1,A000000225276,10000020003
2026-08-16,구강용품,53,큐라덴,큐라덴 큐라프록스 Travel set 여행용 세트,https://www.oliveyoung.co.kr/store/goods/getGoodsDetail.do?goodsNo=A000000166386,https://image.oliveyoung.co.kr/cfimages/cf-goods/uploads/images/thumbnails/400/10/0000/0016/A00000016638616ko.jpg?l=ko,17000,17000,0.0,1708,4.8,86,10,3,1,0,0,0,0,1,A000000166386,10000020003
2026-08-16,구강용품,54,브리쎄,[토끼혀/NEW] 브리쎄 레빗텅 틴트 필름 3종 택 1(시그니처/크랜베리/피치민트),https://www.oliveyoung.co.kr/store/goods/getGoodsDetail.do?goodsNo=A000000257314,https://image.oliveyoung.co.kr/cfimages/cf-goods/uploads/images/thumbnails/400/10/0000/0025/A00000025731422ko.jpg?l=ko,19800,16900,14.6,297,4.7,87,5,4,2,3,1,0,0,1,A000000257314,10000020003
2026-08-16,구강용품,55,유시몰,[무불소] 유시몰 오리지널 치약 106g,https://www.oliveyoung.co.kr/store/goods/getGoodsDetail.do?goodsNo=A000000149095,https://image.oliveyoung.co.kr/cfimages/cf-goods/uploads/images/thumbnails/400/10/0000/0014/A00000014909505ko.jpg?l=ko,9900,8900,10.1,7007,4.7,82,11,5,1,1,1,0,0,1,A000000149095,10000020003
2026-08-16,구강용품,56,플랙커스,[대용량] 플랙커스 마이크로민트 치실 300개입,https://www.oliveyoung.co.kr/store/goods/getGoodsDetail.do?goodsNo=A000000257842,https://image.oliveyoung.co.kr/cfimages/cf-goods/uploads/images/thumbnails/400/10/0000/0025/A00000025784201ko.jpg?l=ko,16400,16400,0.0,8445,4.9,90,8,2,0,0,0,0,0,1,A000000257842,10000020003
2026-08-16,구강용품,57,센소다인,[고불소/NEW] 센소다인 멀티케어 EX 100g,https://www.oliveyoung.co.kr/store/goods/getGoodsDetail.do?goodsNo=A000000253191,https://image.oliveyoung.co.kr/cfimages/cf-goods/uploads/images/thumbnails/400/10/0000/0025/A00000025319114ko.jpg?l=ko,7400,6400,13.5,12050,4.8,84,12,3,0,0,1,0,0,1,A000000253191,10000020003
2026-08-16,구강용품,58,덴티스테,[불소 포함] 덴티스테 플러스 화이트 프로 치약 튜브 60g/100g,https://www.oliveyoung.co.kr/store/goods/getGoodsDetail.do?goodsNo=A000000236415,https://image.oliveyoung.co.kr/cfimages/cf-goods/uploads/images/thumbnails/400/10/0000/0023/A00000023641502ko.jpg?l=ko,7300,5700,21.9,3214,4.8,89,8,3,0,0,1,0,0,1,A000000236415,10000020003
2026-08-16,구강용품,59,언파,[불소 포함] 언파 차차 차콜 치약 100g 더블기획 (+20g 미니치약),https://www.oliveyoung.co.kr/store/goods/getGoodsDetail.do?goodsNo=A000000229327,https://image.oliveyoung.co.kr/cfimages/cf-goods/uploads/images/thumbnails/400/10/0000/0022/A00000022932710ko.jpg?l=ko,17800,12600,29.2,6120,4.7,80,14,5,1,1,1,0,0,1,A000000229327,10000020003
2026-08-16,구강용품,60,테라브레스,테라브레스 오랄린스 아이시민트 선물 트리플 기획 (1L x3),https://www.oliveyoung.co.kr/store/goods/getGoodsDetail.do?goodsNo=A000000151667,https://image.oliveyoung.co.kr/cfimages/cf-goods/uploads/images/thumbnails/400/10/0000/0015/A00000015166709ko.jpg?l=ko,76300,67900,11.0,2048,4.9,91,6,2,0,0,1,0,0,1,A000000151667,10000020003
2026-08-16,구강용품,61,쏘두위,쏘두위 오일풀링 비건 치약100g,https://www.oliveyoung.co.kr/store/goods/getGoodsDetail.do?goodsNo=A000000142403,https://image.oliveyoung.co.kr/cfimages/cf-goods/uploads/images/thumbnails/400/10/0000/0014/A00000014240321ko.png?l=ko,9900,9900,0.0,365,4.7,76,17,5,1,1,0,0,0,1,A000000142403,10000020003
2026-08-16,구강용품,62,리스테린,[1+1 단독기획/순한맛] 리스테린 내추럴 그린티 마일드 750ml,https://www.oliveyoung.co.kr/store/goods/getGoodsDetail.do?goodsNo=A000000171610,https://image.oliveyoung.co.kr/cfimages/cf-goods/uploads/images/thumbnails/400/10/0000/0017/A00000017161058ko.png?l=ko,9900,9800,1.0,3141,4.9,89,9,2,0,0,1,0,0,1,A000000171610,10000020003
2026-08-16,구강용품,63,루치펠로,[잇몸케어] 루치펠로 트로피칼오션 치약 100g,https://www.oliveyoung.co.kr/store/goods/getGoodsDetail.do?goodsNo=A000000120035,https://image.oliveyoung.co.kr/cfimages/cf-goods/uploads/images/thumbnails/400/10/0000/0012/A00000012003507ko.jpg?l=ko,9800,6560,33.1,3877,4.8,83,13,4,0,0,1,1,0,1,A000000120035,10000020003
2026-08-16,구강용품,64,루치펠로,루치펠로 검케어 트로피칼오션 휴대용 치약&칫솔 세트(컬러랜덤),https://www.oliveyoung.co.kr/store/goods/getGoodsDetail.do?goodsNo=A000000165915,https://image.oliveyoung.co.kr/cfimages/cf-goods/uploads/images/thumbnails/400/10/0000/0016/A00000016591505ko.jpg?l=ko,7500,6500,13.3,2993,4.8,85,11,3,0,0,1,0,0,1,A000000165915,10000020003
2026-08-16,구강용품,65,바이오코어유산균,[화사 PICK] CJ 바이오코어 구강유산균 30정,https://www.oliveyoung.co.kr/store/goods/getGoodsDetail.do?goodsNo=A000000200544,https://image.oliveyoung.co.kr/cfimages/cf-goods/uploads/images/thumbnails/400/10/0000/0020/A00000020054411ko.jpg?l=ko,27900,19900,28.7,588,4.8,86,11,2,1,0,1,0,0,1,A000000200544,10000020003
2026-08-16,구강용품,66,티타드,[97% 구취 제거] 티타드 프레시 브레스 플러스 치약 100g 기획 2종 (더블/단품),https://www.oliveyoung.co.kr/store/goods/getGoodsDetail.do?goodsNo=A000000186672,https://image.oliveyoung.co.kr/cfimages/cf-goods/uploads/images/thumbnails/400/10/0000/0018/A00000018667255ko.png?l=ko,19800,19800,0.0,5357,4.8,83,11,4,1,1,0,0,0,1,A000000186672,10000020003
2026-08-16,구강용품,67,리브러쉬,[5L 용량] 리브러쉬 100배 농축 가글 50ml 2종 택1,https://www.oliveyoung.co.kr/store/goods/getGoodsDetail.do?goodsNo=A000000176046,https://image.oliveyoung.co.kr/cfimages/cf-goods/uploads/images/thumbnails/400/10/0000/0017/A00000017604660ko.png?l=ko,21900,18900,13.7,5593,4.8,83,12,3,1,1,1,0,0,1,A000000176046,10000020003
2026-08-16,구강용품,68,루치펠로,[구취케어] 루치펠로 미스틱포레스트 치약&칫솔 여행용 세트,https://www.oliveyoung.co.kr/store/goods/getGoodsDetail.do?goodsNo=A000000143000,https://image.oliveyoung.co.kr/cfimages/cf-goods/uploads/images/thumbnails/400/10/0000/0014/A00000014300007ko.jpg?l=ko,8900,7130,19.9,10663,4.8,86,10,3,0,0,1,1,0,1,A000000143000,10000020003
2026-08-16,구강용품,69,라이브오랄스,[마우스피스 기획세트] 라이브오랄스 셀프 홈케어 치아미백제 2주분,https://www.oliveyoung.co.kr/store/goods/getGoodsDetail.do?goodsNo=A000000192047,https://image.oliveyoung.co.kr/cfimages/cf-goods/uploads/images/thumbnails/400/10/0000/0019/A00000019204746ko.jpg?l=ko,32500,28900,11.1,3404,4.5,71,16,9,2,2,1,0,0,1,A000000192047,10000020003
2026-08-16,구강용품,70,리스테린,[엔하이픈 키링 증정] 리스테린 프리미엄 불소가글 캐비티케어/토탈케어플러스 키링기획 750ml+100ml*2,https://www.oliveyoung.co.kr/store/goods/getGoodsDetail.do?goodsNo=A000000248175,https://image.oliveyoung.co.kr/cfimages/cf-goods/uploads/images/thumbnails/400/10/0000/0024/A00000024817539ko.png?l=ko,11500,8300,27.8,6287,4.8,89,8,2,0,0,1,0,0,1,A000000248175,10000020003
2026-08-16,구강용품,71,바이컬러,바이컬러 셀프 미백 스페셜 키트 (4주분) (미백겔+마우스피스),https://www.oliveyoung.co.kr/store/goods/getGoodsDetail.do?goodsNo=A000000210748,https://image.oliveyoung.co.kr/cfimages/cf-goods/uploads/images/thumbnails/400/10/0000/0021/A00000021074804ko.jpg?l=ko,37900,27900,26.4,1279,4.9,93,4,3,1,0,0,1,0,1,A000000210748,10000020003
2026-08-16,구강용품,72,제로가이드,제로가이드 레프제로 구강유산균 엠지 2종(애플민트/레몬),https://www.oliveyoung.co.kr/store/goods/getGoodsDetail.do?goodsNo=A000000225687,https://image.oliveyoung.co.kr/cfimages/cf-goods/uploads/images/thumbnails/400/10/0000/0022/A00000022568710ko.jpg?l=ko,23000,17900,22.2,641,4.9,93,5,2,1,0,1,0,0,1,A000000225687,10000020003
2026-08-16,구강용품,73,센소다인,[고불소] 센소다인 엑스트라 화이트 치약 120g,https://www.oliveyoung.co.kr/store/goods/getGoodsDetail.do?goodsNo=A000000200083,https://image.oliveyoung.co.kr/cfimages/cf-goods/uploads/images/thumbnails/400/10/0000/0020/A00000020008306ko.jpg?l=ko,8000,8000,0.0,2506,4.8,85,10,4,0,1,0,0,0,1,A000000200083,10000020003
2026-08-16,구강용품,74,세노비스,[구강 항균효과] 세노비스 프로폴리스 스프레이 25ml (41회분),https://www.oliveyoung.co.kr/store/goods/getGoodsDetail.do?goodsNo=A000000131722,https://image.oliveyoung.co.kr/cfimages/cf-goods/uploads/images/thumbnails/400/10/0000/0013/A00000013172209ko.jpg?l=ko,16000,9900,38.1,2442,4.8,84,11,4,1,0,1,0,0,1,A000000131722,10000020003
2026-08-16,구강용품,75,리스테린,리스테린 프리미엄 불소가글 캐비티케어 마일드 750ml 엔하이픈 기획 (+500ml+아크릴스탠드),https://www.oliveyoung.co.kr/store/goods/getGoodsDetail.do?goodsNo=A000000255766,https://image.oliveyoung.co.kr/cfimages/cf-goods/uploads/images/thumbnails/400/10/0000/0025/A00000025576645ko.jpg?l=ko,14900,9900,33.6,6086,4.9,91,7,2,0,0,1,1,0,1,A000000255766,10000020003
2026-08-16,구강용품,76,조르단,조르단 3in1 치실 36개입 (트래블 케이스 증정),https://www.oliveyoung.co.kr/store/goods/getGoodsDetail.do?goodsNo=A000000153937,https://image.oliveyoung.co.kr/cfimages/cf-goods/uploads/images/thumbnails/400/10/0000/0015/A00000015393709ko.jpg?l=ko,4300,3600,16.3,10167,4.8,88,8,3,0,0,1,0,0,1,A000000153937,10000020003
2026-08-16,구강용품,77,루치펠로,[NEW] 루치펠로 오션다이브 칫솔 1입/4입,https://www.oliveyoung.co.kr/store/goods/getGoodsDetail.do?goodsNo=A000000262240,https://image.oliveyoung.co.kr/cfimages/cf-goods/uploads/images/thumbnails/400/10/0000/0026/A00000026224003ko.jpg?l=ko,17500,10360,40.8,193,4.9,97,2,1,1,,1,1,1,1,A000000262240,10000020003
2026-08-16,구강용품,78,플랙커스,[대용량] 플랙커스 트윈라인 치실 300개입,https://www.oliveyoung.co.kr/store/goods/getGoodsDetail.do?goodsNo=A000000257844,https://image.oliveyoung.co.kr/cfimages/cf-goods/uploads/images/thumbnails/400/10/0000/0025/A00000025784401ko.jpg?l=ko,16400,16400,0.0,14607,4.8,88,9,3,0,0,0,0,0,1,A000000257844,10000020003
2026-08-16,구강용품,79,테라브레스,테라브레스 프레시브레스 마일드민트향 치약 150g,https://www.oliveyoung.co.kr/store/goods/getGoodsDetail.do?goodsNo=A000000158540,https://image.oliveyoung.co.kr/cfimages/cf-goods/uploads/images/thumbnails/400/10/0000/0015/A00000015854003ko.jpg?l=ko,13900,11900,14.4,2014,4.4,71,12,10,3,3,1,0,0,1,A000000158540,10000020003
2026-08-16,구강용품,80,티타드,[불소 포함] 티타드 프레시 브레스 플러스 치약 100g (+20g 증정),https://www.oliveyoung.co.kr/store/goods/getGoodsDetail.do?goodsNo=A000000189193,https://image.oliveyoung.co.kr/cfimages/cf-goods/uploads/images/thumbnails/400/10/0000/0018/A00000018919326ko.jpg?l=ko,9900,9120,7.9,8269,4.7,82,12,5,1,1,1,1,0,1,A000000189193,10000020003
2026-08-16,구강용품,81,마비스,마비스 클래식민트 치약 85ml 3입 기프트세트,https://www.oliveyoung.co.kr/store/goods/getGoodsDetail.do?goodsNo=A000000223885,https://image.oliveyoung.co.kr/cfimages/cf-goods/uploads/images/thumbnails/400/10/0000/0022/A00000022388504ko.jpg?l=ko,69000,51750,25.0,18,4.8,83,17,,,,1,0,0,1,A000000223885,10000020003
2026-08-16,구강용품,82,덴탈프로,덴탈프로 치간칫솔 사이즈 0번 15P,https://www.oliveyoung.co.kr/store/goods/getGoodsDetail.do?goodsNo=A000000103709,https://image.oliveyoung.co.kr/cfimages/cf-goods/uploads/images/thumbnails/400/10/0000/0010/A00000010370905ko.jpg?l=ko,7200,7200,0.0,10559,4.8,85,11,3,1,0,0,0,0,1,A000000103709,10000020003
2026-08-16,구강용품,83,유시몰,유시몰 퍼플화이트닝 칫솔 3입 기획 (+퍼플 리유저블 컵) (바비 콜라보),https://www.oliveyoung.co.kr/store/goods/getGoodsDetail.do?goodsNo=A000000251059,https://image.oliveyoung.co.kr/cfimages/cf-goods/uploads/images/thumbnails/400/10/0000/0025/A00000025105903ko.jpg?l=ko,19200,15900,17.2,3005,4.8,86,9,3,1,1,1,1,0,1,A000000251059,10000020003
2026-08-16,구강용품,84,플랙커스,플랙커스 트윈라인 치실 2종 택1 (35개입/75개입),https://www.oliveyoung.co.kr/store/goods/getGoodsDetail.do?goodsNo=A000000173424,https://image.oliveyoung.co.kr/cfimages/cf-goods/uploads/images/thumbnails/400/10/0000/0017/A00000017342407ko.jpg?l=ko,4100,4100,0.0,3271,4.8,89,8,2,1,0,0,0,0,1,A000000173424,10000020003
2026-08-16,구강용품,85,리치,리치 컴플리트케어 오리지널 (소프트),https://www.oliveyoung.co.kr/store/goods/getGoodsDetail.do?goodsNo=A000000102136,https://image.oliveyoung.co.kr/cfimages/cf-goods/uploads/images/thumbnails/400/10/0000/0010/A00000010213601ko.jpg?l=ko,4200,3450,17.9,647,4.6,75,15,8,1,1,1,0,0,1,A000000102136,10000020003
2026-08-16,구강용품,86,뷰센,[고불소] 뷰센C 충치케어 치약 160g 기획 (+뷰센28 미백제 34g),https://www.oliveyoung.co.kr/store/goods/getGoodsDetail.do?goodsNo=A000000248364,https://image.oliveyoung.co.kr/cfimages/cf-goods/uploads/images/thumbnails/400/10/0000/0024/A00000024836408ko.png?l=ko,14000,10900,22.1,10014,4.7,78,14,6,1,1,1,0,0,1,A000000248364,10000020003
2026-08-16,구강용품,87,페리오,[NEW] 페리오 거품의 혁신 칫솔 (1개입/4개입),https://www.oliveyoung.co.kr/store/goods/getGoodsDetail.do?goodsNo=A000000260496,https://image.oliveyoung.co.kr/cfimages/cf-goods/uploads/images/thumbnails/400/10/0000/0026/A00000026049601ko.jpg?l=ko,5900,2720,53.9,18,4.9,94,6,,,,1,1,1,1,A000000260496,10000020003
2026-08-16,구강용품,88,덴티스테,[대용량] 덴티스테 뉴 마일드 치약 160g 4개입/12개입,https://www.oliveyoung.co.kr/store/goods/getGoodsDetail.do?goodsNo=A000000153984,https://image.oliveyoung.co.kr/cfimages/cf-goods/uploads/images/thumbnails/400/10/0000/0015/A00000015398410ko.jpg?l=ko,65900,48000,27.2,128,4.8,80,16,4,,,1,0,0,1,A000000153984,10000020003
2026-08-16,구강용품,89,페리오,페리오 46cm 구강 스프레이 롱래스팅 쿨민트 6.2ml,https://www.oliveyoung.co.kr/store/goods/getGoodsDetail.do?goodsNo=A000000003866,https://image.oliveyoung.co.kr/cfimages/cf-goods/uploads/images/thumbnails/400/10/0000/0000/A00000000386602ko.jpg?l=ko,4200,2900,31.0,22253,4.8,88,9,3,0,0,1,1,1,1,A000000003866,10000020003
2026-08-16,구강용품,90,닥터텅스,닥터텅스 스마트 치실 (색상 랜덤배송),https://www.oliveyoung.co.kr/store/goods/getGoodsDetail.do?goodsNo=A000000008646,https://image.oliveyoung.co.kr/cfimages/cf-goods/uploads/images/thumbnails/400/10/0000/0000/A00000000864625ko.jpg?l=ko,6500,6500,0.0,18965,4.9,90,7,2,0,0,0,0,0,1,A000000008646,10000020003
2026-08-16,구강용품,91,위아바임,[구강유산균] 위아바임 낙산균 프로바이오틱스 오 30정 / 더블기획 60정 (+키링),https://www.oliveyoung.co.kr/store/goods/getGoodsDetail.do?goodsNo=A000000213328,https://image.oliveyoung.co.kr/cfimages/cf-goods/uploads/images/thumbnails/400/10/0000/0021/A00000021332806ko.jpg?l=ko,29900,14940,50.0,4103,4.9,93,5,2,0,0,1,1,0,1,A000000213328,10000020003
2026-08-16,구강용품,92,필립스,[대용량] 필립스 소닉케어 옵티멀 플라그 케어 칫솔모 8개입 HX9028/14,https://www.oliveyoung.co.kr/store/goods/getGoodsDetail.do?goodsNo=A000000246741,https://image.oliveyoung.co.kr/cfimages/cf-goods/uploads/images/thumbnails/400/10/0000/0024/A00000024674101ko.jpg?l=ko,84000,45900,45.4,17,5.0,100,,,,,0,1,0,1,A000000246741,10000020003
2026-08-16,구강용품,93,라이브오랄스,[1+1] 라이브오랄스 퓨어테라피 괄사 혀클리너,https://www.oliveyoung.co.kr/store/goods/getGoodsDetail.do?goodsNo=A000000228384,https://image.oliveyoung.co.kr/cfimages/cf-goods/uploads/images/thumbnails/400/10/0000/0022/A00000022838406ko.jpg?l=ko,22000,22000,0.0,173,4.8,91,3,2,2,1,0,0,0,1,A000000228384,10000020003
2026-08-16,구강용품,94,콜게이트,[불소 포함] 콜게이트 옵틱화이트 다즐링화이트 치약 100g,https://www.oliveyoung.co.kr/store/goods/getGoodsDetail.do?goodsNo=A000000154178,https://image.oliveyoung.co.kr/cfimages/cf-goods/uploads/images/thumbnails/400/10/0000/0015/A00000015417805ko.jpg?l=ko,8800,6100,30.7,3206,4.7,81,14,5,0,0,1,0,0,1,A000000154178,10000020003
2026-08-16,구강용품,95,유시몰,[한정기획] 유시몰 화이트닝 미백치약&칫솔 여행용세트,https://www.oliveyoung.co.kr/store/goods/getGoodsDetail.do?goodsNo=A000000184915,https://image.oliveyoung.co.kr/cfimages/cf-goods/uploads/images/thumbnails/400/10/0000/0018/A00000018491502ko.jpg?l=ko,11900,9900,16.8,11103,4.6,75,15,7,1,1,1,0,0,1,A000000184915,10000020003
2026-08-16,구강용품,96,뷰센,[집중 미백케어] 뷰센28 치아미백제 105g 대용량 기획팩 (+칫솔 1P),https://www.oliveyoung.co.kr/store/goods/getGoodsDetail.do?goodsNo=A000000222830,https://image.oliveyoung.co.kr/cfimages/cf-goods/uploads/images/thumbnails/400/10/0000/0022/A00000022283015ko.jpg?l=ko,13000,9900,23.8,9314,4.6,76,16,7,1,1,1,0,0,1,A000000222830,10000020003
2026-08-16,구강용품,97,덴트릭스,뷰티풀링 오일가글 루이보스엣선셋 280ml,https://www.oliveyoung.co.kr/store/goods/getGoodsDetail.do?goodsNo=A000000230345,https://image.oliveyoung.co.kr/cfimages/cf-goods/uploads/images/thumbnails/400/10/0000/0023/A00000023034502ko.png?l=ko,19800,9900,50.0,42,4.6,79,12,5,,5,1,0,0,1,A000000230345,10000020003
2026-08-16,구강용품,98,루치펠로,루치펠로 코랄리프 양면미세모 칫솔 4입 다이노탱 콜라보 기획(+스티커 증정),https://www.oliveyoung.co.kr/store/goods/getGoodsDetail.do?goodsNo=A000000247766,https://image.oliveyoung.co.kr/cfimages/cf-goods/uploads/images/thumbnails/400/10/0000/0024/A00000024776601ko.jpg?l=ko,16500,9900,40.0,4876,4.8,88,8,3,0,0,1,0,0,1,A000000247766,10000020003
2026-08-16,구강용품,99,페리오,페리오 화이트나우 미백 패치 3종 택1 (일주일팩/대용량팩/8P),https://www.oliveyoung.co.kr/store/goods/getGoodsDetail.do?goodsNo=A000000222020,https://image.oliveyoung.co.kr/cfimages/cf-goods/uploads/images/thumbnails/400/10/0000/0022/A00000022202001ko.jpg?l=ko,22500,12500,44.4,25239,4.6,72,18,7,1,1,1,1,1,1,A000000222020,10000020003
2026-08-16,구강용품,100,오랄비,오랄비 치실 왁스 민트 50m (플라그케어),https://www.oliveyoung.co.kr/store/goods/getGoodsDetail.do?goodsNo=A000000015978,https://image.oliveyoung.co.kr/cfimages/cf-goods/uploads/images/thumbnails/400/10/0000/0001/A00000001597808ko.jpg?l=ko,3220,2500,22.4,14756,4.8,86,10,3,0,1,1,0,0,1,A000000015978,10000020003
2026-08-16,헬스/건강용품,1,케어플러스,[8년 연속 1등] 케어플러스 상처 커버 스팟 패치 324매 /102매,https://www.oliveyoung.co.kr/store/goods/getGoodsDetail.do?goodsNo=A000000222776,https://image.oliveyoung.co.kr/cfimages/cf-goods/uploads/images/thumbnails/400/10/0000/0022/A00000022277605ko.jpg?l=ko,6300,5900,6.3,45770,4.9,92,6,1,0,0,1,0,0,1,A000000222776,10000020005
2026-08-16,헬스/건강용품,2,이지덤뷰티,[7일특가/전고객 증정] 대웅제약 이지덤 스팟패치 택1 (퀵카밍/뷰티/PDRN 주름/릴리프) 트러블패치,https://www.oliveyoung.co.kr/store/goods/getGoodsDetail.do?goodsNo=A000000110505,https://image.oliveyoung.co.kr/cfimages/cf-goods/uploads/images/thumbnails/400/10/0000/0011/A00000011050565ko.png?l=ko,12900,8900,31.0,30393,4.7,82,11,5,1,1,1,1,1,1,A000000110505,10000020005
2026-08-16,헬스/건강용품,3,이지덤뷰티,[선착순 증정/선런칭특가] 이지덤 레티날 모공패치 기획 (모공패치 4+코팩2),https://www.oliveyoung.co.kr/store/goods/getGoodsDetail.do?goodsNo=A000000261773,https://image.oliveyoung.co.kr/cfimages/cf-goods/uploads/images/thumbnails/400/10/0000/0026/A00000026177305ko.png?l=ko,16900,13500,20.1,20,5.0,95,5,,,,1,1,1,1,A000000261773,10000020005
2026-08-16,헬스/건강용품,4,이지덤뷰티,[약국동일/1등 응급패치] 이지덤 퀵카밍 SOS 응급진정 스팟패치 8매 기획 (+진정앰플) / 트러블패치,https://www.oliveyoung.co.kr/store/goods/getGoodsDetail.do?goodsNo=A000000233566,https://image.oliveyoung.co.kr/cfimages/cf-goods/uploads/images/thumbnails/400/10/0000/0023/A00000023356629ko.png?l=ko,14900,10900,26.8,10421,4.6,76,13,7,2,1,1,1,1,1,A000000233566,10000020005
2026-08-16,헬스/건강용품,5,프란츠,"[초마드PICK] 프란츠 네이키드 스팟 패치 72매입 (듀오,얼리, 액티브, 다크) 4종 1",https://www.oliveyoung.co.kr/store/goods/getGoodsDetail.do?goodsNo=A000000254358,https://image.oliveyoung.co.kr/cfimages/cf-goods/uploads/images/thumbnails/400/10/0000/0025/A00000025435810ko.jpg?l=ko,10000,8900,11.0,1318,4.4,70,13,10,3,4,1,0,0,1,A000000254358,10000020005
2026-08-16,헬스/건강용품,6,OOTD,[1등뾰꾸/별패치] OOTD 트윙클 리틀 스타 스팟 패치 3종 택1 (파스텔/누드베이지/네온),https://www.oliveyoung.co.kr/store/goods/getGoodsDetail.do?goodsNo=A000000241099,https://image.oliveyoung.co.kr/cfimages/cf-goods/uploads/images/thumbnails/400/10/0000/0024/A00000024109923ko.png?l=ko,15000,11900,20.7,2657,4.9,92,6,1,0,0,1,0,0,1,A000000241099,10000020005
2026-08-16,헬스/건강용품,7,SNPE,SNPE 웨이브 스틱 8구 셀프 마사지 편백나무 스틱,https://www.oliveyoung.co.kr/store/goods/getGoodsDetail.do?goodsNo=B000000230481,https://image.oliveyoung.co.kr/cfimages/cf-goods/uploads/images/thumbnails/400/10/0000/0023/B00000023048103ko.jpg?l=ko,77000,65400,15.1,249,4.9,94,4,1,0,1,0,1,0,0,B000000230481,10000020005
2026-08-16,헬스/건강용품,8,아크로패스,[6년연속어워즈]트러블큐어 대용량 진정패치 3종 1택,https://www.oliveyoung.co.kr/store/goods/getGoodsDetail.do?goodsNo=A000000130542,https://image.oliveyoung.co.kr/cfimages/cf-goods/uploads/images/thumbnails/400/10/0000/0013/A00000013054291ko.jpg?l=ko,29800,23800,20.1,12284,4.6,76,15,7,1,1,1,0,0,1,A000000130542,10000020005
2026-08-16,헬스/건강용품,9,필리밀리,[8월 올영픽] 필리밀리 괄사 골라담기 택1,https://www.oliveyoung.co.kr/store/goods/getGoodsDetail.do?goodsNo=A000000183329,https://image.oliveyoung.co.kr/cfimages/cf-goods/uploads/images/thumbnails/400/10/0000/0018/A00000018332953ko.jpg?l=ko,8500,6900,18.8,29765,4.7,82,13,4,1,1,1,1,0,1,A000000183329,10000020005
2026-08-16,헬스/건강용품,10,바이오힐보,[고민별케어] 바이오힐보 마이크로 스팟패치 9+3매 기획 (리페어진정/흔적토닝),https://www.oliveyoung.co.kr/store/goods/getGoodsDetail.do?goodsNo=A000000226516,https://image.oliveyoung.co.kr/cfimages/cf-goods/uploads/images/thumbnails/400/10/0000/0022/A00000022651636ko.jpg?l=ko,16300,16300,0.0,8478,4.6,76,14,7,1,1,0,0,0,1,A000000226516,10000020005
2026-08-16,헬스/건강용품,11,마르시끄,[올영1등 국민주름패치] 마르시끄 주름패치 기획/단품 6종 택1,https://www.oliveyoung.co.kr/store/goods/getGoodsDetail.do?goodsNo=A000000181697,https://image.oliveyoung.co.kr/cfimages/cf-goods/uploads/images/thumbnails/400/10/0000/0018/A000000181697104ko.jpg?l=ko,12900,11800,8.5,37185,4.6,76,15,7,1,1,1,0,0,1,A000000181697,10000020005
2026-08-16,헬스/건강용품,12,벤튼,벤튼 두피 괄사 마사지기,https://www.oliveyoung.co.kr/store/goods/getGoodsDetail.do?goodsNo=A000000259902,https://image.oliveyoung.co.kr/cfimages/cf-goods/uploads/images/thumbnails/400/10/0000/0025/A00000025990205ko.jpg?l=ko,8900,7600,14.6,64,4.9,95,3,2,,,1,1,0,1,A000000259902,10000020005
2026-08-16,헬스/건강용품,13,무탈,무탈 두피 애착 괄사 5종 택1 (오리지널 / 하드핏 ),https://www.oliveyoung.co.kr/store/goods/getGoodsDetail.do?goodsNo=A000000257577,https://image.oliveyoung.co.kr/cfimages/cf-goods/uploads/images/thumbnails/400/10/0000/0025/A00000025757706ko.jpg?l=ko,7600,7100,6.6,522,4.9,90,8,2,,,0,1,0,1,A000000257577,10000020005
2026-08-16,헬스/건강용품,14,발란스핏,[의료기기]발란스핏 압박스타킹 기본형 4color (S/M) 8종 택1,https://www.oliveyoung.co.kr/store/goods/getGoodsDetail.do?goodsNo=A000000230640,https://image.oliveyoung.co.kr/cfimages/cf-goods/uploads/images/thumbnails/400/10/0000/0023/A00000023064020ko.jpg?l=ko,29800,19800,33.6,17610,4.8,84,11,4,1,0,1,0,0,1,A000000230640,10000020005
2026-08-16,헬스/건강용품,15,멕리듬,멕리듬 온열 스팀 아이마스크 24매(12P+12P) 7종 (무향/라벤더/캐모마일/유자/숲속/히노키/금목서),https://www.oliveyoung.co.kr/store/goods/getGoodsDetail.do?goodsNo=A000000241923,https://image.oliveyoung.co.kr/cfimages/cf-goods/uploads/images/thumbnails/400/10/0000/0024/A00000024192318ko.jpg?l=ko,25020,22500,10.1,5481,4.9,92,7,2,0,0,1,0,0,1,A000000241923,10000020005
2026-08-16,헬스/건강용품,16,휴족시간,[8월 올영픽] 휴족시간 지압자극 4매/12매/24매,https://www.oliveyoung.co.kr/store/goods/getGoodsDetail.do?goodsNo=A000000119524,https://image.oliveyoung.co.kr/cfimages/cf-goods/uploads/images/thumbnails/400/10/0000/0011/A00000011952404ko.png?l=ko,4300,3700,14.0,6233,4.8,88,9,2,0,0,1,0,0,1,A000000119524,10000020005
2026-08-16,헬스/건강용품,17,에르고바디,[NEW 컬러] 에르고바디 핏유어코어 2종 택1 (코어 서포트 벨트) 흉곽축소 개미허리,https://www.oliveyoung.co.kr/store/goods/getGoodsDetail.do?goodsNo=A000000144703,https://image.oliveyoung.co.kr/cfimages/cf-goods/uploads/images/thumbnails/400/10/0000/0014/A00000014470331ko.jpg?l=ko,33000,33000,0.0,1523,4.7,80,14,5,1,1,0,0,0,1,A000000144703,10000020005
2026-08-16,헬스/건강용품,18,풀리오,풀리오 종아리 마사지기 V3,https://www.oliveyoung.co.kr/store/goods/getGoodsDetail.do?goodsNo=A000000235309,https://image.oliveyoung.co.kr/cfimages/cf-goods/uploads/images/thumbnails/400/10/0000/0023/A00000023530901ko.jpg?l=ko,159000,149000,6.3,209,4.9,93,5,0,,1,1,0,0,1,A000000235309,10000020005
2026-08-16,헬스/건강용품,19,멕리듬,멕리듬 온열 순환 스팀 아이마스크 5매 7종 택1 (무향/라벤더/캐모마일/숲속/유자/히노키/금목서),https://www.oliveyoung.co.kr/store/goods/getGoodsDetail.do?goodsNo=A000000243616,https://image.oliveyoung.co.kr/cfimages/cf-goods/uploads/images/thumbnails/400/10/0000/0024/A00000024361617ko.jpg?l=ko,7900,6700,15.2,17300,4.8,88,9,2,0,0,1,0,0,1,A000000243616,10000020005
2026-08-16,헬스/건강용품,20,마르시끄,[2차 재입고/품절대란템] 마르시끄 PDRN 하이드로겔 립 패치 5매,https://www.oliveyoung.co.kr/store/goods/getGoodsDetail.do?goodsNo=A000000257741,https://image.oliveyoung.co.kr/cfimages/cf-goods/uploads/images/thumbnails/400/10/0000/0025/A00000025774106ko.jpg?l=ko,15000,11800,21.3,210,4.6,79,11,7,2,2,1,0,0,1,A000000257741,10000020005
2026-08-16,헬스/건강용품,21,SNPE,SNPE 도깨비손 림프 지압 괄사 마사지기,https://www.oliveyoung.co.kr/store/goods/getGoodsDetail.do?goodsNo=A000000230492,https://image.oliveyoung.co.kr/cfimages/cf-goods/uploads/images/thumbnails/400/10/0000/0023/A00000023049205ko.jpg?l=ko,55000,49500,10.0,336,4.7,82,12,4,1,1,1,0,0,1,A000000230492,10000020005
2026-08-16,헬스/건강용품,22,더스크랙,더스크랙 바운스번 붓기 스텝퍼 (크레용그레이/파스텔블루) 2종,https://www.oliveyoung.co.kr/store/goods/getGoodsDetail.do?goodsNo=B000000250999,https://image.oliveyoung.co.kr/cfimages/cf-goods/uploads/images/thumbnails/400/10/0000/0025/B00000025099901ko.jpg?l=ko,62900,48900,22.3,181,4.6,75,16,6,1,3,0,1,0,0,B000000250999,10000020005
2026-08-16,헬스/건강용품,23,약손명가,약손명가 골기 프로그램 리프팅 밴드 기획(+ 패치 2매증정),https://www.oliveyoung.co.kr/store/goods/getGoodsDetail.do?goodsNo=A000000223270,https://image.oliveyoung.co.kr/cfimages/cf-goods/uploads/images/thumbnails/400/10/0000/0022/A00000022327004ko.jpg?l=ko,39900,39900,0.0,2306,4.7,76,16,6,1,1,0,0,0,1,A000000223270,10000020005
2026-08-16,헬스/건강용품,24,리파,[ReFa/괄사] 리파 CAXA M1 3종 택1,https://www.oliveyoung.co.kr/store/goods/getGoodsDetail.do?goodsNo=A000000258355,https://image.oliveyoung.co.kr/cfimages/cf-goods/uploads/images/thumbnails/400/10/0000/0025/A00000025835506ko.jpg?l=ko,159000,118500,25.5,12,5.0,100,,,,,1,1,0,1,A000000258355,10000020005
2026-08-16,헬스/건강용품,25,센시안,센시안 플러스 압박스타킹 (릴렉스/워크/나이트케어) (의료기기),https://www.oliveyoung.co.kr/store/goods/getGoodsDetail.do?goodsNo=A000000212629,https://image.oliveyoung.co.kr/cfimages/cf-goods/uploads/images/thumbnails/400/10/0000/0021/A00000021262912ko.png?l=ko,22900,18900,17.5,13539,4.7,80,14,5,1,1,1,0,0,1,A000000212629,10000020005
2026-08-16,헬스/건강용품,26,휴족시간,휴족시간 (18매입/6매입),https://www.oliveyoung.co.kr/store/goods/getGoodsDetail.do?goodsNo=A000000006342,https://image.oliveyoung.co.kr/cfimages/cf-goods/uploads/images/thumbnails/400/10/0000/0000/A00000000634202ko.jpg?l=ko,11500,9400,18.3,35173,4.9,89,9,2,0,0,1,0,0,1,A000000006342,10000020005
2026-08-16,헬스/건강용품,27,넥스케어,[3년연속 1위] 3M 넥스케어 블레미쉬 베스트셀러 3종 초슬림,https://www.oliveyoung.co.kr/store/goods/getGoodsDetail.do?goodsNo=A000000241314,https://image.oliveyoung.co.kr/cfimages/cf-goods/uploads/images/thumbnails/400/10/0000/0024/A00000024131408ko.jpg?l=ko,9780,7900,19.2,3057,4.8,87,9,3,0,0,1,0,0,1,A000000241314,10000020005
2026-08-16,헬스/건강용품,28,파티온,[초슬림]파티온 노스카나인 트러블케어 스팟패치 102매,https://www.oliveyoung.co.kr/store/goods/getGoodsDetail.do?goodsNo=A000000176414,https://image.oliveyoung.co.kr/cfimages/cf-goods/uploads/images/thumbnails/400/10/0000/0017/A00000017641412ko.jpg?l=ko,9500,5900,37.9,11360,4.8,85,10,4,1,0,1,0,0,1,A000000176414,10000020005
2026-08-16,헬스/건강용품,29,케어플러스,[8년연속 어워즈1위] 케어플러스 상처 커버 스팟패치 골라담기 (24매/102매/189매/324매/와이드12매),https://www.oliveyoung.co.kr/store/goods/getGoodsDetail.do?goodsNo=A000000209102,https://image.oliveyoung.co.kr/cfimages/cf-goods/uploads/images/thumbnails/400/10/0000/0020/A00000020910219ko.jpg?l=ko,6300,5900,6.3,47991,4.9,92,6,2,0,0,1,0,0,1,A000000209102,10000020005
2026-08-16,헬스/건강용품,30,숀리,숀리 에어스텝퍼,https://www.oliveyoung.co.kr/store/goods/getGoodsDetail.do?goodsNo=B000000224130,https://image.oliveyoung.co.kr/cfimages/cf-goods/uploads/images/thumbnails/400/10/0000/0022/B00000022413001ko.jpg?l=ko,108000,89000,17.6,30,4.7,87,3,7,3,,0,1,0,0,B000000224130,10000020005
2026-08-16,헬스/건강용품,31,마데카솔,마데카 메디패치 스팟패치 69매 1+1 기획 (138매),https://www.oliveyoung.co.kr/store/goods/getGoodsDetail.do?goodsNo=A000000182355,https://image.oliveyoung.co.kr/cfimages/cf-goods/uploads/images/thumbnails/400/10/0000/0018/A00000018235503ko.jpg?l=ko,9900,8400,15.2,15279,4.8,86,11,3,0,0,1,0,0,1,A000000182355,10000020005
2026-08-16,헬스/건강용품,32,동국제약,[대용량/스팟보호] 동국제약 마데카셀 스팟 패치 테이프 130매,https://www.oliveyoung.co.kr/store/goods/getGoodsDetail.do?goodsNo=A000000249669,https://image.oliveyoung.co.kr/cfimages/cf-goods/uploads/images/thumbnails/400/10/0000/0024/A00000024966910ko.png?l=ko,18900,15900,15.9,43,4.6,77,12,7,2,2,1,1,1,1,A000000249669,10000020005
2026-08-16,헬스/건강용품,33,스팀베이스,스팀베이스 데일리 아이마스크 5매입 6종 택1,https://www.oliveyoung.co.kr/store/goods/getGoodsDetail.do?goodsNo=A000000179178,https://image.oliveyoung.co.kr/cfimages/cf-goods/uploads/images/thumbnails/400/10/0000/0017/A00000017917826ko.jpg?l=ko,7900,6300,20.3,9490,4.8,86,10,3,1,1,1,0,0,1,A000000179178,10000020005
2026-08-16,헬스/건강용품,34,SNPE,SNPE 웨이브 베개 10구 경추 척추 교정 편백나무 지압 베개,https://www.oliveyoung.co.kr/store/goods/getGoodsDetail.do?goodsNo=B000000230480,https://image.oliveyoung.co.kr/cfimages/cf-goods/uploads/images/thumbnails/400/10/0000/0023/B00000023048003ko.jpg?l=ko,88000,83600,5.0,80,4.9,91,8,1,,,0,1,0,0,B000000230480,10000020005
2026-08-16,헬스/건강용품,35,아크로패스,[긴급진정패치]긴급진정 트러블큐어 6매/와이드3매/스몰9매 3종 1택,https://www.oliveyoung.co.kr/store/goods/getGoodsDetail.do?goodsNo=A000000127611,https://image.oliveyoung.co.kr/cfimages/cf-goods/uploads/images/thumbnails/400/10/0000/0012/A00000012761137ko.jpg?l=ko,12000,8900,25.8,18230,4.5,70,17,10,2,1,1,0,0,1,A000000127611,10000020005
2026-08-16,헬스/건강용품,36,브링그린,[스팟진정] 브링그린 티트리 시카 SOS 스팟패치 75+25매,https://www.oliveyoung.co.kr/store/goods/getGoodsDetail.do?goodsNo=A000000188256,https://image.oliveyoung.co.kr/cfimages/cf-goods/uploads/images/thumbnails/400/10/0000/0018/A00000018825619ko.jpg?l=ko,7500,7500,0.0,12382,4.7,82,13,4,1,0,0,0,0,1,A000000188256,10000020005
2026-08-16,헬스/건강용품,37,케어플러스,[NEW] 케어플러스 커버업 블레미쉬 패치 칼라민 핑크 72매,https://www.oliveyoung.co.kr/store/goods/getGoodsDetail.do?goodsNo=A000000254721,https://image.oliveyoung.co.kr/cfimages/cf-goods/uploads/images/thumbnails/400/10/0000/0025/A00000025472101ko.jpg?l=ko,9000,7200,20.0,394,4.8,85,11,4,0,0,1,0,0,1,A000000254721,10000020005
2026-08-16,헬스/건강용품,38,파넬,[특별기획] 파넬 시카마누 클리어 패치 멀티 +6매(스팟패치 44매+빅패치 4매),https://www.oliveyoung.co.kr/store/goods/getGoodsDetail.do?goodsNo=A000000189847,https://image.oliveyoung.co.kr/cfimages/cf-goods/uploads/images/thumbnails/400/10/0000/0018/A00000018984719ko.jpg?l=ko,18000,15160,15.8,6123,4.7,79,12,7,1,1,1,0,0,1,A000000189847,10000020005
2026-08-16,헬스/건강용품,39,휴그랩,휴그랩 리즈라인V2 PRO,https://www.oliveyoung.co.kr/store/goods/getGoodsDetail.do?goodsNo=A000000228440,https://image.oliveyoung.co.kr/cfimages/cf-goods/uploads/images/thumbnails/400/10/0000/0022/A00000022844001ko.jpg?l=ko,212900,149000,30.0,47,4.1,64,11,11,6,9,1,0,0,1,A000000228440,10000020005
2026-08-16,헬스/건강용품,40,풀리오,풀리오 목 어깨 두드림 마사지기 V3,https://www.oliveyoung.co.kr/store/goods/getGoodsDetail.do?goodsNo=A000000233186,https://image.oliveyoung.co.kr/cfimages/cf-goods/uploads/images/thumbnails/400/10/0000/0023/A00000023318602ko.jpg?l=ko,159000,139000,12.6,94,4.9,93,4,2,1,,1,0,0,1,A000000233186,10000020005
2026-08-16,헬스/건강용품,41,칼로(CALO),칼로 EMS 슬림코어 벨트,https://www.oliveyoung.co.kr/store/goods/getGoodsDetail.do?goodsNo=B000000261251,https://image.oliveyoung.co.kr/cfimages/cf-goods/uploads/images/thumbnails/400/10/0000/0026/B00000026125101ko.jpg?l=ko,149000,137080,8.0,0,0.0,,,,,,0,1,0,0,B000000261251,10000020005
2026-08-16,헬스/건강용품,42,더마펌,[여름필수템] 즉각 진정 더마펌 썸머 쿨링 타올 75cm (1매/30매),https://www.oliveyoung.co.kr/store/goods/getGoodsDetail.do?goodsNo=A000000259884,https://image.oliveyoung.co.kr/cfimages/cf-goods/uploads/images/thumbnails/400/10/0000/0025/A00000025988408ko.jpg?l=ko,1500,900,40.0,60,4.9,90,7,3,,,1,1,1,1,A000000259884,10000020005
2026-08-16,헬스/건강용품,43,뷰앤디,[아이오아이 임나영 PICK] 뷰앤디 앤모드 프로 기본/핑크에디션,https://www.oliveyoung.co.kr/store/goods/getGoodsDetail.do?goodsNo=A000000214298,https://image.oliveyoung.co.kr/cfimages/cf-goods/uploads/images/thumbnails/400/10/0000/0021/A00000021429828ko.jpg?l=ko,215000,129000,40.0,324,4.6,75,16,7,1,2,1,0,0,1,A000000214298,10000020005
2026-08-16,헬스/건강용품,44,케어플러스,[진정패치]케어플러스 스팟커버 패치 카밍 5종 골라담기[24매/96매/180매/252매/와이드],https://www.oliveyoung.co.kr/store/goods/getGoodsDetail.do?goodsNo=A000000214015,https://image.oliveyoung.co.kr/cfimages/cf-goods/uploads/images/thumbnails/400/10/0000/0021/A00000021401511ko.jpg?l=ko,7200,6700,6.9,17824,4.8,85,10,3,0,0,1,0,0,1,A000000214015,10000020005
2026-08-16,헬스/건강용품,45,해서린,[올영단독기획 / 미니언즈한정콜라보] 해서린 스팟패치 단독기획 2종(대용량기획 140+10매 / 딥패치 기획 9+3매),https://www.oliveyoung.co.kr/store/goods/getGoodsDetail.do?goodsNo=A000000257062,https://image.oliveyoung.co.kr/cfimages/cf-goods/uploads/images/thumbnails/400/10/0000/0025/A00000025706211ko.jpg?l=ko,8400,7030,16.3,18769,4.7,81,12,5,1,1,1,1,1,1,A000000257062,10000020005
2026-08-16,헬스/건강용품,46,메디테라피,[기미잡티] 메디테라피 멜라쥬란 화이트 토닝 필름 5회분,https://www.oliveyoung.co.kr/store/goods/getGoodsDetail.do?goodsNo=A000000222557,https://image.oliveyoung.co.kr/cfimages/cf-goods/uploads/images/thumbnails/400/10/0000/0022/A00000022255717ko.jpg?l=ko,21800,18900,13.3,72,4.6,78,7,13,3,,1,0,0,1,A000000222557,10000020005
2026-08-16,헬스/건강용품,47,리쥬란,"[c-PDRN 88,500 ppm]리쥬란 아이샷 c-PDRN 패치 (단품/기획)",https://www.oliveyoung.co.kr/store/goods/getGoodsDetail.do?goodsNo=A000000262854,https://image.oliveyoung.co.kr/cfimages/cf-goods/uploads/images/thumbnails/400/10/0000/0026/A00000026285407ko.jpg?l=ko,22000,12900,41.4,0,0.0,,,,,,1,0,0,1,A000000262854,10000020005
2026-08-16,헬스/건강용품,48,이지덤뷰티,[깊은주름/초미세 700샷] 이지덤 PDRN 콜라겐 주름패치 마이크로 700샷 4매,https://www.oliveyoung.co.kr/store/goods/getGoodsDetail.do?goodsNo=A000000233848,https://image.oliveyoung.co.kr/cfimages/cf-goods/uploads/images/thumbnails/400/10/0000/0023/A00000023384831ko.png?l=ko,16900,13500,20.1,321,4.5,73,13,10,2,2,1,1,1,1,A000000233848,10000020005
2026-08-16,헬스/건강용품,49,더마펌,[나띠PICK][집중주름패치] 더마펌 에이지 리바이빙 주름순삭패치 2종 택 1 (팔자6매+미간3매/팔자2매+미간1매),https://www.oliveyoung.co.kr/store/goods/getGoodsDetail.do?goodsNo=A000000191685,https://image.oliveyoung.co.kr/cfimages/cf-goods/uploads/images/thumbnails/400/10/0000/0019/A00000019168579ko.png?l=ko,12000,9600,20.0,2600,4.8,87,7,4,1,1,1,0,1,1,A000000191685,10000020005
2026-08-16,헬스/건강용품,50,스위스 유스트,스위스유스트 에델바이스 발삼 250ml,https://www.oliveyoung.co.kr/store/goods/getGoodsDetail.do?goodsNo=A000000245603,https://image.oliveyoung.co.kr/cfimages/cf-goods/uploads/images/thumbnails/400/10/0000/0024/A00000024560301ko.png?l=ko,58000,58000,0.0,38,4.9,92,5,,3,,0,0,0,1,A000000245603,10000020005
2026-08-16,헬스/건강용품,51,이지덤뷰티,[10년 연속 1등/상처케어] 이지덤 뷰티 스팟패치 69매 단독기획,https://www.oliveyoung.co.kr/store/goods/getGoodsDetail.do?goodsNo=A000000229544,https://image.oliveyoung.co.kr/cfimages/cf-goods/uploads/images/thumbnails/400/10/0000/0022/A00000022954421ko.png?l=ko,12900,9900,23.3,4094,4.9,90,8,2,0,0,1,1,1,1,A000000229544,10000020005
2026-08-16,헬스/건강용품,52,스노우투플러스,스노우투플러스 AC 마그네슘 패치 혼합기획 소형+미니 (총 25매),https://www.oliveyoung.co.kr/store/goods/getGoodsDetail.do?goodsNo=A000000248992,https://image.oliveyoung.co.kr/cfimages/cf-goods/uploads/images/thumbnails/400/10/0000/0024/A00000024899204ko.png?l=ko,9800,8800,10.2,1248,4.7,80,11,6,2,1,1,0,0,1,A000000248992,10000020005
2026-08-16,헬스/건강용품,53,슬룸,슬룸 목 마사지 베개 V2,https://www.oliveyoung.co.kr/store/goods/getGoodsDetail.do?goodsNo=B000000260947,https://image.oliveyoung.co.kr/cfimages/cf-goods/uploads/images/thumbnails/400/10/0000/0026/B00000026094701ko.png?l=ko,119000,109900,7.6,15,5.0,100,,,,,0,1,0,0,B000000260947,10000020005
2026-08-16,헬스/건강용품,54,필리밀리,[8월올영픽] 필리밀리 세라믹 바디 괄사(+파우치 포함),https://www.oliveyoung.co.kr/store/goods/getGoodsDetail.do?goodsNo=A000000231122,https://image.oliveyoung.co.kr/cfimages/cf-goods/uploads/images/thumbnails/400/10/0000/0023/A00000023112205ko.jpg?l=ko,18900,16900,10.6,3127,4.8,84,11,3,0,0,1,1,0,1,A000000231122,10000020005
2026-08-16,헬스/건강용품,55,르마하,[품절대란 쌍괄사/셀프케어 결 PICK] 르마하 반지 괄사 2개입 세트(+전용 보관파우치 증정),https://www.oliveyoung.co.kr/store/goods/getGoodsDetail.do?goodsNo=A000000205719,https://image.oliveyoung.co.kr/cfimages/cf-goods/uploads/images/thumbnails/400/10/0000/0020/A00000020571909ko.jpg?l=ko,55800,51900,7.0,475,4.7,84,10,4,0,1,1,0,0,1,A000000205719,10000020005
2026-08-16,헬스/건강용품,56,셀라딕스,[흉터관리 의료기기] 셀라딕스 큐스카겔 10g,https://www.oliveyoung.co.kr/store/goods/getGoodsDetail.do?goodsNo=A000000234192,https://image.oliveyoung.co.kr/cfimages/cf-goods/uploads/images/thumbnails/400/10/0000/0023/A00000023419201ko.jpg?l=ko,39000,33830,13.3,397,4.8,84,10,5,1,1,1,0,0,1,A000000234192,10000020005
2026-08-16,헬스/건강용품,57,옵티프리,에이오셉 플러스액 360ml,https://www.oliveyoung.co.kr/store/goods/getGoodsDetail.do?goodsNo=A000000159321,https://image.oliveyoung.co.kr/cfimages/cf-goods/uploads/images/thumbnails/400/10/0000/0015/A00000015932101ko.jpg?l=ko,15900,13500,15.1,3028,4.9,93,5,1,0,0,1,0,0,1,A000000159321,10000020005
2026-08-16,헬스/건강용품,58,케어플러스,케어플러스 징크 트러블 마이크로 닷 패치 (12매/24매/미니30매/와이드),https://www.oliveyoung.co.kr/store/goods/getGoodsDetail.do?goodsNo=A000000222789,https://image.oliveyoung.co.kr/cfimages/cf-goods/uploads/images/thumbnails/400/10/0000/0022/A00000022278917ko.jpg?l=ko,18000,13800,23.3,7480,4.6,76,14,7,2,1,1,0,0,1,A000000222789,10000020005
2026-08-16,헬스/건강용품,59,멕리듬,멕리듬 온열 순환 스팀 아이마스크 12매 7종 택1 (무향/라벤더/캐모마일/유자/숲속/히노키/금목서),https://www.oliveyoung.co.kr/store/goods/getGoodsDetail.do?goodsNo=A000000242118,https://image.oliveyoung.co.kr/cfimages/cf-goods/uploads/images/thumbnails/400/10/0000/0024/A00000024211814ko.jpg?l=ko,14900,13400,10.1,1737,4.8,89,9,2,0,0,1,0,0,1,A000000242118,10000020005
2026-08-16,헬스/건강용품,60,버그넷,버그넷 티트리 베드샷 300ml,https://www.oliveyoung.co.kr/store/goods/getGoodsDetail.do?goodsNo=A000000259545,https://image.oliveyoung.co.kr/cfimages/cf-goods/uploads/images/thumbnails/400/10/0000/0025/A00000025954501ko.png?l=ko,26900,24300,9.7,15,4.9,93,7,,,,1,0,0,1,A000000259545,10000020005
2026-08-16,헬스/건강용품,61,해서린,[짜기 전/후 구성] 해서린 스팟케어 패치 키트 대용량 (미니언즈 150매 기획 / 대용량기획),https://www.oliveyoung.co.kr/store/goods/getGoodsDetail.do?goodsNo=A000000177193,https://image.oliveyoung.co.kr/cfimages/cf-goods/uploads/images/thumbnails/400/10/0000/0017/A00000017719328ko.jpg?l=ko,8400,7030,16.3,34790,4.8,83,12,4,1,0,1,1,1,1,A000000177193,10000020005
2026-08-16,헬스/건강용품,62,케어플러스,[점 뺀 후 사용/의료기기] 케어플러스 상처 커버 UV 차단 스팟 패치 72매,https://www.oliveyoung.co.kr/store/goods/getGoodsDetail.do?goodsNo=A000000206517,https://image.oliveyoung.co.kr/cfimages/cf-goods/uploads/images/thumbnails/400/10/0000/0020/A00000020651709ko.jpg?l=ko,9000,6900,23.3,7510,4.8,88,9,2,0,0,1,1,0,1,A000000206517,10000020005
2026-08-16,헬스/건강용품,63,샤르드,샤르드 1100샷 아이백 리프트 패치 2+1 기획/단품,https://www.oliveyoung.co.kr/store/goods/getGoodsDetail.do?goodsNo=A000000224015,https://image.oliveyoung.co.kr/cfimages/cf-goods/uploads/images/thumbnails/400/10/0000/0022/A00000022401527ko.jpg?l=ko,24000,21600,10.0,4233,4.7,81,10,6,2,2,1,0,0,1,A000000224015,10000020005
2026-08-16,헬스/건강용품,64,에이바자르,[리프팅/탄력/쿨링] 에이바자르 퍼펙트 브이리프팅 프리미엄 마스크 1+1,https://www.oliveyoung.co.kr/store/goods/getGoodsDetail.do?goodsNo=A000000159897,https://image.oliveyoung.co.kr/cfimages/cf-goods/uploads/images/thumbnails/400/10/0000/0015/A00000015989715ko.jpg?l=ko,9800,9800,0.0,3606,4.6,72,17,8,1,2,0,0,0,1,A000000159897,10000020005
2026-08-16,헬스/건강용품,65,더마펌,[나띠PICK][탄력&리프팅 패치] 더마펌 스킨 텐션 리프팅 패치 500 (턱전용 4+2매),https://www.oliveyoung.co.kr/store/goods/getGoodsDetail.do?goodsNo=A000000232172,https://image.oliveyoung.co.kr/cfimages/cf-goods/uploads/images/thumbnails/400/10/0000/0023/A00000023217233ko.png?l=ko,24000,24000,0.0,3202,4.9,95,3,2,0,0,0,0,1,1,A000000232172,10000020005
2026-08-16,헬스/건강용품,66,휴족시간,휴족시간 18매 더블기획 (18매+18매),https://www.oliveyoung.co.kr/store/goods/getGoodsDetail.do?goodsNo=A000000155006,https://image.oliveyoung.co.kr/cfimages/cf-goods/uploads/images/thumbnails/400/10/0000/0015/A00000015500601ko.jpg?l=ko,21700,18700,13.8,2795,4.9,90,8,2,0,0,1,0,0,1,A000000155006,10000020005
2026-08-16,헬스/건강용품,67,스파알,"[추성훈pick] 스파알 포터블 종아리 마사지기 2종 (베이지, 블랙)",https://www.oliveyoung.co.kr/store/goods/getGoodsDetail.do?goodsNo=B000000225205,https://image.oliveyoung.co.kr/cfimages/cf-goods/uploads/images/thumbnails/400/10/0000/0022/B00000022520503ko.jpg?l=ko,108900,99000,9.1,2,5.0,100,,,,,0,1,0,0,B000000225205,10000020005
2026-08-16,헬스/건강용품,68,센시안,[NEW] 센시안 워크 플러스 압박스타킹 S-M/M-L (의료기기),https://www.oliveyoung.co.kr/store/goods/getGoodsDetail.do?goodsNo=A000000212626,https://image.oliveyoung.co.kr/cfimages/cf-goods/uploads/images/thumbnails/400/10/0000/0021/A00000021262603ko.png?l=ko,22900,22900,0.0,2334,4.7,81,13,4,1,1,0,0,0,1,A000000212626,10000020005
2026-08-16,헬스/건강용품,69,바이오힐보,[붓기관리] 바이오힐보 프로바이오덤 리프팅 페이스 롤러,https://www.oliveyoung.co.kr/store/goods/getGoodsDetail.do?goodsNo=A000000168682,https://image.oliveyoung.co.kr/cfimages/cf-goods/uploads/images/thumbnails/400/10/0000/0016/A00000016868209ko.jpg?l=ko,25000,17900,28.4,1434,4.7,79,15,5,1,0,1,1,1,1,A000000168682,10000020005
2026-08-16,헬스/건강용품,70,발란스핏,[고강도/윤곽 케어] 발란스핏 EMS 조각튠 괄사 마사지기,https://www.oliveyoung.co.kr/store/goods/getGoodsDetail.do?goodsNo=A000000260938,https://image.oliveyoung.co.kr/cfimages/cf-goods/uploads/images/thumbnails/400/10/0000/0026/A00000026093803ko.jpg?l=ko,189000,94000,50.3,40,4.7,83,8,8,,3,1,1,0,1,A000000260938,10000020005
2026-08-16,헬스/건강용품,71,스위스 유스트,스위스유스트 구두치 롤 온 10ml,https://www.oliveyoung.co.kr/store/goods/getGoodsDetail.do?goodsNo=A000000232875,https://image.oliveyoung.co.kr/cfimages/cf-goods/uploads/images/thumbnails/400/10/0000/0023/A00000023287501ko.png?l=ko,46000,46000,0.0,85,4.9,92,6,2,,,0,0,0,1,A000000232875,10000020005
2026-08-16,헬스/건강용품,72,센시안,[쿨썸머] 센시안 힐링테라피 쿨링패치 20매 (레그패치),https://www.oliveyoung.co.kr/store/goods/getGoodsDetail.do?goodsNo=A000000172007,https://image.oliveyoung.co.kr/cfimages/cf-goods/uploads/images/thumbnails/400/10/0000/0017/A00000017200723ko.jpg?l=ko,10500,7000,33.3,1605,4.6,76,13,8,2,2,1,1,0,1,A000000172007,10000020005
2026-08-16,헬스/건강용품,73,온슬로,온슬로 주름패치 4종 택1 (미간/팔자/아이),https://www.oliveyoung.co.kr/store/goods/getGoodsDetail.do?goodsNo=A000000251308,https://image.oliveyoung.co.kr/cfimages/cf-goods/uploads/images/thumbnails/400/10/0000/0025/A00000025130805ko.jpg?l=ko,10900,8900,18.3,6239,4.9,95,3,2,0,0,1,0,0,1,A000000251308,10000020005
2026-08-16,헬스/건강용품,74,바리바디,바리바디 브이페이스 리프팅 밴드 (핑크/블루),https://www.oliveyoung.co.kr/store/goods/getGoodsDetail.do?goodsNo=A000000216684,https://image.oliveyoung.co.kr/cfimages/cf-goods/uploads/images/thumbnails/400/10/0000/0021/A00000021668401ko.jpg?l=ko,109000,89000,18.3,32,4.8,84,16,,,,1,0,0,1,A000000216684,10000020005
2026-08-16,헬스/건강용품,75,해서린,"[올영단독] 해서린 스팟케어 패치 단품 (붉은스팟, 노란스팟)",https://www.oliveyoung.co.kr/store/goods/getGoodsDetail.do?goodsNo=A000000140107,https://image.oliveyoung.co.kr/cfimages/cf-goods/uploads/images/thumbnails/400/10/0000/0014/A00000014010708ko.jpg?l=ko,3000,1980,34.0,13972,4.7,80,13,6,1,1,1,1,1,1,A000000140107,10000020005
2026-08-16,헬스/건강용품,76,마데카솔,[단독기획] 마데카 메디패치 스팟패치 (33매/99매/138매),https://www.oliveyoung.co.kr/store/goods/getGoodsDetail.do?goodsNo=A000000159562,https://image.oliveyoung.co.kr/cfimages/cf-goods/uploads/images/thumbnails/400/10/0000/0015/A00000015956216ko.jpg?l=ko,4500,3900,13.3,19303,4.8,86,11,3,0,0,1,0,0,1,A000000159562,10000020005
2026-08-16,헬스/건강용품,77,리뉴,리뉴 후레쉬 500ml 트리플 기획,https://www.oliveyoung.co.kr/store/goods/getGoodsDetail.do?goodsNo=A000000166357,https://image.oliveyoung.co.kr/cfimages/cf-goods/uploads/images/thumbnails/400/10/0000/0016/A00000016635718ko.jpg?l=ko,19900,16290,18.1,3149,4.9,92,6,1,0,0,1,0,0,1,A000000166357,10000020005
2026-08-16,헬스/건강용품,78,동국제약,[기미색소패치] 동국제약 멜라-셋 기미 토닝 스팟 패치 기획 (+에센스 10m),https://www.oliveyoung.co.kr/store/goods/getGoodsDetail.do?goodsNo=A000000261547,https://image.oliveyoung.co.kr/cfimages/cf-goods/uploads/images/thumbnails/400/10/0000/0026/A00000026154703ko.jpeg?l=ko,16900,16100,4.7,565,4.7,84,8,5,1,2,1,1,1,1,A000000261547,10000020005
2026-08-16,헬스/건강용품,79,리뉴,리뉴 후레쉬 500ml_4입 대용량 기획,https://www.oliveyoung.co.kr/store/goods/getGoodsDetail.do?goodsNo=A000000256157,https://image.oliveyoung.co.kr/cfimages/cf-goods/uploads/images/thumbnails/400/10/0000/0025/A00000025615706ko.jpg?l=ko,24500,19500,20.4,16,5.0,100,,,,,1,0,0,1,A000000256157,10000020005
2026-08-16,헬스/건강용품,80,프라나롬,[종아리붓기 3.3배완화] 프라나롬 씨큐라롬 젤 100ml,https://www.oliveyoung.co.kr/store/goods/getGoodsDetail.do?goodsNo=A000000213545,https://image.oliveyoung.co.kr/cfimages/cf-goods/uploads/images/thumbnails/400/10/0000/0021/A00000021354520ko.jpg?l=ko,29000,26100,10.0,608,4.5,73,14,8,4,1,1,0,0,1,A000000213545,10000020005
2026-08-16,헬스/건강용품,81,센시안,[의료기기] 센시안 릴렉스 택1 (베이지/더블기획),https://www.oliveyoung.co.kr/store/goods/getGoodsDetail.do?goodsNo=A000000162376,https://image.oliveyoung.co.kr/cfimages/cf-goods/uploads/images/thumbnails/400/10/0000/0016/A00000016237608ko.jpg?l=ko,39900,39900,0.0,3581,4.7,79,15,4,1,1,0,0,0,1,A000000162376,10000020005
2026-08-16,헬스/건강용품,82,아크네스,[포켓몬 에디션] 아크네스 3초 진정 스팟 패치 90매 3종 택 1 (피카츄/치코리타/이브이),https://www.oliveyoung.co.kr/store/goods/getGoodsDetail.do?goodsNo=A000000255700,https://image.oliveyoung.co.kr/cfimages/cf-goods/uploads/images/thumbnails/400/10/0000/0025/A00000025570001ko.png?l=ko,9500,6600,30.5,7646,4.8,87,10,3,0,0,1,0,0,1,A000000255700,10000020005
2026-08-16,헬스/건강용품,83,에르고바디,[리프팅밴드/이중턱개선] 에르고바디 쉐이피 EMS 브이라인밴드 EMS 얼굴 마사지기,https://www.oliveyoung.co.kr/store/goods/getGoodsDetail.do?goodsNo=A000000230153,https://image.oliveyoung.co.kr/cfimages/cf-goods/uploads/images/thumbnails/400/10/0000/0023/A00000023015302ko.jpg?l=ko,79000,78000,1.3,120,4.6,77,13,8,3,1,1,0,0,1,A000000230153,10000020005
2026-08-16,헬스/건강용품,84,옵티프리,[OY단독] 옵티프리 퓨어모이스트/리플레니시 대용량 (420ml*2),https://www.oliveyoung.co.kr/store/goods/getGoodsDetail.do?goodsNo=A000000171411,https://image.oliveyoung.co.kr/cfimages/cf-goods/uploads/images/thumbnails/400/10/0000/0017/A00000017141101ko.jpg?l=ko,20900,17800,14.8,2729,4.9,92,6,1,0,0,1,0,0,1,A000000171411,10000020005
2026-08-16,헬스/건강용품,85,케어플러스,케어플러스 징크 트러블 마이크로 닷 패치 인텐시브 미니 30매,https://www.oliveyoung.co.kr/store/goods/getGoodsDetail.do?goodsNo=A000000258237,https://image.oliveyoung.co.kr/cfimages/cf-goods/uploads/images/thumbnails/400/10/0000/0025/A00000025823701ko.jpg?l=ko,18000,13800,23.3,96,4.7,82,13,3,1,1,1,0,0,1,A000000258237,10000020005
2026-08-16,헬스/건강용품,86,이지듀,[목관리]이지듀 리프트 피디알엔 넥 패치 6g*4매,https://www.oliveyoung.co.kr/store/goods/getGoodsDetail.do?goodsNo=A000000223900,https://image.oliveyoung.co.kr/cfimages/cf-goods/uploads/images/thumbnails/400/10/0000/0022/A00000022390004ko.jpg?l=ko,40000,24000,40.0,40,4.3,60,20,15,3,3,1,0,0,1,A000000223900,10000020005
2026-08-16,헬스/건강용품,87,벤튼,벤튼 바디 괄사 마사지기,https://www.oliveyoung.co.kr/store/goods/getGoodsDetail.do?goodsNo=A000000259903,https://image.oliveyoung.co.kr/cfimages/cf-goods/uploads/images/thumbnails/400/10/0000/0025/A00000025990301ko.jpg?l=ko,15900,13400,15.7,65,5.0,98,2,,,,1,1,0,1,A000000259903,10000020005
2026-08-16,헬스/건강용품,88,타이거밤,타이거밤 릴리프 멀티밤 25G,https://www.oliveyoung.co.kr/store/goods/getGoodsDetail.do?goodsNo=A000000142723,https://image.oliveyoung.co.kr/cfimages/cf-goods/uploads/images/thumbnails/400/10/0000/0014/A00000014272309ko.jpg?l=ko,12000,10800,10.0,332,4.7,81,12,6,1,1,1,0,0,1,A000000142723,10000020005
2026-08-16,헬스/건강용품,89,프란츠,프란츠 네이키드 스팟 패치 듀오 얼리&다크 (72매입),https://www.oliveyoung.co.kr/store/goods/getGoodsDetail.do?goodsNo=A000000256805,https://image.oliveyoung.co.kr/cfimages/cf-goods/uploads/images/thumbnails/400/10/0000/0025/A00000025680506ko.jpg?l=ko,10000,8900,11.0,672,4.4,69,14,9,3,5,1,0,0,1,A000000256805,10000020005
2026-08-16,헬스/건강용품,90,메디테라피,[승모근마사지] 메디테라피 속살괄사,https://www.oliveyoung.co.kr/store/goods/getGoodsDetail.do?goodsNo=A000000153185,https://image.oliveyoung.co.kr/cfimages/cf-goods/uploads/images/thumbnails/400/10/0000/0015/A00000015318519ko.jpg?l=ko,35900,34900,2.8,1582,4.8,82,14,3,1,0,1,0,0,1,A000000153185,10000020005
2026-08-16,헬스/건강용품,91,SNPE,SNPE 아치 서포트 인솔,https://www.oliveyoung.co.kr/store/goods/getGoodsDetail.do?goodsNo=B000000238774,https://image.oliveyoung.co.kr/cfimages/cf-goods/uploads/images/thumbnails/400/10/0000/0023/B00000023877401ko.jpg?l=ko,79000,71000,10.1,18,4.9,94,6,,,,0,1,0,0,B000000238774,10000020005
2026-08-16,헬스/건강용품,92,에이바자르,[붙이는 넥크림] 에이바자르 리쥬브네이팅 넥 링클 컨트롤 마스크 5P/더블기획,https://www.oliveyoung.co.kr/store/goods/getGoodsDetail.do?goodsNo=A000000229348,https://image.oliveyoung.co.kr/cfimages/cf-goods/uploads/images/thumbnails/400/10/0000/0022/A00000022934805ko.jpg?l=ko,8000,6400,20.0,1254,5.0,97,2,1,,0,1,0,0,1,A000000229348,10000020005
2026-08-16,헬스/건강용품,93,헬로아이즈,[눈꺼풀세정제] 헬로아이즈 베이비 아이티슈/아이더마 클렌즈 30개입 2종 택 1,https://www.oliveyoung.co.kr/store/goods/getGoodsDetail.do?goodsNo=A000000230205,https://image.oliveyoung.co.kr/cfimages/cf-goods/uploads/images/thumbnails/400/10/0000/0023/A00000023020506ko.jpg?l=ko,16000,16000,0.0,536,4.7,82,11,5,1,1,0,0,0,1,A000000230205,10000020005
2026-08-16,헬스/건강용품,94,밸롭,[흥둥이 PICK] 밸롭 마무링 지압슬리퍼 (컬러 6종),https://www.oliveyoung.co.kr/store/goods/getGoodsDetail.do?goodsNo=A000000251609,https://image.oliveyoung.co.kr/cfimages/cf-goods/uploads/images/thumbnails/400/10/0000/0025/A00000025160909ko.jpg?l=ko,35000,33000,5.7,43,4.7,81,12,5,,2,1,0,0,1,A000000251609,10000020005
2026-08-16,헬스/건강용품,95,밸롭,밸롭 지압슬리퍼 2종 (마무링 / 칼로링 다이어트),https://www.oliveyoung.co.kr/store/goods/getGoodsDetail.do?goodsNo=A000000256023,https://image.oliveyoung.co.kr/cfimages/cf-goods/uploads/images/thumbnails/400/10/0000/0025/A00000025602311ko.jpg?l=ko,35000,33000,5.7,234,4.8,88,7,3,1,1,1,0,0,1,A000000256023,10000020005
2026-08-16,헬스/건강용품,96,해서린,해서린 스팟케어 패치 4종 (패치140매/붉은스팟/노란스팟/젤),https://www.oliveyoung.co.kr/store/goods/getGoodsDetail.do?goodsNo=A000000157174,https://image.oliveyoung.co.kr/cfimages/cf-goods/uploads/images/thumbnails/400/10/0000/0015/A00000015717433ko.jpg?l=ko,3000,1980,34.0,23554,4.7,82,13,4,1,0,1,1,1,1,A000000157174,10000020005
2026-08-16,헬스/건강용품,97,듀오덤,[의료기기] 듀오덤 자외선차단 패치 엑스트라씬 3매 프리컷 *상처보호*,https://www.oliveyoung.co.kr/store/goods/getGoodsDetail.do?goodsNo=A000000210680,https://image.oliveyoung.co.kr/cfimages/cf-goods/uploads/images/thumbnails/400/10/0000/0021/A00000021068002ko.jpg?l=ko,9900,9600,3.0,429,4.9,92,5,2,0,0,1,0,0,1,A000000210680,10000020005
2026-08-16,헬스/건강용품,98,마르시끄,마르시끄 링클 리페어 미간주름패치 기획/단품 2종 택1,https://www.oliveyoung.co.kr/store/goods/getGoodsDetail.do?goodsNo=A000000181613,https://image.oliveyoung.co.kr/cfimages/cf-goods/uploads/images/thumbnails/400/10/0000/0018/A00000018161327ko.jpg?l=ko,12900,11800,8.5,30474,4.6,76,15,7,1,1,1,0,0,1,A000000181613,10000020005
2026-08-16,헬스/건강용품,99,듀오덤,"[의료기기/증정] 듀오덤 자외선차단 스팟패치 72매+밴드 3매 기획 *점, 시술, 여드름 상처보호*",https://www.oliveyoung.co.kr/store/goods/getGoodsDetail.do?goodsNo=A000000251775,https://image.oliveyoung.co.kr/cfimages/cf-goods/uploads/images/thumbnails/400/10/0000/0025/A00000025177507ko.jpg?l=ko,11900,11500,3.4,2435,4.9,90,6,2,0,0,1,0,0,1,A000000251775,10000020005
2026-08-16,헬스/건강용품,100,더마틱스울트라,[의료기기] 더마틱스 울트라 겔 7g,https://www.oliveyoung.co.kr/store/goods/getGoodsDetail.do?goodsNo=A000000142986,https://image.oliveyoung.co.kr/cfimages/cf-goods/uploads/images/thumbnails/400/10/0000/0014/A00000014298604ko.jpg?l=ko,23900,19900,16.7,3022,4.7,78,15,5,1,1,1,0,0,1,A000000142986,10000020005
2026-08-16,위생용품,1,낫포유,[쿨링케어/Y존케어] 낫포유 3 WAY 멀티 유즈 여성 청결제 150ml 기획 (+30ml 미스트 증정),https://www.oliveyoung.co.kr/store/goods/getGoodsDetail.do?goodsNo=A000000256829,https://image.oliveyoung.co.kr/cfimages/cf-goods/uploads/images/thumbnails/400/10/0000/0025/A00000025682910ko.jpg?l=ko,20900,9900,52.6,237,4.9,93,6,0,,0,1,1,0,1,A000000256829,10000020004
2026-08-16,위생용품,2,쏘피,[8월올영픽]쏘피 쿨링프레쉬 생리대 19종 택 1 (패드/안심숙면팬티/라이너/번들),https://www.oliveyoung.co.kr/store/goods/getGoodsDetail.do?goodsNo=A000000223283,https://image.oliveyoung.co.kr/cfimages/cf-goods/uploads/images/thumbnails/400/10/0000/0022/A00000022328377ko.jpg?l=ko,6400,2790,56.4,53859,4.8,87,8,3,1,1,1,1,1,1,A000000223283,10000020004
2026-08-16,위생용품,3,디어스킨,디어스킨 리얼모달 생리대 7종 택 1(패드 / 라이너 / 슈퍼롱 / 입는오버),https://www.oliveyoung.co.kr/store/goods/getGoodsDetail.do?goodsNo=A000000170042,https://image.oliveyoung.co.kr/cfimages/cf-goods/uploads/images/thumbnails/400/10/0000/0017/A00000017004228ko.jpg?l=ko,6400,5760,10.0,25105,4.8,88,9,2,0,0,0,1,0,1,A000000170042,10000020004
2026-08-16,위생용품,4,좋은느낌,[8월올영픽][2026 NEW] 좋은느낌 썸머 생리대 4종 택1 (패드/입는오버나이트) (중형/대형),https://www.oliveyoung.co.kr/store/goods/getGoodsDetail.do?goodsNo=A000000250705,https://image.oliveyoung.co.kr/cfimages/cf-goods/uploads/images/thumbnails/400/10/0000/0025/A00000025070566ko.png?l=ko,9000,6950,22.8,8465,4.8,88,8,2,0,0,0,1,1,1,A000000250705,10000020004
2026-08-16,위생용품,5,아로마티카,[3년연속1위] 아로마티카 여성청결제 4종 택 1 (퓨어 앤 소프트 170ml 기획 /컴포트 모이스처 200ml 기획),https://www.oliveyoung.co.kr/store/goods/getGoodsDetail.do?goodsNo=A000000174439,https://image.oliveyoung.co.kr/cfimages/cf-goods/uploads/images/thumbnails/400/10/0000/0017/A00000017443998ko.jpg?l=ko,35000,18900,46.0,38151,4.8,86,11,3,0,0,1,1,1,1,A000000174439,10000020004
2026-08-16,위생용품,6,좋은느낌,"[2025 어워즈] 좋은느낌 오리지널 입는오버나이트 (S/M/L, 대용량)",https://www.oliveyoung.co.kr/store/goods/getGoodsDetail.do?goodsNo=A000000162121,https://image.oliveyoung.co.kr/cfimages/cf-goods/uploads/images/thumbnails/400/10/0000/0016/A00000016212143ko.png?l=ko,8600,7200,16.3,25103,4.9,92,6,1,0,0,0,1,0,1,A000000162121,10000020004
2026-08-16,위생용품,7,바른생각,[의료기기] 바른생각 콘돔 19종 택 1,https://www.oliveyoung.co.kr/store/goods/getGoodsDetail.do?goodsNo=A000000148268,https://image.oliveyoung.co.kr/cfimages/cf-goods/uploads/images/thumbnails/400/10/0000/0014/A00000014826850ko.jpg?l=ko,9900,9900,0.0,22195,4.8,88,8,3,0,1,0,0,1,1,A000000148268,10000020004
2026-08-16,위생용품,8,디어스킨,[8월올영픽][젤라비PICK/2026 NEW] 디어스킨 에어쿨링 3종 택1 (중형/대형),https://www.oliveyoung.co.kr/store/goods/getGoodsDetail.do?goodsNo=A000000224002,https://image.oliveyoung.co.kr/cfimages/cf-goods/uploads/images/thumbnails/400/10/0000/0022/A00000022400232ko.jpg?l=ko,8400,5900,29.8,4764,4.6,79,12,6,2,2,0,1,0,1,A000000224002,10000020004
2026-08-16,위생용품,9,순수한면,순수한면 건강한 유기농순면 탐폰 레귤러/슈퍼 4종 택 1,https://www.oliveyoung.co.kr/store/goods/getGoodsDetail.do?goodsNo=A000000155771,https://image.oliveyoung.co.kr/cfimages/cf-goods/uploads/images/thumbnails/400/10/0000/0015/A00000015577117ko.jpg?l=ko,6400,5760,10.0,14065,4.8,86,9,3,1,1,0,1,0,1,A000000155771,10000020004
2026-08-16,위생용품,10,좋은느낌,[NEW] 좋은느낌 유기농100%순면 생리대 (소/중/대/수퍼롱),https://www.oliveyoung.co.kr/store/goods/getGoodsDetail.do?goodsNo=A000000223388,https://image.oliveyoung.co.kr/cfimages/cf-goods/uploads/images/thumbnails/400/10/0000/0022/A00000022338826ko.png?l=ko,19600,8820,55.0,21325,4.9,89,9,2,0,0,1,1,0,1,A000000223388,10000020004
2026-08-16,위생용품,11,메디온,[8월올영픽][햄깅키링증정] 메디온 포밍워시 여성청결제 기획 4종 택1 [포밍/쿨링],https://www.oliveyoung.co.kr/store/goods/getGoodsDetail.do?goodsNo=A000000180548,https://image.oliveyoung.co.kr/cfimages/cf-goods/uploads/images/thumbnails/400/10/0000/0018/A00000018054858ko.jpg?l=ko,24900,18600,25.3,5828,4.9,94,4,1,0,0,1,1,0,1,A000000180548,10000020004
2026-08-16,위생용품,12,좋은느낌,[8월올영픽]2026 좋은느낌 썸머 입는오버나이트 M/L 4P,https://www.oliveyoung.co.kr/store/goods/getGoodsDetail.do?goodsNo=A000000255428,https://image.oliveyoung.co.kr/cfimages/cf-goods/uploads/images/thumbnails/400/10/0000/0025/A00000025542847ko.jpg?l=ko,9000,6950,22.8,894,4.9,90,8,1,0,0,0,1,1,1,A000000255428,10000020004
2026-08-16,위생용품,13,라엘,[라엘시그니처] 라엘 유기농 순면커버 생리대 7종 택 1,https://www.oliveyoung.co.kr/store/goods/getGoodsDetail.do?goodsNo=A000000131345,https://image.oliveyoung.co.kr/cfimages/cf-goods/uploads/images/thumbnails/400/10/0000/0013/A00000013134564ko.jpg?l=ko,8400,5850,30.4,29893,4.8,87,10,2,0,0,1,1,0,1,A000000131345,10000020004
2026-08-16,위생용품,14,좋은느낌,좋은느낌 오리지널 울트라슬림 생리대 날개형 9종 택 1 (소형 / 중형 / 대형 / 수퍼롱),https://www.oliveyoung.co.kr/store/goods/getGoodsDetail.do?goodsNo=A000000014786,https://image.oliveyoung.co.kr/cfimages/cf-goods/uploads/images/thumbnails/400/10/0000/0001/A00000001478628ko.png?l=ko,1800,1170,35.0,20677,4.9,89,9,2,0,0,1,1,0,1,A000000014786,10000020004
2026-08-16,위생용품,15,이너시아,[8월올영픽/즉각쿨링] 이너시아 더 쿨 유기농 생리대 (6종 택1),https://www.oliveyoung.co.kr/store/goods/getGoodsDetail.do?goodsNo=A000000257283,https://image.oliveyoung.co.kr/cfimages/cf-goods/uploads/images/thumbnails/400/10/0000/0025/A00000025728312ko.png?l=ko,10800,7600,29.6,487,4.7,82,10,4,2,2,1,1,0,1,A000000257283,10000020004
2026-08-16,위생용품,16,유리아쥬,[온가족 여성청결제] 유리아쥬 진피 마일드 젤/폼 6종 택 1,https://www.oliveyoung.co.kr/store/goods/getGoodsDetail.do?goodsNo=A000000113494,https://image.oliveyoung.co.kr/cfimages/cf-goods/uploads/images/thumbnails/400/10/0000/0011/A000000113494123ko.jpg?l=ko,23000,18400,20.0,9347,4.9,89,8,2,0,0,1,0,0,1,A000000113494,10000020004
2026-08-16,위생용품,17,화이트,[8월올영픽][2026 NEW] 화이트 스테이쿨 생리대 5종 택 1 (중형/대형/입는오버나이트/수퍼롱/라이너),https://www.oliveyoung.co.kr/store/goods/getGoodsDetail.do?goodsNo=A000000251973,https://image.oliveyoung.co.kr/cfimages/cf-goods/uploads/images/thumbnails/400/10/0000/0025/A00000025197353ko.png?l=ko,9400,3700,60.6,15498,4.7,83,9,5,1,1,1,1,1,1,A000000251973,10000020004
2026-08-16,위생용품,18,순수한면,순수한면 제로 순면생리대 12종 택 1 (패드/라이너/슈퍼롱/입오버),https://www.oliveyoung.co.kr/store/goods/getGoodsDetail.do?goodsNo=A000000211989,https://image.oliveyoung.co.kr/cfimages/cf-goods/uploads/images/thumbnails/400/10/0000/0021/A00000021198933ko.jpg?l=ko,3600,2880,20.0,22232,4.9,92,6,2,0,0,0,1,0,1,A000000211989,10000020004
2026-08-16,위생용품,19,바른생각,[의료기기] 바른생각 젤 헬시 러브 2종 택1(100g / 12개입),https://www.oliveyoung.co.kr/store/goods/getGoodsDetail.do?goodsNo=A000000190915,https://image.oliveyoung.co.kr/cfimages/cf-goods/uploads/images/thumbnails/400/10/0000/0019/A00000019091540ko.jpg?l=ko,13500,11900,11.9,7651,4.8,85,10,4,1,1,1,0,1,1,A000000190915,10000020004
2026-08-16,위생용품,20,아로마티카,[8월올영픽][NEW/이나연PICK] 아로마티카 컴포트 모이스처 여성청결제 로즈&제라늄 200ml 리필 기획,https://www.oliveyoung.co.kr/store/goods/getGoodsDetail.do?goodsNo=A000000258680,https://image.oliveyoung.co.kr/cfimages/cf-goods/uploads/images/thumbnails/400/10/0000/0025/A00000025868021ko.jpg?l=ko,27000,17600,34.8,170,4.9,93,5,2,,,1,1,1,1,A000000258680,10000020004
2026-08-16,위생용품,21,사가미,[의료기기] 사가미 오리지널 콘돔 12종 택 1 [0.01/0.02],https://www.oliveyoung.co.kr/store/goods/getGoodsDetail.do?goodsNo=A000000117195,https://image.oliveyoung.co.kr/cfimages/cf-goods/uploads/images/thumbnails/400/10/0000/0011/A00000011719513ko.png?l=ko,31200,26400,15.4,10595,4.8,88,7,3,1,1,1,1,0,1,A000000117195,10000020004
2026-08-16,위생용품,22,쏘피,[8월올영픽]쏘피 쿨링프레쉬 여성청결제 150ML,https://www.oliveyoung.co.kr/store/goods/getGoodsDetail.do?goodsNo=A000000256022,https://image.oliveyoung.co.kr/cfimages/cf-goods/uploads/images/thumbnails/400/10/0000/0025/A00000025602225ko.jpg?l=ko,21900,6990,68.1,778,5.0,97,2,1,0,,1,1,1,1,A000000256022,10000020004
2026-08-16,위생용품,23,디어스킨,디어스킨 에어엠보 생리대 8종 택 1(패드 / 라이너 / 슈퍼롱 / 입는오버),https://www.oliveyoung.co.kr/store/goods/getGoodsDetail.do?goodsNo=A000000145609,https://image.oliveyoung.co.kr/cfimages/cf-goods/uploads/images/thumbnails/400/10/0000/0014/A00000014560921ko.jpg?l=ko,4900,4410,10.0,18527,4.8,88,9,2,0,0,0,1,0,1,A000000145609,10000020004
2026-08-16,위생용품,24,라엘,라엘 유기농 순면커버 입는오버나이트 6종 택1,https://www.oliveyoung.co.kr/store/goods/getGoodsDetail.do?goodsNo=A000000157030,https://image.oliveyoung.co.kr/cfimages/cf-goods/uploads/images/thumbnails/400/10/0000/0015/A00000015703057ko.jpg?l=ko,7900,5900,25.3,12575,4.9,92,6,2,0,0,1,1,0,1,A000000157030,10000020004
2026-08-16,위생용품,25,아스트로글라이드,[의료기기] 아스트로글라이드 오리지날 2종 택 1(74ml / 148ml),https://www.oliveyoung.co.kr/store/goods/getGoodsDetail.do?goodsNo=A000000208184,https://image.oliveyoung.co.kr/cfimages/cf-goods/uploads/images/thumbnails/400/10/0000/0020/A00000020818402ko.jpg?l=ko,25000,24000,4.0,973,4.9,91,6,3,,0,0,1,0,1,A000000208184,10000020004
2026-08-16,위생용품,26,유기농본,유기농본 울트라슬림날개 대형 28입/중형30입 2종 택 1,https://www.oliveyoung.co.kr/store/goods/getGoodsDetail.do?goodsNo=A000000105853,https://image.oliveyoung.co.kr/cfimages/cf-goods/uploads/images/thumbnails/400/10/0000/0010/A00000010585310ko.jpg?l=ko,13400,7900,41.0,18559,4.8,87,11,2,0,0,1,1,0,1,A000000105853,10000020004
2026-08-16,위생용품,27,라엘,[8월올영픽/품절대란템] 라엘 에어리쿨 순면커버 생리대 (4종 택1),https://www.oliveyoung.co.kr/store/goods/getGoodsDetail.do?goodsNo=A000000252461,https://image.oliveyoung.co.kr/cfimages/cf-goods/uploads/images/thumbnails/400/10/0000/0025/A00000025246125ko.jpg?l=ko,18800,9900,47.3,1529,4.7,82,13,3,1,1,1,1,0,1,A000000252461,10000020004
2026-08-16,위생용품,28,이너생각,[소윤PICK] 이너생각 여성청결제 기획 2종 택 1 (휩드워시/포밍워시),https://www.oliveyoung.co.kr/store/goods/getGoodsDetail.do?goodsNo=A000000214877,https://image.oliveyoung.co.kr/cfimages/cf-goods/uploads/images/thumbnails/400/10/0000/0021/A00000021487783ko.png?l=ko,18000,14000,22.2,9074,4.8,89,8,2,0,1,1,0,0,1,A000000214877,10000020004
2026-08-16,위생용품,29,바른생각,바른생각 젤 기획세트 150ml+50ml  2종 택 1 (젤 스탠다드 / 젤 내추럴 수딩),https://www.oliveyoung.co.kr/store/goods/getGoodsDetail.do?goodsNo=A000000152113,https://image.oliveyoung.co.kr/cfimages/cf-goods/uploads/images/thumbnails/400/10/0000/0015/A00000015211334ko.jpg?l=ko,17900,14900,16.8,4571,4.8,84,10,4,1,1,1,0,1,1,A000000152113,10000020004
2026-08-16,위생용품,30,콜만,콜만 생리대 중대형/중소형/팬티라이너 3종 택 1,https://www.oliveyoung.co.kr/store/goods/getGoodsDetail.do?goodsNo=A000000117457,https://image.oliveyoung.co.kr/cfimages/cf-goods/uploads/images/thumbnails/400/10/0000/0011/A00000011745748ko.jpg?l=ko,8600,8600,0.0,11704,4.8,81,14,3,0,1,0,0,0,1,A000000117457,10000020004
2026-08-16,위생용품,31,좋은느낌,좋은느낌 수퍼소프트 생리대 (패드/입오버/라이너),https://www.oliveyoung.co.kr/store/goods/getGoodsDetail.do?goodsNo=A000000208842,https://image.oliveyoung.co.kr/cfimages/cf-goods/uploads/images/thumbnails/400/10/0000/0020/A00000020884282ko.png?l=ko,8400,3400,59.5,21182,4.9,90,8,2,0,0,1,1,0,1,A000000208842,10000020004
2026-08-16,위생용품,32,포엘리에,[쿨링출시/Y존케어] 포엘리에 페미닌 이너퍼퓸 데일리 멀티 향수,https://www.oliveyoung.co.kr/store/goods/getGoodsDetail.do?goodsNo=A000000120264,https://image.oliveyoung.co.kr/cfimages/cf-goods/uploads/images/thumbnails/400/10/0000/0012/A00000012026451ko.jpg?l=ko,15900,12900,18.9,13556,4.7,81,13,4,1,1,1,0,0,1,A000000120264,10000020004
2026-08-16,위생용품,33,좋은느낌,좋은느낌 유기농100%순면 라이너 7종 택 1 (일반/롱/수퍼롱/맥시롱),https://www.oliveyoung.co.kr/store/goods/getGoodsDetail.do?goodsNo=A000000224296,https://image.oliveyoung.co.kr/cfimages/cf-goods/uploads/images/thumbnails/400/10/0000/0022/A00000022429635ko.png?l=ko,15400,6930,55.0,27971,4.8,87,11,2,0,0,1,1,0,1,A000000224296,10000020004
2026-08-16,위생용품,34,이너시아,이너시아 더 프리즘 유기농생리대 6종 택 1,https://www.oliveyoung.co.kr/store/goods/getGoodsDetail.do?goodsNo=A000000187776,https://image.oliveyoung.co.kr/cfimages/cf-goods/uploads/images/thumbnails/400/10/0000/0018/A00000018777648ko.jpg?l=ko,8500,7700,9.4,11872,4.8,88,9,2,0,1,1,0,0,1,A000000187776,10000020004
2026-08-16,위생용품,35,화이트,화이트 오마이 유기농 탐폰 6종 택 1 (레귤러/슈퍼),https://www.oliveyoung.co.kr/store/goods/getGoodsDetail.do?goodsNo=A000000206809,https://image.oliveyoung.co.kr/cfimages/cf-goods/uploads/images/thumbnails/400/10/0000/0020/A00000020680923ko.png?l=ko,9000,5300,41.1,3782,4.9,91,8,1,0,0,1,1,1,1,A000000206809,10000020004
2026-08-16,위생용품,36,화이트,화이트 제로필 탐폰 8개입 (레귤러/슈퍼),https://www.oliveyoung.co.kr/store/goods/getGoodsDetail.do?goodsNo=A000000250693,https://image.oliveyoung.co.kr/cfimages/cf-goods/uploads/images/thumbnails/400/10/0000/0025/A00000025069333ko.png?l=ko,7900,7110,10.0,1849,4.9,93,6,1,0,0,0,1,1,1,A000000250693,10000020004
2026-08-16,위생용품,37,라엘,[재입고완료/품절대란템] 라엘 에어리쿨 순면커버 입는 오버나이트 4P (M/L),https://www.oliveyoung.co.kr/store/goods/getGoodsDetail.do?goodsNo=A000000252463,https://image.oliveyoung.co.kr/cfimages/cf-goods/uploads/images/thumbnails/400/10/0000/0025/A00000025246316ko.jpg?l=ko,8400,5100,39.3,733,4.8,85,10,3,1,1,1,1,0,1,A000000252463,10000020004
2026-08-16,위생용품,38,쏘피,[8월올영픽]쏘피 쿨링프레쉬 유기농 생리대 2종 택 1(중형 14P/대형 12P),https://www.oliveyoung.co.kr/store/goods/getGoodsDetail.do?goodsNo=A000000255997,https://image.oliveyoung.co.kr/cfimages/cf-goods/uploads/images/thumbnails/400/10/0000/0025/A00000025599777ko.jpg?l=ko,7900,3750,52.5,659,4.9,91,6,2,0,1,1,1,1,1,A000000255997,10000020004
2026-08-16,위생용품,39,이너시아,이너시아 더 퍼펙션 생리대 2종 택 1(중형 14P/대형 12P),https://www.oliveyoung.co.kr/store/goods/getGoodsDetail.do?goodsNo=A000000211867,https://image.oliveyoung.co.kr/cfimages/cf-goods/uploads/images/thumbnails/400/10/0000/0021/A00000021186716ko.jpg?l=ko,9800,9800,0.0,1268,4.8,87,10,2,0,1,0,0,0,1,A000000211867,10000020004
2026-08-16,위생용품,40,인클리어,[의료기기] 인클리어/렛츠인클리어 질세정기 4종 택1,https://www.oliveyoung.co.kr/store/goods/getGoodsDetail.do?goodsNo=A000000193120,https://image.oliveyoung.co.kr/cfimages/cf-goods/uploads/images/thumbnails/400/10/0000/0019/A00000019312050ko.jpg?l=ko,8800,8800,0.0,18413,4.8,87,10,2,0,0,0,0,0,1,A000000193120,10000020004
2026-08-16,위생용품,41,템포,[올리브영 단독기획] 템포 레귤러/슈퍼 10+2p 증정기획,https://www.oliveyoung.co.kr/store/goods/getGoodsDetail.do?goodsNo=A000000259893,https://image.oliveyoung.co.kr/cfimages/cf-goods/uploads/images/thumbnails/400/10/0000/0025/A00000025989301ko.jpg?l=ko,7900,5500,30.4,6639,4.9,91,7,2,0,0,1,0,0,1,A000000259893,10000020004
2026-08-16,위생용품,42,지노큐어,[안주미PICK] 지노큐어 인텐시브 B3 미백크림 착색해결크림,https://www.oliveyoung.co.kr/store/goods/getGoodsDetail.do?goodsNo=A000000246013,https://image.oliveyoung.co.kr/cfimages/cf-goods/uploads/images/thumbnails/400/10/0000/0024/A00000024601308ko.png?l=ko,27800,27800,0.0,50,4.8,84,12,4,,,0,0,0,1,A000000246013,10000020004
2026-08-16,위생용품,43,유리아쥬,[온가족 여성청결제] 유리아쥬 진피 마일드 젤 단품/기획 택 1 (50ml/200ml/500ml),https://www.oliveyoung.co.kr/store/goods/getGoodsDetail.do?goodsNo=A000000120689,https://image.oliveyoung.co.kr/cfimages/cf-goods/uploads/images/thumbnails/400/10/0000/0012/A00000012068937ko.jpg?l=ko,11000,5500,50.0,5089,4.9,90,8,1,0,0,1,0,0,1,A000000120689,10000020004
2026-08-16,위생용품,44,포엘리에,[99.9%항균/특허성분] 포엘리에 오스몰 밸런스 여성청결제 200ml 여청제,https://www.oliveyoung.co.kr/store/goods/getGoodsDetail.do?goodsNo=A000000251794,https://image.oliveyoung.co.kr/cfimages/cf-goods/uploads/images/thumbnails/400/10/0000/0025/A00000025179411ko.jpg?l=ko,18000,17000,5.6,576,5.0,98,1,0,,0,1,0,0,1,A000000251794,10000020004
2026-08-16,위생용품,45,좋은느낌,[락토바실러스 함유] 좋은느낌 더밸런스 바이옴 여성 청결제 폼/청결티슈,https://www.oliveyoung.co.kr/store/goods/getGoodsDetail.do?goodsNo=A000000228164,https://image.oliveyoung.co.kr/cfimages/cf-goods/uploads/images/thumbnails/400/10/0000/0022/A00000022816437ko.png?l=ko,20000,8900,55.5,4521,4.9,92,6,1,0,0,1,1,0,1,A000000228164,10000020004
2026-08-16,위생용품,46,바른생각,[의료기기] 바른생각 익스트림 에어핏 4종 택 1,https://www.oliveyoung.co.kr/store/goods/getGoodsDetail.do?goodsNo=A000000147169,https://image.oliveyoung.co.kr/cfimages/cf-goods/uploads/images/thumbnails/400/10/0000/0014/A00000014716931ko.jpg?l=ko,14900,14900,0.0,7196,4.9,91,7,2,0,0,0,0,1,1,A000000147169,10000020004
2026-08-16,위생용품,47,쏘피,쏘피 바디피트 볼록맞춤 4종 택 1 (중형/대형/슈퍼롱/오버나이트),https://www.oliveyoung.co.kr/store/goods/getGoodsDetail.do?goodsNo=A000000009140,https://image.oliveyoung.co.kr/cfimages/cf-goods/uploads/images/thumbnails/400/10/0000/0000/A00000000914016ko.jpg?l=ko,6900,3450,50.0,33277,4.8,88,10,2,0,0,1,0,0,1,A000000009140,10000020004
2026-08-16,위생용품,48,메디온,[단독기획]메디온 퍼퓸미스트 기획세트(청결티슈 3매 추가증정),https://www.oliveyoung.co.kr/store/goods/getGoodsDetail.do?goodsNo=A000000191416,https://image.oliveyoung.co.kr/cfimages/cf-goods/uploads/images/thumbnails/400/10/0000/0019/A00000019141634ko.jpg?l=ko,29800,24200,18.8,3121,4.8,87,8,4,1,1,1,0,0,1,A000000191416,10000020004
2026-08-16,위생용품,49,사가미,[의료기기] 사가미 대용량 콘돔 2종 택1 [10개입/12개입],https://www.oliveyoung.co.kr/store/goods/getGoodsDetail.do?goodsNo=A000000259965,https://image.oliveyoung.co.kr/cfimages/cf-goods/uploads/images/thumbnails/400/10/0000/0025/A00000025996506ko.png?l=ko,33800,24900,26.3,8432,4.8,89,7,3,0,1,1,1,0,1,A000000259965,10000020004
2026-08-16,위생용품,50,초감각,[의료기기] 초감각 001 콘돔 2종 택 1 (10P/30P),https://www.oliveyoung.co.kr/store/goods/getGoodsDetail.do?goodsNo=A000000211965,https://image.oliveyoung.co.kr/cfimages/cf-goods/uploads/images/thumbnails/400/10/0000/0021/A00000021196508ko.jpg?l=ko,17900,16900,5.6,1590,4.9,92,4,2,0,1,1,0,0,1,A000000211965,10000020004
2026-08-16,위생용품,51,좋은느낌,좋은느낌 오리지널 맥시슬림 생리대 (중형/대형/수퍼롱/오버나이트),https://www.oliveyoung.co.kr/store/goods/getGoodsDetail.do?goodsNo=A000000249512,https://image.oliveyoung.co.kr/cfimages/cf-goods/uploads/images/thumbnails/400/10/0000/0024/A00000024951238ko.png?l=ko,3400,2990,12.1,142,4.8,89,6,4,1,,0,1,0,1,A000000249512,10000020004
2026-08-16,위생용품,52,쏘피,쏘피 안심숙면 팬티 10종 택 1(카카오프렌즈 3종/일반 7종),https://www.oliveyoung.co.kr/store/goods/getGoodsDetail.do?goodsNo=A000000102626,https://image.oliveyoung.co.kr/cfimages/cf-goods/uploads/images/thumbnails/400/10/0000/0010/A00000010262634ko.jpg?l=ko,9600,4800,50.0,18007,4.9,91,7,2,0,0,1,0,0,1,A000000102626,10000020004
2026-08-16,위생용품,53,이브,[의료기기] 이브 콘돔 7종 모음전,https://www.oliveyoung.co.kr/store/goods/getGoodsDetail.do?goodsNo=A000000158467,https://image.oliveyoung.co.kr/cfimages/cf-goods/uploads/images/thumbnails/400/10/0000/0015/A00000015846738ko.png?l=ko,12900,11900,7.8,3189,4.9,91,6,2,0,1,1,0,0,1,A000000158467,10000020004
2026-08-16,위생용품,54,썸머스이브,썸머스이브 페미닌 워시 멀티 베니핏 데일리 밸런스 3종 택 1,https://www.oliveyoung.co.kr/store/goods/getGoodsDetail.do?goodsNo=A000000116034,https://image.oliveyoung.co.kr/cfimages/cf-goods/uploads/images/thumbnails/400/10/0000/0011/A00000011603422ko.jpg?l=ko,18000,18000,0.0,4739,4.8,86,11,2,0,0,0,0,0,1,A000000116034,10000020004
2026-08-16,위생용품,55,아임오,아임오 입는 오버나이트 2종 택1 (중형4P/ 대형4P),https://www.oliveyoung.co.kr/store/goods/getGoodsDetail.do?goodsNo=A000000204871,https://image.oliveyoung.co.kr/cfimages/cf-goods/uploads/images/thumbnails/400/10/0000/0020/A00000020487110ko.jpg?l=ko,9800,9800,0.0,199,4.9,90,8,1,1,1,0,0,0,1,A000000204871,10000020004
2026-08-16,위생용품,56,이브,이브 핑거돔 18P (공산품),https://www.oliveyoung.co.kr/store/goods/getGoodsDetail.do?goodsNo=A000000166615,https://image.oliveyoung.co.kr/cfimages/cf-goods/uploads/images/thumbnails/400/10/0000/0016/A00000016661504ko.jpg?l=ko,12900,12900,0.0,1359,4.9,91,7,2,0,0,0,0,0,1,A000000166615,10000020004
2026-08-16,위생용품,57,라엘,[뷰튜버PICK]라엘 여성청결제 & 청결티슈 4종 택 1(천연/제주편백/청결티슈),https://www.oliveyoung.co.kr/store/goods/getGoodsDetail.do?goodsNo=A000000138252,https://image.oliveyoung.co.kr/cfimages/cf-goods/uploads/images/thumbnails/400/10/0000/0013/A00000013825224ko.jpg?l=ko,16900,10500,37.9,4844,4.8,88,9,3,0,1,1,1,0,1,A000000138252,10000020004
2026-08-16,위생용품,58,사포렐,[젤타입/폼타입]사포렐 여성청결제 5종 택 1(250ml+250ml 기획/250ml/500ml),https://www.oliveyoung.co.kr/store/goods/getGoodsDetail.do?goodsNo=A000000139331,https://image.oliveyoung.co.kr/cfimages/cf-goods/uploads/images/thumbnails/400/10/0000/0013/A00000013933142ko.jpg?l=ko,16900,13900,17.8,4077,4.8,87,10,2,0,0,1,1,0,1,A000000139331,10000020004
2026-08-16,위생용품,59,오브먼트,[화해1위/자연유래거품] 오브먼트 여성청결제 리필 기획 2종 (워시 스페셜/워시 데일리) 중 1,https://www.oliveyoung.co.kr/store/goods/getGoodsDetail.do?goodsNo=A000000216626,https://image.oliveyoung.co.kr/cfimages/cf-goods/uploads/images/thumbnails/400/10/0000/0021/A00000021662650ko.jpg?l=ko,26000,21900,15.8,870,4.9,90,7,3,,0,1,0,1,1,A000000216626,10000020004
2026-08-16,위생용품,60,포엘리에,포엘리에 오스몰 250 러브 마사지젤 2종 택 1 (단품/파우치),https://www.oliveyoung.co.kr/store/goods/getGoodsDetail.do?goodsNo=A000000223224,https://image.oliveyoung.co.kr/cfimages/cf-goods/uploads/images/thumbnails/400/10/0000/0022/A00000022322421ko.jpg?l=ko,12000,10900,9.2,1635,4.8,89,7,2,0,1,1,0,0,1,A000000223224,10000020004
2026-08-16,위생용품,61,바른생각,바른생각 베스트 젤 7종 택 1,https://www.oliveyoung.co.kr/store/goods/getGoodsDetail.do?goodsNo=A000000143636,https://image.oliveyoung.co.kr/cfimages/cf-goods/uploads/images/thumbnails/400/10/0000/0014/A00000014363636ko.jpg?l=ko,11500,11500,0.0,1814,4.7,81,12,5,1,1,0,0,1,1,A000000143636,10000020004
2026-08-16,위생용품,62,이체크,[의료기기] 동아제약 이체크 굿뉴스 얼리체크 임신테스트기 1KIT,https://www.oliveyoung.co.kr/store/goods/getGoodsDetail.do?goodsNo=A000000137788,https://image.oliveyoung.co.kr/cfimages/cf-goods/uploads/images/thumbnails/400/10/0000/0013/A00000013778808ko.jpg?l=ko,5000,3900,22.0,5296,4.9,92,5,2,0,1,1,0,0,1,A000000137788,10000020004
2026-08-16,위생용품,63,바른생각,바른생각 젤 스탠다드 15개입 (휴대용),https://www.oliveyoung.co.kr/store/goods/getGoodsDetail.do?goodsNo=A000000143649,https://image.oliveyoung.co.kr/cfimages/cf-goods/uploads/images/thumbnails/400/10/0000/0014/A00000014364914ko.jpg?l=ko,11500,11500,0.0,2310,4.7,81,12,5,1,1,0,0,1,1,A000000143649,10000020004
2026-08-16,위생용품,64,쎄페,[의료기기] 쎄페 여성세정제 2종 택 1 (1P/3P),https://www.oliveyoung.co.kr/store/goods/getGoodsDetail.do?goodsNo=A000000164321,https://image.oliveyoung.co.kr/cfimages/cf-goods/uploads/images/thumbnails/400/10/0000/0016/A00000016432103ko.jpg?l=ko,5000,3400,32.0,5633,4.9,90,7,3,0,0,1,1,0,1,A000000164321,10000020004
2026-08-16,위생용품,65,좋은느낌,좋은느낌 더밸런스 여성청결제 폼 150ml 무향,https://www.oliveyoung.co.kr/store/goods/getGoodsDetail.do?goodsNo=A000000248466,https://image.oliveyoung.co.kr/cfimages/cf-goods/uploads/images/thumbnails/400/10/0000/0024/A00000024846634ko.png?l=ko,20000,8900,55.5,241,4.8,87,10,2,0,,1,1,0,1,A000000248466,10000020004
2026-08-16,위생용품,66,좋은느낌,[대용량] 좋은느낌 유기농순면 무표백 생리대 4종 택1 (중형 / 대형 / 수퍼롱 /라이너),https://www.oliveyoung.co.kr/store/goods/getGoodsDetail.do?goodsNo=A000000168848,https://image.oliveyoung.co.kr/cfimages/cf-goods/uploads/images/thumbnails/400/10/0000/0016/A00000016884824ko.png?l=ko,13200,10560,20.0,1352,4.9,89,10,1,0,0,0,1,0,1,A000000168848,10000020004
2026-08-16,위생용품,67,디오넬,디오넬 시크릿러브 이너퍼퓸 6종 택 1,https://www.oliveyoung.co.kr/store/goods/getGoodsDetail.do?goodsNo=A000000104681,https://image.oliveyoung.co.kr/cfimages/cf-goods/uploads/images/thumbnails/400/10/0000/0010/A00000010468121ko.png?l=ko,16900,16900,0.0,7078,4.8,82,13,4,1,0,0,0,0,1,A000000104681,10000020004
2026-08-16,위생용품,68,바른생각,바른생각 배쓰젤리 3종 택1 [무향/로맨틱멜로],https://www.oliveyoung.co.kr/store/goods/getGoodsDetail.do?goodsNo=A000000198344,https://image.oliveyoung.co.kr/cfimages/cf-goods/uploads/images/thumbnails/400/10/0000/0019/A00000019834412ko.png?l=ko,13900,13900,0.0,721,4.8,83,11,3,1,1,0,0,1,1,A000000198344,10000020004
2026-08-16,위생용품,69,선악과즙,선악과즙 젤리탕 3종 택 1,https://www.oliveyoung.co.kr/store/goods/getGoodsDetail.do?goodsNo=A000000184187,https://image.oliveyoung.co.kr/cfimages/cf-goods/uploads/images/thumbnails/400/10/0000/0018/A00000018418731ko.jpg?l=ko,19900,17500,12.1,2163,4.7,83,9,5,1,2,1,0,0,1,A000000184187,10000020004
2026-08-16,위생용품,70,아임오,아임오 날개까지 유기농 순면 생리대 3종 택 1 (중형 14P/대형 9P/오버나이트 6P),https://www.oliveyoung.co.kr/store/goods/getGoodsDetail.do?goodsNo=A000000183218,https://image.oliveyoung.co.kr/cfimages/cf-goods/uploads/images/thumbnails/400/10/0000/0018/A00000018321830ko.jpg?l=ko,7600,6840,10.0,1349,4.8,84,12,4,0,0,0,1,0,1,A000000183218,10000020004
2026-08-16,위생용품,71,좋은느낌,좋은느낌 순면프레쉬 생리대 4종 택 1 (중형 / 대형 / 수퍼롱 / 라이너),https://www.oliveyoung.co.kr/store/goods/getGoodsDetail.do?goodsNo=A000000014788,https://image.oliveyoung.co.kr/cfimages/cf-goods/uploads/images/thumbnails/400/10/0000/0001/A00000001478831ko.png?l=ko,6000,5100,15.0,16138,4.8,88,10,2,0,0,0,1,0,1,A000000014788,10000020004
2026-08-16,위생용품,72,지혜,JIHE 지혜 항균 패드 단품/번들 (대형14P /중형 14P/ 롱 팬티라이너 20P),https://www.oliveyoung.co.kr/store/goods/getGoodsDetail.do?goodsNo=A000000190044,https://image.oliveyoung.co.kr/cfimages/cf-goods/uploads/images/thumbnails/400/10/0000/0019/A00000019004413ko.png?l=ko,7700,7700,0.0,748,4.7,81,9,8,0,1,0,0,0,1,A000000190044,10000020004
2026-08-16,위생용품,73,화이트,[냄새 99%소취]화이트 데오 팬티라이너 (일반/롱),https://www.oliveyoung.co.kr/store/goods/getGoodsDetail.do?goodsNo=A000000207337,https://image.oliveyoung.co.kr/cfimages/cf-goods/uploads/images/thumbnails/400/10/0000/0020/A00000020733725ko.jpg?l=ko,5400,4860,10.0,1983,4.7,82,11,4,1,1,0,1,1,1,A000000207337,10000020004
2026-08-16,위생용품,74,나트라케어,나트라케어 울트라패드 3종 택 1 ( 소형 14P / 중형 12P / 대형 10P),https://www.oliveyoung.co.kr/store/goods/getGoodsDetail.do?goodsNo=A000000158965,https://image.oliveyoung.co.kr/cfimages/cf-goods/uploads/images/thumbnails/400/10/0000/0015/A00000015896529ko.jpg?l=ko,9600,8000,16.7,4405,4.8,87,9,2,0,0,1,0,0,1,A000000158965,10000020004
2026-08-16,위생용품,75,아임오,아임오 날개까지 유기농순면 생리대 6종 택 1 (라이너/패드/오버나이트),https://www.oliveyoung.co.kr/store/goods/getGoodsDetail.do?goodsNo=A000000168883,https://image.oliveyoung.co.kr/cfimages/cf-goods/uploads/images/thumbnails/400/10/0000/0016/A00000016888313ko.jpg?l=ko,22800,22800,0.0,1076,4.8,87,11,1,0,0,0,0,0,1,A000000168883,10000020004
2026-08-16,위생용품,76,이너수,[8/14 하루특가][의료기기] 이너수 질 세정기 2종 택 1 (2P / 8P),https://www.oliveyoung.co.kr/store/goods/getGoodsDetail.do?goodsNo=A000000187661,https://image.oliveyoung.co.kr/cfimages/cf-goods/uploads/images/thumbnails/400/10/0000/0018/A00000018766120ko.jpg?l=ko,8400,7100,15.5,1147,4.9,95,3,1,0,,1,0,1,1,A000000187661,10000020004
2026-08-16,위생용품,77,유기농본,유기농본 울트라슬림날개 7종 택 1 (소형/중형/대형/오버나이트/증량),https://www.oliveyoung.co.kr/store/goods/getGoodsDetail.do?goodsNo=A000000006721,https://image.oliveyoung.co.kr/cfimages/cf-goods/uploads/images/thumbnails/400/10/0000/0000/A00000000672118ko.jpg?l=ko,8600,8500,1.2,15724,4.8,84,13,3,0,0,0,1,0,1,A000000006721,10000020004
2026-08-16,위생용품,78,라엘,라엘 유기농 순면커버 팬티라이너 5종 택 1,https://www.oliveyoung.co.kr/store/goods/getGoodsDetail.do?goodsNo=A000000183558,https://image.oliveyoung.co.kr/cfimages/cf-goods/uploads/images/thumbnails/400/10/0000/0018/A00000018355818ko.jpg?l=ko,5500,5500,0.0,5098,4.8,87,9,3,1,1,0,0,0,1,A000000183558,10000020004
2026-08-16,위생용품,79,해피문데이,[NEW] 해피문데이 이지 탐폰 3종 택1 (라이트/레귤러/슈퍼),https://www.oliveyoung.co.kr/store/goods/getGoodsDetail.do?goodsNo=A000000257391,https://image.oliveyoung.co.kr/cfimages/cf-goods/uploads/images/thumbnails/400/10/0000/0025/A00000025739107ko.png?l=ko,5700,5700,0.0,10364,4.8,89,7,2,0,0,0,0,0,1,A000000257391,10000020004
2026-08-16,위생용품,80,일리윤,일리윤 프로바이오틱스 젠틀클렌저 여성 청결제 300+100ML(기획/단품),https://www.oliveyoung.co.kr/store/goods/getGoodsDetail.do?goodsNo=A000000198950,https://image.oliveyoung.co.kr/cfimages/cf-goods/uploads/images/thumbnails/400/10/0000/0019/A00000019895033ko.jpg?l=ko,22000,22000,0.0,4264,4.9,90,8,2,0,0,0,0,0,1,A000000198950,10000020004
2026-08-16,위생용품,81,이너시아,[카이스트박사 PICK] 이너시아 더 프리즘 입는 오버나이트 3팩 2종 택1(중/대형),https://www.oliveyoung.co.kr/store/goods/getGoodsDetail.do?goodsNo=A000000197495,https://image.oliveyoung.co.kr/cfimages/cf-goods/uploads/images/thumbnails/400/10/0000/0019/A00000019749509ko.jpg?l=ko,31500,28900,8.3,103,4.8,83,15,2,,1,1,0,0,1,A000000197495,10000020004
2026-08-16,위생용품,82,이너시아,이너시아 더 쿨 입는 오버나이트 4P (중형/대형),https://www.oliveyoung.co.kr/store/goods/getGoodsDetail.do?goodsNo=A000000260492,https://image.oliveyoung.co.kr/cfimages/cf-goods/uploads/images/thumbnails/400/10/0000/0026/A00000026049205ko.jpg?l=ko,10800,9900,8.3,57,5.0,98,,2,,,1,0,0,1,A000000260492,10000020004
2026-08-16,위생용품,83,이너생각,이너생각 밸런싱 페미닌 카밍 미스트 30ml,https://www.oliveyoung.co.kr/store/goods/getGoodsDetail.do?goodsNo=A000000214860,https://image.oliveyoung.co.kr/cfimages/cf-goods/uploads/images/thumbnails/400/10/0000/0021/A00000021486012ko.png?l=ko,21900,20900,4.6,74,4.7,84,8,4,3,1,1,0,0,1,A000000214860,10000020004
2026-08-16,위생용품,84,바른생각,[의료기기] 바른생각 롱플레져핏 3종 택 1 (3개입 / 8개입 / 8개입 * 2팩),https://www.oliveyoung.co.kr/store/goods/getGoodsDetail.do?goodsNo=A000000016626,,6600,5900,10.6,1572,4.8,86,10,3,1,1,1,0,1,1,A000000016626,10000020004
2026-08-16,위생용품,85,식물나라,식물나라 비건쑥 순한 여성청결제 300ml (+리필 300ml),https://www.oliveyoung.co.kr/store/goods/getGoodsDetail.do?goodsNo=A000000179897,https://image.oliveyoung.co.kr/cfimages/cf-goods/uploads/images/thumbnails/400/10/0000/0017/A00000017989708ko.jpg?l=ko,19800,12800,35.4,4286,4.8,84,11,4,0,0,1,0,0,1,A000000179897,10000020004
2026-08-16,위생용품,86,바솔,[생리전후/압도적상쾌함]바솔 이너밸런싱 페미닌 티슈 15개입,https://www.oliveyoung.co.kr/store/goods/getGoodsDetail.do?goodsNo=A000000154550,https://image.oliveyoung.co.kr/cfimages/cf-goods/uploads/images/thumbnails/400/10/0000/0015/A00000015455022ko.jpg?l=ko,10000,8000,20.0,4981,4.9,89,9,2,0,0,1,0,0,1,A000000154550,10000020004
2026-08-16,위생용품,87,라엘,라엘 내추럴 청결 티슈 10매,https://www.oliveyoung.co.kr/store/goods/getGoodsDetail.do?goodsNo=A000000154482,https://image.oliveyoung.co.kr/cfimages/cf-goods/uploads/images/thumbnails/400/10/0000/0015/A00000015448215ko.jpg?l=ko,2500,2100,16.0,12065,4.9,89,8,2,0,0,1,1,0,1,A000000154482,10000020004
2026-08-16,위생용품,88,하기스,[1박스]2026 NEW 하기스 네이처메이드 썸머 팬티형 기저귀 3~7단계 택일,https://www.oliveyoung.co.kr/store/goods/getGoodsDetail.do?goodsNo=B000000257756,https://image.oliveyoung.co.kr/cfimages/cf-goods/uploads/images/thumbnails/400/10/0000/0025/B00000025775602ko.jpg?l=ko,91600,81600,10.9,31,4.9,90,10,,,,0,1,0,0,B000000257756,10000020004
2026-08-16,위생용품,89,미스미즈,미스미즈 이너 리프레싱 워시 50ml 3개입,https://www.oliveyoung.co.kr/store/goods/getGoodsDetail.do?goodsNo=A000000207556,https://image.oliveyoung.co.kr/cfimages/cf-goods/uploads/images/thumbnails/400/10/0000/0020/A00000020755607ko.jpg?l=ko,15000,15000,0.0,432,4.8,84,11,5,0,0,0,0,0,1,A000000207556,10000020004
2026-08-16,위생용품,90,이너시아,[카이스트박사 PICK]이너시아 더 프리즘 입는 오버나이트 3종 택1 (중/대형/특대형),https://www.oliveyoung.co.kr/store/goods/getGoodsDetail.do?goodsNo=A000000195421,https://image.oliveyoung.co.kr/cfimages/cf-goods/uploads/images/thumbnails/400/10/0000/0019/A00000019542110ko.jpg?l=ko,10800,9900,8.3,1568,4.8,89,8,3,1,0,1,0,0,1,A000000195421,10000020004
2026-08-16,위생용품,91,라엘,[올리브영 단독기획] 라엘 롱 라이너 54P,https://www.oliveyoung.co.kr/store/goods/getGoodsDetail.do?goodsNo=A000000208179,https://image.oliveyoung.co.kr/cfimages/cf-goods/uploads/images/thumbnails/400/10/0000/0020/A00000020817904ko.jpg?l=ko,14900,11500,22.8,5311,4.8,87,9,3,1,1,1,1,0,1,A000000208179,10000020004
2026-08-16,위생용품,92,크리넥스,크리넥스 마이비데 퓨어 캡 50매x12팩 화장실용 비데물티슈,https://www.oliveyoung.co.kr/store/goods/getGoodsDetail.do?goodsNo=B000000138042,https://image.oliveyoung.co.kr/cfimages/cf-goods/uploads/images/thumbnails/400/10/0000/0013/B00000013804208ko.jpg?l=ko,27900,23900,14.3,228,4.9,93,6,0,,0,0,1,0,0,B000000138042,10000020004
2026-08-16,위생용품,93,슈얼리,[얼리임테기] 슈얼리 얼리 임신스트립 5개입 [의료기기],https://www.oliveyoung.co.kr/store/goods/getGoodsDetail.do?goodsNo=A000000247767,https://image.oliveyoung.co.kr/cfimages/cf-goods/uploads/images/thumbnails/400/10/0000/0024/A00000024776701ko.png?l=ko,4000,3600,10.0,373,4.9,97,2,1,1,1,1,0,0,1,A000000247767,10000020004
2026-08-16,위생용품,94,애니타임,[산부인과 입점/글리세린 FREE] 애니타임 퓨어 젤 21ml 휴대용 3개입/6개입,https://www.oliveyoung.co.kr/store/goods/getGoodsDetail.do?goodsNo=A000000251975,https://image.oliveyoung.co.kr/cfimages/cf-goods/uploads/images/thumbnails/400/10/0000/0025/A00000025197524ko.png?l=ko,12000,10900,9.2,462,4.9,85,15,0,,,1,0,0,1,A000000251975,10000020004
2026-08-16,위생용품,95,화이트,화이트 코튼쿠션/데오 라이너 5종 택 1(일반/롱),https://www.oliveyoung.co.kr/store/goods/getGoodsDetail.do?goodsNo=A000000212577,https://image.oliveyoung.co.kr/cfimages/cf-goods/uploads/images/thumbnails/400/10/0000/0021/A00000021257719ko.png?l=ko,7000,6300,10.0,6805,4.8,84,11,4,1,1,0,1,1,1,A000000212577,10000020004
2026-08-16,위생용품,96,리얼촉촉,[의료기기] 리얼촉촉 001 콘돔 2종 택 1 (3개입/12개입),https://www.oliveyoung.co.kr/store/goods/getGoodsDetail.do?goodsNo=A000000214807,https://image.oliveyoung.co.kr/cfimages/cf-goods/uploads/images/thumbnails/400/10/0000/0021/A00000021480703ko.png?l=ko,6000,4800,20.0,2617,4.7,82,11,5,1,1,1,0,0,1,A000000214807,10000020004
2026-08-16,위생용품,97,씨드비,[파우치 증정]씨드비 이슬로 페미닌 포밍 워시 150ml 기획 (+청결티슈 2매),https://www.oliveyoung.co.kr/store/goods/getGoodsDetail.do?goodsNo=A000000228837,https://image.oliveyoung.co.kr/cfimages/cf-goods/uploads/images/thumbnails/400/10/0000/0022/A00000022883722ko.jpg?l=ko,19900,13210,33.6,2318,5.0,97,2,0,0,0,1,1,1,1,A000000228837,10000020004
2026-08-16,위생용품,98,나트라케어,나트라케어 울트라패드 3팩 번들 3종 택 1 (소형/중형/대형),https://www.oliveyoung.co.kr/store/goods/getGoodsDetail.do?goodsNo=A000000159453,https://image.oliveyoung.co.kr/cfimages/cf-goods/uploads/images/thumbnails/400/10/0000/0015/A00000015945319ko.jpg?l=ko,28800,22900,20.5,700,4.8,84,12,2,1,1,1,0,0,1,A000000159453,10000020004
2026-08-16,위생용품,99,이너시아,[카이스트박사 PICK] 이너시아 유기농 생리대 번들팩 3종 택1,https://www.oliveyoung.co.kr/store/goods/getGoodsDetail.do?goodsNo=A000000187774,https://image.oliveyoung.co.kr/cfimages/cf-goods/uploads/images/thumbnails/400/10/0000/0018/A00000018777429ko.jpg?l=ko,23300,21900,6.0,11872,4.8,88,9,2,0,1,1,0,0,1,A000000187774,10000020004
2026-08-16,위생용품,100,슈얼리,(하트임테기) 슈얼리 디지털 임신테스트기 7개입 [의료기기],https://www.oliveyoung.co.kr/store/goods/getGoodsDetail.do?goodsNo=A000000203107,https://image.oliveyoung.co.kr/cfimages/cf-goods/uploads/images/thumbnails/400/10/0000/0020/A00000020310704ko.jpg?l=ko,18000,16200,10.0,618,5.0,98,1,0,0,,1,0,0,1,A000000203107,10000020004
2026-08-16,패션,1,리무브,[밀착특허기술] 리무브 스킨브라 12종 택1,https://www.oliveyoung.co.kr/store/goods/getGoodsDetail.do?goodsNo=A000000144547,https://image.oliveyoung.co.kr/cfimages/cf-goods/uploads/images/thumbnails/400/10/0000/0014/A00000014454762ko.jpeg?l=ko,22000,17900,18.6,31053,4.7,81,13,5,1,1,1,0,0,1,A000000144547,10000030007
2026-08-16,패션,2,다슈,[초슬림 실리콘] 다슈 맨즈 에어핏 니플 밴드 52매(단품/더블기획),https://www.oliveyoung.co.kr/store/goods/getGoodsDetail.do?goodsNo=A000000227367,https://image.oliveyoung.co.kr/cfimages/cf-goods/uploads/images/thumbnails/400/10/0000/0022/A00000022736714ko.jpg?l=ko,14000,9400,32.9,618,4.8,86,8,4,1,1,1,1,1,1,A000000227367,10000030007
2026-08-16,패션,3,리무브,"[밀착특허기술] 리무브 스킨브라 에어 (8cm, 10cm)",https://www.oliveyoung.co.kr/store/goods/getGoodsDetail.do?goodsNo=A000000250020,https://image.oliveyoung.co.kr/cfimages/cf-goods/uploads/images/thumbnails/400/10/0000/0025/A00000025002002ko.jpg?l=ko,20000,18000,10.0,23646,4.7,80,13,5,1,1,1,0,0,1,A000000250020,10000030007
2026-08-16,패션,4,리무브,[단독기획] 리무브 스킨브라 더블기획 (브라이트/뉴트럴),https://www.oliveyoung.co.kr/store/goods/getGoodsDetail.do?goodsNo=A000000143314,https://image.oliveyoung.co.kr/cfimages/cf-goods/uploads/images/thumbnails/400/10/0000/0014/A00000014331428ko.jpeg?l=ko,33000,20000,39.4,28154,4.7,81,13,4,1,1,1,1,0,1,A000000143314,10000030007
2026-08-16,패션,5,리무브,리무브 더블업브라 (S~XL),https://www.oliveyoung.co.kr/store/goods/getGoodsDetail.do?goodsNo=A000000223493,https://image.oliveyoung.co.kr/cfimages/cf-goods/uploads/images/thumbnails/400/10/0000/0022/A00000022349367ko.jpg?l=ko,29000,22900,21.0,885,4.5,75,12,7,3,4,1,0,0,1,A000000223493,10000030007
2026-08-16,패션,6,마른파이브,마른파이브 두프리 실리콘 누드브라 슬림(리뉴얼),https://www.oliveyoung.co.kr/store/goods/getGoodsDetail.do?goodsNo=A000000206057,https://image.oliveyoung.co.kr/cfimages/cf-goods/uploads/images/thumbnails/400/10/0000/0020/A00000020605720ko.jpg?l=ko,18900,18900,0.0,5445,4.6,76,13,7,2,2,0,0,0,1,A000000206057,10000030007
2026-08-16,패션,7,오카모토,[온열양말] 오카모토 코타츠 양말 여성 블랙/그레이/모카브라운,https://www.oliveyoung.co.kr/store/goods/getGoodsDetail.do?goodsNo=A000000235476,https://image.oliveyoung.co.kr/cfimages/cf-goods/uploads/images/thumbnails/400/10/0000/0023/A00000023547616ko.jpg?l=ko,35900,31300,12.8,274,4.8,86,9,3,1,2,1,0,0,1,A000000235476,10000030007
2026-08-16,패션,8,베리시,[NEW] 베리시 누드브라 2종 (데미와이어/푸시업),https://www.oliveyoung.co.kr/store/goods/getGoodsDetail.do?goodsNo=A000000255845,https://image.oliveyoung.co.kr/cfimages/cf-goods/uploads/images/thumbnails/400/10/0000/0025/A00000025584509ko.jpg?l=ko,34900,34900,0.0,311,4.1,63,12,11,5,9,0,0,0,1,A000000255845,10000030007
2026-08-16,패션,9,브랜든,브랜든 헬로키티 메이크업 파우치,https://www.oliveyoung.co.kr/store/goods/getGoodsDetail.do?goodsNo=B000000254635,https://image.oliveyoung.co.kr/cfimages/cf-goods/uploads/images/thumbnails/400/10/0000/0025/B00000025463523ko.jpg?l=ko,38000,34200,10.0,199,4.7,85,10,2,1,3,0,1,0,0,B000000254635,10000030007
2026-08-16,패션,10,다슈,다슈 맨즈 에어핏 니플 밴드 더블기획 (52매+52매),https://www.oliveyoung.co.kr/store/goods/getGoodsDetail.do?goodsNo=A000000227366,https://image.oliveyoung.co.kr/cfimages/cf-goods/uploads/images/thumbnails/400/10/0000/0022/A00000022736608ko.jpg?l=ko,28000,15900,43.2,618,4.8,86,8,4,1,1,1,1,1,1,A000000227366,10000030007
2026-08-16,패션,11,폴프랜즈,[폴프랜즈] 원사이즈 매쉬 풋커버 3족번들 220-280mm (3 colors),https://www.oliveyoung.co.kr/store/goods/getGoodsDetail.do?goodsNo=A000000255546,https://image.oliveyoung.co.kr/cfimages/cf-goods/uploads/images/thumbnails/400/10/0000/0025/A00000025554603ko.jpg?l=ko,14900,9900,33.6,64,5.0,97,2,2,,,0,1,0,1,A000000255546,10000030007
2026-08-16,패션,12,컴포트랩,[화사PICK/컴포트랩] 듀얼쿨 튜브탑 4colors / 8Size,https://www.oliveyoung.co.kr/store/goods/getGoodsDetail.do?goodsNo=B000000220312,https://image.oliveyoung.co.kr/cfimages/cf-goods/uploads/images/thumbnails/400/10/0000/0022/B00000022031215ko.jpg?l=ko,37900,37900,0.0,37,4.6,78,5,14,3,,0,0,0,0,B000000220312,10000030007
2026-08-16,패션,13,리무브,[밀착특허기술] 리무브 플레인 스킨브라 (무접착제) 4종,https://www.oliveyoung.co.kr/store/goods/getGoodsDetail.do?goodsNo=A000000146889,https://image.oliveyoung.co.kr/cfimages/cf-goods/uploads/images/thumbnails/400/10/0000/0014/A00000014688908ko.jpg?l=ko,16000,16000,0.0,1217,4.6,79,12,6,1,2,0,0,0,1,A000000146889,10000030007
2026-08-16,패션,14,리플러츠,[팬티라인완벽보정] 리플러츠 당당 티팬티 S/M/L (베이지/블랙),https://www.oliveyoung.co.kr/store/goods/getGoodsDetail.do?goodsNo=A000000208190,https://image.oliveyoung.co.kr/cfimages/cf-goods/uploads/images/thumbnails/400/10/0000/0020/A00000020819012ko.jpg?l=ko,23900,21200,11.3,298,4.6,71,19,8,1,1,1,0,0,1,A000000208190,10000030007
2026-08-16,패션,15,브랜든,브랜든 확장형 뷰티 파우치 1개입 & 2개입,https://www.oliveyoung.co.kr/store/goods/getGoodsDetail.do?goodsNo=B000000216080,https://image.oliveyoung.co.kr/cfimages/cf-goods/uploads/images/thumbnails/400/10/0000/0021/B00000021608002ko.jpg?l=ko,32000,32000,0.0,43,4.8,88,9,,2,,0,0,0,0,B000000216080,10000030007
2026-08-16,패션,16,바른생각,[NEW] 바른생각 비-프리 드로즈 남성 블랙 (2Size),https://www.oliveyoung.co.kr/store/goods/getGoodsDetail.do?goodsNo=A000000229354,https://image.oliveyoung.co.kr/cfimages/cf-goods/uploads/images/thumbnails/400/10/0000/0022/A00000022935401ko.png?l=ko,19900,19900,0.0,17,4.9,94,6,,,,0,0,1,1,A000000229354,10000030007
2026-08-16,패션,17,베리시,[NEW] 베리시 트라이앵글 니플패치 (S/M/L),https://www.oliveyoung.co.kr/store/goods/getGoodsDetail.do?goodsNo=A000000256042,https://image.oliveyoung.co.kr/cfimages/cf-goods/uploads/images/thumbnails/400/10/0000/0025/A00000025604207ko.jpg?l=ko,18900,14200,24.9,114,4.8,87,8,3,,3,1,0,0,1,A000000256042,10000030007
2026-08-16,패션,18,오프아워,오프아워 버터크림 긴팔 잠옷 세트 3종 택 1 (M / L /XL),https://www.oliveyoung.co.kr/store/goods/getGoodsDetail.do?goodsNo=A000000246683,https://image.oliveyoung.co.kr/cfimages/cf-goods/uploads/images/thumbnails/400/10/0000/0024/A00000024668301ko.jpg?l=ko,29900,27500,8.0,14,4.9,93,7,,,,1,0,0,1,A000000246683,10000030007
2026-08-16,패션,19,오카모토,[수면케어] 오카모토 코타츠 굿나잇 스위치 양말 여성 그레이,https://www.oliveyoung.co.kr/store/goods/getGoodsDetail.do?goodsNo=A000000235477,https://image.oliveyoung.co.kr/cfimages/cf-goods/uploads/images/thumbnails/400/10/0000/0023/A00000023547712ko.jpg?l=ko,62900,54900,12.7,31,4.8,84,10,6,,,1,0,0,1,A000000235477,10000030007
2026-08-16,패션,20,필리밀리,필리밀리X챠미키티 잡화 2종 (UV3단양우산/피크닉매트&파우치),https://www.oliveyoung.co.kr/store/goods/getGoodsDetail.do?goodsNo=A000000248705,https://image.oliveyoung.co.kr/cfimages/cf-goods/uploads/images/thumbnails/400/10/0000/0024/A00000024870506ko.jpg?l=ko,22500,11130,50.5,1892,4.8,89,8,2,1,0,1,1,0,1,A000000248705,10000030007
2026-08-16,패션,21,플라이코지,[리뷰이벤트] [예신필수템] 플라이코지 웨딩 속옷 올인원 SET (살결 후크 누브라 + 코지팬티),https://www.oliveyoung.co.kr/store/goods/getGoodsDetail.do?goodsNo=A000000233706,https://image.oliveyoung.co.kr/cfimages/cf-goods/uploads/images/thumbnails/400/10/0000/0023/A00000023370613ko.jpg?l=ko,33000,33000,0.0,604,4.8,90,6,3,0,2,0,0,0,1,A000000233706,10000030007
2026-08-16,패션,22,슬림9,[말림없는편한팬티] 슬림9 네모팬티 2color 택 1 (S/M/L),https://www.oliveyoung.co.kr/store/goods/getGoodsDetail.do?goodsNo=A000000129688,https://image.oliveyoung.co.kr/cfimages/cf-goods/uploads/images/thumbnails/400/10/0000/0012/A00000012968809ko.png?l=ko,23900,21900,8.4,5002,4.6,74,16,7,2,2,1,0,0,1,A000000129688,10000030007
2026-08-16,패션,23,컴포트랩,[컴포트랩] 에르고핏 포인텔 캐미탑 3colors / 8Size,https://www.oliveyoung.co.kr/store/goods/getGoodsDetail.do?goodsNo=B000000231368,https://image.oliveyoung.co.kr/cfimages/cf-goods/uploads/images/thumbnails/400/10/0000/0023/B00000023136801ko.jpg?l=ko,42900,42900,0.0,13,5.0,100,,,,,0,0,0,0,B000000231368,10000030007
2026-08-16,패션,24,도로시와,도로시와 풀샷브라 볼륨업 서포트 백리스,https://www.oliveyoung.co.kr/store/goods/getGoodsDetail.do?goodsNo=B000000225403,https://image.oliveyoung.co.kr/cfimages/cf-goods/uploads/images/thumbnails/400/10/0000/0022/B00000022540309ko.png?l=ko,40000,20000,50.0,69,4.9,90,6,4,,,0,1,0,0,B000000225403,10000030007
2026-08-16,패션,25,베리시,[NEW] 베리시 푸시업 누드브라 (XS/S/M/L),https://www.oliveyoung.co.kr/store/goods/getGoodsDetail.do?goodsNo=A000000256044,https://image.oliveyoung.co.kr/cfimages/cf-goods/uploads/images/thumbnails/400/10/0000/0025/A00000025604407ko.jpg?l=ko,34900,34900,0.0,154,4.3,68,8,13,5,6,0,0,0,1,A000000256044,10000030007
2026-08-16,패션,26,마른파이브,마른파이브 두프리 에어 심리스 누드브라 하프컵,https://www.oliveyoung.co.kr/store/goods/getGoodsDetail.do?goodsNo=A000000203369,https://image.oliveyoung.co.kr/cfimages/cf-goods/uploads/images/thumbnails/400/10/0000/0020/A00000020336925ko.jpg?l=ko,17900,16100,10.1,1665,4.5,73,12,9,3,3,1,0,0,1,A000000203369,10000030007
2026-08-16,패션,27,마른파이브,마른파이브 캡내장 모달 브라캡 나시탑 F/L~XXL (블랙/그레이/스킨/아이보리),https://www.oliveyoung.co.kr/store/goods/getGoodsDetail.do?goodsNo=B000000213663,https://image.oliveyoung.co.kr/cfimages/cf-goods/uploads/images/thumbnails/400/10/0000/0021/B00000021366301ko.jpg?l=ko,17900,15900,11.2,133,4.9,95,5,,,,0,1,0,0,B000000213663,10000030007
2026-08-16,패션,28,플라이코지,플라이코지 살결 후크 누브라 (1size/2size),https://www.oliveyoung.co.kr/store/goods/getGoodsDetail.do?goodsNo=A000000233487,https://image.oliveyoung.co.kr/cfimages/cf-goods/uploads/images/thumbnails/400/10/0000/0023/A00000023348706ko.png?l=ko,33000,33000,0.0,179,4.7,85,9,2,,3,0,0,0,1,A000000233487,10000030007
2026-08-16,패션,29,방탄꼭지,방탄꼭지 걸프리쉬 65mm,https://www.oliveyoung.co.kr/store/goods/getGoodsDetail.do?goodsNo=A000000161274,https://image.oliveyoung.co.kr/cfimages/cf-goods/uploads/images/thumbnails/400/10/0000/0016/A00000016127407ko.jpg?l=ko,14900,14900,0.0,2940,4.6,78,13,6,1,2,0,0,0,1,A000000161274,10000030007
2026-08-16,패션,30,도씨,도씨 실크핏 클린 긴팔 커플 잠옷 세트 베이지,https://www.oliveyoung.co.kr/store/goods/getGoodsDetail.do?goodsNo=A000000241502,https://image.oliveyoung.co.kr/cfimages/cf-goods/uploads/images/thumbnails/400/10/0000/0024/A00000024150206ko.jpg?l=ko,41900,29900,28.6,56,4.8,89,5,4,,2,1,1,0,1,A000000241502,10000030007
2026-08-16,패션,31,레고트,레고트 핸디 큐브 파우치 L (5 colors),https://www.oliveyoung.co.kr/store/goods/getGoodsDetail.do?goodsNo=A000000228669,https://image.oliveyoung.co.kr/cfimages/cf-goods/uploads/images/thumbnails/400/10/0000/0022/A00000022866901ko.jpg?l=ko,29000,29000,0.0,7,5.0,100,,,,,0,0,0,1,A000000228669,10000030007
2026-08-16,패션,32,리무브,리무브 스킨브라 후크 (S~L),https://www.oliveyoung.co.kr/store/goods/getGoodsDetail.do?goodsNo=A000000229631,https://image.oliveyoung.co.kr/cfimages/cf-goods/uploads/images/thumbnails/400/10/0000/0022/A00000022963128ko.jpg?l=ko,28000,28000,0.0,152,4.6,77,14,5,1,3,0,0,0,1,A000000229631,10000030007
2026-08-16,패션,33,오프아워,오프아워 민티 스트라이프 긴팔 잠옷 세트 3종 택 1 (M / L / XL),https://www.oliveyoung.co.kr/store/goods/getGoodsDetail.do?goodsNo=A000000246681,https://image.oliveyoung.co.kr/cfimages/cf-goods/uploads/images/thumbnails/400/10/0000/0024/A00000024668101ko.jpg?l=ko,29900,27500,8.0,7,5.0,100,,,,,1,0,0,1,A000000246681,10000030007
2026-08-16,패션,34,비브비브,비브비브 오 니플패치 물방울형 (점착/무점착),https://www.oliveyoung.co.kr/store/goods/getGoodsDetail.do?goodsNo=A000000250420,https://image.oliveyoung.co.kr/cfimages/cf-goods/uploads/images/thumbnails/400/10/0000/0025/A00000025042013ko.jpg?l=ko,18900,12900,31.7,93,4.5,80,6,6,3,4,1,1,0,1,A000000250420,10000030007
2026-08-16,패션,35,오프아워,"[쿨썸머/올리브영 단독] 오프아워 베이비드림 반팔+긴바지 잠옷 세트 (M, L, XL)",https://www.oliveyoung.co.kr/store/goods/getGoodsDetail.do?goodsNo=A000000257839,https://image.oliveyoung.co.kr/cfimages/cf-goods/uploads/images/thumbnails/400/10/0000/0025/A00000025783907ko.jpg?l=ko,35900,24500,31.8,1,5.0,100,,,,,1,1,0,1,A000000257839,10000030007
2026-08-16,패션,36,나른,나른 브레즘 숏트렁크 워터컬러 시리즈 (2colors),https://www.oliveyoung.co.kr/store/goods/getGoodsDetail.do?goodsNo=A000000225899,https://image.oliveyoung.co.kr/cfimages/cf-goods/uploads/images/thumbnails/400/10/0000/0022/A00000022589906ko.jpg?l=ko,14900,14900,0.0,4301,4.8,88,8,3,0,1,0,0,0,1,A000000225899,10000030007
2026-08-16,패션,37,브랜든,브랜든 백인백 멀티 파우치 라이트 3종,https://www.oliveyoung.co.kr/store/goods/getGoodsDetail.do?goodsNo=B000000231869,https://image.oliveyoung.co.kr/cfimages/cf-goods/uploads/images/thumbnails/400/10/0000/0023/B00000023186901ko.jpg?l=ko,24000,24000,0.0,0,0.0,,,,,,0,0,0,0,B000000231869,10000030007
2026-08-16,패션,38,숨바꼭지,라이프티 숨바꼭지 베이직 (104매입),https://www.oliveyoung.co.kr/store/goods/getGoodsDetail.do?goodsNo=A000000187346,https://image.oliveyoung.co.kr/cfimages/cf-goods/uploads/images/thumbnails/400/10/0000/0018/A00000018734604ko.jpg?l=ko,13500,9900,26.7,1001,4.7,82,11,5,1,1,1,0,0,1,A000000187346,10000030007
2026-08-16,패션,39,컴포트랩,[컴포트랩] 위생 햄팬티 2colors / 4Size,https://www.oliveyoung.co.kr/store/goods/getGoodsDetail.do?goodsNo=B000000221568,https://image.oliveyoung.co.kr/cfimages/cf-goods/uploads/images/thumbnails/400/10/0000/0022/B00000022156801ko.jpg?l=ko,9900,9900,0.0,18,4.9,94,6,,,,0,0,0,0,B000000221568,10000030007
2026-08-16,패션,40,오프아워,오프아워 자이푸르 반팔 잠옷 세트,https://www.oliveyoung.co.kr/store/goods/getGoodsDetail.do?goodsNo=B000000254598,https://image.oliveyoung.co.kr/cfimages/cf-goods/uploads/images/thumbnails/400/10/0000/0025/B00000025459801ko.jpg?l=ko,26300,20900,20.5,0,0.0,,,,,,0,1,0,0,B000000254598,10000030007
2026-08-16,패션,41,다슈,다슈 맨즈 매직커버 니플밴드 (52매),https://www.oliveyoung.co.kr/store/goods/getGoodsDetail.do?goodsNo=A000000143127,https://image.oliveyoung.co.kr/cfimages/cf-goods/uploads/images/thumbnails/400/10/0000/0014/A00000014312701ko.jpg?l=ko,12000,7200,40.0,3424,4.7,81,12,5,1,1,1,0,1,1,A000000143127,10000030007
2026-08-16,패션,42,떰토,떰토 필라테스 미끄럼방지 발가락 양말 다크 네이비,https://www.oliveyoung.co.kr/store/goods/getGoodsDetail.do?goodsNo=A000000239949,https://image.oliveyoung.co.kr/cfimages/cf-goods/uploads/images/thumbnails/400/10/0000/0023/A00000023994901ko.jpg?l=ko,20000,20000,0.0,1,5.0,100,,,,,0,0,0,1,A000000239949,10000030007
2026-08-16,패션,43,나른,(하의) 나른 브레즘 인앤아웃 숏트렁크 (6 colors),https://www.oliveyoung.co.kr/store/goods/getGoodsDetail.do?goodsNo=A000000226491,https://image.oliveyoung.co.kr/cfimages/cf-goods/uploads/images/thumbnails/400/10/0000/0022/A00000022649111ko.jpg?l=ko,19900,19900,0.0,1750,4.8,89,7,3,1,0,0,0,0,1,A000000226491,10000030007
2026-08-16,패션,44,도씨,[쿨썸머] 해원 PICK 도씨 실크핏 반팔 3종 택 1(웬즈데이/더스트/퓨어),https://www.oliveyoung.co.kr/store/goods/getGoodsDetail.do?goodsNo=A000000249022,https://image.oliveyoung.co.kr/cfimages/cf-goods/uploads/images/thumbnails/400/10/0000/0024/A00000024902223ko.jpg?l=ko,41900,19900,52.5,40,5.0,98,,3,,,1,1,0,1,A000000249022,10000030007
2026-08-16,패션,45,레고트,레고트 핸디 큐브 파우치 S (5 colors),https://www.oliveyoung.co.kr/store/goods/getGoodsDetail.do?goodsNo=A000000228668,https://image.oliveyoung.co.kr/cfimages/cf-goods/uploads/images/thumbnails/400/10/0000/0022/A00000022866801ko.jpg?l=ko,22000,19000,13.6,4,5.0,100,,,,,1,0,0,1,A000000228668,10000030007
2026-08-16,패션,46,나른,나른 브레즘 모달 캡내장 캐미솔 (2colors),https://www.oliveyoung.co.kr/store/goods/getGoodsDetail.do?goodsNo=A000000248508,https://image.oliveyoung.co.kr/cfimages/cf-goods/uploads/images/thumbnails/400/10/0000/0024/A00000024850805ko.jpg?l=ko,29900,18400,38.5,280,4.8,91,4,3,1,1,1,1,0,1,A000000248508,10000030007
2026-08-16,패션,47,모무,모무 박하드로즈 블랙 5종 택1 (M~3XL),https://www.oliveyoung.co.kr/store/goods/getGoodsDetail.do?goodsNo=A000000229416,https://image.oliveyoung.co.kr/cfimages/cf-goods/uploads/images/thumbnails/400/10/0000/0022/A00000022941602ko.jpg?l=ko,8600,8300,3.5,508,5.0,99,0,,,1,1,0,0,1,A000000229416,10000030007
2026-08-16,패션,48,마른파이브,마른파이브 모달코튼 캡내장 스트링 브라탑 롱나시 2 colors,https://www.oliveyoung.co.kr/store/goods/getGoodsDetail.do?goodsNo=A000000214725,https://image.oliveyoung.co.kr/cfimages/cf-goods/uploads/images/thumbnails/400/10/0000/0021/A00000021472502ko.jpg?l=ko,19900,17900,10.1,94,4.4,72,13,6,2,6,1,0,0,1,A000000214725,10000030007
2026-08-16,패션,49,마른파이브,마른파이브 오가닉 심리스 사각 드로즈 네모팬티 4종 택1,https://www.oliveyoung.co.kr/store/goods/getGoodsDetail.do?goodsNo=B000000173685,https://image.oliveyoung.co.kr/cfimages/cf-goods/uploads/images/thumbnails/400/10/0000/0017/B00000017368517ko.jpg?l=ko,19900,17900,10.1,57,4.8,88,5,5,,2,0,1,0,0,B000000173685,10000030007
2026-08-16,패션,50,필리밀리,[포켓몬 에디션] 필리밀리 포켓몬 에디션 골라담기,https://www.oliveyoung.co.kr/store/goods/getGoodsDetail.do?goodsNo=A000000252756,https://image.oliveyoung.co.kr/cfimages/cf-goods/uploads/images/thumbnails/400/10/0000/0025/A00000025275613ko.jpg?l=ko,6000,4900,18.3,15808,4.8,86,10,3,0,0,1,0,0,1,A000000252756,10000030007
2026-08-16,패션,51,비비안,비비안 제로라인 심리스 팬티 2매입 (베이지/블랙),https://www.oliveyoung.co.kr/store/goods/getGoodsDetail.do?goodsNo=A000000257668,https://image.oliveyoung.co.kr/cfimages/cf-goods/uploads/images/thumbnails/400/10/0000/0025/A00000025766811ko.jpg?l=ko,10900,7900,27.5,91,4.8,86,12,1,,1,1,1,0,1,A000000257668,10000030007
2026-08-16,패션,52,올리브영,초경량 UV 우양산 (민트/우산겸용 양산),https://www.oliveyoung.co.kr/store/goods/getGoodsDetail.do?goodsNo=A000000127074,https://image.oliveyoung.co.kr/cfimages/cf-goods/uploads/images/thumbnails/400/10/0000/0012/A00000012707402ko.jpg?l=ko,17000,17000,0.0,2086,4.5,73,15,8,2,2,0,0,0,1,A000000127074,10000030007
2026-08-16,패션,53,포렉스,포렉스 더블 메모리폼 쿠션 데일리 깔창 (S/M/L),https://www.oliveyoung.co.kr/store/goods/getGoodsDetail.do?goodsNo=B000000243270,https://image.oliveyoung.co.kr/cfimages/cf-goods/uploads/images/thumbnails/400/10/0000/0024/B00000024327001ko.jpg?l=ko,19800,16800,15.2,0,0.0,,,,,,0,1,0,0,B000000243270,10000030007
2026-08-16,패션,54,마른파이브,"마른파이브 프리플 여성 니플패치 8cm, 10cm 4종 택1",https://www.oliveyoung.co.kr/store/goods/getGoodsDetail.do?goodsNo=A000000188335,https://image.oliveyoung.co.kr/cfimages/cf-goods/uploads/images/thumbnails/400/10/0000/0018/A00000018833511ko.jpg?l=ko,14900,13400,10.1,1475,4.7,81,12,4,1,1,1,0,0,1,A000000188335,10000030007
2026-08-16,패션,55,플라이코지,플라이코지 살결 니플패치,https://www.oliveyoung.co.kr/store/goods/getGoodsDetail.do?goodsNo=A000000233485,https://image.oliveyoung.co.kr/cfimages/cf-goods/uploads/images/thumbnails/400/10/0000/0023/A00000023348505ko.png?l=ko,16400,14760,10.0,78,4.7,86,8,3,,4,1,0,0,1,A000000233485,10000030007
2026-08-16,패션,56,오첵,오첵 폭신폭신 사각 파우치 S (4종 택 1),https://www.oliveyoung.co.kr/store/goods/getGoodsDetail.do?goodsNo=B000000202485,https://image.oliveyoung.co.kr/cfimages/cf-goods/uploads/images/thumbnails/400/10/0000/0020/B00000020248501ko.jpg?l=ko,13500,13500,0.0,5,5.0,100,,,,,0,0,0,0,B000000202485,10000030007
2026-08-16,패션,57,베리시,베리시 올데이 스타킹 노스크래치 (베이지/블랙),https://www.oliveyoung.co.kr/store/goods/getGoodsDetail.do?goodsNo=A000000248055,https://image.oliveyoung.co.kr/cfimages/cf-goods/uploads/images/thumbnails/400/10/0000/0024/A00000024805505ko.jpg?l=ko,12900,12900,0.0,600,4.7,85,7,4,1,3,0,0,0,1,A000000248055,10000030007
2026-08-16,패션,58,나른,[쿨썸머] 나른 트렁크 모음 (워터컬러/네이처컬러/인앤아웃),https://www.oliveyoung.co.kr/store/goods/getGoodsDetail.do?goodsNo=A000000219911,https://image.oliveyoung.co.kr/cfimages/cf-goods/uploads/images/thumbnails/400/10/0000/0021/A00000021991121ko.jpg?l=ko,14900,14900,0.0,8834,4.8,88,8,3,0,1,0,0,0,1,A000000219911,10000030007
2026-08-16,패션,59,오첵,오첵 데일리 투명파우치 썸띵유즈얼,https://www.oliveyoung.co.kr/store/goods/getGoodsDetail.do?goodsNo=B000000210201,https://image.oliveyoung.co.kr/cfimages/cf-goods/uploads/images/thumbnails/400/10/0000/0021/B00000021020101ko.jpg?l=ko,13000,11050,15.0,0,0.0,,,,,,0,1,0,0,B000000210201,10000030007
2026-08-16,패션,60,비비안,비비안 노라인 햄팬티 2매입 (블랙/베이지),https://www.oliveyoung.co.kr/store/goods/getGoodsDetail.do?goodsNo=A000000204582,https://image.oliveyoung.co.kr/cfimages/cf-goods/uploads/images/thumbnails/400/10/0000/0020/A00000020458221ko.jpg?l=ko,10900,10900,0.0,1636,4.8,87,8,4,0,0,0,0,0,1,A000000204582,10000030007
2026-08-16,패션,61,마른파이브,마른파이브 넉넉 UV차단 암슬리브 (혼합형/손등형/팔목형),https://www.oliveyoung.co.kr/store/goods/getGoodsDetail.do?goodsNo=A000000226599,https://image.oliveyoung.co.kr/cfimages/cf-goods/uploads/images/thumbnails/400/10/0000/0022/A00000022659910ko.jpg?l=ko,12900,9900,23.3,783,4.8,88,9,2,1,0,1,0,0,1,A000000226599,10000030007
2026-08-16,패션,62,마른파이브,마른파이브 데일리 초밀착 넉넉스타킹 15D,https://www.oliveyoung.co.kr/store/goods/getGoodsDetail.do?goodsNo=A000000173676,https://image.oliveyoung.co.kr/cfimages/cf-goods/uploads/images/thumbnails/400/10/0000/0017/A00000017367611ko.jpg?l=ko,7900,7100,10.1,1894,4.7,80,11,5,2,2,1,0,0,1,A000000173676,10000030007
2026-08-16,패션,63,비너스,비너스 압박 레그컨트롤 팬티스타킹,https://www.oliveyoung.co.kr/store/goods/getGoodsDetail.do?goodsNo=A000000011385,https://image.oliveyoung.co.kr/cfimages/cf-goods/uploads/images/thumbnails/400/10/0000/0001/A00000001138506ko.jpg?l=ko,6000,4800,20.0,2360,4.6,71,19,8,1,1,1,0,0,1,A000000011385,10000030007
2026-08-16,패션,64,비비안,비비안 로우덧신 누드 M-L 1매입(시스루/헴),https://www.oliveyoung.co.kr/store/goods/getGoodsDetail.do?goodsNo=A000000260356,https://image.oliveyoung.co.kr/cfimages/cf-goods/uploads/images/thumbnails/400/10/0000/0026/A00000026035611ko.jpg?l=ko,2900,2500,13.8,17,5.0,100,,,,,1,0,0,1,A000000260356,10000030007
2026-08-16,패션,65,마른파이브,마른파이브 일루인 스윔핏 원피스 3종 택1(스쿱넥/시그니처/홀터넥),https://www.oliveyoung.co.kr/store/goods/getGoodsDetail.do?goodsNo=B000000262002,https://image.oliveyoung.co.kr/cfimages/cf-goods/uploads/images/thumbnails/400/10/0000/0026/B00000026200201ko.jpg?l=ko,48900,48900,0.0,0,0.0,,,,,,0,0,0,0,B000000262002,10000030007
2026-08-16,패션,66,다슈,다슈 맨즈 매직커버 니플밴드 더블 기획 (52매+52매),https://www.oliveyoung.co.kr/store/goods/getGoodsDetail.do?goodsNo=A000000143150,https://image.oliveyoung.co.kr/cfimages/cf-goods/uploads/images/thumbnails/400/10/0000/0014/A00000014315001ko.jpg?l=ko,24000,11900,50.4,3424,4.7,81,12,5,1,1,1,0,1,1,A000000143150,10000030007
2026-08-16,패션,67,WPC,Wpc. 미니5단 남녀공용 양우산 베이지 어워즈 한정기획 (2025) (+하트보더우산 본품),https://www.oliveyoung.co.kr/store/goods/getGoodsDetail.do?goodsNo=A000000238362,https://image.oliveyoung.co.kr/cfimages/cf-goods/uploads/images/thumbnails/400/10/0000/0023/A00000023836206ko.jpg?l=ko,53000,39750,25.0,269,4.7,86,7,4,1,1,1,0,0,1,A000000238362,10000030007
2026-08-16,패션,68,레고트,[단독컬러] 레고트 양우산 시리즈(5colors),https://www.oliveyoung.co.kr/store/goods/getGoodsDetail.do?goodsNo=A000000257331,https://image.oliveyoung.co.kr/cfimages/cf-goods/uploads/images/thumbnails/400/10/0000/0025/A00000025733116ko.jpg?l=ko,42000,36000,14.3,102,4.8,89,8,1,,2,1,0,0,1,A000000257331,10000030007
2026-08-16,패션,69,마른파이브,마른파이브 캡내장 브리즈 모달 크롭 끈나시 F/L~XXL (블랙/그레이/스킨/아이보리),https://www.oliveyoung.co.kr/store/goods/getGoodsDetail.do?goodsNo=B000000213665,https://image.oliveyoung.co.kr/cfimages/cf-goods/uploads/images/thumbnails/400/10/0000/0021/B00000021366501ko.jpg?l=ko,17500,15500,11.4,108,4.8,81,17,3,,,0,1,0,0,B000000213665,10000030007
2026-08-16,패션,70,올리브영,[망곰 콜라보] 올리브영 초경량 UV차단 3단 양우산 2종 택 1 (베이지/핑크),https://www.oliveyoung.co.kr/store/goods/getGoodsDetail.do?goodsNo=A000000245683,https://image.oliveyoung.co.kr/cfimages/cf-goods/uploads/images/thumbnails/400/10/0000/0024/A00000024568306ko.jpg?l=ko,25000,19900,20.4,1701,4.9,90,7,2,1,0,1,0,0,1,A000000245683,10000030007
2026-08-16,패션,71,리무브,리무브 셀룰라이트 압박 드로즈 (Free/Plus),https://www.oliveyoung.co.kr/store/goods/getGoodsDetail.do?goodsNo=B000000255261,https://image.oliveyoung.co.kr/cfimages/cf-goods/uploads/images/thumbnails/400/10/0000/0025/B00000025526101ko.jpg?l=ko,69000,69000,0.0,36,4.3,64,17,8,6,6,0,0,0,0,B000000255261,10000030007
2026-08-16,패션,72,WPC,Wpc. 미니5단 남녀공용 양우산,https://www.oliveyoung.co.kr/store/goods/getGoodsDetail.do?goodsNo=A000000248330,https://image.oliveyoung.co.kr/cfimages/cf-goods/uploads/images/thumbnails/400/10/0000/0024/A00000024833015ko.jpg?l=ko,53000,39750,25.0,409,4.7,84,8,5,1,2,1,0,0,1,A000000248330,10000030007
2026-08-16,패션,73,나른,[단독기획] 나른 슬림 서포트 삭스 Short/Long (7colors),https://www.oliveyoung.co.kr/store/goods/getGoodsDetail.do?goodsNo=A000000232031,https://image.oliveyoung.co.kr/cfimages/cf-goods/uploads/images/thumbnails/400/10/0000/0023/A00000023203113ko.jpg?l=ko,2900,2900,0.0,6670,4.9,95,4,1,0,0,0,0,0,1,A000000232031,10000030007
2026-08-16,패션,74,오프아워,[쿨썸머/곽민경 PICK] 오프아워 타이드리듬 글로시피치 반팔 잠옷 세트 (M / L / XL),https://www.oliveyoung.co.kr/store/goods/getGoodsDetail.do?goodsNo=A000000252724,https://image.oliveyoung.co.kr/cfimages/cf-goods/uploads/images/thumbnails/400/10/0000/0025/A00000025272401ko.jpg?l=ko,39900,24900,37.6,7,4.9,86,14,,,,1,1,0,1,A000000252724,10000030007
2026-08-16,패션,75,마른파이브,마른파이브 쉬어 소프트폼 브라 팬티 세트 4colors (S~XL),https://www.oliveyoung.co.kr/store/goods/getGoodsDetail.do?goodsNo=B000000252883,https://image.oliveyoung.co.kr/cfimages/cf-goods/uploads/images/thumbnails/400/10/0000/0025/B00000025288301ko.jpg?l=ko,36900,31900,13.6,3,5.0,100,,,,,0,1,0,0,B000000252883,10000030007
2026-08-16,패션,76,도씨,[쿨썸머] 해원 PICK 도씨 실크핏 클로에 반팔 커플 잠옷 세트,https://www.oliveyoung.co.kr/store/goods/getGoodsDetail.do?goodsNo=A000000249019,https://image.oliveyoung.co.kr/cfimages/cf-goods/uploads/images/thumbnails/400/10/0000/0024/A00000024901917ko.jpg?l=ko,41900,19900,52.5,43,4.9,93,7,,,,1,1,0,1,A000000249019,10000030007
2026-08-16,패션,77,베리시,[NEW] 베리시 실리콘 데미 누드브라 (S/M/L/XL),https://www.oliveyoung.co.kr/store/goods/getGoodsDetail.do?goodsNo=B000000257223,https://image.oliveyoung.co.kr/cfimages/cf-goods/uploads/images/thumbnails/400/10/0000/0025/B00000025722302ko.jpg?l=ko,29900,29900,0.0,2,4.5,50,50,,,,0,0,0,0,B000000257223,10000030007
2026-08-16,패션,78,도로시와,도로시와 여름 나시 파자마 5종 모음 (단품),https://www.oliveyoung.co.kr/store/goods/getGoodsDetail.do?goodsNo=B000000261464,https://image.oliveyoung.co.kr/cfimages/cf-goods/uploads/images/thumbnails/400/10/0000/0026/B00000026146407ko.png?l=ko,32000,26240,18.0,0,0.0,,,,,,0,1,0,0,B000000261464,10000030007
2026-08-16,패션,79,아이디얼포맨,아이디얼포맨 니플밴드 (에어 108매입),https://www.oliveyoung.co.kr/store/goods/getGoodsDetail.do?goodsNo=A000000254202,https://image.oliveyoung.co.kr/cfimages/cf-goods/uploads/images/thumbnails/400/10/0000/0025/A00000025420202ko.jpg?l=ko,17900,17900,0.0,140,4.7,84,8,4,1,3,0,0,0,1,A000000254202,10000030007
2026-08-16,패션,80,방탄꼭지,방탄꼭지 에어니플 카이 2종 택1(30mm/35mm),https://www.oliveyoung.co.kr/store/goods/getGoodsDetail.do?goodsNo=A000000163361,https://image.oliveyoung.co.kr/cfimages/cf-goods/uploads/images/thumbnails/400/10/0000/0016/A00000016336102ko.jpg?l=ko,17900,17900,0.0,158,4.7,84,11,2,,3,0,0,0,1,A000000163361,10000030007
2026-08-16,패션,81,플라이코지,"플라이코지 더블핏 하프 브라 5colors (S, M, L)",https://www.oliveyoung.co.kr/store/goods/getGoodsDetail.do?goodsNo=B000000233476,https://image.oliveyoung.co.kr/cfimages/cf-goods/uploads/images/thumbnails/400/10/0000/0023/B00000023347609ko.jpg?l=ko,35900,33900,5.6,27,4.8,81,15,4,,,0,1,0,0,B000000233476,10000030007
2026-08-16,패션,82,레고트,[단독컬러] 레고트 이지폴딩 UV차단 양산 (3 colors),https://www.oliveyoung.co.kr/store/goods/getGoodsDetail.do?goodsNo=A000000227296,https://image.oliveyoung.co.kr/cfimages/cf-goods/uploads/images/thumbnails/400/10/0000/0022/A00000022729615ko.jpg?l=ko,36000,32000,11.1,446,4.5,77,10,5,2,6,1,0,0,1,A000000227296,10000030007
2026-08-16,패션,83,마른파이브,마른파이브 일루인 탱크탑,https://www.oliveyoung.co.kr/store/goods/getGoodsDetail.do?goodsNo=B000000262470,https://image.oliveyoung.co.kr/cfimages/cf-goods/uploads/images/thumbnails/400/10/0000/0026/B00000026247001ko.jpg?l=ko,33900,33900,0.0,2,3.0,,,100,,,0,0,0,0,B000000262470,10000030007
2026-08-16,패션,84,엣프터,엣프터 누디 쿨 브라탑 (블랙/바닐라 크림/라벤더/페일 핑크),https://www.oliveyoung.co.kr/store/goods/getGoodsDetail.do?goodsNo=A000000228942,https://image.oliveyoung.co.kr/cfimages/cf-goods/uploads/images/thumbnails/400/10/0000/0022/A00000022894204ko.jpg?l=ko,27900,22520,19.3,53,4.3,60,21,9,8,2,1,1,0,1,A000000228942,10000030007
2026-08-16,패션,85,마른파이브,마른파이브 삭 압박스타킹 35D,https://www.oliveyoung.co.kr/store/goods/getGoodsDetail.do?goodsNo=A000000173678,https://image.oliveyoung.co.kr/cfimages/cf-goods/uploads/images/thumbnails/400/10/0000/0017/A00000017367811ko.jpg?l=ko,12900,12900,0.0,2317,4.6,76,12,7,2,3,0,0,0,1,A000000173678,10000030007
2026-08-16,패션,86,도씨,[쿨썸머] 해원 PICK 도씨 실크핏 보니 반팔 커플 잠옷 세트,https://www.oliveyoung.co.kr/store/goods/getGoodsDetail.do?goodsNo=A000000252778,https://image.oliveyoung.co.kr/cfimages/cf-goods/uploads/images/thumbnails/400/10/0000/0025/A00000025277812ko.jpg?l=ko,41900,19900,52.5,16,5.0,100,,,,,1,1,0,1,A000000252778,10000030007
2026-08-16,패션,87,엣프터,엣프터 누디 볼륨 브라(후크) ( 바닐라크림/블랙/내추럴스킨/딥브라운/라이트그레이),https://www.oliveyoung.co.kr/store/goods/getGoodsDetail.do?goodsNo=B000000258360,https://image.oliveyoung.co.kr/cfimages/cf-goods/uploads/images/thumbnails/400/10/0000/0025/B00000025836007ko.jpg?l=ko,28900,27900,3.5,19,4.3,58,21,16,5,,0,1,0,0,B000000258360,10000030007
2026-08-16,패션,88,도로시와,도로시와 베이직/홀터/레이어드 나시 3종 모음 (단품),https://www.oliveyoung.co.kr/store/goods/getGoodsDetail.do?goodsNo=B000000261426,https://image.oliveyoung.co.kr/cfimages/cf-goods/uploads/images/thumbnails/400/10/0000/0026/B00000026142605ko.png?l=ko,21000,17220,18.0,1,5.0,100,,,,,0,1,0,0,B000000261426,10000030007
2026-08-16,패션,89,슬림9,슬림9 Y존압박프리 네모팬티 & 아이스인견 택1 (S/M/L),https://www.oliveyoung.co.kr/store/goods/getGoodsDetail.do?goodsNo=A000000227931,https://image.oliveyoung.co.kr/cfimages/cf-goods/uploads/images/thumbnails/400/10/0000/0022/A00000022793126ko.png?l=ko,19900,18900,5.0,4618,4.5,73,16,7,2,2,1,0,0,1,A000000227931,10000030007
2026-08-16,패션,90,도씨,[해원 PICK] 도씨 실크핏 클로에 긴팔 커플 잠옷 세트,https://www.oliveyoung.co.kr/store/goods/getGoodsDetail.do?goodsNo=A000000241493,https://image.oliveyoung.co.kr/cfimages/cf-goods/uploads/images/thumbnails/400/10/0000/0024/A00000024149303ko.jpg?l=ko,41900,29900,28.6,65,4.9,91,6,3,,,1,1,0,1,A000000241493,10000030007
2026-08-16,패션,91,HDEX,HDEX 프로 짐 코듀라 백팩 2.0 59L 블랙,https://www.oliveyoung.co.kr/store/goods/getGoodsDetail.do?goodsNo=B000000232905,https://image.oliveyoung.co.kr/cfimages/cf-goods/uploads/images/thumbnails/400/10/0000/0023/B00000023290503ko.jpg?l=ko,260000,247000,5.0,1,5.0,100,,,,,0,1,0,0,B000000232905,10000030007
2026-08-16,패션,92,모무,모무 박하드로즈 15종 택 1(블랙/그레이/네이비),https://www.oliveyoung.co.kr/store/goods/getGoodsDetail.do?goodsNo=A000000229421,https://image.oliveyoung.co.kr/cfimages/cf-goods/uploads/images/thumbnails/400/10/0000/0022/A00000022942108ko.jpg?l=ko,8600,8300,3.5,508,5.0,99,0,,,1,1,0,0,1,A000000229421,10000030007
2026-08-16,패션,93,나른,나른 브레즘 숏트렁크 시어서커 (2colors),https://www.oliveyoung.co.kr/store/goods/getGoodsDetail.do?goodsNo=A000000255874,https://image.oliveyoung.co.kr/cfimages/cf-goods/uploads/images/thumbnails/400/10/0000/0025/A00000025587407ko.jpg?l=ko,17900,16400,8.4,114,4.9,89,9,2,,,1,0,0,1,A000000255874,10000030007
2026-08-16,패션,94,비너스,비너스 압박 레그컨트롤 팬티스타킹 3족,https://www.oliveyoung.co.kr/store/goods/getGoodsDetail.do?goodsNo=A000000011390,https://image.oliveyoung.co.kr/cfimages/cf-goods/uploads/images/thumbnails/400/10/0000/0001/A00000001139002ko.jpg?l=ko,16500,12370,25.0,3715,4.7,78,15,5,1,1,1,0,0,1,A000000011390,10000030007
2026-08-16,패션,95,엣프터,엣프터 홀터넥 3way 브라 (블랙/화이트/멜란지/레드),https://www.oliveyoung.co.kr/store/goods/getGoodsDetail.do?goodsNo=B000000257569,https://image.oliveyoung.co.kr/cfimages/cf-goods/uploads/images/thumbnails/400/10/0000/0025/B00000025756908ko.jpg?l=ko,29800,28800,3.4,8,4.9,88,13,,,,0,1,0,0,B000000257569,10000030007
2026-08-16,패션,96,필리밀리,필리밀리X산리오캐릭터즈 큐티런 콜라보 9종 택1,https://www.oliveyoung.co.kr/store/goods/getGoodsDetail.do?goodsNo=A000000233636,https://image.oliveyoung.co.kr/cfimages/cf-goods/uploads/images/thumbnails/400/10/0000/0023/A00000023363607ko.jpg?l=ko,5500,1950,64.5,4479,4.8,88,7,3,1,1,1,1,0,1,A000000233636,10000030007
2026-08-16,패션,97,나른,나른 브레즘 숏트렁크 네이처컬러 시리즈 (2colors),https://www.oliveyoung.co.kr/store/goods/getGoodsDetail.do?goodsNo=A000000206178,https://image.oliveyoung.co.kr/cfimages/cf-goods/uploads/images/thumbnails/400/10/0000/0020/A00000020617830ko.jpg?l=ko,14900,14900,0.0,1559,4.8,89,8,2,0,1,0,0,0,1,A000000206178,10000030007
2026-08-16,패션,98,올리브영 굿즈,올리브영 데일리 뷰티 오거나이저 2종 (네이비/아이보리),https://www.oliveyoung.co.kr/store/goods/getGoodsDetail.do?goodsNo=A000000254109,https://image.oliveyoung.co.kr/cfimages/cf-goods/uploads/images/thumbnails/400/10/0000/0025/A00000025410902ko.jpg?l=ko,13900,13900,0.0,75,4.8,85,9,5,,,0,0,0,1,A000000254109,10000030007
2026-08-16,패션,99,브랜든,브랜든 이불 압축 파우치 XL (60L),https://www.oliveyoung.co.kr/store/goods/getGoodsDetail.do?goodsNo=B000000210819,https://image.oliveyoung.co.kr/cfimages/cf-goods/uploads/images/thumbnails/400/10/0000/0021/B00000021081909ko.jpg?l=ko,43000,43000,0.0,57,4.5,75,11,5,4,5,0,0,0,0,B000000210819,10000030007
2026-08-16,패션,100,비너스,비너스 힙업&압박 컴프레션 스타킹 (살구),https://www.oliveyoung.co.kr/store/goods/getGoodsDetail.do?goodsNo=A000000178477,https://image.oliveyoung.co.kr/cfimages/cf-goods/uploads/images/thumbnails/400/10/0000/0017/A00000017847702ko.jpg?l=ko,10500,10500,0.0,908,4.7,81,10,5,2,2,0,0,0,1,A000000178477,10000030007
2026-08-16,홈리빙/가전,1,레고트,레고트 루프 텀블러 멀티 600ml 주토피아2 콜라보 어워즈 한정기획 (+텀꾸 스티커),https://www.oliveyoung.co.kr/store/goods/getGoodsDetail.do?goodsNo=A000000244742,https://image.oliveyoung.co.kr/cfimages/cf-goods/uploads/images/thumbnails/400/10/0000/0024/A00000024474213ko.jpg?l=ko,45000,22500,50.0,2234,4.8,90,6,2,1,1,1,1,0,1,A000000244742,10000030005
2026-08-16,홈리빙/가전,2,프렉탈,[쿨썸머] 프렉탈 에스테틱 링클 필로우+포터블파우치 기획,https://www.oliveyoung.co.kr/store/goods/getGoodsDetail.do?goodsNo=A000000242009,https://image.oliveyoung.co.kr/cfimages/cf-goods/uploads/images/thumbnails/400/10/0000/0024/A00000024200904ko.jpg?l=ko,46000,46000,0.0,497,4.5,74,12,10,2,2,0,0,0,1,A000000242009,10000030005
2026-08-16,홈리빙/가전,3,포렌,"포렌 뉴글로스 순면 이불커버 (S/SS,Q,K/LK)",https://www.oliveyoung.co.kr/store/goods/getGoodsDetail.do?goodsNo=B000000251637,https://image.oliveyoung.co.kr/cfimages/cf-goods/uploads/images/thumbnails/400/10/0000/0025/B00000025163701ko.jpg?l=ko,188000,188000,0.0,0,0.0,,,,,,0,0,0,0,B000000251637,10000030005
2026-08-16,홈리빙/가전,4,필립스,필립스 휴대용 무선 보풀제거기 GCA2100/20,https://www.oliveyoung.co.kr/store/goods/getGoodsDetail.do?goodsNo=B000000255043,https://image.oliveyoung.co.kr/cfimages/cf-goods/uploads/images/thumbnails/400/10/0000/0025/B00000025504308ko.jpg?l=ko,28600,19740,31.0,0,0.0,,,,,,0,1,0,0,B000000255043,10000030005
2026-08-16,홈리빙/가전,5,픽싯,[대용량] 픽싯 룸데오도란트 고체 탈취제 대용량 3종 (머스크/클린솝/히노끼),https://www.oliveyoung.co.kr/store/goods/getGoodsDetail.do?goodsNo=B000000229215,https://image.oliveyoung.co.kr/cfimages/cf-goods/uploads/images/thumbnails/400/10/0000/0022/B00000022921507ko.jpg?l=ko,38000,30000,21.1,915,4.6,79,9,7,2,3,0,1,0,0,B000000229215,10000030005
2026-08-16,홈리빙/가전,6,테팔,[국민주방템 No.1] 테팔  뉴이모션 티타늄3X코팅 프라이팬/볶음팬 (모든 열원),https://www.oliveyoung.co.kr/store/goods/getGoodsDetail.do?goodsNo=B000000238867,https://image.oliveyoung.co.kr/cfimages/cf-goods/uploads/images/thumbnails/400/10/0000/0023/B00000023886711ko.jpg?l=ko,40900,27820,32.0,43,4.8,84,14,,2,,0,1,0,0,B000000238867,10000030005
2026-08-16,홈리빙/가전,7,포렌,"포렌 더험블 오가닉 여름이불 (S/SS,Q,K/LK)",https://www.oliveyoung.co.kr/store/goods/getGoodsDetail.do?goodsNo=B000000251032,https://image.oliveyoung.co.kr/cfimages/cf-goods/uploads/images/thumbnails/400/10/0000/0025/B00000025103201ko.jpg?l=ko,158000,148000,6.3,0,0.0,,,,,,0,1,0,0,B000000251032,10000030005
2026-08-16,홈리빙/가전,8,포렌,"[쿨썸머] 포렌 더험블 쿨맥스 냉감패드 (S/SS,Q,K/LK)",https://www.oliveyoung.co.kr/store/goods/getGoodsDetail.do?goodsNo=B000000251180,https://image.oliveyoung.co.kr/cfimages/cf-goods/uploads/images/thumbnails/400/10/0000/0025/B00000025118001ko.jpg?l=ko,135000,125000,7.4,2,5.0,100,,,,,0,1,0,0,B000000251180,10000030005
2026-08-16,홈리빙/가전,9,픽싯,픽싯 룸데오도란트 고체 탈취제 300g (머스크향/시나몬향),https://www.oliveyoung.co.kr/store/goods/getGoodsDetail.do?goodsNo=A000000246283,https://image.oliveyoung.co.kr/cfimages/cf-goods/uploads/images/thumbnails/400/10/0000/0024/A00000024628325ko.png?l=ko,22000,19900,9.5,906,4.6,79,9,7,2,3,1,0,0,1,A000000246283,10000030005
2026-08-16,홈리빙/가전,10,시미토리,탑 시미토리 레스큐 얼룩제거제 17ml,https://www.oliveyoung.co.kr/store/goods/getGoodsDetail.do?goodsNo=A000000250215,https://image.oliveyoung.co.kr/cfimages/cf-goods/uploads/images/thumbnails/400/10/0000/0025/A00000025021503ko.jpg?l=ko,7500,7500,0.0,1114,4.7,84,9,5,1,1,0,0,0,1,A000000250215,10000030005
2026-08-16,홈리빙/가전,11,브리타,브리타 정수기 플로우 8.2L + 총필터 4입,https://www.oliveyoung.co.kr/store/goods/getGoodsDetail.do?goodsNo=B000000206734,https://image.oliveyoung.co.kr/cfimages/cf-goods/uploads/images/thumbnails/400/10/0000/0020/B00000020673427ko.jpg?l=ko,92500,92500,0.0,14,4.9,86,14,,,,0,0,0,0,B000000206734,10000030005
2026-08-16,홈리빙/가전,12,프로쉬,프로쉬 독일 섬유유연제 4개,https://www.oliveyoung.co.kr/store/goods/getGoodsDetail.do?goodsNo=B000000173047,https://image.oliveyoung.co.kr/cfimages/cf-goods/uploads/images/thumbnails/400/10/0000/0017/B000000173047143ko.jpg?l=ko,32400,27540,15.0,82,4.9,93,7,,,,0,1,0,0,B000000173047,10000030005
2026-08-16,홈리빙/가전,13,마틸라,마틸라 가드 M2 알러지케어 차렵이불세트(SS/Q/K),https://www.oliveyoung.co.kr/store/goods/getGoodsDetail.do?goodsNo=B000000244279,https://image.oliveyoung.co.kr/cfimages/cf-goods/uploads/images/thumbnails/400/10/0000/0024/B00000024427903ko.jpg?l=ko,73900,73900,0.0,4,4.0,,100,,,,0,0,0,0,B000000244279,10000030005
2026-08-16,홈리빙/가전,14,레고트,[망곰 콜라보] 레고트 루프 텀블러 멀티 400ml (아기천사/프루티스위츠),https://www.oliveyoung.co.kr/store/goods/getGoodsDetail.do?goodsNo=A000000238590,https://image.oliveyoung.co.kr/cfimages/cf-goods/uploads/images/thumbnails/400/10/0000/0023/A00000023859013ko.jpg?l=ko,42000,20740,50.6,1563,4.8,89,7,2,1,1,1,1,0,1,A000000238590,10000030005
2026-08-16,홈리빙/가전,15,나른,[망곰 콜라보] 나른 벨벳 홈 슬리퍼 2종 택 1 (아기천사/프루티스위츠),https://www.oliveyoung.co.kr/store/goods/getGoodsDetail.do?goodsNo=A000000245667,https://image.oliveyoung.co.kr/cfimages/cf-goods/uploads/images/thumbnails/400/10/0000/0024/A00000024566706ko.jpg?l=ko,22900,11450,50.0,471,4.7,85,9,3,1,2,1,1,0,1,A000000245667,10000030005
2026-08-16,홈리빙/가전,16,모던하우스,[모던하우스] 와플 컬러 배색 슬리퍼 2 size 2 color,https://www.oliveyoung.co.kr/store/goods/getGoodsDetail.do?goodsNo=B000000256823,https://image.oliveyoung.co.kr/cfimages/cf-goods/uploads/images/thumbnails/400/10/0000/0025/B00000025682301ko.jpg?l=ko,10900,9810,10.0,12,4.9,92,8,,,,0,1,0,0,B000000256823,10000030005
2026-08-16,홈리빙/가전,17,스탠리,[NEW] 스탠리 퀜처 프로투어 플립 스트로 텀블러 887ml,https://www.oliveyoung.co.kr/store/goods/getGoodsDetail.do?goodsNo=B000000223220,https://image.oliveyoung.co.kr/cfimages/cf-goods/uploads/images/thumbnails/400/10/0000/0022/B00000022322001ko.jpg?l=ko,54000,54000,0.0,254,4.9,95,4,0,,0,0,0,0,0,B000000223220,10000030005
2026-08-16,홈리빙/가전,18,스너글,스너글 섬유유연제 6종 택 1 (본품/리필형),https://www.oliveyoung.co.kr/store/goods/getGoodsDetail.do?goodsNo=A000000190770,https://image.oliveyoung.co.kr/cfimages/cf-goods/uploads/images/thumbnails/400/10/0000/0019/A00000019077010ko.png?l=ko,18900,11400,39.7,3576,4.9,90,7,2,0,0,1,0,0,1,A000000190770,10000030005
2026-08-16,홈리빙/가전,19,바디럽,퓨어썸 시그니처 필터 샤워기,https://www.oliveyoung.co.kr/store/goods/getGoodsDetail.do?goodsNo=B000000183777,https://image.oliveyoung.co.kr/cfimages/cf-goods/uploads/images/thumbnails/400/10/0000/0018/B00000018377705ko.jpg?l=ko,49900,49900,0.0,19,4.4,79,,11,,11,0,0,0,0,B000000183777,10000030005
2026-08-16,홈리빙/가전,20,브리타,브리타 정수기 필터 막스트라 프로 퓨어 퍼포먼스 3입 2개,https://www.oliveyoung.co.kr/store/goods/getGoodsDetail.do?goodsNo=B000000206678,https://image.oliveyoung.co.kr/cfimages/cf-goods/uploads/images/thumbnails/400/10/0000/0020/B00000020667817ko.jpg?l=ko,49000,49000,0.0,236,4.9,93,6,,,1,0,0,0,0,B000000206678,10000030005
2026-08-16,홈리빙/가전,21,제니퍼룸,[원룸/차량 청소템] 제니퍼룸 핸디 미니 청소기,https://www.oliveyoung.co.kr/store/goods/getGoodsDetail.do?goodsNo=B000000205566,https://image.oliveyoung.co.kr/cfimages/cf-goods/uploads/images/thumbnails/400/10/0000/0020/B00000020556602ko.jpg?l=ko,48900,45900,6.1,66,4.8,89,6,5,,,0,1,0,0,B000000205566,10000030005
2026-08-16,홈리빙/가전,22,생활공작소,생활공작소 이염방지시트 특대형 60매 2개,https://www.oliveyoung.co.kr/store/goods/getGoodsDetail.do?goodsNo=B000000186120,https://image.oliveyoung.co.kr/cfimages/cf-goods/uploads/images/thumbnails/400/10/0000/0018/B00000018612006ko.jpg?l=ko,24000,20900,12.9,71,4.9,93,7,,,,0,1,0,0,B000000186120,10000030005
2026-08-16,홈리빙/가전,23,보웰,보웰 [BWTZ] 스트라이프 삼베 시어서커 여름 쿨바디필로우 롱쿠션 커버 20X100,https://www.oliveyoung.co.kr/store/goods/getGoodsDetail.do?goodsNo=B000000251508,https://image.oliveyoung.co.kr/cfimages/cf-goods/uploads/images/thumbnails/400/10/0000/0025/B00000025150801ko.jpg?l=ko,24000,20400,15.0,0,0.0,,,,,,0,1,0,0,B000000251508,10000030005
2026-08-16,홈리빙/가전,24,스토크,스토크 완전밀폐 세라믹텀블러 460ml 9colors,https://www.oliveyoung.co.kr/store/goods/getGoodsDetail.do?goodsNo=B000000241946,https://image.oliveyoung.co.kr/cfimages/cf-goods/uploads/images/thumbnails/400/10/0000/0024/B00000024194603ko.jpg?l=ko,57300,42300,26.2,11,4.9,91,9,,,,0,1,0,0,B000000241946,10000030005
2026-08-16,홈리빙/가전,25,락앤락,락앤락 탑클라스 직사각 1.5L (LBG449),https://www.oliveyoung.co.kr/store/goods/getGoodsDetail.do?goodsNo=B000000153837,https://image.oliveyoung.co.kr/cfimages/cf-goods/uploads/images/thumbnails/400/10/0000/0015/B00000015383701ko.jpg?l=ko,18200,12740,30.0,37,4.9,97,,3,,,0,1,0,0,B000000153837,10000030005
2026-08-16,홈리빙/가전,26,생활공작소,생활공작소 고농축 캡슐 세탁조 클리너 8개입 2세트 프레쉬파인향,https://www.oliveyoung.co.kr/store/goods/getGoodsDetail.do?goodsNo=B000000204771,https://image.oliveyoung.co.kr/cfimages/cf-goods/uploads/images/thumbnails/400/10/0000/0020/B00000020477104ko.jpg?l=ko,24000,19900,17.1,5,4.8,80,20,,,,0,1,0,0,B000000204771,10000030005
2026-08-16,홈리빙/가전,27,바디럽,(10개 향) 퓨어썸 비타 샤워기(필터포함)+교체용 비타필터 1ea (향기샤워/잔류염소제거),https://www.oliveyoung.co.kr/store/goods/getGoodsDetail.do?goodsNo=B000000226624,https://image.oliveyoung.co.kr/cfimages/cf-goods/uploads/images/thumbnails/400/10/0000/0022/B00000022662408ko.jpg?l=ko,40000,36000,10.0,64,4.7,80,14,3,2,2,0,1,0,0,B000000226624,10000030005
2026-08-16,홈리빙/가전,28,오덴세,오덴세 투웨이 루프 텀블러 450ml,https://www.oliveyoung.co.kr/store/goods/getGoodsDetail.do?goodsNo=B000000248892,https://image.oliveyoung.co.kr/cfimages/cf-goods/uploads/images/thumbnails/400/10/0000/0024/B00000024889202ko.jpg?l=ko,45000,36000,20.0,2,5.0,100,,,,,0,1,0,0,B000000248892,10000030005
2026-08-16,홈리빙/가전,29,무아스,무아스 퓨어 30cm 슬림형 led 벽시계(M),https://www.oliveyoung.co.kr/store/goods/getGoodsDetail.do?goodsNo=B000000149430,https://image.oliveyoung.co.kr/cfimages/cf-goods/uploads/images/thumbnails/400/10/0000/0014/B00000014943002ko.jpg?l=ko,34900,34900,0.0,9,4.8,89,,11,,,0,0,0,0,B000000149430,10000030005
2026-08-16,홈리빙/가전,30,위글위글,위글위글 쿠션담요 스마일위러브,https://www.oliveyoung.co.kr/store/goods/getGoodsDetail.do?goodsNo=B000000260224,https://image.oliveyoung.co.kr/cfimages/cf-goods/uploads/images/thumbnails/400/10/0000/0026/B00000026022402ko.jpg?l=ko,43000,34200,20.5,0,0.0,,,,,,0,1,0,0,B000000260224,10000030005
2026-08-16,홈리빙/가전,31,스너글,[미국향] 스너글 드라이시트 40매 2종 택 1 (허거블코튼/블루스파클+),https://www.oliveyoung.co.kr/store/goods/getGoodsDetail.do?goodsNo=A000000243436,https://image.oliveyoung.co.kr/cfimages/cf-goods/uploads/images/thumbnails/400/10/0000/0024/A00000024343601ko.png?l=ko,9900,6900,30.3,397,4.9,91,6,2,1,1,1,0,0,1,A000000243436,10000030005
2026-08-16,홈리빙/가전,32,아토팜,아토팜 세제/섬유유연제 9종 택1(골라담기),https://www.oliveyoung.co.kr/store/goods/getGoodsDetail.do?goodsNo=A000000182740,https://image.oliveyoung.co.kr/cfimages/cf-goods/uploads/images/thumbnails/400/10/0000/0018/A00000018274010ko.jpg?l=ko,13000,13000,0.0,666,4.8,86,12,1,0,1,0,0,0,1,A000000182740,10000030005
2026-08-16,홈리빙/가전,33,레고트,레고트 루프 텀블러 멀티 400ml,https://www.oliveyoung.co.kr/store/goods/getGoodsDetail.do?goodsNo=A000000225576,https://image.oliveyoung.co.kr/cfimages/cf-goods/uploads/images/thumbnails/400/10/0000/0022/A00000022557610ko.jpg?l=ko,39000,32000,17.9,172,4.8,85,10,4,1,,1,0,0,1,A000000225576,10000030005
2026-08-16,홈리빙/가전,34,바디럽,[교체필터] 퓨어썸 시그니처 프로필터 (1개입) (시그니처 샤워기 전용),https://www.oliveyoung.co.kr/store/goods/getGoodsDetail.do?goodsNo=B000000183785,https://image.oliveyoung.co.kr/cfimages/cf-goods/uploads/images/thumbnails/400/10/0000/0018/B00000018378502ko.jpg?l=ko,14900,14900,0.0,8,5.0,100,,,,,0,0,0,0,B000000183785,10000030005
2026-08-16,홈리빙/가전,35,포엘리에,포엘리에 란제리 솝 프리미엄 속옷세제 로즈마리 500ml,https://www.oliveyoung.co.kr/store/goods/getGoodsDetail.do?goodsNo=A000000242798,https://image.oliveyoung.co.kr/cfimages/cf-goods/uploads/images/thumbnails/400/10/0000/0024/A00000024279801ko.jpg?l=ko,15900,14500,8.8,75,5.0,97,1,1,,,1,0,0,1,A000000242798,10000030005
2026-08-16,홈리빙/가전,36,스너글,[NEW] 스너글 허거블 코튼/블루스파클 캡슐세제 모음 (13개입/30개입),https://www.oliveyoung.co.kr/store/goods/getGoodsDetail.do?goodsNo=A000000197494,https://image.oliveyoung.co.kr/cfimages/cf-goods/uploads/images/thumbnails/400/10/0000/0019/A00000019749415ko.png?l=ko,28500,19900,30.2,2266,4.9,89,9,2,0,0,1,0,0,1,A000000197494,10000030005
2026-08-16,홈리빙/가전,37,블랑101,블랑101 퍼퓸 세제+유연제 1.2L 세트,https://www.oliveyoung.co.kr/store/goods/getGoodsDetail.do?goodsNo=B000000226713,https://image.oliveyoung.co.kr/cfimages/cf-goods/uploads/images/thumbnails/400/10/0000/0022/B00000022671363ko.jpg?l=ko,36960,30310,18.0,4,4.3,25,75,,,,0,1,0,0,B000000226713,10000030005
2026-08-16,홈리빙/가전,38,송월타올,송월타월 호텔수건 라운드 190g  5매 6칼라중 택1,https://www.oliveyoung.co.kr/store/goods/getGoodsDetail.do?goodsNo=B000000140970,https://image.oliveyoung.co.kr/cfimages/cf-goods/uploads/images/thumbnails/400/10/0000/0014/B00000014097002ko.jpg?l=ko,37700,30160,20.0,202,4.8,87,7,2,,3,0,1,0,0,B000000140970,10000030005
2026-08-16,홈리빙/가전,39,맥파이앤타이거,맥파이앤타이거 티머그,https://www.oliveyoung.co.kr/store/goods/getGoodsDetail.do?goodsNo=A000000237613,https://image.oliveyoung.co.kr/cfimages/cf-goods/uploads/images/thumbnails/400/10/0000/0023/A00000023761303ko.png?l=ko,27500,27500,0.0,9,5.0,100,,,,,0,0,0,1,A000000237613,10000030005
2026-08-16,홈리빙/가전,40,스너글,스너글 액체 세탁세제 2L & 2.7L 2종 (허거블코튼/ 블루스파클+),https://www.oliveyoung.co.kr/store/goods/getGoodsDetail.do?goodsNo=A000000226312,https://image.oliveyoung.co.kr/cfimages/cf-goods/uploads/images/thumbnails/400/10/0000/0022/A00000022631201ko.jpg?l=ko,26900,26900,0.0,692,4.9,90,7,2,0,0,0,0,0,1,A000000226312,10000030005
2026-08-16,홈리빙/가전,41,란도린,란도린 섬유유연제 10종/ 세탁세제 1종,https://www.oliveyoung.co.kr/store/goods/getGoodsDetail.do?goodsNo=A000000260112,https://image.oliveyoung.co.kr/cfimages/cf-goods/uploads/images/thumbnails/400/10/0000/0026/A00000026011204ko.jpg?l=ko,13900,12510,10.0,59,4.9,95,5,,,,1,0,0,1,A000000260112,10000030005
2026-08-16,홈리빙/가전,42,바디럽,바디럽 퓨어썸 샤워기,https://www.oliveyoung.co.kr/store/goods/getGoodsDetail.do?goodsNo=A000000113585,https://image.oliveyoung.co.kr/cfimages/cf-goods/uploads/images/thumbnails/400/10/0000/0011/A00000011358503ko.png?l=ko,25900,25900,0.0,1503,4.8,87,9,3,1,0,0,0,0,1,A000000113585,10000030005
2026-08-16,홈리빙/가전,43,레고트,레고트 루프 텀블러 핸디 1000ml 민트,https://www.oliveyoung.co.kr/store/goods/getGoodsDetail.do?goodsNo=A000000262701,https://image.oliveyoung.co.kr/cfimages/cf-goods/uploads/images/thumbnails/400/10/0000/0026/A00000026270103ko.jpg?l=ko,52000,25620,50.7,0,0.0,,,,,,1,1,0,1,A000000262701,10000030005
2026-08-16,홈리빙/가전,44,디어커스,디어커스 한지로 만든 더 부드러운 안녕한지 샤워타월 x4,https://www.oliveyoung.co.kr/store/goods/getGoodsDetail.do?goodsNo=B000000261094,https://image.oliveyoung.co.kr/cfimages/cf-goods/uploads/images/thumbnails/400/10/0000/0026/B00000026109401ko.jpg?l=ko,29800,24800,16.8,0,0.0,,,,,,0,1,0,0,B000000261094,10000030005
2026-08-16,홈리빙/가전,45,페슬러,페슬러 묘설렘 내추럴 캔 80g 24캔 1BOX 고양이 습식 캔 (닭고기/닭고기참치/닭고기연어),https://www.oliveyoung.co.kr/store/goods/getGoodsDetail.do?goodsNo=B000000198596,https://image.oliveyoung.co.kr/cfimages/cf-goods/uploads/images/thumbnails/400/10/0000/0019/B00000019859605ko.jpg?l=ko,34560,27650,20.0,30,5.0,100,,,,,0,1,0,0,B000000198596,10000030005
2026-08-16,홈리빙/가전,46,생활공작소,생활공작소 변기세정제 40g 10개입,https://www.oliveyoung.co.kr/store/goods/getGoodsDetail.do?goodsNo=B000000185706,https://image.oliveyoung.co.kr/cfimages/cf-goods/uploads/images/thumbnails/400/10/0000/0018/B00000018570601ko.jpg?l=ko,13000,11000,15.4,117,4.8,86,11,2,1,,0,1,0,0,B000000185706,10000030005
2026-08-16,홈리빙/가전,47,냥쌤,냥쌤 88스틱 10g x 4입 4종 택 1(이뮨/덴탈/활력/종합),https://www.oliveyoung.co.kr/store/goods/getGoodsDetail.do?goodsNo=B000000200040,https://image.oliveyoung.co.kr/cfimages/cf-goods/uploads/images/thumbnails/400/10/0000/0020/B00000020004001ko.jpg?l=ko,4200,3360,20.0,86,4.9,88,10,1,,,0,1,0,0,B000000200040,10000030005
2026-08-16,홈리빙/가전,48,블랑101,블랑101 건조기 섬유유연제 퍼퓸시트 80매,https://www.oliveyoung.co.kr/store/goods/getGoodsDetail.do?goodsNo=B000000226760,https://image.oliveyoung.co.kr/cfimages/cf-goods/uploads/images/thumbnails/400/10/0000/0022/B00000022676020ko.jpg?l=ko,25200,22180,12.0,134,4.9,88,10,1,1,,0,1,0,0,B000000226760,10000030005
2026-08-16,홈리빙/가전,49,프로쉬,프로쉬 독일 세탁조 클리너 3개,https://www.oliveyoung.co.kr/store/goods/getGoodsDetail.do?goodsNo=B000000170345,https://image.oliveyoung.co.kr/cfimages/cf-goods/uploads/images/thumbnails/400/10/0000/0017/B00000017034509ko.jpg?l=ko,25900,22020,15.0,48,4.9,92,6,2,,,0,1,0,0,B000000170345,10000030005
2026-08-16,홈리빙/가전,50,생활공작소,생활공작소 주방세제 750ml 3개 향 택1,https://www.oliveyoung.co.kr/store/goods/getGoodsDetail.do?goodsNo=B000000188015,https://image.oliveyoung.co.kr/cfimages/cf-goods/uploads/images/thumbnails/400/10/0000/0018/B00000018801508ko.jpg?l=ko,21500,20900,2.8,12,4.8,92,,8,,,0,1,0,0,B000000188015,10000030005
2026-08-16,홈리빙/가전,51,도씨,도씨 실크핏 클로에 펫 잠옷 반려동물 파자마,https://www.oliveyoung.co.kr/store/goods/getGoodsDetail.do?goodsNo=B000000259028,https://image.oliveyoung.co.kr/cfimages/cf-goods/uploads/images/thumbnails/400/10/0000/0025/B00000025902801ko.jpg?l=ko,21900,19710,10.0,1,5.0,100,,,,,0,1,0,0,B000000259028,10000030005
2026-08-16,홈리빙/가전,52,도씨,도씨 실크핏 펫 잠옷 5종 택 1,https://www.oliveyoung.co.kr/store/goods/getGoodsDetail.do?goodsNo=B000000260235,https://image.oliveyoung.co.kr/cfimages/cf-goods/uploads/images/thumbnails/400/10/0000/0026/B00000026023501ko.jpg?l=ko,21900,19710,10.0,0,0.0,,,,,,0,1,0,0,B000000260235,10000030005
2026-08-16,홈리빙/가전,53,펫토리아,한삽뚝딱 고양이 두부모래 8L x 6개 (무향/바닐라/녹차),https://www.oliveyoung.co.kr/store/goods/getGoodsDetail.do?goodsNo=B000000231683,https://image.oliveyoung.co.kr/cfimages/cf-goods/uploads/images/thumbnails/400/10/0000/0023/B00000023168301ko.jpg?l=ko,26900,18830,30.0,16,4.8,81,19,,,,0,1,0,0,B000000231683,10000030005
2026-08-16,홈리빙/가전,54,실리만,[포켓몬 에디션] 실리만 실리콘 폴더블 컵 150ml 2종 택 1,https://www.oliveyoung.co.kr/store/goods/getGoodsDetail.do?goodsNo=A000000252374,https://image.oliveyoung.co.kr/cfimages/cf-goods/uploads/images/thumbnails/400/10/0000/0025/A00000025237409ko.jpg?l=ko,11600,8500,26.7,708,4.8,87,9,4,0,0,1,0,0,1,A000000252374,10000030005
2026-08-16,홈리빙/가전,55,픽싯,픽싯 클린솝 룸데오도란트 고체 탈취제 230g,https://www.oliveyoung.co.kr/store/goods/getGoodsDetail.do?goodsNo=A000000250375,https://image.oliveyoung.co.kr/cfimages/cf-goods/uploads/images/thumbnails/400/10/0000/0025/A00000025037501ko.jpg?l=ko,23000,18000,21.7,12,4.1,58,17,8,8,8,1,0,0,1,A000000250375,10000030005
2026-08-16,홈리빙/가전,56,디어커스,디어커스 한지로 만든 더 부드러운 안녕한지 샤워타월,https://www.oliveyoung.co.kr/store/goods/getGoodsDetail.do?goodsNo=B000000254210,https://image.oliveyoung.co.kr/cfimages/cf-goods/uploads/images/thumbnails/400/10/0000/0025/B00000025421001ko.jpg?l=ko,8900,7900,11.2,23,5.0,100,,,,,0,1,0,0,B000000254210,10000030005
2026-08-16,홈리빙/가전,57,이야이야앤프렌즈,이야이야앤프렌즈 토마토 샷잔,https://www.oliveyoung.co.kr/store/goods/getGoodsDetail.do?goodsNo=A000000244984,https://image.oliveyoung.co.kr/cfimages/cf-goods/uploads/images/thumbnails/400/10/0000/0024/A00000024498401ko.jpg?l=ko,18000,17100,5.0,20,4.8,85,10,5,,,1,0,0,1,A000000244984,10000030005
2026-08-16,홈리빙/가전,58,퀄리,퀄리 상어 냉장고자석,https://www.oliveyoung.co.kr/store/goods/getGoodsDetail.do?goodsNo=B000000239927,https://image.oliveyoung.co.kr/cfimages/cf-goods/uploads/images/thumbnails/400/10/0000/0023/B00000023992701ko.jpg?l=ko,17000,17000,0.0,0,0.0,,,,,,0,0,0,0,B000000239927,10000030005
2026-08-16,홈리빙/가전,59,멜리멜로,멜리멜로 세정티슈 토마토가든 180매,https://www.oliveyoung.co.kr/store/goods/getGoodsDetail.do?goodsNo=A000000259558,https://image.oliveyoung.co.kr/cfimages/cf-goods/uploads/images/thumbnails/400/10/0000/0025/A00000025955801ko.jpg?l=ko,15900,15900,0.0,0,0.0,,,,,,0,0,0,1,A000000259558,10000030005
2026-08-16,홈리빙/가전,60,모던하우스,[모던하우스] 크로스 EVA 원마일 슬리퍼 275MM YELLOW,https://www.oliveyoung.co.kr/store/goods/getGoodsDetail.do?goodsNo=B000000256217,https://image.oliveyoung.co.kr/cfimages/cf-goods/uploads/images/thumbnails/400/10/0000/0025/B00000025621701ko.jpg?l=ko,7900,7110,10.0,3,4.7,67,33,,,,0,1,0,0,B000000256217,10000030005
2026-08-16,홈리빙/가전,61,모던하우스,[모던하우스] 크로스 EVA 원마일 슬리퍼 275MM MELON,https://www.oliveyoung.co.kr/store/goods/getGoodsDetail.do?goodsNo=B000000256218,https://image.oliveyoung.co.kr/cfimages/cf-goods/uploads/images/thumbnails/400/10/0000/0025/B00000025621801ko.jpg?l=ko,7900,7110,10.0,0,0.0,,,,,,0,1,0,0,B000000256218,10000030005
2026-08-16,홈리빙/가전,62,위글위글,위글위글 후르츠팟 (스마일위러브 옐로우/위글베어 퍼플),https://www.oliveyoung.co.kr/store/goods/getGoodsDetail.do?goodsNo=B000000260231,https://image.oliveyoung.co.kr/cfimages/cf-goods/uploads/images/thumbnails/400/10/0000/0026/B00000026023102ko.png?l=ko,19200,15800,17.7,1,5.0,100,,,,,0,1,0,0,B000000260231,10000030005
2026-08-16,홈리빙/가전,63,스너글,[자취템] 스너글 초고농축 섬유유연제 허거블 코튼 0.8L,https://www.oliveyoung.co.kr/store/goods/getGoodsDetail.do?goodsNo=A000000225030,https://image.oliveyoung.co.kr/cfimages/cf-goods/uploads/images/thumbnails/400/10/0000/0022/A00000022503001ko.jpg?l=ko,12900,6900,46.5,184,4.8,88,8,3,,1,1,0,0,1,A000000225030,10000030005
2026-08-16,홈리빙/가전,64,위칙,위칙 멀티플 주방세제 (본품 / 리필),https://www.oliveyoung.co.kr/store/goods/getGoodsDetail.do?goodsNo=A000000260471,https://image.oliveyoung.co.kr/cfimages/cf-goods/uploads/images/thumbnails/400/10/0000/0026/A00000026047101ko.jpg?l=ko,9500,6900,27.4,13,4.7,92,,,,8,1,1,0,1,A000000260471,10000030005
2026-08-16,홈리빙/가전,65,냥쌤,[핏펫] 냥쌤 슈퍼푸드를 넣은 고양이 츄르 88스틱 8가지맛 스타터팩 10g X 8입,https://www.oliveyoung.co.kr/store/goods/getGoodsDetail.do?goodsNo=B000000230797,https://image.oliveyoung.co.kr/cfimages/cf-goods/uploads/images/thumbnails/400/10/0000/0023/B00000023079704ko.png?l=ko,8400,6720,20.0,9,5.0,100,,,,,0,1,0,0,B000000230797,10000030005
2026-08-16,홈리빙/가전,66,마틸라,마틸라 가드 M2 알러지케어 베개커버 10종,https://www.oliveyoung.co.kr/store/goods/getGoodsDetail.do?goodsNo=B000000213874,https://image.oliveyoung.co.kr/cfimages/cf-goods/uploads/images/thumbnails/400/10/0000/0021/B00000021387414ko.jpg?l=ko,14900,14900,0.0,8,5.0,100,,,,,0,0,0,0,B000000213874,10000030005
2026-08-16,홈리빙/가전,67,이야이야앤프렌즈,이야이야앤프렌즈 아이즈 샷잔,https://www.oliveyoung.co.kr/store/goods/getGoodsDetail.do?goodsNo=A000000244988,https://image.oliveyoung.co.kr/cfimages/cf-goods/uploads/images/thumbnails/400/10/0000/0024/A00000024498801ko.jpg?l=ko,15000,14250,5.0,18,4.9,94,6,,,,1,0,0,1,A000000244988,10000030005
2026-08-16,홈리빙/가전,68,위칙,[세균 99.999%제거/강력탈취] 위칙 소독 섬유유연제 / 효소 세탁세제 4종 택 1,https://www.oliveyoung.co.kr/store/goods/getGoodsDetail.do?goodsNo=A000000228582,https://image.oliveyoung.co.kr/cfimages/cf-goods/uploads/images/thumbnails/400/10/0000/0022/A00000022858201ko.jpg?l=ko,13900,13900,0.0,579,4.8,88,9,3,1,0,0,0,0,1,A000000228582,10000030005
2026-08-16,홈리빙/가전,69,위칙,위칙 멀티 세정 티슈 180매,https://www.oliveyoung.co.kr/store/goods/getGoodsDetail.do?goodsNo=A000000261384,https://image.oliveyoung.co.kr/cfimages/cf-goods/uploads/images/thumbnails/400/10/0000/0026/A00000026138401ko.jpg?l=ko,18900,13900,26.5,0,0.0,,,,,,1,0,0,1,A000000261384,10000030005
2026-08-16,홈리빙/가전,70,에코두,[잔류농약99%제거]에코두 프랑스 과일세정제 액상형 무향 750ml,https://www.oliveyoung.co.kr/store/goods/getGoodsDetail.do?goodsNo=B000000134814,https://image.oliveyoung.co.kr/cfimages/cf-goods/uploads/images/thumbnails/400/10/0000/0013/B00000013481414ko.jpg?l=ko,14000,13020,7.0,28,4.7,86,4,7,4,,0,1,0,0,B000000134814,10000030005
2026-08-16,홈리빙/가전,71,리슬립,리슬립 피부 보호 MOF 항균 교체형 베개 커버 4매입,https://www.oliveyoung.co.kr/store/goods/getGoodsDetail.do?goodsNo=B000000192845,https://image.oliveyoung.co.kr/cfimages/cf-goods/uploads/images/thumbnails/400/10/0000/0019/B00000019284504ko.jpg?l=ko,15900,12900,18.9,7,4.3,29,71,,,,0,1,0,0,B000000192845,10000030005
2026-08-16,홈리빙/가전,72,디어커스,디어커스 한지로 만든 샤워타월 2개입 2종 택1(안녕한지/개운한지),https://www.oliveyoung.co.kr/store/goods/getGoodsDetail.do?goodsNo=B000000254718,https://image.oliveyoung.co.kr/cfimages/cf-goods/uploads/images/thumbnails/400/10/0000/0025/B00000025471801ko.png?l=ko,15800,12800,19.0,27,5.0,100,,,,,0,1,0,0,B000000254718,10000030005
2026-08-16,홈리빙/가전,73,디어커스,디어커스 한지로 만든 더 부드러운 안녕한지 샤워타월 x2,https://www.oliveyoung.co.kr/store/goods/getGoodsDetail.do?goodsNo=B000000259281,https://image.oliveyoung.co.kr/cfimages/cf-goods/uploads/images/thumbnails/400/10/0000/0025/B00000025928101ko.jpg?l=ko,15800,12800,19.0,3,5.0,100,,,,,0,1,0,0,B000000259281,10000030005
2026-08-16,홈리빙/가전,74,바디럽,[교체필터] 퓨어썸 여행용 리필 베이직 (3개입) (녹물+불순물 제거),https://www.oliveyoung.co.kr/store/goods/getGoodsDetail.do?goodsNo=B000000183760,https://image.oliveyoung.co.kr/cfimages/cf-goods/uploads/images/thumbnails/400/10/0000/0018/B00000018376004ko.png?l=ko,9900,9900,0.0,88,4.9,95,3,1,,,0,0,0,0,B000000183760,10000030005
2026-08-16,홈리빙/가전,75,버터샵,[버터샵] 크리스마스 산타 머리띠 NEW,https://www.oliveyoung.co.kr/store/goods/getGoodsDetail.do?goodsNo=B000000263369,https://image.oliveyoung.co.kr/cfimages/cf-goods/uploads/images/thumbnails/400/10/0000/0026/B00000026336901ko.jpg?l=ko,7900,7900,0.0,0,0.0,,,,,,0,0,0,0,B000000263369,10000030005
2026-08-16,홈리빙/가전,76,모던하우스,[모던하우스] 파머스클럽 멜라민 샐러드 볼 D22,https://www.oliveyoung.co.kr/store/goods/getGoodsDetail.do?goodsNo=B000000256603,https://image.oliveyoung.co.kr/cfimages/cf-goods/uploads/images/thumbnails/400/10/0000/0025/B00000025660301ko.jpg?l=ko,7900,7110,10.0,2,5.0,100,,,,,0,1,0,0,B000000256603,10000030005
2026-08-16,홈리빙/가전,77,위칙,[맨손 설거지 / 과일채소 세척가능] 위칙 멀티플 주방세제 리필 1L,https://www.oliveyoung.co.kr/store/goods/getGoodsDetail.do?goodsNo=A000000240466,https://image.oliveyoung.co.kr/cfimages/cf-goods/uploads/images/thumbnails/400/10/0000/0024/A00000024046608ko.jpg?l=ko,9500,6900,27.4,363,4.8,87,9,4,1,0,1,1,0,1,A000000240466,10000030005
2026-08-16,홈리빙/가전,78,필루니크,필루니크 런더리 란제리 솝 150ml (속옷전용세제),https://www.oliveyoung.co.kr/store/goods/getGoodsDetail.do?goodsNo=A000000227386,https://image.oliveyoung.co.kr/cfimages/cf-goods/uploads/images/thumbnails/400/10/0000/0022/A00000022738601ko.jpg?l=ko,8900,6700,24.7,2125,4.7,80,15,4,0,1,1,0,0,1,A000000227386,10000030005
2026-08-16,홈리빙/가전,79,스크럽대디,스크럽대디 스크럽마미(오리지널) 1개입,https://www.oliveyoung.co.kr/store/goods/getGoodsDetail.do?goodsNo=A000000225525,https://image.oliveyoung.co.kr/cfimages/cf-goods/uploads/images/thumbnails/400/10/0000/0022/A00000022552502ko.jpg?l=ko,6000,5400,10.0,472,4.8,89,7,3,1,0,1,0,0,1,A000000225525,10000030005
2026-08-16,홈리빙/가전,80,삼대오백,삼대오백 매시브 쉐이커 800ml,https://www.oliveyoung.co.kr/store/goods/getGoodsDetail.do?goodsNo=A000000238517,https://image.oliveyoung.co.kr/cfimages/cf-goods/uploads/images/thumbnails/400/10/0000/0023/A00000023851704ko.jpg?l=ko,2900,2900,0.0,50,4.9,98,,,2,,0,0,0,1,A000000238517,10000030005
2026-08-16,홈리빙/가전,81,미닉스,미닉스 음식물처리기 더플렌더 MAX 가정용 분쇄기 건조기 MNFD-200G,https://www.oliveyoung.co.kr/store/goods/getGoodsDetail.do?goodsNo=B000000248474,https://image.oliveyoung.co.kr/cfimages/cf-goods/uploads/images/thumbnails/400/10/0000/0024/B00000024847401ko.png?l=ko,759000,489000,35.6,62,4.9,92,5,2,,2,0,1,0,0,B000000248474,10000030005
2026-08-16,홈리빙/가전,82,스탠리,[신규컬러]스탠리 퀜처 H2.0 플로우스테이트 텀블러 887ml,https://www.oliveyoung.co.kr/store/goods/getGoodsDetail.do?goodsNo=B000000208372,https://image.oliveyoung.co.kr/cfimages/cf-goods/uploads/images/thumbnails/400/10/0000/0020/B00000020837211ko.jpg?l=ko,49000,49000,0.0,1195,4.9,95,4,1,,0,0,0,0,0,B000000208372,10000030005
2026-08-16,홈리빙/가전,83,마샬,마샬 블루투스 스피커 STANMORE 3,https://www.oliveyoung.co.kr/store/goods/getGoodsDetail.do?goodsNo=B000000180736,https://image.oliveyoung.co.kr/cfimages/cf-goods/uploads/images/thumbnails/400/10/0000/0018/B00000018073601ko.jpg?l=ko,640000,510000,20.3,16,4.9,94,6,,,,0,1,0,0,B000000180736,10000030005
2026-08-16,홈리빙/가전,84,프렉탈,프렉탈 링클 케어 선물세트 (목주름 베개+넥팩 3개입 +스트라이프백),https://www.oliveyoung.co.kr/store/goods/getGoodsDetail.do?goodsNo=A000000242083,https://image.oliveyoung.co.kr/cfimages/cf-goods/uploads/images/thumbnails/400/10/0000/0024/A00000024208307ko.jpg?l=ko,61000,61000,0.0,53,4.8,81,15,2,2,,0,0,0,1,A000000242083,10000030005
2026-08-16,홈리빙/가전,85,디어리얼,[선물패키지] 디어리얼 페이스타올 수건 4P 세트,https://www.oliveyoung.co.kr/store/goods/getGoodsDetail.do?goodsNo=B000000249693,https://image.oliveyoung.co.kr/cfimages/cf-goods/uploads/images/thumbnails/400/10/0000/0024/B00000024969303ko.jpg?l=ko,45900,45900,0.0,47,4.8,85,9,6,,,0,0,0,0,B000000249693,10000030005
2026-08-16,홈리빙/가전,86,프로젝트슬립,[수면주름케어] 동안베개 목주름 눈가주름 케어 기능성 메모리폼 낮은 경추베개,https://www.oliveyoung.co.kr/store/goods/getGoodsDetail.do?goodsNo=B000000263030,https://image.oliveyoung.co.kr/cfimages/cf-goods/uploads/images/thumbnails/400/10/0000/0026/B00000026303001ko.jpg?l=ko,69900,69900,0.0,0,0.0,,,,,,0,0,0,0,B000000263030,10000030005
2026-08-16,홈리빙/가전,87,피지,"피지 모락셀라 액체세제 2.1L,1.5L 용기 3종 / 2.3L 리필 2종(허브향/코튼향)",https://www.oliveyoung.co.kr/store/goods/getGoodsDetail.do?goodsNo=A000000239236,https://image.oliveyoung.co.kr/cfimages/cf-goods/uploads/images/thumbnails/400/10/0000/0023/A00000023923601ko.jpg?l=ko,16950,14950,11.8,85,5.0,96,2,1,,,1,0,1,1,A000000239236,10000030005
2026-08-16,홈리빙/가전,88,제니퍼룸,[쿨썸머] 제니퍼룸 스마트 퓨어 제습기 30L,https://www.oliveyoung.co.kr/store/goods/getGoodsDetail.do?goodsNo=B000000225242,https://image.oliveyoung.co.kr/cfimages/cf-goods/uploads/images/thumbnails/400/10/0000/0022/B00000022524207ko.png?l=ko,339000,284000,16.2,24,5.0,96,4,,,,0,1,0,0,B000000225242,10000030005
2026-08-16,홈리빙/가전,89,프렉탈,프렉탈 에스테틱 링클 필로우 듀오 기획,https://www.oliveyoung.co.kr/store/goods/getGoodsDetail.do?goodsNo=A000000242076,https://image.oliveyoung.co.kr/cfimages/cf-goods/uploads/images/thumbnails/400/10/0000/0024/A00000024207604ko.jpg?l=ko,92000,92000,0.0,27,4.7,81,11,7,,,0,0,0,1,A000000242076,10000030005
2026-08-16,홈리빙/가전,90,위칙,위칙 소독 인기템 골라담기 17종 택 1,https://www.oliveyoung.co.kr/store/goods/getGoodsDetail.do?goodsNo=A000000216483,https://image.oliveyoung.co.kr/cfimages/cf-goods/uploads/images/thumbnails/400/10/0000/0021/A00000021648301ko.jpg?l=ko,13900,13900,0.0,1755,4.8,86,9,3,1,1,0,0,0,1,A000000216483,10000030005
2026-08-16,홈리빙/가전,91,송월타올,송월타올 호텔수건 에르모 170g 코마40수 세면타월 5매,https://www.oliveyoung.co.kr/store/goods/getGoodsDetail.do?goodsNo=B000000164945,https://image.oliveyoung.co.kr/cfimages/cf-goods/uploads/images/thumbnails/400/10/0000/0016/B00000016494501ko.jpg?l=ko,35500,28400,20.0,123,4.9,93,5,2,,1,0,1,0,0,B000000164945,10000030005
2026-08-16,홈리빙/가전,92,택플로우,택플로우 플립텀블러 730ml / 세라믹텀블러 650ml /  머그텀블러 700ml,https://www.oliveyoung.co.kr/store/goods/getGoodsDetail.do?goodsNo=B000000262599,https://image.oliveyoung.co.kr/cfimages/cf-goods/uploads/images/thumbnails/400/10/0000/0026/B00000026259902ko.png?l=ko,45000,45000,0.0,0,0.0,,,,,,0,0,0,0,B000000262599,10000030005
2026-08-16,홈리빙/가전,93,피지,피지 모락셀라 냄새제거부스터 26입 3종 택1(허브향/코튼향/피치향),https://www.oliveyoung.co.kr/store/goods/getGoodsDetail.do?goodsNo=A000000239100,https://image.oliveyoung.co.kr/cfimages/cf-goods/uploads/images/thumbnails/400/10/0000/0023/A00000023910001ko.jpg?l=ko,16500,13900,15.8,80,4.8,86,11,,3,,1,1,1,1,A000000239100,10000030005
2026-08-16,홈리빙/가전,94,다이슨,다이슨 AM07 쿨 선풍기 타워형 (화이트/실버),https://www.oliveyoung.co.kr/store/goods/getGoodsDetail.do?goodsNo=B000000187884,https://image.oliveyoung.co.kr/cfimages/cf-goods/uploads/images/thumbnails/400/10/0000/0018/B00000018788402ko.jpg?l=ko,412000,412000,0.0,10,5.0,100,,,,,0,0,0,0,B000000187884,10000030005
2026-08-16,홈리빙/가전,95,미닉스,미닉스 음식물 처리기 가정용 분쇄기 건조기 더플렌더 PRO MNFD-120G,https://www.oliveyoung.co.kr/store/goods/getGoodsDetail.do?goodsNo=B000000240461,https://image.oliveyoung.co.kr/cfimages/cf-goods/uploads/images/thumbnails/400/10/0000/0024/B00000024046101ko.jpg?l=ko,639000,409000,36.0,64,5.0,97,3,,,,0,1,0,0,B000000240461,10000030005
2026-08-16,홈리빙/가전,96,픽싯,픽싯 미니 세정 롤티슈 80매,https://www.oliveyoung.co.kr/store/goods/getGoodsDetail.do?goodsNo=A000000250387,https://image.oliveyoung.co.kr/cfimages/cf-goods/uploads/images/thumbnails/400/10/0000/0025/A00000025038701ko.jpg?l=ko,18000,12000,33.3,539,4.9,91,5,2,1,1,1,0,0,1,A000000250387,10000030005
2026-08-16,홈리빙/가전,97,픽싯,픽싯 올인원 퍼퓸 세정 롤티슈 200매,https://www.oliveyoung.co.kr/store/goods/getGoodsDetail.do?goodsNo=A000000250394,https://image.oliveyoung.co.kr/cfimages/cf-goods/uploads/images/thumbnails/400/10/0000/0025/A00000025039401ko.jpg?l=ko,22000,16000,27.3,146,5.0,97,3,,,,1,0,0,1,A000000250394,10000030005
2026-08-16,홈리빙/가전,98,스너글,[NEW] 스너글 섬유유연제 실내건조 선샤인 2종 (2L/2.6L),https://www.oliveyoung.co.kr/store/goods/getGoodsDetail.do?goodsNo=A000000230120,https://image.oliveyoung.co.kr/cfimages/cf-goods/uploads/images/thumbnails/400/10/0000/0023/A00000023012001ko.png?l=ko,18900,11400,39.7,336,4.9,93,6,1,,,1,0,0,1,A000000230120,10000030005
2026-08-16,홈리빙/가전,99,디어리얼,디어리얼 페이스타올 10P 버터,https://www.oliveyoung.co.kr/store/goods/getGoodsDetail.do?goodsNo=B000000242258,https://image.oliveyoung.co.kr/cfimages/cf-goods/uploads/images/thumbnails/400/10/0000/0024/B00000024225801ko.jpg?l=ko,99000,89100,10.0,0,0.0,,,,,,0,1,0,0,B000000242258,10000030005
2026-08-16,홈리빙/가전,100,다룸,다룸 제로컬렉션 스마트타워 무선 청소기 d-YLK-VT-1001,https://www.oliveyoung.co.kr/store/goods/getGoodsDetail.do?goodsNo=B000000259660,https://image.oliveyoung.co.kr/cfimages/cf-goods/uploads/images/thumbnails/400/10/0000/0025/B00000025966001ko.jpg?l=ko,599000,359000,40.1,0,0.0,,,,,,0,1,0,0,B000000259660,10000030005
2026-08-16,취미/팬시,1,ENHYPEN,ENHYPEN (엔하이픈) - THE SIN : BLISS (ENGENE ver.) (7종 SET),https://www.oliveyoung.co.kr/store/goods/getGoodsDetail.do?goodsNo=B000000264028,https://image.oliveyoung.co.kr/cfimages/cf-goods/uploads/images/thumbnails/400/10/0000/0026/B00000026402801ko.jpg?l=ko,100100,100100,0.0,0,0.0,,,,,,0,0,0,0,B000000264028,10000030006
2026-08-16,취미/팬시,2,바나실,BNS) 도킹형 보조배터리 10000mAh 2종 중 택1,https://www.oliveyoung.co.kr/store/goods/getGoodsDetail.do?goodsNo=A000000226614,https://image.oliveyoung.co.kr/cfimages/cf-goods/uploads/images/thumbnails/400/10/0000/0022/A00000022661403ko.jpg?l=ko,24900,22500,9.6,612,4.8,91,5,2,1,1,1,0,0,1,A000000226614,10000030006
2026-08-16,취미/팬시,3,알로,알로 아기천사 2 in 1 도킹형 보조배터리 5000mAh (망곰 에디션),https://www.oliveyoung.co.kr/store/goods/getGoodsDetail.do?goodsNo=A000000262717,https://image.oliveyoung.co.kr/cfimages/cf-goods/uploads/images/thumbnails/400/10/0000/0026/A00000026271703ko.jpg?l=ko,26500,13050,50.8,7,4.9,86,14,,,,1,1,0,1,A000000262717,10000030006
2026-08-16,취미/팬시,4,필리밀리,필리밀리X챠미키티 에디션 18종 택1,https://www.oliveyoung.co.kr/store/goods/getGoodsDetail.do?goodsNo=A000000248432,https://image.oliveyoung.co.kr/cfimages/cf-goods/uploads/images/thumbnails/400/10/0000/0024/A00000024843202ko.jpg?l=ko,8000,3960,50.5,24032,4.7,84,9,4,1,1,1,1,0,1,A000000248432,10000030006
2026-08-16,취미/팬시,5,웰릭스,레드빈 USB-C 유선이어폰 화이트,https://www.oliveyoung.co.kr/store/goods/getGoodsDetail.do?goodsNo=A000000259901,https://image.oliveyoung.co.kr/cfimages/cf-goods/uploads/images/thumbnails/400/10/0000/0025/A00000025990106ko.jpg?l=ko,15000,12000,20.0,31,4.4,71,16,3,3,6,1,1,0,1,A000000259901,10000030006
2026-08-16,취미/팬시,6,실바니안 패밀리,[실바니안 패밀리] 4030-솜토끼가족 인형 피규어,https://www.oliveyoung.co.kr/store/goods/getGoodsDetail.do?goodsNo=B000000262046,https://image.oliveyoung.co.kr/cfimages/cf-goods/uploads/images/thumbnails/400/10/0000/0026/B00000026204601ko.jpg?l=ko,43000,38700,10.0,1,5.0,100,,,,,0,1,0,0,B000000262046,10000030006
2026-08-16,취미/팬시,7,바나실,BNS i17 PRO MAX 블루투스 무선 이어폰,https://www.oliveyoung.co.kr/store/goods/getGoodsDetail.do?goodsNo=A000000158693,https://image.oliveyoung.co.kr/cfimages/cf-goods/uploads/images/thumbnails/400/10/0000/0015/A00000015869303ko.jpg?l=ko,29900,29900,0.0,1937,4.6,73,15,8,1,3,0,0,0,1,A000000158693,10000030006
2026-08-16,취미/팬시,8,웰릭스,레드빈 무선이어폰 에어 EATW,https://www.oliveyoung.co.kr/store/goods/getGoodsDetail.do?goodsNo=A000000188914,https://image.oliveyoung.co.kr/cfimages/cf-goods/uploads/images/thumbnails/400/10/0000/0018/A00000018891409ko.jpg?l=ko,29800,29800,0.0,189,4.7,80,11,6,1,2,0,0,0,1,A000000188914,10000030006
2026-08-16,취미/팬시,9,알로,[망곰 콜라보] 알로 도킹형 2 in 1 보조배터리 5000mAh 2종 (아기천사/프루티스위츠),https://www.oliveyoung.co.kr/store/goods/getGoodsDetail.do?goodsNo=A000000245799,https://image.oliveyoung.co.kr/cfimages/cf-goods/uploads/images/thumbnails/400/10/0000/0024/A00000024579903ko.jpg?l=ko,26500,13050,50.8,824,4.7,82,11,5,1,1,1,1,0,1,A000000245799,10000030006
2026-08-16,취미/팬시,10,QCY,QCY)T29 APP 블루투스 이어폰 2종 택1,https://www.oliveyoung.co.kr/store/goods/getGoodsDetail.do?goodsNo=A000000236445,https://image.oliveyoung.co.kr/cfimages/cf-goods/uploads/images/thumbnails/400/10/0000/0023/A00000023644501ko.jpg?l=ko,26900,26900,0.0,99,4.7,79,15,5,,1,0,0,0,1,A000000236445,10000030006
2026-08-16,취미/팬시,11,알로,[쿨썸머] 알로 / 26년 신상 3초 냉각 무선 선풍기 FA2A,https://www.oliveyoung.co.kr/store/goods/getGoodsDetail.do?goodsNo=A000000253310,https://image.oliveyoung.co.kr/cfimages/cf-goods/uploads/images/thumbnails/400/10/0000/0025/A00000025331008ko.jpg?l=ko,23900,22900,4.2,174,4.6,80,10,6,1,3,1,0,0,1,A000000253310,10000030006
2026-08-16,취미/팬시,12,얼모스트블루,얼모스트블루 스노우 이어폰 4종 택1,https://www.oliveyoung.co.kr/store/goods/getGoodsDetail.do?goodsNo=B000000260609,https://image.oliveyoung.co.kr/cfimages/cf-goods/uploads/images/thumbnails/400/10/0000/0026/B00000026060901ko.jpg?l=ko,24800,21800,12.1,1,5.0,100,,,,,0,1,0,0,B000000260609,10000030006
2026-08-16,취미/팬시,13,텐바이텐,텐바이텐 몬치치 얼굴 파우치 키링_몬치치 (2종),https://www.oliveyoung.co.kr/store/goods/getGoodsDetail.do?goodsNo=A000000249548,https://image.oliveyoung.co.kr/cfimages/cf-goods/uploads/images/thumbnails/400/10/0000/0024/A00000024954801ko.jpg?l=ko,16000,16000,0.0,80,5.0,98,3,,,,0,0,0,1,A000000249548,10000030006
2026-08-16,취미/팬시,14,퀄리,퀄리 다람쥐 연필깎이,https://www.oliveyoung.co.kr/store/goods/getGoodsDetail.do?goodsNo=B000000240051,https://image.oliveyoung.co.kr/cfimages/cf-goods/uploads/images/thumbnails/400/10/0000/0024/B00000024005101ko.jpg?l=ko,15000,15000,0.0,0,0.0,,,,,,0,0,0,0,B000000240051,10000030006
2026-08-16,취미/팬시,15,슈틸루스터,슈틸루스터 초고속 터보 휴대용선풍기 ST-PMF100,https://www.oliveyoung.co.kr/store/goods/getGoodsDetail.do?goodsNo=B000000254578,https://image.oliveyoung.co.kr/cfimages/cf-goods/uploads/images/thumbnails/400/10/0000/0025/B00000025457805ko.jpg?l=ko,19900,14930,25.0,1,5.0,100,,,,,0,1,0,0,B000000254578,10000030006
2026-08-16,취미/팬시,16,ENHYPEN,ENHYPEN (엔하이픈) - THE SIN : BLISS (ENGENE ver.) (7종 중 랜덤 1종),https://www.oliveyoung.co.kr/store/goods/getGoodsDetail.do?goodsNo=B000000264024,https://image.oliveyoung.co.kr/cfimages/cf-goods/uploads/images/thumbnails/400/10/0000/0026/B00000026402401ko.jpg?l=ko,14300,14300,0.0,0,0.0,,,,,,0,0,0,0,B000000264024,10000030006
2026-08-16,취미/팬시,17,오첵,오첵 폭신폭신 사각 파우치 S (4종 택 1),https://www.oliveyoung.co.kr/store/goods/getGoodsDetail.do?goodsNo=B000000202485,https://image.oliveyoung.co.kr/cfimages/cf-goods/uploads/images/thumbnails/400/10/0000/0020/B00000020248501ko.jpg?l=ko,13500,13500,0.0,5,5.0,100,,,,,0,0,0,0,B000000202485,10000030006
2026-08-16,취미/팬시,18,웰릭스,HUGU 고속 충전 케이블 4종 택1 (8핀/C타입/C to C/C to 8),https://www.oliveyoung.co.kr/store/goods/getGoodsDetail.do?goodsNo=A000000232585,https://image.oliveyoung.co.kr/cfimages/cf-goods/uploads/images/thumbnails/400/10/0000/0023/A00000023258501ko.jpg?l=ko,5800,5800,0.0,393,4.7,84,8,3,1,3,0,0,0,1,A000000232585,10000030006
2026-08-16,취미/팬시,19,델리,델리 레트로 스피커 모양 5단 심조절 연필깎이,https://www.oliveyoung.co.kr/store/goods/getGoodsDetail.do?goodsNo=B000000241276,https://image.oliveyoung.co.kr/cfimages/cf-goods/uploads/images/thumbnails/400/10/0000/0024/B00000024127601ko.jpg?l=ko,15000,12000,20.0,0,0.0,,,,,,0,1,0,0,B000000241276,10000030006
2026-08-16,취미/팬시,20,알로,[리뷰이벤트] 알로코리아 컴팩트 25W C타입 초고속충전기+고속충전 케이블 UC125PPS,https://www.oliveyoung.co.kr/store/goods/getGoodsDetail.do?goodsNo=B000000249374,https://image.oliveyoung.co.kr/cfimages/cf-goods/uploads/images/thumbnails/400/10/0000/0024/B00000024937401ko.jpg?l=ko,11900,11500,3.4,96,4.9,94,3,2,1,,0,1,0,0,B000000249374,10000030006
2026-08-16,취미/팬시,21,오첵,오첵 데일리 투명파우치 썸띵유즈얼,https://www.oliveyoung.co.kr/store/goods/getGoodsDetail.do?goodsNo=B000000210201,https://image.oliveyoung.co.kr/cfimages/cf-goods/uploads/images/thumbnails/400/10/0000/0021/B00000021020101ko.jpg?l=ko,13000,11050,15.0,0,0.0,,,,,,0,1,0,0,B000000210201,10000030006
2026-08-16,취미/팬시,22,필리밀리,필리밀리x챠미키티 인형키링 3종 택1,https://www.oliveyoung.co.kr/store/goods/getGoodsDetail.do?goodsNo=A000000248141,https://image.oliveyoung.co.kr/cfimages/cf-goods/uploads/images/thumbnails/400/10/0000/0024/A00000024814102ko.jpg?l=ko,19000,9490,50.1,2057,4.8,89,6,3,1,1,1,1,0,1,A000000248141,10000030006
2026-08-16,취미/팬시,23,바나실,BNS) 도킹 보조배터리 3000mAh,https://www.oliveyoung.co.kr/store/goods/getGoodsDetail.do?goodsNo=A000000212312,https://image.oliveyoung.co.kr/cfimages/cf-goods/uploads/images/thumbnails/400/10/0000/0021/A00000021231201ko.jpg?l=ko,7500,7500,0.0,2717,4.7,83,10,5,1,2,0,0,0,1,A000000212312,10000030006
2026-08-16,취미/팬시,24,델리,누사인 강력자석 택배박스 언박싱 커터칼,https://www.oliveyoung.co.kr/store/goods/getGoodsDetail.do?goodsNo=B000000240112,https://image.oliveyoung.co.kr/cfimages/cf-goods/uploads/images/thumbnails/400/10/0000/0024/B00000024011201ko.jpg?l=ko,7000,5600,20.0,34,4.9,97,,3,,,0,1,0,0,B000000240112,10000030006
2026-08-16,취미/팬시,25,버터샵,[버터샵] 눈반짝 밀크캣 아크릴 와펜 볼펜,https://www.oliveyoung.co.kr/store/goods/getGoodsDetail.do?goodsNo=B000000263330,https://image.oliveyoung.co.kr/cfimages/cf-goods/uploads/images/thumbnails/400/10/0000/0026/B00000026333001ko.jpg?l=ko,4000,4000,0.0,0,0.0,,,,,,0,0,0,0,B000000263330,10000030006
2026-08-16,취미/팬시,26,쓰리엠,[NEW] 3M 이어플러그 팬시 네온 (3쌍),https://www.oliveyoung.co.kr/store/goods/getGoodsDetail.do?goodsNo=A000000191463,https://image.oliveyoung.co.kr/cfimages/cf-goods/uploads/images/thumbnails/400/10/0000/0019/A00000019146301ko.jpg?l=ko,3050,3050,0.0,841,4.8,87,8,3,1,1,0,0,0,1,A000000191463,10000030006
2026-08-16,취미/팬시,27,JEONG EUN JI,"정은지 5th Mini Album [Summer, I] (Summer ver / I ver) (RANDOM)",https://www.oliveyoung.co.kr/store/goods/getGoodsDetail.do?goodsNo=B000000263732,https://image.oliveyoung.co.kr/cfimages/cf-goods/uploads/images/thumbnails/400/10/0000/0026/B00000026373201ko.jpg?l=ko,23900,23900,0.0,0,0.0,,,,,,0,0,0,0,B000000263732,10000030006
2026-08-16,취미/팬시,28,KATSEYE,KATSEYE (캣츠아이) WILD 2종 1세트,https://www.oliveyoung.co.kr/store/goods/getGoodsDetail.do?goodsNo=B000000261393,https://image.oliveyoung.co.kr/cfimages/cf-goods/uploads/images/thumbnails/400/10/0000/0026/B00000026139301ko.jpg?l=ko,39800,39800,0.0,0,0.0,,,,,,0,0,0,0,B000000261393,10000030006
2026-08-16,취미/팬시,29,텐바이텐,[포켓몬 에디션] 텐바이텐 포켓몬스터 인형키링 (4종),https://www.oliveyoung.co.kr/store/goods/getGoodsDetail.do?goodsNo=A000000253544,https://image.oliveyoung.co.kr/cfimages/cf-goods/uploads/images/thumbnails/400/10/0000/0025/A00000025354413ko.jpg?l=ko,18000,14900,17.2,1373,4.9,96,3,1,0,0,1,1,0,1,A000000253544,10000030006
2026-08-16,취미/팬시,30,알로,[포켓몬 에디션] 알로 2PORT 고속충전기 + 자동 릴 케이블 2종 (피카츄/잠만보),https://www.oliveyoung.co.kr/store/goods/getGoodsDetail.do?goodsNo=A000000253302,https://image.oliveyoung.co.kr/cfimages/cf-goods/uploads/images/thumbnails/400/10/0000/0025/A00000025330223ko.jpg?l=ko,29900,25900,13.4,388,4.8,87,7,4,1,2,1,0,0,1,A000000253302,10000030006
2026-08-16,취미/팬시,31,CORTIS,CORTIS The 2nd EP [GREENGREEN] (Blue Lips Lip Balm ver.),https://www.oliveyoung.co.kr/store/goods/getGoodsDetail.do?goodsNo=B000000258780,https://image.oliveyoung.co.kr/cfimages/cf-goods/uploads/images/thumbnails/400/10/0000/0025/B00000025878001ko.jpg?l=ko,29700,29700,0.0,5,4.6,80,,20,,,0,0,0,0,B000000258780,10000030006
2026-08-16,취미/팬시,32,망그러진 곰,망그러진곰 인형키링 5종 (아기천사/프루티스위츠),https://www.oliveyoung.co.kr/store/goods/getGoodsDetail.do?goodsNo=A000000245924,https://image.oliveyoung.co.kr/cfimages/cf-goods/uploads/images/thumbnails/400/10/0000/0024/A00000024592409ko.jpg?l=ko,17000,8570,49.6,5865,4.9,96,3,1,0,0,1,1,0,1,A000000245924,10000030006
2026-08-16,취미/팬시,33,웰릭스,레드빈 노이즈캔슬링 ANC ENTW,https://www.oliveyoung.co.kr/store/goods/getGoodsDetail.do?goodsNo=A000000247580,https://image.oliveyoung.co.kr/cfimages/cf-goods/uploads/images/thumbnails/400/10/0000/0024/A00000024758001ko.jpg?l=ko,36900,36900,0.0,84,4.4,68,15,12,1,4,0,0,0,1,A000000247580,10000030006
2026-08-16,취미/팬시,34,실바니안 패밀리,[실바니안 패밀리] 5838-실바니안 블라인드백 14차(아기 건축가) 가챠 랜덤깡,https://www.oliveyoung.co.kr/store/goods/getGoodsDetail.do?goodsNo=B000000262104,https://image.oliveyoung.co.kr/cfimages/cf-goods/uploads/images/thumbnails/400/10/0000/0026/B00000026210401ko.jpg?l=ko,9500,8550,10.0,25,5.0,96,4,,,,0,1,0,0,B000000262104,10000030006
2026-08-16,취미/팬시,35,로지텍,로지텍 블루투스 키보드 KEYS TO GO 2,https://www.oliveyoung.co.kr/store/goods/getGoodsDetail.do?goodsNo=B000000233563,https://image.oliveyoung.co.kr/cfimages/cf-goods/uploads/images/thumbnails/400/10/0000/0023/B00000023356301ko.jpg?l=ko,109000,89000,18.3,41,4.8,85,12,2,,,0,1,0,0,B000000233563,10000030006
2026-08-16,취미/팬시,36,QCY,QCY 블루투스 이어폰 T31 멜로버즈 네오,https://www.oliveyoung.co.kr/store/goods/getGoodsDetail.do?goodsNo=B000000242114,https://image.oliveyoung.co.kr/cfimages/cf-goods/uploads/images/thumbnails/400/10/0000/0024/B00000024211401ko.jpg?l=ko,29900,23920,20.0,19,4.7,84,11,,5,,0,1,0,0,B000000242114,10000030006
2026-08-16,취미/팬시,37,인스탁스,[한국후지필름] 인스탁스 와이드에보 하이브리드 카메라 올리브영 기획세트,https://www.oliveyoung.co.kr/store/goods/getGoodsDetail.do?goodsNo=B000000225151,https://image.oliveyoung.co.kr/cfimages/cf-goods/uploads/images/thumbnails/400/10/0000/0022/B00000022515106ko.jpg?l=ko,590400,543170,8.0,2,5.0,100,,,,,0,1,0,0,B000000225151,10000030006
2026-08-16,취미/팬시,38,로지텍,로지텍 국내 정품 인체공학 무선 마우스 Vertical LIFT,https://www.oliveyoung.co.kr/store/goods/getGoodsDetail.do?goodsNo=B000000212434,https://image.oliveyoung.co.kr/cfimages/cf-goods/uploads/images/thumbnails/400/10/0000/0021/B00000021243401ko.jpg?l=ko,89000,74900,15.8,312,5.0,96,3,0,0,,0,1,0,0,B000000212434,10000030006
2026-08-16,취미/팬시,39,로지텍,로지텍 국내 정품 인체공학 무선 키보드 Wave Keys (3종 택1),https://www.oliveyoung.co.kr/store/goods/getGoodsDetail.do?goodsNo=B000000212446,https://image.oliveyoung.co.kr/cfimages/cf-goods/uploads/images/thumbnails/400/10/0000/0021/B00000021244602ko.jpg?l=ko,99000,79000,20.2,31,4.9,90,6,3,,,0,1,0,0,B000000212446,10000030006
2026-08-16,취미/팬시,40,미니덕트,미니덕트 보조배터리&충전기&파우치 콜라보 모음전,https://www.oliveyoung.co.kr/store/goods/getGoodsDetail.do?goodsNo=A000000253908,https://image.oliveyoung.co.kr/cfimages/cf-goods/uploads/images/thumbnails/400/10/0000/0025/A00000025390816ko.jpg?l=ko,29600,29600,0.0,144,4.8,89,5,3,,3,0,0,0,1,A000000253908,10000030006
2026-08-16,취미/팬시,41,ENHYPEN,ENHYPEN (엔하이픈) - THE SIN : BLISS (4종 중 랜덤 1종),https://www.oliveyoung.co.kr/store/goods/getGoodsDetail.do?goodsNo=B000000264012,https://image.oliveyoung.co.kr/cfimages/cf-goods/uploads/images/thumbnails/400/10/0000/0026/B00000026401201ko.jpg?l=ko,20800,20800,0.0,0,0.0,,,,,,0,0,0,0,B000000264012,10000030006
2026-08-16,취미/팬시,42,알로,[쿨썸머] [리뷰이벤트] 알로코리아 아이스터보 냉각 제트 휴대용 선풍기 FA3,https://www.oliveyoung.co.kr/store/goods/getGoodsDetail.do?goodsNo=B000000227071,https://image.oliveyoung.co.kr/cfimages/cf-goods/uploads/images/thumbnails/400/10/0000/0022/B00000022707112ko.jpg?l=ko,36900,35900,2.7,94,4.8,89,4,3,2,1,0,1,0,0,B000000227071,10000030006
2026-08-16,취미/팬시,43,ENHYPEN,ENHYPEN (엔하이픈) - THE SIN : BLISS (4종 SET),https://www.oliveyoung.co.kr/store/goods/getGoodsDetail.do?goodsNo=B000000264021,https://image.oliveyoung.co.kr/cfimages/cf-goods/uploads/images/thumbnails/400/10/0000/0026/B00000026402101ko.jpg?l=ko,83200,83200,0.0,0,0.0,,,,,,0,0,0,0,B000000264021,10000030006
2026-08-16,취미/팬시,44,ZO&FRIENDS,조앤프렌즈 K-에디션 조아 인형 키링 (아씨),https://www.oliveyoung.co.kr/store/goods/getGoodsDetail.do?goodsNo=B000000259707,https://image.oliveyoung.co.kr/cfimages/cf-goods/uploads/images/thumbnails/400/10/0000/0025/B00000025970702ko.jpg?l=ko,48000,48000,0.0,14,4.9,93,7,,,,0,0,0,0,B000000259707,10000030006
2026-08-16,취미/팬시,45,QCY,QCY 블루투스 이어폰 HT12 멜로버즈 N50,https://www.oliveyoung.co.kr/store/goods/getGoodsDetail.do?goodsNo=B000000228368,https://image.oliveyoung.co.kr/cfimages/cf-goods/uploads/images/thumbnails/400/10/0000/0022/B00000022836801ko.jpg?l=ko,29300,21980,25.0,8,4.0,75,,,,25,0,1,0,0,B000000228368,10000030006
2026-08-16,취미/팬시,46,텐바이텐,텐바이텐 몬치치 스트링 파우치 (3종),https://www.oliveyoung.co.kr/store/goods/getGoodsDetail.do?goodsNo=A000000257805,https://image.oliveyoung.co.kr/cfimages/cf-goods/uploads/images/thumbnails/400/10/0000/0025/A00000025780501ko.jpg?l=ko,17000,17000,0.0,16,5.0,100,,,,,0,0,0,1,A000000257805,10000030006
2026-08-16,취미/팬시,47,누리플러스,몬치치 랜덤피규어 키링,https://www.oliveyoung.co.kr/store/goods/getGoodsDetail.do?goodsNo=A000000258195,https://image.oliveyoung.co.kr/cfimages/cf-goods/uploads/images/thumbnails/400/10/0000/0025/A00000025819502ko.jpg?l=ko,12000,12000,0.0,31,4.7,87,6,,,6,0,0,0,1,A000000258195,10000030006
2026-08-16,취미/팬시,48,로지텍,로지텍 무선 게이밍 헤드셋 G522 LIGHTSPEED,https://www.oliveyoung.co.kr/store/goods/getGoodsDetail.do?goodsNo=B000000257777,https://image.oliveyoung.co.kr/cfimages/cf-goods/uploads/images/thumbnails/400/10/0000/0025/B00000025777701ko.jpg?l=ko,199000,199000,0.0,1,5.0,100,,,,,0,0,0,0,B000000257777,10000030006
2026-08-16,취미/팬시,49,미니덕트,미니덕트 오예스 맥세이프 보조배터리 2종,https://www.oliveyoung.co.kr/store/goods/getGoodsDetail.do?goodsNo=A000000251767,https://image.oliveyoung.co.kr/cfimages/cf-goods/uploads/images/thumbnails/400/10/0000/0025/A00000025176707ko.png?l=ko,39600,39600,0.0,15,4.7,93,,,,7,0,0,0,1,A000000251767,10000030006
2026-08-16,취미/팬시,50,로지텍,로지텍 블루투스 키보드 마우스 세트 Pebble 2 Combo (2종 택1),https://www.oliveyoung.co.kr/store/goods/getGoodsDetail.do?goodsNo=B000000212925,https://image.oliveyoung.co.kr/cfimages/cf-goods/uploads/images/thumbnails/400/10/0000/0021/B00000021292501ko.jpg?l=ko,69900,59900,14.3,15,4.9,87,13,,,,0,1,0,0,B000000212925,10000030006
2026-08-16,취미/팬시,51,알로,"알로코리아 10W 듀얼 충전 도킹형 미니 보조배터리 5,000mAh",https://www.oliveyoung.co.kr/store/goods/getGoodsDetail.do?goodsNo=A000000231520,https://image.oliveyoung.co.kr/cfimages/cf-goods/uploads/images/thumbnails/400/10/0000/0023/A00000023152005ko.jpg?l=ko,15900,14900,6.3,164,4.5,73,15,7,1,4,1,0,0,1,A000000231520,10000030006
2026-08-16,취미/팬시,52,인스탁스,[한국후지필름] 인스탁스 미니13 즉석카메라 올리브영 기획세트,https://www.oliveyoung.co.kr/store/goods/getGoodsDetail.do?goodsNo=B000000261770,https://image.oliveyoung.co.kr/cfimages/cf-goods/uploads/images/thumbnails/400/10/0000/0026/B00000026177001ko.jpg?l=ko,194800,179220,8.0,0,0.0,,,,,,0,1,0,0,B000000261770,10000030006
2026-08-16,취미/팬시,53,로지텍,로지텍 국내 정품 블루투스 마우스 MX Master 4,https://www.oliveyoung.co.kr/store/goods/getGoodsDetail.do?goodsNo=B000000240743,https://image.oliveyoung.co.kr/cfimages/cf-goods/uploads/images/thumbnails/400/10/0000/0024/B00000024074301ko.jpg?l=ko,179000,179000,0.0,11,5.0,100,,,,,0,0,0,0,B000000240743,10000030006
2026-08-16,취미/팬시,54,BTS,방탄소년단(BTS) ARIRANG (NORMAL x CALVIN KLEIN SLEEPWEAR),https://www.oliveyoung.co.kr/store/goods/getGoodsDetail.do?goodsNo=B000000264396,https://image.oliveyoung.co.kr/cfimages/cf-goods/uploads/images/thumbnails/400/10/0000/0026/B00000026439601ko.jpg?l=ko,169400,169400,0.0,0,0.0,,,,,,0,0,0,0,B000000264396,10000030006
2026-08-16,취미/팬시,55,실바니안 패밀리,[실바니안 패밀리] 5845-베이비랜드 콘서트 세트 소품 인형 피규어 세트,https://www.oliveyoung.co.kr/store/goods/getGoodsDetail.do?goodsNo=B000000262101,https://image.oliveyoung.co.kr/cfimages/cf-goods/uploads/images/thumbnails/400/10/0000/0026/B00000026210101ko.jpg?l=ko,45000,40500,10.0,3,5.0,100,,,,,0,1,0,0,B000000262101,10000030006
2026-08-16,취미/팬시,56,QCY,QCY 공기전도 블루투스이어폰 T30 AIR (온),https://www.oliveyoung.co.kr/store/goods/getGoodsDetail.do?goodsNo=B000000212224,https://image.oliveyoung.co.kr/cfimages/cf-goods/uploads/images/thumbnails/400/10/0000/0021/B00000021222401ko.jpg?l=ko,31900,31900,0.0,22,4.9,95,,,5,,0,0,0,0,B000000212224,10000030006
2026-08-16,취미/팬시,57,한성컴퓨터,한성컴퓨터 사무용 무접점키보드 PRO 동그리 시리즈 모음전 (풀배열),https://www.oliveyoung.co.kr/store/goods/getGoodsDetail.do?goodsNo=B000000221776,https://image.oliveyoung.co.kr/cfimages/cf-goods/uploads/images/thumbnails/400/10/0000/0022/B00000022177607ko.png?l=ko,149000,149000,0.0,2,5.0,100,,,,,0,0,0,0,B000000221776,10000030006
2026-08-16,취미/팬시,58,ZO&FRIENDS,조앤프렌즈 K-에디션 조아 태슬 키링,https://www.oliveyoung.co.kr/store/goods/getGoodsDetail.do?goodsNo=B000000259709,https://image.oliveyoung.co.kr/cfimages/cf-goods/uploads/images/thumbnails/400/10/0000/0025/B00000025970902ko.jpg?l=ko,35000,35000,0.0,5,5.0,100,,,,,0,0,0,0,B000000259709,10000030006
2026-08-16,취미/팬시,59,QCY,QCY 블루투스 이어폰 T37 Ailybids 화이트,https://www.oliveyoung.co.kr/store/goods/getGoodsDetail.do?goodsNo=B000000249862,https://image.oliveyoung.co.kr/cfimages/cf-goods/uploads/images/thumbnails/400/10/0000/0024/B00000024986201ko.jpg?l=ko,31900,25520,20.0,10,4.7,80,10,10,,,0,1,0,0,B000000249862,10000030006
2026-08-16,취미/팬시,60,미니덕트,미니덕트 펩시고속충전기 2종,https://www.oliveyoung.co.kr/store/goods/getGoodsDetail.do?goodsNo=A000000251758,https://image.oliveyoung.co.kr/cfimages/cf-goods/uploads/images/thumbnails/400/10/0000/0025/A00000025175806ko.png?l=ko,39600,31600,20.2,5,4.2,60,,40,,,1,0,0,1,A000000251758,10000030006
2026-08-16,취미/팬시,61,알로,[쿨썸머] 알로 휴대용 미니 선풍기 F3A,https://www.oliveyoung.co.kr/store/goods/getGoodsDetail.do?goodsNo=A000000253313,https://image.oliveyoung.co.kr/cfimages/cf-goods/uploads/images/thumbnails/400/10/0000/0025/A00000025331306ko.jpg?l=ko,12500,11500,8.0,62,4.5,71,13,13,2,2,1,0,0,1,A000000253313,10000030006
2026-08-16,취미/팬시,62,인스탁스,[한국후지필름] 인스탁스 미니필름 / 스퀘어필름 40장 올리브영 기획세트,https://www.oliveyoung.co.kr/store/goods/getGoodsDetail.do?goodsNo=B000000225153,https://image.oliveyoung.co.kr/cfimages/cf-goods/uploads/images/thumbnails/400/10/0000/0022/B00000022515301ko.jpg?l=ko,61600,59760,3.0,67,4.9,93,7,,,,0,1,0,0,B000000225153,10000030006
2026-08-16,취미/팬시,63,알로,알로 20W 고속 충전 도킹형 미니 보조배터리,https://www.oliveyoung.co.kr/store/goods/getGoodsDetail.do?goodsNo=A000000215279,https://image.oliveyoung.co.kr/cfimages/cf-goods/uploads/images/thumbnails/400/10/0000/0021/A00000021527901ko.jpg?l=ko,20900,20900,0.0,428,4.6,77,12,5,1,5,0,0,0,1,A000000215279,10000030006
2026-08-16,취미/팬시,64,로지텍,로지텍 블루투스 무소음 마우스 MX Anywhere 3S (3종 택1),https://www.oliveyoung.co.kr/store/goods/getGoodsDetail.do?goodsNo=B000000212923,https://image.oliveyoung.co.kr/cfimages/cf-goods/uploads/images/thumbnails/400/10/0000/0021/B00000021292301ko.jpg?l=ko,109000,109000,0.0,10,5.0,100,,,,,0,0,0,0,B000000212923,10000030006
2026-08-16,취미/팬시,65,번개표,번개표 여행용 큐브 고속 멀티어댑터 3구 3포트 (해외 200여국 호환),https://www.oliveyoung.co.kr/store/goods/getGoodsDetail.do?goodsNo=B000000258658,https://image.oliveyoung.co.kr/cfimages/cf-goods/uploads/images/thumbnails/400/10/0000/0025/B00000025865801ko.jpg?l=ko,38900,35010,10.0,0,0.0,,,,,,0,1,0,0,B000000258658,10000030006
2026-08-16,취미/팬시,66,웰릭스,레드빈 에어젯 초소형 미니 선풍기 USB-C 제트팬 2colors(화이트/블랙),https://www.oliveyoung.co.kr/store/goods/getGoodsDetail.do?goodsNo=A000000259437,https://image.oliveyoung.co.kr/cfimages/cf-goods/uploads/images/thumbnails/400/10/0000/0025/A00000025943706ko.jpg?l=ko,20900,19800,5.3,25,4.9,92,8,,,,1,0,0,1,A000000259437,10000030006
2026-08-16,취미/팬시,67,번개표,번개표 롤리팝 고속 충전 케이블 CtoC (컬러9종),https://www.oliveyoung.co.kr/store/goods/getGoodsDetail.do?goodsNo=B000000245709,https://image.oliveyoung.co.kr/cfimages/cf-goods/uploads/images/thumbnails/400/10/0000/0024/B00000024570901ko.jpg?l=ko,18900,16070,15.0,55,4.5,71,15,7,4,4,0,1,0,0,B000000245709,10000030006
2026-08-16,취미/팬시,68,아이리버,아이리버 25W 고속 충전기 IHA-PD25WDCC,https://www.oliveyoung.co.kr/store/goods/getGoodsDetail.do?goodsNo=B000000258646,https://image.oliveyoung.co.kr/cfimages/cf-goods/uploads/images/thumbnails/400/10/0000/0025/B00000025864602ko.jpg?l=ko,9900,7900,20.2,4,5.0,100,,,,,0,1,0,0,B000000258646,10000030006
2026-08-16,취미/팬시,69,미니덕트,미니덕트 쌍쌍바보조배터리 10000mAh,https://www.oliveyoung.co.kr/store/goods/getGoodsDetail.do?goodsNo=A000000251761,https://image.oliveyoung.co.kr/cfimages/cf-goods/uploads/images/thumbnails/400/10/0000/0025/A00000025176103ko.png?l=ko,49600,49600,0.0,0,0.0,,,,,,0,0,0,1,A000000251761,10000030006
2026-08-16,취미/팬시,70,알로,[리뷰이벤트] 알로코리아 Qi2 3in1 맥세이프 20W 고속 무선 멀티 충전기 거치대 UC320WQi2,https://www.oliveyoung.co.kr/store/goods/getGoodsDetail.do?goodsNo=B000000233089,https://image.oliveyoung.co.kr/cfimages/cf-goods/uploads/images/thumbnails/400/10/0000/0023/B00000023308907ko.png?l=ko,49900,49500,0.8,21,5.0,95,5,,,,0,1,0,0,B000000233089,10000030006
2026-08-16,취미/팬시,71,델리,니보리 윈드업 타이머 아날로그 구글 뽀모도로 공부 타임타이머,https://www.oliveyoung.co.kr/store/goods/getGoodsDetail.do?goodsNo=B000000258620,https://image.oliveyoung.co.kr/cfimages/cf-goods/uploads/images/thumbnails/400/10/0000/0025/B00000025862001ko.jpg?l=ko,45000,31500,30.0,0,0.0,,,,,,0,1,0,0,B000000258620,10000030006
2026-08-16,취미/팬시,72,ZO&FRIENDS,조앤프렌즈 K-에디션 조아 인형 키링 (선비),https://www.oliveyoung.co.kr/store/goods/getGoodsDetail.do?goodsNo=B000000259706,https://image.oliveyoung.co.kr/cfimages/cf-goods/uploads/images/thumbnails/400/10/0000/0025/B00000025970602ko.jpg?l=ko,48000,48000,0.0,3,5.0,100,,,,,0,0,0,0,B000000259706,10000030006
2026-08-16,취미/팬시,73,델리,누사인 브러쉬 트윈 마카펜 80색 세트,https://www.oliveyoung.co.kr/store/goods/getGoodsDetail.do?goodsNo=B000000243488,https://image.oliveyoung.co.kr/cfimages/cf-goods/uploads/images/thumbnails/400/10/0000/0024/B00000024348801ko.jpg?l=ko,120000,96000,20.0,0,0.0,,,,,,0,1,0,0,B000000243488,10000030006
2026-08-16,취미/팬시,74,삼성,"삼성전자 PD 배터리팩 20,000mAh (45W) / EB-P4520XUEGKR (베이지)",https://www.oliveyoung.co.kr/store/goods/getGoodsDetail.do?goodsNo=B000000261690,https://image.oliveyoung.co.kr/cfimages/cf-goods/uploads/images/thumbnails/400/10/0000/0026/B00000026169001ko.jpg?l=ko,47000,47000,0.0,0,0.0,,,,,,0,0,0,0,B000000261690,10000030006
2026-08-16,취미/팬시,75,알로,[리뷰이벤트] 알로코리아 미니 고속충전 케이블 일체형 20W/35W 보조배터리 모음 (3종 택1),https://www.oliveyoung.co.kr/store/goods/getGoodsDetail.do?goodsNo=B000000230963,https://image.oliveyoung.co.kr/cfimages/cf-goods/uploads/images/thumbnails/400/10/0000/0023/B00000023096309ko.jpg?l=ko,31900,30900,3.1,58,5.0,98,2,,,,0,1,0,0,B000000230963,10000030006
2026-08-16,취미/팬시,76,알로,알로코리아 2포트 45W GaN 초고속 충전기,https://www.oliveyoung.co.kr/store/goods/getGoodsDetail.do?goodsNo=A000000246373,https://image.oliveyoung.co.kr/cfimages/cf-goods/uploads/images/thumbnails/400/10/0000/0024/A00000024637301ko.jpg?l=ko,21900,21900,0.0,82,4.9,95,2,2,,,0,0,0,1,A000000246373,10000030006
2026-08-16,취미/팬시,77,실바니안 패밀리,[실바니안 패밀리] 5801-아기 사슴 시냇가 그네 소품 인형 피규어 세트,https://www.oliveyoung.co.kr/store/goods/getGoodsDetail.do?goodsNo=B000000262069,https://image.oliveyoung.co.kr/cfimages/cf-goods/uploads/images/thumbnails/400/10/0000/0026/B00000026206901ko.jpg?l=ko,50000,45000,10.0,1,5.0,100,,,,,0,1,0,0,B000000262069,10000030006
2026-08-16,취미/팬시,78,아이리버,아이리버 이어폰 BHC-210 WH,https://www.oliveyoung.co.kr/store/goods/getGoodsDetail.do?goodsNo=A000000151891,https://image.oliveyoung.co.kr/cfimages/cf-goods/uploads/images/thumbnails/400/10/0000/0015/A00000015189101ko.jpg?l=ko,12000,9900,17.5,626,4.3,70,10,10,4,6,1,0,0,1,A000000151891,10000030006
2026-08-16,취미/팬시,79,로지텍,로지텍 시그니처 블루투스 MK650 COMBO FOR BUSINESS,https://www.oliveyoung.co.kr/store/goods/getGoodsDetail.do?goodsNo=B000000257682,https://image.oliveyoung.co.kr/cfimages/cf-goods/uploads/images/thumbnails/400/10/0000/0025/B00000025768201ko.jpg?l=ko,99900,89000,10.9,0,0.0,,,,,,0,1,0,0,B000000257682,10000030006
2026-08-16,취미/팬시,80,에너자이저,에너자이저 프라이머리 AA 건전지 4입,https://www.oliveyoung.co.kr/store/goods/getGoodsDetail.do?goodsNo=A000000258438,https://image.oliveyoung.co.kr/cfimages/cf-goods/uploads/images/thumbnails/400/10/0000/0025/A00000025843801ko.jpg?l=ko,4500,3600,20.0,31,5.0,100,,,,,1,0,0,1,A000000258438,10000030006
2026-08-16,취미/팬시,81,텐바이텐,텐바이텐 몬치치 얼굴파우치키링_레몬 치무탄,https://www.oliveyoung.co.kr/store/goods/getGoodsDetail.do?goodsNo=A000000257816,https://image.oliveyoung.co.kr/cfimages/cf-goods/uploads/images/thumbnails/400/10/0000/0025/A00000025781601ko.jpg?l=ko,16000,16000,0.0,10,5.0,100,,,,,0,0,0,1,A000000257816,10000030006
2026-08-16,취미/팬시,82,알로,[리뷰이벤트] 알로코리아 2만 대용량 케이블 일체형 고속충전 보조배터리 20000mAh 2008PD,https://www.oliveyoung.co.kr/store/goods/getGoodsDetail.do?goodsNo=B000000244604,https://image.oliveyoung.co.kr/cfimages/cf-goods/uploads/images/thumbnails/400/10/0000/0024/B00000024460401ko.jpg?l=ko,42900,40900,4.7,52,5.0,98,,2,,,0,1,0,0,B000000244604,10000030006
2026-08-16,취미/팬시,83,CORTIS,CORTIS The 1st EP [COLOR OUTSIDE THE LINES] (Weverse Albums ver.),https://www.oliveyoung.co.kr/store/goods/getGoodsDetail.do?goodsNo=B000000233351,https://image.oliveyoung.co.kr/cfimages/cf-goods/uploads/images/thumbnails/400/10/0000/0023/B00000023335105ko.jpg?l=ko,12000,12000,0.0,2,4.5,50,50,,,,0,0,0,0,B000000233351,10000030006
2026-08-16,취미/팬시,84,로지텍,로지텍 유선 게이밍 헤드셋 G335,https://www.oliveyoung.co.kr/store/goods/getGoodsDetail.do?goodsNo=B000000233573,https://image.oliveyoung.co.kr/cfimages/cf-goods/uploads/images/thumbnails/400/10/0000/0023/B00000023357301ko.jpg?l=ko,89900,79900,11.1,12,4.8,83,8,8,,,0,1,0,0,B000000233573,10000030006
2026-08-16,취미/팬시,85,알로,[리뷰이벤트] 알로코리아 140W GaN 프로 PD PPS 초고속 5포트 멀티 충전기 UC5140GPD,https://www.oliveyoung.co.kr/store/goods/getGoodsDetail.do?goodsNo=B000000233085,https://image.oliveyoung.co.kr/cfimages/cf-goods/uploads/images/thumbnails/400/10/0000/0023/B00000023308507ko.jpg?l=ko,79900,79700,0.3,6,4.8,83,17,,,,0,1,0,0,B000000233085,10000030006
2026-08-16,취미/팬시,86,알로,[리뷰이벤트] 알로코리아 큐브 미니 초고속충전 케이블 일체형 보조배터리 35W 10000mAh (2종 택1),https://www.oliveyoung.co.kr/store/goods/getGoodsDetail.do?goodsNo=B000000227692,https://image.oliveyoung.co.kr/cfimages/cf-goods/uploads/images/thumbnails/400/10/0000/0022/B00000022769214ko.png?l=ko,34900,34900,0.0,48,4.9,94,6,,,,0,0,0,0,B000000227692,10000030006
2026-08-16,취미/팬시,87,텐바이텐,텐바이텐 몬치치 사각 미니 파우치 키링 (5종),https://www.oliveyoung.co.kr/store/goods/getGoodsDetail.do?goodsNo=A000000257812,https://image.oliveyoung.co.kr/cfimages/cf-goods/uploads/images/thumbnails/400/10/0000/0025/A00000025781201ko.jpg?l=ko,14000,14000,0.0,8,4.9,88,13,,,,0,0,0,1,A000000257812,10000030006
2026-08-16,취미/팬시,88,단미,단미 몽그리 손난로 보조배터리 10000mAh RHW01 2종 택1 (퍼플/그레이),https://www.oliveyoung.co.kr/store/goods/getGoodsDetail.do?goodsNo=B000000212397,https://image.oliveyoung.co.kr/cfimages/cf-goods/uploads/images/thumbnails/400/10/0000/0021/B00000021239701ko.jpg?l=ko,34900,34900,0.0,17,5.0,100,,,,,0,0,0,0,B000000212397,10000030006
2026-08-16,취미/팬시,89,루메나,[쿨썸머] 루메나 휴대용 무선 선풍기 FAN PRO 4,https://www.oliveyoung.co.kr/store/goods/getGoodsDetail.do?goodsNo=B000000251644,https://image.oliveyoung.co.kr/cfimages/cf-goods/uploads/images/thumbnails/400/10/0000/0025/B00000025164405ko.jpg?l=ko,25110,22600,10.0,23,5.0,96,4,,,,0,1,0,0,B000000251644,10000030006
2026-08-16,취미/팬시,90,포인트오브뷰,[포인트오브뷰] 책연필 세트 - 매지컬 아이스크림,https://www.oliveyoung.co.kr/store/goods/getGoodsDetail.do?goodsNo=B000000238006,https://image.oliveyoung.co.kr/cfimages/cf-goods/uploads/images/thumbnails/400/10/0000/0023/B00000023800601ko.jpg?l=ko,5500,5500,0.0,13,5.0,100,,,,,0,0,0,0,B000000238006,10000030006
2026-08-16,취미/팬시,91,텐바이텐,텐바이텐 몬치치 얼굴 파우치 키링_프렌즈 (3종),https://www.oliveyoung.co.kr/store/goods/getGoodsDetail.do?goodsNo=A000000249552,https://image.oliveyoung.co.kr/cfimages/cf-goods/uploads/images/thumbnails/400/10/0000/0024/A00000024955201ko.jpg?l=ko,16000,16000,0.0,127,4.9,97,2,1,1,,0,0,0,1,A000000249552,10000030006
2026-08-16,취미/팬시,92,인스탁스,[한국후지필름] 인스탁스 와이드필름 40장 올리브영 기획세트,https://www.oliveyoung.co.kr/store/goods/getGoodsDetail.do?goodsNo=B000000228773,https://image.oliveyoung.co.kr/cfimages/cf-goods/uploads/images/thumbnails/400/10/0000/0022/B00000022877301ko.jpg?l=ko,70800,68680,3.0,2,5.0,100,,,,,0,1,0,0,B000000228773,10000030006
2026-08-16,취미/팬시,93,ZO&FRIENDS,조앤프렌즈 K-에디션 조아 중형 인형,https://www.oliveyoung.co.kr/store/goods/getGoodsDetail.do?goodsNo=B000000259705,https://image.oliveyoung.co.kr/cfimages/cf-goods/uploads/images/thumbnails/400/10/0000/0025/B00000025970502ko.jpg?l=ko,68000,68000,0.0,3,5.0,100,,,,,0,0,0,0,B000000259705,10000030006
2026-08-16,취미/팬시,94,번개표,"번개표 큐브멀티탭 고용량 3구 C타입 USB (콘센트형,전선형) 4color",https://www.oliveyoung.co.kr/store/goods/getGoodsDetail.do?goodsNo=B000000246262,https://image.oliveyoung.co.kr/cfimages/cf-goods/uploads/images/thumbnails/400/10/0000/0024/B00000024626211ko.jpg?l=ko,32900,29610,10.0,23,4.4,83,4,,,13,0,1,0,0,B000000246262,10000030006
2026-08-16,취미/팬시,95,알로,[리뷰이벤트] 알로코리아 초슬림 코발트 맥세이프 C타입 보조배터리 20W 5000mAh 501MW,https://www.oliveyoung.co.kr/store/goods/getGoodsDetail.do?goodsNo=B000000227695,https://image.oliveyoung.co.kr/cfimages/cf-goods/uploads/images/thumbnails/400/10/0000/0022/B00000022769501ko.jpg?l=ko,32900,31900,3.0,28,4.2,68,14,,7,11,0,1,0,0,B000000227695,10000030006
2026-08-16,취미/팬시,96,텐바이텐,텐바이텐 산리오 틴케이스 스티커팩 (마이멜로디/쿠로미/시나모롤/포차코/폼폼푸린),https://www.oliveyoung.co.kr/store/goods/getGoodsDetail.do?goodsNo=A000000194299,https://image.oliveyoung.co.kr/cfimages/cf-goods/uploads/images/thumbnails/400/10/0000/0019/A00000019429901ko.jpg?l=ko,9500,9500,0.0,281,4.9,91,7,1,,,0,0,0,1,A000000194299,10000030006
2026-08-16,취미/팬시,97,콜리,콜리 부루부루도그 스트링 파우치,https://www.oliveyoung.co.kr/store/goods/getGoodsDetail.do?goodsNo=B000000251506,https://image.oliveyoung.co.kr/cfimages/cf-goods/uploads/images/thumbnails/400/10/0000/0025/B00000025150605ko.jpg?l=ko,23000,14950,35.0,13,5.0,100,,,,,0,1,0,0,B000000251506,10000030006
2026-08-16,취미/팬시,98,아이리버,아이리버 블루투스 이어폰 IHBT-TP30,https://www.oliveyoung.co.kr/store/goods/getGoodsDetail.do?goodsNo=B000000228317,https://image.oliveyoung.co.kr/cfimages/cf-goods/uploads/images/thumbnails/400/10/0000/0022/B00000022831701ko.jpg?l=ko,19900,14930,25.0,12,3.3,42,8,17,,33,0,1,0,0,B000000228317,10000030006
2026-08-16,취미/팬시,99,버터샵,[버터샵] 마린 밀크캣 물범 부채,https://www.oliveyoung.co.kr/store/goods/getGoodsDetail.do?goodsNo=B000000263191,https://image.oliveyoung.co.kr/cfimages/cf-goods/uploads/images/thumbnails/400/10/0000/0026/B00000026319101ko.jpg?l=ko,2000,2000,0.0,6,5.0,100,,,,,0,0,0,0,B000000263191,10000030006
2026-08-16,취미/팬시,100,바나실,BNS i17 PRO 블루투스 무선 이어폰,https://www.oliveyoung.co.kr/store/goods/getGoodsDetail.do?goodsNo=A000000132007,https://image.oliveyoung.co.kr/cfimages/cf-goods/uploads/images/thumbnails/400/10/0000/0013/A00000013200703ko.jpg?l=ko,29900,29900,0.0,1448,4.3,63,20,10,3,4,0,0,0,1,A000000132007,10000030006
