수집일자,카테고리,순위,브랜드,상품명,상품페이지링크,대표이미지URL,정가,혜택가,할인율,리뷰수,리뷰별점,별점5비율,별점4비율,별점3비율,별점2비율,별점1비율,세일,쿠폰,증정,오늘드림,상품번호,카테고리ID
2026-08-06,전체,1,메디힐,[15년 연속 1위] 메디힐 에센셜 마스크팩 10/10+1매 기획 7종 골라담기,https://www.oliveyoung.co.kr/store/goods/getGoodsDetail.do?goodsNo=A000000223414,https://image.oliveyoung.co.kr/cfimages/cf-goods/uploads/images/thumbnails/400/10/0000/0022/A000000223414117ko.jpg?l=ko,20000,10000,50.0,466788,4.9,91,7,2,0,0,1,0,0,1,A000000223414,ALL
2026-08-06,전체,2,마몽드,[8월 올영픽/한정기획/지성화잘먹] 마몽드 포어 컨트롤 피어니 리퀴드 마스크 외 1종 리필 기획 (+80ml 리필),https://www.oliveyoung.co.kr/store/goods/getGoodsDetail.do?goodsNo=A000000258670,https://image.oliveyoung.co.kr/cfimages/cf-goods/uploads/images/thumbnails/400/10/0000/0025/A00000025867016ko.jpg?l=ko,30000,24900,17.0,18881,4.7,81,12,5,1,1,1,1,1,1,A000000258670,ALL
2026-08-06,전체,3,라로슈포제,[8.6 하루특가/손상장벽집중케어] 라로슈포제 시카플라스트 밤 B5+ 100ml 기획 (+3ml 추가증정),https://www.oliveyoung.co.kr/store/goods/getGoodsDetail.do?goodsNo=A000000206904,https://image.oliveyoung.co.kr/cfimages/cf-goods/uploads/images/thumbnails/400/10/0000/0020/A00000020690412ko.jpg?l=ko,41000,29900,27.1,26354,4.8,86,10,3,1,1,0,1,0,1,A000000206904,ALL
2026-08-06,전체,4,코스알엑스,[가나디 콜라보] 코스알엑스 원스텝 오리지널 패드 4종 택 1,https://www.oliveyoung.co.kr/store/goods/getGoodsDetail.do?goodsNo=A000000258881,https://image.oliveyoung.co.kr/cfimages/cf-goods/uploads/images/thumbnails/400/10/0000/0025/A00000025888121ko.jpg?l=ko,24000,19900,17.1,1535,4.8,88,8,3,1,1,1,0,1,1,A000000258881,ALL
2026-08-06,전체,5,어노브,[4년 연속 1위] 어노브 딥 데미지 리페어 헤어 마스크 (트리트먼트/헤어팩) 320ml 더블/듀오 기획,https://www.oliveyoung.co.kr/store/goods/getGoodsDetail.do?goodsNo=A000000171423,https://image.oliveyoung.co.kr/cfimages/cf-goods/uploads/images/thumbnails/400/10/0000/0017/A000000171423164ko.png?l=ko,42000,42000,0.0,88242,4.9,89,8,2,0,0,0,0,0,1,A000000171423,ALL
2026-08-06,전체,6,메디힐,[단독기획] 메디힐 더마 패드 200매 대용량 기획 세트 7종 골라담기,https://www.oliveyoung.co.kr/store/goods/getGoodsDetail.do?goodsNo=A000000171427,https://image.oliveyoung.co.kr/cfimages/cf-goods/uploads/images/thumbnails/400/10/0000/0017/A000000171427226ko.jpg?l=ko,39900,28900,27.6,77941,4.8,85,10,3,1,1,1,0,0,1,A000000171427,ALL
2026-08-06,전체,7,아누아,[단독기획] 아누아 TXA 나이아신 흔적 세럼 30ml 2입,https://www.oliveyoung.co.kr/store/goods/getGoodsDetail.do?goodsNo=A000000226201,https://image.oliveyoung.co.kr/cfimages/cf-goods/uploads/images/thumbnails/400/10/0000/0022/A00000022620115ko.png?l=ko,64000,26900,58.0,5396,4.8,85,9,4,1,1,1,1,1,1,A000000226201,ALL
2026-08-06,전체,8,일리윤,일리윤 프레쉬모이스춰 스크럽워시 400ml*2 기획,https://www.oliveyoung.co.kr/store/goods/getGoodsDetail.do?goodsNo=A000000167416,https://image.oliveyoung.co.kr/cfimages/cf-goods/uploads/images/thumbnails/400/10/0000/0016/A00000016741609ko.jpg?l=ko,24900,17900,28.1,11530,4.9,89,8,2,0,0,1,0,0,1,A000000167416,ALL
2026-08-06,전체,9,헤트라스,[단독선런칭/8월 올영픽] 헤트라스 고체탈취제 300g 2개입 5종,https://www.oliveyoung.co.kr/store/goods/getGoodsDetail.do?goodsNo=A000000261733,https://image.oliveyoung.co.kr/cfimages/cf-goods/uploads/images/thumbnails/400/10/0000/0026/A00000026173310ko.png?l=ko,18800,18200,3.2,167,5.0,97,2,1,,,1,1,0,1,A000000261733,ALL
2026-08-06,전체,10,디오디너리,[각질쓱싹] 디오디너리 글리코릭 애시드 7% 엑스폴리에이팅 토너 240ml,https://www.oliveyoung.co.kr/store/goods/getGoodsDetail.do?goodsNo=A000000223625,https://image.oliveyoung.co.kr/cfimages/cf-goods/uploads/images/thumbnails/400/10/0000/0022/A00000022362501ko.jpg?l=ko,16900,16900,0.0,5386,4.7,79,14,5,1,1,0,0,1,1,A000000223625,ALL
2026-08-06,전체,11,비플레인,[8월올영픽/2천만돌파]비플레인 녹두 약산성 클렌징폼 160ml 더블 기획,https://www.oliveyoung.co.kr/store/goods/getGoodsDetail.do?goodsNo=A000000260522,https://image.oliveyoung.co.kr/cfimages/cf-goods/uploads/images/thumbnails/400/10/0000/0026/A00000026052209ko.jpg?l=ko,26000,23900,8.1,17984,4.9,89,8,2,0,0,1,0,1,1,A000000260522,ALL
2026-08-06,전체,12,식물나라,[무찌PICK] 식물나라 가벼운 수분 선 젤 60ml (단품/2입/대용량/트래블키트),https://www.oliveyoung.co.kr/store/goods/getGoodsDetail.do?goodsNo=A000000223906,https://image.oliveyoung.co.kr/cfimages/cf-goods/uploads/images/thumbnails/400/10/0000/0022/A00000022390635ko.jpg?l=ko,29800,11800,60.4,9071,4.7,86,8,3,1,2,1,1,0,1,A000000223906,ALL
2026-08-06,전체,13,식물나라,[위클리초특가/황윤제PICK]식물나라 워터프루프 선 크림 100mL,https://www.oliveyoung.co.kr/store/goods/getGoodsDetail.do?goodsNo=A000000151904,https://image.oliveyoung.co.kr/cfimages/cf-goods/uploads/images/thumbnails/400/10/0000/0015/A00000015190433ko.jpg?l=ko,19000,8900,53.2,12943,4.8,83,12,4,1,0,1,1,0,1,A000000151904,ALL
2026-08-06,전체,14,마르시끄,[오늘만 최저가/1등 주름패치] 마르시끄 주름패치 기획/단품 6종 택1,https://www.oliveyoung.co.kr/store/goods/getGoodsDetail.do?goodsNo=A000000181697,https://image.oliveyoung.co.kr/cfimages/cf-goods/uploads/images/thumbnails/400/10/0000/0018/A000000181697110ko.jpg?l=ko,12900,9800,24.0,36916,4.6,75,15,7,1,1,1,1,0,1,A000000181697,ALL
2026-08-06,전체,15,닥터지,[무기자차] 닥터지 그린 마일드 업 선 플러스 50ml 기획 2종 (50+20/50+50+10) (선크림),https://www.oliveyoung.co.kr/store/goods/getGoodsDetail.do?goodsNo=A000000180162,https://image.oliveyoung.co.kr/cfimages/cf-goods/uploads/images/thumbnails/400/10/0000/0018/A00000018016249ko.jpg?l=ko,29000,20810,28.2,26115,4.8,83,13,3,0,0,1,1,0,1,A000000180162,ALL
2026-08-06,전체,16,에스트라,에스트라 아토베리어365 크림 80ml 기획(+토너25ml+클렌징폼3g*3EA),https://www.oliveyoung.co.kr/store/goods/getGoodsDetail.do?goodsNo=A000000261864,https://image.oliveyoung.co.kr/cfimages/cf-goods/uploads/images/thumbnails/400/10/0000/0026/A00000026186405ko.jpg?l=ko,33000,25900,21.5,37032,4.9,90,7,2,0,1,1,1,1,1,A000000261864,ALL
2026-08-06,전체,17,오브제,[NEW 보송버전 출시] [덱스PICK] 오브제 내추럴 커버 로션 50g 단품/기획(+미니어처 10ml),https://www.oliveyoung.co.kr/store/goods/getGoodsDetail.do?goodsNo=A000000204975,https://image.oliveyoung.co.kr/cfimages/cf-goods/uploads/images/thumbnails/400/10/0000/0020/A00000020497522ko.jpg?l=ko,29800,27900,6.4,5297,4.9,90,7,2,0,1,1,0,0,1,A000000204975,ALL
2026-08-06,전체,18,쏘내추럴,[8월 올영픽/한정기획] 쏘내추럴 올 데이 블러 메이크업 세팅 픽서 (+블러프렙10ml 증정) 기획/단품,https://www.oliveyoung.co.kr/store/goods/getGoodsDetail.do?goodsNo=A000000226481,https://image.oliveyoung.co.kr/cfimages/cf-goods/uploads/images/thumbnails/400/10/0000/0022/A00000022648118ko.jpg?l=ko,25000,20000,20.0,3478,4.8,83,12,4,1,0,1,0,0,1,A000000226481,ALL
2026-08-06,전체,19,VT,[베일리pick/단독기획] VT 피디알엔 리들샷 아이 리프터 15ml 리필기획 (+리필 15ml),https://www.oliveyoung.co.kr/store/goods/getGoodsDetail.do?goodsNo=A000000260515,https://image.oliveyoung.co.kr/cfimages/cf-goods/uploads/images/thumbnails/400/10/0000/0026/A00000026051507ko.jpg?l=ko,42000,25900,38.3,2139,4.9,92,6,1,0,0,1,1,0,1,A000000260515,ALL
2026-08-06,전체,20,구달,[1등 선크림/화잘먹] 구달 맑은 어성초 진정 수분 선크림 50ml 1+1 기획,https://www.oliveyoung.co.kr/store/goods/getGoodsDetail.do?goodsNo=A000000219553,https://image.oliveyoung.co.kr/cfimages/cf-goods/uploads/images/thumbnails/400/10/0000/0021/A00000021955352ko.jpg?l=ko,22000,17900,18.6,44100,4.9,90,8,2,0,0,1,1,0,1,A000000219553,ALL
2026-08-06,전체,21,웰라쥬,[8월올영픽] 웰라쥬 리얼 히알루로닉 블루 100 앰플 100ml 기획 (+60ml 리필+수딩크림 30ml),https://www.oliveyoung.co.kr/store/goods/getGoodsDetail.do?goodsNo=A000000261423,https://image.oliveyoung.co.kr/cfimages/cf-goods/uploads/images/thumbnails/400/10/0000/0026/A00000026142332ko.jpg?l=ko,50000,29900,40.2,17718,4.8,89,8,2,0,0,1,1,0,1,A000000261423,ALL
2026-08-06,전체,22,토리든,[NEW/1등수분세럼] 토리든 다이브인 저분자 히알루론산 세럼 50ml 리필 기획(+리필 50ml),https://www.oliveyoung.co.kr/store/goods/getGoodsDetail.do?goodsNo=A000000258291,https://image.oliveyoung.co.kr/cfimages/cf-goods/uploads/images/thumbnails/400/10/0000/0025/A00000025829122ko.jpg?l=ko,36000,25650,28.7,4609,4.9,90,7,2,0,0,1,1,0,1,A000000258291,ALL
2026-08-06,전체,23,라카,[올영PICK/1분픽싱] 라카 퍼펙트 트윈 립 4.7g+4.2g 10 colors,https://www.oliveyoung.co.kr/store/goods/getGoodsDetail.do?goodsNo=A000000255256,https://image.oliveyoung.co.kr/cfimages/cf-goods/uploads/images/thumbnails/400/10/0000/0025/A00000025525610ko.jpg?l=ko,22000,17400,20.9,2960,4.5,71,16,8,3,3,1,0,1,1,A000000255256,ALL
2026-08-06,전체,24,VT,[톡신마켓특가][1등선크림/끈적임ZERO] VT 피디알엔 에어 클라우드 선스크린 50ml,https://www.oliveyoung.co.kr/store/goods/getGoodsDetail.do?goodsNo=A000000257580,https://image.oliveyoung.co.kr/cfimages/cf-goods/uploads/images/thumbnails/400/10/0000/0025/A00000025758028ko.jpg?l=ko,26000,14900,42.7,8555,5.0,97,2,0,0,0,1,1,1,1,A000000257580,ALL
2026-08-06,전체,25,메디힐,[양현종 PICK/미니어처 증정] 메디힐 마데카소사이드 수분 선세럼 흔적 리페어 50+50g 기획,https://www.oliveyoung.co.kr/store/goods/getGoodsDetail.do?goodsNo=A000000232672,https://image.oliveyoung.co.kr/cfimages/cf-goods/uploads/images/thumbnails/400/10/0000/0023/A00000023267242ko.jpg?l=ko,34900,22900,34.4,14177,4.9,90,8,1,0,0,1,0,1,1,A000000232672,ALL
2026-08-06,전체,26,바닐라코,[8월올영픽1+1/NEW컬러] 바닐라코 무드 온 라인 앤 블렌드 아이라이너 (펜슬/트임) 10colors,https://www.oliveyoung.co.kr/store/goods/getGoodsDetail.do?goodsNo=A000000226202,https://image.oliveyoung.co.kr/cfimages/cf-goods/uploads/images/thumbnails/400/10/0000/0022/A00000022620225ko.jpg?l=ko,12000,11700,2.5,4106,4.7,81,13,4,1,1,0,1,1,1,A000000226202,ALL
2026-08-06,전체,27,바닐라코,[8월올영픽/1등 파우더] 바닐라코 프라임 프라이머 피니쉬 파우더 12g,https://www.oliveyoung.co.kr/store/goods/getGoodsDetail.do?goodsNo=A000000253093,https://image.oliveyoung.co.kr/cfimages/cf-goods/uploads/images/thumbnails/400/10/0000/0025/A00000025309316ko.jpg?l=ko,22000,15000,31.8,45340,4.8,86,10,3,0,0,1,1,1,1,A000000253093,ALL
2026-08-06,전체,28,마녀공장,[블랙헤드1등] 마녀공장 퓨어 소이빈 클렌징오일 200ml 2입 기획,https://www.oliveyoung.co.kr/store/goods/getGoodsDetail.do?goodsNo=A000000253617,https://image.oliveyoung.co.kr/cfimages/cf-goods/uploads/images/thumbnails/400/10/0000/0025/A00000025361750ko.jpg?l=ko,37000,23500,36.5,54947,4.8,86,10,3,0,0,1,1,1,1,A000000253617,ALL
2026-08-06,전체,29,이옴,[8월올영픽/최예나PICK] 이옴 트러블 패치 마스크 3매,https://www.oliveyoung.co.kr/store/goods/getGoodsDetail.do?goodsNo=A000000248829,https://image.oliveyoung.co.kr/cfimages/cf-goods/uploads/images/thumbnails/400/10/0000/0024/A00000024882921ko.jpg?l=ko,21000,13900,33.8,5743,4.7,82,9,6,2,1,1,1,0,1,A000000248829,ALL
2026-08-06,전체,30,롬앤,[NEW/완벽커버]롬앤 유에프오 커버 쿠션 리필 기획 (본품+리필+뚱퍼프),https://www.oliveyoung.co.kr/store/goods/getGoodsDetail.do?goodsNo=A000000260472,https://image.oliveyoung.co.kr/cfimages/cf-goods/uploads/images/thumbnails/400/10/0000/0026/A00000026047206ko.jpg?l=ko,35000,24900,28.9,587,4.9,90,7,2,1,0,1,1,0,1,A000000260472,ALL
2026-08-06,전체,31,메디힐,[15년연속 1위] 메디힐 에센셜 마스크팩 1매 고기능 7종 골라담기,https://www.oliveyoung.co.kr/store/goods/getGoodsDetail.do?goodsNo=A000000217620,https://image.oliveyoung.co.kr/cfimages/cf-goods/uploads/images/thumbnails/400/10/0000/0021/A00000021762059ko.png?l=ko,2000,1000,50.0,514469,4.9,89,8,2,0,0,1,0,0,1,A000000217620,ALL
2026-08-06,전체,32,마르시끄,[오늘만 최저가/해외대란템] 마르시끄 라인 리프팅 하이드로겔 패치 2종 택1 (턱선/입꼬리),https://www.oliveyoung.co.kr/store/goods/getGoodsDetail.do?goodsNo=A000000224298,https://image.oliveyoung.co.kr/cfimages/cf-goods/uploads/images/thumbnails/400/10/0000/0022/A00000022429825ko.jpg?l=ko,16600,9900,40.4,2536,4.7,77,15,7,1,1,0,1,0,1,A000000224298,ALL
2026-08-06,전체,33,아누아,[수지pick/단독기획] 아누아 데일리케어 마스크팩 5매 기획 8종(+1매 or +2매 추가 증정),https://www.oliveyoung.co.kr/store/goods/getGoodsDetail.do?goodsNo=A000000231836,https://image.oliveyoung.co.kr/cfimages/cf-goods/uploads/images/thumbnails/400/10/0000/0023/A00000023183640ko.png?l=ko,20000,9500,52.5,30489,4.8,86,10,3,1,0,1,0,1,1,A000000231836,ALL
2026-08-06,전체,34,메디힐,[업그레이드 수분흔적세럼/1+1] 메디힐 마데카소사이드 더마 세럼 50+50mL 기획,https://www.oliveyoung.co.kr/store/goods/getGoodsDetail.do?goodsNo=A000000261742,https://image.oliveyoung.co.kr/cfimages/cf-goods/uploads/images/thumbnails/400/10/0000/0026/A00000026174202ko.jpg?l=ko,43000,24900,42.1,221,5.0,98,2,,,,1,0,0,1,A000000261742,ALL
2026-08-06,전체,35,브링그린,[수부지크림/유수분밸런스] 브링그린 티트리 시카 수딩 크림 플러스 100ml (2입/단품),https://www.oliveyoung.co.kr/store/goods/getGoodsDetail.do?goodsNo=A000000226553,https://image.oliveyoung.co.kr/cfimages/cf-goods/uploads/images/thumbnails/400/10/0000/0022/A00000022655373ko.jpg?l=ko,34200,19800,42.1,19649,4.8,85,10,3,1,1,1,0,1,1,A000000226553,ALL
2026-08-06,전체,36,셀라딕스,[리뷰이벤트/트러블1등] 셀라딕스 세범 리밸런싱 131 앰플 30ml 기획 (+미니언즈 키링) (미니언즈 콜라보),https://www.oliveyoung.co.kr/store/goods/getGoodsDetail.do?goodsNo=A000000260600,https://image.oliveyoung.co.kr/cfimages/cf-goods/uploads/images/thumbnails/400/10/0000/0026/A00000026060006ko.jpg?l=ko,28900,25400,12.1,3100,4.7,81,11,5,2,2,1,1,1,1,A000000260600,ALL
2026-08-06,전체,37,비디비치,[쿠션리필+블러시 증정] 비디비치 블랙 퍼펙션 커버 핏 쿠션 기획,https://www.oliveyoung.co.kr/store/goods/getGoodsDetail.do?goodsNo=A000000233171,https://image.oliveyoung.co.kr/cfimages/cf-goods/uploads/images/thumbnails/400/10/0000/0023/A00000023317133ko.jpg?l=ko,46000,36800,20.0,8098,4.7,83,11,4,1,1,0,1,1,1,A000000233171,ALL
2026-08-06,전체,38,브링그린,[8월올영픽/3일진정세럼]브링그린 징크테카 트러블 세럼 대용량 기획,https://www.oliveyoung.co.kr/store/goods/getGoodsDetail.do?goodsNo=A000000200646,https://image.oliveyoung.co.kr/cfimages/cf-goods/uploads/images/thumbnails/400/10/0000/0020/A000000200646136ko.jpg?l=ko,56100,27900,50.3,22454,4.7,82,12,4,1,1,1,1,1,1,A000000200646,ALL
2026-08-06,전체,39,웨이크메이크,[NEW/올영 1등 아이팔레트] 웨이크메이크 소프트 블러링 아이팔레트(단품/기획),https://www.oliveyoung.co.kr/store/goods/getGoodsDetail.do?goodsNo=A000000180532,https://image.oliveyoung.co.kr/cfimages/cf-goods/uploads/images/thumbnails/400/10/0000/0018/A000000180532237ko.jpg?l=ko,34000,22800,32.9,73372,4.8,83,13,3,1,0,1,1,0,1,A000000180532,ALL
2026-08-06,전체,40,홀리카홀리카,[NEW젤테일] 홀리카홀리카 마이페이브 피스 아이섀도우/젤테일/피스 빔/피스 밤,https://www.oliveyoung.co.kr/store/goods/getGoodsDetail.do?goodsNo=A000000174309,https://image.oliveyoung.co.kr/cfimages/cf-goods/uploads/images/thumbnails/400/10/0000/0017/A00000017430960ko.jpg?l=ko,6000,4900,18.3,200366,4.8,85,11,3,0,0,1,0,1,1,A000000174309,ALL
2026-08-06,전체,41,바이오더마,바이오더마 센시비오 H2O 850ml(클렌징워터),https://www.oliveyoung.co.kr/store/goods/getGoodsDetail.do?goodsNo=A000000130319,https://image.oliveyoung.co.kr/cfimages/cf-goods/uploads/images/thumbnails/400/10/0000/0013/A00000013031984ko.jpg?l=ko,37500,23400,37.6,52999,4.9,91,7,1,0,0,1,1,1,1,A000000130319,ALL
2026-08-06,전체,42,딜라이트 프로젝트,[8월올영픽]딜라이트 프로젝트 단백질쉐이크 모음전(1개입/7개입/통),https://www.oliveyoung.co.kr/store/goods/getGoodsDetail.do?goodsNo=A000000231574,https://image.oliveyoung.co.kr/cfimages/cf-goods/uploads/images/thumbnails/400/10/0000/0023/A00000023157448ko.jpg?l=ko,3900,3900,0.0,147557,4.8,89,7,3,1,0,0,0,0,1,A000000231574,ALL
2026-08-06,전체,43,닥터지,[수분진정/세럼증정] 닥터지 레드블레미쉬 클리어 수딩크림 EX 70ml기획 (+30ml+세럼10ml*2ea),https://www.oliveyoung.co.kr/store/goods/getGoodsDetail.do?goodsNo=A000000255752,https://image.oliveyoung.co.kr/cfimages/cf-goods/uploads/images/thumbnails/400/10/0000/0025/A00000025575219ko.jpg?l=ko,38000,26300,30.8,2871,5.0,98,1,0,0,0,0,1,0,1,A000000255752,ALL
2026-08-06,전체,44,쏘피,[8월올영픽]쏘피 쿨링프레쉬 여성청결제 150ML,https://www.oliveyoung.co.kr/store/goods/getGoodsDetail.do?goodsNo=A000000256022,https://image.oliveyoung.co.kr/cfimages/cf-goods/uploads/images/thumbnails/400/10/0000/0025/A00000025602220ko.jpg?l=ko,21900,6980,68.1,370,5.0,97,2,1,,,1,1,1,1,A000000256022,ALL
2026-08-06,전체,45,얼터너티브스테레오,[NEW딸기연유립/단독선런칭] 얼터너티브스테레오 립 포션 카라멜 글레이즈 8ml,https://www.oliveyoung.co.kr/store/goods/getGoodsDetail.do?goodsNo=A000000234394,https://image.oliveyoung.co.kr/cfimages/cf-goods/uploads/images/thumbnails/400/10/0000/0023/A00000023439499ko.jpeg?l=ko,19000,16150,15.0,31486,4.8,86,10,3,1,0,1,1,1,1,A000000234394,ALL
2026-08-06,전체,46,메이크프렘,[박지훈PICK/리필기획] 메이크프렘 세이프 미 릴리프 모이스처 클렌징밀크 기획 (200ml+100ml 리필),https://www.oliveyoung.co.kr/store/goods/getGoodsDetail.do?goodsNo=A000000158513,https://image.oliveyoung.co.kr/cfimages/cf-goods/uploads/images/thumbnails/400/10/0000/0015/A00000015851331ko.jpg?l=ko,28000,21000,25.0,14285,4.8,89,9,2,0,0,1,0,0,1,A000000158513,ALL
2026-08-06,전체,47,폴라초이스,[화잘먹/단독기획] 폴라초이스 바하 리퀴드 엑스폴리언트 118ml 기획 (+바하 리퀴드 30ml),https://www.oliveyoung.co.kr/store/goods/getGoodsDetail.do?goodsNo=A000000245794,https://image.oliveyoung.co.kr/cfimages/cf-goods/uploads/images/thumbnails/400/10/0000/0024/A00000024579405ko.jpg?l=ko,39000,31200,20.0,883,4.8,85,10,4,1,1,1,0,0,1,A000000245794,ALL
2026-08-06,전체,48,바노바기,[예보링마켓특가]바노바기 비타 제닉 젤리 마스크 10매 7종 택 1,https://www.oliveyoung.co.kr/store/goods/getGoodsDetail.do?goodsNo=A000000240465,https://image.oliveyoung.co.kr/cfimages/cf-goods/uploads/images/thumbnails/400/10/0000/0024/A00000024046535ko.jpg?l=ko,30000,12500,58.3,17332,4.9,96,3,1,0,0,1,1,1,1,A000000240465,ALL
2026-08-06,전체,49,쏘피,[8월올영픽]쏘피 쿨링프레쉬 생리대 19종 택 1 (패드/안심숙면팬티/라이너/번들),https://www.oliveyoung.co.kr/store/goods/getGoodsDetail.do?goodsNo=A000000223283,https://image.oliveyoung.co.kr/cfimages/cf-goods/uploads/images/thumbnails/400/10/0000/0022/A00000022328376ko.jpg?l=ko,6400,2890,54.8,52292,4.8,87,8,3,1,1,1,1,1,1,A000000223283,ALL
2026-08-06,전체,50,정샘물,[촉촉윤광쿠션] 정샘물 에센셜 스킨 누더 쿠션/본품+리필,https://www.oliveyoung.co.kr/store/goods/getGoodsDetail.do?goodsNo=A000000139063,https://image.oliveyoung.co.kr/cfimages/cf-goods/uploads/images/thumbnails/400/10/0000/0013/A000000139063169ko.jpg?l=ko,48000,40800,15.0,38171,4.7,81,13,4,1,1,1,0,0,1,A000000139063,ALL
2026-08-06,전체,51,토니모리,[틴트리무버 증정/8월올영픽] 토니모리 퍼펙트 립스 쇼킹 립,https://www.oliveyoung.co.kr/store/goods/getGoodsDetail.do?goodsNo=A000000205485,https://image.oliveyoung.co.kr/cfimages/cf-goods/uploads/images/thumbnails/400/10/0000/0020/A000000205485157ko.png?l=ko,15000,10200,32.0,62243,4.8,88,8,3,1,1,1,1,1,1,A000000205485,ALL
2026-08-06,전체,52,스킨푸드,[1+1/한정기획] 스킨푸드 캐롯 카로틴 카밍 워터 패드 60매 더블기획 (+PDRN 패드 2매*3),https://www.oliveyoung.co.kr/store/goods/getGoodsDetail.do?goodsNo=A000000255585,https://image.oliveyoung.co.kr/cfimages/cf-goods/uploads/images/thumbnails/400/10/0000/0025/A00000025558508ko.jpg?l=ko,42000,26200,37.6,104059,4.8,89,8,2,0,1,1,0,0,1,A000000255585,ALL
2026-08-06,전체,53,일리윤,일리윤 세라마이드아토 집중크림 150ml*2,https://www.oliveyoung.co.kr/store/goods/getGoodsDetail.do?goodsNo=A000000217767,https://image.oliveyoung.co.kr/cfimages/cf-goods/uploads/images/thumbnails/400/10/0000/0021/A00000021776712ko.jpg?l=ko,25000,18900,24.4,35805,4.9,92,6,2,0,0,1,0,0,1,A000000217767,ALL
2026-08-06,전체,54,마르시끄,[오늘만 최저가/품절대란] 마르시끄 PDRN 하이드로겔 립 패치 5매,https://www.oliveyoung.co.kr/store/goods/getGoodsDetail.do?goodsNo=A000000257741,https://image.oliveyoung.co.kr/cfimages/cf-goods/uploads/images/thumbnails/400/10/0000/0025/A00000025774107ko.jpg?l=ko,15000,9900,34.0,149,4.6,76,13,7,3,2,1,1,0,1,A000000257741,ALL
2026-08-06,전체,55,바이오던스,[7+1] 바이오던스 리얼 딥 마스크 7+1매 기획 (콜라겐/세라놀) (+퍼글러 헤어 고정 시트),https://www.oliveyoung.co.kr/store/goods/getGoodsDetail.do?goodsNo=A000000259232,https://image.oliveyoung.co.kr/cfimages/cf-goods/uploads/images/thumbnails/400/10/0000/0025/A00000025923219ko.jpg?l=ko,35000,29900,14.6,8282,4.8,88,8,3,0,1,1,0,0,1,A000000259232,ALL
2026-08-06,전체,56,글린트,[오늘의  특가/8월 올영픽] 글린트 하이라이터EX (+브러쉬 증정/아이돌 핑크빔),https://www.oliveyoung.co.kr/store/goods/getGoodsDetail.do?goodsNo=A000000258889,https://image.oliveyoung.co.kr/cfimages/cf-goods/uploads/images/thumbnails/400/10/0000/0025/A000000258889141ko.png?l=ko,25000,18900,24.4,1097,4.9,91,7,1,0,0,1,1,0,1,A000000258889,ALL
2026-08-06,전체,57,네이밍,[8월올영픽/공동개발] 네이밍 플러피 파우더 블러쉬 (+아티스트 브러쉬) 20colors,https://www.oliveyoung.co.kr/store/goods/getGoodsDetail.do?goodsNo=A000000171371,https://image.oliveyoung.co.kr/cfimages/cf-goods/uploads/images/thumbnails/400/10/0000/0017/A000000171371100ko.jpg?l=ko,15000,11600,22.7,40001,4.8,87,10,3,0,0,1,1,1,1,A000000171371,ALL
2026-08-06,전체,58,오프라 코스메틱,[8월올영픽/시그니처빔] 오프라 하이라이터 스틱 (+기획/단품),https://www.oliveyoung.co.kr/store/goods/getGoodsDetail.do?goodsNo=A000000262702,https://image.oliveyoung.co.kr/cfimages/cf-goods/uploads/images/thumbnails/400/10/0000/0026/A00000026270207ko.jpg?l=ko,19000,16200,14.7,149,4.8,90,7,1,,2,1,1,0,1,A000000262702,ALL
2026-08-06,전체,59,페리페라,페리페라 스피디 스키니 브로우 8 Colors,https://www.oliveyoung.co.kr/store/goods/getGoodsDetail.do?goodsNo=A000000138671,https://image.oliveyoung.co.kr/cfimages/cf-goods/uploads/images/thumbnails/400/10/0000/0013/A00000013867156ko.jpg?l=ko,6000,5700,5.0,99084,4.8,86,11,3,0,0,1,0,1,1,A000000138671,ALL
2026-08-06,전체,60,어바웃톤,[8월 올영픽/여름필수파데] 어바웃톤 스킨 레이어 핏 파운데이션 30ml 8종 (기획/단품),https://www.oliveyoung.co.kr/store/goods/getGoodsDetail.do?goodsNo=A000000211936,https://image.oliveyoung.co.kr/cfimages/cf-goods/uploads/images/thumbnails/400/10/0000/0021/A00000021193639ko.jpg?l=ko,28000,20900,25.4,11976,4.7,79,14,5,1,1,1,1,0,1,A000000211936,ALL
2026-08-06,전체,61,아렌시아,[30ml+30ml / 강력토닝케어] 아렌시아 비타민 C 부스터 샷 30ml 더블기획,https://www.oliveyoung.co.kr/store/goods/getGoodsDetail.do?goodsNo=A000000254661,https://image.oliveyoung.co.kr/cfimages/cf-goods/uploads/images/thumbnails/400/10/0000/0025/A00000025466111ko.jpg?l=ko,46500,27900,40.0,795,4.8,90,7,1,1,2,0,1,1,1,A000000254661,ALL
2026-08-06,전체,62,메노킨,[1위 원조 버블팩] 메노킨 30초 퀵 버블 마스크 6종 택1(+팩브러쉬 증정),https://www.oliveyoung.co.kr/store/goods/getGoodsDetail.do?goodsNo=A000000234422,https://image.oliveyoung.co.kr/cfimages/cf-goods/uploads/images/thumbnails/400/10/0000/0023/A00000023442247ko.jpg?l=ko,28500,25300,11.2,24117,4.8,87,7,3,1,1,1,0,0,1,A000000234422,ALL
2026-08-06,전체,63,닥터포헤어,[8월올영픽/파우치증정이벤트] 닥터포헤어 에어로 쿨링 스프레이 100ml 더블 기획,https://www.oliveyoung.co.kr/store/goods/getGoodsDetail.do?goodsNo=A000000254152,https://image.oliveyoung.co.kr/cfimages/cf-goods/uploads/images/thumbnails/400/10/0000/0025/A00000025415224ko.jpg?l=ko,22000,16500,25.0,2265,4.7,80,12,5,2,1,1,1,1,1,A000000254152,ALL
2026-08-06,전체,64,휩드,[클렌징밤 본품 절반 증정]  휩드 비건 팩클렌저 130g 기획 4종 (피치페어/머그트리/무화버터/유자몽),https://www.oliveyoung.co.kr/store/goods/getGoodsDetail.do?goodsNo=A000000217511,https://image.oliveyoung.co.kr/cfimages/cf-goods/uploads/images/thumbnails/400/10/0000/0021/A00000021751169ko.jpg?l=ko,29000,19500,32.8,15484,4.8,84,10,4,1,1,1,1,0,1,A000000217511,ALL
2026-08-06,전체,65,고려은단,고려은단 비타민C1000 600정 (20개월분),https://www.oliveyoung.co.kr/store/goods/getGoodsDetail.do?goodsNo=A000000225938,https://image.oliveyoung.co.kr/cfimages/cf-goods/uploads/images/thumbnails/400/10/0000/0022/A00000022593803ko.jpg?l=ko,42900,42900,0.0,21120,4.9,91,7,2,0,0,0,0,0,1,A000000225938,ALL
2026-08-06,전체,66,메디힐,[8+1매 단독기획] 메디힐 하이퍼 겔마스크 4종 (콜라겐/PDRN/마데카소사이드/히알루론산),https://www.oliveyoung.co.kr/store/goods/getGoodsDetail.do?goodsNo=A000000239102,https://image.oliveyoung.co.kr/cfimages/cf-goods/uploads/images/thumbnails/400/10/0000/0023/A00000023910258ko.jpg?l=ko,36000,25200,30.0,47960,4.8,87,9,2,0,0,1,0,0,1,A000000239102,ALL
2026-08-06,전체,67,닥터지,[8월올영픽/보송톤업] 닥터지 브라이트닝 업 선 플러스 50ml 기획 2종 (50+20/50+50+10) (선크림),https://www.oliveyoung.co.kr/store/goods/getGoodsDetail.do?goodsNo=A000000180158,https://image.oliveyoung.co.kr/cfimages/cf-goods/uploads/images/thumbnails/400/10/0000/0018/A00000018015851ko.jpeg?l=ko,32000,25600,20.0,13352,4.8,85,12,2,0,0,1,0,0,1,A000000180158,ALL
2026-08-06,전체,68,마르시끄,[오늘만 최저가] 마르시끄 나이아신 다크 스팟 크림 마스크 3매,https://www.oliveyoung.co.kr/store/goods/getGoodsDetail.do?goodsNo=A000000259092,https://image.oliveyoung.co.kr/cfimages/cf-goods/uploads/images/thumbnails/400/10/0000/0025/A00000025909206ko.jpg?l=ko,14000,8900,36.4,108,4.9,92,4,5,,,1,1,0,1,A000000259092,ALL
2026-08-06,전체,69,오브제,[1등 기름종이선스틱] 오브제 포어 제로 오일 컨트롤 선스틱 18g 단품/기획,https://www.oliveyoung.co.kr/store/goods/getGoodsDetail.do?goodsNo=A000000238816,https://image.oliveyoung.co.kr/cfimages/cf-goods/uploads/images/thumbnails/400/10/0000/0023/A00000023881609ko.png?l=ko,25000,18900,24.4,5427,4.8,89,7,2,0,0,1,0,0,1,A000000238816,ALL
2026-08-06,전체,70,로지킴,[NEW] 로지킴 PDRN 틴티드 립 앰플 10ml 13colors,https://www.oliveyoung.co.kr/store/goods/getGoodsDetail.do?goodsNo=A000000243535,https://image.oliveyoung.co.kr/cfimages/cf-goods/uploads/images/thumbnails/400/10/0000/0024/A00000024353579ko.jpg?l=ko,24000,20300,15.4,4119,4.8,86,9,3,1,1,1,1,0,1,A000000243535,ALL
2026-08-06,전체,71,메디힐,"[단독기획] 메디힐 콜라겐 캡슐 패치 60+60매 더블 기획 2종 (레티놀, 비타민C)",https://www.oliveyoung.co.kr/store/goods/getGoodsDetail.do?goodsNo=A000000233470,https://image.oliveyoung.co.kr/cfimages/cf-goods/uploads/images/thumbnails/400/10/0000/0023/A00000023347020ko.png?l=ko,45000,26400,41.3,6343,4.7,81,12,5,1,1,1,0,0,1,A000000233470,ALL
2026-08-06,전체,72,에스트라,에스트라 아토베리어365 하이드로 수딩크림 80ml 기획 (+수딩크림 10ml+클렌징폼 30g),https://www.oliveyoung.co.kr/store/goods/getGoodsDetail.do?goodsNo=A000000258834,https://image.oliveyoung.co.kr/cfimages/cf-goods/uploads/images/thumbnails/400/10/0000/0025/A00000025883410ko.jpg?l=ko,33000,25100,23.9,12760,4.8,88,9,2,0,1,1,1,1,1,A000000258834,ALL
2026-08-06,전체,73,에이프릴스킨,[리뉴얼/철벽커버] 에이프릴스킨 히어로쿠션 2.0 (본품+리필),https://www.oliveyoung.co.kr/store/goods/getGoodsDetail.do?goodsNo=A000000259872,https://image.oliveyoung.co.kr/cfimages/cf-goods/uploads/images/thumbnails/400/10/0000/0025/A00000025987261ko.png?l=ko,33000,24100,27.0,312,4.7,86,7,4,1,2,1,0,0,1,A000000259872,ALL
2026-08-06,전체,74,네이밍,[8월올영픽/사우나쿠션] 네이밍 올데이 마스터 쿠션 리필 기획 (+퍼프5개),https://www.oliveyoung.co.kr/store/goods/getGoodsDetail.do?goodsNo=A000000251851,https://image.oliveyoung.co.kr/cfimages/cf-goods/uploads/images/thumbnails/400/10/0000/0025/A00000025185131ko.jpg?l=ko,34000,26900,20.9,2429,4.7,79,13,5,2,2,1,1,1,1,A000000251851,ALL
2026-08-06,전체,75,센카,[온라인단독/3입] 센카 퍼펙트 휩 페이셜 워시 FA 120g 트리플 기획,https://www.oliveyoung.co.kr/store/goods/getGoodsDetail.do?goodsNo=A000000253102,https://image.oliveyoung.co.kr/cfimages/cf-goods/uploads/images/thumbnails/400/10/0000/0025/A00000025310208ko.jpg?l=ko,25800,17900,30.6,520,4.9,97,1,1,0,0,1,1,1,1,A000000253102,ALL
2026-08-06,전체,76,올더베러,[8월올영픽]올더베러 단백질 쉐이크 45g 6종 택1,https://www.oliveyoung.co.kr/store/goods/getGoodsDetail.do?goodsNo=A000000245884,https://image.oliveyoung.co.kr/cfimages/cf-goods/uploads/images/thumbnails/400/10/0000/0024/A00000024588420ko.jpg?l=ko,3900,3900,0.0,15911,4.8,87,8,4,1,1,0,0,0,1,A000000245884,ALL
2026-08-06,전체,77,오프아워,오프아워 반팔 잠옷 세트 10종 택 1,https://www.oliveyoung.co.kr/store/goods/getGoodsDetail.do?goodsNo=B000000262770,https://image.oliveyoung.co.kr/cfimages/cf-goods/uploads/images/thumbnails/400/10/0000/0026/B00000026277003ko.jpg?l=ko,23900,23900,0.0,13,4.8,85,8,8,,,0,0,0,0,B000000262770,ALL
2026-08-06,전체,78,키스미,[마지막수량/8월 올영픽 1+1기획] 키스미 스무스 리퀴드 아이라이너 N (3 color) (단품/기획),https://www.oliveyoung.co.kr/store/goods/getGoodsDetail.do?goodsNo=A000000185974,https://image.oliveyoung.co.kr/cfimages/cf-goods/uploads/images/thumbnails/400/10/0000/0018/A00000018597485ko.jpg?l=ko,18000,17200,4.4,49504,4.8,87,10,3,0,0,1,1,0,1,A000000185974,ALL
2026-08-06,전체,79,릴리이브,[대용량/브러쉬원조] 릴리이브 그로우턴 엑소좀 브러쉬 앰플 기획 2종,https://www.oliveyoung.co.kr/store/goods/getGoodsDetail.do?goodsNo=A000000218845,https://image.oliveyoung.co.kr/cfimages/cf-goods/uploads/images/thumbnails/400/10/0000/0021/A00000021884565ko.jpg?l=ko,34800,33800,2.9,12533,4.8,86,9,3,1,1,1,0,0,1,A000000218845,ALL
2026-08-06,전체,80,넘버즈인,[8월올영픽/10매] 넘버즈인 마스크팩 10매 기획 2종 중 택 1 (1번/4번),https://www.oliveyoung.co.kr/store/goods/getGoodsDetail.do?goodsNo=A000000205979,https://image.oliveyoung.co.kr/cfimages/cf-goods/uploads/images/thumbnails/400/10/0000/0020/A00000020597952ko.jpg?l=ko,40000,17300,56.8,152874,4.8,88,8,3,1,0,1,1,0,1,A000000205979,ALL
2026-08-06,전체,81,코링코,[1등 속눈썹/또렷눈매] 코링코 톡톡하라 노글루 속눈썹 15종 택1,https://www.oliveyoung.co.kr/store/goods/getGoodsDetail.do?goodsNo=A000000213569,https://image.oliveyoung.co.kr/cfimages/cf-goods/uploads/images/thumbnails/400/10/0000/0021/A00000021356928ko.jpg?l=ko,22000,14900,32.3,18543,4.8,84,11,4,1,1,1,0,0,1,A000000213569,ALL
2026-08-06,전체,82,케라스타즈,[8월올영픽/염색모 케어] 케라스타즈 크로마 압솔뤼 워터 트리트먼트 210ml 기획/단품,https://www.oliveyoung.co.kr/store/goods/getGoodsDetail.do?goodsNo=A000000212117,https://image.oliveyoung.co.kr/cfimages/cf-goods/uploads/images/thumbnails/400/10/0000/0021/A00000021211723ko.jpg?l=ko,64000,49280,23.0,247,4.7,80,13,6,0,2,1,1,0,1,A000000212117,ALL
2026-08-06,전체,83,롬앤,[NEW두유코어/1등틴트] 롬앤 더 쥬시 래스팅 틴트 단품/기획,https://www.oliveyoung.co.kr/store/goods/getGoodsDetail.do?goodsNo=A000000241210,https://image.oliveyoung.co.kr/cfimages/cf-goods/uploads/images/thumbnails/400/10/0000/0024/A00000024121070ko.jpg?l=ko,13000,9400,27.7,263543,4.7,80,14,5,1,1,1,1,0,1,A000000241210,ALL
2026-08-06,전체,84,이니스프리,[크림10ml추가/1+1] 이니스프리 레티놀 시카 모공 흔적 앰플 30ml 리필기획(+30ml 리필),https://www.oliveyoung.co.kr/store/goods/getGoodsDetail.do?goodsNo=A000000258877,https://image.oliveyoung.co.kr/cfimages/cf-goods/uploads/images/thumbnails/400/10/0000/0025/A00000025887736ko.jpg?l=ko,48000,27700,42.3,3039,4.9,95,4,0,0,0,1,1,1,1,A000000258877,ALL
2026-08-06,전체,85,디오디너리,[각질쓱싹] 디오디너리 글리코릭 애시드 7% 엑스폴리에이팅 토너 100ml,https://www.oliveyoung.co.kr/store/goods/getGoodsDetail.do?goodsNo=A000000223627,https://image.oliveyoung.co.kr/cfimages/cf-goods/uploads/images/thumbnails/400/10/0000/0022/A00000022362703ko.jpg?l=ko,11300,11300,0.0,1751,4.6,76,16,6,1,1,0,0,0,1,A000000223627,ALL
2026-08-06,전체,86,아누아,[수지세럼] 아누아 피디알엔 히알루론산 캡슐 100 세럼 30mL 기획 (+30mL 리필팩),https://www.oliveyoung.co.kr/store/goods/getGoodsDetail.do?goodsNo=A000000222698,https://image.oliveyoung.co.kr/cfimages/cf-goods/uploads/images/thumbnails/400/10/0000/0022/A00000022269818ko.png?l=ko,58500,27500,53.0,12921,4.8,86,9,3,1,1,1,0,0,1,A000000222698,ALL
2026-08-06,전체,87,셀리맥스,"[흔적,기미,미백/TXA] 셀리맥스 트라넥삼산 잡티 크림 35ml 기획 (+14ml)",https://www.oliveyoung.co.kr/store/goods/getGoodsDetail.do?goodsNo=A000000253592,https://image.oliveyoung.co.kr/cfimages/cf-goods/uploads/images/thumbnails/400/10/0000/0025/A00000025359212ko.png?l=ko,35000,22900,34.6,1430,4.9,92,6,2,0,0,0,1,1,1,A000000253592,ALL
2026-08-06,전체,88,아누아,[수지 PICK/단독기획] 아누아 피디알엔 히알루론산 100 수분 크림 60mL 2입 기획,https://www.oliveyoung.co.kr/store/goods/getGoodsDetail.do?goodsNo=A000000231892,https://image.oliveyoung.co.kr/cfimages/cf-goods/uploads/images/thumbnails/400/10/0000/0023/A00000023189227ko.png?l=ko,64000,29500,53.9,8575,4.8,86,9,3,1,1,1,0,0,1,A000000231892,ALL
2026-08-06,전체,89,조선미녀,"[NEW/지성파데프리] 조선미녀 데이스크린 틴티드 선크림 40ml (퍼프,미니 증정/단품)",https://www.oliveyoung.co.kr/store/goods/getGoodsDetail.do?goodsNo=A000000261603,https://image.oliveyoung.co.kr/cfimages/cf-goods/uploads/images/thumbnails/400/10/0000/0026/A00000026160306ko.jpg?l=ko,20000,15000,25.0,227,4.9,93,6,1,,,1,1,1,1,A000000261603,ALL
2026-08-06,전체,90,프란츠,"[초마드PICK] 프란츠 네이키드 스팟 패치 72매입 (듀오,얼리, 액티브, 다크) 4종 1",https://www.oliveyoung.co.kr/store/goods/getGoodsDetail.do?goodsNo=A000000254358,https://image.oliveyoung.co.kr/cfimages/cf-goods/uploads/images/thumbnails/400/10/0000/0025/A00000025435810ko.jpg?l=ko,10000,8900,11.0,1177,4.4,70,13,10,3,4,1,0,0,1,A000000254358,ALL
2026-08-06,전체,91,브링그린,[수부지토너]브링그린 티트리 시카 수딩 토너 (500ml/250ml),https://www.oliveyoung.co.kr/store/goods/getGoodsDetail.do?goodsNo=A000000189181,https://image.oliveyoung.co.kr/cfimages/cf-goods/uploads/images/thumbnails/400/10/0000/0018/A00000018918171ko.jpg?l=ko,27000,18900,30.0,38554,4.8,85,11,3,0,1,1,0,1,1,A000000189181,ALL
2026-08-06,전체,92,프롬랩스,[8월올영픽/한정기획] 프롬랩스 단백질 흡착 트리트먼트 200ml 더블기획 (1회 만에 손상모 개선),https://www.oliveyoung.co.kr/store/goods/getGoodsDetail.do?goodsNo=A000000239676,https://image.oliveyoung.co.kr/cfimages/cf-goods/uploads/images/thumbnails/400/10/0000/0023/A00000023967625ko.png?l=ko,37500,29500,21.3,2477,4.9,92,5,2,0,0,1,0,0,1,A000000239676,ALL
2026-08-06,전체,93,리쥬란,[8월 올영픽/파워팩 한정수량] 리쥬란 이너닷 DNA 글로우 젤리 14포 기획 (+2포) 한정기획,https://www.oliveyoung.co.kr/store/goods/getGoodsDetail.do?goodsNo=A000000258641,https://image.oliveyoung.co.kr/cfimages/cf-goods/uploads/images/thumbnails/400/10/0000/0025/A00000025864109ko.jpg?l=ko,37000,19900,46.2,879,4.8,88,8,4,0,0,1,1,1,1,A000000258641,ALL
2026-08-06,전체,94,딜라이트 프로젝트,[8월올영픽]딜라이트 프로젝트 베이글칩 택1,https://www.oliveyoung.co.kr/store/goods/getGoodsDetail.do?goodsNo=A000000147779,https://image.oliveyoung.co.kr/cfimages/cf-goods/uploads/images/thumbnails/400/10/0000/0014/A00000014777964ko.jpg?l=ko,2700,2290,15.2,230908,4.9,90,7,3,0,0,0,1,0,1,A000000147779,ALL
2026-08-06,전체,95,쏘내추럴,[1위픽서] 쏘내추럴 올 데이 타이트 메이크업 세팅 픽서 120ml 더블기획 (120ml+120ml),https://www.oliveyoung.co.kr/store/goods/getGoodsDetail.do?goodsNo=A000000162114,https://image.oliveyoung.co.kr/cfimages/cf-goods/uploads/images/thumbnails/400/10/0000/0016/A00000016211443ko.jpg?l=ko,42000,32900,21.7,51779,4.8,84,12,4,1,0,1,0,0,1,A000000162114,ALL
2026-08-06,전체,96,라운드랩,[더블/4년연속1등] 라운드랩 자작나무 수분 선크림 50ml 더블 기획,https://www.oliveyoung.co.kr/store/goods/getGoodsDetail.do?goodsNo=A000000171650,https://image.oliveyoung.co.kr/cfimages/cf-goods/uploads/images/thumbnails/400/10/0000/0017/A00000017165043ko.jpg?l=ko,37500,24500,34.7,23064,4.8,87,10,2,0,0,1,0,1,1,A000000171650,ALL
2026-08-06,전체,97,일소,[짱구 콜라보] 일소 네추럴 마일드 클리어 노우즈 팩 10매 기획 (+그립톡+면봉20개),https://www.oliveyoung.co.kr/store/goods/getGoodsDetail.do?goodsNo=A000000258972,https://image.oliveyoung.co.kr/cfimages/cf-goods/uploads/images/thumbnails/400/10/0000/0025/A00000025897213ko.jpg?l=ko,25000,22000,12.0,44326,4.7,82,12,5,1,1,1,0,0,1,A000000258972,ALL
2026-08-06,전체,98,이니스프리,[1+1] 이니스프리 비타민C 캡슐 세럼 30ml 더블 기획,https://www.oliveyoung.co.kr/store/goods/getGoodsDetail.do?goodsNo=A000000230206,https://image.oliveyoung.co.kr/cfimages/cf-goods/uploads/images/thumbnails/400/10/0000/0023/A00000023020658ko.png?l=ko,49000,27700,43.5,16384,4.8,87,10,3,0,0,1,1,1,1,A000000230206,ALL
2026-08-06,전체,99,페리페라,페리페라 스피디 스키니 브로우 마스카라 10 Colors,https://www.oliveyoung.co.kr/store/goods/getGoodsDetail.do?goodsNo=A000000167236,https://image.oliveyoung.co.kr/cfimages/cf-goods/uploads/images/thumbnails/400/10/0000/0016/A00000016723676ko.jpg?l=ko,8000,7600,5.0,45240,4.8,84,12,4,1,0,1,0,1,1,A000000167236,ALL
2026-08-06,전체,100,투쿨포스쿨,투쿨포스쿨 스머징 트임 라이너,https://www.oliveyoung.co.kr/store/goods/getGoodsDetail.do?goodsNo=A000000199182,https://image.oliveyoung.co.kr/cfimages/cf-goods/uploads/images/thumbnails/400/10/0000/0019/A00000019918223ko.jpeg?l=ko,12000,9600,20.0,48649,4.7,82,13,4,1,1,1,0,0,1,A000000199182,ALL
2026-08-06,스킨케어,1,라로슈포제,[8.6 하루특가/손상장벽집중케어] 라로슈포제 시카플라스트 밤 B5+ 100ml 기획 (+3ml 추가증정),https://www.oliveyoung.co.kr/store/goods/getGoodsDetail.do?goodsNo=A000000206904,https://image.oliveyoung.co.kr/cfimages/cf-goods/uploads/images/thumbnails/400/10/0000/0020/A00000020690412ko.jpg?l=ko,41000,29900,27.1,26354,4.8,86,10,3,1,1,0,1,0,1,A000000206904,10000010001
2026-08-06,스킨케어,2,아누아,[단독기획] 아누아 TXA 나이아신 흔적 세럼 30ml 2입,https://www.oliveyoung.co.kr/store/goods/getGoodsDetail.do?goodsNo=A000000226201,https://image.oliveyoung.co.kr/cfimages/cf-goods/uploads/images/thumbnails/400/10/0000/0022/A00000022620115ko.png?l=ko,64000,26900,58.0,5396,4.8,85,9,4,1,1,1,1,1,1,A000000226201,10000010001
2026-08-06,스킨케어,3,디오디너리,[각질쓱싹] 디오디너리 글리코릭 애시드 7% 엑스폴리에이팅 토너 240ml,https://www.oliveyoung.co.kr/store/goods/getGoodsDetail.do?goodsNo=A000000223625,https://image.oliveyoung.co.kr/cfimages/cf-goods/uploads/images/thumbnails/400/10/0000/0022/A00000022362501ko.jpg?l=ko,16900,16900,0.0,5386,4.7,79,14,5,1,1,0,0,1,1,A000000223625,10000010001
2026-08-06,스킨케어,4,에스트라,에스트라 아토베리어365 크림 80ml 기획(+토너25ml+클렌징폼3g*3EA),https://www.oliveyoung.co.kr/store/goods/getGoodsDetail.do?goodsNo=A000000261864,https://image.oliveyoung.co.kr/cfimages/cf-goods/uploads/images/thumbnails/400/10/0000/0026/A00000026186405ko.jpg?l=ko,33000,25900,21.5,37032,4.9,90,7,2,0,1,1,1,1,1,A000000261864,10000010001
2026-08-06,스킨케어,5,VT,[베일리pick/단독기획] VT 피디알엔 리들샷 아이 리프터 15ml 리필기획 (+리필 15ml),https://www.oliveyoung.co.kr/store/goods/getGoodsDetail.do?goodsNo=A000000260515,https://image.oliveyoung.co.kr/cfimages/cf-goods/uploads/images/thumbnails/400/10/0000/0026/A00000026051507ko.jpg?l=ko,42000,25900,38.3,2139,4.9,92,6,1,0,0,1,1,0,1,A000000260515,10000010001
2026-08-06,스킨케어,6,웰라쥬,[8월올영픽] 웰라쥬 리얼 히알루로닉 블루 100 앰플 100ml 기획 (+60ml 리필+수딩크림 30ml),https://www.oliveyoung.co.kr/store/goods/getGoodsDetail.do?goodsNo=A000000261423,https://image.oliveyoung.co.kr/cfimages/cf-goods/uploads/images/thumbnails/400/10/0000/0026/A00000026142332ko.jpg?l=ko,50000,29900,40.2,17718,4.8,89,8,2,0,0,1,1,0,1,A000000261423,10000010001
2026-08-06,스킨케어,7,토리든,[NEW/1등수분세럼] 토리든 다이브인 저분자 히알루론산 세럼 50ml 리필 기획(+리필 50ml),https://www.oliveyoung.co.kr/store/goods/getGoodsDetail.do?goodsNo=A000000258291,https://image.oliveyoung.co.kr/cfimages/cf-goods/uploads/images/thumbnails/400/10/0000/0025/A00000025829122ko.jpg?l=ko,36000,25650,28.7,4609,4.9,90,7,2,0,0,1,1,0,1,A000000258291,10000010001
2026-08-06,스킨케어,8,메디힐,[업그레이드 수분흔적세럼/1+1] 메디힐 마데카소사이드 더마 세럼 50+50mL 기획,https://www.oliveyoung.co.kr/store/goods/getGoodsDetail.do?goodsNo=A000000261742,https://image.oliveyoung.co.kr/cfimages/cf-goods/uploads/images/thumbnails/400/10/0000/0026/A00000026174202ko.jpg?l=ko,43000,24900,42.1,221,5.0,98,2,,,,1,0,0,1,A000000261742,10000010001
2026-08-06,스킨케어,9,브링그린,[수부지크림/유수분밸런스] 브링그린 티트리 시카 수딩 크림 플러스 100ml (2입/단품),https://www.oliveyoung.co.kr/store/goods/getGoodsDetail.do?goodsNo=A000000226553,https://image.oliveyoung.co.kr/cfimages/cf-goods/uploads/images/thumbnails/400/10/0000/0022/A00000022655373ko.jpg?l=ko,34200,19800,42.1,19649,4.8,85,10,3,1,1,1,0,1,1,A000000226553,10000010001
2026-08-06,스킨케어,10,셀라딕스,[리뷰이벤트/트러블1등] 셀라딕스 세범 리밸런싱 131 앰플 30ml 기획 (+미니언즈 키링) (미니언즈 콜라보),https://www.oliveyoung.co.kr/store/goods/getGoodsDetail.do?goodsNo=A000000260600,https://image.oliveyoung.co.kr/cfimages/cf-goods/uploads/images/thumbnails/400/10/0000/0026/A00000026060006ko.jpg?l=ko,28900,25400,12.1,3100,4.7,81,11,5,2,2,1,1,1,1,A000000260600,10000010001
2026-08-06,스킨케어,11,브링그린,[8월올영픽/3일진정세럼]브링그린 징크테카 트러블 세럼 대용량 기획,https://www.oliveyoung.co.kr/store/goods/getGoodsDetail.do?goodsNo=A000000200646,https://image.oliveyoung.co.kr/cfimages/cf-goods/uploads/images/thumbnails/400/10/0000/0020/A000000200646136ko.jpg?l=ko,56100,27900,50.3,22454,4.7,82,12,4,1,1,1,1,1,1,A000000200646,10000010001
2026-08-06,스킨케어,12,닥터지,[수분진정/세럼증정] 닥터지 레드블레미쉬 클리어 수딩크림 EX 70ml기획 (+30ml+세럼10ml*2ea),https://www.oliveyoung.co.kr/store/goods/getGoodsDetail.do?goodsNo=A000000255752,https://image.oliveyoung.co.kr/cfimages/cf-goods/uploads/images/thumbnails/400/10/0000/0025/A00000025575219ko.jpg?l=ko,38000,26300,30.8,2871,5.0,98,1,0,0,0,0,1,0,1,A000000255752,10000010001
2026-08-06,스킨케어,13,폴라초이스,[화잘먹/단독기획] 폴라초이스 바하 리퀴드 엑스폴리언트 118ml 기획 (+바하 리퀴드 30ml),https://www.oliveyoung.co.kr/store/goods/getGoodsDetail.do?goodsNo=A000000245794,https://image.oliveyoung.co.kr/cfimages/cf-goods/uploads/images/thumbnails/400/10/0000/0024/A00000024579405ko.jpg?l=ko,39000,31200,20.0,883,4.8,85,10,4,1,1,1,0,0,1,A000000245794,10000010001
2026-08-06,스킨케어,14,아렌시아,[30ml+30ml / 강력토닝케어] 아렌시아 비타민 C 부스터 샷 30ml 더블기획,https://www.oliveyoung.co.kr/store/goods/getGoodsDetail.do?goodsNo=A000000254661,https://image.oliveyoung.co.kr/cfimages/cf-goods/uploads/images/thumbnails/400/10/0000/0025/A00000025466111ko.jpg?l=ko,46500,27900,40.0,795,4.8,90,7,1,1,2,0,1,1,1,A000000254661,10000010001
2026-08-06,스킨케어,15,에스트라,에스트라 아토베리어365 하이드로 수딩크림 80ml 기획 (+수딩크림 10ml+클렌징폼 30g),https://www.oliveyoung.co.kr/store/goods/getGoodsDetail.do?goodsNo=A000000258834,https://image.oliveyoung.co.kr/cfimages/cf-goods/uploads/images/thumbnails/400/10/0000/0025/A00000025883410ko.jpg?l=ko,33000,25100,23.9,12760,4.8,88,9,2,0,1,1,1,1,1,A000000258834,10000010001
2026-08-06,스킨케어,16,이니스프리,[크림10ml추가/1+1] 이니스프리 레티놀 시카 모공 흔적 앰플 30ml 리필기획(+30ml 리필),https://www.oliveyoung.co.kr/store/goods/getGoodsDetail.do?goodsNo=A000000258877,https://image.oliveyoung.co.kr/cfimages/cf-goods/uploads/images/thumbnails/400/10/0000/0025/A00000025887736ko.jpg?l=ko,48000,27700,42.3,3039,4.9,95,4,0,0,0,1,1,1,1,A000000258877,10000010001
2026-08-06,스킨케어,17,디오디너리,[각질쓱싹] 디오디너리 글리코릭 애시드 7% 엑스폴리에이팅 토너 100ml,https://www.oliveyoung.co.kr/store/goods/getGoodsDetail.do?goodsNo=A000000223627,https://image.oliveyoung.co.kr/cfimages/cf-goods/uploads/images/thumbnails/400/10/0000/0022/A00000022362703ko.jpg?l=ko,11300,11300,0.0,1751,4.6,76,16,6,1,1,0,0,0,1,A000000223627,10000010001
2026-08-06,스킨케어,18,아누아,[수지세럼] 아누아 피디알엔 히알루론산 캡슐 100 세럼 30mL 기획 (+30mL 리필팩),https://www.oliveyoung.co.kr/store/goods/getGoodsDetail.do?goodsNo=A000000222698,https://image.oliveyoung.co.kr/cfimages/cf-goods/uploads/images/thumbnails/400/10/0000/0022/A00000022269818ko.png?l=ko,58500,27500,53.0,12921,4.8,86,9,3,1,1,1,0,0,1,A000000222698,10000010001
2026-08-06,스킨케어,19,셀리맥스,"[흔적,기미,미백/TXA] 셀리맥스 트라넥삼산 잡티 크림 35ml 기획 (+14ml)",https://www.oliveyoung.co.kr/store/goods/getGoodsDetail.do?goodsNo=A000000253592,https://image.oliveyoung.co.kr/cfimages/cf-goods/uploads/images/thumbnails/400/10/0000/0025/A00000025359212ko.png?l=ko,35000,22900,34.6,1430,4.9,92,6,2,0,0,0,1,1,1,A000000253592,10000010001
2026-08-06,스킨케어,20,아누아,[수지 PICK/단독기획] 아누아 피디알엔 히알루론산 100 수분 크림 60mL 2입 기획,https://www.oliveyoung.co.kr/store/goods/getGoodsDetail.do?goodsNo=A000000231892,https://image.oliveyoung.co.kr/cfimages/cf-goods/uploads/images/thumbnails/400/10/0000/0023/A00000023189227ko.png?l=ko,64000,29500,53.9,8575,4.8,86,9,3,1,1,1,0,0,1,A000000231892,10000010001
2026-08-06,스킨케어,21,브링그린,[수부지토너]브링그린 티트리 시카 수딩 토너 (500ml/250ml),https://www.oliveyoung.co.kr/store/goods/getGoodsDetail.do?goodsNo=A000000189181,https://image.oliveyoung.co.kr/cfimages/cf-goods/uploads/images/thumbnails/400/10/0000/0018/A00000018918171ko.jpg?l=ko,27000,18900,30.0,38554,4.8,85,11,3,0,1,1,0,1,1,A000000189181,10000010001
2026-08-06,스킨케어,22,이니스프리,[1+1] 이니스프리 비타민C 캡슐 세럼 30ml 더블 기획,https://www.oliveyoung.co.kr/store/goods/getGoodsDetail.do?goodsNo=A000000230206,https://image.oliveyoung.co.kr/cfimages/cf-goods/uploads/images/thumbnails/400/10/0000/0023/A00000023020658ko.png?l=ko,49000,27700,43.5,16384,4.8,87,10,3,0,0,1,1,1,1,A000000230206,10000010001
2026-08-06,스킨케어,23,톰,[물방울초음파 1위] 톰 더 글로우 시그니처 기획세트 (크림베이지/누디핑크),https://www.oliveyoung.co.kr/store/goods/getGoodsDetail.do?goodsNo=A000000252975,https://image.oliveyoung.co.kr/cfimages/cf-goods/uploads/images/thumbnails/400/10/0000/0025/A00000025297520ko.jpg?l=ko,599000,409000,31.7,227,4.6,75,15,5,1,4,1,0,0,1,A000000252975,10000010001
2026-08-06,스킨케어,24,에스네이처,[역대급증정/1등 모공수분천재크림] 에스네이처 아쿠아 스쿠알란 수분크림 60ml 기획(60ml+30ml),https://www.oliveyoung.co.kr/store/goods/getGoodsDetail.do?goodsNo=A000000156230,https://image.oliveyoung.co.kr/cfimages/cf-goods/uploads/images/thumbnails/400/10/0000/0015/A000000156230103ko.png?l=ko,28000,17900,36.1,21747,4.8,84,11,4,1,1,1,1,1,1,A000000156230,10000010001
2026-08-06,스킨케어,25,넘버즈인,[8월올영픽/24시간파우더] 넘버즈인 1번 판토텐산 스킨케어100 블러파우더 기획 (+퍼프 1개),https://www.oliveyoung.co.kr/store/goods/getGoodsDetail.do?goodsNo=A000000231822,https://image.oliveyoung.co.kr/cfimages/cf-goods/uploads/images/thumbnails/400/10/0000/0023/A00000023182216ko.jpg?l=ko,22000,13500,38.6,14635,4.8,85,11,3,1,1,1,1,0,1,A000000231822,10000010001
2026-08-06,스킨케어,26,디오디너리,[트러블모공] 디오디너리 나이아신아마이드 10% + 징크 1% 60ml,https://www.oliveyoung.co.kr/store/goods/getGoodsDetail.do?goodsNo=A000000158615,https://image.oliveyoung.co.kr/cfimages/cf-goods/uploads/images/thumbnails/400/10/0000/0015/A00000015861506ko.jpg?l=ko,15700,15700,0.0,12631,4.7,81,13,4,1,1,0,0,1,1,A000000158615,10000010001
2026-08-06,스킨케어,27,메디큐브,[1등미백앰플]메디큐브 PDRN 핑크 펩타이드 앰플 30ml 리필기획(+리필팩50ml+거울키링),https://www.oliveyoung.co.kr/store/goods/getGoodsDetail.do?goodsNo=A000000255620,https://image.oliveyoung.co.kr/cfimages/cf-goods/uploads/images/thumbnails/400/10/0000/0025/A00000025562037ko.jpg?l=ko,46000,24400,47.0,25739,4.7,84,10,4,1,1,1,1,1,1,A000000255620,10000010001
2026-08-06,스킨케어,28,파티온,[대용량] 파티온 노스카나인 트러블 세럼 50ml 리필 기획(+리필40ml+크림10ml),https://www.oliveyoung.co.kr/store/goods/getGoodsDetail.do?goodsNo=A000000219609,https://image.oliveyoung.co.kr/cfimages/cf-goods/uploads/images/thumbnails/400/10/0000/0021/A00000021960921ko.png?l=ko,54000,32210,40.4,75987,4.9,92,5,2,0,0,1,1,1,1,A000000219609,10000010001
2026-08-06,스킨케어,29,셀라딕스,[조유리 PICK/트러블1등] 셀라딕스 트러블 세범 리밸런싱 131 앰플 30ml,https://www.oliveyoung.co.kr/store/goods/getGoodsDetail.do?goodsNo=A000000224494,https://image.oliveyoung.co.kr/cfimages/cf-goods/uploads/images/thumbnails/400/10/0000/0022/A00000022449419ko.jpg?l=ko,28900,25400,12.1,5300,4.7,83,9,4,1,2,1,0,0,1,A000000224494,10000010001
2026-08-06,스킨케어,30,넘버즈인,[8월올영픽/트러블진정세럼] 넘버즈인 1번 판토텐산 액티브업 수딩세럼 50ml 리필기획 (50ml+50ml),https://www.oliveyoung.co.kr/store/goods/getGoodsDetail.do?goodsNo=A000000207225,https://image.oliveyoung.co.kr/cfimages/cf-goods/uploads/images/thumbnails/400/10/0000/0020/A00000020722534ko.jpg?l=ko,38000,23500,38.2,15767,4.7,83,12,4,1,1,1,1,1,1,A000000207225,10000010001
2026-08-06,스킨케어,31,에스트라,[올영 어워즈 1등 크림] 에스트라 아토베리어365 크림 80ml,https://www.oliveyoung.co.kr/store/goods/getGoodsDetail.do?goodsNo=A000000198320,https://image.oliveyoung.co.kr/cfimages/cf-goods/uploads/images/thumbnails/400/10/0000/0019/A00000019832009ko.jpg?l=ko,33000,25900,21.5,7157,4.8,89,8,2,1,1,1,1,1,1,A000000198320,10000010001
2026-08-06,스킨케어,32,에스트라,에스트라 아토베리어365 로션 150ml 기획 (하이드로에센스 25ml+세라-히알 앰플 7ml),https://www.oliveyoung.co.kr/store/goods/getGoodsDetail.do?goodsNo=A000000222834,https://image.oliveyoung.co.kr/cfimages/cf-goods/uploads/images/thumbnails/400/10/0000/0022/A00000022283409ko.jpg?l=ko,33000,23900,27.6,12297,4.9,90,7,2,0,0,1,1,1,1,A000000222834,10000010001
2026-08-06,스킨케어,33,에스네이처,[역대급증정/수분충전/쿨링진정] 에스네이처 아쿠아 오아시스 수분 젤크림 90ml 기획 (+카밍패드 2매),https://www.oliveyoung.co.kr/store/goods/getGoodsDetail.do?goodsNo=A000000202893,https://image.oliveyoung.co.kr/cfimages/cf-goods/uploads/images/thumbnails/400/10/0000/0020/A00000020289371ko.png?l=ko,34000,21700,36.2,6547,4.8,88,8,3,1,0,1,1,1,1,A000000202893,10000010001
2026-08-06,스킨케어,34,토리든,[NEW/단독기획] 토리든 다이브인 저분자 히알루론산 수딩 크림 100ml (+20ml),https://www.oliveyoung.co.kr/store/goods/getGoodsDetail.do?goodsNo=A000000258295,https://image.oliveyoung.co.kr/cfimages/cf-goods/uploads/images/thumbnails/400/10/0000/0025/A00000025829509ko.jpg?l=ko,24000,15960,33.5,87,4.9,92,7,1,,,1,1,0,1,A000000258295,10000010001
2026-08-06,스킨케어,35,더마팩토리,더마팩토리 나이아신아마이드 20% 세럼 30ml,https://www.oliveyoung.co.kr/store/goods/getGoodsDetail.do?goodsNo=A000000225217,https://image.oliveyoung.co.kr/cfimages/cf-goods/uploads/images/thumbnails/400/10/0000/0022/A00000022521701ko.jpg?l=ko,6000,6000,0.0,13205,4.8,83,12,4,1,0,0,0,0,1,A000000225217,10000010001
2026-08-06,스킨케어,36,우르오스,"[남성 선물 추천] 우르오스 2종 세트 택1(지복합성, 중건성)",https://www.oliveyoung.co.kr/store/goods/getGoodsDetail.do?goodsNo=A000000171581,https://image.oliveyoung.co.kr/cfimages/cf-goods/uploads/images/thumbnails/400/10/0000/0017/A00000017158116ko.jpg?l=ko,41900,33500,20.0,1242,4.8,84,12,3,0,0,1,0,1,1,A000000171581,10000010001
2026-08-06,스킨케어,37,셀리맥스,[단독기획/모공탄력] 셀리맥스 더 비타 A 레티날 샷 타이트닝 부스터 15ml 기획(+3ml),https://www.oliveyoung.co.kr/store/goods/getGoodsDetail.do?goodsNo=A000000250199,https://image.oliveyoung.co.kr/cfimages/cf-goods/uploads/images/thumbnails/400/10/0000/0025/A00000025019931ko.png?l=ko,30000,23100,23.0,2449,4.8,86,10,3,1,1,1,0,0,1,A000000250199,10000010001
2026-08-06,스킨케어,38,토리든,[NEW] 토리든 다이브인 저분자 히알루론산 토너 300ml 기획 (+100ml),https://www.oliveyoung.co.kr/store/goods/getGoodsDetail.do?goodsNo=A000000258293,https://image.oliveyoung.co.kr/cfimages/cf-goods/uploads/images/thumbnails/400/10/0000/0025/A00000025829305ko.jpg?l=ko,21000,14920,29.0,62,4.8,85,10,3,,2,1,1,0,1,A000000258293,10000010001
2026-08-06,스킨케어,39,빌리프,[8월올영픽/쿨링진정크림] 빌리프 프로즌 크림 50ml 1+1 기획(+손거울 증정) / 아모밤 30ml 1+1 기획,https://www.oliveyoung.co.kr/store/goods/getGoodsDetail.do?goodsNo=A000000211213,https://image.oliveyoung.co.kr/cfimages/cf-goods/uploads/images/thumbnails/400/10/0000/0021/A000000211213131ko.jpg?l=ko,33000,24500,25.8,8917,4.9,93,5,2,0,0,1,1,1,1,A000000211213,10000010001
2026-08-06,스킨케어,40,메디힐,[업그레이드 모공탄력세럼] 메디힐 PDRN 더마 세럼 50+50mL 기획,https://www.oliveyoung.co.kr/store/goods/getGoodsDetail.do?goodsNo=A000000261744,https://image.oliveyoung.co.kr/cfimages/cf-goods/uploads/images/thumbnails/400/10/0000/0026/A00000026174402ko.jpg?l=ko,43000,24900,42.1,7,5.0,100,,,,,1,0,0,1,A000000261744,10000010001
2026-08-06,스킨케어,41,브링그린,[8월올영픽/3일진정세럼]브링그린 징크테카 트러블 세럼 대용량 기획,https://www.oliveyoung.co.kr/store/goods/getGoodsDetail.do?goodsNo=A000000187712,https://image.oliveyoung.co.kr/cfimages/cf-goods/uploads/images/thumbnails/400/10/0000/0018/A00000018771222ko.jpg?l=ko,56100,27900,50.3,2886,4.7,79,13,6,1,1,1,1,1,1,A000000187712,10000010001
2026-08-06,스킨케어,42,바이오더마,바이오더마 시카비오 크림+ 100ml 기획 (크림 + 40ml 본품 추가 증정),https://www.oliveyoung.co.kr/store/goods/getGoodsDetail.do?goodsNo=A000000212570,https://image.oliveyoung.co.kr/cfimages/cf-goods/uploads/images/thumbnails/400/10/0000/0021/A00000021257010ko.jpg?l=ko,45500,34900,23.3,9547,4.8,84,11,4,1,1,1,1,1,1,A000000212570,10000010001
2026-08-06,스킨케어,43,넘버즈인,[화잘먹] 넘버즈인 3번 보들보들 모공결 세럼 30ml 더블 기획,https://www.oliveyoung.co.kr/store/goods/getGoodsDetail.do?goodsNo=A000000250773,https://image.oliveyoung.co.kr/cfimages/cf-goods/uploads/images/thumbnails/400/10/0000/0025/A00000025077324ko.jpg?l=ko,42000,26900,36.0,6479,4.8,88,8,3,1,1,1,0,0,1,A000000250773,10000010001
2026-08-06,스킨케어,44,아비브,[수분진정] 아비브 어성초 카밍 토너 스킨부스터 더블 기획 (200ml+200ml),https://www.oliveyoung.co.kr/store/goods/getGoodsDetail.do?goodsNo=A000000155253,https://image.oliveyoung.co.kr/cfimages/cf-goods/uploads/images/thumbnails/400/10/0000/0015/A00000015525329ko.png?l=ko,39000,27300,30.0,15251,4.8,85,11,3,0,0,1,0,0,1,A000000155253,10000010001
2026-08-06,스킨케어,45,이즈앤트리,"[NCT 재민PICK] 이즈앤트리 어니언 뉴페어 겔크림 플러스 50ml 기획 (+겔크림 플러스 20ml, 패드 2매)",https://www.oliveyoung.co.kr/store/goods/getGoodsDetail.do?goodsNo=A000000247776,https://image.oliveyoung.co.kr/cfimages/cf-goods/uploads/images/thumbnails/400/10/0000/0024/A00000024777617ko.png?l=ko,32000,19900,37.8,4403,4.8,86,9,3,1,1,1,1,1,1,A000000247776,10000010001
2026-08-06,스킨케어,46,닥터지,[1+1/광채탄력] 닥터지 블랙스네일 크림 50ml 1+1 기획 +(15ml 추가 증정),https://www.oliveyoung.co.kr/store/goods/getGoodsDetail.do?goodsNo=A000000233322,https://image.oliveyoung.co.kr/cfimages/cf-goods/uploads/images/thumbnails/400/10/0000/0023/A00000023332249ko.jpg?l=ko,33000,24500,25.8,6358,4.9,92,6,1,0,0,1,1,0,1,A000000233322,10000010001
2026-08-06,스킨케어,47,라운드랩,[수분진정] 라운드랩 포 맨 자작나무 수분 로션 200ml,https://www.oliveyoung.co.kr/store/goods/getGoodsDetail.do?goodsNo=A000000163494,https://image.oliveyoung.co.kr/cfimages/cf-goods/uploads/images/thumbnails/400/10/0000/0016/A00000016349425ko.jpg?l=ko,24000,17100,28.7,3482,4.8,86,11,2,0,0,1,1,1,1,A000000163494,10000010001
2026-08-06,스킨케어,48,구달,[잡티이별] 구달 청귤 비타C 잡티케어 세럼 알파 50ml 기획 (+35ml 미니어처),https://www.oliveyoung.co.kr/store/goods/getGoodsDetail.do?goodsNo=A000000229790,https://image.oliveyoung.co.kr/cfimages/cf-goods/uploads/images/thumbnails/400/10/0000/0022/A00000022979034ko.jpg?l=ko,43000,28900,32.8,6260,4.8,87,9,3,0,1,0,1,1,1,A000000229790,10000010001
2026-08-06,스킨케어,49,아비브,아비브 어성초 테카 캡슐 세럼 카밍드롭 50+20ml 기획,https://www.oliveyoung.co.kr/store/goods/getGoodsDetail.do?goodsNo=A000000219548,https://image.oliveyoung.co.kr/cfimages/cf-goods/uploads/images/thumbnails/400/10/0000/0021/A00000021954834ko.png?l=ko,32000,21280,33.5,10596,4.7,83,11,5,1,1,1,1,1,1,A000000219548,10000010001
2026-08-06,스킨케어,50,아누아,[단독기획] 아누아 어성초 77 히알루론산 수분 진정 토너 350ml 리필 기획세트 (+350ml 리필팩),https://www.oliveyoung.co.kr/store/goods/getGoodsDetail.do?goodsNo=A000000248498,https://image.oliveyoung.co.kr/cfimages/cf-goods/uploads/images/thumbnails/400/10/0000/0024/A00000024849808ko.png?l=ko,49000,26900,45.1,1738,4.8,88,8,2,1,1,1,1,1,1,A000000248498,10000010001
2026-08-06,스킨케어,51,아이디얼포맨,[7년 연속 1위] 아이디얼포맨 퍼펙트 올인원 150ml 단품/기획,https://www.oliveyoung.co.kr/store/goods/getGoodsDetail.do?goodsNo=A000000228228,https://image.oliveyoung.co.kr/cfimages/cf-goods/uploads/images/thumbnails/400/10/0000/0022/A00000022822875ko.jpg?l=ko,28000,16800,40.0,19402,4.9,88,10,2,0,0,1,0,0,1,A000000228228,10000010001
2026-08-06,스킨케어,52,닥터엘시아,[장원영PICK] 닥터엘시아 345 릴리프 크림 50ml 기획 (+10ml*2ea+튜브링거),https://www.oliveyoung.co.kr/store/goods/getGoodsDetail.do?goodsNo=A000000245087,https://image.oliveyoung.co.kr/cfimages/cf-goods/uploads/images/thumbnails/400/10/0000/0024/A00000024508712ko.jpg?l=ko,29000,20830,28.2,3769,4.8,84,11,4,1,1,1,1,1,1,A000000245087,10000010001
2026-08-06,스킨케어,53,동아제약,[단독기획] 동아제약 아크네 프로 크림제 30ml 기획(+3ml+겔제3ml),https://www.oliveyoung.co.kr/store/goods/getGoodsDetail.do?goodsNo=A000000255729,https://image.oliveyoung.co.kr/cfimages/cf-goods/uploads/images/thumbnails/400/10/0000/0025/A00000025572913ko.jpg?l=ko,35000,22700,35.1,2980,4.9,96,2,2,0,0,1,1,0,1,A000000255729,10000010001
2026-08-06,스킨케어,54,달바,[26년 신형/보습광채] 달바 퍼스트 스프레이 세럼 펩타이드 100ml 더블기획,https://www.oliveyoung.co.kr/store/goods/getGoodsDetail.do?goodsNo=A000000259555,https://image.oliveyoung.co.kr/cfimages/cf-goods/uploads/images/thumbnails/400/10/0000/0025/A00000025955521ko.png?l=ko,59800,37200,37.8,53579,4.9,91,7,2,0,0,1,0,0,1,A000000259555,10000010001
2026-08-06,스킨케어,55,스킨앤랩,[올영단독/속보습케어] 스킨앤랩 베리어덤 링거 앰플70ml(+70ml) 더블기획,https://www.oliveyoung.co.kr/store/goods/getGoodsDetail.do?goodsNo=A000000213267,https://image.oliveyoung.co.kr/cfimages/cf-goods/uploads/images/thumbnails/400/10/0000/0021/A00000021326725ko.jpg?l=ko,40000,40000,0.0,12795,5.0,97,3,0,0,0,0,0,0,1,A000000213267,10000010001
2026-08-06,스킨케어,56,디오디너리,[단독/대용량] 디오디너리 나이아신아마이드 10% + 징크 1% 120ml,https://www.oliveyoung.co.kr/store/goods/getGoodsDetail.do?goodsNo=A000000188065,https://image.oliveyoung.co.kr/cfimages/cf-goods/uploads/images/thumbnails/400/10/0000/0018/A00000018806505ko.jpg?l=ko,28900,28900,0.0,27534,4.7,77,15,6,1,1,0,0,0,1,A000000188065,10000010001
2026-08-06,스킨케어,57,바이오힐보,[카디비PICK|탄력보습] 바이오힐보 프로바이오덤 3D리프팅 크림 50ml [단품/기획],https://www.oliveyoung.co.kr/store/goods/getGoodsDetail.do?goodsNo=A000000199701,https://image.oliveyoung.co.kr/cfimages/cf-goods/uploads/images/thumbnails/400/10/0000/0019/A00000019970188ko.jpg?l=ko,70200,38880,44.6,6368,4.9,89,8,2,0,0,1,1,1,1,A000000199701,10000010001
2026-08-06,스킨케어,58,셀리맥스,셀리맥스 더 비타 A 레티날 샷 타이트닝 듀얼 크림 50ml,https://www.oliveyoung.co.kr/store/goods/getGoodsDetail.do?goodsNo=A000000261065,https://image.oliveyoung.co.kr/cfimages/cf-goods/uploads/images/thumbnails/400/10/0000/0026/A00000026106502ko.png?l=ko,37000,25900,30.0,3,4.0,67,,,33,,1,1,1,1,A000000261065,10000010001
2026-08-06,스킨케어,59,에스트라,에스트라 아토베리어365 캡슐토너 300ml 기획 (+수딩크림 30ml+세라-히알 앰플 7ml),https://www.oliveyoung.co.kr/store/goods/getGoodsDetail.do?goodsNo=A000000258833,https://image.oliveyoung.co.kr/cfimages/cf-goods/uploads/images/thumbnails/400/10/0000/0025/A00000025883311ko.jpg?l=ko,30000,22900,23.7,827,4.8,89,7,3,0,0,1,1,1,1,A000000258833,10000010001
2026-08-06,스킨케어,60,토리든,[NEW] 토리든 다이브인 저분자 히알루론산 세럼 50ml 기획 (+멀티 패드 10매),https://www.oliveyoung.co.kr/store/goods/getGoodsDetail.do?goodsNo=A000000258297,https://image.oliveyoung.co.kr/cfimages/cf-goods/uploads/images/thumbnails/400/10/0000/0025/A00000025829706ko.jpg?l=ko,22000,16500,25.0,4609,4.9,90,7,2,0,0,1,0,0,1,A000000258297,10000010001
2026-08-06,스킨케어,61,에스트라,에스트라 아토베리어365 크림미스트 120ml,https://www.oliveyoung.co.kr/store/goods/getGoodsDetail.do?goodsNo=A000000130138,https://image.oliveyoung.co.kr/cfimages/cf-goods/uploads/images/thumbnails/400/10/0000/0013/A00000013013822ko.jpg?l=ko,23000,18000,21.7,11045,4.7,80,14,5,1,1,1,1,1,1,A000000130138,10000010001
2026-08-06,스킨케어,62,아이오페,[1등레티놀] 아이오페 레티놀 슈퍼 바운스 세럼 30ml 기획 (+세럼 10ml+바이오에센스48ml),https://www.oliveyoung.co.kr/store/goods/getGoodsDetail.do?goodsNo=A000000184060,https://image.oliveyoung.co.kr/cfimages/cf-goods/uploads/images/thumbnails/400/10/0000/0018/A00000018406029ko.jpg?l=ko,50000,42500,15.0,15330,4.9,89,8,2,0,0,1,0,1,1,A000000184060,10000010001
2026-08-06,스킨케어,63,피지오겔,[재구매율1위] 피지오겔 데일리뮨 앰플 20ml+20ml 기획,https://www.oliveyoung.co.kr/store/goods/getGoodsDetail.do?goodsNo=A000000243677,https://image.oliveyoung.co.kr/cfimages/cf-goods/uploads/images/thumbnails/400/10/0000/0024/A00000024367750ko.jpg?l=ko,78000,54000,30.8,9675,4.8,87,9,2,0,0,1,0,0,1,A000000243677,10000010001
2026-08-06,스킨케어,64,마미케어,[디바이스골라담기] 마미케어 브이쎄라 / 펜타프라임 택 1,https://www.oliveyoung.co.kr/store/goods/getGoodsDetail.do?goodsNo=A000000248811,https://image.oliveyoung.co.kr/cfimages/cf-goods/uploads/images/thumbnails/400/10/0000/0024/A00000024881136ko.jpg?l=ko,109000,99000,9.2,2060,4.6,75,17,5,1,1,1,0,0,1,A000000248811,10000010001
2026-08-06,스킨케어,65,에스트라,에스트라 에이시카365 흔적진정세럼 pH4.5 40ml 기획 (+세럼 20ml+크림 1ml),https://www.oliveyoung.co.kr/store/goods/getGoodsDetail.do?goodsNo=A000000222839,https://image.oliveyoung.co.kr/cfimages/cf-goods/uploads/images/thumbnails/400/10/0000/0022/A00000022283918ko.jpg?l=ko,38000,28500,25.0,3724,4.8,87,9,3,1,1,1,1,1,1,A000000222839,10000010001
2026-08-06,스킨케어,66,라로슈포제,라로슈포제 시카플라스트 멀티 리페어 크림 100ml (+시카에센스 7.5ml),https://www.oliveyoung.co.kr/store/goods/getGoodsDetail.do?goodsNo=A000000257827,https://image.oliveyoung.co.kr/cfimages/cf-goods/uploads/images/thumbnails/400/10/0000/0025/A00000025782704ko.jpg?l=ko,52000,52000,0.0,18407,4.8,84,11,4,1,1,0,0,0,1,A000000257827,10000010001
2026-08-06,스킨케어,67,넘버즈인,[흔적미백] 넘버즈인 5번 글루타치온C 흔적 앰플 30ml+30ml 듀오기획,https://www.oliveyoung.co.kr/store/goods/getGoodsDetail.do?goodsNo=A000000189837,https://image.oliveyoung.co.kr/cfimages/cf-goods/uploads/images/thumbnails/400/10/0000/0018/A00000018983728ko.png?l=ko,46000,29400,36.1,20101,4.7,80,14,5,1,1,1,1,1,1,A000000189837,10000010001
2026-08-06,스킨케어,68,파티온,[대용량] 파티온 노스카나인 트러블 크림 75ml 기획(+5ml),https://www.oliveyoung.co.kr/store/goods/getGoodsDetail.do?goodsNo=A000000232304,https://image.oliveyoung.co.kr/cfimages/cf-goods/uploads/images/thumbnails/400/10/0000/0023/A00000023230413ko.jpg?l=ko,45000,29500,34.4,23577,4.8,89,8,3,1,0,1,1,1,1,A000000232304,10000010001
2026-08-06,스킨케어,69,아누아,[박희선 PICK/단독기획]  아누아 어성초 77 B3 징크 트러블 세럼 30ml 더블 기획,https://www.oliveyoung.co.kr/store/goods/getGoodsDetail.do?goodsNo=A000000248500,https://image.oliveyoung.co.kr/cfimages/cf-goods/uploads/images/thumbnails/400/10/0000/0024/A00000024850007ko.png?l=ko,48000,27500,42.7,505,4.7,85,7,6,1,1,1,0,0,1,A000000248500,10000010001
2026-08-06,스킨케어,70,에스트라,에스트라 아토베리어365 세라-히알 속수분 앰플 30ml+30ml 리필 기획,https://www.oliveyoung.co.kr/store/goods/getGoodsDetail.do?goodsNo=A000000245091,https://image.oliveyoung.co.kr/cfimages/cf-goods/uploads/images/thumbnails/400/10/0000/0024/A00000024509112ko.jpg?l=ko,47500,31500,33.7,7237,4.8,88,9,2,0,0,1,1,1,1,A000000245091,10000010001
2026-08-06,스킨케어,71,제로이드,[대용량] 제로이드 인텐시브 크림 80ml 기획 (+50ml),https://www.oliveyoung.co.kr/store/goods/getGoodsDetail.do?goodsNo=A000000231590,https://image.oliveyoung.co.kr/cfimages/cf-goods/uploads/images/thumbnails/400/10/0000/0023/A00000023159023ko.jpg?l=ko,40000,40000,0.0,12037,4.8,87,9,3,0,1,0,0,0,1,A000000231590,10000010001
2026-08-06,스킨케어,72,코페르,[광채/기미] 코페르 큐리페어 멜라크림 21ml 기획(+4ml),https://www.oliveyoung.co.kr/store/goods/getGoodsDetail.do?goodsNo=A000000246297,https://image.oliveyoung.co.kr/cfimages/cf-goods/uploads/images/thumbnails/400/10/0000/0024/A00000024629720ko.jpg?l=ko,35700,25920,27.4,4498,4.9,96,2,1,0,0,1,1,1,1,A000000246297,10000010001
2026-08-06,스킨케어,73,제로이드,[대용량] 제로이드 수딩 크림 80ml 기획 (+50ml),https://www.oliveyoung.co.kr/store/goods/getGoodsDetail.do?goodsNo=A000000231589,https://image.oliveyoung.co.kr/cfimages/cf-goods/uploads/images/thumbnails/400/10/0000/0023/A00000023158910ko.jpg?l=ko,38000,34200,10.0,8686,4.8,87,9,3,1,1,1,0,0,1,A000000231589,10000010001
2026-08-06,스킨케어,74,차앤박,[보습광채/화잘먹앰플] 차앤박 프로폴리스 에너지 액티브 앰플 30ml 2입 기획 (+15ml),https://www.oliveyoung.co.kr/store/goods/getGoodsDetail.do?goodsNo=A000000242720,https://image.oliveyoung.co.kr/cfimages/cf-goods/uploads/images/thumbnails/400/10/0000/0024/A00000024272045ko.jpg?l=ko,52000,28900,44.4,12625,4.9,91,7,2,0,0,1,0,0,1,A000000242720,10000010001
2026-08-06,스킨케어,75,닥터지,[튜브타입/단독기획] 닥터지 레드 블레미쉬 클리어 수딩크림 EX 70ml 튜브 기획 (+30ml+세럼10ml*2ea),https://www.oliveyoung.co.kr/store/goods/getGoodsDetail.do?goodsNo=A000000257543,https://image.oliveyoung.co.kr/cfimages/cf-goods/uploads/images/thumbnails/400/10/0000/0025/A00000025754306ko.jpg?l=ko,38000,26300,30.8,2871,5.0,98,1,0,0,0,0,1,0,1,A000000257543,10000010001
2026-08-06,스킨케어,76,빌리프,[8월올영픽/쿨링진정크림] 빌리프 프로즌 크림 50ml 1+1 기획(+손거울 증정),https://www.oliveyoung.co.kr/store/goods/getGoodsDetail.do?goodsNo=A000000224581,https://image.oliveyoung.co.kr/cfimages/cf-goods/uploads/images/thumbnails/400/10/0000/0022/A000000224581106ko.jpg?l=ko,33000,24500,25.8,13296,4.9,92,6,2,0,0,1,1,1,1,A000000224581,10000010001
2026-08-06,스킨케어,77,일소,[짱구 콜라보] 일소 펩타이드 3엑스 모공톡스 탄력 앰플 30ml 기획 (+맥세이프 카드지갑),https://www.oliveyoung.co.kr/store/goods/getGoodsDetail.do?goodsNo=A000000258824,https://image.oliveyoung.co.kr/cfimages/cf-goods/uploads/images/thumbnails/400/10/0000/0025/A00000025882406ko.jpg?l=ko,28000,19900,28.9,387,4.7,82,11,4,1,2,1,1,0,1,A000000258824,10000010001
2026-08-06,스킨케어,78,바이오힐보,[재구매율1위] 바이오힐보 판테셀 리페어시카 크림미스트 [기내용/더블/대용량],https://www.oliveyoung.co.kr/store/goods/getGoodsDetail.do?goodsNo=A000000189004,https://image.oliveyoung.co.kr/cfimages/cf-goods/uploads/images/thumbnails/400/10/0000/0018/A00000018900446ko.jpg?l=ko,9000,6880,23.6,8365,4.8,86,10,3,1,0,1,1,1,1,A000000189004,10000010001
2026-08-06,스킨케어,79,바이오힐보,[기프트추천] 바이오힐보 프로바이오덤 3D리프팅 스킨케어 2종세트 (토너150ml+에멀전150ml),https://www.oliveyoung.co.kr/store/goods/getGoodsDetail.do?goodsNo=A000000203250,https://image.oliveyoung.co.kr/cfimages/cf-goods/uploads/images/thumbnails/400/10/0000/0020/A00000020325028ko.jpg?l=ko,54000,36880,31.7,3651,4.9,91,7,2,0,0,1,1,1,1,A000000203250,10000010001
2026-08-06,스킨케어,80,디어클레어스,[코난 콜라보/진정1등] 클레어스 블루 유스 액티베이팅 드롭 50ml 한정기획 (+명탐정 코난 키링 랜덤 증정),https://www.oliveyoung.co.kr/store/goods/getGoodsDetail.do?goodsNo=A000000255701,https://image.oliveyoung.co.kr/cfimages/cf-goods/uploads/images/thumbnails/400/10/0000/0025/A00000025570134ko.jpg?l=ko,52500,36800,29.9,3408,4.8,87,9,3,1,1,0,1,1,1,A000000255701,10000010001
2026-08-06,스킨케어,81,셀라딕스,[쿨링진정] 셀라딕스 트러블 쿨 카밍 131 토너 300ml,https://www.oliveyoung.co.kr/store/goods/getGoodsDetail.do?goodsNo=A000000229456,https://image.oliveyoung.co.kr/cfimages/cf-goods/uploads/images/thumbnails/400/10/0000/0022/A00000022945606ko.jpg?l=ko,18300,16470,10.0,147,4.7,74,19,6,,1,1,0,0,1,A000000229456,10000010001
2026-08-06,스킨케어,82,닥터지,[1+1/수분진정] 닥터지 레드 블레미쉬 클리어 히알 시카 수딩 세럼 50ml 리필 기획 (+50ml 리필),https://www.oliveyoung.co.kr/store/goods/getGoodsDetail.do?goodsNo=A000000252982,https://image.oliveyoung.co.kr/cfimages/cf-goods/uploads/images/thumbnails/400/10/0000/0025/A00000025298215ko.jpg?l=ko,40000,26000,35.0,5104,4.8,85,10,3,1,1,0,1,0,1,A000000252982,10000010001
2026-08-06,스킨케어,83,라운드랩,[대용량/1등토너] 라운드랩 1025 독도 토너 500ml 기획 (+100ml),https://www.oliveyoung.co.kr/store/goods/getGoodsDetail.do?goodsNo=A000000137180,https://image.oliveyoung.co.kr/cfimages/cf-goods/uploads/images/thumbnails/400/10/0000/0013/A00000013718040ko.jpg?l=ko,30000,27000,10.0,12266,4.8,88,10,2,0,0,1,0,0,1,A000000137180,10000010001
2026-08-06,스킨케어,84,VT,[1등모공에센스] VT 리들샷 100 에센스 30ml 더블 기획(+피디알엔 에센스 100 1.5ml*3ea),https://www.oliveyoung.co.kr/store/goods/getGoodsDetail.do?goodsNo=A000000232212,https://image.oliveyoung.co.kr/cfimages/cf-goods/uploads/images/thumbnails/400/10/0000/0023/A00000023221228ko.jpg?l=ko,31500,22000,30.2,51039,4.8,88,8,3,0,1,1,0,0,1,A000000232212,10000010001
2026-08-06,스킨케어,85,넘버즈인,[쿨링진정]넘버즈인 1번 진정 맑게담은 청초토너 300ml 리필기획(+300ml 증정),https://www.oliveyoung.co.kr/store/goods/getGoodsDetail.do?goodsNo=A000000190395,https://image.oliveyoung.co.kr/cfimages/cf-goods/uploads/images/thumbnails/400/10/0000/0019/A00000019039521ko.jpg?l=ko,40000,26000,35.0,14981,4.8,87,10,3,0,0,1,0,0,1,A000000190395,10000010001
2026-08-06,스킨케어,86,에스트라,에스트라 아토베리어365 하이드로에센스 200ml (+크림 10ml+앰플 10ml),https://www.oliveyoung.co.kr/store/goods/getGoodsDetail.do?goodsNo=A000000222837,https://image.oliveyoung.co.kr/cfimages/cf-goods/uploads/images/thumbnails/400/10/0000/0022/A00000022283708ko.jpg?l=ko,32000,23500,26.6,13760,4.8,89,8,2,0,0,1,1,1,1,A000000222837,10000010001
2026-08-06,스킨케어,87,차앤박,[이리유마켓특가][NEW/토닝세럼]차앤박 더마앤서 브라이트닝 부스터 TXA-PDRN 앰플 30ml,https://www.oliveyoung.co.kr/store/goods/getGoodsDetail.do?goodsNo=A000000261321,https://image.oliveyoung.co.kr/cfimages/cf-goods/uploads/images/thumbnails/400/10/0000/0026/A00000026132108ko.jpg?l=ko,42000,23500,44.0,100,5.0,98,,1,1,,1,1,1,1,A000000261321,10000010001
2026-08-06,스킨케어,88,메디큐브,[대용량리필] 메디큐브 제로 모공 원데이 펩타이드 세럼 30ml 리필기획 (+리필팩 50ml),https://www.oliveyoung.co.kr/store/goods/getGoodsDetail.do?goodsNo=A000000259605,https://image.oliveyoung.co.kr/cfimages/cf-goods/uploads/images/thumbnails/400/10/0000/0025/A00000025960523ko.png?l=ko,46000,24600,46.5,336,4.8,85,10,4,1,1,1,0,0,1,A000000259605,10000010001
2026-08-06,스킨케어,89,닥터디퍼런트,[잡티톤업/비타민C세럼] 닥터디퍼런트 CEQ 안티옥시던트 세럼 15ml,https://www.oliveyoung.co.kr/store/goods/getGoodsDetail.do?goodsNo=A000000159468,https://image.oliveyoung.co.kr/cfimages/cf-goods/uploads/images/thumbnails/400/10/0000/0015/A00000015946827ko.jpg?l=ko,42000,35700,15.0,2565,4.9,90,8,2,0,0,1,0,0,1,A000000159468,10000010001
2026-08-06,스킨케어,90,아벤느,[미피 파우치 증정] 아벤느 이드랑스 수분 에센스 인 로션 200ml 기획 (+100ml*2 + 미피 파우치),https://www.oliveyoung.co.kr/store/goods/getGoodsDetail.do?goodsNo=A000000259069,https://image.oliveyoung.co.kr/cfimages/cf-goods/uploads/images/thumbnails/400/10/0000/0025/A00000025906919ko.jpg?l=ko,45000,33900,24.7,2837,4.9,90,8,2,0,1,1,0,0,1,A000000259069,10000010001
2026-08-06,스킨케어,91,웰라쥬,[속건조필수템] 웰라쥬 리얼 히알루로닉 블루 100 앰플 100ml 기획 (+원데이키트2ea),https://www.oliveyoung.co.kr/store/goods/getGoodsDetail.do?goodsNo=A000000231884,https://image.oliveyoung.co.kr/cfimages/cf-goods/uploads/images/thumbnails/400/10/0000/0023/A00000023188420ko.jpg?l=ko,30000,24000,20.0,10617,4.8,89,8,2,0,0,1,0,0,1,A000000231884,10000010001
2026-08-06,스킨케어,92,우르오스,[베스트 올인원]우르오스 올인원 200ml 2종 택 1,https://www.oliveyoung.co.kr/store/goods/getGoodsDetail.do?goodsNo=A000000117541,https://image.oliveyoung.co.kr/cfimages/cf-goods/uploads/images/thumbnails/400/10/0000/0011/A00000011754150ko.jpg?l=ko,29700,23200,21.9,7699,4.8,87,10,2,0,0,1,1,0,1,A000000117541,10000010001
2026-08-06,스킨케어,93,아벤느,[미피 네임택 증정] 아벤느 오 떼르말 수분 미스트 300ml 2입 기획 (+150ml +미피 네임택),https://www.oliveyoung.co.kr/store/goods/getGoodsDetail.do?goodsNo=A000000259067,https://image.oliveyoung.co.kr/cfimages/cf-goods/uploads/images/thumbnails/400/10/0000/0025/A00000025906719ko.jpg?l=ko,45000,29900,33.6,35183,4.8,86,10,3,0,0,1,0,0,1,A000000259067,10000010001
2026-08-06,스킨케어,94,에스트라,에스트라 아토베리어365 하이드로 수딩크림 80ml 기획(토너25ml+클렌징폼30g),https://www.oliveyoung.co.kr/store/goods/getGoodsDetail.do?goodsNo=A000000254747,https://image.oliveyoung.co.kr/cfimages/cf-goods/uploads/images/thumbnails/400/10/0000/0025/A00000025474709ko.jpg?l=ko,33000,25100,23.9,8039,4.8,88,8,2,0,1,1,1,1,1,A000000254747,10000010001
2026-08-06,스킨케어,95,라운드랩,[대용량] 라운드랩 1025 독도 로션 400ml,https://www.oliveyoung.co.kr/store/goods/getGoodsDetail.do?goodsNo=A000000161508,https://image.oliveyoung.co.kr/cfimages/cf-goods/uploads/images/thumbnails/400/10/0000/0016/A00000016150822ko.jpg?l=ko,39000,25600,34.4,16283,4.8,85,11,3,0,0,1,0,0,1,A000000161508,10000010001
2026-08-06,스킨케어,96,메디큐브,[청담샵 화잘먹미스트/시원촉촉] 메디큐브 PDRN 핑크 콜라겐 글로우 젤리 미스트 100ml 더블기획,https://www.oliveyoung.co.kr/store/goods/getGoodsDetail.do?goodsNo=A000000243433,https://image.oliveyoung.co.kr/cfimages/cf-goods/uploads/images/thumbnails/400/10/0000/0024/A00000024343325ko.jpg?l=ko,47800,29700,37.9,4095,4.7,81,11,5,1,2,1,1,1,1,A000000243433,10000010001
2026-08-06,스킨케어,97,바이오힐보,[모공고민] 바이오힐보 프로바이오덤 콜라겐 리모델링 세럼 30ml 더블기획,https://www.oliveyoung.co.kr/store/goods/getGoodsDetail.do?goodsNo=A000000233390,https://image.oliveyoung.co.kr/cfimages/cf-goods/uploads/images/thumbnails/400/10/0000/0023/A00000023339060ko.jpg?l=ko,49500,27880,43.7,3253,4.8,84,11,3,0,1,1,1,1,1,A000000233390,10000010001
2026-08-06,스킨케어,98,라운드랩,[최초트리플/집중진정] 라운드랩 소나무 진정 시카 앰플 30ml 트리플 기획,https://www.oliveyoung.co.kr/store/goods/getGoodsDetail.do?goodsNo=A000000255242,https://image.oliveyoung.co.kr/cfimages/cf-goods/uploads/images/thumbnails/400/10/0000/0025/A00000025524214ko.png?l=ko,49900,26900,46.1,13436,4.8,88,8,2,0,0,1,1,1,1,A000000255242,10000010001
2026-08-06,스킨케어,99,메디큐브,[여배우광채크림] 메디큐브 PDRN 핑크 콜라겐 캡슐크림 55g 기획 (+4.5g*2ea),https://www.oliveyoung.co.kr/store/goods/getGoodsDetail.do?goodsNo=A000000248826,https://image.oliveyoung.co.kr/cfimages/cf-goods/uploads/images/thumbnails/400/10/0000/0024/A00000024882626ko.jpg?l=ko,33300,23500,29.4,1453,4.7,82,12,5,1,1,1,1,1,1,A000000248826,10000010001
2026-08-06,스킨케어,100,바이오더마,바이오더마 하이드라비오 에센스로션 200ml 기획 (+스트레치 화장솜),https://www.oliveyoung.co.kr/store/goods/getGoodsDetail.do?goodsNo=A000000251229,https://image.oliveyoung.co.kr/cfimages/cf-goods/uploads/images/thumbnails/400/10/0000/0025/A00000025122902ko.jpg?l=ko,38000,28100,26.1,9391,4.8,86,9,4,1,1,1,0,1,1,A000000251229,10000010001
2026-08-06,마스크팩,1,메디힐,[15년 연속 1위] 메디힐 에센셜 마스크팩 10/10+1매 기획 7종 골라담기,https://www.oliveyoung.co.kr/store/goods/getGoodsDetail.do?goodsNo=A000000223414,https://image.oliveyoung.co.kr/cfimages/cf-goods/uploads/images/thumbnails/400/10/0000/0022/A000000223414117ko.jpg?l=ko,20000,10000,50.0,466788,4.9,91,7,2,0,0,1,0,0,1,A000000223414,10000010009
2026-08-06,마스크팩,2,마몽드,[8월 올영픽/한정기획/지성화잘먹] 마몽드 포어 컨트롤 피어니 리퀴드 마스크 외 1종 리필 기획 (+80ml 리필),https://www.oliveyoung.co.kr/store/goods/getGoodsDetail.do?goodsNo=A000000258670,https://image.oliveyoung.co.kr/cfimages/cf-goods/uploads/images/thumbnails/400/10/0000/0025/A00000025867016ko.jpg?l=ko,30000,24900,17.0,18881,4.7,81,12,5,1,1,1,1,1,1,A000000258670,10000010009
2026-08-06,마스크팩,3,코스알엑스,[가나디 콜라보] 코스알엑스 원스텝 오리지널 패드 4종 택 1,https://www.oliveyoung.co.kr/store/goods/getGoodsDetail.do?goodsNo=A000000258881,https://image.oliveyoung.co.kr/cfimages/cf-goods/uploads/images/thumbnails/400/10/0000/0025/A00000025888121ko.jpg?l=ko,24000,19900,17.1,1535,4.8,88,8,3,1,1,1,0,1,1,A000000258881,10000010009
2026-08-06,마스크팩,4,메디힐,[단독기획] 메디힐 더마 패드 200매 대용량 기획 세트 7종 골라담기,https://www.oliveyoung.co.kr/store/goods/getGoodsDetail.do?goodsNo=A000000171427,https://image.oliveyoung.co.kr/cfimages/cf-goods/uploads/images/thumbnails/400/10/0000/0017/A000000171427226ko.jpg?l=ko,39900,28900,27.6,77941,4.8,85,10,3,1,1,1,0,0,1,A000000171427,10000010009
2026-08-06,마스크팩,5,이옴,[8월올영픽/최예나PICK] 이옴 트러블 패치 마스크 3매,https://www.oliveyoung.co.kr/store/goods/getGoodsDetail.do?goodsNo=A000000248829,https://image.oliveyoung.co.kr/cfimages/cf-goods/uploads/images/thumbnails/400/10/0000/0024/A00000024882921ko.jpg?l=ko,21000,13900,33.8,5743,4.7,82,9,6,2,1,1,1,0,1,A000000248829,10000010009
2026-08-06,마스크팩,6,메디힐,[15년연속 1위] 메디힐 에센셜 마스크팩 1매 고기능 7종 골라담기,https://www.oliveyoung.co.kr/store/goods/getGoodsDetail.do?goodsNo=A000000217620,https://image.oliveyoung.co.kr/cfimages/cf-goods/uploads/images/thumbnails/400/10/0000/0021/A00000021762059ko.png?l=ko,2000,1000,50.0,514469,4.9,89,8,2,0,0,1,0,0,1,A000000217620,10000010009
2026-08-06,마스크팩,7,아누아,[수지pick/단독기획] 아누아 데일리케어 마스크팩 5매 기획 8종(+1매 or +2매 추가 증정),https://www.oliveyoung.co.kr/store/goods/getGoodsDetail.do?goodsNo=A000000231836,https://image.oliveyoung.co.kr/cfimages/cf-goods/uploads/images/thumbnails/400/10/0000/0023/A00000023183640ko.png?l=ko,20000,9500,52.5,30489,4.8,86,10,3,1,0,1,0,1,1,A000000231836,10000010009
2026-08-06,마스크팩,8,바노바기,[예보링마켓특가]바노바기 비타 제닉 젤리 마스크 10매 7종 택 1,https://www.oliveyoung.co.kr/store/goods/getGoodsDetail.do?goodsNo=A000000240465,https://image.oliveyoung.co.kr/cfimages/cf-goods/uploads/images/thumbnails/400/10/0000/0024/A00000024046535ko.jpg?l=ko,30000,12500,58.3,17332,4.9,96,3,1,0,0,1,1,1,1,A000000240465,10000010009
2026-08-06,마스크팩,9,스킨푸드,[1+1/한정기획] 스킨푸드 캐롯 카로틴 카밍 워터 패드 60매 더블기획 (+PDRN 패드 2매*3),https://www.oliveyoung.co.kr/store/goods/getGoodsDetail.do?goodsNo=A000000255585,https://image.oliveyoung.co.kr/cfimages/cf-goods/uploads/images/thumbnails/400/10/0000/0025/A00000025558508ko.jpg?l=ko,42000,26200,37.6,104059,4.8,89,8,2,0,1,1,0,0,1,A000000255585,10000010009
2026-08-06,마스크팩,10,바이오던스,[7+1] 바이오던스 리얼 딥 마스크 7+1매 기획 (콜라겐/세라놀) (+퍼글러 헤어 고정 시트),https://www.oliveyoung.co.kr/store/goods/getGoodsDetail.do?goodsNo=A000000259232,https://image.oliveyoung.co.kr/cfimages/cf-goods/uploads/images/thumbnails/400/10/0000/0025/A00000025923219ko.jpg?l=ko,35000,29900,14.6,8282,4.8,88,8,3,0,1,1,0,0,1,A000000259232,10000010009
2026-08-06,마스크팩,11,메노킨,[1위 원조 버블팩] 메노킨 30초 퀵 버블 마스크 6종 택1(+팩브러쉬 증정),https://www.oliveyoung.co.kr/store/goods/getGoodsDetail.do?goodsNo=A000000234422,https://image.oliveyoung.co.kr/cfimages/cf-goods/uploads/images/thumbnails/400/10/0000/0023/A00000023442247ko.jpg?l=ko,28500,25300,11.2,24117,4.8,87,7,3,1,1,1,0,0,1,A000000234422,10000010009
2026-08-06,마스크팩,12,메디힐,[8+1매 단독기획] 메디힐 하이퍼 겔마스크 4종 (콜라겐/PDRN/마데카소사이드/히알루론산),https://www.oliveyoung.co.kr/store/goods/getGoodsDetail.do?goodsNo=A000000239102,https://image.oliveyoung.co.kr/cfimages/cf-goods/uploads/images/thumbnails/400/10/0000/0023/A00000023910258ko.jpg?l=ko,36000,25200,30.0,47960,4.8,87,9,2,0,0,1,0,0,1,A000000239102,10000010009
2026-08-06,마스크팩,13,메디힐,"[단독기획] 메디힐 콜라겐 캡슐 패치 60+60매 더블 기획 2종 (레티놀, 비타민C)",https://www.oliveyoung.co.kr/store/goods/getGoodsDetail.do?goodsNo=A000000233470,https://image.oliveyoung.co.kr/cfimages/cf-goods/uploads/images/thumbnails/400/10/0000/0023/A00000023347020ko.png?l=ko,45000,26400,41.3,6343,4.7,81,12,5,1,1,1,0,0,1,A000000233470,10000010009
2026-08-06,마스크팩,14,넘버즈인,[8월올영픽/10매] 넘버즈인 마스크팩 10매 기획 2종 중 택 1 (1번/4번),https://www.oliveyoung.co.kr/store/goods/getGoodsDetail.do?goodsNo=A000000205979,https://image.oliveyoung.co.kr/cfimages/cf-goods/uploads/images/thumbnails/400/10/0000/0020/A00000020597952ko.jpg?l=ko,40000,17300,56.8,152874,4.8,88,8,3,1,0,1,1,0,1,A000000205979,10000010009
2026-08-06,마스크팩,15,일소,[짱구 콜라보] 일소 네추럴 마일드 클리어 노우즈 팩 10매 기획 (+그립톡+면봉20개),https://www.oliveyoung.co.kr/store/goods/getGoodsDetail.do?goodsNo=A000000258972,https://image.oliveyoung.co.kr/cfimages/cf-goods/uploads/images/thumbnails/400/10/0000/0025/A00000025897213ko.jpg?l=ko,25000,22000,12.0,44326,4.7,82,12,5,1,1,1,0,0,1,A000000258972,10000010009
2026-08-06,마스크팩,16,메디힐,[장도연 PICK/초밀착 세럼팩] 메디힐 랩핑 세럼 마스크 10매 6종,https://www.oliveyoung.co.kr/store/goods/getGoodsDetail.do?goodsNo=A000000229695,https://image.oliveyoung.co.kr/cfimages/cf-goods/uploads/images/thumbnails/400/10/0000/0022/A00000022969544ko.jpg?l=ko,30000,18000,40.0,40913,4.8,88,9,2,0,0,1,0,0,1,A000000229695,10000010009
2026-08-06,마스크팩,17,셀리맥스,[잡티미백/TXA] 셀리맥스 트라넥삼산 브라이트닝 크림 랩핑 마스크 5매 기획 (+1매),https://www.oliveyoung.co.kr/store/goods/getGoodsDetail.do?goodsNo=A000000240462,https://image.oliveyoung.co.kr/cfimages/cf-goods/uploads/images/thumbnails/400/10/0000/0024/A00000024046214ko.png?l=ko,26800,23400,12.7,2381,4.9,92,5,2,1,0,1,0,0,1,A000000240462,10000010009
2026-08-06,마스크팩,18,프리메라,[8월올영픽/쿨링붓기완화] 프리메라 3C히알루론산 메가-샷 겔마스크 1매/4+1매 (기획/단품),https://www.oliveyoung.co.kr/store/goods/getGoodsDetail.do?goodsNo=A000000259699,https://image.oliveyoung.co.kr/cfimages/cf-goods/uploads/images/thumbnails/400/10/0000/0025/A00000025969908ko.jpg?l=ko,7000,3490,50.1,99,4.9,93,5,,1,1,1,1,1,1,A000000259699,10000010009
2026-08-06,마스크팩,19,노프랍,[수분진정/5+1매] 노프랍 하이드로겔 마스크팩 5+1매 기획 3종 (콜라겐/수분/모공),https://www.oliveyoung.co.kr/store/goods/getGoodsDetail.do?goodsNo=A000000249535,https://image.oliveyoung.co.kr/cfimages/cf-goods/uploads/images/thumbnails/400/10/0000/0024/A00000024953567ko.jpg?l=ko,22500,14160,37.1,5998,4.8,86,9,3,1,1,1,1,1,1,A000000249535,10000010009
2026-08-06,마스크팩,20,토르홉,[한혜진팩/온열소금팩/화잘먹] 토르홉 사우난지앙 솔트마스크 90+7g 미니 기획,https://www.oliveyoung.co.kr/store/goods/getGoodsDetail.do?goodsNo=A000000202947,https://image.oliveyoung.co.kr/cfimages/cf-goods/uploads/images/thumbnails/400/10/0000/0020/A00000020294763ko.png?l=ko,31500,25800,18.1,7959,4.7,80,13,5,1,1,1,0,0,1,A000000202947,10000010009
2026-08-06,마스크팩,21,메디큐브,[1등/아이돌 모공패드] 메디큐브 제로 모공 패드 1+1 140매 리필 기획 (본품70매+리필 70매),https://www.oliveyoung.co.kr/store/goods/getGoodsDetail.do?goodsNo=A000000255682,https://image.oliveyoung.co.kr/cfimages/cf-goods/uploads/images/thumbnails/400/10/0000/0025/A00000025568253ko.png?l=ko,33000,28900,12.4,12194,4.7,83,11,5,1,1,1,0,0,1,A000000255682,10000010009
2026-08-06,마스크팩,22,메디힐,[87관왕 No.1] 메디힐 더마 토너패드 100매 7종 피부 고민별 골라담기,https://www.oliveyoung.co.kr/store/goods/getGoodsDetail.do?goodsNo=A000000171426,https://image.oliveyoung.co.kr/cfimages/cf-goods/uploads/images/thumbnails/400/10/0000/0017/A000000171426102ko.png?l=ko,26000,17900,31.2,82211,4.8,86,10,3,1,1,1,0,0,1,A000000171426,10000010009
2026-08-06,마스크팩,23,토리든,토리든 다이브인/밸런스풀 패드 증정기획 2종 택 1 (+10매 증정)(수분/진정),https://www.oliveyoung.co.kr/store/goods/getGoodsDetail.do?goodsNo=A000000173588,https://image.oliveyoung.co.kr/cfimages/cf-goods/uploads/images/thumbnails/400/10/0000/0017/A00000017358824ko.jpg?l=ko,23000,15300,33.5,13419,4.8,83,12,4,1,1,1,1,0,1,A000000173588,10000010009
2026-08-06,마스크팩,24,셀퓨전씨,[핑구콜라보 빙하수쿨링패드] 셀퓨전씨 포스트 알파 쿨링 패드 70매 1+1 기획,https://www.oliveyoung.co.kr/store/goods/getGoodsDetail.do?goodsNo=A000000205435,https://image.oliveyoung.co.kr/cfimages/cf-goods/uploads/images/thumbnails/400/10/0000/0020/A00000020543537ko.jpg?l=ko,29900,24900,16.7,11083,4.8,88,9,3,1,0,1,0,0,1,A000000205435,10000010009
2026-08-06,마스크팩,25,넘버즈인,[8월올영픽/대용량140매] 넘버즈인 1번 시카 갈아만든 초록패드 70매 리필기획 (+70매 리필),https://www.oliveyoung.co.kr/store/goods/getGoodsDetail.do?goodsNo=A000000182630,https://image.oliveyoung.co.kr/cfimages/cf-goods/uploads/images/thumbnails/400/10/0000/0018/A00000018263081ko.jpg?l=ko,42000,26400,37.1,27451,4.8,85,11,3,1,0,1,1,0,1,A000000182630,10000010009
2026-08-06,마스크팩,26,아누아,[수지pick/올영단독] 아누아 패드 리필 기획 3종(어성초/피디알엔/카테킨),https://www.oliveyoung.co.kr/store/goods/getGoodsDetail.do?goodsNo=A000000243162,https://image.oliveyoung.co.kr/cfimages/cf-goods/uploads/images/thumbnails/400/10/0000/0024/A00000024316221ko.png?l=ko,45000,29500,34.4,1793,4.7,83,11,4,1,1,1,0,1,1,A000000243162,10000010009
2026-08-06,마스크팩,27,프롬리에,[100만장 돌파/단독기획] 프롬리에 EGF 피지팩 하이퍼 액티브 모공 피지 마스크 4+1 증정,https://www.oliveyoung.co.kr/store/goods/getGoodsDetail.do?goodsNo=A000000254427,https://image.oliveyoung.co.kr/cfimages/cf-goods/uploads/images/thumbnails/400/10/0000/0025/A00000025442713ko.jpg?l=ko,30000,19900,33.7,3667,4.7,81,11,5,1,2,1,1,0,1,A000000254427,10000010009
2026-08-06,마스크팩,28,리터니티,[원조율무팩] 리터니티 율무 요철모공 팩 120g 기획세트,https://www.oliveyoung.co.kr/store/goods/getGoodsDetail.do?goodsNo=A000000198780,https://image.oliveyoung.co.kr/cfimages/cf-goods/uploads/images/thumbnails/400/10/0000/0019/A00000019878057ko.png?l=ko,34000,25900,23.8,4316,4.7,80,14,5,1,1,1,0,0,1,A000000198780,10000010009
2026-08-06,마스크팩,29,하우스오브비,[올영 1위 마스크팩 / 300만장 돌파]하우스오브비 페이스필름 4매 (글루타치온/피디알엔),https://www.oliveyoung.co.kr/store/goods/getGoodsDetail.do?goodsNo=A000000212579,https://image.oliveyoung.co.kr/cfimages/cf-goods/uploads/images/thumbnails/400/10/0000/0021/A00000021257909ko.png?l=ko,40000,28800,28.0,6430,4.9,93,5,2,0,0,1,1,0,1,A000000212579,10000010009
2026-08-06,마스크팩,30,넘버즈인,"[10매] 넘버즈인 마스크팩 10매 기획 3종 중 택 1 (2번,3번,5번)",https://www.oliveyoung.co.kr/store/goods/getGoodsDetail.do?goodsNo=A000000206850,https://image.oliveyoung.co.kr/cfimages/cf-goods/uploads/images/thumbnails/400/10/0000/0020/A00000020685007ko.jpg?l=ko,40000,17900,55.2,43925,4.8,87,9,3,1,1,1,0,0,1,A000000206850,10000010009
2026-08-06,마스크팩,31,토리든,[NEW] 토리든 다이브인 저분자 히알루론산 마스크 20매,https://www.oliveyoung.co.kr/store/goods/getGoodsDetail.do?goodsNo=A000000257740,https://image.oliveyoung.co.kr/cfimages/cf-goods/uploads/images/thumbnails/400/10/0000/0025/A00000025774002ko.jpg?l=ko,60000,28500,52.5,485,4.9,93,6,1,,0,1,1,0,1,A000000257740,10000010009
2026-08-06,마스크팩,32,스트라이덱스,[각질/피지] 스트라이덱스 센시티브 패드 90매,https://www.oliveyoung.co.kr/store/goods/getGoodsDetail.do?goodsNo=A000000114166,https://image.oliveyoung.co.kr/cfimages/cf-goods/uploads/images/thumbnails/400/10/0000/0011/A00000011416620ko.jpg?l=ko,13900,10420,25.0,29195,4.7,80,14,4,1,1,1,0,0,1,A000000114166,10000010009
2026-08-06,마스크팩,33,셀퓨전씨,[핑구 콜라보] 셀퓨전씨 포스트 알파 퍼스트 쿨링 마스크 5+3매 기획,https://www.oliveyoung.co.kr/store/goods/getGoodsDetail.do?goodsNo=A000000255607,https://image.oliveyoung.co.kr/cfimages/cf-goods/uploads/images/thumbnails/400/10/0000/0025/A00000025560716ko.jpg?l=ko,15000,10600,29.3,51135,4.8,88,9,2,0,0,1,0,0,1,A000000255607,10000010009
2026-08-06,마스크팩,34,넘버즈인,"[추가증정] 넘버즈인 토너패드 증정 기획 중 택 1(1번, 3번, 5번)",https://www.oliveyoung.co.kr/store/goods/getGoodsDetail.do?goodsNo=A000000177758,https://image.oliveyoung.co.kr/cfimages/cf-goods/uploads/images/thumbnails/400/10/0000/0017/A00000017775869ko.jpg?l=ko,26000,18900,27.3,28544,4.8,84,11,4,1,1,1,0,0,1,A000000177758,10000010009
2026-08-06,마스크팩,35,넘버즈인,[1매] 넘버즈인 1번~5번 마스크팩 5종 중 택 1,https://www.oliveyoung.co.kr/store/goods/getGoodsDetail.do?goodsNo=A000000160901,https://image.oliveyoung.co.kr/cfimages/cf-goods/uploads/images/thumbnails/400/10/0000/0016/A00000016090137ko.png?l=ko,4000,2000,50.0,152882,4.8,88,8,3,1,0,1,0,0,1,A000000160901,10000010009
2026-08-06,마스크팩,36,메디힐,"메디힐 콜라겐 캡슐 패치 60매 2종 (레티놀, 비타민C)",https://www.oliveyoung.co.kr/store/goods/getGoodsDetail.do?goodsNo=A000000233468,https://image.oliveyoung.co.kr/cfimages/cf-goods/uploads/images/thumbnails/400/10/0000/0023/A00000023346815ko.png?l=ko,25000,15400,38.4,6345,4.7,81,12,5,1,1,1,0,0,1,A000000233468,10000010009
2026-08-06,마스크팩,37,리쥬란,[126매 대용량/올리브영 단독] 리쥬란 포어 타이트닝 토너 패드 60매 더블 한정 기획,https://www.oliveyoung.co.kr/store/goods/getGoodsDetail.do?goodsNo=A000000236767,https://image.oliveyoung.co.kr/cfimages/cf-goods/uploads/images/thumbnails/400/10/0000/0023/A00000023676730ko.jpg?l=ko,45000,37000,17.8,2772,4.8,88,9,3,0,1,1,0,0,1,A000000236767,10000010009
2026-08-06,마스크팩,38,아비브,[6매/단독기획] 아비브 껌딱지 시트 마스크 스티커 5매 (+1매 증정기획)(어성초/밀크/마데카),https://www.oliveyoung.co.kr/store/goods/getGoodsDetail.do?goodsNo=A000000188270,https://image.oliveyoung.co.kr/cfimages/cf-goods/uploads/images/thumbnails/400/10/0000/0018/A00000018827019ko.png?l=ko,20000,10000,50.0,89726,4.9,91,7,2,0,0,1,0,0,1,A000000188270,10000010009
2026-08-06,마스크팩,39,비플레인,[8월올영픽/3분모공팩] 비플레인 녹두 모공 클레이 팩 200ml 기획 (+실리콘 브러쉬),https://www.oliveyoung.co.kr/store/goods/getGoodsDetail.do?goodsNo=A000000260528,https://image.oliveyoung.co.kr/cfimages/cf-goods/uploads/images/thumbnails/400/10/0000/0026/A00000026052809ko.jpg?l=ko,38000,19000,50.0,9374,4.7,81,13,4,1,1,1,0,1,1,A000000260528,10000010009
2026-08-06,마스크팩,40,마몽드,[NEW/화잘먹 3종] 마몽드 리퀴드 마스크 80ml_로즈/피어니(지성)/데이지(미백),https://www.oliveyoung.co.kr/store/goods/getGoodsDetail.do?goodsNo=A000000200805,https://image.oliveyoung.co.kr/cfimages/cf-goods/uploads/images/thumbnails/400/10/0000/0020/A000000200805126ko.jpg?l=ko,30000,19800,34.0,19476,4.7,81,12,5,1,1,1,1,1,1,A000000200805,10000010009
2026-08-06,마스크팩,41,디어소녀,[100만장완판/5분겔팩] 디어소녀 수분폭발 젤리찰떡팩 10매,https://www.oliveyoung.co.kr/store/goods/getGoodsDetail.do?goodsNo=A000000259786,https://image.oliveyoung.co.kr/cfimages/cf-goods/uploads/images/thumbnails/400/10/0000/0025/A00000025978605ko.jpg?l=ko,15000,9900,34.0,2116,4.9,95,4,1,,,1,0,0,1,A000000259786,10000010009
2026-08-06,마스크팩,42,듀이트리,[꿈돌이 콜라보/열감진정] 듀이트리 AC 딥 진정 모공 패드 100매 단품/기획 (+꿈돌이 파우치),https://www.oliveyoung.co.kr/store/goods/getGoodsDetail.do?goodsNo=A000000239969,https://image.oliveyoung.co.kr/cfimages/cf-goods/uploads/images/thumbnails/400/10/0000/0023/A00000023996931ko.jpg?l=ko,26000,20900,19.6,15628,4.8,85,11,3,1,1,1,0,0,1,A000000239969,10000010009
2026-08-06,마스크팩,43,스트라이덱스,[여드름/좁쌀] 스트라이덱스 맥스플러스패드 55매,https://www.oliveyoung.co.kr/store/goods/getGoodsDetail.do?goodsNo=A000000205870,https://image.oliveyoung.co.kr/cfimages/cf-goods/uploads/images/thumbnails/400/10/0000/0020/A00000020587016ko.jpg?l=ko,12900,10960,15.0,8653,4.7,81,12,4,1,1,1,0,0,1,A000000205870,10000010009
2026-08-06,마스크팩,44,일소,[1등코팩/피지순삭] 일소 네추럴 마일드 클리어 노우즈 팩 10매 (대용량),https://www.oliveyoung.co.kr/store/goods/getGoodsDetail.do?goodsNo=A000000180455,https://image.oliveyoung.co.kr/cfimages/cf-goods/uploads/images/thumbnails/400/10/0000/0018/A00000018045564ko.jpg?l=ko,25000,22000,12.0,44194,4.7,82,12,5,1,1,1,0,0,1,A000000180455,10000010009
2026-08-06,마스크팩,45,아비브,[1매/5종] 아비브 약산성 pH 시트 마스크 핏 1매 (어성초/부활초/아쿠아/글루타치온좀/허니),https://www.oliveyoung.co.kr/store/goods/getGoodsDetail.do?goodsNo=A000000120688,https://image.oliveyoung.co.kr/cfimages/cf-goods/uploads/images/thumbnails/400/10/0000/0012/A00000012068852ko.png?l=ko,4000,2400,40.0,64213,4.8,87,9,3,0,0,1,0,0,1,A000000120688,10000010009
2026-08-06,마스크팩,46,더마토리,[양의지PICK/모공케어/리필기획] 더마토리 살리시닉 포어 클리어 블랙 모공 토너패드 70매 기획 (+70매 리필),https://www.oliveyoung.co.kr/store/goods/getGoodsDetail.do?goodsNo=A000000223603,https://image.oliveyoung.co.kr/cfimages/cf-goods/uploads/images/thumbnails/400/10/0000/0022/A00000022360329ko.jpg?l=ko,39000,25300,35.1,8553,4.8,86,9,4,1,1,1,0,0,1,A000000223603,10000010009
2026-08-06,마스크팩,47,브링그린,[1분진정] 브링그린 티트리 시카 트러블 수딩 토너패드 90매 (리필/단품),https://www.oliveyoung.co.kr/store/goods/getGoodsDetail.do?goodsNo=A000000185115,https://image.oliveyoung.co.kr/cfimages/cf-goods/uploads/images/thumbnails/400/10/0000/0018/A00000018511549ko.jpg?l=ko,37800,22400,40.7,12086,4.8,85,11,3,1,0,1,0,1,1,A000000185115,10000010009
2026-08-06,마스크팩,48,라운드랩,[최초케이스증정] 라운드랩 자작나무 수분 패드 80매 더블기획(+패드 케이스+내장집게),https://www.oliveyoung.co.kr/store/goods/getGoodsDetail.do?goodsNo=A000000254249,https://image.oliveyoung.co.kr/cfimages/cf-goods/uploads/images/thumbnails/400/10/0000/0025/A00000025424905ko.jpg?l=ko,34000,28000,17.6,14111,4.9,90,8,2,0,0,1,0,0,1,A000000254249,10000010009
2026-08-06,마스크팩,49,메디힐,[스패츌러 증정] 메디힐 블랙헤드 멜팅 클리어 코팩 4매 피지연화,https://www.oliveyoung.co.kr/store/goods/getGoodsDetail.do?goodsNo=A000000202899,https://image.oliveyoung.co.kr/cfimages/cf-goods/uploads/images/thumbnails/400/10/0000/0020/A00000020289924ko.jpg?l=ko,14000,10900,22.1,24718,4.9,90,7,2,0,0,1,0,0,1,A000000202899,10000010009
2026-08-06,마스크팩,50,메디힐,"[피지흡착/모공쿨링] 메디힐 바이오 세컨덤 마스크 1매 3종 (마데카소사이드, PDRN, 히알루론산)",https://www.oliveyoung.co.kr/store/goods/getGoodsDetail.do?goodsNo=A000000229375,https://image.oliveyoung.co.kr/cfimages/cf-goods/uploads/images/thumbnails/400/10/0000/0022/A00000022937509ko.jpg?l=ko,5000,2500,50.0,28953,4.8,87,9,3,1,0,1,0,0,1,A000000229375,10000010009
2026-08-06,마스크팩,51,바이오던스,[원조겔팩] 바이오던스 리얼 딥 마스크 16매 (콜라겐/세라놀),https://www.oliveyoung.co.kr/store/goods/getGoodsDetail.do?goodsNo=A000000184348,https://image.oliveyoung.co.kr/cfimages/cf-goods/uploads/images/thumbnails/400/10/0000/0018/A00000018434845ko.jpg?l=ko,80000,68000,15.0,4738,4.8,84,12,3,0,1,1,0,0,1,A000000184348,10000010009
2026-08-06,마스크팩,52,듀이트리,[1일1팩/밀착진정] 듀이트리 AC 딥 진정 마스크 10매 (열감/흔적),https://www.oliveyoung.co.kr/store/goods/getGoodsDetail.do?goodsNo=A000000211187,https://image.oliveyoung.co.kr/cfimages/cf-goods/uploads/images/thumbnails/400/10/0000/0021/A00000021118729ko.jpg?l=ko,30000,13300,55.7,6252,4.8,89,8,2,0,0,1,1,0,1,A000000211187,10000010009
2026-08-06,마스크팩,53,프리메라,[8월올영픽] 프리메라 메가-샷 겔마스크 3종 모음 (3C히알루론산/비타티놀/PDRN),https://www.oliveyoung.co.kr/store/goods/getGoodsDetail.do?goodsNo=A000000248965,https://image.oliveyoung.co.kr/cfimages/cf-goods/uploads/images/thumbnails/400/10/0000/0024/A00000024896538ko.jpg?l=ko,7000,3490,50.1,7964,4.8,87,9,3,0,0,1,1,1,1,A000000248965,10000010009
2026-08-06,마스크팩,54,식물나라,식물나라 UV차단 아웃도어 얼굴/뒷목 선패치(2eaX5sets),https://www.oliveyoung.co.kr/store/goods/getGoodsDetail.do?goodsNo=A000000202948,https://image.oliveyoung.co.kr/cfimages/cf-goods/uploads/images/thumbnails/400/10/0000/0020/A00000020294803ko.jpg?l=ko,10800,5800,46.3,2958,4.8,86,10,3,0,1,1,0,0,1,A000000202948,10000010009
2026-08-06,마스크팩,55,브링그린,브링그린 프레시 마스크 1매/10매 (히알루 수분/티트리 진정/글루타치온 톤업/알로에 수딩),https://www.oliveyoung.co.kr/store/goods/getGoodsDetail.do?goodsNo=A000000185112,https://image.oliveyoung.co.kr/cfimages/cf-goods/uploads/images/thumbnails/400/10/0000/0018/A00000018511212ko.jpg?l=ko,16000,8000,50.0,85744,4.8,88,9,3,0,0,1,0,1,1,A000000185112,10000010009
2026-08-06,마스크팩,56,린제이,[72관왕/1위] 린제이 모델링 팩 (컵팩)  7종 택1,https://www.oliveyoung.co.kr/store/goods/getGoodsDetail.do?goodsNo=A000000010497,https://image.oliveyoung.co.kr/cfimages/cf-goods/uploads/images/thumbnails/400/10/0000/0001/A00000001049704ko.jpg?l=ko,3000,2500,16.7,90677,4.8,86,10,3,0,0,1,0,0,1,A000000010497,10000010009
2026-08-06,마스크팩,57,메디큐브,[1등모공패드] 메디큐브 제로 모공 패드 2.0 70매,https://www.oliveyoung.co.kr/store/goods/getGoodsDetail.do?goodsNo=A000000161681,https://image.oliveyoung.co.kr/cfimages/cf-goods/uploads/images/thumbnails/400/10/0000/0016/A00000016168148ko.png?l=ko,24500,17900,26.9,14920,4.7,79,15,5,1,1,1,0,0,1,A000000161681,10000010009
2026-08-06,마스크팩,58,넘버즈인,[5매] 넘버즈인 1번~5번 마스크팩 5매 기획 5종 중 택 1,https://www.oliveyoung.co.kr/store/goods/getGoodsDetail.do?goodsNo=A000000166626,https://image.oliveyoung.co.kr/cfimages/cf-goods/uploads/images/thumbnails/400/10/0000/0016/A00000016662671ko.jpg?l=ko,16000,9500,40.6,58365,4.8,84,11,4,1,1,1,0,0,1,A000000166626,10000010009
2026-08-06,마스크팩,59,쥬베룩,쥬베룩 PDLLA 콜라겐 부스팅 마스크 4매,https://www.oliveyoung.co.kr/store/goods/getGoodsDetail.do?goodsNo=A000000253919,https://image.oliveyoung.co.kr/cfimages/cf-goods/uploads/images/thumbnails/400/10/0000/0025/A00000025391912ko.jpg?l=ko,36000,33400,7.2,697,4.9,93,4,1,1,0,1,0,1,1,A000000253919,10000010009
2026-08-06,마스크팩,60,메디힐,[초밀착 세럼팩] 메디힐 랩핑 세럼 마스크 1매 6종,https://www.oliveyoung.co.kr/store/goods/getGoodsDetail.do?goodsNo=A000000229694,https://image.oliveyoung.co.kr/cfimages/cf-goods/uploads/images/thumbnails/400/10/0000/0022/A00000022969413ko.jpg?l=ko,3000,1800,40.0,32104,4.8,88,9,3,0,0,1,0,0,1,A000000229694,10000010009
2026-08-06,마스크팩,61,아비브,아비브 어성초 흔적 에센스 패드 클리어터치 70매 리필기획 (+70매 리필),https://www.oliveyoung.co.kr/store/goods/getGoodsDetail.do?goodsNo=A000000219555,https://image.oliveyoung.co.kr/cfimages/cf-goods/uploads/images/thumbnails/400/10/0000/0021/A00000021955580ko.png?l=ko,40000,40000,0.0,27545,4.8,87,9,3,1,1,0,0,0,1,A000000219555,10000010009
2026-08-06,마스크팩,62,한율,[최초/1+1] 한율 패드 리필 기획 2종 택1 (쑥시카 트러블진정/쑥히알 속수분),https://www.oliveyoung.co.kr/store/goods/getGoodsDetail.do?goodsNo=A000000259474,https://image.oliveyoung.co.kr/cfimages/cf-goods/uploads/images/thumbnails/400/10/0000/0025/A00000025947410ko.jpg?l=ko,40000,26200,34.5,6441,4.8,85,10,3,1,0,1,1,1,1,A000000259474,10000010009
2026-08-06,마스크팩,63,이지듀,[레올영픽/8월 올영픽]이지듀 EGFx 다운타임 오인트 마스크 4매,https://www.oliveyoung.co.kr/store/goods/getGoodsDetail.do?goodsNo=A000000250107,https://image.oliveyoung.co.kr/cfimages/cf-goods/uploads/images/thumbnails/400/10/0000/0025/A00000025010721ko.jpg?l=ko,30000,21900,27.0,177,4.8,85,10,3,,1,1,0,0,1,A000000250107,10000010009
2026-08-06,마스크팩,64,구달,[1+1 리필기획] 구달 청귤 비타C 잡티케어 패드 알파 70매 기획 (+70매 리필),https://www.oliveyoung.co.kr/store/goods/getGoodsDetail.do?goodsNo=A000000229788,https://image.oliveyoung.co.kr/cfimages/cf-goods/uploads/images/thumbnails/400/10/0000/0022/A00000022978808ko.jpg?l=ko,38000,26500,30.3,1823,4.8,86,10,3,1,0,1,0,0,1,A000000229788,10000010009
2026-08-06,마스크팩,65,닥터지,[열감쿨링] 닥터지 레드 블레미쉬 순무 시카 아이싱 패드 60매 리필 기획 (+60매 리필),https://www.oliveyoung.co.kr/store/goods/getGoodsDetail.do?goodsNo=A000000228902,https://image.oliveyoung.co.kr/cfimages/cf-goods/uploads/images/thumbnails/400/10/0000/0022/A00000022890212ko.jpg?l=ko,45000,29000,35.6,6080,4.8,84,11,3,0,0,1,0,1,1,A000000228902,10000010009
2026-08-06,마스크팩,66,듀이트리,[밀착진정] 듀이트리 AC 딥 진정 마스크 1매 (열감/흔적),https://www.oliveyoung.co.kr/store/goods/getGoodsDetail.do?goodsNo=A000000208753,https://image.oliveyoung.co.kr/cfimages/cf-goods/uploads/images/thumbnails/400/10/0000/0020/A00000020875319ko.png?l=ko,3000,1430,52.3,64073,4.8,87,10,3,0,0,1,1,0,1,A000000208753,10000010009
2026-08-06,마스크팩,67,메디힐,[앰플한병팩] 메디힐 하이퍼 마스크 1매 겔마스크 4종 (콜라겐/PDRN/마데카소사이드/히알루론산),https://www.oliveyoung.co.kr/store/goods/getGoodsDetail.do?goodsNo=A000000212350,https://image.oliveyoung.co.kr/cfimages/cf-goods/uploads/images/thumbnails/400/10/0000/0021/A00000021235034ko.jpg?l=ko,4500,3300,26.7,22776,4.8,84,11,4,1,1,1,0,0,1,A000000212350,10000010009
2026-08-06,마스크팩,68,바이오던스,[모공탄력/수분진정] 바이오던스 겔 토너 패드 60매 단품/기획(+4매 증정) (콜라겐/세라놀/캐비어 PDRN),https://www.oliveyoung.co.kr/store/goods/getGoodsDetail.do?goodsNo=A000000215305,https://image.oliveyoung.co.kr/cfimages/cf-goods/uploads/images/thumbnails/400/10/0000/0021/A00000021530539ko.jpg?l=ko,26000,19900,23.5,6928,4.7,79,12,6,2,1,1,0,0,1,A000000215305,10000010009
2026-08-06,마스크팩,69,메디힐,[쿨링진정] 메디힐 모델링팩&앰플 풀세트 5종 골라담기,https://www.oliveyoung.co.kr/store/goods/getGoodsDetail.do?goodsNo=A000000202914,https://image.oliveyoung.co.kr/cfimages/cf-goods/uploads/images/thumbnails/400/10/0000/0020/A00000020291449ko.png?l=ko,5000,3400,32.0,31257,4.8,86,10,3,0,0,1,0,0,1,A000000202914,10000010009
2026-08-06,마스크팩,70,메디큐브,[쿨링광채]메디큐브 PDRN 핑크 콜라겐 토닝 겔 토너패드 70매 기획(본품70매+겔패드10매),https://www.oliveyoung.co.kr/store/goods/getGoodsDetail.do?goodsNo=A000000255685,https://image.oliveyoung.co.kr/cfimages/cf-goods/uploads/images/thumbnails/400/10/0000/0025/A00000025568527ko.jpg?l=ko,24500,17500,28.6,4493,4.7,84,10,4,1,1,1,1,1,1,A000000255685,10000010009
2026-08-06,마스크팩,71,아비브,아비브 패드 4종 택 1(어성초/수분초/글루타치온좀/LHA),https://www.oliveyoung.co.kr/store/goods/getGoodsDetail.do?goodsNo=A000000248205,https://image.oliveyoung.co.kr/cfimages/cf-goods/uploads/images/thumbnails/400/10/0000/0024/A00000024820501ko.png?l=ko,24000,16800,30.0,54819,4.8,85,10,3,1,1,1,0,0,1,A000000248205,10000010009
2026-08-06,마스크팩,72,아비브,[10매/5종] 아비브 껌딱지 시트 마스크 스티커 10매 (어성초/수분초/마데카소사이드/콜라겐밀크/비타),https://www.oliveyoung.co.kr/store/goods/getGoodsDetail.do?goodsNo=A000000188024,https://image.oliveyoung.co.kr/cfimages/cf-goods/uploads/images/thumbnails/400/10/0000/0018/A00000018802449ko.png?l=ko,40000,20000,50.0,79006,4.9,91,7,2,0,0,1,0,0,1,A000000188024,10000010009
2026-08-06,마스크팩,73,넘버즈인,"[대용량140매] 넘버즈인 토너패드 리필 기획(3번, 5번)",https://www.oliveyoung.co.kr/store/goods/getGoodsDetail.do?goodsNo=A000000255375,https://image.oliveyoung.co.kr/cfimages/cf-goods/uploads/images/thumbnails/400/10/0000/0025/A00000025537512ko.jpg?l=ko,42000,26900,36.0,14,4.8,79,21,,,,1,0,0,1,A000000255375,10000010009
2026-08-06,마스크팩,74,토리든,[단독기획] 토리든 마스크 시트 5+1매 3종 (수분/진정/브라이트닝) (AD),https://www.oliveyoung.co.kr/store/goods/getGoodsDetail.do?goodsNo=A000000257739,https://image.oliveyoung.co.kr/cfimages/cf-goods/uploads/images/thumbnails/400/10/0000/0025/A00000025773902ko.jpg?l=ko,15000,8550,43.0,157,4.9,91,8,1,,,1,1,0,1,A000000257739,10000010009
2026-08-06,마스크팩,75,바이오던스,"[원조겔팩] 바이오던스 리얼 딥 마스크 4매 (PDRN, 콜라겐, 세라놀, 비타, 씨켈프)",https://www.oliveyoung.co.kr/store/goods/getGoodsDetail.do?goodsNo=A000000181343,https://image.oliveyoung.co.kr/cfimages/cf-goods/uploads/images/thumbnails/400/10/0000/0018/A00000018134346ko.jpg?l=ko,20000,18900,5.5,7506,4.8,85,9,4,1,1,1,0,0,1,A000000181343,10000010009
2026-08-06,마스크팩,76,아누아,[수지pick]아누아 데일리케어 마스크팩 8종(1매),https://www.oliveyoung.co.kr/store/goods/getGoodsDetail.do?goodsNo=A000000211128,https://image.oliveyoung.co.kr/cfimages/cf-goods/uploads/images/thumbnails/400/10/0000/0021/A00000021112836ko.png?l=ko,4000,1600,60.0,30489,4.8,86,10,3,1,0,1,0,1,1,A000000211128,10000010009
2026-08-06,마스크팩,77,러븀,[단독기획] 러븀 겔 마스크 4매 (어린시카/유자/PDRN/그린시트러스),https://www.oliveyoung.co.kr/store/goods/getGoodsDetail.do?goodsNo=A000000244392,https://image.oliveyoung.co.kr/cfimages/cf-goods/uploads/images/thumbnails/400/10/0000/0024/A00000024439203ko.jpg?l=ko,20000,14000,30.0,999,4.8,87,8,3,1,1,1,1,0,1,A000000244392,10000010009
2026-08-06,마스크팩,78,리쥬란,[올리브영 단독런칭]리쥬란 힐러 스킨 프로텍션 마스크 10매 기획(+1매),https://www.oliveyoung.co.kr/store/goods/getGoodsDetail.do?goodsNo=A000000243440,https://image.oliveyoung.co.kr/cfimages/cf-goods/uploads/images/thumbnails/400/10/0000/0024/A00000024344021ko.jpg?l=ko,56000,32900,41.2,5059,4.7,83,11,4,1,1,1,0,0,1,A000000243440,10000010009
2026-08-06,마스크팩,79,아비브,[1매/3종] 아비브 콜라겐 겔 마스크 1매 (어성초/수분초/부활초),https://www.oliveyoung.co.kr/store/goods/getGoodsDetail.do?goodsNo=A000000184496,https://image.oliveyoung.co.kr/cfimages/cf-goods/uploads/images/thumbnails/400/10/0000/0018/A00000018449618ko.png?l=ko,5000,3000,40.0,17105,4.8,83,11,4,1,1,1,0,0,1,A000000184496,10000010009
2026-08-06,마스크팩,80,에스네이처,[1등 쿨링진정패드] 에스네이처 아쿠아 오아시스 판테알란 카밍패드 60매,https://www.oliveyoung.co.kr/store/goods/getGoodsDetail.do?goodsNo=A000000205830,https://image.oliveyoung.co.kr/cfimages/cf-goods/uploads/images/thumbnails/400/10/0000/0020/A00000020583038ko.png?l=ko,26000,19500,25.0,2826,4.8,88,8,3,0,0,1,0,0,1,A000000205830,10000010009
2026-08-06,마스크팩,81,린제이,[72관왕/1위] 린제이 프리미엄 쿨티트리 모델링 팩 1Kg,https://www.oliveyoung.co.kr/store/goods/getGoodsDetail.do?goodsNo=A000000147080,https://image.oliveyoung.co.kr/cfimages/cf-goods/uploads/images/thumbnails/400/10/0000/0014/A00000014708002ko.jpg?l=ko,20000,17100,14.5,8336,4.9,91,7,1,0,0,1,1,0,1,A000000147080,10000010009
2026-08-06,마스크팩,82,한율,[트러블진정] 한율 어린쑥 5분 트러블진정패드 60+10매 (어린쑥패드),https://www.oliveyoung.co.kr/store/goods/getGoodsDetail.do?goodsNo=A000000183736,https://image.oliveyoung.co.kr/cfimages/cf-goods/uploads/images/thumbnails/400/10/0000/0018/A00000018373665ko.jpg?l=ko,29000,18200,37.2,4881,4.8,85,10,3,1,1,1,1,1,1,A000000183736,10000010009
2026-08-06,마스크팩,83,하우스오브비,[1위마스크팩/300만장판매]하우스오브비 글루타치온 페이스필름 8매,https://www.oliveyoung.co.kr/store/goods/getGoodsDetail.do?goodsNo=A000000239107,https://image.oliveyoung.co.kr/cfimages/cf-goods/uploads/images/thumbnails/400/10/0000/0023/A00000023910701ko.png?l=ko,80000,56000,30.0,6216,4.9,93,5,2,0,0,1,0,0,1,A000000239107,10000010009
2026-08-06,마스크팩,84,스킨푸드,[고민영PICK/한정기획] 스킨푸드 당근 PDRN 속수분 패드 100매 기획 (+10매*3),https://www.oliveyoung.co.kr/store/goods/getGoodsDetail.do?goodsNo=A000000255579,https://image.oliveyoung.co.kr/cfimages/cf-goods/uploads/images/thumbnails/400/10/0000/0025/A00000025557911ko.jpg?l=ko,29000,19200,33.8,1378,4.8,90,6,2,1,1,1,0,0,1,A000000255579,10000010009
2026-08-06,마스크팩,85,셀퓨전씨,[급속쿨링/열감케어] 셀퓨전씨 포스트 알파 쿨링 마스크 5P(퍼스트 쿨링/시카 쿨링/비타 쿨링),https://www.oliveyoung.co.kr/store/goods/getGoodsDetail.do?goodsNo=A000000115199,https://image.oliveyoung.co.kr/cfimages/cf-goods/uploads/images/thumbnails/400/10/0000/0011/A00000011519939ko.jpg?l=ko,15000,7500,50.0,44215,4.8,88,9,3,0,0,1,0,0,1,A000000115199,10000010009
2026-08-06,마스크팩,86,한율,[1+1한정기획] 한율 달빛유자 수면팩 70ml+70ml,https://www.oliveyoung.co.kr/store/goods/getGoodsDetail.do?goodsNo=A000000183747,https://image.oliveyoung.co.kr/cfimages/cf-goods/uploads/images/thumbnails/400/10/0000/0018/A00000018374744ko.jpg?l=ko,34000,27100,20.3,7670,4.8,85,11,3,1,0,1,1,1,1,A000000183747,10000010009
2026-08-06,마스크팩,87,브링그린,[피지흡착팩] 브링그린 티트리 시카 포어 클레이팩 스트롱 100g(2입/단품),https://www.oliveyoung.co.kr/store/goods/getGoodsDetail.do?goodsNo=A000000198875,https://image.oliveyoung.co.kr/cfimages/cf-goods/uploads/images/thumbnails/400/10/0000/0019/A00000019887519ko.jpg?l=ko,19000,11900,37.4,15462,4.7,78,15,5,1,1,1,0,1,1,A000000198875,10000010009
2026-08-06,마스크팩,88,일소,[1등코팩/피지순삭] 일소 네추럴 마일드 클리어 노우즈 팩 5매,https://www.oliveyoung.co.kr/store/goods/getGoodsDetail.do?goodsNo=A000000171820,https://image.oliveyoung.co.kr/cfimages/cf-goods/uploads/images/thumbnails/400/10/0000/0017/A00000017182076ko.jpg?l=ko,25000,22000,12.0,33582,4.7,80,13,5,1,1,1,0,0,1,A000000171820,10000010009
2026-08-06,마스크팩,89,메디힐,[15년연속 1위/4매] 메디힐 에센셜 마스크팩 고기능 7종 골라담기,https://www.oliveyoung.co.kr/store/goods/getGoodsDetail.do?goodsNo=A000000208231,https://image.oliveyoung.co.kr/cfimages/cf-goods/uploads/images/thumbnails/400/10/0000/0020/A00000020823123ko.png?l=ko,8000,4000,50.0,79600,4.9,89,8,2,0,0,1,0,0,1,A000000208231,10000010009
2026-08-06,마스크팩,90,바이오던스,[NEW/눈가탄력] 바이오던스 아이패치 60매 2종 택 1 (콜라겐/캐비어 PDRN),https://www.oliveyoung.co.kr/store/goods/getGoodsDetail.do?goodsNo=A000000254492,https://image.oliveyoung.co.kr/cfimages/cf-goods/uploads/images/thumbnails/400/10/0000/0025/A00000025449214ko.jpg?l=ko,27000,18900,30.0,832,4.9,94,5,1,0,,1,0,0,1,A000000254492,10000010009
2026-08-06,마스크팩,91,셀리맥스,[민감/여드름피부/토너패드] 셀리맥스 지우개 시카 바하 블레미쉬 토너 패드 60매 기획 (+60매),https://www.oliveyoung.co.kr/store/goods/getGoodsDetail.do?goodsNo=A000000240549,https://image.oliveyoung.co.kr/cfimages/cf-goods/uploads/images/thumbnails/400/10/0000/0024/A00000024054910ko.png?l=ko,29500,26500,10.2,2612,4.9,93,5,2,0,0,1,0,0,1,A000000240549,10000010009
2026-08-06,마스크팩,92,바이오힐보,[1등마스크|콜라겐&탄력] 바이오힐보 프로바이오덤 마스크팩 대용량 기획 3종,https://www.oliveyoung.co.kr/store/goods/getGoodsDetail.do?goodsNo=A000000226508,https://image.oliveyoung.co.kr/cfimages/cf-goods/uploads/images/thumbnails/400/10/0000/0022/A00000022650844ko.jpg?l=ko,32000,15880,50.4,14725,4.8,86,10,3,1,0,1,1,1,1,A000000226508,10000010009
2026-08-06,마스크팩,93,유세린,[1등진정장벽] 유세린 울트라센시티브 리페어 마스크팩 10매,https://www.oliveyoung.co.kr/store/goods/getGoodsDetail.do?goodsNo=A000000234213,https://image.oliveyoung.co.kr/cfimages/cf-goods/uploads/images/thumbnails/400/10/0000/0023/A00000023421303ko.jpg?l=ko,48000,26900,44.0,6451,4.8,85,11,3,1,1,1,0,0,1,A000000234213,10000010009
2026-08-06,마스크팩,94,더마토리,[담곰이 에디션/쿨링진정] 더마토리 시카 PDRN 흔적 진정 거즈 패드 70매 리필 기획 (+70매 리필+패드 케이스),https://www.oliveyoung.co.kr/store/goods/getGoodsDetail.do?goodsNo=A000000223604,https://image.oliveyoung.co.kr/cfimages/cf-goods/uploads/images/thumbnails/400/10/0000/0022/A00000022360431ko.jpg?l=ko,39000,25300,35.1,2103,4.8,84,11,4,1,0,1,0,0,1,A000000223604,10000010009
2026-08-06,마스크팩,95,가쉬,[대용량버블팩] 가쉬 모공/기미/PDRN버블팩 골라담기 (150회분),https://www.oliveyoung.co.kr/store/goods/getGoodsDetail.do?goodsNo=A000000235842,https://image.oliveyoung.co.kr/cfimages/cf-goods/uploads/images/thumbnails/400/10/0000/0023/A00000023584269ko.jpg?l=ko,36900,29800,19.2,2994,4.9,90,7,2,0,0,1,0,0,1,A000000235842,10000010009
2026-08-06,마스크팩,96,아비브,[1매/5종] 아비브 껌딱지 시트 마스크 스티커 1매 (어성초/수분초/마데카소사이드/콜라겐밀크/비타),https://www.oliveyoung.co.kr/store/goods/getGoodsDetail.do?goodsNo=A000000188019,https://image.oliveyoung.co.kr/cfimages/cf-goods/uploads/images/thumbnails/400/10/0000/0018/A00000018801948ko.png?l=ko,4000,4000,0.0,74374,4.9,91,7,2,0,0,0,0,0,1,A000000188019,10000010009
2026-08-06,마스크팩,97,니들리,[데토패/각질&요철블러] 니들리 데일리 토너 패드 80매 (+20매 증정기획) (OY단독),https://www.oliveyoung.co.kr/store/goods/getGoodsDetail.do?goodsNo=A000000225053,https://image.oliveyoung.co.kr/cfimages/cf-goods/uploads/images/thumbnails/400/10/0000/0022/A00000022505306ko.jpg?l=ko,24900,24900,0.0,7107,4.8,84,12,3,1,0,0,0,0,1,A000000225053,10000010009
2026-08-06,마스크팩,98,리쥬덱스,[전문 드레싱 관리_거즈 마스크]리쥬덱스 더마 리페어링 드레싱 마스크 5매,https://www.oliveyoung.co.kr/store/goods/getGoodsDetail.do?goodsNo=A000000260523,https://image.oliveyoung.co.kr/cfimages/cf-goods/uploads/images/thumbnails/400/10/0000/0026/A00000026052311ko.jpg?l=ko,26000,16500,36.5,131,4.9,95,4,1,,,1,1,0,1,A000000260523,10000010009
2026-08-06,마스크팩,99,셀리맥스,[각질제거/피부결/토너패드] 셀리맥스 어성초 바하 지우개 필링 패드 60매 기획(+10매),https://www.oliveyoung.co.kr/store/goods/getGoodsDetail.do?goodsNo=A000000227936,https://image.oliveyoung.co.kr/cfimages/cf-goods/uploads/images/thumbnails/400/10/0000/0022/A00000022793614ko.png?l=ko,17000,11500,32.4,1892,4.7,83,10,5,1,1,1,0,0,1,A000000227936,10000010009
2026-08-06,마스크팩,100,바이오던스,"[3시간팩] 바이오던스 리얼 딥 마스크 7매 (씨켈프, 비타)",https://www.oliveyoung.co.kr/store/goods/getGoodsDetail.do?goodsNo=A000000221807,https://image.oliveyoung.co.kr/cfimages/cf-goods/uploads/images/thumbnails/400/10/0000/0022/A00000022180722ko.jpg?l=ko,35000,29900,14.6,11063,4.8,85,9,3,1,1,1,0,0,1,A000000221807,10000010009
2026-08-06,클렌징,1,비플레인,[8월올영픽/2천만돌파]비플레인 녹두 약산성 클렌징폼 160ml 더블 기획,https://www.oliveyoung.co.kr/store/goods/getGoodsDetail.do?goodsNo=A000000260522,https://image.oliveyoung.co.kr/cfimages/cf-goods/uploads/images/thumbnails/400/10/0000/0026/A00000026052209ko.jpg?l=ko,26000,23900,8.1,17984,4.9,89,8,2,0,0,1,0,1,1,A000000260522,10000010010
2026-08-06,클렌징,2,마녀공장,[블랙헤드1등] 마녀공장 퓨어 소이빈 클렌징오일 200ml 2입 기획,https://www.oliveyoung.co.kr/store/goods/getGoodsDetail.do?goodsNo=A000000253617,https://image.oliveyoung.co.kr/cfimages/cf-goods/uploads/images/thumbnails/400/10/0000/0025/A00000025361750ko.jpg?l=ko,37000,23500,36.5,54947,4.8,86,10,3,0,0,1,1,1,1,A000000253617,10000010010
2026-08-06,클렌징,3,바이오더마,바이오더마 센시비오 H2O 850ml(클렌징워터),https://www.oliveyoung.co.kr/store/goods/getGoodsDetail.do?goodsNo=A000000130319,https://image.oliveyoung.co.kr/cfimages/cf-goods/uploads/images/thumbnails/400/10/0000/0013/A00000013031984ko.jpg?l=ko,37500,23400,37.6,52999,4.9,91,7,1,0,0,1,1,1,1,A000000130319,10000010010
2026-08-06,클렌징,4,메이크프렘,[박지훈PICK/리필기획] 메이크프렘 세이프 미 릴리프 모이스처 클렌징밀크 기획 (200ml+100ml 리필),https://www.oliveyoung.co.kr/store/goods/getGoodsDetail.do?goodsNo=A000000158513,https://image.oliveyoung.co.kr/cfimages/cf-goods/uploads/images/thumbnails/400/10/0000/0015/A00000015851331ko.jpg?l=ko,28000,21000,25.0,14285,4.8,89,9,2,0,0,1,0,0,1,A000000158513,10000010010
2026-08-06,클렌징,5,휩드,[클렌징밤 본품 절반 증정]  휩드 비건 팩클렌저 130g 기획 4종 (피치페어/머그트리/무화버터/유자몽),https://www.oliveyoung.co.kr/store/goods/getGoodsDetail.do?goodsNo=A000000217511,https://image.oliveyoung.co.kr/cfimages/cf-goods/uploads/images/thumbnails/400/10/0000/0021/A00000021751169ko.jpg?l=ko,29000,19500,32.8,15484,4.8,84,10,4,1,1,1,1,0,1,A000000217511,10000010010
2026-08-06,클렌징,6,센카,[온라인단독/3입] 센카 퍼펙트 휩 페이셜 워시 FA 120g 트리플 기획,https://www.oliveyoung.co.kr/store/goods/getGoodsDetail.do?goodsNo=A000000253102,https://image.oliveyoung.co.kr/cfimages/cf-goods/uploads/images/thumbnails/400/10/0000/0025/A00000025310208ko.jpg?l=ko,25800,17900,30.6,520,4.9,97,1,1,0,0,1,1,1,1,A000000253102,10000010010
2026-08-06,클렌징,7,일소,[7월 올영픽/짱구 콜라보] 일소 슈퍼 멜팅 세범 소프트너 150ml 기획 (+스티커2종+제거기+솜40매),https://www.oliveyoung.co.kr/store/goods/getGoodsDetail.do?goodsNo=A000000258917,https://image.oliveyoung.co.kr/cfimages/cf-goods/uploads/images/thumbnails/400/10/0000/0025/A00000025891713ko.jpg?l=ko,26000,18900,27.3,15093,4.8,86,10,3,1,0,1,0,0,1,A000000258917,10000010010
2026-08-06,클렌징,8,이즈앤트리,[NCT 재민PICK/단독기획] 이즈앤트리 참마 비건 밀크 클렌저 220ml 리필기획 (+리필100ml),https://www.oliveyoung.co.kr/store/goods/getGoodsDetail.do?goodsNo=A000000185308,https://image.oliveyoung.co.kr/cfimages/cf-goods/uploads/images/thumbnails/400/10/0000/0018/A00000018530853ko.png?l=ko,25000,17010,32.0,11386,4.8,85,11,3,1,1,1,1,0,1,A000000185308,10000010010
2026-08-06,클렌징,9,제로이드,제로이드 포밍 클렌저 240ml 기획(+ 리필 240ml),https://www.oliveyoung.co.kr/store/goods/getGoodsDetail.do?goodsNo=A000000232081,https://image.oliveyoung.co.kr/cfimages/cf-goods/uploads/images/thumbnails/400/10/0000/0023/A00000023208113ko.jpg?l=ko,43000,38700,10.0,5853,4.9,89,8,2,0,0,1,0,0,1,A000000232081,10000010010
2026-08-06,클렌징,10,블랑네이처,[8월올영픽/여드름 기능성] 블랑네이처 아크네 클렌징 폼 기획/단품,https://www.oliveyoung.co.kr/store/goods/getGoodsDetail.do?goodsNo=A000000186409,https://image.oliveyoung.co.kr/cfimages/cf-goods/uploads/images/thumbnails/400/10/0000/0018/A00000018640948ko.jpg?l=ko,23800,19200,19.3,25528,4.9,97,2,1,0,0,1,1,0,1,A000000186409,10000010010
2026-08-06,클렌징,11,식물나라,[선크림 세정] 식물나라 제주 탄산수 딥 모공 클렌징 폼 150ml (단품/더블기획),https://www.oliveyoung.co.kr/store/goods/getGoodsDetail.do?goodsNo=A000000223233,https://image.oliveyoung.co.kr/cfimages/cf-goods/uploads/images/thumbnails/400/10/0000/0022/A00000022323317ko.jpg?l=ko,16800,10800,35.7,12160,4.8,88,9,2,0,0,1,0,0,1,A000000223233,10000010010
2026-08-06,클렌징,12,라곰,[유트루PICK/수분민감] 라곰 셀럽 마이크로 폼 클렌저 기획 택1,https://www.oliveyoung.co.kr/store/goods/getGoodsDetail.do?goodsNo=A000000230821,https://image.oliveyoung.co.kr/cfimages/cf-goods/uploads/images/thumbnails/400/10/0000/0023/A00000023082151ko.jpg?l=ko,29000,24600,15.2,22082,4.8,88,9,3,0,0,1,0,0,1,A000000230821,10000010010
2026-08-06,클렌징,13,닥터지,[화잘먹/저자극] 닥터지 브라이트닝 필링젤 기획 (120+60+세럼2ml/120ml+120ml),https://www.oliveyoung.co.kr/store/goods/getGoodsDetail.do?goodsNo=A000000162279,https://image.oliveyoung.co.kr/cfimages/cf-goods/uploads/images/thumbnails/400/10/0000/0016/A00000016227944ko.jpg?l=ko,21000,17700,15.7,44170,4.8,83,13,3,0,0,1,0,0,1,A000000162279,10000010010
2026-08-06,클렌징,14,바닐라코,[블랙헤드/1등 클렌징밤] 바닐라코 클린잇제로 클렌징밤 100ml 2종 택1,https://www.oliveyoung.co.kr/store/goods/getGoodsDetail.do?goodsNo=A000000231950,https://image.oliveyoung.co.kr/cfimages/cf-goods/uploads/images/thumbnails/400/10/0000/0023/A00000023195055ko.jpg?l=ko,20000,15600,22.0,24688,4.9,91,7,2,0,0,1,0,0,1,A000000231950,10000010010
2026-08-06,클렌징,15,일소,[짱구 콜라보] 일소 노 트러블럼 필링 스왑 10매 기획 (+키캡 키링),https://www.oliveyoung.co.kr/store/goods/getGoodsDetail.do?goodsNo=A000000258964,https://image.oliveyoung.co.kr/cfimages/cf-goods/uploads/images/thumbnails/400/10/0000/0025/A00000025896413ko.jpg?l=ko,18000,15000,16.7,1846,4.7,80,12,6,1,1,1,0,0,1,A000000258964,10000010010
2026-08-06,클렌징,16,비플레인,[말끔모공/국민클폼]비플레인 녹두 약산성 클렌징폼기획 160ml+40ml 기획,https://www.oliveyoung.co.kr/store/goods/getGoodsDetail.do?goodsNo=A000000187479,https://image.oliveyoung.co.kr/cfimages/cf-goods/uploads/images/thumbnails/400/10/0000/0018/A00000018747916ko.jpg?l=ko,21900,18600,15.1,17760,4.9,89,9,2,0,0,1,0,1,1,A000000187479,10000010010
2026-08-06,클렌징,17,풀리,[단독기획/피지지우개] 풀리 멜팅크림 투오일 50ml 기획 (+쌀반죽폼 증정),https://www.oliveyoung.co.kr/store/goods/getGoodsDetail.do?goodsNo=A000000261788,https://image.oliveyoung.co.kr/cfimages/cf-goods/uploads/images/thumbnails/400/10/0000/0026/A00000026178810ko.jpg?l=ko,17800,17300,2.8,97,4.6,85,4,5,1,5,1,1,0,1,A000000261788,10000010010
2026-08-06,클렌징,18,마녀공장,[쫀쫀버블] 마녀공장 퓨어 소이빈 클렌징폼 160mlx2 더블기획,https://www.oliveyoung.co.kr/store/goods/getGoodsDetail.do?goodsNo=A000000207982,https://image.oliveyoung.co.kr/cfimages/cf-goods/uploads/images/thumbnails/400/10/0000/0020/A00000020798256ko.jpg?l=ko,17500,12600,28.0,54642,4.8,88,9,2,0,0,1,0,1,1,A000000207982,10000010010
2026-08-06,클렌징,19,블랑네이처,[8월올영픽/코끼임ZERO] 블랑네이처 9배 어성초 버블 클렌징 밀크 150ml 단품/기획,https://www.oliveyoung.co.kr/store/goods/getGoodsDetail.do?goodsNo=A000000253342,https://image.oliveyoung.co.kr/cfimages/cf-goods/uploads/images/thumbnails/400/10/0000/0025/A00000025334210ko.jpg?l=ko,28900,20400,29.4,13860,5.0,98,1,1,0,0,1,1,0,1,A000000253342,10000010010
2026-08-06,클렌징,20,풀리,[폼폼푸린 에디션/한정기획] 풀리 토마토 팩클렌저 기획 2종 택1 (그린/레드),https://www.oliveyoung.co.kr/store/goods/getGoodsDetail.do?goodsNo=A000000260188,https://image.oliveyoung.co.kr/cfimages/cf-goods/uploads/images/thumbnails/400/10/0000/0026/A00000026018804ko.jpg?l=ko,24000,18400,23.3,464,4.8,84,9,5,1,1,1,0,0,1,A000000260188,10000010010
2026-08-06,클렌징,21,아렌시아,[1등블랙헤드말끔/15g증정기획] 아렌시아 떡솝 프레시 클렌저 120g 기획 3종 (그린/로즈힙/블루히솝),https://www.oliveyoung.co.kr/store/goods/getGoodsDetail.do?goodsNo=A000000214907,https://image.oliveyoung.co.kr/cfimages/cf-goods/uploads/images/thumbnails/400/10/0000/0021/A00000021490736ko.jpg?l=ko,23000,19500,15.2,15657,4.7,83,11,4,1,1,1,0,0,1,A000000214907,10000010010
2026-08-06,클렌징,22,듀이트리,[자극제로/수분충전] 듀이트리 하이아미노 올 클렌징 밀크 200ml 리필 기획 (+리필 200ml+20ml),https://www.oliveyoung.co.kr/store/goods/getGoodsDetail.do?goodsNo=A000000231175,https://image.oliveyoung.co.kr/cfimages/cf-goods/uploads/images/thumbnails/400/10/0000/0023/A00000023117530ko.jpg?l=ko,28500,18900,33.7,12530,4.8,85,11,3,1,1,1,1,0,1,A000000231175,10000010010
2026-08-06,클렌징,23,이니스프리,[4950만개/1+1] 이니스프리 화산송이 바하 모공 클렌징폼 130g 더블 기획,https://www.oliveyoung.co.kr/store/goods/getGoodsDetail.do?goodsNo=A000000232913,https://image.oliveyoung.co.kr/cfimages/cf-goods/uploads/images/thumbnails/400/10/0000/0023/A00000023291362ko.jpg?l=ko,15000,13200,12.0,6470,4.8,88,9,2,0,0,1,0,1,1,A000000232913,10000010010
2026-08-06,클렌징,24,비플레인,[8월올영픽/피지쏙]비플레인 녹두 클렌징오일 200ml 더블 기획,https://www.oliveyoung.co.kr/store/goods/getGoodsDetail.do?goodsNo=A000000260524,https://image.oliveyoung.co.kr/cfimages/cf-goods/uploads/images/thumbnails/400/10/0000/0026/A00000026052408ko.jpg?l=ko,29000,24900,14.1,6303,4.8,84,11,4,1,1,1,0,1,1,A000000260524,10000010010
2026-08-06,클렌징,25,프리메라,[1+1] 프리메라 마일드 앤 퍼펙트 페이셜 필링 100ml 리필기획,https://www.oliveyoung.co.kr/store/goods/getGoodsDetail.do?goodsNo=A000000231310,https://image.oliveyoung.co.kr/cfimages/cf-goods/uploads/images/thumbnails/400/10/0000/0023/A00000023131018ko.jpg?l=ko,20000,15000,25.0,13407,4.8,84,11,3,1,1,1,0,1,1,A000000231310,10000010010
2026-08-06,클렌징,26,라곰,[수분민감/아침세안] 라곰 셀럽 젤 투 워터 클렌저 170ml x 2,https://www.oliveyoung.co.kr/store/goods/getGoodsDetail.do?goodsNo=A000000230822,https://image.oliveyoung.co.kr/cfimages/cf-goods/uploads/images/thumbnails/400/10/0000/0023/A00000023082235ko.jpg?l=ko,29900,25400,15.1,3108,4.8,87,8,4,0,1,1,0,0,1,A000000230822,10000010010
2026-08-06,클렌징,27,아렌시아,[모공 속 피지 강력흡착]아렌시아 찹쌀떡솝 클렌저 150g 3종 (그린티/라이스/라벤더),https://www.oliveyoung.co.kr/store/goods/getGoodsDetail.do?goodsNo=A000000251339,https://image.oliveyoung.co.kr/cfimages/cf-goods/uploads/images/thumbnails/400/10/0000/0025/A00000025133903ko.jpg?l=ko,28000,22400,20.0,1569,4.7,82,13,4,1,1,1,0,0,1,A000000251339,10000010010
2026-08-06,클렌징,28,바이오더마,바이오더마 세비엄 젤 무쌍 400ml,https://www.oliveyoung.co.kr/store/goods/getGoodsDetail.do?goodsNo=A000000259047,https://image.oliveyoung.co.kr/cfimages/cf-goods/uploads/images/thumbnails/400/10/0000/0025/A00000025904701ko.jpg?l=ko,33500,23750,29.1,5313,4.7,83,11,4,1,1,1,1,1,1,A000000259047,10000010010
2026-08-06,클렌징,29,라곰,[저자극/민감피부] 라곰 오트 미셀라 클렌징밀크 200ml 단품/기획 2종 택 1,https://www.oliveyoung.co.kr/store/goods/getGoodsDetail.do?goodsNo=A000000255163,https://image.oliveyoung.co.kr/cfimages/cf-goods/uploads/images/thumbnails/400/10/0000/0025/A00000025516312ko.jpg?l=ko,23000,18600,19.1,989,4.9,95,4,1,0,0,1,1,0,1,A000000255163,10000010010
2026-08-06,클렌징,30,한스킨,[한정수량][최다구성] 한스킨 클렌징오일&블랙헤드 PHA 200ml 더블더블기획 (+30ml*2),https://www.oliveyoung.co.kr/store/goods/getGoodsDetail.do?goodsNo=A000000259905,https://image.oliveyoung.co.kr/cfimages/cf-goods/uploads/images/thumbnails/400/10/0000/0025/A00000025990538ko.jpg?l=ko,40000,23700,40.8,11580,4.9,92,5,2,0,0,1,1,0,1,A000000259905,10000010010
2026-08-06,클렌징,31,에스트라,에스트라 아토베리어365 포밍 클렌저 150ml,https://www.oliveyoung.co.kr/store/goods/getGoodsDetail.do?goodsNo=A000000245096,https://image.oliveyoung.co.kr/cfimages/cf-goods/uploads/images/thumbnails/400/10/0000/0024/A00000024509611ko.jpg?l=ko,20000,16100,19.5,2319,4.8,88,8,2,0,1,1,1,1,1,A000000245096,10000010010
2026-08-06,클렌징,32,비오텀,비오텀 클렌징 밀크 200ml,https://www.oliveyoung.co.kr/store/goods/getGoodsDetail.do?goodsNo=A000000112714,https://image.oliveyoung.co.kr/cfimages/cf-goods/uploads/images/thumbnails/400/10/0000/0011/A00000011271401ko.jpg?l=ko,29800,26800,10.1,3913,4.8,87,10,2,1,1,1,0,0,1,A000000112714,10000010010
2026-08-06,클렌징,33,한율,[쫀득팩폼] 한율 피지흡착 쑥떡팩폼 120ml 기획세트,https://www.oliveyoung.co.kr/store/goods/getGoodsDetail.do?goodsNo=A000000204014,https://image.oliveyoung.co.kr/cfimages/cf-goods/uploads/images/thumbnails/400/10/0000/0020/A00000020401494ko.jpg?l=ko,28000,21000,25.0,17477,4.7,82,12,4,1,1,1,0,1,1,A000000204014,10000010010
2026-08-06,클렌징,34,아리얼,[1등 클렌징 티슈] 아리얼 더 퍼펙트 클렌징 티슈 플러스 100매,https://www.oliveyoung.co.kr/store/goods/getGoodsDetail.do?goodsNo=A000000146512,https://image.oliveyoung.co.kr/cfimages/cf-goods/uploads/images/thumbnails/400/10/0000/0014/A00000014651236ko.jpg?l=ko,9900,6400,35.4,36242,4.8,88,9,3,0,0,1,0,0,1,A000000146512,10000010010
2026-08-06,클렌징,35,폰즈,폰즈 클리어 훼이스 스파 립&아이 리무버 120ml,https://www.oliveyoung.co.kr/store/goods/getGoodsDetail.do?goodsNo=A000000006346,https://image.oliveyoung.co.kr/cfimages/cf-goods/uploads/images/thumbnails/400/10/0000/0000/A00000000634610ko.jpg?l=ko,10900,5900,45.9,95157,4.9,90,8,1,0,0,1,0,0,1,A000000006346,10000010010
2026-08-06,클렌징,36,에이프릴스킨,[피지순삭/요철삭제] 에이프릴스킨 당근클렌징밤 90ml 기획 (+미니밤 2개 증정),https://www.oliveyoung.co.kr/store/goods/getGoodsDetail.do?goodsNo=A000000202472,https://image.oliveyoung.co.kr/cfimages/cf-goods/uploads/images/thumbnails/400/10/0000/0020/A00000020247264ko.jpg?l=ko,21000,19900,5.2,12181,4.7,82,12,4,1,1,1,0,0,1,A000000202472,10000010010
2026-08-06,클렌징,37,프리메라,[1+1] 프리메라 마일드 앤 퍼펙트 클렌징 오일 투 폼 200ml 리필기획/단품,https://www.oliveyoung.co.kr/store/goods/getGoodsDetail.do?goodsNo=A000000231315,https://image.oliveyoung.co.kr/cfimages/cf-goods/uploads/images/thumbnails/400/10/0000/0023/A00000023131519ko.jpg?l=ko,26000,20800,20.0,5482,4.7,83,11,4,1,1,1,0,1,1,A000000231315,10000010010
2026-08-06,클렌징,38,비플레인,[우유멜팅] 비플레인 녹두 모공 클렌징 밀크밤 100ml 기획 (+3ml*4개),https://www.oliveyoung.co.kr/store/goods/getGoodsDetail.do?goodsNo=A000000225801,https://image.oliveyoung.co.kr/cfimages/cf-goods/uploads/images/thumbnails/400/10/0000/0022/A00000022580103ko.jpg?l=ko,25000,18500,26.0,3210,4.8,89,8,2,0,0,1,1,1,1,A000000225801,10000010010
2026-08-06,클렌징,39,에스네이처,[20ml증정/선크림순싹/수분쌀뜨물폼] 에스네이처 아쿠아 라이스 약산성 클렌징폼 160ml 기획 (+클렌징폼 20ml),https://www.oliveyoung.co.kr/store/goods/getGoodsDetail.do?goodsNo=A000000190494,https://image.oliveyoung.co.kr/cfimages/cf-goods/uploads/images/thumbnails/400/10/0000/0019/A00000019049491ko.png?l=ko,19000,15900,16.3,8575,4.8,87,9,3,0,0,1,0,0,1,A000000190494,10000010010
2026-08-06,클렌징,40,메이크프렘,[대용량] 메이크프렘 세이프 미 릴리프 모이스처 클렌징 밀크 500ml,https://www.oliveyoung.co.kr/store/goods/getGoodsDetail.do?goodsNo=A000000160902,https://image.oliveyoung.co.kr/cfimages/cf-goods/uploads/images/thumbnails/400/10/0000/0016/A00000016090211ko.jpg?l=ko,42000,31500,25.0,1603,4.9,93,5,1,0,0,1,0,0,1,A000000160902,10000010010
2026-08-06,클렌징,41,토리든,[단독기획] 토리든 다이브인 저분자 히알루론산 클렌징폼 150ml 기획 (+30ml 증정),https://www.oliveyoung.co.kr/store/goods/getGoodsDetail.do?goodsNo=A000000175915,https://image.oliveyoung.co.kr/cfimages/cf-goods/uploads/images/thumbnails/400/10/0000/0017/A00000017591523ko.jpg?l=ko,15000,9980,33.5,8116,4.8,85,11,3,0,0,1,1,0,1,A000000175915,10000010010
2026-08-06,클렌징,42,닥터지,[추가증정/저자극] 닥터지 약산성 클렌징 젤 폼 200ml 기획 2종 (100ml 증정/더블기획),https://www.oliveyoung.co.kr/store/goods/getGoodsDetail.do?goodsNo=A000000148023,https://image.oliveyoung.co.kr/cfimages/cf-goods/uploads/images/thumbnails/400/10/0000/0014/A00000014802327ko.jpg?l=ko,25000,25000,0.0,12287,4.8,82,13,3,0,1,0,0,0,1,A000000148023,10000010010
2026-08-06,클렌징,43,메디힐,[장도연 PICK/미니어처 증정] 메디힐 더마 크림 팩클렌저 120ml 단품/기획 2종 (+20ml 추가증정),https://www.oliveyoung.co.kr/store/goods/getGoodsDetail.do?goodsNo=A000000237394,https://image.oliveyoung.co.kr/cfimages/cf-goods/uploads/images/thumbnails/400/10/0000/0023/A00000023739464ko.png?l=ko,21000,16400,21.9,9949,4.9,93,5,1,0,0,1,0,0,1,A000000237394,10000010010
2026-08-06,클렌징,44,브링그린,[고밀도효소거품] 브링그린 티트리 시카 딥클렌징폼 기획 (더블/대용량),https://www.oliveyoung.co.kr/store/goods/getGoodsDetail.do?goodsNo=A000000248626,https://image.oliveyoung.co.kr/cfimages/cf-goods/uploads/images/thumbnails/400/10/0000/0024/A00000024862602ko.jpg?l=ko,16500,11200,32.1,5232,4.8,84,12,3,1,1,1,1,1,1,A000000248626,10000010010
2026-08-06,클렌징,45,아누아,[박희선 Pick/피지쏙] 아누아 어성초 포어 컨트롤 클렌징오일 200ml 2입,https://www.oliveyoung.co.kr/store/goods/getGoodsDetail.do?goodsNo=A000000205555,https://image.oliveyoung.co.kr/cfimages/cf-goods/uploads/images/thumbnails/400/10/0000/0020/A00000020555537ko.png?l=ko,40000,25900,35.2,17965,4.8,83,12,4,1,1,1,0,0,1,A000000205555,10000010010
2026-08-06,클렌징,46,포들,[12ml증정/모공세정] 포들 2X 프레시밤 밤투폼 클렌징밤 130ml 기획,https://www.oliveyoung.co.kr/store/goods/getGoodsDetail.do?goodsNo=A000000230421,https://image.oliveyoung.co.kr/cfimages/cf-goods/uploads/images/thumbnails/400/10/0000/0023/A00000023042103ko.jpg?l=ko,27000,22050,18.3,18140,5.0,97,2,1,0,0,1,1,0,1,A000000230421,10000010010
2026-08-06,클렌징,47,스킨시그널,[머랭솝/팩브러쉬증정] 스킨시그널 클레이 효소클렌저 70g 팩브러쉬 증정기획 (핑크/그린),https://www.oliveyoung.co.kr/store/goods/getGoodsDetail.do?goodsNo=A000000219984,https://image.oliveyoung.co.kr/cfimages/cf-goods/uploads/images/thumbnails/400/10/0000/0021/A00000021998421ko.jpg?l=ko,25000,18900,24.4,5724,4.8,87,8,4,1,1,1,1,0,1,A000000219984,10000010010
2026-08-06,클렌징,48,비플레인,[8월올영픽/두유필링]비플레인 녹두 밀크 필링젤 120ml 1+1 기획,https://www.oliveyoung.co.kr/store/goods/getGoodsDetail.do?goodsNo=A000000260526,https://image.oliveyoung.co.kr/cfimages/cf-goods/uploads/images/thumbnails/400/10/0000/0026/A00000026052609ko.jpg?l=ko,22000,19800,10.0,3288,4.8,84,11,4,1,1,1,0,1,1,A000000260526,10000010010
2026-08-06,클렌징,49,파파레서피,"파파레서피 효소 파우더 클렌저 50g (블레미쉬(광채), 가지(보습), 티트리(진정)",https://www.oliveyoung.co.kr/store/goods/getGoodsDetail.do?goodsNo=A000000185512,https://image.oliveyoung.co.kr/cfimages/cf-goods/uploads/images/thumbnails/400/10/0000/0018/A00000018551256ko.jpg?l=ko,18000,14400,20.0,14445,4.8,84,12,3,1,1,1,0,0,1,A000000185512,10000010010
2026-08-06,클렌징,50,제로이드,제로이드 포밍 클렌저 240ml,https://www.oliveyoung.co.kr/store/goods/getGoodsDetail.do?goodsNo=A000000209910,https://image.oliveyoung.co.kr/cfimages/cf-goods/uploads/images/thumbnails/400/10/0000/0020/A00000020991006ko.jpg?l=ko,24000,24000,0.0,3784,4.8,88,9,2,0,1,0,0,0,1,A000000209910,10000010010
2026-08-06,클렌징,51,에스트라,에스트라 테라크네365 클리어 딥 클렌징 폼 200g,https://www.oliveyoung.co.kr/store/goods/getGoodsDetail.do?goodsNo=A000000152767,https://image.oliveyoung.co.kr/cfimages/cf-goods/uploads/images/thumbnails/400/10/0000/0015/A00000015276704ko.jpg?l=ko,23000,19500,15.2,4964,4.8,85,11,3,0,1,1,0,1,1,A000000152767,10000010010
2026-08-06,클렌징,52,넘버즈인,[대용량/올영단독] 넘버즈인 1번 말끔 순삭 클렌징 오일 400ml 대용량,https://www.oliveyoung.co.kr/store/goods/getGoodsDetail.do?goodsNo=A000000165797,https://image.oliveyoung.co.kr/cfimages/cf-goods/uploads/images/thumbnails/400/10/0000/0016/A00000016579723ko.jpg?l=ko,35000,23500,32.9,14755,4.8,83,12,3,1,1,1,0,0,1,A000000165797,10000010010
2026-08-06,클렌징,53,라곰,[수분민감/아침세안] 라곰 셀럽 젤 투 워터 클렌저 170ml 2종,https://www.oliveyoung.co.kr/store/goods/getGoodsDetail.do?goodsNo=A000000145580,https://image.oliveyoung.co.kr/cfimages/cf-goods/uploads/images/thumbnails/400/10/0000/0014/A00000014558017ko.jpg?l=ko,16000,16000,0.0,5786,4.7,83,11,4,1,1,0,0,0,1,A000000145580,10000010010
2026-08-06,클렌징,54,라운드랩,[대용량/약산성] 라운드랩 1025 독도 클렌징 워터 1+1 기획 (400ml+400ml),https://www.oliveyoung.co.kr/store/goods/getGoodsDetail.do?goodsNo=A000000149140,https://image.oliveyoung.co.kr/cfimages/cf-goods/uploads/images/thumbnails/400/10/0000/0014/A00000014914027ko.jpg?l=ko,18000,17500,2.8,9780,4.8,86,10,2,0,0,1,0,0,1,A000000149140,10000010010
2026-08-06,클렌징,55,라로슈포제,[약알카리성폼] 라로슈포제 에빠끌라 딥 클렌징 포밍 크림 125ml 기획 (+에빠듀오 3ml*2+에빠세럼 3ml*2),https://www.oliveyoung.co.kr/store/goods/getGoodsDetail.do?goodsNo=A000000250100,https://image.oliveyoung.co.kr/cfimages/cf-goods/uploads/images/thumbnails/400/10/0000/0025/A00000025010003ko.jpg?l=ko,30000,30000,0.0,2407,4.8,86,11,2,0,0,0,0,0,1,A000000250100,10000010010
2026-08-06,클렌징,56,라운드랩,[대용량/약산성] 라운드랩 1025 독도 클렌저 250ml,https://www.oliveyoung.co.kr/store/goods/getGoodsDetail.do?goodsNo=A000000154644,https://image.oliveyoung.co.kr/cfimages/cf-goods/uploads/images/thumbnails/400/10/0000/0015/A00000015464408ko.jpg?l=ko,21000,15900,24.3,15235,4.8,83,13,4,0,0,1,0,0,1,A000000154644,10000010010
2026-08-06,클렌징,57,아누아,[말끔모공/피지순삭] 아누아 어성초 클렌징 듀오 기획 (오일 200ml+폼 150ml),https://www.oliveyoung.co.kr/store/goods/getGoodsDetail.do?goodsNo=A000000225774,https://image.oliveyoung.co.kr/cfimages/cf-goods/uploads/images/thumbnails/400/10/0000/0022/A00000022577426ko.png?l=ko,34000,25500,25.0,8200,4.7,80,13,5,1,1,1,0,0,1,A000000225774,10000010010
2026-08-06,클렌징,58,아벤느,[미피 핸드타올 증정] 아벤느 클리낭스 클렌징젤 400ml 2입 기획 (+미피 핸드타올),https://www.oliveyoung.co.kr/store/goods/getGoodsDetail.do?goodsNo=A000000259066,https://image.oliveyoung.co.kr/cfimages/cf-goods/uploads/images/thumbnails/400/10/0000/0025/A00000025906615ko.jpg?l=ko,45000,30900,31.3,1749,4.8,87,9,2,1,0,1,0,0,1,A000000259066,10000010010
2026-08-06,클렌징,59,키스미,[꼼꼼/필수템] 키스미 히로인메이크 스피디 마스카라 전용 리무버 단품,https://www.oliveyoung.co.kr/store/goods/getGoodsDetail.do?goodsNo=A000000102752,https://image.oliveyoung.co.kr/cfimages/cf-goods/uploads/images/thumbnails/400/10/0000/0010/A00000010275229ko.png?l=ko,13000,12350,5.0,17903,4.9,92,7,1,0,0,1,0,0,1,A000000102752,10000010010
2026-08-06,클렌징,60,라곰,[유트루PICK/수분민감] 라곰 셀럽 마이크로 폼 클렌저 120ml,https://www.oliveyoung.co.kr/store/goods/getGoodsDetail.do?goodsNo=A000000145581,https://image.oliveyoung.co.kr/cfimages/cf-goods/uploads/images/thumbnails/400/10/0000/0014/A00000014558134ko.jpg?l=ko,15000,15000,0.0,10256,4.8,86,10,3,1,1,0,0,0,1,A000000145581,10000010010
2026-08-06,클렌징,61,아누아,[박희선Pick/피지순삭] 아누아 어성초 피지쏙 클렌징오일 200ml,https://www.oliveyoung.co.kr/store/goods/getGoodsDetail.do?goodsNo=A000000174279,https://image.oliveyoung.co.kr/cfimages/cf-goods/uploads/images/thumbnails/400/10/0000/0017/A00000017427915ko.png?l=ko,20000,15000,25.0,6148,4.7,79,14,5,1,1,1,0,0,1,A000000174279,10000010010
2026-08-06,클렌징,62,에스네이처,[3관왕/자극제로 쌀뜨물밀크] 에스네이처 아쿠아 라이스 클렌징밀크 280ml,https://www.oliveyoung.co.kr/store/goods/getGoodsDetail.do?goodsNo=A000000230909,https://image.oliveyoung.co.kr/cfimages/cf-goods/uploads/images/thumbnails/400/10/0000/0023/A00000023090934ko.png?l=ko,28000,19600,30.0,1156,4.7,81,12,5,1,1,1,0,0,1,A000000230909,10000010010
2026-08-06,클렌징,63,유이크,[장벽 클렌징밤]유이크 바이옴 베리어 콜라겐 퍼밍 클렌징밤 100ml (+20ml 추가증정),https://www.oliveyoung.co.kr/store/goods/getGoodsDetail.do?goodsNo=A000000238532,https://image.oliveyoung.co.kr/cfimages/cf-goods/uploads/images/thumbnails/400/10/0000/0023/A00000023853201ko.jpg?l=ko,28000,19350,30.9,4527,4.9,94,4,1,0,0,1,1,0,1,A000000238532,10000010010
2026-08-06,클렌징,64,풀리,[폼폼푸린 에디션/한정기획] 풀리 비건 팩클렌저 기획 5종 택1 (그린/레드/쌀반죽),https://www.oliveyoung.co.kr/store/goods/getGoodsDetail.do?goodsNo=A000000212703,https://image.oliveyoung.co.kr/cfimages/cf-goods/uploads/images/thumbnails/400/10/0000/0021/A00000021270345ko.jpg?l=ko,24000,18400,23.3,14604,4.8,85,10,4,1,1,1,0,0,1,A000000212703,10000010010
2026-08-06,클렌징,65,아크네스,아크네스 클리어&화이트 포밍워시 1+1 기획,https://www.oliveyoung.co.kr/store/goods/getGoodsDetail.do?goodsNo=A000000177051,https://image.oliveyoung.co.kr/cfimages/cf-goods/uploads/images/thumbnails/400/10/0000/0017/A00000017705106ko.jpg?l=ko,16500,15600,5.5,6086,4.8,86,11,3,0,0,1,0,0,1,A000000177051,10000010010
2026-08-06,클렌징,66,아누아,[박희선Pick] 아누아 어성초 피지쏙 모공 폼 150ml 2입 기획,https://www.oliveyoung.co.kr/store/goods/getGoodsDetail.do?goodsNo=A000000222790,https://image.oliveyoung.co.kr/cfimages/cf-goods/uploads/images/thumbnails/400/10/0000/0022/A00000022279013ko.png?l=ko,28000,23800,15.0,3687,4.8,86,10,3,0,0,0,1,0,1,A000000222790,10000010010
2026-08-06,클렌징,67,청미정,[성분천재/올리브오일 52%] 청미정 알로에발효 클렌징오일 (단품/기획),https://www.oliveyoung.co.kr/store/goods/getGoodsDetail.do?goodsNo=A000000259721,https://image.oliveyoung.co.kr/cfimages/cf-goods/uploads/images/thumbnails/400/10/0000/0025/A00000025972103ko.png?l=ko,28800,25140,12.7,14,4.9,93,7,,,,1,1,1,1,A000000259721,10000010010
2026-08-06,클렌징,68,에스트라,에스트라 아토베리어365 포밍 클렌저 150ml+150ml 리필 기획,https://www.oliveyoung.co.kr/store/goods/getGoodsDetail.do?goodsNo=A000000245043,https://image.oliveyoung.co.kr/cfimages/cf-goods/uploads/images/thumbnails/400/10/0000/0024/A00000024504316ko.jpg?l=ko,32400,32400,0.0,1438,4.9,89,8,1,0,1,0,0,1,1,A000000245043,10000010010
2026-08-06,클렌징,69,제로이드,[8월 올영픽]제로이드 핌프로브 젤 클렌저 180ml 기획 (+ 핌프로브 크림 10ml),https://www.oliveyoung.co.kr/store/goods/getGoodsDetail.do?goodsNo=A000000255984,https://image.oliveyoung.co.kr/cfimages/cf-goods/uploads/images/thumbnails/400/10/0000/0025/A00000025598418ko.jpg?l=ko,32000,27900,12.8,410,4.8,89,7,2,0,1,1,1,0,1,A000000255984,10000010010
2026-08-06,클렌징,70,포들,[리뷰이벤트/임나영PICK] 포들 밤 바하 모공 딥 클렌저 150ml,https://www.oliveyoung.co.kr/store/goods/getGoodsDetail.do?goodsNo=A000000261673,https://image.oliveyoung.co.kr/cfimages/cf-goods/uploads/images/thumbnails/400/10/0000/0026/A00000026167305ko.jpg?l=ko,25000,14450,42.2,57,5.0,100,,,,,1,1,1,1,A000000261673,10000010010
2026-08-06,클렌징,71,스트라이덱스,[뽀득촉촉] 스트라이덱스 약알칼리성 저자극 클렌징폼 기획(150ml+50ml),https://www.oliveyoung.co.kr/store/goods/getGoodsDetail.do?goodsNo=A000000215155,https://image.oliveyoung.co.kr/cfimages/cf-goods/uploads/images/thumbnails/400/10/0000/0021/A00000021515523ko.jpg?l=ko,13600,8840,35.0,14204,4.8,86,10,3,0,0,1,0,0,1,A000000215155,10000010010
2026-08-06,클렌징,72,에스트라,에스트라 아토베리어365 클렌징폼 200ml,https://www.oliveyoung.co.kr/store/goods/getGoodsDetail.do?goodsNo=A000000245046,https://image.oliveyoung.co.kr/cfimages/cf-goods/uploads/images/thumbnails/400/10/0000/0024/A00000024504608ko.jpg?l=ko,22000,17500,20.5,472,4.8,86,9,3,0,1,1,1,1,1,A000000245046,10000010010
2026-08-06,클렌징,73,몰바니,[김재원PICK/모공케어] 몰바니 저자극 LHA 율피 젤 클렌저 200ml+50ml 추가 증정기획,https://www.oliveyoung.co.kr/store/goods/getGoodsDetail.do?goodsNo=A000000209853,https://image.oliveyoung.co.kr/cfimages/cf-goods/uploads/images/thumbnails/400/10/0000/0020/A00000020985316ko.jpg?l=ko,28000,15900,43.2,15568,4.9,94,4,1,0,0,1,1,0,1,A000000209853,10000010010
2026-08-06,클렌징,74,비페스타,[폼증정] 비페스타 클렌징티슈 브라이트닝 46매 (모공&각질),https://www.oliveyoung.co.kr/store/goods/getGoodsDetail.do?goodsNo=A000000013302,https://image.oliveyoung.co.kr/cfimages/cf-goods/uploads/images/thumbnails/400/10/0000/0001/A00000001330240ko.jpg?l=ko,10000,6900,31.0,11893,4.8,87,10,2,0,0,1,0,1,1,A000000013302,10000010010
2026-08-06,클렌징,75,아리얼,[순삭리무버패드] 아리얼 스트레스 릴리빙 립앤아이 리무버 패드 30매,https://www.oliveyoung.co.kr/store/goods/getGoodsDetail.do?goodsNo=A000000124361,https://image.oliveyoung.co.kr/cfimages/cf-goods/uploads/images/thumbnails/400/10/0000/0012/A00000012436118ko.jpg?l=ko,3900,3900,0.0,62175,4.9,91,7,2,0,0,0,0,0,1,A000000124361,10000010010
2026-08-06,클렌징,76,마녀공장,[아침세안] 마녀공장 약산성 퓨리파잉 소다폼 150ml X2 기획,https://www.oliveyoung.co.kr/store/goods/getGoodsDetail.do?goodsNo=A000000156007,https://image.oliveyoung.co.kr/cfimages/cf-goods/uploads/images/thumbnails/400/10/0000/0015/A00000015600713ko.jpg?l=ko,25000,12510,50.0,7298,4.8,83,12,4,0,1,1,1,1,1,A000000156007,10000010010
2026-08-06,클렌징,77,마녀공장,[쫀쫀버블] 마녀공장 퓨어 소이빈 클렌징폼 120ml 2입 기획,https://www.oliveyoung.co.kr/store/goods/getGoodsDetail.do?goodsNo=A000000253619,https://image.oliveyoung.co.kr/cfimages/cf-goods/uploads/images/thumbnails/400/10/0000/0025/A00000025361936ko.jpg?l=ko,14000,10800,22.9,41849,4.8,88,9,2,0,0,0,1,1,1,A000000253619,10000010010
2026-08-06,클렌징,78,바이오더마,바이오더마 하이드라비오 H2O 500ml,https://www.oliveyoung.co.kr/store/goods/getGoodsDetail.do?goodsNo=A000000230983,https://image.oliveyoung.co.kr/cfimages/cf-goods/uploads/images/thumbnails/400/10/0000/0023/A00000023098301ko.jpg?l=ko,27000,17280,36.0,5475,4.8,88,9,2,0,0,1,0,1,1,A000000230983,10000010010
2026-08-06,클렌징,79,마녀공장,[보들촉촉/두유세안] 마녀공장 퓨어 소이빈 클렌징 밀크 200ml 리필기획 (+리필 100ml),https://www.oliveyoung.co.kr/store/goods/getGoodsDetail.do?goodsNo=A000000231998,https://image.oliveyoung.co.kr/cfimages/cf-goods/uploads/images/thumbnails/400/10/0000/0023/A00000023199863ko.jpg?l=ko,26000,18300,29.6,7565,4.8,90,7,2,1,1,1,1,1,1,A000000231998,10000010010
2026-08-06,클렌징,80,주미소,[여드름기능성/대용량]주미소 포어 퓨리파잉 살리실산 포밍 클렌저 150g 더블기획,https://www.oliveyoung.co.kr/store/goods/getGoodsDetail.do?goodsNo=A000000217419,https://image.oliveyoung.co.kr/cfimages/cf-goods/uploads/images/thumbnails/400/10/0000/0021/A00000021741921ko.jpg?l=ko,28000,21000,25.0,2747,4.9,91,7,1,1,0,1,0,0,1,A000000217419,10000010010
2026-08-06,클렌징,81,토르홉,[단독기획/피지/요철] 토르홉 카모스 블랙 소금거품 클렌저 130g(+5g 미니 증정),https://www.oliveyoung.co.kr/store/goods/getGoodsDetail.do?goodsNo=A000000211480,https://image.oliveyoung.co.kr/cfimages/cf-goods/uploads/images/thumbnails/400/10/0000/0021/A00000021148043ko.jpg?l=ko,18600,15800,15.1,5441,4.8,86,9,3,1,1,1,0,0,1,A000000211480,10000010010
2026-08-06,클렌징,82,바이오더마,바이오더마 센시비오 H2O 500ml 2입,https://www.oliveyoung.co.kr/store/goods/getGoodsDetail.do?goodsNo=A000000013194,https://image.oliveyoung.co.kr/cfimages/cf-goods/uploads/images/thumbnails/400/10/0000/0001/A00000001319469ko.jpg?l=ko,42000,42000,0.0,37603,4.9,91,7,2,0,0,0,0,1,1,A000000013194,10000010010
2026-08-06,클렌징,83,파파레서피,[온라인 단독] 파파레서피 블레미쉬 효소 파우더 클렌저 50g 더블기획 (+브러쉬+블레미쉬 크림 7ml),https://www.oliveyoung.co.kr/store/goods/getGoodsDetail.do?goodsNo=A000000213972,https://image.oliveyoung.co.kr/cfimages/cf-goods/uploads/images/thumbnails/400/10/0000/0021/A00000021397209ko.jpg?l=ko,36000,28800,20.0,1196,4.8,88,9,3,0,0,1,0,0,1,A000000213972,10000010010
2026-08-06,클렌징,84,닥터지,[증정/약산성] 닥터지 약산성 레드 블레미쉬 클리어 수딩 폼 기획2종 택 1(150ml+75ml/150ml+150ml),https://www.oliveyoung.co.kr/store/goods/getGoodsDetail.do?goodsNo=A000000145728,https://image.oliveyoung.co.kr/cfimages/cf-goods/uploads/images/thumbnails/400/10/0000/0014/A00000014572816ko.jpg?l=ko,20000,20000,0.0,11849,4.8,83,13,4,0,0,0,0,0,1,A000000145728,10000010010
2026-08-06,클렌징,85,주미소,[단독기획/대용량] 주미소 디 판테놀 베리어 수딩 클렌징밀크 300ml 리필기획 (+리필 100ml +클렌징폼 20g),https://www.oliveyoung.co.kr/store/goods/getGoodsDetail.do?goodsNo=A000000260005,https://image.oliveyoung.co.kr/cfimages/cf-goods/uploads/images/thumbnails/400/10/0000/0026/A00000026000505ko.jpg?l=ko,28000,21000,25.0,391,4.8,86,9,3,1,1,1,0,0,1,A000000260005,10000010010
2026-08-06,클렌징,86,라로슈포제,라로슈포제 똘러리앙 포밍 클렌저 125ml 기획 (+클렌징밀크 50ml),https://www.oliveyoung.co.kr/store/goods/getGoodsDetail.do?goodsNo=A000000254204,https://image.oliveyoung.co.kr/cfimages/cf-goods/uploads/images/thumbnails/400/10/0000/0025/A00000025420402ko.jpg?l=ko,31000,31000,0.0,5980,4.8,87,10,2,1,0,0,0,0,1,A000000254204,10000010010
2026-08-06,클렌징,87,아비브,[약산성저자극] 아비브 아크네 폼 클렌저 어성초 폼 대용량 250ml,https://www.oliveyoung.co.kr/store/goods/getGoodsDetail.do?goodsNo=A000000148408,https://image.oliveyoung.co.kr/cfimages/cf-goods/uploads/images/thumbnails/400/10/0000/0014/A00000014840818ko.png?l=ko,21000,16800,20.0,6947,4.7,82,13,4,0,1,1,0,0,1,A000000148408,10000010010
2026-08-06,클렌징,88,토리든,[1+1] 토리든 다이브인 저분자 히알루론산 클렌징폼 더블기획 (150ml+150ml),https://www.oliveyoung.co.kr/store/goods/getGoodsDetail.do?goodsNo=A000000189875,https://image.oliveyoung.co.kr/cfimages/cf-goods/uploads/images/thumbnails/400/10/0000/0018/A00000018987527ko.jpg?l=ko,26000,26000,0.0,16143,4.8,87,10,3,0,0,0,0,0,1,A000000189875,10000010010
2026-08-06,클렌징,89,코스알엑스,코스알엑스 약산성 굿모닝 젤 클렌저 150ml 더블 기획,https://www.oliveyoung.co.kr/store/goods/getGoodsDetail.do?goodsNo=A000000167857,https://image.oliveyoung.co.kr/cfimages/cf-goods/uploads/images/thumbnails/400/10/0000/0016/A00000016785717ko.jpg?l=ko,19800,10900,44.9,8195,4.7,80,14,4,1,1,1,0,0,1,A000000167857,10000010010
2026-08-06,클렌징,90,메디필,[슈야토야 히퍼/모공쏙폼] 메디필 레드 락토 콜라겐 클리어 폼클렌징 2.0 300ml 한정기획,https://www.oliveyoung.co.kr/store/goods/getGoodsDetail.do?goodsNo=A000000259619,https://image.oliveyoung.co.kr/cfimages/cf-goods/uploads/images/thumbnails/400/10/0000/0025/A00000025961905ko.jpg?l=ko,24000,13200,45.0,17656,4.8,86,10,3,1,0,1,0,0,1,A000000259619,10000010010
2026-08-06,클렌징,91,비플레인,비플레인 녹두 모공 스케일링 워터 150ml 기획 (+초밀착 화장솜 40매),https://www.oliveyoung.co.kr/store/goods/getGoodsDetail.do?goodsNo=A000000228792,https://image.oliveyoung.co.kr/cfimages/cf-goods/uploads/images/thumbnails/400/10/0000/0022/A00000022879202ko.jpg?l=ko,22000,17200,21.8,1083,4.5,72,15,8,3,2,1,1,1,1,A000000228792,10000010010
2026-08-06,클렌징,92,청미정,[성분천재/알로에 11%] 청미정 알로에발효 약알칼리성 클렌징폼,https://www.oliveyoung.co.kr/store/goods/getGoodsDetail.do?goodsNo=A000000259724,https://image.oliveyoung.co.kr/cfimages/cf-goods/uploads/images/thumbnails/400/10/0000/0025/A00000025972403ko.png?l=ko,23000,20070,12.7,40,4.8,90,5,3,3,,1,1,1,1,A000000259724,10000010010
2026-08-06,클렌징,93,아누아,[박희선Pick/대용량] 아누아 어성초 포어 컨트롤 클렌징오일 350ml,https://www.oliveyoung.co.kr/store/goods/getGoodsDetail.do?goodsNo=A000000191483,https://image.oliveyoung.co.kr/cfimages/cf-goods/uploads/images/thumbnails/400/10/0000/0019/A00000019148314ko.png?l=ko,29900,21900,26.8,11175,4.7,81,13,5,1,1,1,0,0,1,A000000191483,10000010010
2026-08-06,클렌징,94,비플레인,[피지쏙/눈시림ZERO] 비플레인 녹두 클렌징 오일 200ml 기획 (+50ml),https://www.oliveyoung.co.kr/store/goods/getGoodsDetail.do?goodsNo=A000000181478,https://image.oliveyoung.co.kr/cfimages/cf-goods/uploads/images/thumbnails/400/10/0000/0018/A00000018147829ko.jpg?l=ko,24000,19900,17.1,7146,4.8,83,12,3,1,1,1,0,1,1,A000000181478,10000010010
2026-08-06,클렌징,95,에스트라,에스트라 아토베리어365 클렌징밀크 200ml,https://www.oliveyoung.co.kr/store/goods/getGoodsDetail.do?goodsNo=A000000245045,https://image.oliveyoung.co.kr/cfimages/cf-goods/uploads/images/thumbnails/400/10/0000/0024/A00000024504509ko.jpg?l=ko,29000,29000,0.0,467,4.8,86,8,4,1,0,0,0,1,1,A000000245045,10000010010
2026-08-06,클렌징,96,센카,[한정기획] 센카 퍼펙트 휩 페이셜 워시 120g+15g 기획,https://www.oliveyoung.co.kr/store/goods/getGoodsDetail.do?goodsNo=A000000258934,https://image.oliveyoung.co.kr/cfimages/cf-goods/uploads/images/thumbnails/400/10/0000/0025/A00000025893404ko.jpg?l=ko,9800,6800,30.6,456,4.9,92,5,2,0,0,1,0,1,1,A000000258934,10000010010
2026-08-06,클렌징,97,제로이드,제로이드 더마뉴얼 클렌징젤 200ml,https://www.oliveyoung.co.kr/store/goods/getGoodsDetail.do?goodsNo=A000000209905,https://image.oliveyoung.co.kr/cfimages/cf-goods/uploads/images/thumbnails/400/10/0000/0020/A00000020990513ko.jpg?l=ko,22000,22000,0.0,1110,4.8,88,7,3,1,1,0,0,0,1,A000000209905,10000010010
2026-08-06,클렌징,98,식물나라,식물나라 제주 탄산수 딥 클렌징티슈 (20매/80매/100매/더블),https://www.oliveyoung.co.kr/store/goods/getGoodsDetail.do?goodsNo=A000000170538,https://image.oliveyoung.co.kr/cfimages/cf-goods/uploads/images/thumbnails/400/10/0000/0017/A00000017053805ko.jpg?l=ko,7800,4300,44.9,32441,4.7,82,12,5,1,1,1,1,0,1,A000000170538,10000010010
2026-08-06,클렌징,99,아리얼,[1등 클렌징 티슈] 아리얼 더 퍼펙트 클렌징 티슈 플러스 20매,https://www.oliveyoung.co.kr/store/goods/getGoodsDetail.do?goodsNo=A000000147672,https://image.oliveyoung.co.kr/cfimages/cf-goods/uploads/images/thumbnails/400/10/0000/0014/A00000014767210ko.jpg?l=ko,2600,1900,26.9,37271,4.8,85,11,3,0,0,1,0,0,1,A000000147672,10000010010
2026-08-06,클렌징,100,메디필,[모공쏙폼] 메디필 레드 락토 콜라겐 클리어 폼 2.0 대용량 300ml 기획 (+해면),https://www.oliveyoung.co.kr/store/goods/getGoodsDetail.do?goodsNo=A000000184643,https://image.oliveyoung.co.kr/cfimages/cf-goods/uploads/images/thumbnails/400/10/0000/0018/A00000018464337ko.jpg?l=ko,24000,13200,45.0,23679,4.8,84,11,4,1,1,1,0,0,1,A000000184643,10000010010
2026-08-06,선케어,1,식물나라,[무찌PICK] 식물나라 가벼운 수분 선 젤 60ml (단품/2입/대용량/트래블키트),https://www.oliveyoung.co.kr/store/goods/getGoodsDetail.do?goodsNo=A000000223906,https://image.oliveyoung.co.kr/cfimages/cf-goods/uploads/images/thumbnails/400/10/0000/0022/A00000022390635ko.jpg?l=ko,29800,11800,60.4,9071,4.7,86,8,3,1,2,1,1,0,1,A000000223906,10000010011
2026-08-06,선케어,2,식물나라,[위클리초특가/황윤제PICK]식물나라 워터프루프 선 크림 100mL,https://www.oliveyoung.co.kr/store/goods/getGoodsDetail.do?goodsNo=A000000151904,https://image.oliveyoung.co.kr/cfimages/cf-goods/uploads/images/thumbnails/400/10/0000/0015/A00000015190433ko.jpg?l=ko,19000,8900,53.2,12943,4.8,83,12,4,1,0,1,1,0,1,A000000151904,10000010011
2026-08-06,선케어,3,닥터지,[무기자차] 닥터지 그린 마일드 업 선 플러스 50ml 기획 2종 (50+20/50+50+10) (선크림),https://www.oliveyoung.co.kr/store/goods/getGoodsDetail.do?goodsNo=A000000180162,https://image.oliveyoung.co.kr/cfimages/cf-goods/uploads/images/thumbnails/400/10/0000/0018/A00000018016249ko.jpg?l=ko,29000,20810,28.2,26115,4.8,83,13,3,0,0,1,1,0,1,A000000180162,10000010011
2026-08-06,선케어,4,구달,[1등 선크림/화잘먹] 구달 맑은 어성초 진정 수분 선크림 50ml 1+1 기획,https://www.oliveyoung.co.kr/store/goods/getGoodsDetail.do?goodsNo=A000000219553,https://image.oliveyoung.co.kr/cfimages/cf-goods/uploads/images/thumbnails/400/10/0000/0021/A00000021955352ko.jpg?l=ko,22000,17900,18.6,44100,4.9,90,8,2,0,0,1,1,0,1,A000000219553,10000010011
2026-08-06,선케어,5,VT,[톡신마켓특가][1등선크림/끈적임ZERO] VT 피디알엔 에어 클라우드 선스크린 50ml,https://www.oliveyoung.co.kr/store/goods/getGoodsDetail.do?goodsNo=A000000257580,https://image.oliveyoung.co.kr/cfimages/cf-goods/uploads/images/thumbnails/400/10/0000/0025/A00000025758028ko.jpg?l=ko,26000,14900,42.7,8555,5.0,97,2,0,0,0,1,1,1,1,A000000257580,10000010011
2026-08-06,선케어,6,메디힐,[양현종 PICK/미니어처 증정] 메디힐 마데카소사이드 수분 선세럼 흔적 리페어 50+50g 기획,https://www.oliveyoung.co.kr/store/goods/getGoodsDetail.do?goodsNo=A000000232672,https://image.oliveyoung.co.kr/cfimages/cf-goods/uploads/images/thumbnails/400/10/0000/0023/A00000023267242ko.jpg?l=ko,34900,22900,34.4,14177,4.9,90,8,1,0,0,1,0,1,1,A000000232672,10000010011
2026-08-06,선케어,7,닥터지,[8월올영픽/보송톤업] 닥터지 브라이트닝 업 선 플러스 50ml 기획 2종 (50+20/50+50+10) (선크림),https://www.oliveyoung.co.kr/store/goods/getGoodsDetail.do?goodsNo=A000000180158,https://image.oliveyoung.co.kr/cfimages/cf-goods/uploads/images/thumbnails/400/10/0000/0018/A00000018015851ko.jpeg?l=ko,32000,25600,20.0,13352,4.8,85,12,2,0,0,1,0,0,1,A000000180158,10000010011
2026-08-06,선케어,8,오브제,[1등 기름종이선스틱] 오브제 포어 제로 오일 컨트롤 선스틱 18g 단품/기획,https://www.oliveyoung.co.kr/store/goods/getGoodsDetail.do?goodsNo=A000000238816,https://image.oliveyoung.co.kr/cfimages/cf-goods/uploads/images/thumbnails/400/10/0000/0023/A00000023881609ko.png?l=ko,25000,18900,24.4,5427,4.8,89,7,2,0,0,1,0,0,1,A000000238816,10000010011
2026-08-06,선케어,9,조선미녀,"[NEW/지성파데프리] 조선미녀 데이스크린 틴티드 선크림 40ml (퍼프,미니 증정/단품)",https://www.oliveyoung.co.kr/store/goods/getGoodsDetail.do?goodsNo=A000000261603,https://image.oliveyoung.co.kr/cfimages/cf-goods/uploads/images/thumbnails/400/10/0000/0026/A00000026160306ko.jpg?l=ko,20000,15000,25.0,227,4.9,93,6,1,,,1,1,1,1,A000000261603,10000010011
2026-08-06,선케어,10,라운드랩,[더블/4년연속1등] 라운드랩 자작나무 수분 선크림 50ml 더블 기획,https://www.oliveyoung.co.kr/store/goods/getGoodsDetail.do?goodsNo=A000000171650,https://image.oliveyoung.co.kr/cfimages/cf-goods/uploads/images/thumbnails/400/10/0000/0017/A00000017165043ko.jpg?l=ko,37500,24500,34.7,23064,4.8,87,10,2,0,0,1,0,1,1,A000000171650,10000010011
2026-08-06,선케어,11,식물나라,[강력차단] 식물나라 워터프루프/알로에쿨링 선 스프레이 100ml (단품/1+1/트리플),https://www.oliveyoung.co.kr/store/goods/getGoodsDetail.do?goodsNo=A000000212555,https://image.oliveyoung.co.kr/cfimages/cf-goods/uploads/images/thumbnails/400/10/0000/0021/A00000021255516ko.jpg?l=ko,14800,13900,6.1,10767,4.7,80,13,5,1,1,1,0,0,1,A000000212555,10000010011
2026-08-06,선케어,12,브링그린,[8월올영픽/쿨링진정] 브링그린 알로에 97% 수딩젤 (2입/쿨러/단품),https://www.oliveyoung.co.kr/store/goods/getGoodsDetail.do?goodsNo=A000000215502,https://image.oliveyoung.co.kr/cfimages/cf-goods/uploads/images/thumbnails/400/10/0000/0021/A00000021550263ko.jpg?l=ko,12100,11500,5.0,31045,4.8,85,10,3,1,1,1,0,1,1,A000000215502,10000010011
2026-08-06,선케어,13,프레비츠,[NEW톤업보송] 프레비츠 에어핏 선스틱 14g 6종 택1,https://www.oliveyoung.co.kr/store/goods/getGoodsDetail.do?goodsNo=A000000254263,https://image.oliveyoung.co.kr/cfimages/cf-goods/uploads/images/thumbnails/400/10/0000/0025/A00000025426325ko.jpg?l=ko,21500,18500,14.0,4747,5.0,99,1,0,,0,1,0,0,1,A000000254263,10000010011
2026-08-06,선케어,14,달바,[쿨톤보정] 달바 퍼플 톤업 선크림 듀오 기획 (50ml+50ml),https://www.oliveyoung.co.kr/store/goods/getGoodsDetail.do?goodsNo=A000000200614,https://image.oliveyoung.co.kr/cfimages/cf-goods/uploads/images/thumbnails/400/10/0000/0020/A00000020061487ko.png?l=ko,51000,35700,30.0,10444,4.8,89,7,2,1,1,1,0,0,1,A000000200614,10000010011
2026-08-06,선케어,15,달바,[생기톤업/스웨트프루프] 달바 핑크 톤업 선크림 듀오 기획 (50ml+50ml),https://www.oliveyoung.co.kr/store/goods/getGoodsDetail.do?goodsNo=A000000232725,https://image.oliveyoung.co.kr/cfimages/cf-goods/uploads/images/thumbnails/400/10/0000/0023/A00000023272527ko.png?l=ko,51000,35700,30.0,12198,4.8,89,8,2,0,0,1,0,0,1,A000000232725,10000010011
2026-08-06,선케어,16,식물나라,[대용량] 식물나라 보송/워터프루프/쿨링 선 스틱 30g (1+1/리필/단품),https://www.oliveyoung.co.kr/store/goods/getGoodsDetail.do?goodsNo=A000000150460,https://image.oliveyoung.co.kr/cfimages/cf-goods/uploads/images/thumbnails/400/10/0000/0015/A00000015046026ko.jpg?l=ko,27000,20800,23.0,22007,4.8,84,11,4,1,1,1,0,0,1,A000000150460,10000010011
2026-08-06,선케어,17,라운드랩,[8월 올영픽/1+1] 라운드랩 자작나무 수분 톤업 선크림 50ml 1+1 기획,https://www.oliveyoung.co.kr/store/goods/getGoodsDetail.do?goodsNo=A000000186166,https://image.oliveyoung.co.kr/cfimages/cf-goods/uploads/images/thumbnails/400/10/0000/0018/A00000018616644ko.png?l=ko,25000,23900,4.4,12334,4.8,84,11,4,1,1,1,1,1,1,A000000186166,10000010011
2026-08-06,선케어,18,오휘,[8월올영픽/모공순삭] 오휘 3아워 블러링 선파우더 기획(+교체퍼프 2개 증정) 2 Colors,https://www.oliveyoung.co.kr/store/goods/getGoodsDetail.do?goodsNo=A000000225073,https://image.oliveyoung.co.kr/cfimages/cf-goods/uploads/images/thumbnails/400/10/0000/0022/A00000022507363ko.jpg?l=ko,48000,34900,27.3,1411,4.7,80,12,5,1,2,1,1,1,1,A000000225073,10000010011
2026-08-06,선케어,19,AHC,[이사배PICK]AHC 마스터즈 아쿠아리치 선크림 50ml 1+1 기획,https://www.oliveyoung.co.kr/store/goods/getGoodsDetail.do?goodsNo=A000000223207,https://image.oliveyoung.co.kr/cfimages/cf-goods/uploads/images/thumbnails/400/10/0000/0022/A00000022320749ko.jpg?l=ko,27900,23900,14.3,9654,4.8,88,8,2,0,0,1,1,0,1,A000000223207,10000010011
2026-08-06,선케어,20,AHC,[포켓몬 에디션] AHC 마스터즈 에어리치 선스틱 22g 더블 기획 (+포켓몬 미니달력),https://www.oliveyoung.co.kr/store/goods/getGoodsDetail.do?goodsNo=A000000254125,https://image.oliveyoung.co.kr/cfimages/cf-goods/uploads/images/thumbnails/400/10/0000/0025/A00000025412502ko.jpg?l=ko,48000,29900,37.7,1428,4.9,92,6,1,0,0,1,0,0,1,A000000254125,10000010011
2026-08-06,선케어,21,스킨1004,[1위선세럼/미니증정] 스킨1004 마다가스카르 센텔라 히알루-시카 워터핏 선세럼 기획(50ml+50ml+15ml),https://www.oliveyoung.co.kr/store/goods/getGoodsDetail.do?goodsNo=A000000215559,https://image.oliveyoung.co.kr/cfimages/cf-goods/uploads/images/thumbnails/400/10/0000/0021/A00000021555920ko.png?l=ko,35000,28000,20.0,14378,4.9,93,5,1,0,0,1,0,1,1,A000000215559,10000010011
2026-08-06,선케어,22,제로이드,[2입 기획][민감피부 추천 무기자차] 제로이드 데일리 선크림 기획 (50ml+50ml),https://www.oliveyoung.co.kr/store/goods/getGoodsDetail.do?goodsNo=A000000253724,https://image.oliveyoung.co.kr/cfimages/cf-goods/uploads/images/thumbnails/400/10/0000/0025/A00000025372412ko.jpg?l=ko,64000,37900,40.8,2292,4.8,87,8,3,1,0,1,1,0,1,A000000253724,10000010011
2026-08-06,선케어,23,에스트라,[50%용량증정] 에스트라 더마UV365 장벽수분 무기자차 선크림 40ml+20ml,https://www.oliveyoung.co.kr/store/goods/getGoodsDetail.do?goodsNo=A000000206826,https://image.oliveyoung.co.kr/cfimages/cf-goods/uploads/images/thumbnails/400/10/0000/0020/A00000020682632ko.jpg?l=ko,31000,21300,31.3,9314,4.8,85,11,3,1,1,1,1,1,1,A000000206826,10000010011
2026-08-06,선케어,24,프롬리에,[8월올영픽/역대 최대 용량]프롬리에 EGF 워터 화잘먹 선앰플 56ml+30ml 기획/단품,https://www.oliveyoung.co.kr/store/goods/getGoodsDetail.do?goodsNo=A000000209372,https://image.oliveyoung.co.kr/cfimages/cf-goods/uploads/images/thumbnails/400/10/0000/0020/A00000020937233ko.jpg?l=ko,33000,21900,33.6,6798,4.8,87,10,3,1,1,1,1,0,1,A000000209372,10000010011
2026-08-06,선케어,25,오브제,[덱스PICK/러너 필수템] 오브제 액티브 스웨트프루프 선스틱 18g,https://www.oliveyoung.co.kr/store/goods/getGoodsDetail.do?goodsNo=A000000248755,https://image.oliveyoung.co.kr/cfimages/cf-goods/uploads/images/thumbnails/400/10/0000/0024/A00000024875505ko.jpg?l=ko,25000,18900,24.4,1151,4.9,95,3,1,0,1,1,0,0,1,A000000248755,10000010011
2026-08-06,선케어,26,넘버즈인,[파데프리] 넘버즈인 3번 도자기결 톤업베이지 선크림 50ml 더블기획 2종 (블러/글로우),https://www.oliveyoung.co.kr/store/goods/getGoodsDetail.do?goodsNo=A000000257097,https://image.oliveyoung.co.kr/cfimages/cf-goods/uploads/images/thumbnails/400/10/0000/0025/A00000025709731ko.jpg?l=ko,39000,24000,38.5,853,4.7,81,11,6,1,1,1,1,0,1,A000000257097,10000010011
2026-08-06,선케어,27,토리든,토리든 밸런스풀 포맨 시카 오일 컨트롤 선스틱 20g 기획(+올인원 20g),https://www.oliveyoung.co.kr/store/goods/getGoodsDetail.do?goodsNo=A000000248312,https://image.oliveyoung.co.kr/cfimages/cf-goods/uploads/images/thumbnails/400/10/0000/0024/A00000024831221ko.jpg?l=ko,23000,17800,22.6,491,4.8,88,9,2,0,1,1,1,0,1,A000000248312,10000010011
2026-08-06,선케어,28,셀리맥스,[1+1/TXA/화잘먹] 셀리맥스 트라넥삼산 브라이트닝 잡티 선크림 50ml 더블 기획,https://www.oliveyoung.co.kr/store/goods/getGoodsDetail.do?goodsNo=A000000254726,https://image.oliveyoung.co.kr/cfimages/cf-goods/uploads/images/thumbnails/400/10/0000/0025/A00000025472606ko.png?l=ko,27500,22900,16.7,1234,4.9,91,6,2,0,1,1,0,0,1,A000000254726,10000010011
2026-08-06,선케어,29,토리든,[물막선크림] 토리든 다이브인 모이스처 선크림 60ml 1+1 기획,https://www.oliveyoung.co.kr/store/goods/getGoodsDetail.do?goodsNo=A000000219383,https://image.oliveyoung.co.kr/cfimages/cf-goods/uploads/images/thumbnails/400/10/0000/0021/A00000021938325ko.jpg?l=ko,25000,18900,24.4,3654,4.8,88,9,2,1,0,1,1,1,1,A000000219383,10000010011
2026-08-06,선케어,30,셀퓨전씨,[8월올영픽/고은언니PICK] 셀퓨전씨 잡티 토닝 썬스크린 35ml 트리플 한정 기획,https://www.oliveyoung.co.kr/store/goods/getGoodsDetail.do?goodsNo=A000000259329,https://image.oliveyoung.co.kr/cfimages/cf-goods/uploads/images/thumbnails/400/10/0000/0025/A00000025932909ko.jpg?l=ko,27900,23900,14.3,5053,4.7,85,9,4,1,1,1,1,1,1,A000000259329,10000010011
2026-08-06,선케어,31,라운드랩,[8월 올영픽/즉각쿨링] 라운드랩 자작나무 수분 선 스프레이 100ml 1+1 기획,https://www.oliveyoung.co.kr/store/goods/getGoodsDetail.do?goodsNo=A000000251033,https://image.oliveyoung.co.kr/cfimages/cf-goods/uploads/images/thumbnails/400/10/0000/0025/A00000025103311ko.jpg?l=ko,22000,19600,10.9,1017,4.8,84,9,5,1,1,1,1,1,1,A000000251033,10000010011
2026-08-06,선케어,32,식물나라,[NEW/대용량] 식물나라 워터프루프 선 스틱 30g (단품/1+1기획),https://www.oliveyoung.co.kr/store/goods/getGoodsDetail.do?goodsNo=A000000249471,https://image.oliveyoung.co.kr/cfimages/cf-goods/uploads/images/thumbnails/400/10/0000/0024/A00000024947108ko.jpg?l=ko,27000,20800,23.0,648,4.8,86,9,4,1,1,1,0,0,1,A000000249471,10000010011
2026-08-06,선케어,33,풀리,[레이PICK/수분코팅] 풀리 쌀 세라 수분 선크림 50ml (단품/기획),https://www.oliveyoung.co.kr/store/goods/getGoodsDetail.do?goodsNo=A000000240562,https://image.oliveyoung.co.kr/cfimages/cf-goods/uploads/images/thumbnails/400/10/0000/0024/A00000024056217ko.jpg?l=ko,23000,17900,22.2,6222,5.0,98,1,0,0,0,1,0,0,1,A000000240562,10000010011
2026-08-06,선케어,34,달바,[8월특가/2개입] 달바 판테놀 리퀴드 선세럼 듀오 기획 (50ml+50ml),https://www.oliveyoung.co.kr/store/goods/getGoodsDetail.do?goodsNo=A000000261578,https://image.oliveyoung.co.kr/cfimages/cf-goods/uploads/images/thumbnails/400/10/0000/0026/A00000026157819ko.png?l=ko,51000,32900,35.5,217,4.7,81,9,7,1,2,1,0,0,1,A000000261578,10000010011
2026-08-06,선케어,35,메디힐,[산뜻촉촉 선크림] 메디힐 마데카소사이드 수분 선세럼 흔적 리페어 50g,https://www.oliveyoung.co.kr/store/goods/getGoodsDetail.do?goodsNo=A000000223423,https://image.oliveyoung.co.kr/cfimages/cf-goods/uploads/images/thumbnails/400/10/0000/0022/A00000022342325ko.jpg?l=ko,22000,14400,34.5,5374,4.8,89,9,2,0,1,1,0,0,1,A000000223423,10000010011
2026-08-06,선케어,36,조선미녀,[화잘먹/쌀알춘식이스트레스볼] 조선미녀 맑은쌀 선크림 50ml 2입 기획,https://www.oliveyoung.co.kr/store/goods/getGoodsDetail.do?goodsNo=A000000188876,https://image.oliveyoung.co.kr/cfimages/cf-goods/uploads/images/thumbnails/400/10/0000/0018/A00000018887628ko.jpg?l=ko,30000,24000,20.0,4043,4.9,89,8,3,0,0,1,0,1,1,A000000188876,10000010011
2026-08-06,선케어,37,닥터지,[8월올영픽/쿨링수분] 닥터지 레드 블레미쉬 수딩 업 선 50ml 기획 2종 (50+50+10/50+50) (선크림),https://www.oliveyoung.co.kr/store/goods/getGoodsDetail.do?goodsNo=A000000200635,https://image.oliveyoung.co.kr/cfimages/cf-goods/uploads/images/thumbnails/400/10/0000/0020/A00000020063552ko.jpeg?l=ko,29000,19900,31.4,7887,4.8,86,10,3,1,1,1,0,0,1,A000000200635,10000010011
2026-08-06,선케어,38,비플레인,[8월올영픽/총110ml] 비플레인 녹두 쿨링 수분 선크림 50ml 1+1 기획 (+10ml),https://www.oliveyoung.co.kr/store/goods/getGoodsDetail.do?goodsNo=A000000249802,https://image.oliveyoung.co.kr/cfimages/cf-goods/uploads/images/thumbnails/400/10/0000/0024/A00000024980237ko.jpg?l=ko,25000,20500,18.0,7229,4.8,83,11,4,1,1,1,1,1,1,A000000249802,10000010011
2026-08-06,선케어,39,아이디얼포맨,[개기름뽀송] 아이디얼포맨 프레시 오일 컷 선스틱 단품/기획,https://www.oliveyoung.co.kr/store/goods/getGoodsDetail.do?goodsNo=A000000248771,https://image.oliveyoung.co.kr/cfimages/cf-goods/uploads/images/thumbnails/400/10/0000/0024/A00000024877139ko.jpg?l=ko,24000,12500,47.9,580,4.9,91,7,1,1,0,1,1,0,1,A000000248771,10000010011
2026-08-06,선케어,40,톤핏선,톤핏선 파데프리 비건 얇착밀착 선쿠션 2종 택1(톤업쿠션/커버쿠션) SPF50+ PA++++,https://www.oliveyoung.co.kr/store/goods/getGoodsDetail.do?goodsNo=A000000179295,https://image.oliveyoung.co.kr/cfimages/cf-goods/uploads/images/thumbnails/400/10/0000/0017/A00000017929594ko.jpg?l=ko,24000,19200,20.0,9811,4.6,78,13,6,1,2,1,0,0,1,A000000179295,10000010011
2026-08-06,선케어,41,식물나라,[촉촉화잘먹] 식물나라 가벼운 수분 선 젤 60ml (단품/2입/대용량/트래블키트),https://www.oliveyoung.co.kr/store/goods/getGoodsDetail.do?goodsNo=A000000242716,https://image.oliveyoung.co.kr/cfimages/cf-goods/uploads/images/thumbnails/400/10/0000/0024/A00000024271601ko.jpg?l=ko,9800,5800,40.8,1742,4.8,89,8,3,0,0,1,1,0,1,A000000242716,10000010011
2026-08-06,선케어,42,넘버즈인,[8월올영픽/-4도쿨링] 넘버즈인 1번 청초 진정맑은 물막선크림 듀오 기획 (SPF50+PA++++),https://www.oliveyoung.co.kr/store/goods/getGoodsDetail.do?goodsNo=A000000184352,https://image.oliveyoung.co.kr/cfimages/cf-goods/uploads/images/thumbnails/400/10/0000/0018/A00000018435231ko.jpg?l=ko,29000,23900,17.6,8641,4.8,88,9,2,0,1,1,1,0,1,A000000184352,10000010011
2026-08-06,선케어,43,아로마티카,[쿨링진정/1+1] 아로마티카 수딩 알로에 베라 젤 300ml/ 대용량 500ml 택 1,https://www.oliveyoung.co.kr/store/goods/getGoodsDetail.do?goodsNo=A000000009097,https://image.oliveyoung.co.kr/cfimages/cf-goods/uploads/images/thumbnails/400/10/0000/0000/A00000000909724ko.jpg?l=ko,13000,13000,0.0,13677,4.7,81,14,4,1,0,0,0,0,1,A000000009097,10000010011
2026-08-06,선케어,44,비오레,[올영단독]비오레 UV 아쿠아 리치 워터리 에센스 50g 단품/더블기획추가20g증정,https://www.oliveyoung.co.kr/store/goods/getGoodsDetail.do?goodsNo=A000000249451,https://image.oliveyoung.co.kr/cfimages/cf-goods/uploads/images/thumbnails/400/10/0000/0024/A00000024945120ko.jpg?l=ko,18000,14400,20.0,1285,4.8,89,7,3,1,1,1,0,0,1,A000000249451,10000010011
2026-08-06,선케어,45,체이싱래빗,[리뷰이벤트/파데프리/톤업선크림]체이싱래빗 올어바웃글로우 커버크림 35g기획(단품/ 대왕퍼프),https://www.oliveyoung.co.kr/store/goods/getGoodsDetail.do?goodsNo=A000000232053,https://image.oliveyoung.co.kr/cfimages/cf-goods/uploads/images/thumbnails/400/10/0000/0023/A00000023205326ko.jpg?l=ko,20000,13600,32.0,12168,4.7,79,13,5,1,1,1,1,0,1,A000000232053,10000010011
2026-08-06,선케어,46,식물나라,식물나라 UV차단 아웃도어 얼굴/뒷목 선패치(2eaX5sets),https://www.oliveyoung.co.kr/store/goods/getGoodsDetail.do?goodsNo=A000000202948,https://image.oliveyoung.co.kr/cfimages/cf-goods/uploads/images/thumbnails/400/10/0000/0020/A00000020294803ko.jpg?l=ko,10800,5800,46.3,2958,4.8,86,10,3,0,1,1,0,0,1,A000000202948,10000010011
2026-08-06,선케어,47,에스트라,(50%용량증정) 에스트라 더마UV365 비타C 광채수분 선크림 40ml 기획(+20ml),https://www.oliveyoung.co.kr/store/goods/getGoodsDetail.do?goodsNo=A000000219094,https://image.oliveyoung.co.kr/cfimages/cf-goods/uploads/images/thumbnails/400/10/0000/0021/A00000021909416ko.jpg?l=ko,31000,21300,31.3,2031,4.8,87,9,3,1,1,1,1,1,1,A000000219094,10000010011
2026-08-06,선케어,48,식물나라,[순한무기자차] 식물나라 페이스 앤 바디 저자극 선 크림 150ml,https://www.oliveyoung.co.kr/store/goods/getGoodsDetail.do?goodsNo=A000000221882,https://image.oliveyoung.co.kr/cfimages/cf-goods/uploads/images/thumbnails/400/10/0000/0022/A00000022188216ko.jpg?l=ko,19800,12800,35.4,11870,4.7,79,14,5,1,1,1,0,0,1,A000000221882,10000010011
2026-08-06,선케어,49,아누아,[오선우pick/파데프리] 아누아 매트벗글로우 커버 베이지 50ml 2입,https://www.oliveyoung.co.kr/store/goods/getGoodsDetail.do?goodsNo=A000000204471,https://image.oliveyoung.co.kr/cfimages/cf-goods/uploads/images/thumbnails/400/10/0000/0020/A00000020447132ko.png?l=ko,51000,29900,41.4,6589,4.6,75,15,7,2,2,1,1,0,1,A000000204471,10000010011
2026-08-06,선케어,50,달바,[용량UP/총130ml] 달바 핑크 톤업 선크림 65ml + 65ml 대용량 기획세트,https://www.oliveyoung.co.kr/store/goods/getGoodsDetail.do?goodsNo=A000000255386,https://image.oliveyoung.co.kr/cfimages/cf-goods/uploads/images/thumbnails/400/10/0000/0025/A00000025538625ko.png?l=ko,65000,41900,35.5,5029,4.9,91,7,2,0,0,1,0,0,1,A000000255386,10000010011
2026-08-06,선케어,51,듀이트리,[리뉴얼/쿨링보송] 듀이트리 어반쉐이드 쿨 카밍 선스틱 20g,https://www.oliveyoung.co.kr/store/goods/getGoodsDetail.do?goodsNo=A000000163578,https://image.oliveyoung.co.kr/cfimages/cf-goods/uploads/images/thumbnails/400/10/0000/0016/A00000016357839ko.jpg?l=ko,24000,12000,50.0,4855,4.7,80,15,4,1,1,1,0,0,1,A000000163578,10000010011
2026-08-06,선케어,52,AHC,[보송/1등 노세범] AHC 마스터즈 에어리치 선스틱 22g,https://www.oliveyoung.co.kr/store/goods/getGoodsDetail.do?goodsNo=A000000182989,https://image.oliveyoung.co.kr/cfimages/cf-goods/uploads/images/thumbnails/400/10/0000/0018/A00000018298940ko.jpg?l=ko,24000,19200,20.0,18816,4.8,89,9,2,0,0,1,0,0,1,A000000182989,10000010011
2026-08-06,선케어,53,메이크프렘,[뽀송 무기자차] 메이크프렘 유브이 디펜스 미 노세범 선크림 40ml+40ml 기획,https://www.oliveyoung.co.kr/store/goods/getGoodsDetail.do?goodsNo=A000000184159,https://image.oliveyoung.co.kr/cfimages/cf-goods/uploads/images/thumbnails/400/10/0000/0018/A00000018415925ko.jpg?l=ko,28000,20900,25.4,5649,4.8,85,10,3,1,1,1,1,0,1,A000000184159,10000010011
2026-08-06,선케어,54,스킨1004,[수분 선크림][누적판매1700만개]스킨1004 마다가스카르 센텔라 히알루-시카 워터핏 선세럼 50ml,https://www.oliveyoung.co.kr/store/goods/getGoodsDetail.do?goodsNo=A000000169499,https://image.oliveyoung.co.kr/cfimages/cf-goods/uploads/images/thumbnails/400/10/0000/0016/A00000016949939ko.jpg?l=ko,20000,17600,12.0,10581,4.9,93,5,1,0,0,1,0,1,1,A000000169499,10000010011
2026-08-06,선케어,55,구달,구달 맑은 어성초 진정 무기자차 선크림 50ml 1+1 기획,https://www.oliveyoung.co.kr/store/goods/getGoodsDetail.do?goodsNo=A000000219554,https://image.oliveyoung.co.kr/cfimages/cf-goods/uploads/images/thumbnails/400/10/0000/0021/A00000021955425ko.jpg?l=ko,22000,17900,18.6,15615,4.8,83,12,4,1,1,1,1,0,1,A000000219554,10000010011
2026-08-06,선케어,56,바이오힐보,[화잘먹선] 바이오힐보 프로바이오덤 콜라겐 선크림 2종 (에센스/톤업),https://www.oliveyoung.co.kr/store/goods/getGoodsDetail.do?goodsNo=A000000225015,https://image.oliveyoung.co.kr/cfimages/cf-goods/uploads/images/thumbnails/400/10/0000/0022/A00000022501541ko.jpg?l=ko,30000,18880,37.1,5288,4.7,82,12,3,1,1,1,1,1,1,A000000225015,10000010011
2026-08-06,선케어,57,VT,[톡신마켓특가][타잔pick/깃털보송] VT 피디알엔 에어 클라우드 밸런스 레이어 선스틱 14.5g,https://www.oliveyoung.co.kr/store/goods/getGoodsDetail.do?goodsNo=A000000260205,https://image.oliveyoung.co.kr/cfimages/cf-goods/uploads/images/thumbnails/400/10/0000/0026/A00000026020510ko.jpg?l=ko,25000,12500,50.0,120,4.9,94,4,2,,,1,1,1,1,A000000260205,10000010011
2026-08-06,선케어,58,구달,[핑크톤업] 구달 맑은 어성초 진정 수분 톤업 선크림 50ml 1+1 기획,https://www.oliveyoung.co.kr/store/goods/getGoodsDetail.do?goodsNo=A000000219556,https://image.oliveyoung.co.kr/cfimages/cf-goods/uploads/images/thumbnails/400/10/0000/0021/A00000021955623ko.jpg?l=ko,22000,17900,18.6,11808,4.7,79,13,5,1,1,1,1,0,1,A000000219556,10000010011
2026-08-06,선케어,59,브링그린,브링그린 티트리 시카 톤업 선쿠션 15g,https://www.oliveyoung.co.kr/store/goods/getGoodsDetail.do?goodsNo=A000000201172,https://image.oliveyoung.co.kr/cfimages/cf-goods/uploads/images/thumbnails/400/10/0000/0020/A00000020117246ko.jpg?l=ko,20000,12000,40.0,2720,4.6,75,16,6,2,2,1,0,1,1,A000000201172,10000010011
2026-08-06,선케어,60,AHC,AHC 마스터즈 에어리치 선스틱 22g 더블 기획,https://www.oliveyoung.co.kr/store/goods/getGoodsDetail.do?goodsNo=A000000259260,https://image.oliveyoung.co.kr/cfimages/cf-goods/uploads/images/thumbnails/400/10/0000/0025/A00000025926006ko.jpg?l=ko,39000,34900,10.5,19054,4.8,89,8,2,0,0,1,0,0,1,A000000259260,10000010011
2026-08-06,선케어,61,에스네이처,[1+1/1등 화잘먹 속촉촉수분썬] 에스네이처 아쿠아 365 UV 선크림 40ml 2입,https://www.oliveyoung.co.kr/store/goods/getGoodsDetail.do?goodsNo=A000000208182,https://image.oliveyoung.co.kr/cfimages/cf-goods/uploads/images/thumbnails/400/10/0000/0020/A00000020818266ko.png?l=ko,36000,21900,39.2,2993,4.8,87,10,3,0,0,1,0,0,1,A000000208182,10000010011
2026-08-06,선케어,62,이니스프리,[1+1/추가10ml증정] 이니스프리 데일리 유브이 톤업 노세범 선크림 50ml 더블 기획,https://www.oliveyoung.co.kr/store/goods/getGoodsDetail.do?goodsNo=A000000247241,https://image.oliveyoung.co.kr/cfimages/cf-goods/uploads/images/thumbnails/400/10/0000/0024/A00000024724159ko.jpg?l=ko,25000,18900,24.4,1802,4.7,82,12,3,1,1,1,1,1,1,A000000247241,10000010011
2026-08-06,선케어,63,트로이아르케,트로이아르케 서울 엑토인 톤업 선세럼 50ml,https://www.oliveyoung.co.kr/store/goods/getGoodsDetail.do?goodsNo=A000000260411,https://image.oliveyoung.co.kr/cfimages/cf-goods/uploads/images/thumbnails/400/10/0000/0026/A00000026041104ko.jpg?l=ko,36500,31000,15.1,444,5.0,99,1,0,0,,1,0,0,1,A000000260411,10000010011
2026-08-06,선케어,64,아비브,[1+1/파데프리톤업] 아비브 글루타치온좀 CC 선크림 토닝 튜브 50ml 더블 기획,https://www.oliveyoung.co.kr/store/goods/getGoodsDetail.do?goodsNo=A000000248226,https://image.oliveyoung.co.kr/cfimages/cf-goods/uploads/images/thumbnails/400/10/0000/0024/A00000024822615ko.png?l=ko,37000,24600,33.5,2248,4.6,78,13,6,1,2,1,1,0,1,A000000248226,10000010011
2026-08-06,선케어,65,셀퓨전씨,[수분즉각충전쿨링썬] 셀퓨전씨 아쿠아티카 쿨링 썬스크린 35ml 트리플 기획,https://www.oliveyoung.co.kr/store/goods/getGoodsDetail.do?goodsNo=A000000259556,https://image.oliveyoung.co.kr/cfimages/cf-goods/uploads/images/thumbnails/400/10/0000/0025/A00000025955610ko.jpg?l=ko,27900,21500,22.9,2461,4.8,89,8,3,1,1,1,1,1,1,A000000259556,10000010011
2026-08-06,선케어,66,아떼,[8월올영픽/민감피부 안심] 아떼 무기자차 선크림 50ml 기획/단품,https://www.oliveyoung.co.kr/store/goods/getGoodsDetail.do?goodsNo=A000000200647,https://image.oliveyoung.co.kr/cfimages/cf-goods/uploads/images/thumbnails/400/10/0000/0020/A00000020064778ko.png?l=ko,34000,23760,30.1,5960,4.8,84,10,4,1,1,1,1,1,1,A000000200647,10000010011
2026-08-06,선케어,67,토코보,[NEW/키링증정] 토코보 미니 선스틱 11g 기획 3종 SPF50+ PA++++,https://www.oliveyoung.co.kr/store/goods/getGoodsDetail.do?goodsNo=A000000250048,https://image.oliveyoung.co.kr/cfimages/cf-goods/uploads/images/thumbnails/400/10/0000/0025/A00000025004818ko.jpg?l=ko,15000,10200,32.0,2445,4.9,90,7,2,1,0,1,1,0,1,A000000250048,10000010011
2026-08-06,선케어,68,차앤박,[보송핑크톤업] 차앤박 애프터레이 톤업 프로텍션 선 50ml 더블기획,https://www.oliveyoung.co.kr/store/goods/getGoodsDetail.do?goodsNo=A000000224140,https://image.oliveyoung.co.kr/cfimages/cf-goods/uploads/images/thumbnails/400/10/0000/0022/A00000022414020ko.jpg?l=ko,30000,25500,15.0,3648,4.8,89,8,2,0,1,1,0,0,1,A000000224140,10000010011
2026-08-06,선케어,69,달바,[화잘먹 선케어] 달바 에센스 선크림 듀오 기획 (50ml+50ml),https://www.oliveyoung.co.kr/store/goods/getGoodsDetail.do?goodsNo=A000000232723,https://image.oliveyoung.co.kr/cfimages/cf-goods/uploads/images/thumbnails/400/10/0000/0023/A00000023272316ko.png?l=ko,51000,33900,33.5,3583,4.8,87,9,3,1,1,1,0,0,1,A000000232723,10000010011
2026-08-06,선케어,70,조선미녀,[파데프리/톤업] 조선미녀 데일리 틴티드 선세럼 50ml (기획/단품),https://www.oliveyoung.co.kr/store/goods/getGoodsDetail.do?goodsNo=A000000225573,https://image.oliveyoung.co.kr/cfimages/cf-goods/uploads/images/thumbnails/400/10/0000/0022/A00000022557327ko.jpg?l=ko,20000,14500,27.5,4632,4.7,79,13,5,1,2,1,1,1,1,A000000225573,10000010011
2026-08-06,선케어,71,식물나라,[바캉스필수템] 식물나라 워터프루프/알로에쿨링 선 스프레이 100ml (단품/1+1/트리플),https://www.oliveyoung.co.kr/store/goods/getGoodsDetail.do?goodsNo=A000000224981,https://image.oliveyoung.co.kr/cfimages/cf-goods/uploads/images/thumbnails/400/10/0000/0022/A00000022498129ko.jpg?l=ko,14800,13900,6.1,16570,4.7,78,14,6,1,1,1,0,0,1,A000000224981,10000010011
2026-08-06,선케어,72,조선미녀,[쿨링진정/쌀알춘식이스트레스볼] 조선미녀 맑은쌀 선크림 아쿠아프레쉬 50ml 2입 기획,https://www.oliveyoung.co.kr/store/goods/getGoodsDetail.do?goodsNo=A000000216895,https://image.oliveyoung.co.kr/cfimages/cf-goods/uploads/images/thumbnails/400/10/0000/0021/A00000021689516ko.jpg?l=ko,30000,24000,20.0,1064,4.8,87,9,2,1,1,1,0,1,1,A000000216895,10000010011
2026-08-06,선케어,73,큐어,[4회연속1등] 김정문알로에 큐어 쿨링 선스틱 2입(23g + 23g) [얼음자차],https://www.oliveyoung.co.kr/store/goods/getGoodsDetail.do?goodsNo=A000000202400,https://image.oliveyoung.co.kr/cfimages/cf-goods/uploads/images/thumbnails/400/10/0000/0020/A00000020240037ko.jpg?l=ko,25900,23900,7.7,2974,4.8,86,10,3,1,1,1,1,0,1,A000000202400,10000010011
2026-08-06,선케어,74,라운드랩,[더블/즉각쿨링] 라운드랩 자작나무 수분 선스틱 19g 더블 기획 (+수분패드 4매),https://www.oliveyoung.co.kr/store/goods/getGoodsDetail.do?goodsNo=A000000255127,https://image.oliveyoung.co.kr/cfimages/cf-goods/uploads/images/thumbnails/400/10/0000/0025/A00000025512714ko.jpg?l=ko,29000,23900,17.6,5244,4.8,88,9,2,0,0,1,1,0,1,A000000255127,10000010011
2026-08-06,선케어,75,라운드랩,[1등썬] 라운드랩 자작나무 수분 선크림 50ml 기획(+크림 20ml),https://www.oliveyoung.co.kr/store/goods/getGoodsDetail.do?goodsNo=A000000149135,https://image.oliveyoung.co.kr/cfimages/cf-goods/uploads/images/thumbnails/400/10/0000/0014/A00000014913563ko.png?l=ko,25000,17500,30.0,19248,4.8,87,10,3,0,1,1,0,0,1,A000000149135,10000010011
2026-08-06,선케어,76,바닐라코,[유기자차/대용량] 바닐라코 UV 디펜스 워터프루프 선크림 100ml,https://www.oliveyoung.co.kr/store/goods/getGoodsDetail.do?goodsNo=A000000227188,https://image.oliveyoung.co.kr/cfimages/cf-goods/uploads/images/thumbnails/400/10/0000/0022/A00000022718811ko.jpg?l=ko,25000,17500,30.0,65,4.8,85,14,,,2,1,0,1,1,A000000227188,10000010011
2026-08-06,선케어,77,부쉬맨,부쉬맨 씨프렌들리 브론즈 태닝오일 190ml 기획 (+ 데일리 선크림 20ml),https://www.oliveyoung.co.kr/store/goods/getGoodsDetail.do?goodsNo=A000000205886,https://image.oliveyoung.co.kr/cfimages/cf-goods/uploads/images/thumbnails/400/10/0000/0020/A00000020588614ko.jpg?l=ko,30000,26900,10.3,99,4.8,87,8,5,,,1,0,0,1,A000000205886,10000010011
2026-08-06,선케어,78,토리든,[NEW/생기착붙] 토리든 셀메이징 핑크베이지 톤업 선크림 60ml 기획 (+20ml),https://www.oliveyoung.co.kr/store/goods/getGoodsDetail.do?goodsNo=A000000244877,https://image.oliveyoung.co.kr/cfimages/cf-goods/uploads/images/thumbnails/400/10/0000/0024/A00000024487703ko.jpg?l=ko,25000,17500,30.0,165,4.6,75,13,8,2,2,1,0,0,1,A000000244877,10000010011
2026-08-06,선케어,79,식물나라,[대용량] 식물나라 보송/쿨링/워터프루프 선 스틱 3종(1+1/리필기획),https://www.oliveyoung.co.kr/store/goods/getGoodsDetail.do?goodsNo=A000000166296,https://image.oliveyoung.co.kr/cfimages/cf-goods/uploads/images/thumbnails/400/10/0000/0016/A00000016629649ko.jpg?l=ko,27000,20800,23.0,24666,4.8,83,12,4,1,1,1,0,0,1,A000000166296,10000010011
2026-08-06,선케어,80,에이지투웨니스,[리필기획] AGE20S 선 에센스 팩트 무기자차 카밍 기획 (본품+리필),https://www.oliveyoung.co.kr/store/goods/getGoodsDetail.do?goodsNo=A000000201312,https://image.oliveyoung.co.kr/cfimages/cf-goods/uploads/images/thumbnails/400/10/0000/0020/A00000020131204ko.jpg?l=ko,32000,25600,20.0,2266,4.8,84,10,4,1,1,1,0,0,1,A000000201312,10000010011
2026-08-06,선케어,81,식물나라,[파데프리] 식물나라 뽀얀쌀 생기 톤업 수분 선 크림 100ml 3종 (생기/보라/초록),https://www.oliveyoung.co.kr/store/goods/getGoodsDetail.do?goodsNo=A000000202446,https://image.oliveyoung.co.kr/cfimages/cf-goods/uploads/images/thumbnails/400/10/0000/0020/A00000020244609ko.jpg?l=ko,18500,11800,36.2,14863,4.7,78,15,5,1,1,1,0,0,1,A000000202446,10000010011
2026-08-06,선케어,82,식물나라,[결광톤업] 식물나라 뽀얀쌀 톤업 수분 선크림 100ml 3종 (생기/보라/초록),https://www.oliveyoung.co.kr/store/goods/getGoodsDetail.do?goodsNo=A000000217330,https://image.oliveyoung.co.kr/cfimages/cf-goods/uploads/images/thumbnails/400/10/0000/0021/A00000021733018ko.jpg?l=ko,18500,11800,36.2,14861,4.7,78,15,5,1,1,1,0,0,1,A000000217330,10000010011
2026-08-06,선케어,83,웰라쥬,[화잘먹수분선] 웰라쥬 리얼 히알루로닉 블루 선크림 50ml 1+1 기획,https://www.oliveyoung.co.kr/store/goods/getGoodsDetail.do?goodsNo=A000000232318,https://image.oliveyoung.co.kr/cfimages/cf-goods/uploads/images/thumbnails/400/10/0000/0023/A00000023231823ko.jpg?l=ko,25000,16630,33.5,2299,4.9,92,6,2,0,0,1,1,0,1,A000000232318,10000010011
2026-08-06,선케어,84,이지듀,이지듀 기미 앰플 쿠션 리필 기획 (퍼프 2매 증정),https://www.oliveyoung.co.kr/store/goods/getGoodsDetail.do?goodsNo=A000000228069,https://image.oliveyoung.co.kr/cfimages/cf-goods/uploads/images/thumbnails/400/10/0000/0022/A00000022806925ko.jpg?l=ko,58900,52900,10.2,3257,4.7,80,13,4,1,1,1,0,0,1,A000000228069,10000010011
2026-08-06,선케어,85,체이싱래빗,[리뷰이벤트/파데프리/톤업선크림] NEW 체이싱래빗 블러 퍼플 커버선크림 기획 35g(+ 팡팡퍼프 증정),https://www.oliveyoung.co.kr/store/goods/getGoodsDetail.do?goodsNo=A000000248024,https://image.oliveyoung.co.kr/cfimages/cf-goods/uploads/images/thumbnails/400/10/0000/0024/A00000024802425ko.jpg?l=ko,20000,13600,32.0,3932,4.5,74,13,7,2,3,1,1,0,1,A000000248024,10000010011
2026-08-06,선케어,86,에스트라,에스트라 더마UV365 레드진정 톤업 선크림 40ml 기획 (+무기자차 선크림 20ml),https://www.oliveyoung.co.kr/store/goods/getGoodsDetail.do?goodsNo=A000000206827,https://image.oliveyoung.co.kr/cfimages/cf-goods/uploads/images/thumbnails/400/10/0000/0020/A00000020682707ko.jpg?l=ko,31000,21300,31.3,2650,4.7,82,12,4,1,1,1,1,1,1,A000000206827,10000010011
2026-08-06,선케어,87,식물나라,[착붙톤업] 식물나라 뽀얀쌀 생기 톤업 선 쿠션 4종 (단품/리필기획/리필2개입),https://www.oliveyoung.co.kr/store/goods/getGoodsDetail.do?goodsNo=A000000219928,https://image.oliveyoung.co.kr/cfimages/cf-goods/uploads/images/thumbnails/400/10/0000/0021/A00000021992841ko.jpg?l=ko,17800,9800,44.9,6703,4.6,75,15,6,2,2,1,0,0,1,A000000219928,10000010011
2026-08-06,선케어,88,아넷사,[올영단독]아넷사 퍼펙트 UV 선스크린 스킨케어 밀크 60ml 2입 기획,https://www.oliveyoung.co.kr/store/goods/getGoodsDetail.do?goodsNo=A000000259793,https://image.oliveyoung.co.kr/cfimages/cf-goods/uploads/images/thumbnails/400/10/0000/0025/A00000025979324ko.jpg?l=ko,59000,51000,13.6,8,4.9,88,13,,,,1,0,0,1,A000000259793,10000010011
2026-08-06,선케어,89,샤이샤이샤이,샤이샤이샤이 파지티브 선 태닝 워터리 크림 SPF22 150ml,https://www.oliveyoung.co.kr/store/goods/getGoodsDetail.do?goodsNo=A000000187254,https://image.oliveyoung.co.kr/cfimages/cf-goods/uploads/images/thumbnails/400/10/0000/0018/A00000018725421ko.jpg?l=ko,28000,22800,18.6,200,4.7,78,19,3,1,1,1,0,0,1,A000000187254,10000010011
2026-08-06,선케어,90,헤라,헤라 UV프로텍터 SPF50+ PA4+ 톤업 피치 50ml 기획/단품,https://www.oliveyoung.co.kr/store/goods/getGoodsDetail.do?goodsNo=A000000248560,https://image.oliveyoung.co.kr/cfimages/cf-goods/uploads/images/thumbnails/400/10/0000/0024/A00000024856042ko.jpg?l=ko,47000,39950,15.0,126,4.8,89,8,1,1,2,0,1,1,1,A000000248560,10000010011
2026-08-06,선케어,91,아떼,[8월올영픽] 아떼 선케어 3종 모음 (선에센스EX/무기자차/톤업선쿠션),https://www.oliveyoung.co.kr/store/goods/getGoodsDetail.do?goodsNo=A000000225003,https://image.oliveyoung.co.kr/cfimages/cf-goods/uploads/images/thumbnails/400/10/0000/0022/A00000022500369ko.png?l=ko,34000,23760,30.1,8043,4.8,89,7,2,0,1,1,1,1,1,A000000225003,10000010011
2026-08-06,선케어,92,라운드랩,[8월 올영픽/더블] 라운드랩 자작나무 수분 선스틱 19g+19g,https://www.oliveyoung.co.kr/store/goods/getGoodsDetail.do?goodsNo=A000000202197,https://image.oliveyoung.co.kr/cfimages/cf-goods/uploads/images/thumbnails/400/10/0000/0020/A00000020219715ko.jpg?l=ko,29000,23900,17.6,5067,4.8,87,9,3,0,0,1,1,1,1,A000000202197,10000010011
2026-08-06,선케어,93,비플레인,[촉촉보라톤업/혼합자차] 비플레인 선뮤즈 톤업 앤 코렉팅 선크림 50ml 1+1 기획,https://www.oliveyoung.co.kr/store/goods/getGoodsDetail.do?goodsNo=A000000219051,https://image.oliveyoung.co.kr/cfimages/cf-goods/uploads/images/thumbnails/400/10/0000/0021/A00000021905109ko.jpg?l=ko,26000,22000,15.4,2198,4.8,86,10,3,1,1,1,1,1,1,A000000219051,10000010011
2026-08-06,선케어,94,셀퓨전씨,[매끈밀착썬/조앤프렌즈 콜라보] 셀퓨전씨 레이저 UV 썬스크린 35ml 더블 기획 (+조앤프렌즈 피규어 선크림 집게),https://www.oliveyoung.co.kr/store/goods/getGoodsDetail.do?goodsNo=A000000198739,https://image.oliveyoung.co.kr/cfimages/cf-goods/uploads/images/thumbnails/400/10/0000/0019/A00000019873942ko.jpg?l=ko,29400,22300,24.1,4571,4.8,86,9,3,1,1,1,0,1,1,A000000198739,10000010011
2026-08-06,선케어,95,제로이드,[세정이 쉬운 무기자차] 제로이드 이지워시 마일드 선크림 50ml,https://www.oliveyoung.co.kr/store/goods/getGoodsDetail.do?goodsNo=A000000209913,https://image.oliveyoung.co.kr/cfimages/cf-goods/uploads/images/thumbnails/400/10/0000/0020/A00000020991306ko.jpg?l=ko,32000,32000,0.0,1427,4.8,85,10,3,1,1,0,0,0,1,A000000209913,10000010011
2026-08-06,선케어,96,오브제,[보송톤업] 오브제 내추럴 톤업 선스틱 18g,https://www.oliveyoung.co.kr/store/goods/getGoodsDetail.do?goodsNo=A000000260943,https://image.oliveyoung.co.kr/cfimages/cf-goods/uploads/images/thumbnails/400/10/0000/0026/A00000026094303ko.jpg?l=ko,25000,18900,24.4,100,5.0,100,,,,,1,0,0,1,A000000260943,10000010011
2026-08-06,선케어,97,체이싱래빗,[리뷰이벤트/파데프리/커버선쿠션]체이싱래빗 올어바웃 글로우 커버 선쿠션 15g(단품/핑거퍼프 증정기획),https://www.oliveyoung.co.kr/store/goods/getGoodsDetail.do?goodsNo=A000000245129,https://image.oliveyoung.co.kr/cfimages/cf-goods/uploads/images/thumbnails/400/10/0000/0024/A00000024512928ko.jpg?l=ko,28000,20160,28.0,2233,4.6,78,13,6,2,2,1,1,1,1,A000000245129,10000010011
2026-08-06,선케어,98,달바,[붉은기커버] 달바 그린 톤업 선크림 듀오 기획 (50ml+50ml),https://www.oliveyoung.co.kr/store/goods/getGoodsDetail.do?goodsNo=A000000218862,https://image.oliveyoung.co.kr/cfimages/cf-goods/uploads/images/thumbnails/400/10/0000/0021/A00000021886237ko.png?l=ko,51000,35700,30.0,1989,4.7,84,10,4,1,1,1,0,0,1,A000000218862,10000010011
2026-08-06,선케어,99,체이싱래빗,[리뷰이벤트/파데프리/톤업선크림] 체이싱래빗 올어바웃 글로우 톤업 선 70ml,https://www.oliveyoung.co.kr/store/goods/getGoodsDetail.do?goodsNo=A000000254406,https://image.oliveyoung.co.kr/cfimages/cf-goods/uploads/images/thumbnails/400/10/0000/0025/A00000025440617ko.jpg?l=ko,18000,14400,20.0,1149,4.8,90,5,3,1,1,1,0,0,1,A000000254406,10000010011
2026-08-06,선케어,100,아넷사,[아시아No.1선크림] 아넷사 퍼펙트 UV 선스크린 스킨케어 밀크 60ML 기획세트,https://www.oliveyoung.co.kr/store/goods/getGoodsDetail.do?goodsNo=A000000248280,https://image.oliveyoung.co.kr/cfimages/cf-goods/uploads/images/thumbnails/400/10/0000/0024/A00000024828021ko.jpg?l=ko,59000,51000,13.6,770,4.8,88,8,4,0,,1,0,0,1,A000000248280,10000010011
2026-08-06,메이크업,1,오브제,[NEW 보송버전 출시] [덱스PICK] 오브제 내추럴 커버 로션 50g 단품/기획(+미니어처 10ml),https://www.oliveyoung.co.kr/store/goods/getGoodsDetail.do?goodsNo=A000000204975,https://image.oliveyoung.co.kr/cfimages/cf-goods/uploads/images/thumbnails/400/10/0000/0020/A00000020497522ko.jpg?l=ko,29800,27900,6.4,5297,4.9,90,7,2,0,1,1,0,0,1,A000000204975,10000010002
2026-08-06,메이크업,2,쏘내추럴,[8월 올영픽/한정기획] 쏘내추럴 올 데이 블러 메이크업 세팅 픽서 (+블러프렙10ml 증정) 기획/단품,https://www.oliveyoung.co.kr/store/goods/getGoodsDetail.do?goodsNo=A000000226481,https://image.oliveyoung.co.kr/cfimages/cf-goods/uploads/images/thumbnails/400/10/0000/0022/A00000022648118ko.jpg?l=ko,25000,20000,20.0,3478,4.8,83,12,4,1,0,1,0,0,1,A000000226481,10000010002
2026-08-06,메이크업,3,라카,[올영PICK/1분픽싱] 라카 퍼펙트 트윈 립 4.7g+4.2g 10 colors,https://www.oliveyoung.co.kr/store/goods/getGoodsDetail.do?goodsNo=A000000255256,https://image.oliveyoung.co.kr/cfimages/cf-goods/uploads/images/thumbnails/400/10/0000/0025/A00000025525610ko.jpg?l=ko,22000,17400,20.9,2960,4.5,71,16,8,3,3,1,0,1,1,A000000255256,10000010002
2026-08-06,메이크업,4,바닐라코,[8월올영픽1+1/NEW컬러] 바닐라코 무드 온 라인 앤 블렌드 아이라이너 (펜슬/트임) 10colors,https://www.oliveyoung.co.kr/store/goods/getGoodsDetail.do?goodsNo=A000000226202,https://image.oliveyoung.co.kr/cfimages/cf-goods/uploads/images/thumbnails/400/10/0000/0022/A00000022620225ko.jpg?l=ko,12000,11700,2.5,4106,4.7,81,13,4,1,1,0,1,1,1,A000000226202,10000010002
2026-08-06,메이크업,5,바닐라코,[8월올영픽/1등 파우더] 바닐라코 프라임 프라이머 피니쉬 파우더 12g,https://www.oliveyoung.co.kr/store/goods/getGoodsDetail.do?goodsNo=A000000253093,https://image.oliveyoung.co.kr/cfimages/cf-goods/uploads/images/thumbnails/400/10/0000/0025/A00000025309316ko.jpg?l=ko,22000,15000,31.8,45340,4.8,86,10,3,0,0,1,1,1,1,A000000253093,10000010002
2026-08-06,메이크업,6,롬앤,[NEW/완벽커버]롬앤 유에프오 커버 쿠션 리필 기획 (본품+리필+뚱퍼프),https://www.oliveyoung.co.kr/store/goods/getGoodsDetail.do?goodsNo=A000000260472,https://image.oliveyoung.co.kr/cfimages/cf-goods/uploads/images/thumbnails/400/10/0000/0026/A00000026047206ko.jpg?l=ko,35000,24900,28.9,587,4.9,90,7,2,1,0,1,1,0,1,A000000260472,10000010002
2026-08-06,메이크업,7,비디비치,[쿠션리필+블러시 증정] 비디비치 블랙 퍼펙션 커버 핏 쿠션 기획,https://www.oliveyoung.co.kr/store/goods/getGoodsDetail.do?goodsNo=A000000233171,https://image.oliveyoung.co.kr/cfimages/cf-goods/uploads/images/thumbnails/400/10/0000/0023/A00000023317133ko.jpg?l=ko,46000,36800,20.0,8098,4.7,83,11,4,1,1,0,1,1,1,A000000233171,10000010002
2026-08-06,메이크업,8,웨이크메이크,[NEW/올영 1등 아이팔레트] 웨이크메이크 소프트 블러링 아이팔레트(단품/기획),https://www.oliveyoung.co.kr/store/goods/getGoodsDetail.do?goodsNo=A000000180532,https://image.oliveyoung.co.kr/cfimages/cf-goods/uploads/images/thumbnails/400/10/0000/0018/A000000180532237ko.jpg?l=ko,34000,22800,32.9,73372,4.8,83,13,3,1,0,1,1,0,1,A000000180532,10000010002
2026-08-06,메이크업,9,홀리카홀리카,[NEW젤테일] 홀리카홀리카 마이페이브 피스 아이섀도우/젤테일/피스 빔/피스 밤,https://www.oliveyoung.co.kr/store/goods/getGoodsDetail.do?goodsNo=A000000174309,https://image.oliveyoung.co.kr/cfimages/cf-goods/uploads/images/thumbnails/400/10/0000/0017/A00000017430960ko.jpg?l=ko,6000,4900,18.3,200366,4.8,85,11,3,0,0,1,0,1,1,A000000174309,10000010002
2026-08-06,메이크업,10,얼터너티브스테레오,[NEW딸기연유립/단독선런칭] 얼터너티브스테레오 립 포션 카라멜 글레이즈 8ml,https://www.oliveyoung.co.kr/store/goods/getGoodsDetail.do?goodsNo=A000000234394,https://image.oliveyoung.co.kr/cfimages/cf-goods/uploads/images/thumbnails/400/10/0000/0023/A00000023439499ko.jpeg?l=ko,19000,16150,15.0,31486,4.8,86,10,3,1,0,1,1,1,1,A000000234394,10000010002
2026-08-06,메이크업,11,정샘물,[촉촉윤광쿠션] 정샘물 에센셜 스킨 누더 쿠션/본품+리필,https://www.oliveyoung.co.kr/store/goods/getGoodsDetail.do?goodsNo=A000000139063,https://image.oliveyoung.co.kr/cfimages/cf-goods/uploads/images/thumbnails/400/10/0000/0013/A000000139063169ko.jpg?l=ko,48000,40800,15.0,38171,4.7,81,13,4,1,1,1,0,0,1,A000000139063,10000010002
2026-08-06,메이크업,12,토니모리,[틴트리무버 증정/8월올영픽] 토니모리 퍼펙트 립스 쇼킹 립,https://www.oliveyoung.co.kr/store/goods/getGoodsDetail.do?goodsNo=A000000205485,https://image.oliveyoung.co.kr/cfimages/cf-goods/uploads/images/thumbnails/400/10/0000/0020/A000000205485157ko.png?l=ko,15000,10200,32.0,62243,4.8,88,8,3,1,1,1,1,1,1,A000000205485,10000010002
2026-08-06,메이크업,13,글린트,[오늘의  특가/8월 올영픽] 글린트 하이라이터EX (+브러쉬 증정/아이돌 핑크빔),https://www.oliveyoung.co.kr/store/goods/getGoodsDetail.do?goodsNo=A000000258889,https://image.oliveyoung.co.kr/cfimages/cf-goods/uploads/images/thumbnails/400/10/0000/0025/A000000258889141ko.png?l=ko,25000,18900,24.4,1097,4.9,91,7,1,0,0,1,1,0,1,A000000258889,10000010002
2026-08-06,메이크업,14,네이밍,[8월올영픽/공동개발] 네이밍 플러피 파우더 블러쉬 (+아티스트 브러쉬) 20colors,https://www.oliveyoung.co.kr/store/goods/getGoodsDetail.do?goodsNo=A000000171371,https://image.oliveyoung.co.kr/cfimages/cf-goods/uploads/images/thumbnails/400/10/0000/0017/A000000171371100ko.jpg?l=ko,15000,11600,22.7,40001,4.8,87,10,3,0,0,1,1,1,1,A000000171371,10000010002
2026-08-06,메이크업,15,오프라 코스메틱,[8월올영픽/시그니처빔] 오프라 하이라이터 스틱 (+기획/단품),https://www.oliveyoung.co.kr/store/goods/getGoodsDetail.do?goodsNo=A000000262702,https://image.oliveyoung.co.kr/cfimages/cf-goods/uploads/images/thumbnails/400/10/0000/0026/A00000026270207ko.jpg?l=ko,19000,16200,14.7,149,4.8,90,7,1,,2,1,1,0,1,A000000262702,10000010002
2026-08-06,메이크업,16,페리페라,페리페라 스피디 스키니 브로우 8 Colors,https://www.oliveyoung.co.kr/store/goods/getGoodsDetail.do?goodsNo=A000000138671,https://image.oliveyoung.co.kr/cfimages/cf-goods/uploads/images/thumbnails/400/10/0000/0013/A00000013867156ko.jpg?l=ko,6000,5700,5.0,99084,4.8,86,11,3,0,0,1,0,1,1,A000000138671,10000010002
2026-08-06,메이크업,17,어바웃톤,[8월 올영픽/여름필수파데] 어바웃톤 스킨 레이어 핏 파운데이션 30ml 8종 (기획/단품),https://www.oliveyoung.co.kr/store/goods/getGoodsDetail.do?goodsNo=A000000211936,https://image.oliveyoung.co.kr/cfimages/cf-goods/uploads/images/thumbnails/400/10/0000/0021/A00000021193639ko.jpg?l=ko,28000,20900,25.4,11976,4.7,79,14,5,1,1,1,1,0,1,A000000211936,10000010002
2026-08-06,메이크업,18,로지킴,[NEW] 로지킴 PDRN 틴티드 립 앰플 10ml 13colors,https://www.oliveyoung.co.kr/store/goods/getGoodsDetail.do?goodsNo=A000000243535,https://image.oliveyoung.co.kr/cfimages/cf-goods/uploads/images/thumbnails/400/10/0000/0024/A00000024353579ko.jpg?l=ko,24000,20300,15.4,4119,4.8,86,9,3,1,1,1,1,0,1,A000000243535,10000010002
2026-08-06,메이크업,19,에이프릴스킨,[리뉴얼/철벽커버] 에이프릴스킨 히어로쿠션 2.0 (본품+리필),https://www.oliveyoung.co.kr/store/goods/getGoodsDetail.do?goodsNo=A000000259872,https://image.oliveyoung.co.kr/cfimages/cf-goods/uploads/images/thumbnails/400/10/0000/0025/A00000025987261ko.png?l=ko,33000,24100,27.0,312,4.7,86,7,4,1,2,1,0,0,1,A000000259872,10000010002
2026-08-06,메이크업,20,네이밍,[8월올영픽/사우나쿠션] 네이밍 올데이 마스터 쿠션 리필 기획 (+퍼프5개),https://www.oliveyoung.co.kr/store/goods/getGoodsDetail.do?goodsNo=A000000251851,https://image.oliveyoung.co.kr/cfimages/cf-goods/uploads/images/thumbnails/400/10/0000/0025/A00000025185131ko.jpg?l=ko,34000,26900,20.9,2429,4.7,79,13,5,2,2,1,1,1,1,A000000251851,10000010002
2026-08-06,메이크업,21,키스미,[마지막수량/8월 올영픽 1+1기획] 키스미 스무스 리퀴드 아이라이너 N (3 color) (단품/기획),https://www.oliveyoung.co.kr/store/goods/getGoodsDetail.do?goodsNo=A000000185974,https://image.oliveyoung.co.kr/cfimages/cf-goods/uploads/images/thumbnails/400/10/0000/0018/A00000018597485ko.jpg?l=ko,18000,17200,4.4,49504,4.8,87,10,3,0,0,1,1,0,1,A000000185974,10000010002
2026-08-06,메이크업,22,롬앤,[NEW두유코어/1등틴트] 롬앤 더 쥬시 래스팅 틴트 단품/기획,https://www.oliveyoung.co.kr/store/goods/getGoodsDetail.do?goodsNo=A000000241210,https://image.oliveyoung.co.kr/cfimages/cf-goods/uploads/images/thumbnails/400/10/0000/0024/A00000024121070ko.jpg?l=ko,13000,9400,27.7,263543,4.7,80,14,5,1,1,1,1,0,1,A000000241210,10000010002
2026-08-06,메이크업,23,쏘내추럴,[1위픽서] 쏘내추럴 올 데이 타이트 메이크업 세팅 픽서 120ml 더블기획 (120ml+120ml),https://www.oliveyoung.co.kr/store/goods/getGoodsDetail.do?goodsNo=A000000162114,https://image.oliveyoung.co.kr/cfimages/cf-goods/uploads/images/thumbnails/400/10/0000/0016/A00000016211443ko.jpg?l=ko,42000,32900,21.7,51779,4.8,84,12,4,1,0,1,0,0,1,A000000162114,10000010002
2026-08-06,메이크업,24,페리페라,페리페라 스피디 스키니 브로우 마스카라 10 Colors,https://www.oliveyoung.co.kr/store/goods/getGoodsDetail.do?goodsNo=A000000167236,https://image.oliveyoung.co.kr/cfimages/cf-goods/uploads/images/thumbnails/400/10/0000/0016/A00000016723676ko.jpg?l=ko,8000,7600,5.0,45240,4.8,84,12,4,1,0,1,0,1,1,A000000167236,10000010002
2026-08-06,메이크업,25,투쿨포스쿨,투쿨포스쿨 스머징 트임 라이너,https://www.oliveyoung.co.kr/store/goods/getGoodsDetail.do?goodsNo=A000000199182,https://image.oliveyoung.co.kr/cfimages/cf-goods/uploads/images/thumbnails/400/10/0000/0019/A00000019918223ko.jpeg?l=ko,12000,9600,20.0,48649,4.7,82,13,4,1,1,1,0,0,1,A000000199182,10000010002
2026-08-06,메이크업,26,헤라,[프리미엄 1위] 헤라 블랙 쿠션 파운데이션 기획 (15g+15g) 9 Colors,https://www.oliveyoung.co.kr/store/goods/getGoodsDetail.do?goodsNo=A000000202777,https://image.oliveyoung.co.kr/cfimages/cf-goods/uploads/images/thumbnails/400/10/0000/0020/A00000020277793ko.jpg?l=ko,74000,66600,10.0,17223,4.8,85,11,3,1,1,0,1,0,1,A000000202777,10000010002
2026-08-06,메이크업,27,토니모리,[립세럼 소진완료/8월 올영픽]  토니모리 겟잇 틴트 워터풀 시럽,https://www.oliveyoung.co.kr/store/goods/getGoodsDetail.do?goodsNo=A000000223922,https://image.oliveyoung.co.kr/cfimages/cf-goods/uploads/images/thumbnails/400/10/0000/0022/A000000223922106ko.png?l=ko,16000,11200,30.0,37857,4.9,90,7,2,0,0,1,1,1,1,A000000223922,10000010002
2026-08-06,메이크업,28,얼터너티브스테레오,얼터너티브스테레오 무드 레이어 스틱 크레용 1.4g 5종,https://www.oliveyoung.co.kr/store/goods/getGoodsDetail.do?goodsNo=A000000243859,https://image.oliveyoung.co.kr/cfimages/cf-goods/uploads/images/thumbnails/400/10/0000/0024/A00000024385910ko.jpg?l=ko,16000,13600,15.0,2980,4.6,76,15,6,1,1,0,1,1,1,A000000243859,10000010002
2026-08-06,메이크업,29,코스노리,[8월올영픽] 코스노리 이지 브로우 체인저 5회분 (톤 체인저 / 무드 체인저),https://www.oliveyoung.co.kr/store/goods/getGoodsDetail.do?goodsNo=A000000226517,https://image.oliveyoung.co.kr/cfimages/cf-goods/uploads/images/thumbnails/400/10/0000/0022/A00000022651744ko.jpg?l=ko,26000,20700,20.4,4943,4.7,83,11,4,1,2,1,1,1,1,A000000226517,10000010002
2026-08-06,메이크업,30,코스노리,[1등속눈썹영양제] 코스노리 아이래쉬 세럼 속눈썹영양제 9g (클리어/블랙),https://www.oliveyoung.co.kr/store/goods/getGoodsDetail.do?goodsNo=A000000140618,https://image.oliveyoung.co.kr/cfimages/cf-goods/uploads/images/thumbnails/400/10/0000/0014/A000000140618149ko.jpg?l=ko,18000,13970,22.4,56714,4.7,81,14,4,1,0,1,1,0,1,A000000140618,10000010002
2026-08-06,메이크업,31,에뛰드,[8월 올영픽/1등 컬링] 에뛰드 컬 픽스 마스카라 1+1 기획 (쌍쌍바 케이블 홀더 증정 기획 / 단품),https://www.oliveyoung.co.kr/store/goods/getGoodsDetail.do?goodsNo=A000000203943,https://image.oliveyoung.co.kr/cfimages/cf-goods/uploads/images/thumbnails/400/10/0000/0020/A000000203943127ko.png?l=ko,16000,15300,4.4,71504,4.8,86,10,3,1,0,1,1,1,1,A000000203943,10000010002
2026-08-06,메이크업,32,에뛰드,[레전드 파데 컴백] 에뛰드 더블 래스팅 파운데이션 30g (+ 브러쉬 증정 기획/단품),https://www.oliveyoung.co.kr/store/goods/getGoodsDetail.do?goodsNo=A000000260517,https://image.oliveyoung.co.kr/cfimages/cf-goods/uploads/images/thumbnails/400/10/0000/0026/A00000026051715ko.png?l=ko,29000,19500,32.8,2837,4.6,75,16,6,2,1,1,1,1,1,A000000260517,10000010002
2026-08-06,메이크업,33,어바웃톤,[8월 올영픽/모공블러팩트] 어바웃톤 블러 파우더 팩트 9g 7COLOR (기획/단품),https://www.oliveyoung.co.kr/store/goods/getGoodsDetail.do?goodsNo=A000000238601,https://image.oliveyoung.co.kr/cfimages/cf-goods/uploads/images/thumbnails/400/10/0000/0023/A00000023860168ko.jpg?l=ko,14000,10900,22.1,65389,4.7,81,13,4,1,1,1,1,0,1,A000000238601,10000010002
2026-08-06,메이크업,34,터치인솔,[모공프렙] 터치인솔 노포어블럼 프라이머 프렙 30ml,https://www.oliveyoung.co.kr/store/goods/getGoodsDetail.do?goodsNo=A000000249718,https://image.oliveyoung.co.kr/cfimages/cf-goods/uploads/images/thumbnails/400/10/0000/0024/A00000024971820ko.jpg?l=ko,25000,17100,31.6,2418,4.9,96,2,1,0,0,1,1,0,1,A000000249718,10000010002
2026-08-06,메이크업,35,무지개맨션,[8월올영픽/단독기획] 무지개맨션 오브제 스테인 틴트,https://www.oliveyoung.co.kr/store/goods/getGoodsDetail.do?goodsNo=A000000250445,https://image.oliveyoung.co.kr/cfimages/cf-goods/uploads/images/thumbnails/400/10/0000/0025/A000000250445102ko.jpg?l=ko,18000,13600,24.4,3782,4.6,76,11,7,2,3,1,1,1,1,A000000250445,10000010002
2026-08-06,메이크업,36,디어달리아,[8월올영픽/필터블러쉬] 디어달리아 페탈 쉬어 베일 블러쉬 (+브러쉬 증정),https://www.oliveyoung.co.kr/store/goods/getGoodsDetail.do?goodsNo=A000000262621,https://image.oliveyoung.co.kr/cfimages/cf-goods/uploads/images/thumbnails/400/10/0000/0026/A00000026262106ko.jpg?l=ko,25000,19800,20.8,54,4.8,83,17,,,,1,1,0,1,A000000262621,10000010002
2026-08-06,메이크업,37,클리오,[NO.1 아이라이너] 클리오 샤프 쏘 심플 워터프루프 펜슬라이너 단품/더블기획,https://www.oliveyoung.co.kr/store/goods/getGoodsDetail.do?goodsNo=A000000198343,https://image.oliveyoung.co.kr/cfimages/cf-goods/uploads/images/thumbnails/400/10/0000/0019/A00000019834327ko.jpg?l=ko,11000,11000,0.0,135341,4.8,82,13,4,1,0,0,0,0,1,A000000198343,10000010002
2026-08-06,메이크업,38,홀리카홀리카,[NEW한정기획] 홀리카홀리카 마이페이브 무드 아이 팔레트,https://www.oliveyoung.co.kr/store/goods/getGoodsDetail.do?goodsNo=A000000150361,https://image.oliveyoung.co.kr/cfimages/cf-goods/uploads/images/thumbnails/400/10/0000/0015/A00000015036190ko.jpg?l=ko,28000,21400,23.6,35569,4.8,84,12,3,1,0,1,0,0,1,A000000150361,10000010002
2026-08-06,메이크업,39,연작,[화잘먹베이스] 연작 스킨 퍼펙팅 프로텍티브 베이스 프렙 25ml/40ml 기획/단품,https://www.oliveyoung.co.kr/store/goods/getGoodsDetail.do?goodsNo=A000000213943,https://image.oliveyoung.co.kr/cfimages/cf-goods/uploads/images/thumbnails/400/10/0000/0021/A000000213943105ko.jpg?l=ko,33000,28050,15.0,12132,4.8,83,11,4,1,1,1,1,0,1,A000000213943,10000010002
2026-08-06,메이크업,40,리스키,[8월 올영픽/미니 립글로스 누지 기획] 리스키 피그먼트 아이섀도우 팔레트 8Colors 단품/기획,https://www.oliveyoung.co.kr/store/goods/getGoodsDetail.do?goodsNo=A000000233305,https://image.oliveyoung.co.kr/cfimages/cf-goods/uploads/images/thumbnails/400/10/0000/0023/A00000023330578ko.jpg?l=ko,36000,31500,12.5,2981,4.8,88,9,2,0,0,1,1,0,1,A000000233305,10000010002
2026-08-06,메이크업,41,퓌,[바닐라에디션 단품 런칭] 퓌 3D 볼류밍 글로스 5.3g 단품/기획,https://www.oliveyoung.co.kr/store/goods/getGoodsDetail.do?goodsNo=A000000246445,https://image.oliveyoung.co.kr/cfimages/cf-goods/uploads/images/thumbnails/400/10/0000/0024/A00000024644542ko.jpg?l=ko,18000,13500,25.0,53968,4.8,84,11,4,1,0,1,0,0,1,A000000246445,10000010002
2026-08-06,메이크업,42,페리페라,[NEW 빵러셔] 페리페라 맑게 물든 선샤인 치크 (젤리/파우더 2타입),https://www.oliveyoung.co.kr/store/goods/getGoodsDetail.do?goodsNo=A000000140263,https://image.oliveyoung.co.kr/cfimages/cf-goods/uploads/images/thumbnails/400/10/0000/0014/A000000140263108ko.jpg?l=ko,8000,6400,20.0,59148,4.8,83,13,3,0,0,1,0,1,1,A000000140263,10000010002
2026-08-06,메이크업,43,바닐라코,[NEW컬러] 바닐라코 스머징 립 펜슬 0.8g 12종,https://www.oliveyoung.co.kr/store/goods/getGoodsDetail.do?goodsNo=A000000180569,https://image.oliveyoung.co.kr/cfimages/cf-goods/uploads/images/thumbnails/400/10/0000/0018/A00000018056957ko.jpg?l=ko,14000,10500,25.0,20403,4.8,82,13,4,1,0,0,1,1,1,A000000180569,10000010002
2026-08-06,메이크업,44,롬앤,[NEW] 롬앤 베러 댄 컨투어,https://www.oliveyoung.co.kr/store/goods/getGoodsDetail.do?goodsNo=A000000201055,https://image.oliveyoung.co.kr/cfimages/cf-goods/uploads/images/thumbnails/400/10/0000/0020/A00000020105544ko.jpg?l=ko,24000,20600,14.2,14370,4.8,87,10,3,0,0,1,1,0,1,A000000201055,10000010002
2026-08-06,메이크업,45,에스쁘아,[100시간 지속/고커버] 에스쁘아 비벨벳 커버쿠션 SPF42 PA++ 본품+리필,https://www.oliveyoung.co.kr/store/goods/getGoodsDetail.do?goodsNo=A000000184222,https://image.oliveyoung.co.kr/cfimages/cf-goods/uploads/images/thumbnails/400/10/0000/0018/A000000184222169ko.jpg?l=ko,40000,31900,20.2,28185,4.7,81,13,4,1,1,1,0,0,1,A000000184222,10000010002
2026-08-06,메이크업,46,에스쁘아,[NEW 한정기획] 에스쁘아 더브로우 (밸런스 펜슬 / 컬러 픽싱 카라) 20colors,https://www.oliveyoung.co.kr/store/goods/getGoodsDetail.do?goodsNo=A000000165912,https://image.oliveyoung.co.kr/cfimages/cf-goods/uploads/images/thumbnails/400/10/0000/0016/A000000165912128ko.jpg?l=ko,16000,13600,15.0,40841,4.8,87,10,2,0,0,0,1,0,1,A000000165912,10000010002
2026-08-06,메이크업,47,3CE,[8월올영픽/파우치증정/물놀이틴트] 3CE 레이지 팝 립 스테인 4.5g 11종,https://www.oliveyoung.co.kr/store/goods/getGoodsDetail.do?goodsNo=A000000207056,https://image.oliveyoung.co.kr/cfimages/cf-goods/uploads/images/thumbnails/400/10/0000/0020/A00000020705655ko.jpg?l=ko,19000,14000,26.3,4974,4.7,81,11,5,1,1,1,1,1,1,A000000207056,10000010002
2026-08-06,메이크업,48,투크,[NEW 멀멀 신규컬러 출시] 투크 볼륨 글레이즈 시럽틴트 9 colors,https://www.oliveyoung.co.kr/store/goods/getGoodsDetail.do?goodsNo=A000000248529,https://image.oliveyoung.co.kr/cfimages/cf-goods/uploads/images/thumbnails/400/10/0000/0024/A00000024852915ko.jpg?l=ko,16000,11800,26.2,5777,4.8,85,10,3,1,0,1,0,0,1,A000000248529,10000010002
2026-08-06,메이크업,49,페리페라,페리페라 무드 글로이 틴트 27 Colors,https://www.oliveyoung.co.kr/store/goods/getGoodsDetail.do?goodsNo=A000000244834,https://image.oliveyoung.co.kr/cfimages/cf-goods/uploads/images/thumbnails/400/10/0000/0024/A00000024483449ko.jpg?l=ko,13000,13000,0.0,148243,4.7,81,14,4,1,1,0,0,1,1,A000000244834,10000010002
2026-08-06,메이크업,50,루나,[24시간커버지속/올리브영 6년연속 1등] 루나 롱래스팅 팁 컨실러 EX 20colors,https://www.oliveyoung.co.kr/store/goods/getGoodsDetail.do?goodsNo=A000000012239,https://image.oliveyoung.co.kr/cfimages/cf-goods/uploads/images/thumbnails/400/10/0000/0001/A000000012239130ko.jpg?l=ko,17000,12700,25.3,48856,4.7,79,16,5,1,0,1,0,0,1,A000000012239,10000010002
2026-08-06,메이크업,51,투쿨포스쿨,투쿨포스쿨 프로타주 펜슬 (기획/단품),https://www.oliveyoung.co.kr/store/goods/getGoodsDetail.do?goodsNo=A000000120656,https://image.oliveyoung.co.kr/cfimages/cf-goods/uploads/images/thumbnails/400/10/0000/0012/A000000120656105ko.jpg?l=ko,12000,9900,17.5,87612,4.7,79,14,5,1,1,1,0,0,1,A000000120656,10000010002
2026-08-06,메이크업,52,웨이크메이크,[1+1기획] 웨이크메이크 철벽 펜 아이라이너 3COLOR,https://www.oliveyoung.co.kr/store/goods/getGoodsDetail.do?goodsNo=A000000136300,https://image.oliveyoung.co.kr/cfimages/cf-goods/uploads/images/thumbnails/400/10/0000/0013/A000000136300105ko.jpg?l=ko,13000,10900,16.2,45420,4.7,79,13,5,1,1,1,1,0,1,A000000136300,10000010002
2026-08-06,메이크업,53,투쿨포스쿨,투쿨포스쿨 바이로댕 쉐이딩,https://www.oliveyoung.co.kr/store/goods/getGoodsDetail.do?goodsNo=A000000145650,https://image.oliveyoung.co.kr/cfimages/cf-goods/uploads/images/thumbnails/400/10/0000/0014/A000000145650151ko.jpg?l=ko,16000,12800,20.0,52389,4.8,83,13,3,0,0,1,0,0,1,A000000145650,10000010002
2026-08-06,메이크업,54,네이밍,[8월올영픽/청담샵공동개발] 네이밍 하이 듀 립 글레이즈 (+미니틴트) 9colors,https://www.oliveyoung.co.kr/store/goods/getGoodsDetail.do?goodsNo=A000000257218,https://image.oliveyoung.co.kr/cfimages/cf-goods/uploads/images/thumbnails/400/10/0000/0025/A00000025721826ko.jpg?l=ko,17000,13200,22.4,942,4.8,88,8,3,0,1,1,1,1,1,A000000257218,10000010002
2026-08-06,메이크업,55,바닐라코,[8월올영픽/브러쉬2종기획] 바닐라코 무드 온 아이 섀도우 팔레트 9colors,https://www.oliveyoung.co.kr/store/goods/getGoodsDetail.do?goodsNo=A000000172594,https://image.oliveyoung.co.kr/cfimages/cf-goods/uploads/images/thumbnails/400/10/0000/0017/A000000172594105ko.jpg?l=ko,16000,11700,26.9,6352,4.8,82,13,4,0,0,1,1,1,1,A000000172594,10000010002
2026-08-06,메이크업,56,퓌,[8월올영픽/무광정식 기획출시] 퓌 스파 UV 톤업베이스 35ml 3종(속광/물광/무광) 단품/듀오 기획,https://www.oliveyoung.co.kr/store/goods/getGoodsDetail.do?goodsNo=A000000238489,https://image.oliveyoung.co.kr/cfimages/cf-goods/uploads/images/thumbnails/400/10/0000/0023/A00000023848933ko.jpg?l=ko,22000,18300,16.8,5470,4.7,81,11,6,1,1,1,1,0,1,A000000238489,10000010002
2026-08-06,메이크업,57,브링그린,[8월올영픽/88특가] 브링그린 대나무 히알루 립 에센스 (2입/4입/기획),https://www.oliveyoung.co.kr/store/goods/getGoodsDetail.do?goodsNo=A000000204983,https://image.oliveyoung.co.kr/cfimages/cf-goods/uploads/images/thumbnails/400/10/0000/0020/A00000020498356ko.jpg?l=ko,9800,5880,40.0,32303,4.9,91,7,2,0,0,1,1,1,1,A000000204983,10000010002
2026-08-06,메이크업,58,클리오,클리오 킬 커버 파운웨어 쿠션,https://www.oliveyoung.co.kr/store/goods/getGoodsDetail.do?goodsNo=A000000232098,https://image.oliveyoung.co.kr/cfimages/cf-goods/uploads/images/thumbnails/400/10/0000/0023/A00000023209852ko.jpg?l=ko,36000,27000,25.0,12366,4.7,82,12,4,1,1,0,1,0,1,A000000232098,10000010002
2026-08-06,메이크업,59,쏘내추럴,쏘내추럴 메이크업 세팅 멀티 매직 실러 10ml,https://www.oliveyoung.co.kr/store/goods/getGoodsDetail.do?goodsNo=A000000186836,https://image.oliveyoung.co.kr/cfimages/cf-goods/uploads/images/thumbnails/400/10/0000/0018/A00000018683641ko.jpg?l=ko,15000,12000,20.0,7224,4.7,81,12,5,1,1,1,0,0,1,A000000186836,10000010002
2026-08-06,메이크업,60,헤라,[마블컬렉션] 헤라 센슈얼 누드 글로스 5g 13 Colors 기획/단품,https://www.oliveyoung.co.kr/store/goods/getGoodsDetail.do?goodsNo=A000000177984,https://image.oliveyoung.co.kr/cfimages/cf-goods/uploads/images/thumbnails/400/10/0000/0017/A000000177984112ko.jpg?l=ko,40000,36000,10.0,16836,4.8,86,10,3,0,0,0,1,0,1,A000000177984,10000010002
2026-08-06,메이크업,61,투크,[NEW한정컬러] 투크 워터프루프 슬림 아이라이너 15 colors,https://www.oliveyoung.co.kr/store/goods/getGoodsDetail.do?goodsNo=A000000185046,https://image.oliveyoung.co.kr/cfimages/cf-goods/uploads/images/thumbnails/400/10/0000/0018/A00000018504653ko.jpg?l=ko,13900,13900,0.0,58747,4.7,81,13,5,1,1,0,0,0,1,A000000185046,10000010002
2026-08-06,메이크업,62,뮤드,[마찌콜라보] 뮤드 스키니컬링/멀티픽서 마스카라 (단품/ 1+1 기획),https://www.oliveyoung.co.kr/store/goods/getGoodsDetail.do?goodsNo=A000000182700,https://image.oliveyoung.co.kr/cfimages/cf-goods/uploads/images/thumbnails/400/10/0000/0018/A00000018270089ko.jpg?l=ko,14000,12600,10.0,26032,4.8,84,11,4,1,1,1,0,0,1,A000000182700,10000010002
2026-08-06,메이크업,63,코스노리,[8월올영픽/원조톤업크림] 코스노리 화이트닝 드레스 톤업크림 50ml (단품/기획),https://www.oliveyoung.co.kr/store/goods/getGoodsDetail.do?goodsNo=A000000017135,https://image.oliveyoung.co.kr/cfimages/cf-goods/uploads/images/thumbnails/400/10/0000/0001/A000000017135138ko.jpg?l=ko,20000,15840,20.8,21609,4.7,79,15,5,1,1,1,1,0,1,A000000017135,10000010002
2026-08-06,메이크업,64,하트퍼센트,[태산 PICK / NEW 컬러] 하트퍼센트 도트 온 무드 립펜슬 0.8g 25종,https://www.oliveyoung.co.kr/store/goods/getGoodsDetail.do?goodsNo=A000000174066,https://image.oliveyoung.co.kr/cfimages/cf-goods/uploads/images/thumbnails/400/10/0000/0017/A00000017406676ko.jpg?l=ko,14000,14000,0.0,55442,4.8,82,13,4,1,0,0,0,0,1,A000000174066,10000010002
2026-08-06,메이크업,65,힌스,[7일특가/올리브영 단독 컬러/플럼핑 립펜슬 증정] 힌스 로 글로우 젤 틴트 26 Colors 한정 기획,https://www.oliveyoung.co.kr/store/goods/getGoodsDetail.do?goodsNo=A000000202912,https://image.oliveyoung.co.kr/cfimages/cf-goods/uploads/images/thumbnails/400/10/0000/0020/A000000202912162ko.jpg?l=ko,17000,12900,24.1,33919,4.7,81,13,5,1,1,0,1,1,1,A000000202912,10000010002
2026-08-06,메이크업,66,롬앤,[NEW두유코어/아일릿 원희픽] 롬앤 글래스팅 컬러 글로스,https://www.oliveyoung.co.kr/store/goods/getGoodsDetail.do?goodsNo=A000000197231,https://image.oliveyoung.co.kr/cfimages/cf-goods/uploads/images/thumbnails/400/10/0000/0019/A00000019723190ko.jpg?l=ko,13000,9400,27.7,59704,4.7,82,13,4,1,1,1,1,0,1,A000000197231,10000010002
2026-08-06,메이크업,67,디어달리아,[1등블러쉬/수채화블러셔] 페탈 드롭 리퀴드 블러쉬 (+기획/본품),https://www.oliveyoung.co.kr/store/goods/getGoodsDetail.do?goodsNo=A000000238828,https://image.oliveyoung.co.kr/cfimages/cf-goods/uploads/images/thumbnails/400/10/0000/0023/A00000023882819ko.jpg?l=ko,25000,21250,15.0,22455,4.8,84,11,4,1,1,1,0,0,1,A000000238828,10000010002
2026-08-06,메이크업,68,퓌,[민스코공동개발] 퓌 올데이 커버 블랙 쿠션 리필기획(본품+리필) 5종,https://www.oliveyoung.co.kr/store/goods/getGoodsDetail.do?goodsNo=A000000253122,https://image.oliveyoung.co.kr/cfimages/cf-goods/uploads/images/thumbnails/400/10/0000/0025/A00000025312237ko.jpg?l=ko,38000,29000,23.7,9006,4.7,80,13,5,1,1,1,0,0,1,A000000253122,10000010002
2026-08-06,메이크업,69,컬러그램,[NEW/리뉴얼][5초눈확장/중안부축소]컬러그램 올인원 애교살 메이커 8COLOR,https://www.oliveyoung.co.kr/store/goods/getGoodsDetail.do?goodsNo=A000000159062,https://image.oliveyoung.co.kr/cfimages/cf-goods/uploads/images/thumbnails/400/10/0000/0015/A00000015906272ko.jpg?l=ko,9800,7900,19.4,60287,4.6,76,16,6,1,1,1,0,0,1,A000000159062,10000010002
2026-08-06,메이크업,70,로지킴,[볼륨광/NEW] 로지킴 VOL 멜로우 블러싱 세럼 5colors,https://www.oliveyoung.co.kr/store/goods/getGoodsDetail.do?goodsNo=A000000253461,https://image.oliveyoung.co.kr/cfimages/cf-goods/uploads/images/thumbnails/400/10/0000/0025/A00000025346116ko.jpg?l=ko,25000,20100,19.6,1381,4.7,84,7,4,2,3,1,1,0,1,A000000253461,10000010002
2026-08-06,메이크업,71,노노어,노노어 오버 듀 립펜슬 11Colors 단품/기획,https://www.oliveyoung.co.kr/store/goods/getGoodsDetail.do?goodsNo=A000000209350,https://image.oliveyoung.co.kr/cfimages/cf-goods/uploads/images/thumbnails/400/10/0000/0020/A00000020935039ko.jpg?l=ko,15000,12900,14.0,6233,4.7,81,12,5,1,1,1,0,0,1,A000000209350,10000010002
2026-08-06,메이크업,72,얼터너티브스테레오,[립오일증정/NEW초여름 컬러] 얼터너티브스테레오 립 포션 허니 티 스테인 5ml,https://www.oliveyoung.co.kr/store/goods/getGoodsDetail.do?goodsNo=A000000256116,https://image.oliveyoung.co.kr/cfimages/cf-goods/uploads/images/thumbnails/400/10/0000/0025/A00000025611632ko.jpg?l=ko,19000,16150,15.0,2460,4.6,78,12,7,2,1,1,1,1,1,A000000256116,10000010002
2026-08-06,메이크업,73,3CE,[로즈코어/혈색생기] 3CE 블러 워터 틴트 4.6g 22종 단품/기획,https://www.oliveyoung.co.kr/store/goods/getGoodsDetail.do?goodsNo=A000000148591,https://image.oliveyoung.co.kr/cfimages/cf-goods/uploads/images/thumbnails/400/10/0000/0014/A000000148591154ko.jpg?l=ko,19000,15200,20.0,41732,4.7,81,13,4,1,1,1,0,1,1,A000000148591,10000010002
2026-08-06,메이크업,74,에스쁘아,[1등 글로우 파데/웨딩피치] 에스쁘아 비글로우 파운데이션 30g 10 colors,https://www.oliveyoung.co.kr/store/goods/getGoodsDetail.do?goodsNo=A000000174064,https://image.oliveyoung.co.kr/cfimages/cf-goods/uploads/images/thumbnails/400/10/0000/0017/A00000017406473ko.jpg?l=ko,42000,35700,15.0,10926,4.7,79,14,5,1,1,0,1,0,1,A000000174064,10000010002
2026-08-06,메이크업,75,글린트,[NEW/청담샵템/8월올영픽] 글린트 소프트 핏 치크 (+퍼프봉 브러쉬 증정 기획),https://www.oliveyoung.co.kr/store/goods/getGoodsDetail.do?goodsNo=A000000258890,https://image.oliveyoung.co.kr/cfimages/cf-goods/uploads/images/thumbnails/400/10/0000/0025/A000000258890180ko.png?l=ko,23000,18900,17.8,627,4.9,92,6,2,0,1,1,1,0,1,A000000258890,10000010002
2026-08-06,메이크업,76,VDL,[레몬패키지] VDL 커버 스테인 퍼펙팅 쿠션 기획 (본품+리필),https://www.oliveyoung.co.kr/store/goods/getGoodsDetail.do?goodsNo=A000000185903,https://image.oliveyoung.co.kr/cfimages/cf-goods/uploads/images/thumbnails/400/10/0000/0018/A00000018590374ko.jpg?l=ko,36000,36000,0.0,19582,4.7,78,14,5,1,1,0,0,0,1,A000000185903,10000010002
2026-08-06,메이크업,77,삐아,"[애교살, 음영, 트임까지] 삐아 라스트 오토 젤 아이라이너 26종 (기획/단품)",https://www.oliveyoung.co.kr/store/goods/getGoodsDetail.do?goodsNo=A000000162672,https://image.oliveyoung.co.kr/cfimages/cf-goods/uploads/images/thumbnails/400/10/0000/0016/A00000016267284ko.jpg?l=ko,9000,8100,10.0,35427,4.7,77,15,6,1,1,0,1,0,1,A000000162672,10000010002
2026-08-06,메이크업,78,웨이크메이크,[립파우치 증정]웨이크메이크 소프트 블러링 밤 스틱,https://www.oliveyoung.co.kr/store/goods/getGoodsDetail.do?goodsNo=A000000231499,https://image.oliveyoung.co.kr/cfimages/cf-goods/uploads/images/thumbnails/400/10/0000/0023/A00000023149961ko.jpg?l=ko,16000,11900,25.6,15656,4.8,83,12,4,1,1,1,1,0,1,A000000231499,10000010002
2026-08-06,메이크업,79,프레시안,[1등품절템/웜쿨대통합] 프레시안 에그라이크 크림 블러쉬 (단독 기획),https://www.oliveyoung.co.kr/store/goods/getGoodsDetail.do?goodsNo=A000000212749,https://image.oliveyoung.co.kr/cfimages/cf-goods/uploads/images/thumbnails/400/10/0000/0021/A000000212749109ko.png?l=ko,23000,23000,0.0,23113,4.8,86,10,3,1,1,0,0,1,1,A000000212749,10000010002
2026-08-06,메이크업,80,이니스프리,[품절대란/모공블러링] 이니스프리 포어 블러 파우더 11g,https://www.oliveyoung.co.kr/store/goods/getGoodsDetail.do?goodsNo=A000000229688,https://image.oliveyoung.co.kr/cfimages/cf-goods/uploads/images/thumbnails/400/10/0000/0022/A00000022968827ko.jpg?l=ko,18000,11700,35.0,1499,4.8,86,10,2,1,1,1,1,1,1,A000000229688,10000010002
2026-08-06,메이크업,81,웨이크메이크,[NEW/브로우픽서 증정] 웨이크메이크 내추럴 하드 브로우 펜슬 9COLOR (1+1기획),https://www.oliveyoung.co.kr/store/goods/getGoodsDetail.do?goodsNo=A000000178972,https://image.oliveyoung.co.kr/cfimages/cf-goods/uploads/images/thumbnails/400/10/0000/0017/A00000017897285ko.jpg?l=ko,14000,10900,22.1,45145,4.7,79,14,5,1,1,1,1,0,1,A000000178972,10000010002
2026-08-06,메이크업,82,아떼,[소이모브 단독 재출시/치크본품증정] 아떼 어센틱 립 글로이 밤 기획/단품,https://www.oliveyoung.co.kr/store/goods/getGoodsDetail.do?goodsNo=A000000223349,https://image.oliveyoung.co.kr/cfimages/cf-goods/uploads/images/thumbnails/400/10/0000/0022/A00000022334959ko.png?l=ko,33000,24900,24.5,3575,4.8,85,10,3,1,1,1,0,1,1,A000000223349,10000010002
2026-08-06,메이크업,83,더샘,[베이스1위/브라이트너 증정 기획] 더샘 커버 퍼펙션 트리플 팟 컨실러 5colors(단품/기획),https://www.oliveyoung.co.kr/store/goods/getGoodsDetail.do?goodsNo=A000000238763,https://image.oliveyoung.co.kr/cfimages/cf-goods/uploads/images/thumbnails/400/10/0000/0023/A00000023876319ko.jpg?l=ko,12000,10800,10.0,58373,4.7,77,17,5,1,0,1,0,0,1,A000000238763,10000010002
2026-08-06,메이크업,84,바닐라코,[8월올영픽/리뉴얼] 바닐라코 프라임 프라이머 클래식 30ml,https://www.oliveyoung.co.kr/store/goods/getGoodsDetail.do?goodsNo=A000000253094,https://image.oliveyoung.co.kr/cfimages/cf-goods/uploads/images/thumbnails/400/10/0000/0025/A00000025309416ko.jpg?l=ko,22000,15000,31.8,15713,4.7,78,15,6,1,1,1,1,1,1,A000000253094,10000010002
2026-08-06,메이크업,85,웨이크메이크,[NEW/헬시 치크] 웨이크메이크 쉐이킹 블러 치크 9COLOR,https://www.oliveyoung.co.kr/store/goods/getGoodsDetail.do?goodsNo=A000000231339,https://image.oliveyoung.co.kr/cfimages/cf-goods/uploads/images/thumbnails/400/10/0000/0023/A00000023133954ko.jpg?l=ko,15000,10500,30.0,8591,4.7,78,13,6,2,1,1,1,0,1,A000000231339,10000010002
2026-08-06,메이크업,86,클리오,클리오 킬 래쉬 수퍼프루프 마스카라 1+1기획 (+미니 속눈썹 영양제 증정),https://www.oliveyoung.co.kr/store/goods/getGoodsDetail.do?goodsNo=A000000121749,https://image.oliveyoung.co.kr/cfimages/cf-goods/uploads/images/thumbnails/400/10/0000/0012/A000000121749140ko.jpg?l=ko,18000,18000,0.0,58320,4.8,82,13,4,1,0,0,0,0,1,A000000121749,10000010002
2026-08-06,메이크업,87,캔메이크,[퍼프1매추가증정] 캔메이크 마시멜로우 피니쉬 파우더 4종 기획/단품 택1,https://www.oliveyoung.co.kr/store/goods/getGoodsDetail.do?goodsNo=A000000232148,https://image.oliveyoung.co.kr/cfimages/cf-goods/uploads/images/thumbnails/400/10/0000/0023/A00000023214838ko.jpg?l=ko,20000,17000,15.0,9412,4.7,80,12,6,1,1,0,1,1,1,A000000232148,10000010002
2026-08-06,메이크업,88,어반디케이,[8월올영픽/리뉴얼/초강력고정] 어반디케이 올나이터 메이크업 세팅 픽서 118ml/30ml 3종 (기획/단품),https://www.oliveyoung.co.kr/store/goods/getGoodsDetail.do?goodsNo=A000000250243,https://image.oliveyoung.co.kr/cfimages/cf-goods/uploads/images/thumbnails/400/10/0000/0025/A00000025024333ko.jpg?l=ko,47000,33000,29.8,1237,4.8,86,8,4,1,1,1,1,0,1,A000000250243,10000010002
2026-08-06,메이크업,89,누니,[올영단독/도톰광] 누니 애플 립 오일 12종,https://www.oliveyoung.co.kr/store/goods/getGoodsDetail.do?goodsNo=A000000251720,https://image.oliveyoung.co.kr/cfimages/cf-goods/uploads/images/thumbnails/400/10/0000/0025/A00000025172039ko.jpg?l=ko,19000,15900,16.3,1000,4.9,97,1,1,0,1,1,0,0,1,A000000251720,10000010002
2026-08-06,메이크업,90,클리오,[단독기획] 클리오 뮤즈 마스터 팔레트 단품/기획 (+브러쉬 2종 증정),https://www.oliveyoung.co.kr/store/goods/getGoodsDetail.do?goodsNo=A000000248345,https://image.oliveyoung.co.kr/cfimages/cf-goods/uploads/images/thumbnails/400/10/0000/0024/A00000024834522ko.jpg?l=ko,27000,18900,30.0,6674,4.8,86,11,3,0,1,1,0,0,1,A000000248345,10000010002
2026-08-06,메이크업,91,에르보리앙,[8월올영픽/단독기획] 에르보리앙 BB크림 15ml/40ml (아이보리/클레어/누드),https://www.oliveyoung.co.kr/store/goods/getGoodsDetail.do?goodsNo=A000000205417,https://image.oliveyoung.co.kr/cfimages/cf-goods/uploads/images/thumbnails/400/10/0000/0020/A00000020541744ko.png?l=ko,40000,29100,27.2,2852,4.7,81,12,5,1,1,1,1,0,1,A000000205417,10000010002
2026-08-06,메이크업,92,오아드,[8월올영픽/단독기획] 오아드 립티크 13종 단품/기획,https://www.oliveyoung.co.kr/store/goods/getGoodsDetail.do?goodsNo=A000000240910,https://image.oliveyoung.co.kr/cfimages/cf-goods/uploads/images/thumbnails/400/10/0000/0024/A00000024091058ko.jpg?l=ko,26000,18140,30.2,8860,4.6,78,9,7,2,3,1,1,0,1,A000000240910,10000010002
2026-08-06,메이크업,93,네이밍,[8월올영픽/철벽고정] 네이밍 퍼펙테일 아이 디자이닝 펜슬 슬림 라이너 단품/기획,https://www.oliveyoung.co.kr/store/goods/getGoodsDetail.do?goodsNo=A000000232694,https://image.oliveyoung.co.kr/cfimages/cf-goods/uploads/images/thumbnails/400/10/0000/0023/A00000023269443ko.jpg?l=ko,14000,10500,25.0,6598,4.7,82,12,5,1,1,1,1,1,1,A000000232694,10000010002
2026-08-06,메이크업,94,클리오,[단종환생템 출시] 클리오 프로 아이 팔레트 에어 단품/기획,https://www.oliveyoung.co.kr/store/goods/getGoodsDetail.do?goodsNo=A000000188988,https://image.oliveyoung.co.kr/cfimages/cf-goods/uploads/images/thumbnails/400/10/0000/0018/A000000188988149ko.jpg?l=ko,34000,34000,0.0,39371,4.8,85,12,3,0,0,0,0,0,1,A000000188988,10000010002
2026-08-06,메이크업,95,오아드,[8월올영픽/단독기획] 오아드 슬레인 파우더믹싱 워터틴트 8 colors 단품/기획,https://www.oliveyoung.co.kr/store/goods/getGoodsDetail.do?goodsNo=A000000247641,https://image.oliveyoung.co.kr/cfimages/cf-goods/uploads/images/thumbnails/400/10/0000/0024/A00000024764140ko.jpg?l=ko,23000,16390,28.7,4744,4.2,63,13,12,4,7,1,1,0,1,A000000247641,10000010002
2026-08-06,메이크업,96,VDL,[노란기순삭] VDL 톤 스테인 컬러 코렉팅 프라이머 30ml,https://www.oliveyoung.co.kr/store/goods/getGoodsDetail.do?goodsNo=A000000205908,https://image.oliveyoung.co.kr/cfimages/cf-goods/uploads/images/thumbnails/400/10/0000/0020/A00000020590864ko.jpg?l=ko,26000,26000,0.0,11255,4.7,80,13,5,1,1,0,0,0,1,A000000205908,10000010002
2026-08-06,메이크업,97,크리니크,[김고은PICK] 크리니크 치크 팝 12 colors 기획/단품,https://www.oliveyoung.co.kr/store/goods/getGoodsDetail.do?goodsNo=A000000158991,https://image.oliveyoung.co.kr/cfimages/cf-goods/uploads/images/thumbnails/400/10/0000/0015/A000000158991111ko.jpg?l=ko,36000,30600,15.0,34338,4.8,87,10,2,0,0,0,1,1,1,A000000158991,10000010002
2026-08-06,메이크업,98,정샘물,[얇은커버쿠션] 정샘물 스킨 누더 커버레이어 쿠션 (본품+리필),https://www.oliveyoung.co.kr/store/goods/getGoodsDetail.do?goodsNo=A000000163378,https://image.oliveyoung.co.kr/cfimages/cf-goods/uploads/images/thumbnails/400/10/0000/0016/A00000016337849ko.jpg?l=ko,48000,40800,15.0,5908,4.7,78,14,5,1,1,1,0,0,1,A000000163378,10000010002
2026-08-06,메이크업,99,3CE,[청담샵필수템/미니립증정기획] 3CE 무드레시피 페이스 블러쉬 단품/기획,https://www.oliveyoung.co.kr/store/goods/getGoodsDetail.do?goodsNo=A000000109650,https://image.oliveyoung.co.kr/cfimages/cf-goods/uploads/images/thumbnails/400/10/0000/0010/A00000010965083ko.jpg?l=ko,20000,18000,10.0,31903,4.8,85,12,3,0,0,0,1,0,1,A000000109650,10000010002
2026-08-06,메이크업,100,블랑디바,[홍주 PICK/리뉴얼] 블랑디바 글림 커버리지 쿠션 12g 4colors (본품+리필),https://www.oliveyoung.co.kr/store/goods/getGoodsDetail.do?goodsNo=A000000223731,https://image.oliveyoung.co.kr/cfimages/cf-goods/uploads/images/thumbnails/400/10/0000/0022/A00000022373130ko.jpg?l=ko,39000,27200,30.3,5640,4.7,83,11,4,1,1,1,0,0,1,A000000223731,10000010002
2026-08-06,네일,1,오호라,[NEW/글레이즈드 라인 출시] 오호라 시럽 네일강화제 15ml 18colors,https://www.oliveyoung.co.kr/store/goods/getGoodsDetail.do?goodsNo=A000000251335,https://image.oliveyoung.co.kr/cfimages/cf-goods/uploads/images/thumbnails/400/10/0000/0025/A00000025133529ko.jpg?l=ko,18000,15300,15.0,3237,4.6,78,13,6,1,2,1,1,0,1,A000000251335,10000010012
2026-08-06,네일,2,데싱디바,[NEW/장원영픽] 데싱디바 매직프레스 디자인 네일/페디 35종,https://www.oliveyoung.co.kr/store/goods/getGoodsDetail.do?goodsNo=A000000256041,https://image.oliveyoung.co.kr/cfimages/cf-goods/uploads/images/thumbnails/400/10/0000/0025/A00000025604101ko.jpg?l=ko,14800,14800,0.0,17987,4.7,81,11,5,1,1,0,0,0,1,A000000256041,10000010012
2026-08-06,네일,3,웨이크메이크,웨이크메이크 네일건 데일리 11 COLORS,https://www.oliveyoung.co.kr/store/goods/getGoodsDetail.do?goodsNo=A000000184224,https://image.oliveyoung.co.kr/cfimages/cf-goods/uploads/images/thumbnails/400/10/0000/0018/A00000018422401ko.jpg?l=ko,4000,3600,10.0,11524,4.7,78,14,6,1,1,1,0,0,1,A000000184224,10000010012
2026-08-06,네일,4,르멘트,[NEW] 르멘트 컬러네일 40종&하드너&광채 영양제,https://www.oliveyoung.co.kr/store/goods/getGoodsDetail.do?goodsNo=A000000185114,https://image.oliveyoung.co.kr/cfimages/cf-goods/uploads/images/thumbnails/400/10/0000/0018/A000000185114138ko.jpg?l=ko,13000,11050,15.0,6609,4.7,78,14,6,1,1,0,1,0,1,A000000185114,10000010012
2026-08-06,네일,5,팁토우,[NEW] 팁토우 네일 폴리쉬 41 Colors,https://www.oliveyoung.co.kr/store/goods/getGoodsDetail.do?goodsNo=A000000189064,https://image.oliveyoung.co.kr/cfimages/cf-goods/uploads/images/thumbnails/400/10/0000/0018/A000000189064110ko.png?l=ko,13000,10450,19.6,11666,4.7,82,12,4,1,1,1,1,1,1,A000000189064,10000010012
2026-08-06,네일,6,웨이크메이크,[SNS 화제템] 웨이크메이크 네일케어 8종 골라담기,https://www.oliveyoung.co.kr/store/goods/getGoodsDetail.do?goodsNo=A000000180019,https://image.oliveyoung.co.kr/cfimages/cf-goods/uploads/images/thumbnails/400/10/0000/0018/A00000018001906ko.jpg?l=ko,5000,4700,6.0,15552,4.7,78,14,6,1,1,1,0,0,1,A000000180019,10000010012
2026-08-06,네일,7,웨이크메이크,[NEW/핑크 펄 하드너] 웨이크메이크 네일케어 핑크영양제/핑크강화제/핑크펄하드너 3종,https://www.oliveyoung.co.kr/store/goods/getGoodsDetail.do?goodsNo=A000000151292,https://image.oliveyoung.co.kr/cfimages/cf-goods/uploads/images/thumbnails/400/10/0000/0015/A00000015129207ko.jpg?l=ko,5000,4700,6.0,20432,4.7,78,15,6,1,1,1,0,0,1,A000000151292,10000010012
2026-08-06,네일,8,데싱디바,[NEW/장원영픽] 데싱디바 매직프레스 프리미엄 네일/페디 10종,https://www.oliveyoung.co.kr/store/goods/getGoodsDetail.do?goodsNo=A000000256036,https://image.oliveyoung.co.kr/cfimages/cf-goods/uploads/images/thumbnails/400/10/0000/0025/A00000025603609ko.jpg?l=ko,18800,18800,0.0,5894,4.7,81,11,5,1,1,0,0,0,1,A000000256036,10000010012
2026-08-06,네일,9,반디,[네일영양제] 반디 핑크다이아 오리지날 7ml,https://www.oliveyoung.co.kr/store/goods/getGoodsDetail.do?goodsNo=A000000184922,https://image.oliveyoung.co.kr/cfimages/cf-goods/uploads/images/thumbnails/400/10/0000/0018/A00000018492262ko.jpg?l=ko,20000,16000,20.0,5206,4.8,85,10,4,1,0,1,0,1,1,A000000184922,10000010012
2026-08-06,네일,10,반디,[이즈나방지민PICK] 반디 핑크다이아 시리즈 7ml 5종,https://www.oliveyoung.co.kr/store/goods/getGoodsDetail.do?goodsNo=A000000190716,https://image.oliveyoung.co.kr/cfimages/cf-goods/uploads/images/thumbnails/400/10/0000/0019/A00000019071675ko.jpg?l=ko,20000,16000,20.0,13236,4.8,84,11,4,1,1,1,0,1,1,A000000190716,10000010012
2026-08-06,네일,11,포트레,포트레 네일 누보 주스 19 COLOR,https://www.oliveyoung.co.kr/store/goods/getGoodsDetail.do?goodsNo=A000000212040,https://image.oliveyoung.co.kr/cfimages/cf-goods/uploads/images/thumbnails/400/10/0000/0021/A00000021204010ko.jpg?l=ko,15000,13950,7.0,2020,4.7,78,14,6,1,1,0,1,0,1,A000000212040,10000010012
2026-08-06,네일,12,웨이크메이크,웨이크메이크 네일건 탑 & 베이스 코트 2종,https://www.oliveyoung.co.kr/store/goods/getGoodsDetail.do?goodsNo=A000000129449,https://image.oliveyoung.co.kr/cfimages/cf-goods/uploads/images/thumbnails/400/10/0000/0012/A00000012944906ko.jpg?l=ko,4000,3600,10.0,116493,4.6,75,17,7,1,1,1,0,0,1,A000000129449,10000010012
2026-08-06,네일,13,웨이크메이크,웨이크메이크 네일 리무버 100ml,https://www.oliveyoung.co.kr/store/goods/getGoodsDetail.do?goodsNo=A000000118173,https://image.oliveyoung.co.kr/cfimages/cf-goods/uploads/images/thumbnails/400/10/0000/0011/A00000011817303ko.jpg?l=ko,2500,2250,10.0,88031,4.6,75,16,7,1,1,1,0,0,1,A000000118173,10000010012
2026-08-06,네일,14,팁토우,[NEW] 팁토우 시럽 & 페인트 & 쉬머 네일 폴리쉬 23 Colors,https://www.oliveyoung.co.kr/store/goods/getGoodsDetail.do?goodsNo=A000000184633,https://image.oliveyoung.co.kr/cfimages/cf-goods/uploads/images/thumbnails/400/10/0000/0018/A00000018463313ko.png?l=ko,14000,11310,19.2,1912,4.7,82,12,4,1,1,1,1,1,1,A000000184633,10000010012
2026-08-06,네일,15,반디,[베스트] 반디 스팀 큐티클 오일 & 큐티클 케어 키트 2종,https://www.oliveyoung.co.kr/store/goods/getGoodsDetail.do?goodsNo=A000000199838,https://image.oliveyoung.co.kr/cfimages/cf-goods/uploads/images/thumbnails/400/10/0000/0019/A00000019983812ko.jpg?l=ko,24000,19200,20.0,2374,4.7,79,13,6,1,1,1,0,1,1,A000000199838,10000010012
2026-08-06,네일,16,웨이크메이크,[NEW컬러/글레이즈드 네일] 웨이크메이크 네일건(데일리/시즌),https://www.oliveyoung.co.kr/store/goods/getGoodsDetail.do?goodsNo=A000000202617,https://image.oliveyoung.co.kr/cfimages/cf-goods/uploads/images/thumbnails/400/10/0000/0020/A00000020261712ko.jpg?l=ko,4000,3600,10.0,31446,4.7,77,14,6,1,1,1,0,0,1,A000000202617,10000010012
2026-08-06,네일,17,반디,[네일강화제] 반디 네일큐어 유광/무광 7ml 2종,https://www.oliveyoung.co.kr/store/goods/getGoodsDetail.do?goodsNo=A000000184914,https://image.oliveyoung.co.kr/cfimages/cf-goods/uploads/images/thumbnails/400/10/0000/0018/A00000018491420ko.jpg?l=ko,15000,12000,20.0,4527,4.7,82,13,4,1,1,0,1,1,1,A000000184914,10000010012
2026-08-06,네일,18,위드샨,[베스트] 위드샨 펌프형리무버 200ml 5종,https://www.oliveyoung.co.kr/store/goods/getGoodsDetail.do?goodsNo=A000000179818,https://image.oliveyoung.co.kr/cfimages/cf-goods/uploads/images/thumbnails/400/10/0000/0017/A00000017981807ko.jpg?l=ko,6900,6760,2.0,3954,4.7,81,12,5,1,1,1,0,0,1,A000000179818,10000010012
2026-08-06,네일,19,웨이크메이크,[울버린 손톱] 웨이크메이크 스트롱 그로쓰 네일 강화/영양제 2종,https://www.oliveyoung.co.kr/store/goods/getGoodsDetail.do?goodsNo=A000000187489,https://image.oliveyoung.co.kr/cfimages/cf-goods/uploads/images/thumbnails/400/10/0000/0018/A00000018748904ko.jpg?l=ko,10000,7800,22.0,4605,4.6,77,14,7,1,1,1,0,0,1,A000000187489,10000010012
2026-08-06,네일,20,데싱디바,[NEW/장원영픽] 데싱디바 원젤 (컬러/마그네틱) & 케어/툴 34종,https://www.oliveyoung.co.kr/store/goods/getGoodsDetail.do?goodsNo=A000000220686,https://image.oliveyoung.co.kr/cfimages/cf-goods/uploads/images/thumbnails/400/10/0000/0022/A00000022068652ko.jpg?l=ko,12000,12000,0.0,1602,4.6,81,10,6,2,2,0,0,0,1,A000000220686,10000010012
2026-08-06,네일,21,닥터원더,닥터원더 세라믹 포켓 큐티클 리무버,https://www.oliveyoung.co.kr/store/goods/getGoodsDetail.do?goodsNo=A000000103383,https://image.oliveyoung.co.kr/cfimages/cf-goods/uploads/images/thumbnails/400/10/0000/0010/A00000010338302ko.jpg?l=ko,6900,5900,14.5,7053,4.6,71,17,8,2,1,1,0,0,1,A000000103383,10000010012
2026-08-06,네일,22,웨이크메이크,웨이크메이크 네일건 글리터 9 COLORS,https://www.oliveyoung.co.kr/store/goods/getGoodsDetail.do?goodsNo=A000000184269,https://image.oliveyoung.co.kr/cfimages/cf-goods/uploads/images/thumbnails/400/10/0000/0018/A00000018426912ko.jpg?l=ko,6000,4800,20.0,9588,4.7,80,13,5,1,1,1,1,0,1,A000000184269,10000010012
2026-08-06,네일,23,위드샨,[NEW] 위드샨 60초 매니큐어 시럽 9ml 26종,https://www.oliveyoung.co.kr/store/goods/getGoodsDetail.do?goodsNo=A000000144109,https://image.oliveyoung.co.kr/cfimages/cf-goods/uploads/images/thumbnails/400/10/0000/0014/A00000014410928ko.jpg?l=ko,5500,5390,2.0,1348,4.5,70,17,8,3,2,1,0,0,1,A000000144109,10000010012
2026-08-06,네일,24,웨이크메이크,웨이크메이크 퍼펙트 네일 리무버 150ml,https://www.oliveyoung.co.kr/store/goods/getGoodsDetail.do?goodsNo=A000000118174,https://image.oliveyoung.co.kr/cfimages/cf-goods/uploads/images/thumbnails/400/10/0000/0011/A00000011817402ko.jpg?l=ko,4000,3600,10.0,64239,4.6,73,17,7,1,1,1,0,0,1,A000000118174,10000010012
2026-08-06,네일,25,오호라,[NEW/케데헌 콜라보] 오호라 자석 네일강화제 15ml 3colors,https://www.oliveyoung.co.kr/store/goods/getGoodsDetail.do?goodsNo=A000000260377,https://image.oliveyoung.co.kr/cfimages/cf-goods/uploads/images/thumbnails/400/10/0000/0026/A00000026037710ko.jpg?l=ko,18000,17100,5.0,34,4.7,79,12,6,3,,1,0,0,1,A000000260377,10000010012
2026-08-06,네일,26,웨이크메이크,웨이크메이크 네일건 핑크 큐티클 아웃 펜 리무버,https://www.oliveyoung.co.kr/store/goods/getGoodsDetail.do?goodsNo=A000000149143,https://image.oliveyoung.co.kr/cfimages/cf-goods/uploads/images/thumbnails/400/10/0000/0014/A00000014914302ko.jpg?l=ko,6900,6200,10.1,3222,4.5,69,17,10,3,2,1,0,0,1,A000000149143,10000010012
2026-08-06,네일,27,위드샨,[저자극] 위드샨 논아세톤 네일 리무버 200ml,https://www.oliveyoung.co.kr/store/goods/getGoodsDetail.do?goodsNo=A000000179792,https://image.oliveyoung.co.kr/cfimages/cf-goods/uploads/images/thumbnails/400/10/0000/0017/A00000017979205ko.jpg?l=ko,8900,8720,2.0,884,4.6,75,16,6,2,2,1,0,0,1,A000000179792,10000010012
2026-08-06,네일,28,핑거수트,핑거수트 물광 폴리쉬 14종,https://www.oliveyoung.co.kr/store/goods/getGoodsDetail.do?goodsNo=A000000235323,https://image.oliveyoung.co.kr/cfimages/cf-goods/uploads/images/thumbnails/400/10/0000/0023/A00000023532313ko.jpg?l=ko,16000,14720,8.0,81,4.2,57,19,15,5,5,1,1,0,1,A000000235323,10000010012
2026-08-06,네일,29,위드샨,[4종 세트] 위드샨 네일&큐티클 오일펜 올케어 세트 (4ml x 4ea),https://www.oliveyoung.co.kr/store/goods/getGoodsDetail.do?goodsNo=A000000224737,https://image.oliveyoung.co.kr/cfimages/cf-goods/uploads/images/thumbnails/400/10/0000/0022/A00000022473701ko.jpg?l=ko,13000,9880,24.0,357,4.7,82,11,4,1,1,1,0,0,1,A000000224737,10000010012
2026-08-06,네일,30,포트레,포트레 네일 누보 리무버 200ml,https://www.oliveyoung.co.kr/store/goods/getGoodsDetail.do?goodsNo=A000000213668,https://image.oliveyoung.co.kr/cfimages/cf-goods/uploads/images/thumbnails/400/10/0000/0021/A00000021366803ko.jpg?l=ko,10000,9500,5.0,121,4.8,84,12,2,,1,1,0,0,1,A000000213668,10000010012
2026-08-06,네일,31,데싱디바,데싱디바 네일케어 6종,https://www.oliveyoung.co.kr/store/goods/getGoodsDetail.do?goodsNo=A000000146843,https://image.oliveyoung.co.kr/cfimages/cf-goods/uploads/images/thumbnails/400/10/0000/0014/A00000014684314ko.jpg?l=ko,12000,12000,0.0,2336,4.7,79,12,7,1,1,0,0,0,1,A000000146843,10000010012
2026-08-06,네일,32,핑거수트,핑거수트 폴리쉬 16종,https://www.oliveyoung.co.kr/store/goods/getGoodsDetail.do?goodsNo=A000000206213,https://image.oliveyoung.co.kr/cfimages/cf-goods/uploads/images/thumbnails/400/10/0000/0020/A00000020621346ko.jpg?l=ko,12000,11400,5.0,1276,4.7,80,13,6,1,1,1,0,0,1,A000000206213,10000010012
2026-08-06,네일,33,반디,[케어베어 콜라보] 반디 유니콘 하드너 7ml,https://www.oliveyoung.co.kr/store/goods/getGoodsDetail.do?goodsNo=A000000219849,https://image.oliveyoung.co.kr/cfimages/cf-goods/uploads/images/thumbnails/400/10/0000/0021/A00000021984959ko.jpg?l=ko,20000,16000,20.0,421,4.7,82,11,4,2,1,0,1,1,1,A000000219849,10000010012
2026-08-06,네일,34,반디,[NEW/이즈나방지민PICK]반디 살롱드네일 7ml 27종,https://www.oliveyoung.co.kr/store/goods/getGoodsDetail.do?goodsNo=A000000205815,https://image.oliveyoung.co.kr/cfimages/cf-goods/uploads/images/thumbnails/400/10/0000/0020/A00000020581546ko.jpg?l=ko,12000,9600,20.0,3258,4.6,77,12,6,2,3,0,1,1,1,A000000205815,10000010012
2026-08-06,네일,35,웨이크메이크,웨이크메이크 네일건 핑크 세럼 펜,https://www.oliveyoung.co.kr/store/goods/getGoodsDetail.do?goodsNo=A000000151272,https://image.oliveyoung.co.kr/cfimages/cf-goods/uploads/images/thumbnails/400/10/0000/0015/A00000015127202ko.jpg?l=ko,9800,8800,10.2,2147,4.6,75,17,7,1,1,1,0,0,1,A000000151272,10000010012
2026-08-06,네일,36,오호라,[NEW] 오호라 그린티 3-in-1 네일 리무버 50ml,https://www.oliveyoung.co.kr/store/goods/getGoodsDetail.do?goodsNo=A000000258650,https://image.oliveyoung.co.kr/cfimages/cf-goods/uploads/images/thumbnails/400/10/0000/0025/A00000025865005ko.jpg?l=ko,14000,14000,0.0,39,4.8,87,8,3,3,,0,0,0,1,A000000258650,10000010012
2026-08-06,네일,37,포트레,포트레 네일 누보 젤탑&베이스 2종 택1,https://www.oliveyoung.co.kr/store/goods/getGoodsDetail.do?goodsNo=A000000212045,https://image.oliveyoung.co.kr/cfimages/cf-goods/uploads/images/thumbnails/400/10/0000/0021/A00000021204504ko.jpg?l=ko,15000,13950,7.0,188,4.8,83,12,3,,2,1,1,0,1,A000000212045,10000010012
2026-08-06,네일,38,르멘트,[NEW/리뉴얼] 르멘트 케라틴 스무더 네일 세럼 단품/더블기획,https://www.oliveyoung.co.kr/store/goods/getGoodsDetail.do?goodsNo=A000000215332,https://image.oliveyoung.co.kr/cfimages/cf-goods/uploads/images/thumbnails/400/10/0000/0021/A00000021533211ko.jpg?l=ko,17000,13600,20.0,759,4.7,82,10,6,1,1,0,1,0,1,A000000215332,10000010012
2026-08-06,네일,39,디어에이,디어에이 루미너스 네일 에센스 3g,https://www.oliveyoung.co.kr/store/goods/getGoodsDetail.do?goodsNo=A000000180098,https://image.oliveyoung.co.kr/cfimages/cf-goods/uploads/images/thumbnails/400/10/0000/0018/A00000018009822ko.jpg?l=ko,10900,8500,22.0,2904,4.5,73,15,8,2,2,1,0,0,1,A000000180098,10000010012
2026-08-06,네일,40,닥터원더,닥터원더 네일 에센스 포켓 펜 ver.2,https://www.oliveyoung.co.kr/store/goods/getGoodsDetail.do?goodsNo=A000000152610,https://image.oliveyoung.co.kr/cfimages/cf-goods/uploads/images/thumbnails/400/10/0000/0015/A00000015261001ko.jpg?l=ko,9900,7900,20.2,5890,4.8,83,12,4,0,0,1,0,0,1,A000000152610,10000010012
2026-08-06,네일,41,코스노리,[큐티클간편케어] 코스노리 실크리페어 네일 크림 손톱영양제,https://www.oliveyoung.co.kr/store/goods/getGoodsDetail.do?goodsNo=A000000154617,https://image.oliveyoung.co.kr/cfimages/cf-goods/uploads/images/thumbnails/400/10/0000/0015/A00000015461729ko.jpg?l=ko,14000,11200,20.0,2858,4.7,80,14,5,0,1,1,0,0,1,A000000154617,10000010012
2026-08-06,네일,42,반디,[NEW컬러]반디 살롱드네일 마그넷네일 7ml 9종,https://www.oliveyoung.co.kr/store/goods/getGoodsDetail.do?goodsNo=A000000210522,https://image.oliveyoung.co.kr/cfimages/cf-goods/uploads/images/thumbnails/400/10/0000/0021/A00000021052217ko.jpg?l=ko,14000,11200,20.0,272,4.6,75,11,9,2,2,0,1,1,1,A000000210522,10000010012
2026-08-06,네일,43,위드샨,[스테디셀러] 위드샨 에코 네일 리무버 200ml,https://www.oliveyoung.co.kr/store/goods/getGoodsDetail.do?goodsNo=A000000165004,https://image.oliveyoung.co.kr/cfimages/cf-goods/uploads/images/thumbnails/400/10/0000/0016/A00000016500406ko.jpg?l=ko,6900,6760,2.0,1057,4.8,86,10,3,0,0,1,0,0,1,A000000165004,10000010012
2026-08-06,네일,44,올리오,[NEW/엔믹스PICK] 올리오 체리시 네일 폴리쉬 19종 중 택1,https://www.oliveyoung.co.kr/store/goods/getGoodsDetail.do?goodsNo=A000000252959,https://image.oliveyoung.co.kr/cfimages/cf-goods/uploads/images/thumbnails/400/10/0000/0025/A00000025295906ko.jpg?l=ko,16000,10900,31.9,1268,5.0,98,1,1,0,0,1,1,1,1,A000000252959,10000010012
2026-08-06,네일,45,팁토우,팁토우 시어 탑코트 네일 폴리쉬 3 Colors,https://www.oliveyoung.co.kr/store/goods/getGoodsDetail.do?goodsNo=A000000184637,https://image.oliveyoung.co.kr/cfimages/cf-goods/uploads/images/thumbnails/400/10/0000/0018/A00000018463714ko.png?l=ko,13000,10450,19.6,289,4.7,78,16,4,1,1,1,1,1,1,A000000184637,10000010012
2026-08-06,네일,46,위드샨,위드샨 큐티클오일 15ml 2종,https://www.oliveyoung.co.kr/store/goods/getGoodsDetail.do?goodsNo=A000000164036,https://image.oliveyoung.co.kr/cfimages/cf-goods/uploads/images/thumbnails/400/10/0000/0016/A00000016403608ko.jpg?l=ko,6000,5700,5.0,1875,4.7,80,14,5,1,0,1,0,0,1,A000000164036,10000010012
2026-08-06,네일,47,디어에이,[NEW] 디어에이 샤인 온 미 네일 컬러 37colors,https://www.oliveyoung.co.kr/store/goods/getGoodsDetail.do?goodsNo=A000000171538,https://image.oliveyoung.co.kr/cfimages/cf-goods/uploads/images/thumbnails/400/10/0000/0017/A00000017153895ko.jpg?l=ko,12000,9000,25.0,6693,4.6,76,15,6,1,1,1,0,0,1,A000000171538,10000010012
2026-08-06,네일,48,위드샨,위드샨 메가샤인탑코트 15ml,https://www.oliveyoung.co.kr/store/goods/getGoodsDetail.do?goodsNo=A000000164005,https://image.oliveyoung.co.kr/cfimages/cf-goods/uploads/images/thumbnails/400/10/0000/0016/A00000016400503ko.jpg?l=ko,9000,8730,3.0,376,4.5,70,18,7,2,3,1,0,0,1,A000000164005,10000010012
2026-08-06,네일,49,핑거수트,[에스파닝닝 착용] 핑거수트 네일팁 프리미엄 디자인 스웨이,https://www.oliveyoung.co.kr/store/goods/getGoodsDetail.do?goodsNo=A000000187759,https://image.oliveyoung.co.kr/cfimages/cf-goods/uploads/images/thumbnails/400/10/0000/0018/A00000018775917ko.jpg?l=ko,19800,18810,5.0,149,4.6,78,14,4,1,3,1,0,0,1,A000000187759,10000010012
2026-08-06,네일,50,멘소래담,[보습영양/세라마이드] 멘소래담 핸드베일 뷰티 프리미엄 리치네일,https://www.oliveyoung.co.kr/store/goods/getGoodsDetail.do?goodsNo=A000000111825,https://image.oliveyoung.co.kr/cfimages/cf-goods/uploads/images/thumbnails/400/10/0000/0011/A00000011182512ko.jpg?l=ko,13500,8460,37.3,4203,4.7,78,15,5,1,1,1,1,0,1,A000000111825,10000010012
2026-08-06,네일,51,멘소래담,[고농축단백질/손톱강화] 멘소래담 핸드베일 뷰티 프리미엄 리치네일 리페어 코트 10ml,https://www.oliveyoung.co.kr/store/goods/getGoodsDetail.do?goodsNo=A000000165917,https://image.oliveyoung.co.kr/cfimages/cf-goods/uploads/images/thumbnails/400/10/0000/0016/A00000016591704ko.png?l=ko,13000,8190,37.0,2210,4.6,75,15,8,2,1,1,1,0,1,A000000165917,10000010012
2026-08-06,네일,52,디어러스,디어러스 젤 리무버 100ml,https://www.oliveyoung.co.kr/store/goods/getGoodsDetail.do?goodsNo=A000000201162,https://image.oliveyoung.co.kr/cfimages/cf-goods/uploads/images/thumbnails/400/10/0000/0020/A00000020116202ko.jpg?l=ko,4900,4900,0.0,698,4.5,72,13,9,3,3,0,0,0,1,A000000201162,10000010012
2026-08-06,네일,53,반디,[베스트] 반디 핑크다이아 뿌리세럼 17ml,https://www.oliveyoung.co.kr/store/goods/getGoodsDetail.do?goodsNo=A000000189870,https://image.oliveyoung.co.kr/cfimages/cf-goods/uploads/images/thumbnails/400/10/0000/0018/A00000018987019ko.jpg?l=ko,20000,16000,20.0,1597,4.9,91,7,2,1,0,0,1,1,1,A000000189870,10000010012
2026-08-06,네일,54,오즈네일,오즈네일 고발색 고광택 샤인무드 네일 컬러 8ml 43colors,https://www.oliveyoung.co.kr/store/goods/getGoodsDetail.do?goodsNo=A000000206671,https://image.oliveyoung.co.kr/cfimages/cf-goods/uploads/images/thumbnails/400/10/0000/0020/A00000020667112ko.png?l=ko,7800,6600,15.4,1152,4.7,77,16,4,1,1,1,0,0,1,A000000206671,10000010012
2026-08-06,네일,55,데싱디바,[장원영실착] 데싱디바 매직프레스 디자인 듀이 체리,https://www.oliveyoung.co.kr/store/goods/getGoodsDetail.do?goodsNo=A000000256086,https://image.oliveyoung.co.kr/cfimages/cf-goods/uploads/images/thumbnails/400/10/0000/0025/A00000025608606ko.jpg?l=ko,14800,14800,0.0,64,4.7,81,9,8,2,,0,0,0,1,A000000256086,10000010012
2026-08-06,네일,56,위드샨,[영양/보호] 위드샨 루트 케어라인 15ml 3종,https://www.oliveyoung.co.kr/store/goods/getGoodsDetail.do?goodsNo=A000000208236,https://image.oliveyoung.co.kr/cfimages/cf-goods/uploads/images/thumbnails/400/10/0000/0020/A00000020823614ko.jpg?l=ko,12000,10800,10.0,121,4.7,81,12,6,2,,1,0,0,1,A000000208236,10000010012
2026-08-06,네일,57,위드샨,[빠른건조] 위드샨 60초 매니큐어 베이스코트&탑코트 15ml 5종,https://www.oliveyoung.co.kr/store/goods/getGoodsDetail.do?goodsNo=A000000206768,https://image.oliveyoung.co.kr/cfimages/cf-goods/uploads/images/thumbnails/400/10/0000/0020/A00000020676801ko.jpg?l=ko,6000,5880,2.0,190,4.6,80,12,4,1,3,1,0,0,1,A000000206768,10000010012
2026-08-06,네일,58,팁토우,[NEW] 팁토우 시럽 글리터 네일 폴리쉬 12 Colors,https://www.oliveyoung.co.kr/store/goods/getGoodsDetail.do?goodsNo=A000000184634,https://image.oliveyoung.co.kr/cfimages/cf-goods/uploads/images/thumbnails/400/10/0000/0018/A00000018463422ko.png?l=ko,16000,12920,19.2,1115,4.7,82,11,5,1,1,1,1,1,1,A000000184634,10000010012
2026-08-06,네일,59,반디,[속수분앰플] 반디 네일큐어 네일 앰플 7ml,https://www.oliveyoung.co.kr/store/goods/getGoodsDetail.do?goodsNo=A000000240463,https://image.oliveyoung.co.kr/cfimages/cf-goods/uploads/images/thumbnails/400/10/0000/0024/A00000024046301ko.jpg?l=ko,15000,12000,20.0,102,4.8,86,9,4,,1,1,0,1,1,A000000240463,10000010012
2026-08-06,네일,60,오즈네일,[NEW] 오즈네일 파인애플 큐티클 리무버 10ml & 듀얼푸셔 기획세트,https://www.oliveyoung.co.kr/store/goods/getGoodsDetail.do?goodsNo=A000000206656,https://image.oliveyoung.co.kr/cfimages/cf-goods/uploads/images/thumbnails/400/10/0000/0020/A00000020665607ko.jpg?l=ko,12800,11500,10.2,132,4.6,78,10,8,1,4,1,0,0,1,A000000206656,10000010012
2026-08-06,네일,61,핑거수트,핑거수트 프리미엄 파츠 빈티지 모브,https://www.oliveyoung.co.kr/store/goods/getGoodsDetail.do?goodsNo=A000000262653,https://image.oliveyoung.co.kr/cfimages/cf-goods/uploads/images/thumbnails/400/10/0000/0026/A00000026265334ko.jpg?l=ko,20800,10280,50.6,0,0.0,,,,,,1,1,0,1,A000000262653,10000010012
2026-08-06,네일,62,코스노리,코스노리 컬러테라피 비건 네일 세럼 3종 (시트러스/라벤더/로즈),https://www.oliveyoung.co.kr/store/goods/getGoodsDetail.do?goodsNo=A000000192710,https://image.oliveyoung.co.kr/cfimages/cf-goods/uploads/images/thumbnails/400/10/0000/0019/A00000019271017ko.jpg?l=ko,12000,8400,30.0,643,4.8,84,10,5,1,0,1,0,0,1,A000000192710,10000010012
2026-08-06,네일,63,위드샨,[미경화젤 제거] 위드샨 헬씨 젤 클리너 200ml,https://www.oliveyoung.co.kr/store/goods/getGoodsDetail.do?goodsNo=A000000179735,https://image.oliveyoung.co.kr/cfimages/cf-goods/uploads/images/thumbnails/400/10/0000/0017/A00000017973507ko.jpg?l=ko,6900,6760,2.0,57,4.7,79,11,9,2,,1,0,0,1,A000000179735,10000010012
2026-08-06,네일,64,코트,[NO리무버] 코트 필오프 수성네일 10ml 7종,https://www.oliveyoung.co.kr/store/goods/getGoodsDetail.do?goodsNo=A000000167367,https://image.oliveyoung.co.kr/cfimages/cf-goods/uploads/images/thumbnails/400/10/0000/0016/A00000016736718ko.jpg?l=ko,10000,6000,40.0,740,4.6,81,8,6,2,3,1,0,0,1,A000000167367,10000010012
2026-08-06,네일,65,데싱디바,[NEW/장원영픽] 데싱디바 매직프레스 네일샵콜라보 네일/페디 11종,https://www.oliveyoung.co.kr/store/goods/getGoodsDetail.do?goodsNo=A000000259933,https://image.oliveyoung.co.kr/cfimages/cf-goods/uploads/images/thumbnails/400/10/0000/0025/A00000025993301ko.jpg?l=ko,14800,14800,0.0,44,4.8,89,7,,2,2,0,0,0,1,A000000259933,10000010012
2026-08-06,네일,66,위드샨,[NEW/칩라인] 위드샨 60초 매니큐어 시럽 솔리드 글리터 9ml 30종,https://www.oliveyoung.co.kr/store/goods/getGoodsDetail.do?goodsNo=A000000189297,https://image.oliveyoung.co.kr/cfimages/cf-goods/uploads/images/thumbnails/400/10/0000/0018/A00000018929712ko.jpg?l=ko,5500,5390,2.0,5082,4.4,64,20,10,3,3,1,0,0,1,A000000189297,10000010012
2026-08-06,네일,67,오호라,[NEW] 오호라 라이스 플럼핑 큐티클 세럼 50ml,https://www.oliveyoung.co.kr/store/goods/getGoodsDetail.do?goodsNo=A000000258651,https://image.oliveyoung.co.kr/cfimages/cf-goods/uploads/images/thumbnails/400/10/0000/0025/A00000025865108ko.jpg?l=ko,19000,17800,6.3,28,4.9,93,7,,,,1,0,0,1,A000000258651,10000010012
2026-08-06,네일,68,핑거수트,[NEW/물광] 핑거수트 네일팁 프리미엄 디자인 18종,https://www.oliveyoung.co.kr/store/goods/getGoodsDetail.do?goodsNo=A000000197364,https://image.oliveyoung.co.kr/cfimages/cf-goods/uploads/images/thumbnails/400/10/0000/0019/A00000019736441ko.jpg?l=ko,19800,18810,5.0,797,4.7,80,12,4,2,2,1,0,0,1,A000000197364,10000010012
2026-08-06,네일,69,반디,반디 살롱드네일 베이스 & 탑코트 7ml 2종,https://www.oliveyoung.co.kr/store/goods/getGoodsDetail.do?goodsNo=A000000210512,https://image.oliveyoung.co.kr/cfimages/cf-goods/uploads/images/thumbnails/400/10/0000/0021/A00000021051218ko.jpg?l=ko,12000,9600,20.0,275,4.7,80,14,4,1,1,0,1,1,1,A000000210512,10000010012
2026-08-06,네일,70,위드샨,[논아세톤] 위드샨 아세톤프리 리프레쉬 네일 리무버 100ml,https://www.oliveyoung.co.kr/store/goods/getGoodsDetail.do?goodsNo=A000000166250,https://image.oliveyoung.co.kr/cfimages/cf-goods/uploads/images/thumbnails/400/10/0000/0016/A00000016625002ko.jpg?l=ko,4900,4800,2.0,979,4.6,78,13,6,1,2,1,0,0,1,A000000166250,10000010012
2026-08-06,네일,71,데싱디바,[NEW] 데싱디바 매직프레스 조앤프렌즈 네일/페디 6종,https://www.oliveyoung.co.kr/store/goods/getGoodsDetail.do?goodsNo=A000000257286,https://image.oliveyoung.co.kr/cfimages/cf-goods/uploads/images/thumbnails/400/10/0000/0025/A00000025728601ko.jpg?l=ko,18800,18800,0.0,117,4.8,90,5,3,1,1,0,0,0,1,A000000257286,10000010012
2026-08-06,네일,72,데싱디바,[장원영실착] 데싱디바 매직프레스 프리미엄 로즈멜트,https://www.oliveyoung.co.kr/store/goods/getGoodsDetail.do?goodsNo=A000000256088,https://image.oliveyoung.co.kr/cfimages/cf-goods/uploads/images/thumbnails/400/10/0000/0025/A00000025608806ko.jpg?l=ko,18800,18800,0.0,52,4.6,83,6,8,,4,0,0,0,1,A000000256088,10000010012
2026-08-06,네일,73,반디,[NEW/페디케어] 반디 더마페디 3종,https://www.oliveyoung.co.kr/store/goods/getGoodsDetail.do?goodsNo=A000000184657,https://image.oliveyoung.co.kr/cfimages/cf-goods/uploads/images/thumbnails/400/10/0000/0018/A00000018465729ko.jpg?l=ko,25000,20000,20.0,1895,4.7,78,13,7,1,1,1,0,1,1,A000000184657,10000010012
2026-08-06,네일,74,위드샨,[쉬운관리] 위드샨 진짜네일케어세트(큐티클케어세트),https://www.oliveyoung.co.kr/store/goods/getGoodsDetail.do?goodsNo=A000000164001,https://image.oliveyoung.co.kr/cfimages/cf-goods/uploads/images/thumbnails/400/10/0000/0016/A00000016400105ko.jpg?l=ko,12500,11500,8.0,1756,4.5,69,18,9,2,2,1,0,0,1,A000000164001,10000010012
2026-08-06,네일,75,위드샨,[손톱강화] 위드샨 네일스트랭쓰너 15ml,https://www.oliveyoung.co.kr/store/goods/getGoodsDetail.do?goodsNo=A000000164002,https://image.oliveyoung.co.kr/cfimages/cf-goods/uploads/images/thumbnails/400/10/0000/0016/A00000016400207ko.jpg?l=ko,9000,8820,2.0,628,4.7,77,15,6,2,1,1,0,0,1,A000000164002,10000010012
2026-08-06,네일,76,젤로젤로,젤로젤로 프리미엄 시럽젤 젤네일폴리쉬 (18종),https://www.oliveyoung.co.kr/store/goods/getGoodsDetail.do?goodsNo=B000000147312,https://image.oliveyoung.co.kr/cfimages/cf-goods/uploads/images/thumbnails/400/10/0000/0014/B00000014731206ko.jpg?l=ko,9800,9800,0.0,343,4.8,88,6,5,,1,0,0,0,0,B000000147312,10000010012
2026-08-06,네일,77,젤로젤로,젤로젤로 원킬리무버+필오프베이스젤,https://www.oliveyoung.co.kr/store/goods/getGoodsDetail.do?goodsNo=B000000144671,https://image.oliveyoung.co.kr/cfimages/cf-goods/uploads/images/thumbnails/400/10/0000/0014/B00000014467102ko.jpg?l=ko,19800,19800,0.0,253,4.7,81,11,4,1,3,0,0,0,0,B000000144671,10000010012
2026-08-06,네일,78,디젤,[NEW]디젤 힐링 포션 8ml (단품/기획),https://www.oliveyoung.co.kr/store/goods/getGoodsDetail.do?goodsNo=A000000201012,https://image.oliveyoung.co.kr/cfimages/cf-goods/uploads/images/thumbnails/400/10/0000/0020/A00000020101215ko.jpg?l=ko,18000,18000,0.0,398,4.8,90,6,2,1,1,0,0,0,1,A000000201012,10000010012
2026-08-06,네일,79,오즈네일,[NEW] 오즈네일 비타민 네일 링거 손톱 영양제 10ml,https://www.oliveyoung.co.kr/store/goods/getGoodsDetail.do?goodsNo=A000000236295,https://image.oliveyoung.co.kr/cfimages/cf-goods/uploads/images/thumbnails/400/10/0000/0023/A00000023629502ko.jpg?l=ko,13800,12400,10.1,53,4.8,83,9,8,,,1,0,0,1,A000000236295,10000010012
2026-08-06,네일,80,엣지유,[램프X/] 엣지유 샵젤 네일/페디 스티커 34종,https://www.oliveyoung.co.kr/store/goods/getGoodsDetail.do?goodsNo=A000000185823,https://image.oliveyoung.co.kr/cfimages/cf-goods/uploads/images/thumbnails/400/10/0000/0018/A00000018582346ko.jpg?l=ko,10000,8000,20.0,3614,4.5,76,11,6,2,4,1,0,0,1,A000000185823,10000010012
2026-08-06,네일,81,르멘트,[2종 세트] 르멘트 큐티클 클리닉 듀오 (세럼 & 이지오프 펜),https://www.oliveyoung.co.kr/store/goods/getGoodsDetail.do?goodsNo=A000000251914,https://image.oliveyoung.co.kr/cfimages/cf-goods/uploads/images/thumbnails/400/10/0000/0025/A00000025191401ko.jpg?l=ko,29000,18850,35.0,12,4.8,83,8,8,,,0,1,0,1,A000000251914,10000010012
2026-08-06,네일,82,젤로젤로,젤로젤로 셀프젤네일 프리미엄 컬러 젤네일 폴리쉬 중 택,https://www.oliveyoung.co.kr/store/goods/getGoodsDetail.do?goodsNo=B000000143901,https://image.oliveyoung.co.kr/cfimages/cf-goods/uploads/images/thumbnails/400/10/0000/0014/B00000014390106ko.jpg?l=ko,9800,9800,0.0,447,4.7,78,16,3,1,1,0,0,0,0,B000000143901,10000010012
2026-08-06,네일,83,티타니아,티타니아 손발톱영양제(A타입),https://www.oliveyoung.co.kr/store/goods/getGoodsDetail.do?goodsNo=A000000001458,https://image.oliveyoung.co.kr/cfimages/cf-goods/uploads/images/thumbnails/400/10/0000/0000/A00000000145803ko.jpg?l=ko,15000,15000,0.0,937,4.6,68,24,6,1,1,0,0,0,1,A000000001458,10000010012
2026-08-06,네일,84,르멘트,[NEW] 르멘트 큐티클 이지 오프 펜 1.6ml 단품/기획,https://www.oliveyoung.co.kr/store/goods/getGoodsDetail.do?goodsNo=A000000249692,https://image.oliveyoung.co.kr/cfimages/cf-goods/uploads/images/thumbnails/400/10/0000/0024/A00000024969201ko.jpg?l=ko,12000,10800,10.0,32,4.7,81,16,,,3,0,1,0,1,A000000249692,10000010012
2026-08-06,네일,85,오즈네일,[NEW] 오즈네일 카렌듈라 네일&큐티클 오일 10ml,https://www.oliveyoung.co.kr/store/goods/getGoodsDetail.do?goodsNo=A000000206654,https://image.oliveyoung.co.kr/cfimages/cf-goods/uploads/images/thumbnails/400/10/0000/0020/A00000020665402ko.jpg?l=ko,9800,8900,9.2,81,4.7,80,14,5,1,,1,0,0,1,A000000206654,10000010012
2026-08-06,네일,86,르멘트,[NEW 케어2종] 르멘트 반짝임 다즐링 네일 하드너 & 쉬머스 네일 영양제,https://www.oliveyoung.co.kr/store/goods/getGoodsDetail.do?goodsNo=A000000189836,https://image.oliveyoung.co.kr/cfimages/cf-goods/uploads/images/thumbnails/400/10/0000/0018/A00000018983630ko.jpg?l=ko,18000,15300,15.0,914,4.5,73,14,8,2,3,0,1,0,1,A000000189836,10000010012
2026-08-06,네일,87,위드샨,위드샨 케어라인 15ml 4종,https://www.oliveyoung.co.kr/store/goods/getGoodsDetail.do?goodsNo=A000000164011,https://image.oliveyoung.co.kr/cfimages/cf-goods/uploads/images/thumbnails/400/10/0000/0016/A00000016401107ko.jpg?l=ko,9000,8730,3.0,1623,4.6,74,15,8,2,2,1,0,0,1,A000000164011,10000010012
2026-08-06,네일,88,젤로젤로,젤로젤로 논와이프 고광택 글로시탑젤,https://www.oliveyoung.co.kr/store/goods/getGoodsDetail.do?goodsNo=B000000143914,https://image.oliveyoung.co.kr/cfimages/cf-goods/uploads/images/thumbnails/400/10/0000/0014/B00000014391402ko.jpg?l=ko,12000,12000,0.0,122,4.7,79,15,4,,2,0,0,0,0,B000000143914,10000010012
2026-08-06,네일,89,젤로젤로,젤로젤로 픽서베이스젤 3종,https://www.oliveyoung.co.kr/store/goods/getGoodsDetail.do?goodsNo=B000000143903,https://image.oliveyoung.co.kr/cfimages/cf-goods/uploads/images/thumbnails/400/10/0000/0014/B00000014390302ko.jpg?l=ko,33000,33000,0.0,36,4.7,83,11,,6,,0,0,0,0,B000000143903,10000010012
2026-08-06,네일,90,르멘트,르멘트 탑&베이스 코트 2종 14ml,https://www.oliveyoung.co.kr/store/goods/getGoodsDetail.do?goodsNo=A000000184937,https://image.oliveyoung.co.kr/cfimages/cf-goods/uploads/images/thumbnails/400/10/0000/0018/A00000018493715ko.jpg?l=ko,13000,11050,15.0,67,4.8,85,13,1,,,0,1,0,1,A000000184937,10000010012
2026-08-06,네일,91,위드샨,[세로줄 커버] 위드샨 3-in-1 네일파운데이션 15ml,https://www.oliveyoung.co.kr/store/goods/getGoodsDetail.do?goodsNo=A000000164038,https://image.oliveyoung.co.kr/cfimages/cf-goods/uploads/images/thumbnails/400/10/0000/0016/A00000016403804ko.jpg?l=ko,9000,8730,3.0,284,4.5,73,14,8,3,1,1,0,0,1,A000000164038,10000010012
2026-08-06,네일,92,셀리한센,셀리한센 미라클큐어 13.3ml,https://www.oliveyoung.co.kr/store/goods/getGoodsDetail.do?goodsNo=A000000004739,https://image.oliveyoung.co.kr/cfimages/cf-goods/uploads/images/thumbnails/400/10/0000/0000/A00000000473903ko.jpg?l=ko,18000,18000,0.0,308,4.6,72,16,9,2,1,0,0,0,1,A000000004739,10000010012
2026-08-06,네일,93,셀리한센,셀리한센 인스턴트큐티클리무버 29.5ml,https://www.oliveyoung.co.kr/store/goods/getGoodsDetail.do?goodsNo=A000000004725,https://image.oliveyoung.co.kr/cfimages/cf-goods/uploads/images/thumbnails/400/10/0000/0000/A00000000472506ko.jpg?l=ko,14500,14500,0.0,2489,4.8,83,12,4,1,1,0,0,0,1,A000000004725,10000010012
2026-08-06,네일,94,오호라,[NEW] 오호라 투웨이 마그넷 스틱,https://www.oliveyoung.co.kr/store/goods/getGoodsDetail.do?goodsNo=A000000259809,https://image.oliveyoung.co.kr/cfimages/cf-goods/uploads/images/thumbnails/400/10/0000/0025/A00000025980902ko.jpg?l=ko,5000,4000,20.0,11,5.0,100,,,,,1,0,0,1,A000000259809,10000010012
2026-08-06,네일,95,젤로젤로,젤로젤로 필오프베이스젤,https://www.oliveyoung.co.kr/store/goods/getGoodsDetail.do?goodsNo=B000000143900,https://image.oliveyoung.co.kr/cfimages/cf-goods/uploads/images/thumbnails/400/10/0000/0014/B00000014390002ko.jpg?l=ko,12000,12000,0.0,46,4.9,89,9,2,,,0,0,0,0,B000000143900,10000010012
2026-08-06,네일,96,엣지유,엣지유 스페셜 스타터키트 ENA318 플래닛마그넷,https://www.oliveyoung.co.kr/store/goods/getGoodsDetail.do?goodsNo=A000000228093,https://image.oliveyoung.co.kr/cfimages/cf-goods/uploads/images/thumbnails/400/10/0000/0022/A00000022809305ko.jpg?l=ko,20000,16000,20.0,82,4.6,74,12,11,1,1,1,0,0,1,A000000228093,10000010012
2026-08-06,네일,97,셀리한센,셀리한센 트리플스트롱 13.3ml,https://www.oliveyoung.co.kr/store/goods/getGoodsDetail.do?goodsNo=A000000004734,https://image.oliveyoung.co.kr/cfimages/cf-goods/uploads/images/thumbnails/400/10/0000/0000/A00000000473403ko.jpg?l=ko,14500,14500,0.0,1136,4.6,74,18,6,1,1,0,0,0,1,A000000004734,10000010012
2026-08-06,네일,98,큐티클스,큐티클스 큐티클오일 15ml 6종 택1,https://www.oliveyoung.co.kr/store/goods/getGoodsDetail.do?goodsNo=A000000109390,https://image.oliveyoung.co.kr/cfimages/cf-goods/uploads/images/thumbnails/400/10/0000/0010/A00000010939010ko.jpg?l=ko,9800,9800,0.0,180,4.5,69,19,9,2,2,0,0,0,1,A000000109390,10000010012
2026-08-06,네일,99,젤로젤로,젤로젤로 프리미엄 네온 젤네일 젤폴리쉬,https://www.oliveyoung.co.kr/store/goods/getGoodsDetail.do?goodsNo=B000000147314,https://image.oliveyoung.co.kr/cfimages/cf-goods/uploads/images/thumbnails/400/10/0000/0014/B00000014731401ko.jpg?l=ko,9800,9800,0.0,28,5.0,96,4,,,,0,0,0,0,B000000147314,10000010012
2026-08-06,네일,100,위드샨,[필오프베이스] 위드샨 스트리퍼 15ml,https://www.oliveyoung.co.kr/store/goods/getGoodsDetail.do?goodsNo=A000000164056,https://image.oliveyoung.co.kr/cfimages/cf-goods/uploads/images/thumbnails/400/10/0000/0016/A00000016405601ko.jpg?l=ko,7900,7420,6.1,173,4.6,74,19,4,1,2,1,0,0,1,A000000164056,10000010012
2026-08-06,뷰티소품,1,코링코,[1등 속눈썹/또렷눈매] 코링코 톡톡하라 노글루 속눈썹 15종 택1,https://www.oliveyoung.co.kr/store/goods/getGoodsDetail.do?goodsNo=A000000213569,https://image.oliveyoung.co.kr/cfimages/cf-goods/uploads/images/thumbnails/400/10/0000/0021/A00000021356928ko.jpg?l=ko,22000,14900,32.3,18543,4.8,84,11,4,1,1,1,0,0,1,A000000213569,10000010006
2026-08-06,뷰티소품,2,필리밀리,필리밀리 미니메이크업브러시키트(5종) 단품/기획,https://www.oliveyoung.co.kr/store/goods/getGoodsDetail.do?goodsNo=A000000223751,https://image.oliveyoung.co.kr/cfimages/cf-goods/uploads/images/thumbnails/400/10/0000/0022/A00000022375119ko.jpg?l=ko,22000,10920,50.4,8341,4.8,85,11,3,0,0,1,1,0,1,A000000223751,10000010006
2026-08-06,뷰티소품,3,스튜디오17,[NEW/SNS입소문템/5분홈스파] 스튜디오17 소프트 스크럽 샤워 글로브 2종 택1,https://www.oliveyoung.co.kr/store/goods/getGoodsDetail.do?goodsNo=A000000261661,https://image.oliveyoung.co.kr/cfimages/cf-goods/uploads/images/thumbnails/400/10/0000/0026/A00000026166103ko.jpg?l=ko,19000,13100,31.1,104,4.6,77,11,10,,3,1,1,1,1,A000000261661,10000010006
2026-08-06,뷰티소품,4,필리밀리,[베스트퍼프모음] 필리밀리 퍼프 골라담기 택1,https://www.oliveyoung.co.kr/store/goods/getGoodsDetail.do?goodsNo=A000000247600,https://image.oliveyoung.co.kr/cfimages/cf-goods/uploads/images/thumbnails/400/10/0000/0024/A00000024760017ko.jpg?l=ko,5500,4500,18.2,26340,4.8,88,9,3,0,0,1,1,0,1,A000000247600,10000010006
2026-08-06,뷰티소품,5,필리밀리,[2025 어워즈1등] 필리밀리 히팅뷰러 골라담기 택 1,https://www.oliveyoung.co.kr/store/goods/getGoodsDetail.do?goodsNo=A000000189126,https://image.oliveyoung.co.kr/cfimages/cf-goods/uploads/images/thumbnails/400/10/0000/0018/A00000018912683ko.jpg?l=ko,22900,20800,9.2,27463,4.7,79,13,5,1,2,0,1,0,1,A000000189126,10000010006
2026-08-06,뷰티소품,6,저스트썸띵,[NEW디자인] 저스트썸띵 마이타입 노글루 속눈썹 6종 중 택1 (가닥/올영 단독 컬러),https://www.oliveyoung.co.kr/store/goods/getGoodsDetail.do?goodsNo=A000000233226,https://image.oliveyoung.co.kr/cfimages/cf-goods/uploads/images/thumbnails/400/10/0000/0023/A00000023322661ko.jpg?l=ko,18000,12150,32.5,3671,4.8,85,10,3,1,2,1,1,0,1,A000000233226,10000010006
2026-08-06,뷰티소품,7,에스쁘아,[1등 쿠션퍼프]에스쁘아 비글로우/비벨벳/실크 쿠션 퍼프5P/파우더 퍼프4P (4종 택1),https://www.oliveyoung.co.kr/store/goods/getGoodsDetail.do?goodsNo=A000000178556,https://image.oliveyoung.co.kr/cfimages/cf-goods/uploads/images/thumbnails/400/10/0000/0017/A00000017855624ko.jpg?l=ko,10000,8500,15.0,58155,4.8,87,9,3,0,0,0,1,0,1,A000000178556,10000010006
2026-08-06,뷰티소품,8,올리브영,올리브영 뷰티 데일리템 대용량 7종 택1,https://www.oliveyoung.co.kr/store/goods/getGoodsDetail.do?goodsNo=A000000237572,https://image.oliveyoung.co.kr/cfimages/cf-goods/uploads/images/thumbnails/400/10/0000/0023/A00000023757209ko.jpg?l=ko,7000,7000,0.0,25836,4.9,90,7,2,0,0,0,0,0,1,A000000237572,10000010006
2026-08-06,뷰티소품,9,스튜디오17,[희소PICK/올인원키트출시] 스튜디오17 팡팡 퍼프 시리즈 3종 중 택 1,https://www.oliveyoung.co.kr/store/goods/getGoodsDetail.do?goodsNo=A000000247488,https://image.oliveyoung.co.kr/cfimages/cf-goods/uploads/images/thumbnails/400/10/0000/0024/A00000024748821ko.jpg?l=ko,16800,12800,23.8,19005,4.9,89,8,2,0,0,1,1,1,1,A000000247488,10000010006
2026-08-06,뷰티소품,10,필리밀리,[베스트구성] 필리밀리 브러시 세트 골라담기,https://www.oliveyoung.co.kr/store/goods/getGoodsDetail.do?goodsNo=A000000225250,https://image.oliveyoung.co.kr/cfimages/cf-goods/uploads/images/thumbnails/400/10/0000/0022/A00000022525042ko.jpg?l=ko,14000,11800,15.7,32459,4.8,87,10,3,0,0,1,1,0,1,A000000225250,10000010006
2026-08-06,뷰티소품,11,필리밀리,[용도별 브러시PICK] 필리밀리 메이크업 브러시 골라담기 9종 택1,https://www.oliveyoung.co.kr/store/goods/getGoodsDetail.do?goodsNo=A000000176552,https://image.oliveyoung.co.kr/cfimages/cf-goods/uploads/images/thumbnails/400/10/0000/0017/A00000017655213ko.jpg?l=ko,5000,4200,16.0,36728,4.8,84,11,4,0,0,1,1,0,1,A000000176552,10000010006
2026-08-06,뷰티소품,12,필리밀리,[속눈썹 실패 걱정 끝] 필리밀리 속눈썹 골라담기 택1(포인트 가닥/노글루/컷팅/미들포인트/접착제),https://www.oliveyoung.co.kr/store/goods/getGoodsDetail.do?goodsNo=A000000219331,https://image.oliveyoung.co.kr/cfimages/cf-goods/uploads/images/thumbnails/400/10/0000/0021/A00000021933157ko.jpg?l=ko,11000,7800,29.1,27748,4.7,79,11,6,2,2,1,1,0,1,A000000219331,10000010006
2026-08-06,뷰티소품,13,필리밀리,필리밀리 베이스 메이크업 브러시 20종 택1(파운데이션/블러셔/컨실러/쉐딩/하이라이터/파우더),https://www.oliveyoung.co.kr/store/goods/getGoodsDetail.do?goodsNo=A000000207921,https://image.oliveyoung.co.kr/cfimages/cf-goods/uploads/images/thumbnails/400/10/0000/0020/A00000020792115ko.jpg?l=ko,6000,4800,20.0,2496,4.7,82,12,5,1,1,1,1,0,1,A000000207921,10000010006
2026-08-06,뷰티소품,14,더툴랩,[1등 퍼프] 더툴랩 프리미엄 퍼프 모음(기획/단품),https://www.oliveyoung.co.kr/store/goods/getGoodsDetail.do?goodsNo=A000000180955,https://image.oliveyoung.co.kr/cfimages/cf-goods/uploads/images/thumbnails/400/10/0000/0018/A000000180955231ko.jpg?l=ko,13000,11740,9.7,15537,4.7,83,11,4,1,1,1,1,1,1,A000000180955,10000010006
2026-08-06,뷰티소품,15,필리밀리,필리밀리 열판 롤 브러시 3종 택 1 (40mm/50mm/65mm),https://www.oliveyoung.co.kr/store/goods/getGoodsDetail.do?goodsNo=A000000182618,https://image.oliveyoung.co.kr/cfimages/cf-goods/uploads/images/thumbnails/400/10/0000/0018/A00000018261817ko.jpg?l=ko,12000,8800,26.7,13592,4.8,83,12,4,0,0,1,1,0,1,A000000182618,10000010006
2026-08-06,뷰티소품,16,바닐라코,[NEW디자인/베이비몬스터 PICK] 바닐라코 컬리 스튜디오 노글루 아이래쉬 5종 택1,https://www.oliveyoung.co.kr/store/goods/getGoodsDetail.do?goodsNo=A000000247245,https://image.oliveyoung.co.kr/cfimages/cf-goods/uploads/images/thumbnails/400/10/0000/0024/A00000024724591ko.jpg?l=ko,20000,13300,33.5,3079,4.8,89,7,3,0,1,1,1,1,1,A000000247245,10000010006
2026-08-06,뷰티소품,17,시루콧토,[대용량 기획] 시루콧토 페이셜타월40매 X 3입 기획,https://www.oliveyoung.co.kr/store/goods/getGoodsDetail.do?goodsNo=A000000206013,https://image.oliveyoung.co.kr/cfimages/cf-goods/uploads/images/thumbnails/400/10/0000/0020/A00000020601310ko.jpg?l=ko,15900,13100,17.6,1820,4.9,94,5,1,,0,1,1,1,1,A000000206013,10000010006
2026-08-06,뷰티소품,18,올리브영,올리브영 순면화장솜 100매,https://www.oliveyoung.co.kr/store/goods/getGoodsDetail.do?goodsNo=A000000235187,https://image.oliveyoung.co.kr/cfimages/cf-goods/uploads/images/thumbnails/400/10/0000/0023/A00000023518701ko.jpg?l=ko,1000,1000,0.0,20803,4.9,90,7,2,0,0,0,0,0,1,A000000235187,10000010006
2026-08-06,뷰티소품,19,올리브영,[수건대용/순면100%]올리브영 페이스타월 4종(단품/더블기획/트리플기획/빅페이스),https://www.oliveyoung.co.kr/store/goods/getGoodsDetail.do?goodsNo=A000000241678,https://image.oliveyoung.co.kr/cfimages/cf-goods/uploads/images/thumbnails/400/10/0000/0024/A00000024167820ko.jpg?l=ko,5000,5000,0.0,13044,4.8,88,9,3,0,0,0,0,0,1,A000000241678,10000010006
2026-08-06,뷰티소품,20,시세이도,시세이도 아이래쉬컬러 컬링 뷰러,https://www.oliveyoung.co.kr/store/goods/getGoodsDetail.do?goodsNo=A000000005500,https://image.oliveyoung.co.kr/cfimages/cf-goods/uploads/images/thumbnails/400/10/0000/0000/A00000000550018ko.jpg?l=ko,18000,16000,11.1,24762,4.8,84,10,4,1,1,0,1,0,1,A000000005500,10000010006
2026-08-06,뷰티소품,21,일소,[짱구 콜라보] 일소 딥 클린 마스터(블랙헤드 제거기) 기획 (+스티커2종+면봉10개),https://www.oliveyoung.co.kr/store/goods/getGoodsDetail.do?goodsNo=A000000259541,https://image.oliveyoung.co.kr/cfimages/cf-goods/uploads/images/thumbnails/400/10/0000/0025/A00000025954182ko.jpg?l=ko,7900,7500,5.1,16752,4.8,87,9,3,0,0,1,0,0,1,A000000259541,10000010006
2026-08-06,뷰티소품,22,필리밀리,[손쉽게완성] 필리밀리 노글루 포인트 가닥 속눈썹 골라담기 택1,https://www.oliveyoung.co.kr/store/goods/getGoodsDetail.do?goodsNo=A000000225273,https://image.oliveyoung.co.kr/cfimages/cf-goods/uploads/images/thumbnails/400/10/0000/0022/A00000022527356ko.jpg?l=ko,11000,7800,29.1,5084,4.5,74,14,8,2,2,1,1,0,1,A000000225273,10000010006
2026-08-06,뷰티소품,23,갸스비,[5년연속 1위] 갸스비 기름종이 파우더 타입 70매+70매,https://www.oliveyoung.co.kr/store/goods/getGoodsDetail.do?goodsNo=A000000006670,https://image.oliveyoung.co.kr/cfimages/cf-goods/uploads/images/thumbnails/400/10/0000/0000/A00000000667032ko.png?l=ko,8600,6880,20.0,21946,4.9,90,8,2,0,0,0,1,1,1,A000000006670,10000010006
2026-08-06,뷰티소품,24,스튜디오17,[빨래판뚜껑/참숯클렌징] 스튜디오17 브러쉬&퍼프 클렌저,https://www.oliveyoung.co.kr/store/goods/getGoodsDetail.do?goodsNo=A000000184796,https://image.oliveyoung.co.kr/cfimages/cf-goods/uploads/images/thumbnails/400/10/0000/0018/A00000018479665ko.jpg?l=ko,11000,7920,28.0,25383,4.9,91,7,2,0,0,1,1,1,1,A000000184796,10000010006
2026-08-06,뷰티소품,25,닥터지,"[피지조절/저자극] 닥터지 레드 블레미쉬 오일 컨트롤 페이퍼 70매 2종 (단품,더블 기획)",https://www.oliveyoung.co.kr/store/goods/getGoodsDetail.do?goodsNo=A000000135363,https://image.oliveyoung.co.kr/cfimages/cf-goods/uploads/images/thumbnails/400/10/0000/0013/A00000013536314ko.jpg?l=ko,5000,4200,16.0,19145,4.9,90,8,2,0,0,1,0,0,1,A000000135363,10000010006
2026-08-06,뷰티소품,26,필리밀리,[샵퀄리티] 필리밀리 포인트 가닥 속눈썹 5종 택1,https://www.oliveyoung.co.kr/store/goods/getGoodsDetail.do?goodsNo=A000000214790,https://image.oliveyoung.co.kr/cfimages/cf-goods/uploads/images/thumbnails/400/10/0000/0021/A00000021479080ko.jpg?l=ko,14000,14000,0.0,16656,4.7,80,12,6,1,2,0,0,0,1,A000000214790,10000010006
2026-08-06,뷰티소품,27,시루콧토,[NEW] 시루콧토 페이셜 타월 40P,https://www.oliveyoung.co.kr/store/goods/getGoodsDetail.do?goodsNo=A000000192853,https://image.oliveyoung.co.kr/cfimages/cf-goods/uploads/images/thumbnails/400/10/0000/0019/A00000019285313ko.jpg?l=ko,6500,4400,32.3,14452,4.9,92,6,1,0,0,1,1,1,1,A000000192853,10000010006
2026-08-06,뷰티소품,28,갸스비,갸스비 기름종이 필름 타입 70매+70매,https://www.oliveyoung.co.kr/store/goods/getGoodsDetail.do?goodsNo=A000000001425,https://image.oliveyoung.co.kr/cfimages/cf-goods/uploads/images/thumbnails/400/10/0000/0000/A00000000142514ko.jpg?l=ko,8600,5510,35.9,11094,4.9,88,9,2,0,0,1,1,1,1,A000000001425,10000010006
2026-08-06,뷰티소품,29,시루콧토,시루콧토 우루우루 40매 4개입/ 7개입 기획 택 1,https://www.oliveyoung.co.kr/store/goods/getGoodsDetail.do?goodsNo=A000000152653,https://image.oliveyoung.co.kr/cfimages/cf-goods/uploads/images/thumbnails/400/10/0000/0015/A00000015265304ko.jpg?l=ko,12900,9510,26.3,21215,4.9,91,7,1,0,0,1,1,1,1,A000000152653,10000010006
2026-08-06,뷰티소품,30,크리스마,크리스마 코튼 3종 모음 (페이스타올/화장솜),https://www.oliveyoung.co.kr/store/goods/getGoodsDetail.do?goodsNo=A000000174218,https://image.oliveyoung.co.kr/cfimages/cf-goods/uploads/images/thumbnails/400/10/0000/0017/A00000017421808ko.jpg?l=ko,5900,5300,10.2,8989,4.9,89,8,2,0,0,1,1,0,1,A000000174218,10000010006
2026-08-06,뷰티소품,31,필리밀리,[2025 어워즈 수상] 필리밀리 아이브러시 프로컬렉션(5종) 단품/기획,https://www.oliveyoung.co.kr/store/goods/getGoodsDetail.do?goodsNo=A000000164840,https://image.oliveyoung.co.kr/cfimages/cf-goods/uploads/images/thumbnails/400/10/0000/0016/A00000016484065ko.jpg?l=ko,28000,20800,25.7,16887,4.8,86,10,3,0,0,1,1,0,1,A000000164840,10000010006
2026-08-06,뷰티소품,32,필리밀리,필리밀리 밀착플랫파운데이션브러시 826,https://www.oliveyoung.co.kr/store/goods/getGoodsDetail.do?goodsNo=A000000231707,https://image.oliveyoung.co.kr/cfimages/cf-goods/uploads/images/thumbnails/400/10/0000/0023/A00000023170703ko.jpg?l=ko,20000,18900,5.5,1218,4.7,79,13,5,1,1,1,0,0,1,A000000231707,10000010006
2026-08-06,뷰티소품,33,필리밀리,[리필출시] 필리밀리 팩트형 단면 쌍꺼풀 테이프 2종 택1 (슬림라인/부분라인),https://www.oliveyoung.co.kr/store/goods/getGoodsDetail.do?goodsNo=A000000233491,https://image.oliveyoung.co.kr/cfimages/cf-goods/uploads/images/thumbnails/400/10/0000/0023/A00000023349105ko.jpg?l=ko,8500,7900,7.1,4905,4.6,76,12,8,2,3,1,0,0,1,A000000233491,10000010006
2026-08-06,뷰티소품,34,아헤브,아헤브 올데이 컬링 스틱(속눈썹 컬링 디바이스),https://www.oliveyoung.co.kr/store/goods/getGoodsDetail.do?goodsNo=A000000245169,https://image.oliveyoung.co.kr/cfimages/cf-goods/uploads/images/thumbnails/400/10/0000/0024/A00000024516916ko.jpg?l=ko,49000,39000,20.4,225,4.8,85,6,8,,0,1,0,0,1,A000000245169,10000010006
2026-08-06,뷰티소품,35,정샘물,[1등쿠션퍼프/쫀쫀착붙] 정샘물 쿠션 퍼프 3종,https://www.oliveyoung.co.kr/store/goods/getGoodsDetail.do?goodsNo=A000000197280,https://image.oliveyoung.co.kr/cfimages/cf-goods/uploads/images/thumbnails/400/10/0000/0019/A00000019728011ko.jpg?l=ko,5000,5000,0.0,7578,4.9,90,7,2,0,0,0,0,0,1,A000000197280,10000010006
2026-08-06,뷰티소품,36,브링그린,[유분기싹] 브링그린 쑥한지 기름종이 70매 (2입기획/단품),https://www.oliveyoung.co.kr/store/goods/getGoodsDetail.do?goodsNo=A000000190447,https://image.oliveyoung.co.kr/cfimages/cf-goods/uploads/images/thumbnails/400/10/0000/0019/A00000019044716ko.jpg?l=ko,6500,5800,10.8,32829,4.8,85,11,4,1,0,1,0,1,1,A000000190447,10000010006
2026-08-06,뷰티소품,37,키스미,[기획&단품] 키스미 퍼펙트 투 핸들 아이래시 컬러 (뷰러),https://www.oliveyoung.co.kr/store/goods/getGoodsDetail.do?goodsNo=A000000162934,https://image.oliveyoung.co.kr/cfimages/cf-goods/uploads/images/thumbnails/400/10/0000/0016/A00000016293471ko.png?l=ko,15000,15000,0.0,8617,4.7,79,13,6,1,1,0,0,0,1,A000000162934,10000010006
2026-08-06,뷰티소품,38,필리밀리,필리밀리 사선라이너브러시535,https://www.oliveyoung.co.kr/store/goods/getGoodsDetail.do?goodsNo=A000000229646,https://image.oliveyoung.co.kr/cfimages/cf-goods/uploads/images/thumbnails/400/10/0000/0022/A00000022964603ko.jpg?l=ko,5000,5000,0.0,7283,4.8,86,10,3,0,0,0,0,0,1,A000000229646,10000010006
2026-08-06,뷰티소품,39,올리브영,올리브영 실키화장솜 80매,https://www.oliveyoung.co.kr/store/goods/getGoodsDetail.do?goodsNo=A000000235189,https://image.oliveyoung.co.kr/cfimages/cf-goods/uploads/images/thumbnails/400/10/0000/0023/A00000023518901ko.jpg?l=ko,2000,2000,0.0,10388,4.9,91,6,3,0,0,0,0,0,1,A000000235189,10000010006
2026-08-06,뷰티소품,40,올리브영,올리브영 슬림헤드눈썹칼 2개_by KAI,https://www.oliveyoung.co.kr/store/goods/getGoodsDetail.do?goodsNo=A000000238817,https://image.oliveyoung.co.kr/cfimages/cf-goods/uploads/images/thumbnails/400/10/0000/0023/A00000023881701ko.jpg?l=ko,2000,2000,0.0,5698,4.9,91,7,2,0,0,0,0,0,1,A000000238817,10000010006
2026-08-06,뷰티소품,41,시루콧토,시루콧토 화장솜/페이스타올 8종 택 1 (페이셜 타월 2종/우루우루 4종/후키토리 2종),https://www.oliveyoung.co.kr/store/goods/getGoodsDetail.do?goodsNo=A000000261855,https://image.oliveyoung.co.kr/cfimages/cf-goods/uploads/images/thumbnails/400/10/0000/0026/A00000026185514ko.png?l=ko,3400,2380,30.0,78319,4.9,90,8,2,0,0,1,1,1,1,A000000261855,10000010006
2026-08-06,뷰티소품,42,헤라,헤라 블랙 쿠션 파운데이션 퍼프 2종,https://www.oliveyoung.co.kr/store/goods/getGoodsDetail.do?goodsNo=A000000203668,https://image.oliveyoung.co.kr/cfimages/cf-goods/uploads/images/thumbnails/400/10/0000/0020/A00000020366801ko.jpg?l=ko,8000,7200,10.0,1535,4.9,90,7,2,1,0,0,1,0,1,A000000203668,10000010006
2026-08-06,뷰티소품,43,깜빡,[신규 디자인 출시] 깜빡 노글루 속눈썹 12종 택 1 (기획/단품),https://www.oliveyoung.co.kr/store/goods/getGoodsDetail.do?goodsNo=A000000228549,https://image.oliveyoung.co.kr/cfimages/cf-goods/uploads/images/thumbnails/400/10/0000/0022/A00000022854923ko.jpg?l=ko,17000,12800,24.7,1273,4.7,82,11,4,1,1,1,0,0,1,A000000228549,10000010006
2026-08-06,뷰티소품,44,필리밀리,필리밀리 메이크업 스펀지 7종 택1,https://www.oliveyoung.co.kr/store/goods/getGoodsDetail.do?goodsNo=A000000227717,https://image.oliveyoung.co.kr/cfimages/cf-goods/uploads/images/thumbnails/400/10/0000/0022/A00000022771712ko.jpg?l=ko,4500,3900,13.3,2712,4.6,78,12,7,2,2,1,0,0,1,A000000227717,10000010006
2026-08-06,뷰티소품,45,올리브영,올리브영 안전눈썹칼 2개,https://www.oliveyoung.co.kr/store/goods/getGoodsDetail.do?goodsNo=A000000238666,https://image.oliveyoung.co.kr/cfimages/cf-goods/uploads/images/thumbnails/400/10/0000/0023/A00000023866601ko.jpg?l=ko,1000,1000,0.0,8493,4.9,91,7,2,0,0,0,0,0,1,A000000238666,10000010006
2026-08-06,뷰티소품,46,피카소,[올리브영 단독기획] 피카소 메이크업 스파츌라 한정 에디션 (2종 중 택1),https://www.oliveyoung.co.kr/store/goods/getGoodsDetail.do?goodsNo=A000000200242,https://image.oliveyoung.co.kr/cfimages/cf-goods/uploads/images/thumbnails/400/10/0000/0020/A00000020024230ko.jpg?l=ko,19000,14900,21.6,24556,4.8,85,12,3,0,0,1,0,0,1,A000000200242,10000010006
2026-08-06,뷰티소품,47,필리밀리,필리밀리X챠미키티 에디션 18종 택1,https://www.oliveyoung.co.kr/store/goods/getGoodsDetail.do?goodsNo=A000000248432,https://image.oliveyoung.co.kr/cfimages/cf-goods/uploads/images/thumbnails/400/10/0000/0024/A00000024843202ko.jpg?l=ko,8000,3800,52.5,23407,4.7,84,9,4,1,1,1,1,0,1,A000000248432,10000010006
2026-08-06,뷰티소품,48,올리브영,올리브영 단면누드쌍꺼풀테이프 44개,https://www.oliveyoung.co.kr/store/goods/getGoodsDetail.do?goodsNo=A000000236470,https://image.oliveyoung.co.kr/cfimages/cf-goods/uploads/images/thumbnails/400/10/0000/0023/A00000023647003ko.jpg?l=ko,1000,1000,0.0,9693,4.8,86,8,4,1,1,0,0,0,1,A000000236470,10000010006
2026-08-06,뷰티소품,49,필리밀리,[실버글리치 에디션 출시] 필리밀리 아이메이크업 브러시키트(6종) 단품/기획,https://www.oliveyoung.co.kr/store/goods/getGoodsDetail.do?goodsNo=A000000223753,https://image.oliveyoung.co.kr/cfimages/cf-goods/uploads/images/thumbnails/400/10/0000/0022/A00000022375315ko.jpg?l=ko,14000,11800,15.7,24802,4.8,86,11,3,0,0,1,1,0,1,A000000223753,10000010006
2026-08-06,뷰티소품,50,올리브영,올리브영 듀얼라운드화장솜 60매,https://www.oliveyoung.co.kr/store/goods/getGoodsDetail.do?goodsNo=A000000235422,https://image.oliveyoung.co.kr/cfimages/cf-goods/uploads/images/thumbnails/400/10/0000/0023/A00000023542201ko.jpg?l=ko,3000,3000,0.0,2224,4.8,88,9,2,0,1,0,0,0,1,A000000235422,10000010006
2026-08-06,뷰티소품,51,키보,[NEW / 대용량 출시] 키보 노글루 속눈썹 삐삐래쉬 21종 중 택1 (기획/단품),https://www.oliveyoung.co.kr/store/goods/getGoodsDetail.do?goodsNo=A000000210049,https://image.oliveyoung.co.kr/cfimages/cf-goods/uploads/images/thumbnails/400/10/0000/0021/A00000021004966ko.png?l=ko,13000,9900,23.8,5134,4.6,79,12,6,1,2,1,0,1,1,A000000210049,10000010006
2026-08-06,뷰티소품,52,크리스마,크리스마 더마랩 페이스타올 80매 3개입,https://www.oliveyoung.co.kr/store/goods/getGoodsDetail.do?goodsNo=A000000241208,https://image.oliveyoung.co.kr/cfimages/cf-goods/uploads/images/thumbnails/400/10/0000/0024/A00000024120802ko.jpg?l=ko,16900,15900,5.9,9112,4.9,89,8,2,0,0,1,1,0,1,A000000241208,10000010006
2026-08-06,뷰티소품,53,올리브영,올리브영 양면쌍꺼풀테이프 44개,https://www.oliveyoung.co.kr/store/goods/getGoodsDetail.do?goodsNo=A000000236458,https://image.oliveyoung.co.kr/cfimages/cf-goods/uploads/images/thumbnails/400/10/0000/0023/A00000023645801ko.jpg?l=ko,1000,1000,0.0,10311,4.8,87,8,3,1,1,0,0,0,1,A000000236458,10000010006
2026-08-06,뷰티소품,54,화홍엠,[올영한정기획] 화홍엠 163&258 브러쉬 듀오 (기획/단품),https://www.oliveyoung.co.kr/store/goods/getGoodsDetail.do?goodsNo=A000000248062,https://image.oliveyoung.co.kr/cfimages/cf-goods/uploads/images/thumbnails/400/10/0000/0024/A00000024806206ko.jpg?l=ko,16000,16000,0.0,5824,4.8,85,11,4,0,0,0,0,0,1,A000000248062,10000010006
2026-08-06,뷰티소품,55,더툴랩,[툴세척템] 더툴랩 툴 클렌저 3종(툴 클렌징 솝/클렌징 티슈/브러쉬 클렌저),https://www.oliveyoung.co.kr/store/goods/getGoodsDetail.do?goodsNo=A000000210096,https://image.oliveyoung.co.kr/cfimages/cf-goods/uploads/images/thumbnails/400/10/0000/0021/A00000021009689ko.jpg?l=ko,14000,11060,21.0,2768,4.8,84,11,4,1,1,0,1,1,1,A000000210096,10000010006
2026-08-06,뷰티소품,56,피카소,피카소 133 픽싱 파우더 브러쉬,https://www.oliveyoung.co.kr/store/goods/getGoodsDetail.do?goodsNo=A000000162605,https://image.oliveyoung.co.kr/cfimages/cf-goods/uploads/images/thumbnails/400/10/0000/0016/A00000016260501ko.jpg?l=ko,58000,39000,32.8,1215,4.9,91,7,2,0,0,1,0,0,1,A000000162605,10000010006
2026-08-06,뷰티소품,57,필리밀리,필리밀리 코렉터 브러시 3종 택1,https://www.oliveyoung.co.kr/store/goods/getGoodsDetail.do?goodsNo=A000000229648,https://image.oliveyoung.co.kr/cfimages/cf-goods/uploads/images/thumbnails/400/10/0000/0022/A00000022964808ko.jpg?l=ko,6500,6500,0.0,27078,4.8,82,12,4,1,1,0,0,0,1,A000000229648,10000010006
2026-08-06,뷰티소품,58,올리브영,올리브영 순한비건면봉 600개,https://www.oliveyoung.co.kr/store/goods/getGoodsDetail.do?goodsNo=A000000235190,https://image.oliveyoung.co.kr/cfimages/cf-goods/uploads/images/thumbnails/400/10/0000/0023/A00000023519001ko.jpg?l=ko,4000,4000,0.0,50636,4.8,85,10,4,1,1,0,0,0,1,A000000235190,10000010006
2026-08-06,뷰티소품,59,필리밀리,필리밀리 퍼프 단품 골라담기 택 1(1개입/2개입/3개입),https://www.oliveyoung.co.kr/store/goods/getGoodsDetail.do?goodsNo=A000000226557,https://image.oliveyoung.co.kr/cfimages/cf-goods/uploads/images/thumbnails/400/10/0000/0022/A00000022655707ko.jpg?l=ko,5000,4600,8.0,2789,4.8,85,9,4,1,1,1,0,0,1,A000000226557,10000010006
2026-08-06,뷰티소품,60,필리밀리,필리밀리 듀얼 메이크업 스파츌라,https://www.oliveyoung.co.kr/store/goods/getGoodsDetail.do?goodsNo=A000000238729,https://image.oliveyoung.co.kr/cfimages/cf-goods/uploads/images/thumbnails/400/10/0000/0023/A00000023872904ko.jpg?l=ko,12000,10800,10.0,5685,4.8,85,12,3,0,0,0,1,0,1,A000000238729,10000010006
2026-08-06,뷰티소품,61,올리브영,올리브영 정교한 족집게,https://www.oliveyoung.co.kr/store/goods/getGoodsDetail.do?goodsNo=A000000242060,https://image.oliveyoung.co.kr/cfimages/cf-goods/uploads/images/thumbnails/400/10/0000/0024/A00000024206001ko.jpg?l=ko,1000,1000,0.0,6299,4.9,90,7,2,1,1,0,0,0,1,A000000242060,10000010006
2026-08-06,뷰티소품,62,더툴랩,[재구매 1위/베스트] 더툴랩 초밀착 듀오 5종 (아쿠아/촉촉/커버/보송/에어리),https://www.oliveyoung.co.kr/store/goods/getGoodsDetail.do?goodsNo=A000000181059,https://image.oliveyoung.co.kr/cfimages/cf-goods/uploads/images/thumbnails/400/10/0000/0018/A000000181059197ko.jpg?l=ko,31500,26780,15.0,6191,4.7,83,11,4,1,1,0,1,1,1,A000000181059,10000010006
2026-08-06,뷰티소품,63,피카소,피카소 라텍스 스퀘어 메이크업 스펀지 6P/20p/리필,https://www.oliveyoung.co.kr/store/goods/getGoodsDetail.do?goodsNo=A000000175289,https://image.oliveyoung.co.kr/cfimages/cf-goods/uploads/images/thumbnails/400/10/0000/0017/A00000017528908ko.jpg?l=ko,13000,13000,0.0,3861,4.7,81,12,5,1,1,0,0,0,1,A000000175289,10000010006
2026-08-06,뷰티소품,64,올리브영,올리브영 늘어나는화장솜 90매,https://www.oliveyoung.co.kr/store/goods/getGoodsDetail.do?goodsNo=A000000235197,https://image.oliveyoung.co.kr/cfimages/cf-goods/uploads/images/thumbnails/400/10/0000/0023/A00000023519701ko.jpg?l=ko,3000,3000,0.0,5534,4.7,81,11,5,1,1,0,0,0,1,A000000235197,10000010006
2026-08-06,뷰티소품,65,코링코,코링코 톡톡하라 트위저(프로 핏/커브드),https://www.oliveyoung.co.kr/store/goods/getGoodsDetail.do?goodsNo=A000000180970,https://image.oliveyoung.co.kr/cfimages/cf-goods/uploads/images/thumbnails/400/10/0000/0018/A00000018097008ko.jpg?l=ko,10000,9200,8.0,2691,4.8,86,10,3,0,1,1,0,0,1,A000000180970,10000010006
2026-08-06,뷰티소품,66,리터니티,[박지현PICK/올영어워즈] 리터니티 이어테라피,https://www.oliveyoung.co.kr/store/goods/getGoodsDetail.do?goodsNo=A000000225024,https://image.oliveyoung.co.kr/cfimages/cf-goods/uploads/images/thumbnails/400/10/0000/0022/A00000022502461ko.png?l=ko,15000,11400,24.0,7237,4.7,84,10,4,1,1,1,0,0,1,A000000225024,10000010006
2026-08-06,뷰티소품,67,더툴랩,[쿠션용 베스트 4P] 더툴랩 프리미엄 쿠션용 퍼프(기획/단품),https://www.oliveyoung.co.kr/store/goods/getGoodsDetail.do?goodsNo=A000000221574,https://image.oliveyoung.co.kr/cfimages/cf-goods/uploads/images/thumbnails/400/10/0000/0022/A00000022157467ko.jpg?l=ko,21000,18960,9.7,14529,4.7,83,11,4,1,1,1,1,1,1,A000000221574,10000010006
2026-08-06,뷰티소품,68,스튜디오17,[기본필수템] 스튜디오17 아이메이크업 브러쉬 세트,https://www.oliveyoung.co.kr/store/goods/getGoodsDetail.do?goodsNo=A000000169835,https://image.oliveyoung.co.kr/cfimages/cf-goods/uploads/images/thumbnails/400/10/0000/0016/A00000016983534ko.jpg?l=ko,12900,10900,15.5,7241,4.8,87,10,3,0,0,1,0,1,1,A000000169835,10000010006
2026-08-06,뷰티소품,69,필리밀리,필리밀리 실리콘 바디 브러시,https://www.oliveyoung.co.kr/store/goods/getGoodsDetail.do?goodsNo=A000000238328,https://image.oliveyoung.co.kr/cfimages/cf-goods/uploads/images/thumbnails/400/10/0000/0023/A00000023832805ko.jpg?l=ko,11900,9900,16.8,3262,4.5,69,17,10,2,2,1,0,0,1,A000000238328,10000010006
2026-08-06,뷰티소품,70,홀리카홀리카,홀리카홀리카 마이페이브 멀티 팔레트 케이스/에센셜 핏 브러쉬,https://www.oliveyoung.co.kr/store/goods/getGoodsDetail.do?goodsNo=A000000187681,https://image.oliveyoung.co.kr/cfimages/cf-goods/uploads/images/thumbnails/400/10/0000/0018/A00000018768109ko.jpg?l=ko,6000,4800,20.0,5590,4.9,91,6,2,0,0,1,0,0,1,A000000187681,10000010006
2026-08-06,뷰티소품,71,투쿨포스쿨,투쿨포스쿨 피니쉬 세팅 오일 페이퍼 (본품+리필 / 리필+리필),https://www.oliveyoung.co.kr/store/goods/getGoodsDetail.do?goodsNo=A000000143365,https://image.oliveyoung.co.kr/cfimages/cf-goods/uploads/images/thumbnails/400/10/0000/0014/A00000014336508ko.png?l=ko,8500,7500,11.8,16216,4.8,84,12,3,1,0,1,0,0,1,A000000143365,10000010006
2026-08-06,뷰티소품,72,시루콧토,시루콧토 우루우루 화장솜 40매입,https://www.oliveyoung.co.kr/store/goods/getGoodsDetail.do?goodsNo=A000000017129,https://image.oliveyoung.co.kr/cfimages/cf-goods/uploads/images/thumbnails/400/10/0000/0001/A00000001712903ko.jpg?l=ko,3400,2380,30.0,31738,4.8,87,10,2,0,0,1,1,1,1,A000000017129,10000010006
2026-08-06,뷰티소품,73,올리브영,올리브영 부드러운 샤워볼,https://www.oliveyoung.co.kr/store/goods/getGoodsDetail.do?goodsNo=A000000232576,https://image.oliveyoung.co.kr/cfimages/cf-goods/uploads/images/thumbnails/400/10/0000/0023/A00000023257601ko.jpg?l=ko,1000,1000,0.0,8755,4.9,92,6,2,0,0,0,0,0,1,A000000232576,10000010006
2026-08-06,뷰티소품,74,투쿨포스쿨,투쿨포스쿨 프로타주 펜슬 샤프너 12mm,https://www.oliveyoung.co.kr/store/goods/getGoodsDetail.do?goodsNo=A000000238833,https://image.oliveyoung.co.kr/cfimages/cf-goods/uploads/images/thumbnails/400/10/0000/0023/A00000023883301ko.jpg?l=ko,1000,1000,0.0,4657,4.8,89,7,3,0,1,0,0,0,1,A000000238833,10000010006
2026-08-06,뷰티소품,75,필리밀리,필리밀리 스탠다드핏뷰러 21R,https://www.oliveyoung.co.kr/store/goods/getGoodsDetail.do?goodsNo=A000000224975,https://image.oliveyoung.co.kr/cfimages/cf-goods/uploads/images/thumbnails/400/10/0000/0022/A00000022497502ko.jpg?l=ko,10900,10900,0.0,391,4.3,63,16,13,3,5,0,0,0,1,A000000224975,10000010006
2026-08-06,뷰티소품,76,필리밀리,필리밀리 하이라이터빔브러시듀오,https://www.oliveyoung.co.kr/store/goods/getGoodsDetail.do?goodsNo=A000000229649,https://image.oliveyoung.co.kr/cfimages/cf-goods/uploads/images/thumbnails/400/10/0000/0022/A00000022964902ko.jpg?l=ko,18000,18000,0.0,3049,4.8,86,10,3,0,0,0,0,0,1,A000000229649,10000010006
2026-08-06,뷰티소품,77,카이,KAI 미니눈썹칼 3입,https://www.oliveyoung.co.kr/store/goods/getGoodsDetail.do?goodsNo=A000000001455,https://image.oliveyoung.co.kr/cfimages/cf-goods/uploads/images/thumbnails/400/10/0000/0000/A00000000145511ko.jpg?l=ko,3000,3000,0.0,24991,4.8,88,8,2,0,0,0,0,0,1,A000000001455,10000010006
2026-08-06,뷰티소품,78,올리브영,올리브영 엠보싱면봉 140개,https://www.oliveyoung.co.kr/store/goods/getGoodsDetail.do?goodsNo=A000000235429,https://image.oliveyoung.co.kr/cfimages/cf-goods/uploads/images/thumbnails/400/10/0000/0023/A00000023542901ko.jpg?l=ko,2000,2000,0.0,2852,4.8,88,9,3,1,1,0,0,0,1,A000000235429,10000010006
2026-08-06,뷰티소품,79,필리밀리,필리밀리 미니 스파츌라브러시 828,https://www.oliveyoung.co.kr/store/goods/getGoodsDetail.do?goodsNo=A000000209108,https://image.oliveyoung.co.kr/cfimages/cf-goods/uploads/images/thumbnails/400/10/0000/0020/A00000020910827ko.jpg?l=ko,10900,10900,0.0,4506,4.8,84,12,4,1,0,0,0,0,1,A000000209108,10000010006
2026-08-06,뷰티소품,80,화홍엠,[유튜버 추천템] 화홍엠 컨실러 브러쉬 2종 택1,https://www.oliveyoung.co.kr/store/goods/getGoodsDetail.do?goodsNo=A000000208838,https://image.oliveyoung.co.kr/cfimages/cf-goods/uploads/images/thumbnails/400/10/0000/0020/A00000020883816ko.jpg?l=ko,14000,12600,10.0,3790,4.8,85,11,3,0,0,1,0,0,1,A000000208838,10000010006
2026-08-06,뷰티소품,81,스튜디오17,스튜디오17 브러쉬-핏 핑거 퍼프 5P,https://www.oliveyoung.co.kr/store/goods/getGoodsDetail.do?goodsNo=A000000222337,https://image.oliveyoung.co.kr/cfimages/cf-goods/uploads/images/thumbnails/400/10/0000/0022/A00000022233701ko.jpg?l=ko,10000,6500,35.0,297,4.8,81,13,5,1,,1,0,1,1,A000000222337,10000010006
2026-08-06,뷰티소품,82,그린벨,그린벨 NEW미세모용족집게(블랙),https://www.oliveyoung.co.kr/store/goods/getGoodsDetail.do?goodsNo=A000000205635,https://image.oliveyoung.co.kr/cfimages/cf-goods/uploads/images/thumbnails/400/10/0000/0020/A00000020563501ko.jpg?l=ko,19000,19000,0.0,1202,4.7,81,9,6,1,2,0,0,0,1,A000000205635,10000010006
2026-08-06,뷰티소품,83,피카소,피카소 798 플랫 아이라이너 브러쉬,https://www.oliveyoung.co.kr/store/goods/getGoodsDetail.do?goodsNo=A000000186330,https://image.oliveyoung.co.kr/cfimages/cf-goods/uploads/images/thumbnails/400/10/0000/0018/A00000018633002ko.jpg?l=ko,27000,27000,0.0,159,4.9,87,11,1,1,,0,0,0,1,A000000186330,10000010006
2026-08-06,뷰티소품,84,올리오,[1위속눈썹] 올리오 노글루 속눈썹 32종+트위저 2종 (노글루 위키드 에디션 포함),https://www.oliveyoung.co.kr/store/goods/getGoodsDetail.do?goodsNo=A000000232666,https://image.oliveyoung.co.kr/cfimages/cf-goods/uploads/images/thumbnails/400/10/0000/0023/A00000023266634ko.jpg?l=ko,12000,8900,25.8,10448,4.9,92,4,2,1,1,1,0,1,1,A000000232666,10000010006
2026-08-06,뷰티소품,85,필리밀리,필리밀리 빅사이즈 퍼프 4종(정교한 통통/파우더/하이드로/피팅),https://www.oliveyoung.co.kr/store/goods/getGoodsDetail.do?goodsNo=A000000241103,https://image.oliveyoung.co.kr/cfimages/cf-goods/uploads/images/thumbnails/400/10/0000/0024/A00000024110309ko.jpg?l=ko,6000,4600,23.3,4764,4.8,84,10,4,1,1,1,1,0,1,A000000241103,10000010006
2026-08-06,뷰티소품,86,코링코,[속눈썹맛집/1등속눈썹] 코링코 노글루/가닥/하프 속눈썹 중 택1,https://www.oliveyoung.co.kr/store/goods/getGoodsDetail.do?goodsNo=A000000220733,https://image.oliveyoung.co.kr/cfimages/cf-goods/uploads/images/thumbnails/400/10/0000/0022/A00000022073311ko.jpg?l=ko,20000,20000,0.0,37024,4.8,83,11,4,1,1,0,0,0,1,A000000220733,10000010006
2026-08-06,뷰티소품,87,일소,[피지순삭] 일소 딥 클린 마스터 (블랙헤드 제거기),https://www.oliveyoung.co.kr/store/goods/getGoodsDetail.do?goodsNo=A000000207822,https://image.oliveyoung.co.kr/cfimages/cf-goods/uploads/images/thumbnails/400/10/0000/0020/A00000020782294ko.jpg?l=ko,7900,7500,5.1,24299,4.8,86,10,4,1,1,1,0,0,1,A000000207822,10000010006
2026-08-06,뷰티소품,88,필리밀리,[8월올영픽] 필리밀리 세라믹 바디 괄사(+파우치 포함),https://www.oliveyoung.co.kr/store/goods/getGoodsDetail.do?goodsNo=A000000231122,https://image.oliveyoung.co.kr/cfimages/cf-goods/uploads/images/thumbnails/400/10/0000/0023/A00000023112205ko.jpg?l=ko,18900,17900,5.3,3099,4.8,84,11,3,0,0,1,0,0,1,A000000231122,10000010006
2026-08-06,뷰티소품,89,정샘물,[NEW/브러쉬4종+파우치] 정샘물 마스터클래스 컨투어 브러쉬 포터블 키트,https://www.oliveyoung.co.kr/store/goods/getGoodsDetail.do?goodsNo=A000000252625,https://image.oliveyoung.co.kr/cfimages/cf-goods/uploads/images/thumbnails/400/10/0000/0025/A00000025262505ko.jpg?l=ko,43000,32250,25.0,9,5.0,100,,,,,1,0,0,1,A000000252625,10000010006
2026-08-06,뷰티소품,90,필리밀리,필리밀리 파우더톡톡퍼프 5P,https://www.oliveyoung.co.kr/store/goods/getGoodsDetail.do?goodsNo=A000000231516,https://image.oliveyoung.co.kr/cfimages/cf-goods/uploads/images/thumbnails/400/10/0000/0023/A00000023151604ko.jpg?l=ko,7500,5500,26.7,5610,4.8,86,9,4,1,0,1,1,0,1,A000000231516,10000010006
2026-08-06,뷰티소품,91,올리브영,올리브영 다겹분리무표백순면화장솜 80매,https://www.oliveyoung.co.kr/store/goods/getGoodsDetail.do?goodsNo=A000000236618,https://image.oliveyoung.co.kr/cfimages/cf-goods/uploads/images/thumbnails/400/10/0000/0023/A00000023661801ko.jpg?l=ko,3000,3000,0.0,2885,4.9,89,9,2,0,0,0,0,0,1,A000000236618,10000010006
2026-08-06,뷰티소품,92,퓌,[NEW/민스코 공동개발] 퓌 올데이 커버 블랙 퍼프 5매,https://www.oliveyoung.co.kr/store/goods/getGoodsDetail.do?goodsNo=A000000254889,https://image.oliveyoung.co.kr/cfimages/cf-goods/uploads/images/thumbnails/400/10/0000/0025/A00000025488901ko.jpg?l=ko,8000,7000,12.5,308,4.9,92,6,2,0,0,1,0,0,1,A000000254889,10000010006
2026-08-06,뷰티소품,93,갸스비,[5년연속 1위] 갸스비 파우더 타입 기름종이 70매,https://www.oliveyoung.co.kr/store/goods/getGoodsDetail.do?goodsNo=A000000001422,https://image.oliveyoung.co.kr/cfimages/cf-goods/uploads/images/thumbnails/400/10/0000/0000/A00000000142217ko.png?l=ko,4600,3420,25.7,16895,4.9,90,8,2,0,0,1,1,1,1,A000000001422,10000010006
2026-08-06,뷰티소품,94,필리밀리,필리밀리 샴푸 브러시(마사저) 2종 택1,https://www.oliveyoung.co.kr/store/goods/getGoodsDetail.do?goodsNo=A000000171409,https://image.oliveyoung.co.kr/cfimages/cf-goods/uploads/images/thumbnails/400/10/0000/0017/A00000017140903ko.jpg?l=ko,7500,6100,18.7,9905,4.8,84,11,4,1,1,1,0,0,1,A000000171409,10000010006
2026-08-06,뷰티소품,95,올리브영,올리브영 1/2화장솜 80매,https://www.oliveyoung.co.kr/store/goods/getGoodsDetail.do?goodsNo=A000000236326,https://image.oliveyoung.co.kr/cfimages/cf-goods/uploads/images/thumbnails/400/10/0000/0023/A00000023632601ko.jpg?l=ko,3000,3000,0.0,3656,4.9,91,7,2,0,0,0,0,0,1,A000000236326,10000010006
2026-08-06,뷰티소품,96,필리밀리,필리밀리 쉐딩 브러시 2종(코/턱),https://www.oliveyoung.co.kr/store/goods/getGoodsDetail.do?goodsNo=A000000184431,https://image.oliveyoung.co.kr/cfimages/cf-goods/uploads/images/thumbnails/400/10/0000/0018/A00000018443108ko.jpg?l=ko,9500,9500,0.0,9015,4.8,85,10,4,1,0,0,0,0,1,A000000184431,10000010006
2026-08-06,뷰티소품,97,비디비치,비디비치 스킨 핏/커버 핏 쿠션 퍼프 5P (2종 택 1),https://www.oliveyoung.co.kr/store/goods/getGoodsDetail.do?goodsNo=A000000228447,https://image.oliveyoung.co.kr/cfimages/cf-goods/uploads/images/thumbnails/400/10/0000/0022/A00000022844705ko.jpg?l=ko,10000,8000,20.0,649,4.8,89,8,3,0,0,1,0,0,1,A000000228447,10000010006
2026-08-06,뷰티소품,98,필리밀리,필리밀리 여드름압출기,https://www.oliveyoung.co.kr/store/goods/getGoodsDetail.do?goodsNo=A000000228557,https://image.oliveyoung.co.kr/cfimages/cf-goods/uploads/images/thumbnails/400/10/0000/0022/A00000022855702ko.jpg?l=ko,4500,4500,0.0,5920,4.3,65,15,12,4,4,0,0,0,1,A000000228557,10000010006
2026-08-06,뷰티소품,99,클리오,클리오 하이드로 메이크업 스펀지 오리지널 엣지 (4개입),https://www.oliveyoung.co.kr/store/goods/getGoodsDetail.do?goodsNo=A000000188692,https://image.oliveyoung.co.kr/cfimages/cf-goods/uploads/images/thumbnails/400/10/0000/0018/A00000018869208ko.jpg?l=ko,10000,8000,20.0,4365,4.8,85,10,4,1,1,1,0,0,1,A000000188692,10000010006
2026-08-06,뷰티소품,100,필리밀리,필리밀리 포인트 블러셔브러시 885,https://www.oliveyoung.co.kr/store/goods/getGoodsDetail.do?goodsNo=A000000229645,https://image.oliveyoung.co.kr/cfimages/cf-goods/uploads/images/thumbnails/400/10/0000/0022/A00000022964505ko.jpg?l=ko,10000,8800,12.0,10744,4.9,89,8,2,0,0,0,1,0,1,A000000229645,10000010006
2026-08-06,더모 코스메틱,1,라로슈포제,[8.6 하루특가/손상장벽집중케어] 라로슈포제 시카플라스트 밤 B5+ 100ml 기획 (+3ml 추가증정),https://www.oliveyoung.co.kr/store/goods/getGoodsDetail.do?goodsNo=A000000206904,https://image.oliveyoung.co.kr/cfimages/cf-goods/uploads/images/thumbnails/400/10/0000/0020/A00000020690412ko.jpg?l=ko,41000,29900,27.1,26354,4.8,86,10,3,1,1,0,1,0,1,A000000206904,10000010008
2026-08-06,더모 코스메틱,2,에스트라,에스트라 아토베리어365 크림 80ml 기획(+토너25ml+클렌징폼3g*3EA),https://www.oliveyoung.co.kr/store/goods/getGoodsDetail.do?goodsNo=A000000261864,https://image.oliveyoung.co.kr/cfimages/cf-goods/uploads/images/thumbnails/400/10/0000/0026/A00000026186405ko.jpg?l=ko,33000,25900,21.5,37032,4.9,90,7,2,0,1,1,1,1,1,A000000261864,10000010008
2026-08-06,더모 코스메틱,3,바이오더마,바이오더마 센시비오 H2O 850ml(클렌징워터),https://www.oliveyoung.co.kr/store/goods/getGoodsDetail.do?goodsNo=A000000130319,https://image.oliveyoung.co.kr/cfimages/cf-goods/uploads/images/thumbnails/400/10/0000/0013/A00000013031984ko.jpg?l=ko,37500,23400,37.6,52999,4.9,91,7,1,0,0,1,1,1,1,A000000130319,10000010008
2026-08-06,더모 코스메틱,4,에스트라,에스트라 아토베리어365 하이드로 수딩크림 80ml 기획 (+수딩크림 10ml+클렌징폼 30g),https://www.oliveyoung.co.kr/store/goods/getGoodsDetail.do?goodsNo=A000000258834,https://image.oliveyoung.co.kr/cfimages/cf-goods/uploads/images/thumbnails/400/10/0000/0025/A00000025883410ko.jpg?l=ko,33000,25100,23.9,12760,4.8,88,9,2,0,1,1,1,1,1,A000000258834,10000010008
2026-08-06,더모 코스메틱,5,파티온,[대용량] 파티온 노스카나인 트러블 세럼 50ml 리필 기획(+리필40ml+크림10ml),https://www.oliveyoung.co.kr/store/goods/getGoodsDetail.do?goodsNo=A000000219609,https://image.oliveyoung.co.kr/cfimages/cf-goods/uploads/images/thumbnails/400/10/0000/0021/A00000021960921ko.png?l=ko,54000,32210,40.4,75987,4.9,92,5,2,0,0,1,1,1,1,A000000219609,10000010008
2026-08-06,더모 코스메틱,6,제로이드,제로이드 포밍 클렌저 240ml 기획(+ 리필 240ml),https://www.oliveyoung.co.kr/store/goods/getGoodsDetail.do?goodsNo=A000000232081,https://image.oliveyoung.co.kr/cfimages/cf-goods/uploads/images/thumbnails/400/10/0000/0023/A00000023208113ko.jpg?l=ko,43000,38700,10.0,5853,4.9,89,8,2,0,0,1,0,0,1,A000000232081,10000010008
2026-08-06,더모 코스메틱,7,에스트라,[올영 어워즈 1등 크림] 에스트라 아토베리어365 크림 80ml,https://www.oliveyoung.co.kr/store/goods/getGoodsDetail.do?goodsNo=A000000198320,https://image.oliveyoung.co.kr/cfimages/cf-goods/uploads/images/thumbnails/400/10/0000/0019/A00000019832009ko.jpg?l=ko,33000,25900,21.5,7157,4.8,89,8,2,1,1,1,1,1,1,A000000198320,10000010008
2026-08-06,더모 코스메틱,8,에스트라,에스트라 아토베리어365 로션 150ml 기획 (하이드로에센스 25ml+세라-히알 앰플 7ml),https://www.oliveyoung.co.kr/store/goods/getGoodsDetail.do?goodsNo=A000000222834,https://image.oliveyoung.co.kr/cfimages/cf-goods/uploads/images/thumbnails/400/10/0000/0022/A00000022283409ko.jpg?l=ko,33000,23900,27.6,12297,4.9,90,7,2,0,0,1,1,1,1,A000000222834,10000010008
2026-08-06,더모 코스메틱,9,셀퓨전씨,[핑구콜라보 빙하수쿨링패드] 셀퓨전씨 포스트 알파 쿨링 패드 70매 1+1 기획,https://www.oliveyoung.co.kr/store/goods/getGoodsDetail.do?goodsNo=A000000205435,https://image.oliveyoung.co.kr/cfimages/cf-goods/uploads/images/thumbnails/400/10/0000/0020/A00000020543537ko.jpg?l=ko,29900,24900,16.7,11083,4.8,88,9,3,1,0,1,0,0,1,A000000205435,10000010008
2026-08-06,더모 코스메틱,10,바이오더마,바이오더마 시카비오 크림+ 100ml 기획 (크림 + 40ml 본품 추가 증정),https://www.oliveyoung.co.kr/store/goods/getGoodsDetail.do?goodsNo=A000000212570,https://image.oliveyoung.co.kr/cfimages/cf-goods/uploads/images/thumbnails/400/10/0000/0021/A00000021257010ko.jpg?l=ko,45500,34900,23.3,9547,4.8,84,11,4,1,1,1,1,1,1,A000000212570,10000010008
2026-08-06,더모 코스메틱,11,제로이드,[2입 기획][민감피부 추천 무기자차] 제로이드 데일리 선크림 기획 (50ml+50ml),https://www.oliveyoung.co.kr/store/goods/getGoodsDetail.do?goodsNo=A000000253724,https://image.oliveyoung.co.kr/cfimages/cf-goods/uploads/images/thumbnails/400/10/0000/0025/A00000025372412ko.jpg?l=ko,64000,37900,40.8,2292,4.8,87,8,3,1,0,1,1,0,1,A000000253724,10000010008
2026-08-06,더모 코스메틱,12,에스트라,[50%용량증정] 에스트라 더마UV365 장벽수분 무기자차 선크림 40ml+20ml,https://www.oliveyoung.co.kr/store/goods/getGoodsDetail.do?goodsNo=A000000206826,https://image.oliveyoung.co.kr/cfimages/cf-goods/uploads/images/thumbnails/400/10/0000/0020/A00000020682632ko.jpg?l=ko,31000,21300,31.3,9314,4.8,85,11,3,1,1,1,1,1,1,A000000206826,10000010008
2026-08-06,더모 코스메틱,13,동아제약,[단독기획] 동아제약 아크네 프로 크림제 30ml 기획(+3ml+겔제3ml),https://www.oliveyoung.co.kr/store/goods/getGoodsDetail.do?goodsNo=A000000255729,https://image.oliveyoung.co.kr/cfimages/cf-goods/uploads/images/thumbnails/400/10/0000/0025/A00000025572913ko.jpg?l=ko,35000,22700,35.1,2980,4.9,96,2,2,0,0,1,1,0,1,A000000255729,10000010008
2026-08-06,더모 코스메틱,14,에스트라,에스트라 아토베리어365 캡슐토너 300ml 기획 (+수딩크림 30ml+세라-히알 앰플 7ml),https://www.oliveyoung.co.kr/store/goods/getGoodsDetail.do?goodsNo=A000000258833,https://image.oliveyoung.co.kr/cfimages/cf-goods/uploads/images/thumbnails/400/10/0000/0025/A00000025883311ko.jpg?l=ko,30000,22900,23.7,827,4.8,89,7,3,0,0,1,1,1,1,A000000258833,10000010008
2026-08-06,더모 코스메틱,15,에스트라,에스트라 아토베리어365 크림미스트 120ml,https://www.oliveyoung.co.kr/store/goods/getGoodsDetail.do?goodsNo=A000000130138,https://image.oliveyoung.co.kr/cfimages/cf-goods/uploads/images/thumbnails/400/10/0000/0013/A00000013013822ko.jpg?l=ko,23000,18000,21.7,11045,4.7,80,14,5,1,1,1,1,1,1,A000000130138,10000010008
2026-08-06,더모 코스메틱,16,피지오겔,[재구매율1위] 피지오겔 데일리뮨 앰플 20ml+20ml 기획,https://www.oliveyoung.co.kr/store/goods/getGoodsDetail.do?goodsNo=A000000243677,https://image.oliveyoung.co.kr/cfimages/cf-goods/uploads/images/thumbnails/400/10/0000/0024/A00000024367750ko.jpg?l=ko,78000,54000,30.8,9675,4.8,87,9,2,0,0,1,0,0,1,A000000243677,10000010008
2026-08-06,더모 코스메틱,17,에스트라,에스트라 에이시카365 흔적진정세럼 pH4.5 40ml 기획 (+세럼 20ml+크림 1ml),https://www.oliveyoung.co.kr/store/goods/getGoodsDetail.do?goodsNo=A000000222839,https://image.oliveyoung.co.kr/cfimages/cf-goods/uploads/images/thumbnails/400/10/0000/0022/A00000022283918ko.jpg?l=ko,38000,28500,25.0,3724,4.8,87,9,3,1,1,1,1,1,1,A000000222839,10000010008
2026-08-06,더모 코스메틱,18,라로슈포제,라로슈포제 시카플라스트 멀티 리페어 크림 100ml (+시카에센스 7.5ml),https://www.oliveyoung.co.kr/store/goods/getGoodsDetail.do?goodsNo=A000000257827,https://image.oliveyoung.co.kr/cfimages/cf-goods/uploads/images/thumbnails/400/10/0000/0025/A00000025782704ko.jpg?l=ko,52000,52000,0.0,18407,4.8,84,11,4,1,1,0,0,0,1,A000000257827,10000010008
2026-08-06,더모 코스메틱,19,파티온,[대용량] 파티온 노스카나인 트러블 크림 75ml 기획(+5ml),https://www.oliveyoung.co.kr/store/goods/getGoodsDetail.do?goodsNo=A000000232304,https://image.oliveyoung.co.kr/cfimages/cf-goods/uploads/images/thumbnails/400/10/0000/0023/A00000023230413ko.jpg?l=ko,45000,29500,34.4,23577,4.8,89,8,3,1,0,1,1,1,1,A000000232304,10000010008
2026-08-06,더모 코스메틱,20,에스트라,에스트라 아토베리어365 세라-히알 속수분 앰플 30ml+30ml 리필 기획,https://www.oliveyoung.co.kr/store/goods/getGoodsDetail.do?goodsNo=A000000245091,https://image.oliveyoung.co.kr/cfimages/cf-goods/uploads/images/thumbnails/400/10/0000/0024/A00000024509112ko.jpg?l=ko,47500,31500,33.7,7237,4.8,88,9,2,0,0,1,1,1,1,A000000245091,10000010008
2026-08-06,더모 코스메틱,21,제로이드,[대용량] 제로이드 인텐시브 크림 80ml 기획 (+50ml),https://www.oliveyoung.co.kr/store/goods/getGoodsDetail.do?goodsNo=A000000231590,https://image.oliveyoung.co.kr/cfimages/cf-goods/uploads/images/thumbnails/400/10/0000/0023/A00000023159023ko.jpg?l=ko,40000,40000,0.0,12037,4.8,87,9,3,0,1,0,0,0,1,A000000231590,10000010008
2026-08-06,더모 코스메틱,22,제로이드,[대용량] 제로이드 수딩 크림 80ml 기획 (+50ml),https://www.oliveyoung.co.kr/store/goods/getGoodsDetail.do?goodsNo=A000000231589,https://image.oliveyoung.co.kr/cfimages/cf-goods/uploads/images/thumbnails/400/10/0000/0023/A00000023158910ko.jpg?l=ko,38000,34200,10.0,8686,4.8,87,9,3,1,1,1,0,0,1,A000000231589,10000010008
2026-08-06,더모 코스메틱,23,셀퓨전씨,[핑구 콜라보] 셀퓨전씨 포스트 알파 퍼스트 쿨링 마스크 5+3매 기획,https://www.oliveyoung.co.kr/store/goods/getGoodsDetail.do?goodsNo=A000000255607,https://image.oliveyoung.co.kr/cfimages/cf-goods/uploads/images/thumbnails/400/10/0000/0025/A00000025560716ko.jpg?l=ko,15000,10600,29.3,51135,4.8,88,9,2,0,0,1,0,0,1,A000000255607,10000010008
2026-08-06,더모 코스메틱,24,리쥬란,[126매 대용량/올리브영 단독] 리쥬란 포어 타이트닝 토너 패드 60매 더블 한정 기획,https://www.oliveyoung.co.kr/store/goods/getGoodsDetail.do?goodsNo=A000000236767,https://image.oliveyoung.co.kr/cfimages/cf-goods/uploads/images/thumbnails/400/10/0000/0023/A00000023676730ko.jpg?l=ko,45000,37000,17.8,2772,4.8,88,9,3,0,1,1,0,0,1,A000000236767,10000010008
2026-08-06,더모 코스메틱,25,에스트라,에스트라 아토베리어365 하이드로에센스 200ml (+크림 10ml+앰플 10ml),https://www.oliveyoung.co.kr/store/goods/getGoodsDetail.do?goodsNo=A000000222837,https://image.oliveyoung.co.kr/cfimages/cf-goods/uploads/images/thumbnails/400/10/0000/0022/A00000022283708ko.jpg?l=ko,32000,23500,26.6,13760,4.8,89,8,2,0,0,1,1,1,1,A000000222837,10000010008
2026-08-06,더모 코스메틱,26,닥터디퍼런트,[잡티톤업/비타민C세럼] 닥터디퍼런트 CEQ 안티옥시던트 세럼 15ml,https://www.oliveyoung.co.kr/store/goods/getGoodsDetail.do?goodsNo=A000000159468,https://image.oliveyoung.co.kr/cfimages/cf-goods/uploads/images/thumbnails/400/10/0000/0015/A00000015946827ko.jpg?l=ko,42000,35700,15.0,2565,4.9,90,8,2,0,0,1,0,0,1,A000000159468,10000010008
2026-08-06,더모 코스메틱,27,바이오더마,바이오더마 세비엄 젤 무쌍 400ml,https://www.oliveyoung.co.kr/store/goods/getGoodsDetail.do?goodsNo=A000000259047,https://image.oliveyoung.co.kr/cfimages/cf-goods/uploads/images/thumbnails/400/10/0000/0025/A00000025904701ko.jpg?l=ko,33500,23750,29.1,5313,4.7,83,11,4,1,1,1,1,1,1,A000000259047,10000010008
2026-08-06,더모 코스메틱,28,아벤느,[미피 파우치 증정] 아벤느 이드랑스 수분 에센스 인 로션 200ml 기획 (+100ml*2 + 미피 파우치),https://www.oliveyoung.co.kr/store/goods/getGoodsDetail.do?goodsNo=A000000259069,https://image.oliveyoung.co.kr/cfimages/cf-goods/uploads/images/thumbnails/400/10/0000/0025/A00000025906919ko.jpg?l=ko,45000,33900,24.7,2837,4.9,90,8,2,0,1,1,0,0,1,A000000259069,10000010008
2026-08-06,더모 코스메틱,29,유리아쥬,[온가족 여성청결제] 유리아쥬 진피 마일드 젤/폼 6종 택 1,https://www.oliveyoung.co.kr/store/goods/getGoodsDetail.do?goodsNo=A000000113494,https://image.oliveyoung.co.kr/cfimages/cf-goods/uploads/images/thumbnails/400/10/0000/0011/A000000113494123ko.jpg?l=ko,23000,18400,20.0,9256,4.9,89,8,2,0,0,1,0,0,1,A000000113494,10000010008
2026-08-06,더모 코스메틱,30,아벤느,[미피 네임택 증정] 아벤느 오 떼르말 수분 미스트 300ml 2입 기획 (+150ml +미피 네임택),https://www.oliveyoung.co.kr/store/goods/getGoodsDetail.do?goodsNo=A000000259067,https://image.oliveyoung.co.kr/cfimages/cf-goods/uploads/images/thumbnails/400/10/0000/0025/A00000025906719ko.jpg?l=ko,45000,29900,33.6,35183,4.8,86,10,3,0,0,1,0,0,1,A000000259067,10000010008
2026-08-06,더모 코스메틱,31,에스트라,에스트라 아토베리어365 포밍 클렌저 150ml,https://www.oliveyoung.co.kr/store/goods/getGoodsDetail.do?goodsNo=A000000245096,https://image.oliveyoung.co.kr/cfimages/cf-goods/uploads/images/thumbnails/400/10/0000/0024/A00000024509611ko.jpg?l=ko,20000,16100,19.5,2319,4.8,88,8,2,0,1,1,1,1,1,A000000245096,10000010008
2026-08-06,더모 코스메틱,32,에스트라,에스트라 아토베리어365 하이드로 수딩크림 80ml 기획(토너25ml+클렌징폼30g),https://www.oliveyoung.co.kr/store/goods/getGoodsDetail.do?goodsNo=A000000254747,https://image.oliveyoung.co.kr/cfimages/cf-goods/uploads/images/thumbnails/400/10/0000/0025/A00000025474709ko.jpg?l=ko,33000,25100,23.9,8039,4.8,88,8,2,0,1,1,1,1,1,A000000254747,10000010008
2026-08-06,더모 코스메틱,33,바이오더마,바이오더마 하이드라비오 에센스로션 200ml 기획 (+스트레치 화장솜),https://www.oliveyoung.co.kr/store/goods/getGoodsDetail.do?goodsNo=A000000251229,https://image.oliveyoung.co.kr/cfimages/cf-goods/uploads/images/thumbnails/400/10/0000/0025/A00000025122902ko.jpg?l=ko,38000,28100,26.1,9391,4.8,86,9,4,1,1,1,0,1,1,A000000251229,10000010008
2026-08-06,더모 코스메틱,34,제로이드,[8월 올영픽] 제로이드 핌프로브 레드 컨트롤 크림 pH4 80ml 기획 (+토너 25ml +크림 10ml),https://www.oliveyoung.co.kr/store/goods/getGoodsDetail.do?goodsNo=A000000260580,https://image.oliveyoung.co.kr/cfimages/cf-goods/uploads/images/thumbnails/400/10/0000/0026/A00000026058010ko.jpg?l=ko,33000,28500,13.6,853,4.8,85,10,3,1,1,1,1,0,1,A000000260580,10000010008
2026-08-06,더모 코스메틱,35,리쥬란,[c-PDRN  물광+윤광 케어] 리쥬란 힐러 턴오버 액티브 크림 50ml (+앰플 5ml 증정),https://www.oliveyoung.co.kr/store/goods/getGoodsDetail.do?goodsNo=A000000235068,https://image.oliveyoung.co.kr/cfimages/cf-goods/uploads/images/thumbnails/400/10/0000/0023/A00000023506828ko.jpg?l=ko,32900,27900,15.2,2942,4.8,86,10,3,1,0,1,0,0,1,A000000235068,10000010008
2026-08-06,더모 코스메틱,36,에스트라,(50%용량증정) 에스트라 더마UV365 비타C 광채수분 선크림 40ml 기획(+20ml),https://www.oliveyoung.co.kr/store/goods/getGoodsDetail.do?goodsNo=A000000219094,https://image.oliveyoung.co.kr/cfimages/cf-goods/uploads/images/thumbnails/400/10/0000/0021/A00000021909416ko.jpg?l=ko,31000,21300,31.3,2031,4.8,87,9,3,1,1,1,1,1,1,A000000219094,10000010008
2026-08-06,더모 코스메틱,37,파티온,[트러블1등/단독기획] 파티온 노스카나인 트러블 세럼 50ml 기획(+15ml+마스크 1매),https://www.oliveyoung.co.kr/store/goods/getGoodsDetail.do?goodsNo=A000000219717,https://image.oliveyoung.co.kr/cfimages/cf-goods/uploads/images/thumbnails/400/10/0000/0021/A00000021971716ko.png?l=ko,38000,27900,26.6,87346,4.9,92,6,2,0,0,1,0,0,1,A000000219717,10000010008
2026-08-06,더모 코스메틱,38,피지오겔,피지오겔 DMT 페이셜 보습 장벽 크림 150ml 기획(+토너 50ml),https://www.oliveyoung.co.kr/store/goods/getGoodsDetail.do?goodsNo=A000000239660,https://image.oliveyoung.co.kr/cfimages/cf-goods/uploads/images/thumbnails/400/10/0000/0023/A00000023966016ko.jpg?l=ko,47500,23900,49.7,3700,4.8,87,9,3,0,0,1,0,0,1,A000000239660,10000010008
2026-08-06,더모 코스메틱,39,유세린,[10년연속1위] 유세린 하이알루론 3X 아이크림 15ml,https://www.oliveyoung.co.kr/store/goods/getGoodsDetail.do?goodsNo=A000000249895,https://image.oliveyoung.co.kr/cfimages/cf-goods/uploads/images/thumbnails/400/10/0000/0024/A00000024989501ko.jpg?l=ko,53000,35900,32.3,2409,4.7,80,15,4,0,1,1,0,0,1,A000000249895,10000010008
2026-08-06,더모 코스메틱,40,쥬베룩,쥬베룩 PDLLA 콜라겐 부스팅 마스크 4매,https://www.oliveyoung.co.kr/store/goods/getGoodsDetail.do?goodsNo=A000000253919,https://image.oliveyoung.co.kr/cfimages/cf-goods/uploads/images/thumbnails/400/10/0000/0025/A00000025391912ko.jpg?l=ko,36000,33400,7.2,697,4.9,93,4,1,1,0,1,0,1,1,A000000253919,10000010008
2026-08-06,더모 코스메틱,41,유리아쥬,[온가족 여성청결제] 유리아쥬 진피 마일드 젤 단품/기획 택 1 (50ml/200ml/500ml),https://www.oliveyoung.co.kr/store/goods/getGoodsDetail.do?goodsNo=A000000120689,https://image.oliveyoung.co.kr/cfimages/cf-goods/uploads/images/thumbnails/400/10/0000/0012/A00000012068937ko.jpg?l=ko,11000,5500,50.0,5007,4.9,90,8,1,0,0,1,0,0,1,A000000120689,10000010008
2026-08-06,더모 코스메틱,42,파티온,[1위등드름워시] 파티온 노스카나인 트러블 바디워시 490ml 기획,https://www.oliveyoung.co.kr/store/goods/getGoodsDetail.do?goodsNo=A000000202795,https://image.oliveyoung.co.kr/cfimages/cf-goods/uploads/images/thumbnails/400/10/0000/0020/A00000020279517ko.jpg?l=ko,25000,16630,33.5,9892,4.9,90,7,2,0,0,1,1,1,1,A000000202795,10000010008
2026-08-06,더모 코스메틱,43,세포랩,[화잘먹부스팅템] 세포랩 바이오제닉 에센스 블렌디드 포뮬라 50% (100ml /30ml),https://www.oliveyoung.co.kr/store/goods/getGoodsDetail.do?goodsNo=A000000250225,https://image.oliveyoung.co.kr/cfimages/cf-goods/uploads/images/thumbnails/400/10/0000/0025/A00000025022522ko.jpg?l=ko,46000,36800,20.0,2788,4.9,93,5,1,0,0,1,0,0,1,A000000250225,10000010008
2026-08-06,더모 코스메틱,44,피지오겔,피지오겔 레드수딩 시카밸런스 크림 80ml 대용량,https://www.oliveyoung.co.kr/store/goods/getGoodsDetail.do?goodsNo=A000000187127,https://image.oliveyoung.co.kr/cfimages/cf-goods/uploads/images/thumbnails/400/10/0000/0018/A00000018712711ko.jpg?l=ko,30000,23900,20.3,4470,4.8,84,12,3,1,1,1,0,0,1,A000000187127,10000010008
2026-08-06,더모 코스메틱,45,리쥬란,[한정수량/오리지널 c-PDRN] 리쥬란 힐러 턴오버 앰플 듀얼 이펙트 30ml 기획(+7ml),https://www.oliveyoung.co.kr/store/goods/getGoodsDetail.do?goodsNo=A000000183707,https://image.oliveyoung.co.kr/cfimages/cf-goods/uploads/images/thumbnails/400/10/0000/0018/A00000018370740ko.jpg?l=ko,59000,49900,15.4,3509,4.8,85,11,3,1,1,1,0,0,1,A000000183707,10000010008
2026-08-06,더모 코스메틱,46,이지듀,[레올영픽/8월 올영픽]이지듀 EGFx 다운타임 오인트 마스크 4매,https://www.oliveyoung.co.kr/store/goods/getGoodsDetail.do?goodsNo=A000000250107,https://image.oliveyoung.co.kr/cfimages/cf-goods/uploads/images/thumbnails/400/10/0000/0025/A00000025010721ko.jpg?l=ko,30000,21900,27.0,177,4.8,85,10,3,,1,1,0,0,1,A000000250107,10000010008
2026-08-06,더모 코스메틱,47,동국제약,[기미톤업/색소침착] 동국제약 멜라-셋 기미 토닝 크림 35g 더블 기획(+기미 와이드 패치 2매입*2ea),https://www.oliveyoung.co.kr/store/goods/getGoodsDetail.do?goodsNo=A000000255827,https://image.oliveyoung.co.kr/cfimages/cf-goods/uploads/images/thumbnails/400/10/0000/0025/A00000025582711ko.jpg?l=ko,72000,37700,47.6,1131,4.8,89,7,3,1,1,1,1,0,1,A000000255827,10000010008
2026-08-06,더모 코스메틱,48,제로이드,제로이드 포밍 클렌저 240ml,https://www.oliveyoung.co.kr/store/goods/getGoodsDetail.do?goodsNo=A000000209910,https://image.oliveyoung.co.kr/cfimages/cf-goods/uploads/images/thumbnails/400/10/0000/0020/A00000020991006ko.jpg?l=ko,24000,24000,0.0,3784,4.8,88,9,2,0,1,0,0,0,1,A000000209910,10000010008
2026-08-06,더모 코스메틱,49,바이오더마,바이오더마 아토덤 울트라 크림 200ml 더블 기획,https://www.oliveyoung.co.kr/store/goods/getGoodsDetail.do?goodsNo=A000000205389,https://image.oliveyoung.co.kr/cfimages/cf-goods/uploads/images/thumbnails/400/10/0000/0020/A00000020538912ko.jpg?l=ko,41300,28440,31.1,13411,4.9,89,8,2,0,0,1,0,1,1,A000000205389,10000010008
2026-08-06,더모 코스메틱,50,에스트라,에스트라 테라크네365 클리어 딥 클렌징 폼 200g,https://www.oliveyoung.co.kr/store/goods/getGoodsDetail.do?goodsNo=A000000152767,https://image.oliveyoung.co.kr/cfimages/cf-goods/uploads/images/thumbnails/400/10/0000/0015/A00000015276704ko.jpg?l=ko,23000,19500,15.2,4964,4.8,85,11,3,0,1,1,0,1,1,A000000152767,10000010008
2026-08-06,더모 코스메틱,51,동아제약,동아제약 색소침착 프로 크림제 40ml 더블 기획 (+40ml),https://www.oliveyoung.co.kr/store/goods/getGoodsDetail.do?goodsNo=A000000261235,https://image.oliveyoung.co.kr/cfimages/cf-goods/uploads/images/thumbnails/400/10/0000/0026/A00000026123503ko.jpg?l=ko,58500,39000,33.3,4528,4.9,94,4,2,0,1,1,1,0,1,A000000261235,10000010008
2026-08-06,더모 코스메틱,52,제로이드,제로이드 인텐시브 로션 160ml 기획 (+크림 토너 25ml),https://www.oliveyoung.co.kr/store/goods/getGoodsDetail.do?goodsNo=A000000250632,https://image.oliveyoung.co.kr/cfimages/cf-goods/uploads/images/thumbnails/400/10/0000/0025/A00000025063207ko.jpg?l=ko,32000,28800,10.0,2392,4.8,88,8,2,1,1,1,0,0,1,A000000250632,10000010008
2026-08-06,더모 코스메틱,53,라로슈포제,[약알카리성폼] 라로슈포제 에빠끌라 딥 클렌징 포밍 크림 125ml 기획 (+에빠듀오 3ml*2+에빠세럼 3ml*2),https://www.oliveyoung.co.kr/store/goods/getGoodsDetail.do?goodsNo=A000000250100,https://image.oliveyoung.co.kr/cfimages/cf-goods/uploads/images/thumbnails/400/10/0000/0025/A00000025010003ko.jpg?l=ko,30000,30000,0.0,2407,4.8,86,11,2,0,0,0,0,0,1,A000000250100,10000010008
2026-08-06,더모 코스메틱,54,셀퓨전씨,[진짜비비/밀착커버] 셀퓨전씨 스킨 블레미쉬 밤 인텐시브 30ml,https://www.oliveyoung.co.kr/store/goods/getGoodsDetail.do?goodsNo=A000000234390,https://image.oliveyoung.co.kr/cfimages/cf-goods/uploads/images/thumbnails/400/10/0000/0023/A00000023439012ko.jpg?l=ko,25000,17900,28.4,2463,4.7,79,14,5,1,1,1,0,0,1,A000000234390,10000010008
2026-08-06,더모 코스메틱,55,동국제약,[손상장벽MD/의료기기] 동국제약 마데카셀 베리어 엠디 크림 70g,https://www.oliveyoung.co.kr/store/goods/getGoodsDetail.do?goodsNo=A000000249659,https://image.oliveyoung.co.kr/cfimages/cf-goods/uploads/images/thumbnails/400/10/0000/0024/A00000024965929ko.png?l=ko,39000,22700,41.8,1918,4.9,95,3,1,0,0,1,1,0,1,A000000249659,10000010008
2026-08-06,더모 코스메틱,56,아벤느,[미피 핸드타올 증정] 아벤느 클리낭스 클렌징젤 400ml 2입 기획 (+미피 핸드타올),https://www.oliveyoung.co.kr/store/goods/getGoodsDetail.do?goodsNo=A000000259066,https://image.oliveyoung.co.kr/cfimages/cf-goods/uploads/images/thumbnails/400/10/0000/0025/A00000025906615ko.jpg?l=ko,45000,30900,31.3,1749,4.8,87,9,2,1,0,1,0,0,1,A000000259066,10000010008
2026-08-06,더모 코스메틱,57,리쥬란,[올리브영 단독런칭]리쥬란 힐러 스킨 프로텍션 마스크 10매 기획(+1매),https://www.oliveyoung.co.kr/store/goods/getGoodsDetail.do?goodsNo=A000000243440,https://image.oliveyoung.co.kr/cfimages/cf-goods/uploads/images/thumbnails/400/10/0000/0024/A00000024344021ko.jpg?l=ko,56000,32900,41.2,5059,4.7,83,11,4,1,1,1,0,0,1,A000000243440,10000010008
2026-08-06,더모 코스메틱,58,유리아쥬,유리아쥬 스틱레브르 오리지널 2입 기획,https://www.oliveyoung.co.kr/store/goods/getGoodsDetail.do?goodsNo=A000000253405,https://image.oliveyoung.co.kr/cfimages/cf-goods/uploads/images/thumbnails/400/10/0000/0025/A00000025340501ko.jpg?l=ko,20000,17000,15.0,12927,4.9,89,8,2,0,0,1,0,0,1,A000000253405,10000010008
2026-08-06,더모 코스메틱,59,바이오더마,바이오더마 하이드라비오 에센스로션 200ml 기획(+안개분사 미스트 증정),https://www.oliveyoung.co.kr/store/goods/getGoodsDetail.do?goodsNo=A000000226086,https://image.oliveyoung.co.kr/cfimages/cf-goods/uploads/images/thumbnails/400/10/0000/0022/A00000022608619ko.jpg?l=ko,38000,28100,26.1,20355,4.8,86,9,3,1,1,1,0,1,1,A000000226086,10000010008
2026-08-06,더모 코스메틱,60,바이오더마,바이오더마 아토덤 립스틱 1+1 기획 (저자극 립밤),https://www.oliveyoung.co.kr/store/goods/getGoodsDetail.do?goodsNo=A000000171113,https://image.oliveyoung.co.kr/cfimages/cf-goods/uploads/images/thumbnails/400/10/0000/0017/A00000017111328ko.jpg?l=ko,20000,20000,0.0,35998,4.9,88,9,2,0,0,0,0,1,1,A000000171113,10000010008
2026-08-06,더모 코스메틱,61,에스트라,에스트라 에이시카365 리페어 크림 pH4.5 60ml  (+크림 20ml+마스크 2매),https://www.oliveyoung.co.kr/store/goods/getGoodsDetail.do?goodsNo=A000000250472,https://image.oliveyoung.co.kr/cfimages/cf-goods/uploads/images/thumbnails/400/10/0000/0025/A00000025047219ko.jpg?l=ko,30000,30000,0.0,3652,4.8,85,10,3,1,1,0,0,1,1,A000000250472,10000010008
2026-08-06,더모 코스메틱,62,동아제약,[단독기획] 동아제약 아크네 프로 겔제 30ml 기획(+3ml+크림제3ml),https://www.oliveyoung.co.kr/store/goods/getGoodsDetail.do?goodsNo=A000000255744,https://image.oliveyoung.co.kr/cfimages/cf-goods/uploads/images/thumbnails/400/10/0000/0025/A00000025574409ko.jpg?l=ko,25000,16700,33.2,2412,4.9,95,3,2,0,0,1,1,0,1,A000000255744,10000010008
2026-08-06,더모 코스메틱,63,파티온,[속건조해결] 파티온 포도당 하이드로 에센스토너 300ml 더블 기획(2개입),https://www.oliveyoung.co.kr/store/goods/getGoodsDetail.do?goodsNo=A000000222849,https://image.oliveyoung.co.kr/cfimages/cf-goods/uploads/images/thumbnails/400/10/0000/0022/A00000022284909ko.jpg?l=ko,32000,23160,27.6,10944,4.9,96,3,1,0,0,1,1,1,1,A000000222849,10000010008
2026-08-06,더모 코스메틱,64,제로이드,제로이드 인텐시브 크림 80ml 기획 (+크림 토너 25ml),https://www.oliveyoung.co.kr/store/goods/getGoodsDetail.do?goodsNo=A000000244994,https://image.oliveyoung.co.kr/cfimages/cf-goods/uploads/images/thumbnails/400/10/0000/0024/A00000024499413ko.jpg?l=ko,32000,28800,10.0,5678,4.8,87,9,2,0,0,1,0,0,1,A000000244994,10000010008
2026-08-06,더모 코스메틱,65,셀퓨전씨,[급속쿨링/열감케어] 셀퓨전씨 포스트 알파 쿨링 마스크 5P(퍼스트 쿨링/시카 쿨링/비타 쿨링),https://www.oliveyoung.co.kr/store/goods/getGoodsDetail.do?goodsNo=A000000115199,https://image.oliveyoung.co.kr/cfimages/cf-goods/uploads/images/thumbnails/400/10/0000/0011/A00000011519939ko.jpg?l=ko,15000,7500,50.0,44215,4.8,88,9,3,0,0,1,0,0,1,A000000115199,10000010008
2026-08-06,더모 코스메틱,66,에스트라,에스트라 아토베리어365 포밍 클렌저 150ml+150ml 리필 기획,https://www.oliveyoung.co.kr/store/goods/getGoodsDetail.do?goodsNo=A000000245043,https://image.oliveyoung.co.kr/cfimages/cf-goods/uploads/images/thumbnails/400/10/0000/0024/A00000024504316ko.jpg?l=ko,32400,32400,0.0,1438,4.9,89,8,1,0,1,0,0,1,1,A000000245043,10000010008
2026-08-06,더모 코스메틱,67,라로슈포제,라로슈포제 히알루 B5 수분탄력 세럼 30ml 기획 (+10ml+히알루크림 3ml),https://www.oliveyoung.co.kr/store/goods/getGoodsDetail.do?goodsNo=A000000255834,https://image.oliveyoung.co.kr/cfimages/cf-goods/uploads/images/thumbnails/400/10/0000/0025/A00000025583403ko.jpg?l=ko,59000,59000,0.0,399,4.8,88,9,2,0,2,0,0,0,1,A000000255834,10000010008
2026-08-06,더모 코스메틱,68,제로이드,[8월 올영픽]제로이드 핌프로브 젤 클렌저 180ml 기획 (+ 핌프로브 크림 10ml),https://www.oliveyoung.co.kr/store/goods/getGoodsDetail.do?goodsNo=A000000255984,https://image.oliveyoung.co.kr/cfimages/cf-goods/uploads/images/thumbnails/400/10/0000/0025/A00000025598418ko.jpg?l=ko,32000,27900,12.8,410,4.8,89,7,2,0,1,1,1,0,1,A000000255984,10000010008
2026-08-06,더모 코스메틱,69,파티온,[트러블흔적] 파티온 노스카나인 트러블 바디 미스트 145ml 기획(바디워시5ml*4ea),https://www.oliveyoung.co.kr/store/goods/getGoodsDetail.do?goodsNo=A000000227302,https://image.oliveyoung.co.kr/cfimages/cf-goods/uploads/images/thumbnails/400/10/0000/0022/A00000022730202ko.jpg?l=ko,22000,16720,24.0,2912,4.8,84,11,4,1,1,1,1,1,1,A000000227302,10000010008
2026-08-06,더모 코스메틱,70,제로이드,제로이드 수딩 로션 160ml,https://www.oliveyoung.co.kr/store/goods/getGoodsDetail.do?goodsNo=A000000209904,https://image.oliveyoung.co.kr/cfimages/cf-goods/uploads/images/thumbnails/400/10/0000/0020/A00000020990408ko.jpg?l=ko,30000,30000,0.0,1921,4.8,86,9,4,1,1,0,0,0,1,A000000209904,10000010008
2026-08-06,더모 코스메틱,71,에스트라,에스트라 아토베리어365 클렌징폼 200ml,https://www.oliveyoung.co.kr/store/goods/getGoodsDetail.do?goodsNo=A000000245046,https://image.oliveyoung.co.kr/cfimages/cf-goods/uploads/images/thumbnails/400/10/0000/0024/A00000024504608ko.jpg?l=ko,22000,17500,20.5,472,4.8,86,9,3,0,1,1,1,1,1,A000000245046,10000010008
2026-08-06,더모 코스메틱,72,바이오더마,바이오더마 하이드라비오 토너 250ml,https://www.oliveyoung.co.kr/store/goods/getGoodsDetail.do?goodsNo=A000000004434,https://image.oliveyoung.co.kr/cfimages/cf-goods/uploads/images/thumbnails/400/10/0000/0000/A00000000443410ko.jpg?l=ko,29500,29500,0.0,12525,4.8,86,11,3,0,1,0,0,1,1,A000000004434,10000010008
2026-08-06,더모 코스메틱,73,리쥬덱스,"[흔적 리페어_c-PDRN 10,000 PPM]리쥬덱스 더마 리페어링 솔루션 앰플 10mLx2EA",https://www.oliveyoung.co.kr/store/goods/getGoodsDetail.do?goodsNo=A000000260346,https://image.oliveyoung.co.kr/cfimages/cf-goods/uploads/images/thumbnails/400/10/0000/0026/A00000026034615ko.jpg?l=ko,39000,32300,17.2,145,4.9,94,4,1,,,1,1,0,1,A000000260346,10000010008
2026-08-06,더모 코스메틱,74,이지듀,이지듀 기미 앰플 쿠션 리필 기획 (퍼프 2매 증정),https://www.oliveyoung.co.kr/store/goods/getGoodsDetail.do?goodsNo=A000000228069,https://image.oliveyoung.co.kr/cfimages/cf-goods/uploads/images/thumbnails/400/10/0000/0022/A00000022806925ko.jpg?l=ko,58900,52900,10.2,3257,4.7,80,13,4,1,1,1,0,0,1,A000000228069,10000010008
2026-08-06,더모 코스메틱,75,피지오겔,피지오겔 DMT 페이셜 로션 200ml 기획 (+토너 50ml),https://www.oliveyoung.co.kr/store/goods/getGoodsDetail.do?goodsNo=A000000251468,https://image.oliveyoung.co.kr/cfimages/cf-goods/uploads/images/thumbnails/400/10/0000/0025/A00000025146807ko.jpg?l=ko,38000,20900,45.0,6068,4.9,89,8,2,0,0,1,0,0,1,A000000251468,10000010008
2026-08-06,더모 코스메틱,76,바이오더마,[온라인 단독기획]바이오더마 하이드라비오 세럼 더블기획(40ml+40ml),https://www.oliveyoung.co.kr/store/goods/getGoodsDetail.do?goodsNo=A000000156315,https://image.oliveyoung.co.kr/cfimages/cf-goods/uploads/images/thumbnails/400/10/0000/0015/A00000015631513ko.jpg?l=ko,54600,46400,15.0,7267,4.8,85,11,3,0,0,1,0,1,1,A000000156315,10000010008
2026-08-06,더모 코스메틱,77,에스트라,에스트라 아토베리어365 로션 150ml,https://www.oliveyoung.co.kr/store/goods/getGoodsDetail.do?goodsNo=A000000198321,https://image.oliveyoung.co.kr/cfimages/cf-goods/uploads/images/thumbnails/400/10/0000/0019/A00000019832106ko.jpg?l=ko,33000,23900,27.6,2173,4.8,88,8,3,0,1,1,1,1,1,A000000198321,10000010008
2026-08-06,더모 코스메틱,78,도미나스,[8월올영픽/태극제약]도미나스 크림 Rx 30ml 단품/기획 (+7ml),https://www.oliveyoung.co.kr/store/goods/getGoodsDetail.do?goodsNo=A000000251494,https://image.oliveyoung.co.kr/cfimages/cf-goods/uploads/images/thumbnails/400/10/0000/0025/A00000025149424ko.png?l=ko,46000,34900,24.1,1140,4.8,89,7,4,0,0,1,0,0,1,A000000251494,10000010008
2026-08-06,더모 코스메틱,79,바이오더마,바이오더마 하이드라비오 H2O 500ml,https://www.oliveyoung.co.kr/store/goods/getGoodsDetail.do?goodsNo=A000000230983,https://image.oliveyoung.co.kr/cfimages/cf-goods/uploads/images/thumbnails/400/10/0000/0023/A00000023098301ko.jpg?l=ko,27000,17280,36.0,5475,4.8,88,9,2,0,0,1,0,1,1,A000000230983,10000010008
2026-08-06,더모 코스메틱,80,에스트라,에스트라 더마UV365 레드진정 톤업 선크림 40ml 기획 (+무기자차 선크림 20ml),https://www.oliveyoung.co.kr/store/goods/getGoodsDetail.do?goodsNo=A000000206827,https://image.oliveyoung.co.kr/cfimages/cf-goods/uploads/images/thumbnails/400/10/0000/0020/A00000020682707ko.jpg?l=ko,31000,21300,31.3,2650,4.7,82,12,4,1,1,1,1,1,1,A000000206827,10000010008
2026-08-06,더모 코스메틱,81,유세린,[1등진정장벽] 유세린 울트라센시티브 리페어 마스크팩 10매,https://www.oliveyoung.co.kr/store/goods/getGoodsDetail.do?goodsNo=A000000234213,https://image.oliveyoung.co.kr/cfimages/cf-goods/uploads/images/thumbnails/400/10/0000/0023/A00000023421303ko.jpg?l=ko,48000,26900,44.0,6451,4.8,85,11,3,1,1,1,0,0,1,A000000234213,10000010008
2026-08-06,더모 코스메틱,82,바이오더마,바이오더마 센시비오 H2O 500ml 2입,https://www.oliveyoung.co.kr/store/goods/getGoodsDetail.do?goodsNo=A000000013194,https://image.oliveyoung.co.kr/cfimages/cf-goods/uploads/images/thumbnails/400/10/0000/0001/A00000001319469ko.jpg?l=ko,42000,42000,0.0,37603,4.9,91,7,2,0,0,0,0,1,1,A000000013194,10000010008
2026-08-06,더모 코스메틱,83,라로슈포제,라로슈포제 똘러리앙 포밍 클렌저 125ml 기획 (+클렌징밀크 50ml),https://www.oliveyoung.co.kr/store/goods/getGoodsDetail.do?goodsNo=A000000254204,https://image.oliveyoung.co.kr/cfimages/cf-goods/uploads/images/thumbnails/400/10/0000/0025/A00000025420402ko.jpg?l=ko,31000,31000,0.0,5980,4.8,87,10,2,1,0,0,0,0,1,A000000254204,10000010008
2026-08-06,더모 코스메틱,84,리쥬덱스,[전문 드레싱 관리_거즈 마스크]리쥬덱스 더마 리페어링 드레싱 마스크 5매,https://www.oliveyoung.co.kr/store/goods/getGoodsDetail.do?goodsNo=A000000260523,https://image.oliveyoung.co.kr/cfimages/cf-goods/uploads/images/thumbnails/400/10/0000/0026/A00000026052311ko.jpg?l=ko,26000,16500,36.5,131,4.9,95,4,1,,,1,1,0,1,A000000260523,10000010008
2026-08-06,더모 코스메틱,85,리쥬란,[오리지널 c-PDRN/한정기획]리쥬란 힐러 턴오버 앰플 듀얼 이펙트 10ml 더블 한정기획 (+8ml),https://www.oliveyoung.co.kr/store/goods/getGoodsDetail.do?goodsNo=A000000216520,https://image.oliveyoung.co.kr/cfimages/cf-goods/uploads/images/thumbnails/400/10/0000/0021/A00000021652048ko.jpg?l=ko,50000,43900,12.2,13254,4.9,91,6,2,0,0,1,0,0,1,A000000216520,10000010008
2026-08-06,더모 코스메틱,86,셀퓨전씨,[매끈밀착썬/조앤프렌즈 콜라보] 셀퓨전씨 레이저 UV 썬스크린 35ml 더블 기획 (+조앤프렌즈 피규어 선크림 집게),https://www.oliveyoung.co.kr/store/goods/getGoodsDetail.do?goodsNo=A000000198739,https://image.oliveyoung.co.kr/cfimages/cf-goods/uploads/images/thumbnails/400/10/0000/0019/A00000019873942ko.jpg?l=ko,29400,22300,24.1,4571,4.8,86,9,3,1,1,1,0,1,1,A000000198739,10000010008
2026-08-06,더모 코스메틱,87,바이오더마,바이오더마 세비엄 로션 200ml 기획 (+세비엄 젤무쌍 5ml*3) (2604),https://www.oliveyoung.co.kr/store/goods/getGoodsDetail.do?goodsNo=A000000251203,https://image.oliveyoung.co.kr/cfimages/cf-goods/uploads/images/thumbnails/400/10/0000/0025/A00000025120301ko.jpg?l=ko,35000,22900,34.6,3651,4.7,80,13,5,1,1,1,1,1,1,A000000251203,10000010008
2026-08-06,더모 코스메틱,88,제로이드,[세정이 쉬운 무기자차] 제로이드 이지워시 마일드 선크림 50ml,https://www.oliveyoung.co.kr/store/goods/getGoodsDetail.do?goodsNo=A000000209913,https://image.oliveyoung.co.kr/cfimages/cf-goods/uploads/images/thumbnails/400/10/0000/0020/A00000020991306ko.jpg?l=ko,32000,32000,0.0,1427,4.8,85,10,3,1,1,0,0,0,1,A000000209913,10000010008
2026-08-06,더모 코스메틱,89,아벤느,[단독/1등 미스트] 아벤느 오 떼르말 수분 미스트 300ml*2 + 50ml 기획,https://www.oliveyoung.co.kr/store/goods/getGoodsDetail.do?goodsNo=A000000166436,https://image.oliveyoung.co.kr/cfimages/cf-goods/uploads/images/thumbnails/400/10/0000/0016/A00000016643630ko.jpg?l=ko,39000,27900,28.5,34945,4.8,86,10,3,0,0,1,0,0,1,A000000166436,10000010008
2026-08-06,더모 코스메틱,90,에스트라,에스트라 에이시카365 수분토너 pH4.5 200ml,https://www.oliveyoung.co.kr/store/goods/getGoodsDetail.do?goodsNo=A000000218549,https://image.oliveyoung.co.kr/cfimages/cf-goods/uploads/images/thumbnails/400/10/0000/0021/A00000021854909ko.jpg?l=ko,28000,23800,15.0,1943,4.8,87,9,3,1,1,1,0,1,1,A000000218549,10000010008
2026-08-06,더모 코스메틱,91,피지오겔,피지오겔 DMT포맨 증정 기획세트 2종 한정기획 (플루이드 or 크림),https://www.oliveyoung.co.kr/store/goods/getGoodsDetail.do?goodsNo=A000000179227,https://image.oliveyoung.co.kr/cfimages/cf-goods/uploads/images/thumbnails/400/10/0000/0017/A00000017922718ko.jpg?l=ko,65000,29900,54.0,4226,4.9,89,9,2,0,0,1,0,0,1,A000000179227,10000010008
2026-08-06,더모 코스메틱,92,바이오더마,바이오더마 세비엄 세럼 30ml 기획 (+센시비오 H2O 5ml*2) (2604),https://www.oliveyoung.co.kr/store/goods/getGoodsDetail.do?goodsNo=A000000251222,https://image.oliveyoung.co.kr/cfimages/cf-goods/uploads/images/thumbnails/400/10/0000/0025/A00000025122201ko.jpg?l=ko,50000,33900,32.2,479,4.7,82,9,6,1,2,1,1,1,1,A000000251222,10000010008
2026-08-06,더모 코스메틱,93,에스트라,에스트라 아토베리어365 클렌징밀크 200ml,https://www.oliveyoung.co.kr/store/goods/getGoodsDetail.do?goodsNo=A000000245045,https://image.oliveyoung.co.kr/cfimages/cf-goods/uploads/images/thumbnails/400/10/0000/0024/A00000024504509ko.jpg?l=ko,29000,29000,0.0,467,4.8,86,8,4,1,0,0,0,1,1,A000000245045,10000010008
2026-08-06,더모 코스메틱,94,센텔리안24,[기미잡티/대용량] 센텔리안24 엑스퍼트 마데카 멜라 캡처 앰플 맥스 30ml 더블 기획,https://www.oliveyoung.co.kr/store/goods/getGoodsDetail.do?goodsNo=A000000249473,https://image.oliveyoung.co.kr/cfimages/cf-goods/uploads/images/thumbnails/400/10/0000/0024/A00000024947308ko.png?l=ko,78000,39000,50.0,2075,4.8,82,13,4,1,0,1,0,0,1,A000000249473,10000010008
2026-08-06,더모 코스메틱,95,유리아쥬,[고발색/데일리 생기 컬러립밤] 유리아쥬 스틱레브르 컬러드 5종,https://www.oliveyoung.co.kr/store/goods/getGoodsDetail.do?goodsNo=A000000235485,https://image.oliveyoung.co.kr/cfimages/cf-goods/uploads/images/thumbnails/400/10/0000/0023/A00000023548572ko.jpg?l=ko,15000,12700,15.3,13453,4.6,75,13,7,2,2,1,0,1,1,A000000235485,10000010008
2026-08-06,더모 코스메틱,96,리쥬덱스,[4배속_응급진정/장벽강화]리쥬덱스 더마 리페어링 크림 20g(단품/기획),https://www.oliveyoung.co.kr/store/goods/getGoodsDetail.do?goodsNo=A000000260348,https://image.oliveyoung.co.kr/cfimages/cf-goods/uploads/images/thumbnails/400/10/0000/0026/A00000026034809ko.jpg?l=ko,45000,38600,14.2,1602,4.9,92,5,1,0,0,1,1,0,1,A000000260348,10000010008
2026-08-06,더모 코스메틱,97,눅스,[화잘먹/멀티오일]눅스 윌 프로디쥬스 멀티 플로럴 오일 기획 (50m/100ml),https://www.oliveyoung.co.kr/store/goods/getGoodsDetail.do?goodsNo=A000000230952,https://image.oliveyoung.co.kr/cfimages/cf-goods/uploads/images/thumbnails/400/10/0000/0023/A00000023095206ko.jpg?l=ko,35000,29610,15.4,256,4.9,89,9,1,0,0,1,1,1,1,A000000230952,10000010008
2026-08-06,더모 코스메틱,98,피지오겔,[붉은기진압] 피지오겔 레드수딩 로자테카 레드니스 리듀싱 세럼 30ml 기획(+15ml),https://www.oliveyoung.co.kr/store/goods/getGoodsDetail.do?goodsNo=A000000258832,https://image.oliveyoung.co.kr/cfimages/cf-goods/uploads/images/thumbnails/400/10/0000/0025/A00000025883210ko.jpg?l=ko,35000,28000,20.0,285,4.9,96,3,1,0,,1,0,0,1,A000000258832,10000010008
2026-08-06,더모 코스메틱,99,제로이드,제로이드 더마뉴얼 클렌징젤 200ml,https://www.oliveyoung.co.kr/store/goods/getGoodsDetail.do?goodsNo=A000000209905,https://image.oliveyoung.co.kr/cfimages/cf-goods/uploads/images/thumbnails/400/10/0000/0020/A00000020990513ko.jpg?l=ko,22000,22000,0.0,1110,4.8,88,7,3,1,1,0,0,0,1,A000000209905,10000010008
2026-08-06,더모 코스메틱,100,제로이드,[저자극 각질 케어] 제로이드 핌프로브 토너 200ml,https://www.oliveyoung.co.kr/store/goods/getGoodsDetail.do?goodsNo=A000000249581,https://image.oliveyoung.co.kr/cfimages/cf-goods/uploads/images/thumbnails/400/10/0000/0024/A00000024958115ko.jpg?l=ko,33000,27900,15.5,244,4.8,86,11,2,0,1,1,1,0,1,A000000249581,10000010008
2026-08-06,맨즈에딧,1,오브제,[NEW 보송버전 출시] [덱스PICK] 오브제 내추럴 커버 로션 50g 단품/기획(+미니어처 10ml),https://www.oliveyoung.co.kr/store/goods/getGoodsDetail.do?goodsNo=A000000204975,https://image.oliveyoung.co.kr/cfimages/cf-goods/uploads/images/thumbnails/400/10/0000/0020/A00000020497522ko.jpg?l=ko,29800,27900,6.4,5297,4.9,90,7,2,0,1,1,0,0,1,A000000204975,10000010007
2026-08-06,맨즈에딧,2,오브제,[1등 기름종이선스틱] 오브제 포어 제로 오일 컨트롤 선스틱 18g 단품/기획,https://www.oliveyoung.co.kr/store/goods/getGoodsDetail.do?goodsNo=A000000238816,https://image.oliveyoung.co.kr/cfimages/cf-goods/uploads/images/thumbnails/400/10/0000/0023/A00000023881609ko.png?l=ko,25000,18900,24.4,5427,4.8,89,7,2,0,0,1,0,0,1,A000000238816,10000010007
2026-08-06,맨즈에딧,3,우르오스,"[남성 선물 추천] 우르오스 2종 세트 택1(지복합성, 중건성)",https://www.oliveyoung.co.kr/store/goods/getGoodsDetail.do?goodsNo=A000000171581,https://image.oliveyoung.co.kr/cfimages/cf-goods/uploads/images/thumbnails/400/10/0000/0017/A00000017158116ko.jpg?l=ko,41900,33500,20.0,1242,4.8,84,12,3,0,0,1,0,1,1,A000000171581,10000010007
2026-08-06,맨즈에딧,4,라운드랩,[수분진정] 라운드랩 포 맨 자작나무 수분 로션 200ml,https://www.oliveyoung.co.kr/store/goods/getGoodsDetail.do?goodsNo=A000000163494,https://image.oliveyoung.co.kr/cfimages/cf-goods/uploads/images/thumbnails/400/10/0000/0016/A00000016349425ko.jpg?l=ko,24000,17100,28.7,3482,4.8,86,11,2,0,0,1,1,1,1,A000000163494,10000010007
2026-08-06,맨즈에딧,5,아이디얼포맨,[7년 연속 1위] 아이디얼포맨 퍼펙트 올인원 150ml 단품/기획,https://www.oliveyoung.co.kr/store/goods/getGoodsDetail.do?goodsNo=A000000228228,https://image.oliveyoung.co.kr/cfimages/cf-goods/uploads/images/thumbnails/400/10/0000/0022/A00000022822875ko.jpg?l=ko,28000,16800,40.0,19402,4.9,88,10,2,0,0,1,0,0,1,A000000228228,10000010007
2026-08-06,맨즈에딧,6,오브제,[덱스PICK/러너 필수템] 오브제 액티브 스웨트프루프 선스틱 18g,https://www.oliveyoung.co.kr/store/goods/getGoodsDetail.do?goodsNo=A000000248755,https://image.oliveyoung.co.kr/cfimages/cf-goods/uploads/images/thumbnails/400/10/0000/0024/A00000024875505ko.jpg?l=ko,25000,18900,24.4,1151,4.9,95,3,1,0,1,1,0,0,1,A000000248755,10000010007
2026-08-06,맨즈에딧,7,셀렉스,"[단독런칭 1+1] 셀렉스 프로핏 SPORTS 단백질쉐이크 45g 2종 택1(너티초코, 미숫가루)",https://www.oliveyoung.co.kr/store/goods/getGoodsDetail.do?goodsNo=A000000261260,https://image.oliveyoung.co.kr/cfimages/cf-goods/uploads/images/thumbnails/400/10/0000/0026/A00000026126003ko.jpg?l=ko,4200,3900,7.1,40,4.8,85,8,5,3,,0,1,0,1,A000000261260,10000010007
2026-08-06,맨즈에딧,8,토리든,토리든 밸런스풀 포맨 시카 오일 컨트롤 선스틱 20g 기획(+올인원 20g),https://www.oliveyoung.co.kr/store/goods/getGoodsDetail.do?goodsNo=A000000248312,https://image.oliveyoung.co.kr/cfimages/cf-goods/uploads/images/thumbnails/400/10/0000/0024/A00000024831221ko.jpg?l=ko,23000,17800,22.6,491,4.8,88,9,2,0,1,1,1,0,1,A000000248312,10000010007
2026-08-06,맨즈에딧,9,히든,[5초뿌리는바디로션] 히든 퍼퓸 스프레이 바디로션 기획/단품 10종,https://www.oliveyoung.co.kr/store/goods/getGoodsDetail.do?goodsNo=A000000182127,https://image.oliveyoung.co.kr/cfimages/cf-goods/uploads/images/thumbnails/400/10/0000/0018/A00000018212732ko.jpg?l=ko,32900,29600,10.0,2578,4.7,82,11,5,1,1,1,0,0,1,A000000182127,10000010007
2026-08-06,맨즈에딧,10,이니스프리,[4950만개/1+1] 이니스프리 화산송이 바하 모공 클렌징폼 130g 더블 기획,https://www.oliveyoung.co.kr/store/goods/getGoodsDetail.do?goodsNo=A000000232913,https://image.oliveyoung.co.kr/cfimages/cf-goods/uploads/images/thumbnails/400/10/0000/0023/A00000023291362ko.jpg?l=ko,15000,13200,12.0,6470,4.8,88,9,2,0,0,1,0,1,1,A000000232913,10000010007
2026-08-06,맨즈에딧,11,우르오스,[베스트 올인원]우르오스 올인원 200ml 2종 택 1,https://www.oliveyoung.co.kr/store/goods/getGoodsDetail.do?goodsNo=A000000117541,https://image.oliveyoung.co.kr/cfimages/cf-goods/uploads/images/thumbnails/400/10/0000/0011/A00000011754150ko.jpg?l=ko,29700,23200,21.9,7699,4.8,87,10,2,0,0,1,1,0,1,A000000117541,10000010007
2026-08-06,맨즈에딧,12,우르오스,[맨즈케어 바디워시 1위] 우르오스 스킨워시 500ml 2입 기획,https://www.oliveyoung.co.kr/store/goods/getGoodsDetail.do?goodsNo=A000000232997,https://image.oliveyoung.co.kr/cfimages/cf-goods/uploads/images/thumbnails/400/10/0000/0023/A00000023299709ko.png?l=ko,38200,31000,18.8,5493,4.9,92,6,1,0,0,1,0,0,1,A000000232997,10000010007
2026-08-06,맨즈에딧,13,오브제,[1등 보송젤파우더] 오브제 오일 컨트롤 피니셔 5g 단품/기획(+퍼프2P 증정),https://www.oliveyoung.co.kr/store/goods/getGoodsDetail.do?goodsNo=A000000246600,https://image.oliveyoung.co.kr/cfimages/cf-goods/uploads/images/thumbnails/400/10/0000/0024/A00000024660010ko.jpg?l=ko,20000,15900,20.5,1448,4.6,79,8,6,2,5,1,0,0,1,A000000246600,10000010007
2026-08-06,맨즈에딧,14,포맨트,[박지훈포카 증정/헤어퍼퓸 증정] 포맨트 시그니처 퍼퓸 코튼허그 50ml 단품/기획 (포켓몬 에디션),https://www.oliveyoung.co.kr/store/goods/getGoodsDetail.do?goodsNo=A000000221675,https://image.oliveyoung.co.kr/cfimages/cf-goods/uploads/images/thumbnails/400/10/0000/0022/A00000022167582ko.png?l=ko,39000,36500,6.4,8945,4.9,90,7,2,1,1,1,1,1,1,A000000221675,10000010007
2026-08-06,맨즈에딧,15,아이디얼포맨,[개기름뽀송] 아이디얼포맨 프레시 오일 컷 선스틱 단품/기획,https://www.oliveyoung.co.kr/store/goods/getGoodsDetail.do?goodsNo=A000000248771,https://image.oliveyoung.co.kr/cfimages/cf-goods/uploads/images/thumbnails/400/10/0000/0024/A00000024877139ko.jpg?l=ko,24000,12500,47.9,580,4.9,91,7,1,1,0,1,1,0,1,A000000248771,10000010007
2026-08-06,맨즈에딧,16,우르오스,[맨즈케어 바디워시 1위]우르오스 스킨워시 500ml,https://www.oliveyoung.co.kr/store/goods/getGoodsDetail.do?goodsNo=A000000205802,https://image.oliveyoung.co.kr/cfimages/cf-goods/uploads/images/thumbnails/400/10/0000/0020/A00000020580251ko.jpg?l=ko,19700,15300,22.3,10437,4.9,90,8,1,0,0,1,1,0,1,A000000205802,10000010007
2026-08-06,맨즈에딧,17,폴미첼,[헤어픽서/올영단독] 폴미첼 프리즈 앤 샤인 슈퍼 스프레이 250ml/100ml 기획세트(+100ml/50ml 증정),https://www.oliveyoung.co.kr/store/goods/getGoodsDetail.do?goodsNo=A000000190610,https://image.oliveyoung.co.kr/cfimages/cf-goods/uploads/images/thumbnails/400/10/0000/0019/A00000019061020ko.jpg?l=ko,24000,17900,25.4,1627,4.8,87,10,3,0,0,1,1,1,1,A000000190610,10000010007
2026-08-06,맨즈에딧,18,랩노쉬,[새로운맛 출시] 랩노쉬 프로틴 드링크 퍼펙트 350ml 4종 택1,https://www.oliveyoung.co.kr/store/goods/getGoodsDetail.do?goodsNo=A000000250088,https://image.oliveyoung.co.kr/cfimages/cf-goods/uploads/images/thumbnails/400/10/0000/0025/A00000025008820ko.jpg?l=ko,3800,3800,0.0,925,4.9,94,4,2,0,1,0,0,0,1,A000000250088,10000010007
2026-08-06,맨즈에딧,19,토리든,토리든 다이브인 포맨 저분자 히알루론산 올인원 200g 단품/기획 (+올인원 20g),https://www.oliveyoung.co.kr/store/goods/getGoodsDetail.do?goodsNo=A000000207111,https://image.oliveyoung.co.kr/cfimages/cf-goods/uploads/images/thumbnails/400/10/0000/0020/A00000020711143ko.jpeg?l=ko,24000,19200,20.0,3977,4.9,90,8,1,0,0,1,0,0,1,A000000207111,10000010007
2026-08-06,맨즈에딧,20,오브제,[1등파데 리뉴얼] 오브제 내추럴 커버 파운데이션 PRO 14g 단품/기획 (+올인원 30ml 증정),https://www.oliveyoung.co.kr/store/goods/getGoodsDetail.do?goodsNo=A000000258285,https://image.oliveyoung.co.kr/cfimages/cf-goods/uploads/images/thumbnails/400/10/0000/0025/A00000025828512ko.jpg?l=ko,36800,36800,0.0,7761,4.8,89,8,2,0,0,0,0,0,1,A000000258285,10000010007
2026-08-06,맨즈에딧,21,토리든,[단독기획] 토리든 다이브인 포맨 저분자 히알루론산 올인원 200g 더블 기획,https://www.oliveyoung.co.kr/store/goods/getGoodsDetail.do?goodsNo=A000000230522,https://image.oliveyoung.co.kr/cfimages/cf-goods/uploads/images/thumbnails/400/10/0000/0023/A00000023052211ko.jpg?l=ko,38000,29900,21.3,3691,4.9,91,8,1,0,0,1,0,0,1,A000000230522,10000010007
2026-08-06,맨즈에딧,22,닥터지,[트러블/면도후] 닥터지 레드 블레미쉬 포 맨 진정 올인원 150ml 2종 (단품/증정 기획),https://www.oliveyoung.co.kr/store/goods/getGoodsDetail.do?goodsNo=A000000223781,https://image.oliveyoung.co.kr/cfimages/cf-goods/uploads/images/thumbnails/400/10/0000/0022/A00000022378115ko.jpg?l=ko,32000,24000,25.0,4341,4.9,91,7,2,0,0,1,0,0,1,A000000223781,10000010007
2026-08-06,맨즈에딧,23,우르오스,우르오스 올인원 스킨로션 200ml,https://www.oliveyoung.co.kr/store/goods/getGoodsDetail.do?goodsNo=A000000006564,https://image.oliveyoung.co.kr/cfimages/cf-goods/uploads/images/thumbnails/400/10/0000/0000/A00000000656426ko.jpg?l=ko,29700,23200,21.9,3471,4.9,88,9,2,0,0,1,1,0,1,A000000006564,10000010007
2026-08-06,맨즈에딧,24,우르오스,우르오스 올인원 스킨밀크 200ml,https://www.oliveyoung.co.kr/store/goods/getGoodsDetail.do?goodsNo=A000000006565,https://image.oliveyoung.co.kr/cfimages/cf-goods/uploads/images/thumbnails/400/10/0000/0000/A00000000656527ko.jpg?l=ko,29700,23200,21.9,5962,4.9,88,10,2,0,0,1,1,0,1,A000000006565,10000010007
2026-08-06,맨즈에딧,25,비레디,[맨즈 1위 쿠션/124만개 판매] 비레디 임수빈 PICK 블루 쿠션,https://www.oliveyoung.co.kr/store/goods/getGoodsDetail.do?goodsNo=A000000212063,https://image.oliveyoung.co.kr/cfimages/cf-goods/uploads/images/thumbnails/400/10/0000/0021/A00000021206322ko.jpg?l=ko,32900,26500,19.5,3697,4.8,88,10,2,0,0,1,1,0,1,A000000212063,10000010007
2026-08-06,맨즈에딧,26,캘빈클라인,캘빈클라인 CK One EDT 단품/기획,https://www.oliveyoung.co.kr/store/goods/getGoodsDetail.do?goodsNo=A000000128148,https://image.oliveyoung.co.kr/cfimages/cf-goods/uploads/images/thumbnails/400/10/0000/0012/A00000012814850ko.png?l=ko,69000,45890,33.5,1883,4.8,85,12,2,0,0,1,1,1,1,A000000128148,10000010007
2026-08-06,맨즈에딧,27,갸스비,[11년 연속 1위/ 완벽고정] 갸스비 셋&킵 스프레이 263ml (레귤러),https://www.oliveyoung.co.kr/store/goods/getGoodsDetail.do?goodsNo=A000000009020,https://image.oliveyoung.co.kr/cfimages/cf-goods/uploads/images/thumbnails/400/10/0000/0000/A00000000902026ko.jpg?l=ko,9000,7600,15.6,9791,4.8,83,12,3,0,0,1,0,1,1,A000000009020,10000010007
2026-08-06,맨즈에딧,28,아이오페,[남성선물 추천]아이오페 맨 2종세트(에센스145ml+에멀젼 120ml+3종미니어처 증정,https://www.oliveyoung.co.kr/store/goods/getGoodsDetail.do?goodsNo=A000000183868,https://image.oliveyoung.co.kr/cfimages/cf-goods/uploads/images/thumbnails/400/10/0000/0018/A00000018386814ko.jpg?l=ko,78000,54600,30.0,1235,4.9,90,8,2,,0,1,0,1,1,A000000183868,10000010007
2026-08-06,맨즈에딧,29,오브제,[덱스 PICK/남자립밤1등] 오브제 무드체인지 립밤 3g 3종 택1,https://www.oliveyoung.co.kr/store/goods/getGoodsDetail.do?goodsNo=A000000161007,https://image.oliveyoung.co.kr/cfimages/cf-goods/uploads/images/thumbnails/400/10/0000/0016/A00000016100716ko.jpg?l=ko,11900,11900,0.0,10801,4.9,92,7,1,0,0,0,0,0,1,A000000161007,10000010007
2026-08-06,맨즈에딧,30,아이디얼포맨,아이디얼포맨 프레시 올인원 150ml 단품/1+1 기획,https://www.oliveyoung.co.kr/store/goods/getGoodsDetail.do?goodsNo=A000000250298,https://image.oliveyoung.co.kr/cfimages/cf-goods/uploads/images/thumbnails/400/10/0000/0025/A00000025029810ko.jpg?l=ko,26000,14800,43.1,2196,4.8,88,9,2,0,0,1,0,0,1,A000000250298,10000010007
2026-08-06,맨즈에딧,31,그라펜,[압도적1등]그라펜 해수 포마드 100g 단품/기획,https://www.oliveyoung.co.kr/store/goods/getGoodsDetail.do?goodsNo=A000000104282,https://image.oliveyoung.co.kr/cfimages/cf-goods/uploads/images/thumbnails/400/10/0000/0010/A00000010428243ko.jpg?l=ko,17900,13500,24.6,2832,4.8,88,9,2,0,0,1,1,1,1,A000000104282,10000010007
2026-08-06,맨즈에딧,32,다슈,[초슬림 실리콘] 다슈 맨즈 에어핏 니플 밴드 52매(단품/더블기획),https://www.oliveyoung.co.kr/store/goods/getGoodsDetail.do?goodsNo=A000000227367,https://image.oliveyoung.co.kr/cfimages/cf-goods/uploads/images/thumbnails/400/10/0000/0022/A00000022736708ko.jpg?l=ko,14000,9900,29.3,588,4.8,85,8,5,1,1,1,0,0,1,A000000227367,10000010007
2026-08-06,맨즈에딧,33,메르세데스 벤츠,메르세데스 벤츠 맨 EDT 100ml 기획 (+바이알 2종),https://www.oliveyoung.co.kr/store/goods/getGoodsDetail.do?goodsNo=A000000123423,https://image.oliveyoung.co.kr/cfimages/cf-goods/uploads/images/thumbnails/400/10/0000/0012/A00000012342310ko.png?l=ko,128000,69900,45.4,399,4.8,86,10,3,1,,1,0,0,1,A000000123423,10000010007
2026-08-06,맨즈에딧,34,포뷰트,포뷰트 텍스처 쉐이크 스프레이 100ml (단품/기획),https://www.oliveyoung.co.kr/store/goods/getGoodsDetail.do?goodsNo=A000000232462,https://image.oliveyoung.co.kr/cfimages/cf-goods/uploads/images/thumbnails/400/10/0000/0023/A00000023246213ko.jpg?l=ko,24000,19200,20.0,306,4.6,80,8,5,2,5,1,0,0,1,A000000232462,10000010007
2026-08-06,맨즈에딧,35,오브제,[보송톤업] 오브제 내추럴 톤업 선스틱 18g,https://www.oliveyoung.co.kr/store/goods/getGoodsDetail.do?goodsNo=A000000260943,https://image.oliveyoung.co.kr/cfimages/cf-goods/uploads/images/thumbnails/400/10/0000/0026/A00000026094303ko.jpg?l=ko,25000,18900,24.4,100,5.0,100,,,,,1,0,0,1,A000000260943,10000010007
2026-08-06,맨즈에딧,36,라운드랩,[민감피부/저자극] 라운드랩 포 맨 1025 독도 올인원 플루이드 200ml+200ml,https://www.oliveyoung.co.kr/store/goods/getGoodsDetail.do?goodsNo=A000000183229,https://image.oliveyoung.co.kr/cfimages/cf-goods/uploads/images/thumbnails/400/10/0000/0018/A00000018322909ko.jpg?l=ko,43000,31500,26.7,3479,4.9,88,10,2,0,0,1,1,1,1,A000000183229,10000010007
2026-08-06,맨즈에딧,37,토리든,토리든 밸런스풀 포맨 시카 프레쉬 올인원 200g 기획(+밸런스풀 올인원 20g),https://www.oliveyoung.co.kr/store/goods/getGoodsDetail.do?goodsNo=A000000228952,https://image.oliveyoung.co.kr/cfimages/cf-goods/uploads/images/thumbnails/400/10/0000/0022/A00000022895236ko.jpg?l=ko,25000,19900,20.4,1706,4.8,87,9,3,1,1,1,0,0,1,A000000228952,10000010007
2026-08-06,맨즈에딧,38,마이프로틴,마이프로틴 웨이 단백질 쉐이크 45g 7종 택1,https://www.oliveyoung.co.kr/store/goods/getGoodsDetail.do?goodsNo=A000000239144,https://image.oliveyoung.co.kr/cfimages/cf-goods/uploads/images/thumbnails/400/10/0000/0023/A00000023914421ko.jpg?l=ko,5900,5900,0.0,509,4.9,94,4,1,0,0,0,0,0,1,A000000239144,10000010007
2026-08-06,맨즈에딧,39,피지오겔,피지오겔 DMT포맨 증정 기획세트 2종 한정기획 (플루이드 or 크림),https://www.oliveyoung.co.kr/store/goods/getGoodsDetail.do?goodsNo=A000000179227,https://image.oliveyoung.co.kr/cfimages/cf-goods/uploads/images/thumbnails/400/10/0000/0017/A00000017922718ko.jpg?l=ko,65000,29900,54.0,4226,4.9,89,9,2,0,0,1,0,0,1,A000000179227,10000010007
2026-08-06,맨즈에딧,40,세븐피엠,세븐피엠 털업왁싱 제모크림 100ml,https://www.oliveyoung.co.kr/store/goods/getGoodsDetail.do?goodsNo=A000000164918,https://image.oliveyoung.co.kr/cfimages/cf-goods/uploads/images/thumbnails/400/10/0000/0016/A00000016491802ko.jpg?l=ko,14900,10900,26.8,78,4.5,68,18,10,1,3,1,0,0,1,A000000164918,10000010007
2026-08-06,맨즈에딧,41,비오템,비오템옴므 아쿠아파워 올인원 50ml 트래블 기획/200ml,https://www.oliveyoung.co.kr/store/goods/getGoodsDetail.do?goodsNo=A000000137488,https://image.oliveyoung.co.kr/cfimages/cf-goods/uploads/images/thumbnails/400/10/0000/0013/A00000013748865ko.jpg?l=ko,30000,21000,30.0,1127,4.9,91,6,2,0,0,1,0,0,1,A000000137488,10000010007
2026-08-06,맨즈에딧,42,니베아,[올영1위/단독기획] 니베아 맨 센서티브 쉐이빙 폼 더블기획 (200ml+200ml),https://www.oliveyoung.co.kr/store/goods/getGoodsDetail.do?goodsNo=A000000200149,https://image.oliveyoung.co.kr/cfimages/cf-goods/uploads/images/thumbnails/400/10/0000/0020/A00000020014911ko.jpg?l=ko,11700,9900,15.4,11924,4.8,87,11,2,0,0,1,0,0,1,A000000200149,10000010007
2026-08-06,맨즈에딧,43,비레디,[임수빈 PICK] 비레디 트루톤 로션 40ml + 20ml 추가증정 기획,https://www.oliveyoung.co.kr/store/goods/getGoodsDetail.do?goodsNo=A000000233178,https://image.oliveyoung.co.kr/cfimages/cf-goods/uploads/images/thumbnails/400/10/0000/0023/A00000023317847ko.jpg?l=ko,32000,32000,0.0,788,4.8,88,8,2,0,1,0,0,1,1,A000000233178,10000010007
2026-08-06,맨즈에딧,44,브리티시엠,브리티시엠 헤어 그루밍 토닉 320ml,https://www.oliveyoung.co.kr/store/goods/getGoodsDetail.do?goodsNo=A000000208652,https://image.oliveyoung.co.kr/cfimages/cf-goods/uploads/images/thumbnails/400/10/0000/0020/A00000020865202ko.jpg?l=ko,26000,20800,20.0,71,4.9,92,7,1,,,1,0,0,1,A000000208652,10000010007
2026-08-06,맨즈에딧,45,우르오스,우르오스 스칼프샴푸 500ml (증정기획/단품),https://www.oliveyoung.co.kr/store/goods/getGoodsDetail.do?goodsNo=A000000006568,https://image.oliveyoung.co.kr/cfimages/cf-goods/uploads/images/thumbnails/400/10/0000/0000/A00000000656816ko.jpg?l=ko,29700,23200,21.9,527,4.8,91,6,2,1,1,1,1,0,1,A000000006568,10000010007
2026-08-06,맨즈에딧,46,포맨트,포맨트 시그니처 올인원 에센스 모이스처 플러스 150ml,https://www.oliveyoung.co.kr/store/goods/getGoodsDetail.do?goodsNo=A000000155995,https://image.oliveyoung.co.kr/cfimages/cf-goods/uploads/images/thumbnails/400/10/0000/0015/A00000015599508ko.jpg?l=ko,29000,23200,20.0,325,4.9,92,6,2,1,,1,0,0,1,A000000155995,10000010007
2026-08-06,맨즈에딧,47,비레디,[남성파데1위] 비레디 블루 파운데이션 35ml,https://www.oliveyoung.co.kr/store/goods/getGoodsDetail.do?goodsNo=A000000178092,https://image.oliveyoung.co.kr/cfimages/cf-goods/uploads/images/thumbnails/400/10/0000/0017/A00000017809215ko.jpg?l=ko,29000,26100,10.0,1136,4.8,85,10,4,1,0,0,1,0,1,A000000178092,10000010007
2026-08-06,맨즈에딧,48,미닉,[모공&잡티 완벽커버] 미닉 미니멀 커버 로션 40ml (라이트베이지/내추럴베이지) 단품/단독기획,https://www.oliveyoung.co.kr/store/goods/getGoodsDetail.do?goodsNo=A000000223633,https://image.oliveyoung.co.kr/cfimages/cf-goods/uploads/images/thumbnails/400/10/0000/0022/A00000022363332ko.jpg?l=ko,30000,22900,23.7,692,4.8,87,9,3,0,1,0,1,0,1,A000000223633,10000010007
2026-08-06,맨즈에딧,49,질레트,질레트 면도날 16입 (스킨텍/옐로우/칠/울트라),https://www.oliveyoung.co.kr/store/goods/getGoodsDetail.do?goodsNo=A000000205872,https://image.oliveyoung.co.kr/cfimages/cf-goods/uploads/images/thumbnails/400/10/0000/0020/A00000020587215ko.jpg?l=ko,91900,68700,25.2,10675,4.9,91,7,2,0,0,1,0,0,1,A000000205872,10000010007
2026-08-06,맨즈에딧,50,토리든,토리든 다이브인 포맨 저분자 히알루론산 스킨/젤로션 2종 기획(+스킨30ml+젤로션20ml),https://www.oliveyoung.co.kr/store/goods/getGoodsDetail.do?goodsNo=A000000207115,https://image.oliveyoung.co.kr/cfimages/cf-goods/uploads/images/thumbnails/400/10/0000/0020/A00000020711522ko.jpg?l=ko,37000,29600,20.0,2009,4.9,90,8,2,0,0,1,0,0,1,A000000207115,10000010007
2026-08-06,맨즈에딧,51,라운드랩,[민감진정/화해1위] 라운드랩 포 맨 소나무 진정 시카 로션 200ml,https://www.oliveyoung.co.kr/store/goods/getGoodsDetail.do?goodsNo=A000000199154,https://image.oliveyoung.co.kr/cfimages/cf-goods/uploads/images/thumbnails/400/10/0000/0019/A00000019915407ko.jpg?l=ko,25000,17600,29.6,4535,4.9,91,6,2,0,0,0,1,1,1,A000000199154,10000010007
2026-08-06,맨즈에딧,52,다슈,[누적판매 85만개] 다슈 포맨 밤부 포레스트 메가 하드 스프레이 180ml,https://www.oliveyoung.co.kr/store/goods/getGoodsDetail.do?goodsNo=A000000161439,https://image.oliveyoung.co.kr/cfimages/cf-goods/uploads/images/thumbnails/400/10/0000/0016/A00000016143910ko.jpg?l=ko,15000,9800,34.7,4730,4.8,86,11,3,0,1,1,0,0,1,A000000161439,10000010007
2026-08-06,맨즈에딧,53,질레트,질레트 랩스 딥클렌징바 면도기 (핸들+1입날+거치대),https://www.oliveyoung.co.kr/store/goods/getGoodsDetail.do?goodsNo=A000000236890,https://image.oliveyoung.co.kr/cfimages/cf-goods/uploads/images/thumbnails/400/10/0000/0023/A00000023689015ko.jpg?l=ko,34500,23300,32.5,1898,4.8,90,7,2,0,1,1,0,0,1,A000000236890,10000010007
2026-08-06,맨즈에딧,54,오브제,[수분 선크림] 오브제 맥스 워터풀 선크림 300ml,https://www.oliveyoung.co.kr/store/goods/getGoodsDetail.do?goodsNo=A000000246715,https://image.oliveyoung.co.kr/cfimages/cf-goods/uploads/images/thumbnails/400/10/0000/0024/A00000024671502ko.jpg?l=ko,31500,31500,0.0,131,5.0,98,2,,1,,0,0,0,1,A000000246715,10000010007
2026-08-06,맨즈에딧,55,다슈,[150만 국민바디워시] 다슈 데일리 비타플렉스 올인원 바디워시 기획세트 (본품500ml+50ml 증정),https://www.oliveyoung.co.kr/store/goods/getGoodsDetail.do?goodsNo=A000000152332,https://image.oliveyoung.co.kr/cfimages/cf-goods/uploads/images/thumbnails/400/10/0000/0015/A00000015233216ko.jpg?l=ko,18000,12400,31.1,4898,4.9,89,9,2,0,0,1,0,1,1,A000000152332,10000010007
2026-08-06,맨즈에딧,56,하이뮨,하이뮨 프로틴 밸런스 액티브 8종(밤티라미수/바닐라봉봉/밀크쉐이크/딥초코/더블샷커피 등) 250ml* 18입,https://www.oliveyoung.co.kr/store/goods/getGoodsDetail.do?goodsNo=B000000232872,https://image.oliveyoung.co.kr/cfimages/cf-goods/uploads/images/thumbnails/400/10/0000/0023/B00000023287206ko.jpg?l=ko,27000,22900,15.2,706,4.9,92,6,2,1,0,0,1,0,0,B000000232872,10000010007
2026-08-06,맨즈에딧,57,다슈,[1등 컬크림] 다슈 데일리 볼륨업 컬크림 150ml,https://www.oliveyoung.co.kr/store/goods/getGoodsDetail.do?goodsNo=A000000111238,https://image.oliveyoung.co.kr/cfimages/cf-goods/uploads/images/thumbnails/400/10/0000/0011/A00000011123837ko.jpg?l=ko,15000,10500,30.0,6700,4.8,82,14,4,0,0,1,0,0,1,A000000111238,10000010007
2026-08-06,맨즈에딧,58,포맨트,[리뉴얼출시]포맨트 시그니처 퍼퓸 코튼키스 50ml,https://www.oliveyoung.co.kr/store/goods/getGoodsDetail.do?goodsNo=A000000221786,https://image.oliveyoung.co.kr/cfimages/cf-goods/uploads/images/thumbnails/400/10/0000/0022/A00000022178615ko.jpg?l=ko,39000,37000,5.1,3141,4.8,89,8,3,0,0,1,0,0,1,A000000221786,10000010007
2026-08-06,맨즈에딧,59,질레트,질레트 프로쉴드 옐로우 면도날 4입,https://www.oliveyoung.co.kr/store/goods/getGoodsDetail.do?goodsNo=A000000205929,https://image.oliveyoung.co.kr/cfimages/cf-goods/uploads/images/thumbnails/400/10/0000/0020/A00000020592917ko.jpg?l=ko,33200,29900,9.9,3550,4.9,92,7,1,0,0,1,0,0,1,A000000205929,10000010007
2026-08-06,맨즈에딧,60,다슈,다슈 데일리 비타플렉스 남성청결제 300ml,https://www.oliveyoung.co.kr/store/goods/getGoodsDetail.do?goodsNo=A000000102321,https://image.oliveyoung.co.kr/cfimages/cf-goods/uploads/images/thumbnails/400/10/0000/0010/A00000010232112ko.jpg?l=ko,18000,12600,30.0,3305,4.8,88,9,2,0,0,1,0,0,1,A000000102321,10000010007
2026-08-06,맨즈에딧,61,오브제,[NEW/덱스PICK] 오브제 퍼펙트 커버 쿠션 15g,https://www.oliveyoung.co.kr/store/goods/getGoodsDetail.do?goodsNo=A000000246705,https://image.oliveyoung.co.kr/cfimages/cf-goods/uploads/images/thumbnails/400/10/0000/0024/A00000024670502ko.jpg?l=ko,34900,34900,0.0,1379,4.8,88,8,3,0,0,0,0,0,1,A000000246705,10000010007
2026-08-06,맨즈에딧,62,아이오페,[10년 연속 1위] 아이오페 맨 올데이 퍼펙트 올인원 120ml 기획 (+30ml),https://www.oliveyoung.co.kr/store/goods/getGoodsDetail.do?goodsNo=A000000184697,https://image.oliveyoung.co.kr/cfimages/cf-goods/uploads/images/thumbnails/400/10/0000/0018/A00000018469732ko.jpg?l=ko,38000,28500,25.0,4963,4.9,90,8,1,0,0,1,0,1,1,A000000184697,10000010007
2026-08-06,맨즈에딧,63,바버501,바버501 쉐이빙 부스터 스무디 시카 300ml 스페셜기획(+30ml 증정),https://www.oliveyoung.co.kr/store/goods/getGoodsDetail.do?goodsNo=A000000172598,https://image.oliveyoung.co.kr/cfimages/cf-goods/uploads/images/thumbnails/400/10/0000/0017/A00000017259803ko.jpg?l=ko,29800,27900,6.4,789,4.9,91,7,2,0,0,1,0,0,1,A000000172598,10000010007
2026-08-06,맨즈에딧,64,다슈,[탈모완화기능성] 다슈 데일리 볼륨 텍스처 스프레이 100ml,https://www.oliveyoung.co.kr/store/goods/getGoodsDetail.do?goodsNo=A000000258805,https://image.oliveyoung.co.kr/cfimages/cf-goods/uploads/images/thumbnails/400/10/0000/0025/A00000025880503ko.jpg?l=ko,22000,18000,18.2,227,4.6,77,11,7,2,2,1,0,0,1,A000000258805,10000010007
2026-08-06,맨즈에딧,65,그라펜,그라펜 스타일링 왁스 2종 택1(세이프 왁스/그루밍 클레이 하드왁스),https://www.oliveyoung.co.kr/store/goods/getGoodsDetail.do?goodsNo=A000000129115,https://image.oliveyoung.co.kr/cfimages/cf-goods/uploads/images/thumbnails/400/10/0000/0012/A00000012911542ko.jpg?l=ko,15900,15900,0.0,1087,4.8,81,15,3,0,1,0,0,1,1,A000000129115,10000010007
2026-08-06,맨즈에딧,66,오브제,오브제 포어 제로 무스 클레이 팩 100ml,https://www.oliveyoung.co.kr/store/goods/getGoodsDetail.do?goodsNo=A000000212247,https://image.oliveyoung.co.kr/cfimages/cf-goods/uploads/images/thumbnails/400/10/0000/0021/A00000021224708ko.jpg?l=ko,26000,19900,23.5,852,4.9,90,7,2,0,0,1,0,0,1,A000000212247,10000010007
2026-08-06,맨즈에딧,67,우르오스,우르오스 스킨워시 300ml,https://www.oliveyoung.co.kr/store/goods/getGoodsDetail.do?goodsNo=A000000015972,https://image.oliveyoung.co.kr/cfimages/cf-goods/uploads/images/thumbnails/400/10/0000/0001/A00000001597210ko.jpg?l=ko,14300,11390,20.3,1235,4.9,89,8,2,0,0,1,0,0,1,A000000015972,10000010007
2026-08-06,맨즈에딧,68,VT,[모공/피지케어]VT 리들샷 포맨 올인원 100 엠플러스 150ml 단품/기획,https://www.oliveyoung.co.kr/store/goods/getGoodsDetail.do?goodsNo=A000000236543,https://image.oliveyoung.co.kr/cfimages/cf-goods/uploads/images/thumbnails/400/10/0000/0023/A00000023654334ko.jpg?l=ko,23000,23000,0.0,6123,5.0,97,2,0,0,0,0,0,0,1,A000000236543,10000010007
2026-08-06,맨즈에딧,69,사브와 프로페셔널,[청담샵템/품절대란템] 사브와 프로페셔널 헤어 텍스처라이저 120ml,https://www.oliveyoung.co.kr/store/goods/getGoodsDetail.do?goodsNo=A000000210567,https://image.oliveyoung.co.kr/cfimages/cf-goods/uploads/images/thumbnails/400/10/0000/0021/A00000021056702ko.jpg?l=ko,33000,31000,6.1,169,4.8,88,8,4,,1,1,0,0,1,A000000210567,10000010007
2026-08-06,맨즈에딧,70,라운드랩,[번들모공] 라운드랩 포 맨 소나무 토너/로션 2종 기획(+진정 클렌저 40ml 증정),https://www.oliveyoung.co.kr/store/goods/getGoodsDetail.do?goodsNo=A000000199156,https://image.oliveyoung.co.kr/cfimages/cf-goods/uploads/images/thumbnails/400/10/0000/0019/A00000019915630ko.jpg?l=ko,43000,30300,29.5,5314,4.9,90,7,2,0,0,1,1,1,1,A000000199156,10000010007
2026-08-06,맨즈에딧,71,다슈,[초간편 다운펌] 다슈 포 맨 이지 버튼 다운펌 20ml 기획(+20ml),https://www.oliveyoung.co.kr/store/goods/getGoodsDetail.do?goodsNo=A000000211066,https://image.oliveyoung.co.kr/cfimages/cf-goods/uploads/images/thumbnails/400/10/0000/0021/A00000021106601ko.jpg?l=ko,28000,20900,25.4,250,4.6,78,11,6,2,3,1,0,0,1,A000000211066,10000010007
2026-08-06,맨즈에딧,72,다슈,다슈 클래식 인크레더블 샤인 포마드 100g,https://www.oliveyoung.co.kr/store/goods/getGoodsDetail.do?goodsNo=A000000012913,https://image.oliveyoung.co.kr/cfimages/cf-goods/uploads/images/thumbnails/400/10/0000/0001/A00000001291310ko.jpg?l=ko,18000,18000,0.0,1390,4.8,82,15,3,,0,0,0,0,1,A000000012913,10000010007
2026-08-06,맨즈에딧,73,오브제,[노세범 선크림] 오브제 포어 제로 오일 컨트롤 선크림 50ml,https://www.oliveyoung.co.kr/store/goods/getGoodsDetail.do?goodsNo=A000000230447,https://image.oliveyoung.co.kr/cfimages/cf-goods/uploads/images/thumbnails/400/10/0000/0023/A00000023044705ko.jpg?l=ko,22500,17900,20.4,439,4.9,93,4,3,1,0,1,0,0,1,A000000230447,10000010007
2026-08-06,맨즈에딧,74,랄프로렌,"랄프로렌 폴로 랄프 EDT 30ml,50ml 단품/기획 중 택 1",https://www.oliveyoung.co.kr/store/goods/getGoodsDetail.do?goodsNo=A000000142176,https://image.oliveyoung.co.kr/cfimages/cf-goods/uploads/images/thumbnails/400/10/0000/0014/A00000014217613ko.jpg?l=ko,95000,76000,20.0,778,4.8,85,11,2,1,0,1,0,0,1,A000000142176,10000010007
2026-08-06,맨즈에딧,75,몽블랑,몽블랑 레전드 스피릿 EDT 50ml,https://www.oliveyoung.co.kr/store/goods/getGoodsDetail.do?goodsNo=A000000013437,https://image.oliveyoung.co.kr/cfimages/cf-goods/uploads/images/thumbnails/400/10/0000/0001/A00000001343716ko.jpg?l=ko,101000,75750,25.0,391,4.8,85,14,1,,0,1,0,0,1,A000000013437,10000010007
2026-08-06,맨즈에딧,76,바버501,바버501 쉐이빙 부스터 밤 3종 택1,https://www.oliveyoung.co.kr/store/goods/getGoodsDetail.do?goodsNo=A000000187267,https://image.oliveyoung.co.kr/cfimages/cf-goods/uploads/images/thumbnails/400/10/0000/0018/A00000018726705ko.jpg?l=ko,12900,10900,15.5,3159,4.8,88,9,2,0,0,1,0,0,1,A000000187267,10000010007
2026-08-06,맨즈에딧,77,다슈,다슈 맨즈 매직커버 니플밴드 더블 기획 (52매+52매),https://www.oliveyoung.co.kr/store/goods/getGoodsDetail.do?goodsNo=A000000143150,https://image.oliveyoung.co.kr/cfimages/cf-goods/uploads/images/thumbnails/400/10/0000/0014/A00000014315001ko.jpg?l=ko,24000,11900,50.4,3383,4.7,81,12,5,1,1,1,0,0,1,A000000143150,10000010007
2026-08-06,맨즈에딧,78,그라펜,[7년연속 1등]그라펜 트리플립 PRO 4종 택1(핸섬립/컬러립/립센스/네이키드)(+기름종이 한정기획),https://www.oliveyoung.co.kr/store/goods/getGoodsDetail.do?goodsNo=A000000244792,https://image.oliveyoung.co.kr/cfimages/cf-goods/uploads/images/thumbnails/400/10/0000/0024/A00000024479236ko.jpg?l=ko,16900,16900,0.0,5433,4.9,90,7,2,0,0,0,0,1,1,A000000244792,10000010007
2026-08-06,맨즈에딧,79,존바바토스,존바바토스 아티산 퓨어 EDT 125ml,https://www.oliveyoung.co.kr/store/goods/getGoodsDetail.do?goodsNo=A000000105843,https://image.oliveyoung.co.kr/cfimages/cf-goods/uploads/images/thumbnails/400/10/0000/0010/A00000010584307ko.jpg?l=ko,149000,69900,53.1,259,4.8,86,10,4,0,,1,0,0,1,A000000105843,10000010007
2026-08-06,맨즈에딧,80,아이디얼포맨,[남자선물추천] 아이디얼포맨 퍼펙트 탄력 스킨&로션 2종 세트,https://www.oliveyoung.co.kr/store/goods/getGoodsDetail.do?goodsNo=A000000230868,https://image.oliveyoung.co.kr/cfimages/cf-goods/uploads/images/thumbnails/400/10/0000/0023/A00000023086816ko.jpg?l=ko,33000,26800,18.8,1069,4.8,88,10,2,0,0,1,0,0,1,A000000230868,10000010007
2026-08-06,맨즈에딧,81,비레디,비레디 블루 쿠션 4세대 리필 15g,https://www.oliveyoung.co.kr/store/goods/getGoodsDetail.do?goodsNo=A000000217042,https://image.oliveyoung.co.kr/cfimages/cf-goods/uploads/images/thumbnails/400/10/0000/0021/A00000021704211ko.jpg?l=ko,24900,21900,12.0,2121,4.9,91,7,2,0,0,1,0,0,1,A000000217042,10000010007
2026-08-06,맨즈에딧,82,질레트,질레트 랩스 딥클렌징바 면도기 (핸들+4입날+거치대),https://www.oliveyoung.co.kr/store/goods/getGoodsDetail.do?goodsNo=A000000236888,https://image.oliveyoung.co.kr/cfimages/cf-goods/uploads/images/thumbnails/400/10/0000/0023/A00000023688812ko.jpg?l=ko,64500,44900,30.4,1369,4.9,91,6,2,0,0,1,0,0,1,A000000236888,10000010007
2026-08-06,맨즈에딧,83,아이디얼포맨,[올영1등]아이디얼포맨 니플 밴드 5종 골라담기 (대용량/소용량),https://www.oliveyoung.co.kr/store/goods/getGoodsDetail.do?goodsNo=A000000228446,https://image.oliveyoung.co.kr/cfimages/cf-goods/uploads/images/thumbnails/400/10/0000/0022/A00000022844625ko.jpg?l=ko,4000,3600,10.0,4633,4.8,85,9,4,1,1,1,0,0,1,A000000228446,10000010007
2026-08-06,맨즈에딧,84,아이디얼포맨,[감쪽커버]아이디얼포맨 니플 밴드(스킨톤) 12매입/64매입,https://www.oliveyoung.co.kr/store/goods/getGoodsDetail.do?goodsNo=A000000183228,https://image.oliveyoung.co.kr/cfimages/cf-goods/uploads/images/thumbnails/400/10/0000/0018/A00000018322813ko.jpg?l=ko,4000,3600,10.0,1369,4.7,82,11,6,0,1,1,0,0,1,A000000183228,10000010007
2026-08-06,맨즈에딧,85,닥터지,[증정기획/선물세트] 닥터지 블랙스네일 옴므 프레스티지 3종 세트 (토너150ml+에멀전150ml+클렌징폼70ml),https://www.oliveyoung.co.kr/store/goods/getGoodsDetail.do?goodsNo=A000000190132,https://image.oliveyoung.co.kr/cfimages/cf-goods/uploads/images/thumbnails/400/10/0000/0019/A00000019013210ko.jpg?l=ko,34000,32300,5.0,482,4.8,87,9,4,,0,1,0,0,1,A000000190132,10000010007
2026-08-06,맨즈에딧,86,오브제,[미피 랜덤파우치 증정] 오브제 포어 제로 프레쉬 올인원 150ml 단품/기획,https://www.oliveyoung.co.kr/store/goods/getGoodsDetail.do?goodsNo=A000000230537,https://image.oliveyoung.co.kr/cfimages/cf-goods/uploads/images/thumbnails/400/10/0000/0023/A00000023053718ko.jpg?l=ko,28000,20900,25.4,908,4.9,91,6,2,,0,1,0,0,1,A000000230537,10000010007
2026-08-06,맨즈에딧,87,토리든,토리든 다이브인 포맨 저분자 히알루론산 젤 로션 200ml,https://www.oliveyoung.co.kr/store/goods/getGoodsDetail.do?goodsNo=A000000206692,https://image.oliveyoung.co.kr/cfimages/cf-goods/uploads/images/thumbnails/400/10/0000/0020/A00000020669209ko.jpg?l=ko,22000,17600,20.0,438,4.8,90,6,3,1,0,1,0,0,1,A000000206692,10000010007
2026-08-06,맨즈에딧,88,리우젤,리우젤 그루밍 토닉 200ml 단품/기획,https://www.oliveyoung.co.kr/store/goods/getGoodsDetail.do?goodsNo=A000000226695,https://image.oliveyoung.co.kr/cfimages/cf-goods/uploads/images/thumbnails/400/10/0000/0022/A00000022669521ko.png?l=ko,27000,19900,26.3,3611,4.8,87,10,2,0,0,1,0,0,1,A000000226695,10000010007
2026-08-06,맨즈에딧,89,이니스프리,[4950만판매] 이니스프리 화산송이 바하 모공 클렌징폼 150g,https://www.oliveyoung.co.kr/store/goods/getGoodsDetail.do?goodsNo=A000000190589,https://image.oliveyoung.co.kr/cfimages/cf-goods/uploads/images/thumbnails/400/10/0000/0019/A00000019058952ko.png?l=ko,13000,9100,30.0,3079,4.8,86,10,3,0,0,1,0,1,1,A000000190589,10000010007
2026-08-06,맨즈에딧,90,리핀,[이소원 PICK] 리핀 실내 고체탈취제 300g,https://www.oliveyoung.co.kr/store/goods/getGoodsDetail.do?goodsNo=A000000240331,https://image.oliveyoung.co.kr/cfimages/cf-goods/uploads/images/thumbnails/400/10/0000/0024/A00000024033113ko.png?l=ko,21900,19700,10.0,264,4.7,79,11,8,2,0,1,0,0,1,A000000240331,10000010007
2026-08-06,맨즈에딧,91,갸스비,[완벽고정] 갸스비 매트&하드 스프레이 200ml,https://www.oliveyoung.co.kr/store/goods/getGoodsDetail.do?goodsNo=A000000114700,https://image.oliveyoung.co.kr/cfimages/cf-goods/uploads/images/thumbnails/400/10/0000/0011/A00000011470035ko.png?l=ko,9000,9000,0.0,5181,4.7,82,13,4,1,0,0,0,1,1,A000000114700,10000010007
2026-08-06,맨즈에딧,92,그라펜,[NEW신향출시]그라펜 타투 퍼퓸 50ml 6종 택1 (원우드/코튼헤이즈/레몬/니스빌/클로버/레더),https://www.oliveyoung.co.kr/store/goods/getGoodsDetail.do?goodsNo=A000000191214,https://image.oliveyoung.co.kr/cfimages/cf-goods/uploads/images/thumbnails/400/10/0000/0019/A00000019121434ko.jpg?l=ko,50000,39800,20.4,3495,4.9,90,7,2,0,1,1,0,1,1,A000000191214,10000010007
2026-08-06,맨즈에딧,93,라운드랩,[박재훈PICK] 라운드랩 포맨 자작나무 토너/로션 2종기획 (쉐이빙 폼40ml or 토너300ml+미니세트),https://www.oliveyoung.co.kr/store/goods/getGoodsDetail.do?goodsNo=A000000187675,https://image.oliveyoung.co.kr/cfimages/cf-goods/uploads/images/thumbnails/400/10/0000/0018/A00000018767550ko.jpg?l=ko,42000,29300,30.2,7778,4.9,88,10,2,0,0,1,1,1,1,A000000187675,10000010007
2026-08-06,맨즈에딧,94,아이디얼포맨,[1+1한정기획/보습템]아이디얼포맨 퍼펙트 보습 올인원 단품/1+1기획(내용물/성분 동일),https://www.oliveyoung.co.kr/store/goods/getGoodsDetail.do?goodsNo=A000000210719,https://image.oliveyoung.co.kr/cfimages/cf-goods/uploads/images/thumbnails/400/10/0000/0021/A00000021071931ko.jpg?l=ko,28000,16800,40.0,1909,4.8,87,11,2,0,0,1,0,0,1,A000000210719,10000010007
2026-08-06,맨즈에딧,95,갸스비,갸스비 무빙 락 스프레이 트리플 기획 (253mlX3),https://www.oliveyoung.co.kr/store/goods/getGoodsDetail.do?goodsNo=A000000168411,https://image.oliveyoung.co.kr/cfimages/cf-goods/uploads/images/thumbnails/400/10/0000/0016/A00000016841106ko.jpg?l=ko,23700,22500,5.1,31,4.8,90,3,6,,,1,0,1,1,A000000168411,10000010007
2026-08-06,맨즈에딧,96,다슈,다슈 데일리 이지 커버 헤어쿠션 16g 내추럴블랙 단품/기획,https://www.oliveyoung.co.kr/store/goods/getGoodsDetail.do?goodsNo=A000000102306,https://image.oliveyoung.co.kr/cfimages/cf-goods/uploads/images/thumbnails/400/10/0000/0010/A00000010230608ko.jpg?l=ko,18000,18000,0.0,754,4.6,72,18,6,1,2,0,0,0,1,A000000102306,10000010007
2026-08-06,맨즈에딧,97,다슈,[드라이볼륨 필수템] 다슈 클래식 스타일 그루밍 토닉 펌프 200ml 기획 (+100ml),https://www.oliveyoung.co.kr/store/goods/getGoodsDetail.do?goodsNo=A000000161438,https://image.oliveyoung.co.kr/cfimages/cf-goods/uploads/images/thumbnails/400/10/0000/0016/A00000016143820ko.jpg?l=ko,18000,12800,28.9,4127,4.8,87,10,2,0,0,1,0,0,1,A000000161438,10000010007
2026-08-06,맨즈에딧,98,오브제,[1등파데] 오브제 내추럴 커버 파운데이션 단품/기획(+클렌징폼 50ml),https://www.oliveyoung.co.kr/store/goods/getGoodsDetail.do?goodsNo=A000000198001,https://image.oliveyoung.co.kr/cfimages/cf-goods/uploads/images/thumbnails/400/10/0000/0019/A00000019800120ko.jpg?l=ko,36800,36800,0.0,7690,4.8,89,8,2,0,0,0,0,0,1,A000000198001,10000010007
2026-08-06,맨즈에딧,99,리우젤,리우젤 블루 수성 하드 포마드 95g,https://www.oliveyoung.co.kr/store/goods/getGoodsDetail.do?goodsNo=A000000233240,https://image.oliveyoung.co.kr/cfimages/cf-goods/uploads/images/thumbnails/400/10/0000/0023/A00000023324007ko.jpg?l=ko,36000,26900,25.3,817,4.8,84,13,3,0,0,1,0,0,1,A000000233240,10000010007
2026-08-06,맨즈에딧,100,마이프로틴,마이프로틴 임팩트 웨이 프로틴 WPC 1kg 6종 택1,https://www.oliveyoung.co.kr/store/goods/getGoodsDetail.do?goodsNo=A000000245257,https://image.oliveyoung.co.kr/cfimages/cf-goods/uploads/images/thumbnails/400/10/0000/0024/A00000024525709ko.jpg?l=ko,54900,54900,0.0,197,4.7,79,12,8,1,1,0,0,0,1,A000000245257,10000010007
2026-08-06,향수/디퓨저,1,헤트라스,[단독선런칭/8월 올영픽] 헤트라스 고체탈취제 300g 2개입 5종,https://www.oliveyoung.co.kr/store/goods/getGoodsDetail.do?goodsNo=A000000261733,https://image.oliveyoung.co.kr/cfimages/cf-goods/uploads/images/thumbnails/400/10/0000/0026/A00000026173310ko.png?l=ko,18800,18200,3.2,167,5.0,97,2,1,,,1,1,0,1,A000000261733,10000010005
2026-08-06,향수/디퓨저,2,위프,[8월올영픽/단독기획세트]위프 고체탈취제 300g+100g(+16종),https://www.oliveyoung.co.kr/store/goods/getGoodsDetail.do?goodsNo=A000000248026,https://image.oliveyoung.co.kr/cfimages/cf-goods/uploads/images/thumbnails/400/10/0000/0024/A00000024802624ko.jpg?l=ko,21900,19500,11.0,497,4.7,81,11,6,1,1,1,1,0,1,A000000248026,10000010005
2026-08-06,향수/디퓨저,3,포맨트,[박지훈포카 증정/헤어퍼퓸 증정]  포맨트 시그니처 퍼퓸 50ml 단품/기획 3종 택 1 (포켓몬 에디션),https://www.oliveyoung.co.kr/store/goods/getGoodsDetail.do?goodsNo=A000000218424,https://image.oliveyoung.co.kr/cfimages/cf-goods/uploads/images/thumbnails/400/10/0000/0021/A00000021842473ko.png?l=ko,39000,36500,6.4,7912,4.8,89,8,2,0,1,1,1,1,1,A000000218424,10000010005
2026-08-06,향수/디퓨저,4,끌로에,끌로에 EDP [단품/기획] (10ml/30ml/50기획/100기획),https://www.oliveyoung.co.kr/store/goods/getGoodsDetail.do?goodsNo=A000000189177,https://image.oliveyoung.co.kr/cfimages/cf-goods/uploads/images/thumbnails/400/10/0000/0018/A00000018917732ko.jpg?l=ko,123000,87640,28.7,1993,4.8,84,11,3,1,1,1,1,0,1,A000000189177,10000010005
2026-08-06,향수/디퓨저,5,포맨트,[박지훈포카 증정/헤어퍼퓸 증정] 포맨트 시그니처 퍼퓸 코튼허그 50ml 단품/기획 (포켓몬 에디션),https://www.oliveyoung.co.kr/store/goods/getGoodsDetail.do?goodsNo=A000000221675,https://image.oliveyoung.co.kr/cfimages/cf-goods/uploads/images/thumbnails/400/10/0000/0022/A00000022167582ko.png?l=ko,39000,36500,6.4,8945,4.9,90,7,2,1,1,1,1,1,1,A000000221675,10000010005
2026-08-06,향수/디퓨저,6,아뜰리에페이,아뜰리에페이 퍼퓸  중 1 단품/기획,https://www.oliveyoung.co.kr/store/goods/getGoodsDetail.do?goodsNo=A000000202395,https://image.oliveyoung.co.kr/cfimages/cf-goods/uploads/images/thumbnails/400/10/0000/0020/A00000020239558ko.jpg?l=ko,41000,34850,15.0,2774,4.7,81,12,4,1,2,0,1,0,1,A000000202395,10000010005
2026-08-06,향수/디퓨저,7,포맨트,[박지훈포카 증정/헤어퍼퓸 증정]  포맨트 시그니처 퍼퓸 코튼베이비 50ml 기획/단품 (포켓몬 에디션),https://www.oliveyoung.co.kr/store/goods/getGoodsDetail.do?goodsNo=A000000237353,https://image.oliveyoung.co.kr/cfimages/cf-goods/uploads/images/thumbnails/400/10/0000/0023/A00000023735347ko.png?l=ko,49000,46000,6.1,1068,4.9,90,8,2,1,0,1,1,1,1,A000000237353,10000010005
2026-08-06,향수/디퓨저,8,센녹,센녹 퍼퓸 30ml/50ml 기획,https://www.oliveyoung.co.kr/store/goods/getGoodsDetail.do?goodsNo=A000000204767,https://image.oliveyoung.co.kr/cfimages/cf-goods/uploads/images/thumbnails/400/10/0000/0020/A000000204767120ko.jpg?l=ko,76000,68400,10.0,3557,4.7,84,10,4,1,1,1,0,0,1,A000000204767,10000010005
2026-08-06,향수/디퓨저,9,라운드어라운드,"[8월 올영PICK] 라운드어라운드 편백 클린 스프레이(90ml,160ml,리필기획)",https://www.oliveyoung.co.kr/store/goods/getGoodsDetail.do?goodsNo=A000000170807,https://image.oliveyoung.co.kr/cfimages/cf-goods/uploads/images/thumbnails/400/10/0000/0017/A00000017080765ko.jpg?l=ko,10900,7900,27.5,16000,4.8,86,10,3,0,0,1,1,1,1,A000000170807,10000010005
2026-08-06,향수/디퓨저,10,캘빈클라인,캘빈클라인 CK One EDT 단품/기획,https://www.oliveyoung.co.kr/store/goods/getGoodsDetail.do?goodsNo=A000000128148,https://image.oliveyoung.co.kr/cfimages/cf-goods/uploads/images/thumbnails/400/10/0000/0012/A00000012814850ko.png?l=ko,69000,45890,33.5,1883,4.8,85,12,2,0,0,1,1,1,1,A000000128148,10000010005
2026-08-06,향수/디퓨저,11,비비앙,[8월 올영픽/보이넥스트도어  PICK] 비비앙 니치 섬유향수 100ml (단품/기획),https://www.oliveyoung.co.kr/store/goods/getGoodsDetail.do?goodsNo=A000000180515,https://image.oliveyoung.co.kr/cfimages/cf-goods/uploads/images/thumbnails/400/10/0000/0018/A00000018051545ko.jpg?l=ko,15900,14000,11.9,3599,4.8,84,10,5,1,1,1,1,0,1,A000000180515,10000010005
2026-08-06,향수/디퓨저,12,오센트,[8월 올영픽][올영 단독 출시] 오센트 헬로키티 에디션 퍼퓸샤쉐 11종,https://www.oliveyoung.co.kr/store/goods/getGoodsDetail.do?goodsNo=A000000261602,https://image.oliveyoung.co.kr/cfimages/cf-goods/uploads/images/thumbnails/400/10/0000/0026/A00000026160206ko.png?l=ko,8000,5900,26.2,2070,4.8,88,8,3,1,0,1,1,0,1,A000000261602,10000010005
2026-08-06,향수/디퓨저,13,피에브,피에브 에어워셔 고체탈취제 250g 5종 (피톤치드/머스크/무향/코튼/블랙베리&베이),https://www.oliveyoung.co.kr/store/goods/getGoodsDetail.do?goodsNo=A000000248722,https://image.oliveyoung.co.kr/cfimages/cf-goods/uploads/images/thumbnails/400/10/0000/0024/A00000024872210ko.png?l=ko,19800,19800,0.0,633,4.9,93,3,3,0,0,0,0,0,1,A000000248722,10000010005
2026-08-06,향수/디퓨저,14,어뮤즈,[오브제홀더증정/고체향수] 어뮤즈 24/7 솔리드 퍼퓸 바 5종,https://www.oliveyoung.co.kr/store/goods/getGoodsDetail.do?goodsNo=A000000251999,https://image.oliveyoung.co.kr/cfimages/cf-goods/uploads/images/thumbnails/400/10/0000/0025/A000000251999129ko.jpg?l=ko,29000,21900,24.5,590,4.7,87,5,5,2,1,1,1,1,1,A000000251999,10000010005
2026-08-06,향수/디퓨저,15,클린,"클린 웜코튼 EDP 30ml,60ml 단품/기획 중 택 1",https://www.oliveyoung.co.kr/store/goods/getGoodsDetail.do?goodsNo=A000000129613,https://image.oliveyoung.co.kr/cfimages/cf-goods/uploads/images/thumbnails/400/10/0000/0012/A00000012961361ko.jpg?l=ko,105000,56900,45.8,2362,4.8,86,10,3,0,1,0,1,1,1,A000000129613,10000010005
2026-08-06,향수/디퓨저,16,레노아,레노아 향기부스터 단품/기획 6종 택 1,https://www.oliveyoung.co.kr/store/goods/getGoodsDetail.do?goodsNo=A000000236357,https://image.oliveyoung.co.kr/cfimages/cf-goods/uploads/images/thumbnails/400/10/0000/0023/A00000023635764ko.jpg?l=ko,9900,9900,0.0,13357,4.9,90,6,2,0,0,0,0,0,1,A000000236357,10000010005
2026-08-06,향수/디퓨저,17,스너글,[8/5 하루특가] 스너글 섬유탈취제 모음 6종 택 1 (150ml/470ml/한정기획),https://www.oliveyoung.co.kr/store/goods/getGoodsDetail.do?goodsNo=A000000219546,https://image.oliveyoung.co.kr/cfimages/cf-goods/uploads/images/thumbnails/400/10/0000/0021/A00000021954633ko.png?l=ko,21800,11700,46.3,121923,4.8,89,9,2,0,0,1,1,0,1,A000000219546,10000010005
2026-08-06,향수/디퓨저,18,메르세데스 벤츠,메르세데스 벤츠 맨 EDT 100ml 기획 (+바이알 2종),https://www.oliveyoung.co.kr/store/goods/getGoodsDetail.do?goodsNo=A000000123423,https://image.oliveyoung.co.kr/cfimages/cf-goods/uploads/images/thumbnails/400/10/0000/0012/A00000012342310ko.png?l=ko,128000,69900,45.4,399,4.8,86,10,3,1,,1,0,0,1,A000000123423,10000010005
2026-08-06,향수/디퓨저,19,헤트라스,[올영 1위 디퓨저/단독기획] 헤트라스 프리미엄 대용량 디퓨저 510ml 2개입 기획세트,https://www.oliveyoung.co.kr/store/goods/getGoodsDetail.do?goodsNo=A000000219310,https://image.oliveyoung.co.kr/cfimages/cf-goods/uploads/images/thumbnails/400/10/0000/0021/A00000021931014ko.png?l=ko,19300,18500,4.1,3145,4.8,87,8,3,1,1,1,0,0,1,A000000219310,10000010005
2026-08-06,향수/디퓨저,20,제니퍼로페즈,[단독기획] 제니퍼로페즈 글로우 바이제이로 EDT 100ml 기획(+프로미스 바디로션),https://www.oliveyoung.co.kr/store/goods/getGoodsDetail.do?goodsNo=A000000200391,https://image.oliveyoung.co.kr/cfimages/cf-goods/uploads/images/thumbnails/400/10/0000/0020/A00000020039105ko.jpg?l=ko,106000,54800,48.3,4825,4.8,83,12,4,0,0,1,0,0,1,A000000200391,10000010005
2026-08-06,향수/디퓨저,21,라운드어라운드,"[8월올영PICK,] 라운드어라운드 편백 클린 스프레이 160ml/리필기획",https://www.oliveyoung.co.kr/store/goods/getGoodsDetail.do?goodsNo=A000000167030,https://image.oliveyoung.co.kr/cfimages/cf-goods/uploads/images/thumbnails/400/10/0000/0016/A00000016703056ko.jpg?l=ko,17000,11900,30.0,7831,4.8,84,11,3,1,0,1,1,1,1,A000000167030,10000010005
2026-08-06,향수/디퓨저,22,나르시소 로드리게즈,나르시소 로드리게즈 나르시소 베스트 (크리스탈/래디언트/엉브레/푸드레),https://www.oliveyoung.co.kr/store/goods/getGoodsDetail.do?goodsNo=A000000205115,https://image.oliveyoung.co.kr/cfimages/cf-goods/uploads/images/thumbnails/400/10/0000/0020/A00000020511511ko.jpg?l=ko,110000,71500,35.0,400,4.9,90,10,1,,1,1,0,0,1,A000000205115,10000010005
2026-08-06,향수/디퓨저,23,오센트,오센트 퍼퓸샤쉐 6종 택 1,https://www.oliveyoung.co.kr/store/goods/getGoodsDetail.do?goodsNo=A000000162772,https://image.oliveyoung.co.kr/cfimages/cf-goods/uploads/images/thumbnails/400/10/0000/0016/A00000016277210ko.jpg?l=ko,8000,5900,26.2,14987,4.8,83,11,4,1,0,1,1,0,1,A000000162772,10000010005
2026-08-06,향수/디퓨저,24,끌로에,끌로에 노마드 EDP 30ml/50ml/50ml 기획,https://www.oliveyoung.co.kr/store/goods/getGoodsDetail.do?goodsNo=A000000203627,https://image.oliveyoung.co.kr/cfimages/cf-goods/uploads/images/thumbnails/400/10/0000/0020/A00000020362713ko.png?l=ko,176000,125400,28.7,333,4.9,92,6,1,1,0,1,1,0,1,A000000203627,10000010005
2026-08-06,향수/디퓨저,25,스너글,[올영픽/하루특가] 스너글 섬유탈취제 150ml 단품 / 한정기획 택 1,https://www.oliveyoung.co.kr/store/goods/getGoodsDetail.do?goodsNo=A000000218718,https://image.oliveyoung.co.kr/cfimages/cf-goods/uploads/images/thumbnails/400/10/0000/0021/A00000021871826ko.png?l=ko,11400,7800,31.6,50461,4.8,86,10,3,0,0,1,0,0,1,A000000218718,10000010005
2026-08-06,향수/디퓨저,26,센녹,[NEW] 센녹 퍼퓸 30ml 데일리 사이즈 4종,https://www.oliveyoung.co.kr/store/goods/getGoodsDetail.do?goodsNo=A000000256121,https://image.oliveyoung.co.kr/cfimages/cf-goods/uploads/images/thumbnails/400/10/0000/0025/A00000025612101ko.jpg?l=ko,51000,46920,8.0,2569,4.8,85,9,4,1,1,1,0,0,1,A000000256121,10000010005
2026-08-06,향수/디퓨저,27,스침,[8월 올영픽] 스침 섬유 공간 향수 단품/기획 18종,https://www.oliveyoung.co.kr/store/goods/getGoodsDetail.do?goodsNo=A000000224784,https://image.oliveyoung.co.kr/cfimages/cf-goods/uploads/images/thumbnails/400/10/0000/0022/A00000022478439ko.jpg?l=ko,18000,13500,25.0,2224,4.6,80,10,6,2,2,1,1,1,1,A000000224784,10000010005
2026-08-06,향수/디퓨저,28,베르사체,베르사체 브라이트 크리스탈 50ml 택1,https://www.oliveyoung.co.kr/store/goods/getGoodsDetail.do?goodsNo=A000000000602,https://image.oliveyoung.co.kr/cfimages/cf-goods/uploads/images/thumbnails/400/10/0000/0000/A00000000060203ko.jpg?l=ko,141000,96500,31.6,235,4.9,90,7,3,0,0,1,0,0,1,A000000000602,10000010005
2026-08-06,향수/디퓨저,29,레노아,[단독기획] 레노아 향기 부스터 3종 기획(화이트티205g+블루밍블라썸205g+화이트머스크205g),https://www.oliveyoung.co.kr/store/goods/getGoodsDetail.do?goodsNo=A000000238232,https://image.oliveyoung.co.kr/cfimages/cf-goods/uploads/images/thumbnails/400/10/0000/0023/A00000023823201ko.png?l=ko,28200,28200,0.0,13357,4.9,90,6,2,0,0,0,0,0,1,A000000238232,10000010005
2026-08-06,향수/디퓨저,30,센녹,[신규향 출시] 센녹 솔리드 퍼퓸 7g 3종,https://www.oliveyoung.co.kr/store/goods/getGoodsDetail.do?goodsNo=A000000227442,https://image.oliveyoung.co.kr/cfimages/cf-goods/uploads/images/thumbnails/400/10/0000/0022/A00000022744225ko.jpg?l=ko,31000,27900,10.0,410,4.7,84,9,5,1,2,1,0,0,1,A000000227442,10000010005
2026-08-06,향수/디퓨저,31,스너글,[8/5하루특가] 스너글 섬유탈취제 두산베어스 콜라보 한정기획/150ml/470ml,https://www.oliveyoung.co.kr/store/goods/getGoodsDetail.do?goodsNo=A000000202529,https://image.oliveyoung.co.kr/cfimages/cf-goods/uploads/images/thumbnails/400/10/0000/0020/A00000020252940ko.png?l=ko,5700,3600,36.8,54890,4.8,86,10,3,0,0,1,1,0,1,A000000202529,10000010005
2026-08-06,향수/디퓨저,32,위프,[1위 탈취제] 위프 고체형 탈취제 7종 (화이트/블랙/베이지/핑크/퍼플),https://www.oliveyoung.co.kr/store/goods/getGoodsDetail.do?goodsNo=A000000248163,https://image.oliveyoung.co.kr/cfimages/cf-goods/uploads/images/thumbnails/400/10/0000/0024/A00000024816315ko.png?l=ko,21900,19500,11.0,244,4.7,84,7,5,1,3,1,1,0,1,A000000248163,10000010005
2026-08-06,향수/디퓨저,33,아뜰리에페이,아뜰리에페이 퍼퓸&헤어 퍼퓸 단품/기획,https://www.oliveyoung.co.kr/store/goods/getGoodsDetail.do?goodsNo=A000000217509,https://image.oliveyoung.co.kr/cfimages/cf-goods/uploads/images/thumbnails/400/10/0000/0021/A00000021750953ko.jpg?l=ko,39000,32300,17.2,3978,4.7,83,12,4,1,1,1,1,0,1,A000000217509,10000010005
2026-08-06,향수/디퓨저,34,존바바토스,[단독기획] 존바바토스 아티산/아티산 블랙 EDT 75ml 기획,https://www.oliveyoung.co.kr/store/goods/getGoodsDetail.do?goodsNo=A000000204315,https://image.oliveyoung.co.kr/cfimages/cf-goods/uploads/images/thumbnails/400/10/0000/0020/A00000020431510ko.jpg?l=ko,109000,53300,51.1,381,4.9,94,5,1,0,,1,0,0,1,A000000204315,10000010005
2026-08-06,향수/디퓨저,35,더티린넨,더티린넨 인도어이슈 실내 탈취제 300g 기획 (패브릭이슈 섬유 탈취제 50ml 증정),https://www.oliveyoung.co.kr/store/goods/getGoodsDetail.do?goodsNo=B000000247720,https://image.oliveyoung.co.kr/cfimages/cf-goods/uploads/images/thumbnails/400/10/0000/0024/B00000024772001ko.png?l=ko,24900,24900,0.0,14,4.9,93,,7,,,0,0,0,0,B000000247720,10000010005
2026-08-06,향수/디퓨저,36,랄프로렌,"랄프로렌 폴로 랄프 EDT 30ml,50ml 단품/기획 중 택 1",https://www.oliveyoung.co.kr/store/goods/getGoodsDetail.do?goodsNo=A000000142176,https://image.oliveyoung.co.kr/cfimages/cf-goods/uploads/images/thumbnails/400/10/0000/0014/A00000014217613ko.jpg?l=ko,95000,76000,20.0,778,4.8,85,11,2,1,0,1,0,0,1,A000000142176,10000010005
2026-08-06,향수/디퓨저,37,몽블랑,몽블랑 레전드 스피릿 EDT 50ml,https://www.oliveyoung.co.kr/store/goods/getGoodsDetail.do?goodsNo=A000000013437,https://image.oliveyoung.co.kr/cfimages/cf-goods/uploads/images/thumbnails/400/10/0000/0001/A00000001343716ko.jpg?l=ko,101000,75750,25.0,391,4.8,85,14,1,,0,1,0,0,1,A000000013437,10000010005
2026-08-06,향수/디퓨저,38,캘빈클라인,캘빈클라인 CK One/Be/에센스인텐스/나이트에센스,https://www.oliveyoung.co.kr/store/goods/getGoodsDetail.do?goodsNo=A000000214485,https://image.oliveyoung.co.kr/cfimages/cf-goods/uploads/images/thumbnails/400/10/0000/0021/A00000021448532ko.png?l=ko,69000,45890,33.5,3660,4.8,88,9,2,0,0,1,1,1,1,A000000214485,10000010005
2026-08-06,향수/디퓨저,39,마인드오버바디,마인드오버바디 오드퍼퓸 50ml 미드나잇체리 [체리향수],https://www.oliveyoung.co.kr/store/goods/getGoodsDetail.do?goodsNo=A000000237352,https://image.oliveyoung.co.kr/cfimages/cf-goods/uploads/images/thumbnails/400/10/0000/0023/A00000023735218ko.jpg?l=ko,57000,48450,15.0,98,4.7,83,8,5,1,3,1,0,1,1,A000000237352,10000010005
2026-08-06,향수/디퓨저,40,나르시소 로드리게즈,나르시소 로드리게즈 포 허 퓨어 머스크 EDP (30ml/50ml/100ml/기획),https://www.oliveyoung.co.kr/store/goods/getGoodsDetail.do?goodsNo=A000000192645,https://image.oliveyoung.co.kr/cfimages/cf-goods/uploads/images/thumbnails/400/10/0000/0019/A00000019264549ko.jpg?l=ko,110000,72600,34.0,1366,4.8,88,8,2,1,1,1,0,0,1,A000000192645,10000010005
2026-08-06,향수/디퓨저,41,아리아나그란데,아리아나그란데 위키드 포굿 에디션 글린다/엘파바 EDP 100ml,https://www.oliveyoung.co.kr/store/goods/getGoodsDetail.do?goodsNo=A000000238092,https://image.oliveyoung.co.kr/cfimages/cf-goods/uploads/images/thumbnails/400/10/0000/0023/A00000023809201ko.jpg?l=ko,119000,71400,40.0,59,4.8,86,8,3,,2,1,0,0,1,A000000238092,10000010005
2026-08-06,향수/디퓨저,42,존바바토스,존바바토스 아티산 퓨어 EDT 125ml,https://www.oliveyoung.co.kr/store/goods/getGoodsDetail.do?goodsNo=A000000105843,https://image.oliveyoung.co.kr/cfimages/cf-goods/uploads/images/thumbnails/400/10/0000/0010/A00000010584307ko.jpg?l=ko,149000,69900,53.1,259,4.8,86,10,4,0,,1,0,0,1,A000000105843,10000010005
2026-08-06,향수/디퓨저,43,포맨트,[박지훈포카 증정/헤어퍼퓸 증정] 포맨트 시그니처 퍼퓸 코튼메모리 50ml 단품/기획 (포켓몬 에디션),https://www.oliveyoung.co.kr/store/goods/getGoodsDetail.do?goodsNo=A000000221676,https://image.oliveyoung.co.kr/cfimages/cf-goods/uploads/images/thumbnails/400/10/0000/0022/A00000022167668ko.png?l=ko,49000,46000,6.1,3610,4.8,89,8,2,0,1,1,1,1,1,A000000221676,10000010005
2026-08-06,향수/디퓨저,44,사브리나카펜터,[단독기획] 사브리나카펜터 스위트 투스 EDP 30ml/75ml,https://www.oliveyoung.co.kr/store/goods/getGoodsDetail.do?goodsNo=A000000211434,https://image.oliveyoung.co.kr/cfimages/cf-goods/uploads/images/thumbnails/400/10/0000/0021/A00000021143411ko.jpg?l=ko,60000,38500,35.8,249,4.8,85,10,2,1,2,1,0,0,1,A000000211434,10000010005
2026-08-06,향수/디퓨저,45,몽블랑,몽블랑 익스플로러 익스트림 퍼퓸 60ml,https://www.oliveyoung.co.kr/store/goods/getGoodsDetail.do?goodsNo=A000000249520,https://image.oliveyoung.co.kr/cfimages/cf-goods/uploads/images/thumbnails/400/10/0000/0024/A00000024952001ko.jpg?l=ko,127000,127000,0.0,24,5.0,96,4,,,,0,0,0,1,A000000249520,10000010005
2026-08-06,향수/디퓨저,46,리핀,[이소원 PICK] 리핀 실내 고체탈취제 300g,https://www.oliveyoung.co.kr/store/goods/getGoodsDetail.do?goodsNo=A000000240331,https://image.oliveyoung.co.kr/cfimages/cf-goods/uploads/images/thumbnails/400/10/0000/0024/A00000024033113ko.png?l=ko,21900,19700,10.0,264,4.7,79,11,8,2,0,1,0,0,1,A000000240331,10000010005
2026-08-06,향수/디퓨저,47,지미추,지미추 EDT 40ml (단품/기획),https://www.oliveyoung.co.kr/store/goods/getGoodsDetail.do?goodsNo=A000000002291,https://image.oliveyoung.co.kr/cfimages/cf-goods/uploads/images/thumbnails/400/10/0000/0000/A00000000229111ko.jpg?l=ko,83000,62250,25.0,772,4.8,82,13,3,1,0,1,0,0,1,A000000002291,10000010005
2026-08-06,향수/디퓨저,48,그라펜,[NEW신향출시]그라펜 타투 퍼퓸 50ml 6종 택1 (원우드/코튼헤이즈/레몬/니스빌/클로버/레더),https://www.oliveyoung.co.kr/store/goods/getGoodsDetail.do?goodsNo=A000000191214,https://image.oliveyoung.co.kr/cfimages/cf-goods/uploads/images/thumbnails/400/10/0000/0019/A00000019121434ko.jpg?l=ko,50000,39800,20.4,3495,4.9,90,7,2,0,1,1,0,1,1,A000000191214,10000010005
2026-08-06,향수/디퓨저,49,나르시소 로드리게즈,나르시소 로드리게즈 포 힘 머스크 상탈 EDPI (50ml/100ml),https://www.oliveyoung.co.kr/store/goods/getGoodsDetail.do?goodsNo=A000000249476,https://image.oliveyoung.co.kr/cfimages/cf-goods/uploads/images/thumbnails/400/10/0000/0024/A00000024947601ko.jpg?l=ko,119000,89250,25.0,0,0.0,,,,,,1,0,0,1,A000000249476,10000010005
2026-08-06,향수/디퓨저,50,끌로에,끌로에 루미네즈 EDP (30ml/50ml),https://www.oliveyoung.co.kr/store/goods/getGoodsDetail.do?goodsNo=A000000203084,https://image.oliveyoung.co.kr/cfimages/cf-goods/uploads/images/thumbnails/400/10/0000/0020/A00000020308418ko.jpg?l=ko,129000,59650,53.8,214,4.9,93,6,1,,,1,1,0,1,A000000203084,10000010005
2026-08-06,향수/디퓨저,51,라운드어라운드,"[방향,탈취,제습] 라운드어라운드 센티드 샤쉐 4종",https://www.oliveyoung.co.kr/store/goods/getGoodsDetail.do?goodsNo=A000000226483,https://image.oliveyoung.co.kr/cfimages/cf-goods/uploads/images/thumbnails/400/10/0000/0022/A00000022648324ko.jpg?l=ko,6000,4800,20.0,7103,4.7,81,11,6,1,1,1,0,1,1,A000000226483,10000010005
2026-08-06,향수/디퓨저,52,아리아나그란데,아리아나그란데 클라우드 EDP 50ml,https://www.oliveyoung.co.kr/store/goods/getGoodsDetail.do?goodsNo=A000000136757,https://image.oliveyoung.co.kr/cfimages/cf-goods/uploads/images/thumbnails/400/10/0000/0013/A00000013675701ko.jpg?l=ko,95000,57800,39.2,372,4.8,88,9,2,,1,1,0,0,1,A000000136757,10000010005
2026-08-06,향수/디퓨저,53,아리아나그란데,아리아나그란데 땡큐 넥스트 EDP 50ml,https://www.oliveyoung.co.kr/store/goods/getGoodsDetail.do?goodsNo=A000000137487,https://image.oliveyoung.co.kr/cfimages/cf-goods/uploads/images/thumbnails/400/10/0000/0013/A00000013748701ko.jpg?l=ko,95000,57800,39.2,811,4.8,88,8,3,0,0,1,0,0,1,A000000137487,10000010005
2026-08-06,향수/디퓨저,54,베르사체,베르사체 퍼퓸  EDT / EDP 대용량 택1,https://www.oliveyoung.co.kr/store/goods/getGoodsDetail.do?goodsNo=A000000231665,https://image.oliveyoung.co.kr/cfimages/cf-goods/uploads/images/thumbnails/400/10/0000/0023/A00000023166501ko.jpg?l=ko,164000,106880,34.8,17,5.0,100,,,,,1,1,0,1,A000000231665,10000010005
2026-08-06,향수/디퓨저,55,클린,[단독기획] 클린 쿨코튼 EDP 60ml(+리저브 웜코튼 10ml),https://www.oliveyoung.co.kr/store/goods/getGoodsDetail.do?goodsNo=A000000192527,https://image.oliveyoung.co.kr/cfimages/cf-goods/uploads/images/thumbnails/400/10/0000/0019/A00000019252704ko.jpg?l=ko,99000,56900,42.5,1425,4.8,86,10,3,0,0,1,1,1,1,A000000192527,10000010005
2026-08-06,향수/디퓨저,56,센녹,[포켓사이즈] 센녹 퍼퓸 10ml 4종,https://www.oliveyoung.co.kr/store/goods/getGoodsDetail.do?goodsNo=A000000244723,https://image.oliveyoung.co.kr/cfimages/cf-goods/uploads/images/thumbnails/400/10/0000/0024/A00000024472309ko.jpg?l=ko,29000,27550,5.0,4191,4.7,84,10,4,1,1,1,0,0,1,A000000244723,10000010005
2026-08-06,향수/디퓨저,57,존바바토스,존바바토스 아티산 EDT 40ml 단품/기획 중 택1,https://www.oliveyoung.co.kr/store/goods/getGoodsDetail.do?goodsNo=A000000193149,https://image.oliveyoung.co.kr/cfimages/cf-goods/uploads/images/thumbnails/400/10/0000/0019/A00000019314911ko.jpg?l=ko,78000,33100,57.6,1279,4.8,87,10,2,0,1,1,0,0,1,A000000193149,10000010005
2026-08-06,향수/디퓨저,58,리베르,[OY단독기획] 리베르 섬유향수 5종 택 1(기획 / 단품),https://www.oliveyoung.co.kr/store/goods/getGoodsDetail.do?goodsNo=A000000154995,https://image.oliveyoung.co.kr/cfimages/cf-goods/uploads/images/thumbnails/400/10/0000/0015/A00000015499525ko.jpg?l=ko,15800,15800,0.0,3049,4.8,86,10,3,0,1,0,0,0,1,A000000154995,10000010005
2026-08-06,향수/디퓨저,59,돌체앤가바나,[베스트/리뉴얼] 돌체앤가바나 라이트블루 EDT 50ml,https://www.oliveyoung.co.kr/store/goods/getGoodsDetail.do?goodsNo=A000000229420,https://image.oliveyoung.co.kr/cfimages/cf-goods/uploads/images/thumbnails/400/10/0000/0022/A00000022942004ko.jpg?l=ko,132000,112200,15.0,211,4.7,85,10,2,2,1,1,0,0,1,A000000229420,10000010005
2026-08-06,향수/디퓨저,60,라운드어라운드,[8월 올영PICK] 라운드어라운드 센티드 디퓨저 100ml 5종,https://www.oliveyoung.co.kr/store/goods/getGoodsDetail.do?goodsNo=A000000223256,https://image.oliveyoung.co.kr/cfimages/cf-goods/uploads/images/thumbnails/400/10/0000/0022/A00000022325643ko.jpg?l=ko,19800,10900,44.9,3742,4.7,83,10,5,1,1,1,1,1,1,A000000223256,10000010005
2026-08-06,향수/디퓨저,61,캘빈클라인,캘빈클라인 CK 비 EDT 3종 택1 (50ml/100ml/200ml),https://www.oliveyoung.co.kr/store/goods/getGoodsDetail.do?goodsNo=A000000135301,https://image.oliveyoung.co.kr/cfimages/cf-goods/uploads/images/thumbnails/400/10/0000/0013/A00000013530123ko.png?l=ko,66000,46200,30.0,375,4.8,85,12,2,1,1,1,0,1,1,A000000135301,10000010005
2026-08-06,향수/디퓨저,62,랑방,랑방 에끌라 드 아르페쥬 EDP 30ml,https://www.oliveyoung.co.kr/store/goods/getGoodsDetail.do?goodsNo=A000000000444,https://image.oliveyoung.co.kr/cfimages/cf-goods/uploads/images/thumbnails/400/10/0000/0000/A00000000044414ko.jpg?l=ko,70000,52500,25.0,1751,4.8,83,14,3,1,0,1,0,0,1,A000000000444,10000010005
2026-08-06,향수/디퓨저,63,라운드어라운드,[플라워 신상출시] 라운드어라운드 플라워/선인장/댕댕이 디퓨저 100ml 6종,https://www.oliveyoung.co.kr/store/goods/getGoodsDetail.do?goodsNo=A000000230878,https://image.oliveyoung.co.kr/cfimages/cf-goods/uploads/images/thumbnails/400/10/0000/0023/A00000023087812ko.jpg?l=ko,28000,20800,25.7,4610,4.8,87,9,2,0,1,1,0,1,1,A000000230878,10000010005
2026-08-06,향수/디퓨저,64,엘리자베스아덴,엘리자베스아덴 그린티 30ml/50ml 택1,https://www.oliveyoung.co.kr/store/goods/getGoodsDetail.do?goodsNo=A000000185953,https://image.oliveyoung.co.kr/cfimages/cf-goods/uploads/images/thumbnails/400/10/0000/0018/A00000018595309ko.jpg?l=ko,34000,34000,0.0,3322,4.7,81,14,4,0,1,0,0,0,1,A000000185953,10000010005
2026-08-06,향수/디퓨저,65,나르시소 로드리게즈,나르시소 로드리게즈 나르시소 크리스탈 EDP (30ml/50m),https://www.oliveyoung.co.kr/store/goods/getGoodsDetail.do?goodsNo=A000000187588,https://image.oliveyoung.co.kr/cfimages/cf-goods/uploads/images/thumbnails/400/10/0000/0018/A00000018758827ko.jpg?l=ko,110000,71500,35.0,296,4.9,90,9,1,,1,1,0,0,1,A000000187588,10000010005
2026-08-06,향수/디퓨저,66,랄프로렌,랄프로렌 EDT 125ML 폴로 그린,https://www.oliveyoung.co.kr/store/goods/getGoodsDetail.do?goodsNo=A000000230978,https://image.oliveyoung.co.kr/cfimages/cf-goods/uploads/images/thumbnails/400/10/0000/0023/A00000023097803ko.jpg?l=ko,128000,102400,20.0,7,4.9,86,14,,,,1,0,0,1,A000000230978,10000010005
2026-08-06,향수/디퓨저,67,아뜰리에페이,아뜰리에페이 헤어퍼퓸 30ml 3종 중 1,https://www.oliveyoung.co.kr/store/goods/getGoodsDetail.do?goodsNo=A000000218602,https://image.oliveyoung.co.kr/cfimages/cf-goods/uploads/images/thumbnails/400/10/0000/0021/A00000021860244ko.jpg?l=ko,28000,23800,15.0,451,4.7,83,11,3,1,1,0,1,0,1,A000000218602,10000010005
2026-08-06,향수/디퓨저,68,누다라,[우디/무화과향] 누다라 EDP 30ml 우드마벨,https://www.oliveyoung.co.kr/store/goods/getGoodsDetail.do?goodsNo=A000000210878,https://image.oliveyoung.co.kr/cfimages/cf-goods/uploads/images/thumbnails/400/10/0000/0021/A00000021087812ko.jpg?l=ko,52000,48800,6.2,42,4.7,86,5,2,7,,1,0,0,1,A000000210878,10000010005
2026-08-06,향수/디퓨저,69,어노브,어노브 오드퍼퓸 25ml 5종 택1,https://www.oliveyoung.co.kr/store/goods/getGoodsDetail.do?goodsNo=A000000223723,https://image.oliveyoung.co.kr/cfimages/cf-goods/uploads/images/thumbnails/400/10/0000/0022/A00000022372327ko.png?l=ko,49000,31900,34.9,1470,4.9,90,6,3,0,0,1,0,0,1,A000000223723,10000010005
2026-08-06,향수/디퓨저,70,아리아나그란데,아리아나그란데 땡큐 넥스트 2.0 EDP 30ml 단품/기획 중 택1,https://www.oliveyoung.co.kr/store/goods/getGoodsDetail.do?goodsNo=A000000238663,https://image.oliveyoung.co.kr/cfimages/cf-goods/uploads/images/thumbnails/400/10/0000/0023/A00000023866304ko.jpg?l=ko,75000,48300,35.6,69,4.9,91,6,3,,,1,0,0,1,A000000238663,10000010005
2026-08-06,향수/디퓨저,71,돌체앤가바나,[NEW/리뉴얼] 돌체앤가바나 라이트블루 뿌르 옴므 EDT 50ml,https://www.oliveyoung.co.kr/store/goods/getGoodsDetail.do?goodsNo=A000000229447,https://image.oliveyoung.co.kr/cfimages/cf-goods/uploads/images/thumbnails/400/10/0000/0022/A00000022944703ko.jpg?l=ko,114000,96900,15.0,37,4.7,86,5,,8,,1,0,0,1,A000000229447,10000010005
2026-08-06,향수/디퓨저,72,스너글,스너글 룸스프레이 카밍 포레스트 (본품/리필/단독기획),https://www.oliveyoung.co.kr/store/goods/getGoodsDetail.do?goodsNo=A000000200576,https://image.oliveyoung.co.kr/cfimages/cf-goods/uploads/images/thumbnails/400/10/0000/0020/A00000020057616ko.png?l=ko,26000,15600,40.0,3589,4.8,85,11,4,1,1,1,0,0,1,A000000200576,10000010005
2026-08-06,향수/디퓨저,73,포맨트,포맨트 시그니처 퍼퓸 코튼배쓰 50ml,https://www.oliveyoung.co.kr/store/goods/getGoodsDetail.do?goodsNo=A000000192901,https://image.oliveyoung.co.kr/cfimages/cf-goods/uploads/images/thumbnails/400/10/0000/0019/A00000019290117ko.jpg?l=ko,49000,46500,5.1,810,4.8,87,10,2,0,0,1,0,0,1,A000000192901,10000010005
2026-08-06,향수/디퓨저,74,포맨트,[리뉴얼출시]포맨트 시그니처 퍼퓸 코튼브리즈 50ml,https://www.oliveyoung.co.kr/store/goods/getGoodsDetail.do?goodsNo=A000000197779,https://image.oliveyoung.co.kr/cfimages/cf-goods/uploads/images/thumbnails/400/10/0000/0019/A00000019777912ko.jpg?l=ko,49000,46500,5.1,568,4.8,86,9,4,1,1,1,0,0,1,A000000197779,10000010005
2026-08-06,향수/디퓨저,75,엘리자베스아덴,엘리자베스아덴 그린티 스트로베리 바질 EDT 100ml,https://www.oliveyoung.co.kr/store/goods/getGoodsDetail.do?goodsNo=A000000259435,https://image.oliveyoung.co.kr/cfimages/cf-goods/uploads/images/thumbnails/400/10/0000/0025/A00000025943501ko.jpg?l=ko,45000,30150,33.0,3,5.0,100,,,,,1,1,0,1,A000000259435,10000010005
2026-08-06,향수/디퓨저,76,아닐로,아닐로 오 드 퍼퓸 10ml 단품/기획 (7종 택 1),https://www.oliveyoung.co.kr/store/goods/getGoodsDetail.do?goodsNo=A000000231171,https://image.oliveyoung.co.kr/cfimages/cf-goods/uploads/images/thumbnails/400/10/0000/0023/A00000023117109ko.jpg?l=ko,26000,15000,42.3,1020,4.9,92,5,2,0,0,1,0,1,1,A000000231171,10000010005
2026-08-06,향수/디퓨저,77,몽블랑,몽블랑 스타워커 오드뚜왈렛 50ml,https://www.oliveyoung.co.kr/store/goods/getGoodsDetail.do?goodsNo=A000000004973,https://image.oliveyoung.co.kr/cfimages/cf-goods/uploads/images/thumbnails/400/10/0000/0000/A00000000497310ko.jpg?l=ko,90000,90000,0.0,289,4.8,87,10,3,0,,0,0,0,1,A000000004973,10000010005
2026-08-06,향수/디퓨저,78,포맨트,[99.9%냄새제거/박지훈 PICK] 포맨트 시그니처 코튼 스프레이 코튼허그 200ml,https://www.oliveyoung.co.kr/store/goods/getGoodsDetail.do?goodsNo=A000000161034,https://image.oliveyoung.co.kr/cfimages/cf-goods/uploads/images/thumbnails/400/10/0000/0016/A00000016103424ko.png?l=ko,23000,21000,8.7,1106,4.9,92,5,1,0,1,1,0,0,1,A000000161034,10000010005
2026-08-06,향수/디퓨저,79,마크제이콥스,마크제이콥스 데이지 오 쏘 프레쉬 EDT 75ml,https://www.oliveyoung.co.kr/store/goods/getGoodsDetail.do?goodsNo=A000000102233,https://image.oliveyoung.co.kr/cfimages/cf-goods/uploads/images/thumbnails/400/10/0000/0010/A00000010223315ko.jpg?l=ko,126000,88200,30.0,160,4.8,86,11,2,,2,1,0,1,1,A000000102233,10000010005
2026-08-06,향수/디퓨저,80,포맨트,[키링 증정]포맨트 솔리드 퍼퓸 허그몬 키링 3종 / 키티 키링 2종 택 1,https://www.oliveyoung.co.kr/store/goods/getGoodsDetail.do?goodsNo=A000000210591,https://image.oliveyoung.co.kr/cfimages/cf-goods/uploads/images/thumbnails/400/10/0000/0021/A00000021059115ko.jpg?l=ko,29000,27500,5.2,1437,4.9,92,6,2,0,0,1,0,0,1,A000000210591,10000010005
2026-08-06,향수/디퓨저,81,로이비,로이비 오드퍼퓸 롤온 7.5ml,https://www.oliveyoung.co.kr/store/goods/getGoodsDetail.do?goodsNo=A000000199659,https://image.oliveyoung.co.kr/cfimages/cf-goods/uploads/images/thumbnails/400/10/0000/0019/A00000019965965ko.jpg?l=ko,24000,20000,16.7,1946,4.8,86,10,3,1,1,1,0,1,1,A000000199659,10000010005
2026-08-06,향수/디퓨저,82,다비도프,[NEW] 다비도프 쿨워터 맨 EDT 75ml /125ml 택1,https://www.oliveyoung.co.kr/store/goods/getGoodsDetail.do?goodsNo=A000000182394,https://image.oliveyoung.co.kr/cfimages/cf-goods/uploads/images/thumbnails/400/10/0000/0018/A00000018239409ko.jpg?l=ko,88000,70400,20.0,65,4.8,89,6,5,,,0,1,0,1,A000000182394,10000010005
2026-08-06,향수/디퓨저,83,라운드어라운드,라운드어라운드 선인장 디퓨저 2종 택1,https://www.oliveyoung.co.kr/store/goods/getGoodsDetail.do?goodsNo=A000000164875,https://image.oliveyoung.co.kr/cfimages/cf-goods/uploads/images/thumbnails/400/10/0000/0016/A00000016487510ko.jpg?l=ko,28000,19800,29.3,3814,4.8,84,12,3,0,1,1,0,1,1,A000000164875,10000010005
2026-08-06,향수/디퓨저,84,아리아나그란데,아리아나그란데 클라우드 핑크 EDP 택1(30ml/100ml),https://www.oliveyoung.co.kr/store/goods/getGoodsDetail.do?goodsNo=A000000200753,https://image.oliveyoung.co.kr/cfimages/cf-goods/uploads/images/thumbnails/400/10/0000/0020/A00000020075304ko.jpg?l=ko,79000,48300,38.9,46,4.8,89,9,,2,,1,0,0,1,A000000200753,10000010005
2026-08-06,향수/디퓨저,85,빌리아일리시,빌리아일리시 eilish NO.3 EDP 100ml,https://www.oliveyoung.co.kr/store/goods/getGoodsDetail.do?goodsNo=A000000206004,https://image.oliveyoung.co.kr/cfimages/cf-goods/uploads/images/thumbnails/400/10/0000/0020/A00000020600409ko.jpg?l=ko,107000,80250,25.0,46,4.7,83,9,7,,2,1,0,0,0,A000000206004,10000010005
2026-08-06,향수/디퓨저,86,테일러센츠,[KBO공식굿즈] 테일러센츠 X KBO 유니폼 샤쉐,https://www.oliveyoung.co.kr/store/goods/getGoodsDetail.do?goodsNo=A000000252900,https://image.oliveyoung.co.kr/cfimages/cf-goods/uploads/images/thumbnails/400/10/0000/0025/A00000025290001ko.png?l=ko,19000,18500,2.6,35,4.8,83,17,,,,1,0,0,1,A000000252900,10000010005
2026-08-06,향수/디퓨저,87,애프터블로우,[원필PICK] 애프터블로우 오 드 퍼퓸 15종 택1,https://www.oliveyoung.co.kr/store/goods/getGoodsDetail.do?goodsNo=A000000231328,https://image.oliveyoung.co.kr/cfimages/cf-goods/uploads/images/thumbnails/400/10/0000/0023/A00000023132815ko.jpg?l=ko,42000,35910,14.5,5626,4.8,85,9,4,1,1,1,1,0,1,A000000231328,10000010005
2026-08-06,향수/디퓨저,88,비비앙,[보이넥스트도어  PICK] 비비앙 니치 섬유향수 월넛크릭그린 100ml,https://www.oliveyoung.co.kr/store/goods/getGoodsDetail.do?goodsNo=A000000182930,https://image.oliveyoung.co.kr/cfimages/cf-goods/uploads/images/thumbnails/400/10/0000/0018/A00000018293010ko.jpg?l=ko,15900,14000,11.9,5071,4.8,86,10,3,1,0,1,1,0,1,A000000182930,10000010005
2026-08-06,향수/디퓨저,89,랑방,랑방 모던 프린세스 EDP 2종 택1 (30ml/60ml),https://www.oliveyoung.co.kr/store/goods/getGoodsDetail.do?goodsNo=A000000016786,https://image.oliveyoung.co.kr/cfimages/cf-goods/uploads/images/thumbnails/400/10/0000/0001/A00000001678615ko.jpg?l=ko,100000,75000,25.0,2964,4.8,85,12,3,0,0,1,0,0,1,A000000016786,10000010005
2026-08-06,향수/디퓨저,90,스너글,[올영픽/직관템] 스너글 섬유탈취제 470ml 6종 / 두산베어스 한정기획 택 1,https://www.oliveyoung.co.kr/store/goods/getGoodsDetail.do?goodsNo=A000000218719,https://image.oliveyoung.co.kr/cfimages/cf-goods/uploads/images/thumbnails/400/10/0000/0021/A00000021871919ko.jpg?l=ko,21800,11700,46.3,16972,4.9,91,7,2,0,0,1,1,0,1,A000000218719,10000010005
2026-08-06,향수/디퓨저,91,센트 오브 파라다이스,센트 오브 파라다이스 차량용 방향제(케이스+리필용2개입),https://www.oliveyoung.co.kr/store/goods/getGoodsDetail.do?goodsNo=A000000203239,https://image.oliveyoung.co.kr/cfimages/cf-goods/uploads/images/thumbnails/400/10/0000/0020/A00000020323906ko.jpg?l=ko,36000,36000,0.0,164,4.7,82,11,3,2,1,0,0,0,1,A000000203239,10000010005
2026-08-06,향수/디퓨저,92,루아페,[복숭아과즙향] 루아페 화이트 애프리콧 EDP 30ml,https://www.oliveyoung.co.kr/store/goods/getGoodsDetail.do?goodsNo=A000000213175,https://image.oliveyoung.co.kr/cfimages/cf-goods/uploads/images/thumbnails/400/10/0000/0021/A00000021317514ko.jpg?l=ko,38000,36000,5.3,2179,4.9,92,5,2,0,1,1,0,0,1,A000000213175,10000010005
2026-08-06,향수/디퓨저,93,푸푸리,푸푸리 포켓스프레이 라벤더바닐라 30ml,https://www.oliveyoung.co.kr/store/goods/getGoodsDetail.do?goodsNo=A000000218155,https://image.oliveyoung.co.kr/cfimages/cf-goods/uploads/images/thumbnails/400/10/0000/0021/A00000021815505ko.jpg?l=ko,9900,8910,10.0,2043,4.8,84,12,3,0,0,1,0,0,1,A000000218155,10000010005
2026-08-06,향수/디퓨저,94,에이딕트,에이딕트 솔리드 퍼퓸 네이키드 뮤게 313 30ml,https://www.oliveyoung.co.kr/store/goods/getGoodsDetail.do?goodsNo=A000000208825,https://image.oliveyoung.co.kr/cfimages/cf-goods/uploads/images/thumbnails/400/10/0000/0020/A00000020882515ko.jpg?l=ko,38000,22800,40.0,392,4.7,76,17,6,1,1,1,0,1,1,A000000208825,10000010005
2026-08-06,향수/디퓨저,95,아뜰리에페이,아뜰리에페이 퍼퓸 마이 스킨 벗 베러 30ml,https://www.oliveyoung.co.kr/store/goods/getGoodsDetail.do?goodsNo=A000000218519,https://image.oliveyoung.co.kr/cfimages/cf-goods/uploads/images/thumbnails/400/10/0000/0021/A00000021851921ko.jpg?l=ko,41000,34850,15.0,463,4.8,84,13,1,1,1,0,1,0,1,A000000218519,10000010005
2026-08-06,향수/디퓨저,96,호텔도슨,호텔도슨 디퓨저 웰컴투더플레저돔 250ml [클래식 프루티 향],https://www.oliveyoung.co.kr/store/goods/getGoodsDetail.do?goodsNo=A000000203574,https://image.oliveyoung.co.kr/cfimages/cf-goods/uploads/images/thumbnails/400/10/0000/0020/A00000020357412ko.jpg?l=ko,70000,70000,0.0,17,4.8,82,18,,,,0,0,0,1,A000000203574,10000010005
2026-08-06,향수/디퓨저,97,존바바토스,존바바토스 아티산 블랙 EDT 125ml,https://www.oliveyoung.co.kr/store/goods/getGoodsDetail.do?goodsNo=A000000006791,https://image.oliveyoung.co.kr/cfimages/cf-goods/uploads/images/thumbnails/400/10/0000/0000/A00000000679103ko.jpg?l=ko,149000,69900,53.1,257,4.7,85,10,2,1,2,1,0,0,1,A000000006791,10000010005
2026-08-06,향수/디퓨저,98,볼루스파,[신제품] 볼루스파 자포니카 메디터레이니언 레몬 L글라스 캔들 18oz,https://www.oliveyoung.co.kr/store/goods/getGoodsDetail.do?goodsNo=B000000241016,https://image.oliveyoung.co.kr/cfimages/cf-goods/uploads/images/thumbnails/400/10/0000/0024/B00000024101601ko.png?l=ko,68000,68000,0.0,0,0.0,,,,,,0,0,0,0,B000000241016,10000010005
2026-08-06,향수/디퓨저,99,캘빈클라인,캘빈클라인 CK One 에센스 퍼퓸 인텐스 50ml/100ml/200ml 택1,https://www.oliveyoung.co.kr/store/goods/getGoodsDetail.do?goodsNo=A000000210617,https://image.oliveyoung.co.kr/cfimages/cf-goods/uploads/images/thumbnails/400/10/0000/0021/A00000021061716ko.png?l=ko,79000,52540,33.5,209,4.8,90,6,2,0,1,1,1,1,1,A000000210617,10000010005
2026-08-06,향수/디퓨저,100,클린,"클린 헤어&바디 퍼퓸 미스트 로즈올데이 88ml,236ml (단품/기획)",https://www.oliveyoung.co.kr/store/goods/getGoodsDetail.do?goodsNo=A000000249628,https://image.oliveyoung.co.kr/cfimages/cf-goods/uploads/images/thumbnails/400/10/0000/0024/A00000024962803ko.jpg?l=ko,35000,26600,24.0,40,4.9,93,8,,,,1,1,1,1,A000000249628,10000010005
2026-08-06,헤어케어,1,어노브,[4년 연속 1위] 어노브 딥 데미지 리페어 헤어 마스크 (트리트먼트/헤어팩) 320ml 더블/듀오 기획,https://www.oliveyoung.co.kr/store/goods/getGoodsDetail.do?goodsNo=A000000171423,https://image.oliveyoung.co.kr/cfimages/cf-goods/uploads/images/thumbnails/400/10/0000/0017/A000000171423164ko.png?l=ko,42000,42000,0.0,88242,4.9,89,8,2,0,0,0,0,0,1,A000000171423,10000010004
2026-08-06,헤어케어,2,닥터포헤어,[8월올영픽/파우치증정이벤트] 닥터포헤어 에어로 쿨링 스프레이 100ml 더블 기획,https://www.oliveyoung.co.kr/store/goods/getGoodsDetail.do?goodsNo=A000000254152,https://image.oliveyoung.co.kr/cfimages/cf-goods/uploads/images/thumbnails/400/10/0000/0025/A00000025415224ko.jpg?l=ko,22000,16500,25.0,2265,4.7,80,12,5,2,1,1,1,1,1,A000000254152,10000010004
2026-08-06,헤어케어,3,릴리이브,[대용량/브러쉬원조] 릴리이브 그로우턴 엑소좀 브러쉬 앰플 기획 2종,https://www.oliveyoung.co.kr/store/goods/getGoodsDetail.do?goodsNo=A000000218845,https://image.oliveyoung.co.kr/cfimages/cf-goods/uploads/images/thumbnails/400/10/0000/0021/A00000021884565ko.jpg?l=ko,34800,33800,2.9,12533,4.8,86,9,3,1,1,1,0,0,1,A000000218845,10000010004
2026-08-06,헤어케어,4,케라스타즈,[8월올영픽/염색모 케어] 케라스타즈 크로마 압솔뤼 워터 트리트먼트 210ml 기획/단품,https://www.oliveyoung.co.kr/store/goods/getGoodsDetail.do?goodsNo=A000000212117,https://image.oliveyoung.co.kr/cfimages/cf-goods/uploads/images/thumbnails/400/10/0000/0021/A00000021211723ko.jpg?l=ko,64000,49280,23.0,247,4.7,80,13,6,0,2,1,1,0,1,A000000212117,10000010004
2026-08-06,헤어케어,5,프롬랩스,[8월올영픽/한정기획] 프롬랩스 단백질 흡착 트리트먼트 200ml 더블기획 (1회 만에 손상모 개선),https://www.oliveyoung.co.kr/store/goods/getGoodsDetail.do?goodsNo=A000000239676,https://image.oliveyoung.co.kr/cfimages/cf-goods/uploads/images/thumbnails/400/10/0000/0023/A00000023967625ko.png?l=ko,37500,29500,21.3,2477,4.9,92,5,2,0,0,1,0,0,1,A000000239676,10000010004
2026-08-06,헤어케어,6,미쟝센,[에스파Pick]미쟝센 뉴 헬로버블 염색,https://www.oliveyoung.co.kr/store/goods/getGoodsDetail.do?goodsNo=A000000206769,https://image.oliveyoung.co.kr/cfimages/cf-goods/uploads/images/thumbnails/400/10/0000/0020/A000000206769104ko.jpg?l=ko,16000,8900,44.4,44278,4.7,79,13,6,1,1,1,0,0,1,A000000206769,10000010004
2026-08-06,헤어케어,7,리필드,[탈모증상개선] 리필드 사이토카인 부스터 프로 70ml 단품/기획 2종 택1,https://www.oliveyoung.co.kr/store/goods/getGoodsDetail.do?goodsNo=A000000232546,https://image.oliveyoung.co.kr/cfimages/cf-goods/uploads/images/thumbnails/400/10/0000/0023/A00000023254619ko.jpg?l=ko,28500,26500,7.0,6677,4.8,87,9,4,1,0,1,0,0,1,A000000232546,10000010004
2026-08-06,헤어케어,8,라보에이치,[4년연속1위] NEW라보에이치 두피강화샴푸 750ML+100ML[탈모증상완화],https://www.oliveyoung.co.kr/store/goods/getGoodsDetail.do?goodsNo=A000000149501,https://image.oliveyoung.co.kr/cfimages/cf-goods/uploads/images/thumbnails/400/10/0000/0014/A00000014950188ko.jpg?l=ko,36000,25900,28.1,25062,4.8,84,12,3,0,1,1,1,0,1,A000000149501,10000010004
2026-08-06,헤어케어,9,케라스타즈,[8월올영픽/열보호] 케라스타즈 시몽 테르미크 노워시 트리트먼트 150ml 기획/단품,https://www.oliveyoung.co.kr/store/goods/getGoodsDetail.do?goodsNo=A000000212061,https://image.oliveyoung.co.kr/cfimages/cf-goods/uploads/images/thumbnails/400/10/0000/0021/A000000212061105ko.jpg?l=ko,67000,51590,23.0,2131,4.8,87,9,3,0,0,1,1,0,1,A000000212061,10000010004
2026-08-06,헤어케어,10,츠바키,[8월 올영픽/올영1등 헤어팩/펌프 증정] 츠바키 프리미엄 EX 리페어 마스크 180g 더블 기획 (+펌프 증정),https://www.oliveyoung.co.kr/store/goods/getGoodsDetail.do?goodsNo=A000000217567,https://image.oliveyoung.co.kr/cfimages/cf-goods/uploads/images/thumbnails/400/10/0000/0021/A00000021756717ko.jpg?l=ko,36000,22300,38.1,2279,4.9,89,8,2,0,0,1,0,0,1,A000000217567,10000010004
2026-08-06,헤어케어,11,어노브,어노브 딥 데미지 리페어 샴푸 500ml 더블/듀오 기획,https://www.oliveyoung.co.kr/store/goods/getGoodsDetail.do?goodsNo=A000000183059,https://image.oliveyoung.co.kr/cfimages/cf-goods/uploads/images/thumbnails/400/10/0000/0018/A00000018305979ko.png?l=ko,34000,26800,21.2,23252,4.9,91,7,2,0,0,1,0,0,1,A000000183059,10000010004
2026-08-06,헤어케어,12,실크테라피,"[최유정PICK | 고잘먹, 수분본딩] 실크테라피 하이드로 글로우 퍼퓸 에센스 80mL",https://www.oliveyoung.co.kr/store/goods/getGoodsDetail.do?goodsNo=A000000261829,https://image.oliveyoung.co.kr/cfimages/cf-goods/uploads/images/thumbnails/400/10/0000/0026/A00000026182904ko.jpg?l=ko,24000,18400,23.3,12,4.8,92,,8,,,0,1,0,1,A000000261829,10000010004
2026-08-06,헤어케어,13,박준뷰티랩,"[손상모케어]박준뷰티랩 LPP 단백질 트리트먼트 플러스 1,000ml (기획/단품)",https://www.oliveyoung.co.kr/store/goods/getGoodsDetail.do?goodsNo=A000000121286,https://image.oliveyoung.co.kr/cfimages/cf-goods/uploads/images/thumbnails/400/10/0000/0012/A00000012128671ko.jpg?l=ko,19800,17800,10.1,17270,4.8,84,12,3,0,0,0,1,0,1,A000000121286,10000010004
2026-08-06,헤어케어,14,라우쉬,[8월 올영픽/정수리냄새케어]라우쉬 스위스 허벌 헤어 토닉 200ml,https://www.oliveyoung.co.kr/store/goods/getGoodsDetail.do?goodsNo=A000000214760,https://image.oliveyoung.co.kr/cfimages/cf-goods/uploads/images/thumbnails/400/10/0000/0021/A00000021476013ko.jpg?l=ko,41000,32900,19.8,1765,4.7,82,13,4,1,1,1,0,0,1,A000000214760,10000010004
2026-08-06,헤어케어,15,에이페,[2주완성탈모앰플] 에이페 스칼프부스팅 앰플 (대용량 두피앰플) 150ml,https://www.oliveyoung.co.kr/store/goods/getGoodsDetail.do?goodsNo=A000000246985,https://image.oliveyoung.co.kr/cfimages/cf-goods/uploads/images/thumbnails/400/10/0000/0024/A00000024698510ko.jpg?l=ko,29800,29800,0.0,2240,4.9,95,3,1,0,0,0,0,0,1,A000000246985,10000010004
2026-08-06,헤어케어,16,아로마티카,[8월 올영픽/두피쿨링/탈모증상완화] 아로마티카 티트리 퓨리파잉 토닉 100ml (단품/더블기획),https://www.oliveyoung.co.kr/store/goods/getGoodsDetail.do?goodsNo=A000000189143,https://image.oliveyoung.co.kr/cfimages/cf-goods/uploads/images/thumbnails/400/10/0000/0018/A00000018914331ko.jpg?l=ko,30600,19900,35.0,7607,4.8,85,11,3,1,1,1,0,0,1,A000000189143,10000010004
2026-08-06,헤어케어,17,피노,[젤리 헤어팩]피노 프리미엄 터치 헤어 마스크 230g 더블 기획,https://www.oliveyoung.co.kr/store/goods/getGoodsDetail.do?goodsNo=A000000250328,https://image.oliveyoung.co.kr/cfimages/cf-goods/uploads/images/thumbnails/400/10/0000/0025/A00000025032822ko.jpg?l=ko,25200,20100,20.2,17386,4.8,87,9,3,0,0,1,0,0,1,A000000250328,10000010004
2026-08-06,헤어케어,18,미쟝센,[NEW/염색+새치겸용] 미쟝센 헬로크림 더블커버 120G 염색(미스틱블랙 외 5종),https://www.oliveyoung.co.kr/store/goods/getGoodsDetail.do?goodsNo=A000000225117,https://image.oliveyoung.co.kr/cfimages/cf-goods/uploads/images/thumbnails/400/10/0000/0022/A00000022511788ko.jpg?l=ko,16000,9900,38.1,8876,4.8,87,8,4,1,1,1,0,0,1,A000000225117,10000010004
2026-08-06,헤어케어,19,어노브,어노브 실크 헤어 오일 에센스 70ml 더블 기획 (텐더블룸/웜페탈),https://www.oliveyoung.co.kr/store/goods/getGoodsDetail.do?goodsNo=A000000171422,https://image.oliveyoung.co.kr/cfimages/cf-goods/uploads/images/thumbnails/400/10/0000/0017/A00000017142274ko.png?l=ko,35000,28900,17.4,35810,4.8,87,10,2,0,0,1,0,0,1,A000000171422,10000010004
2026-08-06,헤어케어,20,닥터포헤어,[8월올영픽/파우치증정이벤트] 닥터포헤어 에어로 쿨링 샴푸 750ml 기획 (+70ml*2ea),https://www.oliveyoung.co.kr/store/goods/getGoodsDetail.do?goodsNo=A000000258869,https://image.oliveyoung.co.kr/cfimages/cf-goods/uploads/images/thumbnails/400/10/0000/0025/A00000025886911ko.jpg?l=ko,36000,26900,25.3,3863,4.8,87,9,3,1,0,1,0,1,1,A000000258869,10000010004
2026-08-06,헤어케어,21,려,[8월올영픽/올영1위] 려 루트젠 탈모증상케어 두피에센스 80ML 더블기획(+20ML증정),https://www.oliveyoung.co.kr/store/goods/getGoodsDetail.do?goodsNo=A000000197603,https://image.oliveyoung.co.kr/cfimages/cf-goods/uploads/images/thumbnails/400/10/0000/0019/A00000019760398ko.jpg?l=ko,39800,21900,45.0,11439,4.8,85,11,3,0,1,1,1,1,1,A000000197603,10000010004
2026-08-06,헤어케어,22,라보에이치,[청량감MAX] 라보에이치 쿨링&노세범샴푸 750ML 기획(+샴푸100ML),https://www.oliveyoung.co.kr/store/goods/getGoodsDetail.do?goodsNo=A000000204247,https://image.oliveyoung.co.kr/cfimages/cf-goods/uploads/images/thumbnails/400/10/0000/0020/A00000020424746ko.jpg?l=ko,36000,26900,25.3,6560,4.7,82,11,5,1,1,1,0,0,1,A000000204247,10000010004
2026-08-06,헤어케어,23,청미정,[1위 다시마샴푸] 청미정 다시마 샴푸&트리트먼트 듀오 기획,https://www.oliveyoung.co.kr/store/goods/getGoodsDetail.do?goodsNo=A000000224498,https://image.oliveyoung.co.kr/cfimages/cf-goods/uploads/images/thumbnails/400/10/0000/0022/A00000022449816ko.png?l=ko,53550,48150,10.1,341,4.8,86,9,4,1,1,1,0,0,1,A000000224498,10000010004
2026-08-06,헤어케어,24,어반트라이브,[청담템/연예인 셀프 케어템] 어반트라이브 노워시 트리트먼트 하이드레이트 리브 인 폼 200ml 단품/기획,https://www.oliveyoung.co.kr/store/goods/getGoodsDetail.do?goodsNo=A000000223976,https://image.oliveyoung.co.kr/cfimages/cf-goods/uploads/images/thumbnails/400/10/0000/0022/A00000022397631ko.jpg?l=ko,39000,36000,7.7,8633,4.9,91,7,2,0,0,1,0,0,1,A000000223976,10000010004
2026-08-06,헤어케어,25,로레알 프로페셔널,[8월올영픽/올영단독] 로레알 프로페셔널 에르네뜨 퓨어 헤어 스프레이 무향 300ml/500ml (기획/단품),https://www.oliveyoung.co.kr/store/goods/getGoodsDetail.do?goodsNo=A000000227133,https://image.oliveyoung.co.kr/cfimages/cf-goods/uploads/images/thumbnails/400/10/0000/0022/A00000022713348ko.jpg?l=ko,18900,13500,28.6,4676,4.7,78,15,6,1,1,1,1,0,1,A000000227133,10000010004
2026-08-06,헤어케어,26,로레알,[가성비 천만셀러ㅣ산뜻한헤어팩] 로레알파리 토탈 리페어 5+ 데미지케어 트리트먼트 단품/기획(8월 올영픽),https://www.oliveyoung.co.kr/store/goods/getGoodsDetail.do?goodsNo=A000000107336,https://image.oliveyoung.co.kr/cfimages/cf-goods/uploads/images/thumbnails/400/10/0000/0010/A000000107336240ko.jpg?l=ko,11500,8900,22.6,33829,4.8,84,13,3,0,0,1,0,0,1,A000000107336,10000010004
2026-08-06,헤어케어,27,닥터포헤어,[8월올영픽/파우치증정이벤트] 닥터포헤어 폴리젠 씨크닝 샴푸 750ml 기획 (+100ml*2ea),https://www.oliveyoung.co.kr/store/goods/getGoodsDetail.do?goodsNo=A000000186037,https://image.oliveyoung.co.kr/cfimages/cf-goods/uploads/images/thumbnails/400/10/0000/0018/A00000018603789ko.jpg?l=ko,40000,29900,25.2,20382,4.8,83,12,3,0,1,1,0,1,1,A000000186037,10000010004
2026-08-06,헤어케어,28,라보에이치,[증정기획]라보에이치 비타민&단백질 캡슐 트리트먼트200ML*2+50ML증정,https://www.oliveyoung.co.kr/store/goods/getGoodsDetail.do?goodsNo=A000000189265,https://image.oliveyoung.co.kr/cfimages/cf-goods/uploads/images/thumbnails/400/10/0000/0018/A00000018926567ko.jpg?l=ko,28000,16900,39.6,14593,4.8,85,11,3,0,0,1,0,0,1,A000000189265,10000010004
2026-08-06,헤어케어,29,아로마티카,[8월 올영픽/1등토닉/탈모증상완화] 아로마티카 로즈마리 루트인핸서 100ml (단품/더블기획),https://www.oliveyoung.co.kr/store/goods/getGoodsDetail.do?goodsNo=A000000222696,https://image.oliveyoung.co.kr/cfimages/cf-goods/uploads/images/thumbnails/400/10/0000/0022/A00000022269645ko.jpg?l=ko,30600,19900,35.0,12990,4.8,88,9,2,0,0,1,0,0,1,A000000222696,10000010004
2026-08-06,헤어케어,30,모다모다,모다모다 원스텝 이지 커버 버블샴푸 200ml,https://www.oliveyoung.co.kr/store/goods/getGoodsDetail.do?goodsNo=A000000260919,https://image.oliveyoung.co.kr/cfimages/cf-goods/uploads/images/thumbnails/400/10/0000/0026/A00000026091908ko.jpg?l=ko,36000,21420,40.5,30,4.9,97,,3,,,1,1,0,1,A000000260919,10000010004
2026-08-06,헤어케어,31,모로칸오일,[8월올영픽/1억병 판매] 모로칸오일 헤어 트리트먼트 50ml 기획/단품 (펌프포함),https://www.oliveyoung.co.kr/store/goods/getGoodsDetail.do?goodsNo=A000000219700,https://image.oliveyoung.co.kr/cfimages/cf-goods/uploads/images/thumbnails/400/10/0000/0021/A000000219700107ko.jpg?l=ko,42000,35490,15.5,13895,4.8,87,9,2,0,1,1,1,1,1,A000000219700,10000010004
2026-08-06,헤어케어,32,커리쉴,[열보호] 커리쉴 실키 오일 세럼 70ml,https://www.oliveyoung.co.kr/store/goods/getGoodsDetail.do?goodsNo=A000000236968,https://image.oliveyoung.co.kr/cfimages/cf-goods/uploads/images/thumbnails/400/10/0000/0023/A00000023696809ko.png?l=ko,25000,22500,10.0,5386,4.9,92,6,2,0,0,1,0,0,1,A000000236968,10000010004
2026-08-06,헤어케어,33,어노브,[단독기획] 어노브 워터 에센스 헤어미스트 200ml+30ml 증정 기획 (뿌리는 에센스),https://www.oliveyoung.co.kr/store/goods/getGoodsDetail.do?goodsNo=A000000188767,https://image.oliveyoung.co.kr/cfimages/cf-goods/uploads/images/thumbnails/400/10/0000/0018/A00000018876730ko.png?l=ko,20000,15900,20.5,9721,4.8,84,11,4,1,1,1,0,0,1,A000000188767,10000010004
2026-08-06,헤어케어,34,모로칸오일,[8월올영픽/대용량] 모로칸오일 헤어 트리트먼트 오리지널 100ml (펌프포함),https://www.oliveyoung.co.kr/store/goods/getGoodsDetail.do?goodsNo=A000000198526,https://image.oliveyoung.co.kr/cfimages/cf-goods/uploads/images/thumbnails/400/10/0000/0019/A00000019852633ko.jpg?l=ko,67000,56950,15.0,1778,4.9,93,5,2,0,0,1,1,1,1,A000000198526,10000010004
2026-08-06,헤어케어,35,제니하우스,[올영단독] 제니하우스 프리미엄 헤어컬러 1+1 기획 6 Colors,https://www.oliveyoung.co.kr/store/goods/getGoodsDetail.do?goodsNo=A000000192643,https://image.oliveyoung.co.kr/cfimages/cf-goods/uploads/images/thumbnails/400/10/0000/0019/A00000019264332ko.jpg?l=ko,16000,12500,21.9,10707,4.7,80,12,6,1,1,1,0,0,1,A000000192643,10000010004
2026-08-06,헤어케어,36,클로란,[8월 올영픽/지성두피&쿨링] 클로란 드라이샴푸 150ml 2종 (쿨세범/노세범),https://www.oliveyoung.co.kr/store/goods/getGoodsDetail.do?goodsNo=A000000141612,https://image.oliveyoung.co.kr/cfimages/cf-goods/uploads/images/thumbnails/400/10/0000/0014/A00000014161272ko.jpg?l=ko,18000,9200,48.9,3499,4.7,78,15,5,1,1,1,1,0,1,A000000141612,10000010004
2026-08-06,헤어케어,37,청미정,[성분천재/두피케어] 청미정 다시마 샴푸 500ml (단품/기획),https://www.oliveyoung.co.kr/store/goods/getGoodsDetail.do?goodsNo=A000000213261,https://image.oliveyoung.co.kr/cfimages/cf-goods/uploads/images/thumbnails/400/10/0000/0021/A00000021326146ko.png?l=ko,28500,25650,10.0,5807,4.7,84,10,4,1,1,1,0,0,1,A000000213261,10000010004
2026-08-06,헤어케어,38,클로란,[두피 안티에이징 앰플] 클로란 퀴닌 두피 세럼100ml(NEW),https://www.oliveyoung.co.kr/store/goods/getGoodsDetail.do?goodsNo=A000000225305,https://image.oliveyoung.co.kr/cfimages/cf-goods/uploads/images/thumbnails/400/10/0000/0022/A00000022530536ko.jpg?l=ko,32000,23900,25.3,3782,4.8,83,12,4,0,0,1,0,0,1,A000000225305,10000010004
2026-08-06,헤어케어,39,그래비티,[카이스트특허기술] 그래비티 헤어리프팅 샴푸 엑스트라 스트롱 475ml 기획(+50ml증정),https://www.oliveyoung.co.kr/store/goods/getGoodsDetail.do?goodsNo=A000000217893,https://image.oliveyoung.co.kr/cfimages/cf-goods/uploads/images/thumbnails/400/10/0000/0021/A00000021789323ko.jpg?l=ko,38000,34960,8.0,2756,4.8,84,11,3,0,1,1,0,0,1,A000000217893,10000010004
2026-08-06,헤어케어,40,팬틴,[더블+증정기획] 팬틴 트리트먼트 220ml더블기획&미니샴푸증정 극손상케어/실키스무드케어 택 1,https://www.oliveyoung.co.kr/store/goods/getGoodsDetail.do?goodsNo=A000000228197,https://image.oliveyoung.co.kr/cfimages/cf-goods/uploads/images/thumbnails/400/10/0000/0022/A00000022819751ko.jpg?l=ko,18700,10280,45.0,15571,4.9,90,8,2,0,0,1,0,0,1,A000000228197,10000010004
2026-08-06,헤어케어,41,케라스타즈,[8월올영픽/두피쿨링/새싹케어] 케라스타즈 제네시스 두피 세럼 90ml 기획/단품,https://www.oliveyoung.co.kr/store/goods/getGoodsDetail.do?goodsNo=A000000212122,https://image.oliveyoung.co.kr/cfimages/cf-goods/uploads/images/thumbnails/400/10/0000/0021/A00000021212242ko.jpg?l=ko,75000,57750,23.0,267,4.7,82,8,7,1,2,1,1,0,1,A000000212122,10000010004
2026-08-06,헤어케어,42,로레알,[열보호퍼퓸에센스/+헤어밀크 증정] 로레알파리 헤어오일 에센스 100ml 단품/기획,https://www.oliveyoung.co.kr/store/goods/getGoodsDetail.do?goodsNo=A000000140183,https://image.oliveyoung.co.kr/cfimages/cf-goods/uploads/images/thumbnails/400/10/0000/0014/A000000140183244ko.jpg?l=ko,23500,16900,28.1,34400,4.8,82,13,4,0,1,0,1,0,1,A000000140183,10000010004
2026-08-06,헤어케어,43,어네이즈,[염색입문템] 어네이즈 셀프 터치 업 컬러 키트 B01 브라운,https://www.oliveyoung.co.kr/store/goods/getGoodsDetail.do?goodsNo=A000000237116,https://image.oliveyoung.co.kr/cfimages/cf-goods/uploads/images/thumbnails/400/10/0000/0023/A00000023711604ko.jpg?l=ko,24000,22800,5.0,368,4.8,87,10,2,0,1,1,0,0,1,A000000237116,10000010004
2026-08-06,헤어케어,44,솔랩,[8월 올영픽/두피 스케일링]피지/각질/냄새 전문가케어 솔랩 아쿠아픽 두피스케일러 250ml + 브러쉬 기획,https://www.oliveyoung.co.kr/store/goods/getGoodsDetail.do?goodsNo=A000000241715,https://image.oliveyoung.co.kr/cfimages/cf-goods/uploads/images/thumbnails/400/10/0000/0024/A00000024171537ko.jpg?l=ko,31900,25800,19.1,2829,4.9,97,2,1,0,0,1,0,0,1,A000000241715,10000010004
2026-08-06,헤어케어,45,필리밀리,필리밀리 열판 롤 브러시 3종 택 1 (40mm/50mm/65mm),https://www.oliveyoung.co.kr/store/goods/getGoodsDetail.do?goodsNo=A000000182618,https://image.oliveyoung.co.kr/cfimages/cf-goods/uploads/images/thumbnails/400/10/0000/0018/A00000018261817ko.jpg?l=ko,12000,8800,26.7,13592,4.8,83,12,4,0,0,1,1,0,1,A000000182618,10000010004
2026-08-06,헤어케어,46,힐링버드,[1위 헤어밀크/결광샷에센스] 힐링버드 히알루론 밀크 헤어에센스 150ml 기획(+메타몽 스크런치),https://www.oliveyoung.co.kr/store/goods/getGoodsDetail.do?goodsNo=A000000230109,https://image.oliveyoung.co.kr/cfimages/cf-goods/uploads/images/thumbnails/400/10/0000/0023/A00000023010937ko.jpg?l=ko,22000,16900,23.2,6852,4.8,88,9,3,0,0,0,1,0,1,A000000230109,10000010004
2026-08-06,헤어케어,47,바이오가,[대용량] 바이오가 바이오틴 손상모발개선 탈모완화 샴푸 돌콩배아 1000ml,https://www.oliveyoung.co.kr/store/goods/getGoodsDetail.do?goodsNo=A000000201277,https://image.oliveyoung.co.kr/cfimages/cf-goods/uploads/images/thumbnails/400/10/0000/0020/A00000020127763ko.png?l=ko,27500,27500,0.0,8108,4.8,89,8,2,0,1,0,0,0,1,A000000201277,10000010004
2026-08-06,헤어케어,48,츠바키,[8월 올영픽/뿌리볼륨UP] 츠바키 프리미엄 볼륨 & 리페어 샴푸 450ml+300ml+100ml,https://www.oliveyoung.co.kr/store/goods/getGoodsDetail.do?goodsNo=A000000218338,https://image.oliveyoung.co.kr/cfimages/cf-goods/uploads/images/thumbnails/400/10/0000/0021/A00000021833812ko.jpg?l=ko,30400,18800,38.2,1523,4.8,87,9,4,0,0,1,0,0,1,A000000218338,10000010004
2026-08-06,헤어케어,49,케라스타즈,[8월올영픽/손상케어] 케라스타즈 방 포스 아키텍트 샴푸 500ml 기획/단품,https://www.oliveyoung.co.kr/store/goods/getGoodsDetail.do?goodsNo=A000000212146,https://image.oliveyoung.co.kr/cfimages/cf-goods/uploads/images/thumbnails/400/10/0000/0021/A00000021214657ko.jpg?l=ko,67000,51590,23.0,374,4.8,86,8,5,1,1,1,1,0,1,A000000212146,10000010004
2026-08-06,헤어케어,50,미쟝센,미쟝센 올뉴 쉽고빠른 거품염색(새치염색),https://www.oliveyoung.co.kr/store/goods/getGoodsDetail.do?goodsNo=A000000202416,https://image.oliveyoung.co.kr/cfimages/cf-goods/uploads/images/thumbnails/400/10/0000/0020/A00000020241602ko.jpg?l=ko,17000,11900,30.0,29738,4.8,83,13,4,0,0,1,0,0,1,A000000202416,10000010004
2026-08-06,헤어케어,51,실크테라피,[극손상케어] 실크테라피 에센스 145KIT(130+15) 3종 택1 (손상/극손상용),https://www.oliveyoung.co.kr/store/goods/getGoodsDetail.do?goodsNo=A000000177588,https://image.oliveyoung.co.kr/cfimages/cf-goods/uploads/images/thumbnails/400/10/0000/0017/A00000017758818ko.jpg?l=ko,37000,25900,30.0,4113,4.8,89,9,2,0,0,1,0,0,1,A000000177588,10000010004
2026-08-06,헤어케어,52,폴미첼,[헤어픽서/올영단독] 폴미첼 프리즈 앤 샤인 슈퍼 스프레이 250ml/100ml 기획세트(+100ml/50ml 증정),https://www.oliveyoung.co.kr/store/goods/getGoodsDetail.do?goodsNo=A000000190610,https://image.oliveyoung.co.kr/cfimages/cf-goods/uploads/images/thumbnails/400/10/0000/0019/A00000019061020ko.jpg?l=ko,24000,17900,25.4,1627,4.8,87,10,3,0,0,1,1,1,1,A000000190610,10000010004
2026-08-06,헤어케어,53,이지엔,[단독선론칭] 이지엔 푸딩 헤어컬러 12종,https://www.oliveyoung.co.kr/store/goods/getGoodsDetail.do?goodsNo=A000000262845,https://image.oliveyoung.co.kr/cfimages/cf-goods/uploads/images/thumbnails/400/10/0000/0026/A00000026284502ko.png?l=ko,16000,8800,45.0,11,4.8,82,18,,,,1,0,0,1,A000000262845,10000010004
2026-08-06,헤어케어,54,나르카,[8월 올영픽/강력세팅/완벽고정] 나르카 슈퍼 픽스 엣지 헤어 마스카라 / 왁스 스틱 2종 택 1,https://www.oliveyoung.co.kr/store/goods/getGoodsDetail.do?goodsNo=A000000250347,https://image.oliveyoung.co.kr/cfimages/cf-goods/uploads/images/thumbnails/400/10/0000/0025/A00000025034747ko.png?l=ko,17000,14450,15.0,1132,4.8,84,10,4,1,1,1,1,0,1,A000000250347,10000010004
2026-08-06,헤어케어,55,려,[8월올영픽/헤어볼륨샴푸] 려 루트젠 여성맞춤볼륨 탈모증상케어 샴푸 353+353ML 더블기획,https://www.oliveyoung.co.kr/store/goods/getGoodsDetail.do?goodsNo=A000000205724,https://image.oliveyoung.co.kr/cfimages/cf-goods/uploads/images/thumbnails/400/10/0000/0020/A00000020572463ko.jpg?l=ko,25900,20900,19.3,5624,4.8,87,10,2,0,0,1,1,1,1,A000000205724,10000010004
2026-08-06,헤어케어,56,나르카,[잔머리 스타일링] 나르카 헤어 마스카라 (하입 핏/하드 픽스),https://www.oliveyoung.co.kr/store/goods/getGoodsDetail.do?goodsNo=A000000204497,https://image.oliveyoung.co.kr/cfimages/cf-goods/uploads/images/thumbnails/400/10/0000/0020/A00000020449799ko.png?l=ko,21800,21800,0.0,8484,4.7,80,14,5,1,1,0,0,0,1,A000000204497,10000010004
2026-08-06,헤어케어,57,라우쉬,[8월 올영픽/지성청정샴푸]라우쉬 씨위드 디그리징 샴푸 200ml 듀오기획 (200ml+200ml),https://www.oliveyoung.co.kr/store/goods/getGoodsDetail.do?goodsNo=A000000166430,https://image.oliveyoung.co.kr/cfimages/cf-goods/uploads/images/thumbnails/400/10/0000/0016/A00000016643020ko.jpg?l=ko,49800,39800,20.1,3025,4.7,81,14,4,1,1,1,1,0,1,A000000166430,10000010004
2026-08-06,헤어케어,58,라우쉬,[8월 올영픽/1등비듬샴푸]라우쉬 콜츠푸트 안티-댄드러프 샴푸 200ml 2입기획,https://www.oliveyoung.co.kr/store/goods/getGoodsDetail.do?goodsNo=A000000236700,https://image.oliveyoung.co.kr/cfimages/cf-goods/uploads/images/thumbnails/400/10/0000/0023/A00000023670012ko.jpg?l=ko,49800,39800,20.1,1784,4.9,92,6,1,,0,1,0,0,1,A000000236700,10000010004
2026-08-06,헤어케어,59,나르카,[노세범/뽀송앞머리] 나르카 프레시 세범 헤어 마스카라 (단품/기획),https://www.oliveyoung.co.kr/store/goods/getGoodsDetail.do?goodsNo=A000000228103,https://image.oliveyoung.co.kr/cfimages/cf-goods/uploads/images/thumbnails/400/10/0000/0022/A00000022810322ko.png?l=ko,18000,16200,10.0,5957,4.7,80,11,6,2,1,1,0,0,1,A000000228103,10000010004
2026-08-06,헤어케어,60,미쟝센,[열보호] 미쟝센 컬링에센스 2X 230ML(볼륨컬/내추럴컬 ),https://www.oliveyoung.co.kr/store/goods/getGoodsDetail.do?goodsNo=A000000168640,https://image.oliveyoung.co.kr/cfimages/cf-goods/uploads/images/thumbnails/400/10/0000/0016/A00000016864012ko.jpg?l=ko,15000,8900,40.7,30955,4.7,78,16,5,1,0,1,0,0,1,A000000168640,10000010004
2026-08-06,헤어케어,61,닥터포헤어,[8월올영픽/파우치증정이벤트] 닥터포헤어 폴리젠 씨솔트 엑스폴리에이터 250g 기획 (+60g),https://www.oliveyoung.co.kr/store/goods/getGoodsDetail.do?goodsNo=A000000141338,https://image.oliveyoung.co.kr/cfimages/cf-goods/uploads/images/thumbnails/400/10/0000/0014/A00000014133847ko.jpg?l=ko,24000,18900,21.3,10574,4.8,83,13,3,0,1,1,0,1,1,A000000141338,10000010004
2026-08-06,헤어케어,62,아도르,[단독기획/미니증정] 아도르 퍼퓸 헤어 오일 80ml 기획 5종 택1,https://www.oliveyoung.co.kr/store/goods/getGoodsDetail.do?goodsNo=A000000182947,https://image.oliveyoung.co.kr/cfimages/cf-goods/uploads/images/thumbnails/400/10/0000/0018/A00000018294737ko.jpg?l=ko,32000,27200,15.0,13249,4.9,95,3,1,0,0,1,0,0,1,A000000182947,10000010004
2026-08-06,헤어케어,63,라보에이치,[올영단독/대용량] 라보에이치 두피강화샴푸 탈모증상완화 750ML 리필 기획(+600ML 리필),https://www.oliveyoung.co.kr/store/goods/getGoodsDetail.do?goodsNo=A000000197901,https://image.oliveyoung.co.kr/cfimages/cf-goods/uploads/images/thumbnails/400/10/0000/0019/A00000019790113ko.jpg?l=ko,57900,39800,31.3,33656,4.8,86,10,3,0,0,1,0,0,1,A000000197901,10000010004
2026-08-06,헤어케어,64,케라스타즈,[8월올영픽/얇은모발용/새싹케어] 케라스타즈 방 제네시스 샴푸 500ml 기획/단품,https://www.oliveyoung.co.kr/store/goods/getGoodsDetail.do?goodsNo=A000000212092,https://image.oliveyoung.co.kr/cfimages/cf-goods/uploads/images/thumbnails/400/10/0000/0021/A00000021209239ko.jpg?l=ko,75000,57750,23.0,161,4.8,86,8,5,1,1,1,1,0,1,A000000212092,10000010004
2026-08-06,헤어케어,65,어노브,어노브 실크 헤어 오일 에센스 70ml (텐더블룸/웜페탈),https://www.oliveyoung.co.kr/store/goods/getGoodsDetail.do?goodsNo=A000000154188,https://image.oliveyoung.co.kr/cfimages/cf-goods/uploads/images/thumbnails/400/10/0000/0015/A00000015418834ko.png?l=ko,19000,16900,11.1,35810,4.8,87,10,2,0,0,1,0,0,1,A000000154188,10000010004
2026-08-06,헤어케어,66,보다나,[리락쿠마 한정에디션 출시] 보다나 포켓 미니 판고데기 7종 택 1,https://www.oliveyoung.co.kr/store/goods/getGoodsDetail.do?goodsNo=A000000202536,https://image.oliveyoung.co.kr/cfimages/cf-goods/uploads/images/thumbnails/400/10/0000/0020/A00000020253619ko.png?l=ko,37000,29900,19.2,2078,4.8,85,10,4,1,0,1,1,0,1,A000000202536,10000010004
2026-08-06,헤어케어,67,로레알,[브라운새치염색] 로레알파리 엑셀랑스 듀오크림 9colors 단품/기획,https://www.oliveyoung.co.kr/store/goods/getGoodsDetail.do?goodsNo=A000000135112,https://image.oliveyoung.co.kr/cfimages/cf-goods/uploads/images/thumbnails/400/10/0000/0013/A000000135112147ko.jpg?l=ko,18000,12900,28.3,19872,4.7,81,14,4,1,1,0,1,0,1,A000000135112,10000010004
2026-08-06,헤어케어,68,바티스트,[8월 올영픽/유분순삭] 바티스트 드라이샴푸 50ml/200ml 14종 택 1(올영 단독기획세트 포함),https://www.oliveyoung.co.kr/store/goods/getGoodsDetail.do?goodsNo=A000000190569,https://image.oliveyoung.co.kr/cfimages/cf-goods/uploads/images/thumbnails/400/10/0000/0019/A00000019056936ko.png?l=ko,14500,9900,31.7,40943,4.7,79,15,5,1,1,1,0,0,1,A000000190569,10000010004
2026-08-06,헤어케어,69,닥터그루트,[풍성한헤어라인] 닥터그루트 아쿠아 PDRN 헤어라인 부스터샷 앰플 15ml 더블기획/단품,https://www.oliveyoung.co.kr/store/goods/getGoodsDetail.do?goodsNo=A000000223382,https://image.oliveyoung.co.kr/cfimages/cf-goods/uploads/images/thumbnails/400/10/0000/0022/A00000022338231ko.jpg?l=ko,50000,29900,40.2,2972,4.9,92,5,2,0,0,1,0,0,1,A000000223382,10000010004
2026-08-06,헤어케어,70,로레알 프로페셔널,[8월올영픽/극손상모케어] 로레알 프로페셔널 메탈 디엑스 3종 모음 (마스크/샴푸/크림),https://www.oliveyoung.co.kr/store/goods/getGoodsDetail.do?goodsNo=A000000227505,https://image.oliveyoung.co.kr/cfimages/cf-goods/uploads/images/thumbnails/400/10/0000/0022/A00000022750535ko.jpg?l=ko,64000,48000,25.0,348,4.8,86,9,3,1,0,1,1,0,1,A000000227505,10000010004
2026-08-06,헤어케어,71,로레알,"[리뷰이벤트ㅣ암모니아 무첨가] 로레알파리 NEW 엑셀랑스 크림 노암모니아 (새치염색, 셀프염색)",https://www.oliveyoung.co.kr/store/goods/getGoodsDetail.do?goodsNo=A000000262979,https://image.oliveyoung.co.kr/cfimages/cf-goods/uploads/images/thumbnails/400/10/0000/0026/A00000026297905ko.jpg?l=ko,17000,11900,30.0,8,5.0,100,,,,,1,1,0,1,A000000262979,10000010004
2026-08-06,헤어케어,72,달리프,[1등헤어토닉] 달리프 클로렐라 탈모증상완화 헤어토닉 더블기획(100ml+100ml),https://www.oliveyoung.co.kr/store/goods/getGoodsDetail.do?goodsNo=A000000180613,https://image.oliveyoung.co.kr/cfimages/cf-goods/uploads/images/thumbnails/400/10/0000/0018/A00000018061338ko.jpg?l=ko,21000,18900,10.0,15162,4.8,81,14,4,0,0,1,0,0,1,A000000180613,10000010004
2026-08-06,헤어케어,73,박준뷰티랩,[모발탄력]박준뷰티랩 LPP 단백질 샴푸 플러스 1000ml 데미지 리페어 손상모 딥클렌징 미용실용,https://www.oliveyoung.co.kr/store/goods/getGoodsDetail.do?goodsNo=A000000149734,https://image.oliveyoung.co.kr/cfimages/cf-goods/uploads/images/thumbnails/400/10/0000/0014/A00000014973442ko.jpg?l=ko,19800,17800,10.1,4507,4.8,83,11,4,1,1,0,1,0,1,A000000149734,10000010004
2026-08-06,헤어케어,74,박준뷰티랩,[열보호]박준뷰티랩 LPP 단백질 노워시 트리트먼트 200ml+80ml (기획/단품) 영양공급 헤어팩,https://www.oliveyoung.co.kr/store/goods/getGoodsDetail.do?goodsNo=A000000172064,https://image.oliveyoung.co.kr/cfimages/cf-goods/uploads/images/thumbnails/400/10/0000/0017/A00000017206425ko.png?l=ko,22000,16800,23.6,5990,4.8,89,8,3,0,0,0,1,0,1,A000000172064,10000010004
2026-08-06,헤어케어,75,에뛰드,[3년 연속 어워즈 수상]  에뛰드 팡팡 헤어 섀도우 (기획 / 단품)  3 Colors,https://www.oliveyoung.co.kr/store/goods/getGoodsDetail.do?goodsNo=A000000173807,https://image.oliveyoung.co.kr/cfimages/cf-goods/uploads/images/thumbnails/400/10/0000/0017/A00000017380775ko.png?l=ko,16000,11200,30.0,9433,4.8,84,12,3,0,0,1,0,0,1,A000000173807,10000010004
2026-08-06,헤어케어,76,어노브,[NEW] 어노브 트래블 키트 2종 택1,https://www.oliveyoung.co.kr/store/goods/getGoodsDetail.do?goodsNo=A000000226676,https://image.oliveyoung.co.kr/cfimages/cf-goods/uploads/images/thumbnails/400/10/0000/0022/A00000022667609ko.png?l=ko,22000,20800,5.5,6690,5.0,99,1,0,,0,1,0,0,1,A000000226676,10000010004
2026-08-06,헤어케어,77,모다모다,모다모다 제로그레이 블랙샴푸10 300g기획 (+10일 kit 증정),https://www.oliveyoung.co.kr/store/goods/getGoodsDetail.do?goodsNo=A000000212960,https://image.oliveyoung.co.kr/cfimages/cf-goods/uploads/images/thumbnails/400/10/0000/0021/A00000021296003ko.png?l=ko,39000,24180,38.0,2327,4.6,76,14,6,1,2,1,0,0,1,A000000212960,10000010004
2026-08-06,헤어케어,78,졸렌,졸렌 크림 블리치 마일드 (탈색),https://www.oliveyoung.co.kr/store/goods/getGoodsDetail.do?goodsNo=A000000103041,https://image.oliveyoung.co.kr/cfimages/cf-goods/uploads/images/thumbnails/400/10/0000/0010/A00000010304102ko.jpg?l=ko,22900,18000,21.4,6128,4.8,82,12,4,1,1,1,0,0,1,A000000103041,10000010004
2026-08-06,헤어케어,79,헤드스파7,[두피탄력] 헤드스파7 안티에이징 워터 트리트먼트 215ml+215ml (탈모증상완화),https://www.oliveyoung.co.kr/store/goods/getGoodsDetail.do?goodsNo=A000000215629,https://image.oliveyoung.co.kr/cfimages/cf-goods/uploads/images/thumbnails/400/10/0000/0021/A00000021562909ko.jpg?l=ko,26900,18000,33.1,1885,4.9,95,3,1,,0,1,0,0,1,A000000215629,10000010004
2026-08-06,헤어케어,80,바이오가,[모발탄력 개선] 바이오가 글라이신 우유단백질 트리트먼트 1000ml 대용량,https://www.oliveyoung.co.kr/store/goods/getGoodsDetail.do?goodsNo=A000000209375,https://image.oliveyoung.co.kr/cfimages/cf-goods/uploads/images/thumbnails/400/10/0000/0020/A00000020937531ko.png?l=ko,29500,29500,0.0,2495,4.8,87,9,3,0,1,0,0,0,1,A000000209375,10000010004
2026-08-06,헤어케어,81,솔랩,[8월 올영픽/단독2입기획]솔랩 전문가 처방급 탈모/두피 영양 앰플 40ml+40ml,https://www.oliveyoung.co.kr/store/goods/getGoodsDetail.do?goodsNo=A000000220676,https://image.oliveyoung.co.kr/cfimages/cf-goods/uploads/images/thumbnails/400/10/0000/0022/A00000022067667ko.jpg?l=ko,54900,42900,21.9,10347,5.0,97,2,0,0,0,1,0,0,1,A000000220676,10000010004
2026-08-06,헤어케어,82,하아르,[모발볼륨케어] 하아르 닥터 헤어플럼퍼 150ml,https://www.oliveyoung.co.kr/store/goods/getGoodsDetail.do?goodsNo=A000000245086,https://image.oliveyoung.co.kr/cfimages/cf-goods/uploads/images/thumbnails/400/10/0000/0024/A00000024508604ko.jpg?l=ko,24900,23400,6.0,104,4.7,83,10,3,3,2,1,0,0,1,A000000245086,10000010004
2026-08-06,헤어케어,83,박준뷰티랩,[새치&뿌리염색]박준뷰티랩 미용실 새치커버 염색약 300ml 대용량(4컬러),https://www.oliveyoung.co.kr/store/goods/getGoodsDetail.do?goodsNo=A000000210959,https://image.oliveyoung.co.kr/cfimages/cf-goods/uploads/images/thumbnails/400/10/0000/0021/A00000021095904ko.jpg?l=ko,14000,9800,30.0,8260,4.8,85,10,4,1,0,1,0,0,1,A000000210959,10000010004
2026-08-06,헤어케어,84,로레알,[8월올영픽ㅣ+미니헤어팩 증정] 로레알파리 반사판 헤어팩 글라이콜릭 글로스 200ml,https://www.oliveyoung.co.kr/store/goods/getGoodsDetail.do?goodsNo=A000000249964,https://image.oliveyoung.co.kr/cfimages/cf-goods/uploads/images/thumbnails/400/10/0000/0024/A00000024996419ko.jpg?l=ko,20000,15900,20.5,717,4.7,84,10,4,1,2,1,1,0,1,A000000249964,10000010004
2026-08-06,헤어케어,85,케라스타즈,[플로럴부케향] 케라스타즈 글레이즈 퍼퓸 헤어 오일 45ml 기획/단품,https://www.oliveyoung.co.kr/store/goods/getGoodsDetail.do?goodsNo=A000000234146,https://image.oliveyoung.co.kr/cfimages/cf-goods/uploads/images/thumbnails/400/10/0000/0023/A00000023414645ko.png?l=ko,65000,52650,19.0,200,4.7,85,7,5,1,4,1,0,0,1,A000000234146,10000010004
2026-08-06,헤어케어,86,이브로쉐,[기획] 이브로쉐 헤어식초 400mlX2입 기획 2종 택 1 (알개 / 라즈베리),https://www.oliveyoung.co.kr/store/goods/getGoodsDetail.do?goodsNo=A000000206019,https://image.oliveyoung.co.kr/cfimages/cf-goods/uploads/images/thumbnails/400/10/0000/0020/A00000020601925ko.jpg?l=ko,39800,29900,24.9,16243,4.8,86,11,2,0,0,1,0,0,1,A000000206019,10000010004
2026-08-06,헤어케어,87,모레모,[챠미키티 에디션][손상케어] 모레모 워터 트리트먼트 미라클10 475ml 기획 2종,https://www.oliveyoung.co.kr/store/goods/getGoodsDetail.do?goodsNo=A000000223265,https://image.oliveyoung.co.kr/cfimages/cf-goods/uploads/images/thumbnails/400/10/0000/0022/A00000022326529ko.jpg?l=ko,49000,24900,49.2,2116,4.8,84,9,5,1,1,1,0,0,1,A000000223265,10000010004
2026-08-06,헤어케어,88,프롬랩스,[8월올영픽/한정기획] 프롬랩스 단백질 흡착 샴푸 500ml (1회만에 손상모 개선),https://www.oliveyoung.co.kr/store/goods/getGoodsDetail.do?goodsNo=A000000239680,https://image.oliveyoung.co.kr/cfimages/cf-goods/uploads/images/thumbnails/400/10/0000/0023/A00000023968019ko.png?l=ko,25000,18900,24.4,546,4.9,94,4,1,0,0,1,0,0,1,A000000239680,10000010004
2026-08-06,헤어케어,89,미쟝센,[고데기필수템] 미쟝센 살롱10 펩타이드리페어 헤어밀크 에센스 150+50ML+브러쉬 증정기획,https://www.oliveyoung.co.kr/store/goods/getGoodsDetail.do?goodsNo=A000000252276,https://image.oliveyoung.co.kr/cfimages/cf-goods/uploads/images/thumbnails/400/10/0000/0025/A00000025227642ko.jpg?l=ko,24000,18900,21.3,2438,4.7,86,7,4,1,2,1,0,0,1,A000000252276,10000010004
2026-08-06,헤어케어,90,어노브,[열보호] 어노브 히팅 가드 노워시 트리트먼트 147ml (극손상모 열케어 헤어팩),https://www.oliveyoung.co.kr/store/goods/getGoodsDetail.do?goodsNo=A000000154190,https://image.oliveyoung.co.kr/cfimages/cf-goods/uploads/images/thumbnails/400/10/0000/0015/A00000015419023ko.png?l=ko,18000,15900,11.7,15754,4.8,84,12,4,1,1,1,0,0,1,A000000154190,10000010004
2026-08-06,헤어케어,91,로레알,[열보호 헤어밀크/산뜻한케어] 로레알파리 오일 헤어 밀크에센스 90ml,https://www.oliveyoung.co.kr/store/goods/getGoodsDetail.do?goodsNo=A000000255774,https://image.oliveyoung.co.kr/cfimages/cf-goods/uploads/images/thumbnails/400/10/0000/0025/A00000025577412ko.jpg?l=ko,20000,15900,20.5,525,4.8,88,9,2,,1,0,1,0,1,A000000255774,10000010004
2026-08-06,헤어케어,92,갸스비,[11년 연속 1위/ 완벽고정] 갸스비 셋&킵 스프레이 263ml (레귤러),https://www.oliveyoung.co.kr/store/goods/getGoodsDetail.do?goodsNo=A000000009020,https://image.oliveyoung.co.kr/cfimages/cf-goods/uploads/images/thumbnails/400/10/0000/0000/A00000000902026ko.jpg?l=ko,9000,7600,15.6,9791,4.8,83,12,3,0,0,1,0,1,1,A000000009020,10000010004
2026-08-06,헤어케어,93,클로란,[8월올영픽/지성두피&쿨링] 클로란 아쿠아민트 샴푸 더블 기획 (400ml 2입기획),https://www.oliveyoung.co.kr/store/goods/getGoodsDetail.do?goodsNo=A000000157797,https://image.oliveyoung.co.kr/cfimages/cf-goods/uploads/images/thumbnails/400/10/0000/0015/A00000015779756ko.jpg?l=ko,39000,25900,33.6,5902,4.6,72,19,7,1,1,1,1,0,1,A000000157797,10000010004
2026-08-06,헤어케어,94,미쟝센,[NO.1 헤어세럼] 미쟝센 퍼펙트 세럼 기획 2종 택 1 (오리지널/스타일링/하이드레이팅),https://www.oliveyoung.co.kr/store/goods/getGoodsDetail.do?goodsNo=A000000164900,https://image.oliveyoung.co.kr/cfimages/cf-goods/uploads/images/thumbnails/400/10/0000/0016/A00000016490089ko.jpg?l=ko,19800,17700,10.6,29969,4.9,89,9,2,0,0,1,0,0,1,A000000164900,10000010004
2026-08-06,헤어케어,95,스킨베네핏,스킨베네핏 3종 퀵 커버 헤어 마스카라 듀오팩 (흑갈색/자연갈색/자연흑색) 중 택 1,https://www.oliveyoung.co.kr/store/goods/getGoodsDetail.do?goodsNo=A000000218471,https://image.oliveyoung.co.kr/cfimages/cf-goods/uploads/images/thumbnails/400/10/0000/0021/A00000021847101ko.jpg?l=ko,18900,18900,0.0,223,4.7,77,21,2,,,0,0,0,1,A000000218471,10000010004
2026-08-06,헤어케어,96,미쟝센,[대용량] 미쟝센 살롱10 펩타이드 리페어 단백질 트리트먼트(극손상 에센스팩) 990ml,https://www.oliveyoung.co.kr/store/goods/getGoodsDetail.do?goodsNo=A000000254191,https://image.oliveyoung.co.kr/cfimages/cf-goods/uploads/images/thumbnails/400/10/0000/0025/A00000025419152ko.jpg?l=ko,22900,18900,17.5,818,4.9,95,4,1,,0,1,0,0,1,A000000254191,10000010004
2026-08-06,헤어케어,97,모레모,[챠미키티 에디션][손상케어] 모레모 미라클 2X 트리트먼트 475ml 기획 2종,https://www.oliveyoung.co.kr/store/goods/getGoodsDetail.do?goodsNo=A000000223264,https://image.oliveyoung.co.kr/cfimages/cf-goods/uploads/images/thumbnails/400/10/0000/0022/A00000022326429ko.jpg?l=ko,39000,24900,36.2,2961,4.8,86,9,3,1,1,1,0,0,1,A000000223264,10000010004
2026-08-06,헤어케어,98,어노브,어노브 딥 데미지 리페어 샴푸 500ml 2종 택1 (단백질 앰플 샴푸),https://www.oliveyoung.co.kr/store/goods/getGoodsDetail.do?goodsNo=A000000180872,https://image.oliveyoung.co.kr/cfimages/cf-goods/uploads/images/thumbnails/400/10/0000/0018/A00000018087229ko.png?l=ko,18000,14900,17.2,7335,4.8,87,9,3,1,1,1,0,0,1,A000000180872,10000010004
2026-08-06,헤어케어,99,아로마티카,[단독기획/탈모증상완화] 아로마티카 로즈마리 스칼프 스케일링 샴푸 400ml (단품/더블기획/리필),https://www.oliveyoung.co.kr/store/goods/getGoodsDetail.do?goodsNo=A000000222695,https://image.oliveyoung.co.kr/cfimages/cf-goods/uploads/images/thumbnails/400/10/0000/0022/A00000022269533ko.jpg?l=ko,26000,17900,31.2,6426,4.8,86,10,3,1,1,1,0,0,1,A000000222695,10000010004
2026-08-06,헤어케어,100,프롬랩스,[8월올영픽/한정기획] 프롬랩스 초고함량 단백질 흡착 부스터 파우더 2g*8ea (100시간 지속),https://www.oliveyoung.co.kr/store/goods/getGoodsDetail.do?goodsNo=A000000233030,https://image.oliveyoung.co.kr/cfimages/cf-goods/uploads/images/thumbnails/400/10/0000/0023/A00000023303021ko.png?l=ko,20000,18900,5.5,384,4.8,85,10,4,1,1,1,0,0,1,A000000233030,10000010004
2026-08-06,바디케어,1,일리윤,일리윤 프레쉬모이스춰 스크럽워시 400ml*2 기획,https://www.oliveyoung.co.kr/store/goods/getGoodsDetail.do?goodsNo=A000000167416,https://image.oliveyoung.co.kr/cfimages/cf-goods/uploads/images/thumbnails/400/10/0000/0016/A00000016741609ko.jpg?l=ko,24900,17900,28.1,11530,4.9,89,8,2,0,0,1,0,0,1,A000000167416,10000010003
2026-08-06,바디케어,2,일리윤,일리윤 세라마이드아토 집중크림 150ml*2,https://www.oliveyoung.co.kr/store/goods/getGoodsDetail.do?goodsNo=A000000217767,https://image.oliveyoung.co.kr/cfimages/cf-goods/uploads/images/thumbnails/400/10/0000/0021/A00000021776712ko.jpg?l=ko,25000,18900,24.4,35805,4.9,92,6,2,0,0,1,0,0,1,A000000217767,10000010003
2026-08-06,바디케어,3,일리윤,[5년연속1위/100시간보습] 일리윤 세라마이드 아토 로션 334ML+100ML(기획/단품),https://www.oliveyoung.co.kr/store/goods/getGoodsDetail.do?goodsNo=A000000157820,https://image.oliveyoung.co.kr/cfimages/cf-goods/uploads/images/thumbnails/400/10/0000/0015/A00000015782025ko.png?l=ko,18900,13900,26.5,24107,4.9,90,8,2,0,0,1,0,0,1,A000000157820,10000010003
2026-08-06,바디케어,4,바이오가,[8월올영픽/대용량] 바이오가 등드름 바디워시 베타인살리실레이트 1000ml 단품/기획(+바디미스트 20ml),https://www.oliveyoung.co.kr/store/goods/getGoodsDetail.do?goodsNo=A000000238525,https://image.oliveyoung.co.kr/cfimages/cf-goods/uploads/images/thumbnails/400/10/0000/0023/A00000023852548ko.png?l=ko,25500,21600,15.3,7608,4.8,85,10,4,1,1,1,1,0,1,A000000238525,10000010003
2026-08-06,바디케어,5,46cm,46cm 체취 땀냄새 솔루션 약산성 데오드란트 바디워시 600ml 4종(쿨링/클린솝/시트러스/허벌) 택1,https://www.oliveyoung.co.kr/store/goods/getGoodsDetail.do?goodsNo=A000000223837,https://image.oliveyoung.co.kr/cfimages/cf-goods/uploads/images/thumbnails/400/10/0000/0022/A00000022383742ko.jpg?l=ko,19900,12900,35.2,1137,4.8,89,8,3,0,0,1,1,1,1,A000000223837,10000010003
2026-08-06,바디케어,6,낫포유,[7년연속1위/트러블진정] 낫포유 트러블 클리어 바디미스트 200ml 기획 (+30ml 미니어처 증정),https://www.oliveyoung.co.kr/store/goods/getGoodsDetail.do?goodsNo=A000000209146,https://image.oliveyoung.co.kr/cfimages/cf-goods/uploads/images/thumbnails/400/10/0000/0020/A00000020914639ko.jpg?l=ko,21900,19900,9.1,14368,4.8,84,11,4,1,1,1,0,0,1,A000000209146,10000010003
2026-08-06,바디케어,7,일리윤,[8월 올영픽/NEW]일리윤 세라마이드 아토 선로션 330ml,https://www.oliveyoung.co.kr/store/goods/getGoodsDetail.do?goodsNo=A000000258254,https://image.oliveyoung.co.kr/cfimages/cf-goods/uploads/images/thumbnails/400/10/0000/0025/A00000025825408ko.jpg?l=ko,30000,22500,25.0,533,4.8,89,6,2,1,1,1,1,0,1,A000000258254,10000010003
2026-08-06,바디케어,8,트리헛,[9년연속 1위/45g 추가 증정] 트리헛 시어 슈가 스크럽 510g 블리스터 증정기획/단품,https://www.oliveyoung.co.kr/store/goods/getGoodsDetail.do?goodsNo=A000000148549,https://image.oliveyoung.co.kr/cfimages/cf-goods/uploads/images/thumbnails/400/10/0000/0014/A000000148549293ko.jpg?l=ko,22500,18000,20.0,61642,4.8,87,10,2,0,0,1,0,0,1,A000000148549,10000010003
2026-08-06,바디케어,9,쉬크,쉬크 인튜이션 버라이어티 곰돌찡/토끼찡 에디션 제모기 2종 택1(기+날4입),https://www.oliveyoung.co.kr/store/goods/getGoodsDetail.do?goodsNo=A000000223801,https://image.oliveyoung.co.kr/cfimages/cf-goods/uploads/images/thumbnails/400/10/0000/0022/A00000022380128ko.jpg?l=ko,24900,16900,32.1,23617,4.8,86,10,3,1,0,1,1,0,1,A000000223801,10000010003
2026-08-06,바디케어,10,도브,도브 바디 스크럽 298g 4종 택 1,https://www.oliveyoung.co.kr/store/goods/getGoodsDetail.do?goodsNo=A000000186792,https://image.oliveyoung.co.kr/cfimages/cf-goods/uploads/images/thumbnails/400/10/0000/0018/A00000018679243ko.jpg?l=ko,17900,17900,0.0,29627,4.8,88,9,2,0,0,0,0,0,1,A000000186792,10000010003
2026-08-06,바디케어,11,ms.44,[1+1 데오 티슈] MS44 슈퍼 쿨링 파우더 시트 15매 3종 택1,https://www.oliveyoung.co.kr/store/goods/getGoodsDetail.do?goodsNo=A000000127688,https://image.oliveyoung.co.kr/cfimages/cf-goods/uploads/images/thumbnails/400/10/0000/0012/A00000012768810ko.jpg?l=ko,4900,4900,0.0,34370,4.7,79,14,5,1,1,0,0,0,1,A000000127688,10000010003
2026-08-06,바디케어,12,비욘드,[화해1등] 비욘드 바디타민 로션(착색미백/탄력/보습) 3종 기획 택1,https://www.oliveyoung.co.kr/store/goods/getGoodsDetail.do?goodsNo=A000000218508,https://image.oliveyoung.co.kr/cfimages/cf-goods/uploads/images/thumbnails/400/10/0000/0021/A000000218508158ko.jpg?l=ko,26000,19800,23.8,11987,4.8,83,11,4,1,0,1,0,0,1,A000000218508,10000010003
2026-08-06,바디케어,13,히든,[5초뿌리는바디로션] 히든 퍼퓸 스프레이 바디로션 기획/단품 10종,https://www.oliveyoung.co.kr/store/goods/getGoodsDetail.do?goodsNo=A000000182127,https://image.oliveyoung.co.kr/cfimages/cf-goods/uploads/images/thumbnails/400/10/0000/0018/A00000018212732ko.jpg?l=ko,32900,29600,10.0,2578,4.7,82,11,5,1,1,1,0,0,1,A000000182127,10000010003
2026-08-06,바디케어,14,닥터브로너스,[대용량 바디워시/여드름.등드름]닥터 브로너스 퓨어 캐스틸 솝 950ml 12종 택 1 (기획/단품),https://www.oliveyoung.co.kr/store/goods/getGoodsDetail.do?goodsNo=A000000154091,https://image.oliveyoung.co.kr/cfimages/cf-goods/uploads/images/thumbnails/400/10/0000/0015/A00000015409175ko.jpg?l=ko,37000,28800,22.2,22904,4.8,85,11,3,1,1,1,0,0,1,A000000154091,10000010003
2026-08-06,바디케어,15,닥터브로너스,[8월 올영픽/쿨링.유분.체취 바디워시] 닥터브로너스 퓨어 캐스틸 솝 475ml (단품/기획),https://www.oliveyoung.co.kr/store/goods/getGoodsDetail.do?goodsNo=A000000000207,https://image.oliveyoung.co.kr/cfimages/cf-goods/uploads/images/thumbnails/400/10/0000/0000/A00000000020748ko.jpg?l=ko,44500,28600,35.7,8222,4.8,82,14,3,0,1,1,0,0,1,A000000000207,10000010003
2026-08-06,바디케어,16,토르홉,[8월올영픽/셀룰라이트케어] 토르홉 사우난지앙 라인핏 바디 스크럽 200g,https://www.oliveyoung.co.kr/store/goods/getGoodsDetail.do?goodsNo=A000000260069,https://image.oliveyoung.co.kr/cfimages/cf-goods/uploads/images/thumbnails/400/10/0000/0026/A00000026006913ko.png?l=ko,24500,18800,23.3,227,4.9,93,5,1,,1,1,1,0,1,A000000260069,10000010003
2026-08-06,바디케어,17,비클리닉스,비클리닉스 등드름 트러블 클리어 브라이트닝 바디워시 500ml 2종 택1 챠미키티 기획(+30ml 로션) / 일반,https://www.oliveyoung.co.kr/store/goods/getGoodsDetail.do?goodsNo=A000000223417,https://image.oliveyoung.co.kr/cfimages/cf-goods/uploads/images/thumbnails/400/10/0000/0022/A00000022341724ko.jpg?l=ko,20900,15900,23.9,1161,4.8,86,10,4,1,0,1,1,0,1,A000000223417,10000010003
2026-08-06,바디케어,18,비오레,[여름필수템] 비오레 쿨링 바디 미스트 120ml (무향/ 비누향),https://www.oliveyoung.co.kr/store/goods/getGoodsDetail.do?goodsNo=A000000249440,https://image.oliveyoung.co.kr/cfimages/cf-goods/uploads/images/thumbnails/400/10/0000/0024/A00000024944013ko.jpg?l=ko,14900,13410,10.0,1434,4.6,78,12,7,2,2,1,0,0,1,A000000249440,10000010003
2026-08-06,바디케어,19,비오레,[8월올영픽/여름필수템] 비오레 쿨링 바디 시트 20매 3종(무향/리프레쉬 플로럴향/피치 사봉향),https://www.oliveyoung.co.kr/store/goods/getGoodsDetail.do?goodsNo=A000000249437,https://image.oliveyoung.co.kr/cfimages/cf-goods/uploads/images/thumbnails/400/10/0000/0024/A00000024943715ko.jpg?l=ko,6900,5900,14.5,2016,4.8,84,10,4,1,0,1,1,0,1,A000000249437,10000010003
2026-08-06,바디케어,20,아리얼,[8월 올영픽 / -15도 폭탄쿨링] 아리얼 스무스 앤 퓨어 아이스 쿨링 데오 스프레이 150ml 2종 택1,https://www.oliveyoung.co.kr/store/goods/getGoodsDetail.do?goodsNo=A000000250663,https://image.oliveyoung.co.kr/cfimages/cf-goods/uploads/images/thumbnails/400/10/0000/0025/A00000025066314ko.jpg?l=ko,15900,7900,50.3,871,4.5,75,12,9,2,2,1,1,0,1,A000000250663,10000010003
2026-08-06,바디케어,21,쉬크,쉬크 인튜이션 면도날 3입 4종 택1 (레몬베리/알로에/코코아버터/혼합),https://www.oliveyoung.co.kr/store/goods/getGoodsDetail.do?goodsNo=A000000164107,https://image.oliveyoung.co.kr/cfimages/cf-goods/uploads/images/thumbnails/400/10/0000/0016/A00000016410709ko.jpg?l=ko,14900,11900,20.1,32801,4.9,88,10,2,0,0,1,0,0,1,A000000164107,10000010003
2026-08-06,바디케어,22,포맨트,[8월 올영픽/박지훈 PICK] 포맨트 아크네 퍼퓸샤워 500ml (코튼허그/코튼베이비) 2종 중 택1,https://www.oliveyoung.co.kr/store/goods/getGoodsDetail.do?goodsNo=A000000261349,https://image.oliveyoung.co.kr/cfimages/cf-goods/uploads/images/thumbnails/400/10/0000/0026/A00000026134913ko.png?l=ko,19000,17900,5.8,697,4.9,94,4,1,0,0,1,1,1,1,A000000261349,10000010003
2026-08-06,바디케어,23,일리윤,[NEW] 일리윤 세라마이드 아토 선로션 180ml,https://www.oliveyoung.co.kr/store/goods/getGoodsDetail.do?goodsNo=A000000254495,https://image.oliveyoung.co.kr/cfimages/cf-goods/uploads/images/thumbnails/400/10/0000/0025/A00000025449509ko.jpg?l=ko,18000,13500,25.0,740,4.8,85,11,2,0,2,1,1,0,1,A000000254495,10000010003
2026-08-06,바디케어,24,일리윤,[약산성/대용량] 일리윤 세라마이드 아토 6.0 탑투토워시 1000ML,https://www.oliveyoung.co.kr/store/goods/getGoodsDetail.do?goodsNo=A000000163850,https://image.oliveyoung.co.kr/cfimages/cf-goods/uploads/images/thumbnails/400/10/0000/0016/A00000016385011ko.jpg?l=ko,23900,16900,29.3,11985,4.8,86,11,3,0,0,1,0,0,1,A000000163850,10000010003
2026-08-06,바디케어,25,일리윤,[8월올영픽/NEW] 일리윤 이지워시 올 오버 선 클렌저(기획/단품),https://www.oliveyoung.co.kr/store/goods/getGoodsDetail.do?goodsNo=A000000254496,https://image.oliveyoung.co.kr/cfimages/cf-goods/uploads/images/thumbnails/400/10/0000/0025/A00000025449613ko.jpg?l=ko,23900,17900,25.1,510,4.6,79,13,4,2,3,1,0,0,1,A000000254496,10000010003
2026-08-06,바디케어,26,바세린,[8월 올영픽][NEW] 바세린 글루타히야 세럼 바디로션 (듀이/플로리스/프로에이지) 300ml 3종 택1,https://www.oliveyoung.co.kr/store/goods/getGoodsDetail.do?goodsNo=A000000259209,https://image.oliveyoung.co.kr/cfimages/cf-goods/uploads/images/thumbnails/400/10/0000/0025/A00000025920903ko.jpg?l=ko,13900,10200,26.6,2171,5.0,97,3,0,,,1,1,0,1,A000000259209,10000010003
2026-08-06,바디케어,27,비욘드,[1+1 /1등 핸드크림] 비욘드 클래식 핸드크림 30ml 7종,https://www.oliveyoung.co.kr/store/goods/getGoodsDetail.do?goodsNo=A000000142761,https://image.oliveyoung.co.kr/cfimages/cf-goods/uploads/images/thumbnails/400/10/0000/0014/A00000014276163ko.jpg?l=ko,5500,5500,0.0,37067,4.8,88,9,2,0,0,0,0,0,1,A000000142761,10000010003
2026-08-06,바디케어,28,오프온,[트러블 7일개선] 오프온 등드름 바디워시(쿨링 진정케어),https://www.oliveyoung.co.kr/store/goods/getGoodsDetail.do?goodsNo=A000000211096,https://image.oliveyoung.co.kr/cfimages/cf-goods/uploads/images/thumbnails/400/10/0000/0021/A000000211096221ko.png?l=ko,20800,19300,7.2,14081,4.9,90,7,2,0,1,1,0,0,1,A000000211096,10000010003
2026-08-06,바디케어,29,우르오스,[맨즈케어 바디워시 1위] 우르오스 스킨워시 500ml 2입 기획,https://www.oliveyoung.co.kr/store/goods/getGoodsDetail.do?goodsNo=A000000232997,https://image.oliveyoung.co.kr/cfimages/cf-goods/uploads/images/thumbnails/400/10/0000/0023/A00000023299709ko.png?l=ko,38200,31000,18.8,5493,4.9,92,6,1,0,0,1,0,0,1,A000000232997,10000010003
2026-08-06,바디케어,30,아토팜,[아이돌 대란템]아토팜 판테놀 크림 80ml 단품/기획 택1,https://www.oliveyoung.co.kr/store/goods/getGoodsDetail.do?goodsNo=A000000161996,https://image.oliveyoung.co.kr/cfimages/cf-goods/uploads/images/thumbnails/400/10/0000/0016/A00000016199629ko.jpg?l=ko,38000,28500,25.0,1447,4.8,85,10,3,1,0,1,0,0,1,A000000161996,10000010003
2026-08-06,바디케어,31,넛세린,[8월 올영픽/심으뜸PICK]넛세린 아로마 넛 액티핏 쿨링 괄사 세럼 60ml 단품/기획(+하이산 사코슈 증정),https://www.oliveyoung.co.kr/store/goods/getGoodsDetail.do?goodsNo=A000000252045,https://image.oliveyoung.co.kr/cfimages/cf-goods/uploads/images/thumbnails/400/10/0000/0025/A00000025204512ko.jpg?l=ko,35000,27900,20.3,551,4.8,89,7,2,1,1,1,1,1,1,A000000252045,10000010003
2026-08-06,바디케어,32,해피바스,[NEW금목서 단독향출시]해피바스 오리지널 컬렉션 대용량 약산성 바디워시 910G 9종,https://www.oliveyoung.co.kr/store/goods/getGoodsDetail.do?goodsNo=A000000166090,https://image.oliveyoung.co.kr/cfimages/cf-goods/uploads/images/thumbnails/400/10/0000/0016/A00000016609026ko.jpg?l=ko,9900,8900,10.1,5870,4.8,85,11,3,0,0,1,0,0,1,A000000166090,10000010003
2026-08-06,바디케어,33,보로탈코,보로탈코 벨벳팅 크림 4종 택 1,https://www.oliveyoung.co.kr/store/goods/getGoodsDetail.do?goodsNo=A000000176600,https://image.oliveyoung.co.kr/cfimages/cf-goods/uploads/images/thumbnails/400/10/0000/0017/A00000017660024ko.jpg?l=ko,8000,8000,0.0,21060,4.8,87,10,3,0,0,0,0,0,1,A000000176600,10000010003
2026-08-06,바디케어,34,온더바디,[NEW 2세대] 온더바디 발을씻자 코튼 풋샴푸 대용량 510ml 4종 택1(복숭아/레몬/쿨링/자몽),https://www.oliveyoung.co.kr/store/goods/getGoodsDetail.do?goodsNo=A000000165990,https://image.oliveyoung.co.kr/cfimages/cf-goods/uploads/images/thumbnails/400/10/0000/0016/A00000016599022ko.jpg?l=ko,7400,6400,13.5,33529,4.9,93,5,1,0,0,1,0,0,1,A000000165990,10000010003
2026-08-06,바디케어,35,우르오스,[맨즈케어 바디워시 1위]우르오스 스킨워시 500ml,https://www.oliveyoung.co.kr/store/goods/getGoodsDetail.do?goodsNo=A000000205802,https://image.oliveyoung.co.kr/cfimages/cf-goods/uploads/images/thumbnails/400/10/0000/0020/A00000020580251ko.jpg?l=ko,19700,15300,22.3,10437,4.9,90,8,1,0,0,1,1,0,1,A000000205802,10000010003
2026-08-06,바디케어,36,나인위시스,[지원PICK] 나인위시스 화이트 톤업 바디 세럼 80ml (기획/단품),https://www.oliveyoung.co.kr/store/goods/getGoodsDetail.do?goodsNo=A000000203983,https://image.oliveyoung.co.kr/cfimages/cf-goods/uploads/images/thumbnails/400/10/0000/0020/A00000020398347ko.jpg?l=ko,18000,14400,20.0,7175,4.7,80,13,5,1,1,1,0,0,1,A000000203983,10000010003
2026-08-06,바디케어,37,니베아,[15년연속1위] 니베아 데오드란트 롤온 7종,https://www.oliveyoung.co.kr/store/goods/getGoodsDetail.do?goodsNo=A000000007011,https://image.oliveyoung.co.kr/cfimages/cf-goods/uploads/images/thumbnails/400/10/0000/0000/A00000000701145ko.jpg?l=ko,9400,7500,20.2,17634,4.8,82,13,4,1,0,1,0,0,1,A000000007011,10000010003
2026-08-06,바디케어,38,크리스탈,[8월 올영픽]크리스탈 데오드란트 롤온 66ml,https://www.oliveyoung.co.kr/store/goods/getGoodsDetail.do?goodsNo=A000000014782,https://image.oliveyoung.co.kr/cfimages/cf-goods/uploads/images/thumbnails/400/10/0000/0001/A00000001478218ko.jpg?l=ko,13500,11550,14.4,13645,4.8,84,11,4,1,0,1,1,0,1,A000000014782,10000010003
2026-08-06,바디케어,39,니베아,[15년연속1위] 니베아 데오드란트 스프레이 7종,https://www.oliveyoung.co.kr/store/goods/getGoodsDetail.do?goodsNo=A000000004355,https://image.oliveyoung.co.kr/cfimages/cf-goods/uploads/images/thumbnails/400/10/0000/0000/A00000000435549ko.jpg?l=ko,14900,11900,20.1,8536,4.8,83,12,4,1,0,1,0,0,1,A000000004355,10000010003
2026-08-06,바디케어,40,파티온,[1위등드름워시] 파티온 노스카나인 트러블 바디워시 490ml 기획,https://www.oliveyoung.co.kr/store/goods/getGoodsDetail.do?goodsNo=A000000202795,https://image.oliveyoung.co.kr/cfimages/cf-goods/uploads/images/thumbnails/400/10/0000/0020/A00000020279517ko.jpg?l=ko,25000,16630,33.5,9892,4.9,90,7,2,0,0,1,1,1,1,A000000202795,10000010003
2026-08-06,바디케어,41,에이오유,[NEW] 에이오유 톤업 뽀용 크림 01 화이트,https://www.oliveyoung.co.kr/store/goods/getGoodsDetail.do?goodsNo=A000000256729,https://image.oliveyoung.co.kr/cfimages/cf-goods/uploads/images/thumbnails/400/10/0000/0025/A00000025672905ko.jpg?l=ko,19000,19000,0.0,240,4.8,84,12,4,0,0,0,0,0,1,A000000256729,10000010003
2026-08-06,바디케어,42,아리얼,[8월 올영픽 / 1+1] 아리얼 스무스앤퓨어 쿨링 데오 티슈 20매 2종 택1 (코튼/프레쉬),https://www.oliveyoung.co.kr/store/goods/getGoodsDetail.do?goodsNo=A000000224998,https://image.oliveyoung.co.kr/cfimages/cf-goods/uploads/images/thumbnails/400/10/0000/0022/A00000022499845ko.jpg?l=ko,4900,4700,4.1,2139,4.8,84,11,4,1,1,0,1,0,1,A000000224998,10000010003
2026-08-06,바디케어,43,더마비,[대용량] 더마비 데일리 바디워시 1000ml 3종 택1(피치/머스크/만다린),https://www.oliveyoung.co.kr/store/goods/getGoodsDetail.do?goodsNo=A000000147218,https://image.oliveyoung.co.kr/cfimages/cf-goods/uploads/images/thumbnails/400/10/0000/0014/A00000014721852ko.jpg?l=ko,19000,13500,28.9,18045,4.8,88,9,2,0,0,1,0,0,1,A000000147218,10000010003
2026-08-06,바디케어,44,일리윤,일리윤 시카 트러블 미스트 200ml+30ml,https://www.oliveyoung.co.kr/store/goods/getGoodsDetail.do?goodsNo=A000000206682,https://image.oliveyoung.co.kr/cfimages/cf-goods/uploads/images/thumbnails/400/10/0000/0020/A00000020668241ko.jpg?l=ko,24000,18000,25.0,9458,4.7,82,12,4,1,1,1,0,0,1,A000000206682,10000010003
2026-08-06,바디케어,45,레이비,[폭닥 살냄새 잔향] 레이비 퍼퓸 바디워시 500ml 5종 택1,https://www.oliveyoung.co.kr/store/goods/getGoodsDetail.do?goodsNo=A000000138140,https://image.oliveyoung.co.kr/cfimages/cf-goods/uploads/images/thumbnails/400/10/0000/0013/A00000013814038ko.jpg?l=ko,11900,9900,16.8,21395,4.8,87,9,3,0,0,1,0,0,1,A000000138140,10000010003
2026-08-06,바디케어,46,토르홉,[8월올영픽/온&냉사우나] 토르홉 바디 스크럽 200g 2종 택1 [사우난지앙 라인핏/라이카 민트쿨링],https://www.oliveyoung.co.kr/store/goods/getGoodsDetail.do?goodsNo=A000000260071,https://image.oliveyoung.co.kr/cfimages/cf-goods/uploads/images/thumbnails/400/10/0000/0026/A00000026007108ko.png?l=ko,24500,18800,23.3,497,4.9,92,7,1,0,0,1,1,0,1,A000000260071,10000010003
2026-08-06,바디케어,47,바이오더마,바이오더마 아토덤 울트라 크림 200ml 더블 기획,https://www.oliveyoung.co.kr/store/goods/getGoodsDetail.do?goodsNo=A000000205389,https://image.oliveyoung.co.kr/cfimages/cf-goods/uploads/images/thumbnails/400/10/0000/0020/A00000020538912ko.jpg?l=ko,41300,28440,31.1,13411,4.9,89,8,2,0,0,1,0,1,1,A000000205389,10000010003
2026-08-06,바디케어,48,레이비,[끈적임 없는 100시간 보습] 레이비 퍼퓸 바디로션 4종 택1 (산양유/라벤더/로얄젤리/런던로즈),https://www.oliveyoung.co.kr/store/goods/getGoodsDetail.do?goodsNo=A000000160158,https://image.oliveyoung.co.kr/cfimages/cf-goods/uploads/images/thumbnails/400/10/0000/0016/A00000016015830ko.jpg?l=ko,15400,12400,19.5,28025,4.8,87,10,3,0,0,1,0,0,1,A000000160158,10000010003
2026-08-06,바디케어,49,질레트 비너스,[NEW] 비너스 스월 여성 면도기+날 세트 (핸들1+날2+면도기 캡),https://www.oliveyoung.co.kr/store/goods/getGoodsDetail.do?goodsNo=A000000255780,https://image.oliveyoung.co.kr/cfimages/cf-goods/uploads/images/thumbnails/400/10/0000/0025/A00000025578005ko.jpg?l=ko,23900,23900,0.0,175,4.8,83,14,2,1,,0,0,0,1,A000000255780,10000010003
2026-08-06,바디케어,50,바이오가,[대용량] 바이오가 모이스춰 바디워시 앤 헤어 스쿠알란 1000ml,https://www.oliveyoung.co.kr/store/goods/getGoodsDetail.do?goodsNo=A000000190626,https://image.oliveyoung.co.kr/cfimages/cf-goods/uploads/images/thumbnails/400/10/0000/0019/A00000019062641ko.png?l=ko,21500,19350,10.0,5491,4.9,93,5,2,0,0,1,0,0,1,A000000190626,10000010003
2026-08-06,바디케어,51,보로탈코,보로탈코 누오바 데오 오리지널 4종 택 1 (스틱/롤온/스프레이 2종),https://www.oliveyoung.co.kr/store/goods/getGoodsDetail.do?goodsNo=A000000255703,https://image.oliveyoung.co.kr/cfimages/cf-goods/uploads/images/thumbnails/400/10/0000/0025/A00000025570308ko.jpg?l=ko,8500,6500,23.5,1090,4.7,82,11,5,1,1,1,0,0,1,A000000255703,10000010003
2026-08-06,바디케어,52,존슨즈,존슨즈 뷰티 로션 500ml 원하는 향 PICK (청순형광등/물먹복숭아/속광로즈),https://www.oliveyoung.co.kr/store/goods/getGoodsDetail.do?goodsNo=A000000237485,https://image.oliveyoung.co.kr/cfimages/cf-goods/uploads/images/thumbnails/400/10/0000/0023/A00000023748555ko.jpeg?l=ko,22900,14900,34.9,5392,4.7,83,12,4,1,1,1,1,0,1,A000000237485,10000010003
2026-08-06,바디케어,53,보로탈코,[NEW] 보로탈코 벨베티 샤워크림 오리지널 500ml,https://www.oliveyoung.co.kr/store/goods/getGoodsDetail.do?goodsNo=A000000258986,https://image.oliveyoung.co.kr/cfimages/cf-goods/uploads/images/thumbnails/400/10/0000/0025/A00000025898606ko.jpg?l=ko,34000,19900,41.5,47,4.9,91,4,4,,,1,0,0,1,A000000258986,10000010003
2026-08-06,바디케어,54,토르홉,[8월올영픽/쿨링/냄새케어] 토르홉 라이카 민트 쿨링 바디 스크럽 200g,https://www.oliveyoung.co.kr/store/goods/getGoodsDetail.do?goodsNo=A000000260068,https://image.oliveyoung.co.kr/cfimages/cf-goods/uploads/images/thumbnails/400/10/0000/0026/A00000026006808ko.png?l=ko,24500,18800,23.3,145,5.0,97,3,,,,1,1,0,1,A000000260068,10000010003
2026-08-06,바디케어,55,더마비,[단독/대용량] 더마비 데일리 모이스처 바디로션 860ml,https://www.oliveyoung.co.kr/store/goods/getGoodsDetail.do?goodsNo=A000000180414,https://image.oliveyoung.co.kr/cfimages/cf-goods/uploads/images/thumbnails/400/10/0000/0018/A00000018041416ko.jpg?l=ko,23000,18500,19.6,9380,4.9,91,8,1,0,0,1,0,0,1,A000000180414,10000010003
2026-08-06,바디케어,56,플루,[8월올영픽/휘핑제형] 플루 퍼퓸드 휩 크림 바디스크럽 미드나잇 가든 300ml (+프래그런스 태그증정),https://www.oliveyoung.co.kr/store/goods/getGoodsDetail.do?goodsNo=A000000261424,https://image.oliveyoung.co.kr/cfimages/cf-goods/uploads/images/thumbnails/400/10/0000/0026/A00000026142403ko.jpg?l=ko,14900,10400,30.2,17,4.9,94,6,,,,1,1,1,1,A000000261424,10000010003
2026-08-06,바디케어,57,넛세린,[8월 올영픽/심으뜸PICK]넛세린 아로마 넛 괄사 세럼 단품/기획 4종 택1,https://www.oliveyoung.co.kr/store/goods/getGoodsDetail.do?goodsNo=A000000257599,https://image.oliveyoung.co.kr/cfimages/cf-goods/uploads/images/thumbnails/400/10/0000/0025/A00000025759916ko.jpg?l=ko,35000,27900,20.3,2636,4.7,83,10,4,1,1,1,1,1,1,A000000257599,10000010003
2026-08-06,바디케어,58,크리스탈,크리스탈 데오드란트 트래블스틱 40g,https://www.oliveyoung.co.kr/store/goods/getGoodsDetail.do?goodsNo=A000000014780,https://image.oliveyoung.co.kr/cfimages/cf-goods/uploads/images/thumbnails/400/10/0000/0001/A00000001478016ko.jpg?l=ko,11500,11500,0.0,12240,4.8,83,12,4,1,1,0,0,0,1,A000000014780,10000010003
2026-08-06,바디케어,59,일리윤,일리윤 세라마이드 아토 로션 (600ml/600ml기획),https://www.oliveyoung.co.kr/store/goods/getGoodsDetail.do?goodsNo=A000000217765,https://image.oliveyoung.co.kr/cfimages/cf-goods/uploads/images/thumbnails/400/10/0000/0021/A00000021776522ko.jpg?l=ko,31900,31900,0.0,55064,4.9,91,7,1,0,0,0,0,0,1,A000000217765,10000010003
2026-08-06,바디케어,60,일리윤,일리윤 세라마이드 아토 6.0 탑투토워시 500ML,https://www.oliveyoung.co.kr/store/goods/getGoodsDetail.do?goodsNo=A000000213542,https://image.oliveyoung.co.kr/cfimages/cf-goods/uploads/images/thumbnails/400/10/0000/0021/A00000021354203ko.jpg?l=ko,13900,9900,28.8,21670,4.8,86,11,3,0,0,1,0,0,1,A000000213542,10000010003
2026-08-06,바디케어,61,런드리유,"[1,000만장판매] 런드리유 소프트 바디 레드 글러브 5매/1매(각질/미백)",https://www.oliveyoung.co.kr/store/goods/getGoodsDetail.do?goodsNo=A000000245626,https://image.oliveyoung.co.kr/cfimages/cf-goods/uploads/images/thumbnails/400/10/0000/0024/A00000024562612ko.jpg?l=ko,18000,14900,17.2,122,4.9,92,7,1,,1,1,0,0,1,A000000245626,10000010003
2026-08-06,바디케어,62,비욘드,[1등 핸드크림/655만개 돌파] 비욘드 클래식 살냄새 핸드크림 100ml 4종,https://www.oliveyoung.co.kr/store/goods/getGoodsDetail.do?goodsNo=A000000142709,https://image.oliveyoung.co.kr/cfimages/cf-goods/uploads/images/thumbnails/400/10/0000/0014/A000000142709108ko.jpg?l=ko,14000,7500,46.4,32373,4.9,89,9,2,0,0,1,0,0,1,A000000142709,10000010003
2026-08-06,바디케어,63,세타필,[스파츌라 증정/고보습] 세타필 모이스춰라이징 크림 453g,https://www.oliveyoung.co.kr/store/goods/getGoodsDetail.do?goodsNo=A000000002972,https://image.oliveyoung.co.kr/cfimages/cf-goods/uploads/images/thumbnails/400/10/0000/0000/A00000000297260ko.jpg?l=ko,28300,16900,40.3,6890,4.9,90,8,2,0,0,1,0,1,1,A000000002972,10000010003
2026-08-06,바디케어,64,바디네이처,[에프터케어/증정] 바디네이처 왁스스트립 16매 기획/단품 2종 택 1,https://www.oliveyoung.co.kr/store/goods/getGoodsDetail.do?goodsNo=A000000256094,https://image.oliveyoung.co.kr/cfimages/cf-goods/uploads/images/thumbnails/400/10/0000/0025/A00000025609412ko.jpg?l=ko,12000,12000,0.0,11503,4.5,69,17,9,2,3,0,0,0,1,A000000256094,10000010003
2026-08-06,바디케어,65,지오마,[성분케어/이탈리아1등] 지오마 사해소금 바디스크럽 600g 6종,https://www.oliveyoung.co.kr/store/goods/getGoodsDetail.do?goodsNo=A000000161345,https://image.oliveyoung.co.kr/cfimages/cf-goods/uploads/images/thumbnails/400/10/0000/0016/A00000016134539ko.jpg?l=ko,27000,17900,33.7,5031,4.8,81,14,3,1,0,1,0,0,1,A000000161345,10000010003
2026-08-06,바디케어,66,46cm,[OY단독 대용량] 46cm 체취 솔루션 데오드란트 바디워시 720ml 2종(클린솝/시트러스) 택1,https://www.oliveyoung.co.kr/store/goods/getGoodsDetail.do?goodsNo=A000000251417,https://image.oliveyoung.co.kr/cfimages/cf-goods/uploads/images/thumbnails/400/10/0000/0025/A00000025141748ko.jpg?l=ko,15900,14400,9.4,3241,4.9,90,7,2,0,0,1,1,1,1,A000000251417,10000010003
2026-08-06,바디케어,67,바렌,바렌 발각질지우개 홈세트 (미스트 120ml +풋파일),https://www.oliveyoung.co.kr/store/goods/getGoodsDetail.do?goodsNo=A000000231789,https://image.oliveyoung.co.kr/cfimages/cf-goods/uploads/images/thumbnails/400/10/0000/0023/A00000023178916ko.png?l=ko,15900,15900,0.0,7064,4.8,85,10,4,1,0,0,0,0,1,A000000231789,10000010003
2026-08-06,바디케어,68,비클리닉스,[24시간 톤업지속] 비클리닉스 b3+ 브라이트닝 세럼 톤 코렉팅 미백톤업 바디로션 300ml 챠미키티기획,https://www.oliveyoung.co.kr/store/goods/getGoodsDetail.do?goodsNo=A000000213548,https://image.oliveyoung.co.kr/cfimages/cf-goods/uploads/images/thumbnails/400/10/0000/0021/A00000021354834ko.jpg?l=ko,27500,22900,16.7,5061,4.7,79,13,6,1,1,1,0,0,1,A000000213548,10000010003
2026-08-06,바디케어,69,네어,[8월올영픽]네어 민감성 바디 제모크림 200ml (단품/기획),https://www.oliveyoung.co.kr/store/goods/getGoodsDetail.do?goodsNo=A000000113192,https://image.oliveyoung.co.kr/cfimages/cf-goods/uploads/images/thumbnails/400/10/0000/0011/A00000011319236ko.png?l=ko,15900,11900,25.2,5916,4.5,68,18,9,2,3,1,1,0,1,A000000113192,10000010003
2026-08-06,바디케어,70,스킨유,스킨유 샤워젤 700G & 500G 기획/단품,https://www.oliveyoung.co.kr/store/goods/getGoodsDetail.do?goodsNo=A000000169834,https://image.oliveyoung.co.kr/cfimages/cf-goods/uploads/images/thumbnails/400/10/0000/0016/A000000169834122ko.jpg?l=ko,19900,14900,25.1,11692,4.8,87,9,2,1,1,1,0,0,1,A000000169834,10000010003
2026-08-06,바디케어,71,매드포코스,[NEW] 매드포코스 밀키 모이스쳐 핸드 마스크 (1매입/5매입),https://www.oliveyoung.co.kr/store/goods/getGoodsDetail.do?goodsNo=A000000237601,https://image.oliveyoung.co.kr/cfimages/cf-goods/uploads/images/thumbnails/400/10/0000/0023/A00000023760101ko.jpg?l=ko,2600,1900,26.9,259,4.7,84,10,4,0,2,1,0,0,1,A000000237601,10000010003
2026-08-06,바디케어,72,파티온,[트러블흔적] 파티온 노스카나인 트러블 바디 미스트 145ml 기획(바디워시5ml*4ea),https://www.oliveyoung.co.kr/store/goods/getGoodsDetail.do?goodsNo=A000000227302,https://image.oliveyoung.co.kr/cfimages/cf-goods/uploads/images/thumbnails/400/10/0000/0022/A00000022730202ko.jpg?l=ko,22000,16720,24.0,2912,4.8,84,11,4,1,1,1,1,1,1,A000000227302,10000010003
2026-08-06,바디케어,73,쉬크,[NEW] 쉬크 인튜이션 컴팩트 휴대용 여성제모기 2입,https://www.oliveyoung.co.kr/store/goods/getGoodsDetail.do?goodsNo=A000000204131,https://image.oliveyoung.co.kr/cfimages/cf-goods/uploads/images/thumbnails/400/10/0000/0020/A00000020413101ko.jpg?l=ko,12900,8900,31.0,1975,4.8,88,8,3,1,0,1,1,0,1,A000000204131,10000010003
2026-08-06,바디케어,74,크리스탈,[8월 올영픽]크리스탈 데오드란트 바디스프레이 118ml,https://www.oliveyoung.co.kr/store/goods/getGoodsDetail.do?goodsNo=A000000014783,https://image.oliveyoung.co.kr/cfimages/cf-goods/uploads/images/thumbnails/400/10/0000/0001/A00000001478314ko.jpg?l=ko,14500,12400,14.5,4487,4.7,81,13,4,1,1,1,1,0,1,A000000014783,10000010003
2026-08-06,바디케어,75,벨먼,벨먼 내추럴 스파 수분광채 스크럽워시 400ml 4종 택1,https://www.oliveyoung.co.kr/store/goods/getGoodsDetail.do?goodsNo=A000000113372,https://image.oliveyoung.co.kr/cfimages/cf-goods/uploads/images/thumbnails/400/10/0000/0011/A00000011337223ko.jpg?l=ko,12900,11900,7.8,10126,4.8,84,12,3,0,0,1,0,0,1,A000000113372,10000010003
2026-08-06,바디케어,76,질레트 비너스,비너스 컴포트 글라이드 화이트티 면도기 본품기획/리필 2종 택1,https://www.oliveyoung.co.kr/store/goods/getGoodsDetail.do?goodsNo=A000000152076,https://image.oliveyoung.co.kr/cfimages/cf-goods/uploads/images/thumbnails/400/10/0000/0015/A00000015207614ko.jpg?l=ko,15900,15900,0.0,9361,4.7,81,14,4,1,0,0,0,0,1,A000000152076,10000010003
2026-08-06,바디케어,77,바이오가,[우유단백질] 바이오가 단백질 보습 로션 500ml,https://www.oliveyoung.co.kr/store/goods/getGoodsDetail.do?goodsNo=A000000219627,https://image.oliveyoung.co.kr/cfimages/cf-goods/uploads/images/thumbnails/400/10/0000/0021/A00000021962737ko.png?l=ko,21500,19350,10.0,3416,4.8,84,11,3,1,0,1,0,0,1,A000000219627,10000010003
2026-08-06,바디케어,78,온더바디,[초특가] 온더바디 발을씻자 코튼 풋샴푸 385ml 레몬/자몽/복숭아/쿨링/비누향 5종 택1,https://www.oliveyoung.co.kr/store/goods/getGoodsDetail.do?goodsNo=A000000117399,https://image.oliveyoung.co.kr/cfimages/cf-goods/uploads/images/thumbnails/400/10/0000/0011/A00000011739920ko.jpg?l=ko,5000,5000,0.0,27320,4.9,90,8,2,0,0,0,0,0,1,A000000117399,10000010003
2026-08-06,바디케어,79,팀스모어,팀스모어 순둥이 꿀곰 제모크림 200ml,https://www.oliveyoung.co.kr/store/goods/getGoodsDetail.do?goodsNo=A000000222872,https://image.oliveyoung.co.kr/cfimages/cf-goods/uploads/images/thumbnails/400/10/0000/0022/A00000022287201ko.jpg?l=ko,15900,9900,37.7,1829,4.5,74,13,7,2,3,1,0,0,1,A000000222872,10000010003
2026-08-06,바디케어,80,바디판타지,바디판타지 퍼퓸 미스트 94ml 10종 택 1,https://www.oliveyoung.co.kr/store/goods/getGoodsDetail.do?goodsNo=A000000158421,https://image.oliveyoung.co.kr/cfimages/cf-goods/uploads/images/thumbnails/400/10/0000/0015/A00000015842124ko.jpg?l=ko,8900,6900,22.5,38312,4.8,84,12,3,1,1,1,0,0,1,A000000158421,10000010003
2026-08-06,바디케어,81,비욘드,[묵은각질OUT] 비욘드 바디타민 나이아신아마이드 B3 2% 브라이트닝 바디 스크럽 워시 500ml,https://www.oliveyoung.co.kr/store/goods/getGoodsDetail.do?goodsNo=A000000252564,https://image.oliveyoung.co.kr/cfimages/cf-goods/uploads/images/thumbnails/400/10/0000/0025/A00000025256410ko.jpg?l=ko,18900,13900,26.5,983,4.9,93,6,1,0,0,1,0,0,1,A000000252564,10000010003
2026-08-06,바디케어,82,레이비,"[대용량] 레이비 대용량 산양유 바디로션, 바디워시 골라담기",https://www.oliveyoung.co.kr/store/goods/getGoodsDetail.do?goodsNo=A000000174135,https://image.oliveyoung.co.kr/cfimages/cf-goods/uploads/images/thumbnails/400/10/0000/0017/A00000017413514ko.jpg?l=ko,22900,17300,24.5,3216,4.8,88,7,2,1,1,1,0,0,1,A000000174135,10000010003
2026-08-06,바디케어,83,타입넘버,[1+1/즉각쿨링] 타입넘버 센티드 퍼퓸 쿨링 시트 15매 3종,https://www.oliveyoung.co.kr/store/goods/getGoodsDetail.do?goodsNo=A000000223504,https://image.oliveyoung.co.kr/cfimages/cf-goods/uploads/images/thumbnails/400/10/0000/0022/A00000022350422ko.jpg?l=ko,4800,4800,0.0,2259,4.7,80,12,6,1,1,0,0,0,1,A000000223504,10000010003
2026-08-06,바디케어,84,세타필,[토이스토리 파우치 증정] 세타필 각질제거 SA 워시 473ml (+투명 파우치),https://www.oliveyoung.co.kr/store/goods/getGoodsDetail.do?goodsNo=A000000226611,https://image.oliveyoung.co.kr/cfimages/cf-goods/uploads/images/thumbnails/400/10/0000/0022/A00000022661140ko.jpg?l=ko,24000,18500,22.9,1246,4.7,79,15,5,1,1,0,1,1,1,A000000226611,10000010003
2026-08-06,바디케어,85,낫포유,[트러블케어] 낫포유 등/가드름 PDRN 바디워시 500m,https://www.oliveyoung.co.kr/store/goods/getGoodsDetail.do?goodsNo=A000000167214,https://image.oliveyoung.co.kr/cfimages/cf-goods/uploads/images/thumbnails/400/10/0000/0016/A00000016721423ko.jpg?l=ko,18900,16900,10.6,4874,4.7,82,12,4,1,1,1,0,0,1,A000000167214,10000010003
2026-08-06,바디케어,86,일리윤,일리윤 시카 아크네 바디워시 625ml,https://www.oliveyoung.co.kr/store/goods/getGoodsDetail.do?goodsNo=A000000206683,https://image.oliveyoung.co.kr/cfimages/cf-goods/uploads/images/thumbnails/400/10/0000/0020/A00000020668337ko.jpg?l=ko,29000,29000,0.0,7394,4.8,87,10,3,0,0,0,0,0,1,A000000206683,10000010003
2026-08-06,바디케어,87,일리윤,일리윤 세라마이드 아토 집중크림 150ML,https://www.oliveyoung.co.kr/store/goods/getGoodsDetail.do?goodsNo=A000000217766,https://image.oliveyoung.co.kr/cfimages/cf-goods/uploads/images/thumbnails/400/10/0000/0021/A00000021776606ko.png?l=ko,13500,9900,26.7,35280,4.9,92,6,2,0,0,1,0,0,1,A000000217766,10000010003
2026-08-06,바디케어,88,씨퓨리,[올영단독/리필기획] 씨퓨리 바디미스트 200ml 리필 기획세트(+100ml 리필팩),https://www.oliveyoung.co.kr/store/goods/getGoodsDetail.do?goodsNo=A000000203985,https://image.oliveyoung.co.kr/cfimages/cf-goods/uploads/images/thumbnails/400/10/0000/0020/A00000020398531ko.jpg?l=ko,28900,28900,0.0,3201,4.8,89,7,3,0,1,0,0,0,1,A000000203985,10000010003
2026-08-06,바디케어,89,지저쓰,지저쓰 슈가링 200g 미니핏 기획 2종 택1,https://www.oliveyoung.co.kr/store/goods/getGoodsDetail.do?goodsNo=A000000226658,https://image.oliveyoung.co.kr/cfimages/cf-goods/uploads/images/thumbnails/400/10/0000/0022/A00000022665811ko.jpg?l=ko,13800,11900,13.8,2381,4.3,65,15,11,3,6,1,0,0,1,A000000226658,10000010003
2026-08-06,바디케어,90,크리스탈,크리스탈 데오드란트 골라담기,https://www.oliveyoung.co.kr/store/goods/getGoodsDetail.do?goodsNo=A000000167278,https://image.oliveyoung.co.kr/cfimages/cf-goods/uploads/images/thumbnails/400/10/0000/0016/A00000016727809ko.jpg?l=ko,13500,11550,14.4,40710,4.8,83,11,4,1,1,1,1,0,1,A000000167278,10000010003
2026-08-06,바디케어,91,비오엠,[NEW] 비오엠 라이트 온 인 샤워 바디 톤업 290ml,https://www.oliveyoung.co.kr/store/goods/getGoodsDetail.do?goodsNo=A000000259414,https://image.oliveyoung.co.kr/cfimages/cf-goods/uploads/images/thumbnails/400/10/0000/0025/A00000025941411ko.jpg?l=ko,24900,24900,0.0,1129,5.0,98,1,0,0,1,0,0,0,1,A000000259414,10000010003
2026-08-06,바디케어,92,존슨즈,존슨즈베이비 베드타임 로션 500ml (아로마향),https://www.oliveyoung.co.kr/store/goods/getGoodsDetail.do?goodsNo=A000000012157,https://image.oliveyoung.co.kr/cfimages/cf-goods/uploads/images/thumbnails/400/10/0000/0001/A00000001215776ko.jpeg?l=ko,20900,12900,38.3,10212,4.8,85,11,3,0,0,0,1,0,1,A000000012157,10000010003
2026-08-06,바디케어,93,뉴트로지나,[장마철 산뜻보습] 뉴트로지나 세서미 바디오일 250ml,https://www.oliveyoung.co.kr/store/goods/getGoodsDetail.do?goodsNo=A000000007675,https://image.oliveyoung.co.kr/cfimages/cf-goods/uploads/images/thumbnails/400/10/0000/0000/A00000000767539ko.jpg?l=ko,19900,13900,30.2,2844,4.7,78,16,5,0,1,1,1,0,1,A000000007675,10000010003
2026-08-06,바디케어,94,세븐피엠,세븐피엠 털업왁싱 제모크림 100ml,https://www.oliveyoung.co.kr/store/goods/getGoodsDetail.do?goodsNo=A000000164918,https://image.oliveyoung.co.kr/cfimages/cf-goods/uploads/images/thumbnails/400/10/0000/0016/A00000016491802ko.jpg?l=ko,14900,10900,26.8,78,4.5,68,18,10,1,3,1,0,0,1,A000000164918,10000010003
2026-08-06,바디케어,95,쉬크,[NEW] 쉬크 인튜이션 비타민C 래디언스/어드밴스 수딩 여성 제모기 2종 택1 (기+날2입),https://www.oliveyoung.co.kr/store/goods/getGoodsDetail.do?goodsNo=A000000251050,https://image.oliveyoung.co.kr/cfimages/cf-goods/uploads/images/thumbnails/400/10/0000/0025/A00000025105016ko.png?l=ko,16900,12900,23.7,789,4.9,90,8,2,0,,1,1,0,1,A000000251050,10000010003
2026-08-06,바디케어,96,쉬크,쉬크 인튜이션 제모기(기+날2입) 2종(레몬베리/알로에) 택 1,https://www.oliveyoung.co.kr/store/goods/getGoodsDetail.do?goodsNo=A000000164106,https://image.oliveyoung.co.kr/cfimages/cf-goods/uploads/images/thumbnails/400/10/0000/0016/A00000016410607ko.jpg?l=ko,15900,12900,18.9,16641,4.7,80,15,4,1,0,1,0,0,1,A000000164106,10000010003
2026-08-06,바디케어,97,니베아,[올영1위/단독기획] 니베아 맨 센서티브 쉐이빙 폼 더블기획 (200ml+200ml),https://www.oliveyoung.co.kr/store/goods/getGoodsDetail.do?goodsNo=A000000200149,https://image.oliveyoung.co.kr/cfimages/cf-goods/uploads/images/thumbnails/400/10/0000/0020/A00000020014911ko.jpg?l=ko,11700,9900,15.4,11924,4.8,87,11,2,0,0,1,0,0,1,A000000200149,10000010003
2026-08-06,바디케어,98,아토팜,아토팜 MLE 로션 200ml 기획(200ml+60ml),https://www.oliveyoung.co.kr/store/goods/getGoodsDetail.do?goodsNo=A000000128878,https://image.oliveyoung.co.kr/cfimages/cf-goods/uploads/images/thumbnails/400/10/0000/0012/A00000012887813ko.jpg?l=ko,32000,22400,30.0,1701,4.8,88,9,2,0,0,1,0,0,1,A000000128878,10000010003
2026-08-06,바디케어,99,눅스,[화잘먹/멀티오일]눅스 윌 프로디쥬스 멀티 플로럴 오일 기획 (50m/100ml),https://www.oliveyoung.co.kr/store/goods/getGoodsDetail.do?goodsNo=A000000230952,https://image.oliveyoung.co.kr/cfimages/cf-goods/uploads/images/thumbnails/400/10/0000/0023/A00000023095206ko.jpg?l=ko,35000,29610,15.4,256,4.9,89,9,1,0,0,1,1,1,1,A000000230952,10000010003
2026-08-06,바디케어,100,타입넘버,[1위핸드크림/끈적임ZERO] 타입넘버 퍼퓸 핸드크림 40ml 6종 (기획/단품),https://www.oliveyoung.co.kr/store/goods/getGoodsDetail.do?goodsNo=A000000165760,https://image.oliveyoung.co.kr/cfimages/cf-goods/uploads/images/thumbnails/400/10/0000/0016/A000000165760128ko.jpg?l=ko,12000,10800,10.0,17895,4.8,87,9,3,1,0,1,0,0,1,A000000165760,10000010003
2026-08-06,건강식품,1,고려은단,고려은단 비타민C1000 600정 (20개월분),https://www.oliveyoung.co.kr/store/goods/getGoodsDetail.do?goodsNo=A000000225938,https://image.oliveyoung.co.kr/cfimages/cf-goods/uploads/images/thumbnails/400/10/0000/0022/A00000022593803ko.jpg?l=ko,42900,42900,0.0,21120,4.9,91,7,2,0,0,0,0,0,1,A000000225938,10000020001
2026-08-06,건강식품,2,리쥬란,[8월 올영픽/파워팩 한정수량] 리쥬란 이너닷 DNA 글로우 젤리 14포 기획 (+2포) 한정기획,https://www.oliveyoung.co.kr/store/goods/getGoodsDetail.do?goodsNo=A000000258641,https://image.oliveyoung.co.kr/cfimages/cf-goods/uploads/images/thumbnails/400/10/0000/0025/A00000025864109ko.jpg?l=ko,37000,19900,46.2,879,4.8,88,8,4,0,0,1,1,1,1,A000000258641,10000020001
2026-08-06,건강식품,3,히말라야,[1+1] 히말라야 숙취해소제 파티스마트 저당 츄 [베리맛] 10P,https://www.oliveyoung.co.kr/store/goods/getGoodsDetail.do?goodsNo=A000000229021,https://image.oliveyoung.co.kr/cfimages/cf-goods/uploads/images/thumbnails/400/10/0000/0022/A00000022902111ko.jpg?l=ko,15000,13500,10.0,12993,4.8,89,8,3,0,0,0,1,0,1,A000000229021,10000020001
2026-08-06,건강식품,4,푸드올로지,[8월 올영픽/파격특가] 콜레올로지 컷팅 젤리 레몬/키위/석류 10+2+2포 기획 외,https://www.oliveyoung.co.kr/store/goods/getGoodsDetail.do?goodsNo=A000000183645,https://image.oliveyoung.co.kr/cfimages/cf-goods/uploads/images/thumbnails/400/10/0000/0018/A00000018364585ko.jpg?l=ko,23900,11900,50.2,15813,4.8,86,10,4,1,1,1,1,0,1,A000000183645,10000020001
2026-08-06,건강식품,5,오쏘몰,[8월 올영픽] 오쏘몰 이뮨 멀티비타민&미네랄 14+1입,https://www.oliveyoung.co.kr/store/goods/getGoodsDetail.do?goodsNo=A000000193086,https://image.oliveyoung.co.kr/cfimages/cf-goods/uploads/images/thumbnails/400/10/0000/0019/A00000019308653ko.jpg?l=ko,75000,51800,30.9,40106,4.9,91,7,2,0,0,1,1,0,1,A000000193086,10000020001
2026-08-06,건강식품,6,멜라메이트,[8월 올영픽/감자숭이 기획] 멜라메이트 구미/로우슈가/버라이어티팩 구미 20/40/50구미,https://www.oliveyoung.co.kr/store/goods/getGoodsDetail.do?goodsNo=A000000223554,https://image.oliveyoung.co.kr/cfimages/cf-goods/uploads/images/thumbnails/400/10/0000/0022/A00000022355463ko.jpg?l=ko,26000,16900,35.0,12637,4.8,88,8,3,1,1,1,0,0,1,A000000223554,10000020001
2026-08-06,건강식품,7,덴프스,[8월 올영픽/덴프스] 덴마크 유산균이야기 우먼 2개월분(질유산균) + 철분 헤모케어 3포 증정,https://www.oliveyoung.co.kr/store/goods/getGoodsDetail.do?goodsNo=A000000202658,https://image.oliveyoung.co.kr/cfimages/cf-goods/uploads/images/thumbnails/400/10/0000/0020/A00000020265832ko.jpg?l=ko,52000,31900,38.7,7389,4.9,90,8,2,0,0,1,1,0,1,A000000202658,10000020001
2026-08-06,건강식품,8,프로뉴트리션,[8월 올영픽] 프로뉴트리션 듀얼플랜 다이어트 유산균 14포,https://www.oliveyoung.co.kr/store/goods/getGoodsDetail.do?goodsNo=A000000205496,https://image.oliveyoung.co.kr/cfimages/cf-goods/uploads/images/thumbnails/400/10/0000/0020/A00000020549616ko.jpg?l=ko,39800,32900,17.3,285,4.5,73,9,13,2,2,1,1,0,1,A000000205496,10000020001
2026-08-06,건강식품,9,바이탈뷰티,[8월 올영픽/1일 1정] 바이탈뷰티 메타그린 슬림업 30일 (+15일),https://www.oliveyoung.co.kr/store/goods/getGoodsDetail.do?goodsNo=A000000248462,https://image.oliveyoung.co.kr/cfimages/cf-goods/uploads/images/thumbnails/400/10/0000/0024/A00000024846227ko.jpg?l=ko,36000,29300,18.6,30247,4.8,83,11,4,1,1,1,0,0,1,A000000248462,10000020001
2026-08-06,건강식품,10,푸드올로지,[1등 유산균] 콜레올로지 컷 다이어트 유산균 14/20캡슐 (7/10일분),https://www.oliveyoung.co.kr/store/goods/getGoodsDetail.do?goodsNo=A000000229934,https://image.oliveyoung.co.kr/cfimages/cf-goods/uploads/images/thumbnails/400/10/0000/0022/A00000022993407ko.jpg?l=ko,21000,18900,10.0,1765,4.6,68,26,4,1,1,1,0,0,1,A000000229934,10000020001
2026-08-06,건강식품,11,오니스트,[8월 올영픽] 오니스트 트리플콜라겐 오렌지 14일 루틴 (+스크런치 증정),https://www.oliveyoung.co.kr/store/goods/getGoodsDetail.do?goodsNo=A000000188804,https://image.oliveyoung.co.kr/cfimages/cf-goods/uploads/images/thumbnails/400/10/0000/0018/A00000018880437ko.png?l=ko,36700,29900,18.5,1818,4.8,88,8,2,0,1,1,0,0,1,A000000188804,10000020001
2026-08-06,건강식품,12,푸드올로지,[8월 올영픽/서현PICK] 콜레올로지 PRO 600mg*30(+10)/60정 단품,https://www.oliveyoung.co.kr/store/goods/getGoodsDetail.do?goodsNo=A000000175634,https://image.oliveyoung.co.kr/cfimages/cf-goods/uploads/images/thumbnails/400/10/0000/0017/A00000017563485ko.jpg?l=ko,22900,17900,21.8,25801,4.7,81,12,5,1,1,1,0,0,1,A000000175634,10000020001
2026-08-06,건강식품,13,락토핏,[8월 올영픽] 락토핏 골드 트리플 기획 (3개월분),https://www.oliveyoung.co.kr/store/goods/getGoodsDetail.do?goodsNo=A000000199062,https://image.oliveyoung.co.kr/cfimages/cf-goods/uploads/images/thumbnails/400/10/0000/0019/A00000019906245ko.jpg?l=ko,35700,19900,44.3,26962,4.9,91,8,2,0,0,1,1,0,1,A000000199062,10000020001
2026-08-06,건강식품,14,씨제이웰케어,[골라담기] CJ웰케어 건강루틴 가격혁명 10종 택 1,https://www.oliveyoung.co.kr/store/goods/getGoodsDetail.do?goodsNo=A000000247861,https://image.oliveyoung.co.kr/cfimages/cf-goods/uploads/images/thumbnails/400/10/0000/0024/A00000024786103ko.jpg?l=ko,6900,6900,0.0,14028,4.8,88,8,3,0,0,0,0,0,1,A000000247861,10000020001
2026-08-06,건강식품,15,생활약속,[8월 올영픽/곽민경 PICK] 생활약속 기분전환 알파플러스 10포 (+1포 증정기획),https://www.oliveyoung.co.kr/store/goods/getGoodsDetail.do?goodsNo=A000000180121,https://image.oliveyoung.co.kr/cfimages/cf-goods/uploads/images/thumbnails/400/10/0000/0018/A00000018012130ko.jpg?l=ko,19000,14500,23.7,15618,4.8,86,9,4,0,0,1,1,0,1,A000000180121,10000020001
2026-08-06,건강식품,16,덴프스,[덴프스X카카오프렌즈] 덴마크 유산균이야기 30캡슐 1+1 (+카카오프렌즈 키링) (60일분),https://www.oliveyoung.co.kr/store/goods/getGoodsDetail.do?goodsNo=A000000206861,https://image.oliveyoung.co.kr/cfimages/cf-goods/uploads/images/thumbnails/400/10/0000/0020/A00000020686145ko.jpg?l=ko,40000,30400,24.0,14184,4.9,91,7,2,0,0,1,1,1,1,A000000206861,10000020001
2026-08-06,건강식품,17,지노마스터,지노마스터 질유산균 30캡슐 (1개월분),https://www.oliveyoung.co.kr/store/goods/getGoodsDetail.do?goodsNo=A000000244929,https://image.oliveyoung.co.kr/cfimages/cf-goods/uploads/images/thumbnails/400/10/0000/0024/A00000024492934ko.png?l=ko,41000,27400,33.2,23571,4.9,90,7,2,0,0,1,0,0,1,A000000244929,10000020001
2026-08-06,건강식품,18,온리추얼,[윤광UP]온리추얼 글로우업 글루타치온 콜라겐 7포 (+1포 증정) / 14포,https://www.oliveyoung.co.kr/store/goods/getGoodsDetail.do?goodsNo=A000000236702,https://image.oliveyoung.co.kr/cfimages/cf-goods/uploads/images/thumbnails/400/10/0000/0023/A00000023670208ko.png?l=ko,22900,18900,17.5,8985,4.9,95,3,1,0,0,1,0,0,1,A000000236702,10000020001
2026-08-06,건강식품,19,바이오코어유산균,CJ 바이오코어 피부면역유산균 100억 30+10포 / 30캡슐,https://www.oliveyoung.co.kr/store/goods/getGoodsDetail.do?goodsNo=A000000200143,https://image.oliveyoung.co.kr/cfimages/cf-goods/uploads/images/thumbnails/400/10/0000/0020/A00000020014329ko.jpg?l=ko,27900,13950,50.0,11265,4.8,85,10,4,1,0,1,0,0,1,A000000200143,10000020001
2026-08-06,건강식품,20,올더베러,[8월올영픽]올더베러 웰니스 구미 30일분 6종 택1,https://www.oliveyoung.co.kr/store/goods/getGoodsDetail.do?goodsNo=A000000245874,https://image.oliveyoung.co.kr/cfimages/cf-goods/uploads/images/thumbnails/400/10/0000/0024/A00000024587410ko.jpg?l=ko,14900,10900,26.8,3271,4.8,85,10,3,1,0,1,0,0,1,A000000245874,10000020001
2026-08-06,건강식품,21,푸드올로지,[서현PICK] 콜레올로지 버닝올로지 디데이 3.8g*5포 (5일분),https://www.oliveyoung.co.kr/store/goods/getGoodsDetail.do?goodsNo=A000000170108,https://image.oliveyoung.co.kr/cfimages/cf-goods/uploads/images/thumbnails/400/10/0000/0017/A00000017010811ko.jpg?l=ko,18900,13280,29.7,6358,4.7,82,12,5,1,1,1,1,0,1,A000000170108,10000020001
2026-08-06,건강식품,22,헬스헬퍼,[추성훈PICK] 헬스헬퍼 맥스컷 프로 크롬 60캡슐 (10일분),https://www.oliveyoung.co.kr/store/goods/getGoodsDetail.do?goodsNo=A000000237482,https://image.oliveyoung.co.kr/cfimages/cf-goods/uploads/images/thumbnails/400/10/0000/0023/A00000023748211ko.png?l=ko,21500,17960,16.5,951,4.7,85,9,3,1,2,1,1,0,1,A000000237482,10000020001
2026-08-06,건강식품,23,이너랩,[8월올영픽+더블증정] 셀트리온 홀드잇 MAD 10+2정(+2정 온라인),https://www.oliveyoung.co.kr/store/goods/getGoodsDetail.do?goodsNo=A000000254467,https://image.oliveyoung.co.kr/cfimages/cf-goods/uploads/images/thumbnails/400/10/0000/0025/A00000025446723ko.jpg?l=ko,21300,19500,8.5,2176,5.0,97,2,1,0,0,1,0,1,1,A000000254467,10000020001
2026-08-06,건강식품,24,지노마스터,[올영단독] 지노마스터 질유산균 70캡슐 (70일분),https://www.oliveyoung.co.kr/store/goods/getGoodsDetail.do?goodsNo=A000000249509,https://image.oliveyoung.co.kr/cfimages/cf-goods/uploads/images/thumbnails/400/10/0000/0024/A00000024950901ko.png?l=ko,90000,59000,34.4,233,4.9,91,6,3,,0,1,0,0,1,A000000249509,10000020001
2026-08-06,건강식품,25,판도라,[8월 올영픽] 판도라 브이트리티 7/14+1포 (7/15일분),https://www.oliveyoung.co.kr/store/goods/getGoodsDetail.do?goodsNo=A000000227334,https://image.oliveyoung.co.kr/cfimages/cf-goods/uploads/images/thumbnails/400/10/0000/0022/A00000022733446ko.png?l=ko,35000,24500,30.0,6891,5.0,98,1,1,0,0,1,1,0,1,A000000227334,10000020001
2026-08-06,건강식품,26,비비랩,[단독기획] 비비랩 저분자콜라겐S 30포 단품/더블기획 (1개월/2개월분),https://www.oliveyoung.co.kr/store/goods/getGoodsDetail.do?goodsNo=A000000208888,https://image.oliveyoung.co.kr/cfimages/cf-goods/uploads/images/thumbnails/400/10/0000/0020/A00000020888837ko.jpg?l=ko,38800,28310,27.0,8913,4.9,89,8,2,0,0,1,1,1,1,A000000208888,10000020001
2026-08-06,건강식품,27,엔젯오리진,"엔젯오리진 엘더베리 플레이버 비타민 C&D, 아연 3,000mg 70구미 (35일분)",https://www.oliveyoung.co.kr/store/goods/getGoodsDetail.do?goodsNo=A000000176911,https://image.oliveyoung.co.kr/cfimages/cf-goods/uploads/images/thumbnails/400/10/0000/0017/A00000017691107ko.jpg?l=ko,13800,10900,21.0,412,4.8,88,8,3,0,0,1,1,0,1,A000000176911,10000020001
2026-08-06,건강식품,28,대원제약,[8월 올영픽/수면 효율증가]대원제약 대원헬스 꿀잠샷 20gX12포 (+2포+수면안대) (14일분),https://www.oliveyoung.co.kr/store/goods/getGoodsDetail.do?goodsNo=A000000247884,https://image.oliveyoung.co.kr/cfimages/cf-goods/uploads/images/thumbnails/400/10/0000/0024/A00000024788452ko.jpg?l=ko,26900,18900,29.7,4888,5.0,98,1,0,0,0,1,0,0,1,A000000247884,10000020001
2026-08-06,건강식품,29,바이탈뷰티,[다이어트 정체기엔] 바이탈뷰티 메타그린 부스터샷 7 (+1)개입,https://www.oliveyoung.co.kr/store/goods/getGoodsDetail.do?goodsNo=A000000241581,https://image.oliveyoung.co.kr/cfimages/cf-goods/uploads/images/thumbnails/400/10/0000/0024/A00000024158159ko.jpg?l=ko,28000,20900,25.4,7357,4.7,83,11,5,1,1,1,1,0,1,A000000241581,10000020001
2026-08-06,건강식품,30,칼로(Kalo),[올영단독] 칼로 스탑/컨트롤 PLUS 15포 2종,https://www.oliveyoung.co.kr/store/goods/getGoodsDetail.do?goodsNo=A000000186228,https://image.oliveyoung.co.kr/cfimages/cf-goods/uploads/images/thumbnails/400/10/0000/0018/A00000018622875ko.jpg?l=ko,17500,10900,37.7,12112,4.7,81,13,5,1,1,1,0,0,1,A000000186228,10000020001
2026-08-06,건강식품,31,판토모나,판토모나 비오틴 하이퍼포머 240정 (60일분),https://www.oliveyoung.co.kr/store/goods/getGoodsDetail.do?goodsNo=A000000154877,https://image.oliveyoung.co.kr/cfimages/cf-goods/uploads/images/thumbnails/400/10/0000/0015/A00000015487726ko.jpg?l=ko,57900,52110,10.0,151,4.8,85,11,4,,,0,1,0,1,A000000154877,10000020001
2026-08-06,건강식품,32,비에날씬,BNR17 다이어트 유산균 비에날씬 슬림+ 14포 (2주분),https://www.oliveyoung.co.kr/store/goods/getGoodsDetail.do?goodsNo=A000000167747,https://image.oliveyoung.co.kr/cfimages/cf-goods/uploads/images/thumbnails/400/10/0000/0016/A00000016774711ko.png?l=ko,35900,27930,22.2,2151,4.7,80,10,7,1,1,1,0,0,1,A000000167747,10000020001
2026-08-06,건강식품,33,락티브,[공구특가/행자PICK] 락티브 컬리케일&이노시톨 콜린 알파락트알부민,https://www.oliveyoung.co.kr/store/goods/getGoodsDetail.do?goodsNo=B000000244315,https://image.oliveyoung.co.kr/cfimages/cf-goods/uploads/images/thumbnails/400/10/0000/0024/B00000024431504ko.jpg?l=ko,13100,13100,0.0,597,4.9,90,6,3,1,0,0,0,0,0,B000000244315,10000020001
2026-08-06,건강식품,34,탄탄,탄탄 젤리 더블컷 다이어트 모음전(오리지널/포켓몬 에디션),https://www.oliveyoung.co.kr/store/goods/getGoodsDetail.do?goodsNo=A000000244912,https://image.oliveyoung.co.kr/cfimages/cf-goods/uploads/images/thumbnails/400/10/0000/0024/A00000024491246ko.jpg?l=ko,22900,9940,56.6,5561,4.8,87,9,3,1,0,1,1,0,1,A000000244912,10000020001
2026-08-06,건강식품,35,칼로(Kalo),칼로 스탑 PLUS 15포 (15일분),https://www.oliveyoung.co.kr/store/goods/getGoodsDetail.do?goodsNo=A000000176733,https://image.oliveyoung.co.kr/cfimages/cf-goods/uploads/images/thumbnails/400/10/0000/0017/A00000017673307ko.jpg?l=ko,17500,10900,37.7,2286,4.7,80,13,6,0,1,1,0,0,1,A000000176733,10000020001
2026-08-06,건강식품,36,바이너랩,바이너랩 겟글로이 14병 (2주분),https://www.oliveyoung.co.kr/store/goods/getGoodsDetail.do?goodsNo=A000000146560,https://image.oliveyoung.co.kr/cfimages/cf-goods/uploads/images/thumbnails/400/10/0000/0014/A00000014656006ko.png?l=ko,58000,53000,8.6,589,4.7,80,14,3,1,2,1,0,0,1,A000000146560,10000020001
2026-08-06,건강식품,37,바이탈헬스,바이탈헬스 바이탈슬림 다이어트 올인원 나이트 시즌기획 10 (+2포 증정기획) (12일분),https://www.oliveyoung.co.kr/store/goods/getGoodsDetail.do?goodsNo=A000000256766,https://image.oliveyoung.co.kr/cfimages/cf-goods/uploads/images/thumbnails/400/10/0000/0025/A00000025676601ko.jpg?l=ko,16000,11800,26.2,2001,4.7,78,12,8,1,0,1,0,0,1,A000000256766,10000020001
2026-08-06,건강식품,38,락티브,락티브 이노시톨 30포 (+시크릿케어 질유래유산균 10캡슐 증정기획),https://www.oliveyoung.co.kr/store/goods/getGoodsDetail.do?goodsNo=A000000235106,https://image.oliveyoung.co.kr/cfimages/cf-goods/uploads/images/thumbnails/400/10/0000/0023/A00000023510625ko.jpg?l=ko,38900,28900,25.7,3800,4.9,90,7,2,0,0,1,0,0,1,A000000235106,10000020001
2026-08-06,건강식품,39,고려은단,고려은단 메가도스C 비타민C 3000mg 30포,https://www.oliveyoung.co.kr/store/goods/getGoodsDetail.do?goodsNo=A000000187268,https://image.oliveyoung.co.kr/cfimages/cf-goods/uploads/images/thumbnails/400/10/0000/0018/A00000018726808ko.jpg?l=ko,11900,9900,16.8,4722,4.9,91,6,2,0,0,1,0,0,1,A000000187268,10000020001
2026-08-06,건강식품,40,멜라메이트,식물성 멜라토닌 함유 멜라메이트 구미/로우슈가 구미 (20/50구미),https://www.oliveyoung.co.kr/store/goods/getGoodsDetail.do?goodsNo=A000000218546,https://image.oliveyoung.co.kr/cfimages/cf-goods/uploads/images/thumbnails/400/10/0000/0021/A00000021854627ko.jpg?l=ko,13000,9900,23.8,11821,4.8,88,8,3,1,1,1,0,0,1,A000000218546,10000020001
2026-08-06,건강식품,41,드시모네,드시모네 키즈 스텝1 딸기향 30포 2박스 (2개월분),https://www.oliveyoung.co.kr/store/goods/getGoodsDetail.do?goodsNo=B000000175035,https://image.oliveyoung.co.kr/cfimages/cf-goods/uploads/images/thumbnails/400/10/0000/0017/B00000017503503ko.jpg?l=ko,146200,116960,20.0,48,4.9,90,6,4,,,0,1,0,0,B000000175035,10000020001
2026-08-06,건강식품,42,락토핏,락토핏 골드 30포 (1개월분),https://www.oliveyoung.co.kr/store/goods/getGoodsDetail.do?goodsNo=A000000253149,https://image.oliveyoung.co.kr/cfimages/cf-goods/uploads/images/thumbnails/400/10/0000/0025/A00000025314923ko.jpg?l=ko,11900,8500,28.6,54654,4.9,90,8,2,0,0,1,0,0,1,A000000253149,10000020001
2026-08-06,건강식품,43,락토핏,락토핏 다이어트 60포 (1개월분),https://www.oliveyoung.co.kr/store/goods/getGoodsDetail.do?goodsNo=A000000225666,https://image.oliveyoung.co.kr/cfimages/cf-goods/uploads/images/thumbnails/400/10/0000/0022/A00000022566620ko.jpg?l=ko,26900,18000,33.1,100,4.9,93,3,3,1,,1,1,0,1,A000000225666,10000020001
2026-08-06,건강식품,44,세노비스,[올영단독] 세노비스 트리플러스 오메가3 이뮨 우먼/맨 80+10캡슐 기획(45일분),https://www.oliveyoung.co.kr/store/goods/getGoodsDetail.do?goodsNo=A000000232269,https://image.oliveyoung.co.kr/cfimages/cf-goods/uploads/images/thumbnails/400/10/0000/0023/A00000023226907ko.jpg?l=ko,56000,28900,48.4,2065,4.9,90,8,2,0,0,1,0,0,1,A000000232269,10000020001
2026-08-06,건강식품,45,비에날씬,BNR17 다이어트유산균 비에날씬프로 30캡슐 x 3박스 (3개월분),https://www.oliveyoung.co.kr/store/goods/getGoodsDetail.do?goodsNo=B000000155802,https://image.oliveyoung.co.kr/cfimages/cf-goods/uploads/images/thumbnails/400/10/0000/0015/B00000015580207ko.jpg?l=ko,208000,208000,0.0,99,4.8,90,6,1,1,2,0,0,0,0,B000000155802,10000020001
2026-08-06,건강식품,46,고려은단,고려은단 비타민C1000 이지+비타민D 120정 (60일분),https://www.oliveyoung.co.kr/store/goods/getGoodsDetail.do?goodsNo=A000000164736,https://image.oliveyoung.co.kr/cfimages/cf-goods/uploads/images/thumbnails/400/10/0000/0016/A00000016473618ko.jpg?l=ko,13000,13000,0.0,14633,4.9,92,7,1,0,0,0,0,0,1,A000000164736,10000020001
2026-08-06,건강식품,47,종근당건강,종근당건강 프로메가 오메가3 트리플 60캡슐 (장용성) (1개월분),https://www.oliveyoung.co.kr/store/goods/getGoodsDetail.do?goodsNo=A000000173903,https://image.oliveyoung.co.kr/cfimages/cf-goods/uploads/images/thumbnails/400/10/0000/0017/A00000017390311ko.jpg?l=ko,14900,12900,13.4,6389,4.9,89,9,2,0,0,1,0,0,1,A000000173903,10000020001
2026-08-06,건강식품,48,고려은단,고려은단 비타민C1000 120정 (4개월분),https://www.oliveyoung.co.kr/store/goods/getGoodsDetail.do?goodsNo=A000000002944,https://image.oliveyoung.co.kr/cfimages/cf-goods/uploads/images/thumbnails/400/10/0000/0000/A00000000294410ko.jpg?l=ko,15000,15000,0.0,20524,4.9,91,7,2,0,0,0,0,0,1,A000000002944,10000020001
2026-08-06,건강식품,49,비비랩,비비랩 화이트 콜라겐 18+2/30포 (20일/30일분),https://www.oliveyoung.co.kr/store/goods/getGoodsDetail.do?goodsNo=A000000248072,https://image.oliveyoung.co.kr/cfimages/cf-goods/uploads/images/thumbnails/400/10/0000/0024/A00000024807224ko.jpg?l=ko,24900,17900,28.1,1745,4.9,95,4,1,0,0,1,1,1,1,A000000248072,10000020001
2026-08-06,건강식품,50,알디콤,"[1+1]알디콤 숙취해소제 4포입 3종 (플러스, 에이, 브이)",https://www.oliveyoung.co.kr/store/goods/getGoodsDetail.do?goodsNo=A000000245840,https://image.oliveyoung.co.kr/cfimages/cf-goods/uploads/images/thumbnails/400/10/0000/0024/A00000024584012ko.png?l=ko,17300,17300,0.0,16938,4.9,94,5,1,0,0,0,0,0,1,A000000245840,10000020001
2026-08-06,건강식품,51,푸드올로지,푸드올로지 톡스올로지 클렌즈 비움 PRO 50ml*6병 (6회분),https://www.oliveyoung.co.kr/store/goods/getGoodsDetail.do?goodsNo=A000000211903,https://image.oliveyoung.co.kr/cfimages/cf-goods/uploads/images/thumbnails/400/10/0000/0021/A00000021190304ko.jpg?l=ko,22900,19480,14.9,2558,4.7,81,10,7,1,1,1,1,0,1,A000000211903,10000020001
2026-08-06,건강식품,52,오쏘몰,오쏘몰 이뮨 멀티비타민&미네랄 7입 (1주일분),https://www.oliveyoung.co.kr/store/goods/getGoodsDetail.do?goodsNo=A000000142695,https://image.oliveyoung.co.kr/cfimages/cf-goods/uploads/images/thumbnails/400/10/0000/0014/A00000014269532ko.jpg?l=ko,38000,34900,8.2,27262,4.9,91,7,2,0,0,1,0,0,1,A000000142695,10000020001
2026-08-06,건강식품,53,씨제이웰케어,CJ웰케어 혈행건강 초임계 rTG 오메가3 30캡슐 (30일분) (OY단독),https://www.oliveyoung.co.kr/store/goods/getGoodsDetail.do?goodsNo=A000000246113,https://image.oliveyoung.co.kr/cfimages/cf-goods/uploads/images/thumbnails/400/10/0000/0024/A00000024611304ko.jpg?l=ko,6900,6900,0.0,641,4.7,84,7,8,0,0,0,0,0,1,A000000246113,10000020001
2026-08-06,건강식품,54,헬스헬퍼,[추성훈PICK] 헬스헬퍼 맥스컷 다이어트 핏3.1 (14포),https://www.oliveyoung.co.kr/store/goods/getGoodsDetail.do?goodsNo=A000000237480,https://image.oliveyoung.co.kr/cfimages/cf-goods/uploads/images/thumbnails/400/10/0000/0023/A00000023748008ko.jpg?l=ko,31000,27500,11.3,303,4.9,90,9,1,0,,1,1,0,1,A000000237480,10000020001
2026-08-06,건강식품,55,그레인온,[단독기획]그레인온 골드카무트효소 30포+5포 증정 기획 (35일분),https://www.oliveyoung.co.kr/store/goods/getGoodsDetail.do?goodsNo=A000000211956,https://image.oliveyoung.co.kr/cfimages/cf-goods/uploads/images/thumbnails/400/10/0000/0021/A00000021195609ko.jpg?l=ko,17500,17500,0.0,6055,4.9,91,7,2,0,0,0,0,0,1,A000000211956,10000020001
2026-08-06,건강식품,56,바이오코어유산균,[OY단독] CJ 바이오코어 피부면역유산균 30포 (+20포 증정기획) (25일분),https://www.oliveyoung.co.kr/store/goods/getGoodsDetail.do?goodsNo=A000000237417,https://image.oliveyoung.co.kr/cfimages/cf-goods/uploads/images/thumbnails/400/10/0000/0023/A00000023741712ko.jpg?l=ko,27900,13950,50.0,10815,4.8,85,10,4,1,0,1,0,0,1,A000000237417,10000020001
2026-08-06,건강식품,57,닥터린,닥터린 이노시톨 40:1 30포 (30일분),https://www.oliveyoung.co.kr/store/goods/getGoodsDetail.do?goodsNo=A000000206982,https://image.oliveyoung.co.kr/cfimages/cf-goods/uploads/images/thumbnails/400/10/0000/0020/A00000020698209ko.jpg?l=ko,27500,22220,19.2,189,4.9,90,6,3,1,,1,1,0,1,A000000206982,10000020001
2026-08-06,건강식품,58,탄탄,탄탄 더블컷 다이어트 젤리 3종 택1 (믹스베리맛/자두맛/애플유자맛),https://www.oliveyoung.co.kr/store/goods/getGoodsDetail.do?goodsNo=A000000213057,https://image.oliveyoung.co.kr/cfimages/cf-goods/uploads/images/thumbnails/400/10/0000/0021/A00000021305747ko.jpg?l=ko,22900,9940,56.6,5319,4.8,87,9,3,1,0,1,1,0,1,A000000213057,10000020001
2026-08-06,건강식품,59,락토핏,락토핏 솔루션2 (예민한 장) (30일분),https://www.oliveyoung.co.kr/store/goods/getGoodsDetail.do?goodsNo=A000000171566,https://image.oliveyoung.co.kr/cfimages/cf-goods/uploads/images/thumbnails/400/10/0000/0017/A00000017156616ko.jpg?l=ko,29900,20900,30.1,775,4.8,85,9,5,1,0,0,1,0,1,A000000171566,10000020001
2026-08-06,건강식품,60,젠제네틱스,[설인아 PICK] 젠제네틱스 포타슘 칼륨 525mg 다이렉트 20포 (10일분),https://www.oliveyoung.co.kr/store/goods/getGoodsDetail.do?goodsNo=A000000245722,https://image.oliveyoung.co.kr/cfimages/cf-goods/uploads/images/thumbnails/400/10/0000/0024/A00000024572213ko.png?l=ko,34900,29800,14.6,141,4.8,84,9,6,,,1,0,0,1,A000000245722,10000020001
2026-08-06,건강식품,61,에버콜라겐,에버콜라겐 인앤업비오틴 셀 56정 (28일분),https://www.oliveyoung.co.kr/store/goods/getGoodsDetail.do?goodsNo=A000000186592,https://image.oliveyoung.co.kr/cfimages/cf-goods/uploads/images/thumbnails/400/10/0000/0018/A00000018659244ko.jpg?l=ko,49000,24500,50.0,4339,4.9,92,6,2,0,0,1,0,0,1,A000000186592,10000020001
2026-08-06,건강식품,62,탄탄,탄탄 슬리밍 C3G 다이어트 플러스 90정 (1개월분),https://www.oliveyoung.co.kr/store/goods/getGoodsDetail.do?goodsNo=A000000239235,https://image.oliveyoung.co.kr/cfimages/cf-goods/uploads/images/thumbnails/400/10/0000/0023/A00000023923520ko.jpg?l=ko,69000,17820,74.2,123,4.6,73,18,7,1,1,1,1,0,1,A000000239235,10000020001
2026-08-06,건강식품,63,센트룸,센트룸 멀티비타민 맨 더블업 50정 (50일분),https://www.oliveyoung.co.kr/store/goods/getGoodsDetail.do?goodsNo=A000000205325,https://image.oliveyoung.co.kr/cfimages/cf-goods/uploads/images/thumbnails/400/10/0000/0020/A00000020532501ko.jpg?l=ko,27000,24000,11.1,5081,4.9,91,7,2,0,0,1,0,0,1,A000000205325,10000020001
2026-08-06,건강식품,64,라이필,"[10일콜라겐/모공,목주름] 라이필 더마콜라겐 비오틴맥스 12+2포 최저분자 173달톤 콜라겐",https://www.oliveyoung.co.kr/store/goods/getGoodsDetail.do?goodsNo=A000000210791,https://image.oliveyoung.co.kr/cfimages/cf-goods/uploads/images/thumbnails/400/10/0000/0021/A00000021079121ko.png?l=ko,19900,9950,50.0,3111,4.9,94,5,2,0,0,1,1,0,1,A000000210791,10000020001
2026-08-06,건강식품,65,푸드올로지,맨올로지 컷 PRO 800mg*40정/80정 택 1,https://www.oliveyoung.co.kr/store/goods/getGoodsDetail.do?goodsNo=A000000208183,https://image.oliveyoung.co.kr/cfimages/cf-goods/uploads/images/thumbnails/400/10/0000/0020/A00000020818323ko.jpg?l=ko,20900,17130,18.0,9644,4.7,83,10,5,1,1,1,1,0,1,A000000208183,10000020001
2026-08-06,건강식품,66,푸드올로지,"[서현PICK] 콜레올로지 티 PRO 하비탈출 8,000mg X 7포/15포 (7일분/15일분)",https://www.oliveyoung.co.kr/store/goods/getGoodsDetail.do?goodsNo=A000000205750,https://image.oliveyoung.co.kr/cfimages/cf-goods/uploads/images/thumbnails/400/10/0000/0020/A00000020575005ko.jpg?l=ko,17900,14700,17.9,4275,4.6,77,12,7,2,2,1,0,0,1,A000000205750,10000020001
2026-08-06,건강식품,67,온리추얼,[웰니스 루틴] 온리추얼 슬리밍컷 다이어트/리셋 브이라인/글로우업 콜라겐 7포(+1포)/14포 (8/14일분),https://www.oliveyoung.co.kr/store/goods/getGoodsDetail.do?goodsNo=A000000236701,https://image.oliveyoung.co.kr/cfimages/cf-goods/uploads/images/thumbnails/400/10/0000/0023/A00000023670132ko.png?l=ko,18900,14400,23.8,16120,4.9,96,3,1,0,0,1,1,0,1,A000000236701,10000020001
2026-08-06,건강식품,68,덴프스,[덴마크 직수입]덴프스 덴마크 유산균이야기 30캡슐(1개월분),https://www.oliveyoung.co.kr/store/goods/getGoodsDetail.do?goodsNo=A000000189360,https://image.oliveyoung.co.kr/cfimages/cf-goods/uploads/images/thumbnails/400/10/0000/0018/A00000018936006ko.jpg?l=ko,23000,17960,21.9,2432,4.8,86,10,3,0,0,1,1,0,1,A000000189360,10000020001
2026-08-06,건강식품,69,세레비,세레비 엘나스 Calm & Relax 스트레스 케어 60정 (2개월분),https://www.oliveyoung.co.kr/store/goods/getGoodsDetail.do?goodsNo=A000000251688,https://image.oliveyoung.co.kr/cfimages/cf-goods/uploads/images/thumbnails/400/10/0000/0025/A00000025168806ko.png?l=ko,29800,25300,15.1,309,5.0,99,1,,,,1,0,0,1,A000000251688,10000020001
2026-08-06,건강식품,70,코자아,코자아 식물성 멜라토닌 함유 젤리 기획 (+10구미+틴케이스) (20일분),https://www.oliveyoung.co.kr/store/goods/getGoodsDetail.do?goodsNo=A000000259056,https://image.oliveyoung.co.kr/cfimages/cf-goods/uploads/images/thumbnails/400/10/0000/0025/A00000025905610ko.jpg?l=ko,36000,31900,11.4,5573,4.8,90,5,3,1,1,0,1,0,1,A000000259056,10000020001
2026-08-06,건강식품,71,바이오렉트라,[7월 올영픽] 바이오렉트라 마그네슘 400 울트라 다이렉트,https://www.oliveyoung.co.kr/store/goods/getGoodsDetail.do?goodsNo=A000000246134,https://image.oliveyoung.co.kr/cfimages/cf-goods/uploads/images/thumbnails/400/10/0000/0024/A00000024613411ko.png?l=ko,35000,31500,10.0,205,4.9,92,7,1,,,1,0,0,1,A000000246134,10000020001
2026-08-06,건강식품,72,담백하루,담백하루 초임계 알티지 오메가 에센스 1000 30정 (1개월분),https://www.oliveyoung.co.kr/store/goods/getGoodsDetail.do?goodsNo=B000000236581,https://image.oliveyoung.co.kr/cfimages/cf-goods/uploads/images/thumbnails/400/10/0000/0023/B00000023658102ko.jpg?l=ko,25600,24320,5.0,124,4.9,93,6,1,,,0,1,0,0,B000000236581,10000020001
2026-08-06,건강식품,73,닥터아돌,닥터아돌 프로폴리스아연C 120캡슐 (60일분),https://www.oliveyoung.co.kr/store/goods/getGoodsDetail.do?goodsNo=A000000218091,https://image.oliveyoung.co.kr/cfimages/cf-goods/uploads/images/thumbnails/400/10/0000/0021/A00000021809118ko.png?l=ko,46000,41400,10.0,205,4.8,84,13,2,0,0,1,0,0,1,A000000218091,10000020001
2026-08-06,건강식품,74,센트룸,센트룸 멀티비타민 우먼 더블업 50정 (50일분),https://www.oliveyoung.co.kr/store/goods/getGoodsDetail.do?goodsNo=A000000205327,https://image.oliveyoung.co.kr/cfimages/cf-goods/uploads/images/thumbnails/400/10/0000/0020/A00000020532701ko.jpg?l=ko,27000,24000,11.1,9655,4.9,91,7,2,0,0,1,0,0,1,A000000205327,10000020001
2026-08-06,건강식품,75,이너랩,[8월 올영픽 / 다영pick] 셀트리온 홀드잇 30정 기획 (+7일 추가 증정),https://www.oliveyoung.co.kr/store/goods/getGoodsDetail.do?goodsNo=A000000225470,https://image.oliveyoung.co.kr/cfimages/cf-goods/uploads/images/thumbnails/400/10/0000/0022/A00000022547084ko.jpg?l=ko,22900,19500,14.8,6588,4.8,92,4,3,1,1,1,0,1,1,A000000225470,10000020001
2026-08-06,건강식품,76,바이탈뷰티,[포켓몬 에디션/먹는 레티놀/비타민] 바이탈뷰티 슈퍼레티놀 15/30포 (+포켓몬 손거울),https://www.oliveyoung.co.kr/store/goods/getGoodsDetail.do?goodsNo=A000000242925,https://image.oliveyoung.co.kr/cfimages/cf-goods/uploads/images/thumbnails/400/10/0000/0024/A00000024292582ko.jpg?l=ko,14500,12500,13.8,11802,4.8,87,9,3,0,0,1,1,0,1,A000000242925,10000020001
2026-08-06,건강식품,77,메리트C,"[고함량비타민] 메리트C 메리트C산 3,000mg 90포 (3개월분) + 쇼핑백 증정",https://www.oliveyoung.co.kr/store/goods/getGoodsDetail.do?goodsNo=B000000229096,https://image.oliveyoung.co.kr/cfimages/cf-goods/uploads/images/thumbnails/400/10/0000/0022/B00000022909602ko.png?l=ko,39900,39900,0.0,25,4.9,96,,4,,,0,0,0,0,B000000229096,10000020001
2026-08-06,건강식품,78,니아르,니아르 액티포닌 돌외잎 14포 (14일분),https://www.oliveyoung.co.kr/store/goods/getGoodsDetail.do?goodsNo=A000000240123,https://image.oliveyoung.co.kr/cfimages/cf-goods/uploads/images/thumbnails/400/10/0000/0024/A00000024012302ko.jpg?l=ko,49800,39800,20.1,25,4.2,60,4,36,,,1,0,0,1,A000000240123,10000020001
2026-08-06,건강식품,79,니아르,니아르 포스콜린 에스케어 14포 (14일분),https://www.oliveyoung.co.kr/store/goods/getGoodsDetail.do?goodsNo=A000000240126,https://image.oliveyoung.co.kr/cfimages/cf-goods/uploads/images/thumbnails/400/10/0000/0024/A00000024012602ko.jpg?l=ko,49800,39800,20.1,2,4.5,50,50,,,,1,0,0,1,A000000240126,10000020001
2026-08-06,건강식품,80,바이오리브,바이오리브 킬팻 다이어트 유산균 60캡슐 (1개월분),https://www.oliveyoung.co.kr/store/goods/getGoodsDetail.do?goodsNo=A000000246723,https://image.oliveyoung.co.kr/cfimages/cf-goods/uploads/images/thumbnails/400/10/0000/0024/A00000024672301ko.png?l=ko,52000,39000,25.0,37,4.0,,100,,,,1,0,0,1,A000000246723,10000020001
2026-08-06,건강식품,81,세노비스,세노비스 비타민D 2000IU 90정 (3개월분),https://www.oliveyoung.co.kr/store/goods/getGoodsDetail.do?goodsNo=A000000230806,https://image.oliveyoung.co.kr/cfimages/cf-goods/uploads/images/thumbnails/400/10/0000/0023/A00000023080601ko.jpg?l=ko,44500,10410,76.6,97,4.9,91,7,1,,1,1,1,0,1,A000000230806,10000020001
2026-08-06,건강식품,82,씨제이웰케어,CJ웰케어 다이어트&혈당케어 30정 (1개월분) (OY단독),https://www.oliveyoung.co.kr/store/goods/getGoodsDetail.do?goodsNo=A000000246116,https://image.oliveyoung.co.kr/cfimages/cf-goods/uploads/images/thumbnails/400/10/0000/0024/A00000024611604ko.jpg?l=ko,6900,6900,0.0,673,4.7,79,15,5,1,1,0,0,0,1,A000000246116,10000020001
2026-08-06,건강식품,83,익스트림,익스트림 멀티팩 올인원 포 맨*30포 (1개월분),https://www.oliveyoung.co.kr/store/goods/getGoodsDetail.do?goodsNo=A000000208537,https://image.oliveyoung.co.kr/cfimages/cf-goods/uploads/images/thumbnails/400/10/0000/0020/A00000020853711ko.jpg?l=ko,40900,37810,7.6,68,5.0,100,,,,,1,1,0,1,A000000208537,10000020001
2026-08-06,건강식품,84,탄탄,탄탄 슬리밍 모음전 (다이어트젤리/부스터샷/C3G),https://www.oliveyoung.co.kr/store/goods/getGoodsDetail.do?goodsNo=A000000214904,https://image.oliveyoung.co.kr/cfimages/cf-goods/uploads/images/thumbnails/400/10/0000/0021/A00000021490452ko.jpg?l=ko,22900,9940,56.6,4720,4.8,84,10,4,1,1,1,1,0,1,A000000214904,10000020001
2026-08-06,건강식품,85,올더베러,[8월올영픽]올더베러 웰니스 구미 7일분 8종 택1,https://www.oliveyoung.co.kr/store/goods/getGoodsDetail.do?goodsNo=A000000246058,https://image.oliveyoung.co.kr/cfimages/cf-goods/uploads/images/thumbnails/400/10/0000/0024/A00000024605821ko.jpg?l=ko,3900,2900,25.6,4754,4.8,86,10,3,1,1,1,0,0,1,A000000246058,10000020001
2026-08-06,건강식품,86,에스더포뮬러,[국민영양] 여에스더 마그네슘 30정 (1개월분),https://www.oliveyoung.co.kr/store/goods/getGoodsDetail.do?goodsNo=A000000227381,https://image.oliveyoung.co.kr/cfimages/cf-goods/uploads/images/thumbnails/400/10/0000/0022/A00000022738113ko.jpg?l=ko,9900,9300,6.1,443,4.8,88,8,3,0,,1,1,0,1,A000000227381,10000020001
2026-08-06,건강식품,87,센트룸,센트룸 멀티비타민 50정 4종 택1,https://www.oliveyoung.co.kr/store/goods/getGoodsDetail.do?goodsNo=A000000248541,https://image.oliveyoung.co.kr/cfimages/cf-goods/uploads/images/thumbnails/400/10/0000/0024/A00000024854104ko.jpg?l=ko,27000,24000,11.1,5228,4.9,91,7,2,,0,1,0,0,1,A000000248541,10000020001
2026-08-06,건강식품,88,푸드올로지,[서현PICK/NEW]콜레올로지 쾌변 젤리 10포 (+2포 증정) (12일분),https://www.oliveyoung.co.kr/store/goods/getGoodsDetail.do?goodsNo=A000000204859,https://image.oliveyoung.co.kr/cfimages/cf-goods/uploads/images/thumbnails/400/10/0000/0020/A00000020485907ko.jpg?l=ko,23900,13700,42.7,1007,4.7,80,11,6,2,1,1,1,0,1,A000000204859,10000020001
2026-08-06,건강식품,89,라이필,"[리뷰이벤트/10일콜라겐/모공,목주름/PDRN] 라이필 더마콜라겐 시그니처RN (10일분)",https://www.oliveyoung.co.kr/store/goods/getGoodsDetail.do?goodsNo=A000000259411,https://image.oliveyoung.co.kr/cfimages/cf-goods/uploads/images/thumbnails/400/10/0000/0025/A00000025941116ko.jpg?l=ko,22000,15840,28.0,1600,5.0,99,1,0,,0,1,1,0,1,A000000259411,10000020001
2026-08-06,건강식품,90,풀무원건강식물원,풀무원건강식물원 과채발효효소 28포 (28일분),https://www.oliveyoung.co.kr/store/goods/getGoodsDetail.do?goodsNo=A000000238985,https://image.oliveyoung.co.kr/cfimages/cf-goods/uploads/images/thumbnails/400/10/0000/0023/A00000023898501ko.jpg?l=ko,39000,32900,15.6,26,4.8,88,8,,,4,1,0,0,1,A000000238985,10000020001
2026-08-06,건강식품,91,올더뮤,올더뮤 뮤신 딥글로우 자두맛 7포 (+2포 증정),https://www.oliveyoung.co.kr/store/goods/getGoodsDetail.do?goodsNo=A000000236997,https://image.oliveyoung.co.kr/cfimages/cf-goods/uploads/images/thumbnails/400/10/0000/0023/A00000023699718ko.jpg?l=ko,24900,18200,26.9,1896,4.8,89,8,2,1,0,1,1,0,1,A000000236997,10000020001
2026-08-06,건강식품,92,오니스트,오니스트 트리플샤인 포도 14일,https://www.oliveyoung.co.kr/store/goods/getGoodsDetail.do?goodsNo=A000000204000,https://image.oliveyoung.co.kr/cfimages/cf-goods/uploads/images/thumbnails/400/10/0000/0020/A00000020400022ko.jpg?l=ko,34900,31400,10.0,1836,4.8,89,6,4,0,0,1,0,0,1,A000000204000,10000020001
2026-08-06,건강식품,93,덴프스,[포켓몬 에디션] 덴프스 유산균이야기 다이어트 14캡슐 기획 (+피카츄 러기지택) (14일분) (OY단독),https://www.oliveyoung.co.kr/store/goods/getGoodsDetail.do?goodsNo=A000000253202,https://image.oliveyoung.co.kr/cfimages/cf-goods/uploads/images/thumbnails/400/10/0000/0025/A00000025320208ko.jpg?l=ko,27000,22700,15.9,2252,5.0,97,2,1,0,0,1,1,0,1,A000000253202,10000020001
2026-08-06,건강식품,94,히말라야,[1+1] 히말라야 숙취해소제 파티스마트 츄 [망고맛] 10P,https://www.oliveyoung.co.kr/store/goods/getGoodsDetail.do?goodsNo=A000000229743,https://image.oliveyoung.co.kr/cfimages/cf-goods/uploads/images/thumbnails/400/10/0000/0022/A00000022974324ko.jpg?l=ko,15000,13500,10.0,13951,4.9,89,8,2,0,0,0,1,0,1,A000000229743,10000020001
2026-08-06,건강식품,95,푸드올로지,[서현PICK] 콜레올로지 컷팅 젤리 30포 (1개월분),https://www.oliveyoung.co.kr/store/goods/getGoodsDetail.do?goodsNo=A000000204864,https://image.oliveyoung.co.kr/cfimages/cf-goods/uploads/images/thumbnails/400/10/0000/0020/A00000020486414ko.jpg?l=ko,63500,46500,26.8,12905,4.8,86,10,4,1,0,1,0,0,1,A000000204864,10000020001
2026-08-06,건강식품,96,스파톤,스파톤 애플 4종 (7일/14일/28일/42일),https://www.oliveyoung.co.kr/store/goods/getGoodsDetail.do?goodsNo=A000000229795,https://image.oliveyoung.co.kr/cfimages/cf-goods/uploads/images/thumbnails/400/10/0000/0022/A00000022979501ko.jpg?l=ko,9900,9400,5.1,282,4.8,89,8,1,1,0,1,0,0,1,A000000229795,10000020001
2026-08-06,건강식품,97,알디콤,[1+1]알디콤 Plus 숙취해소제 21ml 4포입,https://www.oliveyoung.co.kr/store/goods/getGoodsDetail.do?goodsNo=A000000227457,https://image.oliveyoung.co.kr/cfimages/cf-goods/uploads/images/thumbnails/400/10/0000/0022/A00000022745734ko.jpg?l=ko,17300,17300,0.0,3528,4.9,95,5,0,,0,0,0,0,1,A000000227457,10000020001
2026-08-06,건강식품,98,에스더포뮬러,[골라담기] 여에스더 국민영양 12종 택1,https://www.oliveyoung.co.kr/store/goods/getGoodsDetail.do?goodsNo=A000000229402,https://image.oliveyoung.co.kr/cfimages/cf-goods/uploads/images/thumbnails/400/10/0000/0022/A00000022940201ko.jpg?l=ko,9900,9300,6.1,10339,4.8,87,9,4,0,0,1,1,0,1,A000000229402,10000020001
2026-08-06,건강식품,99,그린몬스터,[50억 보장] 그린몬스터 이너블라썸 질 유래 유산균 30캡슐 (1개월분),https://www.oliveyoung.co.kr/store/goods/getGoodsDetail.do?goodsNo=A000000172168,https://image.oliveyoung.co.kr/cfimages/cf-goods/uploads/images/thumbnails/400/10/0000/0017/A00000017216852ko.jpg?l=ko,25200,16900,32.9,3033,4.9,89,8,2,0,0,1,0,0,1,A000000172168,10000020001
2026-08-06,건강식품,100,아이힐,아이힐 비너스 유산균 30캡슐 (+6캡슐) (OY단독) (1개월분),https://www.oliveyoung.co.kr/store/goods/getGoodsDetail.do?goodsNo=A000000217101,https://image.oliveyoung.co.kr/cfimages/cf-goods/uploads/images/thumbnails/400/10/0000/0021/A00000021710167ko.jpg?l=ko,29900,29900,0.0,4164,4.9,93,7,1,0,0,0,0,0,1,A000000217101,10000020001
2026-08-06,푸드,1,딜라이트 프로젝트,[8월올영픽]딜라이트 프로젝트 단백질쉐이크 모음전(1개입/7개입/통),https://www.oliveyoung.co.kr/store/goods/getGoodsDetail.do?goodsNo=A000000231574,https://image.oliveyoung.co.kr/cfimages/cf-goods/uploads/images/thumbnails/400/10/0000/0023/A00000023157448ko.jpg?l=ko,3900,3900,0.0,147557,4.8,89,7,3,1,0,0,0,0,1,A000000231574,10000020002
2026-08-06,푸드,2,올더베러,[8월올영픽]올더베러 단백질 쉐이크 45g 6종 택1,https://www.oliveyoung.co.kr/store/goods/getGoodsDetail.do?goodsNo=A000000245884,https://image.oliveyoung.co.kr/cfimages/cf-goods/uploads/images/thumbnails/400/10/0000/0024/A00000024588420ko.jpg?l=ko,3900,3900,0.0,15911,4.8,87,8,4,1,1,0,0,0,1,A000000245884,10000020002
2026-08-06,푸드,3,딜라이트 프로젝트,[8월올영픽]딜라이트 프로젝트 베이글칩 택1,https://www.oliveyoung.co.kr/store/goods/getGoodsDetail.do?goodsNo=A000000147779,https://image.oliveyoung.co.kr/cfimages/cf-goods/uploads/images/thumbnails/400/10/0000/0014/A00000014777964ko.jpg?l=ko,2700,2290,15.2,230908,4.9,90,7,3,0,0,0,1,0,1,A000000147779,10000020002
2026-08-06,푸드,4,페이퍼백,[단독1+1행사] 마이너스 쉐이크 5종 택1(밤라떼/병아리콩/요거트/까만콩/초코프로틴),https://www.oliveyoung.co.kr/store/goods/getGoodsDetail.do?goodsNo=A000000243210,https://image.oliveyoung.co.kr/cfimages/cf-goods/uploads/images/thumbnails/400/10/0000/0024/A00000024321019ko.jpg?l=ko,5000,5000,0.0,3212,4.9,91,6,2,1,0,0,0,0,1,A000000243210,10000020002
2026-08-06,푸드,5,딜라이트 프로젝트,[8월올영픽]딜라이트 프로젝트 단백질쉐이크 45g 택1,https://www.oliveyoung.co.kr/store/goods/getGoodsDetail.do?goodsNo=A000000208162,https://image.oliveyoung.co.kr/cfimages/cf-goods/uploads/images/thumbnails/400/10/0000/0020/A00000020816267ko.jpg?l=ko,3900,3900,0.0,43884,4.8,90,7,3,0,0,0,0,0,1,A000000208162,10000020002
2026-08-06,푸드,6,딜라이트 프로젝트,딜라이트 프로젝트 베이글칩 모음전,https://www.oliveyoung.co.kr/store/goods/getGoodsDetail.do?goodsNo=A000000219361,https://image.oliveyoung.co.kr/cfimages/cf-goods/uploads/images/thumbnails/400/10/0000/0021/A00000021936128ko.jpg?l=ko,2700,2290,15.2,265011,4.9,90,7,3,0,0,0,1,0,1,A000000219361,10000020002
2026-08-06,푸드,7,딜라이트 프로젝트,[온라인 단독]딜라이트 프로젝트 베이글칩 5입 선물세트,https://www.oliveyoung.co.kr/store/goods/getGoodsDetail.do?goodsNo=A000000170775,https://image.oliveyoung.co.kr/cfimages/cf-goods/uploads/images/thumbnails/400/10/0000/0017/A00000017077516ko.jpg?l=ko,13000,8900,31.5,9933,4.9,92,6,1,0,0,1,0,0,1,A000000170775,10000020002
2026-08-06,푸드,8,푸드올로지,[베러PICK] 푸드올로지 지중해 올리브오일 캡슐 10포/30포,https://www.oliveyoung.co.kr/store/goods/getGoodsDetail.do?goodsNo=A000000240905,https://image.oliveyoung.co.kr/cfimages/cf-goods/uploads/images/thumbnails/400/10/0000/0024/A00000024090501ko.jpg?l=ko,13900,9400,32.4,2360,4.9,89,9,2,0,0,1,1,0,1,A000000240905,10000020002
2026-08-06,푸드,9,셀렉스,"[단독런칭 1+1] 셀렉스 프로핏 SPORTS 단백질쉐이크 45g 2종 택1(너티초코, 미숫가루)",https://www.oliveyoung.co.kr/store/goods/getGoodsDetail.do?goodsNo=A000000261260,https://image.oliveyoung.co.kr/cfimages/cf-goods/uploads/images/thumbnails/400/10/0000/0026/A00000026126003ko.jpg?l=ko,4200,3900,7.1,40,4.8,85,8,5,3,,0,1,0,1,A000000261260,10000020002
2026-08-06,푸드,10,테일러,테일러 푸룬 딥워터 6종 (오리지널/레몬/매실/콤부차/자몽/초코파우더),https://www.oliveyoung.co.kr/store/goods/getGoodsDetail.do?goodsNo=A000000165976,https://image.oliveyoung.co.kr/cfimages/cf-goods/uploads/images/thumbnails/400/10/0000/0016/A00000016597626ko.jpg?l=ko,4500,2200,51.1,127448,4.8,87,9,3,1,1,1,0,0,1,A000000165976,10000020002
2026-08-06,푸드,11,리앤핏,리앤핏 단백질쉐이크 45g 5종 택1,https://www.oliveyoung.co.kr/store/goods/getGoodsDetail.do?goodsNo=A000000251616,https://image.oliveyoung.co.kr/cfimages/cf-goods/uploads/images/thumbnails/400/10/0000/0025/A00000025161629ko.jpg?l=ko,3900,3710,4.9,3421,4.8,87,8,3,1,1,0,1,0,1,A000000251616,10000020002
2026-08-06,푸드,12,디다,[단독기획/리셋루틴] 디다 디다샷 14포+랜덤키링증정 (2주분),https://www.oliveyoung.co.kr/store/goods/getGoodsDetail.do?goodsNo=A000000221961,https://image.oliveyoung.co.kr/cfimages/cf-goods/uploads/images/thumbnails/400/10/0000/0022/A00000022196117ko.jpg?l=ko,29800,29800,0.0,1194,4.7,84,9,5,1,1,0,0,0,1,A000000221961,10000020002
2026-08-06,푸드,13,딜라이트 프로젝트,딜라이트 프로젝트 곤약워터젤리 모음전(1개입/10개입),https://www.oliveyoung.co.kr/store/goods/getGoodsDetail.do?goodsNo=A000000209365,https://image.oliveyoung.co.kr/cfimages/cf-goods/uploads/images/thumbnails/400/10/0000/0020/A00000020936540ko.jpg?l=ko,1900,1900,0.0,139896,4.8,89,8,2,1,0,0,0,0,1,A000000209365,10000020002
2026-08-06,푸드,14,딜라이트 프로젝트,딜라이트 프로젝트 전통간식 모음전 (부각/약과/달고나),https://www.oliveyoung.co.kr/store/goods/getGoodsDetail.do?goodsNo=A000000231575,https://image.oliveyoung.co.kr/cfimages/cf-goods/uploads/images/thumbnails/400/10/0000/0023/A00000023157518ko.jpg?l=ko,2900,2900,0.0,78021,4.8,88,8,3,1,1,0,0,0,1,A000000231575,10000020002
2026-08-06,푸드,15,크런틴,[NEW블루베리요거팝] 크런틴 크런치볼 단백질쉐이크 50g 5종 택 1,https://www.oliveyoung.co.kr/store/goods/getGoodsDetail.do?goodsNo=A000000227418,https://image.oliveyoung.co.kr/cfimages/cf-goods/uploads/images/thumbnails/400/10/0000/0022/A00000022741840ko.jpg?l=ko,5900,5900,0.0,39366,4.8,89,7,3,1,1,0,0,0,1,A000000227418,10000020002
2026-08-06,푸드,16,딜라이트 프로젝트,[8월올영픽]딜라이트 프로젝트 원물간식 모음전(말랭이/과일칩),https://www.oliveyoung.co.kr/store/goods/getGoodsDetail.do?goodsNo=A000000231576,https://image.oliveyoung.co.kr/cfimages/cf-goods/uploads/images/thumbnails/400/10/0000/0023/A00000023157622ko.jpg?l=ko,3900,3300,15.4,120108,4.8,87,9,3,1,1,1,0,0,1,A000000231576,10000020002
2026-08-06,푸드,17,임프레스드,임프레스드 오렌지주스 300ml,https://www.oliveyoung.co.kr/store/goods/getGoodsDetail.do?goodsNo=A000000243866,https://image.oliveyoung.co.kr/cfimages/cf-goods/uploads/images/thumbnails/400/10/0000/0024/A00000024386602ko.jpg?l=ko,3200,1600,50.0,521,4.9,96,2,1,0,1,0,1,0,1,A000000243866,10000020002
2026-08-06,푸드,18,랩노쉬,[새로운맛 출시] 랩노쉬 프로틴 드링크 퍼펙트 350ml 4종 택1,https://www.oliveyoung.co.kr/store/goods/getGoodsDetail.do?goodsNo=A000000250088,https://image.oliveyoung.co.kr/cfimages/cf-goods/uploads/images/thumbnails/400/10/0000/0025/A00000025008820ko.jpg?l=ko,3800,3800,0.0,925,4.9,94,4,2,0,1,0,0,0,1,A000000250088,10000020002
2026-08-06,푸드,19,그린몬스터,[SINCE1997/올영1위] 그린몬스터 헐리우드48시간 오리지널 클렌즈,https://www.oliveyoung.co.kr/store/goods/getGoodsDetail.do?goodsNo=A000000016494,https://image.oliveyoung.co.kr/cfimages/cf-goods/uploads/images/thumbnails/400/10/0000/0001/A000000016494100ko.jpg?l=ko,35000,26000,25.7,6874,4.7,81,11,6,1,1,1,0,0,1,A000000016494,10000020002
2026-08-06,푸드,20,딜라이트 프로젝트,[8월올영픽]딜라이트 프로젝트 쫀득한 말랭이 대용량 3종 택1(군고구마/망고/복숭아),https://www.oliveyoung.co.kr/store/goods/getGoodsDetail.do?goodsNo=A000000209316,https://image.oliveyoung.co.kr/cfimages/cf-goods/uploads/images/thumbnails/400/10/0000/0020/A00000020931644ko.jpg?l=ko,9600,6900,28.1,12899,4.8,88,8,3,1,1,1,0,0,1,A000000209316,10000020002
2026-08-06,푸드,21,프로티원,"프로티원 단백질 칩 40g 2종 (구운양파맛, 매운새우맛)",https://www.oliveyoung.co.kr/store/goods/getGoodsDetail.do?goodsNo=A000000262808,https://image.oliveyoung.co.kr/cfimages/cf-goods/uploads/images/thumbnails/400/10/0000/0026/A00000026280805ko.jpg?l=ko,3900,3900,0.0,17,4.4,65,18,12,,6,0,0,0,1,A000000262808,10000020002
2026-08-06,푸드,22,딜라잇가든,님스 크리스피 초코컵 60g 2종 중 선택(코코크런치 / 씨리얼),https://www.oliveyoung.co.kr/store/goods/getGoodsDetail.do?goodsNo=A000000261871,https://image.oliveyoung.co.kr/cfimages/cf-goods/uploads/images/thumbnails/400/10/0000/0026/A00000026187104ko.jpg?l=ko,4900,4900,0.0,9,4.9,89,11,,,,0,0,0,1,A000000261871,10000020002
2026-08-06,푸드,23,비비랩,[1+1] 비비랩 유기농 푸룬 100% 10포 (10일분),https://www.oliveyoung.co.kr/store/goods/getGoodsDetail.do?goodsNo=A000000230211,https://image.oliveyoung.co.kr/cfimages/cf-goods/uploads/images/thumbnails/400/10/0000/0023/A00000023021105ko.jpg?l=ko,12900,12600,2.3,148,4.7,77,15,8,,,0,1,1,1,A000000230211,10000020002
2026-08-06,푸드,24,플라이밀,플라이밀 단백질쉐이크 45g 12종 택 1,https://www.oliveyoung.co.kr/store/goods/getGoodsDetail.do?goodsNo=A000000190168,https://image.oliveyoung.co.kr/cfimages/cf-goods/uploads/images/thumbnails/400/10/0000/0019/A00000019016820ko.jpg?l=ko,3900,3900,0.0,105126,4.8,86,9,3,1,1,0,0,0,1,A000000190168,10000020002
2026-08-06,푸드,25,라이블링,"라이블링 클렌즈 15ml*10포입 6종 택 1(레몬,사과,포도,자몽,매실,요구르트,청사과)",https://www.oliveyoung.co.kr/store/goods/getGoodsDetail.do?goodsNo=A000000197720,https://image.oliveyoung.co.kr/cfimages/cf-goods/uploads/images/thumbnails/400/10/0000/0019/A00000019772031ko.jpg?l=ko,11900,8900,25.2,31793,4.8,88,8,3,0,0,1,0,0,1,A000000197720,10000020002
2026-08-06,푸드,26,딜라이트 프로젝트,[8월올영픽]딜라이트 프로젝트 크루아상칩 택1(캐러멜/마늘빵),https://www.oliveyoung.co.kr/store/goods/getGoodsDetail.do?goodsNo=A000000262927,https://image.oliveyoung.co.kr/cfimages/cf-goods/uploads/images/thumbnails/400/10/0000/0026/A00000026292711ko.jpg?l=ko,4900,4500,8.2,547,4.5,74,12,8,4,2,1,0,0,1,A000000262927,10000020002
2026-08-06,푸드,27,올더베러,올더베러 데일리 스낵 8종 택1,https://www.oliveyoung.co.kr/store/goods/getGoodsDetail.do?goodsNo=A000000246374,https://image.oliveyoung.co.kr/cfimages/cf-goods/uploads/images/thumbnails/400/10/0000/0024/A00000024637411ko.jpg?l=ko,1500,990,34.0,21065,4.8,90,6,3,1,0,1,0,0,1,A000000246374,10000020002
2026-08-06,푸드,28,플라이밀,[1+1] 플라이밀 단백질 바 크런치 40g 다크초코 / 화이트초코 2종,https://www.oliveyoung.co.kr/store/goods/getGoodsDetail.do?goodsNo=A000000236834,https://image.oliveyoung.co.kr/cfimages/cf-goods/uploads/images/thumbnails/400/10/0000/0023/A00000023683409ko.jpg?l=ko,3500,3500,0.0,9006,4.8,87,8,4,1,1,0,0,0,1,A000000236834,10000020002
2026-08-06,푸드,29,딜라이트 프로젝트,딜라이트 프로젝트 단백질 스낵 모음전 (프로틴 베이글칩&베이커리칩),https://www.oliveyoung.co.kr/store/goods/getGoodsDetail.do?goodsNo=A000000238537,https://image.oliveyoung.co.kr/cfimages/cf-goods/uploads/images/thumbnails/400/10/0000/0023/A00000023853715ko.jpg?l=ko,2800,2600,7.1,29411,4.7,83,11,5,1,1,0,1,0,1,A000000238537,10000020002
2026-08-06,푸드,30,푸드올로지,푸드올로지 톡스올로지/그린올로지 클렌즈 48시간 3종 택 1(단품/기획),https://www.oliveyoung.co.kr/store/goods/getGoodsDetail.do?goodsNo=A000000247234,https://image.oliveyoung.co.kr/cfimages/cf-goods/uploads/images/thumbnails/400/10/0000/0024/A00000024723419ko.jpg?l=ko,24800,24800,0.0,1954,4.7,82,9,6,1,1,0,0,0,1,A000000247234,10000020002
2026-08-06,푸드,31,올더베러,[8월올영픽]올더베러 마녀스프 3종(1개입/5개입),https://www.oliveyoung.co.kr/store/goods/getGoodsDetail.do?goodsNo=A000000245869,https://image.oliveyoung.co.kr/cfimages/cf-goods/uploads/images/thumbnails/400/10/0000/0024/A00000024586918ko.jpg?l=ko,5900,4900,16.9,1295,4.9,89,8,2,0,0,1,0,0,1,A000000245869,10000020002
2026-08-06,푸드,32,올록담,올록담 올리브3 72캡슐 (24일분),https://www.oliveyoung.co.kr/store/goods/getGoodsDetail.do?goodsNo=A000000241018,https://image.oliveyoung.co.kr/cfimages/cf-goods/uploads/images/thumbnails/400/10/0000/0024/A00000024101822ko.jpg?l=ko,39800,29800,25.1,923,4.8,87,11,2,0,0,1,0,0,1,A000000241018,10000020002
2026-08-06,푸드,33,티트리트,[리뷰 이벤트] 티트리트 푸룬 딥스트롱 180ml,https://www.oliveyoung.co.kr/store/goods/getGoodsDetail.do?goodsNo=A000000186434,https://image.oliveyoung.co.kr/cfimages/cf-goods/uploads/images/thumbnails/400/10/0000/0018/A00000018643423ko.jpg?l=ko,4500,4500,0.0,14768,4.7,82,10,5,1,1,0,0,0,1,A000000186434,10000020002
2026-08-06,푸드,34,딜라이트 프로젝트,딜라이트 프로젝트 푸룬 클렌즈샷 180ml,https://www.oliveyoung.co.kr/store/goods/getGoodsDetail.do?goodsNo=A000000205240,https://image.oliveyoung.co.kr/cfimages/cf-goods/uploads/images/thumbnails/400/10/0000/0020/A00000020524019ko.jpg?l=ko,4300,4300,0.0,5924,4.8,84,11,4,1,1,0,0,0,1,A000000205240,10000020002
2026-08-06,푸드,35,푸드올로지,푸드올로지 지중해 레몬그린티 6g X 15포 (15일분),https://www.oliveyoung.co.kr/store/goods/getGoodsDetail.do?goodsNo=A000000230984,https://image.oliveyoung.co.kr/cfimages/cf-goods/uploads/images/thumbnails/400/10/0000/0023/A00000023098401ko.jpg?l=ko,25800,23400,9.3,421,4.8,85,12,3,,0,1,1,0,1,A000000230984,10000020002
2026-08-06,푸드,36,단백하니,[베러PICK]단백하니 단백질쉐이크 3종 택1 (시그니처/말차/초코),https://www.oliveyoung.co.kr/store/goods/getGoodsDetail.do?goodsNo=A000000237470,https://image.oliveyoung.co.kr/cfimages/cf-goods/uploads/images/thumbnails/400/10/0000/0023/A00000023747029ko.jpg?l=ko,3900,3700,5.1,14941,4.7,80,11,6,1,1,0,1,1,1,A000000237470,10000020002
2026-08-06,푸드,37,플라이밀,"[일주일특가] 플라이밀 마녀스프 300g 4종 택 1 (토마토 치킨, 토마토 비프, 마라 치킨, 로제 치킨)",https://www.oliveyoung.co.kr/store/goods/getGoodsDetail.do?goodsNo=A000000219545,https://image.oliveyoung.co.kr/cfimages/cf-goods/uploads/images/thumbnails/400/10/0000/0021/A00000021954511ko.jpg?l=ko,9900,5800,41.4,927,4.6,80,10,7,2,2,1,1,0,1,A000000219545,10000020002
2026-08-06,푸드,38,허닭,"[허닭] 닭가슴살,닭다리살,스테이크,소시지 외 97종 1+1 골라담기",https://www.oliveyoung.co.kr/store/goods/getGoodsDetail.do?goodsNo=B000000198261,https://image.oliveyoung.co.kr/cfimages/cf-goods/uploads/images/thumbnails/400/10/0000/0019/B00000019826123ko.jpg?l=ko,1900,1710,10.0,22090,4.9,91,6,3,0,0,0,1,0,0,B000000198261,10000020002
2026-08-06,푸드,39,낫띵베럴,낫띵베럴 단백질쉐이크 40g 3종 택1 (19곡물 / 딸기라떼 / 초코크런치),https://www.oliveyoung.co.kr/store/goods/getGoodsDetail.do?goodsNo=A000000255476,https://image.oliveyoung.co.kr/cfimages/cf-goods/uploads/images/thumbnails/400/10/0000/0025/A00000025547613ko.jpg?l=ko,2800,1900,32.1,1803,4.8,87,8,4,0,1,1,0,0,1,A000000255476,10000020002
2026-08-06,푸드,40,빼바,[포켓몬에디션] 빼바 리얼초콜릿 프로틴바 40g 4종 1택 (다크/화이트/쿠키앤크림/그릭요거트),https://www.oliveyoung.co.kr/store/goods/getGoodsDetail.do?goodsNo=A000000191560,https://image.oliveyoung.co.kr/cfimages/cf-goods/uploads/images/thumbnails/400/10/0000/0019/A00000019156067ko.jpg?l=ko,3200,3100,3.1,48233,4.9,90,7,2,0,0,0,1,0,1,A000000191560,10000020002
2026-08-06,푸드,41,옐로욜로,옐로욜로 카카오칩 25g,https://www.oliveyoung.co.kr/store/goods/getGoodsDetail.do?goodsNo=A000000248571,https://image.oliveyoung.co.kr/cfimages/cf-goods/uploads/images/thumbnails/400/10/0000/0024/A00000024857102ko.jpg?l=ko,3000,2500,16.7,22011,4.8,84,9,6,0,0,1,0,0,1,A000000248571,10000020002
2026-08-06,푸드,42,테일러,테일러 푸룬 농축 딥워터 180ml,https://www.oliveyoung.co.kr/store/goods/getGoodsDetail.do?goodsNo=A000000115097,https://image.oliveyoung.co.kr/cfimages/cf-goods/uploads/images/thumbnails/400/10/0000/0011/A00000011509716ko.jpg?l=ko,4500,4050,10.0,63151,4.8,87,9,3,1,1,1,0,0,1,A000000115097,10000020002
2026-08-06,푸드,43,딜라이트 프로젝트,딜라이트 프로젝트 명인 찹쌀감자부각 2종 택1 (토마토바질/대파크림치즈),https://www.oliveyoung.co.kr/store/goods/getGoodsDetail.do?goodsNo=A000000235119,https://image.oliveyoung.co.kr/cfimages/cf-goods/uploads/images/thumbnails/400/10/0000/0023/A00000023511916ko.jpg?l=ko,3500,3500,0.0,15923,4.8,85,10,4,1,1,0,0,0,1,A000000235119,10000020002
2026-08-06,푸드,44,마이프로틴,마이프로틴 웨이 단백질 쉐이크 45g 7종 택1,https://www.oliveyoung.co.kr/store/goods/getGoodsDetail.do?goodsNo=A000000239144,https://image.oliveyoung.co.kr/cfimages/cf-goods/uploads/images/thumbnails/400/10/0000/0023/A00000023914421ko.jpg?l=ko,5900,5900,0.0,509,4.9,94,4,1,0,0,0,0,0,1,A000000239144,10000020002
2026-08-06,푸드,45,부샤드,부샤드 초콜릿 132g 5종 중 택1 (밀크/다크/카라멜&씨솔트/다크민트/밀크크런치),https://www.oliveyoung.co.kr/store/goods/getGoodsDetail.do?goodsNo=A000000174401,https://image.oliveyoung.co.kr/cfimages/cf-goods/uploads/images/thumbnails/400/10/0000/0017/A00000017440106ko.jpg?l=ko,8500,8500,0.0,36441,4.9,93,5,1,0,0,0,0,0,1,A000000174401,10000020002
2026-08-06,푸드,46,배리웨이,"[송이송이PICK]배리웨이 프루틴 쉐이크 50g 5종 중 택1 (초코, 커피, 곡물, 말차, 딸기)",https://www.oliveyoung.co.kr/store/goods/getGoodsDetail.do?goodsNo=A000000246284,https://image.oliveyoung.co.kr/cfimages/cf-goods/uploads/images/thumbnails/400/10/0000/0024/A00000024628420ko.jpg?l=ko,5500,5500,0.0,2613,4.9,91,6,2,1,0,0,0,0,1,A000000246284,10000020002
2026-08-06,푸드,47,올더베러,[8월올영픽]올더베러 엑스트라 버진 올리브오일 캡슐 (1일분/14일분/30일분),https://www.oliveyoung.co.kr/store/goods/getGoodsDetail.do?goodsNo=A000000255155,https://image.oliveyoung.co.kr/cfimages/cf-goods/uploads/images/thumbnails/400/10/0000/0025/A00000025515517ko.jpg?l=ko,19900,17900,10.1,1669,4.8,88,8,3,0,1,1,0,0,1,A000000255155,10000020002
2026-08-06,푸드,48,매일유업,[매일유업] 리뉴얼 앱솔루트 명작 2FL (HMO) 분유 2단계(6~12개월) 800g 3캔,https://www.oliveyoung.co.kr/store/goods/getGoodsDetail.do?goodsNo=B000000199373,https://image.oliveyoung.co.kr/cfimages/cf-goods/uploads/images/thumbnails/400/10/0000/0019/B00000019937304ko.jpg?l=ko,78000,78000,0.0,31,4.9,90,10,,,,0,0,0,0,B000000199373,10000020002
2026-08-06,푸드,49,딜라이트 프로젝트,딜라이트 프로젝트 명인 부각 5종 택1 (김부각/연근부각/감자부각),https://www.oliveyoung.co.kr/store/goods/getGoodsDetail.do?goodsNo=A000000205262,https://image.oliveyoung.co.kr/cfimages/cf-goods/uploads/images/thumbnails/400/10/0000/0020/A00000020526235ko.jpg?l=ko,3500,3500,0.0,18655,4.8,86,9,4,1,1,0,0,0,1,A000000205262,10000020002
2026-08-06,푸드,50,푸드올로지,푸드올로지 지중해 오일만 클렌즈 10포 (단품/기획),https://www.oliveyoung.co.kr/store/goods/getGoodsDetail.do?goodsNo=A000000251000,https://image.oliveyoung.co.kr/cfimages/cf-goods/uploads/images/thumbnails/400/10/0000/0025/A00000025100016ko.jpg?l=ko,43000,23900,44.4,653,4.7,84,8,4,1,3,1,1,0,1,A000000251000,10000020002
2026-08-06,푸드,51,홀베리,홀베리 유기농 레몬 시리즈 5종 택1(기획팩/레몬/레몬토마토/레몬자몽/레몬생강),https://www.oliveyoung.co.kr/store/goods/getGoodsDetail.do?goodsNo=A000000229821,https://image.oliveyoung.co.kr/cfimages/cf-goods/uploads/images/thumbnails/400/10/0000/0022/A00000022982141ko.jpg?l=ko,6000,5100,15.0,5676,4.8,86,10,3,1,0,1,1,0,1,A000000229821,10000020002
2026-08-06,푸드,52,단백하니,[베러PICK] 단백하니 프로틴바 4종 택1 (초코/말차초코/피넛버터/피스타치오 더블초코),https://www.oliveyoung.co.kr/store/goods/getGoodsDetail.do?goodsNo=A000000226549,https://image.oliveyoung.co.kr/cfimages/cf-goods/uploads/images/thumbnails/400/10/0000/0022/A00000022654995ko.jpg?l=ko,2900,2900,0.0,19723,4.7,81,10,6,1,2,0,0,1,1,A000000226549,10000020002
2026-08-06,푸드,53,크라운,크라운 마이쮸 스틱 토마토 44g,https://www.oliveyoung.co.kr/store/goods/getGoodsDetail.do?goodsNo=A000000254302,https://image.oliveyoung.co.kr/cfimages/cf-goods/uploads/images/thumbnails/400/10/0000/0025/A00000025430202ko.jpg?l=ko,1000,900,10.0,13250,4.7,83,8,5,1,2,1,0,0,1,A000000254302,10000020002
2026-08-06,푸드,54,비브리브,"비브리브 꼬박꼬밥 플러스 50g 4종 택1(딸기, 달밤, 미숫가루, 더블초코)",https://www.oliveyoung.co.kr/store/goods/getGoodsDetail.do?goodsNo=A000000256075,https://image.oliveyoung.co.kr/cfimages/cf-goods/uploads/images/thumbnails/400/10/0000/0025/A00000025607503ko.png?l=ko,4900,4900,0.0,2728,4.8,85,9,4,1,1,0,0,0,1,A000000256075,10000020002
2026-08-06,푸드,55,마이프로틴,마이프로틴 소프트 단백질 바 45g 3종 택1,https://www.oliveyoung.co.kr/store/goods/getGoodsDetail.do?goodsNo=A000000239431,https://image.oliveyoung.co.kr/cfimages/cf-goods/uploads/images/thumbnails/400/10/0000/0023/A00000023943114ko.jpg?l=ko,3500,3500,0.0,505,4.6,78,12,6,2,3,0,0,0,1,A000000239431,10000020002
2026-08-06,푸드,56,밀잇,밀잇 식단관리 단백질쉐이크 40g 11종 택1,https://www.oliveyoung.co.kr/store/goods/getGoodsDetail.do?goodsNo=A000000217607,https://image.oliveyoung.co.kr/cfimages/cf-goods/uploads/images/thumbnails/400/10/0000/0021/A00000021760752ko.jpg?l=ko,3900,3900,0.0,77082,4.8,87,8,3,1,1,0,0,0,1,A000000217607,10000020002
2026-08-06,푸드,57,하이뮨,하이뮨 프로틴 밸런스 액티브 8종(밤티라미수/바닐라봉봉/밀크쉐이크/딥초코/더블샷커피 등) 250ml* 18입,https://www.oliveyoung.co.kr/store/goods/getGoodsDetail.do?goodsNo=B000000232872,https://image.oliveyoung.co.kr/cfimages/cf-goods/uploads/images/thumbnails/400/10/0000/0023/B00000023287206ko.jpg?l=ko,27000,22900,15.2,706,4.9,92,6,2,1,0,0,1,0,0,B000000232872,10000020002
2026-08-06,푸드,58,프롬잇,"프롬잇 프로틴칩 7종 택1 (칠리바베큐,어니언랜치,허니갈릭,콘소메,콰트로치즈,명란마요, 토마토바질피자맛)",https://www.oliveyoung.co.kr/store/goods/getGoodsDetail.do?goodsNo=A000000156090,https://image.oliveyoung.co.kr/cfimages/cf-goods/uploads/images/thumbnails/400/10/0000/0015/A00000015609062ko.jpg?l=ko,2700,2400,11.1,61698,4.8,88,8,3,0,0,1,1,0,1,A000000156090,10000020002
2026-08-06,푸드,59,올더베러,올더베러 통밀 토스트칩 5종 택1,https://www.oliveyoung.co.kr/store/goods/getGoodsDetail.do?goodsNo=A000000257197,https://image.oliveyoung.co.kr/cfimages/cf-goods/uploads/images/thumbnails/400/10/0000/0025/A00000025719715ko.jpg?l=ko,3900,3900,0.0,1479,4.7,82,9,6,1,2,0,0,0,1,A000000257197,10000020002
2026-08-06,푸드,60,테일러,테일러라이프 무쿠무쿠브이 180ml,https://www.oliveyoung.co.kr/store/goods/getGoodsDetail.do?goodsNo=A000000261503,https://image.oliveyoung.co.kr/cfimages/cf-goods/uploads/images/thumbnails/400/10/0000/0026/A00000026150305ko.jpg?l=ko,2900,2900,0.0,38,5.0,100,,,,,0,0,0,1,A000000261503,10000020002
2026-08-06,푸드,61,더단백,"빙그레 더단백 팝칩 3종(군옥수수, 매콤살사, 허니갈릭) 택 1",https://www.oliveyoung.co.kr/store/goods/getGoodsDetail.do?goodsNo=A000000186026,https://image.oliveyoung.co.kr/cfimages/cf-goods/uploads/images/thumbnails/400/10/0000/0018/A00000018602637ko.png?l=ko,2500,2500,0.0,44086,4.9,90,7,2,0,0,0,0,0,1,A000000186026,10000020002
2026-08-06,푸드,62,에치와이,에치와이 갓비움 100ml 2종 택1(오리지날/푸룬),https://www.oliveyoung.co.kr/store/goods/getGoodsDetail.do?goodsNo=A000000207486,https://image.oliveyoung.co.kr/cfimages/cf-goods/uploads/images/thumbnails/400/10/0000/0020/A00000020748612ko.png?l=ko,3900,3900,0.0,22084,4.7,85,9,4,1,1,0,0,0,1,A000000207486,10000020002
2026-08-06,푸드,63,테일러,테일러 딥워터 레몬 180ml,https://www.oliveyoung.co.kr/store/goods/getGoodsDetail.do?goodsNo=A000000227547,https://image.oliveyoung.co.kr/cfimages/cf-goods/uploads/images/thumbnails/400/10/0000/0022/A00000022754701ko.jpg?l=ko,4500,2200,51.1,3417,4.8,87,8,4,0,1,1,0,0,1,A000000227547,10000020002
2026-08-06,푸드,64,딜라이트 프로젝트,[8월올영픽]딜라이트 프로젝트 과일칩 4종 택1,https://www.oliveyoung.co.kr/store/goods/getGoodsDetail.do?goodsNo=A000000012835,https://image.oliveyoung.co.kr/cfimages/cf-goods/uploads/images/thumbnails/400/10/0000/0001/A00000001283508ko.jpg?l=ko,3000,3000,0.0,29826,4.7,83,10,5,1,1,0,0,0,1,A000000012835,10000020002
2026-08-06,푸드,65,디다,[체지방루틴] 디다 디다톡 20정(10일분),https://www.oliveyoung.co.kr/store/goods/getGoodsDetail.do?goodsNo=A000000221967,https://image.oliveyoung.co.kr/cfimages/cf-goods/uploads/images/thumbnails/400/10/0000/0022/A00000022196709ko.jpg?l=ko,34900,32110,8.0,336,4.9,91,7,1,0,0,0,1,0,1,A000000221967,10000020002
2026-08-06,푸드,66,오설록,오설록 프리미엄 말차 40g,https://www.oliveyoung.co.kr/store/goods/getGoodsDetail.do?goodsNo=A000000248424,https://image.oliveyoung.co.kr/cfimages/cf-goods/uploads/images/thumbnails/400/10/0000/0024/A00000024842412ko.png?l=ko,23000,18400,20.0,35,4.8,86,9,3,3,,1,0,0,1,A000000248424,10000020002
2026-08-06,푸드,67,플라이밀,플라이밀 쉐이크 630g 보틀기획 (14종 택 1),https://www.oliveyoung.co.kr/store/goods/getGoodsDetail.do?goodsNo=B000000226411,https://image.oliveyoung.co.kr/cfimages/cf-goods/uploads/images/thumbnails/400/10/0000/0022/B00000022641109ko.jpg?l=ko,36900,36900,0.0,2202,4.8,88,9,2,1,0,0,0,0,0,B000000226411,10000020002
2026-08-06,푸드,68,낫띵베럴,[포켓몬 에디션] 낫띵베럴 럽티 4종 택 1,https://www.oliveyoung.co.kr/store/goods/getGoodsDetail.do?goodsNo=A000000212272,https://image.oliveyoung.co.kr/cfimages/cf-goods/uploads/images/thumbnails/400/10/0000/0021/A00000021227213ko.jpg?l=ko,7900,6700,15.2,3656,4.8,89,7,3,0,0,1,1,0,1,A000000212272,10000020002
2026-08-06,푸드,69,푸드올로지,푸드올로지 헤이 그로우 40g,https://www.oliveyoung.co.kr/store/goods/getGoodsDetail.do?goodsNo=A000000257463,https://image.oliveyoung.co.kr/cfimages/cf-goods/uploads/images/thumbnails/400/10/0000/0025/A00000025746301ko.jpg?l=ko,3900,3900,0.0,42,4.8,88,7,2,,2,0,0,0,1,A000000257463,10000020002
2026-08-06,푸드,70,라이프비,라이프비 코코밥 단백질쉐이크 50g 8종 택1,https://www.oliveyoung.co.kr/store/goods/getGoodsDetail.do?goodsNo=A000000237730,https://image.oliveyoung.co.kr/cfimages/cf-goods/uploads/images/thumbnails/400/10/0000/0023/A00000023773025ko.png?l=ko,3900,3100,20.5,6086,4.8,88,7,3,1,1,1,1,0,1,A000000237730,10000020002
2026-08-06,푸드,71,포지타노,포지타노 캔디 3종 중 택1,https://www.oliveyoung.co.kr/store/goods/getGoodsDetail.do?goodsNo=A000000170405,https://image.oliveyoung.co.kr/cfimages/cf-goods/uploads/images/thumbnails/400/10/0000/0017/A00000017040517ko.png?l=ko,9300,8300,10.8,33921,4.9,90,8,2,0,0,1,0,0,1,A000000170405,10000020002
2026-08-06,푸드,72,딜라이트 프로젝트,[온라인 단독]딜라이트 프로젝트 단백질쉐이크 7개입 택1,https://www.oliveyoung.co.kr/store/goods/getGoodsDetail.do?goodsNo=A000000208168,https://image.oliveyoung.co.kr/cfimages/cf-goods/uploads/images/thumbnails/400/10/0000/0020/A00000020816867ko.jpg?l=ko,23400,14900,36.3,110294,4.8,89,7,3,1,1,1,0,1,1,A000000208168,10000020002
2026-08-06,푸드,73,클룹,[콜라/자두 출시] 클룹 애사비소다 13종 택 1,https://www.oliveyoung.co.kr/store/goods/getGoodsDetail.do?goodsNo=A000000235239,https://image.oliveyoung.co.kr/cfimages/cf-goods/uploads/images/thumbnails/400/10/0000/0023/A00000023523929ko.jpg?l=ko,2500,2500,0.0,12174,4.9,93,5,2,0,0,0,0,0,1,A000000235239,10000020002
2026-08-06,푸드,74,티젠,[단독기획] 티젠 콤부차 30T 16종 택1,https://www.oliveyoung.co.kr/store/goods/getGoodsDetail.do?goodsNo=A000000152387,https://image.oliveyoung.co.kr/cfimages/cf-goods/uploads/images/thumbnails/400/10/0000/0015/A00000015238727ko.jpg?l=ko,19500,19500,0.0,7503,4.9,91,7,1,0,0,0,0,0,1,A000000152387,10000020002
2026-08-06,푸드,75,DJ&A,[품절대란] 디제이앤에이 시타케 머쉬룸 크리스프 오리지널 65g,https://www.oliveyoung.co.kr/store/goods/getGoodsDetail.do?goodsNo=A000000241882,https://image.oliveyoung.co.kr/cfimages/cf-goods/uploads/images/thumbnails/400/10/0000/0024/A00000024188201ko.jpg?l=ko,8900,8900,0.0,231,4.8,88,6,4,1,2,0,0,0,1,A000000241882,10000020002
2026-08-06,푸드,76,베지어트,베지어트 식물성 단백질쉐이크 45g 7개입 4종 택 1,https://www.oliveyoung.co.kr/store/goods/getGoodsDetail.do?goodsNo=A000000259954,https://image.oliveyoung.co.kr/cfimages/cf-goods/uploads/images/thumbnails/400/10/0000/0025/A00000025995409ko.jpg?l=ko,31500,27400,13.0,2694,4.9,93,4,2,0,0,1,0,0,1,A000000259954,10000020002
2026-08-06,푸드,77,티킷,[무카페인]티킷 훌훌 가벼운 호박차 2g 20개입,https://www.oliveyoung.co.kr/store/goods/getGoodsDetail.do?goodsNo=A000000255800,https://image.oliveyoung.co.kr/cfimages/cf-goods/uploads/images/thumbnails/400/10/0000/0025/A00000025580001ko.png?l=ko,13900,12900,7.2,130,5.0,100,,,,,1,0,0,1,A000000255800,10000020002
2026-08-06,푸드,78,비비랩,[지혜사랑PICK] 비비랩 유기농 올리브 듀얼샷 4종 택1 (레몬/토마토/석류/블러드오렌지),https://www.oliveyoung.co.kr/store/goods/getGoodsDetail.do?goodsNo=A000000233416,https://image.oliveyoung.co.kr/cfimages/cf-goods/uploads/images/thumbnails/400/10/0000/0023/A00000023341639ko.png?l=ko,19800,17800,10.1,1018,4.9,94,3,2,,0,1,1,1,1,A000000233416,10000020002
2026-08-06,푸드,79,플립즈,플립즈 초콜릿 프레젤 90g 3종 택 1 (밀크초콜릿/솔티드카라멜/피넛버터),https://www.oliveyoung.co.kr/store/goods/getGoodsDetail.do?goodsNo=A000000228949,https://image.oliveyoung.co.kr/cfimages/cf-goods/uploads/images/thumbnails/400/10/0000/0022/A00000022894908ko.jpg?l=ko,4500,4500,0.0,8207,4.9,92,5,2,0,0,0,0,0,1,A000000228949,10000020002
2026-08-06,푸드,80,티젠,티젠 콤부차 10T 13종 택1 (2025 어워즈),https://www.oliveyoung.co.kr/store/goods/getGoodsDetail.do?goodsNo=A000000124481,https://image.oliveyoung.co.kr/cfimages/cf-goods/uploads/images/thumbnails/400/10/0000/0012/A00000012448162ko.jpg?l=ko,8000,5500,31.2,73413,4.8,88,9,3,0,0,1,0,0,1,A000000124481,10000020002
2026-08-06,푸드,81,온브릭스,"[온브릭스] 프리미엄 과일선물세트6종 라임2호 (멜론,애플망고) 3.4kg이상",https://www.oliveyoung.co.kr/store/goods/getGoodsDetail.do?goodsNo=B000000226174,https://image.oliveyoung.co.kr/cfimages/cf-goods/uploads/images/thumbnails/400/10/0000/0022/B00000022617414ko.jpg?l=ko,53700,42960,20.0,61,5.0,100,,,,,0,1,0,0,B000000226174,10000020002
2026-08-06,푸드,82,니아르,[포켓몬 에디션] 니아르 가르시니아 14+6정 기획 (+미니하트괄사 랜덤 증정),https://www.oliveyoung.co.kr/store/goods/getGoodsDetail.do?goodsNo=A000000229159,https://image.oliveyoung.co.kr/cfimages/cf-goods/uploads/images/thumbnails/400/10/0000/0022/A00000022915917ko.jpg?l=ko,24900,17500,29.7,2364,4.7,79,13,5,1,2,1,0,0,1,A000000229159,10000020002
2026-08-06,푸드,83,프로티원,프로티원 단백질쉐이크 파우치형 40g 7입 6종,https://www.oliveyoung.co.kr/store/goods/getGoodsDetail.do?goodsNo=A000000262781,https://image.oliveyoung.co.kr/cfimages/cf-goods/uploads/images/thumbnails/400/10/0000/0026/A00000026278108ko.jpg?l=ko,25900,19900,23.2,96423,4.8,86,9,4,1,1,1,0,0,1,A000000262781,10000020002
2026-08-06,푸드,84,딜라이트 프로젝트,딜라이트 프로젝트 프레첼 3종 택1,https://www.oliveyoung.co.kr/store/goods/getGoodsDetail.do?goodsNo=A000000147782,https://image.oliveyoung.co.kr/cfimages/cf-goods/uploads/images/thumbnails/400/10/0000/0014/A00000014778239ko.jpg?l=ko,2400,2400,0.0,44039,4.9,90,7,2,0,0,0,0,0,1,A000000147782,10000020002
2026-08-06,푸드,85,비비랩,[1+1] 비비랩 퓨어 유기농 레몬즙 100% 10포(10일분),https://www.oliveyoung.co.kr/store/goods/getGoodsDetail.do?goodsNo=A000000212578,https://image.oliveyoung.co.kr/cfimages/cf-goods/uploads/images/thumbnails/400/10/0000/0021/A00000021257819ko.png?l=ko,12900,12600,2.3,2205,4.9,92,6,2,0,0,0,1,1,1,A000000212578,10000020002
2026-08-06,푸드,86,매일유업,"앱솔루트 프리미엄 산양 분유 750g 3캔 2,3 단계",https://www.oliveyoung.co.kr/store/goods/getGoodsDetail.do?goodsNo=B000000169482,https://image.oliveyoung.co.kr/cfimages/cf-goods/uploads/images/thumbnails/400/10/0000/0016/B00000016948207ko.jpg?l=ko,125700,125700,0.0,158,4.8,84,12,4,,,0,0,0,0,B000000169482,10000020002
2026-08-06,푸드,87,올더베러,[온라인 단독]올더베러 마녀스프 5개입 3종 택1,https://www.oliveyoung.co.kr/store/goods/getGoodsDetail.do?goodsNo=A000000253533,https://image.oliveyoung.co.kr/cfimages/cf-goods/uploads/images/thumbnails/400/10/0000/0025/A00000025353319ko.jpg?l=ko,23900,21900,8.4,1295,4.9,89,8,2,0,0,1,0,1,1,A000000253533,10000020002
2026-08-06,푸드,88,뉴트라라이프,뉴트라라이프 프로폴리스 캔디 지관형 35개입,https://www.oliveyoung.co.kr/store/goods/getGoodsDetail.do?goodsNo=A000000208707,https://image.oliveyoung.co.kr/cfimages/cf-goods/uploads/images/thumbnails/400/10/0000/0020/A00000020870714ko.jpg?l=ko,9500,7600,20.0,3004,4.8,88,9,2,0,1,1,0,0,1,A000000208707,10000020002
2026-08-06,푸드,89,딜라이트 프로젝트,[8월올영픽]딜라이트 프로젝트 명인 찹쌀오징어채부각 3종 택1 (오리지널/청양마요/스리라차마요),https://www.oliveyoung.co.kr/store/goods/getGoodsDetail.do?goodsNo=A000000216088,https://image.oliveyoung.co.kr/cfimages/cf-goods/uploads/images/thumbnails/400/10/0000/0021/A00000021608825ko.jpg?l=ko,4900,4300,12.2,15232,4.8,87,8,3,1,1,1,0,0,1,A000000216088,10000020002
2026-08-06,푸드,90,올더베러,[8월올영픽]올더베러 엑스트라 버진 올리브오일 캡슐 30일분(90캡슐),https://www.oliveyoung.co.kr/store/goods/getGoodsDetail.do?goodsNo=A000000245031,https://image.oliveyoung.co.kr/cfimages/cf-goods/uploads/images/thumbnails/400/10/0000/0024/A00000024503109ko.jpg?l=ko,19900,17900,10.1,1362,4.8,88,8,3,0,1,1,0,0,1,A000000245031,10000020002
2026-08-06,푸드,91,라이프비,라이프비 코코밥 단백질쉐이크 50g 7개입 8종 택1,https://www.oliveyoung.co.kr/store/goods/getGoodsDetail.do?goodsNo=A000000261537,https://image.oliveyoung.co.kr/cfimages/cf-goods/uploads/images/thumbnails/400/10/0000/0026/A00000026153711ko.png?l=ko,25500,21000,17.6,1404,4.9,92,5,2,0,1,1,0,0,1,A000000261537,10000020002
2026-08-06,푸드,92,스위치온,[나나PICK] 스위치온 프로틴 쉐이크 40g 4종 택1,https://www.oliveyoung.co.kr/store/goods/getGoodsDetail.do?goodsNo=A000000247813,https://image.oliveyoung.co.kr/cfimages/cf-goods/uploads/images/thumbnails/400/10/0000/0024/A00000024781335ko.jpg?l=ko,4800,4100,14.6,2325,4.7,83,10,4,1,1,1,1,0,1,A000000247813,10000020002
2026-08-06,푸드,93,마이프로틴,마이프로틴 임팩트 웨이 프로틴 WPC 1kg 6종 택1,https://www.oliveyoung.co.kr/store/goods/getGoodsDetail.do?goodsNo=A000000245257,https://image.oliveyoung.co.kr/cfimages/cf-goods/uploads/images/thumbnails/400/10/0000/0024/A00000024525709ko.jpg?l=ko,54900,54900,0.0,197,4.7,79,12,8,1,1,0,0,0,1,A000000245257,10000020002
2026-08-06,푸드,94,크런틴,[NEW스모키머스타드] 크런틴 프사삭 5mm 통감자칩 4종 택 1,https://www.oliveyoung.co.kr/store/goods/getGoodsDetail.do?goodsNo=A000000249896,https://image.oliveyoung.co.kr/cfimages/cf-goods/uploads/images/thumbnails/400/10/0000/0024/A00000024989647ko.jpg?l=ko,4400,4400,0.0,10759,4.7,83,9,5,1,2,0,0,0,1,A000000249896,10000020002
2026-08-06,푸드,95,위시어,위시어 리얼크리스피 프로틴바 4종 택 1,https://www.oliveyoung.co.kr/store/goods/getGoodsDetail.do?goodsNo=A000000252574,https://image.oliveyoung.co.kr/cfimages/cf-goods/uploads/images/thumbnails/400/10/0000/0025/A00000025257412ko.png?l=ko,3300,3300,0.0,1715,4.8,90,5,3,1,1,0,0,0,1,A000000252574,10000020002
2026-08-06,푸드,96,프롬잇,"프롬잇 단백질쉐이크 45g 4종(블루베리그릭요거트맛, 초코맛, 곡물흑임자맛, 바닐라에빠진딸기) 중 선택",https://www.oliveyoung.co.kr/store/goods/getGoodsDetail.do?goodsNo=A000000231079,https://image.oliveyoung.co.kr/cfimages/cf-goods/uploads/images/thumbnails/400/10/0000/0023/A00000023107928ko.jpg?l=ko,4900,3990,18.6,1722,4.8,88,6,4,1,2,1,1,0,1,A000000231079,10000020002
2026-08-06,푸드,97,테일러,테일러 유기농하루푸룬 20g 10개입,https://www.oliveyoung.co.kr/store/goods/getGoodsDetail.do?goodsNo=A000000232866,https://image.oliveyoung.co.kr/cfimages/cf-goods/uploads/images/thumbnails/400/10/0000/0023/A00000023286601ko.jpg?l=ko,20000,9900,50.5,110,4.7,88,4,4,2,3,1,0,0,1,A000000232866,10000020002
2026-08-06,푸드,98,이클립스,[케이스 키링 증정] 이클립스 7종 골라담기 기획(피치/페퍼민트/스피어민트/스트로베리/그레이프/워터메론/인텐스민트),https://www.oliveyoung.co.kr/store/goods/getGoodsDetail.do?goodsNo=A000000153826,https://image.oliveyoung.co.kr/cfimages/cf-goods/uploads/images/thumbnails/400/10/0000/0015/A00000015382617ko.png?l=ko,3300,3300,0.0,41811,4.9,93,5,1,0,0,0,0,1,1,A000000153826,10000020002
2026-08-06,푸드,99,플라이밀,플라이밀 곤약팝 팝콘 20g 매콤양념맛 / 콘소메맛,https://www.oliveyoung.co.kr/store/goods/getGoodsDetail.do?goodsNo=A000000243965,https://image.oliveyoung.co.kr/cfimages/cf-goods/uploads/images/thumbnails/400/10/0000/0024/A00000024396502ko.jpg?l=ko,3500,3500,0.0,357,4.7,85,6,6,2,1,0,0,0,1,A000000243965,10000020002
2026-08-06,푸드,100,뽐떡볶이,뽐떡볶이 파우치 5종 택1,https://www.oliveyoung.co.kr/store/goods/getGoodsDetail.do?goodsNo=A000000249117,https://image.oliveyoung.co.kr/cfimages/cf-goods/uploads/images/thumbnails/400/10/0000/0024/A00000024911712ko.jpg?l=ko,3000,3000,0.0,314,4.9,96,3,1,,0,0,0,0,1,A000000249117,10000020002
2026-08-06,구강용품,1,퓨리븐,[SNS대란템/올영최초런칭] 퓨리븐 퍼플 가루 보색치약 40g,https://www.oliveyoung.co.kr/store/goods/getGoodsDetail.do?goodsNo=A000000257324,https://image.oliveyoung.co.kr/cfimages/cf-goods/uploads/images/thumbnails/400/10/0000/0025/A00000025732406ko.jpg?l=ko,24800,19600,21.0,548,4.7,80,11,6,1,1,1,1,0,1,A000000257324,10000020003
2026-08-06,구강용품,2,테라브레스,[단독기획] 테라브레스 오랄린스 패밀리 사이즈 2종 택1 (본품 1L+150ml 추가 증정),https://www.oliveyoung.co.kr/store/goods/getGoodsDetail.do?goodsNo=A000000158539,https://image.oliveyoung.co.kr/cfimages/cf-goods/uploads/images/thumbnails/400/10/0000/0015/A00000015853911ko.jpg?l=ko,25900,23900,7.7,14835,4.9,92,6,1,0,0,1,1,1,1,A000000158539,10000020003
2026-08-06,구강용품,3,닥터텅스,닥터텅스 스마트 치실 2입 기획,https://www.oliveyoung.co.kr/store/goods/getGoodsDetail.do?goodsNo=A000000203049,https://image.oliveyoung.co.kr/cfimages/cf-goods/uploads/images/thumbnails/400/10/0000/0020/A00000020304961ko.jpg?l=ko,12800,11800,7.8,25057,4.9,91,7,2,0,0,1,0,0,1,A000000203049,10000020003
2026-08-06,구강용품,4,가그린,듀오버스터 더블 민트볼 30입,https://www.oliveyoung.co.kr/store/goods/getGoodsDetail.do?goodsNo=A000000222374,https://image.oliveyoung.co.kr/cfimages/cf-goods/uploads/images/thumbnails/400/10/0000/0022/A00000022237428ko.jpg?l=ko,8900,6560,26.3,19745,4.8,87,9,3,1,1,1,1,0,1,A000000222374,10000020003
2026-08-06,구강용품,5,라덴스,[백태순삭] 라덴스 베럴 혀클리너 4종 (더블기획/단품),https://www.oliveyoung.co.kr/store/goods/getGoodsDetail.do?goodsNo=A000000159233,https://image.oliveyoung.co.kr/cfimages/cf-goods/uploads/images/thumbnails/400/10/0000/0015/A00000015923334ko.jpg?l=ko,9900,8910,10.0,29108,4.8,87,9,3,0,0,1,0,0,1,A000000159233,10000020003
2026-08-06,구강용품,6,리스테린,[대용량 모음전] 리스테린 가글 750ml 3개입 5종 택1,https://www.oliveyoung.co.kr/store/goods/getGoodsDetail.do?goodsNo=A000000163225,https://image.oliveyoung.co.kr/cfimages/cf-goods/uploads/images/thumbnails/400/10/0000/0016/A000000163225100ko.png?l=ko,26900,16600,38.3,4586,4.8,85,12,3,0,0,1,1,1,1,A000000163225,10000020003
2026-08-06,구강용품,7,덴티스테,덴티스테 후레쉬 브레스 스프레이 15ml,https://www.oliveyoung.co.kr/store/goods/getGoodsDetail.do?goodsNo=A000000103540,https://image.oliveyoung.co.kr/cfimages/cf-goods/uploads/images/thumbnails/400/10/0000/0010/A00000010354022ko.jpg?l=ko,9900,7800,21.2,65440,4.9,90,8,2,0,0,1,0,0,1,A000000103540,10000020003
2026-08-06,구강용품,8,콜게이트,[고불소] 콜게이트 프로텍션 치약 100g 기획/단품 2종 택1 (레귤러/쿨민트),https://www.oliveyoung.co.kr/store/goods/getGoodsDetail.do?goodsNo=A000000151959,https://image.oliveyoung.co.kr/cfimages/cf-goods/uploads/images/thumbnails/400/10/0000/0015/A00000015195908ko.jpg?l=ko,12900,11000,14.7,29897,4.9,90,7,2,0,0,1,1,0,1,A000000151959,10000020003
2026-08-06,구강용품,9,노도르,[불소 포함] 노도르 고체가글 6종 택1 (스트롱민트/딸기/피치/레몬/라임/오리지널),https://www.oliveyoung.co.kr/store/goods/getGoodsDetail.do?goodsNo=A000000236918,https://image.oliveyoung.co.kr/cfimages/cf-goods/uploads/images/thumbnails/400/10/0000/0023/A00000023691819ko.jpg?l=ko,12900,10900,15.5,5704,4.7,79,12,6,2,1,1,1,0,1,A000000236918,10000020003
2026-08-06,구강용품,10,리브러쉬,[레오제이 공동개발] 리브러쉬 농축가글액 5종 (복숭아/포도/청사과/클로브/티트리),https://www.oliveyoung.co.kr/store/goods/getGoodsDetail.do?goodsNo=A000000248332,https://image.oliveyoung.co.kr/cfimages/cf-goods/uploads/images/thumbnails/400/10/0000/0024/A00000024833211ko.jpg?l=ko,18900,15900,15.9,2229,4.8,87,9,3,0,0,1,0,1,1,A000000248332,10000020003
2026-08-06,구강용품,11,덴티스테,덴티스테 민트볼 20입,https://www.oliveyoung.co.kr/store/goods/getGoodsDetail.do?goodsNo=A000000157016,https://image.oliveyoung.co.kr/cfimages/cf-goods/uploads/images/thumbnails/400/10/0000/0015/A00000015701633ko.jpg?l=ko,6900,4900,29.0,48731,4.8,87,9,3,0,0,1,1,0,1,A000000157016,10000020003
2026-08-06,구강용품,12,화이니카,[약국 입점] 화이니카 치탄플러스 분말치약 20g,https://www.oliveyoung.co.kr/store/goods/getGoodsDetail.do?goodsNo=A000000240327,https://image.oliveyoung.co.kr/cfimages/cf-goods/uploads/images/thumbnails/400/10/0000/0024/A00000024032701ko.jpg?l=ko,41900,33900,19.1,288,4.8,88,8,3,1,1,1,1,0,1,A000000240327,10000020003
2026-08-06,구강용품,13,덴티스테,[NEW] 덴티스테 플러스화이트 프로 치약 100g 기획 (+어드밴스드케어 칫솔),https://www.oliveyoung.co.kr/store/goods/getGoodsDetail.do?goodsNo=A000000255522,https://image.oliveyoung.co.kr/cfimages/cf-goods/uploads/images/thumbnails/400/10/0000/0025/A00000025552202ko.png?l=ko,11500,8200,28.7,2629,4.9,91,6,2,0,0,1,1,0,1,A000000255522,10000020003
2026-08-06,구강용품,14,유시몰,[한정수량 피치 에디션] 유시몰 피치 화이트닝 치약 106g (+하트 괄사),https://www.oliveyoung.co.kr/store/goods/getGoodsDetail.do?goodsNo=A000000257755,https://image.oliveyoung.co.kr/cfimages/cf-goods/uploads/images/thumbnails/400/10/0000/0025/A00000025775515ko.jpg?l=ko,15900,12400,22.0,7238,4.6,75,15,7,1,1,1,1,1,1,A000000257755,10000020003
2026-08-06,구강용품,15,닥터텅스,닥터텅스 구역질 없는 스텐 혀클리너 (+파우치 증정) (색상 랜덤),https://www.oliveyoung.co.kr/store/goods/getGoodsDetail.do?goodsNo=A000000111272,https://image.oliveyoung.co.kr/cfimages/cf-goods/uploads/images/thumbnails/400/10/0000/0011/A00000011127275ko.jpg?l=ko,11400,9980,12.5,13103,4.8,85,11,4,1,0,1,0,0,1,A000000111272,10000020003
2026-08-06,구강용품,16,유시몰,유시몰 화이트닝 퍼플코렉터 치약 106g,https://www.oliveyoung.co.kr/store/goods/getGoodsDetail.do?goodsNo=A000000199329,https://image.oliveyoung.co.kr/cfimages/cf-goods/uploads/images/thumbnails/400/10/0000/0019/A00000019932951ko.jpg?l=ko,16900,13400,20.7,9463,4.6,75,14,8,2,1,1,1,1,1,A000000199329,10000020003
2026-08-06,구강용품,17,페리오,페리오 화이트나우 미백 패치 일주일팩(14p),https://www.oliveyoung.co.kr/store/goods/getGoodsDetail.do?goodsNo=A000000149866,https://image.oliveyoung.co.kr/cfimages/cf-goods/uploads/images/thumbnails/400/10/0000/0014/A00000014986601ko.jpg?l=ko,22500,12900,42.7,10124,4.6,73,18,7,1,1,1,0,0,1,A000000149866,10000020003
2026-08-06,구강용품,18,덴티스테,[대용량/불소 포함] 덴티스테 플러스화이트 프로 치약 튜브 160g 3종 택1,https://www.oliveyoung.co.kr/store/goods/getGoodsDetail.do?goodsNo=A000000236423,https://image.oliveyoung.co.kr/cfimages/cf-goods/uploads/images/thumbnails/400/10/0000/0023/A00000023642302ko.jpg?l=ko,17300,13300,23.1,3133,4.8,89,8,3,0,0,1,0,0,1,A000000236423,10000020003
2026-08-06,구강용품,19,센소다인,[불소 포함] 센소다인 치약 6종 택1,https://www.oliveyoung.co.kr/store/goods/getGoodsDetail.do?goodsNo=A000000245074,https://image.oliveyoung.co.kr/cfimages/cf-goods/uploads/images/thumbnails/400/10/0000/0024/A00000024507413ko.jpg?l=ko,7400,6400,13.5,22716,4.8,86,11,3,0,0,1,0,0,1,A000000245074,10000020003
2026-08-06,구강용품,20,뷰카,[고불소] 뷰카 클래식 구취케어 치약 아쿠아민트 100g 증정기획 (+30g) 올리브영 단독기획,https://www.oliveyoung.co.kr/store/goods/getGoodsDetail.do?goodsNo=A000000257841,https://image.oliveyoung.co.kr/cfimages/cf-goods/uploads/images/thumbnails/400/10/0000/0025/A00000025784109ko.jpg?l=ko,6900,6700,2.9,1947,5.0,96,3,1,0,0,1,0,1,1,A000000257841,10000020003
2026-08-06,구강용품,21,루치펠로,[최유정 PICK /고불소/NEW] 루치펠로 유칼립투스 앤 민트/라임 앤 씨솔트 치약 105g,https://www.oliveyoung.co.kr/store/goods/getGoodsDetail.do?goodsNo=A000000262623,https://image.oliveyoung.co.kr/cfimages/cf-goods/uploads/images/thumbnails/400/10/0000/0026/A00000026262312ko.jpg?l=ko,11900,7510,36.9,203,5.0,98,2,,,,1,1,0,1,A000000262623,10000020003
2026-08-06,구강용품,22,브리쎄,[토끼혀/NEW] 브리쎄 레빗텅 틴트 필름 3종 택 1(시그니처/크랜베리/피치민트),https://www.oliveyoung.co.kr/store/goods/getGoodsDetail.do?goodsNo=A000000257314,https://image.oliveyoung.co.kr/cfimages/cf-goods/uploads/images/thumbnails/400/10/0000/0025/A00000025731420ko.jpg?l=ko,19800,15900,19.7,288,4.7,86,5,4,2,2,1,1,0,1,A000000257314,10000020003
2026-08-06,구강용품,23,큐라덴,큐라덴 큐라프록스 CS5460 칫솔,https://www.oliveyoung.co.kr/store/goods/getGoodsDetail.do?goodsNo=A000000166387,https://image.oliveyoung.co.kr/cfimages/cf-goods/uploads/images/thumbnails/400/10/0000/0016/A00000016638713ko.jpg?l=ko,8500,8500,0.0,2704,4.8,87,9,3,1,1,0,0,0,1,A000000166387,10000020003
2026-08-06,구강용품,24,플랙커스,플랙커스 마이크로민트 치실 (36개입/90개입),https://www.oliveyoung.co.kr/store/goods/getGoodsDetail.do?goodsNo=A000000173421,https://image.oliveyoung.co.kr/cfimages/cf-goods/uploads/images/thumbnails/400/10/0000/0017/A00000017342108ko.jpg?l=ko,4100,3400,17.1,6458,4.9,89,8,2,0,0,1,0,0,1,A000000173421,10000020003
2026-08-06,구강용품,25,티타드,[97% 구취 제거] 티타드 프레시 브레스 플러스 치약 100g 기획 2종 (더블/단품),https://www.oliveyoung.co.kr/store/goods/getGoodsDetail.do?goodsNo=A000000186672,https://image.oliveyoung.co.kr/cfimages/cf-goods/uploads/images/thumbnails/400/10/0000/0018/A00000018667255ko.png?l=ko,19800,19800,0.0,5317,4.8,83,12,4,1,1,0,0,0,1,A000000186672,10000020003
2026-08-06,구강용품,26,테라브레스,테라브레스 오랄린스 473ml 5종 택1,https://www.oliveyoung.co.kr/store/goods/getGoodsDetail.do?goodsNo=A000000157075,https://image.oliveyoung.co.kr/cfimages/cf-goods/uploads/images/thumbnails/400/10/0000/0015/A00000015707511ko.jpg?l=ko,14900,13900,6.7,9230,4.8,88,9,2,0,0,1,0,1,1,A000000157075,10000020003
2026-08-06,구강용품,27,루치펠로,루치펠로 7도 칫솔 4입 2종 택1,https://www.oliveyoung.co.kr/store/goods/getGoodsDetail.do?goodsNo=A000000161741,https://image.oliveyoung.co.kr/cfimages/cf-goods/uploads/images/thumbnails/400/10/0000/0016/A00000016174108ko.jpg?l=ko,16500,9900,40.0,13779,4.8,86,10,3,0,0,1,0,0,1,A000000161741,10000020003
2026-08-06,구강용품,28,유시몰,유시몰 퍼플코렉터 치약 106g 기획 (+퍼플 글로우 파우치) (바비 콜라보),https://www.oliveyoung.co.kr/store/goods/getGoodsDetail.do?goodsNo=A000000251052,https://image.oliveyoung.co.kr/cfimages/cf-goods/uploads/images/thumbnails/400/10/0000/0025/A00000025105203ko.jpg?l=ko,16900,13680,19.1,13617,4.6,76,14,7,2,1,1,1,1,1,A000000251052,10000020003
2026-08-06,구강용품,29,닥터텅스,닥터텅스 스마트 치실 (색상 랜덤배송),https://www.oliveyoung.co.kr/store/goods/getGoodsDetail.do?goodsNo=A000000008646,https://image.oliveyoung.co.kr/cfimages/cf-goods/uploads/images/thumbnails/400/10/0000/0000/A00000000864625ko.jpg?l=ko,6500,6500,0.0,18790,4.9,90,7,2,0,0,0,0,0,1,A000000008646,10000020003
2026-08-06,구강용품,30,뷰센,[집중 미백케어] 뷰센28 치아미백제 105g 대용량 기획팩 (+칫솔 1P),https://www.oliveyoung.co.kr/store/goods/getGoodsDetail.do?goodsNo=A000000222830,https://image.oliveyoung.co.kr/cfimages/cf-goods/uploads/images/thumbnails/400/10/0000/0022/A00000022283015ko.jpg?l=ko,13000,7700,40.8,9167,4.6,75,16,7,1,1,1,1,0,1,A000000222830,10000020003
2026-08-06,구강용품,31,리브러쉬,리브러쉬 구강 스프레이 15ml 더블기획 2종 (프레쉬 브레스/리프레쉬),https://www.oliveyoung.co.kr/store/goods/getGoodsDetail.do?goodsNo=A000000255359,https://image.oliveyoung.co.kr/cfimages/cf-goods/uploads/images/thumbnails/400/10/0000/0025/A00000025535918ko.png?l=ko,29900,16900,43.5,5314,4.8,83,11,5,1,1,1,0,0,1,A000000255359,10000020003
2026-08-06,구강용품,32,유시몰,유시몰 레귤러 칫솔 2입 기획세트,https://www.oliveyoung.co.kr/store/goods/getGoodsDetail.do?goodsNo=A000000182296,https://image.oliveyoung.co.kr/cfimages/cf-goods/uploads/images/thumbnails/400/10/0000/0018/A00000018229606ko.jpg?l=ko,9900,7900,20.2,6979,4.8,88,9,2,0,0,1,0,1,1,A000000182296,10000020003
2026-08-06,구강용품,33,테라브레스,테라브레스 오랄린스 1L+150ml 단독기획 & 473ml 4종,https://www.oliveyoung.co.kr/store/goods/getGoodsDetail.do?goodsNo=A000000253449,https://image.oliveyoung.co.kr/cfimages/cf-goods/uploads/images/thumbnails/400/10/0000/0025/A00000025344916ko.jpg?l=ko,25900,23900,7.7,27889,4.9,92,6,1,0,0,1,1,1,1,A000000253449,10000020003
2026-08-06,구강용품,34,마비스,마비스 치약 85ml 4종 택1,https://www.oliveyoung.co.kr/store/goods/getGoodsDetail.do?goodsNo=A000000124335,https://image.oliveyoung.co.kr/cfimages/cf-goods/uploads/images/thumbnails/400/10/0000/0012/A00000012433530ko.jpg?l=ko,23000,17250,25.0,2860,4.8,84,11,4,1,1,1,0,0,1,A000000124335,10000020003
2026-08-06,구강용품,35,조르단,조르단 3in1 치실 36개입 (트래블 케이스 증정),https://www.oliveyoung.co.kr/store/goods/getGoodsDetail.do?goodsNo=A000000153937,https://image.oliveyoung.co.kr/cfimages/cf-goods/uploads/images/thumbnails/400/10/0000/0015/A00000015393709ko.jpg?l=ko,4300,3600,16.3,10054,4.8,88,8,3,0,0,1,0,0,1,A000000153937,10000020003
2026-08-06,구강용품,36,콜게이트,[불소 포함] 콜게이트 옵틱화이트 다즐링화이트 치약 100g,https://www.oliveyoung.co.kr/store/goods/getGoodsDetail.do?goodsNo=A000000154178,https://image.oliveyoung.co.kr/cfimages/cf-goods/uploads/images/thumbnails/400/10/0000/0015/A00000015417805ko.jpg?l=ko,8800,6100,30.7,3165,4.7,81,14,5,0,0,1,0,0,1,A000000154178,10000020003
2026-08-06,구강용품,37,민티드,[불소 포함] 민티드 프리미엄 고체치약 90정 기획 (+미니케이스),https://www.oliveyoung.co.kr/store/goods/getGoodsDetail.do?goodsNo=A000000250790,https://image.oliveyoung.co.kr/cfimages/cf-goods/uploads/images/thumbnails/400/10/0000/0025/A00000025079004ko.jpg?l=ko,11900,9900,16.8,5376,4.7,79,13,6,1,2,1,0,0,1,A000000250790,10000020003
2026-08-06,구강용품,38,유시몰,[한정수량 피치 에디션] 유시몰 여행용 칫솔 세트 (+미니 피치 혀클리너),https://www.oliveyoung.co.kr/store/goods/getGoodsDetail.do?goodsNo=A000000257762,https://image.oliveyoung.co.kr/cfimages/cf-goods/uploads/images/thumbnails/400/10/0000/0025/A00000025776215ko.jpg?l=ko,9900,7500,24.2,7294,4.8,88,9,2,0,0,1,1,1,1,A000000257762,10000020003
2026-08-06,구강용품,39,페리오,페리오 화이트나우 미백 패치 3종 택1 (일주일팩/대용량팩/8P),https://www.oliveyoung.co.kr/store/goods/getGoodsDetail.do?goodsNo=A000000222020,https://image.oliveyoung.co.kr/cfimages/cf-goods/uploads/images/thumbnails/400/10/0000/0022/A00000022202001ko.jpg?l=ko,22500,12900,42.7,24887,4.6,72,18,7,1,1,1,0,0,1,A000000222020,10000020003
2026-08-06,구강용품,40,테라브레스,테라브레스 오랄린스 휴대용키트 12ml 6개입 2종 (마일드민트/아이시민트),https://www.oliveyoung.co.kr/store/goods/getGoodsDetail.do?goodsNo=A000000158541,https://image.oliveyoung.co.kr/cfimages/cf-goods/uploads/images/thumbnails/400/10/0000/0015/A00000015854111ko.jpg?l=ko,5900,4900,16.9,11492,4.8,88,9,2,0,0,1,0,1,1,A000000158541,10000020003
2026-08-06,구강용품,41,테라브레스,테라브레스 오랄린스 473ml 2종(마일드/아이시) 택1,https://www.oliveyoung.co.kr/store/goods/getGoodsDetail.do?goodsNo=A000000136360,https://image.oliveyoung.co.kr/cfimages/cf-goods/uploads/images/thumbnails/400/10/0000/0013/A00000013636012ko.jpg?l=ko,14900,13900,6.7,19790,4.8,83,13,4,0,1,1,0,1,1,A000000136360,10000020003
2026-08-06,구강용품,42,라이브오랄스,[올영단독/NEW] 라이브오랄스 치아미백제+미백치약 화이트닝 끝장세트(4주분),https://www.oliveyoung.co.kr/store/goods/getGoodsDetail.do?goodsNo=A000000261834,https://image.oliveyoung.co.kr/cfimages/cf-goods/uploads/images/thumbnails/400/10/0000/0026/A00000026183401ko.png?l=ko,32500,29900,8.0,5427,4.5,72,16,9,2,2,1,0,0,1,A000000261834,10000020003
2026-08-06,구강용품,43,콜게이트,[고불소] 콜게이트 프로텍션 레귤러 / 쿨민트 100g,https://www.oliveyoung.co.kr/store/goods/getGoodsDetail.do?goodsNo=A000000240812,https://image.oliveyoung.co.kr/cfimages/cf-goods/uploads/images/thumbnails/400/10/0000/0024/A00000024081203ko.jpg?l=ko,4300,3000,30.2,7778,4.9,93,5,2,0,0,1,1,0,1,A000000240812,10000020003
2026-08-06,구강용품,44,라이브오랄스,[마우스피스 기획세트] 라이브오랄스 셀프 홈케어 치아미백제 2주분,https://www.oliveyoung.co.kr/store/goods/getGoodsDetail.do?goodsNo=A000000192047,https://image.oliveyoung.co.kr/cfimages/cf-goods/uploads/images/thumbnails/400/10/0000/0019/A00000019204746ko.jpg?l=ko,32500,28900,11.1,3380,4.5,71,16,9,2,2,1,0,0,1,A000000192047,10000020003
2026-08-06,구강용품,45,언파,[비건 치아미백] 언파 차차 캐모마일 미백치약 90g 기획(+20g),https://www.oliveyoung.co.kr/store/goods/getGoodsDetail.do?goodsNo=A000000229326,https://image.oliveyoung.co.kr/cfimages/cf-goods/uploads/images/thumbnails/400/10/0000/0022/A00000022932618ko.jpg?l=ko,10900,9810,10.0,4405,4.5,67,19,10,2,2,1,0,1,1,A000000229326,10000020003
2026-08-06,구강용품,46,덴티스테,[불소 포함] 덴티스테 플러스 화이트 프로 치약 튜브 60g/100g,https://www.oliveyoung.co.kr/store/goods/getGoodsDetail.do?goodsNo=A000000236415,https://image.oliveyoung.co.kr/cfimages/cf-goods/uploads/images/thumbnails/400/10/0000/0023/A00000023641502ko.jpg?l=ko,7300,5200,28.8,3133,4.8,89,8,3,0,0,1,1,0,1,A000000236415,10000020003
2026-08-06,구강용품,47,언파,[불소 포함] 언파 차차 차콜 치약 100g 더블기획 (+20g 미니치약),https://www.oliveyoung.co.kr/store/goods/getGoodsDetail.do?goodsNo=A000000229327,https://image.oliveyoung.co.kr/cfimages/cf-goods/uploads/images/thumbnails/400/10/0000/0022/A00000022932710ko.jpg?l=ko,17800,12600,29.2,6087,4.7,80,14,5,1,1,1,0,1,1,A000000229327,10000020003
2026-08-06,구강용품,48,플랙커스,[대용량] 플랙커스 마이크로민트 치실 300개입,https://www.oliveyoung.co.kr/store/goods/getGoodsDetail.do?goodsNo=A000000257842,https://image.oliveyoung.co.kr/cfimages/cf-goods/uploads/images/thumbnails/400/10/0000/0025/A00000025784201ko.jpg?l=ko,16400,16400,0.0,8359,4.9,90,8,2,0,0,0,0,0,1,A000000257842,10000020003
2026-08-06,구강용품,49,덴티미,덴티미 구강장치 클리너 200ml 기획세트 (+세척솔),https://www.oliveyoung.co.kr/store/goods/getGoodsDetail.do?goodsNo=A000000253448,https://image.oliveyoung.co.kr/cfimages/cf-goods/uploads/images/thumbnails/400/10/0000/0025/A00000025344809ko.jpg?l=ko,21000,19500,7.1,132,5.0,96,3,1,,,1,0,0,1,A000000253448,10000020003
2026-08-06,구강용품,50,에비스,에비스 플래티넘 화이트닝케어 칫솔 (색상랜덤),https://www.oliveyoung.co.kr/store/goods/getGoodsDetail.do?goodsNo=A000000119959,https://image.oliveyoung.co.kr/cfimages/cf-goods/uploads/images/thumbnails/400/10/0000/0011/A00000011995905ko.jpg?l=ko,4600,4200,8.7,6466,4.8,87,9,3,1,0,1,0,0,1,A000000119959,10000020003
2026-08-06,구강용품,51,리브러쉬,[5L 용량] 리브러쉬 100배 농축 가글 50ml 2종 택1,https://www.oliveyoung.co.kr/store/goods/getGoodsDetail.do?goodsNo=A000000176046,https://image.oliveyoung.co.kr/cfimages/cf-goods/uploads/images/thumbnails/400/10/0000/0017/A00000017604660ko.png?l=ko,21900,18900,13.7,5561,4.8,83,12,3,1,1,1,0,0,1,A000000176046,10000020003
2026-08-06,구강용품,52,베러데이,[치아미백] 칸디데 화이트케어 치약 100g,https://www.oliveyoung.co.kr/store/goods/getGoodsDetail.do?goodsNo=A000000231639,https://image.oliveyoung.co.kr/cfimages/cf-goods/uploads/images/thumbnails/400/10/0000/0023/A00000023163902ko.jpg?l=ko,13000,10900,16.2,775,4.8,84,10,5,1,1,1,1,0,1,A000000231639,10000020003
2026-08-06,구강용품,53,덴탈프로,덴탈프로 치간칫솔 사이즈 1번 15P,https://www.oliveyoung.co.kr/store/goods/getGoodsDetail.do?goodsNo=A000000112340,https://image.oliveyoung.co.kr/cfimages/cf-goods/uploads/images/thumbnails/400/10/0000/0011/A00000011234005ko.jpg?l=ko,7200,5900,18.1,6208,4.8,85,12,3,0,0,1,0,0,1,A000000112340,10000020003
2026-08-06,구강용품,54,콜게이트,[불소 포함] 콜게이트 마우스워시 아이스민트 750ml,https://www.oliveyoung.co.kr/store/goods/getGoodsDetail.do?goodsNo=A000000189196,https://image.oliveyoung.co.kr/cfimages/cf-goods/uploads/images/thumbnails/400/10/0000/0018/A00000018919601ko.jpg?l=ko,10600,10600,0.0,548,4.8,86,10,3,,0,0,0,0,1,A000000189196,10000020003
2026-08-06,구강용품,55,자일리톨스톤,자일리톨스톤 구강 캔디 70g (오리지널/레몬/페퍼민트),https://www.oliveyoung.co.kr/store/goods/getGoodsDetail.do?goodsNo=A000000191213,https://image.oliveyoung.co.kr/cfimages/cf-goods/uploads/images/thumbnails/400/10/0000/0019/A00000019121301ko.jpg?l=ko,7200,7200,0.0,5330,4.8,85,10,4,1,1,0,0,0,1,A000000191213,10000020003
2026-08-06,구강용품,56,페리오,미니스 여행용 세트 (트래블 키트),https://www.oliveyoung.co.kr/store/goods/getGoodsDetail.do?goodsNo=A000000010166,https://image.oliveyoung.co.kr/cfimages/cf-goods/uploads/images/thumbnails/400/10/0000/0001/A00000001016606ko.jpg?l=ko,11900,11900,0.0,1851,4.8,83,13,4,0,,0,0,0,1,A000000010166,10000020003
2026-08-06,구강용품,57,덴티스테,[불소 포함] [시린이케어] 덴티스테 뉴 센서티브케어 치약 60g/100g,https://www.oliveyoung.co.kr/store/goods/getGoodsDetail.do?goodsNo=A000000191554,https://image.oliveyoung.co.kr/cfimages/cf-goods/uploads/images/thumbnails/400/10/0000/0019/A00000019155408ko.jpg?l=ko,8600,5900,31.4,4050,4.8,85,11,3,0,0,1,1,0,1,A000000191554,10000020003
2026-08-06,구강용품,58,루치펠로,[구취케어] 루치펠로 미스틱포레스트 치약&칫솔 여행용 세트,https://www.oliveyoung.co.kr/store/goods/getGoodsDetail.do?goodsNo=A000000143000,https://image.oliveyoung.co.kr/cfimages/cf-goods/uploads/images/thumbnails/400/10/0000/0014/A00000014300007ko.jpg?l=ko,8900,7500,15.7,10624,4.8,86,10,3,0,0,1,0,0,1,A000000143000,10000020003
2026-08-06,구강용품,59,리스테린,[1+1 단독기획] 리스테린 가글 헬씨브라이트 750ml,https://www.oliveyoung.co.kr/store/goods/getGoodsDetail.do?goodsNo=A000000194060,https://image.oliveyoung.co.kr/cfimages/cf-goods/uploads/images/thumbnails/400/10/0000/0019/A00000019406031ko.png?l=ko,11500,11400,0.9,2460,4.8,87,10,2,0,0,1,0,0,1,A000000194060,10000020003
2026-08-06,구강용품,60,테라브레스,[잇몸 케어] 테라브레스 헬시검스 오랄린스 클린민트 473ml,https://www.oliveyoung.co.kr/store/goods/getGoodsDetail.do?goodsNo=A000000149983,https://image.oliveyoung.co.kr/cfimages/cf-goods/uploads/images/thumbnails/400/10/0000/0014/A00000014998304ko.jpg?l=ko,14900,13500,9.4,1403,4.9,89,8,2,0,,1,1,1,1,A000000149983,10000020003
2026-08-06,구강용품,61,오랄비,오랄비 치실 왁스/민트 50m (플라그케어),https://www.oliveyoung.co.kr/store/goods/getGoodsDetail.do?goodsNo=A000000015979,https://image.oliveyoung.co.kr/cfimages/cf-goods/uploads/images/thumbnails/400/10/0000/0001/A00000001597906ko.jpg?l=ko,3220,2500,22.4,16147,4.8,86,10,4,0,0,1,0,0,1,A000000015979,10000020003
2026-08-06,구강용품,62,로로벨,로로벨 와와 센스 구강 스프레이 10ml,https://www.oliveyoung.co.kr/store/goods/getGoodsDetail.do?goodsNo=A000000152461,https://image.oliveyoung.co.kr/cfimages/cf-goods/uploads/images/thumbnails/400/10/0000/0015/A00000015246107ko.jpg?l=ko,7800,7020,10.0,4054,4.9,95,4,1,0,0,0,1,0,1,A000000152461,10000020003
2026-08-06,구강용품,63,닥터텅스,닥터텅스 칫솔프로텍터 (색상 랜덤배송),https://www.oliveyoung.co.kr/store/goods/getGoodsDetail.do?goodsNo=A000000008645,https://image.oliveyoung.co.kr/cfimages/cf-goods/uploads/images/thumbnails/400/10/0000/0000/A00000000864517ko.jpg?l=ko,9000,7900,12.2,2176,4.7,76,17,6,1,0,1,0,0,1,A000000008645,10000020003
2026-08-06,구강용품,64,유시몰,[불소 포함] 유시몰 화이트닝 미백치약 106g,https://www.oliveyoung.co.kr/store/goods/getGoodsDetail.do?goodsNo=A000000175534,https://image.oliveyoung.co.kr/cfimages/cf-goods/uploads/images/thumbnails/400/10/0000/0017/A00000017553421ko.jpg?l=ko,15900,12500,21.4,8176,4.6,72,16,8,2,2,1,1,1,1,A000000175534,10000020003
2026-08-06,구강용품,65,리스테린,[1+1 단독기획/순한맛] 리스테린 내추럴 그린티 마일드 750ml,https://www.oliveyoung.co.kr/store/goods/getGoodsDetail.do?goodsNo=A000000171610,https://image.oliveyoung.co.kr/cfimages/cf-goods/uploads/images/thumbnails/400/10/0000/0017/A00000017161058ko.png?l=ko,9900,9800,1.0,3081,4.9,89,9,2,0,0,1,0,0,1,A000000171610,10000020003
2026-08-06,구강용품,66,티타드,[미니언즈 콜라보/구취제거 1등] 티타드 프레시 브레스 플러스 치약 100g 더블 기획 (+칫솔 2개/스티커),https://www.oliveyoung.co.kr/store/goods/getGoodsDetail.do?goodsNo=A000000258820,https://image.oliveyoung.co.kr/cfimages/cf-goods/uploads/images/thumbnails/400/10/0000/0025/A00000025882003ko.png?l=ko,19800,17500,11.6,7523,4.7,83,11,4,1,1,1,0,0,1,A000000258820,10000020003
2026-08-06,구강용품,67,닥터텅스,[대용량] 닥터텅스 이태리 치실 6개입,https://www.oliveyoung.co.kr/store/goods/getGoodsDetail.do?goodsNo=A000000150674,https://image.oliveyoung.co.kr/cfimages/cf-goods/uploads/images/thumbnails/400/10/0000/0015/A00000015067420ko.jpg?l=ko,36270,36270,0.0,1490,4.9,95,4,0,0,1,0,0,0,1,A000000150674,10000020003
2026-08-06,구강용품,68,뷰센,[고불소] 뷰센C 충치케어 치약 160g 기획 (+뷰센28 미백제 34g),https://www.oliveyoung.co.kr/store/goods/getGoodsDetail.do?goodsNo=A000000248364,https://image.oliveyoung.co.kr/cfimages/cf-goods/uploads/images/thumbnails/400/10/0000/0024/A00000024836408ko.png?l=ko,14000,10900,22.1,9725,4.7,78,14,6,1,1,1,0,0,1,A000000248364,10000020003
2026-08-06,구강용품,69,마비스,[NEW] 마비스 화이트민트 치약 25ml/85ml/85ml 기획(+10ml),https://www.oliveyoung.co.kr/store/goods/getGoodsDetail.do?goodsNo=A000000254443,https://image.oliveyoung.co.kr/cfimages/cf-goods/uploads/images/thumbnails/400/10/0000/0025/A00000025444307ko.jpg?l=ko,17000,13600,20.0,113,4.9,95,5,,,,1,0,0,1,A000000254443,10000020003
2026-08-06,구강용품,70,유시몰,유시몰 클래식 혀클리너,https://www.oliveyoung.co.kr/store/goods/getGoodsDetail.do?goodsNo=A000000201886,https://image.oliveyoung.co.kr/cfimages/cf-goods/uploads/images/thumbnails/400/10/0000/0020/A00000020188607ko.jpg?l=ko,9900,8900,10.1,4228,4.7,84,10,5,1,1,1,0,1,1,A000000201886,10000020003
2026-08-06,구강용품,71,투스잇,[NEW] 투스잇 5in1 일회용 칫솔 민트향/피치향 10개입,https://www.oliveyoung.co.kr/store/goods/getGoodsDetail.do?goodsNo=A000000259959,https://image.oliveyoung.co.kr/cfimages/cf-goods/uploads/images/thumbnails/400/10/0000/0025/A00000025995903ko.jpg?l=ko,9900,8800,11.1,58,4.9,95,,5,,,1,0,0,1,A000000259959,10000020003
2026-08-06,구강용품,72,오랄비,오랄비 DB5 배터리 전동칫솔 화이트,https://www.oliveyoung.co.kr/store/goods/getGoodsDetail.do?goodsNo=A000000228404,https://image.oliveyoung.co.kr/cfimages/cf-goods/uploads/images/thumbnails/400/10/0000/0022/A00000022840401ko.jpg?l=ko,19900,12900,35.2,295,4.8,90,6,3,1,0,1,0,0,1,A000000228404,10000020003
2026-08-06,구강용품,73,덴탈프로,덴탈프로 치간칫솔 사이즈 0번 15P,https://www.oliveyoung.co.kr/store/goods/getGoodsDetail.do?goodsNo=A000000103709,https://image.oliveyoung.co.kr/cfimages/cf-goods/uploads/images/thumbnails/400/10/0000/0010/A00000010370905ko.jpg?l=ko,7200,7200,0.0,10486,4.8,85,11,3,1,0,0,0,0,1,A000000103709,10000020003
2026-08-06,구강용품,74,뷰센,뷰센30 치아미백제 80g,https://www.oliveyoung.co.kr/store/goods/getGoodsDetail.do?goodsNo=A000000206330,https://image.oliveyoung.co.kr/cfimages/cf-goods/uploads/images/thumbnails/400/10/0000/0020/A00000020633033ko.png?l=ko,11000,8400,23.6,694,4.7,79,14,5,1,1,1,1,0,1,A000000206330,10000020003
2026-08-06,구강용품,75,유시몰,[한정수량 피치 에디션] 유시몰 피치 마우스 스프레이 15mL 더블기획,https://www.oliveyoung.co.kr/store/goods/getGoodsDetail.do?goodsNo=A000000257757,https://image.oliveyoung.co.kr/cfimages/cf-goods/uploads/images/thumbnails/400/10/0000/0025/A00000025775711ko.jpg?l=ko,17800,12400,30.3,417,4.6,76,12,9,2,2,1,1,1,1,A000000257757,10000020003
2026-08-06,구강용품,76,바이컬러,[화이트닝] 바이컬러 치아 미백 치트키 3종 (치아미백제/미백키트/미백 폴리셔),https://www.oliveyoung.co.kr/store/goods/getGoodsDetail.do?goodsNo=A000000262448,https://image.oliveyoung.co.kr/cfimages/cf-goods/uploads/images/thumbnails/400/10/0000/0026/A00000026244813ko.jpg?l=ko,11000,8900,19.1,6238,4.8,90,6,3,1,0,1,0,0,1,A000000262448,10000020003
2026-08-06,구강용품,77,큐라덴,큐라덴 큐라프록스 혀클리너 CTC202,https://www.oliveyoung.co.kr/store/goods/getGoodsDetail.do?goodsNo=A000000166388,https://image.oliveyoung.co.kr/cfimages/cf-goods/uploads/images/thumbnails/400/10/0000/0016/A00000016638803ko.jpg?l=ko,6000,6000,0.0,755,4.8,85,10,4,1,0,0,0,0,1,A000000166388,10000020003
2026-08-06,구강용품,78,테라브레스,[대용량] 테라브레스 오랄린스 1L 3개입 2종 택1 (마일드민트/아이시민트),https://www.oliveyoung.co.kr/store/goods/getGoodsDetail.do?goodsNo=A000000151666,https://image.oliveyoung.co.kr/cfimages/cf-goods/uploads/images/thumbnails/400/10/0000/0015/A00000015166613ko.jpg?l=ko,76300,66900,12.3,5364,4.8,88,8,3,0,0,1,1,1,1,A000000151666,10000020003
2026-08-06,구강용품,79,에비스,[대용량] 에비스 프리미엄케어 6열 광폭헤드 칫솔 미세모 4개입 (색상랜덤),https://www.oliveyoung.co.kr/store/goods/getGoodsDetail.do?goodsNo=A000000154205,https://image.oliveyoung.co.kr/cfimages/cf-goods/uploads/images/thumbnails/400/10/0000/0015/A00000015420504ko.jpg?l=ko,16900,15100,10.7,426,4.9,92,8,1,,,1,0,0,1,A000000154205,10000020003
2026-08-06,구강용품,80,센소다인,[고불소/NEW] 센소다인 멀티케어 EX 100g,https://www.oliveyoung.co.kr/store/goods/getGoodsDetail.do?goodsNo=A000000253191,https://image.oliveyoung.co.kr/cfimages/cf-goods/uploads/images/thumbnails/400/10/0000/0025/A00000025319114ko.jpg?l=ko,7400,6400,13.5,11929,4.8,84,12,3,0,0,1,0,0,1,A000000253191,10000020003
2026-08-06,구강용품,81,콜게이트,[고불소/단독] 콜게이트 프로텍션 레귤러 100g 3+1 기획,https://www.oliveyoung.co.kr/store/goods/getGoodsDetail.do?goodsNo=A000000151592,https://image.oliveyoung.co.kr/cfimages/cf-goods/uploads/images/thumbnails/400/10/0000/0015/A00000015159204ko.jpg?l=ko,12900,11000,14.7,540,4.9,91,7,1,,0,1,1,0,1,A000000151592,10000020003
2026-08-06,구강용품,82,생활도감,생활도감 10중 혀클리너,https://www.oliveyoung.co.kr/store/goods/getGoodsDetail.do?goodsNo=A000000105043,https://image.oliveyoung.co.kr/cfimages/cf-goods/uploads/images/thumbnails/400/10/0000/0010/A00000010504303ko.jpg?l=ko,5200,5200,0.0,14210,4.7,81,13,5,1,0,0,0,0,1,A000000105043,10000020003
2026-08-06,구강용품,83,에이카랩스,[치과 전문의 개발] 에이카랩스 고불소 치약 110g 2종 (라임블렌드/자몽민트),https://www.oliveyoung.co.kr/store/goods/getGoodsDetail.do?goodsNo=A000000251634,https://image.oliveyoung.co.kr/cfimages/cf-goods/uploads/images/thumbnails/400/10/0000/0025/A00000025163409ko.jpg?l=ko,10000,7000,30.0,432,4.9,96,2,2,,0,1,1,0,1,A000000251634,10000020003
2026-08-06,구강용품,84,리스테린,리스테린 프리미엄 불소가글 캐비티케어/토탈케어플러스 키링기획 750ml+100ml*2,https://www.oliveyoung.co.kr/store/goods/getGoodsDetail.do?goodsNo=A000000248175,https://image.oliveyoung.co.kr/cfimages/cf-goods/uploads/images/thumbnails/400/10/0000/0024/A00000024817539ko.png?l=ko,11500,8300,27.8,6215,4.8,89,8,2,0,0,1,0,0,1,A000000248175,10000020003
2026-08-06,구강용품,85,레드씰,뉴질랜드1위 레드씰 프로폴리스 민트 치약 100g (구취제거율98%),https://www.oliveyoung.co.kr/store/goods/getGoodsDetail.do?goodsNo=A000000217484,https://image.oliveyoung.co.kr/cfimages/cf-goods/uploads/images/thumbnails/400/10/0000/0021/A00000021748405ko.jpg?l=ko,7000,4900,30.0,592,4.9,90,7,3,0,0,1,0,0,1,A000000217484,10000020003
2026-08-06,구강용품,86,유시몰,유시몰 헬시브레쓰캔디 산리오 콜라보 기획 2종 택1 (쿨링피치 / 프레쉬 유칼립투스),https://www.oliveyoung.co.kr/store/goods/getGoodsDetail.do?goodsNo=A000000212538,https://image.oliveyoung.co.kr/cfimages/cf-goods/uploads/images/thumbnails/400/10/0000/0021/A00000021253819ko.jpg?l=ko,5900,3710,37.1,11654,4.8,87,8,3,1,1,1,1,1,1,A000000212538,10000020003
2026-08-06,구강용품,87,뷰센,[고불소] 뷰센C 충치케어 치약 120g,https://www.oliveyoung.co.kr/store/goods/getGoodsDetail.do?goodsNo=A000000155668,https://image.oliveyoung.co.kr/cfimages/cf-goods/uploads/images/thumbnails/400/10/0000/0015/A00000015566809ko.jpg?l=ko,11000,8800,20.0,1309,4.8,88,10,2,1,0,1,0,0,1,A000000155668,10000020003
2026-08-06,구강용품,88,루치펠로,"[3,700가닥 풍성모] 루치펠로 코랄리프 양면미세모 칫솔 4P",https://www.oliveyoung.co.kr/store/goods/getGoodsDetail.do?goodsNo=A000000191316,https://image.oliveyoung.co.kr/cfimages/cf-goods/uploads/images/thumbnails/400/10/0000/0019/A00000019131602ko.jpg?l=ko,16500,9900,40.0,4007,4.8,87,8,3,0,0,1,0,0,1,A000000191316,10000020003
2026-08-06,구강용품,89,뷰센,[집중 미백케어] 뷰센28 치아미백제 80g 기획팩 (+미니 20g 증정)/단품,https://www.oliveyoung.co.kr/store/goods/getGoodsDetail.do?goodsNo=A000000185790,https://image.oliveyoung.co.kr/cfimages/cf-goods/uploads/images/thumbnails/400/10/0000/0018/A00000018579019ko.png?l=ko,11000,11000,0.0,4291,4.6,74,17,8,1,1,0,0,0,1,A000000185790,10000020003
2026-08-06,구강용품,90,치공,치공 칫솔+혀클리너 세트 2종 택1 (빵빵이/옥지),https://www.oliveyoung.co.kr/store/goods/getGoodsDetail.do?goodsNo=A000000208518,https://image.oliveyoung.co.kr/cfimages/cf-goods/uploads/images/thumbnails/400/10/0000/0020/A00000020851801ko.jpg?l=ko,9900,8020,19.0,22,4.3,73,9,5,5,9,1,1,0,1,A000000208518,10000020003
2026-08-06,구강용품,91,큐라덴,큐라덴 큐라프록스 Travel set 여행용 세트,https://www.oliveyoung.co.kr/store/goods/getGoodsDetail.do?goodsNo=A000000166386,https://image.oliveyoung.co.kr/cfimages/cf-goods/uploads/images/thumbnails/400/10/0000/0016/A00000016638616ko.jpg?l=ko,17000,17000,0.0,1691,4.8,86,10,3,1,0,0,0,0,1,A000000166386,10000020003
2026-08-06,구강용품,92,페리오,페리오 46cm 구강 스프레이 롱래스팅 쿨민트 6.2ml,https://www.oliveyoung.co.kr/store/goods/getGoodsDetail.do?goodsNo=A000000003866,https://image.oliveyoung.co.kr/cfimages/cf-goods/uploads/images/thumbnails/400/10/0000/0000/A00000000386602ko.jpg?l=ko,4200,3000,28.6,21964,4.8,88,9,3,0,0,1,0,0,1,A000000003866,10000020003
2026-08-06,구강용품,93,센소다인,[불소 포함] 센소다인 리페어 앤 프로텍트 치약 100g,https://www.oliveyoung.co.kr/store/goods/getGoodsDetail.do?goodsNo=A000000188554,https://image.oliveyoung.co.kr/cfimages/cf-goods/uploads/images/thumbnails/400/10/0000/0018/A00000018855404ko.jpg?l=ko,10900,9400,13.8,2518,4.8,88,9,2,1,1,1,0,0,1,A000000188554,10000020003
2026-08-06,구강용품,94,페리오,페리오 화이트나우 미백 패치 8p,https://www.oliveyoung.co.kr/store/goods/getGoodsDetail.do?goodsNo=A000000003888,https://image.oliveyoung.co.kr/cfimages/cf-goods/uploads/images/thumbnails/400/10/0000/0000/A00000000388805ko.jpg?l=ko,14900,7450,50.0,11716,4.6,70,19,8,1,1,1,0,0,1,A000000003888,10000020003
2026-08-06,구강용품,95,유시몰,[무불소/한정기획] 유시몰 치약 106g 더블기획 (106g+106g+스퀴저),https://www.oliveyoung.co.kr/store/goods/getGoodsDetail.do?goodsNo=A000000189189,https://image.oliveyoung.co.kr/cfimages/cf-goods/uploads/images/thumbnails/400/10/0000/0018/A00000018918907ko.jpg?l=ko,18900,16400,13.2,8475,4.7,83,11,4,1,1,1,1,1,1,A000000189189,10000020003
2026-08-06,구강용품,96,유시몰,[미백 가글] 유시몰 화이트닝 퍼플코렉터 가글 500ml 2종 택1 (쿠로미 돗자리 기획 / 일반),https://www.oliveyoung.co.kr/store/goods/getGoodsDetail.do?goodsNo=A000000218932,https://image.oliveyoung.co.kr/cfimages/cf-goods/uploads/images/thumbnails/400/10/0000/0021/A00000021893225ko.jpg?l=ko,16900,16900,0.0,2080,4.7,83,11,5,1,1,0,0,1,1,A000000218932,10000020003
2026-08-06,구강용품,97,가그린,[NEW/민트볼치약] 듀오버스터 맥스프레시 고불소 치약 100g,https://www.oliveyoung.co.kr/store/goods/getGoodsDetail.do?goodsNo=A000000260948,https://image.oliveyoung.co.kr/cfimages/cf-goods/uploads/images/thumbnails/400/10/0000/0026/A00000026094802ko.jpg?l=ko,10900,8900,18.3,66,5.0,97,2,2,,,1,0,0,1,A000000260948,10000020003
2026-08-06,구강용품,98,루치펠로,[잇몸케어] 루치펠로 트로피칼오션 치약 100g,https://www.oliveyoung.co.kr/store/goods/getGoodsDetail.do?goodsNo=A000000120035,https://image.oliveyoung.co.kr/cfimages/cf-goods/uploads/images/thumbnails/400/10/0000/0012/A00000012003507ko.jpg?l=ko,9800,5870,40.1,3848,4.8,83,13,4,0,0,1,1,0,1,A000000120035,10000020003
2026-08-06,구강용품,99,유시몰,유시몰 클래식 칫솔 1입,https://www.oliveyoung.co.kr/store/goods/getGoodsDetail.do?goodsNo=A000000149096,https://image.oliveyoung.co.kr/cfimages/cf-goods/uploads/images/thumbnails/400/10/0000/0014/A00000014909603ko.jpg?l=ko,4900,4200,14.3,6295,4.9,89,8,3,0,0,1,0,1,1,A000000149096,10000020003
2026-08-06,구강용품,100,자일리톨스톤,자일리톨스톤 페퍼민트부스터 70g,https://www.oliveyoung.co.kr/store/goods/getGoodsDetail.do?goodsNo=A000000207869,https://image.oliveyoung.co.kr/cfimages/cf-goods/uploads/images/thumbnails/400/10/0000/0020/A00000020786904ko.jpg?l=ko,7900,7100,10.1,9977,4.8,87,9,3,1,1,1,0,0,1,A000000207869,10000020003
2026-08-06,헬스/건강용품,1,마르시끄,[오늘만 최저가/1등 주름패치] 마르시끄 주름패치 기획/단품 6종 택1,https://www.oliveyoung.co.kr/store/goods/getGoodsDetail.do?goodsNo=A000000181697,https://image.oliveyoung.co.kr/cfimages/cf-goods/uploads/images/thumbnails/400/10/0000/0018/A000000181697110ko.jpg?l=ko,12900,9800,24.0,36916,4.6,75,15,7,1,1,1,1,0,1,A000000181697,10000020005
2026-08-06,헬스/건강용품,2,마르시끄,[오늘만 최저가/해외대란템] 마르시끄 라인 리프팅 하이드로겔 패치 2종 택1 (턱선/입꼬리),https://www.oliveyoung.co.kr/store/goods/getGoodsDetail.do?goodsNo=A000000224298,https://image.oliveyoung.co.kr/cfimages/cf-goods/uploads/images/thumbnails/400/10/0000/0022/A00000022429825ko.jpg?l=ko,16600,9900,40.4,2536,4.7,77,15,7,1,1,0,1,0,1,A000000224298,10000020005
2026-08-06,헬스/건강용품,3,마르시끄,[오늘만 최저가/품절대란] 마르시끄 PDRN 하이드로겔 립 패치 5매,https://www.oliveyoung.co.kr/store/goods/getGoodsDetail.do?goodsNo=A000000257741,https://image.oliveyoung.co.kr/cfimages/cf-goods/uploads/images/thumbnails/400/10/0000/0025/A00000025774107ko.jpg?l=ko,15000,9900,34.0,149,4.6,76,13,7,3,2,1,1,0,1,A000000257741,10000020005
2026-08-06,헬스/건강용품,4,마르시끄,[오늘만 최저가] 마르시끄 나이아신 다크 스팟 크림 마스크 3매,https://www.oliveyoung.co.kr/store/goods/getGoodsDetail.do?goodsNo=A000000259092,https://image.oliveyoung.co.kr/cfimages/cf-goods/uploads/images/thumbnails/400/10/0000/0025/A00000025909206ko.jpg?l=ko,14000,8900,36.4,108,4.9,92,4,5,,,1,1,0,1,A000000259092,10000020005
2026-08-06,헬스/건강용품,5,프란츠,"[초마드PICK] 프란츠 네이키드 스팟 패치 72매입 (듀오,얼리, 액티브, 다크) 4종 1",https://www.oliveyoung.co.kr/store/goods/getGoodsDetail.do?goodsNo=A000000254358,https://image.oliveyoung.co.kr/cfimages/cf-goods/uploads/images/thumbnails/400/10/0000/0025/A00000025435810ko.jpg?l=ko,10000,8900,11.0,1177,4.4,70,13,10,3,4,1,0,0,1,A000000254358,10000020005
2026-08-06,헬스/건강용품,6,케어플러스,[8년 연속 1등] 케어플러스 상처 커버 스팟 패치 324매 /102매,https://www.oliveyoung.co.kr/store/goods/getGoodsDetail.do?goodsNo=A000000222776,https://image.oliveyoung.co.kr/cfimages/cf-goods/uploads/images/thumbnails/400/10/0000/0022/A00000022277605ko.jpg?l=ko,6300,5900,6.3,45237,4.9,92,6,1,0,0,1,0,0,1,A000000222776,10000020005
2026-08-06,헬스/건강용품,7,이지덤뷰티,[10년 연속 약국 1위] 대웅제약 이지덤 스팟패치 택1 (퀵카밍/뷰티/PDRN 주름/릴리프) 트러블패치,https://www.oliveyoung.co.kr/store/goods/getGoodsDetail.do?goodsNo=A000000110505,https://image.oliveyoung.co.kr/cfimages/cf-goods/uploads/images/thumbnails/400/10/0000/0011/A00000011050550ko.png?l=ko,12900,9900,23.3,30113,4.7,82,11,5,1,1,1,0,0,1,A000000110505,10000020005
2026-08-06,헬스/건강용품,8,인바디,"인바디 다이얼 체지방 측정 체중계 H40N WIFI 3종 택 1 (베이지, 그린, 블랙)",https://www.oliveyoung.co.kr/store/goods/getGoodsDetail.do?goodsNo=B000000219208,https://image.oliveyoung.co.kr/cfimages/cf-goods/uploads/images/thumbnails/400/10/0000/0021/B00000021920801ko.jpg?l=ko,439000,439000,0.0,0,0.0,,,,,,0,0,0,0,B000000219208,10000020005
2026-08-06,헬스/건강용품,9,더마펌,[여름필수템] 즉각 진정 더마펌 썸머 쿨링 타올 75cm (1매/30매),https://www.oliveyoung.co.kr/store/goods/getGoodsDetail.do?goodsNo=A000000259884,https://image.oliveyoung.co.kr/cfimages/cf-goods/uploads/images/thumbnails/400/10/0000/0025/A00000025988405ko.jpg?l=ko,45000,27900,38.0,20,4.9,90,5,5,,,1,0,0,1,A000000259884,10000020005
2026-08-06,헬스/건강용품,10,아크로패스,[6년연속어워즈]트러블큐어 대용량 진정패치 3종 1택,https://www.oliveyoung.co.kr/store/goods/getGoodsDetail.do?goodsNo=A000000130542,https://image.oliveyoung.co.kr/cfimages/cf-goods/uploads/images/thumbnails/400/10/0000/0013/A00000013054291ko.jpg?l=ko,29800,23800,20.1,12182,4.6,76,15,7,1,1,1,0,0,1,A000000130542,10000020005
2026-08-06,헬스/건강용품,11,마르시끄,마르시끄 링클 리페어 미간주름패치 기획/단품 2종 택1,https://www.oliveyoung.co.kr/store/goods/getGoodsDetail.do?goodsNo=A000000181613,https://image.oliveyoung.co.kr/cfimages/cf-goods/uploads/images/thumbnails/400/10/0000/0018/A00000018161327ko.jpg?l=ko,12900,9800,24.0,30292,4.6,76,15,7,1,1,1,1,0,1,A000000181613,10000020005
2026-08-06,헬스/건강용품,12,멕리듬,멕리듬 온열 스팀 아이마스크 24매(12P+12P) 7종 (무향/라벤더/캐모마일/유자/숲속/히노키/금목서),https://www.oliveyoung.co.kr/store/goods/getGoodsDetail.do?goodsNo=A000000241923,https://image.oliveyoung.co.kr/cfimages/cf-goods/uploads/images/thumbnails/400/10/0000/0024/A00000024192318ko.jpg?l=ko,25020,22500,10.1,5420,4.9,91,7,2,0,0,1,0,0,1,A000000241923,10000020005
2026-08-06,헬스/건강용품,13,마르시끄,마르시끄 링클 리페어 팔자주름패치 36매,https://www.oliveyoung.co.kr/store/goods/getGoodsDetail.do?goodsNo=A000000181612,https://image.oliveyoung.co.kr/cfimages/cf-goods/uploads/images/thumbnails/400/10/0000/0018/A00000018161211ko.jpg?l=ko,12900,9800,24.0,26254,4.6,75,15,7,1,1,0,1,0,1,A000000181612,10000020005
2026-08-06,헬스/건강용품,14,발란스핏,[의료기기]발란스핏 압박스타킹 기본형 4color (S/M) 8종 택1,https://www.oliveyoung.co.kr/store/goods/getGoodsDetail.do?goodsNo=A000000230640,https://image.oliveyoung.co.kr/cfimages/cf-goods/uploads/images/thumbnails/400/10/0000/0023/A00000023064021ko.jpg?l=ko,29800,18900,36.6,17462,4.8,84,12,4,1,0,1,1,0,1,A000000230640,10000020005
2026-08-06,헬스/건강용품,15,휴족시간,[8월 올영픽] 휴족시간 지압자극 4매/12매/24매,https://www.oliveyoung.co.kr/store/goods/getGoodsDetail.do?goodsNo=A000000119524,https://image.oliveyoung.co.kr/cfimages/cf-goods/uploads/images/thumbnails/400/10/0000/0011/A00000011952404ko.png?l=ko,4300,3700,14.0,6086,4.8,88,9,2,0,0,1,0,0,1,A000000119524,10000020005
2026-08-06,헬스/건강용품,16,휴족시간,휴족시간 (18매입/6매입),https://www.oliveyoung.co.kr/store/goods/getGoodsDetail.do?goodsNo=A000000006342,https://image.oliveyoung.co.kr/cfimages/cf-goods/uploads/images/thumbnails/400/10/0000/0000/A00000000634202ko.jpg?l=ko,11500,9400,18.3,34672,4.9,89,9,2,0,0,1,0,0,1,A000000006342,10000020005
2026-08-06,헬스/건강용품,17,뷰앤디,[아이오아이 임나영 PICK] 뷰앤디 앤모드 프로 기본/핑크에디션,https://www.oliveyoung.co.kr/store/goods/getGoodsDetail.do?goodsNo=A000000214298,https://image.oliveyoung.co.kr/cfimages/cf-goods/uploads/images/thumbnails/400/10/0000/0021/A00000021429810ko.jpg?l=ko,215000,129000,40.0,316,4.6,74,16,7,1,2,1,0,0,1,A000000214298,10000020005
2026-08-06,헬스/건강용품,18,SNPE,SNPE 도깨비손 림프 지압 괄사 마사지기,https://www.oliveyoung.co.kr/store/goods/getGoodsDetail.do?goodsNo=A000000230492,https://image.oliveyoung.co.kr/cfimages/cf-goods/uploads/images/thumbnails/400/10/0000/0023/A00000023049205ko.jpg?l=ko,55000,49500,10.0,311,4.7,81,13,5,1,1,1,0,0,1,A000000230492,10000020005
2026-08-06,헬스/건강용품,19,OOTD,[1등뾰꾸/별패치] OOTD 트윙클 리틀 스타 스팟 패치 3종 택1 (파스텔/누드베이지/네온),https://www.oliveyoung.co.kr/store/goods/getGoodsDetail.do?goodsNo=A000000241099,https://image.oliveyoung.co.kr/cfimages/cf-goods/uploads/images/thumbnails/400/10/0000/0024/A00000024109923ko.png?l=ko,15000,11900,20.7,2544,4.9,92,6,1,0,0,1,0,0,1,A000000241099,10000020005
2026-08-06,헬스/건강용품,20,필리밀리,[8월 올영픽] 필리밀리 괄사 골라담기 택1,https://www.oliveyoung.co.kr/store/goods/getGoodsDetail.do?goodsNo=A000000183329,https://image.oliveyoung.co.kr/cfimages/cf-goods/uploads/images/thumbnails/400/10/0000/0018/A00000018332953ko.jpg?l=ko,8500,7200,15.3,29548,4.7,82,13,4,1,1,1,0,0,1,A000000183329,10000020005
2026-08-06,헬스/건강용품,21,바이오힐보,[고민별케어] 바이오힐보 마이크로 스팟패치 9+3매 기획 (리페어진정/흔적토닝),https://www.oliveyoung.co.kr/store/goods/getGoodsDetail.do?goodsNo=A000000226516,https://image.oliveyoung.co.kr/cfimages/cf-goods/uploads/images/thumbnails/400/10/0000/0022/A00000022651636ko.jpg?l=ko,16300,16300,0.0,8393,4.6,76,14,7,1,1,0,0,1,1,A000000226516,10000020005
2026-08-06,헬스/건강용품,22,이지덤뷰티,[1등 응급패치] 이지덤 퀵카밍 SOS 응급진정 스팟패치 8매 기획 (+진정앰플) / 트러블패치,https://www.oliveyoung.co.kr/store/goods/getGoodsDetail.do?goodsNo=A000000233566,https://image.oliveyoung.co.kr/cfimages/cf-goods/uploads/images/thumbnails/400/10/0000/0023/A00000023356613ko.png?l=ko,14900,12900,13.4,10190,4.6,76,13,7,2,1,1,0,0,1,A000000233566,10000020005
2026-08-06,헬스/건강용품,23,센시안,센시안 플러스 압박스타킹 (릴렉스/워크/나이트케어) (의료기기),https://www.oliveyoung.co.kr/store/goods/getGoodsDetail.do?goodsNo=A000000212629,https://image.oliveyoung.co.kr/cfimages/cf-goods/uploads/images/thumbnails/400/10/0000/0021/A00000021262912ko.png?l=ko,22900,18900,17.5,13288,4.7,79,14,5,1,1,1,0,0,1,A000000212629,10000020005
2026-08-06,헬스/건강용품,24,에르고바디,[NEW 컬러] 에르고바디 핏유어코어 2종 택1 (코어 서포트 벨트) 흉곽축소 개미허리,https://www.oliveyoung.co.kr/store/goods/getGoodsDetail.do?goodsNo=A000000144703,https://image.oliveyoung.co.kr/cfimages/cf-goods/uploads/images/thumbnails/400/10/0000/0014/A00000014470331ko.jpg?l=ko,33000,33000,0.0,1486,4.7,80,14,5,1,1,0,0,0,1,A000000144703,10000020005
2026-08-06,헬스/건강용품,25,마르시끄,마르시끄 링클 리페어 하이드로겔 아이패치 더블기획/단품 2종 택1,https://www.oliveyoung.co.kr/store/goods/getGoodsDetail.do?goodsNo=A000000218727,https://image.oliveyoung.co.kr/cfimages/cf-goods/uploads/images/thumbnails/400/10/0000/0021/A00000021872713ko.jpg?l=ko,12900,9800,24.0,782,4.7,82,9,5,1,2,0,1,0,1,A000000218727,10000020005
2026-08-06,헬스/건강용품,26,케어플러스,[8년 연속 1등] 케어플러스 상처 커버 스팟 패치 (24매/102매/324매/324매(+흔적패치44매) 기획),https://www.oliveyoung.co.kr/store/goods/getGoodsDetail.do?goodsNo=A000000222781,https://image.oliveyoung.co.kr/cfimages/cf-goods/uploads/images/thumbnails/400/10/0000/0022/A00000022278102ko.jpg?l=ko,6300,5900,6.3,100254,4.9,92,6,1,0,0,1,0,0,1,A000000222781,10000020005
2026-08-06,헬스/건강용품,27,SNPE,SNPE 웨이브 스틱 8구 셀프 마사지 편백나무 스틱,https://www.oliveyoung.co.kr/store/goods/getGoodsDetail.do?goodsNo=B000000230481,https://image.oliveyoung.co.kr/cfimages/cf-goods/uploads/images/thumbnails/400/10/0000/0023/B00000023048103ko.jpg?l=ko,77000,73100,5.1,231,4.9,94,3,1,0,1,0,1,0,0,B000000230481,10000020005
2026-08-06,헬스/건강용품,28,약손명가,약손명가 골기 프로그램 리프팅 밴드 기획(+ 패치 2매증정),https://www.oliveyoung.co.kr/store/goods/getGoodsDetail.do?goodsNo=A000000223270,https://image.oliveyoung.co.kr/cfimages/cf-goods/uploads/images/thumbnails/400/10/0000/0022/A00000022327004ko.jpg?l=ko,39900,39900,0.0,2246,4.7,76,16,6,1,1,0,0,0,1,A000000223270,10000020005
2026-08-06,헬스/건강용품,29,발란스핏,[온열찜질/복부라인 관리] 발란스핏 EMS 슬림벨트 PRO,https://www.oliveyoung.co.kr/store/goods/getGoodsDetail.do?goodsNo=A000000235854,https://image.oliveyoung.co.kr/cfimages/cf-goods/uploads/images/thumbnails/400/10/0000/0023/A00000023585428ko.jpg?l=ko,179000,102600,42.7,274,4.6,71,26,2,0,1,1,1,0,1,A000000235854,10000020005
2026-08-06,헬스/건강용품,30,스노우투플러스,스노우투플러스 AC 마그네슘 패치 혼합기획 소형+미니 (총 25매),https://www.oliveyoung.co.kr/store/goods/getGoodsDetail.do?goodsNo=A000000248992,https://image.oliveyoung.co.kr/cfimages/cf-goods/uploads/images/thumbnails/400/10/0000/0024/A00000024899203ko.png?l=ko,9800,9800,0.0,1142,4.7,80,11,7,2,1,0,0,0,1,A000000248992,10000020005
2026-08-06,헬스/건강용품,31,더스크랙,더스크랙 바운스번 붓기 스텝퍼 (크레용그레이/파스텔블루) 2종,https://www.oliveyoung.co.kr/store/goods/getGoodsDetail.do?goodsNo=B000000250999,https://image.oliveyoung.co.kr/cfimages/cf-goods/uploads/images/thumbnails/400/10/0000/0025/B00000025099901ko.jpg?l=ko,62900,48900,22.3,158,4.6,74,16,6,1,3,0,1,0,0,B000000250999,10000020005
2026-08-06,헬스/건강용품,32,케어플러스,[진정패치]케어플러스 스팟커버 패치 카밍 5종 골라담기[24매/96매/180매/252매/와이드],https://www.oliveyoung.co.kr/store/goods/getGoodsDetail.do?goodsNo=A000000214015,https://image.oliveyoung.co.kr/cfimages/cf-goods/uploads/images/thumbnails/400/10/0000/0021/A00000021401511ko.jpg?l=ko,7200,6700,6.9,17694,4.8,85,10,3,1,0,1,0,0,1,A000000214015,10000020005
2026-08-06,헬스/건강용품,33,발란스핏,[고강도/윤곽 케어] 발란스핏 EMS 조각튠 괄사 마사지기,https://www.oliveyoung.co.kr/store/goods/getGoodsDetail.do?goodsNo=A000000260938,https://image.oliveyoung.co.kr/cfimages/cf-goods/uploads/images/thumbnails/400/10/0000/0026/A00000026093805ko.jpg?l=ko,189000,94000,50.3,20,4.7,85,5,5,,5,1,1,0,1,A000000260938,10000020005
2026-08-06,헬스/건강용품,34,브링그린,[스팟진정] 브링그린 티트리 시카 SOS 스팟패치 75+25매,https://www.oliveyoung.co.kr/store/goods/getGoodsDetail.do?goodsNo=A000000188256,https://image.oliveyoung.co.kr/cfimages/cf-goods/uploads/images/thumbnails/400/10/0000/0018/A00000018825619ko.jpg?l=ko,7500,7500,0.0,12245,4.7,82,13,4,1,0,0,0,1,1,A000000188256,10000020005
2026-08-06,헬스/건강용품,35,파티온,[초슬림]파티온 노스카나인 트러블케어 스팟패치 102매,https://www.oliveyoung.co.kr/store/goods/getGoodsDetail.do?goodsNo=A000000176414,https://image.oliveyoung.co.kr/cfimages/cf-goods/uploads/images/thumbnails/400/10/0000/0017/A00000017641412ko.jpg?l=ko,9500,5900,37.9,11113,4.8,85,10,4,1,0,1,0,0,1,A000000176414,10000020005
2026-08-06,헬스/건강용품,36,사라사라,"[8월 올영픽] 사라사라 냉감 쿨링 시트 티슈형(비누향, 플로럴향) / 타월형(무향) 중 1",https://www.oliveyoung.co.kr/store/goods/getGoodsDetail.do?goodsNo=A000000255503,https://image.oliveyoung.co.kr/cfimages/cf-goods/uploads/images/thumbnails/400/10/0000/0025/A00000025550320ko.jpg?l=ko,6900,5700,17.4,117,4.9,92,7,,1,,1,1,0,1,A000000255503,10000020005
2026-08-06,헬스/건강용품,37,무탈,무탈 두피 애착 괄사 5종 택1 (오리지널 / 하드핏 ),https://www.oliveyoung.co.kr/store/goods/getGoodsDetail.do?goodsNo=A000000257577,https://image.oliveyoung.co.kr/cfimages/cf-goods/uploads/images/thumbnails/400/10/0000/0025/A00000025757706ko.jpg?l=ko,7600,7600,0.0,437,4.9,90,8,2,,,0,0,0,1,A000000257577,10000020005
2026-08-06,헬스/건강용품,38,케어플러스,[8년연속 어워즈1위] 케어플러스 상처 커버 스팟패치 골라담기 (24매/102매/189매/324매/와이드12매),https://www.oliveyoung.co.kr/store/goods/getGoodsDetail.do?goodsNo=A000000209102,https://image.oliveyoung.co.kr/cfimages/cf-goods/uploads/images/thumbnails/400/10/0000/0020/A00000020910219ko.jpg?l=ko,6300,5900,6.3,47789,4.9,92,6,2,0,0,1,0,0,1,A000000209102,10000020005
2026-08-06,헬스/건강용품,39,아크로패스,[긴급진정패치]긴급진정 트러블큐어 6매/와이드3매/스몰9매 3종 1택,https://www.oliveyoung.co.kr/store/goods/getGoodsDetail.do?goodsNo=A000000127611,https://image.oliveyoung.co.kr/cfimages/cf-goods/uploads/images/thumbnails/400/10/0000/0012/A00000012761137ko.jpg?l=ko,12000,8900,25.8,18130,4.5,70,17,10,2,1,1,0,0,1,A000000127611,10000020005
2026-08-06,헬스/건강용품,40,옵티프리,옵티프리 익스프레스 더블 기획 (355ml+355ml),https://www.oliveyoung.co.kr/store/goods/getGoodsDetail.do?goodsNo=A000000014743,https://image.oliveyoung.co.kr/cfimages/cf-goods/uploads/images/thumbnails/400/10/0000/0001/A00000001474308ko.jpg?l=ko,12600,10700,15.1,5674,4.9,91,7,1,0,0,1,0,0,1,A000000014743,10000020005
2026-08-06,헬스/건강용품,41,마르시끄,마르시끄 링클 리페어 하이드로겔 넥패치 4매,https://www.oliveyoung.co.kr/store/goods/getGoodsDetail.do?goodsNo=A000000207044,https://image.oliveyoung.co.kr/cfimages/cf-goods/uploads/images/thumbnails/400/10/0000/0020/A00000020704405ko.jpg?l=ko,12900,9800,24.0,1719,4.5,71,16,9,2,2,1,1,0,1,A000000207044,10000020005
2026-08-06,헬스/건강용품,42,필리밀리,[열감&붓기케어] 필리밀리 쿨링 냉매 마사저,https://www.oliveyoung.co.kr/store/goods/getGoodsDetail.do?goodsNo=A000000234315,https://image.oliveyoung.co.kr/cfimages/cf-goods/uploads/images/thumbnails/400/10/0000/0023/A00000023431522ko.jpg?l=ko,23500,19800,15.7,1754,4.7,82,12,4,1,1,1,1,0,1,A000000234315,10000020005
2026-08-06,헬스/건강용품,43,약손명가,[바디괄사] 약손명가 골기 바디 스톤,https://www.oliveyoung.co.kr/store/goods/getGoodsDetail.do?goodsNo=A000000245155,https://image.oliveyoung.co.kr/cfimages/cf-goods/uploads/images/thumbnails/400/10/0000/0024/A00000024515501ko.png?l=ko,59800,59800,0.0,27,4.7,78,15,7,,,0,0,0,1,A000000245155,10000020005
2026-08-06,헬스/건강용품,44,버그넷,버그넷 티트리 베드샷 300ml,https://www.oliveyoung.co.kr/store/goods/getGoodsDetail.do?goodsNo=A000000259545,https://image.oliveyoung.co.kr/cfimages/cf-goods/uploads/images/thumbnails/400/10/0000/0025/A00000025954501ko.png?l=ko,26900,24300,9.7,13,4.9,92,8,,,,1,0,0,1,A000000259545,10000020005
2026-08-06,헬스/건강용품,45,스파알,[추성훈pick] 스파알 포터블 다리 마사지기 PRO V2,https://www.oliveyoung.co.kr/store/goods/getGoodsDetail.do?goodsNo=B000000225202,https://image.oliveyoung.co.kr/cfimages/cf-goods/uploads/images/thumbnails/400/10/0000/0022/B00000022520203ko.jpg?l=ko,185900,169000,9.1,3,5.0,100,,,,,0,1,0,0,B000000225202,10000020005
2026-08-06,헬스/건강용품,46,마데카솔,[단독기획] 마데카 메디패치 스팟패치 (33매/99매/138매),https://www.oliveyoung.co.kr/store/goods/getGoodsDetail.do?goodsNo=A000000159562,https://image.oliveyoung.co.kr/cfimages/cf-goods/uploads/images/thumbnails/400/10/0000/0015/A00000015956216ko.jpg?l=ko,4500,3900,13.3,19189,4.8,86,11,3,0,0,1,0,0,1,A000000159562,10000020005
2026-08-06,헬스/건강용품,47,나보소,나보소 실리콘 토스페이서 발가락 스플레이 블루,https://www.oliveyoung.co.kr/store/goods/getGoodsDetail.do?goodsNo=A000000244978,https://image.oliveyoung.co.kr/cfimages/cf-goods/uploads/images/thumbnails/400/10/0000/0024/A00000024497801ko.png?l=ko,42800,39800,7.0,33,4.7,76,21,3,,,1,0,0,1,A000000244978,10000020005
2026-08-06,헬스/건강용품,48,샤르드,샤르드 1100샷 아이백 리프트 패치 2+1 기획/단품,https://www.oliveyoung.co.kr/store/goods/getGoodsDetail.do?goodsNo=A000000224015,https://image.oliveyoung.co.kr/cfimages/cf-goods/uploads/images/thumbnails/400/10/0000/0022/A00000022401517ko.jpg?l=ko,24000,21600,10.0,4198,4.7,81,10,6,2,2,1,0,0,1,A000000224015,10000020005
2026-08-06,헬스/건강용품,49,케어플러스,[NEW] 케어플러스 커버업 블레미쉬 패치 칼라민 핑크 72매,https://www.oliveyoung.co.kr/store/goods/getGoodsDetail.do?goodsNo=A000000254721,https://image.oliveyoung.co.kr/cfimages/cf-goods/uploads/images/thumbnails/400/10/0000/0025/A00000025472101ko.jpg?l=ko,9000,7200,20.0,340,4.8,84,11,4,0,0,1,0,0,1,A000000254721,10000020005
2026-08-06,헬스/건강용품,50,아크네스,[포켓몬 에디션] 아크네스 3초 진정 스팟 패치 90매 3종 택 1 (피카츄/치코리타/이브이),https://www.oliveyoung.co.kr/store/goods/getGoodsDetail.do?goodsNo=A000000255700,https://image.oliveyoung.co.kr/cfimages/cf-goods/uploads/images/thumbnails/400/10/0000/0025/A00000025570001ko.png?l=ko,9500,6600,30.5,7321,4.8,87,10,3,0,0,1,0,0,1,A000000255700,10000020005
2026-08-06,헬스/건강용품,51,멕리듬,멕리듬 온열 순환 스팀 아이마스크 5매 7종 택1 (무향/라벤더/캐모마일/숲속/유자/히노키/금목서),https://www.oliveyoung.co.kr/store/goods/getGoodsDetail.do?goodsNo=A000000243616,https://image.oliveyoung.co.kr/cfimages/cf-goods/uploads/images/thumbnails/400/10/0000/0024/A00000024361617ko.jpg?l=ko,7900,6700,15.2,16974,4.8,88,9,2,0,0,1,0,0,1,A000000243616,10000020005
2026-08-06,헬스/건강용품,52,무찌,무찌 모기 기피 스프레이 80ml (오리지널/핑크에디션),https://www.oliveyoung.co.kr/store/goods/getGoodsDetail.do?goodsNo=A000000255193,https://image.oliveyoung.co.kr/cfimages/cf-goods/uploads/images/thumbnails/400/10/0000/0025/A00000025519309ko.jpg?l=ko,14900,11900,20.1,265,5.0,100,0,,,,1,1,0,1,A000000255193,10000020005
2026-08-06,헬스/건강용품,53,이지덤뷰티,[10년 연속 1등] 이지덤 뷰티 스팟패치 69매 단독기획/ 트러블패치,https://www.oliveyoung.co.kr/store/goods/getGoodsDetail.do?goodsNo=A000000229544,https://image.oliveyoung.co.kr/cfimages/cf-goods/uploads/images/thumbnails/400/10/0000/0022/A00000022954416ko.png?l=ko,12900,10900,15.5,3964,4.9,90,8,2,0,0,1,0,0,1,A000000229544,10000020005
2026-08-06,헬스/건강용품,54,온슬로,온슬로 주름패치 4종 택1 (미간/팔자/아이),https://www.oliveyoung.co.kr/store/goods/getGoodsDetail.do?goodsNo=A000000251308,https://image.oliveyoung.co.kr/cfimages/cf-goods/uploads/images/thumbnails/400/10/0000/0025/A00000025130805ko.jpg?l=ko,10900,8900,18.3,6110,4.9,95,3,1,0,0,1,0,0,1,A000000251308,10000020005
2026-08-06,헬스/건강용품,55,리터니티,[1위괄사/민슈아 Pick] 리터니티 괄사 2종,https://www.oliveyoung.co.kr/store/goods/getGoodsDetail.do?goodsNo=A000000192534,https://image.oliveyoung.co.kr/cfimages/cf-goods/uploads/images/thumbnails/400/10/0000/0019/A00000019253432ko.png?l=ko,35000,31500,10.0,1019,4.9,89,9,2,0,0,1,0,0,1,A000000192534,10000020005
2026-08-06,헬스/건강용품,56,케어플러스,[점 뺀 후 사용/의료기기] 케어플러스 상처 커버 UV 차단 스팟 패치 72매,https://www.oliveyoung.co.kr/store/goods/getGoodsDetail.do?goodsNo=A000000206517,https://image.oliveyoung.co.kr/cfimages/cf-goods/uploads/images/thumbnails/400/10/0000/0020/A00000020651709ko.jpg?l=ko,9000,7200,20.0,7393,4.8,88,9,2,0,0,1,0,0,1,A000000206517,10000020005
2026-08-06,헬스/건강용품,57,케어플러스,케어플러스 징크 트러블 마이크로 닷 패치 (12매/24매/미니30매/와이드),https://www.oliveyoung.co.kr/store/goods/getGoodsDetail.do?goodsNo=A000000222789,https://image.oliveyoung.co.kr/cfimages/cf-goods/uploads/images/thumbnails/400/10/0000/0022/A00000022278917ko.jpg?l=ko,18000,13800,23.3,7427,4.6,76,14,7,2,1,1,0,0,1,A000000222789,10000020005
2026-08-06,헬스/건강용품,58,약손명가,약손 가뿐한 복부 패치 5매입,https://www.oliveyoung.co.kr/store/goods/getGoodsDetail.do?goodsNo=A000000260448,https://image.oliveyoung.co.kr/cfimages/cf-goods/uploads/images/thumbnails/400/10/0000/0026/A00000026044801ko.jpg?l=ko,16900,15900,5.9,5,4.8,80,20,,,,1,0,0,1,A000000260448,10000020005
2026-08-06,헬스/건강용품,59,마르시끄,마르시끄 라인 리프팅 하이드로겔 턱선 패치 3매,https://www.oliveyoung.co.kr/store/goods/getGoodsDetail.do?goodsNo=A000000224299,https://image.oliveyoung.co.kr/cfimages/cf-goods/uploads/images/thumbnails/400/10/0000/0022/A00000022429907ko.jpg?l=ko,16600,9900,40.4,543,4.6,75,15,8,1,1,0,1,0,1,A000000224299,10000020005
2026-08-06,헬스/건강용품,60,필리밀리,[8월올영픽] 필리밀리 세라믹 바디 괄사(+파우치 포함),https://www.oliveyoung.co.kr/store/goods/getGoodsDetail.do?goodsNo=A000000231122,https://image.oliveyoung.co.kr/cfimages/cf-goods/uploads/images/thumbnails/400/10/0000/0023/A00000023112205ko.jpg?l=ko,18900,17900,5.3,3099,4.8,84,11,3,0,0,1,0,0,1,A000000231122,10000020005
2026-08-06,헬스/건강용품,61,마데카솔,마데카 메디패치 스팟패치 69매 1+1 기획 (138매),https://www.oliveyoung.co.kr/store/goods/getGoodsDetail.do?goodsNo=A000000182355,https://image.oliveyoung.co.kr/cfimages/cf-goods/uploads/images/thumbnails/400/10/0000/0018/A00000018235503ko.jpg?l=ko,9900,8400,15.2,15178,4.8,86,11,3,0,0,1,0,0,1,A000000182355,10000020005
2026-08-06,헬스/건강용품,62,해서린,[미니언즈콜라보기획] 해서린 스팟패치 단독기획 2종(대용량기획 140+10매 / 딥패치 기획 9+3매),https://www.oliveyoung.co.kr/store/goods/getGoodsDetail.do?goodsNo=A000000257062,https://image.oliveyoung.co.kr/cfimages/cf-goods/uploads/images/thumbnails/400/10/0000/0025/A00000025706204ko.jpg?l=ko,8400,7400,11.9,18355,4.7,81,12,5,1,1,1,0,0,1,A000000257062,10000020005
2026-08-06,헬스/건강용품,63,엘라밴드,[OY단독/증량기획] 엘라밴드 하이드로도트 티트리 60매(+32매),https://www.oliveyoung.co.kr/store/goods/getGoodsDetail.do?goodsNo=A000000148301,https://image.oliveyoung.co.kr/cfimages/cf-goods/uploads/images/thumbnails/400/10/0000/0014/A00000014830115ko.jpg?l=ko,10000,6400,36.0,2432,4.7,81,11,5,1,1,1,0,0,1,A000000148301,10000020005
2026-08-06,헬스/건강용품,64,케어플러스,[흔적개선]케어플러스 트러블 흔적 패치 89매/244매,https://www.oliveyoung.co.kr/store/goods/getGoodsDetail.do?goodsNo=A000000241174,https://image.oliveyoung.co.kr/cfimages/cf-goods/uploads/images/thumbnails/400/10/0000/0024/A00000024117414ko.jpg?l=ko,7200,6700,6.9,4561,4.6,77,12,7,2,2,1,0,0,1,A000000241174,10000020005
2026-08-06,헬스/건강용품,65,슬림워크,슬림워크 야간용 강압롱 압박스타킹 2종 (SM/ML),https://www.oliveyoung.co.kr/store/goods/getGoodsDetail.do?goodsNo=A000000008961,https://image.oliveyoung.co.kr/cfimages/cf-goods/uploads/images/thumbnails/400/10/0000/0000/A00000000896110ko.jpg?l=ko,29590,29590,0.0,1483,4.5,70,19,8,2,1,0,0,0,1,A000000008961,10000020005
2026-08-06,헬스/건강용품,66,발란스핏,[하체&힙 라인 관리] 발란스핏 EMS 하비컷 레깅스 (M/L) 2종 택 1,https://www.oliveyoung.co.kr/store/goods/getGoodsDetail.do?goodsNo=A000000260940,https://image.oliveyoung.co.kr/cfimages/cf-goods/uploads/images/thumbnails/400/10/0000/0026/A00000026094005ko.jpg?l=ko,259000,122500,52.7,18,5.0,100,,,,,1,1,0,1,A000000260940,10000020005
2026-08-06,헬스/건강용품,67,리파,[ReFa/괄사] 리파 CAXA M1 펄화이트,https://www.oliveyoung.co.kr/store/goods/getGoodsDetail.do?goodsNo=A000000258349,https://image.oliveyoung.co.kr/cfimages/cf-goods/uploads/images/thumbnails/400/10/0000/0025/A00000025834903ko.jpg?l=ko,159000,119000,25.2,5,5.0,100,,,,,1,0,0,1,A000000258349,10000020005
2026-08-06,헬스/건강용품,68,리파,[ReFa/괄사] 리파 CAXA M1 3종 택1,https://www.oliveyoung.co.kr/store/goods/getGoodsDetail.do?goodsNo=A000000258355,https://image.oliveyoung.co.kr/cfimages/cf-goods/uploads/images/thumbnails/400/10/0000/0025/A00000025835506ko.jpg?l=ko,159000,119000,25.2,11,5.0,100,,,,,1,0,0,1,A000000258355,10000020005
2026-08-06,헬스/건강용품,69,리뉴,리뉴 후레쉬 500ml_6입 대용량 기획,https://www.oliveyoung.co.kr/store/goods/getGoodsDetail.do?goodsNo=A000000256159,https://image.oliveyoung.co.kr/cfimages/cf-goods/uploads/images/thumbnails/400/10/0000/0025/A00000025615906ko.jpg?l=ko,35000,26850,23.3,5,5.0,100,,,,,1,0,0,1,A000000256159,10000020005
2026-08-06,헬스/건강용품,70,니들리,[리뉴얼] 니들리 스팟 클리어 12패치 1+1 기획 (12+12패치),https://www.oliveyoung.co.kr/store/goods/getGoodsDetail.do?goodsNo=A000000226170,https://image.oliveyoung.co.kr/cfimages/cf-goods/uploads/images/thumbnails/400/10/0000/0022/A00000022617011ko.jpg?l=ko,16900,16900,0.0,3069,4.4,67,16,11,3,3,0,0,0,1,A000000226170,10000020005
2026-08-06,헬스/건강용품,71,스팀베이스,스팀베이스 데일리 아이마스크 5매입 6종 택1,https://www.oliveyoung.co.kr/store/goods/getGoodsDetail.do?goodsNo=A000000179178,https://image.oliveyoung.co.kr/cfimages/cf-goods/uploads/images/thumbnails/400/10/0000/0017/A00000017917826ko.jpg?l=ko,7900,6300,20.3,9343,4.8,86,10,3,1,1,1,0,0,1,A000000179178,10000020005
2026-08-06,헬스/건강용품,72,옵티프리,에이오셉 플러스액 360ml,https://www.oliveyoung.co.kr/store/goods/getGoodsDetail.do?goodsNo=A000000159321,https://image.oliveyoung.co.kr/cfimages/cf-goods/uploads/images/thumbnails/400/10/0000/0015/A00000015932101ko.jpg?l=ko,15900,13500,15.1,2981,4.9,93,5,1,0,0,1,0,0,1,A000000159321,10000020005
2026-08-06,헬스/건강용품,73,넥스케어,[3년연속 1위] 3M 넥스케어 블레미쉬 베스트셀러 3종 초슬림,https://www.oliveyoung.co.kr/store/goods/getGoodsDetail.do?goodsNo=A000000241314,https://image.oliveyoung.co.kr/cfimages/cf-goods/uploads/images/thumbnails/400/10/0000/0024/A00000024131408ko.jpg?l=ko,9780,7900,19.2,2908,4.8,87,9,3,0,0,1,0,0,1,A000000241314,10000020005
2026-08-06,헬스/건강용품,74,스노우투플러스,스노우투플러스 AC 마그네슘 패치 4종 택 1(미니/소형/중형/대형),https://www.oliveyoung.co.kr/store/goods/getGoodsDetail.do?goodsNo=A000000223585,https://image.oliveyoung.co.kr/cfimages/cf-goods/uploads/images/thumbnails/400/10/0000/0022/A00000022358530ko.png?l=ko,9800,7900,19.4,7110,4.7,81,11,5,2,1,1,0,0,1,A000000223585,10000020005
2026-08-06,헬스/건강용품,75,닥터원더,[단독기획] 닥터원더 원더패치 2종 택1,https://www.oliveyoung.co.kr/store/goods/getGoodsDetail.do?goodsNo=A000000141014,https://image.oliveyoung.co.kr/cfimages/cf-goods/uploads/images/thumbnails/400/10/0000/0014/A00000014101404ko.jpg?l=ko,11900,9900,16.8,5849,4.8,86,11,3,0,0,1,0,0,1,A000000141014,10000020005
2026-08-06,헬스/건강용품,76,마르시끄,마르시끄 라인 리프팅 하이드로겔 입꼬리 패치 6매,https://www.oliveyoung.co.kr/store/goods/getGoodsDetail.do?goodsNo=A000000247843,https://image.oliveyoung.co.kr/cfimages/cf-goods/uploads/images/thumbnails/400/10/0000/0024/A00000024784301ko.jpg?l=ko,15000,9900,34.0,49,4.7,78,14,6,,2,1,1,0,1,A000000247843,10000020005
2026-08-06,헬스/건강용품,77,더마펌,[나띠PICK][탄력&리프팅 패치] 더마펌 스킨 텐션 리프팅 패치 500 (턱전용 4+2매),https://www.oliveyoung.co.kr/store/goods/getGoodsDetail.do?goodsNo=A000000232172,https://image.oliveyoung.co.kr/cfimages/cf-goods/uploads/images/thumbnails/400/10/0000/0023/A00000023217232ko.jpg?l=ko,24000,24000,0.0,3191,4.9,95,3,1,0,0,0,0,0,1,A000000232172,10000020005
2026-08-06,헬스/건강용품,78,케어플러스,[7월 올영픽/열감자극 급속진정] 케어플러스 더마 PDRN 수딩 패치 12매입,https://www.oliveyoung.co.kr/store/goods/getGoodsDetail.do?goodsNo=A000000258898,https://image.oliveyoung.co.kr/cfimages/cf-goods/uploads/images/thumbnails/400/10/0000/0025/A00000025889804ko.jpg?l=ko,14000,10900,22.1,172,4.9,90,8,2,,,1,0,0,1,A000000258898,10000020005
2026-08-06,헬스/건강용품,79,모키토,[1위 모기기피제] 모키토 모키밤/모기퇴치 스프레이 식약처인증/세이프패치(S/L) 4종,https://www.oliveyoung.co.kr/store/goods/getGoodsDetail.do?goodsNo=A000000228861,https://image.oliveyoung.co.kr/cfimages/cf-goods/uploads/images/thumbnails/400/10/0000/0022/A00000022886117ko.jpg?l=ko,12000,9900,17.5,1115,4.8,89,9,2,1,0,1,0,0,1,A000000228861,10000020005
2026-08-06,헬스/건강용품,80,센시안,[쿨썸머] 센시안 힐링테라피 쿨링패치 20매 (레그패치),https://www.oliveyoung.co.kr/store/goods/getGoodsDetail.do?goodsNo=A000000172007,https://image.oliveyoung.co.kr/cfimages/cf-goods/uploads/images/thumbnails/400/10/0000/0017/A00000017200723ko.jpg?l=ko,10500,7200,31.4,1543,4.6,76,13,8,2,2,1,1,0,1,A000000172007,10000020005
2026-08-06,헬스/건강용품,81,발란스핏,[의료기기]발란스핏 압박스타킹 허벅지 확장형 PRO 베이지 2종 택1,https://www.oliveyoung.co.kr/store/goods/getGoodsDetail.do?goodsNo=A000000230633,https://image.oliveyoung.co.kr/cfimages/cf-goods/uploads/images/thumbnails/400/10/0000/0023/A00000023063313ko.jpg?l=ko,36800,30210,17.9,876,4.7,78,14,6,1,1,1,1,0,1,A000000230633,10000020005
2026-08-06,헬스/건강용품,82,스위스 유스트,스위스유스트 구두치 롤 온 10ml,https://www.oliveyoung.co.kr/store/goods/getGoodsDetail.do?goodsNo=A000000232875,https://image.oliveyoung.co.kr/cfimages/cf-goods/uploads/images/thumbnails/400/10/0000/0023/A00000023287501ko.png?l=ko,46000,46000,0.0,79,4.9,92,5,3,,,0,0,0,1,A000000232875,10000020005
2026-08-06,헬스/건강용품,83,잠스트,[2개입SET] 잠스트 EK-5 무릎보호대 2Pack,https://www.oliveyoung.co.kr/store/goods/getGoodsDetail.do?goodsNo=B000000227215,https://image.oliveyoung.co.kr/cfimages/cf-goods/uploads/images/thumbnails/400/10/0000/0022/B00000022721510ko.jpg?l=ko,110000,93500,15.0,4,4.3,50,25,25,,,0,1,0,0,B000000227215,10000020005
2026-08-06,헬스/건강용품,84,버그넷,버그넷 프로 4.0 500ml,https://www.oliveyoung.co.kr/store/goods/getGoodsDetail.do?goodsNo=A000000253768,https://image.oliveyoung.co.kr/cfimages/cf-goods/uploads/images/thumbnails/400/10/0000/0025/A00000025376807ko.jpg?l=ko,34900,29700,14.9,105,4.6,79,8,8,1,5,1,0,0,1,A000000253768,10000020005
2026-08-06,헬스/건강용품,85,멕리듬,멕리듬 온열 순환 스팀 아이마스크 12매 7종 택1 (무향/라벤더/캐모마일/유자/숲속/히노키/금목서),https://www.oliveyoung.co.kr/store/goods/getGoodsDetail.do?goodsNo=A000000242118,https://image.oliveyoung.co.kr/cfimages/cf-goods/uploads/images/thumbnails/400/10/0000/0024/A00000024211814ko.jpg?l=ko,14900,13400,10.1,1724,4.8,88,9,2,0,0,1,0,0,1,A000000242118,10000020005
2026-08-06,헬스/건강용품,86,동국제약,[대용량/스팟보호] 동국제약 마데카셀 스팟 패치 테이프 130매,https://www.oliveyoung.co.kr/store/goods/getGoodsDetail.do?goodsNo=A000000249669,https://image.oliveyoung.co.kr/cfimages/cf-goods/uploads/images/thumbnails/400/10/0000/0024/A00000024966908ko.png?l=ko,18900,16900,10.6,33,4.5,73,12,9,3,3,1,0,0,1,A000000249669,10000020005
2026-08-06,헬스/건강용품,87,뷰앤디,뷰앤디 아이리쥬브,https://www.oliveyoung.co.kr/store/goods/getGoodsDetail.do?goodsNo=B000000240979,https://image.oliveyoung.co.kr/cfimages/cf-goods/uploads/images/thumbnails/400/10/0000/0024/B00000024097901ko.jpg?l=ko,123600,89000,28.0,60,4.2,65,10,12,5,8,0,1,0,0,B000000240979,10000020005
2026-08-06,헬스/건강용품,88,휴족휴면,[8월 올영픽][쿨링패치] 휴족휴면 21매,https://www.oliveyoung.co.kr/store/goods/getGoodsDetail.do?goodsNo=A000000102467,https://image.oliveyoung.co.kr/cfimages/cf-goods/uploads/images/thumbnails/400/10/0000/0010/A00000010246706ko.jpg?l=ko,12500,6600,47.2,3948,4.7,82,13,5,1,0,1,1,0,1,A000000102467,10000020005
2026-08-06,헬스/건강용품,89,더마틱스울트라,[의료기기] 더마틱스 스카플러스 스틱 5g,https://www.oliveyoung.co.kr/store/goods/getGoodsDetail.do?goodsNo=A000000179537,https://image.oliveyoung.co.kr/cfimages/cf-goods/uploads/images/thumbnails/400/10/0000/0017/A00000017953701ko.jpg?l=ko,24900,19900,20.1,879,4.7,76,18,5,1,1,1,0,0,1,A000000179537,10000020005
2026-08-06,헬스/건강용품,90,엘라밴드,[1+1] 엘라밴드 하이드로도트 지우개패치 1+1Box (총 96매),https://www.oliveyoung.co.kr/store/goods/getGoodsDetail.do?goodsNo=A000000128888,https://image.oliveyoung.co.kr/cfimages/cf-goods/uploads/images/thumbnails/400/10/0000/0012/A00000012888839ko.jpg?l=ko,18000,15500,13.9,627,4.9,92,7,1,0,0,1,0,0,1,A000000128888,10000020005
2026-08-06,헬스/건강용품,91,필리밀리,[8월올영픽] 필리밀리 두피 쿨링 괄사,https://www.oliveyoung.co.kr/store/goods/getGoodsDetail.do?goodsNo=A000000251218,https://image.oliveyoung.co.kr/cfimages/cf-goods/uploads/images/thumbnails/400/10/0000/0025/A00000025121808ko.jpg?l=ko,16500,15500,6.1,634,4.7,80,11,6,1,2,1,0,0,1,A000000251218,10000020005
2026-08-06,헬스/건강용품,92,슬로우랩,슬로우랩 빼독패치 쑥향 10매입,https://www.oliveyoung.co.kr/store/goods/getGoodsDetail.do?goodsNo=A000000141022,https://image.oliveyoung.co.kr/cfimages/cf-goods/uploads/images/thumbnails/400/10/0000/0014/A00000014102201ko.jpg?l=ko,11900,6900,42.0,3215,4.6,77,14,6,2,1,1,0,0,1,A000000141022,10000020005
2026-08-06,헬스/건강용품,93,케어플러스,[짜기전/대용량기획]케어플러스 스팟 커버 패치 카밍 252매/96매,https://www.oliveyoung.co.kr/store/goods/getGoodsDetail.do?goodsNo=A000000191829,https://image.oliveyoung.co.kr/cfimages/cf-goods/uploads/images/thumbnails/400/10/0000/0019/A00000019182907ko.jpg?l=ko,7200,6700,6.9,8889,4.8,84,12,4,0,0,1,0,0,1,A000000191829,10000020005
2026-08-06,헬스/건강용품,94,크리넥스,[기내필수템]크리넥스 가습촉촉 마스크 2P,https://www.oliveyoung.co.kr/store/goods/getGoodsDetail.do?goodsNo=A000000112937,https://image.oliveyoung.co.kr/cfimages/cf-goods/uploads/images/thumbnails/400/10/0000/0011/A00000011293707ko.jpg?l=ko,3300,2600,21.2,7210,4.8,87,9,3,1,1,1,0,0,1,A000000112937,10000020005
2026-08-06,헬스/건강용품,95,버그넷,버그넷 해충용품 4종,https://www.oliveyoung.co.kr/store/goods/getGoodsDetail.do?goodsNo=A000000254368,https://image.oliveyoung.co.kr/cfimages/cf-goods/uploads/images/thumbnails/400/10/0000/0025/A00000025436801ko.png?l=ko,34900,29700,14.9,172,4.6,82,8,6,1,3,1,0,0,1,A000000254368,10000020005
2026-08-06,헬스/건강용품,96,듀오덤,"[GMP 의료기기] 듀오덤 자외선차단 스팟패치 72매 *점, 시술, 여드름 상처보호*",https://www.oliveyoung.co.kr/store/goods/getGoodsDetail.do?goodsNo=A000000187671,https://image.oliveyoung.co.kr/cfimages/cf-goods/uploads/images/thumbnails/400/10/0000/0018/A00000018767112ko.jpg?l=ko,11900,11500,3.4,1961,4.8,90,7,2,1,1,1,0,0,1,A000000187671,10000020005
2026-08-06,헬스/건강용품,97,아텍스,산리오캐릭터즈 스팀 아이마스크 12매입,https://www.oliveyoung.co.kr/store/goods/getGoodsDetail.do?goodsNo=A000000226778,https://image.oliveyoung.co.kr/cfimages/cf-goods/uploads/images/thumbnails/400/10/0000/0022/A00000022677801ko.jpg?l=ko,9500,9500,0.0,838,4.8,87,9,3,0,0,0,0,0,1,A000000226778,10000020005
2026-08-06,헬스/건강용품,98,모키토,[1위 모기기피제] 모키토 모기퇴치제 스프레이 (단품/기획) 의약외품 식약처인증,https://www.oliveyoung.co.kr/store/goods/getGoodsDetail.do?goodsNo=A000000257504,https://image.oliveyoung.co.kr/cfimages/cf-goods/uploads/images/thumbnails/400/10/0000/0025/A00000025750404ko.jpg?l=ko,17000,13500,20.6,651,4.8,89,7,3,1,1,1,1,0,1,A000000257504,10000020005
2026-08-06,헬스/건강용품,99,바이오트루,바이오트루 500ml+120ml,https://www.oliveyoung.co.kr/store/goods/getGoodsDetail.do?goodsNo=A000000103921,https://image.oliveyoung.co.kr/cfimages/cf-goods/uploads/images/thumbnails/400/10/0000/0010/A00000010392110ko.jpg?l=ko,12900,10900,15.5,1957,4.9,88,10,2,0,0,1,0,0,1,A000000103921,10000020005
2026-08-06,헬스/건강용품,100,유이크,[라이즈 PICK] 유이크 바이옴 레미디 카밍 스팟 패치 2종 택 1 (단품/기획),https://www.oliveyoung.co.kr/store/goods/getGoodsDetail.do?goodsNo=A000000223940,https://image.oliveyoung.co.kr/cfimages/cf-goods/uploads/images/thumbnails/400/10/0000/0022/A00000022394007ko.jpg?l=ko,33000,23100,30.0,238,4.8,87,10,3,,0,1,0,0,1,A000000223940,10000020005
2026-08-06,위생용품,1,쏘피,[8월올영픽]쏘피 쿨링프레쉬 여성청결제 150ML,https://www.oliveyoung.co.kr/store/goods/getGoodsDetail.do?goodsNo=A000000256022,https://image.oliveyoung.co.kr/cfimages/cf-goods/uploads/images/thumbnails/400/10/0000/0025/A00000025602220ko.jpg?l=ko,21900,6980,68.1,370,5.0,97,2,1,,,1,1,1,1,A000000256022,10000020004
2026-08-06,위생용품,2,쏘피,[8월올영픽]쏘피 쿨링프레쉬 생리대 19종 택 1 (패드/안심숙면팬티/라이너/번들),https://www.oliveyoung.co.kr/store/goods/getGoodsDetail.do?goodsNo=A000000223283,https://image.oliveyoung.co.kr/cfimages/cf-goods/uploads/images/thumbnails/400/10/0000/0022/A00000022328376ko.jpg?l=ko,6400,2890,54.8,52292,4.8,87,8,3,1,1,1,1,1,1,A000000223283,10000020004
2026-08-06,위생용품,3,디어스킨,디어스킨 리얼모달 생리대 7종 택 1(패드 / 라이너 / 슈퍼롱 / 입는오버),https://www.oliveyoung.co.kr/store/goods/getGoodsDetail.do?goodsNo=A000000170042,https://image.oliveyoung.co.kr/cfimages/cf-goods/uploads/images/thumbnails/400/10/0000/0017/A00000017004228ko.jpg?l=ko,6400,5760,10.0,24835,4.8,88,9,2,0,0,0,1,0,1,A000000170042,10000020004
2026-08-06,위생용품,4,아로마티카,[3년연속1위] 아로마티카 퓨어 앤 소프트 여성청결제 170ml  3종 택 1 (듀오/리필기획),https://www.oliveyoung.co.kr/store/goods/getGoodsDetail.do?goodsNo=A000000174439,https://image.oliveyoung.co.kr/cfimages/cf-goods/uploads/images/thumbnails/400/10/0000/0017/A00000017443998ko.jpg?l=ko,35000,18900,46.0,37764,4.8,86,11,2,0,0,1,1,1,1,A000000174439,10000020004
2026-08-06,위생용품,5,순수한면,순수한면 건강한 유기농순면 탐폰 레귤러/슈퍼 4종 택 1,https://www.oliveyoung.co.kr/store/goods/getGoodsDetail.do?goodsNo=A000000155771,https://image.oliveyoung.co.kr/cfimages/cf-goods/uploads/images/thumbnails/400/10/0000/0015/A00000015577110ko.jpg?l=ko,6400,5760,10.0,13829,4.8,86,9,3,1,1,0,1,0,1,A000000155771,10000020004
2026-08-06,위생용품,6,이너시아,[8월올영픽/즉각쿨링] 이너시아 더 쿨 유기농 생리대 (6종 택1),https://www.oliveyoung.co.kr/store/goods/getGoodsDetail.do?goodsNo=A000000257283,https://image.oliveyoung.co.kr/cfimages/cf-goods/uploads/images/thumbnails/400/10/0000/0025/A00000025728311ko.jpg?l=ko,10800,7500,30.6,434,4.7,83,10,4,2,2,1,1,0,1,A000000257283,10000020004
2026-08-06,위생용품,7,좋은느낌,2026 좋은느낌 썸머 입는오버나이트 M/L 4P,https://www.oliveyoung.co.kr/store/goods/getGoodsDetail.do?goodsNo=A000000255428,https://image.oliveyoung.co.kr/cfimages/cf-goods/uploads/images/thumbnails/400/10/0000/0025/A00000025542847ko.jpg?l=ko,9000,7500,16.7,781,4.9,91,7,2,0,0,0,1,0,1,A000000255428,10000020004
2026-08-06,위생용품,8,좋은느낌,[8월올영픽][2026 NEW] 좋은느낌 썸머 생리대 4종 택1 (패드/입는오버나이트) (중형/대형),https://www.oliveyoung.co.kr/store/goods/getGoodsDetail.do?goodsNo=A000000250705,https://image.oliveyoung.co.kr/cfimages/cf-goods/uploads/images/thumbnails/400/10/0000/0025/A00000025070564ko.jpg?l=ko,9000,7500,16.7,8212,4.8,88,9,2,0,0,0,1,0,1,A000000250705,10000020004
2026-08-06,위생용품,9,메디온,[8월올영픽][햄깅키링증정] 메디온 포밍워시 여성청결제 기획 4종 택1 [포밍/쿨링],https://www.oliveyoung.co.kr/store/goods/getGoodsDetail.do?goodsNo=A000000180548,https://image.oliveyoung.co.kr/cfimages/cf-goods/uploads/images/thumbnails/400/10/0000/0018/A00000018054858ko.jpg?l=ko,24900,18700,24.9,5706,4.9,95,4,1,0,0,1,1,0,1,A000000180548,10000020004
2026-08-06,위생용품,10,좋은느낌,[NEW] 좋은느낌 유기농100%순면 생리대 (소/중/대/수퍼롱),https://www.oliveyoung.co.kr/store/goods/getGoodsDetail.do?goodsNo=A000000223388,https://image.oliveyoung.co.kr/cfimages/cf-goods/uploads/images/thumbnails/400/10/0000/0022/A00000022338826ko.png?l=ko,9200,9200,0.0,21023,4.9,89,9,2,0,0,0,0,0,1,A000000223388,10000020004
2026-08-06,위생용품,11,바른생각,[워터밤이벤트][의료기기] 바른생각 콘돔 19종 택 1,https://www.oliveyoung.co.kr/store/goods/getGoodsDetail.do?goodsNo=A000000148268,https://image.oliveyoung.co.kr/cfimages/cf-goods/uploads/images/thumbnails/400/10/0000/0014/A00000014826860ko.jpg?l=ko,9900,8200,17.2,21914,4.8,88,8,3,0,1,0,1,0,1,A000000148268,10000020004
2026-08-06,위생용품,12,유리아쥬,[온가족 여성청결제] 유리아쥬 진피 마일드 젤/폼 6종 택 1,https://www.oliveyoung.co.kr/store/goods/getGoodsDetail.do?goodsNo=A000000113494,https://image.oliveyoung.co.kr/cfimages/cf-goods/uploads/images/thumbnails/400/10/0000/0011/A000000113494123ko.jpg?l=ko,23000,18400,20.0,9256,4.9,89,8,2,0,0,1,0,0,1,A000000113494,10000020004
2026-08-06,위생용품,13,좋은느낌,"[2025 어워즈] 좋은느낌 오리지널 입는오버나이트 (S/M/L, 대용량)",https://www.oliveyoung.co.kr/store/goods/getGoodsDetail.do?goodsNo=A000000162121,https://image.oliveyoung.co.kr/cfimages/cf-goods/uploads/images/thumbnails/400/10/0000/0016/A00000016212143ko.png?l=ko,8600,8600,0.0,24798,4.9,92,6,1,0,0,0,0,0,1,A000000162121,10000020004
2026-08-06,위생용품,14,순수한면,순수한면 제로 순면생리대 12종 택 1 (패드/라이너/슈퍼롱/입오버),https://www.oliveyoung.co.kr/store/goods/getGoodsDetail.do?goodsNo=A000000211989,https://image.oliveyoung.co.kr/cfimages/cf-goods/uploads/images/thumbnails/400/10/0000/0021/A00000021198933ko.jpg?l=ko,3600,2880,20.0,21933,4.9,92,6,2,0,0,0,1,0,1,A000000211989,10000020004
2026-08-06,위생용품,15,화이트,[8월올영픽][2026 NEW] 화이트 스테이쿨 생리대 5종 택 1 (중형/대형/입는오버나이트/수퍼롱/라이너),https://www.oliveyoung.co.kr/store/goods/getGoodsDetail.do?goodsNo=A000000251973,https://image.oliveyoung.co.kr/cfimages/cf-goods/uploads/images/thumbnails/400/10/0000/0025/A00000025197353ko.png?l=ko,9400,4000,57.4,14935,4.7,83,9,5,1,1,1,1,1,1,A000000251973,10000020004
2026-08-06,위생용품,16,라엘,[라엘시그니처] 라엘 유기농 순면커버 생리대 7종 택 1,https://www.oliveyoung.co.kr/store/goods/getGoodsDetail.do?goodsNo=A000000131345,https://image.oliveyoung.co.kr/cfimages/cf-goods/uploads/images/thumbnails/400/10/0000/0013/A00000013134564ko.jpg?l=ko,8400,6700,20.2,29639,4.8,87,10,2,0,0,1,1,1,1,A000000131345,10000020004
2026-08-06,위생용품,17,유리아쥬,[온가족 여성청결제] 유리아쥬 진피 마일드 젤 단품/기획 택 1 (50ml/200ml/500ml),https://www.oliveyoung.co.kr/store/goods/getGoodsDetail.do?goodsNo=A000000120689,https://image.oliveyoung.co.kr/cfimages/cf-goods/uploads/images/thumbnails/400/10/0000/0012/A00000012068937ko.jpg?l=ko,11000,5500,50.0,5007,4.9,90,8,1,0,0,1,0,0,1,A000000120689,10000020004
2026-08-06,위생용품,18,바른생각,[워터밤이벤트][의료기기] 바른생각 젤 헬시 러브 2종 택1(100g / 12개입),https://www.oliveyoung.co.kr/store/goods/getGoodsDetail.do?goodsNo=A000000190915,https://image.oliveyoung.co.kr/cfimages/cf-goods/uploads/images/thumbnails/400/10/0000/0019/A00000019091541ko.jpg?l=ko,13500,11800,12.6,7534,4.8,85,10,4,1,1,1,1,0,1,A000000190915,10000020004
2026-08-06,위생용품,19,인클리어,[의료기기] 인클리어/렛츠인클리어 질세정기 4종 택1,https://www.oliveyoung.co.kr/store/goods/getGoodsDetail.do?goodsNo=A000000193120,https://image.oliveyoung.co.kr/cfimages/cf-goods/uploads/images/thumbnails/400/10/0000/0019/A00000019312047ko.jpg?l=ko,8800,7700,12.5,18269,4.8,87,10,2,0,0,1,0,0,1,A000000193120,10000020004
2026-08-06,위생용품,20,라엘,[재입고완료/품절대란템] 라엘 에어리쿨 순면커버 입는 오버나이트 4P (M/L),https://www.oliveyoung.co.kr/store/goods/getGoodsDetail.do?goodsNo=A000000252463,https://image.oliveyoung.co.kr/cfimages/cf-goods/uploads/images/thumbnails/400/10/0000/0025/A00000025246316ko.jpg?l=ko,8400,5700,32.1,626,4.8,85,10,3,1,1,1,1,1,1,A000000252463,10000020004
2026-08-06,위생용품,21,라엘,[유트루PICK/8월올영픽] 라엘 에어리쿨 순면커버 생리대 (4종 택1),https://www.oliveyoung.co.kr/store/goods/getGoodsDetail.do?goodsNo=A000000252461,https://image.oliveyoung.co.kr/cfimages/cf-goods/uploads/images/thumbnails/400/10/0000/0025/A00000025246122ko.jpg?l=ko,18800,10900,42.0,1349,4.7,82,13,4,1,1,1,1,1,1,A000000252461,10000020004
2026-08-06,위생용품,22,사가미,[의료기기] 사가미 오리지널 콘돔 12종 택 1 [0.01/0.02],https://www.oliveyoung.co.kr/store/goods/getGoodsDetail.do?goodsNo=A000000117195,https://image.oliveyoung.co.kr/cfimages/cf-goods/uploads/images/thumbnails/400/10/0000/0011/A00000011719513ko.png?l=ko,31200,28000,10.3,10502,4.8,88,7,3,1,1,1,0,0,1,A000000117195,10000020004
2026-08-06,위생용품,23,포엘리에,[쿨링출시/Y존케어] 포엘리에 페미닌 이너퍼퓸 데일리 멀티 향수,https://www.oliveyoung.co.kr/store/goods/getGoodsDetail.do?goodsNo=A000000120264,https://image.oliveyoung.co.kr/cfimages/cf-goods/uploads/images/thumbnails/400/10/0000/0012/A00000012026451ko.jpg?l=ko,15900,11900,25.2,13404,4.7,81,13,4,1,1,1,1,0,1,A000000120264,10000020004
2026-08-06,위생용품,24,좋은느낌,좋은느낌 유기농100%순면 라이너 7종 택 1 (일반/롱/수퍼롱/맥시롱),https://www.oliveyoung.co.kr/store/goods/getGoodsDetail.do?goodsNo=A000000224296,https://image.oliveyoung.co.kr/cfimages/cf-goods/uploads/images/thumbnails/400/10/0000/0022/A00000022429635ko.png?l=ko,7000,7000,0.0,27684,4.8,87,11,2,0,0,0,0,0,1,A000000224296,10000020004
2026-08-06,위생용품,25,디어스킨,디어스킨 에어엠보 생리대 8종 택 1(패드 / 라이너 / 슈퍼롱 / 입는오버),https://www.oliveyoung.co.kr/store/goods/getGoodsDetail.do?goodsNo=A000000145609,https://image.oliveyoung.co.kr/cfimages/cf-goods/uploads/images/thumbnails/400/10/0000/0014/A00000014560921ko.jpg?l=ko,4900,4410,10.0,18318,4.8,88,9,2,0,0,0,1,0,1,A000000145609,10000020004
2026-08-06,위생용품,26,이너생각,[소윤PICK] 이너생각 여성청결제 기획 2종 택 1 (휩드워시/포밍워시),https://www.oliveyoung.co.kr/store/goods/getGoodsDetail.do?goodsNo=A000000214877,https://image.oliveyoung.co.kr/cfimages/cf-goods/uploads/images/thumbnails/400/10/0000/0021/A00000021487783ko.png?l=ko,18000,14000,22.2,8907,4.8,89,8,2,0,1,1,0,0,1,A000000214877,10000020004
2026-08-06,위생용품,27,좋은느낌,좋은느낌 오리지널 울트라슬림 생리대 날개형 9종 택 1 (소형 / 중형 / 대형 / 수퍼롱),https://www.oliveyoung.co.kr/store/goods/getGoodsDetail.do?goodsNo=A000000014786,https://image.oliveyoung.co.kr/cfimages/cf-goods/uploads/images/thumbnails/400/10/0000/0001/A00000001478628ko.png?l=ko,1800,1300,27.8,20432,4.9,89,9,2,0,0,1,0,0,1,A000000014786,10000020004
2026-08-06,위생용품,28,아스트로글라이드,[의료기기] 아스트로글라이드 오리지날 2종 택 1(74ml / 148ml),https://www.oliveyoung.co.kr/store/goods/getGoodsDetail.do?goodsNo=A000000208184,https://image.oliveyoung.co.kr/cfimages/cf-goods/uploads/images/thumbnails/400/10/0000/0020/A00000020818402ko.jpg?l=ko,25000,25000,0.0,957,4.9,91,6,3,,0,0,0,0,1,A000000208184,10000020004
2026-08-06,위생용품,29,콜만,콜만 생리대 중대형/중소형/팬티라이너 3종 택 1,https://www.oliveyoung.co.kr/store/goods/getGoodsDetail.do?goodsNo=A000000117457,https://image.oliveyoung.co.kr/cfimages/cf-goods/uploads/images/thumbnails/400/10/0000/0011/A00000011745748ko.jpg?l=ko,8600,8400,2.3,11618,4.8,81,14,3,0,1,0,1,0,1,A000000117457,10000020004
2026-08-06,위생용품,30,디어스킨,"디어스킨 리얼모달 입는오버나이트 4종 택 1 (중/대형 4P, 중/대형 8P)",https://www.oliveyoung.co.kr/store/goods/getGoodsDetail.do?goodsNo=A000000191302,https://image.oliveyoung.co.kr/cfimages/cf-goods/uploads/images/thumbnails/400/10/0000/0019/A00000019130206ko.jpg?l=ko,7900,7110,10.0,7264,4.8,89,8,2,0,1,0,1,0,1,A000000191302,10000020004
2026-08-06,위생용품,31,바른생각,[워터밤이벤트]바른생각 젤 기획세트 150ml+50ml  2종 택 1 (젤 스탠다드 / 젤 내추럴 수딩),https://www.oliveyoung.co.kr/store/goods/getGoodsDetail.do?goodsNo=A000000152113,https://image.oliveyoung.co.kr/cfimages/cf-goods/uploads/images/thumbnails/400/10/0000/0015/A00000015211346ko.jpg?l=ko,16900,14400,14.8,4522,4.8,84,10,4,1,1,0,1,0,1,A000000152113,10000020004
2026-08-06,위생용품,32,템포,[올리브영 단독기획] 템포 레귤러/슈퍼 10+2p 증정기획,https://www.oliveyoung.co.kr/store/goods/getGoodsDetail.do?goodsNo=A000000259893,https://image.oliveyoung.co.kr/cfimages/cf-goods/uploads/images/thumbnails/400/10/0000/0025/A00000025989301ko.jpg?l=ko,7900,5500,30.4,6481,4.9,91,7,2,0,0,1,0,0,1,A000000259893,10000020004
2026-08-06,위생용품,33,바른생각,[워터밤이벤트][의료기기] 바른생각 익스트림 에어핏 4종 택 1,https://www.oliveyoung.co.kr/store/goods/getGoodsDetail.do?goodsNo=A000000147169,https://image.oliveyoung.co.kr/cfimages/cf-goods/uploads/images/thumbnails/400/10/0000/0014/A00000014716932ko.jpg?l=ko,14900,11500,22.8,7134,4.9,91,7,2,0,0,0,1,0,1,A000000147169,10000020004
2026-08-06,위생용품,34,메디온,[단독기획]메디온 퍼퓸미스트 기획세트(청결티슈 3매 추가증정),https://www.oliveyoung.co.kr/store/goods/getGoodsDetail.do?goodsNo=A000000191416,https://image.oliveyoung.co.kr/cfimages/cf-goods/uploads/images/thumbnails/400/10/0000/0019/A00000019141622ko.jpg?l=ko,29800,24000,19.5,3085,4.8,87,8,4,1,1,1,1,0,1,A000000191416,10000020004
2026-08-06,위생용품,35,해피문데이,[NEW] 해피문데이 이지 탐폰 3종 택1 (라이트/레귤러/슈퍼),https://www.oliveyoung.co.kr/store/goods/getGoodsDetail.do?goodsNo=A000000257391,https://image.oliveyoung.co.kr/cfimages/cf-goods/uploads/images/thumbnails/400/10/0000/0025/A00000025739107ko.png?l=ko,5700,5700,0.0,10243,4.8,89,7,2,0,0,0,0,0,1,A000000257391,10000020004
2026-08-06,위생용품,36,이너시아,이너시아 더 프리즘 유기농생리대 6종 택 1,https://www.oliveyoung.co.kr/store/goods/getGoodsDetail.do?goodsNo=A000000187776,https://image.oliveyoung.co.kr/cfimages/cf-goods/uploads/images/thumbnails/400/10/0000/0018/A00000018777648ko.jpg?l=ko,8500,7700,9.4,11779,4.8,88,9,2,0,1,1,0,0,1,A000000187776,10000020004
2026-08-06,위생용품,37,아로마티카,[8월올영픽][NEW/이나연PICK] 아로마티카 컴포트 모이스처 여성청결제 로즈&제라늄 200ml 리필 기획,https://www.oliveyoung.co.kr/store/goods/getGoodsDetail.do?goodsNo=A000000258680,https://image.oliveyoung.co.kr/cfimages/cf-goods/uploads/images/thumbnails/400/10/0000/0025/A00000025868018ko.jpg?l=ko,27000,18700,30.7,125,4.9,93,6,2,,,1,1,1,1,A000000258680,10000020004
2026-08-06,위생용품,38,유기농본,유기농본 울트라슬림날개 7종 택 1 (소형/중형/대형/오버나이트/증량),https://www.oliveyoung.co.kr/store/goods/getGoodsDetail.do?goodsNo=A000000006721,https://image.oliveyoung.co.kr/cfimages/cf-goods/uploads/images/thumbnails/400/10/0000/0000/A00000000672118ko.jpg?l=ko,8600,8500,1.2,15574,4.8,84,13,3,0,0,0,1,0,1,A000000006721,10000020004
2026-08-06,위생용품,39,쏘피,[8월올영픽]쏘피 쿨링프레쉬 유기농 생리대 2종 택 1(중형 14P/대형 12P),https://www.oliveyoung.co.kr/store/goods/getGoodsDetail.do?goodsNo=A000000255997,https://image.oliveyoung.co.kr/cfimages/cf-goods/uploads/images/thumbnails/400/10/0000/0025/A00000025599775ko.jpg?l=ko,7900,3950,50.0,524,4.9,92,5,1,1,1,1,1,1,1,A000000255997,10000020004
2026-08-06,위생용품,40,지노큐어,[안주미PICK] 지노큐어 인텐시브 B3 미백크림 착색해결크림,https://www.oliveyoung.co.kr/store/goods/getGoodsDetail.do?goodsNo=A000000246013,https://image.oliveyoung.co.kr/cfimages/cf-goods/uploads/images/thumbnails/400/10/0000/0024/A00000024601308ko.png?l=ko,27800,27800,0.0,43,4.8,84,12,5,,,0,0,0,1,A000000246013,10000020004
2026-08-06,위생용품,41,화이트,화이트 제로필 탐폰 8개입 (레귤러/슈퍼),https://www.oliveyoung.co.kr/store/goods/getGoodsDetail.do?goodsNo=A000000250693,https://image.oliveyoung.co.kr/cfimages/cf-goods/uploads/images/thumbnails/400/10/0000/0025/A00000025069333ko.png?l=ko,7900,7900,0.0,1756,4.9,93,5,1,0,0,0,0,1,1,A000000250693,10000020004
2026-08-06,위생용품,42,디어스킨,[8월올영픽][젤라비PICK/2026 NEW] 디어스킨 에어쿨링 3종 택1 (중형/대형),https://www.oliveyoung.co.kr/store/goods/getGoodsDetail.do?goodsNo=A000000224002,https://image.oliveyoung.co.kr/cfimages/cf-goods/uploads/images/thumbnails/400/10/0000/0022/A00000022400230ko.jpg?l=ko,8400,6300,25.0,4498,4.6,78,12,6,2,2,0,1,0,1,A000000224002,10000020004
2026-08-06,위생용품,43,애프리 솔루션,애프리 솔루션 버블 여성 청결제 3종 택 1 (블루/핑크),https://www.oliveyoung.co.kr/store/goods/getGoodsDetail.do?goodsNo=A000000231551,https://image.oliveyoung.co.kr/cfimages/cf-goods/uploads/images/thumbnails/400/10/0000/0023/A00000023155134ko.jpg?l=ko,18000,16200,10.0,239,4.9,97,3,,0,0,1,0,0,1,A000000231551,10000020004
2026-08-06,위생용품,44,라엘,[뷰튜버PICK]라엘 여성청결제 & 청결티슈 4종 택 1(천연/제주편백/청결티슈),https://www.oliveyoung.co.kr/store/goods/getGoodsDetail.do?goodsNo=A000000138252,https://image.oliveyoung.co.kr/cfimages/cf-goods/uploads/images/thumbnails/400/10/0000/0013/A00000013825224ko.jpg?l=ko,16900,11500,32.0,4779,4.8,88,9,3,0,1,1,1,1,1,A000000138252,10000020004
2026-08-06,위생용품,45,초감각,[의료기기] 초감각 001 콘돔 2종 택 1 (10P/30P),https://www.oliveyoung.co.kr/store/goods/getGoodsDetail.do?goodsNo=A000000211965,https://image.oliveyoung.co.kr/cfimages/cf-goods/uploads/images/thumbnails/400/10/0000/0021/A00000021196508ko.jpg?l=ko,17900,16900,5.6,1562,4.9,93,4,2,0,1,1,0,0,1,A000000211965,10000020004
2026-08-06,위생용품,46,이브,[의료기기] 이브 콘돔 7종 모음전,https://www.oliveyoung.co.kr/store/goods/getGoodsDetail.do?goodsNo=A000000158467,https://image.oliveyoung.co.kr/cfimages/cf-goods/uploads/images/thumbnails/400/10/0000/0015/A00000015846738ko.png?l=ko,12900,11900,7.8,3146,4.9,91,6,2,0,1,1,0,0,1,A000000158467,10000020004
2026-08-06,위생용품,47,라엘,라엘 유기농 순면커버 팬티라이너 5종 택 1,https://www.oliveyoung.co.kr/store/goods/getGoodsDetail.do?goodsNo=A000000183558,https://image.oliveyoung.co.kr/cfimages/cf-goods/uploads/images/thumbnails/400/10/0000/0018/A00000018355818ko.jpg?l=ko,5500,4700,14.5,5014,4.8,87,9,3,1,1,0,1,1,1,A000000183558,10000020004
2026-08-06,위생용품,48,템포,템포 레귤러/슈퍼 8종 중 택 1 (10+2p / 10p / 20p / 40p),https://www.oliveyoung.co.kr/store/goods/getGoodsDetail.do?goodsNo=A000000204055,https://image.oliveyoung.co.kr/cfimages/cf-goods/uploads/images/thumbnails/400/10/0000/0020/A00000020405512ko.jpg?l=ko,7900,7900,0.0,25176,4.8,86,10,3,0,0,0,0,0,1,A000000204055,10000020004
2026-08-06,위생용품,49,크리넥스,크리넥스 마이비데 클린케어 4종 택 1 (10매/80매/미니사이즈10매*6팩/미니사이즈10매),https://www.oliveyoung.co.kr/store/goods/getGoodsDetail.do?goodsNo=A000000201003,https://image.oliveyoung.co.kr/cfimages/cf-goods/uploads/images/thumbnails/400/10/0000/0020/A00000020100303ko.jpg?l=ko,1400,1400,0.0,5153,4.9,92,6,1,0,0,0,0,0,1,A000000201003,10000020004
2026-08-06,위생용품,50,쎄페,[의료기기] 쎄페 여성세정제 2종 택 1 (1P/3P),https://www.oliveyoung.co.kr/store/goods/getGoodsDetail.do?goodsNo=A000000164321,https://image.oliveyoung.co.kr/cfimages/cf-goods/uploads/images/thumbnails/400/10/0000/0016/A00000016432103ko.jpg?l=ko,5000,3400,32.0,5603,4.9,90,7,3,0,0,1,1,0,1,A000000164321,10000020004
2026-08-06,위생용품,51,디오넬,디오넬 시크릿러브 이너퍼퓸 6종 택 1,https://www.oliveyoung.co.kr/store/goods/getGoodsDetail.do?goodsNo=A000000104681,https://image.oliveyoung.co.kr/cfimages/cf-goods/uploads/images/thumbnails/400/10/0000/0010/A00000010468121ko.png?l=ko,16900,16900,0.0,7017,4.8,82,13,4,1,0,0,0,0,1,A000000104681,10000020004
2026-08-06,위생용품,52,순수한면,순수한면 쿨링브리즈 2종 택1 (중형/대형),https://www.oliveyoung.co.kr/store/goods/getGoodsDetail.do?goodsNo=A000000254400,https://image.oliveyoung.co.kr/cfimages/cf-goods/uploads/images/thumbnails/400/10/0000/0025/A00000025440009ko.jpg?l=ko,8400,6720,20.0,1616,4.9,93,5,1,0,1,0,1,0,1,A000000254400,10000020004
2026-08-06,위생용품,53,이체크,[의료기기] 동아제약 이체크 굿뉴스 얼리체크 임신테스트기 1KIT,https://www.oliveyoung.co.kr/store/goods/getGoodsDetail.do?goodsNo=A000000137788,https://image.oliveyoung.co.kr/cfimages/cf-goods/uploads/images/thumbnails/400/10/0000/0013/A00000013778808ko.jpg?l=ko,5000,3900,22.0,5225,4.9,92,5,2,0,1,1,0,0,1,A000000137788,10000020004
2026-08-06,위생용품,54,SKYN,[의료기기/증량] SKYN 엘리트 극초박형 30P,https://www.oliveyoung.co.kr/store/goods/getGoodsDetail.do?goodsNo=A000000146778,https://image.oliveyoung.co.kr/cfimages/cf-goods/uploads/images/thumbnails/400/10/0000/0014/A00000014677802ko.jpg?l=ko,43800,43800,0.0,483,5.0,97,2,0,,,0,0,0,1,A000000146778,10000020004
2026-08-06,위생용품,55,팸퍼스,팸퍼스 2026 터치오브네이처 팬티 기저귀 4~6단계 1박스,https://www.oliveyoung.co.kr/store/goods/getGoodsDetail.do?goodsNo=B000000249706,https://image.oliveyoung.co.kr/cfimages/cf-goods/uploads/images/thumbnails/400/10/0000/0024/B00000024970601ko.jpg?l=ko,104900,83900,20.0,13,5.0,100,,,,,0,1,0,0,B000000249706,10000020004
2026-08-06,위생용품,56,쏘피,쏘피 바디피트 볼록맞춤 4종 택 1 (중형/대형/슈퍼롱/오버나이트),https://www.oliveyoung.co.kr/store/goods/getGoodsDetail.do?goodsNo=A000000009140,https://image.oliveyoung.co.kr/cfimages/cf-goods/uploads/images/thumbnails/400/10/0000/0000/A00000000914016ko.jpg?l=ko,6900,3280,52.5,32942,4.8,88,10,2,0,0,1,1,0,1,A000000009140,10000020004
2026-08-06,위생용품,57,포엘리에,[99.9%항균/특허성분] 포엘리에 오스몰 밸런스 여성청결제 200ml 여청제,https://www.oliveyoung.co.kr/store/goods/getGoodsDetail.do?goodsNo=A000000251794,https://image.oliveyoung.co.kr/cfimages/cf-goods/uploads/images/thumbnails/400/10/0000/0025/A00000025179411ko.jpg?l=ko,18000,15000,16.7,536,5.0,98,1,,,0,1,1,0,1,A000000251794,10000020004
2026-08-06,위생용품,58,바른생각,[워터밤이벤트]바른생각 베스트 젤 7종 택 1,https://www.oliveyoung.co.kr/store/goods/getGoodsDetail.do?goodsNo=A000000143636,https://image.oliveyoung.co.kr/cfimages/cf-goods/uploads/images/thumbnails/400/10/0000/0014/A00000014363651ko.jpg?l=ko,11500,9700,15.7,1805,4.7,81,12,5,1,1,0,1,0,1,A000000143636,10000020004
2026-08-06,위생용품,59,에어퀸,에어퀸 뉴브레스 유기농 생리대 3종 택 1 (팬티라이너/중형/대형),https://www.oliveyoung.co.kr/store/goods/getGoodsDetail.do?goodsNo=A000000203059,https://image.oliveyoung.co.kr/cfimages/cf-goods/uploads/images/thumbnails/400/10/0000/0020/A00000020305938ko.jpg?l=ko,5900,5900,0.0,3108,4.8,84,11,4,0,1,0,0,0,1,A000000203059,10000020004
2026-08-06,위생용품,60,화이트,"화이트 수퍼흡수 생리대 11종 택 1 (중/대 대용량, 오버나이트, 수퍼롱 드림핏/드림가드)",https://www.oliveyoung.co.kr/store/goods/getGoodsDetail.do?goodsNo=A000000160841,https://image.oliveyoung.co.kr/cfimages/cf-goods/uploads/images/thumbnails/400/10/0000/0016/A00000016084126ko.jpg?l=ko,8000,8000,0.0,3601,4.9,91,7,2,0,0,0,0,1,1,A000000160841,10000020004
2026-08-06,위생용품,61,텐가,텐가 플레이젤 160ml 3종 택 1 (리치아쿠아/네츄럴웨트/다이렉트 필),https://www.oliveyoung.co.kr/store/goods/getGoodsDetail.do?goodsNo=A000000224333,https://image.oliveyoung.co.kr/cfimages/cf-goods/uploads/images/thumbnails/400/10/0000/0022/A00000022433305ko.jpg?l=ko,12000,9900,17.5,1103,4.8,89,7,3,0,1,1,0,0,1,A000000224333,10000020004
2026-08-06,위생용품,62,쏘피,쏘피 안심숙면 팬티 10종 택 1(카카오프렌즈 3종/일반 7종),https://www.oliveyoung.co.kr/store/goods/getGoodsDetail.do?goodsNo=A000000102626,https://image.oliveyoung.co.kr/cfimages/cf-goods/uploads/images/thumbnails/400/10/0000/0010/A00000010262634ko.jpg?l=ko,9600,4320,55.0,17838,4.9,91,7,2,0,0,1,1,0,1,A000000102626,10000020004
2026-08-06,위생용품,63,사가미,[의료기기] 사가미 대용량 콘돔 2종 택1 [10개입/12개입],https://www.oliveyoung.co.kr/store/goods/getGoodsDetail.do?goodsNo=A000000259965,https://image.oliveyoung.co.kr/cfimages/cf-goods/uploads/images/thumbnails/400/10/0000/0025/A00000025996506ko.png?l=ko,33800,27500,18.6,8347,4.8,89,7,3,0,1,1,0,0,1,A000000259965,10000020004
2026-08-06,위생용품,64,라엘,라엘 유기농 순면커버 입는오버나이트 6종 택1,https://www.oliveyoung.co.kr/store/goods/getGoodsDetail.do?goodsNo=A000000157030,https://image.oliveyoung.co.kr/cfimages/cf-goods/uploads/images/thumbnails/400/10/0000/0015/A00000015703057ko.jpg?l=ko,7900,6160,22.0,12484,4.9,92,6,2,0,0,1,1,1,1,A000000157030,10000020004
2026-08-06,위생용품,65,사포렐,[젤타입/폼타입]사포렐 여성청결제 5종 택 1(250ml+250ml 기획/250ml/500ml),https://www.oliveyoung.co.kr/store/goods/getGoodsDetail.do?goodsNo=A000000139331,https://image.oliveyoung.co.kr/cfimages/cf-goods/uploads/images/thumbnails/400/10/0000/0013/A00000013933142ko.jpg?l=ko,17900,15900,11.2,4031,4.8,87,10,2,0,0,1,0,0,1,A000000139331,10000020004
2026-08-06,위생용품,66,인클리어,[의료기기] 렛츠인클리어 질세정기 2종 택1 (렛츠인클리어 2P / 렛츠인클리어 9P),https://www.oliveyoung.co.kr/store/goods/getGoodsDetail.do?goodsNo=A000000154511,https://image.oliveyoung.co.kr/cfimages/cf-goods/uploads/images/thumbnails/400/10/0000/0015/A00000015451112ko.jpg?l=ko,8800,7700,12.5,4346,4.8,86,11,2,0,0,1,0,0,1,A000000154511,10000020004
2026-08-06,위생용품,67,카엘라,카엘라 여성청결제 3종 세트 (본품+폼30ml+티슈3매),https://www.oliveyoung.co.kr/store/goods/getGoodsDetail.do?goodsNo=A000000192107,https://image.oliveyoung.co.kr/cfimages/cf-goods/uploads/images/thumbnails/400/10/0000/0019/A00000019210744ko.png?l=ko,25000,17500,30.0,1128,4.9,88,10,2,0,0,1,0,0,1,A000000192107,10000020004
2026-08-06,위생용품,68,좋은느낌,좋은느낌 수퍼소프트 생리대 (패드/입오버/라이너),https://www.oliveyoung.co.kr/store/goods/getGoodsDetail.do?goodsNo=A000000208842,https://image.oliveyoung.co.kr/cfimages/cf-goods/uploads/images/thumbnails/400/10/0000/0020/A00000020884282ko.png?l=ko,8400,4200,50.0,20984,4.9,90,8,2,0,0,1,0,0,1,A000000208842,10000020004
2026-08-06,위생용품,69,좋은느낌,[락토바실러스 함유] 좋은느낌 더밸런스 바이옴 여성 청결제 폼/청결티슈,https://www.oliveyoung.co.kr/store/goods/getGoodsDetail.do?goodsNo=A000000228164,https://image.oliveyoung.co.kr/cfimages/cf-goods/uploads/images/thumbnails/400/10/0000/0022/A00000022816437ko.png?l=ko,23000,16000,30.4,4120,4.9,91,7,1,0,0,1,0,0,1,A000000228164,10000020004
2026-08-06,위생용품,70,아임오,아임오 날개까지 유기농 순면 생리대 3종 택 1 (중형 14P/대형 9P/오버나이트 6P),https://www.oliveyoung.co.kr/store/goods/getGoodsDetail.do?goodsNo=A000000183218,https://image.oliveyoung.co.kr/cfimages/cf-goods/uploads/images/thumbnails/400/10/0000/0018/A00000018321830ko.jpg?l=ko,7600,6840,10.0,1346,4.8,84,12,4,0,0,0,1,0,1,A000000183218,10000020004
2026-08-06,위생용품,71,좋은느낌,좋은느낌 센서티브스킨 생리대 6종 택1(중형/대형/특대형/라이너 롱/입는 오버나이트),https://www.oliveyoung.co.kr/store/goods/getGoodsDetail.do?goodsNo=A000000237596,https://image.oliveyoung.co.kr/cfimages/cf-goods/uploads/images/thumbnails/400/10/0000/0023/A00000023759620ko.jpg?l=ko,8700,8700,0.0,2392,4.9,90,7,2,0,0,0,0,0,1,A000000237596,10000020004
2026-08-06,위생용품,72,유기농본,유기농본 울트라슬림 팬티라이너 4종 택 1,https://www.oliveyoung.co.kr/store/goods/getGoodsDetail.do?goodsNo=A000000006731,https://image.oliveyoung.co.kr/cfimages/cf-goods/uploads/images/thumbnails/400/10/0000/0000/A00000000673116ko.jpg?l=ko,5400,3500,35.2,22233,4.8,86,11,3,0,0,1,1,0,1,A000000006731,10000020004
2026-08-06,위생용품,73,바른생각,[워터밤이벤트]바른생각 워터리 핑거핏 20개입 (손가락 형),https://www.oliveyoung.co.kr/store/goods/getGoodsDetail.do?goodsNo=A000000168203,https://image.oliveyoung.co.kr/cfimages/cf-goods/uploads/images/thumbnails/400/10/0000/0016/A00000016820319ko.jpg?l=ko,15900,8200,48.4,2261,4.8,85,10,4,1,1,0,1,0,1,A000000168203,10000020004
2026-08-06,위생용품,74,이너시아,[카이스트박사 PICK] 이너시아 더프리즘 유기농 팬티라이너 2종 택 1 (18P/54P),https://www.oliveyoung.co.kr/store/goods/getGoodsDetail.do?goodsNo=A000000192748,https://image.oliveyoung.co.kr/cfimages/cf-goods/uploads/images/thumbnails/400/10/0000/0019/A00000019274810ko.jpg?l=ko,8900,8900,0.0,911,4.8,89,8,3,0,1,0,0,0,1,A000000192748,10000020004
2026-08-06,위생용품,75,쏘피,쏘피 쿨링프레쉬 안심숙면팬티 5종 택 1 (M/L/XL/3번들),https://www.oliveyoung.co.kr/store/goods/getGoodsDetail.do?goodsNo=A000000260506,https://image.oliveyoung.co.kr/cfimages/cf-goods/uploads/images/thumbnails/400/10/0000/0026/A00000026050671ko.png?l=ko,11100,5000,55.0,187,4.9,90,8,1,1,,1,1,1,1,A000000260506,10000020004
2026-08-06,위생용품,76,프리메라,[젤타입] 프리메라 후리앤후리 145ml+145ml 리필기획,https://www.oliveyoung.co.kr/store/goods/getGoodsDetail.do?goodsNo=A000000193228,https://image.oliveyoung.co.kr/cfimages/cf-goods/uploads/images/thumbnails/400/10/0000/0019/A00000019322811ko.jpg?l=ko,19000,13900,26.8,1018,4.8,84,11,4,0,1,1,0,1,1,A000000193228,10000020004
2026-08-06,위생용품,77,유기농본,유기농본 울트라슬림날개 대형 28입/중형30입 2종 택 1,https://www.oliveyoung.co.kr/store/goods/getGoodsDetail.do?goodsNo=A000000105853,https://image.oliveyoung.co.kr/cfimages/cf-goods/uploads/images/thumbnails/400/10/0000/0010/A00000010585310ko.jpg?l=ko,13400,7900,41.0,18446,4.8,87,11,2,0,0,1,1,0,1,A000000105853,10000020004
2026-08-06,위생용품,78,슈얼리,(에겐녀 테스트기) 슈얼리 스마트 검사지 4종 택1(임신/배란/갱년기/호르몬) (기기 별도구매) [의료기기],https://www.oliveyoung.co.kr/store/goods/getGoodsDetail.do?goodsNo=A000000193218,https://image.oliveyoung.co.kr/cfimages/cf-goods/uploads/images/thumbnails/400/10/0000/0019/A00000019321809ko.jpg?l=ko,37000,29600,20.0,219,4.9,94,6,0,,,1,0,0,1,A000000193218,10000020004
2026-08-06,위생용품,79,지혜,[지혜 항균라인] 번들팩 6종 택1 (팬티라이너/대형) (4팩/6팩),https://www.oliveyoung.co.kr/store/goods/getGoodsDetail.do?goodsNo=A000000248912,https://image.oliveyoung.co.kr/cfimages/cf-goods/uploads/images/thumbnails/400/10/0000/0024/A00000024891212ko.png?l=ko,29200,29200,0.0,742,4.7,81,9,8,0,1,0,0,0,1,A000000248912,10000020004
2026-08-06,위생용품,80,유기농본,유기농본 울트라날개 5종 택 1 (대형 / 중형 / 오버나이트),https://www.oliveyoung.co.kr/store/goods/getGoodsDetail.do?goodsNo=A000000142429,https://image.oliveyoung.co.kr/cfimages/cf-goods/uploads/images/thumbnails/400/10/0000/0014/A00000014242914ko.jpg?l=ko,11800,7900,33.1,10484,4.8,85,12,2,0,0,1,0,0,1,A000000142429,10000020004
2026-08-06,위생용품,81,마더니아,마더니아 여성청결제 200ml,https://www.oliveyoung.co.kr/store/goods/getGoodsDetail.do?goodsNo=A000000192076,https://image.oliveyoung.co.kr/cfimages/cf-goods/uploads/images/thumbnails/400/10/0000/0019/A00000019207609ko.jpg?l=ko,30000,22900,23.7,96,4.8,86,10,2,,1,1,0,0,1,A000000192076,10000020004
2026-08-06,위생용품,82,라네이처,좋은느낌 라네이처 생리대 8종 택 1 (중형 / 대형 / 수퍼롱 / 라이너 / 기획),https://www.oliveyoung.co.kr/store/goods/getGoodsDetail.do?goodsNo=A000000189827,https://image.oliveyoung.co.kr/cfimages/cf-goods/uploads/images/thumbnails/400/10/0000/0018/A00000018982728ko.png?l=ko,9300,4650,50.0,5247,4.8,86,12,2,0,0,1,0,0,1,A000000189827,10000020004
2026-08-06,위생용품,83,씨드비,[파우치 증정]씨드비 이슬로 페미닌 포밍 워시 150ml 기획 (+청결티슈 2매),https://www.oliveyoung.co.kr/store/goods/getGoodsDetail.do?goodsNo=A000000228837,https://image.oliveyoung.co.kr/cfimages/cf-goods/uploads/images/thumbnails/400/10/0000/0022/A00000022883722ko.jpg?l=ko,19900,13210,33.6,2269,5.0,97,2,0,0,0,1,1,1,1,A000000228837,10000020004
2026-08-06,위생용품,84,오브먼트,[화해1위/자연유래거품] 오브먼트 여성청결제 리필 기획 2종 (워시 스페셜/워시 데일리) 중 1,https://www.oliveyoung.co.kr/store/goods/getGoodsDetail.do?goodsNo=A000000216626,https://image.oliveyoung.co.kr/cfimages/cf-goods/uploads/images/thumbnails/400/10/0000/0021/A00000021662633ko.jpg?l=ko,26000,21900,15.8,862,4.9,90,7,3,,0,1,0,0,1,A000000216626,10000020004
2026-08-06,위생용품,85,썸머스이브,썸머스이브 데일리 밸런스 페미닌 워시 444ml,https://www.oliveyoung.co.kr/store/goods/getGoodsDetail.do?goodsNo=A000000179455,https://image.oliveyoung.co.kr/cfimages/cf-goods/uploads/images/thumbnails/400/10/0000/0017/A00000017945501ko.jpg?l=ko,25000,21200,15.2,952,4.9,92,6,2,0,0,1,0,0,1,A000000179455,10000020004
2026-08-06,위생용품,86,지노큐어,[안주미PICK/산부인과 판매] 지노큐어 매일 쓰는 여성청결제 150ml 2종 택 1(자스민/백합),https://www.oliveyoung.co.kr/store/goods/getGoodsDetail.do?goodsNo=A000000246011,https://image.oliveyoung.co.kr/cfimages/cf-goods/uploads/images/thumbnails/400/10/0000/0024/A00000024601118ko.png?l=ko,16900,16900,0.0,158,5.0,98,1,1,,1,0,0,0,1,A000000246011,10000020004
2026-08-06,위생용품,87,아임오,아임오 날개까지 유기농순면 생리대 6종 택 1 (라이너/패드/오버나이트),https://www.oliveyoung.co.kr/store/goods/getGoodsDetail.do?goodsNo=A000000168883,https://image.oliveyoung.co.kr/cfimages/cf-goods/uploads/images/thumbnails/400/10/0000/0016/A00000016888313ko.jpg?l=ko,22800,22800,0.0,1073,4.8,87,11,1,0,0,0,0,0,1,A000000168883,10000020004
2026-08-06,위생용품,88,이너시아,[카이스트박사 PICK]이너시아 더 프리즘 입는 오버나이트 3종 택1 (중/대형/특대형),https://www.oliveyoung.co.kr/store/goods/getGoodsDetail.do?goodsNo=A000000195421,https://image.oliveyoung.co.kr/cfimages/cf-goods/uploads/images/thumbnails/400/10/0000/0019/A00000019542110ko.jpg?l=ko,10800,9900,8.3,1549,4.8,89,8,3,1,0,1,0,0,1,A000000195421,10000020004
2026-08-06,위생용품,89,좋은느낌,좋은느낌 순면프레쉬 생리대 4종 택 1 (중형 / 대형 / 수퍼롱 / 라이너),https://www.oliveyoung.co.kr/store/goods/getGoodsDetail.do?goodsNo=A000000014788,https://image.oliveyoung.co.kr/cfimages/cf-goods/uploads/images/thumbnails/400/10/0000/0001/A00000001478831ko.png?l=ko,6000,6000,0.0,15945,4.8,88,10,2,0,0,0,0,0,1,A000000014788,10000020004
2026-08-06,위생용품,90,해피문데이,[NEW/대용량번들] 해피문데이 이지 탐폰 4번들 3종 택1 (라이트/레귤러/슈퍼),https://www.oliveyoung.co.kr/store/goods/getGoodsDetail.do?goodsNo=A000000260942,https://image.oliveyoung.co.kr/cfimages/cf-goods/uploads/images/thumbnails/400/10/0000/0026/A00000026094202ko.png?l=ko,21900,18600,15.1,863,4.9,92,6,2,0,0,1,0,0,1,A000000260942,10000020004
2026-08-06,위생용품,91,좋은느낌,좋은느낌 오리지널 맥시슬림 생리대 (중형/대형/수퍼롱/오버나이트),https://www.oliveyoung.co.kr/store/goods/getGoodsDetail.do?goodsNo=A000000249512,https://image.oliveyoung.co.kr/cfimages/cf-goods/uploads/images/thumbnails/400/10/0000/0024/A00000024951238ko.png?l=ko,3400,3400,0.0,125,4.9,90,6,4,,,0,0,0,1,A000000249512,10000020004
2026-08-06,위생용품,92,라엘,[의료기기] 라엘 이너케어 젤 질세정기 2종 택 1 (3개입/3개입 *  4팩),https://www.oliveyoung.co.kr/store/goods/getGoodsDetail.do?goodsNo=A000000188205,https://image.oliveyoung.co.kr/cfimages/cf-goods/uploads/images/thumbnails/400/10/0000/0018/A00000018820507ko.jpg?l=ko,12900,10300,20.2,1774,4.8,85,11,3,1,0,1,1,1,1,A000000188205,10000020004
2026-08-06,위생용품,93,초감각,[의료기기] 초감각 WET 젤 / NUDE 콘돔 X 라라폭스,https://www.oliveyoung.co.kr/store/goods/getGoodsDetail.do?goodsNo=A000000255084,https://image.oliveyoung.co.kr/cfimages/cf-goods/uploads/images/thumbnails/400/10/0000/0025/A00000025508415ko.png?l=ko,16900,16900,0.0,702,5.0,96,3,1,,,0,0,0,1,A000000255084,10000020004
2026-08-06,위생용품,94,아로마티카,[멀티퍼퓸/위생용품] 아로마티카 퓨어 앤 소프트 페미닌 퍼퓸 3종 택 1(스윗 프루티/센슈얼 플로럴/미스틱 허벌),https://www.oliveyoung.co.kr/store/goods/getGoodsDetail.do?goodsNo=A000000204402,https://image.oliveyoung.co.kr/cfimages/cf-goods/uploads/images/thumbnails/400/10/0000/0020/A00000020440205ko.jpg?l=ko,18000,9900,45.0,1770,4.7,81,12,6,1,1,1,1,0,1,A000000204402,10000020004
2026-08-06,위생용품,95,리얼촉촉,[의료기기] 리얼촉촉 001 콘돔 2종 택 1 (3개입/12개입),https://www.oliveyoung.co.kr/store/goods/getGoodsDetail.do?goodsNo=A000000214807,https://image.oliveyoung.co.kr/cfimages/cf-goods/uploads/images/thumbnails/400/10/0000/0021/A00000021480703ko.png?l=ko,6000,4800,20.0,2561,4.7,82,11,5,1,1,1,0,0,1,A000000214807,10000020004
2026-08-06,위생용품,96,바른생각,바른생각 젤 스탠다드 15개입 (휴대용),https://www.oliveyoung.co.kr/store/goods/getGoodsDetail.do?goodsNo=A000000143649,https://image.oliveyoung.co.kr/cfimages/cf-goods/uploads/images/thumbnails/400/10/0000/0014/A00000014364914ko.jpg?l=ko,11500,9700,15.7,2297,4.7,81,12,5,1,1,0,1,0,1,A000000143649,10000020004
2026-08-06,위생용품,97,라엘,라엘 내추럴 청결 티슈 10매,https://www.oliveyoung.co.kr/store/goods/getGoodsDetail.do?goodsNo=A000000154482,https://image.oliveyoung.co.kr/cfimages/cf-goods/uploads/images/thumbnails/400/10/0000/0015/A00000015448215ko.jpg?l=ko,2500,2200,12.0,11990,4.9,89,8,2,0,0,1,1,1,1,A000000154482,10000020004
2026-08-06,위생용품,98,시크릿데이,[NEW] 시크릿데이 순한코튼 린넨 오가닉커버 생리대 2종 택 1 (중형/대형),https://www.oliveyoung.co.kr/store/goods/getGoodsDetail.do?goodsNo=A000000233769,https://image.oliveyoung.co.kr/cfimages/cf-goods/uploads/images/thumbnails/400/10/0000/0023/A00000023376975ko.jpg?l=ko,7900,3800,51.9,471,4.9,92,6,1,0,,1,0,0,1,A000000233769,10000020004
2026-08-06,위생용품,99,포엘리에,포엘리에 오스몰 250 러브 마사지젤 2종 택 1 (단품/파우치),https://www.oliveyoung.co.kr/store/goods/getGoodsDetail.do?goodsNo=A000000223224,https://image.oliveyoung.co.kr/cfimages/cf-goods/uploads/images/thumbnails/400/10/0000/0022/A00000022322421ko.jpg?l=ko,12000,10500,12.5,1620,4.8,90,7,2,0,1,1,1,0,1,A000000223224,10000020004
2026-08-06,위생용품,100,썸머스이브,썸머스이브 페미닌 워시 멀티 베니핏 데일리 밸런스 2종 택 1,https://www.oliveyoung.co.kr/store/goods/getGoodsDetail.do?goodsNo=A000000116034,https://image.oliveyoung.co.kr/cfimages/cf-goods/uploads/images/thumbnails/400/10/0000/0011/A00000011603421ko.jpg?l=ko,18000,18000,0.0,4700,4.8,86,11,2,0,0,0,0,0,1,A000000116034,10000020004
2026-08-06,패션,1,오프아워,오프아워 반팔 잠옷 세트 10종 택 1,https://www.oliveyoung.co.kr/store/goods/getGoodsDetail.do?goodsNo=B000000262770,https://image.oliveyoung.co.kr/cfimages/cf-goods/uploads/images/thumbnails/400/10/0000/0026/B00000026277003ko.jpg?l=ko,23900,23900,0.0,13,4.8,85,8,8,,,0,0,0,0,B000000262770,10000030007
2026-08-06,패션,2,리무브,[밀착특허기술] 리무브 스킨브라 12종 택1,https://www.oliveyoung.co.kr/store/goods/getGoodsDetail.do?goodsNo=A000000144547,https://image.oliveyoung.co.kr/cfimages/cf-goods/uploads/images/thumbnails/400/10/0000/0014/A00000014454761ko.jpg?l=ko,22000,15200,30.9,30790,4.7,81,13,5,1,1,1,1,0,1,A000000144547,10000030007
2026-08-06,패션,3,리무브,"[밀착특허기술] 리무브 스킨브라 에어 (8cm, 10cm)",https://www.oliveyoung.co.kr/store/goods/getGoodsDetail.do?goodsNo=A000000250020,https://image.oliveyoung.co.kr/cfimages/cf-goods/uploads/images/thumbnails/400/10/0000/0025/A00000025002023ko.jpg?l=ko,20000,14200,29.0,23357,4.7,80,13,5,1,1,1,1,0,1,A000000250020,10000030007
2026-08-06,패션,4,베리시,[NEW] 베리시 누드브라 2종 (데미와이어/푸시업),https://www.oliveyoung.co.kr/store/goods/getGoodsDetail.do?goodsNo=A000000255845,https://image.oliveyoung.co.kr/cfimages/cf-goods/uploads/images/thumbnails/400/10/0000/0025/A00000025584509ko.jpg?l=ko,34900,34900,0.0,283,4.1,63,12,12,5,9,0,0,0,1,A000000255845,10000030007
2026-08-06,패션,5,리무브,[단독기획] 리무브 스킨브라 더블기획 (브라이트/뉴트럴),https://www.oliveyoung.co.kr/store/goods/getGoodsDetail.do?goodsNo=A000000143314,https://image.oliveyoung.co.kr/cfimages/cf-goods/uploads/images/thumbnails/400/10/0000/0014/A00000014331427ko.jpeg?l=ko,33000,20100,39.1,27912,4.7,81,13,4,1,1,1,1,0,1,A000000143314,10000030007
2026-08-06,패션,6,필리밀리,필리밀리X챠미키티 잡화 2종 (UV3단양우산/피크닉매트&파우치),https://www.oliveyoung.co.kr/store/goods/getGoodsDetail.do?goodsNo=A000000248705,https://image.oliveyoung.co.kr/cfimages/cf-goods/uploads/images/thumbnails/400/10/0000/0024/A00000024870512ko.jpg?l=ko,22500,11130,50.5,1818,4.8,89,7,3,1,0,1,1,0,1,A000000248705,10000030007
2026-08-06,패션,7,리무브,리무브 더블업브라 (S~XL),https://www.oliveyoung.co.kr/store/goods/getGoodsDetail.do?goodsNo=A000000223493,https://image.oliveyoung.co.kr/cfimages/cf-goods/uploads/images/thumbnails/400/10/0000/0022/A00000022349367ko.jpg?l=ko,29000,21900,24.5,865,4.5,75,12,7,3,3,1,1,0,1,A000000223493,10000030007
2026-08-06,패션,8,다슈,[초슬림 실리콘] 다슈 맨즈 에어핏 니플 밴드 52매(단품/더블기획),https://www.oliveyoung.co.kr/store/goods/getGoodsDetail.do?goodsNo=A000000227367,https://image.oliveyoung.co.kr/cfimages/cf-goods/uploads/images/thumbnails/400/10/0000/0022/A00000022736708ko.jpg?l=ko,14000,9900,29.3,588,4.8,85,8,5,1,1,1,0,0,1,A000000227367,10000030007
2026-08-06,패션,9,마른파이브,마른파이브 두프리 실리콘 누드브라 슬림(리뉴얼),https://www.oliveyoung.co.kr/store/goods/getGoodsDetail.do?goodsNo=A000000206057,https://image.oliveyoung.co.kr/cfimages/cf-goods/uploads/images/thumbnails/400/10/0000/0020/A00000020605720ko.jpg?l=ko,18900,18900,0.0,5376,4.6,76,13,7,2,2,0,0,0,1,A000000206057,10000030007
2026-08-06,패션,10,오프아워,오프아워 키즈 반팔 잠옷 세트 4종 택 1,https://www.oliveyoung.co.kr/store/goods/getGoodsDetail.do?goodsNo=B000000262775,https://image.oliveyoung.co.kr/cfimages/cf-goods/uploads/images/thumbnails/400/10/0000/0026/B00000026277503ko.jpg?l=ko,19900,19900,0.0,0,0.0,,,,,,0,0,0,0,B000000262775,10000030007
2026-08-06,패션,11,오프아워,오프아워 타이드리듬 치즈폼 원피스,https://www.oliveyoung.co.kr/store/goods/getGoodsDetail.do?goodsNo=B000000262784,https://image.oliveyoung.co.kr/cfimages/cf-goods/uploads/images/thumbnails/400/10/0000/0026/B00000026278401ko.jpg?l=ko,23900,23900,0.0,0,0.0,,,,,,0,0,0,0,B000000262784,10000030007
2026-08-06,패션,12,레고트,[단독컬러] 레고트 양우산 시리즈(5colors),https://www.oliveyoung.co.kr/store/goods/getGoodsDetail.do?goodsNo=A000000257331,https://image.oliveyoung.co.kr/cfimages/cf-goods/uploads/images/thumbnails/400/10/0000/0025/A00000025733116ko.jpg?l=ko,42000,36000,14.3,92,4.8,90,7,1,,2,1,0,0,1,A000000257331,10000030007
2026-08-06,패션,13,마른파이브,"마른파이브 프리플 여성 니플패치 8cm, 10cm 4종 택1",https://www.oliveyoung.co.kr/store/goods/getGoodsDetail.do?goodsNo=A000000188335,https://image.oliveyoung.co.kr/cfimages/cf-goods/uploads/images/thumbnails/400/10/0000/0018/A00000018833511ko.jpg?l=ko,14900,13400,10.1,1469,4.7,81,12,4,1,1,1,0,0,1,A000000188335,10000030007
2026-08-06,패션,14,다슈,다슈 맨즈 매직커버 니플밴드 더블 기획 (52매+52매),https://www.oliveyoung.co.kr/store/goods/getGoodsDetail.do?goodsNo=A000000143150,https://image.oliveyoung.co.kr/cfimages/cf-goods/uploads/images/thumbnails/400/10/0000/0014/A00000014315001ko.jpg?l=ko,24000,11900,50.4,3383,4.7,81,12,5,1,1,1,0,0,1,A000000143150,10000030007
2026-08-06,패션,15,베리시,[NEW] 베리시 푸시업 누드브라 (XS/S/M/L),https://www.oliveyoung.co.kr/store/goods/getGoodsDetail.do?goodsNo=A000000256044,https://image.oliveyoung.co.kr/cfimages/cf-goods/uploads/images/thumbnails/400/10/0000/0025/A00000025604407ko.jpg?l=ko,34900,34900,0.0,140,4.3,67,9,14,4,6,0,0,0,1,A000000256044,10000030007
2026-08-06,패션,16,베리시,[NEW] 베리시 트라이앵글 니플패치 (S/M/L),https://www.oliveyoung.co.kr/store/goods/getGoodsDetail.do?goodsNo=A000000256042,https://image.oliveyoung.co.kr/cfimages/cf-goods/uploads/images/thumbnails/400/10/0000/0025/A00000025604207ko.jpg?l=ko,18900,14200,24.9,93,4.8,89,6,1,,3,1,0,0,1,A000000256042,10000030007
2026-08-06,패션,17,올리브영,[망곰 콜라보] 올리브영 초경량 UV차단 3단 양우산 2종 택 1 (베이지/핑크),https://www.oliveyoung.co.kr/store/goods/getGoodsDetail.do?goodsNo=A000000245683,https://image.oliveyoung.co.kr/cfimages/cf-goods/uploads/images/thumbnails/400/10/0000/0024/A00000024568306ko.jpg?l=ko,25000,19900,20.4,1597,4.9,90,7,2,1,0,1,0,0,1,A000000245683,10000030007
2026-08-06,패션,18,엣프터,엣프터 누디 쿨 브라탑 (블랙/바닐라 크림/라벤더/페일 핑크),https://www.oliveyoung.co.kr/store/goods/getGoodsDetail.do?goodsNo=A000000228942,https://image.oliveyoung.co.kr/cfimages/cf-goods/uploads/images/thumbnails/400/10/0000/0022/A00000022894204ko.jpg?l=ko,27900,23700,15.1,47,4.4,64,21,6,6,2,1,0,0,1,A000000228942,10000030007
2026-08-06,패션,19,레고트,레고트 핸디 큐브 파우치 L (5 colors),https://www.oliveyoung.co.kr/store/goods/getGoodsDetail.do?goodsNo=A000000228669,https://image.oliveyoung.co.kr/cfimages/cf-goods/uploads/images/thumbnails/400/10/0000/0022/A00000022866901ko.jpg?l=ko,29000,29000,0.0,7,5.0,100,,,,,0,0,0,1,A000000228669,10000030007
2026-08-06,패션,20,레고트,[단독컬러] 레고트 이지폴딩 UV차단 양산 (3 colors),https://www.oliveyoung.co.kr/store/goods/getGoodsDetail.do?goodsNo=A000000227296,https://image.oliveyoung.co.kr/cfimages/cf-goods/uploads/images/thumbnails/400/10/0000/0022/A00000022729615ko.jpg?l=ko,36000,32000,11.1,438,4.5,78,10,5,2,5,1,0,0,1,A000000227296,10000030007
2026-08-06,패션,21,얼모스트블루,얼모스트블루 큐피드 우양산 26종 택1,https://www.oliveyoung.co.kr/store/goods/getGoodsDetail.do?goodsNo=B000000259503,https://image.oliveyoung.co.kr/cfimages/cf-goods/uploads/images/thumbnails/400/10/0000/0025/B00000025950301ko.jpg?l=ko,39000,30000,23.1,1,3.0,,,100,,,0,1,0,0,B000000259503,10000030007
2026-08-06,패션,22,비브비브,비브비브 오 니플패치 물방울형 (점착/무점착),https://www.oliveyoung.co.kr/store/goods/getGoodsDetail.do?goodsNo=A000000250420,https://image.oliveyoung.co.kr/cfimages/cf-goods/uploads/images/thumbnails/400/10/0000/0025/A00000025042013ko.jpg?l=ko,18900,13900,26.5,66,4.5,79,5,9,3,5,1,1,0,1,A000000250420,10000030007
2026-08-06,패션,23,컴포트랩,[컴포트랩] 에르고핏 에어코튼 반팔탑 3colors / 3Size (캡내장),https://www.oliveyoung.co.kr/store/goods/getGoodsDetail.do?goodsNo=B000000231372,https://image.oliveyoung.co.kr/cfimages/cf-goods/uploads/images/thumbnails/400/10/0000/0023/B00000023137204ko.jpg?l=ko,59000,43660,26.0,2,5.0,100,,,,,0,1,0,0,B000000231372,10000030007
2026-08-06,패션,24,마른파이브,마른파이브 삭 압박스타킹 35D,https://www.oliveyoung.co.kr/store/goods/getGoodsDetail.do?goodsNo=A000000173678,https://image.oliveyoung.co.kr/cfimages/cf-goods/uploads/images/thumbnails/400/10/0000/0017/A00000017367811ko.jpg?l=ko,12900,12900,0.0,2302,4.6,76,12,7,2,3,0,0,0,1,A000000173678,10000030007
2026-08-06,패션,25,WPC,Wpc. 미니5단 남녀공용 양우산 단품 (옐로우/삭스),https://www.oliveyoung.co.kr/store/goods/getGoodsDetail.do?goodsNo=A000000243097,https://image.oliveyoung.co.kr/cfimages/cf-goods/uploads/images/thumbnails/400/10/0000/0024/A00000024309702ko.jpg?l=ko,53000,39750,25.0,322,4.7,85,8,4,1,2,1,0,0,1,A000000243097,10000030007
2026-08-06,패션,26,베리시,베리시 아이스온 베스트 상품 모음 (브라 2종/팬티 2종),https://www.oliveyoung.co.kr/store/goods/getGoodsDetail.do?goodsNo=B000000261342,https://image.oliveyoung.co.kr/cfimages/cf-goods/uploads/images/thumbnails/400/10/0000/0026/B00000026134201ko.jpg?l=ko,38900,38900,0.0,0,0.0,,,,,,0,0,0,0,B000000261342,10000030007
2026-08-06,패션,27,리무브,[밀착특허기술] 리무브 플레인 스킨브라 (무접착제) 4종,https://www.oliveyoung.co.kr/store/goods/getGoodsDetail.do?goodsNo=A000000146889,https://image.oliveyoung.co.kr/cfimages/cf-goods/uploads/images/thumbnails/400/10/0000/0014/A00000014688908ko.jpg?l=ko,16000,13500,15.6,1205,4.6,79,12,6,1,2,0,1,0,1,A000000146889,10000030007
2026-08-06,패션,28,리무브,리무브 스킨브라 후크 (S~L),https://www.oliveyoung.co.kr/store/goods/getGoodsDetail.do?goodsNo=A000000229631,https://image.oliveyoung.co.kr/cfimages/cf-goods/uploads/images/thumbnails/400/10/0000/0022/A00000022963128ko.jpg?l=ko,28000,22900,18.2,145,4.6,77,13,6,1,3,0,1,0,1,A000000229631,10000030007
2026-08-06,패션,29,브랜든,브랜든 헬로키티 메이크업 파우치,https://www.oliveyoung.co.kr/store/goods/getGoodsDetail.do?goodsNo=B000000254635,https://image.oliveyoung.co.kr/cfimages/cf-goods/uploads/images/thumbnails/400/10/0000/0025/B00000025463523ko.jpg?l=ko,38000,34200,10.0,176,4.7,86,9,1,1,3,0,1,0,0,B000000254635,10000030007
2026-08-06,패션,30,플라이코지,플라이코지 더블핏 볼륨 플러스 브라 4colors,https://www.oliveyoung.co.kr/store/goods/getGoodsDetail.do?goodsNo=B000000257270,https://image.oliveyoung.co.kr/cfimages/cf-goods/uploads/images/thumbnails/400/10/0000/0025/B00000025727002ko.jpg?l=ko,45000,34000,24.4,8,5.0,100,,,,,0,1,0,0,B000000257270,10000030007
2026-08-06,패션,31,얼모스트블루,얼모스트블루 체크 도트 우양산 25종 택1,https://www.oliveyoung.co.kr/store/goods/getGoodsDetail.do?goodsNo=B000000259498,https://image.oliveyoung.co.kr/cfimages/cf-goods/uploads/images/thumbnails/400/10/0000/0025/B00000025949801ko.jpg?l=ko,42000,33000,21.4,3,4.7,67,33,,,,0,1,0,0,B000000259498,10000030007
2026-08-06,패션,32,리무브,리무브 셀룰라이트 압박 드로즈 (Free/Plus),https://www.oliveyoung.co.kr/store/goods/getGoodsDetail.do?goodsNo=B000000255261,https://image.oliveyoung.co.kr/cfimages/cf-goods/uploads/images/thumbnails/400/10/0000/0025/B00000025526101ko.jpg?l=ko,69400,66630,4.0,34,4.4,68,18,6,3,6,0,1,0,0,B000000255261,10000030007
2026-08-06,패션,33,방탄꼭지,방탄꼭지 걸프리쉬 65mm,https://www.oliveyoung.co.kr/store/goods/getGoodsDetail.do?goodsNo=A000000161274,https://image.oliveyoung.co.kr/cfimages/cf-goods/uploads/images/thumbnails/400/10/0000/0016/A00000016127407ko.jpg?l=ko,14900,14900,0.0,2918,4.6,78,13,6,1,2,0,0,0,1,A000000161274,10000030007
2026-08-06,패션,34,더블유비엘,더블유비엘 14k post 그레이스 엑스 원터치 링 귀걸이,https://www.oliveyoung.co.kr/store/goods/getGoodsDetail.do?goodsNo=B000000257996,https://image.oliveyoung.co.kr/cfimages/cf-goods/uploads/images/thumbnails/400/10/0000/0025/B00000025799601ko.jpg?l=ko,67660,60900,10.0,0,0.0,,,,,,0,1,0,0,B000000257996,10000030007
2026-08-06,패션,35,비비안,비비안 노라인 햄팬티 2매입 (블랙/베이지),https://www.oliveyoung.co.kr/store/goods/getGoodsDetail.do?goodsNo=A000000204582,https://image.oliveyoung.co.kr/cfimages/cf-goods/uploads/images/thumbnails/400/10/0000/0020/A00000020458221ko.jpg?l=ko,10900,10900,0.0,1615,4.8,87,9,4,0,0,0,0,0,1,A000000204582,10000030007
2026-08-06,패션,36,이야이야앤프렌즈,이야이야앤프렌즈 컬러풀 백(Colorful bag),https://www.oliveyoung.co.kr/store/goods/getGoodsDetail.do?goodsNo=B000000259719,https://image.oliveyoung.co.kr/cfimages/cf-goods/uploads/images/thumbnails/400/10/0000/0025/B00000025971901ko.jpg?l=ko,59000,59000,0.0,0,0.0,,,,,,0,0,0,0,B000000259719,10000030007
2026-08-06,패션,37,브랜든,브랜든 세이프 크로스 바디백 S,https://www.oliveyoung.co.kr/store/goods/getGoodsDetail.do?goodsNo=B000000212360,https://image.oliveyoung.co.kr/cfimages/cf-goods/uploads/images/thumbnails/400/10/0000/0021/B00000021236001ko.jpg?l=ko,58000,58000,0.0,42,5.0,98,,2,,,0,0,0,0,B000000212360,10000030007
2026-08-06,패션,38,마른파이브,마른파이브 넉넉 UV차단 암슬리브 (혼합형/손등형/팔목형),https://www.oliveyoung.co.kr/store/goods/getGoodsDetail.do?goodsNo=A000000226599,https://image.oliveyoung.co.kr/cfimages/cf-goods/uploads/images/thumbnails/400/10/0000/0022/A00000022659910ko.jpg?l=ko,12900,9900,23.3,774,4.8,88,9,2,1,0,1,0,0,1,A000000226599,10000030007
2026-08-06,패션,39,올리브영,올리브영 초미니 암막 우양산 (3COLORS),https://www.oliveyoung.co.kr/store/goods/getGoodsDetail.do?goodsNo=A000000260509,https://image.oliveyoung.co.kr/cfimages/cf-goods/uploads/images/thumbnails/400/10/0000/0026/A00000026050908ko.jpg?l=ko,17000,17000,0.0,1014,4.6,79,9,8,2,2,0,0,0,1,A000000260509,10000030007
2026-08-06,패션,40,리무브,리무브 심리스 심플 브라탑 2colors (스킨/블루),https://www.oliveyoung.co.kr/store/goods/getGoodsDetail.do?goodsNo=B000000206414,https://image.oliveyoung.co.kr/cfimages/cf-goods/uploads/images/thumbnails/400/10/0000/0020/B00000020641406ko.jpg?l=ko,29900,24900,16.7,1,5.0,100,,,,,0,1,0,0,B000000206414,10000030007
2026-08-06,패션,41,마른파이브,마른파이브 슬라인 티 안나는 노라인 힙업팬티,https://www.oliveyoung.co.kr/store/goods/getGoodsDetail.do?goodsNo=B000000187631,https://image.oliveyoung.co.kr/cfimages/cf-goods/uploads/images/thumbnails/400/10/0000/0018/B00000018763106ko.jpg?l=ko,24900,23900,4.0,10,4.6,90,,,,10,0,1,0,0,B000000187631,10000030007
2026-08-06,패션,42,마른파이브,마른파이브 쉬어 위생팬티 햄라인,https://www.oliveyoung.co.kr/store/goods/getGoodsDetail.do?goodsNo=A000000181119,https://image.oliveyoung.co.kr/cfimages/cf-goods/uploads/images/thumbnails/400/10/0000/0018/A00000018111913ko.jpg?l=ko,11900,10700,10.1,723,4.7,84,9,5,1,1,1,0,0,1,A000000181119,10000030007
2026-08-06,패션,43,나른,나른 인앤아웃 숏슬리브 스트라이프 블루베리 (S/M/L),https://www.oliveyoung.co.kr/store/goods/getGoodsDetail.do?goodsNo=A000000262697,https://image.oliveyoung.co.kr/cfimages/cf-goods/uploads/images/thumbnails/400/10/0000/0026/A00000026269708ko.jpg?l=ko,29900,14770,50.6,1,5.0,100,,,,,1,1,0,1,A000000262697,10000030007
2026-08-06,패션,44,엣프터,엣프터 라라트렁크 (딥 네이비/세이지 그린/스킨 베이지/진저 옐로우/파우더 블루),https://www.oliveyoung.co.kr/store/goods/getGoodsDetail.do?goodsNo=A000000210638,https://image.oliveyoung.co.kr/cfimages/cf-goods/uploads/images/thumbnails/400/10/0000/0021/A00000021063806ko.jpg?l=ko,14900,14900,0.0,99,4.9,88,10,2,,,0,0,0,1,A000000210638,10000030007
2026-08-06,패션,45,더블유비엘,14kGold 한쪽 베이직 금볼 귀걸이 2color,https://www.oliveyoung.co.kr/store/goods/getGoodsDetail.do?goodsNo=B000000149563,https://image.oliveyoung.co.kr/cfimages/cf-goods/uploads/images/thumbnails/400/10/0000/0014/B00000014956301ko.jpg?l=ko,23220,20900,10.0,104,4.7,81,12,5,1,2,0,1,0,0,B000000149563,10000030007
2026-08-06,패션,46,오르시떼,오르시떼 성인 여름 파자마 6종 모음,https://www.oliveyoung.co.kr/store/goods/getGoodsDetail.do?goodsNo=B000000256838,https://image.oliveyoung.co.kr/cfimages/cf-goods/uploads/images/thumbnails/400/10/0000/0025/B00000025683860ko.jpg?l=ko,39900,37910,5.0,14,4.8,86,7,7,,,0,1,0,0,B000000256838,10000030007
2026-08-06,패션,47,나른,나른 브레즘 모달 롱트렁크 단품/기획 (3 colors),https://www.oliveyoung.co.kr/store/goods/getGoodsDetail.do?goodsNo=A000000211042,https://image.oliveyoung.co.kr/cfimages/cf-goods/uploads/images/thumbnails/400/10/0000/0021/A00000021104238ko.jpg?l=ko,25900,17900,30.9,646,4.8,86,8,4,1,2,1,0,0,1,A000000211042,10000030007
2026-08-06,패션,48,아이디얼포맨,아이디얼포맨 니플밴드 (에어 108매입),https://www.oliveyoung.co.kr/store/goods/getGoodsDetail.do?goodsNo=A000000254202,https://image.oliveyoung.co.kr/cfimages/cf-goods/uploads/images/thumbnails/400/10/0000/0025/A00000025420202ko.jpg?l=ko,17900,17900,0.0,123,4.7,83,8,4,2,3,0,0,0,1,A000000254202,10000030007
2026-08-06,패션,49,비비안,비비안 제로라인 심리스 팬티 2매입 (베이지/블랙),https://www.oliveyoung.co.kr/store/goods/getGoodsDetail.do?goodsNo=A000000257668,https://image.oliveyoung.co.kr/cfimages/cf-goods/uploads/images/thumbnails/400/10/0000/0025/A00000025766821ko.jpg?l=ko,10900,8000,26.6,68,4.8,87,10,1,,1,1,1,0,1,A000000257668,10000030007
2026-08-06,패션,50,마른파이브,마른파이브 UV차단 암슬리브 & 넉넉스타킹 50D,https://www.oliveyoung.co.kr/store/goods/getGoodsDetail.do?goodsNo=A000000257418,https://image.oliveyoung.co.kr/cfimages/cf-goods/uploads/images/thumbnails/400/10/0000/0025/A00000025741801ko.jpg?l=ko,13500,11500,14.8,2152,4.7,82,11,4,1,1,1,0,0,1,A000000257418,10000030007
2026-08-06,패션,51,비비안,비비안 로우덧신 누드 M-L 1매입(시스루/헴),https://www.oliveyoung.co.kr/store/goods/getGoodsDetail.do?goodsNo=A000000260356,https://image.oliveyoung.co.kr/cfimages/cf-goods/uploads/images/thumbnails/400/10/0000/0026/A00000026035611ko.jpg?l=ko,2900,2500,13.8,10,5.0,100,,,,,1,0,0,1,A000000260356,10000030007
2026-08-06,패션,52,방탄꼭지,방탄꼭지 에어니플 카이 2종 택1(30mm/35mm),https://www.oliveyoung.co.kr/store/goods/getGoodsDetail.do?goodsNo=A000000163361,https://image.oliveyoung.co.kr/cfimages/cf-goods/uploads/images/thumbnails/400/10/0000/0016/A00000016336102ko.jpg?l=ko,17900,17900,0.0,157,4.8,85,11,1,,3,0,0,0,1,A000000163361,10000030007
2026-08-06,패션,53,다슈,다슈 맨즈 매직커버 니플밴드 (52매),https://www.oliveyoung.co.kr/store/goods/getGoodsDetail.do?goodsNo=A000000143127,https://image.oliveyoung.co.kr/cfimages/cf-goods/uploads/images/thumbnails/400/10/0000/0014/A00000014312701ko.jpg?l=ko,12000,7200,40.0,3383,4.7,81,12,5,1,1,1,0,0,1,A000000143127,10000030007
2026-08-06,패션,54,베리시,베리시 쿨핏 브라 오프숄더 볼륨,https://www.oliveyoung.co.kr/store/goods/getGoodsDetail.do?goodsNo=B000000258302,https://image.oliveyoung.co.kr/cfimages/cf-goods/uploads/images/thumbnails/400/10/0000/0025/B00000025830201ko.jpg?l=ko,33900,33900,0.0,0,0.0,,,,,,0,0,0,0,B000000258302,10000030007
2026-08-06,패션,55,마른파이브,마른파이브 두프리 에어 심리스 누드브라 하프컵,https://www.oliveyoung.co.kr/store/goods/getGoodsDetail.do?goodsNo=A000000203369,https://image.oliveyoung.co.kr/cfimages/cf-goods/uploads/images/thumbnails/400/10/0000/0020/A00000020336925ko.jpg?l=ko,17900,16100,10.1,1655,4.5,73,12,9,3,3,1,0,0,1,A000000203369,10000030007
2026-08-06,패션,56,리무브,리무브 심리스 심플 드로즈 2colors (스킨/블루),https://www.oliveyoung.co.kr/store/goods/getGoodsDetail.do?goodsNo=B000000206416,https://image.oliveyoung.co.kr/cfimages/cf-goods/uploads/images/thumbnails/400/10/0000/0020/B00000020641606ko.jpg?l=ko,19900,15900,20.1,0,0.0,,,,,,0,1,0,0,B000000206416,10000030007
2026-08-06,패션,57,플라이코지,플라이코지 살결 후크 누브라 (1size/2size),https://www.oliveyoung.co.kr/store/goods/getGoodsDetail.do?goodsNo=A000000233487,https://image.oliveyoung.co.kr/cfimages/cf-goods/uploads/images/thumbnails/400/10/0000/0023/A00000023348706ko.png?l=ko,33000,33000,0.0,177,4.7,85,9,2,,3,0,0,0,1,A000000233487,10000030007
2026-08-06,패션,58,마른파이브,마른파이브 캡내장 브리즈 모달 크롭 끈나시 F/L~XXL (블랙/그레이/스킨/아이보리),https://www.oliveyoung.co.kr/store/goods/getGoodsDetail.do?goodsNo=B000000213665,https://image.oliveyoung.co.kr/cfimages/cf-goods/uploads/images/thumbnails/400/10/0000/0021/B00000021366501ko.jpg?l=ko,17500,15500,11.4,101,4.8,84,14,2,,,0,1,0,0,B000000213665,10000030007
2026-08-06,패션,59,감탄브라,감탄브라 프리미엄 크림 큰컵 런닝형 브라 1종,https://www.oliveyoung.co.kr/store/goods/getGoodsDetail.do?goodsNo=B000000221999,https://image.oliveyoung.co.kr/cfimages/cf-goods/uploads/images/thumbnails/400/10/0000/0022/B00000022199901ko.jpg?l=ko,49900,32000,35.9,6,4.2,67,17,,,17,0,1,0,0,B000000221999,10000030007
2026-08-06,패션,60,택플로우,택플로우 데일리백 라지 (4colors),https://www.oliveyoung.co.kr/store/goods/getGoodsDetail.do?goodsNo=B000000255565,https://image.oliveyoung.co.kr/cfimages/cf-goods/uploads/images/thumbnails/400/10/0000/0025/B00000025556501ko.jpg?l=ko,40000,32000,20.0,0,0.0,,,,,,0,1,0,0,B000000255565,10000030007
2026-08-06,패션,61,아츠기,아츠기 UV차단 스타킹 시리즈(열방출 쿨베이지/파우더베이지) / (올나감방지 누드베이지),https://www.oliveyoung.co.kr/store/goods/getGoodsDetail.do?goodsNo=A000000237732,https://image.oliveyoung.co.kr/cfimages/cf-goods/uploads/images/thumbnails/400/10/0000/0023/A00000023773204ko.jpg?l=ko,14900,14900,0.0,178,4.8,88,9,1,1,2,0,0,0,1,A000000237732,10000030007
2026-08-06,패션,62,폴프랜즈,[폴프랜즈] 원사이즈 매쉬 풋커버 3족번들 220-280mm (3 colors),https://www.oliveyoung.co.kr/store/goods/getGoodsDetail.do?goodsNo=A000000255546,https://image.oliveyoung.co.kr/cfimages/cf-goods/uploads/images/thumbnails/400/10/0000/0025/A00000025554603ko.jpg?l=ko,14900,14900,0.0,61,5.0,97,2,2,,,0,0,0,1,A000000255546,10000030007
2026-08-06,패션,63,베리시,베리시 쿨핏 브라 오프숄더 베이지 (S~L),https://www.oliveyoung.co.kr/store/goods/getGoodsDetail.do?goodsNo=A000000206093,https://image.oliveyoung.co.kr/cfimages/cf-goods/uploads/images/thumbnails/400/10/0000/0020/A00000020609305ko.jpg?l=ko,31900,30900,3.1,619,4.6,76,12,8,2,2,1,0,0,1,A000000206093,10000030007
2026-08-06,패션,64,베리시,[NEW] 베리시 실리콘 데미 누드브라 (S/M/L/XL),https://www.oliveyoung.co.kr/store/goods/getGoodsDetail.do?goodsNo=B000000257223,https://image.oliveyoung.co.kr/cfimages/cf-goods/uploads/images/thumbnails/400/10/0000/0025/B00000025722302ko.jpg?l=ko,29900,29900,0.0,1,5.0,100,,,,,0,0,0,0,B000000257223,10000030007
2026-08-06,패션,65,컴포트랩,[컴포트랩] 듀얼쿨 니플브라렛 세트  4colors,https://www.oliveyoung.co.kr/store/goods/getGoodsDetail.do?goodsNo=B000000221589,https://image.oliveyoung.co.kr/cfimages/cf-goods/uploads/images/thumbnails/400/10/0000/0022/B00000022158908ko.jpg?l=ko,34800,28890,17.0,58,4.3,64,17,12,3,3,0,1,0,0,B000000221589,10000030007
2026-08-06,패션,66,모무,모무 박하드로즈 15종 택 1(블랙/그레이/네이비),https://www.oliveyoung.co.kr/store/goods/getGoodsDetail.do?goodsNo=A000000229421,https://image.oliveyoung.co.kr/cfimages/cf-goods/uploads/images/thumbnails/400/10/0000/0022/A00000022942108ko.jpg?l=ko,8600,8300,3.5,503,5.0,99,0,,,1,1,0,0,1,A000000229421,10000030007
2026-08-06,패션,67,도로시와,도로시와 미니멀 가먼츠 모달 치키 팬티,https://www.oliveyoung.co.kr/store/goods/getGoodsDetail.do?goodsNo=B000000244207,https://image.oliveyoung.co.kr/cfimages/cf-goods/uploads/images/thumbnails/400/10/0000/0024/B00000024420703ko.jpg?l=ko,18000,13000,27.8,0,0.0,,,,,,0,1,0,0,B000000244207,10000030007
2026-08-06,패션,68,나른,나른 브레즘 숏트렁크 워터컬러 시리즈 (2colors),https://www.oliveyoung.co.kr/store/goods/getGoodsDetail.do?goodsNo=A000000225899,https://image.oliveyoung.co.kr/cfimages/cf-goods/uploads/images/thumbnails/400/10/0000/0022/A00000022589906ko.jpg?l=ko,14900,14900,0.0,4248,4.8,88,8,3,0,1,0,0,0,1,A000000225899,10000030007
2026-08-06,패션,69,방탄꼭지,방탄꼭지 걸프리쉬 베리브라 브리더블 실리콘 니플패치 글루(8.5cm*2매),https://www.oliveyoung.co.kr/store/goods/getGoodsDetail.do?goodsNo=A000000225923,https://image.oliveyoung.co.kr/cfimages/cf-goods/uploads/images/thumbnails/400/10/0000/0022/A00000022592301ko.png?l=ko,12900,12900,0.0,28,4.7,79,14,4,4,,0,0,0,1,A000000225923,10000030007
2026-08-06,패션,70,마른파이브,마른파이브 쉬어 브라 오프숄더 논슬립 (블랙/스킨)(S~XL),https://www.oliveyoung.co.kr/store/goods/getGoodsDetail.do?goodsNo=B000000207359,https://image.oliveyoung.co.kr/cfimages/cf-goods/uploads/images/thumbnails/400/10/0000/0020/B00000020735906ko.jpg?l=ko,26900,24900,7.4,59,4.4,73,3,14,8,2,0,1,0,0,B000000207359,10000030007
2026-08-06,패션,71,올리브영,올리브영 수동3단우산(블랙),https://www.oliveyoung.co.kr/store/goods/getGoodsDetail.do?goodsNo=A000000009749,https://image.oliveyoung.co.kr/cfimages/cf-goods/uploads/images/thumbnails/400/10/0000/0000/A00000000974901ko.jpg?l=ko,11500,11500,0.0,2625,4.7,80,13,4,1,1,0,0,0,1,A000000009749,10000030007
2026-08-06,패션,72,감탄브라,감탄브라 에어소프트 스트랩 볼륨브라 1종,https://www.oliveyoung.co.kr/store/goods/getGoodsDetail.do?goodsNo=B000000227618,https://image.oliveyoung.co.kr/cfimages/cf-goods/uploads/images/thumbnails/400/10/0000/0022/B00000022761801ko.jpg?l=ko,41900,23400,44.2,2,5.0,100,,,,,0,1,0,0,B000000227618,10000030007
2026-08-06,패션,73,리투,리투 피그먼트 러닝 크루 삭스 5colors(XS/S/M),https://www.oliveyoung.co.kr/store/goods/getGoodsDetail.do?goodsNo=A000000228269,https://image.oliveyoung.co.kr/cfimages/cf-goods/uploads/images/thumbnails/400/10/0000/0022/A00000022826901ko.jpg?l=ko,23000,23000,0.0,33,4.7,91,,,6,3,0,0,0,1,A000000228269,10000030007
2026-08-06,패션,74,푸마 바디웨어,[쿨링메쉬] 푸마 바디웨어 아이스 컴포트 브라 팬티 세트 (3colors),https://www.oliveyoung.co.kr/store/goods/getGoodsDetail.do?goodsNo=B000000227260,https://image.oliveyoung.co.kr/cfimages/cf-goods/uploads/images/thumbnails/400/10/0000/0022/B00000022726004ko.jpg?l=ko,22000,22000,0.0,6,3.8,67,,,17,17,0,0,0,0,B000000227260,10000030007
2026-08-06,패션,75,도씨,[쿨썸머] 해원 PICK 도씨 실크핏 러브썸 반팔 커플 잠옷 세트,https://www.oliveyoung.co.kr/store/goods/getGoodsDetail.do?goodsNo=A000000251286,https://image.oliveyoung.co.kr/cfimages/cf-goods/uploads/images/thumbnails/400/10/0000/0025/A00000025128624ko.jpg?l=ko,41900,21900,47.7,22,4.9,95,,5,,,1,1,0,1,A000000251286,10000030007
2026-08-06,패션,76,컴포트랩,[컴포트랩] 듀얼쿨 니플 브라렛 4colors / 5Size,https://www.oliveyoung.co.kr/store/goods/getGoodsDetail.do?goodsNo=B000000220307,https://image.oliveyoung.co.kr/cfimages/cf-goods/uploads/images/thumbnails/400/10/0000/0022/B00000022030712ko.jpg?l=ko,24900,21170,15.0,34,4.4,71,15,6,3,6,0,1,0,0,B000000220307,10000030007
2026-08-06,패션,77,오프아워,오프아워 타이드리듬 오트샌디 반팔 잠옷 세트,https://www.oliveyoung.co.kr/store/goods/getGoodsDetail.do?goodsNo=B000000254605,https://image.oliveyoung.co.kr/cfimages/cf-goods/uploads/images/thumbnails/400/10/0000/0025/B00000025460501ko.jpg?l=ko,23900,18500,22.6,2,4.5,50,50,,,,0,1,0,0,B000000254605,10000030007
2026-08-06,패션,78,브랜든,브랜든 슈즈 파우치 라이트,https://www.oliveyoung.co.kr/store/goods/getGoodsDetail.do?goodsNo=B000000231875,https://image.oliveyoung.co.kr/cfimages/cf-goods/uploads/images/thumbnails/400/10/0000/0023/B00000023187501ko.jpg?l=ko,18000,18000,0.0,4,5.0,100,,,,,0,0,0,0,B000000231875,10000030007
2026-08-06,패션,79,글램모먼트,글램모먼트 포맨 스킨핏 커버패치(60매입),https://www.oliveyoung.co.kr/store/goods/getGoodsDetail.do?goodsNo=A000000186951,https://image.oliveyoung.co.kr/cfimages/cf-goods/uploads/images/thumbnails/400/10/0000/0018/A00000018695101ko.jpg?l=ko,12000,7900,34.2,100,4.7,82,11,5,1,1,1,0,0,1,A000000186951,10000030007
2026-08-06,패션,80,나른,[단독기획] 나른 슬림 서포트 삭스 Short/Long (7colors),https://www.oliveyoung.co.kr/store/goods/getGoodsDetail.do?goodsNo=A000000232031,https://image.oliveyoung.co.kr/cfimages/cf-goods/uploads/images/thumbnails/400/10/0000/0023/A00000023203113ko.jpg?l=ko,2900,2900,0.0,6624,4.9,95,4,1,0,0,0,0,0,1,A000000232031,10000030007
2026-08-06,패션,81,비브비브,비브비브 쿨링 오 와이드 T팬티 (2 Colors),https://www.oliveyoung.co.kr/store/goods/getGoodsDetail.do?goodsNo=B000000259140,https://image.oliveyoung.co.kr/cfimages/cf-goods/uploads/images/thumbnails/400/10/0000/0025/B00000025914001ko.jpg?l=ko,15700,14920,5.0,0,0.0,,,,,,0,1,0,0,B000000259140,10000030007
2026-08-06,패션,82,리무브,리무브 심리스 에어 드로즈 블랙 (FREE/PLUS),https://www.oliveyoung.co.kr/store/goods/getGoodsDetail.do?goodsNo=A000000205827,https://image.oliveyoung.co.kr/cfimages/cf-goods/uploads/images/thumbnails/400/10/0000/0020/A00000020582707ko.jpg?l=ko,17900,13900,22.3,57,4.4,70,9,16,4,2,0,1,0,1,A000000205827,10000030007
2026-08-06,패션,83,키르시 언더웨어,[키르시] 여성 체리 프린트 브라탑 팬티 세트 택일,https://www.oliveyoung.co.kr/store/goods/getGoodsDetail.do?goodsNo=B000000223342,https://image.oliveyoung.co.kr/cfimages/cf-goods/uploads/images/thumbnails/400/10/0000/0022/B00000022334201ko.jpg?l=ko,19850,13900,30.0,0,0.0,,,,,,0,1,0,0,B000000223342,10000030007
2026-08-06,패션,84,필리밀리,필리밀리X산리오캐릭터즈 큐티런 콜라보 9종 택1,https://www.oliveyoung.co.kr/store/goods/getGoodsDetail.do?goodsNo=A000000233636,https://image.oliveyoung.co.kr/cfimages/cf-goods/uploads/images/thumbnails/400/10/0000/0023/A00000023363607ko.jpg?l=ko,5500,1950,64.5,4432,4.8,88,7,3,1,1,1,1,0,1,A000000233636,10000030007
2026-08-06,패션,85,비너스,비너스 압박 파워핏 팬티스타킹3족 살구,https://www.oliveyoung.co.kr/store/goods/getGoodsDetail.do?goodsNo=A000000146363,https://image.oliveyoung.co.kr/cfimages/cf-goods/uploads/images/thumbnails/400/10/0000/0014/A00000014636303ko.jpg?l=ko,15500,12400,20.0,1718,4.7,80,14,4,1,1,1,0,0,1,A000000146363,10000030007
2026-08-06,패션,86,아이코닉,저니 카드 지갑 6colors,https://www.oliveyoung.co.kr/store/goods/getGoodsDetail.do?goodsNo=B000000228054,https://image.oliveyoung.co.kr/cfimages/cf-goods/uploads/images/thumbnails/400/10/0000/0022/B00000022805401ko.jpg?l=ko,15120,12100,20.0,15,4.7,73,20,7,,,0,1,0,0,B000000228054,10000030007
2026-08-06,패션,87,오끌레르,오끌레르 틴 패치 4종 택1 (Normal/Large),https://www.oliveyoung.co.kr/store/goods/getGoodsDetail.do?goodsNo=A000000186947,https://image.oliveyoung.co.kr/cfimages/cf-goods/uploads/images/thumbnails/400/10/0000/0018/A00000018694706ko.jpg?l=ko,16000,13600,15.0,169,4.7,85,8,4,1,2,1,0,0,1,A000000186947,10000030007
2026-08-06,패션,88,올리브영,올리브영 수동3단우산(네이비),https://www.oliveyoung.co.kr/store/goods/getGoodsDetail.do?goodsNo=A000000009744,https://image.oliveyoung.co.kr/cfimages/cf-goods/uploads/images/thumbnails/400/10/0000/0000/A00000000974401ko.jpg?l=ko,11500,11500,0.0,2176,4.7,82,13,3,1,1,0,0,0,1,A000000009744,10000030007
2026-08-06,패션,89,비너스,비너스 스트롱 팬티스타킹3족(살구),https://www.oliveyoung.co.kr/store/goods/getGoodsDetail.do?goodsNo=A000000111079,https://image.oliveyoung.co.kr/cfimages/cf-goods/uploads/images/thumbnails/400/10/0000/0011/A00000011107904ko.jpg?l=ko,11000,11000,0.0,1428,4.8,82,13,4,1,0,0,0,0,1,A000000111079,10000030007
2026-08-06,패션,90,필리밀리,[포켓몬 에디션] 필리밀리 포켓몬 에디션 골라담기,https://www.oliveyoung.co.kr/store/goods/getGoodsDetail.do?goodsNo=A000000252756,https://image.oliveyoung.co.kr/cfimages/cf-goods/uploads/images/thumbnails/400/10/0000/0025/A00000025275613ko.jpg?l=ko,6000,4600,23.3,15616,4.8,86,10,3,0,0,1,1,0,1,A000000252756,10000030007
2026-08-06,패션,91,숨바꼭지,라이프티 숨바꼭지 베이직 (104매입),https://www.oliveyoung.co.kr/store/goods/getGoodsDetail.do?goodsNo=A000000187346,https://image.oliveyoung.co.kr/cfimages/cf-goods/uploads/images/thumbnails/400/10/0000/0018/A00000018734604ko.jpg?l=ko,13500,9900,26.7,988,4.7,81,12,5,1,1,1,0,0,1,A000000187346,10000030007
2026-08-06,패션,92,비비안,비비안 시스루팔토시 누드 M-L 2매입 (손목형/손등형),https://www.oliveyoung.co.kr/store/goods/getGoodsDetail.do?goodsNo=A000000259045,https://image.oliveyoung.co.kr/cfimages/cf-goods/uploads/images/thumbnails/400/10/0000/0025/A00000025904508ko.jpg?l=ko,10900,8900,18.3,5,5.0,100,,,,,1,1,0,1,A000000259045,10000030007
2026-08-06,패션,93,비너스,비너스 스트롱핏 압박 팬티스타킹 살구,https://www.oliveyoung.co.kr/store/goods/getGoodsDetail.do?goodsNo=A000000250508,https://image.oliveyoung.co.kr/cfimages/cf-goods/uploads/images/thumbnails/400/10/0000/0025/A00000025050802ko.jpg?l=ko,6900,5520,20.0,39,4.8,90,5,3,,3,1,0,0,1,A000000250508,10000030007
2026-08-06,패션,94,다슈,다슈 맨즈 에어핏 니플 밴드 더블기획 (52매+52매),https://www.oliveyoung.co.kr/store/goods/getGoodsDetail.do?goodsNo=A000000227366,https://image.oliveyoung.co.kr/cfimages/cf-goods/uploads/images/thumbnails/400/10/0000/0022/A00000022736608ko.jpg?l=ko,28000,17800,36.4,588,4.8,85,8,5,1,1,1,0,0,1,A000000227366,10000030007
2026-08-06,패션,95,플라이코지,[리뷰이벤트] [예신필수템] 플라이코지 웨딩 속옷 올인원 SET (살결 후크 누브라 + 코지팬티),https://www.oliveyoung.co.kr/store/goods/getGoodsDetail.do?goodsNo=A000000233706,https://image.oliveyoung.co.kr/cfimages/cf-goods/uploads/images/thumbnails/400/10/0000/0023/A00000023370613ko.jpg?l=ko,33000,33000,0.0,597,4.8,89,6,3,0,2,0,0,0,1,A000000233706,10000030007
2026-08-06,패션,96,브랜든,브랜든 세이프 도난방지 여행 가방 모음 (월렛백/크로스백/백팩),https://www.oliveyoung.co.kr/store/goods/getGoodsDetail.do?goodsNo=B000000224389,https://image.oliveyoung.co.kr/cfimages/cf-goods/uploads/images/thumbnails/400/10/0000/0022/B00000022438908ko.jpg?l=ko,48000,48000,0.0,19,5.0,100,,,,,0,0,0,0,B000000224389,10000030007
2026-08-06,패션,97,나른,[쿨썸머] 나른 트렁크 모음 (워터컬러/네이처컬러/인앤아웃),https://www.oliveyoung.co.kr/store/goods/getGoodsDetail.do?goodsNo=A000000219911,https://image.oliveyoung.co.kr/cfimages/cf-goods/uploads/images/thumbnails/400/10/0000/0021/A00000021991121ko.jpg?l=ko,14900,14900,0.0,8753,4.8,88,8,3,1,1,0,0,0,1,A000000219911,10000030007
2026-08-06,패션,98,WPC,Wpc. 미니5단 남녀공용 양우산 베이지 어워즈 한정기획 (2025) (+하트보더우산 본품),https://www.oliveyoung.co.kr/store/goods/getGoodsDetail.do?goodsNo=A000000238362,https://image.oliveyoung.co.kr/cfimages/cf-goods/uploads/images/thumbnails/400/10/0000/0023/A00000023836206ko.jpg?l=ko,53000,39750,25.0,258,4.7,86,7,5,1,2,1,0,0,1,A000000238362,10000030007
2026-08-06,패션,99,슬림9,[말림없는편한팬티] 슬림9 네모팬티 2color 택 1 (S/M/L),https://www.oliveyoung.co.kr/store/goods/getGoodsDetail.do?goodsNo=A000000129688,https://image.oliveyoung.co.kr/cfimages/cf-goods/uploads/images/thumbnails/400/10/0000/0012/A00000012968809ko.png?l=ko,23900,21900,8.4,4965,4.6,74,16,7,2,2,1,0,0,1,A000000129688,10000030007
2026-08-06,패션,100,WPC,Wpc. 미니5단 남녀공용 양우산 (801-16702-102),https://www.oliveyoung.co.kr/store/goods/getGoodsDetail.do?goodsNo=A000000248330,https://image.oliveyoung.co.kr/cfimages/cf-goods/uploads/images/thumbnails/400/10/0000/0024/A00000024833015ko.jpg?l=ko,53000,39750,25.0,385,4.7,85,8,4,1,2,1,0,0,1,A000000248330,10000030007
2026-08-06,홈리빙/가전,1,모온,모온 오비큠 무선 청소기 PRO,https://www.oliveyoung.co.kr/store/goods/getGoodsDetail.do?goodsNo=B000000249766,https://image.oliveyoung.co.kr/cfimages/cf-goods/uploads/images/thumbnails/400/10/0000/0024/B00000024976602ko.jpg?l=ko,349000,339000,2.9,0,0.0,,,,,,0,1,0,0,B000000249766,10000030005
2026-08-06,홈리빙/가전,2,브리타,브리타 정수기 필터 막스트라 프로 퓨어 퍼포먼스 3입,https://www.oliveyoung.co.kr/store/goods/getGoodsDetail.do?goodsNo=B000000206668,https://image.oliveyoung.co.kr/cfimages/cf-goods/uploads/images/thumbnails/400/10/0000/0020/B00000020666818ko.jpg?l=ko,27370,21900,20.0,693,4.9,91,8,1,0,,0,1,0,0,B000000206668,10000030005
2026-08-06,홈리빙/가전,3,브리타,브리타 정수기 필터 막스트라 프로 퓨어 퍼포먼스 3입 2개,https://www.oliveyoung.co.kr/store/goods/getGoodsDetail.do?goodsNo=B000000206678,https://image.oliveyoung.co.kr/cfimages/cf-goods/uploads/images/thumbnails/400/10/0000/0020/B00000020667817ko.jpg?l=ko,54750,43800,20.0,231,4.9,93,6,,,1,0,1,0,0,B000000206678,10000030005
2026-08-06,홈리빙/가전,4,프로쉬,[사은품 증정] 프로쉬 독일 베스트 세제 시리즈 (식세기세제/세탁세제/유연제 외),https://www.oliveyoung.co.kr/store/goods/getGoodsDetail.do?goodsNo=B000000226426,https://image.oliveyoung.co.kr/cfimages/cf-goods/uploads/images/thumbnails/400/10/0000/0022/B00000022642635ko.jpg?l=ko,45640,38800,15.0,552,4.9,93,6,1,,0,0,1,0,0,B000000226426,10000030005
2026-08-06,홈리빙/가전,5,브리타,브리타 정수기 스타일에센셜 쿨 2.4L 화이트+기본필터 1입,https://www.oliveyoung.co.kr/store/goods/getGoodsDetail.do?goodsNo=B000000253065,https://image.oliveyoung.co.kr/cfimages/cf-goods/uploads/images/thumbnails/400/10/0000/0025/B00000025306511ko.jpg?l=ko,50540,40440,20.0,0,0.0,,,,,,0,1,0,0,B000000253065,10000030005
2026-08-06,홈리빙/가전,6,레고트,레고트 루프 텀블러 멀티 600ml 주토피아2 콜라보 어워즈 한정기획 (+텀꾸 스티커),https://www.oliveyoung.co.kr/store/goods/getGoodsDetail.do?goodsNo=A000000244742,https://image.oliveyoung.co.kr/cfimages/cf-goods/uploads/images/thumbnails/400/10/0000/0024/A00000024474213ko.jpg?l=ko,45000,22500,50.0,2149,4.8,90,6,2,1,1,1,1,0,1,A000000244742,10000030005
2026-08-06,홈리빙/가전,7,제니퍼룸,[쿨썸머] 제니퍼룸 스마트 퓨어 제습기 30L,https://www.oliveyoung.co.kr/store/goods/getGoodsDetail.do?goodsNo=B000000225242,https://image.oliveyoung.co.kr/cfimages/cf-goods/uploads/images/thumbnails/400/10/0000/0022/B00000022524207ko.png?l=ko,339000,284000,16.2,22,5.0,95,5,,,,0,1,0,0,B000000225242,10000030005
2026-08-06,홈리빙/가전,8,프렉탈,[쿨썸머] 프렉탈 에스테틱 링클 필로우+포터블파우치 기획,https://www.oliveyoung.co.kr/store/goods/getGoodsDetail.do?goodsNo=A000000242009,https://image.oliveyoung.co.kr/cfimages/cf-goods/uploads/images/thumbnails/400/10/0000/0024/A00000024200904ko.jpg?l=ko,46000,46000,0.0,477,4.5,74,12,9,2,2,0,0,0,1,A000000242009,10000030005
2026-08-06,홈리빙/가전,9,브리타,브리타 정수기 플로우 8.2L + 기본필터 1입,https://www.oliveyoung.co.kr/store/goods/getGoodsDetail.do?goodsNo=B000000206727,https://image.oliveyoung.co.kr/cfimages/cf-goods/uploads/images/thumbnails/400/10/0000/0020/B00000020672726ko.jpg?l=ko,76570,61260,20.0,18,5.0,100,,,,,0,1,0,0,B000000206727,10000030005
2026-08-06,홈리빙/가전,10,필립스,필립스 프로파워 블렌더 5000 시리즈 믹서기 HR3020/20,https://www.oliveyoung.co.kr/store/goods/getGoodsDetail.do?goodsNo=B000000255054,https://image.oliveyoung.co.kr/cfimages/cf-goods/uploads/images/thumbnails/400/10/0000/0025/B00000025505410ko.jpg?l=ko,99000,84150,15.0,1,5.0,100,,,,,0,1,0,0,B000000255054,10000030005
2026-08-06,홈리빙/가전,11,레고트,[망곰 콜라보] 레고트 루프 텀블러 멀티 400ml (아기천사/프루티스위츠),https://www.oliveyoung.co.kr/store/goods/getGoodsDetail.do?goodsNo=A000000238590,https://image.oliveyoung.co.kr/cfimages/cf-goods/uploads/images/thumbnails/400/10/0000/0023/A00000023859013ko.jpg?l=ko,42000,20740,50.6,1528,4.8,89,7,2,1,1,1,1,0,1,A000000238590,10000030005
2026-08-06,홈리빙/가전,12,루메나,[쿨썸머] 루메나 무선 써큘레이터 FAN PRIME 3,https://www.oliveyoung.co.kr/store/goods/getGoodsDetail.do?goodsNo=B000000251407,https://image.oliveyoung.co.kr/cfimages/cf-goods/uploads/images/thumbnails/400/10/0000/0025/B00000025140702ko.jpg?l=ko,59900,59900,0.0,14,4.7,86,,14,,,0,0,0,0,B000000251407,10000030005
2026-08-06,홈리빙/가전,13,브리타,브리타 정수기 리켈리 2.2L + 기본필터 1입,https://www.oliveyoung.co.kr/store/goods/getGoodsDetail.do?goodsNo=B000000210534,https://image.oliveyoung.co.kr/cfimages/cf-goods/uploads/images/thumbnails/400/10/0000/0021/B00000021053422ko.jpg?l=ko,40820,32660,20.0,101,4.9,89,11,,,,0,1,0,0,B000000210534,10000030005
2026-08-06,홈리빙/가전,14,블랑101,[선물세트] 블랑101 출산선물 세트 3종,https://www.oliveyoung.co.kr/store/goods/getGoodsDetail.do?goodsNo=B000000226752,https://image.oliveyoung.co.kr/cfimages/cf-goods/uploads/images/thumbnails/400/10/0000/0022/B00000022675210ko.jpg?l=ko,62160,47250,24.0,168,4.9,96,3,1,1,,0,1,0,0,B000000226752,10000030005
2026-08-06,홈리빙/가전,15,슬립앤슬립,[아이유PICK] 슬립앤슬립 깊은잠 베개,https://www.oliveyoung.co.kr/store/goods/getGoodsDetail.do?goodsNo=B000000232005,https://image.oliveyoung.co.kr/cfimages/cf-goods/uploads/images/thumbnails/400/10/0000/0023/B00000023200509ko.png?l=ko,105000,96000,8.6,70,4.7,81,11,6,,1,0,1,0,0,B000000232005,10000030005
2026-08-06,홈리빙/가전,16,바디럽,[교체필터] 퓨어썸 파라맥스 피코 퓨어필터 (중공사막필터),https://www.oliveyoung.co.kr/store/goods/getGoodsDetail.do?goodsNo=B000000183769,https://image.oliveyoung.co.kr/cfimages/cf-goods/uploads/images/thumbnails/400/10/0000/0018/B00000018376902ko.jpg?l=ko,25000,22500,10.0,38,5.0,100,,,,,0,1,0,0,B000000183769,10000030005
2026-08-06,홈리빙/가전,17,브리타,브리타 정수기 스타일에센셜 XL 3.6L 화이트+기본필터 1입,https://www.oliveyoung.co.kr/store/goods/getGoodsDetail.do?goodsNo=B000000253061,https://image.oliveyoung.co.kr/cfimages/cf-goods/uploads/images/thumbnails/400/10/0000/0025/B00000025306111ko.jpg?l=ko,54870,43900,20.0,1,5.0,100,,,,,0,1,0,0,B000000253061,10000030005
2026-08-06,홈리빙/가전,18,제니퍼룸,[쿨썸머] 26년형 제니퍼룸 BLDC 폴더블 무선 선풍기 Pro 2color,https://www.oliveyoung.co.kr/store/goods/getGoodsDetail.do?goodsNo=B000000228914,https://image.oliveyoung.co.kr/cfimages/cf-goods/uploads/images/thumbnails/400/10/0000/0022/B00000022891425ko.png?l=ko,179000,84000,53.1,47,4.9,89,9,2,,,0,1,0,0,B000000228914,10000030005
2026-08-06,홈리빙/가전,19,스너글,[NEW] 스너글 캡슐세제 & 액체세제 모음 (허거블 코튼/블루스파클),https://www.oliveyoung.co.kr/store/goods/getGoodsDetail.do?goodsNo=A000000225031,https://image.oliveyoung.co.kr/cfimages/cf-goods/uploads/images/thumbnails/400/10/0000/0022/A00000022503109ko.png?l=ko,13500,8900,34.1,490,4.9,92,6,1,0,1,1,0,0,1,A000000225031,10000030005
2026-08-06,홈리빙/가전,20,브리타,브리타 정수기 스타일에센셜 쿨 2.4L 샌드+기본필터 1입,https://www.oliveyoung.co.kr/store/goods/getGoodsDetail.do?goodsNo=B000000253067,https://image.oliveyoung.co.kr/cfimages/cf-goods/uploads/images/thumbnails/400/10/0000/0025/B00000025306711ko.jpg?l=ko,50540,40440,20.0,0,0.0,,,,,,0,1,0,0,B000000253067,10000030005
2026-08-06,홈리빙/가전,21,레고트,레고트 루프 텀블러 시리즈 (400ml/600ml),https://www.oliveyoung.co.kr/store/goods/getGoodsDetail.do?goodsNo=A000000227009,https://image.oliveyoung.co.kr/cfimages/cf-goods/uploads/images/thumbnails/400/10/0000/0022/A00000022700905ko.jpg?l=ko,39000,32000,17.9,2660,4.8,90,6,2,1,1,1,0,0,1,A000000227009,10000030005
2026-08-06,홈리빙/가전,22,블랑101,블랑101 고농축 세탁세제 1L,https://www.oliveyoung.co.kr/store/goods/getGoodsDetail.do?goodsNo=B000000226709,https://image.oliveyoung.co.kr/cfimages/cf-goods/uploads/images/thumbnails/400/10/0000/0022/B00000022670908ko.jpg?l=ko,24360,19980,18.0,53,5.0,100,,,,,0,1,0,0,B000000226709,10000030005
2026-08-06,홈리빙/가전,23,픽싯,픽싯 룸데오도란트 고체 탈취제 300g (머스크향/시나몬향),https://www.oliveyoung.co.kr/store/goods/getGoodsDetail.do?goodsNo=A000000246283,https://image.oliveyoung.co.kr/cfimages/cf-goods/uploads/images/thumbnails/400/10/0000/0024/A00000024628325ko.png?l=ko,22000,19900,9.5,865,4.6,79,9,7,2,3,1,0,0,1,A000000246283,10000030005
2026-08-06,홈리빙/가전,24,블랑101,블랑101 주방세제 3개,https://www.oliveyoung.co.kr/store/goods/getGoodsDetail.do?goodsNo=B000000226759,https://image.oliveyoung.co.kr/cfimages/cf-goods/uploads/images/thumbnails/400/10/0000/0022/B00000022675908ko.jpg?l=ko,40320,30650,24.0,39,4.9,90,10,,,,0,1,0,0,B000000226759,10000030005
2026-08-06,홈리빙/가전,25,픽싯,[대용량] 픽싯 룸데오도란트 고체 탈취제 대용량 3종 (머스크/클린솝/히노끼),https://www.oliveyoung.co.kr/store/goods/getGoodsDetail.do?goodsNo=B000000229215,https://image.oliveyoung.co.kr/cfimages/cf-goods/uploads/images/thumbnails/400/10/0000/0022/B00000022921507ko.jpg?l=ko,38000,30000,21.1,872,4.6,79,9,7,2,3,0,1,0,0,B000000229215,10000030005
2026-08-06,홈리빙/가전,26,프렉탈,프렉탈 링클 케어 선물세트 (목주름 베개+넥팩 3개입 +스트라이프백),https://www.oliveyoung.co.kr/store/goods/getGoodsDetail.do?goodsNo=A000000242083,https://image.oliveyoung.co.kr/cfimages/cf-goods/uploads/images/thumbnails/400/10/0000/0024/A00000024208307ko.jpg?l=ko,61000,61000,0.0,50,4.8,82,14,2,2,,0,0,0,1,A000000242083,10000030005
2026-08-06,홈리빙/가전,27,바겐슈타이거,바겐슈타이거 스텐 미니팟 양수냄비 5종 택1,https://www.oliveyoung.co.kr/store/goods/getGoodsDetail.do?goodsNo=B000000245508,https://image.oliveyoung.co.kr/cfimages/cf-goods/uploads/images/thumbnails/400/10/0000/0024/B00000024550801ko.jpg?l=ko,12940,12940,0.0,4,4.0,75,,,,25,0,0,0,0,B000000245508,10000030005
2026-08-06,홈리빙/가전,28,단미,단미 탁상용 선풍기 무선 BLDC 휴대용 캠핑 손풍기 빅팬 쿨링 프로 맥스,https://www.oliveyoung.co.kr/store/goods/getGoodsDetail.do?goodsNo=B000000258873,https://image.oliveyoung.co.kr/cfimages/cf-goods/uploads/images/thumbnails/400/10/0000/0025/B00000025887301ko.jpg?l=ko,59800,54800,8.4,0,0.0,,,,,,0,1,0,0,B000000258873,10000030005
2026-08-06,홈리빙/가전,29,트위그뉴욕,트위그뉴욕 원피스 앞치마 4종 (택1),https://www.oliveyoung.co.kr/store/goods/getGoodsDetail.do?goodsNo=B000000240267,https://image.oliveyoung.co.kr/cfimages/cf-goods/uploads/images/thumbnails/400/10/0000/0024/B00000024026701ko.jpg?l=ko,32000,26560,17.0,7,5.0,100,,,,,0,1,0,0,B000000240267,10000030005
2026-08-06,홈리빙/가전,30,스탠리,[NEW] 스탠리 퀜처 프로투어 플립 스트로 텀블러 887ml,https://www.oliveyoung.co.kr/store/goods/getGoodsDetail.do?goodsNo=B000000223220,https://image.oliveyoung.co.kr/cfimages/cf-goods/uploads/images/thumbnails/400/10/0000/0022/B00000022322001ko.jpg?l=ko,54000,54000,0.0,249,4.9,95,4,0,,0,0,0,0,0,B000000223220,10000030005
2026-08-06,홈리빙/가전,31,포엘리에,포엘리에 란제리 솝 프리미엄 속옷세제 로즈마리 500ml,https://www.oliveyoung.co.kr/store/goods/getGoodsDetail.do?goodsNo=A000000242798,https://image.oliveyoung.co.kr/cfimages/cf-goods/uploads/images/thumbnails/400/10/0000/0024/A00000024279801ko.jpg?l=ko,15900,14500,8.8,73,5.0,97,1,1,,,1,0,0,1,A000000242798,10000030005
2026-08-06,홈리빙/가전,32,바겐슈타이거,바겐슈타이거 에델 IH 프라이팬 3종세트 28f+28w+28g,https://www.oliveyoung.co.kr/store/goods/getGoodsDetail.do?goodsNo=B000000245427,https://image.oliveyoung.co.kr/cfimages/cf-goods/uploads/images/thumbnails/400/10/0000/0024/B00000024542701ko.jpg?l=ko,42940,42940,0.0,5,5.0,100,,,,,0,0,0,0,B000000245427,10000030005
2026-08-06,홈리빙/가전,33,스너글,[NEW] 스너글 섬유유연제 실내건조 선샤인 2종 (2L/2.6L),https://www.oliveyoung.co.kr/store/goods/getGoodsDetail.do?goodsNo=A000000230120,https://image.oliveyoung.co.kr/cfimages/cf-goods/uploads/images/thumbnails/400/10/0000/0023/A00000023012001ko.png?l=ko,18900,11400,39.7,317,4.9,93,6,1,,,1,0,0,1,A000000230120,10000030005
2026-08-06,홈리빙/가전,34,바겐슈타이거,바겐슈타이거 IH 에델 프라이팬 시리즈 프라이팬/궁중팬/계란말이팬 [인덕션 코팅팬 모던],https://www.oliveyoung.co.kr/store/goods/getGoodsDetail.do?goodsNo=B000000245565,https://image.oliveyoung.co.kr/cfimages/cf-goods/uploads/images/thumbnails/400/10/0000/0024/B00000024556501ko.jpg?l=ko,16820,16820,0.0,10,5.0,100,,,,,0,0,0,0,B000000245565,10000030005
2026-08-06,홈리빙/가전,35,란도린,란도린 섬유유연제 10종/ 세탁세제 1종,https://www.oliveyoung.co.kr/store/goods/getGoodsDetail.do?goodsNo=A000000260112,https://image.oliveyoung.co.kr/cfimages/cf-goods/uploads/images/thumbnails/400/10/0000/0026/A00000026011204ko.jpg?l=ko,13500,12150,10.0,41,5.0,95,5,,,,1,0,0,1,A000000260112,10000030005
2026-08-06,홈리빙/가전,36,위글위글,위글위글 커스텀 데스크팬 위글 프렌즈,https://www.oliveyoung.co.kr/store/goods/getGoodsDetail.do?goodsNo=B000000260222,https://image.oliveyoung.co.kr/cfimages/cf-goods/uploads/images/thumbnails/400/10/0000/0026/B00000026022203ko.jpg?l=ko,46000,39500,14.1,1,5.0,100,,,,,0,1,0,0,B000000260222,10000030005
2026-08-06,홈리빙/가전,37,바겐슈타이거,바겐슈타이거 무연마제 스텐 사각 트리플 트레이 (PC커버),https://www.oliveyoung.co.kr/store/goods/getGoodsDetail.do?goodsNo=B000000245406,https://image.oliveyoung.co.kr/cfimages/cf-goods/uploads/images/thumbnails/400/10/0000/0024/B00000024540601ko.jpg?l=ko,18700,18700,0.0,1,5.0,100,,,,,0,0,0,0,B000000245406,10000030005
2026-08-06,홈리빙/가전,38,디어리얼,디어리얼 페이스타올 4P 세트 버터 패키지포장,https://www.oliveyoung.co.kr/store/goods/getGoodsDetail.do?goodsNo=B000000242241,https://image.oliveyoung.co.kr/cfimages/cf-goods/uploads/images/thumbnails/400/10/0000/0024/B00000024224101ko.jpg?l=ko,45900,39020,15.0,5,5.0,100,,,,,0,1,0,0,B000000242241,10000030005
2026-08-06,홈리빙/가전,39,디어리얼,[선물패키지] 디어리얼 페이스타올 수건 4P 세트,https://www.oliveyoung.co.kr/store/goods/getGoodsDetail.do?goodsNo=B000000249693,https://image.oliveyoung.co.kr/cfimages/cf-goods/uploads/images/thumbnails/400/10/0000/0024/B00000024969303ko.jpg?l=ko,45900,39020,15.0,47,4.8,85,9,6,,,0,1,0,0,B000000249693,10000030005
2026-08-06,홈리빙/가전,40,택플로우,택플로우 배스매트 스트라이프 (8colors),https://www.oliveyoung.co.kr/store/goods/getGoodsDetail.do?goodsNo=B000000255557,https://image.oliveyoung.co.kr/cfimages/cf-goods/uploads/images/thumbnails/400/10/0000/0025/B00000025555701ko.jpg?l=ko,26000,18200,30.0,0,0.0,,,,,,0,1,0,0,B000000255557,10000030005
2026-08-06,홈리빙/가전,41,레고트,레고트 루프 텀블러 멀티 600ml,https://www.oliveyoung.co.kr/store/goods/getGoodsDetail.do?goodsNo=A000000225578,https://image.oliveyoung.co.kr/cfimages/cf-goods/uploads/images/thumbnails/400/10/0000/0022/A00000022557815ko.jpg?l=ko,45000,37000,17.8,177,4.8,89,6,1,,3,1,0,0,1,A000000225578,10000030005
2026-08-06,홈리빙/가전,42,디어커스,디어커스 누볼라 가벼운 호텔 프리미엄 욕실화 슬리퍼 2세트,https://www.oliveyoung.co.kr/store/goods/getGoodsDetail.do?goodsNo=B000000255867,https://image.oliveyoung.co.kr/cfimages/cf-goods/uploads/images/thumbnails/400/10/0000/0025/B00000025586707ko.jpg?l=ko,42900,36900,14.0,1,5.0,100,,,,,0,1,0,0,B000000255867,10000030005
2026-08-06,홈리빙/가전,43,픽싯,픽싯 미니 세정 롤티슈 80매,https://www.oliveyoung.co.kr/store/goods/getGoodsDetail.do?goodsNo=A000000250387,https://image.oliveyoung.co.kr/cfimages/cf-goods/uploads/images/thumbnails/400/10/0000/0025/A00000025038701ko.jpg?l=ko,18000,12000,33.3,518,4.9,91,5,2,1,1,1,0,0,1,A000000250387,10000030005
2026-08-06,홈리빙/가전,44,루메나,[쿨썸머] 루메나 탁상용 무선 선풍기 FAN STAND 3Z,https://www.oliveyoung.co.kr/store/goods/getGoodsDetail.do?goodsNo=B000000251401,https://image.oliveyoung.co.kr/cfimages/cf-goods/uploads/images/thumbnails/400/10/0000/0025/B00000025140105ko.jpg?l=ko,39900,35910,10.0,53,4.9,94,6,,,,0,1,0,0,B000000251401,10000030005
2026-08-06,홈리빙/가전,45,모던하우스,[모던하우스] WOW 스퀘어 휴지통 2P세트 3L+12L,https://www.oliveyoung.co.kr/store/goods/getGoodsDetail.do?goodsNo=B000000256345,https://image.oliveyoung.co.kr/cfimages/cf-goods/uploads/images/thumbnails/400/10/0000/0025/B00000025634501ko.jpg?l=ko,39900,35910,10.0,0,0.0,,,,,,0,1,0,0,B000000256345,10000030005
2026-08-06,홈리빙/가전,46,위글위글,위글위글 보냉백 S/L  (체크버니/스마일위러브/스마일위러브 사파리),https://www.oliveyoung.co.kr/store/goods/getGoodsDetail.do?goodsNo=B000000260196,https://image.oliveyoung.co.kr/cfimages/cf-goods/uploads/images/thumbnails/400/10/0000/0026/B00000026019603ko.jpg?l=ko,16000,13920,13.0,0,0.0,,,,,,0,1,0,0,B000000260196,10000030005
2026-08-06,홈리빙/가전,47,스크럽대디,스크럽대디 댐프더스터(실버) 1개입 + 댐프더스터(옐로우) 1개입,https://www.oliveyoung.co.kr/store/goods/getGoodsDetail.do?goodsNo=A000000225529,https://image.oliveyoung.co.kr/cfimages/cf-goods/uploads/images/thumbnails/400/10/0000/0022/A00000022552903ko.jpg?l=ko,15000,15000,0.0,39,5.0,97,3,,,,0,0,0,1,A000000225529,10000030005
2026-08-06,홈리빙/가전,48,리큅,리큅 에어쿨 무선 탁상/캠핑용 미니선풍기 (고성능 저소음 BLDC모터),https://www.oliveyoung.co.kr/store/goods/getGoodsDetail.do?goodsNo=B000000167822,https://image.oliveyoung.co.kr/cfimages/cf-goods/uploads/images/thumbnails/400/10/0000/0016/B00000016782201ko.jpg?l=ko,34900,31410,10.0,135,4.7,81,10,7,1,2,0,1,0,0,B000000167822,10000030005
2026-08-06,홈리빙/가전,49,콜리,해리포터 스텐머그  420ml 3종 택 1,https://www.oliveyoung.co.kr/store/goods/getGoodsDetail.do?goodsNo=B000000258322,https://image.oliveyoung.co.kr/cfimages/cf-goods/uploads/images/thumbnails/400/10/0000/0025/B00000025832201ko.jpg?l=ko,27500,27500,0.0,0,0.0,,,,,,0,0,0,0,B000000258322,10000030005
2026-08-06,홈리빙/가전,50,위칙,[맨손 설거지 / 과일채소 세척가능] 위칙 멀티플 주방세제 리필 1L,https://www.oliveyoung.co.kr/store/goods/getGoodsDetail.do?goodsNo=A000000240466,https://image.oliveyoung.co.kr/cfimages/cf-goods/uploads/images/thumbnails/400/10/0000/0024/A00000024046608ko.jpg?l=ko,9500,7900,16.8,356,4.8,87,9,4,1,0,1,0,0,1,A000000240466,10000030005
2026-08-06,홈리빙/가전,51,블랑101,블랑101 퍼퓸 섬유유연제 시그니처향 1.6L,https://www.oliveyoung.co.kr/store/goods/getGoodsDetail.do?goodsNo=B000000226701,https://image.oliveyoung.co.kr/cfimages/cf-goods/uploads/images/thumbnails/400/10/0000/0022/B00000022670103ko.jpg?l=ko,31080,25490,18.0,132,4.9,93,5,,2,1,0,1,0,0,B000000226701,10000030005
2026-08-06,홈리빙/가전,52,나른,[망곰 콜라보] 나른 벨벳 홈 슬리퍼 2종 택 1 (아기천사/프루티스위츠),https://www.oliveyoung.co.kr/store/goods/getGoodsDetail.do?goodsNo=A000000245667,https://image.oliveyoung.co.kr/cfimages/cf-goods/uploads/images/thumbnails/400/10/0000/0024/A00000024566706ko.jpg?l=ko,22900,11450,50.0,452,4.8,85,9,3,1,2,1,1,0,1,A000000245667,10000030005
2026-08-06,홈리빙/가전,53,바디럽,[여행필수템] 퓨어썸 여행용 미니 필터 샤워기 세트 모음전,https://www.oliveyoung.co.kr/store/goods/getGoodsDetail.do?goodsNo=B000000227238,https://image.oliveyoung.co.kr/cfimages/cf-goods/uploads/images/thumbnails/400/10/0000/0022/B00000022723801ko.jpg?l=ko,27000,24300,10.0,364,4.9,93,6,0,,1,0,1,0,0,B000000227238,10000030005
2026-08-06,홈리빙/가전,54,스너글,[미국향] 스너글 드라이시트 40매 2종 택 1 (허거블코튼/블루스파클+),https://www.oliveyoung.co.kr/store/goods/getGoodsDetail.do?goodsNo=A000000243436,https://image.oliveyoung.co.kr/cfimages/cf-goods/uploads/images/thumbnails/400/10/0000/0024/A00000024343601ko.png?l=ko,9900,6900,30.3,374,4.9,91,6,2,1,1,1,0,0,1,A000000243436,10000030005
2026-08-06,홈리빙/가전,55,집탑,집탑 실리콘 리사이클 지퍼백 컵 라지 사이즈,https://www.oliveyoung.co.kr/store/goods/getGoodsDetail.do?goodsNo=B000000246895,https://image.oliveyoung.co.kr/cfimages/cf-goods/uploads/images/thumbnails/400/10/0000/0024/B00000024689501ko.jpg?l=ko,28000,23800,15.0,0,0.0,,,,,,0,1,0,0,B000000246895,10000030005
2026-08-06,홈리빙/가전,56,필루니크,필루니크 런더리 란제리 솝 150ml (속옷전용세제),https://www.oliveyoung.co.kr/store/goods/getGoodsDetail.do?goodsNo=A000000227386,https://image.oliveyoung.co.kr/cfimages/cf-goods/uploads/images/thumbnails/400/10/0000/0022/A00000022738601ko.jpg?l=ko,8900,6700,24.7,2115,4.7,80,15,4,0,1,1,0,0,1,A000000227386,10000030005
2026-08-06,홈리빙/가전,57,생활공작소,생활공작소 이염방지시트 특대형 60매 2개,https://www.oliveyoung.co.kr/store/goods/getGoodsDetail.do?goodsNo=B000000186120,https://image.oliveyoung.co.kr/cfimages/cf-goods/uploads/images/thumbnails/400/10/0000/0018/B00000018612006ko.jpg?l=ko,24000,20900,12.9,69,4.9,93,7,,,,0,1,0,0,B000000186120,10000030005
2026-08-06,홈리빙/가전,58,프로쉬,프로쉬 독일 세탁세제 1.5L,https://www.oliveyoung.co.kr/store/goods/getGoodsDetail.do?goodsNo=B000000170340,https://image.oliveyoung.co.kr/cfimages/cf-goods/uploads/images/thumbnails/400/10/0000/0017/B00000017034028ko.jpg?l=ko,18200,18200,0.0,36,4.9,94,,6,,,0,0,0,0,B000000170340,10000030005
2026-08-06,홈리빙/가전,59,디어커스,디어커스 길이조절 2WAY 물기제거 피니셔 스퀴지 2color,https://www.oliveyoung.co.kr/store/goods/getGoodsDetail.do?goodsNo=B000000258701,https://image.oliveyoung.co.kr/cfimages/cf-goods/uploads/images/thumbnails/400/10/0000/0025/B00000025870107ko.png?l=ko,21900,17900,18.3,1,5.0,100,,,,,0,1,0,0,B000000258701,10000030005
2026-08-06,홈리빙/가전,60,블랑101,[베스트셀러] 블랑101 고농축 섬유유연제 1L,https://www.oliveyoung.co.kr/store/goods/getGoodsDetail.do?goodsNo=B000000226710,https://image.oliveyoung.co.kr/cfimages/cf-goods/uploads/images/thumbnails/400/10/0000/0022/B00000022671017ko.jpg?l=ko,21000,17220,18.0,57,4.7,82,11,5,2,,0,1,0,0,B000000226710,10000030005
2026-08-06,홈리빙/가전,61,프랭클린,프랭클린 엉덩이 클렌저 리필 450ml,https://www.oliveyoung.co.kr/store/goods/getGoodsDetail.do?goodsNo=B000000252746,https://image.oliveyoung.co.kr/cfimages/cf-goods/uploads/images/thumbnails/400/10/0000/0025/B00000025274601ko.jpg?l=ko,17900,17190,4.0,3,5.0,100,,,,,0,1,0,0,B000000252746,10000030005
2026-08-06,홈리빙/가전,62,바겐슈타이거,바겐슈타이거 스텐 멀티랙,https://www.oliveyoung.co.kr/store/goods/getGoodsDetail.do?goodsNo=B000000245658,https://image.oliveyoung.co.kr/cfimages/cf-goods/uploads/images/thumbnails/400/10/0000/0024/B00000024565801ko.jpg?l=ko,16350,16350,0.0,10,4.9,90,10,,,,0,0,0,0,B000000245658,10000030005
2026-08-06,홈리빙/가전,63,모던하우스,[모던하우스] 더블 플라워 터프팅 발매트 COLOR MIX 46X80,https://www.oliveyoung.co.kr/store/goods/getGoodsDetail.do?goodsNo=B000000256288,https://image.oliveyoung.co.kr/cfimages/cf-goods/uploads/images/thumbnails/400/10/0000/0025/B00000025628801ko.jpg?l=ko,17900,16110,10.0,0,0.0,,,,,,0,1,0,0,B000000256288,10000030005
2026-08-06,홈리빙/가전,64,날진,날진 와이드마우스 서스테인 0.5L 코스모,https://www.oliveyoung.co.kr/store/goods/getGoodsDetail.do?goodsNo=A000000244183,https://image.oliveyoung.co.kr/cfimages/cf-goods/uploads/images/thumbnails/400/10/0000/0024/A00000024418301ko.jpg?l=ko,18000,16000,11.1,0,0.0,,,,,,1,0,0,1,A000000244183,10000030005
2026-08-06,홈리빙/가전,65,위칙,위칙 소독 인기템 골라담기 17종 택 1,https://www.oliveyoung.co.kr/store/goods/getGoodsDetail.do?goodsNo=A000000216483,https://image.oliveyoung.co.kr/cfimages/cf-goods/uploads/images/thumbnails/400/10/0000/0021/A00000021648301ko.jpg?l=ko,13900,13900,0.0,1750,4.8,86,9,3,1,1,0,0,0,1,A000000216483,10000030005
2026-08-06,홈리빙/가전,66,무아스,무아스 LED 벽시계 퓨어 미니 화이트,https://www.oliveyoung.co.kr/store/goods/getGoodsDetail.do?goodsNo=B000000149426,https://image.oliveyoung.co.kr/cfimages/cf-goods/uploads/images/thumbnails/400/10/0000/0014/B00000014942601ko.jpg?l=ko,16900,15900,5.9,21,4.7,71,24,5,,,0,1,0,0,B000000149426,10000030005
2026-08-06,홈리빙/가전,67,생활공작소,생활공작소 고농축 캡슐 세탁세제 캡슐세제 라벤더향 100개입,https://www.oliveyoung.co.kr/store/goods/getGoodsDetail.do?goodsNo=B000000236895,https://image.oliveyoung.co.kr/cfimages/cf-goods/uploads/images/thumbnails/400/10/0000/0023/B00000023689505ko.jpg?l=ko,18000,14900,17.2,1,5.0,100,,,,,0,1,0,0,B000000236895,10000030005
2026-08-06,홈리빙/가전,68,블랑101,블랑101 퍼퓸 섬유유연제 1.2L (향선택),https://www.oliveyoung.co.kr/store/goods/getGoodsDetail.do?goodsNo=B000000226723,https://image.oliveyoung.co.kr/cfimages/cf-goods/uploads/images/thumbnails/400/10/0000/0022/B00000022672311ko.jpg?l=ko,16800,13780,18.0,52,4.8,88,6,4,2,,0,1,0,0,B000000226723,10000030005
2026-08-06,홈리빙/가전,69,리슬립,리슬립 피부 보호 MOF 항균 교체형 베개 커버 4매입,https://www.oliveyoung.co.kr/store/goods/getGoodsDetail.do?goodsNo=B000000192845,https://image.oliveyoung.co.kr/cfimages/cf-goods/uploads/images/thumbnails/400/10/0000/0019/B00000019284504ko.jpg?l=ko,15900,12900,18.9,7,4.3,29,71,,,,0,1,0,0,B000000192845,10000030005
2026-08-06,홈리빙/가전,70,모던하우스,[모던하우스] 이티에프 미니 키링 파우치 3 color,https://www.oliveyoung.co.kr/store/goods/getGoodsDetail.do?goodsNo=B000000256071,https://image.oliveyoung.co.kr/cfimages/cf-goods/uploads/images/thumbnails/400/10/0000/0025/B00000025607101ko.jpg?l=ko,12900,12900,0.0,0,0.0,,,,,,0,0,0,0,B000000256071,10000030005
2026-08-06,홈리빙/가전,71,피지,피지 모락셀라 스포츠 세제 1.5L,https://www.oliveyoung.co.kr/store/goods/getGoodsDetail.do?goodsNo=A000000239238,https://image.oliveyoung.co.kr/cfimages/cf-goods/uploads/images/thumbnails/400/10/0000/0023/A00000023923808ko.jpg?l=ko,14500,11500,20.7,18,5.0,100,,,,,1,0,0,1,A000000239238,10000030005
2026-08-06,홈리빙/가전,72,스너글,스너글 섬유유연제 6종 택 1 (본품/리필형),https://www.oliveyoung.co.kr/store/goods/getGoodsDetail.do?goodsNo=A000000190770,https://image.oliveyoung.co.kr/cfimages/cf-goods/uploads/images/thumbnails/400/10/0000/0019/A00000019077010ko.png?l=ko,18900,11400,39.7,3547,4.9,90,7,2,0,0,1,0,0,1,A000000190770,10000030005
2026-08-06,홈리빙/가전,73,디어커스,디어커스 한지로 만든 샤워타월 2개입 2종 택1(안녕한지/개운한지),https://www.oliveyoung.co.kr/store/goods/getGoodsDetail.do?goodsNo=B000000254718,https://image.oliveyoung.co.kr/cfimages/cf-goods/uploads/images/thumbnails/400/10/0000/0025/B00000025471801ko.png?l=ko,15800,10800,31.6,23,5.0,100,,,,,0,1,0,0,B000000254718,10000030005
2026-08-06,홈리빙/가전,74,디어커스,디어커스 한지로 만든 샤워타월 2개입 2종 택1(더 부드러운 안녕한지/개운한지),https://www.oliveyoung.co.kr/store/goods/getGoodsDetail.do?goodsNo=B000000255171,https://image.oliveyoung.co.kr/cfimages/cf-goods/uploads/images/thumbnails/400/10/0000/0025/B00000025517108ko.png?l=ko,15800,10800,31.6,2,5.0,100,,,,,0,1,0,0,B000000255171,10000030005
2026-08-06,홈리빙/가전,75,프로쉬,프로쉬 독일 섬유 얼룩제거제 500ml,https://www.oliveyoung.co.kr/store/goods/getGoodsDetail.do?goodsNo=B000000218007,https://image.oliveyoung.co.kr/cfimages/cf-goods/uploads/images/thumbnails/400/10/0000/0021/B00000021800710ko.jpg?l=ko,10400,10400,0.0,21,4.7,86,5,5,,5,0,0,0,0,B000000218007,10000030005
2026-08-06,홈리빙/가전,76,프랭클린,프랭클린 핸드워시 거품형 리필 450ml,https://www.oliveyoung.co.kr/store/goods/getGoodsDetail.do?goodsNo=B000000233198,https://image.oliveyoung.co.kr/cfimages/cf-goods/uploads/images/thumbnails/400/10/0000/0023/B00000023319819ko.jpg?l=ko,9900,9510,3.9,48,4.9,94,6,,,,0,1,0,0,B000000233198,10000030005
2026-08-06,홈리빙/가전,77,다우니,다우니 실내건조 프레시클린 초고농축 섬유유연제 1L 2종 택 1,https://www.oliveyoung.co.kr/store/goods/getGoodsDetail.do?goodsNo=A000000191294,https://image.oliveyoung.co.kr/cfimages/cf-goods/uploads/images/thumbnails/400/10/0000/0019/A00000019129418ko.jpg?l=ko,11300,7900,30.1,595,4.9,94,5,1,,0,1,0,0,1,A000000191294,10000030005
2026-08-06,홈리빙/가전,78,위칙,위칙 멀티플 주방세제 (본품 / 리필),https://www.oliveyoung.co.kr/store/goods/getGoodsDetail.do?goodsNo=A000000260471,https://image.oliveyoung.co.kr/cfimages/cf-goods/uploads/images/thumbnails/400/10/0000/0026/A00000026047101ko.jpg?l=ko,9500,7900,16.8,13,4.7,92,,,,8,1,0,0,1,A000000260471,10000030005
2026-08-06,홈리빙/가전,79,스너글,[자취템] 스너글 초고농축 섬유유연제 허거블 코튼 0.8L,https://www.oliveyoung.co.kr/store/goods/getGoodsDetail.do?goodsNo=A000000225030,https://image.oliveyoung.co.kr/cfimages/cf-goods/uploads/images/thumbnails/400/10/0000/0022/A00000022503001ko.jpg?l=ko,12900,6900,46.5,177,4.8,88,8,3,,1,1,0,0,1,A000000225030,10000030005
2026-08-06,홈리빙/가전,80,스크럽대디,스크럽대디 스크럽마미(오리지널) 1개입,https://www.oliveyoung.co.kr/store/goods/getGoodsDetail.do?goodsNo=A000000225525,https://image.oliveyoung.co.kr/cfimages/cf-goods/uploads/images/thumbnails/400/10/0000/0022/A00000022552502ko.jpg?l=ko,6000,5400,10.0,459,4.8,89,7,3,1,0,1,0,0,1,A000000225525,10000030005
2026-08-06,홈리빙/가전,81,위글위글,위글위글 샤워볼 위글베어,https://www.oliveyoung.co.kr/store/goods/getGoodsDetail.do?goodsNo=B000000261012,https://image.oliveyoung.co.kr/cfimages/cf-goods/uploads/images/thumbnails/400/10/0000/0026/B00000026101202ko.jpg?l=ko,6400,5300,17.2,0,0.0,,,,,,0,1,0,0,B000000261012,10000030005
2026-08-06,홈리빙/가전,82,퍼피아이,쫄깃한 한우 콜라겐껌 블루베리 100g,https://www.oliveyoung.co.kr/store/goods/getGoodsDetail.do?goodsNo=A000000145157,https://image.oliveyoung.co.kr/cfimages/cf-goods/uploads/images/thumbnails/400/10/0000/0014/A00000014515701ko.jpg?l=ko,6000,4500,25.0,1098,4.8,89,8,2,0,0,1,0,0,1,A000000145157,10000030005
2026-08-06,홈리빙/가전,83,퍼피아이,쫄깃한 한우 콜라겐껌 브로콜리 100g,https://www.oliveyoung.co.kr/store/goods/getGoodsDetail.do?goodsNo=A000000145158,https://image.oliveyoung.co.kr/cfimages/cf-goods/uploads/images/thumbnails/400/10/0000/0014/A00000014515801ko.jpg?l=ko,6000,4500,25.0,799,4.9,90,8,2,0,0,1,0,0,1,A000000145158,10000030005
2026-08-06,홈리빙/가전,84,퍼피아이,쫄깃한 한우 콜라겐껌 연어 100g,https://www.oliveyoung.co.kr/store/goods/getGoodsDetail.do?goodsNo=A000000145159,https://image.oliveyoung.co.kr/cfimages/cf-goods/uploads/images/thumbnails/400/10/0000/0014/A00000014515901ko.jpg?l=ko,6000,4500,25.0,1222,4.9,90,7,3,0,0,1,0,0,1,A000000145159,10000030005
2026-08-06,홈리빙/가전,85,스카트,"스카트 기름, 찌든때 세정 티슈 30매",https://www.oliveyoung.co.kr/store/goods/getGoodsDetail.do?goodsNo=A000000142606,https://image.oliveyoung.co.kr/cfimages/cf-goods/uploads/images/thumbnails/400/10/0000/0014/A00000014260604ko.jpg?l=ko,4400,4400,0.0,262,4.8,89,8,2,,1,0,0,0,1,A000000142606,10000030005
2026-08-06,홈리빙/가전,86,삼대오백,삼대오백 매시브 쉐이커 800ml,https://www.oliveyoung.co.kr/store/goods/getGoodsDetail.do?goodsNo=A000000238517,https://image.oliveyoung.co.kr/cfimages/cf-goods/uploads/images/thumbnails/400/10/0000/0023/A00000023851704ko.jpg?l=ko,2900,2900,0.0,49,5.0,100,,,,,0,0,0,1,A000000238517,10000030005
2026-08-06,홈리빙/가전,87,미닉스,미닉스 음식물처리기 더플렌더 MAX 가정용 분쇄기 건조기 MNFD-200G,https://www.oliveyoung.co.kr/store/goods/getGoodsDetail.do?goodsNo=B000000248474,https://image.oliveyoung.co.kr/cfimages/cf-goods/uploads/images/thumbnails/400/10/0000/0024/B00000024847401ko.png?l=ko,759000,489000,35.6,54,4.9,93,4,2,,2,0,1,0,0,B000000248474,10000030005
2026-08-06,홈리빙/가전,88,제니퍼룸,제니퍼룸X위글위글 인기 주방가전 모음전,https://www.oliveyoung.co.kr/store/goods/getGoodsDetail.do?goodsNo=B000000262451,https://image.oliveyoung.co.kr/cfimages/cf-goods/uploads/images/thumbnails/400/10/0000/0026/B00000026245115ko.jpg?l=ko,59900,59900,0.0,7,5.0,100,,,,,0,0,0,0,B000000262451,10000030005
2026-08-06,홈리빙/가전,89,에어메이드,에어메이드 자동 먼지비움 무선 청소기 570W 스마트타워X 5501A,https://www.oliveyoung.co.kr/store/goods/getGoodsDetail.do?goodsNo=B000000252941,https://image.oliveyoung.co.kr/cfimages/cf-goods/uploads/images/thumbnails/400/10/0000/0025/B00000025294110ko.jpg?l=ko,289000,279000,3.5,3,4.7,67,33,,,,0,1,0,0,B000000252941,10000030005
2026-08-06,홈리빙/가전,90,실리만,[단독컬러 출시]실리만 이지웨이 실리콘 찜기 멀티 3종 택 1,https://www.oliveyoung.co.kr/store/goods/getGoodsDetail.do?goodsNo=A000000250470,https://image.oliveyoung.co.kr/cfimages/cf-goods/uploads/images/thumbnails/400/10/0000/0025/A00000025047007ko.jpg?l=ko,42000,37800,10.0,28,4.9,93,7,,,,1,0,0,1,A000000250470,10000030005
2026-08-06,홈리빙/가전,91,소니,소니 블루투스 턴테이블 PS-LX5BT,https://www.oliveyoung.co.kr/store/goods/getGoodsDetail.do?goodsNo=B000000256463,https://image.oliveyoung.co.kr/cfimages/cf-goods/uploads/images/thumbnails/400/10/0000/0025/B00000025646301ko.jpg?l=ko,499000,499000,0.0,1,4.0,,100,,,,0,0,0,0,B000000256463,10000030005
2026-08-06,홈리빙/가전,92,스탠리,[신규컬러]스탠리 퀜처 H2.0 플로우스테이트 텀블러 887ml,https://www.oliveyoung.co.kr/store/goods/getGoodsDetail.do?goodsNo=B000000208372,https://image.oliveyoung.co.kr/cfimages/cf-goods/uploads/images/thumbnails/400/10/0000/0020/B00000020837211ko.jpg?l=ko,49000,49000,0.0,1182,4.9,95,4,1,,0,0,0,0,0,B000000208372,10000030005
2026-08-06,홈리빙/가전,93,에어메이드,에어메이드 가열 살균 가습기 열풍 건조 세척 아쿠아마린 AMH-9002,https://www.oliveyoung.co.kr/store/goods/getGoodsDetail.do?goodsNo=B000000252867,https://image.oliveyoung.co.kr/cfimages/cf-goods/uploads/images/thumbnails/400/10/0000/0025/B00000025286710ko.jpg?l=ko,168000,168000,0.0,0,0.0,,,,,,0,0,0,0,B000000252867,10000030005
2026-08-06,홈리빙/가전,94,스타우브,[스타우브]아시아볼 18cm 그레이,https://www.oliveyoung.co.kr/store/goods/getGoodsDetail.do?goodsNo=B000000259730,https://image.oliveyoung.co.kr/cfimages/cf-goods/uploads/images/thumbnails/400/10/0000/0025/B00000025973001ko.jpg?l=ko,499000,269460,46.0,0,0.0,,,,,,0,1,0,0,B000000259730,10000030005
2026-08-06,홈리빙/가전,95,낫포유,[미백임상완료] 낫포유 비타민 미백앰플 필터 샤워기,https://www.oliveyoung.co.kr/store/goods/getGoodsDetail.do?goodsNo=A000000194109,https://image.oliveyoung.co.kr/cfimages/cf-goods/uploads/images/thumbnails/400/10/0000/0019/A00000019410904ko.png?l=ko,18900,14900,21.2,2236,4.7,82,13,4,0,1,1,1,0,1,A000000194109,10000030005
2026-08-06,홈리빙/가전,96,미닉스,미닉스 더 시프트 김치냉장고 MNKR-100G,https://www.oliveyoung.co.kr/store/goods/getGoodsDetail.do?goodsNo=B000000246449,https://image.oliveyoung.co.kr/cfimages/cf-goods/uploads/images/thumbnails/400/10/0000/0024/B00000024644901ko.jpg?l=ko,599000,399000,33.4,17,4.8,88,6,6,,,0,1,0,0,B000000246449,10000030005
2026-08-06,홈리빙/가전,97,드리미,드리미 로봇청소기 Dreame L30s Pro Ultra,https://www.oliveyoung.co.kr/store/goods/getGoodsDetail.do?goodsNo=B000000246046,https://image.oliveyoung.co.kr/cfimages/cf-goods/uploads/images/thumbnails/400/10/0000/0024/B00000024604601ko.jpg?l=ko,1090000,763000,30.0,0,0.0,,,,,,0,1,0,0,B000000246046,10000030005
2026-08-06,홈리빙/가전,98,프렉탈,프렉탈 에스테틱 링클 필로우 듀오 기획,https://www.oliveyoung.co.kr/store/goods/getGoodsDetail.do?goodsNo=A000000242076,https://image.oliveyoung.co.kr/cfimages/cf-goods/uploads/images/thumbnails/400/10/0000/0024/A00000024207604ko.jpg?l=ko,92000,92000,0.0,26,4.7,81,12,8,,,0,0,0,1,A000000242076,10000030005
2026-08-06,홈리빙/가전,99,피지,"피지 모락셀라 액체세제 2.1L,1.5L 용기 3종 / 2.3L 리필 2종(허브향/코튼향)",https://www.oliveyoung.co.kr/store/goods/getGoodsDetail.do?goodsNo=A000000239236,https://image.oliveyoung.co.kr/cfimages/cf-goods/uploads/images/thumbnails/400/10/0000/0023/A00000023923601ko.jpg?l=ko,16950,14950,11.8,75,4.9,96,3,1,,,1,0,0,1,A000000239236,10000030005
2026-08-06,홈리빙/가전,100,마샬,마샬 블루투스 스피커 ACTON 3,https://www.oliveyoung.co.kr/store/goods/getGoodsDetail.do?goodsNo=B000000180735,https://image.oliveyoung.co.kr/cfimages/cf-goods/uploads/images/thumbnails/400/10/0000/0018/B00000018073501ko.jpg?l=ko,460000,349000,24.1,27,5.0,96,4,,,,0,1,0,0,B000000180735,10000030005
2026-08-06,취미/팬시,1,필리밀리,필리밀리X챠미키티 에디션 18종 택1,https://www.oliveyoung.co.kr/store/goods/getGoodsDetail.do?goodsNo=A000000248432,https://image.oliveyoung.co.kr/cfimages/cf-goods/uploads/images/thumbnails/400/10/0000/0024/A00000024843202ko.jpg?l=ko,8000,3800,52.5,23407,4.7,84,9,4,1,1,1,1,0,1,A000000248432,10000030006
2026-08-06,취미/팬시,2,알로,[쿨썸머] 알로 / 26년 신상 3초 냉각 무선 선풍기 FA2A,https://www.oliveyoung.co.kr/store/goods/getGoodsDetail.do?goodsNo=A000000253310,https://image.oliveyoung.co.kr/cfimages/cf-goods/uploads/images/thumbnails/400/10/0000/0025/A00000025331008ko.jpg?l=ko,23900,22900,4.2,142,4.7,81,11,6,1,2,1,0,0,1,A000000253310,10000030006
2026-08-06,취미/팬시,3,얼모스트블루,얼모스트블루 스노우 이어폰 4종 택1,https://www.oliveyoung.co.kr/store/goods/getGoodsDetail.do?goodsNo=B000000260609,https://image.oliveyoung.co.kr/cfimages/cf-goods/uploads/images/thumbnails/400/10/0000/0026/B00000026060901ko.jpg?l=ko,24800,21800,12.1,1,5.0,100,,,,,0,1,0,0,B000000260609,10000030006
2026-08-06,취미/팬시,4,바나실,BNS i17 PRO MAX 블루투스 무선 이어폰,https://www.oliveyoung.co.kr/store/goods/getGoodsDetail.do?goodsNo=A000000158693,https://image.oliveyoung.co.kr/cfimages/cf-goods/uploads/images/thumbnails/400/10/0000/0015/A00000015869303ko.jpg?l=ko,29900,29900,0.0,1907,4.6,73,15,8,1,3,0,0,0,1,A000000158693,10000030006
2026-08-06,취미/팬시,5,알로,[리뷰이벤트] 알로코리아 슬림 코발트 맥세이프 C타입 보조배터리 20W 10000mAh 1000MW,https://www.oliveyoung.co.kr/store/goods/getGoodsDetail.do?goodsNo=B000000227697,https://image.oliveyoung.co.kr/cfimages/cf-goods/uploads/images/thumbnails/400/10/0000/0022/B00000022769708ko.jpg?l=ko,39900,36900,7.5,37,4.7,81,16,,,3,0,1,0,0,B000000227697,10000030006
2026-08-06,취미/팬시,6,알로,[리뷰이벤트] 알로코리아 케이블일체형/맥세이프 보조배터리 모음 (6종 택1),https://www.oliveyoung.co.kr/store/goods/getGoodsDetail.do?goodsNo=B000000228422,https://image.oliveyoung.co.kr/cfimages/cf-goods/uploads/images/thumbnails/400/10/0000/0022/B00000022842206ko.jpg?l=ko,31900,31900,0.0,18,4.8,89,6,6,,,0,0,0,0,B000000228422,10000030006
2026-08-06,취미/팬시,7,바나실,BNS) 도킹형 보조배터리 10000mAh 2종 중 택1,https://www.oliveyoung.co.kr/store/goods/getGoodsDetail.do?goodsNo=A000000226614,https://image.oliveyoung.co.kr/cfimages/cf-goods/uploads/images/thumbnails/400/10/0000/0022/A00000022661403ko.jpg?l=ko,24900,22500,9.6,607,4.8,91,5,2,1,1,1,0,0,1,A000000226614,10000030006
2026-08-06,취미/팬시,8,웰릭스,레드빈 에어젯 초소형 미니 선풍기 USB-C 제트팬 2colors(화이트/블랙),https://www.oliveyoung.co.kr/store/goods/getGoodsDetail.do?goodsNo=A000000259437,https://image.oliveyoung.co.kr/cfimages/cf-goods/uploads/images/thumbnails/400/10/0000/0025/A00000025943706ko.jpg?l=ko,20900,19800,5.3,20,5.0,100,,,,,1,0,0,1,A000000259437,10000030006
2026-08-06,취미/팬시,9,Young K (DAY6),Young K (DAY6) 2nd Full Album [YOUNGEST] (Photobook ver.) (SET),https://www.oliveyoung.co.kr/store/goods/getGoodsDetail.do?goodsNo=B000000262802,https://image.oliveyoung.co.kr/cfimages/cf-goods/uploads/images/thumbnails/400/10/0000/0026/B00000026280201ko.jpg?l=ko,38600,38600,0.0,0,0.0,,,,,,0,0,0,0,B000000262802,10000030006
2026-08-06,취미/팬시,10,웰릭스,레드빈 노이즈캔슬링 ANC ENTW,https://www.oliveyoung.co.kr/store/goods/getGoodsDetail.do?goodsNo=A000000247580,https://image.oliveyoung.co.kr/cfimages/cf-goods/uploads/images/thumbnails/400/10/0000/0024/A00000024758001ko.jpg?l=ko,36900,36900,0.0,75,4.5,69,17,9,1,3,0,0,0,1,A000000247580,10000030006
2026-08-06,취미/팬시,11,번개표,"번개표 큐브멀티탭 고용량 3구 C타입 USB (콘센트형,전선형) 4color",https://www.oliveyoung.co.kr/store/goods/getGoodsDetail.do?goodsNo=B000000246262,https://image.oliveyoung.co.kr/cfimages/cf-goods/uploads/images/thumbnails/400/10/0000/0024/B00000024626211ko.jpg?l=ko,32900,29610,10.0,23,4.4,83,4,,,13,0,1,0,0,B000000246262,10000030006
2026-08-06,취미/팬시,12,알로,[쿨썸머] [리뷰이벤트] 알로코리아 아이스터보 냉각 제트 휴대용 선풍기 FA3,https://www.oliveyoung.co.kr/store/goods/getGoodsDetail.do?goodsNo=B000000227071,https://image.oliveyoung.co.kr/cfimages/cf-goods/uploads/images/thumbnails/400/10/0000/0022/B00000022707112ko.jpg?l=ko,36900,35900,2.7,90,4.8,90,3,3,2,1,0,1,0,0,B000000227071,10000030006
2026-08-06,취미/팬시,13,텐바이텐,텐바이텐 몬치치 얼굴 파우치 키링_몬치치 (2종),https://www.oliveyoung.co.kr/store/goods/getGoodsDetail.do?goodsNo=A000000249548,https://image.oliveyoung.co.kr/cfimages/cf-goods/uploads/images/thumbnails/400/10/0000/0024/A00000024954801ko.jpg?l=ko,16000,16000,0.0,80,5.0,98,3,,,,0,0,0,1,A000000249548,10000030006
2026-08-06,취미/팬시,14,텐바이텐,텐바이텐 몬치치 얼굴파우치키링_러브해피엔젤 몬치치(GIRL),https://www.oliveyoung.co.kr/store/goods/getGoodsDetail.do?goodsNo=A000000257818,https://image.oliveyoung.co.kr/cfimages/cf-goods/uploads/images/thumbnails/400/10/0000/0025/A00000025781801ko.jpg?l=ko,16000,16000,0.0,5,5.0,100,,,,,0,0,0,1,A000000257818,10000030006
2026-08-06,취미/팬시,15,망그러진 곰,망그러진곰 인형키링 5종 (아기천사/프루티스위츠),https://www.oliveyoung.co.kr/store/goods/getGoodsDetail.do?goodsNo=A000000245924,https://image.oliveyoung.co.kr/cfimages/cf-goods/uploads/images/thumbnails/400/10/0000/0024/A00000024592409ko.jpg?l=ko,17000,14400,15.3,5748,4.9,96,3,1,0,0,1,1,0,1,A000000245924,10000030006
2026-08-06,취미/팬시,16,알로,알로 아이스 터보 폴딩 선풍기 FA5,https://www.oliveyoung.co.kr/store/goods/getGoodsDetail.do?goodsNo=A000000261649,https://image.oliveyoung.co.kr/cfimages/cf-goods/uploads/images/thumbnails/400/10/0000/0026/A00000026164901ko.jpg?l=ko,29900,28900,3.3,1,4.0,,100,,,,1,0,0,1,A000000261649,10000030006
2026-08-06,취미/팬시,17,코지모지,코지모지 어글리버드 키링 5종 택1,https://www.oliveyoung.co.kr/store/goods/getGoodsDetail.do?goodsNo=B000000201426,https://image.oliveyoung.co.kr/cfimages/cf-goods/uploads/images/thumbnails/400/10/0000/0020/B00000020142610ko.jpg?l=ko,28000,28000,0.0,12,5.0,100,,,,,0,0,0,0,B000000201426,10000030006
2026-08-06,취미/팬시,18,델리,니보리 아이스터보 20 초경량 프리미엄 무선 휴대용 냉각선풍기,https://www.oliveyoung.co.kr/store/goods/getGoodsDetail.do?goodsNo=B000000258633,https://image.oliveyoung.co.kr/cfimages/cf-goods/uploads/images/thumbnails/400/10/0000/0025/B00000025863310ko.jpg?l=ko,45000,27000,40.0,1,5.0,100,,,,,0,1,0,0,B000000258633,10000030006
2026-08-06,취미/팬시,19,QCY,QCY)T29 APP 블루투스 이어폰 2종 택1,https://www.oliveyoung.co.kr/store/goods/getGoodsDetail.do?goodsNo=A000000236445,https://image.oliveyoung.co.kr/cfimages/cf-goods/uploads/images/thumbnails/400/10/0000/0023/A00000023644501ko.jpg?l=ko,26900,26900,0.0,94,4.7,80,14,5,,1,0,0,0,1,A000000236445,10000030006
2026-08-06,취미/팬시,20,알로,[쿨썸머] 3초 냉각 + 터보급 강풍_알로코리아 초소형 휴대용 냉각 에어컨 선풍기 FA1A,https://www.oliveyoung.co.kr/store/goods/getGoodsDetail.do?goodsNo=B000000254706,https://image.oliveyoung.co.kr/cfimages/cf-goods/uploads/images/thumbnails/400/10/0000/0025/B00000025470618ko.jpg?l=ko,24900,24400,2.0,14,4.8,86,7,7,,,0,1,0,0,B000000254706,10000030006
2026-08-06,취미/팬시,21,QCY,QCY 블루투스 이어폰 T31 멜로버즈 네오,https://www.oliveyoung.co.kr/store/goods/getGoodsDetail.do?goodsNo=B000000242114,https://image.oliveyoung.co.kr/cfimages/cf-goods/uploads/images/thumbnails/400/10/0000/0024/B00000024211401ko.jpg?l=ko,29900,23920,20.0,17,4.7,82,12,,6,,0,1,0,0,B000000242114,10000030006
2026-08-06,취미/팬시,22,알로,[포켓몬 에디션] 알로 2PORT 고속충전기 + 자동 릴 케이블 2종 (피카츄/잠만보),https://www.oliveyoung.co.kr/store/goods/getGoodsDetail.do?goodsNo=A000000253302,https://image.oliveyoung.co.kr/cfimages/cf-goods/uploads/images/thumbnails/400/10/0000/0025/A00000025330223ko.jpg?l=ko,29900,23310,22.0,364,4.8,87,7,4,0,2,1,1,0,1,A000000253302,10000030006
2026-08-06,취미/팬시,23,알로,알로코리아 2포트 45W GaN 초고속 충전기,https://www.oliveyoung.co.kr/store/goods/getGoodsDetail.do?goodsNo=A000000246373,https://image.oliveyoung.co.kr/cfimages/cf-goods/uploads/images/thumbnails/400/10/0000/0024/A00000024637301ko.jpg?l=ko,21900,21900,0.0,76,4.9,95,3,3,,,0,0,0,1,A000000246373,10000030006
2026-08-06,취미/팬시,24,알로,알로 20W 고속 충전 도킹형 미니 보조배터리,https://www.oliveyoung.co.kr/store/goods/getGoodsDetail.do?goodsNo=A000000215279,https://image.oliveyoung.co.kr/cfimages/cf-goods/uploads/images/thumbnails/400/10/0000/0021/A00000021527901ko.jpg?l=ko,20900,20900,0.0,424,4.6,77,12,5,1,5,0,0,0,1,A000000215279,10000030006
2026-08-06,취미/팬시,25,실바니안 패밀리,[실바니안 패밀리] 5457-페르시안 고양이 쌍둥이 인형 피규어,https://www.oliveyoung.co.kr/store/goods/getGoodsDetail.do?goodsNo=B000000262036,https://image.oliveyoung.co.kr/cfimages/cf-goods/uploads/images/thumbnails/400/10/0000/0026/B00000026203601ko.jpg?l=ko,19000,17100,10.0,1,5.0,100,,,,,0,1,0,0,B000000262036,10000030006
2026-08-06,취미/팬시,26,텐바이텐,텐바이텐 몬치치 얼굴파우치키링_레몬 치무탄,https://www.oliveyoung.co.kr/store/goods/getGoodsDetail.do?goodsNo=A000000257816,https://image.oliveyoung.co.kr/cfimages/cf-goods/uploads/images/thumbnails/400/10/0000/0025/A00000025781601ko.jpg?l=ko,16000,16000,0.0,9,5.0,100,,,,,0,0,0,1,A000000257816,10000030006
2026-08-06,취미/팬시,27,콜리,콜리 부루부루도그 스트링 파우치,https://www.oliveyoung.co.kr/store/goods/getGoodsDetail.do?goodsNo=B000000251506,https://image.oliveyoung.co.kr/cfimages/cf-goods/uploads/images/thumbnails/400/10/0000/0025/B00000025150605ko.jpg?l=ko,23000,14950,35.0,13,5.0,100,,,,,0,1,0,0,B000000251506,10000030006
2026-08-06,취미/팬시,28,텐바이텐,텐바이텐 몬치치 마그넷 클립 (2종),https://www.oliveyoung.co.kr/store/goods/getGoodsDetail.do?goodsNo=A000000248434,https://image.oliveyoung.co.kr/cfimages/cf-goods/uploads/images/thumbnails/400/10/0000/0024/A00000024843401ko.jpg?l=ko,6000,6000,0.0,30,5.0,97,3,,,,0,0,0,1,A000000248434,10000030006
2026-08-06,취미/팬시,29,웰릭스,레드빈 USB-C 유선이어폰 화이트,https://www.oliveyoung.co.kr/store/goods/getGoodsDetail.do?goodsNo=A000000259901,https://image.oliveyoung.co.kr/cfimages/cf-goods/uploads/images/thumbnails/400/10/0000/0025/A00000025990101ko.jpg?l=ko,15000,13500,10.0,15,4.5,73,13,7,,7,1,0,0,1,A000000259901,10000030006
2026-08-06,취미/팬시,30,누리플러스,몬치치 랜덤피규어 키링,https://www.oliveyoung.co.kr/store/goods/getGoodsDetail.do?goodsNo=A000000258195,https://image.oliveyoung.co.kr/cfimages/cf-goods/uploads/images/thumbnails/400/10/0000/0025/A00000025819502ko.jpg?l=ko,12000,12000,0.0,23,4.6,87,4,,,9,0,0,0,1,A000000258195,10000030006
2026-08-06,취미/팬시,31,알로,[쿨썸머] 알로 휴대용 미니 선풍기 F3A,https://www.oliveyoung.co.kr/store/goods/getGoodsDetail.do?goodsNo=A000000253313,https://image.oliveyoung.co.kr/cfimages/cf-goods/uploads/images/thumbnails/400/10/0000/0025/A00000025331306ko.jpg?l=ko,12500,11500,8.0,53,4.5,70,13,13,2,2,1,0,0,1,A000000253313,10000030006
2026-08-06,취미/팬시,32,알로,[리뷰이벤트] 알로코리아 컴팩트 25W C타입 초고속충전기+고속충전 케이블 UC125PPS,https://www.oliveyoung.co.kr/store/goods/getGoodsDetail.do?goodsNo=B000000249374,https://image.oliveyoung.co.kr/cfimages/cf-goods/uploads/images/thumbnails/400/10/0000/0024/B00000024937401ko.jpg?l=ko,11900,11500,3.4,91,4.9,93,3,2,1,,0,1,0,0,B000000249374,10000030006
2026-08-06,취미/팬시,33,포인트오브뷰,[포인트오브뷰] JYCHOI 다이어리 스탬프 S,https://www.oliveyoung.co.kr/store/goods/getGoodsDetail.do?goodsNo=B000000237923,https://image.oliveyoung.co.kr/cfimages/cf-goods/uploads/images/thumbnails/400/10/0000/0023/B00000023792301ko.jpg?l=ko,4000,4000,0.0,65,5.0,100,,,,,0,0,0,0,B000000237923,10000030006
2026-08-06,취미/팬시,34,포인트오브뷰,[포인트오브뷰] 다이어리 스탬프 S,https://www.oliveyoung.co.kr/store/goods/getGoodsDetail.do?goodsNo=B000000237937,https://image.oliveyoung.co.kr/cfimages/cf-goods/uploads/images/thumbnails/400/10/0000/0023/B00000023793701ko.jpg?l=ko,4000,4000,0.0,61,5.0,97,2,2,,,0,0,0,0,B000000237937,10000030006
2026-08-06,취미/팬시,35,알로,알로 4in1 60W 패브릭 고속충전케이블 1.5M,https://www.oliveyoung.co.kr/store/goods/getGoodsDetail.do?goodsNo=A000000262751,https://image.oliveyoung.co.kr/cfimages/cf-goods/uploads/images/thumbnails/400/10/0000/0026/A00000026275101ko.jpg?l=ko,7900,7900,0.0,1,2.0,,,,100,,0,0,0,1,A000000262751,10000030006
2026-08-06,취미/팬시,36,아이코닉,아이코닉 데일리 A5 스터디플래너,https://www.oliveyoung.co.kr/store/goods/getGoodsDetail.do?goodsNo=B000000262627,https://image.oliveyoung.co.kr/cfimages/cf-goods/uploads/images/thumbnails/400/10/0000/0026/B00000026262701ko.jpg?l=ko,5800,5800,0.0,0,0.0,,,,,,0,0,0,0,B000000262627,10000030006
2026-08-06,취미/팬시,37,포인트오브뷰,[포인트오브뷰] 다이어리 스탬프 M,https://www.oliveyoung.co.kr/store/goods/getGoodsDetail.do?goodsNo=B000000237932,https://image.oliveyoung.co.kr/cfimages/cf-goods/uploads/images/thumbnails/400/10/0000/0023/B00000023793201ko.jpg?l=ko,5500,5500,0.0,34,5.0,100,,,,,0,0,0,0,B000000237932,10000030006
2026-08-06,취미/팬시,38,단순생활,단순생활 듀얼 수정 풀 테이프 2종,https://www.oliveyoung.co.kr/store/goods/getGoodsDetail.do?goodsNo=B000000155061,https://image.oliveyoung.co.kr/cfimages/cf-goods/uploads/images/thumbnails/400/10/0000/0015/B00000015506101ko.jpg?l=ko,2600,2600,0.0,95,4.9,92,7,1,,,0,0,0,0,B000000155061,10000030006
2026-08-06,취미/팬시,39,로지텍,로지텍 블루투스 키보드 MX KEYS S,https://www.oliveyoung.co.kr/store/goods/getGoodsDetail.do?goodsNo=B000000212926,https://image.oliveyoung.co.kr/cfimages/cf-goods/uploads/images/thumbnails/400/10/0000/0021/B00000021292601ko.jpg?l=ko,169000,139000,17.8,47,5.0,96,4,,,,0,1,0,0,B000000212926,10000030006
2026-08-06,취미/팬시,40,실바니안 패밀리,[실바니안 패밀리] 5838-실바니안 블라인드백 14차(아기 건축가) 가챠 랜덤깡,https://www.oliveyoung.co.kr/store/goods/getGoodsDetail.do?goodsNo=B000000262104,https://image.oliveyoung.co.kr/cfimages/cf-goods/uploads/images/thumbnails/400/10/0000/0026/B00000026210401ko.jpg?l=ko,9500,8550,10.0,17,4.9,94,6,,,,0,1,0,0,B000000262104,10000030006
2026-08-06,취미/팬시,41,실바니안 패밀리,[실바니안 패밀리] 5759-바다표범 가족 인형 피규어,https://www.oliveyoung.co.kr/store/goods/getGoodsDetail.do?goodsNo=B000000262073,https://image.oliveyoung.co.kr/cfimages/cf-goods/uploads/images/thumbnails/400/10/0000/0026/B00000026207301ko.jpg?l=ko,46000,41400,10.0,3,5.0,100,,,,,0,1,0,0,B000000262073,10000030006
2026-08-06,취미/팬시,42,인스탁스,[한국후지필름] 인스탁스 SQ1 즉석카메라 올리브영 기획세트,https://www.oliveyoung.co.kr/store/goods/getGoodsDetail.do?goodsNo=B000000226206,https://image.oliveyoung.co.kr/cfimages/cf-goods/uploads/images/thumbnails/400/10/0000/0022/B00000022620602ko.jpg?l=ko,226800,215460,5.0,9,5.0,100,,,,,0,1,0,0,B000000226206,10000030006
2026-08-06,취미/팬시,43,실바니안 패밀리,[실바니안 패밀리] 5393 라즈베리 하우스,https://www.oliveyoung.co.kr/store/goods/getGoodsDetail.do?goodsNo=B000000262446,https://image.oliveyoung.co.kr/cfimages/cf-goods/uploads/images/thumbnails/400/10/0000/0026/B00000026244601ko.jpg?l=ko,64000,57600,10.0,1,5.0,100,,,,,0,1,0,0,B000000262446,10000030006
2026-08-06,취미/팬시,44,실바니안 패밀리,[실바니안 패밀리] 5709-눈꽃 토끼와 판다의 아기 놀이방 소품 인형 피규어 세트,https://www.oliveyoung.co.kr/store/goods/getGoodsDetail.do?goodsNo=B000000262084,https://image.oliveyoung.co.kr/cfimages/cf-goods/uploads/images/thumbnails/400/10/0000/0026/B00000026208401ko.jpg?l=ko,43000,38700,10.0,0,0.0,,,,,,0,1,0,0,B000000262084,10000030006
2026-08-06,취미/팬시,45,루메나,[쿨썸머] 루메나 휴대용 무선 선풍기 FAN PRO 4,https://www.oliveyoung.co.kr/store/goods/getGoodsDetail.do?goodsNo=B000000251644,https://image.oliveyoung.co.kr/cfimages/cf-goods/uploads/images/thumbnails/400/10/0000/0025/B00000025164405ko.jpg?l=ko,25110,22600,10.0,19,4.9,95,5,,,,0,1,0,0,B000000251644,10000030006
2026-08-06,취미/팬시,46,실바니안 패밀리,[실바니안 패밀리] 5844-베이비랜드 서커스 세트 소품 인형 피규어 세트,https://www.oliveyoung.co.kr/store/goods/getGoodsDetail.do?goodsNo=B000000262102,https://image.oliveyoung.co.kr/cfimages/cf-goods/uploads/images/thumbnails/400/10/0000/0026/B00000026210201ko.jpg?l=ko,55000,49500,10.0,1,5.0,100,,,,,0,1,0,0,B000000262102,10000030006
2026-08-06,취미/팬시,47,실바니안 패밀리,[실바니안 패밀리] 5845-베이비랜드 콘서트 세트 소품 인형 피규어 세트,https://www.oliveyoung.co.kr/store/goods/getGoodsDetail.do?goodsNo=B000000262101,https://image.oliveyoung.co.kr/cfimages/cf-goods/uploads/images/thumbnails/400/10/0000/0026/B00000026210101ko.jpg?l=ko,45000,40500,10.0,2,5.0,100,,,,,0,1,0,0,B000000262101,10000030006
2026-08-06,취미/팬시,48,필리밀리,필리밀리x챠미키티 인형키링 3종 택1,https://www.oliveyoung.co.kr/store/goods/getGoodsDetail.do?goodsNo=A000000248141,https://image.oliveyoung.co.kr/cfimages/cf-goods/uploads/images/thumbnails/400/10/0000/0024/A00000024814117ko.jpg?l=ko,19000,9490,50.1,2029,4.8,89,6,3,1,1,1,1,0,1,A000000248141,10000030006
2026-08-06,취미/팬시,49,실바니안 패밀리,[실바니안 패밀리] 5452-아기 실바니안 그네 공원 소품 인형 피규어 세트,https://www.oliveyoung.co.kr/store/goods/getGoodsDetail.do?goodsNo=B000000262038,https://image.oliveyoung.co.kr/cfimages/cf-goods/uploads/images/thumbnails/400/10/0000/0026/B00000026203801ko.jpg?l=ko,35000,31500,10.0,0,0.0,,,,,,0,1,0,0,B000000262038,10000030006
2026-08-06,취미/팬시,50,KATSEYE,KATSEYE (캣츠아이) WILD 2종 1세트,https://www.oliveyoung.co.kr/store/goods/getGoodsDetail.do?goodsNo=B000000261393,https://image.oliveyoung.co.kr/cfimages/cf-goods/uploads/images/thumbnails/400/10/0000/0026/B00000026139301ko.jpg?l=ko,39800,39800,0.0,0,0.0,,,,,,0,0,0,0,B000000261393,10000030006
2026-08-06,취미/팬시,51,Young K (DAY6),Young K (DAY6) 2nd Full Album [YOUNGEST] (Photobook ver.) (랜덤),https://www.oliveyoung.co.kr/store/goods/getGoodsDetail.do?goodsNo=B000000262801,https://image.oliveyoung.co.kr/cfimages/cf-goods/uploads/images/thumbnails/400/10/0000/0026/B00000026280101ko.jpg?l=ko,19300,19300,0.0,0,0.0,,,,,,0,0,0,0,B000000262801,10000030006
2026-08-06,취미/팬시,52,보스(BOSE),[국내정품] 보스 BOSE QC 울트라 헤드폰 2세대,https://www.oliveyoung.co.kr/store/goods/getGoodsDetail.do?goodsNo=B000000249874,https://image.oliveyoung.co.kr/cfimages/cf-goods/uploads/images/thumbnails/400/10/0000/0024/B00000024987401ko.jpg?l=ko,519000,519000,0.0,2,5.0,100,,,,,0,0,0,0,B000000249874,10000030006
2026-08-06,취미/팬시,53,실바니안 패밀리,[실바니안 패밀리] 5820-베이비랜드 파도타기놀이 소품 인형 피규어 세트,https://www.oliveyoung.co.kr/store/goods/getGoodsDetail.do?goodsNo=B000000262105,https://image.oliveyoung.co.kr/cfimages/cf-goods/uploads/images/thumbnails/400/10/0000/0026/B00000026210501ko.jpg?l=ko,48000,43200,10.0,2,5.0,100,,,,,0,1,0,0,B000000262105,10000030006
2026-08-06,취미/팬시,54,실바니안 패밀리,[실바니안 패밀리] 5453-아기 고슴도치 요람바구니 소품 인형 피규어 세트,https://www.oliveyoung.co.kr/store/goods/getGoodsDetail.do?goodsNo=B000000262037,https://image.oliveyoung.co.kr/cfimages/cf-goods/uploads/images/thumbnails/400/10/0000/0026/B00000026203701ko.jpg?l=ko,35000,31500,10.0,5,5.0,100,,,,,0,1,0,0,B000000262037,10000030006
2026-08-06,취미/팬시,55,실바니안 패밀리,[실바니안 패밀리] 5703-베이비 프린세스 소품 인형 피규어 세트,https://www.oliveyoung.co.kr/store/goods/getGoodsDetail.do?goodsNo=B000000262086,https://image.oliveyoung.co.kr/cfimages/cf-goods/uploads/images/thumbnails/400/10/0000/0026/B00000026208601ko.jpg?l=ko,63000,56700,10.0,1,5.0,100,,,,,0,1,0,0,B000000262086,10000030006
2026-08-06,취미/팬시,56,로지텍,로지텍 블루투스 키보드 KEYS TO GO 2,https://www.oliveyoung.co.kr/store/goods/getGoodsDetail.do?goodsNo=B000000233563,https://image.oliveyoung.co.kr/cfimages/cf-goods/uploads/images/thumbnails/400/10/0000/0023/B00000023356301ko.jpg?l=ko,109000,89000,18.3,39,4.8,87,10,3,,,0,1,0,0,B000000233563,10000030006
2026-08-06,취미/팬시,57,실바니안 패밀리,[실바니안 패밀리] 5852-비스킷 곰 남매의 달콤한 피크닉 소품 인형 피규어 세트,https://www.oliveyoung.co.kr/store/goods/getGoodsDetail.do?goodsNo=B000000262098,https://image.oliveyoung.co.kr/cfimages/cf-goods/uploads/images/thumbnails/400/10/0000/0026/B00000026209801ko.jpg?l=ko,51000,45900,10.0,1,1.0,,,,,100,0,1,0,0,B000000262098,10000030006
2026-08-06,취미/팬시,58,단순생활,단순생활 아이스 베이비쿨 백풍기 휴대용 선풍기 급속 냉각 핸디팬,https://www.oliveyoung.co.kr/store/goods/getGoodsDetail.do?goodsNo=B000000258270,https://image.oliveyoung.co.kr/cfimages/cf-goods/uploads/images/thumbnails/400/10/0000/0025/B00000025827006ko.png?l=ko,32000,22900,28.4,0,0.0,,,,,,0,1,0,0,B000000258270,10000030006
2026-08-06,취미/팬시,59,로지텍,로지텍 국내 정품 블루투스 마우스 MX Master 4,https://www.oliveyoung.co.kr/store/goods/getGoodsDetail.do?goodsNo=B000000240743,https://image.oliveyoung.co.kr/cfimages/cf-goods/uploads/images/thumbnails/400/10/0000/0024/B00000024074301ko.jpg?l=ko,179000,179000,0.0,10,5.0,100,,,,,0,0,0,0,B000000240743,10000030006
2026-08-06,취미/팬시,60,실바니안 패밀리,[실바니안 패밀리] 5750-단짝 아기친구들의 별자리 파자마파티 소품 인형 피규어 세트,https://www.oliveyoung.co.kr/store/goods/getGoodsDetail.do?goodsNo=B000000262076,https://image.oliveyoung.co.kr/cfimages/cf-goods/uploads/images/thumbnails/400/10/0000/0026/B00000026207601ko.jpg?l=ko,36000,32400,10.0,2,5.0,100,,,,,0,1,0,0,B000000262076,10000030006
2026-08-06,취미/팬시,61,실바니안 패밀리,[실바니안 패밀리] 5542-스푸키 엘리베이터 유령하우스 소품 인형 피규어 세트,https://www.oliveyoung.co.kr/store/goods/getGoodsDetail.do?goodsNo=B000000262064,https://image.oliveyoung.co.kr/cfimages/cf-goods/uploads/images/thumbnails/400/10/0000/0026/B00000026206401ko.jpg?l=ko,30000,27000,10.0,1,5.0,100,,,,,0,1,0,0,B000000262064,10000030006
2026-08-06,취미/팬시,62,ZO&FRIENDS,조앤프렌즈 K-에디션 조아 인형 키링 (아씨),https://www.oliveyoung.co.kr/store/goods/getGoodsDetail.do?goodsNo=B000000259707,https://image.oliveyoung.co.kr/cfimages/cf-goods/uploads/images/thumbnails/400/10/0000/0025/B00000025970702ko.jpg?l=ko,48000,48000,0.0,11,5.0,100,,,,,0,0,0,0,B000000259707,10000030006
2026-08-06,취미/팬시,63,실바니안 패밀리,[실바니안 패밀리] 5749-단짝 아기친구들의 돌고래 물놀이 소품 인형 피규어 세트,https://www.oliveyoung.co.kr/store/goods/getGoodsDetail.do?goodsNo=B000000262077,https://image.oliveyoung.co.kr/cfimages/cf-goods/uploads/images/thumbnails/400/10/0000/0026/B00000026207701ko.jpg?l=ko,35000,31500,10.0,0,0.0,,,,,,0,1,0,0,B000000262077,10000030006
2026-08-06,취미/팬시,64,실바니안 패밀리,[실바니안 패밀리] 5819-베이비랜드 비행기와 기차놀이 소품 인형 피규어 세트,https://www.oliveyoung.co.kr/store/goods/getGoodsDetail.do?goodsNo=B000000262107,https://image.oliveyoung.co.kr/cfimages/cf-goods/uploads/images/thumbnails/400/10/0000/0026/B00000026210701ko.jpg?l=ko,48000,43200,10.0,1,5.0,100,,,,,0,1,0,0,B000000262107,10000030006
2026-08-06,취미/팬시,65,실바니안 패밀리,[실바니안 패밀리] 5757-라떼 고양이의 햄버거 카트 자동차 소품 인형 피규어 세트,https://www.oliveyoung.co.kr/store/goods/getGoodsDetail.do?goodsNo=B000000262074,https://image.oliveyoung.co.kr/cfimages/cf-goods/uploads/images/thumbnails/400/10/0000/0026/B00000026207401ko.jpg?l=ko,65000,58500,10.0,2,5.0,100,,,,,0,1,0,0,B000000262074,10000030006
2026-08-06,취미/팬시,66,인스탁스,[한국후지필름] 인스탁스 와이드에보 하이브리드 카메라 올리브영 기획세트,https://www.oliveyoung.co.kr/store/goods/getGoodsDetail.do?goodsNo=B000000225151,https://image.oliveyoung.co.kr/cfimages/cf-goods/uploads/images/thumbnails/400/10/0000/0022/B00000022515106ko.jpg?l=ko,590400,543170,8.0,2,5.0,100,,,,,0,1,0,0,B000000225151,10000030006
2026-08-06,취미/팬시,67,실바니안 패밀리,[실바니안 패밀리] 5653-팡팡 팝콘 자전거 소품 인형 피규어 세트,https://www.oliveyoung.co.kr/store/goods/getGoodsDetail.do?goodsNo=B000000262054,https://image.oliveyoung.co.kr/cfimages/cf-goods/uploads/images/thumbnails/400/10/0000/0026/B00000026205401ko.jpg?l=ko,65000,58500,10.0,0,0.0,,,,,,0,1,0,0,B000000262054,10000030006
2026-08-06,취미/팬시,68,알로,[망곰 콜라보] 알로 도킹형 2 in 1 보조배터리 5000mAh 2종 (아기천사/프루티스위츠),https://www.oliveyoung.co.kr/store/goods/getGoodsDetail.do?goodsNo=A000000245799,https://image.oliveyoung.co.kr/cfimages/cf-goods/uploads/images/thumbnails/400/10/0000/0024/A00000024579903ko.jpg?l=ko,26500,20500,22.6,798,4.7,83,10,5,1,1,1,1,0,1,A000000245799,10000030006
2026-08-06,취미/팬시,69,실바니안 패밀리,[실바니안 패밀리] 5861-시트러스 버드 주스 가게 자동차 소품 인형 피규어 세트,https://www.oliveyoung.co.kr/store/goods/getGoodsDetail.do?goodsNo=B000000262100,https://image.oliveyoung.co.kr/cfimages/cf-goods/uploads/images/thumbnails/400/10/0000/0026/B00000026210001ko.jpg?l=ko,68000,61200,10.0,0,0.0,,,,,,0,1,0,0,B000000262100,10000030006
2026-08-06,취미/팬시,70,실바니안 패밀리,[실바니안 패밀리] 5803-해달 가족 인형 피규어,https://www.oliveyoung.co.kr/store/goods/getGoodsDetail.do?goodsNo=B000000262068,https://image.oliveyoung.co.kr/cfimages/cf-goods/uploads/images/thumbnails/400/10/0000/0026/B00000026206801ko.jpg?l=ko,50000,45000,10.0,1,5.0,100,,,,,0,1,0,0,B000000262068,10000030006
2026-08-06,취미/팬시,71,텐바이텐,[포켓몬 에디션] 텐바이텐 포켓몬스터 인형키링 (4종),https://www.oliveyoung.co.kr/store/goods/getGoodsDetail.do?goodsNo=A000000253544,https://image.oliveyoung.co.kr/cfimages/cf-goods/uploads/images/thumbnails/400/10/0000/0025/A00000025354413ko.jpg?l=ko,18000,14900,17.2,1314,4.9,96,3,1,0,0,1,1,0,1,A000000253544,10000030006
2026-08-06,취미/팬시,72,실바니안 패밀리,[실바니안 패밀리] 5817-유치원 콘서트 소품 인형 피규어 세트,https://www.oliveyoung.co.kr/store/goods/getGoodsDetail.do?goodsNo=B000000262110,https://image.oliveyoung.co.kr/cfimages/cf-goods/uploads/images/thumbnails/400/10/0000/0026/B00000026211001ko.jpg?l=ko,48000,43200,10.0,2,5.0,100,,,,,0,1,0,0,B000000262110,10000030006
2026-08-06,취미/팬시,73,로지텍,로지텍 국내 정품 인체공학 무선 마우스 Vertical LIFT,https://www.oliveyoung.co.kr/store/goods/getGoodsDetail.do?goodsNo=B000000212434,https://image.oliveyoung.co.kr/cfimages/cf-goods/uploads/images/thumbnails/400/10/0000/0021/B00000021243401ko.jpg?l=ko,89000,74900,15.8,308,5.0,96,3,0,0,,0,1,0,0,B000000212434,10000030006
2026-08-06,취미/팬시,74,실바니안 패밀리,[실바니안 패밀리] 5814-눈표범 가족 인형 피규어,https://www.oliveyoung.co.kr/store/goods/getGoodsDetail.do?goodsNo=B000000262112,https://image.oliveyoung.co.kr/cfimages/cf-goods/uploads/images/thumbnails/400/10/0000/0026/B00000026211201ko.jpg?l=ko,54000,48600,10.0,0,0.0,,,,,,0,1,0,0,B000000262112,10000030006
2026-08-06,취미/팬시,75,실바니안 패밀리,[실바니안 패밀리] 5805-마쉬멜로 마우스의 목욕 놀이 소품 인형 피규어 세트,https://www.oliveyoung.co.kr/store/goods/getGoodsDetail.do?goodsNo=B000000262118,https://image.oliveyoung.co.kr/cfimages/cf-goods/uploads/images/thumbnails/400/10/0000/0026/B00000026211801ko.jpg?l=ko,39000,35100,10.0,1,5.0,100,,,,,0,1,0,0,B000000262118,10000030006
2026-08-06,취미/팬시,76,단순생활,단순생활 아이스 큐브 3WAY 백풍기 냉각 휴대용 미니 손선풍기,https://www.oliveyoung.co.kr/store/goods/getGoodsDetail.do?goodsNo=B000000258271,https://image.oliveyoung.co.kr/cfimages/cf-goods/uploads/images/thumbnails/400/10/0000/0025/B00000025827105ko.png?l=ko,44000,28900,34.3,0,0.0,,,,,,0,1,0,0,B000000258271,10000030006
2026-08-06,취미/팬시,77,실바니안 패밀리,[실바니안 패밀리] 5851-비스킷 곰 가족 인형 피규어,https://www.oliveyoung.co.kr/store/goods/getGoodsDetail.do?goodsNo=B000000262099,https://image.oliveyoung.co.kr/cfimages/cf-goods/uploads/images/thumbnails/400/10/0000/0026/B00000026209901ko.jpg?l=ko,57000,51300,10.0,0,0.0,,,,,,0,1,0,0,B000000262099,10000030006
2026-08-06,취미/팬시,78,실바니안 패밀리,[실바니안 패밀리] 5827-라떼 고양이의 꿈꾸는 비행선 소품 인형 피규어 세트,https://www.oliveyoung.co.kr/store/goods/getGoodsDetail.do?goodsNo=B000000262114,https://image.oliveyoung.co.kr/cfimages/cf-goods/uploads/images/thumbnails/400/10/0000/0026/B00000026211401ko.jpg?l=ko,47000,42300,10.0,1,5.0,100,,,,,0,1,0,0,B000000262114,10000030006
2026-08-06,취미/팬시,79,실바니안 패밀리,[실바니안 패밀리] 5695-펭귄 듀오 붕붕카 소품 인형 피규어 세트,https://www.oliveyoung.co.kr/store/goods/getGoodsDetail.do?goodsNo=B000000262050,https://image.oliveyoung.co.kr/cfimages/cf-goods/uploads/images/thumbnails/400/10/0000/0026/B00000026205001ko.jpg?l=ko,30000,27000,10.0,1,5.0,100,,,,,0,1,0,0,B000000262050,10000030006
2026-08-06,취미/팬시,80,단순생활,[쿨썸머] 단순생활 아이스팩 제트 백풍기 냉각 100단 휴대용 손 선풍기,https://www.oliveyoung.co.kr/store/goods/getGoodsDetail.do?goodsNo=B000000230709,https://image.oliveyoung.co.kr/cfimages/cf-goods/uploads/images/thumbnails/400/10/0000/0023/B00000023070910ko.jpg?l=ko,45000,26900,40.2,5,5.0,100,,,,,0,1,0,0,B000000230709,10000030006
2026-08-06,취미/팬시,81,실바니안 패밀리,[실바니안 패밀리] 5818-유치원 공주연극 소품 인형 피규어 세트,https://www.oliveyoung.co.kr/store/goods/getGoodsDetail.do?goodsNo=B000000262108,https://image.oliveyoung.co.kr/cfimages/cf-goods/uploads/images/thumbnails/400/10/0000/0026/B00000026210801ko.jpg?l=ko,48000,43200,10.0,0,0.0,,,,,,0,1,0,0,B000000262108,10000030006
2026-08-06,취미/팬시,82,보스(BOSE),[국내정품] 보스 BOSE 울트라 오픈 이어버드,https://www.oliveyoung.co.kr/store/goods/getGoodsDetail.do?goodsNo=B000000249868,https://image.oliveyoung.co.kr/cfimages/cf-goods/uploads/images/thumbnails/400/10/0000/0024/B00000024986801ko.jpg?l=ko,359000,359000,0.0,0,0.0,,,,,,0,0,0,0,B000000249868,10000030006
2026-08-06,취미/팬시,83,실바니안 패밀리,[실바니안 패밀리] 5702-사막여우 무지개 구름 기차 소품 인형 피규어 세트,https://www.oliveyoung.co.kr/store/goods/getGoodsDetail.do?goodsNo=B000000262087,https://image.oliveyoung.co.kr/cfimages/cf-goods/uploads/images/thumbnails/400/10/0000/0026/B00000026208701ko.jpg?l=ko,42000,37800,10.0,0,0.0,,,,,,0,1,0,0,B000000262087,10000030006
2026-08-06,취미/팬시,84,실바니안 패밀리,[실바니안 패밀리] 5801-아기 사슴 시냇가 그네 소품 인형 피규어 세트,https://www.oliveyoung.co.kr/store/goods/getGoodsDetail.do?goodsNo=B000000262069,https://image.oliveyoung.co.kr/cfimages/cf-goods/uploads/images/thumbnails/400/10/0000/0026/B00000026206901ko.jpg?l=ko,50000,45000,10.0,1,5.0,100,,,,,0,1,0,0,B000000262069,10000030006
2026-08-06,취미/팬시,85,실바니안 패밀리,[실바니안 패밀리] 5799-사슴 가족 인형 피규어,https://www.oliveyoung.co.kr/store/goods/getGoodsDetail.do?goodsNo=B000000262071,https://image.oliveyoung.co.kr/cfimages/cf-goods/uploads/images/thumbnails/400/10/0000/0026/B00000026207101ko.jpg?l=ko,54000,48600,10.0,2,1.0,,,,,100,0,1,0,0,B000000262071,10000030006
2026-08-06,취미/팬시,86,실바니안 패밀리,[실바니안 패밀리] 5763-탐험을 떠나는 라떼 고양이 남매 소품 인형 피규어 세트,https://www.oliveyoung.co.kr/store/goods/getGoodsDetail.do?goodsNo=B000000262075,https://image.oliveyoung.co.kr/cfimages/cf-goods/uploads/images/thumbnails/400/10/0000/0026/B00000026207501ko.jpg?l=ko,36000,32400,10.0,1,5.0,100,,,,,0,1,0,0,B000000262075,10000030006
2026-08-06,취미/팬시,87,실바니안 패밀리,[실바니안 패밀리] 5527-베이비랜드 열기구 하우스 소품 인형 피규어 세트,https://www.oliveyoung.co.kr/store/goods/getGoodsDetail.do?goodsNo=B000000262028,https://image.oliveyoung.co.kr/cfimages/cf-goods/uploads/images/thumbnails/400/10/0000/0026/B00000026202801ko.jpg?l=ko,39000,35100,10.0,0,0.0,,,,,,0,1,0,0,B000000262028,10000030006
2026-08-06,취미/팬시,88,알로,알로 아이스 넥쿨러 쿨스카프 NC2,https://www.oliveyoung.co.kr/store/goods/getGoodsDetail.do?goodsNo=A000000261647,https://image.oliveyoung.co.kr/cfimages/cf-goods/uploads/images/thumbnails/400/10/0000/0026/A00000026164701ko.jpg?l=ko,24900,23900,4.0,0,0.0,,,,,,1,0,0,1,A000000261647,10000030006
2026-08-06,취미/팬시,89,JEONG EUN JI,"정은지 5th Mini Album [Summer, I] (Summer ver / I ver) (RANDOM)",https://www.oliveyoung.co.kr/store/goods/getGoodsDetail.do?goodsNo=B000000263732,https://image.oliveyoung.co.kr/cfimages/cf-goods/uploads/images/thumbnails/400/10/0000/0026/B00000026373201ko.jpg?l=ko,23900,23900,0.0,0,0.0,,,,,,0,0,0,0,B000000263732,10000030006
2026-08-06,취미/팬시,90,루메나,[쿨썸머] 루메나 프리미엄 휴대용 무선 선풍기 FAN PRO JET,https://www.oliveyoung.co.kr/store/goods/getGoodsDetail.do?goodsNo=B000000251645,https://image.oliveyoung.co.kr/cfimages/cf-goods/uploads/images/thumbnails/400/10/0000/0025/B00000025164502ko.jpg?l=ko,35910,32320,10.0,2,4.5,50,50,,,,0,1,0,0,B000000251645,10000030006
2026-08-06,취미/팬시,91,웰릭스,레드빈 무선이어폰 에어 EATW,https://www.oliveyoung.co.kr/store/goods/getGoodsDetail.do?goodsNo=A000000188914,https://image.oliveyoung.co.kr/cfimages/cf-goods/uploads/images/thumbnails/400/10/0000/0018/A00000018891409ko.jpg?l=ko,29800,29800,0.0,183,4.7,81,11,7,1,1,0,0,0,1,A000000188914,10000030006
2026-08-06,취미/팬시,92,로지텍,로지텍 핫스왑 기계식 무선 키보드 ALTO KEYS K98M,https://www.oliveyoung.co.kr/store/goods/getGoodsDetail.do?goodsNo=B000000240746,https://image.oliveyoung.co.kr/cfimages/cf-goods/uploads/images/thumbnails/400/10/0000/0024/B00000024074601ko.jpg?l=ko,129000,129000,0.0,12,4.8,83,17,,,,0,0,0,0,B000000240746,10000030006
2026-08-06,취미/팬시,93,실바니안 패밀리,[실바니안 패밀리] 5737-플로라 토끼 쌍둥이 인형 피규어,https://www.oliveyoung.co.kr/store/goods/getGoodsDetail.do?goodsNo=B000000262081,https://image.oliveyoung.co.kr/cfimages/cf-goods/uploads/images/thumbnails/400/10/0000/0026/B00000026208101ko.jpg?l=ko,19000,17100,10.0,1,5.0,100,,,,,0,1,0,0,B000000262081,10000030006
2026-08-06,취미/팬시,94,실바니안 패밀리,[실바니안 패밀리] 5736-플로라 토끼 남매의 꽃 가꾸기 소품 인형 피규어 세트,https://www.oliveyoung.co.kr/store/goods/getGoodsDetail.do?goodsNo=B000000262082,https://image.oliveyoung.co.kr/cfimages/cf-goods/uploads/images/thumbnails/400/10/0000/0026/B00000026208201ko.jpg?l=ko,40000,36000,10.0,0,0.0,,,,,,0,1,0,0,B000000262082,10000030006
2026-08-06,취미/팬시,95,실바니안 패밀리,[실바니안 패밀리] 5738-라떼 고양이 가족 인형 피규어,https://www.oliveyoung.co.kr/store/goods/getGoodsDetail.do?goodsNo=B000000262080,https://image.oliveyoung.co.kr/cfimages/cf-goods/uploads/images/thumbnails/400/10/0000/0026/B00000026208001ko.jpg?l=ko,46000,41400,10.0,0,0.0,,,,,,0,1,0,0,B000000262080,10000030006
2026-08-06,취미/팬시,96,실바니안 패밀리,[실바니안 패밀리] 5455-페르시안 고양이 가족 인형 피규어,https://www.oliveyoung.co.kr/store/goods/getGoodsDetail.do?goodsNo=B000000262032,https://image.oliveyoung.co.kr/cfimages/cf-goods/uploads/images/thumbnails/400/10/0000/0026/B00000026203201ko.jpg?l=ko,54000,48600,10.0,0,0.0,,,,,,0,1,0,0,B000000262032,10000030006
2026-08-06,취미/팬시,97,실바니안 패밀리,[실바니안 패밀리] 5337-마쉬멜로 마우스 세쌍둥이 인형 피규어,https://www.oliveyoung.co.kr/store/goods/getGoodsDetail.do?goodsNo=B000000262041,https://image.oliveyoung.co.kr/cfimages/cf-goods/uploads/images/thumbnails/400/10/0000/0026/B00000026204101ko.jpg?l=ko,15000,13500,10.0,3,5.0,100,,,,,0,1,0,0,B000000262041,10000030006
2026-08-06,취미/팬시,98,소니,소니 블루투스 헤드폰 WH-CH520,https://www.oliveyoung.co.kr/store/goods/getGoodsDetail.do?goodsNo=B000000182092,https://image.oliveyoung.co.kr/cfimages/cf-goods/uploads/images/thumbnails/400/10/0000/0018/B00000018209203ko.jpg?l=ko,89000,75650,15.0,123,4.9,89,9,2,,,0,1,0,0,B000000182092,10000030006
2026-08-06,취미/팬시,99,루메나,[쿨썸머] 루메나 휴대용 무선 선풍기 FAN C 2,https://www.oliveyoung.co.kr/store/goods/getGoodsDetail.do?goodsNo=B000000251643,https://image.oliveyoung.co.kr/cfimages/cf-goods/uploads/images/thumbnails/400/10/0000/0025/B00000025164303ko.jpg?l=ko,17910,16120,10.0,4,4.8,75,25,,,,0,1,0,0,B000000251643,10000030006
2026-08-06,취미/팬시,100,CORTIS,CORTIS The 2nd EP [GREENGREEN] (Blue Lips Lip Balm ver.),https://www.oliveyoung.co.kr/store/goods/getGoodsDetail.do?goodsNo=B000000258780,https://image.oliveyoung.co.kr/cfimages/cf-goods/uploads/images/thumbnails/400/10/0000/0025/B00000025878001ko.jpg?l=ko,29700,29700,0.0,2,5.0,100,,,,,0,0,0,0,B000000258780,10000030006
