수집일자,상품번호,리뷰ID,작성일,별점,체험단여부,리뷰타입,옵션,피부타입,피부톤,피부고민,도움수,유용점수,포토여부,재구매,닉네임,리뷰본문
2026-07-31,A000000211213,63499357,2026.07.31,5,0,NORMAL,[아밤기획] 아밤30ml+아밤31ml,A01,B04,"C03,C10",0,792.0,1,0,헬시바라,"판매자에게 제품비 일부를 지원받았지만 저의 솔직한 후기입니다.

모밤이 나쁜 건 전혀 아닌데 보습감이 있다 보니 너무 부담스럽더라고요. 아밤이 확실히 지성하고 수부지 친구들에게 적당한 크림이라 생각해요."
2026-07-31,A000000211213,63506632,2026.07.31,5,0,NORMAL,[아밤기획] 아밤30ml+아밤31ml,A03,B02,"C01,C02",0,660.0,1,0,도그닥,왜 비싼지 알겠네요 ㅎㅎ.. 너무 좋습니다. 남자인데 이거 바르니까 뭔가 꾸민것 같고 좋네요. 냄새도 레몬향 나고 보습도 은근 잘 되구요. 땀이 많은 타입인데 딱 좋군요
2026-07-31,A000000251494,62369429,2026.07.05,5,0,OL_YOUNG, ,A03,B04,"C01,C02",22,7956.0,0,0,applemint22,건성피부에 추천드리는 제형이에요. 기미 잡티에 효과가 있는지는 아직 잘 모르겠습니다. 꾸준히 발라봐야할 것 같아요. 리치한 제형이라 저녁에 바르니 피부결이 매끄러워졌어요.
2026-07-31,A000000251494,62353302,2026.07.05,4,0,OL_YOUNG, ,A01,B03,"C04,C06",14,5580.0,1,0,치요데스,"같은 장나라 배우님 광고지만 &lt;도미나&gt; 크림과 달라요!
&lt;도미나 크림&gt;은 약국에서만 파는 제품으로,
하이드로퀴논이 들어있어서 실제 기미에 효과가 있고
&lt;도미나스 크림&gt;은 이런 뷰티채널에서 팔 수 있는 제품으로
하이드로퀴논이 0.1%도 들지 않은 단순 미백크림이에요.

다른 기미크림 사드리긴했지만,
전부터 엄마가 도미나크림도 써보고 싶다하여서 받았는데
기미에 도움이 안된다고요...? 그냥 미백이라니....

게다가 박스 겁나 커서 용량 개큰줄 알고 엄마랑 같이 쓰려했는데
진짜 요만한 30ml!!!!! 크림인데 화장솜 왜 주는 거예요?
화장솜 빼고 그냥 작은 박스대로 주시는 게 나을 듯....
과대포장 같아서 별로예요...."
2026-07-31,A000000251494,62099351,2026.06.30,5,0,OL_YOUNG, ,A03,B02,"C04,C06",4,990.0,1,0,홀리몰리올리브영,"도미나 크림은 워낙 유명하지만 약국에서만 판매하는 일반 의약품이다보니 사용법과 관리법이 다소 까다로운데, 도미나스 크림은 상대적으로 구매하기도 쉽고 부작용 걱정이 덜 해서 마음 놓고 사용할 수 있었습니다. 이미 깊어지고 착색이 진해진 기미나 잡티에는 도미나 크림을 사용하는 것이 맞겠지만, 전체적인 피부 톤 개선을 원한다면 데일리로 쓰기에 부담 없는 도미나스 크림이 적합하다고 생각됩니다. 저는 예전에 사용하던 도미나스 크림이 조금 남아있는데 디자인이 살짝 변경된 것 같네요. 솔직히 드라마틱한 변화는 없지만 피부톤을 조금이라도 맑게 하고 싶은 마음에 꾸준히 사용하고 있어요. 제형은 촉촉해서 부드럽게 잘 스며들어요. 지성 피부가 단독으로 사용하기에는 조금 끈적거릴 수 있지만 부분적으로 나누어서 사용하기에는 무리 없었습니다."
2026-07-31,A000000251494,62548158,2026.07.09,5,0,NORMAL,크림 Rx 30ml 기획,A01,B03,"C01,C02",0,900.0,1,0,iuudiw88,"바이럴?인지 요새 일본을 비롯한 외국인들이 한국 와서 사야할 뷰티템 목록에서 몇 번 본 것 같아요 
여튼 올영에서도 판매하길래 구매했는데 확실히 그냥 화장품 회사보다는 제약 회사 거가 더 신뢰감 가고 좋은 느낌입니다
여름인데도 너무 겉돌거나 뒤집어지는 것 없이 기미부위에 사용하기 좋아요"
2026-07-31,A000000251494,62374683,2026.07.05,5,0,OL_YOUNG, ,A01,B03,"C04,C05",0,900.0,1,0,위베어베어스,"유분기가 어느정도 있는 편이라 얼굴 전체에 바르기보단 국소부위에 조금씩 펴발라 사용하시는 걸 추천하는 제품이에요.
발림성은 엄청 부드러워서 놀랐어요. 크게 꾸덕하다기보단 일반 수분크림보다 조금 더 리치한 느낌 정도네요. 향은 무향은 아니고, 향기로운 플로럴 향…?이 나는데 호불호 크게 없을 좋은 향이라 괜찮아요.
도미나스 크림이 워낙 기미잡티 쪽에서 유명한 제품이라 한번 써보고 싶었는데, 대략 2~3주간 사용해본 지금으로서는 만족하며 잘 쓰고 있어요. 안 바르는 것보단 확실히 나은 것 같아서 추천합니다!"
2026-07-31,A000000251494,62356807,2026.07.05,5,0,OL_YOUNG, ,A04,B01,,1,900.0,1,0,황금손,"방송 광고로도 보고 워낙 유명한 제품이기도 해서
꼭 써보고 싶었던 제품이에요

제형은 수분크림같은 제형은 아니에요
조금 무겁게 느껴지기도 해서 밤에 바르고 자기 좋아요

바르자마자 막 피부가 깨끗해져 이건 당연히 아니고요ㅎㅎ
좀 꾸준히 발라줘야 할 거 같은데
우선 바르면서 느낌은 괜찮아요
민감한 피부인데도 트러블 없고 막 부담스럽지도 않고요

좀 신경쓰이던 부분에 집중적으로 발라주면 좋은 거 같아요

저보다 엄마가 더 호기심있어 하시면서 같이 쓰고 있는데
엄마 만족도가 더 높은 거 같아요ㅎㅎ"
2026-07-31,A000000251494,62354252,2026.07.05,5,0,OL_YOUNG, ,A02,B02,"C01,C02",0,900.0,1,0,사월이요,"크림 제형이 부드러워서 발림성도 부드럽습니다. 향은 있는데 엄청 강하지는 않습니디. 꽃, 숲속, 시원한 느낌의 향은 아닙니다. 흡수력은 수분크림 처럼 바르자 마자 바로 스며들지 않습니다. 처음에는 살짝 미끄러움이 남아 있는데 몇 분 지나면 다 스며듭니다.  다 흡수된 후에는 보습력은 유지되면서 끈적임이 없습니다. 피부 이상 여부 확인 하려고 본품 말고 증정부터 사용했는데 트러블, 민감 반응 없어서 데일리로 잘 사용중입니다. 
기미, 잡티, 색소침착 부위가 많지는 않지만 조금씩은 다 있어서 아침에는 적당히, 저녁에는 좀 더 넉넉히 바르고 있는데 이미 생긴 부위가 빠르게 없어지는 건 아니지만 더 심해지지 않게 도움 되는 것 같습니다."
2026-07-31,A000000251494,62151255,2026.07.01,5,0,OL_YOUNG, ,A03,B03,C08,0,900.0,1,0,인생템만리뷰할거야,"잡티가 고민이라 신청해보았어요
원래부터 유명했던 제품이라 기대가 많았어요!
나이트 크림으로 사용해줬는데 속 건조가 잡히고 
사용감이 되게 편안해서 손이 가는 크림이었어요 
꾸준하게 사용하면 효과도 분명히 있을 것 같은 느낌이 듦..
우선 제형이 좋으니까 계속해서 사용하면 좋을 것 같아요 
기미나 주근깨가 고민이 사람한테도 좋을 거 같음,,
저는 일단 후 여드름자국이 고민이었는데 
약간 옅어지는 걸 느꼈어요! 꾸준하게 써볼 예정.."
2026-07-31,A000000251494,63061042,2026.07.20,5,0,NORMAL,크림 Rx 30ml 기획,A07,B04,"C01,C02",0,810.0,1,0,삥쿠더쿠,눈가랑 볼 부분에 거뭇거뭇하게 기미가 있어 신경 쓰였는데 도미나 기미크림은 제가 어렸을 때부터 봐왔던 기미크림이라서 꼭 사용해 보고 싶었어요. 케이스가  올드해서 그런지 약간 끈적이거나 무거울 거라는선입견이 있 있었는데 막상 사용해 보니 생각보다 산뜻하고 흡수력이 좋아서 잘 사용하고 있습니다. 기획 세트로 구성돼서 구성도 좋아서 만족스럽네요.
2026-07-31,A000000251494,61464730,2026.06.14,5,0,OL_YOUNG, ,A01,B04,"C08,C10",5,810.0,1,0,b304,"기미 관리 제품으로 워낙 유명한 도미나스 크림이라 궁금했는데 직접 사용해 보니 왜 그렇게 인기가 많은 제품인지 알 것 같아요. 
부드럽게 발리고 끈적임 없이 마무리되어 사용하기 편했으며, 피부 톤이 한결 정돈된 느낌이 들어 만족스러웠습니다. 
기미와 잡티가 신경 쓰여 꾸준히 관리 중인데 스킨케어 루틴에 부담 없이 추가하기 좋은 제품이네요.
 유명한 기미 크림답게 앞으로도 꾸준히 사용해 볼 생각입니다. 
유통기한도 넉넉해요😊"
2026-07-31,A000000251494,61475083,2026.06.15,3,0,NORMAL,크림 Rx 30ml 기획,,,,18,738.0,1,0,올영좋악,"화장을 해도 잡티가 많아 되게 고민이 많았어요
멜라토ning도 발라보고 
광고에 나오길래 믿고 구매했어요
향은 옛날 엄마 로션냄새??에요
제발 잡티가 흐려지기를"
2026-07-31,A000000251494,61548505,2026.06.16,5,0,OL_YOUNG, ,A02,B05,"C02,C04",1,630.0,1,0,광덕맴,"예전부터 기미크림 하면 태극제약 도미낙스 크림이 유명하더라구여 저희 엄마도 알고 있을 정도면 말 다했죠!
저번에 사달라고 하셨는데 다른거 쓰고있는것들도 있고 화장품이 다 거기서 거기지란 생각으로 미뤄왔다가
좋은기회로 접할 수 있게되었어요
효과는 조금 더 써봐야 알겠지만 트리넥삼산 성분이 기미잡는데좋다니까 좀 더 꾸준히 이용해볼라구요..!!!

아 그리고 동안의 대명사인 장나라님이 모델로 있으니
신뢰가 간달까요..?ㅎㅎ 제발 기미가 사라졌으면 좋겠네요~!!"
2026-07-31,A000000251494,61334485,2026.06.12,5,0,NORMAL,크림 Rx 30ml 기획,A03,B01,"C01,C02",2,630.0,1,0,홀리몰리올리몰리,"예전부터 명성이 자자해서 대충 알고만 있다가 잡티 관리를 위해 구매했어요. 

알아보니 약국에서 파는 게 제가 알던 크림이길래 고민했으나
첫 시작을 화장품으로 쓰고 그 다음에 일반의약품으로 넘어가는 게 안전할 거 같아서 도미나스를 선택했슴다👀 도미나스만으로도 효과 보면 개이득이고요!! 

일단 쭉 쓰고 있는 중이고 가볍게 전체 바른 뒤 신경 쓰이는 부위에 한 번 더 덧발라요. 걍 기능성 화장품이지만 그래도 혹시 모른다는 생각에 기대하면서 첫 사용 때 사진도 찍어놨어요. 비포 애프터 차이 났으면 좋겠네요🥹

사용하면서 아직까진 특별한 자극 없었고, 향은 시트러스 향이 나나..?했는데 그냥 엄마 화장품 냄새 같은 거 은근하게 나는 거 같아요. 일반적인 크림 사용감이라 피지 분비 많이 되는 곳 외에는 덧발라도 상관없었어요. 악건성이면 좀 더 기름진 거 추가로 필요할 수도 있겠습니다! 크림 사용감은 고영양도, 산뜻도 아닌 일반적인 크림이라고 생각하면 될 거 같은데 이건 매장에 테스터 있으면 테스트 추천이요!"
2026-07-31,A000000251494,62912690,2026.07.17,5,0,NORMAL,크림 Rx 30ml 기획,A04,B03,"C05,C08",0,594.0,1,0,코코몽66,기미와 잡티 부위에 발라주면 촉촉하고 자극적이지 않아서 좋습니다.
2026-07-31,A000000251494,62518364,2026.07.08,5,0,NORMAL,크림 Rx 30ml 기획,,,,0,540.0,1,0,라비올라,"끈적임 없이 흡수돼 아침저녁으로 부담 없이 사용하기 좋더라고요. 사용 후에는 피부가 촉촉하고 한층 매끈하게 정돈되는 느낌이 들었고, 메이크업 전에 발라도 밀림이 적어 화장도 자연스럽게 잘 올라갔어요. 소량으로도 얼굴 전체에 부드럽게 펴 발려 사용감이 좋았고, 꾸준히 사용하기에 부담 없는 제형이라 만족스러웠어요."
2026-07-31,A000000251494,62367559,2026.07.05,5,0,OL_YOUNG, ,A03,B01,"C01,C03",0,540.0,1,0,초록양파,"메이크업 궁합하고는 좀 무거워요 제가 쓰는 제품하고는 안 맞아서 좀 밀렸어요ㅜㅜ 그래서 밤에 사용하고 있어요! 밤에 듬뿍 바르고 아침에 보면 피부톤도 좀 밝아지고  촉촉해요~  그리고 기미 있는 곳은 한 겹 더 발라요~ 향은 옛날 향 같아요ㅎㅎ 딱 이 향이라고 설명하기는 어려운데 추억의 엄마 화장품 향이라고 해야 할까요?ㅎㅎ
끈적임도 없어서 지금 날씨에도 쓰기 좋아요
그리고 스파츌라는 들어 있지 않고 화장솜이 많이 들어있어요!"
2026-07-31,A000000251494,62317715,2026.07.04,5,1,OL_YOUNG, ,A04,B02,"C09,C11",0,540.0,1,0,밥밥2,"🫒체험단리뷰🫒

좋은 기회로 도미나스 크림 Rx 를 써 보았는데요,

화장솜 / 30ml 본품 / 7ml 미니 
로 구성 돼 있었어요!

크림이 부담스럽지 않은 가벼운 제형이라 
여름에도 쓰기 괜찮을 것 같고
향은 플로랄 계열?같았어요

색소침착 된 곳이랑 광대쪽에 열심히 발라보려구요"
2026-07-31,A000000251494,62981677,2026.07.18,3,0,NORMAL,크림 Rx 30ml 기획,A05,B03,"C03,C05",0,495.0,1,0,보고미,도미나 크림이 두가지인지 몰랐어요 이거는 그 제품이 아니더라구요
2026-07-31,A000000251494,62059415,2026.06.29,5,0,OL_YOUNG, ,A02,B05,"C04,C06",6,450.0,1,0,이쥬0,처음에 바르다 보면 제품이 약간 하얘지면서 발리는데 다 바르고 나니까 마무리감이 기대 이상으로 정말 좋았어요. 끈적임 없이 부드럽게 스며들면서 피부를 촉촉하게 감싸주는 느낌이 마음에 들더라고요. 꾸준히 바르다 보니 칙칙했던 피부 톤도 한결 맑고 깨끗해지는 것 같아 앞으로도 계속 손이 갈 것 같아요!
2026-07-31,A000000251494,61817753,2026.06.23,5,0,OL_YOUNG, ,A02,B06,"C04,C08",2,450.0,1,0,올영사또,"당장 이 기미 다스림 크림에 상을 내리거라! 👑✨

이 사또, 써 보니
자극은 덜하면서도 은근한 변화를 보이는 물건이로다.

얼굴에 바르니
따가움이나 거슬림이 크지 않아
민감한 날에도 비교적 안심하고 쓸 수 있었구나 😌

며칠 남짓 꾸준히 바르다 보니
기미와 잡티가 아주 서서히나마
옅어지는 듯한 기운이 보여
거울 앞에 서는 시간이 괜히 길어졌도다.

급하게 확 바뀌는 물건은 아니나
조용히 제 할 일을 하는 느낌이라
꾸준히 쓰는 이에게 더 어울릴 듯하였소.

이렇듯 순하면서도 은근한 변화를 주는 물건이니
기미와 잡티를 차분히 다스리고자 하는 이들에게
들여볼 만한 물건이라 전하노라 👑✨"
2026-07-31,A000000251494,61795114,2026.06.22,5,0,OL_YOUNG, ,A03,B03,"C04,C05",2,450.0,1,0,파산쿼카,"도미나스 진짜 효과좋을까 했는데 확실하게 이번에 알게 됐어요. 솔직히 상술이라고 생각했는데 오래 롱런하는 제품은 다르네요 확실히 꾸준히 사용하니까 옅어지는 게 눈에 보이더라고요. 

거울 볼 때마다 느껴지는 변화에 괜히 기분 좋고 그래요. 아직 완전히 사라진 건 아니지만, 그래도 전보다는 훨씬 나아져서 만족스러워요."
2026-07-31,A000000251494,61774497,2026.06.22,5,0,OL_YOUNG, ,A03,B01,"C02,C03",12,450.0,1,0,시어머니,"도미나스크림은 계속 사용해보고 싶었던 제품입니다. 태극제약에서  만든거라 더 믿고 사용할 수가 있어요. 이 제품은 멜라닌 축적 억제를 해줘서. 김
기미 잡티. 색소 침착의 개선을 기대할 수 있어요
제 제품을 처음 받았을 때 용기가 작아서 정말 깜짝 놀랐어요. 비싼 제품이니 더 열심히 발라봐야겠다고 생각이 들더라고요. 이 크림은 전체적으로 펴 바르기 보다는 기초케어를 마무리한 다음에 고민이 되는 부위에 발라주면 효과를 기대할 수 있어요. 용기는 작지만 국소부위만 발라도 되어서 생각보다는 꽤 오래 사용할 수 있을 것 같습니다.
크림은 약간 탄탄한 제형이고 아이보리색 빛깔이었어요.
휴대용도 같이 들어 있어서 여행할 때 가져가면 좋을 것 같습니다. 휴대용 튜브도 들어있어서 여행갈때 가지고 가기 좋을것 같아요."
2026-07-31,A000000251494,61772686,2026.06.22,5,0,OL_YOUNG, ,A02,B02,"C01,C02",4,450.0,1,0,엘디스,"평소 기미와 잡티, 칙칙한 피부톤 때문에 고민이 많았는데 도미나스 크림을 사용해 볼 수 있어서 좋았어요. 태극제약 도미나스 크림 Rx는 트라넥삼산 등 성분이 들어가서 그런지, 2주 정도 꾸준히 사용하니 피부가 한결 밝아지고 투명해지는 느낌이 들었어요. 

텍스처는 크림이지만 가볍게 흡수되고 보습력도 좋아서 밤에 듬뿍 바르고 자면 아침에 피부가 촉촉하고 탄탄해져요. 건조함 없이 순한 편이라 민감피부인 저도 자극 없이 잘 사용 중입니다.

아직 기미·잡티에는 눈에 띄는 효과는 없지만 톤이 밝아진 느낌이라 꾸준히 사용하면 효과가 보일 거 같아요. 홈케어로 색소침착 케어하고 싶은 분들에게 추천합니다. 👍"
2026-07-31,A000000251494,61769857,2026.06.22,5,0,OL_YOUNG, ,A04,B04,"C01,C02",2,450.0,1,0,복합성17호여쿨라,도미나스 이 계열의 제품들이 얇거나 예민한 피부에 자극적이란 말을 꽤 들어서 걱정했는데 생각보다 자극 못느꼈고 일주일정도 사용해보니 잡티 케어에 확실히 도움을 받았어요. 기미는 좀 더 사용해봐야 알 것 같은데 본품 쓰시는 엄마한테도 여쭤보니 사용감은 일단 괜찮아서 잘 쓰고 계신다 하시네요. 튼튼한 피부를 가지셨다면 낮은 강도의 리들샷이나 스피큘 제품이랑 같이 쓰면 더 효과 보실 것 같아요.
2026-07-31,A000000251494,61762166,2026.06.22,5,0,OL_YOUNG, ,A03,B03,"C01,C03",3,450.0,1,0,올영에서장보고,"​살면서 이런 기능성 기미 크림은 한 번도 안 써봤는데, 최근 들어 볼 쪽에 커다란 흑자인지 기미인지 도통 안 없어지는 잡티가 신경 쓰여서 속는 셈 치고 구매해 봤습니다. 한동안 꾸준히 발라봤더니 기분 탓인지 정말 색이 슬슬 옅어지는 느낌이 들어서 지금 좀 신기한 상태예요ㅋㅋ 냄새도 무난하게 좋고 부드럽게 발림성도 괜찮네요. 같이 증정으로 받은 샘플은 아침에 운동 갈 때 가방에 쏙 넣어가지고 다니면서 바르기 딱 편해서 좋습니다. 효과가 보이는 것 같아서 앞으로도 열심히 발라볼 예정입니다. 진짜 약간 신기."
2026-07-31,A000000251494,61759887,2026.06.22,4,0,OL_YOUNG, ,A03,B05,C01,4,450.0,1,0,동추,"자외선때문에 생긴 기미랑 잡티가 신경 쓰여서 사용해보고 있어요! 아이크림같은 약간 뻑뻑?한 느낌의 제형이라 부드럽게 발리면서 무겁지 않아서 흡수도 빠르더라구요! 끈적임은 적고 촉촉하게 마무리돼요!!  보습감도 좋고 자극 없이 순하게 사용할 수 있어서 손이 잘 가가지고 꾸준하게 사용하면서 관리하기 좋은 제품인 것 같어요!
아직 기미는 꾸준히 써봐야겠지만 피부톤이 조금 더 맑아 보이고 칙칙함이 덜한 느낌이 들어요!! 계속 사용하다보면 기미도 옅어지겠죠!!? 그리고 몰랐는데 저희 엄마도 사용하고 계시던 제품이더라규요....? 엄마픽 제품.. 믿고 쭉 써보겠습니당"
2026-07-31,A000000251494,61739852,2026.06.21,5,0,OL_YOUNG, ,A03,B04,"C01,C05",5,450.0,1,0,언니또올리브영갔어,기미랑 잡티가 여름이 되니 너무 신경쓰여서 2주 동안 꾸준히 발라봤는데요. 진하고 크기가 큰 기미나 흔적에는 효과가 크지 않습니다. 다만 연하고 작은 기미는 확실히 흐려지면서 어느순간 어디에 있는지 잘 안보일 정도로 흐려집니다. 제형은 무겁고 유분이 좀 있는 크림이고 부드럽게 발리나 지성이나 유분 많은 수부지 피부는 얼굴 전체에 바르기는 어려울 것 같아요.(어니언 겔 크림에서 더 유분지고 무거워진 수분크림과 크림 사이의 느낌입니다.) 수부지 피부는 기미나 잡티가 있는 부위에 넓게 발라주는 걸 추천드려요. 유분 올라오는 티존이나 코쪽은 피해주시는 게 트러블도 안 올라오고 좋습니다. 추천드려요.
2026-07-31,A000000251494,61697520,2026.06.20,5,0,OL_YOUNG, ,A01,B01,"C01,C03",3,450.0,1,0,지니맘22,"장나라크림인가요? 태극제약? 처음 들어보는데 제약회사에서 만든 기미잡티 크림이라니까 뭔가 더 좋을 것 같은.. 기대감 잔뜩이네요.
안그래도 피코토닝 열심히 받고 있는데.. ㅎㅎ 효과 좀 보기를!!
향이 호불호가 갈리는게 전 너무 좋네요. 다만 크림을 떠서 쓸 수 있는 스틱?? 같은게 없어서 아쉬워요"
2026-07-31,A000000251494,61617351,2026.06.18,5,0,NORMAL,크림 Rx 30ml 기획,A01,B01,"C01,C02",0,450.0,1,0,아복이,"🖤태극제약 도미나스 크림 Rx 30ml기획🖤

요즘 기미잡티 색소침착 너무 고민이라서
구매했어용!

기획제품은 본품 30ml + 7ml에요

거기다가
도미나스 크림 구매시 7ml 1개 증정 1개까지
더 증정되서 마음에 들어요 :)

7ml짜리 2개나 생김!ㅎㅎ
여행갈때 챙겨가기 딱! 좋아용
꾸준히 발라볼게용 :)

소비기한
본품 20290428까지
증정 7ml 20290427까지
넉넉해서 좋아요~!"
2026-07-31,A000000251494,61601233,2026.06.18,5,1,OL_YOUNG, ,A02,B06,"C02,C06",0,450.0,1,0,사랑은모래성,나이가 드니 기미가 조금씩 보여서 도미나스 크림 관심가지고 있었는데 가격이 비싸서 선뜻 사지 못했는데 체험단에 당첨되어 사용해볼 수 있었습니다 감사합니다~ 피부가 예민한 편이라 밤에 토너 후에 얇게 깔아 주고 있는데요 꾸준히 사용해서 기미가 옅어지면 좋겠네요
2026-07-31,A000000245646,63492831,2026.07.30,5,0,NORMAL, ,A01,B04,"C03,C10",0,1800.0,1,0,헬시바라,"&#34;판매자에게 제품비 일부를 지원받았지만 저의 솔직한 후기입니다.&#34;

맨날 비욘드 바디워시하고 바디로션만 써본 사람인데요. 이번에 신상 트리트먼트가 나왔다고 해서 바로 구입해 봤습니다. 제형부터 막 묵직하고 꾸덕꾸덕한 느낌은 없고 약간 크리미한 느낌이 강해요.(개인적인 생각입니다.) 가격대는 비욘드치고 나가 보일 수 있는데 머릿결도 좋아지고 불만 없습니다."
2026-07-31,A000000245646,63503071,2026.07.31,5,0,NORMAL, ,,,,0,396.0,1,0,라쿤은뚠뚠,"펌프형 트리트먼트라서 사용하기가 편해요 
향이 진짜 좋고 머릿결이 부드러워져서 좋아요"
2026-07-31,A000000245646,63498759,2026.07.31,5,0,NORMAL, ,,,,0,88.0,1,0,kshc****,비욘드 트리트먼투 넘 조아용 ㅎㅎ 용량두 최공 짱 주변 추천중
2026-07-31,A000000245646,63493306,2026.07.30,5,0,NORMAL, ,A02,B05,C10,0,72.0,0,0,써니써니니,"상큼한 베리랑 플로럴향이에요.
모발을 촉촉하고 부드럽게 해주는거 같아요.
비욘드 제품 믿고 사용합니다"
2026-07-31,A000000245646,63493082,2026.07.30,5,0,NORMAL, ,A03,B03,"C06,C09",0,72.0,0,0,LaLaRa,머릿결 부들부들해지고 무엇보다 향이 은은해서 좋아요! 500ml로 양도 많아서 만족해요
2026-07-31,A000000245646,63492920,2026.07.30,5,0,NORMAL, ,A02,B06,"C01,C03",0,72.0,0,0,유댕좌임,향도너무좋고 모발에도너무넘 좋아용~! 재구매각임 ㅎㅎ만족
2026-07-31,A000000243677,63489116,2026.07.30,5,0,NORMAL, ,A03,B04,"C06,C09",0,792.0,1,0,채댬,"비타민 C 항산화 앰플이라 피부톤 개선에 좋아요!
비타민C 고함량 제품이라 효과가 확실히 느껴져요!
더블기획이라 좋았어요"
2026-07-31,A000000245645,63503503,2026.07.31,5,0,NORMAL, 프로페셔널디펜스 샴푸 500ML(본품),A03,B06,"C01,C02",0,792.0,1,0,강앵두,"비욘드 바디는 많이 써봤지만
샴푸는 처음 써봐요
냄새가 너무 좋아요 약간 샤워젤같은 향??베리향이라 좋아요
거품도  잘나고 세정력도 좋아요
그리고 사용하고나서 머리가 뻣뻣하지않아서 좋네요"
2026-07-31,A000000245645,63500147,2026.07.31,5,0,NORMAL, 프로페셔널디펜스 샴푸 500ML(본품),A03,B02,"C01,C02",0,72.0,0,0,드뮤어,달달한 향 좋아하면 좋아할 베리향이 나요 거품 풍성하게 잘나고 두피도 개운해져요
2026-07-31,A000000245645,63492580,2026.07.30,5,0,NORMAL, 프로페셔널디펜스 샴푸 500ML(본품),A02,B01,"C01,C02",0,72.0,0,0,닝닝ea,향도 좋고 거품도 풍성하고 비건이라 순하고 좋아요~탈모 효과는 좀더 써봐야 알겠어요
2026-07-31,A000000245645,63492321,2026.07.30,5,0,NORMAL, 프로페셔널디펜스 샴푸 500ML(본품),A04,B05,"C02,C03",0,60.0,0,0,건물주,두피가 쉽게 기름지고 가려운 편인데 이 샴푸 쓰고 나서 두피 고민이 싹 사라졌어요. 유분과 각질 케어를 확실하게 해줘서 하루 종일 두피가 산뜻하고 개운합니다. 향도 은은하고 딥클렌징 효과가 뛰어나서 여름철 두피 관리용 필수템입니다.
2026-07-31,A000000258830,63499253,2026.07.31,5,0,NORMAL, ,A01,B04,"C03,C10",0,1800.0,1,0,헬시바라,"판매자에게 제품비 일부를 지원받았지만 저의 솔직한 후기입니다.

Dmt 크림 다른 버전을 써봤는데 저한테는 너무 기름기가 부담스럽더라고요. 그래서 이번에는 수부지용 크림을 써봤는데 확실히 보습감이 낮아지니까 개기름도 덜 나오고 좋네요."
2026-07-31,A000000258830,63483591,2026.07.30,5,0,NORMAL, ,A03,B02,"C05,C07",0,528.0,1,0,미햐아앙,"피지오겔 잘 사용중인데 신상 나와서 구매해봤어요!! 
되게 가벼운 제형인데 촉촉해서 여름에 사용하기도 부담이 없어요~ 화장전에 사용해도 밀림이 없어서 데일리로 너무 괜찮습니다!!"
2026-07-31,A000000239660,63500588,2026.07.31,5,0,NORMAL, ,A03,B05,"C01,C02",0,1500.0,1,0,방구석분석가,"사계절 내내 쓰기 좋은 순한 보습크림이에요!

건조한 피부라 보습력이 좋은 크림을 찾다가 1년전부터 정착해서 쓰고있는 크림입니다~

촉촉함을 오래 유지해 주는 데일리 보습크림

* 보습력이 오래 유지돼요.
* 순하고 자극이 적어요.
* 끈적임이 심하지 않아 데일리로 사용하기 좋아요.
* 대용량이라 오래 사용할 수 있어요.

- 아쉬운점

* 지성 피부는 조금 무겁게 느껴질 수 있어요ㅜㅜ

- 5줄로 정리
✔️ 건성·민감성 피부 추천
✔️ 촉촉함이 오래 지속됨
✔️ 순한 사용감
✔️ 대용량이라 가성비 좋음
✔️ 재구매 의사 있는 보습크림"
2026-07-31,A000000239660,63503095,2026.07.31,5,0,NORMAL, ,A06,B05,"C05,C09",0,792.0,1,0,당당한나그,제품을 추천받아서 구매했는데 너무 만족하면서 이용하고 있습니다!!
2026-07-31,A000000239660,63487828,2026.07.30,5,0,NORMAL, ,,,,0,792.0,1,0,수바수박,"냄새도 거의 무향에 가깝고 보습도 잘됩니다 
수부지 민감성 피부인데 자극도 덜하고 
제형이 로션같아서 끈적임도 별로 없어 데일리 사계절 템으로 좋네요~"
2026-07-31,A000000239660,63471297,2026.07.30,5,0,NORMAL, ,,,,0,660.0,1,0,니냔뇨,"피지오겔은 워낙 유명해서 한번쯤 써봐야지 했는데
왜 다들 쓰는지 알겟더라구여
근데 지성분들은 여름보다는 겨울에 쓰는걸 추천드립니다요.
잘못바르면 번들번들해지니깐요..^^
대신 그만큼 장벽은 잘 잡아줍니다요"
2026-07-31,A000000202771,63505665,2026.07.31,5,0,OFFLINE,[올영픽] 흑임자맛 40g 1팩,A06,B02,"C01,C02",0,1800.0,1,1,솜솜솜,"저는 운동후 단백질 섭취 목적은 아니었고 그냥 출근 직후에 점심시간 전까지 배가 너무 고픈거예요 제대로 된 식사를 하자니 시간이 너무 부족하고 그래서 아침 대용 목적으로 구매했습니다 원래도 눈여겨 보고 있긴 했는데 행사 없이 정가를 주고 구매하기에는 조금 부담스럽더라구요?
마침 올리브영을 갔는데 원쁠원을 하기에 당장에 데려왔습니다 제가 흑임자맛 밀크티맛 곡물맛 이렇게 세가지 맛을 먹어봤는데 할미 입맛이라 그런지 제기준 베스트는 흑임자맛입니다 그냥 흑임자가 베스트예요 꼬숩고 적당히 달달하고 또 중간 중간 씹히는 크런치가 너무 맛있더라구요 물에 타먹긴 싫어서 정말 오랜만에 흰우유 사서 먹었는데 포만감도 꽤 오래 갔습니다 추천해요 맛있었습니다 한끼 대용으로도 제 생각엔 괜찮은 제품인 것 같아요 추천드립니다"
2026-07-31,A000000202771,63497365,2026.07.30,5,0,OFFLINE,[올영픽] 곡물맛 40g 1팩,A02,B03,"C01,C02",0,1800.0,1,0,왕실쿠키샌드,"언젠가부터 아침은 단백질 쉐이크 먹는게 가볍고 좋더라구요! 바쁜 아침에 호다닥 먹고 나가기 딱 좋아요
프로티원 단쉐 먹고 놀랐던 점은 덩어리 같은 알갱이가 같이 있어서 처음에는 아직 덜 섞인 줄 알았어요
근데 맛 별로 어울리는 토핑이 들어있더라구요
곡물맛은 그 약간 다이제 과자?? 같은게 있구
딸기맛은 딸기 과육이 씹히더라구용 진짜 좋았어요!!
식감도 생각해주는 센스랄까,,

프로티원이 파우치형태로도 단쉐를 팔지만, 사실 대용량으로도 팔고 있거든요?? 먼저 맛별로 파우치형으로 사서 가장 맞는 맛을 찾은 다음에, 대용량 구매해서 간단히 제조해서
마시면 딱 좋을 것 같아요 ,단쉐 입문용으로 파우치 종류별로 가는거죠 ㅎㅎ 저는 곡물이랑 딸기가 제일 괜찮은 것
같아요! 틈틈히 먹어주고 있어용 단쉐 뭐 먹을지 고민하고 계시다면,제 리뷰가 도움이 되었으면 좋겠어요 ㅎㅎ
1+1할때 쟁여두기 필수😎"
2026-07-31,A000000233497,62041431,2026.06.29,5,0,NORMAL,웰더마 사파이어 콜라겐 겔마스크 4매입,A02,B04,"C04,C05",10,1890.0,0,1,레몬맛우유,"쫀득하게 웰! 진정되게 더! 건강하게 마!
웰더마 잘 쓰는 중
다음날 피부 컨디션 걱정되면 이게 정답.. 데일리로 쓰기 아주 좋은데 스킨케어 제대로하고 딥케어하면 어우 영양이 쫙쫙 빨려서 붙은 느낌. 쫀쫀하니 아주 좋은 피부 상태가 되는게 바람직해요"
2026-07-31,A000000233497,62041127,2026.06.29,5,0,NORMAL,웰더마 사파이어 콜라겐 겔마스크 4매입,A02,B04,"C04,C05",9,1890.0,1,1,레몬맛우유,"수분진정 보습하기도 좋은데 아무래도 탄력에 제일 젛은 느낌
3시간 딥케어해주고나면 피부가 튼튼해진 느낌이라서 아주 잘 사용중이에요
자극성없고 아무때나 사용하기도 좋고 일단 하고나서 끈적임이나 부족한게없어서 스킨케어하고 붙여주기 젛아오!"
2026-07-31,A000000233497,63463059,2026.07.30,5,0,NORMAL,웰더마 PDRN 하이드로 겔마스크 4매입,A03,B04,"C04,C05",0,1800.0,1,0,하암드르렁,"요즘 피부가 푸석푸석해서 화장할 때 베이스가 자꾸 들뜨길래 웰더마 PDRN 겔마스크팩으로 골라서 써봤어요🤍

처음 붙였을 때 제일 마음에 들었던 건 쿨링감이었어요✨ 피부에 열감이 있는 날 붙이면 시원한 느낌이 꽤 오래가서 하고 있는 내내 편안하더라구요

겔 타입이라 그런지 얼굴에 착 감기듯 밀착돼서 중간에 흘러내리거나 들뜨는 게 거의 없었어요🫶 집안일 하면서 붙이고 있어도 크게 불편하지 않았던 점도 좋았어요

투명해 질때까지1-2시간 정도 붙이고 떼면 피부가 속까지 촉촉해진 느낌이라 세안 후 건조함이 심한 날 특히 만족스러웠어요

며칠 간격으로 몇 번 써봤는데 다음날 메이크업할 때 확실히 화장이 더 잘 먹더라구요🤍 평소에는 볼이나 코 주변이 살짝 뜨는 편인데 그런 부분이 많이 정돈된 느낌이라 베이스가 훨씬 예쁘게 올라왔어요

탄력은 한 번 썼다고 드라마틱하게 달라질수는 없지만 피부가 탱탱해 보이고 컨디션이 좋아 보이는 느낌이 있었어요✨

전체적으로 촉촉함이 오래가고 쿨링감도 만족스러워서 중요한 약속 전날이나 피부 컨디션 끌어올리고 싶을 때 한 장씩 꺼내 쓰기 괜찮은 마스크팩이었어요🫶"
2026-07-31,A000000233497,63484807,2026.07.30,5,0,NORMAL,웰더마 사파이어 콜라겐 겔마스크 4매입,A03,B04,"C03,C09",0,1500.0,1,1,혜리안,"날이 덥고 땀을 많이 흘리는 여름엔 겨울과 다른 케어가 필요하죠. 햇살에 뜨겁게 달아오른 얼굴의 온도를 효과적으로 떨어뜨리는덴 겔마스크 만한게 없는거 같아요. 일반팩은 금방 떼어내야하는데, 얘는 오래 붙여줄 수 있으니 피부 안쪽까지 식히는데 굉장히 효과적이거든요. 이거 한 후에 화장 진짜 잘 먹어요! 물론 열감을 떨어뜨리는 여러가지 방법이 있겠지만, 저한텐 이친구만한게 없더라구요. 
그리고 여름이라도 속건조는 신경써서 케어해줘야해요. 나이 먹으니 신경쓸게 한두개가 아닌데 ㅜ 이거 하나만 해도 수분, 탄력, 다 챙길 수 있으니 편하고 좋죠 👍🏻👍🏻
밀착력도 좋아서 코 옆 부분도 안 뜨고 잘 붙어있어요. 

저는 주에 1-2번정도 해주고 있어요. 중요한 날 전에는 꼭 하구요. 꾸준하게 사용하니 드라마틱하게 바뀌진 않아도 피부가 환해졌단 이야길 많이 들어서 보람을 느껴요 ㅋㅋㅋ"
2026-07-31,A000000233497,63125588,2026.07.22,5,0,NORMAL,웰더마 사파이어 콜라겐 겔마스크 4매입,A03,B03,"C01,C05",2,1134.0,0,1,잴리탱,"잘 쓰고 있는 팩이에요 ㅎㅎ
2-3시간 사용해도 좋아요~!"
2026-07-31,A000000233497,63082505,2026.07.21,5,0,NORMAL,웰더마 사파이어 콜라겐 겔마스크 4매입,A03,B03,"C01,C05",2,1134.0,0,1,잴리탱,"건성분들 추천! 피부에 영양감을 가득 주는 팩이에요 ㅎㅎ
3시간 정도 하는 게 조아용~~"
2026-07-31,A000000233497,62368869,2026.07.05,5,0,NORMAL,웰더마 사파이어 콜라겐 겔마스크 4매입,A03,B01,"C01,C02",3,1116.0,0,1,뽀뇨뽀뇨,"상하분리형이라 얼굴에 들뜨는 부분 없이 전체적으로 잘 밀착돼요. 겔에 에센스가 충분해서 오래동안 붙였다가 떼어내도 시트팩이랑 다르게 피부가 마르지 않고, 촉촉하게 수분이 충전된 느낌이에요."
2026-07-31,A000000233497,63497832,2026.07.30,5,0,NORMAL,웰더마 시카 리페어 겔마스크팩 4매입,,,,0,900.0,1,0,호야쑹야,"여름에 열감 올라올 때 붙이면 쿨링감이 정말 좋아요💚 피부에 밀착도 잘 되고 떼고 나면 촉촉하면서 피부가 편안해진 느낌! 꾸준히 쓰니 탄력도 살아 보이고, 다음 날 화잘먹이라 메이크업 전 팩으로 자주 사용 중이에요! 여름에 저처럼 시카 못잃는 사람들 추천해여!"
2026-07-31,A000000233497,63421381,2026.07.29,5,0,NORMAL,웰더마 시카 리페어 겔마스크팩 4매입,A03,B03,"C06,C07",0,900.0,1,0,nge****,"요즘 군것질을 너무 했던 트러블이 올라오더라고요ㅠㅠ
평소에 뭐 바르는 것도 귀찮아하는 인간이라, 한번에 할 수 있는게 뭐가 있을까 하다가 알게됐어요!!! 마스크팩은 이렇게 쫀쫀해서 안올린듯한 느낌을 주는 제형을 선호하는데 딱입니다ㅠㅠ 심지어 트러블 전용 시카 리페어 제품이 있더라구요 바ㅏ로 씻고 기초만 챱챱하고 붙였는데 들뜸 하나없이 착붙템이었어요 밀착돼서 팩하는 내내 촉촉해서 참 좋았어요 붙여둔 내내 시원한 쿨링감까지 있어서 얼굴 열감도 낮춰주더라구여! 좋았슴당"
2026-07-31,A000000233497,63376544,2026.07.28,5,0,NORMAL,웰더마 사파이어 콜라겐 겔마스크 4매입,,,,0,900.0,1,1,우렁찬꼬마,"지난번에도 구매해서 써보고 너무 좋아 다시 재구매했어요!!
화잘먹 치트키 마스크팩이라 중요한 약속이 있는 전날에는 꼭 사용한답니다ㅋㅋ
속광 탄력이 대박인데 요즘 날씨가 더워서인지 피부가 푸석하고 탄력이 떨어졌는데 마스크팩을 할때는 촉촉한 수분감과 시원한 진정 효과가 너무 좋았어요
흐르지 않는 겔 마스크라 붙이고 집안일도 가능해서 저녁에 붙여도 딱이에요!!
시간이 지나면서 겔이 투명해징때까지 붙이고 있는데
떼고나면 피부 속에서부터 은은한 광채가 나오면서 피부에 탄력이 차오르는 게 눈으로 보이는것같아요ㅋㅋㅋ
특히 이 팩을 하고 난 다음 날은 베이스 메이크업이 들뜸 없이 쫙 먹는 완벽한 화잘먹 피부가 되면서 다들 얼굴에 뭐했냐고 물어보면 요즘 완전 지인들에게 추천해주는 아이템이 되었답니다"
2026-07-31,A000000233497,62438446,2026.07.06,5,0,NORMAL,웰더마 사파이어 콜라겐 겔마스크 4매입,A04,B04,"C05,C08",0,900.0,1,1,틴트언니,"피부가 푸석하고 속건조가 심해서 사용해봤는데 생각보다 훨씬 만족스러웠어요. 팩이 얼굴에 빈틈없이 밀착돼서 에센스가 흘러내리지 않았고, 사용하는 동안 촉촉하게 수분을 채워주는 느낌이 들었습니다. 떼어낸 뒤에는 피부결이 매끈해지고 자연스러운 광채가 돌아 화장도 훨씬 잘 먹더라고요. 건조해서 들뜨던 부분도 많이 진정된 느낌이라 메이크업 전에 사용하기 좋았습니다. 꾸준히 사용하면 피부 탄력 관리에도 도움이 될 것 같아 재구매 의사 있습니다."
2026-07-31,A000000233497,62438063,2026.07.06,5,0,NORMAL,웰더마 사파이어 콜라겐 겔마스크 4매입,A02,B05,"C02,C03",0,900.0,1,0,톰큐,"촉촉하고 가벼워서 수면팩으로 마음에 들어요

중요한 약속 전날 밤 수분팩으로 아껴쓰는 중이예요
콜라겐 시트가 얇은 편이라 피부에 잘 붙어서
팩 붙이고 이것저것 작업해도 흘러내림 없어서 괜찮았어요

눈, 입까지 붙일 수 있고 2개로 나뉘어서
붙이면 되고 2-3시간 씩 붙일 수 있는데 투명해질 때까지
그냥 두면 되서 샤워하자마자 붙이고 머리 멀리고
이것저것 하다보면 2시간 훌쩍 지나가서 좋더라고요

마스크팩 시트 양면 필름 있는데
오돌토돌한 면에 붙은 쪽을 피부에 붙였어요
뭔가 의미가 있을 것 같아서ㅋㅋ

향기 은은하고 순해서 트러블 없이 쓸 수 있어서 편해요"
2026-07-31,A000000233497,62437133,2026.07.06,5,0,NORMAL,웰더마 사파이어 콜라겐 겔마스크 4매입,A03,B01,C13,0,900.0,1,1,귤엉덩이,"요즘 날이 더워져서 그런지 계속 트러블 올라오고 아무리 보습해도 속은 건조한 느낌이라 사용해봤는데, 우선 겔 타입이라 피부에 밀착력이 정말 좋았어요! 중요한 일정 전날이나 피부가 건조하고 예민한 날 사용하기 좋은 마스크팩인 것 같아요ㅎㅎ"
2026-07-31,A000000233497,62435798,2026.07.06,5,0,NORMAL,웰더마 사파이어 콜라겐 겔마스크 4매입,A03,B01,"C04,C06",0,900.0,1,1,0올리브영핫세0,"라운딩 다녀오면 자외선 때문에 겉은 멀쩡해 보여도 피부 속이 엄청 건조해지는 느낌이라 진정이랑 수분 케어를 꼭 해주는 편이에요⛳☀️

그래서 사용해본 마스크팩! 에센스가 넉넉하게 들어 있어서 붙이는 순간부터 피부가 촉촉하게 채워지는 느낌이 들더라고요. 피부에 밀착력도 좋아서 흘러내림 없이 편하게 사용할 수 있었어요😊

사용 후에는 메마른 피부가 한결 편안해지고 속건조가 꽤 잡힌 느낌이라 만족스러웠어요. 다음 날 아침까지 피부가 촉촉하고 화장도 훨씬 잘 먹어서 요즘 라운딩 다녀온 날에는 꼭 사용하는 필수템이 됐습니다✨

골프처럼 야외활동이 잦거나 자외선으로 피부가 쉽게 건조해지는 분들께 특히 추천하고 싶은 마스크팩이에요. 수분감과 촉촉함을 오래 유지해줘서 꾸준히 쟁여두고 사용하고 있습니다💙"
2026-07-31,A000000233497,62435747,2026.07.06,5,0,NORMAL,웰더마 사파이어 콜라겐 겔마스크 4매입,A03,B06,"C01,C05",0,900.0,1,1,지구공원,"겔마스크팩 중에서도 담긴 제형이 너무 꾸덕하지않고 산뜻한 에센스여서 트러블없이 쓰기에 괜찮았고 가격이나 사용감면에서 무난히 쓰기에 가장 좋아서 꾸준히 사용중인데요. 이 겔마스크팩이 마음에 드는 이유는 단시간 붙이는 겔팩이 아니라 1시간 이상 혹은 수면팩으로 쓰기에도 괜찮아서 입니다. 그래서 아침에 단시간 붙이는 스킨케어팩 용도보다는 스페셜케어나 나이트케어 용도로 더 추천드리고싶네요.
솔직히 아침에 1시간 이상 붙이는건 어렵잖아요? 약간 야매모델링팩 느낌으로다가 스킨케어 중에서도 평소에 흡수가 잘 안되는 기능성 세럼이나 에센스류를 포함해서 바른 후에 요 겔마스크팩을 붙이면 증발되지않고 온전히 다 흡수되는 느낌이라 좋아요. 이렇게 나이트케어를 해주면 다음날 피부가 수분감있게 촉촉해서 탱글탱글하니 탄력없어보이지도 않고 화장을 해도 건조하지않게 오래 유지돼서 좋아요.
2피스로 나눠져있어서 얼굴에 맞게 붙이기도 좋았고 자극감없이 열감도 낮춰줘서 진정용도로도 괜찮았네요. 단독으로 썼을때 너무 생각보다 건조하다하시는 분들은 그래도 겔마스크팩이 시트팩보다 값이 나가니까 버리지마시고 위에 쓴 것처럼 스킨케어하시고 수면팩으로 한번 써보세요."
2026-07-31,A000000233497,62433235,2026.07.06,5,0,NORMAL,웰더마 사파이어 콜라겐 겔마스크 4매입,,,,0,900.0,1,1,hyunii10,"피부가 건조하면 화장이 자주 들뜨는 편이라 사용해봤는데 생각보다 촉촉해서 마음에 들었어요. 바른 뒤에 피부가 편안하게 진정되는 느낌이 들었고, 속부터 수분감이 채워지는 것 같았습니다. 사용 후 피부가 자연스럽게 윤기가 돌아서 광채 표현도 예쁘고, 메이크업 전에 사용하니 화장 밀림도 덜한 느낌이었어요. 부담 없는 사용감이라 아침저녁으로 꾸준히 사용하면서 피부 탄력 관리도 함께 해보려고 합니다."
2026-07-31,A000000233497,62429259,2026.07.06,5,0,NORMAL,웰더마 사파이어 콜라겐 겔마스크 4매입,A01,B01,C02,0,900.0,1,1,왕이이,"피부 컨디션 안 좋을 때 써봤는데 완전 만족했던 웰더마 겔마스크팩✨
사파이어 콜라겐 겔마스크라 그런지 붙이고 있는 동안 촉촉함이 오래가고 피부 진정되는 느낌이 들었어요.
떼고 나니까 피부에 광채가 돌면서 화잘먹 느낌까지 있어서 메이크업 전에 쓰기 괜찮았음!"
2026-07-31,A000000233497,62428261,2026.07.06,5,0,NORMAL,웰더마 사파이어 콜라겐 겔마스크 4매입,A04,B03,"C08,C09",0,900.0,1,1,챔서쨘,화잘먹 피부를 만들어 주는 콜라겐팩이라길래 바로 구매해봤어요!! 저는 평소에도 겔 마스크를 좋아해서 여러 가지 제품을 많이 사용해 봤는데요. 이 제품은 이름 그대로 콜라겐이 가득가득 느껴지는 부분이 가장 좋더라구요!! &gt;_&lt; 얼굴에 전체적인 탄력을 끌어 올려 주면서 광채를 내주고 촉촉한 피부로 진정시켜 주는 느낌이 들어서 데일리로 잘 사용하고 있습니다~~!
2026-07-31,A000000233497,62421977,2026.07.06,5,0,NORMAL,웰더마 사파이어 콜라겐 겔마스크 4매입,A06,B01,"C01,C02",0,900.0,1,0,깡동동,"젤리 제형 마스크 팩은 처음 써봤어요.
콜라겐이 들어있어서 피부 진정과 보습에 좋았어요.
특이하게 붙여두면 흰 색 팩이 점점 투명해지는데, 덕분에 얼마나 붙였다 떼어야 적절한지 알 수 있었어요.
사진의 팔을 보시면 30분 정도 지나서 투명해진 게 보이죠? 눈, 입 부분은 떼서 이마 여백이나 목에 붙여도 좋았어요.
두툼하다보니 팩을 붙이기 전에 얼굴에 흡수시키고 싶은 세럼같은 것을 미리 바르고 팩을 붙이면 좋더라고요.
냄새는 살짝 있는데 신경쓰일 정도는 아니었습니다."
2026-07-31,A000000233497,62413458,2026.07.06,5,0,NORMAL,웰더마 사파이어 콜라겐 겔마스크 4매입,A02,B02,"C01,C03",0,900.0,1,1,선베비,"재구매임
겔마스크팩 여러 브랜드 돌고 돌다 결국 다시 여기로 와써요,,,.
막 미쳤다 이런 것보다 단점이 없수다!!!!
이게 최고 장점인듯

1. 20-30분 동안 투명해지면서 
싹 피부에 달라붙어있어서 돌아다니기도 편하고
2. 앰플이랑 미세구멍 겔 궁합도 좋고 
3. 극건성인데 피부 편안함
이 세개를 다 만족하는 겔 마스크 찾기가 어렵더라구요?

앰플많이 들어갔다고 해도 겔이랑 궁합 안맞으면 
걍 얼굴에서 흘러내려,,^^
얜 딱 다 적당하고 좋아요 무난하게 맘편히 사용하기 딱 좋은 데일리겔마스크 찾으시면 굳초이스"
2026-07-31,A000000233497,62373045,2026.07.05,5,0,NORMAL,웰더마 사파이어 콜라겐 겔마스크 4매입,A04,B06,"C05,C11",2,900.0,1,1,드르르륵,"겔팩 특유의 막생겨서 답답한 느낌도 없고 30분정도 붙이고있으면 촉촉하고 광채생기는게 눈에 보여요. 화장전에 해주면 화장도 잘먹고, 민감성인데 피부가 따갑거나 트러블나거나하는것도 없었어요! 두께도 너무얇지않아서 팩하는내내 마르지않았어요"
2026-07-31,A000000233497,62356948,2026.07.05,5,0,NORMAL,웰더마 사파이어 콜라겐 겔마스크 4매입,A06,B02,"C05,C08",0,900.0,1,0,뉸뉴난나라아라,"대박 ㅠㅠ 타입이라 피부에 밀착력이 좋아 흘러내리지 않았고, 에센스가 풍부해서 사용 후에도 촉촉함이 오래 유지됐습니다. 사용하고 나니 피부에 자연스러운 윤기가 돌고 피부결도 한결 매끈해진 느낌이 들었어요. 중요한 약속 전이나 피부가 푸석한 날 사용하기 좋은 마스크팩이라 재구매 의사 있습니다. ✨"
2026-07-31,A000000233497,62333315,2026.07.05,5,0,NORMAL,웰더마 사파이어 콜라겐 겔마스크 4매입,A03,B04,"C02,C03",0,900.0,1,0,개기름여쿨뮤트,"최근에 피부가 너무 풋석해서 사용해봤는데
한시간정도 붙여놧는데 진짜 피부가 부드럽고 촉촉해졌어요
확실히 붙인다음 느낌이 너무 조아서 또 구매하고싶어지고
밤에 했었는데 다음날까지 피부가 탄력있어서
화장도 잘먹었어요 !!
다쓰면 또 구매하고싶네여"
2026-07-31,A000000233497,62326635,2026.07.05,5,0,NORMAL,웰더마 사파이어 콜라겐 겔마스크 4매입,A03,B02,"C01,C02",0,900.0,1,1,Haisley,​콜라겐 겔마스크라 그런지 밀착력도 좋고 보습에 최고예요. 복합성 피부인데 끈적임 없이 촉촉함만 남아서 대만족 중입니다! 성분이 착한지 자극이 전혀 없고 엄청 순하네요. 팩하고 나면 피부가 쫀쫀하고 맑아진 느낌이 들어서 아주 만족스럽습니다. 저처럼 수분 보습 고민이신 복합성 분들에게 적극 추천해 드리고 싶어요. 앞으로 꾸준히 정착해서 사용해 볼 생각입니다.
2026-07-31,A000000233497,62275977,2026.07.03,5,0,NORMAL,웰더마 사파이어 콜라겐 겔마스크 4매입,,,,0,900.0,1,1,피치무드,"💙 웰더마 겔마스크팩 (사파이어 콜라겐 겔마스크) 후기 💙

메이크업 전에 사용해봤는데 왜 화잘먹이라는 말이 나오는지 알겠더라고요! 피부에 밀착되는 겔 타입이라 에센스가 촉촉하게 흡수되면서 속까지 촉촉한 느낌이 오래갔어요. 사용 후에는 피부가 한층 탄력 있어 보이고 자연스러운 광채가 돌아서 베이스도 훨씬 예쁘게 올라갔습니다. 피부가 예민하거나 푸석한 날에도 부담 없이 사용할 수 있었고, 열감이 올라온 피부도 편안하게 진정되는 느낌이라 중요한 약속 전이나 메이크업 전에 자주 사용할 것 같아요. 😊"
2026-07-31,A000000233497,62238768,2026.07.03,5,0,NORMAL,웰더마 사파이어 콜라겐 겔마스크 4매입,A04,B03,"C08,C13",0,900.0,1,1,지용조아,"구멍 뽕뽕 난 곳이 피부쪽이에요!!
넘넘 촉촉하고 스페셜 케어하는 느낌이라 재구매템 🩵
하고 자면 다음 날 화장 완전 잘 먹어요ㅠㅠ
광채도 대박이구 더운 날씨에 피부 열받았을 때 진정템으로 좋습니다 💓
저는 사진에 있는 것처럼 입술에도 붙여서 더 촉촉하게 해요!!!"
2026-07-31,A000000233497,62220799,2026.07.02,5,0,NORMAL,웰더마 사파이어 콜라겐 겔마스크 4매입,A01,B03,"C07,C08",0,900.0,1,1,가성비녀도희,"꾸준히 재구매하고있는 웰더마 겔마스크팩입니다
벌써 4번째 재구매인듯 ㅎㅎ 
콜라겐팩중에 젤 무난하면서 사용감도 깔꼼하고 좋아요
하고나면 다음날 확실히 피부가 촉촉 탱탱한 느낌이
들어서 꾸준히 일주일에
한번은 하려고 노력 중입니다!!!"
2026-07-31,A000000233497,62196762,2026.07.02,5,0,NORMAL,웰더마 사파이어 콜라겐 겔마스크 4매입,A02,B05,"C04,C06",0,900.0,1,1,시에냐,수부지 피부에게 강추하는 콜라겐팩!! 날이 더워지면서 땀을 많이 흘려서 그런지 탄력도 떨어지고 피부가 푸석해지는게 느껴지는데 그럴때 콜라겐팩을 꼭 써주는 편이에요!! 그중에서도 웰더마 겔마스크 사파이어 콜라겐팩을 좋아하는데 콜라겐팩인데도 다른 제품보다 앰플이 넉넉하고 두께가 얇아서 잘 밀착되는 건 물론 서있어도 잘 떨어지지 않아서 다른 기초케어 안하고 요것만 붙여도 집중 나이트 케어 완전 가능입니다!! 사용하기 편해서 그런지 요새 손이 자주가요 ㅎㅎ 여름철 수부지 피부관리 신경쓰이셨다면 진짜 강추드립니다!!👍👍
2026-07-31,A000000233497,62165668,2026.07.01,5,0,NORMAL,웰더마 사파이어 콜라겐 겔마스크 4매입,A02,B03,C01,0,900.0,1,1,뿌링클뿌,"콜라겐마스크 진짜 한번 써볼만해요
촉촉하고 밀착력좋아서 촥붙어있어요
제가 웰터마 요 콜라겐만 진짜 몇개를 썼는지 몰라요
그럴때마다 담날 피부에 광나가지고 친구들이 ㅋㅋ
가르쳐달라그래서 한장씩 선물했어요
진짜 잘떨어지지도 않고 얼굴에 콜라겐 쏙쏙 먹히거든요? 
콜라겐만 일단 하나 써보세요 화잘먹이 먼지 광나는게 뭔지
알게됩니다여"
2026-07-31,A000000233497,62165169,2026.07.01,5,0,NORMAL,웰더마 사파이어 콜라겐 겔마스크 4매입,A04,B03,"C01,C10",0,900.0,1,1,그만사라밍,"찐좋아하는제품이라서
엄청잿이고사용하고있음 최고촉촉한 제품
이거 하고 자면 (그냥 하고 자버림 떼지도 않고)
자고일어나면 저절로 떼져서 발밑에 가있는데
얼굴에선 아침세안하고나서도 광이 나는게 엄청 촉촉함
(세안시 폼클사용x)
여름이라서 냉장고에 몇개 넣어놓고 사용하는데
얼굴 홍조 금방 잡히고 열도 내리고 진짜 아주 좋아서
세일할때마다 쟁이게 되는 콜라겐겔마스크"
2026-07-31,A000000226202,63493964,2026.07.30,5,0,NORMAL,초콜렛 마티니,A03,B01,"C02,C06",0,1800.0,1,0,세트,눈매를 자연스럽고 또렷하게 잡아주기 위해 구매했는데 컬러감이 너무 어둡거나 튀지 않고 분위기 있는 딥 브라운이라 마음에 쏙 듦 제형이 아주 부드럽게 발려서 눈가에 자극이나 자극감 없이 슥슥 잘 그려지고 자극이 없음 펜슬 타입인데도 번짐 현상이 덜하고 빠르게 픽싱되어서 아침에 그린 그대로 오래 유지가 잘 됨
2026-07-31,A000000226202,63491977,2026.07.30,5,0,NORMAL,크리미 살몬,A03,B03,"C06,C09",0,1800.0,1,0,LaLaRa,원플원이라 누디모카랑 크리미살몬 주문했는데 둘 다 마음에 들어요 특히 누디모카는 뒷트임 아이라인 등 활용하기 너무 좋은 컬러...! 좀 기다리면 픽싱돼서 잘 안지워져요 👍🏻👍🏻 특히 어두운 아이라이너가 둥둥 떠보이는 라이트톤에게 추천드려요
2026-07-31,A000000226202,63489310,2026.07.30,5,0,NORMAL,크리미 살몬,A03,B06,C09,0,1512.0,1,0,치츠얌,"바닐라코 무드 온 라인 앤 블렌드 아이라이너 크리미 살몬
원플러스원이라 좋아요 ~ ㅎ쌍커풀 연장이랑 꼬막눈처리 하려고 샀어요"
2026-07-31,A000000257674,63493312,2026.07.30,5,0,NORMAL,[단품] 30ml,A01,B04,"C03,C10",0,1800.0,1,0,헬시바라,"판매자에게 제품비 일부를 지원받았지만 저의 솔직한 후기입니다.

일반 선크림을 쓰자니 약간 안색이 어둡고.. 완전 부농 부농 한 톤업 선크림을 쓰자니 너무 목하고 따로 놀고 고민 끝에 그 가운데에 있는 퍼플 선크림을 골랐습니다. 퍼플이라고 해서 완전 가지색은 아니고요 하얀색에 약간 연보라 느낌이 나는 톤업 선크림인데 발림성 괜찮고요. 가렵거나 따갑거나 부어오르는 대참사는 일어나지 않았습니다."
2026-07-31,A000000257674,63492617,2026.07.30,5,0,NORMAL,[단품] 30ml,A02,B04,"C01,C05",0,1800.0,1,0,룽륭,"판매자에게 제품비의 일부를 지원받았지만, 저의 솔직한 후기입니다.

밀림없이 발리고 텁텁한 톤업아니고 좀 맑고 자연스럽게 톤업되는 톤업선크림이에요
바르고나서 좀 유분기 느겨지는데 머리카락 들러붙는 그런 유분기아니라 건성타입이시면 잘 맞으실거같아요!"
2026-07-31,A000000257674,63490513,2026.07.30,5,0,NORMAL,[단품] 30ml,A04,B06,"C06,C08",0,1800.0,1,0,야생멧돼지,"판매자에게 제품비의 일부를 지원받았지만, 저의 솔직한 후기입니다.

얼룩덜룩하게 뜨는 백탁 느낌이 아니라 피부의 노란기를 잡아주면서 자연스럽게 톤을 올려줘요. 
굉장히 촉촉하고 부드럽게 발려서 프렙을 바른 느낌이에요. 위에 화장하면 전혀 안뜨고 화장이 진짜 잘 먹어요!
시간이 지나도 당김이 거의 없어요. 
들뜸이나 건조함 때문에 톤업선크림 안 맞는 건성 분들에게 진짜 좋을 거 같아요!"
2026-07-31,A000000257674,63488886,2026.07.30,5,0,NORMAL,[단품] 30ml,A03,B04,"C06,C09",0,1800.0,1,0,채댬,"판매자에게 제품비의 일부를 지원받았지만, 저의 솔직한 후기입니다.
보라색 톤업 선크림이라 노란 피부톤이 베이스전에 데일리로 피부톤과 결 정리를 해줄 수 있어요 
3D 코어 콜라겐이 들어있어서 선크림을 바르면서 광노화를 케어해줄 수 있어서 좋았어요!"
2026-07-31,A000000257674,63499145,2026.07.31,5,0,NORMAL,[단품] 30ml,,,,0,1500.0,1,0,혀니쓰,"*판매자로부터 제품비의 일부를 지원받았지만, 직접 사용해 본 후 솔직하게 작성한 후기입니다.

오휘 다크스팟 톤업 선크림은 발림성이 부드럽고 밀림이 거의 없어서 사용하기 편했어요. 바른 직후에는 살짝 톤업되는 느낌이 있지만 백탁이 오래 남지 않고 자연스럽게 피부에 스며들어 금방 바를 수 있어서 좋았어요!

피부는 부위마다 톤이 조금씩 다르다고 해서 한 가지 톤업 제품만 사용하는 것보다 피부에 맞는 톤업 제품을 사용하는 게 피부결이 더 깔끔하고 자연스럽게 표현된다고 하더라고요. 그래서 구매해서 사용해봤는데, 피부가 한층 정돈되어 보이고 메이크업 전에 사용하기에도 만족스러웠어요!"
2026-07-31,A000000257674,63472608,2026.07.30,5,0,NORMAL,[단품] 30ml,A02,B02,"C03,C06",0,1500.0,1,0,순이엄마다,"오휘 데이쉴드 라인 평소에도 좋아하는데 이번에 다크스팟이랑 콜라겐, 톤업까지 합쳐진 신상이 나왔다고 해서 바로 구매해 봤어요!
단순 자외선 차단만 되는 게 아니라 잡티 케어랑 콜라겐 탄력까지 챙긴 스킨케어링 선크림이라 기대가 정말 많이 됐어요!
촉촉하고 부드러운 에멀전 제형이라 뻑뻑함 없이 피부에 수분감 있게 착 감기는데, 콜라겐 성분 덕분인지 바를 때 수분크림 바르는 것처럼 촉촉해서 건조함이나 들뜸이 전혀 없네요!
인위적으로 하얗게 동동 뜨는 백탁이 아니라 피부 본연의 결을 살려주는 피치 핑크빛으로 화사하고 생기 있게 톤업되는 게 진짜 마음에 들어요!
아침에 이것만 바르고 나가도 피부톤이 맑고 깔끔해 보여서 파데프리로 완전 잘 쓸 것 같아요!
위에 쿠션을 얹어도 밀림 현상 전혀 없고, 겉은 번들거리지 않으면서 속은 촉촉한 은은한 윤광이 돌아서 원래 피부가 좋아 보이는 효과가 있네요!
자연스러운 생기 톤업에 기미랑 탄력 케어까지 한 번에 챙기고 싶으신 분들한테 무조건 추천해요!"
2026-07-31,A000000257674,63489503,2026.07.30,5,0,NORMAL,[단품] 30ml,,,,0,1080.0,1,0,보바보,"판매자에게 제품비의 일부를 지원받았지만, 저의 솔직한후기입니다.

톤업도 적당하고 끈적이지 않고 흡수가 빨라요. 선크림으로 스팟관리도 한번에 할수있는 점이 제일 만족스러워요. 향도 강하지 않고 은은하고 땀에도 강한 느낌이라 요즘같은 날씨에 바르기 딱이네요."
2026-07-31,A000000257674,63506075,2026.07.31,5,0,NORMAL,[단품] 30ml,A03,B01,"C01,C03",0,900.0,1,0,말끄미,"발림성이 너무 좋네요 보라빛이라 피부톤에 안맞을까 걱정했는데 은은하게 스미면서 한층 밝혀주니 맘에 들어요 밀리지않는것도 맘에들어요 아침에 얇게 두번 펴발랐는데 종일 화장먹입니다. 판매자에게 제품비의 일부를 지원받았지만, 저의 솔직한 후기입니다"
2026-07-31,A000000257674,63505851,2026.07.31,5,0,NORMAL,[단품] 30ml,A02,B01,"C01,C04",0,900.0,1,0,소녀닌,"판매자에게 제품비의 일부를 지원받았지만, 저의 솔직한 후기 입니다 
발림성 촉촉하고 오휘에서 나온 선크림이라 믿고 씁니다~!
컴팩트한 크기로 파우치에 쏙 가방에 쏙 주머니에 쏙 선크림도 3-4시간에 한번 다시 발라야한다고 해서 구매했어요"
2026-07-31,A000000258468,63487244,2026.07.30,5,0,NORMAL, ,A03,B01,C02,3,3960.0,1,0,송죽매,"🧳NEW 온그리디언츠 바쿠글로우 캡슐 로션 150ml 후기🧳

​[구매이유]

속건조 잡는 시원한 수분 케어 신제품이라서 구매함. 라방 때 50ml 기존 제품도 받아 직접 비교해 볼 수 있었음.

​■제품특징

사계절 화잘먹 치트키이자 등속광로션, 화잘먹근본템인 기존의 스킨 베리어 카밍 로션 EX와 비교했을 때, 이번 신제품은 속건조를 잡는 시원한 수분 케어와 청량수분로션, 수분광캡슐에 특화된 제품임.

​기존 로션이 약간 미색의 촉촉한 제형이었던 반면, 신제품 바쿠글로우 캡슐 로션은 보다시피 투명한 베이스에 선명한 파란색 캡슐이 박혀 있는 제형과 색상을 가짐.

​파란 캡슐의 정확한 정체는 식물성 레티놀인 &#039;바쿠치올&#039;과 글루타치온 등을 담은 온그리디언츠의 독자 특허 성분인 BakuGlow 캡슐임. 

바를 때 이 파란 수분광 캡슐이 톡톡 터지면서 피부에 부드럽게 녹아들어 시원한 수분 보호막을 형성해 줌.

​두 제품 모두 워터리한 수분감을 가졌다는 점은 비슷하지만, 신상 로션이 기존 미색 로션보다 제형 자체가 젤 타입은 아니며 그냥 조금 더 쫀쫀한 느낌을 주는 정도로 마무리됨.

​기존 제품에 없던 화한 쿨링감이 느껴져 궁금해하는 이들이 많은데, 이는 함유된 구아아줄렌 성분과 바쿠치올 성분 덕분임.

 약 3분 정도 적당히 화한 쿨링감이 생기는데, 순한 립플럼프를 입술에 바른 느낌의 강도라고 생각하면 됨. 독하지 않고 극심하게 자극적이지 않음.(살성이나 체질에 따라 조금 사바사, 케바케가 될 수도  있음.)

​■제품장점

분자 크기별 히알루론산이 피부 겉과 중간, 속까지 촘촘하게 수분을 채워주는 수분 플럼핑 효과를 줌.

​청량하게 터지는 파란 수분광 캡슐이 바르는 순간 속수분을 즉각적으로 채워주어 쩍쩍 갈라지거나 당기는 속건조를 완벽하게 해소해 주며, 피부 수분량이 129.37% 개선되고 광채가 115.16% 개선됨.

​프로바이오틱스 유래 유산균 PDRN이 콜라겐 합성을 깨워 맑고 투명하게 차오르는 광채를 부여함.

​온그리디언츠 독자 특허 성분인 BakuGlow 캡슐이 피지 조절과 탄력 개선을 도와 밀도 있게 차오르는 모공 탄력을 선사함.

​데일리로는 가볍게 발라 빠르게 속수분을 충전하고, 나이트에는 여러 번 레이어링하여 시원한 수분 루틴을 완성하며 피부 온도를 5.29도 낮춰 자극받은 피부열을 시원하게 내려줌.

​속 탄력 5.61% 및 겉 탄력 3.15%의 이중 탄력 임상까지 완료되어 끈적임 없이 가볍게 발리며 탄력 있는 피부로 가꿔줌.

​■제품단점

대용량 제품도 출시되면 좋겠음.

​■제품총평

여름철 피부열을 낮추고 촘촘하게 속보습과 탄력, 수분을 채우기 좋음. 여름철 피부 지킴이로 강추함.

​별⭐️ 5점 만점 5"
2026-07-31,A000000258468,62671866,2026.07.11,5,0,NORMAL, ,A02,B01,"C01,C02",4,1980.0,1,0,shyun175,"캡슐이 들어있는 제형이라 피부에 롤링할 때 톡톡 터지면서 흡수되는 느낌이 정말 신기하고, 바르고 나면 끈적임 없이 속부터 수분감이 꽉 채워지는 기분이에요. 요즘 피부가 푸석하고 탄력이 떨어진 것 같아 고민이었는데, 이 로션 쓰고 나서 피부 결이 훨씬 쫀쫀해진 게 느껴져서 아주 만족하며 매일 쓰고 있습니다."
2026-07-31,A000000258468,62901968,2026.07.17,2,0,NORMAL, ,A03,B01,"C01,C02",5,1836.0,0,0,나니나니,생각보다 별로예요수분감이 많은거 갗은데 약간 유분도 조금 느껴지고 바르고 광?같은게 많니 돌고 흡수기 안되느 느낌
2026-07-31,A000000258468,63494936,2026.07.30,5,0,NORMAL, ,A03,B06,"C02,C03",0,1800.0,1,0,유자얌,"여름되니 수분감이 더 부족한 요즘 제 피부 속을 채워 줄 제품을 드디어 찾았네요 애 낳고나서 스트레스 많이 받았어요 피부 컨디션이 그냥 엉망이고 촌뜨기 같다고.. ㅎㅎ 울긋불긋에 없던 홍조도 올라오더라구요 여름인 만큼 열감도 심한데 다른 수분로션과 다르게 캡슐도 들어 색다르고 광까지 나니 제가 원하던 수분로션이더라구요!
피부가 전처럼 살아날거 같아서 기분도 좋고 정말 열심히 바를거 같아요❤️ 피부 고민 끝!!"
2026-07-31,A000000258468,63494665,2026.07.30,5,0,NORMAL, ,A03,B03,"C01,C02",0,1800.0,1,0,공쥬핑핑,"여름용 로션이 필요하기도 하고 속건조가 너무 심해져서 고민하던중에 온그리디언츠에서 여름용으로 새로 로션이 나와다길래 구매해봤습니다 !! 
화장전에 발라줬을 때 시원하게 온도감이 내려가서 그런지 화장이 뜨지 않고 화장이 확실하게 잘먹고, 유분대신 수분감이 가득 들어있어서 속건조가 확실하게 잡히는 느낌이 들었습니다 
끈적임도 없고 촉촉해서 여름용 로션 찾으시는분들께 추천드립니다 !!"
2026-07-31,A000000258468,63473219,2026.07.30,5,0,NORMAL, ,A02,B04,"C04,C13",0,1800.0,1,0,포도팡,"신제품 나왔길래 구매해봤어요. 기존 온그리디언츠 로션도 잘 쓰고 있어서 신상 궁금하더라구요.
받아보니 캡슐이 눈에 보여서 신기하고 롤링하면 부드럽게 녹으면서 피부에 영양감을 채워주는 느낌이에요.  끈적이지 않아 데일리로 쓰기 괜찮아요. 메이크업 밀림없고 피부속까지 촉촉한 느낌 좋네요"
2026-07-31,A000000257580,63298726,2026.07.26,5,0,NORMAL, ,A03,B04,"C01,C02",18,14040.0,1,0,applemint22,"발림성이 정말 가벼워요. 워터리한 제형이라 답답하거나 무겁지 않고 피부에 부드럽게 펴 발려서 아침에 바르기 부담이 없었습니다. 백탁이 거의 없어서 급하게 바를 때도 자연스럽게 마무리됐고, 시간이 지나도 끈적거림이 심하지 않아 만족스러웠어요. 평소 선크림을 바르면 답답한 느낌 때문에 자주 손이 안 갔는데, 이 제품은 그런 불편함이 적어서 매일 사용하게 되더라고요.

보습감도 적당해서 피부가 금방 건조해지는 느낌이 없었고, 메이크업 전에 발라도 밀리거나 들뜨는 현상은 거의 없었습니다. 번들거리는 광이 아니라 피부가 자연스럽게 좋아 보이는 정도의 표현이라 데일리로 사용하기 괜찮았어요. 향도 강하지 않아 거슬리지 않았고, 외출 중 덧발라도 두껍게 올라가는 느낌이 적었습니다.

산뜻한 사용감에 촉촉함도 어느 정도 갖춘 제품을 찾는 분이라면 한 번 사용해 봐도 괜찮을 것 같아요. 남성분들도 가볍게 쓰기 좋을 것 같습니다."
2026-07-31,A000000257580,63266071,2026.07.25,5,0,NORMAL, ,A03,B01,"C01,C02",12,10152.0,1,0,플라워날,데일리 선크림으로 사용하기도 좋고 화잘먹 선크림답게 화장하기 전에 바르면 좋더라고요. 자외선 차단도 해주고 아무것도 바르지 않는 것처럼 가벼우면서 촉촉해서 선크림이 답답하지 않았습니다. 로션같이 촉촉하면서 백탁이 없어요.
2026-07-31,A000000258831,63499444,2026.07.31,5,0,NORMAL, ,A01,B04,"C03,C10",0,1512.0,1,0,헬시바라,"판매자에게 제품비 일부를 지원받았지만 저의 솔직한 후기입니다.

겨울용 진짜 꾸덕꾸덕한 크림의 대명사라 느껴집니다. 추운 겨울날 장벽 손상되고 거친 바람에 푸석푸석해질 때 소량 적당히 퍼발라서 장벽 회복하는데 쓰면 굿굿.."
2026-07-31,A000000258831,63495179,2026.07.30,5,0,NORMAL, ,A03,B03,"C06,C09",0,1512.0,1,0,LaLaRa,"판매자에게 제품비의 일부를 지원받았지만, 저의 솔직한 후기입니다.

꾸덕해서 보습력 좋아요 잘 흡수시켜주면 겉도는 느낌 없고 촉촉해요! 피지오겔답게 순하고 자극없어서 좋았어요 저녁에 장벽크림으로 잘 쓰고 있어요"
2026-07-31,A000000258831,63498500,2026.07.30,5,0,NORMAL, ,A03,B06,"C05,C08",0,660.0,1,0,미앙구,보습에좋아요 겨울에 런닝하고 빨갛게 달아오른피부에 이거 듬뿍바르고자면 담날 피부원복가능👍🏻👍🏻👍🏻
2026-07-31,A000000258831,63503597,2026.07.31,5,0,GIFT, ,,,,0,528.0,1,0,댕냥,피부 예민한 사람한테 좋은거 같아요 보습력도 좋아서 한겨울에 발라도 촉촉했어요
2026-07-31,A000000230421,63335184,2026.07.27,5,0,NORMAL,밤투폼130ml(4ml*3ea)기획,A02,B02,C08,0,1512.0,1,0,사슴사슴,"포들향도 좋고, 이중세안 할 필요 없는 클렌저라서 좋아요.
사용 후 피부 당김도 없고 좋습니다. 재구매도 하고 선물로도 많이 줬는데 다들 만족하네요."
2026-07-31,A000000230421,62396670,2026.07.06,5,0,NORMAL,밤투폼 130ml(+손목밴드)기획,A01,B04,"C08,C10",3,1260.0,0,1,b304,"밤 타입이라 부드럽게 롤링하면 메이크업과 노폐물이 잘 녹아 나오고, 물을 더하면 풍성한 거품이 생겨 깔끔하게 마무리됩니다. 
진한 메이크업을 한 날에도 부담 없이 사용할 수 있었고, 세안 후 잔여감 없이 개운한 느낌이 오래 유지됐어요. 
피부가 예민한 편인데도 큰 자극 없이 편안하게 사용할 수 있어 앞으로도 꾸준히 사용할 예정입니다."
2026-07-31,A000000230421,63075346,2026.07.20,5,0,NORMAL,밤투폼 130ml(+손목밴드)기획,A03,B06,C01,2,1134.0,0,1,쯔바사,너무 잘 쓰고 있습니다. 제품력이 좋은 거 같아 만족도가 높군요.
2026-07-31,A000000230421,63081727,2026.07.21,5,0,NORMAL,밤투폼130ml(4ml*3ea)기획,A03,B02,C01,0,900.0,1,0,아리따운나,"아침부터 저녁까지 일하고 집안일까지 하다 보니 진한 메이크업을 꼼꼼히 지우는 것도 일이더라고요. 그래서 간편하게 사용할 수 있는 포들 밤투폼 사용해봤어요. 
클렌징밤으로 메이크업을 부드럽게 녹여주고 물을 더하면 폼처럼 변해서 한 번에 세안이 끝나니 정말 편해요. 세안 후에도 피부가 당기지 않고 촉촉해서 만족스러워요^^"
2026-07-31,A000000230421,62735107,2026.07.13,4,0,NORMAL,밤투폼 130ml(+손목밴드)기획,A06,B03,"C02,C03",1,900.0,1,0,새루의하루,"쓰면 쓸수록…왤케 고평가 됐는지 모르겠는 템….🫢

1. 클렌저 하나에 2만원? 일단 여기서부터 맘에 안듦 🥵
근데 뭐 다른 팩클렌저들도 요즘 비싸니까 일단 ㅇㅋ 하고 넘어감

2. 밤도 아니고 폼도 아닌 애매한 제형🫧

일단 생긴건 밤 타입인데…일반적인 클렌징밤이랑 제형이 매우 다름…
밤타입들은 메이크업 지우기 위해 약간 오일리한데 얘는 유분기가 없음 
이게 장점일 수도 있지만 개인적으로 마스카라 등 색조화장 지우기엔 많이 부족하다고 느낌👎👎
그리고 일단 얼굴에 도포하면 밤보다는 폼에 훨씬 가까운 느낌… 
클랜징 밤 기대하고 사면 무조건 실망할듯 . 폼 제형 기대하고 사면 만족할 수도 …🤨


요즘 유행하는 팩 클렌저들
용기 타입으로 바꾸고 좀더 부드럽게 만든느낌🫧
ㅇㄹㅅㅇ 팩클렌저보다 한두단계 더 고급진 제품이라 생각하면 편함

개인적으로는 후기만큼 막 좋지 않았음
가격생각하면 앞으로 구매 안할 듯💥"
2026-07-31,A000000230421,62411687,2026.07.06,5,0,NORMAL,밤투폼130ml(4ml*3ea)기획,A03,B01,"C02,C05",0,900.0,1,0,haha15c,"이거 너무 좋네요 
분명 밤인데 러빙하면서 마사지하면서 물을 적시면 폼클제형이 되어서 
피부에 큰 자극없이 편안하게 세안 및 마사지가 되서 좋아요ㅎ
그리고 마사지 따로 모공 청소 따로 세안따로 막 이러면 저 못하는데., 게을러서 ㅠ
이건 하나로 첨부터 마무리까지다되니까 저같은 귀차니즘에게 딱임!! ㅋ
그렇다고 효과가 미적지근한것도 아닙니다 
자극이 없으면서도 깔끔하게 세안이 되고 촉촉함까지 남아있어서 
피부에 부담이 덜 가는거ㅏ같아요 
감사합니다ㅎ
잘쓸께요"
2026-07-31,A000000230421,62131296,2026.07.01,5,0,NORMAL,밤투폼130ml(4ml*3ea)기획,A02,B05,"C01,C02",0,900.0,1,1,안녕엘리제,화장까지 이중세안 필요없이 화장까지 말끔하게 세정되네요 민감한 피부에도 자극없이 사용할 수 있어요 얼굴에 바르고 물몇방울만 묻혀서 롤링해주면 거품이 올라오면서 피지도 사르륵 녹여주고 화장도 깨뜻하게 지워지니까 너무 좋아요 세안후에도 피부가  따가움이나 당김없이 촉촉하게 유지되네요 벌써 몇통째 구매인지 모르겠어요 인기가 있는 이유가 있어요 ㅎㅎ
2026-07-31,A000000230421,63343576,2026.07.27,5,0,NORMAL,밤투폼 130ml(+손목밴드)기획,,,,0,792.0,1,1,jerrry제리,순한 밤투폼! 이중세안이 필요없어서 마음에 들고 잘쓰고있어요
2026-07-31,A000000230421,62249129,2026.07.03,5,0,NORMAL,밤투폼130ml(4ml*3ea)기획,A01,B01,C02,0,756.0,1,0,전주공주,"화장 지우기도 좋고 아침에 편하게 세안하기도 좋아서 재구매했어용
원래 피부가 민감하기도 하고 그런데 피부에 자극적이거나 하지도 않고 부드럽고 순하게 씻기 좋아서 좋고
이거 하나만으로도 화장 지우기도 좋고해서 잘쓰고있어요!"
2026-07-31,A000000230421,62249106,2026.07.03,5,0,NORMAL,밤투폼130ml(4ml*3ea)기획,A03,B03,"C01,C02",0,756.0,1,0,Dhaidu,"재구매해서 계속 쓰고 있는데
얼굴에 부드럽게 롤링해주고 나서 물에 닿으면 거품도 풍성하게 잘 나오기두 해서 좋기도 하고 엄청 세정력도 좋아서 잔여감없이 깨끗하게 씻기도 좋고 하면서도 피부에 자극적이지도 않아서 좋아용"
2026-07-31,A000000230421,62249101,2026.07.03,5,0,NORMAL,밤투폼130ml(4ml*3ea)기획,A06,B04,"C02,C09",0,756.0,1,0,제리공쥬,"구성이 좋기도해서 여행갈때 챙겨가기도 좋아요ㅎ
부드럽게 쓸수있고 다른거 없이 밤투폼이라 요걸로만 세안하고 나서도 트러블이 올라오거나 하지도 않고 깨끗하게 씻기도 좋고 하면서 클렌징하기 편해서 요즘 이거만 쓰고있어요 ㅎ"
2026-07-31,A000000230421,62249001,2026.07.03,5,0,NORMAL,밤투폼130ml(4ml*3ea)기획,A04,B01,"C01,C05",0,756.0,1,0,솔솔방울이,순하게 사용하기 좋아서 피부가 엄청 예민한 편이고 한데도 부드럽고 자극적이지도 않게 쓰기도 좋고 씻은 후에도 피부 당김이나 자극 하나도 없이 좋아서 편하기도 하고 데일리로 쓰기도 좋아용
2026-07-31,A000000230421,62229505,2026.07.02,5,0,NORMAL,밤투폼130ml(4ml*3ea)기획,A03,B02,"C01,C04",0,756.0,1,1,광산김시루,"왜 리뷰가 많은지 알겠어요
재구매 했고 친구들 선물로도 샀는데 정말정말 좋아요
일단 순한데 화장이 잘지워져서 최고에요
샘플로 3개줘서 여행용으로 아주 좋습니다 🥰"
2026-07-31,A000000230421,62156936,2026.07.01,5,0,NORMAL,밤투폼130ml(4ml*3ea)기획,A01,B02,"C01,C03",0,750.0,1,0,쯜구빵구,밤 제형인데 피부에 부드럽게 롤링해 주면 메이크업이랑 모공 속 노폐물이 싹 녹아내려요! 처음에는 쫀쫀한 밤 타입이었다가 물이 닿으면 미세한 거품 폼으로 변하는 밤투폼 제형이라 엄청 신기하더라고요~ 오일처럼 무겁거나 흘러내리지 않으면서 이중 세안할 필요 없이 한 번에 깔끔하게 딥클렌징을 끝낼 수 있으니까 아주 편하고 마음에 듭니다!
2026-07-31,A000000230421,63044322,2026.07.20,5,0,NORMAL,밤투폼130ml(4ml*3ea)기획,,,,0,675.0,1,0,귀범,"클렌징밤이라 사용해봤는데 처음에는 밤 타입으로 부드럽게 녹으면서 메이크업을 잘 지워줘서 편하게 느껴졌어요 피부에 자극 없이 롤링되는 느낌이라 부담이 없더라구요ㅎㅎ
물을 묻히면 폼으로 바뀌면서 한 번에 세안이 끝나는 점이 편했고 세안 후에도 당김 없이 촉촉한 느낌이 남아서 만족스러웠어요 간편하게 클렌징하고 싶은 분들께 잘 맞을 것 같아요~~"
2026-07-31,A000000230421,61765918,2026.06.22,5,0,NORMAL,밤투폼 130ml(+손목밴드)기획,A01,B02,"C05,C09",7,630.0,1,1,다밍미,"아! 한달후기 쓰는데 미니 포들주는거 너무 부러움ㅠ
전에는 손목밴드였는데 괜히 이런거에 한번 더 구매하고싶음..

포들은 부드러워서 롤링할때도 좋고, 향도 약간 바밤바 향 나서
엄마가 괜히 씻을때마다 한번 먹어볼까? 하면서 장난치는게 좋음!"
2026-07-31,A000000230421,61460760,2026.06.14,5,0,NORMAL,밤투폼130ml(4ml*3ea)기획,A03,B02,"C02,C03",4,630.0,1,0,까칠한40,"평소 밤투폼 쟁여두고 사용하고 있답니다. 피부에 자극이 적고 피지랑 화이트헤드 블랙헤드 정리해 주거든요 
저는 톤이 어둡고 잡티가 많은 편이라 워터프루프 제품 사용하는데요 그래서 메이크업이 잘 안지워질때가 많아요 밤투폼은 티비보면서 얼굴에 바른후 손에 약간 물 묻혀서 얼굴 전체 롤링해주면 자극없이 순하게 클렌징 되요 
거의 파데나 색조가 녹아서 나오면 물로 거품 엄청내서 계속 세안해준답니다. 거품이 사라질때 까지 뽀득하게 세안하면 메이크업 잔여물 전혀 없이 세안되거든요 
저처럼 피부커버 많이 하시는분들께 진심 강추요"
2026-07-31,A000000230421,62541874,2026.07.09,5,0,NORMAL,밤투폼130ml(4ml*3ea)기획,,,,0,600.0,1,1,예쁜것만씀,"세안 시간을 줄이고 싶어서 구매했는데 생각보다 훨씬 편했어요 ㅎ
부드럽게 마사지한 뒤 물만 더하면 풍성한 거품으로 바뀌어서 한 번에 세안이 끝나더라고요
피부 자극도 적고 촉촉하게 마무리돼서 만족스러웠습니다
미니 제품도 함께 들어 있어 외출할 때 챙겨 다니기 좋아요"
2026-07-31,A000000230421,62540855,2026.07.09,5,0,NORMAL,밤투폼130ml(4ml*3ea)기획,,,,0,600.0,1,1,예쁜게최고얏,"메이크업이 진한 날 사용할 클렌저 찾다가 구매했는데 만족스러워요 ㅎㅎ
밤 타입으로 부드럽게 롤링하면 메이크업이 잘 녹고 물을 묻히면 폼으로 바뀌어서 세안이 정말 편하더라고요
세안 후에도 피부가 당기지 않고 촉촉한 느낌이 남았습니다
여행용 미니 구성까지 들어 있어서 활용하기 좋아요"
2026-07-31,A000000230421,62425469,2026.07.06,5,0,NORMAL,밤투폼130ml(4ml*3ea)기획,A01,B01,"C01,C02",0,600.0,1,1,로아찡찡,"몇 통째 계속 사용하고 있는 클렌저라 떨어지기 전에 미리 주문해두고 있어요 밤 제형으로 메이크업을 부드럽게 녹여주고 물을 묻히면 풍성한 거품으로 바뀌어서 이중 세안할 필요 없이 한 번에 끝!!

세안하고 나면 피부가 땅기지 않고 촉촉한 편이라 건조한 날에도 꼭 사용하고 있어요 진한 메이크업을 한 날에도 잔여감 없이 깔끔하게 씻겨서 세안할 때 만족도가 높구요 자극 없이 편안하게 사용할 수 있어서 좋습니다~^^"
2026-07-31,A000000230421,62330553,2026.07.05,5,0,NORMAL,밤투폼130ml(4ml*3ea)기획,A02,B02,"C01,C02",0,600.0,1,1,happinesshae,"1차, 2차 클렌징 필요없는 밤투폼 클렌징밤!
재구매예요~
재구매가 말 다해 주죠 ㅎㅎ
밤향 나는 향에 스패츌러로 퍼서 세안하는 방식인데~!!
세안도 말끔하게 잘되고 세안후 피부가 보들보들하게 유지되어서 세안제는 이걸로 정착했어요~
이번엔 미니 밤투폼 세개씩이나 넣어주시네요~
여름 휴가때 사용하면 좋을 것 같아요!!
추천합니다!!"
2026-07-31,A000000230421,62253804,2026.07.03,5,0,NORMAL,밤투폼130ml(4ml*3ea)기획,A02,,,0,600.0,1,1,쥬디입만살아있는주디,다 쓰면 자연스럽게 다시 장바구니에 담게 되는 클렌저예요ㅎㅎ 밤에서 폼으로 바뀌는 제형이라 메이크업이랑 선크림까지 한 번에 깔끔하게 지워져서 계속 찾게 되더라구요^^ 기획 나올 때마다 미리 챙겨두는 제품이라 이번에도 고민 없이 바로 구매했어요♡
2026-07-31,A000000230421,62129447,2026.07.01,5,0,NORMAL,밤투폼130ml(4ml*3ea)기획,A02,,,0,600.0,1,1,쥬디입만살아있는주디,"벌써 몇 통째 쓰는지 모를 정도로 애정하는 클렌징밤이에요ㅎ
퇴근하고 화장 지우기 귀찮은 날에도 밤 하나로 롤링하고 물 묻히면 폼으로 바뀌니까 세안 시간이 확 줄더라구요^^
다 쓰기 전에 미리 주문해두는 몇 안 되는 제품이라 앞으로도 계속 함께할 것 같아요♡"
2026-07-31,A000000230421,62897723,2026.07.16,5,0,NORMAL,밤투폼130ml(4ml*3ea)기획,,,,0,567.0,1,1,gusdhr6770,"거의 다 써가길래 미리 또 쟁여두려고 구입했습니다. 나이 들수록 세안 후 건조함이 제일 신경 쓰이는데, 당김 없이 촉촉하게 수분결이 유지돼서 참 좋습니다. 자극적이지 않고 세정력도 훌륭해서 앞으로도 쭉 정착할 생각이에요."
2026-07-31,A000000230421,62897335,2026.07.16,5,0,NORMAL,밤투폼130ml(4ml*3ea)기획,,,,0,567.0,1,1,윤댕구22,이중 세안 안 해도 선크림이랑 베이스 메이크업까지 말끔하게 세정되니까 데일리 클렌저로 손이 자주 가요. 비건 제품이라 예민한 제 피부에도 자극 없이 편안하게 잘 맞아서 만족스럽습니다. 다 쓰면 또 살 거예요!
2026-07-31,A000000230421,61991657,2026.06.27,5,0,NORMAL,밤투폼130ml(4ml*3ea)기획,A02,B02,"C03,C08",2,558.0,1,1,햄팡팡,"밤투폼써보고 클렌징은 이걸로 정착했어요
정말 좋아요
악건성 피부에 예민한데 이거 쓰면 촉촉함만 남아서 정말 만족합니다"
2026-07-31,A000000230421,61950274,2026.06.26,5,0,NORMAL,밤투폼130ml(4ml*3ea)기획,A02,B05,"C03,C08",2,558.0,1,1,꿀밤고구마,"저의 최애 클렌징밤이에요
여기저기 소개하고 선물하고 전파하고 있어요
진짜 부드럽고 세안 후에 당기지 않아서 너무 좋아요
이번에 미국에서 오는 친구한테 주려고 샀네요"
2026-07-31,A000000230421,61646519,2026.06.19,5,0,NORMAL,밤투폼130ml(4ml*3ea)기획,A02,B05,"C03,C08",2,558.0,1,0,꿀밤고구마,"건조하고 예민한 피부에 이거만한게 없어요
당기는 클렌징들이 대부분인데 이건 진짜 세안하고나서 부드러워서 이것만 써요"
2026-07-31,A000000230421,61597858,2026.06.18,5,0,NORMAL,밤투폼130ml(4ml*3ea)기획,A02,B02,"C03,C08",2,558.0,1,0,햄팡팡,"저의 최애 클렌징으로 등극한 아이에요
건조하고 예민한 피부인데 밤투폼은 진짜 당기는거 없이 부드럽게 세안되서 만족해요"
2026-07-31,A000000230421,62634203,2026.07.11,4,0,NORMAL,밤투폼130ml(4ml*3ea)기획,A02,B04,"C02,C04",1,540.0,0,0,숙연해진떡,"씽둥이꺼 뺏어쓰다가 중독돼서 구매함! 

향 개맛있고 본인 컬러프라이머-쿠션-컨실러-픽서-파우더겁나많이-픽서-무펄하라 및 파우더블러셔 순으로 베이스 해서 고정력 짱좋은데 세정력 엄청 좋음. 

얼굴에 딱 올렸을때 약간 뻑뻑한 감이 있긴 한데 인내심을 갖고 많이 롤링해주면 다 지워짐. 오일이나 밤도 잘 지워지긴 하지만 오일에 폼클로 이차까지 해주면 장벽 다무너질거같아서 좀 그랬는데 얘는 물묻히면 폼클로 바뀌어서 짱조음

근데 눈 점막에 닿기만 해도 눈 겁나 따가움 ㅜ 눈은 먼저 리무버나 클렌징티슈로 닦고 사용해야할듯"
2026-07-31,A000000258832,63495250,2026.07.30,5,0,NORMAL, ,A01,B04,"C03,C10",0,1800.0,1,0,헬시바라,"판매자에게 제품비 일부를 지원받았지만 저의 솔직한 후기입니다.

30ml 본품에 무슨 1ml 15ea나 주셔서 45ml 어마어마한 양이 일단 자투리 먼저 개봉해서 써봤는데요. 제형 자체가 그렇게 무겁지 않아서 봄&여름에도 쓰기 좋고 가을&겨울에는 그냥 크림 보습감 올려서 쓰면 되고 참.. 정말 맘에 들어요. 운동 후 붉은 기 진정에 탁월합니다."
2026-07-31,A000000258832,63495208,2026.07.30,5,0,NORMAL, ,A03,B03,"C06,C09",0,1800.0,1,0,LaLaRa,"판매자에게 제품비의 일부를 지원받았지만, 저의 솔직한 후기입니다.

홍조인간이라 여름이면 붉은기 더 심해져서 사용해봤는데 일단 가볍고 촉촉해요 물과 앰플의 중간 제형 정도인데 순해서 자극 없었어요 진정 특화 성분이라 피부를 편안하게 만들어주는 느낌이에요 스포이드가 따로 내장이라 위생적인 점도 마음에 듭니다!!"
2026-07-31,A000000258832,63489222,2026.07.30,5,0,NORMAL, ,,,,0,1800.0,1,0,보바보,"판매자에게 제품비의 일부를 지원받았지만, 저의 솔직한후기입니다.

여름이라 피부에 붉은기도 심해지고 자외선 때문인지 볼 쪽이 따끔할 때가 있었는데 효과가 엄청 좋아요. 붉은기는 하루만 바르고 자고 일어나도 다음날 바로 진정돼 있고 피부가 정말 편해요. 자극에도 피부가 덜 민감해지는 느낌이에요."
2026-07-31,A000000258832,63487643,2026.07.30,5,0,NORMAL, ,A02,B04,"C01,C05",0,1800.0,1,0,쿨빈콩,"판매자에게 제품비의 일부를 지원받았지만 솔직한 저의 후기입니다✨️
워낙 민감성이라 클렌징워터나 오일만 써도 붉은기가 엄청 심해지고 피부가 화끈거려요ㅠ 진정용으로 피지오겔 세럼을 샀는데 바르자마자 화끈거림이 확실히 나아서 민감성이신 분들에게 추천해드리고 싶어요!"
2026-07-31,A000000258832,63483166,2026.07.30,5,0,NORMAL, ,A04,,"C08,C11",0,1200.0,1,0,YU217,"판매자에게 제품비의 일부를 지원받았지만, 저의 솔직한 후기입니다.
피부가 얇고 예민해서 피부염도 잘 생기고 금방 붉어지는 편이라, 이건 응급용으로 항상 쟁여둬야 하는 템이에요. 스포이드가 따로 들어있어서 뭔가 더 위생적인 느낌입니다.
​제형이 묽으면서도 촉촉한데, 피부에 순하게 착 스며듭니다. 여름에 열 올라오고 자극받아서 장벽 무너질 때 얹어주면 열감이랑 붉은기가 싹 진정되면서 속건조까지 잘 잡아줘요. 저처럼 피부 예민하고 붉어짐 심한 분들은 비상용으로 무조건 추천합니다."
2026-07-31,A000000261321,63498770,2026.07.31,5,0,NORMAL, ,A01,B05,"C05,C06",0,720.0,1,0,투르크막또르,"판매자에게 제품비의 일부를 지원받았지만, 저의 솔직한 후기입니다.
쫀쫀한데 흡수 잘돼서 좋아요! 최근에 뾰루지 나서 붉은기 남아있던 곳 옅어지는게 보여서 신기하네요 그리구 자기전에 바르고 다음날 화장하니까 훨씬 피부가 밝아보이는 느낌??"
2026-07-31,A000000261321,63505947,2026.07.31,5,0,NORMAL, ,A01,B01,"C01,C03",0,660.0,1,0,피츄츄,"판매자에게 제품비의 일부를 지원받았지만, 저의 솔직한 후기입니다.

여름이라 피부가 칙칙해져서 구매했어요
번들거림 없이 흡수되는 기분이라 좋아요
사계절 내내 사용하기에 좋아요"
2026-07-31,A000000261321,63494792,2026.07.30,5,0,NORMAL, ,,,,0,220.0,1,0,ellihada,전에도 분홍색 앰플을 사옹한 기억이 있는데 아마 리뉴얼되어서 나왔나봐요 살짝 점성있는 앰플 제형이고 흡수는 빠르게 되는 편이에요 촉촉한 미무리라 여름에는 이 제품만 사용해도 될 것 같아요
2026-07-31,A000000247241,62603744,2026.07.10,5,0,NORMAL,50ml+50ml,A03,B01,"C01,C02",11,4356.0,0,0,플라워날,톤업이 되어서 사용하기도 좋고 뽀송하고 마무리감이 있어서 편하네요
2026-07-31,A000000217620,63497008,2026.07.30,5,0,OFFLINE,마데카소사이드 흔적리페어 1매,A01,B05,"C01,C05",2,2952.0,1,0,디오니소스통,안색이 좋아지는 느낌적인 느낌을 받을 수있음. 가성비 팩이라 1일1팩도 가능함 but 노랑이는 약간의 자극이 있음 민감성은 웬만해선 파랑색쓰시길!
2026-07-31,A000000217620,63496922,2026.07.30,5,0,OFFLINE,비타민씨 잡티토닝 1매,A01,B05,"C01,C05",2,2952.0,1,0,디오니소스통,안색이 좋아지는 느낌적인 느낌을 받을 수있음. 가성비 팩이라 1일1팩도 가능함 but 노랑이는 약간의 자극이 있음 민감성은 웬만해선 파랑색쓰시길!
2026-07-31,A000000217620,63496778,2026.07.30,5,0,OFFLINE,콜라겐 코어탄력 1매,A01,B05,"C01,C05",2,2952.0,1,0,디오니소스통,안색이 좋아지는 느낌적인 느낌을 받을 수있음. 가성비 팩이라 1일1팩도 가능함 but 노랑이는 약간의 자극이 있음 민감성은 웬만해선 파랑색쓰시길!
2026-07-31,A000000192782,59975772,2026.05.22,5,0,NORMAL,[더블기획] 크림60+60ml,A01,B04,,110,26904.0,1,0,임콩순이,자극없이 순한 제품으로 알려져 있어 구매 후 사용해보았어요. 가벼운 크림제형에 흡수가 잘되며 모든 피부에 잘 맞는 것 같고 특히 속보습을 가득 채워주는 느낌을 받았어요. 재구매할 생각입니다:)
2026-07-31,A000000171427,63247272,2026.07.25,5,0,NORMAL,티트리 200매+케이스+스티커,,,,24,15912.0,0,0,수수숫221,꾸준히 사용했는데 자극 없이 촉촉해서 데일리로 쓰기 좋았어요. 흡수도 빨라 부담 없이 손이 갑니다.
2026-07-31,A000000171427,63238115,2026.07.24,5,0,GIFT,비타민씨 잡티 토닝 패드 200매,A02,B04,C04,24,15912.0,0,0,anhviet,패드가 부드럽고 에센스가 넉넉해서 매일 사용하기 좋았습니다. 피부결 정돈과 함께 피부가 한층 맑아 보이는 느낌이 들었고 대용량이라 부담 없이 사용할 수 있어 만족했습니다.
2026-07-31,A000000260515,63401814,2026.07.28,5,0,NORMAL, ,A01,B05,"C01,C02",2,1800.0,0,0,앙름,"🍓 가을 웜 딥 / 23~24호 / 지성, 수부지 피부 🍓

요즘은 아이크림 바르는 게 귀찮다는 생각이 거의 안 들어요 😊

손 안 대고 바로 사용할 수 있으니까 세안하고 자연스럽게 손이 가더라구요! ʕっꈍᗜꈍςʔ 바쁜 아침에도 금방 바를 수 있어서 꾸준히 사용하게 되는 것 같은 느낌?ㅎㅎ

진동 기능도 처음에는 신기하기만 했는데 계속 사용하다 보니까 그냥 바르는 것보다 흡수되는 느낌이 더 좋아서 만족하면서 쓰고 있어용 😊

눈가도 부담 없이 사용할 수 있는 편이라 매일 사용하기 괜찮았고, 꾸준히 바르니까 건조했던 눈가가 전보다 덜 당기는 느낌이라 좋았어요!

사용하기 간편한 게 제일 큰 장점이라 아이크림 귀찮아하시는 분들한테는 정말 추천드리고 싶은 제품입니당 💗"
2026-07-31,A000000223414,63411939,2026.07.28,5,0,NORMAL,티트리 진정수분 4매,A03,B04,"C01,C05",10,8712.0,1,0,feelslike,"피부 열감을 내리고 붉은 기를 빠르게 진정시키고 수분을 가득 채워줌👍🏼 여름에는 역시 저녁에 시원한 시트마스크 붙이면 짱☺️
가성비 포기 못해.. 요 제품만 평생 쓸 듯!! ㅋㅋㅋㅋㅋ"
2026-07-31,A000000223414,63209861,2026.07.24,5,0,GIFT,비타민씨 잡티토닝 4매,A02,B04,C04,10,7560.0,0,0,anhviet,피부톤이 칙칙해 보여 꾸준히 사용했는데 피부가 맑고 환해지는 느낌이 들었습니다. 에센스가 풍부하고 시트가 부드러워 피부에 자극 없이 사용할 수 있었습니다. 사용 후 피부가 촉촉하고 윤기가 생겨 메이크업도 더욱 잘 받았습니다. 잡티와 피부톤 관리에 도움이 되는 제품입니다.
2026-07-31,A000000223414,63168160,2026.07.23,5,0,NORMAL,티트리 진정수분 4매,A02,B05,"C01,C05",11,7290.0,1,1,lulululalalah,"* 티트리 성분잘맞아서 마스크팩 자주 해주는데
티트리 마스크팩은 메디힐이 가장 좋아요!!

* 가벼운 수분마스크팩이라서 아침저녁으로
사용하기 좋고 15분정도 붙이면
안마르고 딱 좋아요!!

* 티트리 마스크팩 찾는분들께 추천해요!!"
2026-07-31,A000000223414,63427104,2026.07.29,5,0,OFFLINE, 마데카소사이드 흔적 리페어 4매,A01,B03,C11,10,7272.0,0,0,울산현대,가성비 너무조아옹 행사하길래 구매했는데 좋습니다 !!!!
2026-07-31,A000000223414,63391200,2026.07.28,5,0,NORMAL, 마데카소사이드 흔적 리페어 4매,A04,B02,"C04,C05",10,7272.0,0,1,굼미굼미,"어제도 사용했어요. 여행 다녀온 후로 피부가 푸석해지고 손상된 것 같아 취침 전 세안하고 냉장고에 20분정도 넣어둔 마스크팩 꺼내서 썼네요! 흡수력 너무 좋고, 끈적임 없는데다가 기상하니 피부가 쫀쫀하고 매끈해졌어요 ㅎ"
2026-07-31,A000000223414,63369094,2026.07.27,5,0,NORMAL, 마데카소사이드 흔적 리페어 4매,,,,10,7272.0,0,0,iuu,재재재구매 중인데 에센스 양도 충분하고 얼굴에도 잘 맞고 진정 효과가 좋아요 추천드려요!!
2026-07-31,A000000223414,63293855,2026.07.26,5,0,NORMAL,비타민씨 잡티토닝 4매,A04,B02,"C04,C05",10,7272.0,0,1,굼미굼미,"지금처럼 햇살 강할 때, 피부에 열감이 있을 때, 햇빛으로 인한 피부손상시 사용하기 좋아요! 낮에 선크림을 발라도 피부에 손산이 있기에 저녁에 관리를 해줘야 하는데 저는 꾸준히 마스크팩 쓰고 있어요! 피부가 화사해져서 좋아요 ㅎㅎ"
2026-07-31,A000000223414,63289632,2026.07.26,5,0,OFFLINE, 마데카소사이드 흔적 리페어 4매,A02,B04,,10,7272.0,0,0,로,"바로 적용이 가능해서 문제없어서
사용이 편하고 저렴해서 좋아요"
2026-07-31,A000000223414,63031978,2026.07.19,5,0,NORMAL,비타민씨 잡티토닝 4매,A04,B02,"C04,C05",10,6750.0,1,1,굼미굼미,"요즘같이 덥고 습하고 햇살도 강한 날에는 비타민씨 마스크팩 필수! 작년부터 잘 써왔어서 이번 여름도 이 팩으로만 관리하고자 많이 구매했어요 ㅎㅎ 
미백은 당연 효과 있고 취침 전 사용시 진정에 탄력까지 효과 높아요!! 사용 후에는 끈젇임없이 흡수 잘되니까 강추해요!"
2026-07-31,A000000147779,63256612,2026.07.25,5,0,GIFT,[단품]갈릭버터 ,A01,B02,"C03,C05",0,3060.0,0,0,이지뽕,"얇게 썬 베이글을 구워 바삭하게 만든 느낌이에요. 마늘빵과 맛이 비슷하고, 마늘과 버터 풍미가 조화롭고 너무 맛있어요. 바삭하고 사이즈도 한입크기라 먹기 편해요."
2026-07-31,A000000147779,63256560,2026.07.25,5,0,GIFT,[단품]리얼피자,A01,B02,"C03,C05",0,3060.0,0,0,이지뽕,"맥주 안주로 잘 어울리는 맛이에요. 좀 짭짤하고 중독성 있는 편이고,  피자보다 과자 시즈닝에 가깝습니다. 바삭한 식감이고, 사이즈가  한입 크기라 먹기 간편하고 좋습니다."
2026-07-31,A000000147779,63496896,2026.07.30,5,0,NORMAL,[먼작귀 빅띠부씰기획]애플코코 소보로,A01,B05,"C01,C05",2,2952.0,1,1,디오니소스통,빠삭하고맛있는데 먼작귀 띠부 콜라보 더 주세요ㅠㅜ 제가 살게요. 빅띠부씰 더줘.
2026-07-31,A000000260584,63266531,2026.07.25,5,0,NORMAL,01 로우 시에나,A03,B06,"C01,C02",0,1200.0,1,0,esyoo,"1호 2호 두개 구매했는데 둘다 너무 예쁨 ㅠㅠ

요즘 매일 손이 가는 하이라이터임!!
케이스부터 완전 영롱하고 예뻐서
기분 좋아지는 소장 욕구 자극템임 ㅠㅠ

발색도 텁텁함 없이 피부에 착 밀착되면서
차르르한 맑은 광채를 확실하게 살려줌.

가루 날림 없이 콧대나 광대에 슥~ 올려주면
입체감 바로 살아나서 데일리로 완전 추천함!!!"
2026-07-31,A000000260584,63266212,2026.07.25,5,0,NORMAL,02 로즈 헤이즈,A03,B06,"C03,C05",0,1200.0,1,0,esyoo,"1호 2호 두개 구매했는데 둘다 너무 예쁨 ㅠㅠ

요즘 매일 손이 가는 하이라이터임!!
케이스부터 완전 영롱하고 예뻐서 
기분 좋아지는 소장 욕구 자극템임 ㅠㅠ

발색도 텁텁함 없이 피부에 착 밀착되면서 
차르르한 맑은 광채를 확실하게 살려줌. 

가루 날림 없이 콧대나 광대에 슥~ 올려주면 
입체감 바로 살아나서 데일리로 완전 추천함!!!"
2026-07-31,A000000260584,63174674,2026.07.23,5,0,NORMAL,02 로즈 헤이즈,,,,0,66.0,1,0,bod****,"1호랑 고민하다가 2호가 좀 더 자연스러운거같아서 구매했어요
근데 좀 핑크 느낌이 생각보다 강해서 1호랑 2호의 중간이 나오면 좋겠어요"
2026-07-31,A000000260584,63341561,2026.07.27,5,0,NORMAL,02 로즈 헤이즈,,,,0,36.0,0,0,고양이좋다많이,막 뺌 광은 아님 근데 물빛광임 내가 좋아하는.. 맘레 듷어오 맑음
2026-07-31,A000000223554,61176144,2026.06.08,5,0,GIFT,오리지널 20구미,A03,B04,"C06,C09",51,4230.0,1,0,고물가시대의깐깐징어,"잠 못주무시는분들께 진짜 추천합니다

전 진짜로 도움이 됐기때문에 추천하지만 그래도 혹시모를 부작용이 있으니깐 가장 저렴한 1회용 액상 멜라토닌 드셔보시고 잘 맞는 분들은 알약형태나 이런 젤리형태로 갈아타시는거 추천합니다

제가 지금까지 먹어본 액상형/알약형/젤리형
비교해보겠습니다
어차피 제 후기는 탑리뷰어 서로 좋아요 눌러주면서 조작하는 사람들때문에 묻히겠지만 한분이라도 도움이 되길 바라면서 길게 적어봅니다

먼저 전 젤리형 쿵야인형주는 뉴트리코어꺼 닥터뉴트리꺼 원영이가 모델인 배러레스트 cj에서 나왔던거(단종) 그린몬스터꺼 먹어봤습니다

1) 액체형 배러레스트
장점: 멜라토닌 입문하기 좋은 저렴한 가격 편의점에서도 팔아서(gs) 접근성 좋음
양이 많아서 먹으면 30분내로 바로 효과옴
단점: 양이 많아서 먹고 바로 눕기 좀 그렇고 양이 좀 많아서 헤비함, 아침에 졸림

2)젤리형
뉴트리코어(쿵야)
장점: 맛있음, 먹기편함, 쿵야키링까지 주니깐 좋음 
단점: 맛있어서 또 먹고싶어짐, 개인차가 있을지도 모르지만 뉴트리코어꺼는 먹고나면 낮에 묘하게 졸림, 효과 오는게 액상형이나 알약형보다 더 느림

닥터뉴트리
장점:제일맛있음,먹기편함,아침에 졸리지 않음,저렴함
단점:맛있어서 하나 더 먹고싶음, 효과오는게 좀 느림 

3)알약형 
그린몬스터
장점: 효과 빠름, 중간에 깨지 않음
단점: 알약형태라 물마시고 하는 과정이 너무 귀찮아서 손이 잘 안감

알약형 베러레스트
장점: 10회분이라 잠깐 먹어보기 좋음
단점: 알약형태라 물마시고 하는 과정이 너무 귀찮아서 손이 잘 안감& 효과미미함

일단 이렇고요
추가적인 부작용인 아침에 졸림은 개인차가 있을 수 있습니다 
그리고 멜라토닌 부작용중에 하나가 악몽을 많이 꾼다는건데 저는 악몽보다는 꿈을 더 많이 꾸긴 했습니다 그치만 평소에 악몽을 많이꾸거나 가위에 잘 눌리시는 분들은 액상형으로 시험차 드셔보시고 결정하시는게 좋읗 거 같아요
그리고 멜라토닌 먹고 너무 푹 자느라 아침에 못 잃어나면 어쩌지 싶은 분들도 계실텐데 의외로 전 멜라토닌을 먹고 좋았던 건 잠에서 깨는게 빨랐다는 점 입니다 아침잠이 많아서 깨고 밍기적거리다가 더 잠들어버리고 늦잠자는 경우가 많았는데 오히려 빨리 일어나야 할 날이거나 중요한 일이 있을땐 전 꼳 먹고 잡니다 그래야 아침에 알람 울리면 눈이 뽝! 떠지거든요 물론 빨리 잠들어서 그럴수도 있겠지만 새벽 2시에 먹고 자도 아침 알람 소리에 맞춰 눈이 뽝 떠졌습니다

마지막으로 멜라토닌은 수면관련 호르몬을 몸밖에서 넣어줘서 수면리듬을 조정하는거니깐 이거에 계속 의존하는건 좋지 않다고 봅니다 그러니 주 2~3회만 드시면서 수면습관을 개선하는게 좋습니다"
2026-07-31,A000000223554,63271062,2026.07.25,5,0,OFFLINE,오리지널 40구미 + 잠만보 말랑볼,A03,B04,"C02,C08",1,2520.0,1,0,네모설탕,"수면 패턴 맞추기 좋은 멜라토닌 젤리에욥 ㅎㅎ 지금 6,7개월 동안 매주 3~4개씩 꾸준히 먹는 중인데 한 개만 먹어도 15분 뒤에 졸려서 잠들어요 혹시나 내성 생겨서 갯수 늘려야 되나 생각했는데 아직은 괜찮은 것 같아욥 그런데 바로 잠들 수 있는 장점 때문에 필요 없는 날에도 계속 찾게돼요😭 이제는 필요할 때만 먹으려고 노력하려구욥!! 
그리고 몰랐는데 젤리 소포장지에는 유통기한이 안 적혀 있도라구요 곽 옆쪽에 유통기한 나와있어서 곽 버리시면 안 될 것 같아요..!

장점
-젤리형이라 그런가 흡수가 잘 돼서? 15분도 안 돼서 졸음 몰려옴
-수면패턴 맞추기 최적
-맛있음 (개인적으로 로우슈가는 맛 없음..)

단점
-푹 잔 것 같은 느낌은 아님
-악몽 자주 꿈 (첫 한 달은 안 꿨던 것 같은데 지금은 꿈을 자주 꿈)
-먹고 양치 해야 됨


(그리고 개인적인 경험인데 멜라토닌 젤리 먹고 웹툰 집중해서 재밌게 보니까 잠이 하나도 안 오더라구요 그래서 새벽에 하나 더 먹고 자기 전에 또 휴대폰 하는데 잠이 안 와서 억지로 자려고 폰 안보고 눈 감고 있으니까 10분 뒤 쯤에 잠들었던 것 같아요 .. 아무리 멜라토닌을 먹었다고 하지만 먹고 너무 몰입해서 뭔가를 하면 잠을 더 못 자는 것 같아욥 ㅠㅠ 멜라토닌 믿고 자기 전에 휴대폰 보는 거 비추천 합니당.. )"
2026-07-31,A000000223554,63198533,2026.07.23,5,0,NORMAL,[파격특가] 버라이어티팩 40구미 ,A03,B02,"C01,C02",2,2430.0,1,0,무릉무릉부릉부릉,"올영라이브에서 싸게 잘 구매했어요! 
지금 리뷰는 일단 리치백도 한개를 먹은 상태로 사진을 찍은 거에용! 리치백도 그냥 이름만 봐도 너무 궁금해서 바로 입에 넣었습니다.

리치백도 10개
타트체리 12개
애플민트 12개
패션후르츠 7개

저는 이렇게 총 41개 왔어요! 
올리브영에서 영양제 많이 시켜봤는데, 낱개포장되어있는 영양제들은 이렇게 1-2개 정도는 여유있게 더 넣어주는 것 같더라구요!
4가지 맛이 나름 균형있게 갯수 맞춰서 들어있는 점도 좋았어요!

🍑 아직은 리치백도 맛만 먹어봤는데 맛있어요!!! 이름대로 그냥 리치랑 백도 복숭아랑 섞은 것 같은 상큼달달한 맛이구, 식감도 너무 흐물텅거리지 않아서 좋았어요! 탱글탱글한 식감이라 씹는 맛도 재밌어요!

잠 잘 오는 느낌도 확실히 있어요! 저 같은 경우에는 약간 머리랑 눈꺼풀이 무거워지는 느낌이 서서히 오면서 평소보다 잠에 깊게 잘 드는 것 같아요!

+ 🍏🍵 방금 애플민트 맛도 먹어봤는데 맛있음!!!
라이브 설명에서는 화한 맛이 난다고 해서 솔직히 내 취향 아닐 것 같았는데 막상 먹어보니 맛있음!! 내가 예상했던 것처럼 목캔디마냥 목구멍까지 화한 느낌 절대 아니고 그냥 후라보노 정도의 아주 약하게 시원한 느낌이 듦!(어쩌면 후라보노보다도 덜 화함) 그래서 호불호가 생각보다 적을 것 같음!
라이브에서는 애플보다 민트의 비중이 더 크다고 들었던 것 같은데, 내 느낌 상으로는 애플의 비중이 더 크게 느껴짐! 애플 60 민트 40 정도? 달달시원한 애플민트 일단 내 입맛에 합격👍

궁금해서 바로 패션후르츠도 먹어봄🥭
음… 이것도 일단 맛잇는데, 뭔 맛이라고 설명을 못하겠음! 일단 난 패션후르츠라는 과일을 쌩으로 먹어본 적이 없어서 그런가봄! 그냥 달달하고 달달합니다.
굳이굳이 설명을 해보자면 살짝 망고랑 파인애플 요런 애들 섞은 맛이라고 해야하나…? 모르것고 일단 그냥 맛있습니다.

+
🍒 타트체리까지 다 먹어봤음! 타트체리는 새콤하고 찐한 체리맛 그 잡채! 저는 이게 최애인 것 같습니다. 더 먹고 싶어져요."
2026-07-31,A000000223554,63272643,2026.07.25,5,0,OFFLINE,오리지널 20구미,A03,B04,"C02,C08",1,2232.0,1,1,네모설탕,수면 패턴 맞추기 좋은 멜라토닌 젤리💜 타르체리 맛도 괜찮고 식물성이라 뭔가 부담없이 먹기 좋아요
2026-07-31,A000000223554,62895246,2026.07.16,5,0,OFFLINE,오리지널 20구미,A03,B01,"C03,C05",3,2214.0,1,0,로블록스중독,두개 정도 ...  열시쯤... 먹으면  열한시쯤엔  잠이  솔솔  옵니다. 은근히 효과  있어요. 내일  중요한 일정이  있어서  잠 컨디션이  중요하면  무조건 먹습니다♡  진한 포도맛이라 생각하시면 됩니다.
2026-07-31,A000000223554,62440509,2026.07.07,1,0,NORMAL,20구미 (멜라토닌 1mg),A02,B03,,8,1980.0,0,0,한노루,"제가 여태 멜라토닌을 여러개 먹어봣는데
다 2mg이더라고요 
그래서 매일먹을거면 1mg 약한 걸 먹는게 나을듯해서
요걸 구매해봤는데

잠은 잘오는데 왜 다음날 머리가 깨질듯이 아플까요 ㅠㅜ😭
다른 멜라토닌은 먹고 나면 다음날 눈이 확 떠지고 개운한데
이거는 너무 머리가 띵하고 몸이 무겁더라고요 ㅠㅜ
하나도 개운하지가 않아요 ㅠㅜ 아침에 넘 힘들었어요
일단 오늘도 다시 먹었는데 함 지켜볼게요…ㅔ"
2026-07-31,A000000223554,63407044,2026.07.28,5,0,NORMAL,[파격특가] 버라이어티팩 40구미 ,,,,3,1860.0,0,1,건성김미연29세,"원래 불면이 좀 있는데 
이거 먹고 커어어어억 하고 바로 기절…; 

그동안 먹었던 캐모마일티 릴렉스 라벤더 어쩌고 .. 다 필요없음 .. 

바로 재구매 했습니다.."
2026-07-31,A000000223554,63406958,2026.07.28,5,0,NORMAL,[파격특가] 버라이어티팩 40구미 ,,,,3,1860.0,0,0,건성김미연29세,"원래 불면이 좀 있는데 
이거 먹고 커어어어억 하고 바로 기절…; 

그동안 먹었던 캐모마일티 릴렉스 라벤더 어쩌고 .. 다 필요없음 .. 

바로 재구매 했습니다.."
2026-07-31,A000000223554,62810903,2026.07.14,5,0,NORMAL,[파격특가] 버라이어티팩 40구미 ,A07,B02,"C01,C12",3,1530.0,1,0,berr****,"멜라토닌 궁금해서 사봤어요
버라이어티팩이 가격이 저렴해요
맛도 다양하니 질리지않을거같아요^^
유통기한은 식품이라 막길지않구요~~"
2026-07-31,A000000223554,63334998,2026.07.27,5,0,NORMAL,[파격특가] 버라이어티팩 40구미 ,A01,B03,C11,2,1512.0,0,0,bbokari,동생이 먹어보고 싶다고 해서 사줬어요! 이거 먹으면 잠에 빨리 든다고 하네요
2026-07-31,A000000223554,62645956,2026.07.11,5,0,NORMAL,[파격특가] 버라이어티팩 40구미 ,A03,B04,"C01,C05",2,1476.0,1,0,바두깅,"항상 잘먹고 있다가 신상나와서 구매했는데, 복숭아 맛이 진짜 맛있어요!! 아무래도 맛이 있다보니까 다른 멜라토닌 먹다가도 이걸로 돌아와용"
2026-07-31,A000000223554,62831084,2026.07.15,5,0,NORMAL,[파격특가] 버라이어티팩 40구미 ,A02,B03,"C01,C04",1,1260.0,1,1,올리뷰,"효과가 있는지는 모르고 맛있어서 구매했던건데 먹다보니 플라시보 효과인지는 몰라도 먹으면 노곤해지면서 잠이와요.

모르고 낮에 먹었는데 낮에 먹으면 졸리고 상세페이지 보니까 자기 한시간 전쯤 먹으라고 써있던데 먹고나면 잡생각 없이 잠이 드는 느낌이더라구요.

막상 자려고 누웠는데 이런저런 생각나서 잠이 안올때 먹으면 더 좋은 것 같아요. 

개인적으로 애플민트맛?은 좀 별로고 나머지맛은 괜찮았어요!"
2026-07-31,A000000223554,62565479,2026.07.09,5,0,OFFLINE,[파격특가] 버라이어티팩 40구미 ,A02,B03,"C01,C04",0,900.0,1,0,올리뷰,"맛있어서 계속 낮에 먹게된다는게 좀 문제이긴합니다ㅎ...박스에서는 못봤는데 상세페이지에는 자기 한시간전쯤 먹으면 좋다고 써있더라구요.

예전에는 맛이 하나였던 것 같은데 이번에 기획으로 다양하게 나와서 좋고 개인적으로 애플민트맛이 그냥 좀 애매했고 다른맛은 다 맛있어요!

이빨자국 남는 약간 쫀득한 스타일의 젤리인데 식감도 좋고 맛있어서 계속 먹게됩니다. 뭔가 잠을 잘 잔다던가 이건 꾸준히 먹어봐야 알 것 같긴해요."
2026-07-31,A000000223554,62526672,2026.07.08,5,0,NORMAL,오리지널 20구미,A03,B05,"C04,C06",0,900.0,1,0,이미피,"💖자기 전 루틴을 조금 잡아보고 싶어서 멜라메이트 구미 오리지널 20구미로 구매했어요. 알약은 물이 필요해서 귀찮을 때가 많은데, 구미 타입은 간식처럼 챙기기 쉬워서 꾸준히 먹기 좋아요

😊장점

구미 크기가 부담스럽지 않고 식감도 너무 딱딱하지 않아서 먹기 편했어요. 오리지널 맛이라 특별히 호불호 강한 느낌은 아니었고, 자기 전에 하나 챙겨 먹는 과정이 복잡하지 않아서 좋았어요. 병이나 알약통을 꺼내는 것보다 훨씬 간단해서 침대 옆이나 파우치에 두고 먹기 괜찮더라고요.

저는 먹고 바로 잠이 확 온다기보다는, 자기 전 휴대폰 줄이고 조용히 쉬는 루틴이랑 같이 챙겼을 때 더 잘 맞았어요. 20구미라 처음 입문용으로 먹어보기에도 부담이 적었어요.

😒아쉬운 점

구미 타입이라 맛있다고 여러 개 먹기 쉬울 수 있어서 권장량은 꼭 지켜야 할 것 같아요.ㅋㅋㅋ 그리고 수면 관련 제품은 사람마다 체감이 다를 수 있어서, 한두 번 먹고 바로 큰 변화를 기대하기보다는 생활 패턴 관리랑 같이 보는 게 맞는 것 같아요.

💕이런 분들께 추천해요💕

* 알약보다 구미 타입을 선호하는 분
* 자기 전 간편한 루틴 제품을 찾는 분
* 처음 멜라토닌 제품을 가볍게 먹어보고 싶은 분
* 물 없이 편하게 챙길 수 있는 제품을 원하는 분"
2026-07-31,A000000223554,62443612,2026.07.07,5,0,NORMAL,[파격특가] 버라이어티팩 40구미 ,A03,B06,"C01,C05",0,900.0,1,0,랴님,"알약 형태는 물이랑 챙겨마시기 귀찮아서 이따가 먹어야지, 먹어야지 하다가 결국 잊어버리는 경우가 종종 있거든요ㅠ 이건 쫄깃하고 상큼한 젤리 같아서 밤마다 간식 먹는 기분으로 부담 없이 챙겨 먹기 딱 좋아요. 맛이 네 종류라 골라먹는 재미도 있어요. 이거 먹고 누우면 확실히 중간에 깨는 거 없이 아침까지 푹 자고 일어날 수 있어서 개운해요."
2026-07-31,A000000223554,62398944,2026.07.06,5,0,NORMAL,[파격특가] 버라이어티팩 40구미 ,A03,B01,"C01,C03",0,900.0,1,0,in9866,이거 정말 이젠 없어선 안될 제품이에요 ㅎㅎ 저녁에 하나씩 꺼내 먹으면 잠이 진짜 잘 와요 샤워 하기 전에 한알 먹고 씻고 나와서 잘 준비하고 있으면 정말 신기하게 잠이 와요 ㅎㅎ 막 쏟아져요 참을수 없이 잠이 와요 ㅎㅎ 이제 없으면 불안하네요 ㅎㅎ 이번에 기획?인지 맛이 4가지가 나와서 할인도 해서 구입했어요~
2026-07-31,A000000223554,62368626,2026.07.05,5,0,NORMAL,[파격특가] 버라이어티팩 40구미 ,A02,B01,"C01,C02",0,900.0,1,0,kloe,"알약 대신 구미 형태라 부담 없이 먹을 수 있어 꾸준히 챙기기 좋았습니다. 다양한 과일 맛이라 거부감 없이 간식처럼 섭취할 수 있었고, 자기 전에 먹는 루틴을 만들기에도 편했어요. 식감도 너무 질기거나 끈적이지 않아 만족스러웠습니다. 개별 포장이라 외출이나 여행 갈 때 챙기기 좋고 위생적으로 보관할 수 있는 점도 장점이었어요. 효과는 개인차가 있겠지만 잠들기 전 편안한 습관을 만드는 데 도움이 되는 느낌이라 꾸준히 먹어볼 생각입니다."
2026-07-31,A000000223554,62151634,2026.07.01,5,0,NORMAL,40구미 로우슈가 +잠만보 말랑볼 ,A03,B01,"C01,C03",0,900.0,1,0,in9866,잠만보 말랑이 줘서 구입했어요 ㅎ 전 개인적으로 로우슈가보다 일반이 더 맛있어요 근데 진짜 잠이 잘 와요 먹고 샤워후 있다보면 잠이 진짜 막 쏟아져요 진짜 잠이 잘 와서 신기해요 이거 늘 먹어야 하는거 아닌가 싶을정도로 ㅎ 그래서 꾸준히 먹어야 겠어요 ㅠ 이제 거의 매일 먹고 안먹으면 이상하게 잠이 안와요 ㅠ ㅎㅎ
2026-07-31,A000000223554,61876132,2026.06.24,5,0,NORMAL,40구미 로우슈가 +잠만보 말랑볼 ,A02,B01,C08,33,810.0,1,0,웬디뷰티,"와 ㅂ면증 달고 사는데 이거 먹으면 30분 이내로 바로 자여 너무 신기해...
영양제인게 신기해요 효과가 이럴수 있나 싶어요!
맛있는 젤리라 먹기도 좋은데 대신 악몽 꾸거나 아침에 너무 일찍 계속 깨게 되어서 진짜 급할 때만 먹으려해요!
엄청 붓ㄱ 하고 다음날 피곤하더라구요!

그래도 확실히 잠드는건 알았으니 급할때는 꼭 챙겨야겠어요! 하루 효과보고 2박스 쟁였는데 천천히 살걸 그랬나봐요 
효과는 짱입니다!!"
2026-07-31,A000000223554,63393661,2026.07.28,5,0,NORMAL,[파격특가] 버라이어티팩 40구미 ,A01,B03,C01,0,792.0,1,0,쁘땅,잠 안올때 먹으면 금방 노곤해져요 꾸준히 구매하는 제품입니다
2026-07-31,A000000223554,63334244,2026.07.27,5,0,NORMAL,[파격특가] 버라이어티팩 40구미 ,A02,B05,"C01,C05",0,792.0,1,0,나늬이,"다양한 맛을 한 통으로 즐길 수 있어서도 좋고 식감이 무엇보다 말랑해서 좋아요. 효과가 있는지 없는지는 잘 모르겠지만 심리적인 효과인지 먹었을 때와 먹지 않았을 때 미묘한 차이가 있는 것 같아요!
무엇보다 맛이 좋습니다."
2026-07-31,A000000223554,62497514,2026.07.08,5,0,NORMAL,[파격특가] 버라이어티팩 40구미 ,A03,B06,C01,1,756.0,1,0,GinWife,원래도 잘 챙겨 먹고 있던 제품인데 다양한 맛으로 나온 데다가 대용량이어서 겟! 기존 타트체리 맛에 이어서 애플민트 패션후르츠 리치백도 이렇게 4가지 맛이 있어서 질리지 않고 번갈아가면서 먹는 재미도 있음!
2026-07-31,A000000223554,62306692,2026.07.04,5,0,NORMAL,[파격특가] 버라이어티팩 40구미 ,A03,B04,"C01,C06",0,756.0,1,0,드리즐,수면무호흡이 있어서 숙면이 힘들다보니 요즘 멜라토닌을 꼭 챙겨먹고 있는데요 마시는것도 있지만 젤리가 젤 먹기 좋더라구요. 이거 무려 4가지 맛이 들어있어서 골라먹는 재미도 있고 모든 맛이 다 맛있네요.
2026-07-31,A000000223554,62410810,2026.07.06,5,0,NORMAL,[파격특가] 버라이어티팩 40구미 ,A06,B01,"C01,C03",0,750.0,1,0,햄보케,멜라토닌은 해외여행갈때 구매한적도 있어서 식물성 맬라토닌은 효과가 있을까 싶었는데 씨제이에서 유산균 사먹고 사은품으로 받은 요 멜라토닌 구미 먹고 효과를 알아버렸어요! 그래서 구매했는데 맛도 4가지더라구요ㅎㅎ구미 식감도 진짜 젤리식감이라 간식으로 느껴질정도에요! 추천해요
2026-07-31,A000000223554,62321891,2026.07.04,5,0,NORMAL,[파격특가] 버라이어티팩 40구미 ,,,,0,750.0,1,0,1푸딩,"식물성 멜라토닌이 들어있다고 말 안 하면 그냥 맛있는 젤리 같아요ㅎㅎ 특히 리치백도 맛 넘 맛있음!🍑
부담 없는 1mg 설계에 4가지 맛이라 기분에 맞춰 골라 먹기 좋고, 구미 타입이라 처음 시작하는 분들도 부담 없이 먹기 좋은 것 같아요 :)"
2026-07-31,A000000223554,63407500,2026.07.28,5,0,NORMAL,50구미 (멜라토닌 1mg),,,,0,660.0,1,0,커피원샷,멜라메이트 구미 수면에 도움은 잘 모르겠는데 맛있어서 먹기 편해요~
2026-07-31,A000000223554,63330702,2026.07.27,5,0,NORMAL,오리지널 20구미,,,,1,660.0,0,0,봄웜여뮤뉴트럴,"효과가 좋은 느낌 
싸구려 식물성 멜라토닌은 악몽을 자주꾸는데 이건 효과도 좋고 잘 잤어여"
2026-07-31,A000000223554,63239472,2026.07.24,5,0,OFFLINE,40구미 로우슈가 +잠만보 말랑볼 ,,,,1,660.0,0,0,돈이없어다어디감,로우슈가라서 더 좋아요! 어머니 사드린 건데 궁금해서 하나 먹었더니 악몽꿨어요 아 그냥 잘 걸..
2026-07-31,A000000223554,62247083,2026.07.03,5,0,NORMAL,[파격특가] 버라이어티팩 40구미 ,A03,B03,"C06,C07",0,630.0,1,0,따구볼,젤리 한알 먹었는데 잠이 솔솔 와요 편안하게 잠들어서 너무 기분이 좋습니다. 젤리도 기대 이상으로 맛있고. 맛도 다양해서 하루하루 질리지 않게 먹을 수 있을 것 같아요..
2026-07-31,A000000223554,62484574,2026.07.07,5,0,NORMAL,[파격특가] 버라이어티팩 40구미 ,A01,B04,"C01,C02",0,600.0,1,0,성냥팔이중년,"잠드는 시간이 들쑥날쑥해서 수면 루틴을 맞춰보려고 식물성 멜라토닌 1mg 제품을 구매했어요. 1mg이라 부담이 적은 편이라 처음 시작하기에도 괜찮았고, 자기 전에 물과 함께 간편하게 챙겨 먹기 좋았어요.

고함량 제품보다 저용량이라 제 생활 패턴에 맞게 시작할 수 있다는 점이 마음에 들었고, 식물성 원료를 사용한 제품이라 더 안심하고 선택했어요. 캡슐 크기도 크지 않아 목 넘김이 편했고, 매일 자기 전에 챙겨 먹는 습관을 들이기에도 부담이 없었어요.

요즘은 취침 전에 휴대폰을 일찍 내려놓고 멜라토닌도 함께 챙기면서 수면 루틴을 만들고 있는데, 꾸준히 관리해 보려고 합니다. 처음 멜라토닌을 시작하는 분들이나 저처럼 저용량 제품을 찾는 분들에게 괜찮은 선택인 것 같아요."
2026-07-31,A000000138953,63483520,2026.07.30,3,0,NORMAL,[7월올영픽] 웨트컬크림 기획,A04,B04,"C01,C06",0,1500.0,1,0,린누,"여자인 긴머리가 쓰는 리뷰 

저는 폴리쉬오일 크림 버젼이라 생각하고 구매해서 그런지 생각보다 만족하지못하네요
그 기존에 다른 폴리쉬 오일을 사용하다가
아무래도 기름 냄새가 좀 나서.... 
웨트 컬 크림으로 구매해봤는데 .. ㅜㅜ 
제가 생머리라 그런지 조금 뻗뻗하게 뻗치는 느낌
그리고 고정력이 있는 느낌이라 
폴리쉬 오일이랑은 다르더라구요
제가 잘 못구매한 느낌이에오
짧은 머리 셋팅하는 남자한테 줄려구영 ㅋ"
2026-07-31,A000000254474,60621833,2026.06.02,5,0,NORMAL,튜베로즈,A04,B04,"C05,C06",0,450.0,1,0,hannah8618,"은은한 장미향이 쫙 퍼져서 기분이 좋아요
3-4시간은 거뜬히 향이 유지가 되어서 만족했어요

딱히 수색이 있지 않아서 옷이나 패브릭 쇼파에 모두 사용하기 편리합니다

크기도 적당하고 손에 잘 들어와서 쥐시도 편하고
고루 분사가 잘 되는 편이라 사용하기 용이했습니다"
2026-07-31,A000000254474,60631863,2026.06.02,5,0,NORMAL,로얄스위트,A06,B04,"C02,C09",2,378.0,1,0,제리공쥬,"사이즈도 적당하고 해서 뿌리기도 좋으면서 분사력도 좋아서 뿌리기도 좋고 
거기다가 향기가 진짜 은은하고 좋기도해서 호불호 없이 뿌리기도 좋으면서 은은하게 좋은 향이 
오랫동안 유지되서 더 좋네요"
2026-07-31,A000000254474,60575254,2026.06.01,5,0,NORMAL,로얄스위트,A06,B03,"C05,C08",0,378.0,1,0,으녜에,로얄스위트! 파우더리한향과 꽃향이 함께 나서 샤*향 같이 너무 은은하게 지속력이 좋아요 분홍색병같이 좋은 향이 지속력이 향수가 아닌데도 옷에 뿌려 놓으면 은은하게 나서 좋아요
2026-07-31,A000000254474,60521150,2026.06.01,5,0,NORMAL,튜베로즈,,,,0,375.0,1,0,현지짱S2,섬유향수와 섬유탈취제 기능을 모두 갖춘 멀티 스프레이라서 사용할때 너무 간편하고 좋아요 ! 꽃향을 진짜 좋아하는데 은은한 파우러향과 꽃향기가 같이 연상되는 향이라 포근하고 달달하고 사용할때마다 기분이 좋아져요 ㅎㅎ 아침이랑 자기전에 사용하니까 넘 좋아요 ! 잘사용할게요 ♡
2026-07-31,A000000254474,60618705,2026.06.02,5,0,NORMAL,로얄스위트,A02,B06,"C01,C02",0,315.0,1,0,안녕하세요22,"패브릭 침구에 분사력 보이시나요? 좋아요!!
잘 뿌려지고 얼룩안지고 향기는 짱짱 좋아서
뿌리고나면 기분전환 확 됩니다 넘 좋아용 ㅎㅎ"
2026-07-31,A000000254474,60634131,2026.06.02,5,0,NORMAL,로얄스위트,,,,0,225.0,1,0,리외,넘 달콤하고 포근하고 화사한 향이에요 진짜 꽃이 가득한 공간에 있는 것처럼 기분좋은 향입니다 가볍지 않으면서 고급스러운 느낌이에요 안개분사라서 섬유에 골고루 뿌려져요 가볍고 한손에 들기 편하고 휴대하기 편해서 가지고 다니면서 뿌리려고요 패브릭퍼퓸인데 지속력이 좋아요
2026-07-31,A000000254474,60631525,2026.06.02,5,0,NORMAL,로얄스위트,,,,0,225.0,1,0,독희ㅇ,"평소에 너무 인위적인 향은 머리 아파서 잘 못 쓰는데, 이거 로얄스위트 옵션은 진심 취향 저격이에요ㅠㅠ 이름처럼 엄청 고급스러우면서도 은은하게 달달한 향이 퍼지는데 공간 분위기가 확 살아나는 느낌!
​주변 친구들도 이거 무슨 향이냐고 다 물어봐서 괜히 뿌듯하더라고요ㅋㅋ 지속력도 생각보다 오래 가고 자극적이지 않아서 매일매일 아주 잘 쓰고 있어요! 패키지도 깔끔하니 예뻐서 다 쓰면 다른 향으로도 구매해 보려고요 완전 만족합니당"
2026-07-31,A000000254474,62039378,2026.06.29,5,0,NORMAL,로얄스위트,A03,B05,"C01,C02",1,198.0,1,0,kaiseree,"고급스럽고 진한 향이 한번만 뿌려줘도 은은하게 멀리 퍼져나가는거 같아요.
요즘 에어컨 켤때 한번씩 뿌려주는데 바람타고 퍼지는 향이 넘 좋네요."
2026-07-31,A000000254474,60786015,2026.06.03,5,0,NORMAL,튜베로즈,A06,B05,"C01,C04",0,198.0,1,0,벌꾸르오소리,"튜베로즈라는 꽃이 있는걸 이 향을 먼저 접하고 알았어요
향 너무 좋고 고급스러운 향이에요
향수말고 옷에 뿌리고 싶은날 걱정없이 뿌리고 좋은 향까지 챙길수 있어 좋아요"
2026-07-31,A000000254474,60524013,2026.06.01,5,0,NORMAL,튜베로즈,A03,B01,C02,0,198.0,1,0,리얼재,"분사력도 고르게 분사되어 사용하기 편했고, 향이 인위적이지 않아 가족들도 좋아하더라고요. 집 안 분위기를 산뜻하게 바꾸고 싶거나 옷에 은은한 향을 더하고 싶은 분들께 추천하고 싶은 패브릭퍼퓸입니다."
2026-07-31,A000000254474,60626072,2026.06.02,5,0,NORMAL,로얄스위트,,,,0,189.0,1,0,유니미,페브릭퍼퓸이 활용도가 많고 잘 쓰여서 향기 좋은 제품있으면 사게되더라고요. 니치향수같은 고급스러운 페브릭 퍼퓸이라 넘 좋네요. 뿌리고 나면 남는 잔향도 좋고 특히 자기 전에 뿌려주면 기분좋게 잠들어요. 만족해요
2026-07-31,A000000254474,62974569,2026.07.18,5,0,NORMAL,로얄스위트,,,,0,180.0,0,0,sadrain19,"젤 타입은 거품 내기 번거로운데, 이건 펌핑하자마자 몽글몽글하고 조밀한 거품이 바로 나오는 &#039;휩드워시&#039; 형태라 사용하기 정말 편해요. 와이존에 닿았을 때 따갑거나 자극적인 느낌이 일절 없고, 부드럽게 세정 되면서 찝찝한 냄새나 불쾌감을 싹 잡아줍니다. 물로 헹궈낼 때도 건조함 없이 촉촉하고 산뜻하게 마무리돼서 매일 샤워할 때마다 필수로 쓰고 있어요. 순하고 세정력 좋은 여성청결제 찾으시는 분들께 적극 추천합니다!"
2026-07-31,A000000254474,60622494,2026.06.02,5,0,NORMAL,튜베로즈,A03,B02,"C02,C03",0,180.0,1,0,mig0804,"여름이라 세탁을 해도 꿉꿉한 냄새때문에 
세제도 바꿔보고 했는데 별효과가 없었어요
그래서 세련된 패브릭 퍼퓸을 찾다가 이 제품을
발견했어요 
세련된 로즈향과 여러꽃향이 잘어우러지는게
스위스 조향사가 만든 티가 나네요
이불,의류,베게등등 자연스럽게 향이 나니까
독하지않고 잠도 잘와요"
2026-07-31,A000000254474,60614208,2026.06.02,5,0,NORMAL,튜베로즈,A04,B03,"C01,C04",0,180.0,1,0,어루신,"​독하지 않고 은은해서 부담 없이 쓰기 좋은 패브릭 퍼퓸이에요. 한편으로는 발향이 조금 잔잔한 편이라 살짝 아쉽게 느껴지기도 하지만, 지속력 자체는 무난하게 유지됩니다.

설명 그대로 파우더리한 꽃향기라 여성스럽고 고급진 무드에 잘 어울려요 단정한 룩이나 페미닌 룩에 잘 어울릴 것 같은 향이에요~ 저는 원래 중성적인 향을 좋아하는데, 요건 꽤나 여성스러운 향인 것 같은데도 굉장히 마음에 듭니다ㅎㅎ 너무 달지 않고 파우더리하면서 은은한 발향이 굉장히 취향 저격이에요🥰

​가격이 비싸지 않은데도 저렴한 향수 특유의 코를 쿡 찌르는 알코올 냄새나 꼬릿한 느낌이 전혀 없어서 마음에 들어요!! 기대 이상으로 고급진 느낌이 납니다 :)

​특히 스프레이 분사력이 마음에 드는데, 한 곳에 뭉쳐서 찍 뿌려지지 않고 넓고 고르게 잘 분사돼서 사용감 굿입니다."
2026-07-31,A000000254474,60632407,2026.06.02,5,0,NORMAL,로얄스위트,A03,,C08,0,165.0,1,0,구인구,향수보다 은은해서 옷이나 섬유소재 가구에 뿌려주기 좋음 향도 은은하면서 방전체의 향이 좋아지는 느낌이에요 방향제 저리가라임 다른향도 궁금하네여
2026-07-31,A000000254474,60645508,2026.06.02,5,0,NORMAL,튜베로즈,,,,0,135.0,1,0,긔여미는나,"새로 이사 온 뒤로 집안 분위기를 바꿔보고 싶어서 구매했습니다. 평소에 꽃향기를 좋아해서 기대했는데 생각보다 훨씬 고급스럽네요.
처음 분사했을 때 너무 독하지 않고 은은하게 퍼지는 파우더리한 느낌이 정말 좋습니다. 인위적인 방향제 냄새가 아니라 은은한 꽃향기가 감돌아서 침구에 뿌려두니 잠들 때 기분이 참 차분해져요.
세탁하기 어려운 외투나 패브릭 소파에도 가끔 뿌려주는데, 냄새를 덮는 게 아니라 고급스럽게 향이 섞여서 훨씬 쾌적해진 느낌입니다. 100ml 용량이라 들고 다니면서 쓰기도 괜찮고 디자인도 깔끔해서 만족하며 사용 중입니다. 자극적이지 않은 은은한 향기 좋아하시는 분들께 추천해용"
2026-07-31,A000000254474,60598597,2026.06.01,5,0,NORMAL,로얄스위트,,,,0,135.0,1,0,랑랑펀치,스파클링한 플로럴 향이라 뿌리자마자 기분이 화사해져요. 진짜 달달항 냄새가 나요. 마치 생화 부케를 한 아름 안고 있는 듯한 청순하고 사랑스러운 느낌입니다. 옷에 뿌려두면 잔향이 부드러운 머스크처럼 남아서 남녀노소 다 좋아할 향이에요.
2026-07-31,A000000254474,60589642,2026.06.01,5,0,NORMAL,로얄스위트,,,,0,135.0,1,0,우서맘,뿌리자마자 은은한 플로럴 향이 퍼져서 기분 좋아지더라고요.꽃향인데 너무 무겁거나 진하지 않고 달달하면서 깨끗한 느낌이라 부담 없이 쓰기 좋아요. 옷이나 침구에 뿌려두면 향이 은근하게 남아서 방 분위기도 포근해지는 느낌이에요. 살냄새처럼 자연스럽게 남는 편이라 마음에 딱 들어요~ 자기 전에 이불에 살짝 뿌리고 자는데 은근히 향 올라오는 게 좋아서 요즘 자주 손이 가요~v
2026-07-31,A000000254474,60587829,2026.06.01,5,0,NORMAL,로얄스위트,,,,0,135.0,1,0,셀문,"디오바스크 패브릭퍼퓸을 사용해보니 섬유에 은은하게 향이 오래 남아 만족스러웠어요. 옷이나 침구, 커튼 등에 가볍게 뿌려주기 좋고 향이 너무 강하지 않아 부담 없이 사용할 수 있었습니다. 외출 전 옷에 뿌리면 하루 종일 기분 좋은 향이 유지되는 느낌이었고, 실내 공간에도 산뜻한 분위기를 더해주더라고요. 분사력도 고르게 나와 사용이 편리했으며, 생활 속 냄새를 자연스럽게 잡아줘 데일리 패브릭퍼퓸으로 활용하기 좋은 제품입니다. 재구매 의사도 있어요."
2026-07-31,A000000254474,60662896,2026.06.02,5,0,NORMAL,로얄스위트,A03,B01,"C01,C05",0,132.0,1,0,옙뱅,향이 너무 세지도 않고 은은하니 좋아요! 섬유재질에 뿌릴 수 있어서 더더 좋은 거 같습니다 ㅋㅋ 매일 뿌리고 다닐 예정입니다 하하하
2026-07-31,A000000254474,60628329,2026.06.02,5,0,NORMAL,로얄스위트,A01,,"C01,C05",0,132.0,1,0,나나나나난,냄새 향기 너무 좋아요. 살짝 무거운 냄새인데 요즘 패브릭이 꿉꿉해서 뿌려주었는데 상쾌하고 방 냄새가 좋아져요ㅎ 앞으로 자주 사용할려구요.
2026-07-31,A000000254474,60623921,2026.06.02,5,0,NORMAL,튜베로즈,A02,B02,C01,0,132.0,1,0,경만,향도 은은하고 만족스러운게 이불 정리할때 마다 한번씩 뿌려주니 저녁에 잘때 향이 좋아서 뭔가 삶의 질이 올라간거 같고 좋아요~
2026-07-31,A000000254474,60622611,2026.06.02,5,0,NORMAL,튜베로즈,A01,B03,"C05,C06",0,132.0,1,0,말랑한돌맹이,"안개 분사되서 골고루 잘 뿌려져서 좋아요
향도 좋고 지속력도 꽤 가는 편이라 여름에 잘 사용할 것 같아요!
향도 약간 숲..? 풀밭에 몇 송이 피어난 장미향이 나서 좋습니당~~"
2026-07-31,A000000254474,60585072,2026.06.01,5,0,NORMAL,로얄스위트,,,,0,132.0,1,0,코코몽몽이이,오 로얄스위트 향기가 너무 고급져요 ㅎㅎ비싼 호텔가면 맡는 향 같아요ㅎㅎ 성숙한 느낌이에요 게다가 지속력도 좋네요 ㅎㅎ 추천합니당 ㅎㅎ 굿굿 ㅎㅎ
2026-07-31,A000000254474,60618271,2026.06.02,5,0,NORMAL,튜베로즈,A03,B02,"C05,C07",0,125.0,1,0,forfree,요즘 패브릭퍼퓸에 빠져서 여러 향 써보는 중인데 디오바스크 튜베로즈는 엄청 여성스러운 묵직한 꽃향이에요. 성숙한 살짝 무겁운 향인데 은은한 느낌이라 좋았어요. 개인적으로 파우더리한 향 좋아해서 더 취향저격이었네요. 시간이 조금 지나도 머스크향이 부드럽게 남아서 옷이나 소파 쿠션에 뿌려두면 은근하게 향이 계속 느껴져요. 손님 왔을 때 집에서 좋은 향 난다는 말도 들었네용 ㅎㅎ
2026-07-31,A000000254474,60807598,2026.06.04,5,0,NORMAL,로얄스위트,,B02,,0,99.0,1,0,곽두팔의진짜리뷰,아 향이 너무 좋아요! 그냥 블라인드로 들인거라 사실 오기 전까지 괜찮을까? 싶었는데 대만족입니다 패키지도 깔끔 무드여서 취저(՞•͈-•͈՞)
2026-07-31,A000000254474,60705030,2026.06.03,5,0,NORMAL,튜베로즈,,,,0,99.0,1,0,수22,여름이어서 섬유 린스 쓰다가도 이런 패브릭 향수가 조금 필요할 때가 있더라고 그래서 사 봤는데 향이 되게 은은하고 너무 자극적이지 않으면서도 그리고 되게 은은하게 조금 지속력이 좋은 거 같아서 여름 섬유의 종종 뿌리기 좋은 거 같아
2026-07-31,A000000254474,60700564,2026.06.03,5,0,NORMAL,로얄스위트,,,,0,99.0,1,0,바나나멋짐,디오바스크 패브릭 퍼퓸은 로얄스위트향으로 너무 만족해요~ 섬세한 스파클링 플로럴 향으로 달콤한오렌지향과 고전적인 만다린의 블렌딩이 돋보이며 우디하며 달콤함이 너무 좋아요~ 섬유향수와 섬유탈취제 기능이 있어서 좋아요
2026-07-31,A000000254474,60690297,2026.06.02,5,0,NORMAL,로얄스위트,,,,0,99.0,1,0,sarahshin,"옷이랑 이불에 뿌려두니 , 방안에서 호텔에 온 것 같은 향이 나요~
골고루 븐사 되어서 옷에 자국도 안남고 좋아요!

부드럽고 달달한 향이라 마음도 편해져요~"
2026-07-31,A000000254474,60622334,2026.06.02,5,0,NORMAL,튜베로즈,,,,0,99.0,1,0,또오잉앙,주변에서 추천해줘서 샀어용 가격도 이정도면 괜찮은 편인거같아용!! 향이 약간 건강한 자연 향이에용! 방향제! 여름에 쓰기 좋을듯 ㅎ 잘쓸겡ㅇ
2026-07-31,A000000219553,63474629,2026.07.30,5,0,NORMAL,1+1 기획,A03,B03,"C01,C02",0,1512.0,1,0,Ywest,"📍 구달 맑은 어성초 진정 수분 선크림
장점: 유기자차지만 마무리감은 보송하고 눈시림 없는 순한 느낌, 화장이 잘 먹음

단점: 단독이 아닌 베이스 바를땐 양조절은 잘해줘야함 아니면 좀 밀림"
2026-07-31,A000000219553,63497040,2026.07.30,5,0,OFFLINE,[텔레토비] 1+1기획 (+피규어 1종),,,,0,1260.0,1,1,흰빛,텔레토비가 너무너무 귀여워요 정말 귀여워서 좋았어요 선크림은 촉촉하고 부드럽게 발라졌습니다 수분감이 좋았고 끈적임도 없어서 좋았어요 살짝 하얘지는 부분이 있어요 계속 잘 사용할 것 같아요
2026-07-31,A000000250210,63494143,2026.07.30,5,0,NORMAL, ,A03,B02,C10,0,1800.0,1,0,녹차소금빵,"❄️ 사용감, 제형
젤리제형 선스틱이래서 처음에 무슨 말이지? 싶었는데 정말 젤리느낌이 조금 나는 약간 몰랑몰랑 말캉한 느낌이 나는 선스틱이라 피부 굴곡, 면바를때 알아서 고르게 잘 발리는 느낌이 들고 버석하거나 가루가 생기지않으면서 촉촉하게 밀착력 좋게 발라져서 좋았어요.

그리고 시원한 쿨링감이 있는데 이게 강하게 피부 자극주는 인위적인 쿨링감이 아니라 수분이 많아 시원한 수분쿨링감이라 피부자극 전혀없고 특히 여름이나 아웃도어 활동시 더 좋았어요 👍

수분감많은 선스틱이라 제형 보존을 위한 내부 캡이 있어서 쓰는동안 제형유지없이 잘 쓸 수 있어요! 내부캡 뽑아버리지말고 끼워두는거 추천

🙋‍♀️ 추천대상
- 밀림, 끈적함, 답답함 없는 선스틱 찾으시는 분
- 야외 스포츠에 덧바를 쿨링선스틱 찾으시는 분 ★강추"
2026-07-31,A000000239102,63023241,2026.07.19,5,0,GIFT,하이퍼 마데카소사이드 마스크 4매,A02,B01,C05,28,15390.0,0,0,Kmkm9x,피부가 예민하거나 붉어졌을 때 사용했는데 진정 효과가 만족스러웠습니다. 겔 타입이라 밀착력이 뛰어나고 쉽게 마르지 않아 끝까지 촉촉하게 사용할 수 있었어요. 사용 후 열감이 줄어들고 피부가 편안해지는 느낌이 들어 재구매하고 싶은 제품입니다.
2026-07-31,A000000239102,62181248,2026.07.02,5,0,NORMAL,마데카소사이드 1매,A03,B03,"C01,C05",49,15156.0,0,0,시아s,겔마스크 이것저것 써봐도 메디힐이 젤 좋은거 같음 붙이고 자도 담날 안땡기고 좋음
2026-07-31,A000000198320,63441626,2026.07.29,5,0,NORMAL, ,A05,B03,"C01,C05",1,1800.0,1,0,softiee,"악건성,민감성 솔직리뷰&gt;
피부 장벽이 자주 무너지는 편이라 (선크림 덧바르기,2차세안 등..) 항상 구비해두는 크림입니다.. 원래 여름되면 좀 더 가벼운 크림으로 갈아타는데 이번 여름은 너무 민감해져서 그냥 데일리로 사용중이에요.ㅜㅠ 이거 없으면 저는 어찌 살았을지.. 재구매 횟수는 셀수가 없음.. 덕분에 매끈달걀피부 됨이..아무리 딴거 써봐도 결국 장벽에는 에스트라..숭배해야겟지.. 

🩷[도움이 돼요]를 눌러주시면 상세후기 작성할 때 큰 도움이 됩니다🩷"
2026-07-31,A000000218582,46036897,2025.08.06,5,0,NORMAL, ,,,,0,2.2,1,0,뚜뚜루뚜뚜루루,뷰티 디바이스 고민하다가 많이 찾아보고 장기적으로 봤을 때 좋을 것 같아서 쿼드쎄라로 선택했습니다. 많이 기다렸던 만큼 꾸준히 사용해보고 사라졌던 물광 찾아볼게요!
2026-07-31,A000000259858,63501336,2026.07.31,5,0,NORMAL, ,A03,B01,"C02,C05",0,1800.0,1,0,우우웅우,"유산균이랑 체중 관리를 한 번에 
챙길 수 있는 제품이라 좋아요
요즘에 이런 유산균 제품들이 많이 나오던데
여기 제품 원래 기존에 일반 유산균도 잘 챙겨먹고 있어서
뭔가 더 믿음이 가요

제품은 2주치라 한 번 경험용으로 부담없이 먹어보기에도 좋고 급찐급빠할 때 같이 챙겨먹기에도 좋은 것 같아요"
2026-07-31,A000000259858,63490262,2026.07.30,5,0,NORMAL, ,A06,B01,"C01,C02",0,1800.0,1,0,슬맘81,다 이어트 유산균 꾸준히 먹어주니까 몸도 가볍고 체중이 더 늘지도 않고 건강하게 관리 되는 느낌이라 최근에 알고리즘에 자주 보이길래 구매해봤어요^^ 한달분이면 더 좋았겠지만 2주분! 먹어보니 배도 편하고 몸이 한결 가벼운 느낌이라 좋아서 생유산균도 주문해버렸네요~ㅎ
2026-07-31,A000000259858,63474749,2026.07.30,5,0,NORMAL, ,A03,B03,"C06,C07",0,1200.0,1,0,뿌지직응,"알약 형태라 목 넘김이 편해서 부담 없이 꾸준히 먹기 좋았어요. 기존에 유산균을 먹으면 배가 자주 꾸르륵거리는 편이었는데 이 제품은 그런 불편함이 거의 없어서 만족스러웠습니다. 식단하면 2~3일씩 화장실을 못 가는 경우가 많았는데, 이 제품을 먹고 나서는 하루에 한 번씩은 부드럽게 볼일을 볼 수 있어서 정말 좋았어요. 장이 한결 편안해진 느낌이라 꾸준히 섭취해보고 싶습니다."
2026-07-31,A000000150460,63366791,2026.07.27,5,0,NORMAL,[1+1]보송 선스틱 30g+30g,A04,B04,"C01,C02",0,1080.0,1,1,뷰드름솜씨,"몇 달 전에 구매했는데 좋아서 또 구매합니다
손 등이랑 목에 바르기 좋아요
뽀송해서 찐득함이 없음요. 다음에 또 구매할게요.!!
몇 달 전에 구매했는데 좋아서 또 구매합니다
손 등이랑 목에 바르기 좋아요
뽀송해서 좋습니다 다음에 또 구매할게요.!!"
2026-07-31,A000000150460,63502551,2026.07.31,5,0,NORMAL,[한정]보송 선스틱30g*2+데오티슈*2,A02,B04,C04,0,528.0,1,0,ho02,브랜드 매장에 있는 선스틱 테스트해봤는데 이게 덜 끈적이는 것같아 구매했어요 바디에도 바르기 편할거같아 좋아요
2026-07-31,A000000229498,62530979,2026.07.08,5,0,NORMAL,쏙보습크림 50ml 1+1 기획,,,,0,44.0,1,0,leeyong****,자극없이 순하고 분사력이 좋아서 꾸준하게 구매하는 제품이예요
2026-07-31,A000000229498,50100193,2025.10.31,5,0,NORMAL,쏙보습크림 50ml 1+1 기획,A03,B04,"C01,C02",5,22.5,1,0,꼬북2,"향: 거의 무향에 가까웠음.
제형: 알로에가 들어가서 그런지 촉촉하고 끈적이지 않으면서 산뜻하게 발림. 시베리아보다 인기가 많은 이유를 알 것 같음. 시베리아는 좀 더 크림에 가깝지만 이 제품은 젤에 가까워서 지성도 쓰기 좋을듯. 건성은 시간이 지나면 조금 건조하다고 느낄 것 같음. 마무리로 바르기 좋음
디자인: 깔끔하고 뚜껑도 한번 쏵 돌리면 쓰르르~ 잘 닫힘.
가격: 1+1이고 세일하면 4만원 밑이라 정상가격에 사기 아까움."
2026-07-31,A000000229498,39398331,2025.04.24,5,0,NORMAL,쏙보습크림 50ml 1+1 기획,,,,2,22.5,1,0,송죽매,"이 보습크림은 처음 사용하게 되네요. 크리니크 스테디셀러 제품임에도 색조 치크팝과 립밤, 마스카라, 노란로션은 사용해 봐도 다른 크림 접한다고 이제서야 사용하는데 핑크색을 약간 띤 제형이 반투명으로 질감도 부드럽고 빠르게 얼굴에 흡수되면서 속광이 차오르는 느낌이네요.^^ 양도 제법 많아서 가성비 좋은 1+1제품입니다. 향은 예전 헤어젤 냄새가 나면서 시원하고 보습, 진정, 속광, 영양 다 잡은 보습크림이고 막이 한겹 씌어진 느낌이라 참 좋네요"
2026-07-31,A000000229498,35175024,2024.12.17,5,0,NORMAL,쏙보습크림 50ml 단품,A04,B02,"C01,C03",6,22.5,1,0,Biabu,"Không mùi chất gel loãng dễ tán trên da
Thấm nhanh không bết dính
Thoáng nhẹ trên da nhưng giữ ẩm lại cực kì cao
Phù hợp mọi loại da 
Hộp đẹp cầm chắc tay
Nhược điểm là dùng tay lấy kem nên hơi mất vệ sinh"
2026-07-31,A000000229498,25088309,2024.01.10,3,0,NORMAL,쏙보습1+1기획(2304),A02,B02,"C01,C02",3,22.5,1,0,초코딸기a,"크리니크 핑크 쏙보습크림으로 유명해서 구매해봤어요!
저는 건성인데 보습력이 크게 좋다고 느껴지진 않아서 재구매는 안 할 것 같네요🥲

💗제형
약간 묽은 타입의 연한 분홍색을 띠는 수분크림이에요. 수분감이 많이 느껴지고 유분감은 거의 없어서 건성보다는 지, 복합성인 피부타입에 더 잘 맞을 것 같아요.

💗흡수력
흡수력이 좋아서 바르고 나면 피부속까지 촉촉한 느낌이 들어서 좋아요. 끈적거림 없이 산뜻하게 마무리되고, 화장할 때 밀리지 않아서 좋아요☺️

💗보습력
수분감이 많이 느껴지고 유분감은 거의 없어서 건성보다는 지, 복합성인 피부타입에 더 잘 맞을 것 같아요. 
건성인 분들이 겨울에 사용하기엔 보습력이 약해요!

💗향
인공 향료 무첨가로 무향에 가까워서 좋아요!"
2026-07-31,A000000229498,23509849,2023.11.08,5,0,NORMAL,쏙보습1+1기획(2304),A03,B05,"C01,C03",2,22.5,1,0,곰탱v,"처음발랐을때 자극이 살짝 느껴지는데 너무 무겁지않은 수분감이  기분좋아요
피부에 처음발랐을때 촉촉함을 넘어선 질퍽시원한 느낌인데 문지를때 젤같은 제형처럼 미끌거리거든요
이건 좀 케바케일꺼같아요 지성피부  젤타입수분크림도 좋으시면 괜츈하실듯(그렇다고 젤타입은 아니지만 미끌거리는 느낌때문에요)
단점은 흡수가 좀 느리다는점"
2026-07-31,A000000229498,23486138,2023.11.08,5,0,NORMAL,핑크리치 1+1기획(2304),A02,B02,"C01,C03",1,22.5,1,0,얍얍1,"건성피부, 나잇대가 30대 이상이신 분들에게 적극적으로 추천드립니다!! ㅎㅎ 그렇다고 엄청 무거운건 아니고 촉촉한건 촉촉하게 잘 유지하고 또 보습도 잊지 않고 지켜주는 제품이에요! 대신 지성분들에게는 조금 무겁게 느껴질 수 있을것 같으니 테스트 해보고 구매하시길 추천드려요. 발림성도 매우 좋습니다. 꾸덕한 편이 아니여서 한번 퍼 얼굴에 문지르면 피부 열로 자연스럽게 녹아서 피부안으로 슉 흡수됩니다.!! 파운데이션을 바를때도 과해서 밀리거나 과유분이있어 무너지거나 하지 않았어서 좋았어요!! 대신 꼼꼼하게 균일하게 발라주는게 포인트인것 같습니다. 향도 나쁘지 않아요. 과하지 않아서 향에 민감한 분들도 잘 사용할 수 있을것 같습니다.다만 가격이 좀 있어서 ㅜㅜ 행사할때를 노려서 구매하세요!!"
2026-07-31,A000000229498,22409017,2023.09.20,4,0,OFFLINE,핑크리치 1+1기획(2304),A02,B02,"C01,C02",1,22.5,1,0,Lhye,"피부가 건조하고 당기는 느낌때문에 스킨 로션만 마르면 너무 건조해서 크림을 꼭 발라야되요.클리니크 수분크림이 유명한이유가 다 있었네요,무엇보다 수분감이 너무 좋아서 지속력도 길었습니다,바르을때 끈적이지않고 보습막을 씌우는 느낌에요 ,흡수 진짜 빨라요,속건조를 잡아준다는 느낌이 많이 들었고,적당히 바르면 밀리는거 전혀없고요. 밤에 바르면 자고나서 이참까지 유분감이아니라 촉촉한이 수분감 얼굴에 느껴졌어요,이걸로 스킨케어하고 파운데이션 발랐을때 화장이 정말 잘 먹어었습니다.피부결이 개선되어서 톤도 더 밝아진것 같은 느낌입니다.여름에도 겨울,환절기,구분없이 쓸수있는 제형에요."
2026-07-31,A000000229498,21398532,2023.08.09,4,0,NORMAL,핑크리치 1+1기획(2304),A04,B01,"C01,C02",2,22.5,1,0,댕봉이,이름에서도 느껴지듯이 보습이 잘 될것만 같은 수분크림입니다. 속건조가 생겨 고민하던 요즘 100시간 동안의 수분지속이라는 문구에 끌려 구매해보았어요 ㅎㅎ 박스안에는 사진처럼 두개가 한번에 들어있어요 50미리 용량에 원플원이라니 아끼지 않고 팍팍 사용중입니다 ㅎㅎ사용방법은 스킨케어 마지막 단계에서 충분히 바르고 수분팩으로도 사용해도 좋아요 ㅎㅎ 올리브영에서 원플원으로 하는 제품들을 한개보다 저렴한 가격에 하나를 더 얻을 수 있으니 세일기간이 요즘에 더더욱 기다려져요 설명서를 보니 100시간 동안 수분이 지속되고 무너진 피부장벽이나 수분부족한 피부 그리고 민감성 피부에 좋다고 하네요 쏙보습 크림은 지본삭성용이고 핑크리치크림은 건성용이에요 ㅎㅎ여름이기도 해서 저는 쏙보습도 나중에 구매할 예정
2026-07-31,A000000229498,21371067,2023.08.08,5,0,OFFLINE,핑크리치 1+1기획(2304),A02,B02,"C01,C02",1,22.5,1,0,Lhye,"나이가 들수록 피부가 건조하고 당기는 느낌때문에 스킨 로션만 마르면 너무 건조해서 크림을 꼭 발라야되요.클리니크 수분크림이 유명한이유가 다 있었네요,무엇보다 수분감이 너무 좋아서 지속력도 길었습니다,바르을때 끈적이지않고 보습막을 씌우는 느낌에요 ,흡수 진짜 빨라요,속건조를 잡아준다는 느낌이 많이 들었고,적당히 바르면 밀리는거 전혀없고요. 밤에 바르면 자고나서 이참까지 유분감이아니라 촉촉한이 수분감 얼굴에 느껴졌어요,이걸로 스킨케어하고 파운데이션 발랐을때 화장이 정말 잘 먹어었습니다.피부결이 개선되어서 톤도 더 밝아진것 같은 느낌입니다.여름에도 겨울,환절기,구분없이 쓸수있는 제형에요."
2026-07-31,A000000229498,21050326,2023.07.24,5,0,NORMAL,쏙보습1+1기획(2304),A03,B03,"C01,C05",1,22.5,1,0,오늘도올영,"[구매동기]
올리브영에서 꼭! 주기적으로 사고 있는 제품
1+1 행사할 때 무조건 사고 있어요.

[사용후기]
크리니크 좋다고는 알고 있었지만
1+1으로 한번 써본 후 계속 구매하고 있는 제품이에요
저는 수부지 타입으로 촉촉하고 유분이 많이 없는 제품을 선호해요. 쏙보습 크림 3통 써본 후 작성하는 후기

1. 보습: 쏙보습 크림 가을, 겨울에도 잘 사용했지만! 지금도 사용해주고 있어요. 여름에 사용해도 답답하지 않은 제품이고 보습력도 좋아서 좋아하는 제품 중 하나에요
2. 흡수: 크림들은 사용하다 보면 피부에 흡수가 잘 안 되는 경우도 있는데 이 제품은 흡수도 빠른 편인 듯 해요! 아침에 바른 후에 조금 있다 메이크업을 해주는데 밀리거나 하지 않아요!

[재구매 의사] 100%
이미 재구매이고, 계속 구매할 생각이에요
저랑 너무 잘 맞는 크림 찾아서 좋아요"
2026-07-31,A000000229498,20955825,2023.07.19,4,0,OFFLINE,쏙보습1+1기획(2304),A03,B02,"C05,C06",2,22.5,1,1,올령쳐도리,"특장점

1️⃣ 발림성
너무 끈적이지도 않고 꾸덕하지도 않고 부드럽고 수분감 많은 발림성 

2️⃣ 실키한 마무리감
끈적임 없는 실키한 마무리감이라 여름에 답답하지 않고 특히 바람불때 머리카락이 막 달라붙지 않아서 좋음 
꾸덕하고 끈적한제형의 앰플 후에 사용해도 질감이 실키하게 마무리 됨!

3️⃣쿨링감
바를때 시원한 쿨링감이 있어서 여름에 사용하기 좋고 여름이 아니더라도 피부가 많이 달아오르는 사람에게도 좋을 것 같음

단점
이름에 비해? 생각보다 속건조를 잡아주진 않아서 아쉬움 
속건조가 있다면 세럼이나 앰플을 중간에 잘 써주면 좋음"
2026-07-31,A000000229498,20778912,2023.07.11,5,0,NORMAL,쏙보습1+1기획(2304),A04,B04,"C02,C04",0,22.5,1,0,wonys,"정말정말 제 n병템입니다. 수분크림 이것저것 많이써보고있지만 결국 이아이로 돌아옵니다. 양도 많이 안발라도 발림성이 좋아서 쓱 발리는데 바르고나면 얼굴에 코팅한느낌이 듭니다. 그게흡수된후 피부만져보면 수분감이 가득해진 느낌 메이크업전에 얇게도포해주면 피부온도도 내려가면서 화장들뜸 많이 잡아줍니다. 크리니크는 개인적으로 치크팝이랑 
수분크림은 사랑이라생각합니다. 다만 여러통쓰다보면 항상 뚜껑이 잘 망가지는데 그부분좀 개선좀 ㅜ"
2026-07-31,A000000229498,20770211,2023.07.10,4,0,NORMAL,핑크리치 1+1기획(2304),A02,B02,"C01,C03",0,22.5,1,0,얍얍1,"크리니크 다른 로션이나 그런 제품들은 사용해봤는데 이 크림은 처음 사용해봤어요! 전체적으로 나쁘지 않습니다.

* 제형 : 일반 흰색 크림제형이에요! 젤처럼 주르륵 흐르지도 않고 그렇다고 겨울 영양크림처럼 꾸덕해서 스퍄츌라로 떠서 사용해야하는것도 아닌 일반 수분크림 제형이에요. 그래서 부드럽게 떠서 피부에 올려 사용하기 좋습니다. 몇번 문질 문질 하면 피부에 금방 스며드는 제형이라 피부에 자극 없이 부드럽게 사용하실 수 있어요.

* 향 : 음…큰 향은 없는것 같아요. 그래서 저는 오히려 좋았습니다. 인공적으로 좋은 향을 내려고 향료를 넣지 않았다는것 같아서 좋았어요!

* 보습감 : 나쁘지 않았어요~! 지성 분들은 여름에 무거운 스킨, 이 크림만 사용하셔도 될 것같아요. 건성분들은 로션에 이 크림 사용하면 적당할것 같습니다. 다만 건성분들은 겨울에 사용하기엔 조금 가벼울수도 있을것 같아요."
2026-07-31,A000000229498,20753158,2023.07.09,4,0,NORMAL,핑크리치 1+1기획(2304),A04,B01,"C01,C02",0,22.5,1,0,댕봉이,수분크림의 명가하면 저는 크리니크라고 생각해요 특히 분홍이수분크림이라는 애칭이 붙은 크리니크 젤 수분크림을 정말 애정해왔고 올리브영에서도 다양하게 만나볼 수 있더라구요 72시간이라는 명칭이 붙은 만큼 굉장한 호기심을 불러일 일으키기에 충분한 제품이라 생각했습니다 용량은 50미리로 넉넉하게 사용 가능한데 저는 개인적으로 좋아요 수분크림의 수분 증발을 막기 위한 플라스틱 덥개에도 크리니크 라는 브랜드 로고가 선명히 새겨져 있었어요 크림의 색상은 눈처럼 깨끗한 하얀 색상이었어요 깔끄맣고 보기 좋은 색감이죠 보습감이 탁월한데 대신에 젤타입처럼 가볍지는 않겠다 라는 저만의 생각을 했어요 가볍고 투명한 타입이에요 여름철이고 보니 아무래도 무거운 타입은 피부에 올리기 부담스럽고 사용하기에도 꺼려지곤 하는데 크리니크 제품정도의 제형이라면 무리는 없겠다는 생각이 들어요 ㅎㅎ
2026-07-31,A000000229498,20426794,2023.06.25,4,0,OFFLINE,쏙보습1+1기획(2304),A01,B02,"C02,C07",0,22.5,1,0,쏘옹카,스킨케어 마지막에 바르고 있어요. 바르면 엄청 부들부들 ~ 파리가 앉으면 미끄러질 정도 ㅋㅋ 근데 왠지 제 생각엔 약간 겉도는 느낌요. 그게 왜냐.. 좀 양을 많이 발라서 그런건지.. 트러블은 없어요. 향도 진하지 않은 거부감들지 않는 향이구요. 그래도 다쓰면 또 구매할거 같아요.
2026-07-31,A000000229498,20378886,2023.06.22,5,0,NORMAL,쏙보습1+1기획(2304),A03,B02,"C01,C02",2,22.5,1,0,꼬리별달,"💗 선물하기 좋은 크림, 크리니크 핑크크림 💗

- 사실 제 피부에는 정말 잘 안 맞지만 저를 제외한 제 주변 모든 사람들이 좋아하는 크림이에요! 진짜 선물로 주면 다들 좋아하는 크림이라 선물용으로 최강추해요🎁

- 향 ⭐️⭐️⭐️

 산뜻한 향이 나는데 저는 이 향이 좋아요! 향에 민감하신 분들도 이 정도 은은하고 산뜻한 향은 크게 싫어하지 않으실 거 같아요!

- 제형 ⭐️⭐️⭐️

진짜 신기한 제형이에요!!! 처음 발랐을 때는 진짜 촉촉한데 바르고 나서는 되게 보송보송해지는… 진짜 제형 하나는 끝내줘요😍 그리고 가장 중요한 건 끈적이지 않아요ㅎㅎ

- 자극성 ⭐️

음… 이건 민감한 피부 타입인 제가 생각하기에 조금 자극적인 거 같아요! 진짜 향도 제형도 제품력도 다 너무 좋은데 제 피부에 바르면 피부가 너무 간지러워요ㅠㅠ 민감한 피부이신 분들은 주의하셨으면 좋겠어요**😭"
2026-07-31,A000000229498,20308725,2023.06.19,5,0,NORMAL,쏙보습1+1기획(2304),A03,B02,"C01,C04",0,22.5,1,0,쪼님,"💛제형

핑크핑크한 젤타입의 가벼운 제형입니다

💛사용감

전형적인 지성이라 지금같은 날씨에 무거운 제형을 사용하면 난리나거든요 그래서 가볍게 크리하나 바르고 마무리하는데 지금 사용하기 딱 좋은 제형입니다 가벼운 제형이긴 하지만 마무리는 산뜻하고 적당한 수분감만 남아서 하나만써도 메이크업할때 괜찮았습니다

🌸향

특별한 향은 나지않습니다 무향에 가까운 향이구요 향에 예민하신분들에게 추천합니다

✨최종후기

어렸을때? 수분크림 그렇게 유행할때 종종 사용해왔었는데 잊혀져있다가 날씨가 더워지니 시원하면서 가벼운제형을 사볼까하다가 1+1세일하길래 바로 구매했습니다 역시나 사용감이 좋더라구요 저는 주로 메이크업하기전에 바르구요 저녁에 바르기엔 살짝 모자란 수분감이 모자라는것 같아서 저녁엔 안바르거나 다른제품을 추가해서 바르곤 합니다 좀 아쉬운건 스패출러가 없어요 이런 단지형태는 손으로 덜면 비위생적이라 저는 스패출러로 사용하는데 요건 없네요 그래서 전 사용하던걸로 사용하고 있습니다 
또 세일을 한다면 재구매 할려구요 잘 사용하고 있습니다~"
2026-07-31,A000000229498,20282684,2023.06.18,5,0,NORMAL,쏙보습1+1기획(2304),A04,B02,"C01,C03",4,22.5,1,0,Biabu,"Thuần dưỡng ẩm cao cấp 
Chất gel mỏng nhẹ thấm nhanh không gây nặng mặt hay nổi mụn. Dùng được cho mọi loại da
Kem thích hợp nhất dùng vào mùa hè đến mùa thu. Vì da mình khô nên mùa đông cần loại cấp ẩm tốt hơn
Nếu dùng cả sáng lẫn tối thì 1 tháng hết 1 lọ .cực kì tốn mà giá thành thì ở mức tầm trung"
2026-07-31,A000000229498,20259231,2023.06.16,5,0,NORMAL,쏙보습1+1기획(2304),,,,0,22.5,1,0,강아지가세상을구한다,"젤과 크림의 중간 제형인데 수분젤에 가까운 제형이예요.
피부에 닿으면 쿨링감도 살짝 있어요!
수분젤 중에서도 리치함이 눈에 띄게 적다는 게 크리니크 수분크림 장점이에요.

쏙 보습이라는 말 처럼 끈적임 없이 피부에 빠르게 흡수되더라구요. 환절기부터 시작되는 속 당김을 조금씩 줄여주는 수분 보호막 역할은 잘 해주더라구요! 끈적임이라고는 전혀 느껴지지 않는 제형이라 펴 바르면 촉촉한 수분감이 많이 느껴졌어요."
2026-07-31,A000000229498,19943039,2023.06.04,4,0,NORMAL,쏙보습1+1기획(2304),A02,B03,"C01,C02",18,22.5,1,0,으또잉,"발림성이 정말 부드러워서 놀란 제품이에요
제형은 수분 그자체인 수분크림 제형인데
발림성은 아주 미끌미끌 부드러워서 크림이 아니라 부드러운 생크림 바르는 느낌이에요 
제형 자체가 가볍지 않아서 아침에 메이크업전에 사용 하면 밀릴거 같더라구요 저녁에 한번씩 팩처럼 도톰하게 발라주고 있어요 건조할때 수분을 가득 채워 주는 느낌입니다"
2026-07-31,A000000229498,19741950,2023.05.29,5,0,NORMAL,쏙보습1+1기획(2304),A02,B01,"C03,C10",0,22.5,1,0,2pro,"분홍수분크림. 
두말하면 잔소리 ㅋㅋ 10년이상 꾸준하게 사용하고 있어요. 여름엔 특히 가벼운 젤리타입 수분크림이라 사용감이 산뜻해서 딱이고요. 사계절 다 사용하기도 무난합니다. 

올영에서 1+1 행사가 이젠 뭐 거의 정기적으로 하고있어서 당연한거 처럼 되어버렸는데. 감사하죠 ㅋㅋ
크림종류 좋아해서 이것저것 많이 바르는데 요 분홍이 제픔은 항상 쟁여놔요. 딴 거 쓰다가도 돌아오고 자극없이 순해서 언제라도 쓰기 좋습니다. 
비슷한 제형의 수분크림이 넘나 많은데 크리니크만의 산뜻함. 바르면 즉각 수분흡수되서 피부가 탱탱하게 차오르는 느낌은 따라올 수 없는거 같아요. 스테디셀러는 다 이유가 있는거죠. 
향의 거의 없고 크리니크 특유의 연한 화장품향이 있는데 거슬림 없어서 무향이라고 봐도 될듯. 유통기한 2025까지 넉넉합니다."
2026-07-31,A000000229498,19575376,2023.05.20,5,0,NORMAL,쏙보습1+1기획(2304),A03,B02,"C01,C02",3,22.5,1,0,꼬리별달,"💗 선물하기 좋은 크림, 크리니크 핑크크림 💗

- 사실 제 피부에는 정말 잘 안 맞지만 저를 제외한 제 주변 모든 사람들이 좋아하는 크림이에요! 진짜 선물로 주면 다들 좋아하는 크림이라 선물용으로 최강추해요🎁

- 향 ⭐️⭐️⭐️

 산뜻한 향이 나는데 저는 이 향이 좋아요! 향에 민감하신 분들도 이 정도 은은하고 산뜻한 향은 크게 싫어하지 않으실 거 같아요!

- 제형 ⭐️⭐️⭐️

진짜 신기한 제형이에요!!! 처음 발랐을 때는 진짜 촉촉한데 바르고 나서는 되게 보송보송해지는… 진짜 제형 하나는 끝내줘요😍 그리고 가장 중요한 건 끈적이지 않아요ㅎㅎ

- 자극성 ⭐️

음… 이건 민감한 피부 타입인 제가 생각하기에 조금 자극적인 거 같아요! 진짜 향도 제형도 제품력도 다 너무 좋은데 제 피부에 바르면 피부가 너무 간지러워요ㅠㅠ 민감한 피부이신 분들은 주의하셨으면 좋겠어요**😭"
2026-07-31,A000000229498,19481617,2023.05.14,5,0,NORMAL,쏙보습1+1기획(2304),,,,0,22.5,1,0,강아지가세상을구한다,"젤 제형은 금방 날아가는 느낌인데 크리니크 수분크림은 수분막을 형성해 수분이 빠져가지 않게 쫀쫀하게 밀착되고 시간이 지나도 피부가 촉촉한 느낌이 들었어요!
끈적임이 거의 없고 번들거리지 않아서 지성피부나 수부지  피부에도 너무 좋을 것 같야요."
2026-07-31,A000000229498,19347466,2023.05.08,5,0,OFFLINE,쏙보습1+1기획(2304),A03,B02,"C01,C06",2,22.5,1,0,파란색청바지입니다,"예전에 한 번 사용하고 너무 만족했던 제품인데
학생 신분으로는 가격이 좀 부담스러워서 직장인이 되고 난 지금에서야 다시 구매하고 사용하는 중입니다 🥹

발림성 가볍고 촉촉하게 마무리 되는 것 까지 이 크림에서 놓친 것은 하나도 없다고 생각해요ㅠ
게다가 예전에도 1+1 기획으로 구매했던거라 2통을 모두 사용해보니 항상 스트레스였던 얼굴의 좁쌀 여드름도 많이 사라진 걸 볼 수 있었어요!!

그만큼 속보습을 잘 채워준다는거겠죠?
참고로 저는 복합성이고 땀이 많은 체질이라 여름 뿐만 아니라 겨울에도 무겁게 발리는 크림은 딱 질색인 사람입니다!!
그만큼 정말 가볍게 사용할 수 있어요 :)"
2026-07-31,A000000229498,18714830,2023.04.05,5,0,NORMAL,쏙보습1+1기획(2304),A06,B04,"C01,C05",0,22.5,1,0,뽀시뽀시,"원플원 해서 구입했어요!! 
요즘 봄이라서 그런지 너무 피부에 뭔가가 잘 안먹는 느낌이 너무 많이들어서. 
요건 샘플을 몇번 사용하고 좋았던 기억이 떠올라서 올봄은 요걸로 피부에 물을 주자 해서 구입했답니다. 
무엇보다 여드름 피부인 저에게도 부담이 없는 끈적임이여서
아주 좋습니다. 
자기전에 듬뿍 바르고 자면 담날 진짜 피부가 맨들맨들해서 
좋아지는게 느껴지거든요. 
올봄은 요걸로 피부에 보습을 주겠어요!!
사용기한도 넉넉합니다~"
2026-07-31,A000000229498,14443790,2022.08.20,4,0,NORMAL,쏙보습크림 50ml 단품,A02,B06,"C01,C02",2,22.5,1,0,말랑코덕,"🌟🌸 크리니크  수분크림 🌸🌟  (쏙보습 50ml  기획 사용 후기 입니당!!!🥺🌿🧚

🌟🌸 사용 계기: 그전에 쓰던 수분크림도 다 떨어지고 새로운 크림으로 바꾸려고 알아보던 중 마침 크리니크 세일 행사를 해서 워낙 수분 크림 계열에서 유명한 브랜드인데 가격대가 비싸서 못 써보다기 이번 기회에 구매하게 되었습니당!🥺

🌟🎀 사용감 및 장점: 처음 뜯어 보자마자 바로 얼굴에 발라봤는데 엄청 부드럽고 촉촉하네요! 다른 수분 제품들이랑은 다르게 차원이 다른 부드러움 이랄까요?! 오 뭔가 다른 부드러움에 흡수력도 좋고 찝찝하거나 오일리한 느낌이 아닌 산뜻하게 기분좋게 발리는 촉촉함이에요:) 색도 예쁜 핑크색에 생각했던 것보다 케이스가 좀 작았지만 원플원이라 만족했어요:) 수분 크림 유목민이였눈데 살포시 정착할 거 같아요🥺 당기지도 않고 유분도 없어서 제 피부가 건조한 편인데 보습도 잘 되어서 좋네요😊✨"
2026-07-31,A000000229498,8388107,2021.04.03,5,0,OL_YOUNG,쏙보습크림 50ml 단품,A01,B02,C05,1,22.5,1,0,렛잇고,"왜 유명한지 잘 팔리는지 알겠는 크림이었어요!!
젤크림 했을 때 딱 생각나는 정석 제형이에요! 그래서 가볍게 바르기 좋운 수분크림입니다
보통 젤제형 수분쿠림은 마무리감이 산뜻해도 흡수가 안되서 이후에 베이스 깔면 밀리는 제춤들이 있는데 이건 전혀 안그렇네요
수분감이 가득해서 지성 피부가 4계절 내내 쓰기 부담없었고 건성 분들이 쓰기엔 유분감이 없어서 여름에만 쓰시는걸 추천드려요
향은 거의 없어서 향료가 안들어간 것 같아요
크리니크 색조 맛집이라고 생각했는데 스킨케어 라인도 백화점 브랜드치고 가격도 좋고 제품력도 좋아서 다른 제품들도 또 써보고 싶어 졌어요 ㅎㅎ"
2026-07-31,A000000229498,8328636,2021.03.29,4,0,OL_YOUNG,쏙보습크림 50ml 단품,A02,B02,"C04,C05",0,22.5,1,0,미도의세상,"크리니크 기초 제품은 대부분 심플하게 기본에 충실하는 느낌이 많았습니다,,!
이 제품도 역시 피부에 수분을 채워주고 그게 오래 지속되는 수분크림으로 알고 있던 제품이었는데요.
예전에 크리니크에사 비슷한 제품을 사용했을 땐 피부에서 조금 겉돌고 흡수되지 않고 밀리는 느낌을 받았습니다.
그런데 이 제품 리뉴얼이 되었는지 바를 때 수분이 청량하게 확 느껴지면서 흡수가 정말 빨랐어요!
밀리는 건 전혀 없었고 그래서 메이크업 전에 간단하게 사용해주기 좋다고 생각했어요.
전 사실 지성에 가까워서 보습감을 테스트하기 위해 건성피부인 친구에게도 사용하게 해봤는데 하나만 발라도 당김이 없어서 좋다고 합니다.
엄청난 민감용, 극보습용, 재생 용도는 아니지만 수분을 채워주면서 발림성이 훌륭한 수분크림 찾으신다면 충분히 만족하실 것 같습니다 🌈
(tmi로 크리니크 감성도 너무 좋아요..)"
2026-07-31,A000000229498,8326030,2021.03.28,5,1,OL_YOUNG,쏙보습크림 50ml 단품,A03,B01,"C01,C02",7,22.5,1,0,kyne1,"올영 체험단에 크리니크 분홍크림이 있길래 정말 반가웠어요! 모이스쳐 써지 라인은 크림으로도 미스트로도 오랫동안 사용했던 제품이었거든요ღ'ᴗ'ღ 지금이야 블러셔로완전 유명하지만, 3step(세안-토너-로션)을 정립한 곳이라 곳이라 고민 않고 기쁜마음으로 신청했습니다!

배송 받고 상자를 열었을 때 크리니크의 시그니처 컬러인 민트색이 보여서 설렜어요. 종이 완충제로 한번, 에어캡으로 또 한번 포장되어 와서 안전하게 왔어요.

저는 계절따라 건성이었다가 지성이 되는데, 지금이 제일 건조할 환절기라 그런지 1겹으로는 약간 부족한 느낌이 들었어요. 그래서 잠자기 전 다시 코팅하듯 꾹꾹 눌러주니까 조금 더 수분감이 오래 지속되었어요. 

향기는 크리니크를 써보신 분들이라면 익숙할 향기일 것 같아요. 코를 찌르는 묵직한 향은 정말 싫어하는데, 이건 크게 호불호가 갈릴만한 진한 향이 아니라 누구나 쓰기 좋을거예요. 

아마도 이 크림은 여름에 접어들면 더 진가를 발휘하지 않을까 기대중입니다. 알로에가 들어있어서 빠르게 열감을 식혀주고 산뜻한 관리가 될거예요. 미스트 잘 쓰시는 분들은 같은 라인으로 나온 분홍통 모이스처 미스트도 함께 추천드려요!"
2026-07-31,A000000255585,63490900,2026.07.30,5,0,OFFLINE,본품+본품+PDRN패드2매*3,A04,B03,"C02,C05",0,1800.0,1,0,거문고슬,"✔️스킨푸드가 성분 하나는 정직하다고 유명하잖아요! 당근패드가 제일 유명해서 구매해봤어요! 라이스패드는 써봤는데 효과가 크게 있지는 않았지만 제품 자체가 마음에 들었어요!
✔️패드에 앰플도 촉촉하게 묻어 있어서 건조하지 않게 사용할 수 있고 반 갈라서 사용하면 가격 대비 용량도 괜찮은 것 같아요!
✔️통이 커서 여행용으로 들고 갈 때는 소분해서 들고 가야 할 것 같아요! 패드 정말 많이 써봤는데 패드 면 자체도 부드러워서 자극적이지 않아서 좋았습니다
✔️패드 자체의 크기도 넉넉해서 얼굴에 올려서 사용하기 좋아요
✔️좀 불편한 점이라면 쓸 때마다 뚜겅을 돌려서 열어야 한 다능 점과 집게가 없어서 좀 아쉬워요ㅠㅠ
✔️유통기한도 넉넉하고 여름에 피부가 타니까 그때 사용하기에 좋을 것 같아요~! 추천합니다! 세일 때 쟁이세요"
2026-07-31,A000000255585,62325208,2026.07.04,4,0,GIFT,[화잘먹]복숭아패드70매,A03,B02,"C01,C02",4,1260.0,0,0,통통미,"복숭아 패드 궁금해서 구매해서 써봤는데 전체적으로 괜찮은 제품이에요. 향이 은은하게 달콤해서 사용할 때 기분이 좋고, 패드도 자극 없이 부드럽게 닦여서 데일리로 쓰기 편했어요. 수분감도 적당히 있어서 사용 후 피부가 촉촉하게 정돈되는 느낌은 만족스러웠습니다. 다만 개인적으로는 당근 패드가 더 잘 맞는 것 같아요. 진정이나 피부 편안함 부분에서는 당근 패드가 조금 더 효과를 느꼈던 것 같아서요. 복숭아 패드도 충분히 좋은 제품이지만, 제 피부에는 당근 패드가 더 잘 맞아서 앞으로는 그걸로 계속 사용할 것 같아요."
2026-07-31,A000000262702,63449510,2026.07.29,5,0,OFFLINE,[미니손거울 증정] 글레이즈드 도넛,,,,2,280.0,1,0,cktnwls****,대박..나오자마자 바로 따끈하게 매장가서 샀어요..🤍            상세사진보다 실제가 더 미쳤습니다!!! 섀도우타입은 들고다니면 깨질까봐 걱정되고 쓰기 불편했는데 스틱형이라 진짜 너무 좋습니다 ㅠㅠ 감사합니다 ㅠㅠ🤍 펄 미쳤구여 발림성 미쳤구요 1분내로 쓱삭하고 블랜딩 원하는만큼하면 바로 밀착됩니다;; 놀랬어요 ㅋㅋㅋ 펄이 찹!붙습니다!! 지저분하게 가루날림없고 기똥찹니다.. 플래쉬 터트리면 그냥 윤슬광 미쳤구요;; 눈앞머리 애교살 콧대 볼 다 쌉가능이요 왕추천입니다 최고🤍✨
2026-07-31,A000000262702,63486039,2026.07.30,5,0,NORMAL,[미니손거울 증정] 클라우드 9,,,,1,252.0,1,0,빈티즈,"기존 하이라이터 있는데 휴대용으로 들고 다니기 무서워서 스틱으로 또 구매했어요 휴대용으로 들고 다녀도 될 것 같고
역시 너무 이뻐요! 손거울도 증정이라서 더욱 좋네요"
2026-07-31,A000000262702,63500777,2026.07.31,5,0,NORMAL,[미니손거울 증정] 클라우드 9,,,,0,200.0,1,0,sme****,"손가락 안쓰고 하이라이트를 스틱으로 스윽 바르면 되니까 너무 편하구 좋아요!!! 
쿨톤이라서 베스트픽으로 골라봤는데 성공적!
핑크색이라서 너무 튀면 어떡하나했는데
피부에 닿으면 은은한 핑크빛이 반사되는 느낌이라서 
생각보다 자연스럽구 예뿝니당!!
번짐도 없어서 섀도우로 써도 예쁘더라구요
뭉침 전혀 없고 스르륵 부드럽게 발려서 좋네요!!"
2026-07-31,A000000262702,63446063,2026.07.29,5,0,NORMAL,[미니손거울 증정] 글레이즈드 도넛,,,,2,168.0,0,0,dan****,"지속력이 궁금한 상품임.
현재 오프라 제품을 사용중이고 
만족스러워서
아무 정보도 없이 주문했음."
2026-07-31,A000000262702,63499926,2026.07.31,5,0,NORMAL,[미니손거울 증정] 클라우드 9,,,,0,88.0,1,0,dhdh****,가루처럼많이진하지않구요 그부분에대한 장단점?호불호가있을지도요ㅋ눈밑 하이라이터 광대부분바르니까좋아요
2026-07-31,A000000262702,63499753,2026.07.31,5,0,NORMAL,[미니손거울 증정] 페퍼민트,,,,0,88.0,1,0,dhdh****,눈앞머리 눈썹아래뼈 부분 광대부분턱부분 하이라이터로손색없습니다 발림성이부드러워아주맘에듭ㄴ다
2026-07-31,A000000262702,63499672,2026.07.31,5,0,NORMAL,[미니손거울 증정] 필로우 토크,,,,0,88.0,1,0,dhdh****,가루보다는펄감이쨍하진않구요ㅡ그래서눈밑하이라이터에잘맞아요 진짜부드ㅂ게그려져요
2026-07-31,A000000262702,63484949,2026.07.30,4,0,OFFLINE,[미니손거울 증정] 필로우 토크,,,,1,88.0,0,0,ql****,생각보다 되게 어두움 코에 쓰니까 더 어두워져서 못쓸듯 ㅠ 발색은 잘되고 픽싱도 잘되고 잘 발림 색상이 좀 아쉬움 차라리 화이트펄 살걸......
2026-07-31,A000000262702,63493143,2026.07.30,5,0,NORMAL,[미니손거울 증정] 글레이즈드 도넛,,,,0,60.0,0,0,이옹옹,오프라 글레이즈드 도넛을 본품으로 살까말까 고민하다가 스틱으로 나와서 사봤는데 눈앞머리용으로 그리기 ㄱㅊ은것같아요
2026-07-31,A000000262702,63506120,2026.07.31,5,0,NORMAL,[미니손거울 증정] 필로우 토크,,,,1,40.0,0,0,fjqma****,"일단 기존것은 미국산이고 이제품은 중국산임
부드럽게 발색은 잘 되지만 오프라 본품보다는 펄감이 약한편
수정용으로 들고다니기에는 좋음
브러쉬나 손으로 바르는것보다 감동이 적은 발색
다소 약한 발색이 나옴
입자가 부드러워 잘 부러질것 같아 관리를 잘해야할듯
딱! 수정용으로 가지고 다니기에 좋은듯"
2026-07-31,B000000190272,34898981,2024.12.09,5,0,NORMAL,다이슨 V12s 서브마린,,,,0,22.5,1,0,와이프가쓰는,"사고나서 청소할 맛(?) 이 나서 아침에 한번 저녁에 한번씩 매일 청소기 돌리고 했어요 ㅎㅎ 
Gen5 살까 서브마린 살까 고민하다가 서브마린 샀는데 너무나 탁월한 선택! ㅎㅎ 가격은 살짝 높았지만 그래듀 너무너무 만족합니다! 조립법이 조금 복잡했지만 그래도 완성하니까 너무 성취감들고 좋아옿ㅎㅎ
받침이 조금 무거워요ㅠㅠ조심하세용"
2026-07-31,B000000190272,61690901,2026.06.20,5,0,NORMAL,다이슨 V12s 서브마린,,,,0,2.0,0,0,tjtn****,물걸레도 같이 포함되러있고 성능도 너무 좋아서 아주 잘쓰고있어요
2026-07-31,B000000190272,36484904,2025.01.28,5,0,NORMAL,다이슨 V12s 서브마린,,,,0,0.9,0,0,와이프가쓰는,"흡입력이 정말 좋아요 ㅎㅎ 아침 저녁으로 돌리는데 청소가 너무 즐겁네요 ! ㅎㅎ
거치대가 약간 무거워서 옮기는게 좀 힘들어요 ㅠㅠ 고정 자리에 두는게 좋아요 
노즐이 여러종류라서 다양하게 쓸 수 있어요"
2026-07-31,B000000190272,59802703,2026.05.18,5,0,NORMAL,다이슨 V12s 서브마린,,,,0,0.1,0,0,tjtn****,물걸레까지 임직원 특가로 아주 잘 샀어요 너무 좋아요 둘 다 가능하니 편리합니다
2026-07-31,A000000214760,63333853,2026.07.27,5,0,NORMAL,[올영픽]허벌토닉 200ml(+두피괄사),A03,B01,C03,1,1512.0,1,0,유비뇽,"엄청 좋아요 
하루만에 이만큼 씀
지루성 두피염인ㄷ소독되는느낌들고
향도 대박 좋은디"
2026-07-31,A000000214760,63414490,2026.07.28,5,0,NORMAL,[올영픽]허벌토닉 200ml(+두피괄사),,,,1,1260.0,1,0,볶은당근,라우쉬 스위스 허벌 헤어토닉 사용해 보니 유명한 이유를 알겠어요. 풀향이 은은하게 나니까 기분이 좋아져요. 또 구매할 거 같아요.
2026-07-31,A000000214760,63488036,2026.07.30,5,0,OFFLINE,[올영픽]허벌토닉 200ml(+두피괄사),,,,1,900.0,1,0,미우밍,"요즘에 갑자기 각질이 생겨 생일 선물로 늘 사용하던 걸 구입했는데 언제나 써도 너무 좋아요. 항상 이 제품으로 다시 돌아 오는 것 같고, 갑질의 눈에띄게 현저히 줄어서 아주 좋아요. 이번에 마침 우드로 되어 있는 거 같이 도봉 되어 너무 괜찮네요."
2026-07-31,A000000214760,63255109,2026.07.25,5,0,NORMAL,[올영픽]허벌토닉 200ml(+두피괄사),,,,0,792.0,1,0,pomodoro,"좋아요 괄사도 있어서 잘 샀어요 묽은 물 제형이고 상쾌 산뜻한 향이어서 특히 여름에 쓰기 좋아요
여름이라 구매해봤는데 앞으로도 꾸준히 잘 쓸 것 같아요
머리 안 감은 다음날까지 정수리 냄새 안나진 않아요"
2026-07-31,A000000214760,63227745,2026.07.24,5,0,NORMAL,[올영픽]허벌토닉 200ml(+두피괄사),A03,B02,"C01,C02",1,792.0,0,0,이이이셍,여름철에 자꾸 머리가 떡지고 냄새도 나는 것 같아서 사봐써용 이미 유명하더라구요
2026-07-31,A000000214760,63443660,2026.07.29,5,0,OFFLINE,[올영픽]허벌토닉 200ml(+두피괄사),A03,B05,"C01,C09",1,660.0,0,0,쇼핑하는냥이,"확실히 두피냄새 잡아주는 것 같아요
양도 많고 가격이 좀 사악하긴 하지만 돈값한다고 생각함
괄사기획세트라 득템했어용"
2026-07-31,A000000205496,63393257,2026.07.28,5,0,NORMAL, ,A06,B04,C05,0,792.0,1,1,지원뤼ㄴ,"휴대하기는 간편합니다
맛도 있는데 효과는 잘 모르겠어요
변이 안잡혀서 갈아타요"
2026-07-31,A000000205496,63393175,2026.07.28,5,0,NORMAL, ,A06,B04,C05,0,792.0,1,1,지원뤼ㄴ,"맛은 있는데 효과는 잘 모르겠어요
비싸서 중단합니다
다른 유산균으로 갈아타요"
2026-07-31,A000000205496,63393051,2026.07.28,5,0,NORMAL, ,A06,B04,C05,0,792.0,1,1,지원뤼ㄴ,4개월 정도 먹은거같은데 드라마틱한 효과는 모르겠어요ㅠ 비싸네요
2026-07-31,A000000205496,63195586,2026.07.23,5,0,NORMAL, ,,,,1,594.0,0,0,슈미이,광고보고 도움되는것 같아서 구매했어요 효과있으면 좋겠어요
2026-07-31,A000000205496,63301054,2026.07.26,5,0,OFFLINE, ,,,,0,264.0,1,0,뎅구리,맛도 괜찮고 화장실을 잘갈수 있다길래 먹어봤는데 먹고서 한30분이 되었을까 바로 소식이... 전 아주 대 만족합니
2026-07-31,A000000187479,63506843,2026.07.31,5,0,NORMAL,폼160ml+40ml,A03,B04,"C01,C02",0,660.0,1,0,조연수,"비플레인 알고나서 클렌징은 물론이고
스킨, 로션, 팩, 세럼까지 다 쓰고 있어요
베리굿입니다 ~~~^^"
2026-07-31,A000000259586,59928153,2026.05.21,5,0,OFFLINE,마데카소사이드 수분 선세럼 50g,,B05,,40,4050.0,0,0,나는김둔둔,"수분 세럼처럼 촉촉하게 발려서 선크림 특유의 답답함이 거의 없어요. 백탁이나 끈적임이 심하지 않아 데일리로 사용하기 편하고, 피부에 자연스럽게 밀착됩니다. 마데카소사이드 성분 덕분인지 자극받은 피부도 비교적 편안하게 사용할 수 있었고, 메이크업 전에 발라도 밀림이 적어 활용도가 높아요. 건조한 피부에도 부담 없이 사용하기 좋은 선세럼입니다."
2026-07-31,A000000218845,63413522,2026.07.28,5,0,NORMAL,그로우턴 앰플 100ml기획(+100ml,A02,B05,"C03,C08",1,2232.0,1,1,꿀밤고구마,"좋아하는 두피 앰플이에요
두피 관리해주느라 꾸준히 쓰고 있어요
1+1 용량이라 마음에 듭니다"
2026-07-31,A000000218845,63326904,2026.07.26,5,0,NORMAL,그로우턴 앰플 100ml기획(+100ml,A02,B02,"C03,C08",1,2232.0,1,1,햄팡팡,"남편과 둘이 꾸준히 잘 쓰고 있는 두피 앰플이에요
탈모관리도 있지만 두피가 정말 개운하고 건강해진 느낌이라 만족합니다"
2026-07-31,A000000218845,63251384,2026.07.25,5,0,NORMAL,그로우턴 앰플 100ml기획(+100ml,A02,B05,"C03,C08",1,2232.0,1,1,꿀밤고구마,"두피앰플 너무 좋아요
쓰고나면 확실히 개운한 감이 있어서 즐겨쓰고 있어요
1+1정도라 아주 잘 샀습니다"
2026-07-31,A000000218845,63491648,2026.07.30,5,0,NORMAL,그로우턴 앰플 100ml기획(+100ml,A04,B02,"C02,C03",0,1800.0,1,1,말랑곰돌이,"두피 관리용으로 사용해보고 만족해서 재구매했어요 
브러쉬가 앰플 용기에 바로 달려 있어 가르마를 나누며 바르기 편하고 손에 내용물이 묻지 않아 꾸준히 사용하기 좋습니다 이번에는 정수리뿐 아니라 헤어라인과 귀 뒤쪽까지 꼼꼼하게 발라주고 있어요 
브러쉬로 천천히 문질러주면 두피가 시원하고 개운해지는 느낌이 들며 사용 후에도 머리카락이 끈적이거나 뭉치지 않아 부담이 적어요"
2026-07-31,A000000218845,63491004,2026.07.30,5,0,NORMAL,그로우턴 앰플 100ml기획(+100ml,A02,B01,C02,0,1800.0,1,1,크림라라,"앰플끝에 브러쉬가 달려 있어 손에 내용물을 묻히지 않고 두피에 바로 사용할 수 있어 편해요 
정수리와 헤어라인을 따라 천천히 문질러주면 앰플 도포와 두피 마사지를 한 번에 할 수 있습니다 
사용 후 끈적이거나 머리카락이 떡지는 느낌이 적어 꾸준히 관리하기 좋네요"
2026-07-31,A000000218845,63477644,2026.07.30,5,0,NORMAL,그로우턴 앰플 100ml기획(+100ml,A04,B02,"C01,C04",0,1800.0,1,1,루미결,"일반적인 두피 앰플은 손으로 가르마를 나눠가며 발라야 해서 번거로운데 이 제품은 용기 끝에 브러쉬가 달려 있어 두피에 직접 문지르며 바를 수 있다는 점이 가장 편하서 다시사게됏어요
브러쉬가 너무 딱딱하지 않고 적당한 자극을 줘서 두피 마사지를 받는 듯 시원했고 내용물도 한곳에 뭉치지 않고 골고루 발리니 좋습니당"
2026-07-31,A000000230821,62368489,2026.07.05,4,0,NORMAL, 폼클렌저 2입,A03,B01,"C01,C02",3,1260.0,0,1,뽀뇨뽀뇨,"뽀득뽀득하고 깨끗하게 잘 닦여서 개운한 느낌이 있는데, 사용하고 나면 하얗게 때 같은 게 밀려 나와요.
매일매일 밀려 나와서 쓸 때마다 때가 맞나 싶고, 쓸 때마다 고민이긴 한데 트러블도 없고 잘 닦여서 일단 잘 쓰고는 있어요.
밀어내니 요즘 메이크업이 안 떠서 그냥 나오는 대로 밀어내서 쓰고는 있는데 이렇게 쓰는 게 맞는지 잘 모르겠어요."
2026-07-31,A000000236918,61210385,2026.06.09,5,0,NORMAL,레몬,A01,B04,"C01,C05",266,15678.0,0,0,기깔나는닉네임없을까,저는 이거 씹어먹었는데 먹는게 아니고 뱉는거더라고요 ^^ 한통 다 먹었는데 아직 살아잇네요..ㅎㅎ
2026-07-31,A000000236918,63051219,2026.07.20,5,0,NORMAL,피치,A03,B03,"C01,C06",7,4050.0,0,0,배뽀,"💕구매이유
원래 입 텁텁한 걸 싫어해서 가지고 다니면서 사용하려고 구매했던건데 임신하고 입이 자주 착 가라앉아서 뭘 먹고나면 양치나 가글이 필요해지더라구요 그러다 이게 생각나서 사용해보니까 그냥 가글보다 더 상쾌해서 재구매한 제품입니다!

💕맛
저는 처음에도 피치맛을 구매했어서 다른 맛을 사용해보려다가 괜히 안맞으면 사용못하니까 기존에 써봤던 피치맛으로 구매했는데요 완전 처음 사용해볼때는 약간의 피치와 치약의 화한(?) 그 맛이 느껴져서 부담스러운 것 같다가도 막상 사용하면 입안이 상쾌해지는 피치라 사용할 때 거부감이 없어요

💕미니 사이즈에 많이 담겨 있어서 가지고 다니면서 사용하기도 좋고 일반 가글처럼 따로 컵이 필요한게 아니라 더 편하답니당"
2026-07-31,A000000236918,63037854,2026.07.20,5,0,GIFT,딸기,A04,B03,"C01,C02",5,4050.0,1,0,코지그레이스,"외출할때 들고 다니기 괜찮아요..
양치안하면 찝찝한데 간편하게 개운해지네요 ~
발포비타민처럼 금방 녹으면서
거품이 완전 많이 나고
향도 좋아요
딸기향~~
칫솔질 안해도 개운해지고
입냄새도 사라지고
혓바닥도 깨끗해져요
다만 약간은 혀가 건조해지는 느낌 있더라구요"
2026-07-31,A000000236918,62909007,2026.07.17,5,0,OFFLINE,레몬,A03,B03,"C02,C04",2,2214.0,1,1,규링2,양치는 못할 상황이고 입은 텁텁할 때 간단히 사용하면 좋아요 거품도 광고 만큼은 아니지만 잘 나고 괜찮아요.
2026-07-31,A000000236918,62709593,2026.07.12,4,0,NORMAL,NEW-스트롱민트,A03,B03,"C01,C08",3,1620.0,1,0,G0D,가지고 다니기에도 편하고 시원한 느낌도 좋은데 가루를 압축해놓은(?) 형태이다보니 녹아도 그 가루 질감이 느껴지고 녹을때 완벽히 녹는게 아닌 좀 뭉쳐서 녹지 않는 부분들도 있어서 그 뭉진 입자들이 교정기에 끼는 경우가 있더라고요 빼려면 물로 여러번 헹궈줘야 하는데 그럼 상쾌함이 좀 줄어들어요 이 부분이 조금 아쉬웠던거 같아요
2026-07-31,A000000236918,63336364,2026.07.27,5,0,GIFT,딸기,A03,B03,"C01,C02",2,1512.0,0,0,퓨리뷰리,"간편한 고체 치약이예요
칫솔질 할필요 없이
깨물고 오물오물하고
뱉어내면 되는데
향도 괜찮고
개운함."
2026-07-31,A000000236918,62675101,2026.07.12,5,0,NORMAL,NEW-스트롱민트,A04,B01,"C05,C06",2,1116.0,1,0,할렐률야,프로미스나인 이채영 광고가 엄청 떠서 사봤는데 고기 먹고 양치할 수 없는 상황에서 사용하기 좋았어요
2026-07-31,A000000236918,63088846,2026.07.21,4,0,NORMAL,피치,A02,B05,"C02,C09",1,945.0,1,0,근육왕입니다,인공적인 맛이 난다는 리뷰들이 있지만 가글류가 원래 인공적일 수밖에 없는 걸 감안하면 전혀 거부감 없고 향 좋습니다 가격대가 조금 있을 뿐
2026-07-31,A000000236918,63147040,2026.07.22,5,0,NORMAL,NEW-스트롱민트,,B06,,1,900.0,1,0,냐냐냐앙,"밖에서 양치 못하는 상황에서 사용하기 좋아요.
인공적인 향 안 좋아해서 스트롱민트 샀는데 나쁘지 않습니다! 그냥 치약 맛? 
그냥 씹어서 거품내고 헹구면 되는 제품이라 급하게 사용하기 좋고 사이즈도 작아서 가방에 넣어 다니기에 부담 없습니다!"
2026-07-31,A000000236918,62939230,2026.07.17,5,0,NORMAL,피치,,,,1,756.0,1,0,이정환정환,양치 못할 때 급하게 가글하기 좋아요 진짜 복숭아사탕 먹는 것 같아요
2026-07-31,A000000236918,62618180,2026.07.10,5,0,NORMAL,피치,A03,B06,"C01,C04",1,756.0,1,0,보라빛향기아이스크림,가글 향기가 피치 복숭아 맛 먹으면 안돼요 불치몇프로일까 양치하고 가글하기
2026-07-31,A000000236918,62759964,2026.07.13,4,0,OFFLINE,피치,,,,1,630.0,1,0,생이공주,"그냥저냥 무난했습니다.
입냄새도 덜 나고 상콤개운했습니다."
2026-07-31,A000000236918,62582707,2026.07.09,4,0,OFFLINE,레몬,,,,0,396.0,1,1,새침떼기,백태 제거는 ㅈㅉ 모르겠고 상쾌하네요 향도 괜찮고 입에서 톡톡 튐
2026-07-31,A000000236918,60632146,2026.06.02,5,0,NORMAL,피치,A04,B01,"C01,C05",0,378.0,1,0,욘하,너무 마음에 들어서 또 살 거예요! 갖고 다니면서 밥 먹고 난 후에 한알 씹어서 가글 해 주면 정말 양치 한 것처럼 개운 해서 마음에 들어요! 저는 피치 좋아해서 복숭아향으로 했는데 그 정도 마음에 들어요. 다음에 또 다른 향도 사보려구요.
2026-07-31,A000000236918,61529938,2026.06.16,4,0,NORMAL,피치,A03,B03,"C01,C02",2,375.0,1,0,올알라,"광고를 많이 봐서 궁금했던 제품이라 구매해봤어요!!

밖에서 양치를 못할 때 사용하기 정말 편하고 사이즈도 컴팩트해서 휴대하기 부담이 없습니다👍🏻👍🏻

🫧거품도 잘 나고 🍑피치향이 달달해서 사용감도 만족스러웠어요~

사용 후에는 입안 전체가 개운해지는 느낌이 들어 좋았습니다!!

사람들과 대화를 많이 하는 직업이라 구취가 신경 쓰일 때가 있었는데, 고체가글 사용 후에는 그런 걱정이 많이 줄었어요☺️

휴대성과 사용감 모두 만족스러워서 앞으로도 재구매해서 사용할 것 같습니다🩷"
2026-07-31,A000000236918,63505760,2026.07.31,5,0,OFFLINE,NEW-스트롱민트,A02,B05,"C02,C10",0,360.0,0,0,청와대버텅,"불소 포함] 노도르 고체가글 6종 택1 (스트롱민트/딸기/피치/레몬/라임/오리지널)치아 건강을 위한 특별한 선택을 제안합니다.
다양한 향의 고체 가글 제품을 만나보세요.
스트롱민트, 딸기, 피치, 레몬, 라임, 오리지널까지.
원하시는 취향에 따라 골라 사용하실 수 있습니다.
이 제품은 불소를 함유하고 있어 더욱 효과적인 구강 관리를 돕습니다.
간편하게 휴대하며 언제 어디서든 상쾌함을 더해보세요.
깨끗하고 건강한 미소를 위한 현명한 선택이 될 것입니다.
오늘, 당신의 구강 건강에 작은 변화를 시작해 보세요."
2026-07-31,A000000236918,63339118,2026.07.27,5,0,OFFLINE,레몬,A06,B01,"C05,C06",0,360.0,0,0,Briar,"헤헤 가글 재밌어요🍋
약간 양치하고 일하다보면 입이 텁텁할 때가 있잖아요?
그럴 때 입에 물고 한번 하고 오면 괜찮아요!ㅋㅋㅋ

레몬맛만 그런지 모르겠는데 조금 짭짤한 맛이 나거든요?
그런데...가짜  배고플 때 도움이 되는 거 같아요
저걸로 가글하고 나면 뭔가 채워진 기분ㅋㅋㅋㅋㅋ"
2026-07-31,A000000236918,62649048,2026.07.11,3,0,NORMAL,레몬,,,,0,330.0,1,0,aimerihana,"친구가 추천해준 상품인데요.
솔직히... 저한테 그정도 효과가 있지않을것같고..
흠 담에 안 살것같애요 ㅋㅋ"
2026-07-31,A000000236918,62376731,2026.07.05,5,0,NORMAL,피치,A01,B04,"C01,C06",0,330.0,1,0,유밈호영이,원래는 밖에서 양치 급하게 못하는 불가피한 상황에 쓰려고 산건데..ㅋㅋ 수련회 가서 양치하기 싫을때마다 그냥 귀차니즘 무지성으로 씹음요
2026-07-31,A000000236918,62285263,2026.07.04,5,0,NORMAL,라임,A03,B04,"C02,C03",0,330.0,1,0,곡한의마죠리카,레몬보다는 라임맛이 더 낫습니다. 백태 잘 닦이고 노도르에서 파는 혀클리너 말고 그냥 칫솔로 닦는게 더 잘닦여요 ㅋㅋ
2026-07-31,A000000236918,62285261,2026.07.04,5,0,NORMAL,딸기,A03,B04,"C02,C03",2,330.0,1,0,곡한의마죠리카,"향은 피치랑 레몬, 라임이 덜 역하고 스트롱민트는 개인적으로 좀 역했어요.."
2026-07-31,A000000236918,61371595,2026.06.12,4,0,NORMAL,레몬,A03,,C02,2,315.0,1,0,sww,"입에 넣어서 깨는 순가 입속이 거품파티예요

그래서 꼭 화장실에서 사용하는것을 추천

비타민c가 들어 있어서 조금더 깔끔한 느낌이 나는 것같아요히히히

그리고 여행갈 때 양치 못할때 좋은것같아요"
2026-07-31,A000000236918,61168784,2026.06.08,4,0,NORMAL,피치,,,,0,300.0,1,0,다이나믹한고양이,"고체가글(Solid 가글) 복숭아맛을 사용해 본 결과 전반적으로 만족스러웠습니다. 가장 큰 장점은 복숭아 향과 맛이 은은하게 나서 사용하기 부담이 없다는 점입니다. 일반 가글 특유의 강한 화한 맛이 싫은 사람도 비교적 편하게 사용할 수 있을 것 같습니다. 사용 후에는 입안이 상쾌해지고 깔끔한 느낌이 들었으며, 휴대가 간편해 외출 중에도 쉽게 사용할 수 있었습니다. 액체 제품처럼 샐 걱정이 없고 크기도 작아 가방이나 주머니에 넣고 다니기 좋았습니다."
2026-07-31,A000000236918,63154846,2026.07.22,1,0,NORMAL,레몬,,,,0,297.0,1,0,허연재ㅐ,"좀 별로였는듯
마지막에 비누맛(?)같은게 남고
씹는동안 느낌이 개별로임...ㅜㅜ"
2026-07-31,A000000236918,63187382,2026.07.23,3,0,NORMAL,NEW-스트롱민트,A04,B01,"C04,C05",0,270.0,1,0,cuteje****,"장단점이 확실히 있는거같아요!
물론 호불호가 갈릴수있음

제가 생각하는 장점은 휴대가 간편하다
단점은 씹고 거품이 나기전까지 느낌이 이상해서 거부감이든다

아무래도 물이 없다보니 적응이 안되서 그런건지 이상하더라구요ㅠㅠ
병원입원해있으면서 어쩔수없이 몇번 사용했었는데 사용할때마다  거부감이듬ㅠㅠ
그래도 개운하긴 엄청 개운해요!
휴대하기도 편한건 맞아요
계속 쓰다보면 적응되겠조ㅎㅎ"
2026-07-31,A000000236918,63064372,2026.07.20,3,0,NORMAL,NEW-스트롱민트,A06,B03,"C01,C02",0,270.0,0,0,올영기프트,"액체 가글은 들고 다니기 불편해서 고체가글이 궁금했는데 생각보다 훨씬 편하더라구요!

작아서 파우치에 넣고 다니기 좋고 식사 후 하나씩 사용하기 정말 편했어요. 입안도 깔끔하고 상쾌한 느낌이 오래가서 만족했습니다. 특히 밖에서 양치 못 하는 상황에서 사용하기 너무 좋은 제품인 것 같아요.
다만 백태제거나 뭔가 다른 가글과 큰 차이는 모르겠어용 ㅠ"
2026-07-31,A000000236918,60693546,2026.06.02,5,0,OFFLINE,피치,A01,B01,"C02,C04",2,270.0,1,0,냐몸미,"생각했던 것보다 크기가 정말 아담해서 가방이나 파우치에 넣고 다니기 너무 편해요. 휴대용으로 쓰기 딱 좋은 사이즈라 만족스러웠고 실제로 사용해보니 기대 이상으로 굿 ! ! 

일단 맛이 정말 맛있어요 ㅋㅋ ㅠㅠ 딱 뽀로로 비타민 복숭아맛 (?) 느낌이라 너무 비슷해서 거부감이 없어요 .. 비타민 먹는 것처럼 달달한 맛이라 오히려 손이 더 자주 가더라고요 ..

거품도 풍성하게 올라오고 사용 후에는 입안 냄새가 바로 상쾌해지는 느낌이라 좋았습니다. 혀 백태 개선 효과는 솔직히 엄청 눈에 띄게 느껴지진 않았지만 입안 전체가 개운해지는 느낌은 확실히 있었어요 

처음에는 달달한 맛이라 시원한 느낌이 약할 줄 알았는데 의외로 혀가 시원해지는 청량감도 있어서 만족스러웠습니다. 화한 느낌이 엄청 과하게 강하지 않아서 부담 없이 사용하기 좋았어요.

그리고 통 자체가 작고 가벼워서 휴대성이 정말 좋습니다. 외출할 때 가지고 다니기 편하고 개인적으로는 고체라 한두 알 정도 따로 챙겨서 다니면 더욱 유용할 것 같아요 .. 추천 😇🤍"
2026-07-31,A000000236918,62503933,2026.07.08,5,0,OFFLINE,딸기,,,,0,264.0,1,0,고굼찌,라운지 이용하다가 입이 넘 찝찝하길래 내려가서 바로 구매했네요ㅋㅋㅋ 아주 좋습니다! 매번 살까말까 고민하던 가글이였는데 확실히 간편하고 좋아요ㅎㅎ 만족합니다!
2026-07-31,A000000236918,62183102,2026.07.02,5,0,NORMAL,NEW-스트롱민트,A01,B03,"C09,C11",0,264.0,1,0,뇨뇨뇨노옹,아는 동생이 쓰는거 보고 한번 써봤는데 넘좋아서 올영세일때 쟁여놨어요! 시원하고 진짜개운합니다
2026-07-31,A000000236918,61578370,2026.06.17,5,0,NORMAL,피치,,,,0,198.0,1,1,새침떼기,향도 좋고 가방에 챙겨다니면서 급할때 쓰기 좋을 거 같아요 디자인 귀여워요
2026-07-31,A000000180162,63209269,2026.07.24,5,0,NORMAL,50ml+50ml+10ml 기획,,,,0,396.0,1,0,진탄,돌아돌아 다시 찾게된 닥터지 그린 무난하고 순해서 다시 찾게되네요
2026-07-31,A000000259619,63447545,2026.07.29,5,0,NORMAL,[슈야토야 콜라보] 레드 클렌징폼+히퍼,A02,B05,"C03,C08",1,2232.0,1,0,꿀밤고구마,"대용량이라 너무 잘 쓰고 있어요
당김이 없고 건조한 피부에도 세안이 잘 되서 만족합니다
거품 진짜 잘 나요"
2026-07-31,A000000259619,63447244,2026.07.29,5,0,NORMAL,[슈야토야 콜라보] 레드 클렌징폼+히퍼,A02,B02,"C03,C08",1,2232.0,1,0,햄팡팡,"진작부터 정착한 클렌징폼이에요
진짜 부드럽게 세안이 잘 되고 당기지 않아서 너무 좋아요
한번 사면 오래 써서 아주 좋습니다"
2026-07-31,A000000223283,63477933,2026.07.30,5,0,NORMAL,[포켓몬 에디션] 중형 16+4P 기획,A03,B03,"C04,C07",2,1512.0,0,0,하치오댕,여름에 쏘피없인 못살아....쿨링 생리대는 어떤 원리인걸까..
2026-07-31,A000000259657,62417625,2026.07.06,5,0,NORMAL, ,,,,4,1260.0,0,0,갸울이,"💬부스터프로1 쓰고나서 한동안 뷰티기기 안썼다가 업그레이드된 버전이 나왔다해서 구매했어요! 오랜만에 사용해서 그런지 확실히 얼굴에 흡수되는게 바로 체감이 되었어요.

📕 부스터프로1을 써봐서 그런지 확실히 바뀌었다 싶었던건 첫번째, 단계별 출력강도였어요. 프로1에선 5단계까지 올려서 썼는데 프로2에선 1단계부터 적절한 찌릿함이 느껴지더라구요..!🤩 
📘두번째, 사용시간 단축이었어요! 프로1에선 모드별로 써줘야하니 바쁜아침엔 사용할 생각도 못했는데 듀얼모드가 ㄹㅇ 혁명이에요.. 자주쓰는 모드가 부스터,미세전류모드인데 둘을 한번에 쓸수있으니까 이젠 아침에도 슥 쓰고 나갈수있어요!😭 

할인할때 충동적으로 구매했는데, 성능에 너무 만족 중이에요!! 꾸준히 쓰고 한달후기 써볼게요!!"
2026-07-31,A000000259657,62715753,2026.07.12,5,0,NORMAL, ,A03,B01,"C02,C03",0,264.0,1,0,준돌또영,"엄청 큰 박스 도착 …! 
받침대에 뚜껑에 파우치에 헤어삔까지 없는게 없어욤 
기존에 부스터 프로 사용하고 있는데 업그레이드 됐다 해서 구매했어요!"
2026-07-31,A000000259657,62349421,2026.07.05,5,0,NORMAL, ,,,,2,210.0,1,0,올리브5일장,"기존 부스터프로1 너무 잘 쓰고 있어서

세일할 때 믿고 구입했습니다.

조앤프렌즈 콜라보라서 큰 고민없이 구입했습니다.

사실 콜라보 아님.. 부프1도 워낙 좋아서 그냥 썼을 거 같은데..

조앤프렌즈 캐릭터가 저희 냥이랑 똑닮아서 안 살 수가 없더라구요ㅋㅋㅋ
(겸사겸사 조앤프렌즈 닮은 우리 냥이 얼굴도 자랑합니다ㅋㅋ)

전부터 부프2 고민했던 이유가..

1.3배 커진 헤드
2배 출력
2배 LED
새롭게 추가된 3가지 모드
특히 마스크 모드가 제일 기대되구요!!

2가지 모드를 동시에 사용해서 효과를 업업업할 수 있다는 점!!
앱에 얀동도 가능한 점

진짜 고민만하고 안 살 이유가 하나도 없습니다!

부프1에서 2로 갈아탈 메리트 충분히 있어요!

효과는 부프1으로 충분히 봐서 의심치 않습니다.
1주일이나 1달 사용 후 비교 후기도 올려볼께요!

부프3가 언제 나올지 모르겠지만..
출시하면 또 사게 될 거 같네요ㅋㅋ"
2026-07-31,A000000259657,62352833,2026.07.05,5,0,NORMAL, ,,,,0,198.0,1,0,배윤띠,"디자인이 너무 귀여워요 
기능은 뭐 너무 유명해서ㅠ
열심히 써볼개용"
2026-07-31,A000000259657,62993836,2026.07.19,5,0,NORMAL, ,,,,0,135.0,0,0,돈이없어잉,"가격이 가격인지라 고민이 많이 되는 제품 콜라보라길래 큰맘먹고 구매했는데 솔직후기로 말하자면
에어샷모드는 확실히 효과있는데 자주 하지는 말고 강철피부가 싶으면 일주일에 두세번이 적당 민감하면 일주 한번 제일 잘쓰는건 부스터모드긴 한데 제일 좋았던건 더마샷모드 이걸로 아침에 쓰니 확실히 붓기 빠짐 이번에 업그레이드 되면서 듀얼모드나 에이아이모드등이 추가됐긴 한데 앱을.. 안깔아서 안쓰게 되었고 마스크팩 모드는 해주니 흡수가 된다? 라는게 느껴짐 미세전류는 모드는 효과는..모르겠음 그러나 부스터모드 하나만 보고 사도 끝장난다 생각함 돈값한다? 그자체 본인이 쓰는 루틴은 클렌징 하고 에어샷으로 한번 조진세해주고 토너-&gt;부스터모드 앰플-&gt;미세전류모드로 팔자주름 앰플 한번더 -&gt; 더마샷모드로 교근이나 측두근을 풀어준다음 장벽크림으로 부스터모드 끝"
2026-07-31,A000000259657,63233754,2026.07.24,5,0,NORMAL, ,,,,0,88.0,1,0,bigma****,아직 이틀밖에 사용안했는데 얼굴 근육이 탱탱해진 느낌이 들어요 성능이 좋은건 둘째치고 너무 디자인이 예뻐요
2026-07-31,A000000259657,63132177,2026.07.22,5,0,NORMAL, ,,,,0,9.0,0,0,몽몽이랑,첫 디바이스에요! 고민만 하다 조앤프렌즈 콜라보가 너무 귀여워서 들였어요ㅠㅠㅠ 거치대도 있어서 만족스럽고 모드가 다양해서 열심히 써보겠습니다!
2026-07-31,A000000259657,63397660,2026.07.28,5,0,NORMAL, ,,,,0,8.0,0,0,alsdnd****,반복 사용에도 부담이 없어서 꾸준히 사용하기 괜찮았습니다.
2026-07-31,A000000259657,63390568,2026.07.28,5,0,NORMAL, ,,,,0,8.0,0,0,kjhl****,전체적으로 안정적인 흐름이 유지되어 부담 없이 사용할 수 있었고 계속 사용하기에도 괜찮았습니다. 만족스러운 편이었습니다.
2026-07-31,A000000259657,63274687,2026.07.25,5,0,NORMAL, ,,,,0,8.0,0,0,djt98****,올리브영 행사 때 구매했는데 정말 만족스러워요. 부담 없이 사용하기 좋고 전체적으로 퀄리티가 좋아요. 가격 대비 만족도가 높아서 다음에도 다시 구매할 것 같습니다.
2026-07-31,A000000259657,63179576,2026.07.23,5,0,NORMAL, ,,,,0,6.0,0,0,yungchea****,디바이스 처음 사용해봐도 단계별로 나누어져 있어서 쉽고 모드가 많아서 관리하기 쉬워요 !
2026-07-31,A000000259657,62978010,2026.07.18,5,0,NORMAL, ,,,,0,6.0,0,0,kimgeo****,사용하면서 크게 신경 쓸 부분이 없어서 좋았습니다. 자연스럽게 이어지는 느낌이라 편하게 사용할 수 있었습니다.
2026-07-31,A000000259657,62968923,2026.07.18,5,0,NORMAL, ,,,,0,6.0,0,0,ehdd****,특별히 거슬리는 부분이 없어서 편하게 사용할 수 있었고 계속 써도 질리지 않는 느낌이라 괜찮았습니다.
2026-07-31,A000000259657,62797573,2026.07.14,5,0,NORMAL, ,,,,0,4.0,0,0,evi****,진작 살 껄 그랬어요~피부가 윤기가 나고 매끈해져서 다음날 화장이 잘 먹어요
2026-07-31,A000000259657,62571308,2026.07.09,5,0,NORMAL, ,,,,0,4.0,0,0,lje****,"제가 구매하는 제품들의 가격 중에서는 비싼 축에 속해서 꽤나 큰 마음을 먹고 사기는 했지만! 이렇게 귀여운 콜라보를 하고, 구성품을 줄 때 사서 기쁩니다~~"
2026-07-31,A000000204859,61643590,2026.06.19,5,0,NORMAL, ,A02,B01,"C02,C04",0,450.0,1,1,뽀용둥이,살을 빼려고 하면 먹는게  달라져서 자꾸 화장실을 못가게 되는데 요 젤리는 먹으면 체지방도 감소되면서 화장실까지 잘가게 해주니까 너무 조아요 ㅎㅎ 그리고 젤리가 일단 넘나 맛나용 ㅋㅋ 그냥 간식용으로 먹어도 손색없을 만큼 맛있고 스틱형이라서 외출시에 하나씩 가지고 다니면서 부담없이 잘 먹을 수 있는게 최고 좋습니당
2026-07-31,A000000204859,61672427,2026.06.20,5,0,NORMAL, ,,,,0,189.0,1,0,아라조아라,"먹기 간편해서 좋어요
젤리유라 쫀득하고 알갱이 씹는식감도 좋고
화장실도 잘가고 하루하나씩 꼭 먹고 있어요 !"
2026-07-31,A000000204859,61638725,2026.06.19,5,0,NORMAL, ,,,,0,66.0,1,0,he****,"젤리라서 시원하게 먹으면 더 좋은것같아 냉장고보관중입니다 맛은 포도맛! 괜찮습니다 식이섬유가 필요해 간편한걸로 주문해봤습니다,"
2026-07-31,A000000204859,60827757,2026.06.04,5,0,NORMAL, ,,,,0,66.0,1,1,아가가,2포는 먹어야 시원해요 한포는 먹어도 반응이 없어요 ㅋㅋㅋ
2026-07-31,A000000204859,63086875,2026.07.21,5,0,NORMAL, ,A02,B01,"C02,C04",0,54.0,0,1,뽀용둥이,맛있ㅇㅓ용!! 장실도 잘가서 아랫배묵직한것도 없어지구 재구매하려구요
2026-07-31,A000000204859,61932802,2026.06.26,5,0,NORMAL, ,,,,0,50.0,1,1,ypc0****,"평소에 화장실 가는 게 불규칙하고 아랫배가 묵직해서 불편했는데 이거 하루에 하나씩 간식처럼 먹기 딱 좋아요 ㅎㅎ
탱글한 젤리 제형인데 맛도 상큼하고 맛있구 확실히 챙겨 먹다 보니까 속이 한결 가볍고 편안해진 게 체감돼서 아주 만족스럽네여~~
개별 포장이라 가방에 쏙 넣어 다니며 앞으로도 꾸준히 먹어볼 생각입니다 :D"
2026-07-31,A000000204859,61627305,2026.06.18,5,0,NORMAL, ,,,,0,50.0,1,0,shuru****,"평소 더부룩한 속 때문에 고생하던 차에 구매했어요. 하루 한 포씩 챙겨 먹었는데 며칠 지나니 배변 컨디션이 한결 편안해진 게 느껴졌어요. 
맛도 부담스럽지 않아서 간식처럼 가볍게 먹을 수 있었어요. 속이 더부룩한 느낌도 줄고 전체적으로 장 컨디션이 편안해졌어요."
2026-07-31,A000000204859,63352201,2026.07.27,5,0,OFFLINE, ,A03,B04,C09,0,48.0,0,0,지밍닝,구성원이 이 젤리 진짜 화장실 잘간더길래 사봐ㅛ는데 저는 효과가 없네요ㅠ
2026-07-31,A000000204859,62955662,2026.07.18,5,0,OFFLINE, ,A02,B03,"C08,C10",0,45.0,0,0,마리쿠씨,젤리 형태라 간식 먹는것 같아 잘 챙겨 먹게 되용 탱탱 하진 않구 잘 부셔지는 젤리..
2026-07-31,A000000204859,62639993,2026.07.11,5,0,NORMAL, ,,,,0,44.0,1,1,esther****,효과가 좋아서 자주 구매합니다 맛도 괜찮아요 …추천해여 화장실 못갈때 유용합니다
2026-07-31,A000000204859,62534418,2026.07.08,5,0,NORMAL, ,,,,0,44.0,1,1,sunfin****,맛도 좋고 점심식사 후 먹으면 간식 생각도 줄어들고 좋은 것 같아요 화장실 가는 것도 수월한 느낌이에요
2026-07-31,A000000204859,62534301,2026.07.08,5,0,NORMAL, ,,,,0,44.0,1,1,sunfin****,맛도 좋고 점심식사 후 먹으면 간식 생각도 줄어들고 좋은 것 같아요 화장실 가는 것도 수월한 느낌이에요
2026-07-31,A000000204859,61766755,2026.06.22,5,0,NORMAL, ,,,,0,42.0,1,0,ohy****,"요즘 체중관리 하면서 간식대용으로
한 포씩 챙겨먹고 있어요.
장 활동에 도움이 되고 있어요.
맛도 좋아서 더 만족해요."
2026-07-31,A000000204859,63084443,2026.07.21,2,0,NORMAL, ,,,,0,30.0,0,0,deuli****,"젤리라 맛은 좋아요! 알약이 아니라 휴대하면서 먹기두 편하구요 근데 중요한건 효과가 하나도 없어요!! 
저는 체지방 감소효과가 잇대서 사봤는데 이거 먹고 완전 화장실을 못가서 한 4일까지 먹다가 끊었는데 오히려 끊었더니 평소처럼 화장실 잘가구 더 나아서 걍 안먹습니다 ㅠㅠ"
2026-07-31,A000000204859,62574895,2026.07.09,5,0,NORMAL, ,A03,B01,"C06,C09",0,30.0,0,1,무유수,배가 더부룩한 느낌이 들 때 한포씩 먹으면 장운동이 활발해지는 것 같아요! 벌써 세번째 주문입니다!!! 맛도 맛있어서 거부감이 하나도 없어요!!
2026-07-31,A000000204859,59869263,2026.05.20,5,0,NORMAL, ,A03,B02,"C03,C10",0,22.5,1,0,황봉윤봉,"요즘 회사에서 점심먹고난뒤에 하나씩 먹어주고있어요
하나하나 개별포장이라 좋고 일단 맛있네요 살을빼야해서 요즘 적게먹는데 요거먹어주니 간식으로 채워지는느낌이랄까 
화장실도 잘가게되고 확실히 좋아요 
매일 못가서 힘들었는데 요거먹고는 규칙적으로 가게되는것같아요"
2026-07-31,A000000204859,59798990,2026.05.18,5,0,NORMAL, ,A02,B01,C02,0,22.5,1,0,크림라라,"젤리 타입이라 간편하게 먹기 좋아서 만족하고 있어요맛도 상큼해서 부담 없이 간식처럼 챙겨 먹기 좋았고 냉장고에 넣어두고 시원하게 먹으니 더 맛있네요
 개별 포장이라 휴대하기 편해서 회사나 외출할 때 챙기기에도 좋았습니다 꾸준히 관리용으로 먹기 괜찮고 식단 조절하면서 함께 챙겨 먹기 좋은 제품 같아요 
패키지도 깔끔하고 양도 적당해서 부담 없이 먹을 수 있어 만족스럽습니다"
2026-07-31,A000000204859,58919388,2026.04.28,5,0,NORMAL, ,A04,B02,"C01,C04",2,22.5,1,0,루미결,"개별 포장이라 위생적으로 보관하기도 좋고 외출할 때 하나씩 챙겨 다니기 편해서 꾸준히 먹기 부담이 없습니다 맛도 인위적인 느낌 없이 깔끔한 편이라 거부감 없이 먹기 괜찮고여

젤리라 물 없이도 섭취 가능한 점이 편리했고ㅎ매일하나씩 먹으니 화장실가기 편하내요 
전체적으로 꾸준히 먹기 좋은 타입이라 재구매 의사잇어요"
2026-07-31,A000000204859,58135937,2026.04.09,5,0,NORMAL, ,,,,0,22.5,1,1,Schminken,"저 이거 너무 좋은 거 같애요.

처음에는 몰랐는데

계속 먹다 보면

효과가 있고

하루에 두 개 이상 먹습니다 저는.

젤리 형태라 너무 맛있어서.

어쩔 때는 그냥 먹게 돼요.

여기 정말 좋은 제품 너무 많이 나오는거 같아요.

가격은 사악하지만, 세일할때 좀 많이 사놓는 편입니다.

올리브영에서 다섯 개씩 귀엽게도 나오기도 하네요."
2026-07-31,A000000204859,57719158,2026.04.01,5,0,NORMAL, ,,,,0,22.5,1,0,Schminken,"너무너무 맛있구요
너무 너무 많이 도움 돼요.
저 같은 경우는 습관성인데
이거 먹고 많이 도움
그리고 많이 먹어도 이거 또 먹으면은 도움되구요
계속 구매하게 되는 것 같네요.
다른 분들도 드셔 보세요.
효과 있을 겁니다 분명히.
저 사진 찍은 거 보고 놀라지 마세요.
예전에는 1년에 100만 원도 넘게 쓴 적 있었으니깐요.
아무 부작용이 없습니다.
콜레올로지에서 정말 좋은 제품 많이 나오는거 같아요.
개인적으로 정말 감사드려요."
2026-07-31,A000000204859,57139586,2026.03.16,5,0,NORMAL, ,A02,B02,"C01,C02",23,22.5,1,0,곰돌곰돌,"화장실을 잘 못 가고 가스도 차서 속이 더부룩한 날이 많아서 챙겨 먹기 시작했어요. 
며칠 꾸준히 먹어보니 확실히 화장실 가는 것도 훨씬 수월해지고 속이 한결 편안한 느낌이예요. 
젤리 형태라 딱딱한 알약보다 먹기도 편하고, 맛도 좋아서 간식처럼 챙겨 먹기 좋네요. 개별 포장이라 휴대하기도 편해서 외출할 때 가방에 넣어 다니며 먹기에도 좋아요"
2026-07-31,A000000204859,56825922,2026.03.10,5,0,NORMAL, ,,,,12,22.5,1,1,Schminken,"이거 주변에 남자분들도 많이 추천해 주었어요.

좋다고 덥석 가져가더라고요

처음에 먹을 때 한 번에 별로 못 느끼는데

두 번째 세 번째 먹으면서부터 분명히 신호가 올 겁니다

저는 원래 이거 하루에 한 포 먹게 되어 있는데

그냥 두 포 정도 먹는 거 같아요.
제가 식단을 하다 보니까

잘 안 먹고

양배추나 키위 같은 거 먹어도

워낙 예민한 성격에

그래서 이거에 도움을 받고

이번에 많이 주문을 했는데

그냥 세일 나머지 물건도 정말 많이 안 와서

배송 진짜 느리네요

심지어 제가 주문했는데도

배송 안 했나 주문 안 했나

해서 몇 번 들여다 보게 되고

정말 배송 늦네요"
2026-07-31,A000000204859,56578683,2026.03.06,5,0,NORMAL, ,,,,16,22.5,1,1,Schminken,"저 이거 벌써 두 번째 주문하는데요.

한 번은 콜레올로지 홈페이지에서 먹어 보고

괜찮은 거 같아서 여기에서 또 한번 주문합니다

화장실 가는게 좀 힘들긴 한데.

솔직히 시중에 파는 약 먹으면 힘들잖아요

그런데 이거는 젤리 형태고

하루 정도는 적응하는데 시간이 걸리고

두세 번 먹으면 효과가 있습니다

확실히 효과가 있고

주변에도 많이 홍보하고 있어요

오늘 친구 만났는데 하나 주었더니 남자인데도 좋아하더라고요

우리 모두 같이 살을 빼 보아요."
2026-07-31,A000000204859,56123567,2026.02.27,5,0,NORMAL, ,,,,10,22.5,1,0,Schminken,"이거 본품 홈페이지에서 보고 여기 올리브영에서 구매하는데요, 제가 가끔 기가 있어서 한번 구매해 보고 싶어서 구매해 봤습니다.

지금 외출하면서 한 포 들고 나왔는데.
일반 빨간 포보다는 조금 큰 편이고요.

그리고 보라색 젤리랍니다.

하루에 두개 이상 먹어 보고 나중에 한달후기 다시 적어 볼게요. 감사합니다.

바로 효과가 있진 않아요.

제가 오늘 먹은게 없지만.

그래도 바로 효과는 신호는 지금까지는 없는거 같아요"
2026-07-31,A000000204859,55454538,2026.02.10,5,0,NORMAL, ,A02,B02,"C01,C02",29,22.5,1,0,봄이조아요,"화장실 못간다고했더니 회사동생이 추천해주더라구요 점심먹고 간식처럼 먹고있는데 화장실 정말 잘가요 유산균도 챙겨먹는데 화장실 못가서 항상 배에 가스차고 배가 묵직했는데 간식처럼 젤리먹고 화장실 가니까 진짜 좋아요 맛도 포도맛이라 맛있어요
비유상하거나 향같은거나면 못먹는데 그냥 포도젤리느낌이에요ㅋㅋ회사에두고 점심먹고 습관처럼 챙겨먹고있어요  다먹으면 쟁여두고 먹을예정이에요"
2026-07-31,A000000204859,55372999,2026.02.08,5,0,NORMAL, ,,,,32,22.5,1,0,goodwde150,"평소에 화장실 잘 못가는 체질인데도 효과있네요
맛없으면 어쩌나 했는데 넘 맛있고 입심심할때 찾게되요 맛은 그냥 포도젤리 맛이라서 거부감 전혀없어요 먹고나서 가스도 덜차고~ 단점은 하루 한포만 먹어야된다는거..맛있어서 계속 먹고싶어져요ㅋㅋ 
먹으면서 복부 팽만감도 줄고 소화도 잘되고 몸이 가벼워지는 느낌이에요 매일 한개씩 가지고다니면서 챙겨먹는중이에요 저는 건강 보조 젤리로 맛있게 먹고있어요ㅋㅋ"
2026-07-31,A000000204859,55370253,2026.02.08,5,0,NORMAL, ,A02,B01,"C02,C04",25,22.5,1,0,뽀용둥이,"너무 맛있어요~!! 우선 화장실 잘 못가서 구매했는데
맛있어서 자꾸 먹고 싶은맛이에요ㅋㅋ 가르시니아도 함유되있고 체지방감소에도 도움된다니까
꾸준히 먹어보려구요 하루에 한포씩 먹는중인데
화장실 잘가서 너무 좋아요 화장실 잘가려고 물도 많이 챙겨먹고 있구요ㅋㅋ 2포까지 추가증정이라
잘 산거같아요 군것질 하고싶을때 대용으로 먹기에도 좋아요 그냥 젤리 먹는 느낌이라 먹을때 거부감도 전혀 없습니다~! 다먹으면 추가로 구매해서 먹을예정이에요~!"
2026-07-31,A000000204859,54570636,2026.01.21,5,0,NORMAL, ,,,,21,22.5,1,0,찐템기록,"올리브영에서 서현PICK 신상으로 떠서 궁금해서 내돈내산으로 구매했어요. 알약 말고 젤리 타입이라 부담 없을 것 같았는데 생각보다 더 괜찮더라고요. 맛이 새콤달콤해서 약 먹는 느낌 전혀 없고, 그냥 젤리 간식 먹는 기분이에요. 아침에 하나씩 먹기 딱 좋고, 며칠 지나니까 화장실 가는 리듬이 좀 편해진 느낌이라 만족 중이에요. +2포 증정까지 있어서 가성비도 괜찮았고, 올영 할인 타이밍에 잘 산 것 같아요."
2026-07-31,A000000204859,50129993,2025.10.31,5,0,NORMAL, ,A04,B01,,17,22.5,1,0,황금손,"말랑하면서도 달달한 맛의 젤리에요
저는 이거 먹으면 
막 배아픈게 아니라 자연스럽게 속을 비워주는 느낌이라 좋아요
편안하게 가볍게 해준다고나 할까요?
그래서 막 너무 배부른데 뭐 먹고 싶을 때 한 개 먹어주면
소화도 되는 것 같아요ㅎㅎ

식감도 좋고 맛도 좋은데
차갑게 먹으면 이게 더 살아나서 더 맛있게 즐길 수 있어요

매일은 안먹고 종종 먹는데 효과 좋아서 한 번씩 사요ㅎㅎ"
2026-07-31,A000000204859,49837387,2025.10.24,5,0,NORMAL, ,A04,B01,"C03,C08",11,22.5,1,0,스포온지밥,"식이 조절하면서 화장실 가는 게 좀 불편해져서 구매해봤어요. 일단 젤리 형태라 맛없으면 어쩌나 걱정했는데, 새콤달콤한 포도 맛이라 거부감 없이 맛있게 먹을 수 있는 점이 정말 좋았습니다. 뜯자마자 바로 호로록 먹을 수 있어서 챙겨 먹기 편해요.
꾸준히 먹어보니 확실히 속이 편안해지고 더부룩함이 줄어드는 느낌이에요. 특히 다음날 아침에 화장실 가는 게 전보다 훨씬 수월해져서 만족도가 높습니다. 드라마틱한 효과는 아니지만, 꾸준히 장 운동을 도와주는 느낌이라 속이 가벼워지는 기분이에요. 10포에 2포 증정이라 구성도 괜찮고, 개별 포장이라 파우치에 쏙 넣어 다니면서 언제든 섭취할 수 있는 점도 장점입니다. 맛있게 장 건강 챙기기 좋은 제품이에요!"
2026-07-31,A000000233183,63453973,2026.07.29,5,0,NORMAL, ,,,,0,1500.0,1,0,해피쩡2,"판매자에게 제품비 일부를 지원받았지만,저의 솔직한 후기입니다

거품이 미세하게 잘 나오고 사용하기가 좋으네요. 
수영장에 들고 다니기도 좋지만 집에서 사용해도 괜찮을 것 같아요. 
휴가지에 들고 가는 샴푸로도 괜찮아요.
사용 후에 머릿결이 부드러워져서 더욱 좋아요."
2026-07-31,A000000233183,63478430,2026.07.30,5,0,NORMAL, ,A02,B02,"C02,C10",0,1260.0,1,0,뀨뀨잉잉,데일리 샴푸로 구매했는데 순하고 자극없는것 같아서 좋아요! 천연오일도 첨가되었다고 하니 촉촉하고 수분감도 높은거 같습니당 !!!!
2026-07-31,A000000233183,63491833,2026.07.30,5,0,NORMAL, ,A03,B02,"C01,C05",0,1200.0,1,0,주주로드,"수영장을 다녀서 모발이 계속 손상이 된 상태였어요.
두피·모발 손상 케어를 목적으로 나온 제품이라 궁금해서 구매했어요. 

500ml 대용량이라 생각보다 오래 쓸 것 같고 펌프 타입이라 사용하기 편합니다.

 거품은 풍성하게 나는 편이라 소량만 써도 전체적으로 잘 세정됐어요. 세정력이 강한데도 사용 후 두피가 과하게 땅기지는 않았습니다. 단백질 샴푸답게 머릿결이 조금 더 부드럽게 정돈되는 느낌이 있었어요. 

향은 자극적인 향보다는 깨끗하고 시원한 느낌에 가까웠어요. 
두피에 잔여감이 남지 않고 헹굼이 비교적 빠른 편이었습니다. 며칠 사용해본 기준으로는 두피 세정과 머릿결 정돈을 함께 원하는 분들에게 무난하게 잘 맞을 것 같습니다.💗"
2026-07-31,A000000233183,63450243,2026.07.29,5,0,NORMAL, ,,,,0,900.0,1,0,한루비,일딴 패키지가 예쁘고 향도 좋아요! 그리고 제가 탈색을 해서 미용실에서 사용하면 안좋은 성분을 알려주셔서 비교해보고 구매한거라 아마 성분도 좋지얺을까 싶습니당! 머리카락은 소중하니까요 ㅎㅎㅎㅎ 성분이 순해서 거품이 잘안날까 싶었지만 거품도 풍성하게 잘나요!
2026-07-31,A000000233183,63493448,2026.07.30,5,0,NORMAL, ,A01,,,0,720.0,1,0,bonglatte,"수영 후 사용했는데 염소 냄새가 깔끔하게 씻겨 나가는 느낌이 들었습니다. 세정력은 충분하면서도 자극은 크지 않았습니다.
거품이 잘 나서 적은 양으로도 머리 전체를 세정하기 편했습니다. 헹군 뒤에도 잔여감이 거의 없었습니다.
머리가 너무 뻣뻣해지지 않고 적당히 부드러운 마무리감이라 꾸준히 사용하기 괜찮았습니다.
수영장을 자주 이용하는 편인데 사용 후 두피가 답답하거나 건조한 느낌이 줄어든 것 같았습니다.
향도 강하지 않아 부담 없이 사용할 수 있었고, 수영 후 데일리 샴푸로 무난하게 만족하며 사용하고 있습니다."
2026-07-31,A000000258834,63242848,2026.07.25,5,0,NORMAL, ,A03,B06,"C01,C06",1,1260.0,1,0,유닝잉ㄷ,피부가 건조해서 크림은 발라야하는데 여름이라 가볍게 바르고싶어서 삿어요 좋아요
2026-07-31,A000000258834,62360381,2026.07.05,5,0,NORMAL,[기획]수딩크림(+토너25ml+클렌징폼),A03,B04,"C01,C02",3,1116.0,0,0,잼콩잼콩,"두개째 재구매했어요
기존 아토베리어 크림 바르시는 분들 악건성 제외하고는 여름용으로 이 제품 추천드려요
가볍고 산뜻한데 수분감 촉촉히 올라와서 필수템입니당💙"
2026-07-31,A000000154091,63399553,2026.07.28,5,0,NORMAL,[기획] 티트리+리필+펌프,A02,B02,"C01,C03",0,1800.0,1,0,냥냥펀치눈꽃마녀,"여러 향기별로 나와있는 캐스틸숍 중 개인적으로
무난한 향인 샌달우드를 가장 좋아하고 다음으로
로즈를 좋아하는데 둘 다 다른 캐스틸숍 대비
건성피부에 추천하는걸로 알고 있어요.
울집 남자들은 시원한 쿨링감이 좋은 페퍼민트를
한여름 샤워할 때 꼭 쓰고있는데 지금 한참 시원하게
잘쓰고 있습니다. 딸은 라벤더와 시트러스가 좋다고 자기가 따로 구입할 정도로 가족 모두 좋아하는
제품입니다. 잎에서도 얘기했듯 캐스틸숍 중 로즈와 샌달우드가 그나마 여러 제품 중 보습감이 있는
편이라 건성피부인 제가 애정해서 오특으로
가격혜택이 일반 세일때보다 좋고 전용펌프까지
증정이라 쟁이기위해 보자마자 바로 재구매했어요. 각각의 향기와 효능은 틀려도 기본 세정력이 좋아서 행굼 후 피부가 미끌거리지 않고 올인원 제품이라
전신 사용이 가능하기 때문에 샴푸 대용으로도 쓸 수 있어서 여행이나 사우나 갈 때 작은 용량의 캐스틸숍이나 공용기에 덜어가면 편하게 쓸 수 있습니다.
선호하는 향기를 선택할 수 있고 천연오일이라
피부 트러블이 없고 무엇보다 대용량이라 온가족이
부담없이 쓸 수 있어요!"
2026-07-31,A000000154091,63226326,2026.07.24,5,0,NORMAL,[기획] 티트리+리필+펌프,A03,B03,"C01,C02",1,1800.0,1,0,요를레히요,"향이 그닥 좋지않고 쓰고나면 많이 건조해지는데
확실히 좁쌀+트러블+유분 기가막히게 잘 잡아줘서 그 효과때문에 끊지못하고 주기적으로 사용중입니다.

저는 다x소 거품용기에 덜어서 사용중인데 이렇게 쓰면 오래오래 쓸수있어서 좋아요👍

올인원이라 클렌징은 물론이고 샴푸, 바디워시로도 사용가능한데
경험상 바디워시로쓰면 가드름, 등드름에 효과는있으나 많이 건조해져서 비추
샴푸로 쓰면 머리 개뻣뻣해져서 비추

여행 짐 줄이느라 올인원으로 쓴다면 어쩔수없지만 
당장 쓸 샴푸 바닥나서 없는거 아닌 이상 도전하지마십쇼"
2026-07-31,A000000154091,62441303,2026.07.07,5,0,NORMAL,[기획] 티트리+리필+펌프,A04,B05,"C07,C09",2,1116.0,1,0,피치요거트,펌프가 필요한데 펌프만 사기 애매해서 그냥 펌프 기획이 있는 티트리 구매했어요 원래 페퍼민트만 쓰는데 티트리도 한 번 써보려구요! 본품+리필+펌프 구성이라 좋았어요 다른 제품들도 이런 구성이 다 있으면 좋을 것 같아요
2026-07-31,A000000154091,63370836,2026.07.27,4,0,NORMAL,[기획] 티트리+리필+펌프,A04,B02,"C02,C05",0,1080.0,1,0,올zero,"티트리향이 엄청 강해요!! 잔향이 있는 편은 아니에요!
거품이 잘나고 금방 헹궈져서 몸이 엄청 개운하고 뽀드득해요!
등드름에 엄청 큰 효과는 모르겠어요 ㅠㅠ
등드름 바디미스트랑 쓰면 효과가 어느정도 있는 거 같기도 해요!
재구매는 안 할 거 같은데 여름에는 정말 쓰기 좋아요!"
2026-07-31,A000000154091,62393961,2026.07.06,5,0,NORMAL,라벤더 퓨어 캐스틸 솝 ,A06,B02,"C02,C04",4,900.0,0,1,hellospring,"화학 성분에 민감한 피부라 바디워시 고를 때 전성분을 꼼꼼히 따지는 편인데, 닥터브로너스는 유기농 올리브 오일과 코코넛 오일 기반의 천연 계면활성제를 사용해 안심하고 쓰고 있어요. 불필요한 인공 합성 성분이나 파라벤 같은 방부제가 없고, 생분해되는 친환경 성분이라 피부는 물론 환경에도 덜 미안하더라고요.

라벤더 퓨어 캐스틸 솝은 제형이 아주 묽은 리퀴드 타입인데, 거망을 쓰면 오밀조밀하고 풍성한 거품이 금방 만들어져요. 인공적인 향이 아니라 진짜 천연 라벤더 에센셜 오일이 들어가서 그런지, 샤워하는 내내 은은하고 편안한 허브 향이 욕실 가득 퍼져서 하루의 피로가 사르르 풀리는 기분이에요.

세정력은 아주 깔끔하면서도 오일 보습 성분 덕분에 샤워 후 피부가 건조하게 당기지 않고 매끄럽게 마무리되어 만족스러웠어요. 대용량 950ml라 온 가족이 넉넉하게 쓰기 좋고, 세일할 때 미리 쟁여두면 마음까지 든든해지는 아이템이라 앞으로도 꾸준히 마음에 두고 사용할 생각이에요."
2026-07-31,A000000154091,62152864,2026.07.01,5,0,NORMAL,[기획] 티트리+리필+펌프,A01,B02,"C01,C02",7,756.0,1,0,쁘띠냥펀치,"티트리
향이 은은하게 아주 좋아요 묽어서 거품도 잘나고 펌프포함에 추가리필도 있어서 왐전 최고입니다 완전 굿굿 이네요 베리굿"
2026-07-31,A000000154091,62948182,2026.07.18,5,0,OFFLINE,샌달우드 자스민 퓨어캐스틸 솝,A05,B04,"C01,C08",0,594.0,1,0,yjung1005,저자극 바디워시는 닥터브로너스가 젤 좋은 거 같아요 10년째 쓰구잇어여
2026-07-31,A000000154091,61485121,2026.06.15,5,0,NORMAL,[기획] 티트리+리필+펌프,A03,B03,"C01,C02",3,450.0,1,0,요를레히요,"향이 그닥 좋지않고 쓰고나면 많이 건조해지는 클렌저인데
확실히 좁쌀+트러블+유분 기가막히게 잘 잡아줘서 그 효과때문에 끊지못하고 주기적으로 사용중입니다!

저는 다x소 거품용기에 덜어서 사용중인데 이렇게 쓰면 오래오래 쓸수있어서 좋더라구요👍
건조한 계절보다는 여름철 클렌저로 강추합니다요"
2026-07-31,A000000154091,62117072,2026.06.30,5,0,NORMAL,페퍼민트 퓨어 캐스틸 솝,A01,B06,"C01,C02",3,378.0,1,0,cookkie,여름에 몸에 체취 없애는 데 이만한 제품이 없어요 개인적으로 시원한 느낌은 잘 모르겠는데 체취 없애는 게 좋아서 사뇽중입니다ㅜ 거품 잘 나와요
2026-07-31,A000000154091,62856615,2026.07.15,5,0,NORMAL,[기획] 티트리+리필+펌프,,B01,"C01,C02",0,360.0,1,0,피부쁨쁨,"좋은 딜입니다
950ml와 리필 그리고 펌프까지
꽤 만족스러운 가격과 제품구성입니다
티트리 향이 강하지만 효과도 강력해서 종종 구입합니다
아이는 향이 견디기 어렵다네요 ㅎ
티트리만 이 가격 이 구성입니다
다른 제품은 950 단품만 옵니다
펌프도 따로 구입하세요
펌프도 올리브영이 싼편입니다"
2026-07-31,A000000154091,62712548,2026.07.12,5,0,NORMAL,[기획] 티트리+리필+펌프,A04,B01,"C01,C05",0,330.0,1,0,dndjdbkdk,대용량이라 좋고 자극적이지 않아서 꾸준히 사용하고 있어요!!
2026-07-31,A000000154091,62576311,2026.07.09,5,0,NORMAL,[기획] 티트리+리필+펌프,A01,B02,"C02,C03",0,330.0,1,0,shmrm44,유명한 만큼 만족하는 제품입니다. 세정력도 좋은데도 씻고 나서 피부가 자극적이지 않아요.
2026-07-31,A000000154091,62550122,2026.07.09,5,0,NORMAL,[기획] 티트리+리필+펌프,A02,B03,"C01,C03",0,330.0,1,0,교녜동,"이거 쓰고 여드름 잘 안나요,,, 바디워시 이거밖에 안써요!!
큰거 사고 몇 년째 사용중!! 또 쟁였어요!!"
2026-07-31,A000000154091,62987092,2026.07.18,4,0,OFFLINE,페퍼민트 퓨어 캐스틸 솝,A03,B02,"C01,C02",0,270.0,0,0,레몽,"저는 사용후에도 피부가 건조하진 않았어요.
쿨링감이 강하다해서 구매해봤는데
생각보다 겨우 이정도로 그런 말이 나왔는가싶지만.. 
다른 쿨링제품을 안써봐서 비교를 못하겠네요
사용 다해보고 다른 제품도 써보고 비교해봐야겠어요.
가격이 썩 가성비있지 않기도 하고
피부가 얇은 분은 자극이 있을 수도 있을거같고
거품도 잘나고 일반 바디워시보단 시원하긴해요."
2026-07-31,A000000154091,60923332,2026.06.05,5,0,NORMAL,전용펌프(950/475ml공용),A02,B04,C09,1,270.0,1,0,또이또잉이,매직솝 대용량 쓸 때 양 조절이 힘들어서 왈칵 쏟아지기 일쑤였는데 이 펌프 끼우니까 신세계예요 좍좍 나옵니다👍 원하는 만큼만 깔끔하게 짤 수 있어서 낭비되는 양이 확 줄었어요👍 펌핑 부드럽게 잘되고 입구에 굳어서 막히는 현상도 없구요👍 진작 살 걸 왜 이제야 샀나 싶을 정도로 대대대만족👍 대용량 유저라면 스트레스 받지 말고 무조건 같이 구매하세요👍
2026-07-31,A000000154091,60863115,2026.06.04,5,0,NORMAL,페퍼민트 퓨어 캐스틸 솝,A02,B04,C09,0,270.0,1,0,또이또잉이,"여름 가까워지면 사는 재구매템🧊  페퍼민트 오일이 들어 있어서 샤워 후 에어컨을 튼 것처럼 짜릿하고 시원한 청량감 만끽 가능🧊 950ml 대용량이라 온 가족이 아침, 저녁으로 넉넉하게 사용하기 나이스🧊 올인원 클렌저로 세안부터 바디워시까지 한 번에🧊  세정력이 강해 건성 피부는 샤워 후 건조할 수 있으니 보습이 필요해용🧊"
2026-07-31,A000000154091,62790144,2026.07.14,5,0,NORMAL,페퍼민트 퓨어 캐스틸 솝,,B01,"C01,C02",0,264.0,1,0,피부쁨쁨,"무더운 여름엔 닥터브로너스 페퍼민트를 강력하게 추천합니다
아주 시원해요
아이들도 춥다면서도 사용하고 있어요
미지근한 물로 샤워후 찬물을 뿌려주면 강력한 시원함이 옵니다
전 이걸로는 찬물 샤워 못하겠더라구요 ㅎ"
2026-07-31,A000000154091,62662778,2026.07.11,5,0,NORMAL,유칼립투스 퓨어 캐스틸 솝,A02,B01,"C01,C09",0,264.0,1,0,munsue,사계절 이걸로 씻으면 목욕이나 때타월이 필요 없습니다 몸에서 절대 잡내 불가능 다른 냄새도 궁금해서 사봤어오 유칼립투흐
2026-07-31,A000000154091,62662678,2026.07.11,5,0,NORMAL,전용펌프(950/475ml공용),A02,B01,"C01,C09",0,264.0,1,0,munsue,"워낙 오래전부터 
빡빡 샤워 하기 좋고 
기름도 없애줘서 오렌지만 썼믄데 궁금해서 
다른것도 사봄
펌프 따로는 좀 아쉽다"
2026-07-31,A000000154091,62205946,2026.07.02,4,0,NORMAL,[기획] 티트리+리필+펌프,A06,B01,"C05,C06",0,264.0,1,0,Olivejin,운동 후에 샤워할 때 시원하고 아주 좋아요. 냄새는 티트리 냄새라 풀향이 나서 조금 독특하긴 해요
2026-07-31,A000000154091,60713549,2026.06.03,5,0,NORMAL,티트리 퓨어 캐스틸 솝 ,A02,B06,C08,0,225.0,1,0,목화씨,"보습 0에 쓰고나면 물기 닦는 순간부터 건조해져서 서둘러 바디로션 발라야됨. 원래 온몸부터 입술까지 건성인 사람인데 이걸 1년에 한번씩 꼭 사서 쓰는 이유는 이게 등드름 기깔나게 잡음. 이거랑 그 솔로된 등브러쉬 같이쓰면 바로 잡힘.
그래서 건조하지만 등드름 올라올때마다 한번씩 사서 사용함. 다른 등드름 전용? 처럼 광고하는 제품들 많이 써봣지만 이게 최고."
2026-07-31,A000000154091,63264093,2026.07.25,3,0,NORMAL,체리블라썸 퓨어 캐스틸 솝 ,,,,0,220.0,1,0,주근깨타잔,리뷰가 좋아서 구매햇는데 사이즈가 큰데 펌프식이아니고 뚜껑식이라 사용하기불편해요
2026-07-31,A000000154091,62591422,2026.07.10,5,0,NORMAL,[기획] 티트리+리필+펌프,,,,0,198.0,1,0,haro****,"물제형에 가깝고 한번 펌핑하면 알맞은 양이에요
티트리향이 강하지만 씻으면 향이 거의 없어집니다.
미끌거리지 않아서 좋아요"
2026-07-31,A000000154091,60682107,2026.06.02,5,0,NORMAL,유칼립투스 퓨어 캐스틸 솝,A03,B05,"C01,C04",0,198.0,1,0,핑쿠잉,향은 잔풀 느낌나고 사용하면 개운해서 여름 필수 바디워시에요
2026-07-31,A000000154091,60668623,2026.06.02,5,0,NORMAL,페퍼민트 퓨어 캐스틸 솝,,,,0,198.0,1,0,0sunny,여름에 사용하기 좋아서 계속 구매하네요👍🏻잠깐이라도 쿨링되서 좋아요
2026-07-31,A000000154091,62813092,2026.07.14,5,0,GIFT,[기획] 티트리+리필+펌프,A01,B01,C08,0,180.0,0,1,풀잔디,보습은 솔직히 안되는것같아요!대신에 시원하게잘씻겨서 여름에는 진짜 닥터브로너스만한게없습니당 그리고 샴푸로도쓸수있어서 전신을 그냥 하나로 끝낼수있기에 샤워장에 소분해서 들고다니기 좋아요 수영이나 운동이나 여행갈때여!
2026-07-31,A000000154091,62597382,2026.07.10,5,0,NORMAL,페퍼민트 퓨어 캐스틸 솝,A02,B04,C09,0,180.0,0,0,또이또잉이,몸에 사용하면은 정말 자극도 없고 거품도 잘 나고 즉각적인 쿨링 효과라기보다는 거품을 묻히고 나서 조금 방치해야 쿨링 효과가 느껴집니다. 그래도 쿨링 효과가 오래 지속되지는 않는데 여름에는 충분히 시원하다고 느낄 만큼이고 머리에 사용하면 엄청 뻑뻑해서 추천하진 않습니다.
2026-07-31,A000000154091,62393885,2026.07.06,5,0,NORMAL,라벤더 퓨어 캐스틸 솝 ,A06,B02,"C02,C04",0,180.0,0,1,hellospring,"화학 성분에 민감한 피부라 바디워시 고를 때 전성분을 꼼꼼히 따지는 편인데, 닥터브로너스는 유기농 올리브 오일과 코코넛 오일 기반의 천연 계면활성제를 사용해 안심하고 쓰고 있어요. 불필요한 인공 합성 성분이나 파라벤 같은 방부제가 없고, 생분해되는 친환경 성분이라 피부는 물론 환경에도 덜 미안하더라고요.

라벤더 퓨어 캐스틸 솝은 제형이 아주 묽은 리퀴드 타입인데, 거망을 쓰면 오밀조밀하고 풍성한 거품이 금방 만들어져요. 인공적인 향이 아니라 진짜 천연 라벤더 에센셜 오일이 들어가서 그런지, 샤워하는 내내 은은하고 편안한 허브 향이 욕실 가득 퍼져서 하루의 피로가 사르르 풀리는 기분이에요.

세정력은 아주 깔끔하면서도 오일 보습 성분 덕분에 샤워 후 피부가 건조하게 당기지 않고 매끄럽게 마무리되어 만족스러웠어요. 대용량 950ml라 온 가족이 넉넉하게 쓰기 좋고, 세일할 때 미리 쟁여두면 마음까지 든든해지는 아이템이라 앞으로도 꾸준히 마음에 두고 사용할 생각이에요."
2026-07-31,A000000154091,62393872,2026.07.06,5,0,NORMAL,라벤더 퓨어 캐스틸 솝 ,A06,B02,"C02,C04",0,180.0,0,1,hellospring,"화학 성분에 민감한 피부라 바디워시 고를 때 전성분을 꼼꼼히 따지는 편인데, 닥터브로너스는 유기농 올리브 오일과 코코넛 오일 기반의 천연 계면활성제를 사용해 안심하고 쓰고 있어요. 불필요한 인공 합성 성분이나 파라벤 같은 방부제가 없고, 생분해되는 친환경 성분이라 피부는 물론 환경에도 덜 미안하더라고요.

라벤더 퓨어 캐스틸 솝은 제형이 아주 묽은 리퀴드 타입인데, 거망을 쓰면 오밀조밀하고 풍성한 거품이 금방 만들어져요. 인공적인 향이 아니라 진짜 천연 라벤더 에센셜 오일이 들어가서 그런지, 샤워하는 내내 은은하고 편안한 허브 향이 욕실 가득 퍼져서 하루의 피로가 사르르 풀리는 기분이에요.

세정력은 아주 깔끔하면서도 오일 보습 성분 덕분에 샤워 후 피부가 건조하게 당기지 않고 매끄럽게 마무리되어 만족스러웠어요. 대용량 950ml라 온 가족이 넉넉하게 쓰기 좋고, 세일할 때 미리 쟁여두면 마음까지 든든해지는 아이템이라 앞으로도 꾸준히 마음에 두고 사용할 생각이에요."
2026-07-31,A000000154091,62002628,2026.06.28,5,0,NORMAL,페퍼민트 퓨어 캐스틸 솝,A03,,"C01,C02",0,165.0,1,0,구닥다리,"이걸로 샤워하면 샤워후에도 시원하다고 해서 여름에만 한정적으로 사용해 보려고 구입했어요 
거품용기 구입해서 거기에 따로 부어서 사용했더니 펌프에 굳어서 안나오는 현상이 덜해서 훨씬 낫네요"
2026-07-31,A000000171426,63305189,2026.07.26,5,0,NORMAL,티트리 200매+케이스+스티커,A03,B01,"C01,C05",25,16920.0,0,0,깝쭉이,"티트리 패드라 피부가 답답하거나 트러블 올라올 때 진정용으로 사용하기 좋았어요. 패드가 촉촉해서 피부에 올려두고 잠깐 팩처럼 사용하기도 괜찮더라고요

한 장씩 꺼내서 간편하게 사용할 수 있고 대용량이라 아낌없이 쓰기 좋고 보관하기도 편하고 매일 부담 없이 사용하기 좋은 패드예요"
2026-07-31,A000000171426,63238410,2026.07.24,5,0,GIFT,비타민씨 잡티 토닝 패드 200매,A02,B01,C05,25,16920.0,0,0,Kmkm9x,한 달 정도 아침마다 사용했는데 피부톤이 한층 맑아 보이는 느낌이 들었습니다. 패드가 도톰해서 닦아내기 편했고 에센스가 충분히 들어 있어 피부가 건조해지지 않았습니다. 사용 후 피부결도 부드럽게 정돈되고 다음 단계 스킨케어 흡수도 더 잘되는 것 같았어요. 대용량이라 부담 없이 매일 사용할 수 있어 만족도가 높았습니다.
2026-07-31,A000000171426,63394481,2026.07.28,5,0,NORMAL,PDRN 200매+케이스+스티커,A02,B01,"C01,C02",24,15912.0,0,0,올리브잉영,도톰하고 부드러운 패드가 피부에 밀착되어 속건조를 시원하게 풀어줍니다. 200매 대용량이라 매일 스킨 팩으로 아낌없이 쓰기 제 스타일 이고 딱이에요. 사용 후 결이 정돈되고 촉촉함이 오랫동안 남아 안색이 생기 있어 보입니다.
2026-07-31,A000000171426,63247272,2026.07.25,5,0,NORMAL,티트리 200매+케이스+스티커,,,,24,15912.0,0,0,수수숫221,꾸준히 사용했는데 자극 없이 촉촉해서 데일리로 쓰기 좋았어요. 흡수도 빨라 부담 없이 손이 갑니다.
2026-07-31,A000000171426,63238115,2026.07.24,5,0,GIFT,비타민씨 잡티 토닝 패드 200매,A02,B04,C04,24,15912.0,0,0,anhviet,패드가 부드럽고 에센스가 넉넉해서 매일 사용하기 좋았습니다. 피부결 정돈과 함께 피부가 한층 맑아 보이는 느낌이 들었고 대용량이라 부담 없이 사용할 수 있어 만족했습니다.
2026-07-31,A000000198526,63360490,2026.07.27,5,0,NORMAL,[단품] 오리지널 100ml,A03,B05,C09,0,396.0,1,0,닝닝짱,50ml랑 비교샷입니당 오일 모로칸만 써요 세일 할 때 구매하세요!
2026-07-31,A000000198526,63457156,2026.07.29,5,0,GIFT,[단품] 오리지널 100ml,,,,0,180.0,0,0,민갱경,"향이 고급스럽고 은은해서 사용할 때마다 기분이 좋아져요. 
소량만 발라도 모발이 부드럽고 윤기 있게 정돈되고 끈적임 없이 흡수되는 사용감이 만족스러워요. 
펌프가 함께 있어 사용하기도 편하고 100ml 용량이라 오래 사용할 수 있어 좋아용"
2026-07-31,A000000256045,63164450,2026.07.22,2,0,NORMAL, ,A02,B05,"C01,C02",2,1674.0,1,0,Vibesom2,예전보다 사용 후 촉촉한 느낌이 들지 않아 재구매 의사 없습니다
2026-07-31,A000000256045,63124297,2026.07.22,5,0,OFFLINE, ,A02,B04,"C01,C02",2,1575.0,1,0,인간여짜,"돌고 돌아 토리든🧴🩵 물처럼 흐르는 제형임에도 속건조를 완벽하게 잡아주는 수분 폭탄 토너라 정말 만족하며 쓰는 중입니다.

🧴 1. 제형 & 첫인상 
• 용기 특징: 일체형 뚜껑이 아니라서 좋아요 다른 용기로 소분하는게 편리함 별 거 아닌 것 같아두 운동, 여행, 토너팩 하시는 분들한텐 정말정말 중요한!!💕
 • 제형: 점성 없이 또르르  100% 워터 제형 🌊
 • 아쉬운 점: 점성이 없다 보니 그냥 손에 덜어 한 번만 바르면 건성 기준엔 금방 날아가는 느낌이 들 수 있어요.
 • ✨하지만 이 토너의 진짜 진가는 바르는 방법에....

💧 2. 건성 피부를 위한 극락 활용 꿀팁 🍯
1️⃣ 레이어링 
 • 방법: 손에 적당량을 덜어 바르고 톡톡 흡수 ➔ 또 바르고 흡수를 반복해 줍니다.
 • 효과: 점성 있는 토너는 겹쳐 바르면 겉돌고 끈적이는데, 이 제품은 묽어서 피부 속까지 수분이 레이어처럼 겹겹이 꽉 차는 느낌이에요! 촘촘한 다중 히알루론산 덕분에 속당김이 싹 사라집니다.👍

2️⃣ 토너 팩 (여름철 피부 열감 낮추기)
 • 방법: 얇은 시스루 화장솜에 토너를 듬뿍 적셔 볼, 이마 등 건조하거나 열감 있는 부위에 올려두기!
 • 효과: 여름에는 건성이든 지성이든 다들 피부 열감 마구 올라오잖아요😭 저녁에 샤워하고 팩처럼 얹어주면 피부가 시원~해지면서 열감 내리는 데 이게 진짜 조아요! 팩을 떼어내면 열감은 싹 내려가고 피부가 촉촉해져서 화장도 잘 먹습니다.🫧
 
📌 총평 & 한 줄 요약
 • 수분감: ★5.0/5.0 (다중 히알루론산 + 판테놀 + 엑토인 조합 대만족)
 • 열감 진정: ★5.0/5.0 (여름철 저녁 토너팩은 선택 아닌 필수!)
 • 재구매 의사: 100% 💖
💡레이어링과 여름철 저녁 토너팩으로 활용하면 웬만한 쫀득한 토너보다 속건조·열감 훨씬 잘 잡는 건성 인생 토너🤍🤍

같이 들어있는 60장 토너도 처음엔 되게 작아보였는데 이게 펼쳐지더라구용?? 볼 한 쪽에 한 장씩 올려주면 딱 조아요.. 마스크팩 필요업슴ㅋㅋ👍🏻"
2026-07-31,A000000256045,63309707,2026.07.26,5,0,GIFT, ,A02,B03,"C01,C02",0,1512.0,1,0,쑤기0246,여름철 스킨 찾던중 제일 무난하고 수분감있눈걸로 골랐어요 무향이고 민감성인 피부에도 잘 맞는거 같아요 수부지 피부에 추천입니다
2026-07-31,A000000256045,63447065,2026.07.29,5,0,NORMAL, ,A03,B02,"C01,C05",0,792.0,1,0,TZUYU,번들거리는 유분감없이 사용하기 좋습니다 굳 용량커서 든든하네요
2026-07-31,A000000256045,63427763,2026.07.29,5,0,NORMAL, ,A03,B04,C05,0,792.0,1,1,ppppo,좋아요 잘 사용하고있어요 이번에도 쟈구먀하려 들어왔다 리뷰남갸요
2026-07-31,A000000256045,63362216,2026.07.27,4,0,NORMAL, ,A03,B02,"C08,C09",0,792.0,1,0,김듈리,"무난한 제품인 것 같습미다. 물토너 제형이고, 깔끔하게 발립니다."
2026-07-31,A000000246270,63507232,2026.07.31,5,0,NORMAL, ,A04,B01,"C04,C05",0,1800.0,1,0,다이아공쥬,"알갱이뜯어서 톡!
녹으면서 기포가 생겨요~
기포후 30분정도후에 사용해봤어요
버블타입으로 발림성좋고 입자가 엄청가벼워요
발림즉시 촉촉해요~진짜 꿀발라놨난 싶을정도로
팩하나 한거같은 기분이들정도로 너무 풍성하다?
광채까지더해져 완젼 관리템이예요"
2026-07-31,A000000246270,63486441,2026.07.30,5,0,NORMAL, ,A03,B01,"C07,C13",0,1800.0,1,0,청포도복숭아,"진짜 이건 꼭 써보셔야 해요!! 아로셀 슈퍼콜라겐 버블세럼마스크 완전 신세계였어요ㅠㅠ 톡톡 발라봤는데 거품처럼 몽글몽글 퍼지면서 끈적임없는 발림성에 완전 반했잖아요! 바르자마자 흡수가 순삭이라 화잘먹 그 자체… 피부에 쫙 밀착되는 느낌 장난 아니에요. 다 바르고 나면 산뜻촉촉이 이 두 단어가 이렇게 딱 맞을 수가 있나 싶고, 다음날 아침 거울 보는데 얼굴에 광채 뿜뿜하는 거 실화인가요?? 콜라겐 탭 녹여쓰는 컨셉도 재밌고 효과까지 확실해서 완전 만족했어요. 피부 칙칙하고 탄력 고민이신 분들 진짜 강추예요!!"
2026-07-31,A000000246270,63479912,2026.07.30,5,0,NORMAL, ,A03,B01,"C01,C03",0,1800.0,1,0,올영중전마마,"버블 콜라겐 세럼으로 촉촉한 탄력 케어도 한번에 

피부가 푸석하고 탄력이 떨어진 것 같아 집에서도 간편하게 탄력과 보습 관리를 할 수 있는 콜라겐 버블세럼을  찾다가 구매하게 되었어요.

얼굴에 버블 세럼이 피부에 촉촉하게 스며드는 느낌이 들었고 사용 후에는 피부가 건조하지 않고 수분감이 오래 유지되서 좋았어요!"
2026-07-31,A000000246270,63475197,2026.07.30,5,0,NORMAL, ,A03,B03,"C03,C04",0,1800.0,1,0,뿅뾰뵹,"쫀쫀한 거품을 얼굴에 올려놓고 
거품이 톡톡 터지며 흡수되기를 기다리면 되는데
생각보다 빠르게 흡수돼서 
아침에 피부 컨디션 안 좋을 때 사용하고
화장하면 좋아요. 화잘먹 마스크 맞네요.
신기하게 피부가 산뜻촉촉해지고 끈적임없는 광채가 생겨요.
버블이라 피부에 침투가 잘 되는건지 속건조도 잡아줍니다."
2026-07-31,A000000258254,63466683,2026.07.30,4,0,OFFLINE, ,A03,B06,C08,0,1080.0,1,0,마실러,"일리윤의 신상
무려 바디에도 편하게 바를 수 있는 펌핑형 선로션인데
온라인은 매번 품절
재입고 알림받고 들어가도 품절
매장 재고조회해도 죄다 없음
퇴근 후 오픈한지 얼마 안된 매장에 무심코 들렸는데
매대에서 얘만 반짝반짝거렸다.
그것도 330ml 펌핑 대용량이라 행복했음

성분 클린하고 무향에 유기자차라 백탁없음
그래서 옷에 묻어나지도 않음
바디에도 바르기 좋은 로션처럼 부드러운 제형
여태 튜브형으로 불편하게 주르륵 짜서 발랐는데
펌핑이라 화장대에 놓고 빠르게 외출 전 바르기 너무 좋음

일리윤이라 보습력이 꽤 있을 줄 알았는데
의외로 보송한 사용감이다.
여름엔 좋아도 건조한 계절은 바르기 힘들 수도

어쨌든 바디 선크림으로서 대만족"
2026-07-31,A000000259685,63483160,2026.07.30,5,0,NORMAL, ,A03,B04,"C01,C02",2,3240.0,1,0,무지개같다,"평소에 오후만 돼도 정수리 기름이 올라와서 헤어식초는 항상 써주는데 다 떨어져서 새로운 제품 사봤어요! 일단 용기가 짜기 쉽게 살짝 말랑말랑해서 좋구 토출구가 뾰족해서 원하는 부분에 쏴주기 엄청 좋음ㅠ 사용후에 머리가 개운하고 시원해져서 아주 조아욤ㅁ

제 리뷰가 도움이 되셨다면 좋아요 버튼👍 부탁드려요😍😍"
2026-07-31,A000000259685,63494789,2026.07.30,5,0,NORMAL, ,A04,B03,"C05,C08",0,1800.0,1,0,코코몽66,"여름철에는 두피가 쉽게 기름지고 답답한 느낌이 들어 샴푸만으로는 부족한 것 같아 오르제나 모링가 스칼프 퍼펙트 헤어 식초를 구매했습니다. 샴푸 후 사용하는 제품이라 두피를 한 번 더 산뜻하게 관리할 수 있다는 점이 마음에 들었습니다.

비니거와 모링가씨추출물, AHA, 멘톨이 함유되어 두피 각질과 노폐물 관리에 도움을 주고 시원한 쿨링감을 느낄 수 있습니다. 
설페이트, 실리콘, 파라벤을 제외한 3FREE 포뮬러라 부담 없이 사용하기 좋았습니다.

직접 사용해 보니 두피가 한결 개운하고 산뜻했으며 프루티 플로럴 향이라 상쾌한 느낌이 오래 남았습니다. 
식초 특유의 강한 냄새는 거의 없었고 쿨링감도 과하지 않아 데일리로 사용하기 좋았습니다. 꾸준히 사용하면 두피 유분과 각질 관리에 도움이 될 것 같아 만족스럽습니다."
2026-07-31,A000000259685,63493075,2026.07.30,5,0,NORMAL, ,A01,B04,"C03,C10",0,1800.0,1,0,헬시바라,"판매자에게 제품비 일부를 지원받았지만 저의 솔직한 후기입니다.

여름이라.. 솔직히 조금만 방심해도 냄새나잖아요 ㅎㅎ... 그래서 저는 귀찮더라도 트리트먼트를 생략하더라도 마지막에는 헤어 식초를 한 바퀴 머리에 뿌려주고 두피 마사지를 한 다음 물로 헹궈냅니다. 이러니까 머릿결도 조금 좋아지고 두피 냄새도 안 나고 강력 추천!"
2026-07-31,A000000259685,63494931,2026.07.30,5,0,NORMAL, ,A03,B03,,0,1200.0,1,0,앵우씨,여름에 머리가 금방 기름지고 정수리냄새가 신경쓰여서 모링가 헤어 식초 구매했어요! 일단 향이 너무 좋아요ㅠ 완전 상큼하고 여름에 잘 어울리는 싱그러운 꽃향이에요~ 입구가 뾰족해서 정수리에 바르기 좋고 사용하고나면 두피도 깨끗해지는거같어요
2026-07-31,A000000246297,62668033,2026.07.11,5,0,NORMAL, ,A02,B04,"C04,C05",10,4500.0,1,1,레몬맛우유,"한 달 정도 꾸준히 사용해본 후기입니다!
재구매 까지 했을 만큼 만족 중 ㅎㅎ

평소 피부가 예민한 편이라 기능성 크림은 자극이 있을까 걱정했는데, 코페르 큐리페어 멜라크림은 한 달 동안 사용하면서 자극 없이 편안하게 사용할 수 있었어요. 피부에 부드럽게 발리고 흡수도 잘 되는 편이라 꾸준히 바르기 부담이 없었습니다.

여름에는 크림을 너무 많이 바르면 조금 무겁게 느껴질 수 있어서 얇게 펴 발라주는 게 가장 사용감이 좋더라고요. 소량만 발라도 피부가 편안해서 저는 얇게 여러 번 레이어링하는 방식으로 사용하고 있습니다.

기능성 제품인 만큼 낮에는 자외선 차단제를 꼼꼼하게 바르고 햇빛도 최대한 신경 쓰면서 함께 관리하고 있어요. 특별한 자극 없이 데일리로 사용하기 좋았고, 앞으로도 꾸준히 사용하면서 관리해볼 생각입니다."
2026-07-31,A000000246297,62130835,2026.07.01,5,0,NORMAL, ,A02,B04,"C04,C05",10,3780.0,0,1,레몬맛우유,"기미나 주근깨있던 부위에 열심히 발라주니까 확실히 색도 옅어지고 흔적도 사라져서 되게 마음에 들어요
그냥 얼굴 전체적인 부분에 펴발라줘도 촉촉하니 보습도 잘되고 자극감없이 순한 편이라서 바르고나서 적당한 유수분감 밸런스가 마음에들어요"
2026-07-31,A000000246297,60523247,2026.06.01,5,0,NORMAL, ,A02,B04,"C04,C05",9,2070.0,1,1,레몬맛우유,"여름되니까.. 원래 있던 눈 근처에 더 진해진것 같더라구요. 저번에 엄마 사드리고 마음에 들어서 저도 구매했어요 ㅎㅎ
원래 피부가 건조하고 얇은 편이라 화장 전에 바르는 크림은 밀림 여부를 가장 중요하게 보는데, 코페르 멜라크림은 흡수력이 정말 좋았어요! 
자극감없이 순하고 편한데 바른 뒤 끈적임이 없어서 금방 스며들더라구요. 바로 메이크업을 해도 베이스가 들뜨거나 밀리지 않아서 좋아요 ! 아침 출근 준비할 때 부담 없이 사용할 수 있어서 만족해요 (선크림필수!) 저녁에는 자기 전에 듬뿍 바르고 자고 있어요. 피부가 환해지는 느낌 ㅎㅎ
기능성 크림인데도 사용감이 편안해서 데일리 케어용으로 잘 사용중이에요!"
2026-07-31,A000000246297,62883901,2026.07.16,5,0,NORMAL, ,A01,B04,"C01,C05",1,1890.0,1,1,오리는꽤엑꽥,"첨에 좀 뻑뻑하게 발리는가? 싶었는데 먼가 바를수록 엄청
촉촉해지고 흡수되면 얼굴에서 광채가 좔좔 뭔가 발림성이랑
흡수됐을때 피부가 빛나는게 표현이 어려운데 직접 써보면
아 ! 이런느낌이구나라고 알수 있을거에요 ㅋㅋㅋ ♥️
같은브랜드 미스트앰플쓰고 바르니까 딱이드라구여 &gt;.&lt;

저는 선크림을 안바를때도 있어서 아침에는 잘 안쓰고 주로
저녁에 자기전에 쓰는데 꾸준히 쓰니 피부가 점점 환해지는것도
느껴지고 전체적인 컨디션도 올라가네요 요근래에 사용했던
스킨케어 제품 중 맘에 쏙 들어서 매일 꾸준히 잘쓰고 있어요 :)"
2026-07-31,A000000246297,63371007,2026.07.27,5,0,NORMAL, ,,,,0,1800.0,1,1,파주야옹이,"평소 기미와 잡티가 고민이라 여러 미백 크림을 사용해 봤지만, 너무 건조하거나 끈적여 꾸준히 사용하기 어려운 제품들이 많았습니다. 코페르 큐리페어 멜라 크림은 처음 발랐을 때부터 사용감이 상당히 만족스러웠어요.
크림 제형이지만 무겁지 않고 부드럽게 펴 발리며 흡수도 빨라 답답함이 거의 없었습니다. 바른 뒤에는 피부가 촉촉하게 유지되면서 피부결이 한층 매끈해 보이는 느낌이 들었고, 메이크업 전에 사용해도 밀림 없이 잘 어울렸습니다.
아직 꾸준히 사용 중이라 기미 변화는 더 지켜봐야겠지만, 피부톤이 전보다 조금 더 맑고 균일해 보이는 느낌은 확실히 받았습니다. 매일 부담 없이 사용할 수 있는 촉촉한 사용감이 가장 큰 장점인 것 같아요. 기획세트라 증정 구성까지 포함되어 만족도가 높았고, 한 통 끝까지 사용한 뒤 재구매도 고려하고 있는 제품입니다. 기미와 잡티를 꾸준히 관리하고 싶은 분들에게 데일리 케어용으로 추천하고 싶어요."
2026-07-31,A000000246297,63212663,2026.07.24,5,0,NORMAL, ,A01,B01,C02,0,1800.0,1,0,전주공주,"성분이 좋고해서 기미 관리하려고 구매했어용
기미가 많이 올라오고 그래서 너무 신경쓰였는데 기미 관리는 빨리 관리하고 챙겨발라야한다고 해서 찾아보다가 구매했는데 성분이 좋기도 하고 민감한 피부 자극적이지도 않고 촉촉하고 부드럽게 데일ㄹ리로 바르기도 좋아서 좋고 촉촉함도 좋아용"
2026-07-31,A000000246297,63035147,2026.07.19,5,0,NORMAL, ,A03,B04,"C01,C05",1,1674.0,1,1,수연13,"여름이라 기미관리해주려고 구매했는데
부모님도 사용하고 싶다고 하셔서 추가로 구매했어요!
낮에도 바를 수 있는 저자극 기미크림이라 꾸준히 사용합니다 ㅎ"
2026-07-31,A000000246297,62867821,2026.07.16,5,0,NORMAL, ,A03,B02,"C01,C02",3,1674.0,0,0,행복가득나,발림성도 좋고 꾸준히 바르다보니 기미가 옅어지는게 느껴져요.
2026-07-31,A000000246297,63212727,2026.07.24,5,0,NORMAL, ,A04,B01,"C01,C05",0,1512.0,1,0,솔솔방울이,"건조하고 잡티 엄청 많은 피부인데도
잡티 케어하기 좋은 성분이라서 좋기도 하고 
엄청 촉촉하게 바르기 좋은 크림이라서
건조한 피부이기도 한데
바르고 나면 촉촉하기도 하고
피부에도 이쁘게 광채가 돌아서 좋아용"
2026-07-31,A000000246297,63212716,2026.07.24,5,0,NORMAL, ,A03,B03,"C01,C02",0,1512.0,1,0,Dhaidu,"기미가 많이 올라오고 그래서 엄청 신경쓰이는 피부이기도 하고 그랬는데
피부에 순하게 쓰기 좋고
촉촉하고 부드럽게 바르기도 좋으면서도
성분이 좋고해서 편하게 바르기 좋아서 꾸준히 바르고 있어용"
2026-07-31,A000000246297,63416675,2026.07.28,5,0,NORMAL, ,A07,B02,"C02,C09",0,1500.0,1,0,도도미ㅎㅅㅎ,"기미가 신경 쓰여서 관리하려고 구매했는데 사용감이 정말 마음에 들었어요
촉촉하게 발리면서도 끈적이지 않아 아침저녁으로 부담 없이 바르기 좋았고 화장 전에 사용해도 밀리지 않더라고요
기미가 신경 쓰이는 부위는 한 번 더 덧발라 관리하고 있는데 꾸준히 사용해보고 싶은 크림입니다"
2026-07-31,A000000246297,62251764,2026.07.03,5,0,NORMAL, ,A03,B03,"C01,C05",2,1476.0,1,1,잴리탱,"건성 피부분들에게 특히나 추천!
쫀득한 제형이라 보습 확실하고 전체적인 피부 컨디션, 미백, 붉은기 다 잡아주는 느낌이에요 ㅎㅎ 만능 크림 .. 👍🏻🩷"
2026-07-31,A000000246297,62238104,2026.07.03,5,0,NORMAL, ,A02,B05,C03,4,1476.0,1,0,승요뿌,"기미크림 아침에도 사용 가능해서 구매했어요
데일리로 잘 바르고 다닐거에용"
2026-07-31,A000000246297,63158065,2026.07.22,5,0,NORMAL, ,A01,B01,"C01,C06",0,1350.0,1,1,머랭고냥이,"다른 기미크림은 자극이 있는 것 같아서 코페르 큐리페어 멜라크림만 사용하고 있어요:) 낮에 발라도 되는 기미크림이라서 피부에 자극도 없구 기미가 짙은 곳에서는 한번 더 덧바르고 있는데요, 저자극이라 마음에 듭니다 다 사용하면 재구매 하려구요!"
2026-07-31,A000000246297,63021187,2026.07.19,5,0,NORMAL, ,,,,0,1350.0,1,0,진지한언니,"​#코페르 #멜라크림 #잡티케어 #광채크림 #홈케어

자꾸 올라오는 잡티들이 신경 쓰여서 
멜라크림으로 관리 시작했어요

​제형이 겉돌지 않고 피부에 착 스며드니까 
아침저녁으로 바르기 정말 편하구먼요
​기미나 잡티 고민인 부분에 가볍게 펴바르면 되니
관리도 수월하고 순해서 피부 자극도 없어요
꾸준히 바르니 피부결도 한결 매끄러워진것 같구요ㅎ

​피부 톤도 맑아지고 은은한 광채가 도는 것 같아서 
볼 때마다 기분이 참 좋네요
​자극 없이 순해서 예민한 피부에도 부담 없으니 
올여름 홈케어 템으로 정착해 보려구요 :)

​♡ 기미와 잡티 때문에 피부 톤이 고민이신 분
♡ 피부에 자연스러운 광채와 생기를 더하고 싶으신 분
♡ 순한 성분으로 매일 간편하게 홈케어하고 싶으신 분들께 추천드려요"
2026-07-31,A000000246297,62878906,2026.07.16,5,0,NORMAL, ,,,,0,1350.0,1,1,으뇨잉,"요즘 햇빛이 강해서 기미 관리용으로 사용하고 있어요. 이전에 사용했던 기미크림은 피부가 예민해졌는데 이 제품은 순한 사용감이라 부담이 덜했습니다. 

기미가 고민되는 부위에 한 번 더 발라주며 관리하고 있는데 여름에도 답답하지 않아 만족하고 있습니다. #여름필수템 #데일리 #저자극 #낮사용"
2026-07-31,A000000246297,62878676,2026.07.16,5,0,NORMAL, ,,,,0,1350.0,1,1,찐템기록,"#데일리 #광채 #낮사용 #저자극
기미 때문에 꾸준히 관리하려고 구매했어요. 낮에도 사용할 수 있어서 외출 전에도 바르기 좋고, 촉촉하게 흡수돼 피부가 자연스럽게 윤기 있어 보입니다. 자극이 적어 매일 사용하기 좋고 진한 부분은 한 번 더 덧발라 사용 중입니다."
2026-07-31,A000000246297,62878629,2026.07.16,5,0,NORMAL, ,,,,0,1350.0,1,1,천사옥시식,"다른 기미크림은 바르면 따갑거나 자극이 느껴졌는데 이 제품은 그런 부담이 없어서 마음에 들었어요. 

#여름필수템 #낮사용 #광채 #저자극

메이크업 전에 발라도 밀리지 않고 자연스럽게 흡수됩니다. 기미가 짙은 부위는 한 번 더 발라주며 관리하고 있는데 사용감이 정말 만족스러워요."
2026-07-31,A000000246297,62878380,2026.07.16,5,0,NORMAL, ,,,,0,1350.0,1,1,뷰티온도상희,"#광채 #낮사용 #데일리 #저자극

낮에도 사용할 수 있는 기미크림이라 아침저녁으로 꾸준히 바르고 있어요. 부드럽게 흡수되고 끈적임이 없어 여름에도 사용하기 편합니다. 기미가 신경 쓰이는 부분은 한 번 더 레이어링해서 관리 중인데 피부가 편안한 느낌이라 계속 사용하게 되네요."
2026-07-31,A000000246297,62878229,2026.07.16,5,0,NORMAL, ,,,,0,1350.0,1,1,써보고말함,여름에도 사용할 수 있는 기미크림을 찾다가 구매했어요. 예전에 쓰던 제품은 자극이 있어서 오래 못 썼는데 이건 피부가 편안해서 데일리로 바르기 좋더라고요. 기미가 진한 부위는 한 번 더 덧발라 관리하고 있는데 부담 없이 사용할 수 있어 만족합니다. #여름필수템
2026-07-31,A000000246297,62753956,2026.07.13,5,0,NORMAL, ,A01,B02,"C01,C02",1,1260.0,1,0,블당,"나이가 들어가니 자꾸 잡티가 늘어가서
너무 속상했는데 친구가 이 기미크림쓰고
너무 좋다고해서 사야지하고 눈여겨 봤는데
증정까지 줘서 여행용으로 가지고 다니기
좋은 구성이라서 얼른 겟했어요
낮에도 바를수 있는 기미크림이라서 아침,저녁으로
발라주고 있는데 일단 얼굴이 촉촉하고 맑아져서
화장도 더 잘받아요
잡티랑 모공 트러블까지 좋아진다는데 꾸준히 사용
해보려고요"
2026-07-31,A000000246297,62476836,2026.07.07,5,0,NORMAL, ,A03,B05,C01,1,1260.0,1,0,동추,"주근깨랑 잡티때문에 고민이 많아서 구매했어요!! 기미 케어용 크림이라 꾸덕하고 답답할줄 알았는대 생각보다 산뜻해서 놀랐어요! 너무 무겁지도 가볍지도 않은 딱 중간 정도라서 데일리로 쓰기 좋았어용! 발림성도 부드럽고 피부에 금방 흡수돼서 여러 번 덧발라도 괜찮더라구요ㅎㅎ
기미크림인데 향이 너무 좋아요.. 약간 은은한 허브향인데, *솝에서 나온 그 분홍색 핸드크림 느낌 나서 완전 취향저격이었어요ㅠㅠ
잡티 없는 피부를 위해.. 나가기 전이랑 자기 전에 꼭 챙겨바르려구용‘!!!"
2026-07-31,A000000246297,62396679,2026.07.06,5,0,NORMAL, ,A04,B06,"C05,C11",3,1260.0,1,1,드르르륵,"기미예방과 트러블자국 관리를 위해 사용하기 시작했습니다. 피부가 민감한 편이라 새로운 제품 사용하면 자주 뒤집어지는 편인데 코페르 멜라크림은 자극도 없고 트러블없이 잘쓰고 있습니다! 발림성도 좋은 편이라 아침,저녁 수시로 발라주면서 관리하기 좋았어요! 쓰다보니 피부가 환해지는 느낌이 들어서 꾸준히 사용해보려고 합니다:)"
2026-07-31,A000000246297,62364445,2026.07.05,5,0,NORMAL, ,A03,B01,"C01,C02",3,1260.0,0,0,뽀뇨뽀뇨,"야노시호템으로 유명해서 샀는데 건성피부 기준 데일리 크림으로 쓰기에도 괜찮았어요.
밤에 자기전에 바르는 게 기본이지만, 보습력도 괜찮고, 너무 번들거리지 않으면서 은은한 광채가 나서 메이크업 전에 기초케어로 하기에도 괜찮아요."
2026-07-31,A000000246297,62502505,2026.07.08,5,0,NORMAL, ,A02,B03,"C02,C08",0,1230.0,0,1,룰루룰루리링,"내가 써보고 좋아서
엄마에게 선물한 크림!
엄마가 다쓰시면 또 구매해서 선물드릴려구요!"
2026-07-31,A000000246297,62502234,2026.07.08,5,0,NORMAL, ,A02,B03,"C02,C08",0,1230.0,0,1,룰루룰루리링,"미백크림이라 건조할것같지만 바르면 수분감 올라오며 발림성이 너무좋음!
주변에 선물몇개할정도로 자주산템!"
2026-07-31,A000000246297,63416084,2026.07.28,5,0,NORMAL, ,,,,0,1200.0,1,1,예쁜것만씀,"기미가 신경 쓰여서 꾸준히 사용하고 있는데 다 써가서 또 재구매했어요 ㅎㅎ
메이크업 전에 발라도 밀림 없이 잘 먹고 기미가 신경 쓰이는 부위는 한 번 더 덧발라 관리하고 있습니다
촉촉하면서도 사용감이 가벼워 매일 바르기 좋고 꾸준히 사용할수록 만족도가 높아서 앞으로도 계속 사용할 예정이에요"
2026-07-31,A000000246297,63370681,2026.07.27,5,0,NORMAL, ,,,,0,1200.0,1,1,나름진심인편,30대가 되니 예전에는 안 보이던 잡티랑 색소침착이 자꾸 눈에 들어오더라고요. 좋다는 제품 여러 개 써봤는데 이 제품은 사용감이 특히 마음에 들었어요. 촉촉하게 발리면서 흡수도 빠르고 피부가 편안해서 아침저녁으로 꾸준히 사용하기 좋았습니다. 아직 더 써봐야겠지만 피부톤이 조금 환해 보이는 느낌이라 기대하면서 사용 중이에요.
2026-07-31,A000000246297,63370453,2026.07.27,5,0,NORMAL, ,A02,B02,"C01,C03",0,1200.0,1,1,둥이맘쩡이,"건성이라 미백 크림은 건조할 거라는 편견이 있었는데 이 제품은 전혀 그렇지 않았어요. 부드럽게 발리고 흡수도 빨라서 크림 하나만 발라도 피부가 편안했습니다. 사용 후 피부가 촉촉하게 유지되고 화장도 전보다 잘 먹는 느낌이라 만족스러웠어요. 기미랑 잡티도 꾸준히 관리해 보려고 아침, 저녁으로 열심히 사용 중입니다."
2026-07-31,A000000246297,63198702,2026.07.23,5,0,NORMAL, ,A01,B02,"C05,C09",0,1134.0,1,1,다밍미,"기미크림들이 다 리치해서 지성한테는 좀 무거운편인데 이건 데일리로 바르기 쉽고, 무겁지도 않아서 손이 잘 가는 편임. 낮에도 바를 수 있어서 고민 없이 덧바르는것도 꾸준히 챙겨서 바르는 편임."
2026-07-31,A000000205485,63301762,2026.07.26,5,0,NORMAL,S02 브릭쇼킹,A01,B01,C01,4,2952.0,0,0,kaj0208,가을 웜톤 취향을 저격하는 그윽하고 분위기 있는 브릭 컬러예요. 각질 부각 없이 부드럽게 밀착되면서도 지워지지 않는 강력한 지속력을 자랑해서 인생 립으로 정착했습니다.
2026-07-31,A000000205485,63301646,2026.07.26,5,0,NORMAL,N08 로즈쇼킹,A01,B01,C01,4,2952.0,0,0,kaj0208,로즈쇼킹 컬러감이 진짜 화사하고 얼굴에 조명을 켠 것처럼 예뻐요. 쇼킹 립이라는 이름에 걸맞게 지속력이 엄청 나서 커피를 마시거나 밥을 먹어도 입술 색이 그대로 유지되어 수정 화장할 일이 거의 없습니다
2026-07-31,A000000213569,63483984,2026.07.30,5,0,NORMAL,노글루 퓨어 라이트,,,,0,1260.0,1,0,하이하이하2,"써본것 중에는 제일 자연 스러워요
입문 용으로 좋은 것 같아요"
2026-07-31,A000000255752,62713457,2026.07.12,5,0,NORMAL, ,A02,B01,"C01,C02",3,1620.0,1,0,shyun175,바르자마자 피부 열감이 확 내려가면서 진정되는 게 느껴지네요. 크림 본품에 30ml 추가 용량에 세럼까지 들어있어서 구성이 너무 혜자스럽고 든든합니다. 요즘처럼 더워서 피부 예민할 때 아침저녁으로 듬뿍 발라주면 피부가 아주 편안해져요. 앞으로 기초는 이 라인으로 정착하려고요!
2026-07-31,A000000185974,63496028,2026.07.30,5,0,OFFLINE,[1+1 기획] 차콜 브라운,A01,B01,"C01,C05",0,792.0,1,0,앙버터빵,차콜브라운색 너무 예뻐요! 그냥 블랙은 둥 뜨는 느낌인데 이거는 정말 자연스러운 느낌이라 뜨는 느낌이 없어요! 그리고 붓펜도 정말 잘그려져서 정말 믿고 사는 키스미입니당
2026-07-31,A000000185974,63496002,2026.07.30,5,0,OFFLINE,[단품 1개] 차콜 브라운,A02,B01,"C01,C03",0,792.0,1,0,까르페디엠,"차콜브라운 나온 뒤로는 이것만 사게 되네요♡
넘 예뻐용~
깔끔하게 그려지고 색감도 굿👍👍"
2026-07-31,A000000184222,61005051,2026.06.06,5,0,OFFLINE,[숄더백 기획]1호 바닐라,A06,B03,"C01,C02",245,18270.0,0,0,앙그러쿠나,"CJ 혹시 제 계정 팔아먹었나요?
저 고딩이고 돈없어서 에스쁘아 쿠션같이 
비싼 오억짜리 쿠션 못사요

목숨 걸고 전 이런 제품을 구매한 적이 없는데 뭐죠??????
살목지 볼 필요가있냐?
내 개인정보 털린게 제일 공포인데 하.. 진짜;
상품 어떻냐고 물어보는데 써본적도 없어서
제품에 대한 어떠한 코멘트도 남길수가 없음"
2026-07-31,A000000184222,62903804,2026.07.17,5,0,NORMAL,[기획/세범컷 미니] 22호 페탈,A03,B04,"C02,C05",10,5175.0,1,0,평먼가지,"일단 내 첫쿠션은 얘였음ㅇㅇ그때 좋은 기억잇엇고 그때부터 화장품에 관심 가져서 어려제품 쿠션만 8개이상은 산듯 근데 항상 얘로 돌아옴..그만큼 좋다는것도있고 내 피부에 맞다는거임ㅇㅇ참고로 난 복합성임 그리고 아주아주 매트한걸 좋아함..근데 문제는 너무 매트하면 뜨고 오바삼바를 춘다는것..심지어 요즘 쿠션 밝게 나와서 21호가 무슨 19호 정도로 나옴 그만큼 밝음.에스쁘아는 그중에서 특히!!!밝음 그래서 무조건. 1~2톤 내리고 사야됌..안그러면 달걀 규ㅣ신댐 내가 원래 21호 쓰는데 에스쁘아 21호 사용했었다가 걍 22호로 재구매함 이게 맞는듯ㅇㅇ님들은 무조건 테스트하셈.아 글고 지성은 별로 추천 안함..갠적으로 지성은 ㅌ쿨ㅍ스ㅋ꺼나 ㅃㅇ거 ㅊㅊ 근데 복합성은 이거 추천드림 꽤괜이고 (색상만 빼면.)체형도 다른 쿠션에 비해 묵직함ㅇㅇ그래서 좀더 모공을 메워준다해야되나 왕모공은 당연히 프라이머 써야겠지만 어느정도 모공은 가려줌 그만큼 좋다는거ㅇㅇ쓰다보니 좀 개판5분전 나긴했는데 결론:
모공메우기-별 다섯개중 2개
커버력-별 다섯개중 3.5개
촉촉함-별 다섯개중 2개
매트함-별 다섯개중 4.5개
건성-비추
지성-그닥..
복합성-추천"
2026-07-31,A000000184222,62543700,2026.07.09,4,0,OFFLINE,[AD][본품+리필]22호 페탈,A02,B02,"C01,C02",6,1980.0,0,0,김모루,"할머니께서 얼굴에 바를 게 필요하다하셔서 구매한 제품이에요 평소에 화장을 거의 하지 않으셔서 쉽게 바르실 수 있는 쿠션이 뭘까하다가 비벨벳으로 구매해드렸어요!  

주름 사이에 끼임도 심하지 않고 피부를 뽀송하게 정리해주는데 너무 매트하게 뜨는 느낌은 아니라서 피부가 훨씬 깨끗해 보이더라구요 !   

커버력도 적당히 있어서 잡티나 붉은기 가리기 좋았고, 무겁지 않아서 어르신들이 쓰기에도 괜찮은 쿠션 같아요 ❤👍🏻"
2026-07-31,A000000184222,63150634,2026.07.22,5,0,NORMAL,[AD][본품+리필]25호 탠,A03,B05,"C01,C02",1,1890.0,1,0,새콤달콤한하늘,"쿠션을 바꾸고 싶어서 찾아보는중에 에스쁘아
비벨벳 커버 쿠션이 100시간 지속 된다고
해서 매장에 써본후에 너무 좋아서 구매를 했고 

저는!! 지성 피부여서 살짝만 발라도 피부가 번들
거림과 T존이 잘 지워지는 피부여서 너무 
속상했었는데ㅠㅠ 이 비벨벳 쿠션은 처음에는
살짝~! 번들거림이 있었지만 조그만 지나면 
보송한 쿠션이여서 너무 잘 샀다고 생각이 들고 
이 쿠션을 쓰고 밖에 나갔다 오면 코쪽과 광대쪽에
지워짐이 있어서 수정화장은 필요한거 같아요~!!
그래도 이 쿠션은 여름쿠션이지만 4계절 모두
잘 쓸거 같아요😆"
2026-07-31,A000000184222,63280013,2026.07.25,5,0,OFFLINE,[전용퍼프] 비벨벳 쿠션 퍼프 5매입,A03,B02,"C01,C05",2,1860.0,1,0,우타누나,"아직 제대로 써보지는 않았는데 
가성비가 가자우좋은것 같아 선택했고요
색깔도 생김새도 마음에들어서 만족스럽습니다 
잘써보고 한달후기에 자세히 남겨볼게요 👍"
2026-07-31,A000000184222,62900594,2026.07.17,2,0,NORMAL,[기획/세범컷 미니] 21호 아이보리,A03,B04,C08,2,1395.0,1,0,theblue,"눈도 따끔 데체 왜.. 그래 간지러워 하 살렺 내 피부..
좋았잖아"
2026-07-31,A000000184222,63373953,2026.07.27,5,0,NORMAL,[기획/세범컷 미니] 20호 바닐라,,,,0,1200.0,1,0,꾸꾸양,"제가 5년 넘게 에스쁘아 쿠션을 쓰고 있는데 물론 다른 파운데이션(뗑이돌,,,), 쿠션(헤라...) 등 여러가지 돌려가면서 써봤는데 다시 에스쁘아 비벨벳 쿠션으로 돌아가요ㅋㅋㅋㅋㅋ

뗑이돌 파운데이션도 너무 좋은데 아침에 출근하기 전에 바르기에는 귀찮아서 잘 손에 안가더라구요 ㅠ

아침엔 역시 뚜들뚜들 두들기기만 하면 되는 쿠션이 좋다는걸 다시 한번 느끼면 다시 사보았어용

친구들도 이 쿠션만 쓰면 뭐 썼냐고 물어봐욬ㅋㅋ
따로 컨실러 안써도 왠만한 잡티 가려줘서 좋고 지속력도 좋아용

다만, 두껍게 발릴 수 있어서 조심해야해여... 두껍게 발리면 나중에 화장 다 뜨니까 조시ㅁ...

제가 에친자로써 에스쁘아BB도 써봤는데 다른 비비들에 비해서 머리카락도 안달라붙고 매트한거 좋아하는 저한테는 딱이였는데 두개 섞어서도 발라보고싶네용"
2026-07-31,A000000184222,63399200,2026.07.28,5,0,OFFLINE,[기획/세범컷 미니] 21호 아이보리,,,,0,792.0,1,0,psy91,"제가 붉은기도 심한 피부에 여드름 흉터도 많은데
커버력도 좋고 노란끼 돌아서 맘에 들어요
적당히 매트하고 수정화장해도 들뜸 없고
일단 케이스가 너무 이뻐요 ♡"
2026-07-31,A000000184222,63229169,2026.07.24,5,0,NORMAL,[기획/세범컷 미니] 22호 페탈,A02,B02,"C01,C02",0,660.0,1,0,뷰티설리,피부가 밝아보인다고해서 두번째 구입합니다. 잘써볼케요
2026-07-31,A000000184222,63182930,2026.07.23,5,0,OFFLINE,[기획/세범컷 미니] 20호 바닐라,A03,B04,"C02,C03",0,594.0,1,0,핑크키티75,커버력과 이쁜색감이 최고에요 엄마도 반하심. 재구매를 몇번째하는지 모르겠는 최애템
2026-07-31,A000000184222,62083956,2026.06.30,5,0,NORMAL,[AD][본품+리필]23호 베이지,A03,B01,"C01,C05",13,558.0,1,0,열뮤,22호 쓰다가 23호도 자연스러울 거 같아서 구매해봤어요 전체적으로 밝게 나온 편이라 23호도 안 어둡고 괜찮아요! 매장에서 호수 테스트 해보시는 걸 가장 추천드려요. 비벨벳 쿠션 여름에 사용하기 좋을 거 같아요 밀착력 좋아용
2026-07-31,A000000184222,62188679,2026.07.02,4,0,NORMAL,[기획/세범컷 미니] 21호 아이보리,,,,2,540.0,0,0,아기되지사쿠야,"기모찌ㅋㅋㅋㅋ근데 좁쌀 올라온다는 평이 잇는데 옛날에 썻을때랑 쬐끔 다른 느낌이긴햇음 좁쌀 올라오긴하는데 쿠션 탓인지는 잘모르겟긴한데 쫌 찜찜하긴함
그것빼고는 지성한테 압도적으로너무너무조음,,,
땀에도안지워짐ㅈㅉ로ㅋㅋㅋㅋ인중에 땀 됸나처많은대 송글송글 맺히기만하고 무너지지가않어ㅜㅜㅜ감동꽉낀다끼발
커버력은별로임,,색은 평범21호느낌쓰
지성도 겨울에 쓰려면 기초 진짜 꼼꼼히!!!!!!"
2026-07-31,A000000184222,63488878,2026.07.30,5,0,OFFLINE,[전용퍼프] 비벨벳 쿠션 퍼프 5매입,A07,B04,"C01,C04",0,528.0,1,1,2432,사계절내내 쓰기.좋아요 기초케어 조금씩 바꿔가면서 쓰면요 화장독도 없어서 민감한 분들도 좋을 겁니더아
2026-07-31,A000000184222,63246542,2026.07.25,5,0,NORMAL,[기획/세범컷 미니] 20호 바닐라,A01,,"C04,C05",1,528.0,0,0,횰럥,처음 쓸땐 좋은뎅 피부가 적응하면 먹어서 피부하고 화장 하면 이미 다크닝 와있움.. 색은 예쁘게 발색되는데 얼굴이랑 목색이 호수가 안맞음 근데 다크닝 오면 맞는데 그러면 얼굴이 어두워짐ㅠ 펴바를 때는 좋고 단독으로 쓰기는 아쉽
2026-07-31,A000000184222,61641535,2026.06.19,5,0,NORMAL,[AD][본품+리필]25호 탠,A03,B05,"C01,C02",0,450.0,1,0,새콤달콤한하늘,"처음으로 구매해본 에스쁘아 비벨벳 커버쿠션
저는 피부색이랑 비슷한 25호 탠을 구매했고

전에 쓰던 쿠션은 밖에 갔다가 오면
피부가 뜨고 나비존 같은 부분이 지워져서
100시간 지속되는 에스쁘아 쿠션을 선택했어요~!  

그리고 얇게 밀착 되면서 밖에 나갔다 와도
무너짐이 없이 예쁘게 광이 나는 쿠션이여서
이 쿠션을 다 쓰면 다음에도 세일할때 구매해야
겠다고 생각해요😊"
2026-07-31,A000000184222,61114093,2026.06.07,5,0,NORMAL,[기획/세범컷 미니] 20호 바닐라,,,,1,450.0,1,0,하핳핳,"-에스쁘아 비벨벳 쿠션
지금 에스쁘아 비벨벳 쿠션을 사용하고 있습니다. 여름에 사용하기 좋은 세미 매트한 타입이에요 잘 쓰고 있어서 요번에 또 구매했습니다!!
리필도 있고좋아요. 원래는 21호 사용히는데 쿠션은 20호 사용하고있습니다. 엄청 밝지는않은것깉아요"
2026-07-31,A000000184222,60782720,2026.06.03,5,0,NORMAL,[미니 쿠션] 21호 아이보리,A02,B03,"C01,C02",0,450.0,1,0,올영핫해,"저는 악건성이지만  카바가 어느정도 되야 만족하는편이라 리뷰믿고  구매해봤어요 너무 귀요미네용
❤️사용후기
40대 중반  모공 주름  잡티녀에  악건성입니당
악건성이라  촉촉파데만 고집하다  기초탄탄하니 꼭 초초파데만 고집할필요 없겠더라구요 
컨실러쓰면서  잡티가리는게 얼마나 중요한지 알게되었네요  그러다 리뷰 좋아서 에스쁘아 구매해봤어요
봄웜톤인데 색상 찰떡이구만요,,,
그리고 무너짐 진짜 처음이랑 똑갈아요,,,
커버력도 나쁘지않구요  그냥 본품 살걸그랬어요,,
본품 지르러갑니당"
2026-07-31,A000000184222,63286384,2026.07.26,5,0,OFFLINE,[기획/세범컷 미니] 20호 바닐라,A02,B01,,0,396.0,1,0,rbfl97****,"건성인데 만족하게 쓰고 있어요 시간지나면 코쪽에
기름 조금 생기고 수정화장하면 다시 뽀송해져요
커버력 넘 좋아요!"
2026-07-31,A000000184222,62961393,2026.07.18,5,0,NORMAL,[기획/세범컷 미니] 21호 아이보리,A03,B05,,0,396.0,1,0,21호갈웜소프트인,"전에 쓰던 에스쁘아 쿠션이 단종이슈로 이걸로 사봤는데
완전 세미매트 그잡채네요!
촉촉하게 발리는데 매트해요 
인생템등극"
2026-07-31,A000000184222,62821519,2026.07.15,5,0,OFFLINE,[전용퍼프] 비벨벳 쿠션 퍼프 5매입,A03,B01,,0,396.0,1,0,Shinei,세미매트 쿠션 바를 때 궁합이 좋아요 퍼프 자주 갈아주는 편이라 잘 쓰고 있습니다
2026-07-31,A000000184222,62561616,2026.07.09,5,0,OFFLINE,[기획/세범컷 미니] 21호 아이보리,,,,0,396.0,1,0,러블리럽,적당히 매트 하면서 반들거리지않고 커버하기 좋아요. 항상 잘 사용하고 있어요. 펌프도 부들부들 하니 좋습니다.
2026-07-31,A000000184222,62558499,2026.07.09,5,0,OFFLINE,[전용퍼프] 비벨벳 쿠션 퍼프 5매입,A03,B02,"C03,C10",0,396.0,1,0,제이퍼,세일할때 저렴하게 잘 샀네요 가격 저렴하고 품질 매우 우수하고 부드럽고 좋아요 맘에 쏙 들어요 재구매 예정입니다. 좋습니다
2026-07-31,A000000184222,62348262,2026.07.05,5,0,OFFLINE,[전용퍼프] 비벨벳 쿠션 퍼프 5매입,A03,B04,"C02,C03",0,396.0,1,0,핑크키티75,이 비벨벳 퍼프특유의 쫀득한말랑이는 느낌이 좋아 퍼프 자주갈아주고 있어요
2026-07-31,A000000184222,62347027,2026.07.05,3,0,OFFLINE,[전용퍼프] 비벨벳 쿠션 퍼프 5매입,,,,0,396.0,1,0,lszlne,"쨔스 이거 완전 조음 후들후들하구 개오래써서 안에 있는거랑 분리돼서 만쟈짐 하하 넘 비싸요 더 깍아주세용 
짱짱 아묻따 걍 뻘건띠를 사시기룰"
2026-07-31,A000000184222,62346777,2026.07.05,3,0,OFFLINE,[전용퍼프] 비벨벳 쿠션 퍼프 5매입,,,,0,396.0,1,1,lszlne,"뭐 건성이든 지성이든 상관엊ㅅ이 다 쓰는 국민템 ㅠ 좀 비싸긴하지만 얘말고는딱히 서고싶은게 없음 ㅎㅎ 
ㄹㅇ 내돈내산임다 한.. 3년 된거같은데 정착한지"
2026-07-31,A000000184222,62237941,2026.07.03,5,0,NORMAL,[미니 쿠션] 21호 아이보리,A02,B03,"C01,C02",0,396.0,1,0,올영핫해,색상이 예쁘구요  미니로 구매해보구 좋으면  본품사려고 했는데 사야겠네요  미니는 사이즈 너무 작어서 불편해요 ㅎㅎ  피부톤이나 무너짐이 괜찮아요
2026-07-31,A000000184222,62206838,2026.07.02,5,0,OFFLINE,[기획/세범컷 미니] 20호 바닐라,A03,B04,"C02,C03",0,396.0,1,1,핑크키티75,커버잘되고 색 이쁘고 최고에요 세일때마다 쟁이고 엄마에게도 추천
2026-07-31,A000000184222,61821785,2026.06.23,5,0,NORMAL,[미니 쿠션] 22호 페탈,A03,B01,"C01,C05",12,378.0,1,0,열뮤,미니쿠션이라 휴대용으로 편리해요. 여름철에 사용하기도 좋은 거 같아요.
2026-07-31,A000000184222,61687641,2026.06.20,3,0,NORMAL,[기획/세범컷 미니] 22호 페탈,A03,B02,"C01,C02",2,375.0,1,0,프로뒹굴러,"T존은 유분 많고 U존은 속건조가 있는 복합성 타입이라서 지속력과 커버력 좋은 쿠션 찾다가 구매해봤는데, 솔직히 지속력 잘 모르겠어요. 이전에 쓰던 타제품이 저에게 더 잘 맞아서 비교했을 때 아쉬움이 큰 것 같기도 하고.. 메이크업 후 묻어남도 많은 것 같고, 유분이 올라오는 부위는 특히 지속력이 약해서 오후에는 수정을 꼭 해줘야 해요. 그런거 귀찮아서 지속력 좋은 제품을 찾은건데 이름값에 비해 아쉽네요. 퍼프 칭찬은 동의!"
2026-07-31,A000000184222,62416507,2026.07.06,5,0,OFFLINE,[전용퍼프] 비벨벳 쿠션 퍼프 5매입,A01,B02,"C02,C06",0,330.0,1,0,한별킴,친구들이 추천하길래 구매했었는데 좋습니다! 유지력이 막 좋은지는 모르겠지만용
2026-07-31,A000000247070,63275511,2026.07.25,5,0,NORMAL,루테인 30캡슐,A04,B03,"C05,C08",0,1800.0,1,0,코코몽66,"평소 스마트폰과 모니터를 오래 보는 편이라 눈이 쉽게 피곤해져서 눈 영양제를 찾다가 구매했습니다. 닥터언은 유통과 마케팅 비용을 줄여 가격 부담이 적은 편이라 가성비가 좋아 선택하게 됐습니다. 
루테인지아잔틴과 아스타잔틴이 함께 들어 있어 눈 건강을 한 번에 관리할 수 있다는 점도 마음에 들었습니다. 
하루 1캡슐만 챙기면 돼 복용이 간편했고 꾸준히 먹기에도 부담이 없었습니다. 
장시간 화면을 보는 날이 많다보니 꾸준히 관리하는 느낌으로 만족하며 계속 챙겨 먹을 생각입니다."
2026-07-31,A000000247070,63342149,2026.07.27,5,0,NORMAL,마그네슘 30정,A03,,"C01,C03",0,1512.0,1,0,스크라이브,"요즘 눈밑 떨림도 있고 피곤해서 챙겨 먹기 시작한 닥터언 마그네슘! 개별 포장이라 휴대하기 엄청 편하고, 하루 한 알 물이랑 꿀꺽 삼키면 끝이라 챙겨 먹기도 쉬워요. 확실히 먹고 나니 몸도 한결 가볍고 만족스럽네요!"
2026-07-31,A000000247070,63391448,2026.07.28,5,0,NORMAL,마그네슘 30정,A03,B01,"C01,C02",0,1500.0,1,0,복숭아숭아,"눈밑이랑 입술이 자꾸 떨려서 마그네슘이 부족한 건 아닐까 싶어 먹기 시작했어요. 하루 한 번 간편하게 챙길 수 있어서 꾸준히 먹기 부담 없고, 목 넘김도 편한 편이라 매일 챙겨 먹기 좋았어요.
평소 피곤하면 근육이 자주 떨리는 느낌이 있었는데 꾸준히 먹으면서 몸 관리하는 데 도움이 되는 것 같아 만족해요. 마그네슘은 에너지 이용과 신경, 근육 기능 유지에 필요한 영양소라 평소 부족하지 않게 챙기는 게 중요한 것 같아요.
개별 포장이라 위생적으로 보관하기 좋고 외출할 때도 가지고 다니기 편해서 매일 루틴처럼 챙겨 먹고 있습니다. 꾸준히 섭취하면서 건강 관리해볼 생각이에요."
2026-07-31,A000000247070,63359068,2026.07.27,5,0,NORMAL,마그네슘 30정,A03,B03,"C02,C03",0,1500.0,1,0,김홍국이,"제품을 지원받아 실제 체험 후 솔직하게 작성되었습니다.

남편이랑 같이 매일 챙겨 먹을 건강기능식품을 찾다가 닥터언 매일루틴 이너헬스 마그네슘을 선택했어요. 정제 크기가 과하게 크지 않고 목넘김이 편한 정제 크기로 설계되어 있어서 남녀노소 누구나 부담 없이 매일 챙기기 좋은 온 가족 건강 습관으로 제격입니다.

에너지 이용과 신경, 근육 기능 유지에 도움을 주는 성분이라 그런지 매일 아침 하루 1정씩 꾸준히 섭취했더니 전보다 하루를 시작하는 컨디션이 훨씬 가벼워진 기분이에요. 거품을 뺀 합리적인 가격 덕분에 가성비 마그네슘으로 손꼽힐 만하고, 부담 없이 이너헬스 마그네슘으로 건강 관리하기에 아주 훌륭합니다. 

활력 영양제 고민이셨던 분들, 닥터언 마그네슘 추천합니다!~"
2026-07-31,A000000247070,63130254,2026.07.22,5,0,NORMAL,글루타치온 맥스 30매,A02,B02,"C01,C04",0,1350.0,1,0,유나이드,"재구매입니다. 필름형 제품 중에서 함량이 가장 높다길래 샀는데, 간편하게 주머니에 챙겨 다니며 먹기 너무 편해요. 술자리에서 나눠줬더니 다들 센스 있다며 사람들이 다시 보더라구요ㅋㅋ 확실히 다음날 다운되는게 훨씬 적고 간 건강에 미백, 활력까지 챙겨주는 기분이라 챙겨먹어요. 물이나 젤로된 해소제가격 너무 한데 센스있게 필름챙겨보세요."
2026-07-31,A000000247070,63275399,2026.07.25,5,0,NORMAL,비오틴 30정,A03,B02,"C01,C05",0,1260.0,1,0,akdlehdgus,"믿고 먹는 뉴트리의 브랜드더라구요

제품들 보니 가성비 너무 좋은 라인업이네요.!

하루에 한 알 가장 필요한 비오틴 제품으로 구입.!

알약 크지 않아 좋아용"
2026-07-31,A000000247070,63449762,2026.07.29,5,0,NORMAL,포스파티딜세린 15포,,,,0,1200.0,1,0,개똥이마마,"​요즘 자꾸 깜빡깜빡하고 일할 때 집중이 안돼서 챙겨먹는다 생각으로 포스파티질세린 알아보다가 닥터언 프로 제품을 구매했어요. 뉴트리의 실속형 이너헬스 브랜드인 &#039;닥터언(Dr.UN)&#039; 제품이라 불필요한 패키지나 마케팅 거품을 줄여 가성비 좋고 합리적인 가격이라 부담 없이 고를 수 있었습니다.
​노화로 인해 저하될 수 있는 인지력 개선에 도움을 줄 수 있는 건강기능식품이라, 일상 속 정신적 건망증 습관 케어용으로 딱이에요. 하루 1포 스틱 제형으로 되어 있어서 물 없이도 어디서나 편리하게 섭취할 수 있고, 입안에서 맛있고 부드럽다 보니 거부감 없이 깔끔하게 녹아듭니다. 섭취 편의성이 워낙 좋아서 깜빡하지 않고 매일 챙겨먹게 된다는 점이 가장 만족스럽네요. 앞으로도 건강한 뇌 건강 습관으로 꾸준히 챙겨 먹으려고 합니다."
2026-07-31,A000000247070,63427133,2026.07.29,5,0,NORMAL,루테인 30캡슐,A04,B06,"C01,C06",0,1200.0,1,0,Diamondjenny,"합리적인 가격으로 꾸준히 복용하기 좋은 루테인이예요!
요즘 에어컨을 계속 켜고 일하니까 원래도 피곤한 눈이 너무너무 건조하고 더 안 좋더라구요!
루테인과 지아잔틴이 함께 들어있는 제품 찾아서 구매했습니다♡
온가족이 함께 복용하기 좋아요~~^^♡"
2026-07-31,A000000247070,63450990,2026.07.29,5,0,NORMAL,포스파티딜세린 15포,,,,0,1080.0,1,0,장연례,"하루 한 포씩 챙겨 먹기 편해서 부담 없이 꾸준히 먹고 있어요^^ 평소 깜빡깜빡하는 일이 있어 신경 쓰이던 터라 포스파티딜세린 제품을 찾다가 닥터언 매일루틴을 선택했는데 만족스럽네요. 불필요한 포장이나 마케팅을 줄여 가격도 합리적인 느낌이라 더욱 마음에 들었습니다~

한 포씩 개별 포장이라 외출할 때도 가방에 쏙 넣어 다니기 좋고, 맛도 부드러워 거부감 없이 매일 챙겨 먹게 되네요! 50대가 되니 정신적으로 피곤한 날도 있는데 꾸준히 섭취하면서 건강을 챙긴다는 기분이 들어 든든합니다. 매일 실천하기 좋은 습관이 된 것 같아요^^

무리 없이 꾸준히 먹을 수 있는 제품을 찾는다면 한 번 드셔보셔도 좋을 것 같습니다. 저처럼 매일 간편하게 챙기고 싶은 분들께 추천드려요! 만족하며 잘 먹고 있습니다. 읽어주셔서 감사합니다~^^ 도움되요 눌러주세요🤗"
2026-07-31,A000000247070,63313775,2026.07.26,5,0,NORMAL,마그네슘 30정,A02,B06,C10,0,1008.0,1,0,베뤼베뤼스트로베리,마그네슘과 비타민 B가 함께 들어있어 활력 충전에 딱입니다! 알약이 삼키기 편한 타원형이라 부담 없이 먹고 있어요. 개별 PTP 포장이라 위생적이고 휴대하기도 편해서 매일 잊지 않고 꾸준히 챙겨 먹으려고요!
2026-07-31,A000000247070,63482360,2026.07.30,5,0,NORMAL,밀크씨슬 30정,A01,B01,"C03,C05",0,900.0,1,0,jisung88,"평소 회사다니고 피곤해서 건강 때문에 챙겨먹으려고 구매했습니다. 하루 한 알만 챙겨 먹으면 되구, 부담이 없고, 알 크기도 적당해서 목 넘김도 괜찮습니다. 특유의 향이나 맛이 없어 먹기 좋았습니다. 아직 단기간이라 큰 변화를 말하기는 어렵지만, 꾸준히 관리한다는 느낌으로 섭취하고 있습니다. 실리마린 함량도 괜찮고 가격도 부담 없어서 재구매 의사 있습니다. 간 건강을 미리 관리하고 싶은 분들에게 추천할 만한 제품이에요."
2026-07-31,A000000247070,63467030,2026.07.30,5,0,NORMAL,밀크씨슬 30정,,,,0,900.0,1,0,준짱이,"하루 한 알이라 챙겨 먹기 간편하고, 개별 포장이라 위생적으로 보관할 수 있어 좋아요. 알약 크기도 부담스럽지 않아 물과 함께 무난하게 섭취하고 있습니다. 평소 식습관이 불규칙하고 간 건강 관리가 신경 쓰여 꾸준히 먹어보려고 구매했어요. 밀크씨슬추출물 제품 중 포장이 깔끔하고 30정이라 한 달분으로 관리하기 편한 점도 만족스럽습니다."
2026-07-31,A000000247070,63460509,2026.07.30,5,0,NORMAL,밀크씨슬 30정,,,,0,900.0,1,0,다희어리,"평소 피곤해서 때문에 간편하게 챙겨 먹을 수 있는 밀크씨슬을 찾다가 
가격이 좋아 닥터언 밀크씨슬을 구매해봤어요.

캡슐 크기가 부담스럽지 않아 목 넘김이 편했고, 하루 한 번 간편하게 섭취할 수 있어 바쁜 일상 속에서도 꾸준히 챙기기 좋을꺼같아요.
패키지도 깔끔해서 보관하기 편하고, 외출할 때 챙겨 다니기에도 부담이 없었어요.

평소 건강기능식품은 꾸준히 섭취하는 것이 중요하다고 생각하는데, 
이 제품은 번거롭지 않아 자연스럽게 매일 챙기게 되더라고요. 
밀크씨슬을 처음 시작하는 분들도 부담 없이 선택하기 괜찮은 제품인 것 같습니다."
2026-07-31,A000000247070,63460480,2026.07.30,5,0,NORMAL,밀크씨슬 30정,,,,0,900.0,1,0,이동욱,"평소 건강 관리를 위해 밀크씨슬을 꾸준히 챙겨먹는데,
가성비가 괜찮아 닥터언 밀크씨슬 주문해봤습니당!

하루 한 번만 섭취하면 되니 바쁜 일상에서도 부담없이 챙길 수 있고 사진 보다시피 알 크기가 작아서 너무 좋아요! 복용이 번거롭지 않으니 일상 루틴으로 합격입니다♡"
2026-07-31,A000000247070,63449169,2026.07.29,5,0,NORMAL,밀크씨슬 30정,,,,0,900.0,1,0,임비오,"실리마린 성분이 간 건강에 도움을 준다고 해서 꾸준히 먹어보았는데, 확실히 아침에 일어날 때 몸이 훨씬 가볍고 지치는 느낌이 줄어든 것 같습니다. 알약 크기도 적당해 목 넘김에 부담이 없고, 속 더부룩함 같은 부작용도 없어 만족스럽게 섭취 중입니다. 간 건강을 동시에 챙기고 싶은 분들께 부담 없이 추천하고 싶은 제품입니다."
2026-07-31,A000000247070,63381894,2026.07.28,5,0,NORMAL,비오틴 30정,A02,B01,C02,0,900.0,1,0,내돈내산이얌,"비오틴 영양제를 꾸준히 섭취하니 일상 속 건강 관리에 도움이 되는 느낌이 들었습니다.
캡슐 크기가 부담스럽지 않아 매일 챙겨 먹기 편했습니다.
균형 잡힌 영양 관리에 신경 쓰는 분들에게 무난하게 추천할 만한 제품입니다.
꾸준히 섭취하면서 건강한 생활 습관을 함께 유지하는 것이 중요하다고 느꼈습니다."
2026-07-31,A000000247070,63380552,2026.07.28,5,0,NORMAL,비오틴 30정,A03,B04,"C01,C02",0,900.0,1,0,포크리,"뉴트리 뉴브랜드 닥터언에서 합리적인 가격으로 이너헬스 비오틴이 출시되었더라구요! 모발 손톱 단백질 케어가 필요한 나이가 돼서 가성비 비오틴을 찾다가 구매했습니다. 하루 1정으로 지방과 탄수화물, 단백질 대사, 에너지 생산에 필요한 비오틴을 저렴한 가격에 챙겨 먹을 수 있다는 점이 편리하고, 알약이 너무 크면 손이 잘 안 가기 마련인데 닥터언 제품은 목넘김에 부담 없는 제형이라 꾸준히 챙겨 먹게 되는 것 같아요! 가격 대비 성분이 좋아서 활력 비오틴을 찾고 계시는 분들에게 닥터언 비오틴 추천드립니다💓"
2026-07-31,A000000247070,63380319,2026.07.28,5,0,NORMAL,글루타치온 맥스 30매,A02,B04,"C01,C02",0,900.0,1,0,박하모,"필름형이라 물 없이도 간편하게 챙겨 먹을 수 있어서 생각보다 훨씬 편했어요
입안에서 금방 녹는 타입이라 외출할 때도 부담 없이 챙길 수 있고, 알약처럼 삼키는 게 아니라서 먹기도 편하더라고요!
꾸준히 챙겨 먹기 좋은 형태라 바쁜 날에도 잊지 않고 먹게 되는 것 같아요~"
2026-07-31,A000000247070,63358981,2026.07.27,5,1,NORMAL,마그네슘 30정,,,,0,900.0,1,0,annellocin,"제품을 제공받아 직접 사용해본 후 솔직하게 작성한 후기입니다.

요즘 업무 때문인지 눈밑도 떨리고 몸이 쉽게 피곤해져서 마그네슘 추천을 받아 알아보고 있었거든요. 뉴트리의 새로운 이너헬스 브랜드 닥터언 제품인데 불필요한 패키지랑 마케팅 거품을 빼서 가격이 진짜 착하더라고요! 

이런 가성비 마그네슘은 부담 없이 챙길 수 있어서 너무 만족스러워요.

신경이랑 근육 기능 유지, 에너지 이용에 꼭 필요한 마그네슘을 하루 딱 1정으로 간편하게 챙길 수 있어서 일상 속 활력이랑 신체 밸런스 잡기에 아주 딱입니다. 

알약 크기도 크지 않고 목넘김이 편한 정제 크기라 매일 물과 함께 꿀꺽 삼키기 참 편해요. 

지친 일상에 활력을 더해주는 활력 영양제 찾는 분들이라면 이너헬스 마그네슘으로 매일 루틴 만들어보시는 거 적극 추천해 드려요!~ ^^"
2026-07-31,A000000247070,63323426,2026.07.26,5,0,NORMAL,루테인 30캡슐,,,,0,900.0,1,0,하농냥,"요즘 회사에서 하루 종일 모니터 보고 집에 와서도 휴대폰을 많이 보다 보니까 눈이 너무 피곤해서,,한번 사봤어요! 영양제는 꾸준히 먹는 게 중요하다고 해서 매일 아침에 챙겨 먹고 있는데 캡슐이 크지 않아서 먹기 편하더라구요!아직 드라마틱한 변화가 있는 건 아니지만 예전보다 저녁에 눈이 덜 뻑뻑한 느낌이라 계속 먹어보려고 해요🥺 냄새도 거의 없고 속이 불편한 것도 없어서 부담 없이 챙겨 먹기 좋네요ㅎㅎ가격도 괜찮은 편이라 한 달 동안 꾸준히 먹어보고 괜찮으면 재구매해서 계속 관리할 생각입니다.ᐟ"
2026-07-31,A000000247070,63308130,2026.07.26,5,0,NORMAL,비오틴 30정,,B03,,0,900.0,1,0,다니져니,"닥터언 매일루틴 이너헬스 비오틴은
요즘 손톱이 너무 잘 갈라지고 약해진 것 같아서
꾸준히 챙겨 먹어보려고 구매했어요~

하루 1정만 물과 함께 먹으면 되니까
바쁜 아침에도 간편하게 챙길 수 있어서 좋더라구요.

정제 크기도 적당해서 목 넘김이 편안했고,
매일 부담 없이 먹기에도 괜찮았어요.

가격도 합리적인 편이라
꾸준히 챙겨 먹기 좋은 가성비 비오틴이라는 생각이 들었어요.

간편하게 일상 루틴에 더하기 좋은 제품이라
앞으로도 꾸준히 챙겨 먹어보려고 합니다."
2026-07-31,A000000247070,63164764,2026.07.22,5,0,NORMAL,글루타치온 맥스 30매,A04,B04,"C03,C08",0,900.0,1,0,샤토드,"자외선에 오래 노출돼서 피부가 전체적으로 칙칙해 보였는데 글루타치온이 도움이 될 것 같아서 먹게 됐어요.

필름 형태라 섭취하기 편하고 가벼워서 가지고 다니기도 좋더라구요.

먹고 나서 운동하면 조금 더 활력이 도는 느낌이라 아침 식후에 매일 챙겨 먹고 있어요."
2026-07-31,A000000247070,63444651,2026.07.29,5,0,NORMAL,밀크씨슬 30정,A03,B01,C08,0,792.0,1,0,밀리이이,"알이 작아서 목넘김이 편하고 하루 1정이라 부담 없이 챙기기 좋아요. 개별 포장이라 휴대도 편해서 야근 많은 날에도 꾸준히 먹고 있습니다. 가격도 유통, 마케팅 거품을 줄인 가성비 제품이라 만족스럽네요 ㅎㅎㅎ"
2026-07-31,A000000247070,63331472,2026.07.27,5,0,NORMAL,마그네슘 30정,A03,B05,"C01,C02",0,792.0,1,0,리본님,눈떨림이 생겨서 다시 마그네슘을 먹어야 겠단 생각으로 구매하게 되었어요. 비타민 B도 포함되어 에너지 충전 될거라 기대하고 있어요. 꾸준히 먹어볼게요!
2026-07-31,A000000247070,63450540,2026.07.29,5,0,NORMAL,글루타치온 맥스 30매,,,,0,720.0,1,0,cda7730,닥터언 매일루틴 이너헬스 글루타치온 필름 먹어봤는데 입에서 사르르 녹아서 챙겨 먹기 정말 편했어요. 술 마신 다음 날  힘들거나 평소 피곤함 느껴질 때 부담 없이 챙기기 좋더라고요. 간편하게 휴대할 수 있어서 매일 루틴처럼 먹기 딱 좋은 것 같아요.
2026-07-31,A000000247070,63419182,2026.07.28,5,0,NORMAL,루테인 30캡슐,A06,B05,"C05,C11",0,720.0,1,0,핑91,"하루 종일 스마트폰이랑 모니터를 보는 편이라 눈피곤함 영양제를 찾다가 이너헬스 눈영양제인 닥터언 제품을 선택했어요. 유통·마케팅 비용을 줄여 가격이 합리적인 가성비 눈영양제라 부담 없이 시작하기 좋았고, 루테인지아잔틴 추천 제품답게 황반 색소 밀도 유지에 도움을 주는 루테인지아잔틴과 눈의 피곤함 개선에 도움을 주는 아스타잔틴이 함께 들어 있어 복합적으로 관리하는 느낌이라 만족합니다. 하루 1캡슐이라 꾸준히 챙겨 먹기 편해서 눈영양제 추천할 만한 제품이에요."
2026-07-31,A000000247070,63337412,2026.07.27,5,0,NORMAL,마그네슘 30정,A01,B01,C01,0,720.0,1,0,입벌려밥들어간다,"평소 식단만으로는 마그네슘을 충분히 챙기기 어렵다고 느껴서 먹어본건데 하루 한 알만 챙기면 되니까 바쁜 아침에도 먹기 좋더라구용
크기도 적당해서 물과 함께 편하게 삼킬 수 있고 불필요한 부분은 줄이면서 꼭 필요한 성분에 집중한 느낌이라 가격도 합리적으로 느껴졌어용
매일 꾸준히 섭취하면서 일상 속 영양 관리를 간편하게 이어가기 좋은거 같구 가성비 좋은 마그네슘을 찾는 분들이라면 한 번쯤 선택해볼 만한 제품이라고 생각합니다."
2026-07-31,A000000247070,63172083,2026.07.23,5,0,NORMAL,비오틴 30정,A02,B02,"C02,C10",0,675.0,1,0,쿠후후,비오틴 항상 챙겨 먹는 영양제라 구매했습니다. 알약크기가 작은편이라 먹기 어렵지 않아서 좋았구요 6개씩 나눠서 포장되어 있어서 들고다니기 좋았구요 알약 당 개별포장이 되어있는거니까 위생도 괜찮은거같아서 잘 먹고 있습니가~ 한달 딱 먹으면 되니까 좋은 것 같아요
2026-07-31,A000000247070,63155640,2026.07.22,5,0,NORMAL,비오틴 30정,,,,0,675.0,1,0,당그당당그당,"​뉴트리의 새로운 이너헬스 브랜드 닥터언(Dr.UN)에서 불필요한 비용을 줄이고 합리적인 가격으로 출시한 가성비 비오틴이라 구매해 봤습니다.
​지방, 탄수화물, 단백질 대사와 에너지 생성에 필요한 비오틴을 하루 1정으로 간편하게 챙길 수 있어서 일상 속 활력 관리에 정말 큰 도움이 되네요. 정제 크기도 부담스럽지 않고 적당해서 1일 1회 물과 함께 삼킬 때 목넘김이 아주 편합니다.
​부담 없이 꾸준히 챙기기 좋은 활력 비오틴, 이너헬스 비오틴 추천합니다!"
2026-07-31,A000000247070,63132079,2026.07.22,5,0,NORMAL,글루타치온 맥스 30매,A04,B04,"C02,C04",0,675.0,1,0,솜솜휴지,닥터언 매일루틴 이너헬스 글루타치온 맥스는 필름형 건강기능식품 중 글루타치온 함량이 제일 높다고 해서 기대했는데 진짜 해소에 완전 도움 됐어요! ㅋㅋ 회식자리에서 이거 하나 챙기니까 피곤한것도 덜하고 활력도 팍팍 살아나서 인싸가 된 기분이었답니다. 피곤한것도 많이 줄어들고 간이 편안해지는 느낌이라 정말 만족스러웠어요.
2026-07-31,A000000242120,62946416,2026.07.18,5,0,NORMAL,올리브3 24개입,A02,B05,"C01,C05",2,2430.0,1,0,lulululalalah,"* 공복에 올리브오일 먹으면 좋다고해서
꾸준히 챙겨먹고 있어요!!

* 올록담 제품은 처음인데 한포에
유럽별로 원산지가 다른 올리브오일세알
들어있는데 패키징도 예뻐서
선물하기도 좋을 것 같아요!!

* 올리브오일캡슐 찾는분들께 추천해요!!"
2026-07-31,A000000242120,63317880,2026.07.26,5,0,NORMAL,올리브3 24개입,A03,B04,"C02,C08",0,792.0,1,0,우리집놔냐냥,다른 올리브 캡슐들에 비해 캡슐이 확실히 작아서 목넘기기 좋았고 따로 소분되어 있어서 아침에 하나씩 챙겨나가기도 편했어요!!
2026-07-31,A000000242120,63437355,2026.07.29,5,0,NORMAL, ,,,,0,528.0,1,1,Woohut,"재구매 했어요~ 좋다고해서 구매해서 먹어보고 있는데
괜찮아서 꾸준히 먹어보려고 합니다. 한포씩 개별 포장이라 챙겨 다니기 좋고 보관하기에도 깔끔해요."
2026-07-31,A000000242120,62538130,2026.07.08,5,0,NORMAL, ,A03,B02,"C01,C06",2,504.0,1,1,히뽀02,"이거 먹고 화장실도 잘 가고 피부도 좋아보인다는 소리를 듣고 있어서 꾸준히 먹고 있습니다 
행사 좀 자주 했으면 좋겠어요"
2026-07-31,A000000242120,61996907,2026.06.28,5,0,GIFT, ,A02,B02,"C01,C02",4,450.0,1,0,엘디스,지중해 3국 프리미엄 EVOO를 캡슐에 담아 하루 3알로 간편하게 섭취할 수 있어 좋아요. 캡슐이라 먹기가 편하고 아침 공복에 딱이네요. 장이 편안해지고 피부가 맑아지는 느낌이에요. 휴대성 좋고 산패 걱정 없어 안심되네요. 추천합니다
2026-07-31,A000000242120,61947869,2026.06.26,5,0,GIFT, ,A04,B03,C01,4,450.0,1,0,퀸즈슐리,올리브오일을 요리에만 사용하다 캡슐로 직접 섭취하니 효과가 다른 느낌이에요. 캡슐이라 올리브오일 특유의 향이나 맛 부담 없이 편하게 삼킬 수 있어요. 개별포장이라 챙길 수 있고 휴대하기도 편리합니다. 바쁜 현대인 건강 관리에 딱 맞는 제품이에요
2026-07-31,A000000242120,61917975,2026.06.25,5,0,NORMAL,올리브3 10개입,A04,B01,"C01,C04",1,450.0,1,0,로즈로,"올리브유를 아침에 먹으면 좋다고 하는데 숟가락으로 한스푼 먹기가 은근히 어렵더라구요! 그래서 알약형태로 되어있는 제품알아보다가 구매했어요! 3알 들어있는데 먹기편했고! 기름냄새도 안올라왔어요! 
낱개포장되어있어서 휴대하기에도 편해요!"
2026-07-31,A000000242120,61286885,2026.06.11,5,0,NORMAL, ,A04,B04,"C05,C08",9,450.0,1,0,누룽지오징어순대,"다들 간단하게 올리브유 먹고 싶자나요?
아침에 공복에 먹는 올리브유는 ㅠ ㅠ 칭구한테 선물받은 유럽에서 사온 저온압착에 신선한 올리브유 먹다가...
그거 다 먹고 집에있는 거 아무거나 먹었다가..? 
산패한 올리브유더라구요 ㅠ ㅠ 

그 뒤로 보관도 쉽고, 맛도 덜 거북하고 휴대성도 좋은 거 이거 생일 때 야무지게 맛 좀 보고, 은근 먹고 안 먹고 차이가 있어서? 저도 너무 잘 먹고 지인들 추천도 하고 선물도 했습니다!

+ 먹고나서 느낀 점 : 은근 공복에 먹으면 배가 차서 식전 간식 덜 먹음, 피부 좀 좋아지(깨끅하달까?), 눈도 덜 건조한 느낌쓔"
2026-07-31,A000000242120,62986142,2026.07.18,5,0,NORMAL, ,A03,B02,"C01,C06",0,396.0,1,1,히뽀02,"매일 공복에 먹고 있어요 
잘 넘어가고 좋아요 
화장실을 잘 가게 되서 매번 삽니다"
2026-07-31,A000000242120,62826008,2026.07.15,5,0,NORMAL,올리브3 24개입,A03,B01,"C01,C09",0,378.0,1,0,ryun****,건강을 위해 섭취 시작했어요. 올리브유 액체가 아니라서 먹기 편해요.  다 먹고 전체적으로 효과 봤으면 합니다
2026-07-31,A000000242120,61343894,2026.06.12,5,0,NORMAL,올리브3 24개입,,,,1,378.0,1,0,제뜨,아침 공복에 미지근한 물이랑 마셔주면 하루가 몸이 가벼워지는 것 같아요 알 크기가 크지 않은 편이라 목 넘기기가 편해요
2026-07-31,A000000242120,61926523,2026.06.26,5,0,OFFLINE,올리브3 24개입,A02,B03,"C08,C11",4,375.0,1,0,울라불라불루짱,"궁금했던 제품인데 올리브베러 쿠폰이 있어서 구매했어요!
🫒🕊️
우선 요즘 아침 공복에 올리브오일 한스푼씩 먹는게 유행이잖아요ㅋㅋ근데 전 올리브오일 잘먹고 좋아하긴하는데 아침에 바쁘기도하고 쌩으로 한숟가락씩 먹기가 좀 그릏더라구요
근데 요건 캡슐로 되있고 한포씩 가지고다니고 먹을수도 있어서 넘 편한것 같아요. 요런 실용적인 템을 원했는데 따악 맘에듭니다. 효과는 사실 꾸준히 먹어봐야아는거고 영양제는 아니다보니~ 우선 꾸준히 먹고잇습니다

캡슐 넘길때 비리거나 한건도 전혀 없고 편하고 좋아요!"
2026-07-31,A000000242120,62538084,2026.07.08,4,0,NORMAL, ,A03,B02,"C01,C06",0,264.0,1,1,히뽀02,"행사때마다 사고 이썽요 
행사 좀 ㅏㅈ주 했으면 좋겠어요 
올리브가 좋다고 해서 삿는데 좋아요 
화장실은 잘 갑니다"
2026-07-31,A000000242120,63067611,2026.07.20,5,0,NORMAL, ,,,,0,198.0,1,1,쿠키얌,언제나 늘 쟁여두는 제품 마지막 박스 뜯기전에 미리미리 구매하고 있습니다
2026-07-31,A000000242120,62015330,2026.06.28,5,0,NORMAL, ,A01,B02,"C04,C05",7,198.0,1,0,오늘도맑음,"✔️ 갑자기 유행해서 궁금했는데 올영에도 입점했길래 사서 먹어봤어요~
✔️ 한포씩 포장되어있어서 먹기도 편하고 챙겨먹기도 쉬워요
✔️ 효과 있었으면 좋겠는데 아직은 잘 모르겟어요~ㅎㅎ"
2026-07-31,A000000242120,61656688,2026.06.19,5,0,NORMAL,올리브3 10개입,A03,B04,"C06,C09",0,198.0,1,0,쑤수쑤,꾸준히 먹어야 좋을 것 같아요~ 좋다니까 챙겨먹어야죠 뭐 ㅎㅎ
2026-07-31,A000000242120,63283765,2026.07.26,4,0,NORMAL,올리브3 10+2 기획세트,,,,0,176.0,1,0,봉치테라피,한번 먹어보고 싶어서 구매했어요 생각보다 공복에 먹는게 부담 없어요
2026-07-31,A000000242120,63218612,2026.07.24,5,0,NORMAL,올리브3 24개입,,,,0,176.0,1,0,배고픈구구,"하도 인스에 광고가 나와서 긴가민가 했는데
올영에 있길래 사봤어요 
받아보고 오늘 하루 처음 먹어봤는데
목넘김이 좋았고 
이거 먹으니 방구냄새가 넘 독해여,,"
2026-07-31,A000000242120,61286661,2026.06.11,5,0,NORMAL,올리브3 24개입,A03,B06,"C09,C10",0,165.0,1,0,졍느,하루 한 번 간편하게 섭취할 수 있어서 좋아요. 비린 맛 없이 목 넘김이 편하고 꾸준히 챙겨 먹기 부담 없는 제품입니다.
2026-07-31,A000000242120,62651976,2026.07.11,5,0,NORMAL,올리브3 24개입,A03,B06,"C09,C10",0,150.0,0,0,졍느,"한 달 동안 꾸준히 챙겨 먹어보니 안 먹을 때보다 몸이 한결 가뿐한 느낌이 듭니다. 평소 건강 관리와 이너뷰티에 관심이 많아서 구매해 봤는데, 캡슐 크기가 적당해서 목 넘김이 아주 편안해요. 개별 포장이라 휴대하기도 좋아서 외출할 때나 여행 갈 때도 가볍게 챙겨 다니며 매일 건강을 채우기 좋습니다."
2026-07-31,A000000242120,62029675,2026.06.28,5,0,NORMAL, ,A06,B06,"C01,C02",0,132.0,1,0,Woohut,"최근에 광고에서 자주 보이길래 구매 해봤어요~
먹어보고 괜찮으면 꾸준히 먹어보려고 합니다^^
개별 포장이라 챙겨 다니기 편할거 같아요~"
2026-07-31,A000000242120,61741443,2026.06.21,5,0,NORMAL, ,,,,1,132.0,1,0,이사도라현,아침공복마다 먹고있는데 ~ 확실히 몸이 가벼워진것 같아요
2026-07-31,A000000242120,61109505,2026.06.07,5,0,NORMAL, ,A03,B02,"C01,C06",1,132.0,1,1,히뽀02,"두달째 먹고 있는데 이고 먹어서 긍가 화장실도 잘 가구 살도 좀 빠졌어요 
일시적인지 뭔이 모르겠지만 당분간 꾸준히 먹어볼랍니다"
2026-07-31,A000000242120,61854447,2026.06.24,5,0,NORMAL,올리브3 24개입,,,,0,99.0,1,0,올영만판다,핫해서 구매! 올영에 있어서 넘 좋아요 ! 영양제 정리하는데 이 박스는 점선이 있어 굿! 다른건 가위로 잘라야하는데 맘에들고 3알이여도 목넘기 좋아요
2026-07-31,A000000242120,63410802,2026.07.28,5,0,NORMAL, ,,,,0,88.0,1,0,rlawlgu****,"다른거먹다가 이게좋다고해서 한번구매해봤음
좋은지는 한달먹어봐야 차이를알듯"
2026-07-31,A000000242120,63386754,2026.07.28,5,0,NORMAL, ,,,,0,88.0,1,1,dud****,"2달정도 꾸준히 먹고 있는데요 화장실 잘 가는거 같아요.
아직 드라마틱한 변화는 못 느끼겠지만 그래도 꾸준히
먹어볼께요!"
2026-07-31,A000000242120,63342858,2026.07.27,5,0,NORMAL, ,,,,0,88.0,1,1,goodjin****,공복 루틴으로 꾸준히 먹고있는데 목넘김도 불편하지 않고 한포씩 되어있어서 먹기 편해요
2026-07-31,A000000242120,63342852,2026.07.27,5,0,NORMAL, ,,,,0,88.0,1,1,goodjin****,꾸준히 먹고있고 여행갈 때도 챙겨서 다닐수 있어서 좋아요..
2026-07-31,A000000242120,63304760,2026.07.26,5,0,NORMAL,올리브3 24개입,,,,0,88.0,1,0,spookych****,좋은 가격으로 행사하길래 구매했어요 기대됩니다 잘부탁 드려요
2026-07-31,A000000242120,63286947,2026.07.26,5,0,NORMAL, ,,,,0,88.0,1,1,goodjin****,"아침공복에 꾸준히 먹고있는데 좋아요..
그리고 개별포장되어있어서 휴대하기도 좋아요.."
2026-07-31,A000000257218,62341771,2026.07.05,4,0,NORMAL,[NEW기획] 블러쉬드 +미니틴트,A03,B04,"C05,C09",57,9180.0,1,0,크림짱,"일단 네이밍에서 만든 립중엔 제일 나은거같습니다
그 하트모양 틴트도 광지속력이며 딥해짐이며 가격대비 별로였고
은색통 틴트는.. 그냥 말도하기싫다 수준
그것도 그값에 사라고 만들어놨는지 개발자한테 따지고픈정돈데
그나마 이 립은 발림성이나 지속력 발색력 전반적인 부분에서
네이밍 다른 립들 비해 우수한 편이에요
네이밍 립에대한 불신이 깊어 안사려다가 평이좋아 사봤는데
그래도 이정도면 만족스럽습니다

그치만 깔별로 쟁이고플만큼의 마음이 안드는 이유는
일단 지금 출시된 컬러들이 제가 구매한 블러쉬드나 앤비정도 빼면
제눈엔 컬러감이 너무 다 비슷비슷해보이고 
뮤지근 다 좋은데 그래도 컬러마다 자체의 매력이 좀 얕은 느낌

제형이 묽어서인지 부드럽게 발리고 끈적임 적고
광택 예쁘고
플럼핑기능 있는것도 참 맘에드는데
입술위 지속력은?? 그닥이에요ㅠㅠㅠㅠㅠ
뭐 먹어서 지워지고 그런걸 말하는게아니라
주름고임이 넘 심하고
풀로 바른후에 말 많이하고 몇시간 지나면
입술 사이사이 껴서 지저분하게 흘러내리는 모양으로다가..
(마지막사진 참고해주세요 충격먹고 찍었음..)
정말 수시로 덧바르고 수정해주지 않으면 갱장히 보기싫어져요

컬러감은 핑잘봄도 소화하기 좋은
복숭아끼 살짝 도는 라이트핑크
라이트톤 환장하는 제눈엔 넘넘 예쁘지만
결과적으로 제형땜에 아쉬운 제품입니다"
2026-07-31,A000000257218,62964904,2026.07.18,5,0,OFFLINE,[NEW기획] 블러쉬드 +미니틴트,,,,6,3834.0,1,0,빵빵앙옥지양,촉촉하고 색감이 이쁘지만 리뷰에서 본 거처럼 시간 좀 지나면 하얗게 뭉치고 .. 기포(?)가 올라와요 ㅋㅋㅋ 왜 이러는지 아시는분 🙌🏻
2026-07-31,A000000257218,62710984,2026.07.12,4,0,NORMAL,[NEW기획] 딜라이트 +미니틴트,A03,B03,"C01,C02",11,3780.0,1,0,뭉이지,"총평 ⭐️⭐️⭐️+반개
• 발색이 연하고 피치 코랄에 핑크 한방울 탄 색상
• 헤라 센슈얼 누드 글로스 저렴이 버전(제형, 플럼핑)
• 퓌 바닐라70% 피치코랄+플럼핑 버전
• 글로스 치고 끈적임이 덜함
• 그냥 뚜렷한 특징 없이 무난함

저는 글로스립 사랑해 인간으로서 입술이 끈적이는 거? 전혀 아무렇지 않은 사람이며 글로스에서 지속력? 크게 바라지 않음 

무튼 그만큼 글로스립을 애용하고 모읍니다 특히 피치코랄이나 구운 색상은 더더욱😉

장점
• 플럼핑 효과가 자연스러움
• 글로스립 치고 끈적임이 덜함

단점
• 여러 번 덧발랐을 때 요플레 현상이 있음
• 입술 주름이 너무 잘 보임
• 입술에 발색 시 투명하게 발색되어 본래 입술 색상이 잘 보임(장점이자 단점인데 아래 틴트 바르고 위에 글로스 바르시는 분들한테는 장점일 듯)

추천 대상
• 피치코랄 색상 립글로스 찾는 분
• 퓌 바닐라 70%이 핑크색이 강해 아쉬웠던 분

재구매 의사
입술에 올렸을 때 발색이 더 진하게 바뀌면 재구매 의사 있음

제품 색상 비교(사진)
1. 네이밍 아카이브 하이 듀 립 글레이즈 딜라이트
2. 퓌 3D 볼류밍 글로스 B01바닐라 70%
3. 투쿨포스쿨 베르 컬러 글로스 #2 FIG MALT
4. 퓌 글로이 스무디 틴티드 립밤 GW01 망고피치 블렌드

+ 개인적으로 올영 글로스립은 ‘투크 볼륨 글레이즈 시럽 틴트‘ 추천함❗️전색상 발색이 매우 좋고 광도 너무 예쁨. 물론 광이 예쁜만큼 끈적임이 강해서 끈적이는 거 싫어하는 분은 비추😮‍💨"
2026-07-31,A000000257218,62877529,2026.07.16,5,0,NORMAL,[NEW기획] 어도러블 +미니틴트,A07,B05,"C01,C02",3,2970.0,1,0,예아쓰베이비,"어딕트 색상 너무 잘 쓰는 중이라
신상컬러 나왔길래, 틴트도 껴주길래 냅다 구매 갈김

✨글로스

약간 좀 더 레드끼가 도는 핑크레드라고 예상했는데
실제 색감은 레드는 안 보이는 뉴트럴핑크에요!
사면서 에ㄸㄷ 쥬시캔디랑 겹칠까 걱정했는데
그것보단 페리ㅍㄹ 컴피코지랑 더 비슷한듯
(안타깝게도 컴피코지를 다 쓰고 버려서 비교불가ㅎ ㅠㅠ)
생각보다 색감은 그냥저냥 평범하다고 느껴졌습니다

근데 이제 이 글로스의 진가는 제형임,,
쫜쫜하게 잘 붙는데 끈적임무거움이 없고
바르고 좀 지나면 광이 진짜 투명탱글하게 올라와요
약간의 시원민티함이 있어서 여름에 발라도 안 답답함


✨틴트

같이 온 틴트는 뉴트럴한 로지 색감!
저는 글로스보다 이게 더 마음에 들었어요!!
진짜 입술에 사악 물드는데 너무 자연스럽고
워터틴트 특유의 건조함, 얼룩덜룩함이 1도 없음!!!
(최근에 얼터에서 나온 워터틴트 잘 쓰는 중인데
그것보다 제형이 더 마음에 들어버림)
빨리 본품 나왔으면 좋겠음!!


두 개 같이 바르면 진짜 기맥히게 예쁜 뉴트럴 핑크입니다
글로스만 발라도 이쁘지만 증정틴트 깔고 바르면 미침(p)

제 후기가 도움이 됐다면 따봉 한 번 눌러주세요🙂‍↕️↘️"
2026-07-31,A000000257218,63279707,2026.07.25,5,0,NORMAL,앤비(ENVY),A02,B04,"C04,C05",2,2520.0,1,0,nose덕,"아니 컬러가 왤케 예쁜것,? 의문이 든다...
1콧 얹어주면 완전 여리여리한모브핑쿠잔아...
여름뮤트가 기절하라고 만들어주신 컬러가 틀림없음
정말 야르하고요, 아주 잘 썻습니다.
제형도 쫀득해서 여름에 발라도 녹아내리지 않아요

재구매 의사 오만프로"
2026-07-31,A000000257218,63335104,2026.07.27,3,0,NORMAL,[NEW기획] 어도러블 +미니틴트,A01,B03,C11,3,2232.0,0,0,bbokari,동생이 블러쉬드 사줬는데 너무 이뻐서 얘도 사봤는데 블러쉬드가 더 이쁨!!!🥶
2026-07-31,A000000257218,62834522,2026.07.15,4,0,NORMAL,[NEW기획] 블러쉬드 +미니틴트,A04,B02,"C05,C10",2,1620.0,1,0,신짱구마,"엔비 너무 잘 써서 블러쉬드도 바로 구매했는데...
그냥 평범한 글로스 같아용

1. 제형 : 얇고 안 끈적이지만 무조건 얇게 얇게 발라야 해요! 3콧부터는 광이 흘러서 침 흘린 사람 됨 지속력은 아무것도 안 먹으면 2시간 정도 유지됩니다 색상이 진해지지 않아요

2. 색상 : 얼터 딸바랑 거의 비슷한데 거기에 흰색을 20프로 정도 추가한 느낌?? 그거 있으시면 굳이 사지 마세용 ㅎㅅㅎ 얼터보다는 네이밍이 얇게 발리고 고정력이 더 좋아요 네이밍은 착색은 없어서 색상이 안 붉어지고 그대로 지속 됩니다

네이밍 글로스 중에 제일 흰끼 많은 거 같아요!
그렇다고 흰 색소가 고여서 이상하게 되진 않아요 하지만 베이스 많이 바르면 그렇게 돼요!! 무조건 립 베이스&펜슬 얇게 발라줘야 해요 

👍추천 타입 : 피부톤 21호 이하 여라&봄라 추천 + 그리고 추구미가 이시하라 사토미라면 추천!"
2026-07-31,A000000257218,63478511,2026.07.30,5,0,NORMAL,[NEW기획] 딜라이트 +미니틴트,A03,B03,"C04,C07",2,1512.0,0,0,하치오댕,봄웜들 사세요 너무 이쁘니까. 광 쩔고 너무 이쁨 네이밍 최고
2026-07-31,A000000257218,63278834,2026.07.25,5,0,NORMAL,앤비(ENVY),A01,B02,"C06,C07",1,1260.0,1,0,스트릿출신고양이하동,첨에 통 색보고 거무튀튀하진 않을까 걱정했는데 생각보다 안 탁하고 멀먹하게 예쁨
2026-07-31,A000000257218,62596302,2026.07.10,5,0,NORMAL,[NEW기획] 딜라이트 +미니틴트,A02,,"C01,C09",3,1260.0,1,0,하현달,"info) 노란피부 17호 여름쿨라이트

처음엔 뉴컬러 나오나보다~이랬는데 컬러보고 반했어요. 알고보니 위위아뜰리에 시헌님 공동개발이라고 하더라고요. 어쩐지 예쁘더라니 •••
심지어 미니틴트까지 주는 기획이라 안 사볼 수 없었네요 

딜라이트는 웜한 살몬핑크 색감이에요. 저는 쿨톤이지만 딜라이트가 너무너무 예쁘더라구요 🥺 
저는 입술이 쿨하게 발색되는 편이라 틴트와 같이 바르면 딜라이트의 웜한 온도가 하나도 느껴지지 않아서 ㅠㅠ 단독으로 바르고 있어요. 단독으로 발라도 너무너무 예뻐요!

근데 증정 워터틴트 제형 자체가 좋아서 본품으로 나오면 좋겠다는 생각이 들었습니다 워터틴트가 경계생기면서 진하게 물들잖아요. 건조해서 입술 쪼그라드는것도 싫고…  근데 이거는 꽤 고르게 발리고 입술 표현이 되게 예뻤어요 이런 워터 틴트면 바르고 싶다고 생각했습니다 🙏🏻"
2026-07-31,A000000257218,62465204,2026.07.07,5,0,NORMAL,[NEW기획] 블러쉬드 +미니틴트,A04,B04,"C05,C09",3,1116.0,1,0,얌만두,"입술편하고
촉촉해요
겉만 번지르르 하지 않고 안까지 촉촉해서
다른컬러도 또 구입하고싶어요
대신 컬러가 이래서
입술주름에 좀 하얗게 끼는건 있어요!!"
2026-07-31,A000000257218,63394659,2026.07.28,4,0,NORMAL,[NEW기획] 어도러블 +미니틴트,,,,0,1080.0,1,0,주허니,"퓌 바닐라 색이 좋은덕 너무 끈적거려서 불편했다. 그런데 네이밍 기획세트. 완전 맘에 든다.
색도 예쁘고 지속력도 좋고 끈적이지도 않는다.
당장 한개 더 쟁일까 생각했는데
휴대할때 불편하다ㅠ
주머니에 딴거랑 같이 넣어서 다녔는데
반나절만에 금방 립뚜껑에 자국이 새겨졌다
힝ㅠ
일단 그것만빼고 완전 예쁘다"
2026-07-31,A000000257218,62534356,2026.07.08,5,0,NORMAL,[NEW기획] 어도러블 +미니틴트,A03,B01,"C02,C05",8,1080.0,1,0,시끄러운나무늘보,"증정품인 미니 틴트는 체리가 생각나는 색상이에요. 20~30초 정도면 완전히 픽싱이 되는 느낌이 나요. 어도러블은 연한 핑크 색상으로, 보통 토끼 혀 립이라고 하는 색상들과 비슷한 것 같아요.
미니 틴트는 촉촉해서 발림성 굉장히 좋고, 어도러블은 꾸덕한 제형이어서 바를 때도 꾸덕하게 발리는 느낌이 있었어요. 착색은 미니 틴트만 살짝 있습니다!
그리고 살짝 화한 느낌이 나요(심하진 않음). 3번째 사진보다 실제가 살짝 더 진합니다♡

결론적으로 저는 이런 색상을 좋아해서 너무 만족하고요, 사도 후회하지 않을 것 같은 색상이라 추천드립니다!!

(도움이 되셨다면 &#039;도움이 돼요&#039; 한 번씩만 눌러주세요!)"
2026-07-31,A000000257218,62157041,2026.07.01,5,0,NORMAL,[NEW기획] 딜라이트 +미니틴트,,,,13,930.0,1,0,베이젼,"딜라이트: 살구+구아바 핑크 컬러 글로스
사용량이 보여서 좋고 몬핑크랑 비슷할까봐 망설였는데 다른 느낌이라 여름에 잘 사용할 것 같아요 봄웜 추천합니다 🙌"
2026-07-31,A000000257218,62595873,2026.07.10,5,0,NORMAL,[NEW기획] 어도러블 +미니틴트,A02,,"C01,C09",1,900.0,1,0,하현달,"info) 노란피부 17호 여름쿨라이트

역시나 실망시키지 않는데 네이밍..💗💗 네이밍 글로스가 런칭한지 얼마 되진 않았지만 제가 정말 많이 쓰고 있거던요 제형 ㄹㅈㄷ..!!!
시헌님 공동개발이라고 해서 궁금했는데 미니틴트까지 🫢 너무 알찬 구성이라 구매해봤어요. 

일단 글로스. 예뻐요…. 청담샵을 가보진 못했지만 또렷한 아이메이크업에 부드럽게 녹아들 것 같은 립..! 
어도러블은 뉴트럴한 온도로 핑크로즈를 맑게 풀어낸 색감이에요 🌷

저는 증정 워터틴트와 같이 바르면 입술이 확 쿨해져서 글로스 단독으로 바르는게 가장 마음에 들었어요. 근데 워터틴트 자체로 제형이 좋았어서 나중에 본품출시되면 좋겠다는 생각이 들었네요"
2026-07-31,A000000257218,62564305,2026.07.09,5,0,NORMAL,[NEW기획] 블러쉬드 +미니틴트,A02,,"C01,C09",6,900.0,1,0,하현달,"info) 노란피부 17호 여름쿨라이트

제가 가장 좋아하는 글로스 하나만 꼽으라면 저는 네이밍 하이 듀 립 글레이즈요!! 출시한지 얼마 안된 따끈따끈한 립인데 제형 최고임… 진짜

블러쉬드가 겨쿨립?이라고 봤었는데 걍 봄웜여쿨 걸친 컬러같은디 🤔 (방구석코덕이라 뭐 너가 뭘 아냐라고 하시면 할말 없음) 겨쿨립이라기엔 말갛고 부드러운 느낌이 있어요 

근데 저는 오히려 블러쉬드가 가장 마음에 들었어요!! 미니틴트까지 야르렁 ~~"
2026-07-31,A000000257218,62487605,2026.07.07,3,0,NORMAL,[NEW기획] 딜라이트 +미니틴트,,,,5,900.0,0,0,kuri3,"색감: 굳 (이쁨. 상세페이지랑 비슷함)
발색: 굳 (음파 안하면 ㅈㅉ 예쁨. 음파하면 날라감)
광: 굳 (이쁜광. 캔디광)
지속력: ㄹㅈㄷ별로. (광은 남는데 색감이 다 날라가서 투명립글로스가 됨. 덧바르면 광+광이라 좀 지나치게 광이 남.... 결국 지우고 발라야됨 ㅠㅠ)
케이스: ㄹㅈㄷ밤티 (다이소 퀄리티. 뺐다 넣었다 할때마다 틴트가 조금씩 세서 뚜껑이랑 틴트 윗부분에 다 묻음..)"
2026-07-31,A000000257218,63398496,2026.07.28,5,0,NORMAL,멜로우(MELLOW),A03,B02,"C01,C03",0,792.0,1,0,채송송,꾸덕 쫀쫀하게 잘 발려요 색상도 웜톤이라면 누구나 이쁘게 잘 쓸 색깔들이에요 지속력도 좋은듯해서 손이.잘 가요
2026-07-31,A000000257218,63398311,2026.07.28,5,0,NORMAL,스위튼(SWEETEN),A03,B02,"C01,C03",0,792.0,1,0,채송송,약간 느낌이 글맆쫀쫀글로스랑 비슷하긴 한데 좀 덜 끈적거리는 탱글광이 있네요
2026-07-31,A000000257218,62274179,2026.07.03,5,0,NORMAL,[NEW기획] 딜라이트 +미니틴트,A03,B03,"C06,C08",1,756.0,1,0,러브랑,개이뻐용..봄웜이라면 구아나+딜라이트 꼭ㄱ사세요 ..존예🧡🍑 증정으로 준 워터틴트도 진짜 넘이뻐요
2026-07-31,A000000257218,62992248,2026.07.19,5,0,NORMAL,앤비(ENVY),,,,0,675.0,1,0,피스리크,"광택감이 제일 마음에 들었어요
너무 찐득거리지도 않고 딱 달라붙어있는 제형감이 좋았고
플럼핑도 쎄지않았고 향도 강하지 않아서 좋았어요

사용감이 좋아서 다른 컬러 사보는 건데
뮤트한 모브컬러가 오묘해보여서 엔비를 선택했습니다
네이밍 요런 컬러 잘해서 기대했는데 역시나 마음에 드네요

립글로스라서 색감이 강하지않다보니까 흔하지않은 컬러로 선택해보는 것도 좋네요"
2026-07-31,A000000257218,63420857,2026.07.29,5,0,NORMAL,[NEW기획] 어도러블 +미니틴트,,,,0,660.0,1,0,됴기맘,드디어 입고되어서 구매! 확실히 여쿨이라 어도러블 조합이 더 잘어울리더라구요 지속력은 음식먹고나면 사라져서 좋진않지만 끈적임이 적고 예뻐요 워터틴트도 그냥 본통으로 내주십사...
2026-07-31,A000000257218,63335167,2026.07.27,5,0,NORMAL,[NEW기획] 블러쉬드 +미니틴트,A03,B04,"C03,C09",0,660.0,1,0,됴기맘,워터틴트도 넘 촉촉하고 글로스도 예뻐요 원래 사고싶었던 어도러블이 품절이라 이걸로 샀는데 여쿨도 이 색상 괜찮네요!
2026-07-31,A000000257218,62147845,2026.07.01,5,0,NORMAL,[NEW기획] 딜라이트 +미니틴트,A02,B03,"C05,C06",9,600.0,1,0,Jangseunghee,"오프에 테스터 깔려 있길래 런칭 전날에 호다닥 써보고,
오늘 바로 구매해봤습니다! ✨️✨️

컬러 자체는 엄청 맑은 살구 핑크 컬러인데 완전 살구는 아니고 살구와 핑크 그 중간 정도!!

시중에 판매중인 살구 색상들이랑도 조금씩 차이가 있는데 퓌 허니듀, 얼터 돌체피치? 보다 탁기를 덜어낸 색상이라 여름에는 네이밍이 더 손이 많이 갈 것 같아요.

시중 글로스들이 다 착색이 없어서 컬러 지속력이 떨어지는 편인데 증정 기획으로 틴트가 같이 들어있어서 같이 쓰면 색상도 이쁘고 딱입니다.🙏🥹"
2026-07-31,A000000257218,62656750,2026.07.11,5,0,NORMAL,[NEW기획] 어도러블 +미니틴트,A03,B06,"C05,C10",3,540.0,0,0,겨울조아사람,"22호 겨쿨브라이트

네이밍님들 도대체 뭘 만드신거죠…?
진짜 이렇게 취향 저격하는 글로스 처음이예요
강경 글로스파라 왠만한 글로스 다 가지고 있는데 조금씩 다 맘에 안들었던게
틴트 바르고 위에 덧바르면 글로스의 불투명한 느낌때문에 맑은 느낌이 잘 안나고 그라데이션도 안된다는 점이었어요
여브 걸친 겨브라 채도 잘받지만 풀립은 부담스러워서 무조건 그라데이션 해야하는데
틴트랑 립라이너로 예쁘게 그라데이션 베이스 만들어놔도 글로스 올리면 걍 풀립되어버려서 슬펐거든요
근데 이거다 이거!!!! 발색도 어느정도 되면서 맑게 표현돼서 그라데이션이 가능한 글로스!!!!
이건 말로 표현하기 어렵고 발라봐야 압니다 진짜 바르자마자 …???!!!!!이렇게 됨
증정 물틴트도 착색 고르게 잘 되면서 깔끔한 제형이라 너무 맘에 들고 다 좋은데 딱하나 아쉬운게 너무 웜해요ㅠㅠ
블러쉬드 기획은 증정틴트가 완전 웜하고 글로스 색상도 명도가 너무 높아서 안샀는데
확실히 어도러블은 웜하네요ㅠㅠ
체리색이나 채도높은 쿨핑크 물틴트에 스위튼이나 플러터 기획 있었으면 눈뒤집고 쟁였을텐데 아쉬워요
그래도 끈적임 별로 없고 맑게 발색돼서 제형은 대만족입니다!! 고민중이시라면 그냥 사세요!!"
2026-07-31,A000000257218,62212601,2026.07.02,5,0,NORMAL,[NEW기획] 어도러블 +미니틴트,A02,B03,"C08,C10",3,540.0,1,0,마이폼푸,"립펜슬로 라인 정리하고 하이 듀 립 글레이즈 단독으만 발라도 너무 예뻐요 🫪🫶
코지랑 멜로우 컬러 먼저 사고, 딜라이트랑 어도러블  뉴 컬러 나와서 오늘 또 구매했는데 이번 컬러도 역시나 다 예쁘네요 ㅠㅠㅠ
광택 예쁜 뉴트럴한 핑크컬러 찾으신다면 무조건 ㅊㅊ

증정으로 받은 워터 틴트 하모니는 착색이 좋아서 베이스로 깔아줘도 좋을 것 같아요!!"
2026-07-31,A000000257218,62212479,2026.07.02,5,0,NORMAL,[NEW기획] 딜라이트 +미니틴트,A02,B03,"C08,C10",3,540.0,1,0,마이폼푸,"립펜슬로 라인 정리하고 하이 듀 립 글레이즈 단독으만 발라도 너무 예뻐요 🫪🫶
코지랑 멜로우 컬러 먼저 사고, 딜라이트랑 어도러블  뉴 컬러 나와서 오늘 또 구매했는데 이번 컬러도 역시나 다 예쁘네요 ㅠㅠㅠ
광택 예쁜 멀멀 살몬핑크 찾으신다면 무조건 ㅊㅊ

증정으로 받은 워터 틴트 로맨스는 착색이 좋아서 베이스로 깔아줘도 좋을 것 같아요!!"
2026-07-31,A000000257218,63420400,2026.07.29,5,0,NORMAL,[NEW] 딜라이트(DELIGHT),,,,0,528.0,1,0,리지온,어떻게 이렇게 예쁘지 진짜 첫발색에 이렇게까지 맘에든 틴트는 처음이시다 .... 하 너무 예뻐요 울고싶음 넘무 예뻐서 산지 3일만에 여기저기 자랑하도댕것음 ... 하 ...0
2026-07-31,A000000257218,63220553,2026.07.24,5,0,OFFLINE,[NEW기획] 딜라이트 +미니틴트,A02,B01,C09,1,528.0,0,0,ㄱㅎㅂ,"올리브영에서 구매할 때마다 배송이 정말 빠르고, 제품이 꼼꼼하게 포장되어 안전하게 도착해서 안심할 수 있습니다. 덕분에 더욱 신뢰하게 되었고, 앞으로도 자주 이용할 계획입니다. 감사합니다."
2026-07-31,A000000257218,62864217,2026.07.16,5,0,NORMAL,플러터(FLUTTER),,,,0,495.0,1,0,피스리크,"라이트한 딸기우유색 같은 컬러라 마음에 들었어요

광택감도 좋았고
끈적거리는 것도 없었고 가벼워서 흐르는 느낌도 없어서 좋았어요
향이 살짝 있긴한데 세게 나는 것도 아니고
플럼핑이 약간 있어서 싫어하시면 체크해봐야해요"
