수집일자,상품번호,리뷰ID,작성일,별점,체험단여부,리뷰타입,옵션,피부타입,피부톤,피부고민,도움수,유용점수,포토여부,재구매,닉네임,리뷰본문
2026-07-23,B000000226441,62067787,2026.06.29,4,0,NORMAL,[NEW] 밀크티맛2통+보틀,A03,B04,"C01,C03",14,1620.0,1,0,올리브새싹,프로티원 초코맛을 너무 잘 먹고 있는데 새로운 맛이 나왔다고 해서 바로 구매해봤어요. 밀크티맛이라니 넘나 기대~ 약간 얼그레이 밀크티 생각했는데 제가 먹기에는 그냥 곡물맛 비슷하다고 느꼈어요. 맛이 없지는 않는데 저는 역시 초코맛이 제일 맛있는거 같네요. 이번에 밀크티맛 두 통 먹으면 다시 초코맛 살 것 같아요.
2026-07-23,B000000226441,62118182,2026.06.30,5,0,NORMAL,[NEW] 밀크티맛+흑임자맛+보틀,A03,B03,"C01,C08",4,1260.0,1,0,올영요정임니당,"프로티원을 꾸준히 먹고 있는데 이번에 나온 얼그레이 맛이 궁금해서 구매해봤어요ㅎㅎ

기존에도 여러 맛을 먹어봤는데 이번 얼그레이 맛도 정말 만족스러웠습니다. 얼그레이 향이 은은하게 나면서 달달한 맛이 잘 어우러져서 질리지 않고 마시기 좋았어요. 향이 너무 강하지 않아서 평소 얼그레이를 좋아하시는 분들이라면 부담 없이 드실 수 있을 것 같습니다.

저는 대용량 제품을 구매한 뒤 쿠팡에서 구매한 파우치에 한 번 먹을 양씩 소분해서 가지고 다니고 있어요. 운동 가거나 외출할 때 필요한 만큼만 챙길 수 있어서 훨씬 편하고, 언제든 물만 있으면 간편하게 마실 수 있어 만족스럽습니다ㅎㅎ

물에도 잘 섞이는 편이라 덩어리지는 느낌이 적었고, 바쁜 아침이나 운동 후에도 간편하게 단백질을 보충하기 좋았습니다. 휴대성이 좋아지니 자연스럽게 더 자주 챙겨 먹게 되더라고요.

맛도 좋고 활용하기도 편해서 만족도가 높은 제품이었습니다. 특히 새로 나온 얼그레이 맛은 개인적으로 꽤 마음에 들었고, 프로티원을 처음 드셔보는 분들에게도 추천하고 싶은 맛입니다!"
2026-07-23,B000000226441,62894330,2026.07.16,3,0,NORMAL,[NEW] 밀크티맛+초코맛+보틀,A02,B02,"C02,C04",3,1200.0,1,0,sshyee,"초코맛은 너무너무너무 맛있습니다.
전날에 미리 우유에 타 놓아도 다음날에도 안에든 초코볼이 눅눅해지디 않는다는 점이 좋아요.

다만 얼그레이 밀크티맛…
솔직히 저는 사지 않는 걸 추천해요.

저 밀크티 처돌이고 차 자체도 좋아해서
혼자 찻집 가서 사장님이랑 3시간동안 떠들면서 차만 마시다 오는 사람인데
이거 절대 얼그레이 맛도 밀크티맛도 아닙니다.
향도 엄청 약해요.

저 심지어 데자와 타서 먹어봤는데도
이 얼그레이 밀크티의 역한 맛과 향을 이길 수가 없어요.
플라이밀 밀크티맛도 먹어봤는데
차라리 그건 인공 밀크티맛이고 역하지라도 않지
이건 진짜 역하고 맛없습니다.

이거 맛있다하는 분들.. 넘 신기해요 진짜로….
그냥 대충 먹어도 맛있는 초코랑 녹차맛 사시길 추천해요.
진짜 넘 구려요 진짜 개화남ㅠㅠㅠ

어떻게든 살려서 먹어보려고 커피가루도 넣어보고
처코맛이랑 반반 섞어도 먹어보고 했는데 진짜
역한맛이 계속 올라와서 속이 울렁거립니다…
비싸서 버리지도 못하고 완전 처치 곤란템이에요..
절대 사지 마세요ㅠ"
2026-07-23,B000000226441,62045144,2026.06.29,5,0,NORMAL,[NEW] 밀크티맛+곡물맛+보틀,A02,B03,"C08,C11",0,900.0,1,0,울라불라불루짱,"얼그레이 밀크티맛 기다렷다가 선런칭되자마자 구매햇네요!
🧋🧋
우선 전 순탄수를 제일 중요하게보는데 밀크티맛 순탄수가 굉장히 낮더라구요~다른맛들에 비하 압도적으로 좋아서 안살수가 없엇습니다
프로티원은 맛자체가 기가막히다기보다는 성분도 좋고 무난해서 꼭 재구매하게되는것 같아요

우선 한달동안 한통 다먹엇구요 ㅜ 너무 맛잇습니다
밀크티 별로 안좋아하는 저한테 이게 최애맛이되엇어요 벌써 재구매햇답니다ㅎㅎㅎ강추!!!!!"
2026-07-23,B000000226441,62995479,2026.07.19,5,0,NORMAL,초코맛2통+보틀,,,,0,792.0,1,0,jerrry제리,"가격대가 있어도 성분이 좋으니 먹을수밖에 없어요ㅎㅎ
초코맛도 진하고 맛있습니다!"
2026-07-23,B000000226441,62995380,2026.07.19,5,0,NORMAL,초코맛2통+보틀,,,,0,792.0,1,0,jerrry제리,"단쉐 특유의 비릿한맛없이 초코맛 제대로 찐한 단쉐에요!
너무 맛있게 관리할 수 있습니다:)"
2026-07-23,B000000226441,61979290,2026.06.27,5,0,NORMAL,[NEW] 밀크티맛2통+보틀,,,,4,756.0,1,0,손명진,"이거 진짜 맛있어요 우유에 타 먹으세요
물은 정말 별로였어요 홍차맛이 진하고 좋음"
2026-07-23,B000000226441,63144973,2026.07.22,5,0,NORMAL,[NEW] 밀크티맛 2통+보틀,A03,B04,,0,660.0,1,0,퓨퍄펴표,"밀크티 오나오 너무 맛있어요..
활용하기 너무 좋아요
달달한 편이라 연하게 먹기도 좋고
샷추가해서 먹어도 맛도리"
2026-07-23,B000000226441,61474123,2026.06.15,4,0,NORMAL,[NEW] 밀크티맛+녹차맛+보틀,A02,B06,C04,3,630.0,1,0,하동호지밀크티,"구매가: 43,400원(올영세일 오특)
단백질쉐이크 옛날부터 많이 먹었는데 올영 세일하길래 사봤어요. 

🍯 꿀팁
후기에서 밀크티+무가당 두유 맛있다고 해서 그렇게 먹어봤는데 정말 맛있어요.
저는 매일두유에 한스푼 반 넣었습니다.

👍 좋은 점
패키지가 세련됐어요.
맛없지 않아요. 무난합니다.

👎 별로인 점
물에 타먹으면 다른 단쉐에 비해 라이트해요 특유의 무게감있는 맛이 없어서 배가 차는 느낌이 안나요.
식이섬유도 타사거는 1회 섭취에 4g정도 있는 반면 프로티원 밀크티맛은 1g이라서 성분이 좋은지는 모르겠어요.
스푼이 불편해요.

🎵 총평
세일가면 살만합니다. 저는 밀크티가 녹차보다 맛있었어요.

😙‘도움이 돼요‘ 눌러주세요❕감사합니다."
2026-07-23,B000000226441,62753672,2026.07.13,5,0,NORMAL,[NEW] 밀크티맛2통+보틀,A03,B02,"C10,C11",0,594.0,1,1,호이쨔,밀크티맛 런칭때랑 할인할 때 사서 벌써 네통 째 입니다 아몬드브리즈 넣어서 마셔요
2026-07-23,B000000226441,62593605,2026.07.10,5,0,NORMAL,[NEW] 밀크티맛2통+보틀,,,,0,594.0,0,1,손명진,"올 영 세일 때 챙겨야 하는 진짜 맛있는 얼 밀티
추천 드려요 댕맛있음"
2026-07-23,B000000226441,61952061,2026.06.26,5,0,NORMAL,초코맛+커피맛+보틀,A06,B02,"C01,C12",0,540.0,1,0,토토로토마,"아침 출근길에 한통 준비해서 틈틈히 마셔요~
아침대용으로. 초코우유 커피우유처럼 먹으니
처음엔 맛이 영 그랬다가.. 적응되니..
맛도 요정조면 무난한거 같아요~~
내가 좋아하는 맛으로 단백질도 채울수 있어서
무조건 강추입니다!"
2026-07-23,B000000226441,63092045,2026.07.21,5,0,NORMAL,[NEW] 밀크티맛+초코맛+보틀,A06,B01,,0,528.0,1,0,에디1122,"초코 맛있어용
저지방우유에 먹으면 제티향나용
밀크티는 제 취향이 아니라서…
다 마시고 초코랑 다른 맛으로 재구매 할 예정이에요"
2026-07-23,B000000226441,62914896,2026.07.17,5,0,NORMAL,곡물맛2통+보틀,A01,,"C01,C02",0,528.0,1,0,기모찌,ㅜㅜ 우유랑 머그면 걍 개존마수ㅜㅜ 하지만 물이랑 먹으면 비려용
2026-07-23,B000000226441,60729613,2026.06.03,5,0,NORMAL,[NEW] 밀크티맛+딸기맛+보틀,A01,B06,"C01,C05",2,450.0,1,0,겨울쿨톤,"💗드디어 드래곤볼 완성💗

올영에도 밀크티맛 입점 되서 좋아요 -
입점 첫날에 특가로 냅다 구매했습니다 
그래서 드디어 드래곤볼 완성했오요😆💗
아니 이정도면 프로티원에서 상줘야 하는거 아니에요? ㅠㅜ

올영에 입점된 수 많은 프로틴쉐이크 다 먹어봤어요
맛으로는 다른 무언가가 이길수는 있다 쳐도
성분으로는 프로티원 이길 브랜드 없습니당

먹으면 얼굴 뒤집어 지는 사람들
프로티원 먹고 광명 찾으십쇼들

냉동딸기약맛 극혐하는 제가 이 딸기맛은 반신반의하면서 라방때 진짜 약맛 안나냐고 오백번 물어보고 샀는데, 벌써 한 통 다 먹고 2통째 쟁이고 있습니다.
저도 몰랐어요… 제가 딸기맛을 살줄이야😦 

바삭한 콜라겐볼 잘 씹혀서 좋아요
냉동약맛안나서 좋아요
앞으로 내 식단인생은 프로티원과 함께 . . 🤭👍💗"
2026-07-23,B000000226441,60354625,2026.05.30,5,0,NORMAL,[NEW] 밀크티맛+곡물맛+보틀,A02,B03,"C08,C11",0,450.0,1,0,울라불라불루짱,"얼그레이 밀크티맛 기다렷다가 선런칭되자마자 구매햇네요!
🧋🧋
우선 전 순탄수를 제일 중요하게보는데 밀크티맛 순탄수가 굉장히 낮더라구요~다른맛들에 비하 압도적으로 좋아서 안살수가 없엇습니다
프로티원은 맛자체가 기가막히다기보다는 성분도 좋고 무난해서 꼭 재구매하게되는것 같아요
잘 먹어볼게요 우선~"
2026-07-23,B000000226441,62679471,2026.07.12,5,0,NORMAL,곡물맛+녹차맛+보틀,,,,0,405.0,1,0,푸리름,와 너무 맛있어요오 단쉐의 특유맛도 전혀 않나구 특히나 제가 녹차맛 먹고 반해버려서 녹차맛으로 아주고냠 바로 통으로 시켰죠오 ㅎㅎ 그리고 곡물맛은 다들 호불호 없이 드실 수 있으실듯한 말그대로 맛있는 곡물 미숫가루맛이었어용 프로티원님 계속 판매해주세요오  홧팅!!😆🔥💗💗💗
2026-07-23,B000000226441,62714429,2026.07.12,5,0,NORMAL,초코맛+흑임자맛+보틀,,,,0,396.0,1,1,미소야알밥,진짜 너무 맛있습니다 다음날 언넝 또 먹고싶을 정도 입니다 할인행사할 때 많이 사놓길 잘한것 같습니다
2026-07-23,B000000226441,62714254,2026.07.12,5,0,NORMAL,곡물맛+커피맛+보틀,,,,0,396.0,1,0,미소야알밥,비린맛도 없고 맛있어서 너무 좋습니다 커피맛은 다른 맛이랑 섞어먹으니깐 더 좋네요ㅎㅎ
2026-07-23,B000000226441,62446296,2026.07.07,5,0,NORMAL,곡물맛+초코맛+보틀,A02,B03,"C01,C09",0,396.0,1,0,윈솜,"올영 오특으로 저렴하게 잘 샀어요!!!
보틀 증정까지 아주 굿이에요"
2026-07-23,B000000226441,62277859,2026.07.04,5,0,NORMAL,곡물맛+초코맛+보틀,A02,B01,"C01,C02",0,396.0,1,0,닝닝ea,최애 초코맛이랑 곡물맛도 후기가 좋아서 구입~보틀증정이라 좋아요
2026-07-23,B000000226441,62276413,2026.07.03,5,0,NORMAL,초코맛2통+보틀,A02,B01,"C01,C02",0,396.0,1,0,닝닝ea,프로티원 다 떨어졌는데 마침 라이브를 해서 바로 구입했어요. 초코맛 텁텁함도 없고 초코볼 씹히는데 맛있어요
2026-07-23,B000000226441,62103170,2026.06.30,5,0,NORMAL,[NEW]  밀크티맛+커피맛+보틀,A01,B02,"C01,C05",0,396.0,1,0,냉장고귀신,수령받기까지 오래걸렸지만 다른 단쉐보다 성분이 좋아서 만족해용
2026-07-23,B000000226441,62103100,2026.06.30,5,0,NORMAL,곡물맛2통+보틀,A01,B02,"C01,C05",0,396.0,1,0,냉장고귀신,출근할때 간편하게 먹을 수 있어서 조아요 보틀이랑 스푼까지~
2026-07-23,B000000226441,62098838,2026.06.30,5,0,NORMAL,[NEW] 밀크티맛+곡물맛+보틀,A03,B02,"C01,C02",0,396.0,1,0,Meity,"저번에 주문해서 다 먹어갈 때쯤 새로운 맛이 생겨서 또 주문했어요.
밀크티맛,... 우유에 타 먹으니 진짜 든든하고 맛있어요.
밀크티, 곡물맛, 초코맛 세가지에 정착해서 번갈아 구매 해 먹으려 합니다^^"
2026-07-23,B000000226441,62012005,2026.06.28,5,0,NORMAL,[NEW] 밀크티맛 2통+보틀,A03,B02,"C10,C11",0,396.0,1,0,호이쨔,올리브영 세일 마지막날애 재고 풀려서 밀크티맛 재구매했어요 물보다는 아브가 더 맛나여
2026-07-23,B000000226441,60643967,2026.06.02,5,0,NORMAL,초코맛+흑임자맛+보틀,A04,B01,"C08,C09",0,378.0,1,0,나쵸,"프로티원 맛있어요 패키치도 뭔가 귀여움 ㅎㅎ
처음에 숟가락이 잘 안들어가는게 불편하긴 하지만 맛있어요👍🏻"
2026-07-23,B000000226441,60352271,2026.05.30,5,0,NORMAL,[NEW] 밀크티맛+초코맛+보틀,A02,B04,"C07,C08",20,375.0,1,0,써보고적음내돈내산,"저 진짜 밀크티를 너무 좋아하는 인간임. 그중 얼그레이를 좋아하는데요. 카페인에 민감해서 요즘 못 먹었거든요..

맛: 맛있음. 프로틴 안 같음. 씹히는 거 들어있음. 근데 제기준 달아서 연하게 태워 먹어도 될듯함. 

전 아몬드유저당에 태워먹었어요. 

🌀더 먹어보고 후기 남길게요. 
먹은 날,
- 아침에 먹고 아침에 물똥을 싸긴 했는데 얘때문인진 모르겠고
- 먹은 날 잠을 못잤는데 혹시 얘 카페인 때문인가 싶기도 하고요. 상세페이지에는 초코와 녹차에 들어가있다고 하는데, 얘는 기록 안 되어 있더라고요. 근데 홍차가 카페인이 원래 있어서 얼만큼인지 알고 싶습니다 ㅠ (카페인 먹으면 전 밤샘)

----더 먹어본 후기
@ 물에 타 먹으면 넘 맛없어요... 무조건 아몬드유. 물에 타먹으면 그냥 가루약 녹인 느낌. 근데 가루가 잘 안 녹아서 물이랑 부드럽게 융화되지 않는 느낌. 


⬇️⬇️⬇️
정말 진실되게 쓴 내돈내산 찐 후기입니다. 제 리뷰가 도움이 되셨다면 좋아요 부탁드립니다^~^"
2026-07-23,B000000226441,60290012,2026.05.28,5,0,NORMAL,[NEW] 밀크티맛+흑임자맛+보틀,,,,0,375.0,1,0,마들렌K,"세상에~밀크티 맛 프로틴이라니~~!!
기대기대를 갖고 주문했는데요.
넘 맛있네요. 프로틴 특유의 냄새도 안사고 먹기 편하고 좋아요
프로틴 매일 드시는분들~~매번 딸기맛, 초코맛만 드셨던분들도 도전해보세요!  
맛있어서 하루에 두세번도 먹고싶은 맛이에요~"
2026-07-23,B000000226441,61863154,2026.06.24,5,0,NORMAL,초코맛2통+보틀,A01,B04,"C01,C05",0,330.0,1,0,호피무늬폴라티,제가 가장 좋아하는 단쉐라서 쟁여두고 먹으려고 샀어요 올영세일 마지막 날 오특이라 싸게 삼 ㅋㅅㅋ
2026-07-23,A000000158991,62462557,2026.07.07,4,0,NORMAL,발레리나 팝 기획 (+브러쉬+거울키링),A03,B04,"C01,C02",19,5580.0,0,0,째온,"역시 크리니크,,, 생각보다 아주 쿨한 느낌은 아니에용
연하기도 해서 웜쿨 별로 안탈 베이스 느낌
근데 브러쉬 기획???????주는 브러쉬로 발색이 안되는데 도대체 이게 무슨 기획?????????이라는 생각듦
원래 베이크드 타입 블러셔가 브러쉬로 발색이 어렵긴 하지만 그래도 기획으로 껴줄거면 같이 쓸 수 있게 줘야하는게 아님??"
2026-07-23,A000000158991,62933938,2026.07.17,5,0,NORMAL,팬지 팝 기획 (립스틱+퍼프 증정),A02,B03,"C01,C02",2,2952.0,1,0,오올챙,"맑고 뽀얀 라벤더 퍼플입니다. 보랏빛이 강해 보여 엄해 보일 수 있겠다 싶었는데, 얹으면 피부의 노란 기를 중화시키며 투명하고 맑은 핑크빛 라벤더로 발색되어 안색을 단숨에 깨끗하게 밝혀주는것 같아요."
2026-07-23,A000000158991,62934314,2026.07.17,5,0,NORMAL,소르베 팝 기획 (립스틱+퍼프 증정),A02,B03,"C01,C02",1,2232.0,1,0,오올챙,"셔벗처럼 맑고 뽀얀 소프트 애프리콧 소프트 오렌지컬러에요. 그냥 컬러를 보면 노란 귤색 같지만, 볼에 얹으면 투명한 살구빛과 밀크 피치 느낌으로 올라와 청량함을 주는것 같아요."
2026-07-23,A000000158991,62314126,2026.07.04,4,0,NORMAL,블러쉬 팝 기획 (+브러쉬+거울키링),A02,B04,"C08,C12",6,1980.0,1,0,휴족,"여름 쿨톤 라이트 21호 (중명도,중채도,탁기X,흰기 적당) 인 분들 블러쉬팝 구매 전에 필독하세요! 

✅ 매장가서 실제발색하고 구매했어요. 
블러쉬팝, 핑크허니팝, 누드팝 이렇게 3가지 색상 발색해보았는데요. 3가지 색상 다 얼굴에 발색한 색상과 팔에 발색한 색상이 많이 다르더라고요. 

✅ 우선 세가지 색상 다 핑크+베이지 기반 색상들인데 제 얼굴에서는 베이지빛이 강하게 올라왔어요. 그리고 얼굴에서는 다 비슷한 느낌으로 올라와서 생각보다 별 차이를 모르겠더라고요... 

🌸 핑크허니팝은 너무 웜하고 엄하고 농도도 짙어서 도저히 밝은 피부톤의 여쿨이 바를 수 있는 컬러는 아닌 것 같습니다. 블러쉬팝에서 더 농도 짙고 베이지 발색 강하고 어두운 버전이였어요. 

🌸 누드팝은 볼 위에 올렸을 때 블러쉬팝과 정말 비슷해서 차이를 잘 모르겠었는데, 블팝보다 조금 더 웜한 느낌이였어요. 핑크 vs 베이지 비율에서 블팝보다는 베이지 비율이 좀 더 커요.

🌸 블러쉬팝은 베이지보다 핑크 비율이 좀 더 있어요. 누드팝과는 아주 미세한 차이로 제 얼굴의 혈색을 좀 더 잘 살려주는 게 가장 예뻐서 3가지 블러셔 중 블팝을 선택하게 되었습니다. 

⚠️ 핑크기가 강한 것 같다가도 베이지 기운이 강한 것 같기도 하고.. 불빛에 따라 달라지는 것 같아요. 하지만 그런 오묘함이 정말 예쁜 블러셔 색깔입니다. 여쿨라이트가 바르기에는 확실히 웜해요! 뉴트럴 핑크느낌이 아니라 굉장히 따뜻한 핑크코랄베이지 느낌으로 올라옵니다. 

🍂 쿨톤이 분위기 있고 싶은 날 혹은 가을에 잘 쓸 컬러예요. 사계절 내내 데일리로 잘 쓸 수 있을 것 같아요. 발레리나팝 처럼 시원+화사 핑크느낌은 전혀 아니에요. 자연스럽게 혈색을 살려주고 고급미 한 스푼 넣은 느낌! 

✅ 저는 베이지 블러셔 다 뱉어내는 피부톤이라 블러쉬팝 같은 핑크베이지 블러셔 정도가 마지노선 인 것 같아요! 격식있는 자리나 다가올 가을에 잘 써보려고요 ^^! 

🎀 그리고 같이 온 거울키링과 브러쉬! 키링은 차분하고 따뜻한 핑크색인데 너무 예뻐요. 거울도 왜곡없이 좋습니다. 가방에 달고다니면서 수정화장하기 좋을 것 같아요! 다만 거울 기스는 없는데 글씨있는 부분에 기스가 너무 많이 나 있어요... 

💗 브러쉬는 굉장히 뻣뻣하고 튼튼해요. 디자인도 너무 예쁘고 블러셔 발색은 잘 돼요. 그러나 농도 조절이나 볼에 세밀하게 바르기에는 좀 불편해서 저는 필리밀리 퍼프 써서 바르는 것이 좋더라고요. 

💔 포장된 상자도 살짝 꾸깃해있고 확실히 물건 보관을 좀 험하게 하나? 하는 생각이 들긴 했어요. 다행히 안에 상품들은 무사했지만요. 그래서 별 하나 뺍니다.

📷 손목 발색은 헤더팝 블러쉬팝 발레리나팝 순입니다. 참고하세요~^^"
2026-07-23,A000000158991,62633618,2026.07.11,5,0,NORMAL,발레리나 팝 기획 (립스틱+퍼프 증정),A04,B01,"C08,C09",1,1674.0,1,0,나쵸,"발레리나팝 잘 쓰고 있는데 구성이 좋아서 쟁여뒀어요:)
뽀용핑크! 물들듯이 발색 잘 되서 좋아요
크리니크 치크팝은 드래곤볼하는 맛이 있죠👍🏻"
2026-07-23,A000000158991,62934242,2026.07.17,5,0,NORMAL,발레리나 팝 기획 (립스틱+퍼프 증정),A02,B03,"C01,C02",0,1512.0,1,0,오올챙,흰 기가 많이 섞인 연한 핑크 베이스에 라벤더 빛이 미세하게 한 방울 섞여 있어요. 피부를 투명하고 뽀얗게 만들어줍니다. 수채화 처럼 올라가서 농도 조절하기 좋아요.
2026-07-23,A000000158991,62934161,2026.07.17,5,0,NORMAL,멜론 팝 기획 (립스틱+퍼프 증정),A02,B03,"C01,C02",0,1512.0,1,0,오올챙,멜론 속살과 싱그러운 피치 코랄이 절묘하게 섞인 맑은 코랄 핑크&#039;컬러에요. 형광 기가 아주 살짝 감돌아 바르는 순간 볼에 조명을 켠 듯 상큼하고 발랄한 분위기를 만들어주는것 같아요.
2026-07-23,A000000158991,62933980,2026.07.17,5,0,NORMAL,누드 팝 기획 (립스틱+퍼프 증정),A02,B03,"C01,C02",0,1512.0,1,0,오올챙,"은은한 펄감이 감도는 맑고 차분한 샴페인 누드 베이지컬러에요. 텁텁하거나 어두운 브라운 베이지가 아니라, 맑은 살구빛과 핑크빛이 절묘하게 섞인 누드 톤이라 지적인 분위기를 만들어줘요."
2026-07-23,A000000158991,62951616,2026.07.18,4,0,NORMAL,블러쉬 팝 기획 (+퍼프 2매),,,,1,1260.0,1,0,김냥뇨이,오 비싼값함 클린걸이나 청순메이크업에 좋음 나같이 뽝뽝화장하는사람한텐 턱없이 부족할수도 난그냥이게 펄감이잇어서 좀얹어줌
2026-07-23,A000000158991,63176416,2026.07.23,5,0,NORMAL,누드 팝 기획 (+브러쉬+거울키링),A02,B03,"C06,C09",0,1080.0,1,0,따봉고양이상,"누드팝 누드팝 하는 데에는 다 이유가 있다
근본이 넘치신다
물든 듯한 수채화 표현에는 1황이심

컬러는 굽굽메이크업에도 격식있는 메이크업에도 두루 어울릴 채도낮은 진저베이지

분명 옛날에 다른 컬러 샀을 때는 발색 잘 안되는 느낌이었는데 오랜만에 써보니 발색 잘되네
펄감이 다른 컬러에 비해 많은데 원래 그런건지 내 누드팝만 그런건지는 모르겠음

같이 주는 증정 브러쉬도 좀 따갑긴 한데 궁합이 좋아서 잘 쓸 듯
브러쉬 자체의 무게감도 좀 있고 모도 고르게 컷팅되어 있어서 대충 만든 퀄리티 아님

근데 거울키링이라는 개밤티나는 쓰레기는 바로 종량제쓰레기봉투행이니까 담부터는 그냥 안 주셔도 됩니다^^"
2026-07-23,A000000158991,62346222,2026.07.05,5,1,OFFLINE,블러쉬 팝 기획 (+브러쉬+거울키링),A03,B04,"C09,C11",3,1050.0,1,0,dotoribunny,특유의 촤르르 펄감이 너무 예쁘고 개인적으로 너무 세게 블러셔하는 걸 좋아하지 않아서 가볍게 쌓이는 게 아주 마음에 듭니다! 브러쉬도 주는 기획에 올영픽 할인도 많이해서 좋았어요 🤍 1. 자연광 2. 형광등 발색인데 봄웜이 추구미인 여쿨까지도 쓸 수 있어 보여용 @.@
2026-07-23,A000000158991,63154740,2026.07.22,5,1,OFFLINE,발레리나 팝 기획 (+브러쉬+거울키링),,,,0,900.0,1,0,도이노피자,"1번 크리니크 발레리나팝
2번 네이밍 헤일로
3번 롬앤 스트로베리어쩌구 순서입니다
첫번째 사진이 실외에서 사진이고
두번째 사진이 실내에서 사진입니다 
발레리나팝이 확실히 펄이 있어서 실제로보면 눈에 띄게 예뻐요 실물 구경 갔다가 겟-또 햇읍니다 참고하세용!"
2026-07-23,A000000158991,63143128,2026.07.22,4,0,NORMAL,19 블러쉬 팝(단품),A03,B04,"C11,C13",0,900.0,1,0,기발한토끼,"구매한 지 한 달 정도 됐는데 사용할수록
만족도가 더 높아지는 블러셔예요.

가루날림이 거의 없고 발색도 자연스러워서
양 조절하기 쉽습니다. 여름뮤트인 저에게도 부담 없이
잘 어울리는 핑크 컬러라 손이 정말 자주 가더라고요.
오래 사용할수록 더 만족스러운 블러셔라 추천해요!"
2026-07-23,A000000158991,62877917,2026.07.16,5,0,NORMAL,블러쉬 팝 기획 (+퍼프 2매),A01,B04,,0,900.0,1,0,래기둥이,"가격대가 조금 있는 편이지만, 직접 써보면 돈값을 톡톡히 한다고 느껴지는 블러셔예요.
​가루 날림이나 텁텁함 없이 피부 톤 위에 맑고 투명하게 스며드는 수채화 발색이 정말 일품입니다. 특유의 맑은 색감이 피부 결을 예쁘게 살려주면서 은은한 생기를 더해줘서, 고급스러운 치크 메이크업을 원하시는 분들께 추천."
2026-07-23,A000000158991,62788923,2026.07.14,5,0,NORMAL,팬지 팝 기획 (립스틱+퍼프 증정),A03,B06,"C01,C02",0,900.0,1,0,쟝아,왜 유명한 블러셔인지 사용해보니 바로 알겠더라고요 발색이 맑고 자연스러워서 한 번만 발라도 생기 있어 보이고 여러 번 덧발라도 뭉치지 않아 초보자도 사용하기 편했습니다 가루날림이 거의 없고 피부에 부드럽게 밀착돼 지속력도 만족스러웠어요 색감이 은은해서 데일리 메이크업은 물론 특별한 날에도 활용하기 좋고 패키지도 예뻐서 사용할 때마다 기분이 좋아집니다 오래 사용할 수 있을 것 같아 만족도가 정말 높은 제품이에요
2026-07-23,A000000158991,62374670,2026.07.05,5,0,NORMAL,08 멜론 팝(단품),A02,,,1,900.0,1,0,두근대는두더지,"모랄까,, 발랐을때의 만족감이 너무 좋았는지 약간 아껴바르게 되는거 뭔지 아시나요...,
살짝 제기준 바르기 어렵다고 판단한 색이었는데 저번에 바르고 너무 예뻐서 도리어 특별한 날만 바르게 되는 그런색입니다.. 닳지도 않아서 오래쓸거같은데도 말이죠
진짜 상큼과즙미 넘쳐지는 색이에요 넘예!!"
2026-07-23,A000000158991,62314887,2026.07.04,5,0,NORMAL,14 헤더 팝(단품),A02,B04,"C08,C12",1,900.0,1,0,휴족,"여름 쿨톤 라이트 21호(중명도, 중채도, 탁기 X)입니다.

✅ 쿨톤이라면 아묻따 사세요! 시원한 생장미 컬러라 도화살 메이크업에 정말 딱입니다.

🌹맑은 레드립과 함께 바르니 마치 인간 장미가 된 것처럼 분위기 있으면서도 생기가 확 살아나더라고요. 레드립에 어울리는 블러셔를 항상 찾기 어려웠는데, 드디어 딱 맞는 제품을 찾았습니다. 이런 숨은 요물템이 있었다니요!

🌹후기를 보면 &#039;불타는 고구마가 된다&#039;는 이야기도 있는데, 농도 조절만 잘하면 전혀 부담스럽지 않습니다. 볼 바깥쪽을 따라 사선으로 은은하게 올리니 훨씬 자연스럽고 예뻤어요. 다만 발색이 좋은 편이라 초보자분들은 양 조절이 조금 어려울 수도 있을 것 같습니다.

🌹이런 색감의 블러셔는 헤더팝이 거의 유일무이한 것 같아요. 붉은 장미꽃잎에 핑크를 몇 방울 떨어뜨린 듯한 컬러라 쿨톤이라면 꼭 한 번 사용해 보셨으면 합니다. 다만 볼에 붉은기가 도는 것을 선호하지 않거나, 홍조를 커버하고 싶은 분들은 다른 컬러를 선택하시는 것을 추천드립니다. 

📷 사진 속 손목발색은 헤더팝-블러쉬팝-발레리나팝 순입니다. 참고하세요^^"
2026-07-23,A000000158991,62987717,2026.07.19,5,0,NORMAL,발레리나 팝 기획 (+브러쉬+거울키링),A04,B02,"C03,C06",0,792.0,1,0,진짜좋으면리뷰쓰러옴,"매우 뾰용.... 나 이걸 왜 이제 알았나 싶을만큼 색감이 예술
근데 굽기가 정도가 제법 하드해서 발색이 좀 약해요 그래서 여러번 덧발라야 함 대신 가루 날림이 없어요"
2026-07-23,A000000158991,62929802,2026.07.17,5,0,NORMAL,누드 팝 기획 (립스틱+퍼프 증정),A03,B03,"C01,C05",0,792.0,1,0,말랑솔솔,누드팝 항상 구매하고싶었는데 기획일때 구매했어요ㅎㅎ 많이 더워보이지 않아서 여름에도 잘 사용하고있어요 이뿝니다
2026-07-23,A000000158991,62547663,2026.07.09,5,0,NORMAL,블러쉬 팝 기획 (+브러쉬+거울키링),,,,2,756.0,1,0,코코사랑이,"워낙유명한 제품이라 늘 살까말까고민했었는데
진작살걸그랬네요
은은한광에 발색도잘되구요
까무잡잡한피부에 좋네요"
2026-07-23,A000000158991,62447350,2026.07.07,5,0,NORMAL,08 멜론 팝(단품),A01,B06,"C05,C06",0,756.0,1,0,앙똥갱,늘 느끼지만 크리니크는 증정품의 퀄이 진짜좋은 것 같아요.제품력은 말 할것 없고요
2026-07-23,A000000158991,62174745,2026.07.01,5,0,NORMAL,팬지 팝 기획 (립스틱+퍼프 증정),A01,B01,"C05,C07",0,756.0,1,0,ah31046,"가격은 비싸지만 질감이 좋아요 
팬지 컬러이고 겨울쿨톤이 쓰기 좋아요
퍼프로도 발색이 잘 올라와요"
2026-07-23,A000000158991,61916063,2026.06.25,5,0,NORMAL,발레리나 팝 기획 (립스틱+퍼프 증정),A03,B02,"C01,C02",1,756.0,1,0,로시엘,"아니 발레리나팝을 세일가격으로 판매하는데 립스틱까지 증정해준다고?
당장 구매갈겨! 하고 구매했습니다.
발레리나팝만해도 소장용, 관상용, 실 사용용으로 가지고 있는데 쟁임용으로 하나 더 들였네요."
2026-07-23,A000000158991,63182119,2026.07.23,5,0,NORMAL,발레리나 팝 기획 (립스틱+퍼프 증정),A03,B06,"C01,C02",0,660.0,1,0,V은하수V,색 예뻐요~ 쿨톤분들 강추! 사실 같이 있던 립스틱을 더 잘 사용하는건 안비밀 ㅎㅎㅎ
2026-07-23,A000000158991,63131966,2026.07.22,5,0,NORMAL,발레리나 팝 기획 (+브러쉬+거울키링),A03,B03,C13,0,660.0,1,0,yxria,사진은 실제와 비슷하게 색감 보정했어요 진짜 비싸긴한데 사전쿠폰에 배송비쿠폰 써서 만원대에 샀어요! 비싼값을 해요 색감 진짜 예쁘고 펄조금 들어있는것도 속광같이 표현되어서 좋아요
2026-07-23,A000000158991,60652240,2026.06.02,5,0,NORMAL,21 발레리나 팝(단품),A05,B01,"C01,C02",12,630.0,0,0,자두러버,"평소 블러셔는 너무 진하게 올라오면 얼굴이 과해 보일까 봐 은은한 컬러 위주로 사용하는 편인데, 이 제품은 전체적으로 자연스럽게 혈색만 올려주는 느낌이라 데일리로 쓰기 정말 괜찮았어요. 한 번만 발라도 과하게 발그레해지지 않고, 피부 안쪽에서 은근하게 올라오는 듯한 발색이라 부담이 덜하더라고요

컬러 자체는 차분한 핑크 톤인데, 쿨하게 떠 보이는 느낌보다는 얼굴에 자연스럽게 녹아드는 핑크라서 분위기가 훨씬 부드러워 보여요. 특히 쌩얼 메이크업이나 가벼운 베이스 위에 올려도 어색하지 않고, 오히려 피부 좋아 보이는 느낌이 나서 손이 자주 가게 되더라고요

발색은 생각보다 조절이 쉬운 편이었어요. 브러시에 한 번만 묻혀서 올리면 은은하게 올라오고, 두세 번 레이어링하면 조금 더 또렷하게 표현되는 정도라 상황에 맞게 조절하기 편했어요. 특히 양 조절이 쉬워서 블러셔 초보자도 크게 실패할 일은 없겠다는 느낌이었어요

가루 질감도 부드러운 편이라 뭉침 없이 고르게 올라오는 점이 좋았어요. 피부에 얹었을 때 들뜨는 느낌이 없고, 여러 번 덧발라도 텁텁하게 쌓이지 않아서 자연스럽게 레이어링되는 타입이었어요. 그래서 수정 메이크업할 때도 부담 없이 덧바르기 좋았어요

특히 좋았던 건 메이크업 전체 분위기를 부드럽게 만들어준다는 점이에요. 다른 색조랑 섞였을 때도 튀지 않고 자연스럽게 어우러져서, 전체적으로 얼굴이 정돈된 느낌이 나더라고요. 과하게 꾸민 느낌보다 은은하게 생기 있어 보이는 스타일이라 데일리용으로 잘 맞았어요

그리고 지속력도 은근 괜찮았어요. 시간이 지나면서 완전히 사라지는 느낌이 아니라 자연스럽게 톤만 살짝 빠지는 정도라 오후까지도 크게 수정이 필요하진 않았어요. 특히 마스크 쓰는 날에도 생각보다 색이 잘 남아 있어서 만족스러웠어요

✨ 꿀팁으로는 브러시에 묻힌 뒤 손등에서 한 번 털어준 다음 아주 얇게 여러 번 쌓아주면 훨씬 자연스럽고 피부 안쪽에서 올라오는 듯한 혈색 표현이 가능해요! 그리고 웃을 때 가장 튀어나오는 광대 부분보다는 살짝 안쪽에서 바깥으로 퍼지듯 발라주면 얼굴이 더 작고 부드럽게 보이는 느낌이 있었어요"
2026-07-23,A000000158991,60360093,2026.05.30,3,0,NORMAL,소르베 팝 기획 (립스틱+퍼프 증정),A03,B03,"C01,C02",10,630.0,1,1,화장품은성분이답이다,"크리니크 치크팝
미세한 펄이 들어있는데
바르면 크게 티는 안납니다

모공부곽은 있어요
국내 브랜드 치크가 오히려 모공 부곽없는 제품들이 많고요.


증정퍼프가 쓸만했는데.
오늘 어플 보니 이 증정퍼프 증정구성이 올라와 있네요

살까말까. 고민되는 분은.
매장에서 꼭 발라보세요

예전에 국내 브랜드 화장품을 없을시기에는
크리니크 치크팝이 독보적이였으나 
지금은 글쌔요
모공 있는 분은 패스 하시길요"
2026-07-23,A000000158991,62833034,2026.07.15,5,0,NORMAL,멜론 팝 기획 (+브러쉬+거울키링),A03,B01,"C09,C10",0,594.0,1,0,최열정,발레리나팝으로 시작해 하나둘 모으다 멜론팝까지! 크리니크 치크팝은 정말 블러셔 기본템 같아요. 기획으로 함께 들어있던 브러쉬는 쏘쏘...치크팝은 웨지퍼프 이용해서 긁어주듯 묻혀서 발라주고 있습니다.
2026-07-23,A000000158991,62774129,2026.07.14,5,0,NORMAL,발레리나 팝 기획 (+브러쉬+거울키링),A02,B04,"C02,C11",0,594.0,1,0,나곰,"컬러가 진짜....미세한 펄감이 예뻐요
여쿨라면 무조건 소장!
예쁜 연핑크에 미세펄이 너무 이쁘게 있어요

증정브러쉬는 빽빽하고 탄탄한 느낌이라 제형을 잘 긁어줘요
(저는 파우더 퍼프로 바르는걸 가장 선호해요 발색이 진짜 굳)"
2026-07-23,A000000158991,62772934,2026.07.14,5,0,NORMAL,팬지 팝 기획 (+퍼프 2매),A06,B06,"C01,C03",0,594.0,1,0,낭낭낭낭낭,위시템이었는데 세일해서 바로 사봤어요 겨울쿨톤이라면 무조건 쟁여놔야하는 컬러예요
2026-07-23,A000000258445,63052958,2026.07.20,5,0,NORMAL, ,,,,0,88.0,1,0,haro****,예전에 피부가 뒤집어졋을때 구매하곤 더 예민해지는거같아 사용을 안햇어요. 피부가 좀 진정되어 생각나 사용햇는데 피부결이 부드러워지고 좀 건강해지는 느낌을 받아서 20ml구매하고 추가로 더 구매햇어요 대용량이라 좋아요
2026-07-23,A000000258445,63121612,2026.07.21,5,0,NORMAL, ,A06,B02,"C02,C04",0,72.0,0,0,hellospring,55미리 대용량도 올영에 입점했길래 바로 구매했어요. 항상 쟁여두고 사용중인데 확실히 피부 장벽이 건강해지는 느낌? 항상 기본으로 사용하는 제품이예요
2026-07-23,A000000258445,62835431,2026.07.15,5,0,NORMAL, ,,,,0,66.0,1,0,lhw71****,진짜 이거 없으면 안돼여 민감성 피부에 딱이고 예민함이 줄어들엇음
2026-07-23,A000000258445,63095202,2026.07.21,5,1,OFFLINE, ,A02,B04,C05,0,48.0,0,0,행복이만땅,확실히 비싸긴하지만 쓰니까 좁쌀? 같은 여드름이 좀 사라지는 것 ㅅ같아요
2026-07-23,A000000258445,63016137,2026.07.19,5,0,NORMAL, ,A03,B01,"C01,C05",0,48.0,0,0,김샬라무스,20미리짜리 쫄래쫄래 쓰다가 대용량 나왔다길래 바로 구매 갈겼어용
2026-07-23,A000000258445,62539606,2026.07.09,5,1,OFFLINE, ,,,,0,36.0,0,0,잘살아잘살아,사실 아직도 이거 들어있는 병이 왜 이렇게 생겼는지는 모르겠는데;; 효소나 이런 성분 잘 맞으시면 추천합니다!! 피부 확실히 컨디션이 좀 올라온 느낌이에요
2026-07-23,A000000258445,31164967,2024.08.17,5,0,NORMAL, ,A05,B03,"C03,C09",16,31.5,1,0,공돌군,"발효성분이 들어있는 제품 중에서는 거의 탑급이지 않을까 싶습니다
이렇게 고함량의 발효성분이 들어있는 경우는 이 제품을 제외하면 보지 못했어요
피곤할 때나 장벽이 약간 약해졌을 때 이 제품을 바르면 빠르게 효과가 나타나는 경우가 많았어요
전성분도 4개라서 정말 심플한 구성이라서 자극도 거의 없는 편입니다
물처럼 흐르는 제형이라서 4계절 어느때나 사용하기 좋은 것 같아요
요구르트 향이 난다는 단점을 제외하면 거의 완벽에 가까운 제품인것 같아요
[제형]
 완전 물같은 제형입니다
 완전 투명하고 유분감도 거의 느껴지지 않습니다
 발효 에센스를 여러가지 써봤는데 그 중에서도 가장 가벼운 제형이에요 
 오히려 토너보다 가벼워서 토너 전에 바르는게 제일 좋았습니다
[향]
 정말 코를 박고 맡으면 요구르트 향이 납니다 ㅎ
 맛있는 향인데 이걸 바를 때는 따로 나지 않아서 신기했어요
[발림성]
 거의 물에 가깝고 흡수가 굉장히 빨라요
 손에 덜어서 얼굴에 찍어 바르면 그 사이에 한 반은 흡수되어 있어요
 어플리케이터를 이용해서 얼굴에 바로 한방울씩 도포하고 가볍게 문질러 발라야 낭비 없이 바를 수 있습니다
[장점]
 1. 성분개수가 굉장히 적어 발효성분이 안맞는 사람만 아니면 탈이 날 확률이 적습니다
 2. 비피다와 락토바실러스가 같이 들어 있어고 굉장히 고함량이라서 결개선 / 장벽 개선에 효과적이다
 3. 소용량으로 발효 균이 죽기 전에 모두 사용이 가능하다
[단점]
 유일한 단점으로 가성비. 20ml에 3만원대는 좀 부담이 됩니다"
2026-07-23,A000000258445,62792395,2026.07.14,5,0,NORMAL, ,,,,0,27.0,0,0,떠누이모,맨날 쓰는 제품이라 한달에 한번씩은 사는데 대용량으로 나와서 너무 좋아요 그리고 지금 행사중이라 저렴하게 구매했어요
2026-07-23,A000000258445,31961623,2024.09.08,3,0,NORMAL, ,A04,B04,"C01,C02",8,22.5,1,1,올리브뵤,"그동안 썼던 진정제품들이 다 맘에드는게 없었어서
되게 기대하면서 쓰고있긴한데 아직도 반신반의하는 중

완전 그냥 생수 물제형인데 요거트의 시콤한 향이 살짝 나요
첨엔 토너 대신 부위별로 2~3방울씩 쓰는데 보습이 1도안되니까 막 5~6방울 남발해도 너무 건조했고, 그렇게 막쓰다보니 엄청 금방 줄었어요.
안그래도 적은양인데 뭐여 하고 문의해보니
그냥 내가 쓰던 기초 그대로 쓰고 맨 첫단계에서 원액을 적당량 흡수시키면 되는거였네유..ㅎㅎ
저처럼 너무 많이쓰지마세요 약간 과유불급느낌.

일단 압출받았을때 써봤는데 다음날 좀 빨리 가라앉는것같은 느낌이였어서 좀더 써보려고요





한가지 패키지의 아쉬운점은
첨에 되게 프레시하게 쓸수있게 렌즈통따는것처럼 따서 쓰는건데
저 흰색 뚜껑이 돌려도돌려도 무한 돌아감..보미뚜껑마냥
어디 여행다닐때 들고가면 샐까봐 불안해서 봉지에 꽉 싸매고가요"
2026-07-23,A000000258445,28745744,2024.06.04,5,0,NORMAL, ,A03,B05,"C03,C04",3,22.5,1,0,화장품좋아하는변태,"올영 라이브때 완전 쟁여놨어요
완전 물같은 제형인데 쏙 흡수되요
그리고 속보습이 채워져요

다만 냄새가 진짜 ㅋㅋㅋ
냄새가 별로에요

그래도 제품이 워낙 좋아서
매일매일 사용하고 있는데
피부 컨디션 확실히 좋아졋습니다

완전 물같아서 금방 쓸거같았는데
생각보다 오래 쓰게되네요!"
2026-07-23,A000000258445,28340007,2024.05.22,5,0,NORMAL, ,A01,B05,"C01,C05",9,22.5,1,0,찐수부지,"✨찐수부지의 솔직리뷰✨
✔️퍼셀 20억/mL 픽셸바이옴 원액 20ml✔️

유산균 원액으로 장벽강화를 해주는 아이템이라고해서 구매해봤습니다!

&lt;패키지&gt;
원액은 보호캡으로 실링되어 있어서 처음에 제거해주고 어플리케이터로 결합해주어야 사용가능합니다!

&lt;향&gt;
사용하자마자 특유의 향이 났는데 프로바이오틱스 향이라고 하네요! 전 그냥 그랬어요ㅎㅎ

&lt;제형&gt;
아예 물같이 정말 묽고 흐르는 제형입니다!

&lt;사용방법&gt;
저는 피부에 입구를 대고 어플리케이터를 눌러준 뒤 곧바로 톡톡 두들겨주었어요!

&lt;사용후느낌&gt;
처음엔 약간 끈적이나 싶었는데 금방 산뜻한 마무리감이 느껴졌어요~전체적으로 피부가 진정되고 쫀쫀해진 느낌입니다!! 꾸준히 사용해보면 더 드라마틱한 효과를 느낄 수 있지 않을까 싶어요ㅎㅎ 그리고 사진으로 비교해보니 뭔가 붉은기가 가라앉은느낌이예요

★장점★
✔️즉각적으로 피부가 탄탄해진 느낌이 듬

★단점★
✔️프로바이오틱스 특유의 향이 호불호갈릴 수 있음

▼이런 분들께 추천드려요!▼
✔️피부장벽이 약해졌다고 느끼시는 분들

♥도움이 되셨다면 &#039;도움이 돼요&#039;를 눌러주세요
더 유용한후기를 위해 힘쓰겠습니다!"
2026-07-23,A000000258445,28297031,2024.05.20,5,0,NORMAL, ,,,,6,22.5,1,0,Vialactea,"ㅁ20ml 25800원 구매 

ㅁ약간 특이한 발림성이라고 해야 하나,, 바르자마자 흡수되서 피부가 뽀송뽀송해져요. 거의 알코올 수준으로 빨리 사라지는데 알코올처럼 바르면 피부가 건조해지는 게 아니라 뽀송뽀송해지는게 특이해요. 

ㅁ완전 물 제형이라서 주르륵 흘러내려요. 볼이 있는 롤러타입으로 쓰면 더 사용하기 편할 것같은데,,  물제형이고 흡수가 진짜 빨라서 여러 번 덧발르면서 막 사용하게 되네요. 

ㅁ향은 진짜 코박고 냄새를 맡으면 약간 미묘한 냄새가 나는데 무향이라고 해도 무방할 정도입니다. 

ㅁ턱쪽에 뾰루지 생겼었는데 평소보다 빨리 사라지는 중이에요. 아직 몇 번 안써봤지만 피부장벽 튼튼하게 해주는 건 맞는것같아요."
2026-07-23,A000000258445,28139206,2024.05.13,5,0,NORMAL, ,,,,8,22.5,1,0,솔직담백하게리뷰남김,"한달 후기! 전 이거 잘 썼어요!솔직히 쓰다가 좀 자극있어서 양 조절해ㅓ 조금씩 발랐는데 피부 매끈함이 아주 효과가 좋더라구요. 양만 잘 조절하면 저같은 예민 피부 분들도 쓰기 좋을 것 같습니다.
매일 써주기 보단 가끔 띄어넘어 써주면 효과가 더 잘 느껴지는 것 같아요."
2026-07-23,A000000258445,28081113,2024.05.11,5,0,NORMAL, ,A03,B02,"C01,C05",6,22.5,1,0,치키차카초초,"가격만 아니면 여기저기 계속 섞어 발라 주고 싶어요
가격이 사악한 만큼 효과는 정말 좋은 제품입니다
예전에 샘플을 받아 볼 기회가 있어서 사용해 보고 정말 좋아서 깜짝놀랐었는데 구매를 미루고 미루다가 이번에 드디어 사용해 보네요
저는 세안 후 첫 단계 사용해 주는데 사용 할 때와 안 할 때 차이가 커서 자꾸 손이 갑니다
피부 자체를 건강하게 만들어줘서 피부 장벽을 세워 줘요
상황이나 계절 그리고 제품을 타지 않는 만능키에요
피부에 투자 한다고 생각하고 꾸준히 사용해 주려구요
세일 자주 해 주세요ㅎㅎ"
2026-07-23,A000000258445,28081030,2024.05.11,5,0,NORMAL, ,A03,B02,"C03,C10",6,22.5,1,0,이것저것보장하라,"진짜 진짜 좋아요
강추에요
세안 후 가장 첫 단계 사용해 주고 있는데 피부 장벽이 튼튼해진 느낌입니다
이런 저런 설명보다 피부가 건강해지는 게 체감 되니 더 믿음직스러워요
어떤 제품들과도 호환에서 사용할 수 있다는 점도 마음에 듭니다
계절이나 상황을 타지 않을 제품이에요
꾸준히 사용해서 꿀피부 겟 하겠습니다ㅎㅎ"
2026-07-23,A000000258445,28080892,2024.05.11,5,0,NORMAL, ,A03,B01,"C09,C10",5,22.5,1,0,고주부,"최근 구매해서 사용한 제품 중에 가장 마음에 듭니다
피부 자체를 건강하게 만들어 주는 느낌이에요
본품도 본품이지만 증정품으로 주시는 작고 귀여운 샘플이 줄어드는 게 너무 아깝습니다
가격이 가장 큰 방해물이에요ㅠㅠ
그래도 꾸준히 사용한 뒤에 재구매할 것 같네요"
2026-07-23,A000000258445,27899706,2024.05.04,5,0,NORMAL, ,A04,B04,"C01,C02",0,22.5,1,0,빛날율,"보습에 좋다고는 말 못함
완전 물제형이라서. 근데 진정하나는 확실함.
이제품 사용하고 눈에 띄게 피부 진정되고 좋아짐.
세일 + 10ml 추가증정이라 기대하고 주문했는데 생각보다 10미리가 너무 양이 적어서 놀람 ㅋㅋㅋ
배송은 주문폭주래서 걱정했는데 이틀만에 와서 좋았음"
2026-07-23,A000000258445,27604238,2024.04.22,5,0,NORMAL, ,A02,B04,"C08,C10",0,22.5,1,0,삥삑이,"픽셀바이옴이라고 해서 처음에 신기한 공병에 홀리듯이 구매했는데 유산균을 피부에 바를 수 있다는 것이 신기하고 
7일간 꾸준히 사용해보니 결이 확실히 잡히면서 좋아지는 것을 느꼈습니다☺️ 앞으로 더욱 꾸준히 써봐야 알 듯 하지만 

피부결 개선에 효과를 봐서 개선을 목표로 하신다면 적극 추천드려요!!"
2026-07-23,A000000258445,27582031,2024.04.21,5,0,NORMAL, ,A02,B03,"C01,C08",0,22.5,1,0,besong,"무슨 과학실험제품 쓰는거 같은 외형이예요ㅋㅋ
제형은 완전 물같은 스킨제형이고
유산균때문인지 향이 개인적으로 SK* 에센스랑 진짜 비슷하다고 느꼈어요.
완전 물같이 주르르륵 흘러서 이게 피부장벽에 도움이 된다고?
했능데 바르고나면 바로 피부가 부들부들하다는 느낌은 들더라고요. 일주일정도 쓰다가 다른제품 쓰니까 차이 확 느껴짐..!
맨얼굴에 바르고 저는 기초 중간단계에 한번 더 발라줬어요.
피부 장벽은 좀 더 써봐야 알겠지만 피부결개선은 일단 왕추천!!!
효과있는거 같아서 계속 부지런히 써볼려구요."
2026-07-23,A000000258445,27581796,2024.04.21,5,0,NORMAL, ,A02,B06,"C03,C08",0,22.5,1,0,차가운걸좋아해,"여드름은 없지만 환절기에 무너져서 가렵고 따갑고 예민한 장벽을 강화하기위해 사용해본 &lt;퍼셀 픽셀바이옴 원액&gt;

패드 붙이면 자국이 그대로 남고,
팩 붙이 결대로 얼굴에 보이고,
붉어지고, 열오르고, 결도 와장창된 그런 피부에 바르기 시작했어요
프로바이오틱스 취가 느껴질수 있다고 했는데 저한텐 딱히 향이랄게 안느껴져서 안심이 되었어요
하지만 혹시나 제품이 자극적일까봐 샘플부터 써봤는데 자극 없었고 물타입으로 스킨처럼 바르기 편했고 다 쓸때까지 문제도 없고 피부 좀 괜찮은것같은 느낌까지 받았어어요
유산균2종 고농도 원액이 제발 제 피부 장벽도 살려줬으면 하는 마음으로 꾸준히 써봐야겠어오!!!"
2026-07-23,A000000258445,27581761,2024.04.21,5,0,NORMAL, ,A04,B02,"C02,C08",0,22.5,1,0,기록하는정이,"전에 샘플 이용해보고 좋아서 본품 이용하게 됐습니다!!
워낙에 진정이 필요한 피부인데 퍼셀은 피부 관심 있는 친구도 좋아하는 제품이고 저도 괜찮게 느껴졌는데 건강한 피부 관리를 위해 좋았어요🥰
바를 때 지나친 화학 약품같은 제품들도 있는데 퍼셀 원액은 정말 건강하게 피부를 관리해줄 수 있는듯한 사용감에 저는 쓰고 돌아오는 상태도 괜찮아서 꾸준하게 쓸거예요!👀🫢

스킨 단계로 톤 정리해주고 저는 발라줬고
아침에는 스킵하기도하고 보통 자기전에 충분하게
흡수시켜줬어요!"
2026-07-23,A000000258445,27581577,2024.04.21,5,0,NORMAL, ,A06,B03,"C03,C05",0,22.5,1,0,앨리스친구,"추천해요!
트러블이 종종 나는 피부라 걱정이많았는데 유명한 픽셀바이옴원액으로 관리시작했어요.
쫀쫀한게 자극이 없고 점점 피부가 진정되는 느낌이예요.
역시 인기있는 제품은 이유가 있는것 같아요. 
스포이드타입이라 원하는 부분만 집중케어도 가능하고, 유산균인데도 향이 강하지않은것도 쓰기좋은것같아요."
2026-07-23,A000000258445,27581517,2024.04.21,5,0,NORMAL, ,A03,,C05,21,22.5,1,0,나는야느타리,"솔직히 진정 화장품, 앰플 등 많이 사용해 봤지만 즉각적인 진정 효과가 눈에 띄게 보이는 제품은 별로 없었거든요 근데 이건 저랑 잘 맞는건지 정말 사용하자마자 바로 효과가 나타나서 당황스러울 정도였어요..! 

저는 건조한 수분부족 지성으로 추정하고 있고 예민한 편이어서 화장품 사용하는 데 이것저것 따져보고 순한 화장품 위주로 사용하고 있어요 

앰플 제형은 투명하고 끈적임이 전혀 안 느껴지는 정말 물같은 느낌입니다. 바를 때에도 전혀 걸리거나 달라붙거나 하는 느낌 없어요 그런데 바르고 만져보면 피부에 실크막 하나 깔아놓은 것 처럼 부들부들해요 이 느낌이 정말 신기합니다. 내 피부인데 업그레이드 된 내 피부같은 느낌?

그런데 아무래도 물 같은 제형이라서 촉촉한 느낌은 덜 합니다. 지성 분들은 그냥 단독으로 사용하고 수분크림 바르면 될 거 같고 건성분들은 추가로 앰플을 더 사용하거나 촉촉한 크림을 덧발라주는게 좋을 거 같아요
저는 크림을 촉촉한 바이오더마 재생크림으로 함께 골라서 발라줬어요 

첫번째 앰플 사용하기 전 사진이고 저날 유독 얼굴에 열이 올라서 붉은기도 올라오고 트러블이 올라올듯 말듯 대기하고 있는 상태였습니다. 빠르게 진정하고 싶을 때 사용한다기에 한 번 사용했고 
두번째 그 다음날 사진인데 붉은기가 가라앉았어요 트러블 올라올 것 처럼 있던 것들도 신기하게 굳었다고 해야하나 붉은 기가 빠지면서 같이 가라앉았어요

이렇게나 바로 즉각적인 효과가 나타날거라고는 솔직히 생각도 안했는데 보여서 너무 신기해요.. 그리고 계속 사용하는 지금까지도 사용하면 확실히 느낌이 달라서 자꾸 손이 갑니닿ㅎㅎ

제가 이 제품이 유독 잘 맞는 거 같기도 한데 유산균이 들어있어서 피부장벽을 회복시켜준다고 하더라고요 제가 피부장벽이 약해진 상태였던걸 느꼈는데 사용하면서 좋아진게 느껴졌습니다. 다 사용하면 재구매할 예정이예요!

아 그리고 사용 할 때 거꾸로 뒤집어서 말랑말랑한 고무 부분을 네번째 손가락으로 살짝 누르면 잘 나옵니닿ㅎ 제가 어떻게 짜야하나 고민했었거든요

혹시 변동사항이 생기면 수정하려 올게요!"
2026-07-23,A000000258445,27581467,2024.04.21,4,0,NORMAL, ,A03,B03,"C05,C09",11,22.5,1,0,깃털뽑은키위,"유튜브에서 드라마틱한 효과릉 보신 분이 많길래 궁금해서 사용해봤어요!

평고 제 피부타입은 복합, 예민한 편이에요. 주사피부염이 있어서 코가 굉장히 빨갛고 농포가 자주 올라오는 편이며 다른 부위는 흔적과 약간의 붉은기만 있는 정도예요

🤍 제형 및 보습감
완-전 흐르는 물 같아요!!! 그래서 얼굴에서 또르르 떨어지기 전에 잘 발라줘야 한답니다 한 방울이라도 낭비하면 아까우니..! 흐르는 물 같은 제형이라서 그런가 보습은 하나도 안 되는 느낌이에요 그래서 좀 무거운 크림 바를 때를 제외하고는 바이옴원액 -&gt; 평소 사용하던 앰플 -&gt; 로션 순으로 발라줬어요

🤍 효과
일주일 째 사용 중인데 사실 아직은 드라마틱한 효과를 보진 못했어요. 바른 후 사진에서 좀 하얘지는 로션을 바르고 찍었더니 피부톤이 굉장히 밝아진 것처럼 나왔는데 미백에 엄청 효과를 본 건 아니에요..! 다만 코를 제외한 부분은 좀 붉은기가 사라지고 피부가 투명한 느낌이 들었어요. 흔적도 많이 가라앉고요! 피부염이 심한 부위는 딱히 가라앉거나 하진 않았습니다. 더 장기간 꾸준히 사용해보려고요 :)

🤍 향
요구르트 냄새가 살짝 났어요! 많이 나는 편은 아니고 냄새를 맡고자 집중하면 나는 기분이었어요"
2026-07-23,A000000258445,27580805,2024.04.21,5,0,NORMAL, ,A02,B02,"C02,C06",0,22.5,1,0,승콩7,조립하는 화장품이 처음이라서 신기해요 자극적일까봐 걱정했는데 딱히 자극적이진 않네요 그리고 화장품에서 유산균 향이 난다는 게 너무 신기하네요 ㅋㅋ 효과를 보려면 좀 더 써야겠지만 자극이 크지 않아서 꾸준히 쓸 수 있을 것 같아요~ 다만 용기 자체의 사용법이 익숙하지 않아서 조금 어렵네요 ㅠ
2026-07-23,A000000258445,27580506,2024.04.21,5,0,NORMAL, ,A03,B04,"C01,C09",8,22.5,1,0,온찡,"이렇게 유산균 원액 형태의 화장품은 처음 봐서
궁금한 마음에 구입했어요
물처럼 묽은 제형에 인공향이 없어 원료향이 살짝 있어요!

저는 토너 바른 후에 발라줬는데
최근 미세먼지와 마스크로 인해 트러블 올라온 피부에도
별다른 자극감은 느껴지지 않았고
피부가 맨들맨들해지는 느낌이에요⌒∇⌒

사용 전에 비하면 피부 보습감도 오래 가는 것 같아요
아직 며칠 안써봤는데
피부장벽 개선에도 효과가 있으면 좋겠어요!


✨제 리뷰가 도움이 되셨다면 &#34;도움이 돼요&#34;를 눌러주세요✨
↓↓↓"
2026-07-23,A000000258445,27580479,2024.04.21,5,0,NORMAL, ,A03,B02,"C01,C02",1,22.5,1,0,스윗수련,"아니, 이거 요즘 주변에서 많이들 쓰더라고요!
피부 컨디션 챙길 수 있다면서.. 실제로 주변인 찐 간증템이라 궁금해서 사봤어요😆

배란일부터 월경까지.. 아 왜 이렇게 뾰루지가 올라오는지, 한 번 나면 잘 안 가라앉고 짙게 착색되어 몇 달을 얼룩덜룩하게 살아야 하는 1인ㅠㅠ 
일단 피부 장벽 개선부터 하라고 하더라고요.

🌿 장벽강화 유산균 원액, 퍼셀 픽셀바이옴 원액!
피부 진정 및 손상 피부 장벽 개선에 도움된다고 해서 아묻따 써보기로 했죠!!
용기 커버 뜯고 고무마개 싹 걷어낸 후 동봉된 어플리케이터 잘 끼워서 완벽하게 밀착시켜주면 사용 준비 완료😍

🌿 제형은 물 같아요~ 무색무취.
전성분도 굉장히 심플한 편이고 처음 쓰면 이게 뭐? 그냥 물 스킨이랑 뭐가 달라~ 싶은데 몇 번 쓰다보니 피부 결부터 보드라워지더라고요?
그냥 스킨케어 단계마다 베이스로 추가해주기만 했는데 좀, 피부 컨디션이 끌어올려지는 느낌?!
좀 더 써보면서 월경 전 트러블도 이겨내지는지, 상처로 자리잡은 흔적들 좀 옅어지는지 체크해볼게요-

원액 2ml 사은품도 감사합니다ㅎㅎ
꾸준히 써보고 한 달 리뷰는 비포/애프터로 돌아오죠!!"
2026-07-23,A000000258445,27580008,2024.04.21,5,0,NORMAL, ,A06,B06,"C05,C12",0,22.5,1,0,미로쥬인,"최근 광고가 너무 많이 떠서 사기 조금 싫었던 제품이긴 한데 민카롱님께서 좋다고 하셔서 한번 믿고 구매한 제품입니다. 효과는 요철에 진짜 좋은거 같아요! 유산균이 엄철 많이 들어있는 제품으로 알고 있는데 향부터가 그걸 증명해주듯 요규르트 냄새가 나요!! 
쓰고 나면 피부 컨디션이 바로 회복되는 너낌쓰...... 그렇지만 가격이 너무너무 비싸서 사기 힘들아요ㅠㅠ"
2026-07-23,A000000258445,27579816,2024.04.21,4,0,NORMAL, ,A02,B02,"C01,C02",0,22.5,1,0,모몽집사,"따갑거나 하진 않고 순한 느낌이에요~
다만 일반 화장품류(세럼 등) 처럼 발림성이 좋지는 않아서 고루게 넓게 펴바르기엔 적절치 않았어요~
흡수는 빠르기에 적은양으로 전체를 바르기 보다는
톡톡 두드리는 느낌으로 국소부위를 여러번 나누어 발랐습니다~:)

4일정도 사용해본 결과 뾰루지같은 트러블이 올라오는 일은 없었지만(예민한편) 특별히 개선된 점도 없었기에 효과를 보려면 꾸준히 사용해봐야 할 것 같아요~
한달 후기로 돌아올게요^^"
2026-07-23,A000000258445,27579799,2024.04.21,5,0,NORMAL, ,A03,B05,"C01,C02",0,22.5,1,0,나는뇽이,"🌱 내돈내산 리뷰입니다.

음 솔직히 한통을 다 쓰고 나서 피부에 광이 난다! 하는 느낌은 잘 못 받았어요.. 현재 2주 사용해 본 상태입니다.

원래 속건조가 강한 피부고, 광없이 푸석해보이는 피부라 조금 기대했는데 역시 한통으로는 드라마틱한 피부를 기대하기는 어렵겠죠?😢😢

2주 사용하고 반정도 사용했는데, 저렴한 편도 아닌데 조금 아쉽긴하네요..

다 사용하면 효과가 보일지도!"
2026-07-23,A000000162114,61292962,2026.06.11,3,0,NORMAL, ,A04,B04,"C05,C08",101,7470.0,0,0,김장영실,"소인이 이 픽서를 들인 것은 화장이 조금이라도 오래 버텨 주기를 바라는 마음 때문이었사옵니다. 워낙 유명한 물건인지라 기대를 품고 사용해 보았으나, 솔직히 말씀드리자면 아직까지는 그 진가를 제대로 느끼지 못하였나이다.

분명 사용은 하고 있으나, 화장이 눈에 띄게 오래간다거나 확실히 고정된다는 느낌은 소인에게 크게 와닿지 않았사옵니다. 혹여 사용법이 잘못된 것인지, 아니면 피부와 궁합이 맞지 않는 것인지는 알 수 없으나 “오! 이거다!” 하는 감탄은 나오지 아니하였나이다.

오히려 사용 후에는 피부가 살짝 당기는 느낌이 있어 조금 아쉬웠사옵니다. 건성 피부이거나 당김에 민감한 이라면 이 부분을 참고하는 것이 좋겠다 사료되옵니다.

총평하자면, 소인에게는 아직 효과를 체감하기 어려웠던 픽서라 하겠사옵니다. 나쁘다기보다는 “잘 모르겠다”에 가까운 물건이었나이다.

💬 도움이 되셨다면
아래 ‘도움이 돼요’ 버튼을 살포시 눌러주시옵소서…
소인의 체험담이 픽서를 고민하는 이들에게 작은 참고가 되기를 바라옵나이다 🙇‍♀️🙇‍♂️"
2026-07-23,A000000162114,62598445,2026.07.10,4,0,NORMAL, ,A03,B04,"C01,C02",6,3834.0,1,0,sol솔,지속력은 잘 모르겠고 분사력이 많이 별로인거 같아요^^;; 휴대하기 좋은 사이즈라 좋긴 하지만요!
2026-07-23,A000000162114,62869507,2026.07.16,5,0,NORMAL, ,A02,B05,"C04,C11",5,3672.0,1,0,촉촉한초코코,"픽서를 잘 쓰는 편은 아닌데 여름이라 구매해봤어요!
시간 지나면 몽글몽글 뭉칠까봐 걱정했는데
분사력이 굉장히 부드럽고 넓게 잘 퍼지고 뭉치는 것도 없어요!!
화장 유지력은 사실 크게 잘 모르겠는데 잘 되는구나 생각하고 쓰고 있어요!"
2026-07-23,A000000162114,62108340,2026.06.30,5,1,GIFT, ,A02,B04,"C01,C04",16,2556.0,1,0,파워에이등,픽서를 많이 사용하는 편이 아니라서 미니한 사이즈로 구매했는데 넘 만족하고 귀엽습니다ㅎㅎ 픽서로 워낙 유명한 브랜드라 제품력에 대해서는 최고예요! 안개분사 넘 좋아요
2026-07-23,A000000162114,62729632,2026.07.13,5,0,NORMAL, ,,,,2,1890.0,1,0,벨라야,"안녕하세요 여러분! 이번 올리브영 세일 기간에 절대 놓치면 안 되는, 제가 직접 돈 주고 사서 매일 쓰는 ‘꿀조합 찐 추천템’들을 들고 왔어요.
​요즘 날씨도 더워지는데 메이크업은 뜨고, 피부 톤은 칙칙해져서 고민이신 분들 많으시죠? 스킨케어 첫 단계부터 메이크업 고정, 그리고 화사한 미소까지 책임져 줄 &#039;역대급 치트키 조합&#039; 바로 소개해 드릴게요! 👇

쏘네추럴 올 데이 타이트 메이크업 세팅 픽서

한줄평: 13관왕 뷰티 어워드의 위엄! 하루 종일 화장 고정 shield.
​후기: 이미 너무 유명한 국민 픽서죠? 안개분사 타입이라 메이크업 위에 고르게 얹히고, 뭉침 없이 완벽하게 고정해 줍니다. 유분기 때문에 화장이 쉽게 지워지는 여름철에 이거 없으면 불안해서 못 나가요!

​💡 Tip: 베이스 메이크업 전/후로 두 번 레이어링해서 뿌려주면 지속력이 2배로 올라갑니다."
2026-07-23,A000000162114,62109722,2026.06.30,5,1,GIFT, ,A03,B06,"C03,C09",16,1836.0,1,0,은혜원,사이즈가 귀엽고 여행갈 때 휴대하기 좋습니다. 픽서 중에서는 젤 잘 사용중이고 고정력 분사력 모두 만족하면서 잘 사용중이에요~
2026-07-23,A000000162114,63100368,2026.07.21,5,0,NORMAL,더블기획 120ml+120ml,A06,B04,C05,1,1800.0,1,0,쥬냥쥬,"메이크업 픽서 중에서 워낙 유명한 제품이라 올영 세일 때 더블기획으로 구매했습니다

평소에 수부지 피부라서 오후만 되면 유분이 올라오고 베이스 꿀꿀하게 무너지는 게 고민이었는데 화장 다 하고 나서 이거 전체적으로 슥 뿌려주면 고정력이 확실히 달라집니다. 안 뿌린 날이랑 뿌린 날이랑 저녁에 집에 와서 거울 봤을 때 무너짐 정도가 차이가 많이 나네요

안개분사 타입이라서 얼굴에 뭉치거나 침 뱉듯이 나오지 않고 고르게 챠르륵 얹어지는 점이 제일 마음에 듭니다. 베이스 메이크업 밀착력을 챡 높여줘서 마스크 쓰거나 베개에 누워도 화장 묻어남이 훨씬 덜해요

픽서 잘못 쓰면 피부가 너무 건조하고 당기거나 반대로 유분기가 도는 경우가 있는데, 이건 딱 적당히 보송하면서도 속건조 없이 메이크업을 쫀쫀하게 잡아주는 느낌입니다. 용량도 두 개 들어있는 기획이라 가성비 좋고 사계절 내내 데일리로 화장 고정할 때 요긴하게 잘 쓸 것 같습니다"
2026-07-23,A000000162114,63032490,2026.07.19,5,0,NORMAL,더블기획 120ml+120ml,A04,B06,C08,1,1512.0,1,0,잰뿡빵,없으면 어떻게 살지요..? 여름철 저의 얼굴을 지켜주는 철벽 방어템. 없으면 못살아요. 그냥 N병째 비우고 쟁이는 사람이 되.
2026-07-23,A000000162114,63030968,2026.07.19,5,1,OFFLINE, ,A04,B06,C08,1,1512.0,1,0,잰뿡빵,없으면 어떻게 살지요..? 여름철 저의 얼굴을 지켜주는 철벽 방어템. 없으면 못살아요. 그냥 N병째 비우고 쟁이는 사람이 되.
2026-07-23,A000000162114,62970407,2026.07.18,5,1,OFFLINE, ,A02,B01,"C04,C05",2,1512.0,0,0,카피바라바라바라밤,용량도 작아서 여행용으로 구매했어요 여름이라 필수템입니다ㅠㅠ
2026-07-23,A000000162114,62641468,2026.07.11,4,0,NORMAL, ,A04,B04,"C05,C08",2,1350.0,0,0,김장영실,"소인이 이 픽서를 사용해 본 바, 전반적으로 무난하게 사용할 수 있는 제품이었사옵니다. 메이크업 마지막 단계에 가볍게 분사해 주면 화장이 어느 정도 고정되는 느낌은 있었으나, 기대했던 만큼 드라마틱한 변화까지는 체감하지 못하였나이다.

사용감 또한 크게 불편한 점은 없었으며, 특별히 만족스러운 부분도 아쉬운 부분도 없는 편이었사옵니다. 그저 제 역할은 무난하게 해내는 제품이라는 인상이 강하였나이다. 때문에 데일리로 부담 없이 사용하기에는 괜찮은 물건이라 사료되옵니다.

소인에게는 “이것만 써야겠다!” 하는 필수템까지는 아니었으나, 있으면 무난하게 잘 쓰게 되는 제품이었사옵니다.

총평하자면, 특별한 감동은 없지만 무난하게 사용하기 좋은 세팅 픽서라 하겠사옵니다.

한줄 요약: 특별한 한 방은 없지만, 무난하게 쓰기 좋은 픽서이옵니다.

💬 도움이 되셨다면
아래 ‘도움이 돼요’ 버튼을 살포시 눌러주시옵소서…
소인의 체험담이 픽서를 고민하는 이들에게 작은 참고가 되기를 바라옵나이다. 🙇‍♀️🙇‍♂️"
2026-07-23,A000000162114,62747503,2026.07.13,5,1,OFFLINE,더블기획 120ml+120ml,A01,B04,"C03,C10",2,1134.0,0,1,얀남이22,분사력 및 고정력 이정도면 마음에 듭니다. 가격도 행사가로 사서 만족스럽구요.
2026-07-23,A000000162114,62747497,2026.07.13,5,1,GIFT,더블기획 120ml+120ml,A01,B04,"C03,C10",2,1134.0,0,0,얀남이22,친구 쓰는거보고 구매해서 아침 메이크업때 꼭 쓰는 기본 제품이예요..지금도 늘 쓰고 있네요.
2026-07-23,A000000162114,62747471,2026.07.13,5,1,OFFLINE,더블기획 120ml+120ml,A01,B04,"C03,C10",2,1134.0,0,1,얀남이22,메이크업 픽서 유명한거 다 써봤는데 가격대비 이 제품이 무난하면서 합리적인것 같습니다.
2026-07-23,A000000162114,62747359,2026.07.13,5,1,GIFT,더블기획 120ml+120ml,A01,B04,"C03,C10",2,1134.0,0,0,얀남이22,이거 써보고 괜찮길래 여행용 사이즈도 구매해서 이번 여행때 들고가서 잘 썼어요 ㅋㅋ
2026-07-23,A000000162114,62739521,2026.07.13,5,1,GIFT,더블기획 120ml+120ml,A02,B02,"C01,C03",3,1134.0,0,0,약과리,"타브랜드 픽서도 써봤는데, 쏘내추럴 제품이 더 쓰기에 분사력도 좋은것 같아용~ㅎ"
2026-07-23,A000000162114,62739445,2026.07.13,5,1,OFFLINE,더블기획 120ml+120ml,A02,B02,"C01,C03",2,1134.0,0,1,약과리,구매 후 요즘 들어 아침마다 엄청 뿌려주고 있습니당! 밖에 나가면 화장이 금방 지워져서용 ㅠ
2026-07-23,A000000162114,62739420,2026.07.13,5,1,OFFLINE,더블기획 120ml+120ml,A02,B02,"C01,C03",2,1134.0,0,1,약과리,여름철 한번 정도는 쓸만한 제품 같아용~ 가격이 착해서 구매해서 계속 쓰는중이예용!
2026-07-23,A000000162114,62739366,2026.07.13,5,1,GIFT,더블기획 120ml+120ml,A02,B02,"C01,C03",2,1134.0,0,0,약과리,더블 기획이라 친구랑 1개씩 나눠 쓸 수도 있어 좋네용! 가성비가 가격대비 괜찮은듯
2026-07-23,A000000162114,62738594,2026.07.13,5,1,OFFLINE,더블기획 120ml+120ml,A02,B02,"C01,C03",2,1134.0,0,1,약과리,"지금같이 습기, 땀으로 화장 번지기 좋을때 뿌려주기 좋은 제품입니당! 수시로 써용!"
2026-07-23,A000000162114,63090721,2026.07.21,5,0,NORMAL,더블기획 120ml+120ml,A02,B04,"C01,C02",1,1080.0,1,0,블루머그,"이거 진짜 요물이네요
나이가 드니 피부광에 엄청 집착하는데 광+메이크업유지력이 엄청 좋아서 거의 아침에 출근하고 퇴근할때까지 유지되는것 같아요
얼굴에 손만 안대고 잘 말리면 진짜 최고입니다
5천원짜리 ㄷㅇㅅ 제품 썼다가 바로 갈아탐
분사력도 안개분사라 좋아요!"
2026-07-23,A000000162114,62977010,2026.07.18,5,1,OFFLINE,더블기획 120ml+120ml,A01,B03,"C05,C07",2,1080.0,1,0,미니하트,"메이크업픽서 거의 안사고 안쓰긴한데 화장할때마다 자꾸 들뜨더라구요. 
1등픽서에 후기가 좋다는걸보고 큰맘먹고 내돈내산 구매했어요.
더블기획해서 거의 반값세일가로 샀어요.
적당히 뿌려주니 진짜 수정화장할필요없이 무너지지않고 오래 지속되요.
또 장시간 외출이나 이럴때 활용하기에 좋고 원래 쿠션으로 수정화장했었는데 쏘내추럴 픽서를 계속 뿌려주고하니 거의 잘 안하게되네요.
한달이 지나는 지금도 아주 잘쓰고있어요~~"
2026-07-23,A000000162114,62869237,2026.07.16,5,0,NORMAL, ,A01,B04,,1,900.0,1,0,래기둥이,"미니 사이즈라 파우치에 쏙 들어가서 휴대용으로 들고 다니기 정말 좋습니다.
​메이크업 중간 단계와 파우더 처리 직전에 뿌려주면 밀착력이 올라가 화장이 아주 짱짱하게 고정돼요. 첨부한 사진은 무더운 여름날 외출하고 6시간이 지난 후인데도 무너짐 없이 예쁘게 유지되는 모습입니다! 휴대가 간편하고 확실한 고정력을 자랑하는 픽서로 강력 추천합니다."
2026-07-23,A000000162114,62167541,2026.07.01,5,0,NORMAL, ,A02,B05,"C05,C06",3,840.0,1,0,가을녀자,"픽서 메이크업 스프레이는 메이크업을 마친 뒤 가볍게 뿌려주면 화장이 한층 잘 고정되는 느낌이 들었어요. 분사가 미세하고 균일해서 뭉침 없이 사용할 수 있었고, 시간이 지나도 들뜸이나 무너짐이 덜해 만족스러웠습니다. 끈적임 없이 산뜻하게 마무리되어 데일리로 사용하기 좋은 픽서였습니다."
2026-07-23,A000000162114,63066966,2026.07.20,5,0,NORMAL,더블기획120ml+120ml(+20ml),A03,B02,C01,1,792.0,1,0,봉보로봄봄,아침 출근길 메이크업 하고 또 수정하는 거 넘 귀찮고 번거롭거든요 그냥 올데이 미스트로 아침에 빡 고정하고 나가면 하루가 편안합니다
2026-07-23,A000000162114,62976168,2026.07.18,3,0,NORMAL, ,A06,,"C01,C02",0,792.0,1,0,이호떡이,픽서 역할은 참 잘하는데 여드름이 많은 저는 너무 피부가 갑갑했어요.
2026-07-23,A000000162114,62966079,2026.07.18,5,0,NORMAL, ,A01,B03,"C01,C03",0,792.0,1,0,호수눈,픽서 잘 쓰는 편은 아닌데 여름에는 안 쓸수가 없네요.. 사용기한 기니까 열심히 써봐야져
2026-07-23,A000000162114,62941860,2026.07.17,4,0,NORMAL, ,A03,B02,"C08,C09",0,792.0,1,0,김듈리,한번도 사용해보지 않아서 아직은 잴 모르겠습니다. 나중에 후기 해볼게요
2026-07-23,A000000162114,62919109,2026.07.17,5,0,NORMAL, ,A03,B04,"C02,C03",0,792.0,1,0,곡한의마죠리카,역시.. 이것만한게 없네요. 기름좔좔 땀 삐질삐질 흘렸는데도 메이크업 무너짐은 덜하네요. 굳
2026-07-23,A000000162114,62907327,2026.07.17,5,1,OFFLINE,더블기획 120ml+120ml,A02,B03,"C01,C02",0,792.0,1,0,리뷰온니,"크기가 크지만 가방에 넣어다닐 정도로 좋아용 
냄새도 괜찮고 근데 거울옆에서 뿌리면 거울 겁나 뿌얘지니까 조심
그리고 가끔 입구 닦아줘야 안굳고 한 뿌리로 안나와용"
2026-07-23,A000000209372,62649049,2026.07.11,5,0,NORMAL,워터 선앰플,A01,B01,"C06,C09",0,1350.0,1,0,하호희,"저는 이 제품 너무 마음에 들어서 또 구매한 선크림이에요!

사진에 반딱반딱 빛나는 거 보이시나요? 여름에 전혀 답답하지도 않고 좋더라구요. 흐르는 워터 선앰플 느낌이라 더 그렇게 느끼는 것 같아요. 부드럽게 발려요!

홍조 있으신 분들은 &#34;달바 클린 티트리 리포좀 톤업 선크림&#34; 같이 섞어서 쓰시는 거 추천 드려요! 이렇게 화장한 후로부터 피부 표현 엄청 좋아졌다, 피부 좋아진 것 같다는 이야기 많이 들었답니다:)"
2026-07-23,A000000209372,62128696,2026.07.01,5,1,OFFLINE,워터선 키링 기획세트,A06,B04,"C04,C05",4,1260.0,1,0,돈을그만써야되긴해,냅다 애기 픽 이런거로 광고하길래 구라뻥인줄 알고 안사고 있었는데 좋더라고요.. 여름되니까 웬만한 선크림 다 안되고 그냥 기름 좔좔에 화장 둥둥쩍쩍 난리였는데 세수하고 외출 전에 얘만 바르면 자외선차단되고 기초도 얘가 다 해서 화장도 잘먹습니다 무엇보다 그냥 개개개순함. 자극? 그런거 모르겠고 여드름 짜서 건드리면 아픈 수준이어도 멀쩡합니다 여름만 되면 땀 폭파하는 수부지면 한번 써보세요 화장 잘먹히고 까져도 수정이 쉬움
2026-07-23,A000000209372,60902068,2026.06.05,5,0,NORMAL,워터선 키링 기획세트,A04,B04,"C05,C08",11,810.0,1,0,누룽지오징어순대,"슬 더워진다고 매트 파데, 무기자차 선크림 이렇게만 쓰면 얼굴 쩍쩍 갈라지는 사람들 모여라ㅏ~~

더워져도 온도랑 습도때문에 피부 속은 채워줘야한다는ㅠ ㅠ 
겉에는 파우더로 유분 야무지게 잡으면 또 괜찮으니까! 아침 화장할 때 스킨케어 단계를 좀 줄이면서 수분감 있는 선크림으로 하는 거 추천!!

사실 선크림은 사계절 다 써야하지만, 화잘먹이 제일 중요한데 여름에 스킨케어 단계 좀 줄이고 수분감 챙겨주는 라인으로 가면 얘라도 촉촉하게 발라줘야 가능함 ㅠ ㅠ 

또 너무 수분감만 챙기면 트러블 나서 순한 거 제일 중요함. 천사.. 선쿠림은 안 맞았고, 디어달리아 오지게 쓰다가 여름엔 이걸로! 강츄~"
2026-07-23,A000000209372,63101548,2026.07.21,5,0,NORMAL,워터선 키링 기획세트,A03,B01,"C01,C02",0,792.0,1,0,뇽량,가벼워서 좋아요 흐르는 선크림은 요기꺼 추천할만합니다~
2026-07-23,A000000209372,61990784,2026.06.27,5,0,NORMAL,워터선 키링 기획세트,A02,B02,"C01,C08",1,756.0,1,0,ZZ바라기,"추천받아 구매합니다~!
양은 작아요
건조하지않아요
촉촉한?편입니다."
2026-07-23,A000000209372,63176850,2026.07.23,4,0,NORMAL,워터선 키링 기획세트,,,,0,660.0,1,0,aimerihana,"직장동료한테 추천 받고 사봤는데
나쁘지않네요~ ㅎㅎㅎ 
맹일 잘 쓰고 있습니당."
2026-07-23,A000000209372,62649115,2026.07.11,5,0,NORMAL,워터선 키링 기획세트,A03,B03,"C02,C05",0,594.0,1,1,으의,에센스처럼 잘 팔려서 너무 좋아요. 여름에 특히 무겁지 않게 바를 수 있어서 좋은 것 같아요.
2026-07-23,A000000209372,61895724,2026.06.25,5,1,OFFLINE,워터선 키링 기획세트,A04,B04,"C01,C02",0,540.0,1,0,foret빈,"평소 선크림을 바르면 답답하거나 밀리는 느낌 때문에 제품 선택이 까다로운 편인데, 최근에는 이 선앰플을 꽤 만족스럽게 사용하고 있어요. 처음 사용했을 때 가장 인상적이었던 건 이름처럼 앰플을 바르는 듯한 촉촉한 사용감이었어요. 제형이 가볍고 부드럽게 펴 발려서 피부에 부담이 적었고, 여러 번 덧발라도 두껍게 올라가는 느낌이 거의 없더라고요.

특히 수분감이 풍부해서 아침 스킨케어 마지막 단계에 바르기 좋았어요. 선크림 특유의 뻑뻑함이나 백탁 현상도 거의 느껴지지 않았고, 흡수된 뒤에는 피부가 자연스럽게 윤기 있어 보이는 느낌이 들었습니다. 메이크업 전에 사용해도 밀림이 심하지 않아서 손이 자주 가게 되더라고요.

며칠 동안 꾸준히 사용해 보니 건조함이 덜 느껴졌고, 외출할 때도 피부가 편안한 상태로 유지되는 점이 만족스러웠어요. 민감한 피부도 비교적 부담 없이 사용할 수 있을 것 같은 순한 사용감이었고, 촉촉한 선케어 제품을 찾는 분들에게 잘 맞을 것 같다는 생각이 들었습니다. 전체적으로 가볍고 산뜻하면서도 수분감이 잘 느껴졌던 선앰플이었어요."
2026-07-23,A000000209372,61433042,2026.06.14,5,0,NORMAL,워터선 키링 기획세트,A03,B03,"C02,C06",0,450.0,1,0,쭈링,"선앰플이라 그런지 일반 선크림보다 훨씬 촉촉하고 가볍게 발려서 좋았어요. 메이크업 전에 사용해도 밀림 없이 깔끔하게 마무리되고, 피부가 편안해서 민감한 날에도 부담 없이 사용할 수 있었습니다. 재구매 의사 있어요!ㅎㅎ
구성도 넘나 귀여워서 맘에 쏙들어여😆😆"
2026-07-23,A000000209372,61039193,2026.06.06,5,1,OFFLINE,워터선 키링 기획세트,A04,B05,"C08,C13",0,450.0,1,0,정유림,이미 n통째 사용하고 있는 선앰플!! 생얼에도 그냥 막 바르기 좋고 화장 전에 바르기에도 너무 좋아요. 진짜 딱 수분 앰플 바른 느낌이라 화장할 때 밀리지도 않고 딱 필요한 수분만 넣어줘요. 그리고!! 이지 워시 가능인게 너무 좋아요. 화장 안하고 선크림만 바른 날 클렌징 오일이나 밤 사용하기 부담스러운데 폼으로만 세안하면 되니까 너무 만족해요♡
2026-07-23,A000000209372,60924836,2026.06.05,5,1,OFFLINE,워터선 키링 기획세트,,,,1,450.0,1,0,알콩네,"자외선차단제가 필수인데 장시간 외출하지않더라도
로션처럼 밀림없는 제형이라 아침에 스킨케어 후
바로 슥 바르기 아주 좋아요
밀리는제형이면 몇번쓰다 손이 안가는데
이건 백탁도없고 촉촉하니 발리고 찝찝하거나 끈적이지않아서 아무리 귀찮아도 바르기 좋아요"
2026-07-23,A000000209372,60704680,2026.06.03,5,0,NORMAL,워터선 키링 기획세트,A03,B01,"C01,C02",0,450.0,1,0,뇽량,보송 버전을 사용하고 있었는데 워터버전의 미니버전 키링이 너무 탐나서 고민하다가 주문했습니다ㅜㅜㅜ 미니버전도 토출구가 동일하다니 너무 감다살ㅜㅜ 손이불편해서 군번줄 끼는것에 애먹었지만 너무너무 귀여워요 화장전에 챱챱 해주면 쫀득합니다!
2026-07-23,A000000209372,62706034,2026.07.12,5,0,NORMAL,워터선 키링 기획세트,,,,0,396.0,1,0,진라면순한맛25,완전 화질먹의 정석이고 너무 좋고 순하고 좋은거 같아요 완전 추천!!
2026-07-23,A000000209372,62563600,2026.07.09,5,0,NORMAL,워터선 키링 기획세트,A04,B01,"C01,C05",0,396.0,1,0,licool,자극없이 순하고 화장이 더 잘 먹는 느낌이라 앞으로 재구매해서 쓸것 같아요!
2026-07-23,A000000209372,62455354,2026.07.07,5,0,NORMAL,워터선 키링 기획세트,A01,,C05,0,396.0,1,0,타무라,하늘색 버전이 더 좋은데 이건 어딜 가도 살 수가 없어서 하얀색 버전으로 샀어요 ㅜㅜ 솔직히 좋긴 좋습니다 비싸서 그렇지...
2026-07-23,A000000209372,61969740,2026.06.27,2,0,NORMAL,워터선 키링 기획세트,A01,,"C02,C04",1,396.0,0,0,치이카와왕,순한거 같긴한데 저는 가격용량대비 만족스럽진 못했던거 같아요 분명 순하긴한데 하 용량도 너무 적음 순한걸로만 메리트 따지기엔 전 다른거 써도 괜찮았어요
2026-07-23,A000000209372,61837219,2026.06.23,5,1,OFFLINE,워터선 키링 기획세트,A03,B03,"C02,C05",0,396.0,1,0,으의,에센스 바르는 것처럼 선뜻 해요. 너무 선뜻 해서 정말 자외선차단이 되는 가 싶을 정도에요.
2026-07-23,A000000209372,60871616,2026.06.04,5,0,NORMAL,워터선 키링 기획세트,A02,,,0,375.0,1,0,헤일리l,"✔️피부타입: 건성
✔️선호하는 선크림 타입: 과한 유분기 없이 기초제품 같은 발림성 선호
✔️프롬리에 제품의 특장점: 선세럼 이라는 이름 다운 흐르고 부드러운 발림감 및 화잘먹 선크림🤍🧡 
✔️추천대상: 백탁없이 가벼운 제형을 선호하는 분, 화장 전 부담없이 바를 선크림 찾는 분!
🍀총평
워낙 유명한 제품이라 꼭 써보고 싶었는데 역시나 유명한 데는 이유가 있네요!! 피부타입이 건성이라 촉촉하게 발리고 선크림 특유의 제형보다는 기초제품처럼 느껴지는걸 선호하는데 딱 제 니즈에 맞았어요! 화장 전에 바르기에도 딱입니다ㅎㅎ 선세럼이란 이름처럼 물처럼 흐르는 제형이라 정말 기초 세럼 바르는것 같았고 피부 자극이나 무거운 느낌 없이 가볍게 발려서 정말 만족했습니다🤍🩵"
2026-07-23,A000000209372,61017956,2026.06.06,5,0,NORMAL,워터선 키링 기획세트,,,,0,315.0,1,0,RJMOM,"큰딸이 계속 쓰고있는 선크림인데 제품 순하고 좋다고 추천해줘서 작은딸 사주려고 시켰어요 
작은키링 선크림도 너무 귀여워요 여행용으로 쓴다고 작은건 큰딸이 가져갔어요
발림성 좋고 촉촉해서 진짜 로션바르는 느낌이라 좋아요"
2026-07-23,A000000209372,61169307,2026.06.08,5,0,NORMAL,워터선 키링 기획세트,,,,0,300.0,1,0,티거뽀비,"촉촉 쫀쫀 화잘먹 선앰플이라고 해서 구매했는데 역시 화잘먹템 맞네요! 들뜸이나 밀림없이 화장 잘 먹고요 
발림성도 너무 마음에 들어요ㅠㅠ!!
백탁있는거나 뻑뻑한거 안좋아하는데 이제품 구매하길 잘했네요!
파데프리할때 같이 섞어서 쓰면 좋다고해서 제품은 알고있었는데 세일할때 구매하니 왜 이제야 샀을까용😭
SPF지수도 높고, 무엇보다 아이랑 같이쓸 수 있다고해서 구매한것도 있습니당 
유기자차의 장점을 톡톡하게 보여주는 제품입니당 
피부타입에 상관없이 누구나 잘 쓸 제품이라 너무나도 추천힙니다!
구성에 같이있는 미니어처 키링도 너무 귀여워요🥰"
2026-07-23,A000000209372,60955288,2026.06.05,5,0,NORMAL,워터선 키링 기획세트,,,,0,300.0,1,1,건성예미뉴ㅜ,"평소 썬크림 발라야 하는 거 아는데 바르기 싫은 거 저만 그런거 아니죠..? 썬크림 중요성 귀에 못 박히게 들어도 귀닫고 살아온 사람들 여기에요!! 에센스 느낌의 부드러운 흐르는 제형이라 답답함이 확실히 덜해서 계속 손 가는 템이에요. 4월에 샀는데 엄마도 좋다고 같이 쓰셔서 벌써 재구매합니당ㅎㅎ 왼쪽이 원래 쓰던거고 오른쪽이 다시 산거에요! 저는 가벼운 제형이 좋아서 손이나 목 같이 드러난 곳도 발라주고 있어요. 작은 키링 가방에 달아놓고 다니면서 바릅니당ㅎㅎ 
그리고!!! 저는 이게 진짜 장점이라 생각하는 게 폼클렌징만으로 세안이 되요. 썬크림 가끔 바르면 이중세안해야해서 예민하고 건조한 제 피부에 부담이 진짜 많았거든요? 근데 1차 세안만해도 피부에 뭐 안 나서 너무 좋아여ㅠㅜ  양이 많지는 않지만.. 그래도 키링도 주고 세일할 때 사면 괜찮은 거 같아요ㅎㅎ 이거 전에 메디힐 톤업썬세럼 샀었는데 걔는 다 떠갖고 진짜 속상했었거든요ㅠ 암튼 저는 진짜 좋았어요 저랑 피부 타입 비슷한 분들은 꼭 올영 가셔서 테스트 한번 해보시길ㅎㅎ 저는 재재구매 할 예정이에여~~
 
+ 반들하고 촉촉한 제형이라 악건성인 저는 너무 좋았지만 지성분들은 워터 말고 있던데  걔 선택 추천드려요! 번들거린다고 느끼실 수 있을 거 같아요."
2026-07-23,A000000209372,60819119,2026.06.04,5,0,NORMAL,워터선 키링 기획세트,,,,0,300.0,1,0,수박먹는악어,"로션같고 백탁도 없어서 쓰기 너무너무너무 좋아요.
처음엔 화잘먹 선앰플이라길래 구매해본건데
제가 파데를 어떻게 발라도 무조건 떴거든요...근데 이거 바르고 파데바르면 거의 안 떠요....대박....
그리고 엄청 물광느낌 납니다!!ㅎㅎ 거의 다 써가지고 올영세일기간때 한통 더 구매했어요 추천드려요"
2026-07-23,A000000209372,60585709,2026.06.01,5,0,NORMAL,워터선 키링 기획세트,A02,B04,"C03,C08",1,300.0,1,0,동블,"수분 앰플 바르는 느낌이라 답답함 없이 촉촉하게 발려요! 백탁이 전혀 없고 흡수도 빨라서 메이크업 전에 사용하기 좋았습니다~~ 
그리고 끈적임이 심하지 않아 데일리로 부담 없이 쓰기 좋고 피부가 편안한 느낌이라 만족하며 사용 중입니다. 다 사용해갈때 세일해서 좋네용ㅎㅎㅎㅎ👍🏻👍🏻"
2026-07-23,A000000209372,60425913,2026.05.31,5,0,NORMAL,워터선 키링 기획세트,A03,,,0,300.0,1,0,ZZZOE,"T존은 지성 볼 부분만 건성인 복합성 피부입니다! 

프롬리에 선크림 주위에서 좋다고 추천 많이 받아서 써보고 싶었는데 마침 올영세일에 키링크기의 용량까지 같이 주는 기획 상품이 있어 바로 구매했어요.

저는 복합성에다 피부도 민감해서 선크림 잘못쓰면 알러지 올라와서 피부과 가서 스테로이드 처방 받아 먹고 바르고 하기도 할 만큼 정말 예민 피부입니다.

구매 후 발라 봤는데 향도 무향에 촉촉하고 발림성도 좋아요! 특히 끈적임 없는 게 너무 마음에 들어요!
촉촉해서 그런가 더워 불거진 볼이 진정도 됐네요!
꾸준히 써보고 한달사용리뷰도 쓰러올게용~!

크기 가늠하는데 도움되시라고 에어팟이랑 같이 찍어봤습니당 ㅎㅎ"
2026-07-23,A000000209372,62590893,2026.07.10,5,0,NORMAL,워터선 키링 기획세트,,,,0,297.0,1,0,dam116,"피부 예민한 편인데
코 옆부분만 살짝 자극있고
괜찮았어요!
화장 잘 먹어서 좋아요"
2026-07-23,A000000209372,62721332,2026.07.12,5,1,GIFT,워터선 키링 기획세트,A04,B01,"C05,C08",0,270.0,0,1,돌이둘이굴이,"- 눈시림 없음 진짜 하나도 없음

- 베이스 바르기전에 선크림 바르면 궁합 생각해가면서 발라야해서 늘 쓰는 조합으로만 쓰게되는데 프롬리에는 가벼워서 웬만한 베이스랑 다 궁합 좋았음

- 양이 좀 적어서 아쉬웠음 진짜 한달도 안돼서 다쓴듯

- 흡수력이 좋음 선크림같지가 않음"
2026-07-23,A000000209372,62649165,2026.07.11,5,1,OFFLINE,워터선 키링 기획세트,A01,B01,"C06,C09",0,270.0,0,0,하호희,"저는 이 제품 너무 마음에 들어서 또 구매한 선크림이에요!

여름에 전혀 답답하지도 않고 좋더라구요. 흐르는 워터 선앰플 느낌이라 더 그렇게 느끼는 것 같아요. 부드럽게 발려요!

홍조 있으신 분들은 &#34;달바 클린 티트리 리포좀 톤업 선크림&#34; 같이 섞어서 쓰시는 거 추천 드려요! 이렇게 화장한 후로부터 피부 표현 엄청 좋아졌다, 피부 좋아진 것 같다는 이야기 많이 들었답니다:)"
2026-07-23,A000000209372,62590637,2026.07.10,5,0,NORMAL,워터선 키링 기획세트,A03,B02,"C01,C02",0,270.0,0,0,오공이맘,"최애 선앰플 ! 
프롬리에 선앰플을 사용후 다른 선크림은 손이 아에안가요
이거 쓰고 화장하면 잘먹고 앰플제형이라 밀릴걱정도 안해도되고 메이크업 안할때도 가볍게 바르고 나가기 좋아요
원래 선크림 잘 안바르는데 이거는 걍 기초케어 제품이라 생각하고 잘바르게됩니다"
2026-07-23,A000000209372,60947932,2026.06.05,5,0,NORMAL,워터선 키링 기획세트,A04,B04,"C03,C09",0,270.0,1,0,rubianne,아는 사람은 다아는 프롬리에 egf 시카 썬 앰플! 제품이름처럼 진짜 발림성 부드럽고 촉촉해요. 썬크림제품들 용량도 보통 30ml가 많은데 이건 56ml나 되어요. 성분도 착하고 키링 미니용량은 여행때 가져가면 딱일거 같아요. 기획제품도 실용적인 구성이라 맘에 쏙 들어요. 개인적으로 무기자차 썬크림도 좋아해서 그것도 꼭 사용해보려구요
2026-07-23,A000000209372,60859909,2026.06.04,5,0,NORMAL,워터선 키링 기획세트,A06,B02,C08,1,270.0,1,0,아코조코,"민감성 피부이고, 특히나 선크림을 잘 못바르는 피부에요 
선크림만 바르면 금방 모기물린 것 처럼 올라오는ㅜㅜ 
그래서 선크림 기준이 까다로운데 피부가 정말 편해서  합격!!! 선크림에 피부자극반응있는분들 요거 사용해 보셔요 
자극없는것만으로도 감사한데, 촉촉하고 특히 보송 파데들과 궁합이 아주 좋아요 평소에 메컵 잘뜨는분들 추천해요 
그리고 키링 선크림 증정 넘 앙증💛"
2026-07-23,A000000190168,62722005,2026.07.12,5,1,OFFLINE,고구마맛 45g,A01,B01,"C03,C04",12,7830.0,1,0,올리뷰과몰입,"👆위에 영상에 소리도 나와요👆
음. 저는 단백질 쉐이크에 관심은 럾어요 사실
근데 회사에서 4시쯤? 되명 배가 너무 고파서
입에서 침마른 쏙은네가 나는거 알져? 
배고프먄 ㅋㅋ

집갈때 까지 배고픔이 너무 짜증이나는거에요

과자를 사서 먹자니 옆자리 앞광대머리좀잘라대리님도
한주먹 줘야하고 그러다 보면 내가 먹을게
한주먹밬ㄱ이 안남아서 ㅋㅋ

아! 이거야 하고 유레카! 
단백질 쉐이크
뜯자마자 물넣거 흔들면서 눈 마주치면 입대고
먹기 시전 ㅋㅋ 그엄 안줘듀 되잖이?! 

ㅋㅋ 아무튼 이거 호박고구마
아니다 호구마
아니야 고구마맛이야! 이거 진짜 강추 

진짜-젤 맛잇어여 !!"
2026-07-23,A000000190168,62652411,2026.07.11,5,1,OFFLINE,[NEW] 리얼초코 45g,A01,B01,"C03,C04",12,7830.0,1,0,올리뷰과몰입,"요즘 날씨 진짜 미쳤죠..🔥 👆위에 영상도 있어용👆

너무 더워서 당 떨어질 때 올리브영에서 쟁여둔 플라이밀 리얼초코 꺼냈는데, 와 이거 무조건 얼음 넣어서 드세요. 진짜 천국 맛볼 수 있습니다! 🧊

단백질 쉐이크 특유의 그 텁텁하고 가루 뭉치는 느낌.. 
다들 싫어하시죠? 
저도 단백질 쉐이크 처음 먹어보는 거라 걱정했는데, 이건 그런 텁텁함이 1도 없어서 깜짝 놀랐어요. 목넘김이 어찌나 부드러운지 진짜 초코우유 마시는 기분이라니까요? 🍫

특히 중간중간 씹히는 그 알갱이 과자(?) 같은 토핑까지 더해지니까 식감까지 완벽함! 
단백질 23g이나 챙기면서 이렇게 맛있어도 되는 건가 싶을 정도로 저 완전 대만족 중이에요.

성분 좋고 맛까지 잡은 거라 초코 덕후라면 이거 진짜 물건입니다. 나중에 올영 가서 뭐 살지 헤매지 말고, 지금 바로 저장해뒀다가 세일할 때 꼭 쟁여오세요!"
2026-07-23,A000000190168,62796300,2026.07.14,5,1,OFFLINE,블랙 흑임자맛 45g,A01,B01,"C03,C04",7,5130.0,1,0,올리뷰과몰입,"👆위에 영상 있어요 참고해보셔요👆
단백질 쉐이크 그 텁텁라고 묵직한 느낌없이
후루룩 넘어가서 일단 그게 너무 좋고

맛이 있.어요. 맛이.. 진짜로 
플라이밀 최근에 알아서 여러가지 먹어보고 있는데
확실히 플라이밀이 전체적으로 맛있더라고요 

흑임자맛도 훌륭해요!!

맛 고민중이시라면 
흑임자 꼭 한번 추가해서 먹어보셔요 

추천드립니당"
2026-07-23,A000000190168,62807940,2026.07.14,5,1,OFFLINE,브라운 곡물맛 45g,A01,B02,"C01,C05",6,4050.0,1,0,몽캔디,"🛍️
관리를 위한 건 아니고 식사 챙겨 먹기가 너무 귀찮고 버거울
때 한 번씩 생각나면 쉐이크를 구매하곤 하는데
무난하고 맛있게 먹을 수 있는 종류가 이런 곡물맛, 미숫가루
맛이더라구요

플라이밀 곡물맛 쉐이크는 진작 구매해서 먹어본 적이 있어서
의심 않고 픽했습니다

하루 전에는 1+1으로 같이 구매한 쿠앤크 맛을 먹었는데
왜이렇게 되직하지 싶었더니 파우더랑 섞은 두유의 양이
약간 적어서 그랬던 것 같더라구요
좀 더 든든한,, 인위적인(?) 포만감을 위하여 곡물맛 쉐이크
에는 두유 2팩을 부었더니 과유불급이라고 투머치였지만,,

오독오독하게 씹히는 크런치가 있어서 덜 심심하게 쉐이크를
마실 수 있어 좋고, 단백질 쉐이크 특유의 맛이 거의
느껴지지 않는 맛의 종류라 혹시 재구매 하게 된다고 하면
곡물맛은 꼭 고를 것 같아요!"
2026-07-23,A000000190168,62305000,2026.07.04,1,0,NORMAL,[NEW] 블루베리요거트 45g,A04,B01,"C01,C03",12,3636.0,0,0,Hannah한나,아ㅠ 블루베리요거트. 리뷰보고 다른 곳과는 다르대서 믿고 먹었는데 지금 5시간동안 속이 울렁거려요. 두입먹다 결국 다버림.ㅠㅠ 플라이밀은 초코 녹차 쿠키앤크림입니다
2026-07-23,A000000190168,62772153,2026.07.14,4,1,OFFLINE,쿠키앤크림 45g,A01,B02,"C01,C05",5,3510.0,1,0,몽캔디,"🛍️
플라이밀 단백질 쉐이크 종류 중에 이 쿠앤크 맛을 칭찬하는
리뷰들을 보고 구매하게 되었어요
날씨가 너무 더워지면 입맛이 떨어지면서 만사가 귀찮아지는
시기가 무조건 돌아오거든요
안 그래도 더운데 뭘 만들어먹기도 벅차서 여름에는 이렇게
종종 단백질 쉐이크로 저녁 한 끼 정도를 대체하고 있습니다

아주아주 가-끔가다 한 번씩 이렇게 단백질 쉐이크를 구매
할 일이 있는데, 보통 초코맛이나 곡물맛을 고르면 대체로
맛이 평균은 하더라구요

워낙 쿠앤크 맛이 맛있다고 하니 냉큼 쿠앤크로 구매를
해서 먹어보았는데, 개인적으로 대단히 맛있다고 느낄 정도는
아니었던 것 같아요
저는 오히려 쿠앤크 맛 쉐이크가 단백질 쉐이크 특유의,,
맛이 있다고 생각하는 버전이었습니다

물과 함께 섭취하면 포만감이 덜하다고 느껴서 매번
작은 사이즈의 두유를 부어 믹스해서 먹고 있어요!"
2026-07-23,A000000190168,62697792,2026.07.12,2,0,NORMAL,콘시리얼맛 45g,A02,B04,"C04,C11",6,3510.0,0,0,운멍이,살다살다 이렇게 맛없는 단백질 쉐이크 처음 먹어 봐여(콘시리얼맛 한정) 단맛이 하나도 없고 단백질 맛 겁나 많이 나고 텁텁해요 건더기도 초코나 다른 맛에 비하면 너무 적게 들어 있어요 다른 맛은 진짜 코로도 먹고 입으로도 먹고 싶은 맛이라 기대하면서 먹었는데 단맛이 하나도 없고 잘못 만들어진 게 아닌가 싶었어요... ;;; 영양성분이 좋아서 별점 2점입니다 재구매 의사 없어요 XXX
2026-07-23,A000000190168,62360129,2026.07.05,1,0,NORMAL,쿠키앤크림 45g,A07,B01,"C04,C06",6,2196.0,1,0,정뮤트,뭔가 느끼하구.. 성분도 콜라겐 펩타이드 섞임ㅠ 왜 유명하지 …?
2026-07-23,A000000190168,63152051,2026.07.22,5,1,GIFT,[NEW] 블루베리요거트 45g,A03,B02,"C06,C09",0,1800.0,1,0,리락쿠마쿠마,플라이밀 단쉐가 유명하기도 하고 맛도 다양해서 궁금했는데 블루베리 요거트 맛이 새롭게 나왔길래 구매했어요! 요거트를 워낙에 좋아해서 요거트 들어간 단쉐만 보면 계속 구매하게 되더라구요 물에 타먹어도 맛있고 우유에 타먹어도 맛있어요 성분도 괜찮고 단백질 함량이 높아서 근육 빠지는 것도 방지해줘요 블루베리 요거트 맛이 진하게 나고 토핑도 적당해서 만족하면서 먹었습니다 아침에 간편하게 단백질 채우기 좋아서 다른 맛도 먹어보고 싶어요
2026-07-23,A000000190168,63143297,2026.07.22,5,1,OFFLINE,[NEW] 블루베리요거트 45g,A04,B04,"C08,C09",0,1800.0,1,0,젤리냥이,"처음 먹어봤는데 완전 만족스러워요! 🫐

단백질 쉐이크 특유의 거부감이나 속 더부룩함 전혀 없이 깔끔했고, 상큼한 상큼콤콤한 새콤함이 약간 더해진 블루베리 요거트 맛이라 진짜 맛있게 마셨어요!

무엇보다 물이나 우유 넣고 흔들었을 때 뭉침 없이 엄청 잘 섞여서 너무 편하네요~"
2026-07-23,A000000190168,63143276,2026.07.22,5,1,OFFLINE,피넛버터 45g,A04,B04,"C08,C09",0,1800.0,1,0,젤리냥이,"다른 브랜드에서는 못 본 피넛버터 맛이라 궁금해서 처음 구매해 봤어요! 평소에 피넛버터를 좋아해서 기대했는데 생각보다 훨씬 맛있네요 🥜

자극적이거나 떫게 과한 맛이 아니라 고소한 땅콩 향에 곡물 맛이 살짝 섞인 듯한 깔끔한 느낌이에요
너무 달지 않아서 부담 없고, 안에 바삭바삭하게 씹히는 크런치 볼이 들어있어서 식감도 너무 좋습니다!

뭉침 없이 잘 섞이는 것도 최고예요!
피넛버터 좋아하시면 꼭 드셔보세요~"
2026-07-23,A000000190168,63111849,2026.07.21,5,1,OFFLINE,피넛버터,A02,B03,"C01,C04",0,1800.0,1,0,올리뷰,"뒤에 설명에는 물에 타먹으라고 써있긴한데 개인적으로 좀 밍밍한 맛을 별로 안좋아해서 거의 우유에 타먹는편입니다. 참고해주세요!

피넛버터 맛이 좀 특이하다보니 세일 기간에 여러개 구매했던 것 같긴한데 단백질 쉐이크맛이 거의 거기서 거기라...가끔 질려서 다른맛 먹고 싶다 이생각 들때 괜찮은 것 같아요.

엄청 진한 피넛버터맛까진 아니긴한데 국희 샌드맛이 나요. 땅콩 분태도 조금 들어있습니다. (양이 많진 않아요ㅠㅠ)"
2026-07-23,A000000190168,63111425,2026.07.21,5,0,NORMAL,바나나 45g,A02,B03,"C01,C04",0,1800.0,1,0,올리뷰,"바나나맛은 흔하지 않아서 구매해본건데 진짜 역하거나 인공적인 맛이 아니라 바나나맛우유에 정말 가깝더라구요. 조금 걸쭉한 바나나맛 우유 느낌이에요.

안에 정말 소량이지만 말린 바나나칩이 들어있어서 맛있어요. 개인적으로 칩 양이 좀 더 많이 들어있음 좋겠는데ㅠㅠ 그건 조금 아쉽긴합니다.

요즘 크런틴 제품 잘 먹고있긴한데 크런틴은 건더기가 많은대신 가격이 너무 비싸고 플라이밀은 상대적으로 저렴해서 가성비 생각하면 플라이밀 제품인 것 같긴해요.

피넛버터맛도 먹어봤는데 바나나맛이 제일 맛있어요. 이건 박스로 샀는데 다 먹고나면 재구매할 것 같습니다~"
2026-07-23,A000000190168,63110903,2026.07.21,5,0,NORMAL,피넛버터 45g,A02,B03,"C01,C04",0,1800.0,1,0,올리뷰,"피넛 버터맛은 처음 보는 맛이라 특이해보여서 구매했는데 국희 샌드맛?이 나요! 엄청 리치한 맛은 아니고 우유에 타먹었는데 땅콩샌드랑 우유 같이 먹는듯한 맛이 납니다.

안에 땅콩 분태가 좀 들어있는데 양 자체가 많진 않고 맛도 무난무난했습니다. 그래도 가성비가 다른 프로틴 쉐이크에 비하면 괜찮은편이고 대부분 맛들이 비슷비슷하게 녹차, 초코, 미숫가루맛만 나오는데 이건 특이한 맛이 많아서 종종 재구매해서 사먹을 것 같습니다."
2026-07-23,A000000190168,63033547,2026.07.19,5,0,NORMAL,쿠키앤크림 45g,A04,B06,C08,0,1512.0,1,0,잰뿡빵,간편식으로 먹기 좋을 것 같아서 구매해봤어요! 평소에 먹는 다른 제품이 있는데 똑 떨어져서 도전 차 유명한 제품이라고 들어서 주문해봤습니다ㅎㅎ
2026-07-23,A000000190168,62985167,2026.07.18,5,0,NORMAL,쿠키앤크림 45g,A01,B04,"C07,C09",0,1512.0,1,0,보노밍,"인기많다해서 구매했는데 물만 넣어도 우유넣은듯한 맛이 나요
쿠앤크가 인기 제일 많은 이유를 알 것 같음 단거 땡길 때 추천"
2026-07-23,A000000190168,62908582,2026.07.17,5,1,OFFLINE,브라운 곡물맛 45g,A03,B03,"C02,C04",0,1512.0,1,0,규링2,"1+1할 때 구매해서 저렴하게 구매했고
배고픈데 시간운 없을 때 마시기 좋아요"
2026-07-23,A000000190168,62871207,2026.07.16,5,0,NORMAL,[NEW] 블루베리요거트 45g,A04,B04,"C01,C08",0,1512.0,1,0,기니디리미비시,정작 블루베리는 사진을 안 찍고 1+1으로 구매한 쿠앤크만 사진을 찍었네요. 쿠앤크는 약간 밍밍한 맛이었어요.ㅠ
2026-07-23,A000000190168,62847239,2026.07.15,4,0,NORMAL,피넛버터 45g,,,,1,1350.0,1,0,까만하트,"플라이밀이 맛있고 식감 있는 단쉐로 홍보를 엄청 하는데
제 입맛에는 너무 속세맛이라 자극적으로 느껴졌어요! 

그리고 성분에 유청단백이 있어서인지 아니면 장운동 시키는 성분 많이 들어서인지 이거 먹고 장운동 엄청 되어서 배아프고 바로 화장실 감..ㅋㅋㅋㅋ큐ㅠ 

베지어트나 프로티원은 갠찬았는데 ㅠㅠ 

유당불내증 있거나 장 예민하신 분들은 참고하세요"
2026-07-23,A000000190168,62837715,2026.07.15,4,0,NORMAL,[NEW] 블루베리요거트 45g,A03,B06,"C03,C07",0,1350.0,1,0,흔한코덕,"벌써 10번째 플라이밀 쉐이크네요 ㄷㄷㄷ 플라이밀 쉐이크 건더기가 많고 맛있는터라 꽤 많이 구매해 먹었는데 이게 10번째 플밀 쉐이크라는 건 이제서야 알았어요 ㅋㅋㅋ 그 동안 먹어본 맛이 초코, 블랙(흑임자), 브라운(곡물), 고구마, 돌체라떼, 쿠키앤크림, 피넛버터, 콘시리얼, 바나나에 이어 블루베리요거트까지 꽤 많이 먹었네요. 아직 제가 안 먹어본 맛도 몇 개 더 있는데 새삼 플라이밀 쉐이크 맛이 엄청 다양하다는게 실감나요 ㅋㅋㅋ 블루베리요거트맛은 새로 나온 맛이라 궁금해서 골라봤고, 1+1이라 다른 맛을 하나 더 고를 수 있었는데 고를 수 있는 맛이 브라운(곡물), 피넛버터, 쿠키앤크림, 블루베리요거트 이렇게 4개 밖에 없더라구요ㅠ 그래서 제가 좋아하는 쿠앤크맛으로 골랐어요 ㅎㅎ 1달 뒤에 자세한 후기 가져오겠습니다 :)"
2026-07-23,A000000190168,62604110,2026.07.10,5,0,NORMAL,브라운 곡물맛 45g,A03,B01,"C04,C05",0,1350.0,1,0,올영가는사람,"단거를 좋아해서 그런지 곡물류의 맛보다는 단 맛을 좋아하는 사람의 후기에요!
무난한 맛이었어요. 미숫가루랑 가까운 맛인데 물 양의 조절에 따라 진한 맛이나 연한 맛으로 느껴지실거 같아요.

우유랑 같이 먹으면 더 고소할거 같은 맛이에요!"
2026-07-23,A000000190168,62558075,2026.07.09,5,0,NORMAL,피넛버터 45g,A03,B01,"C04,C05",0,1350.0,1,0,올영가는사람,"땅콩버터 좋아하는 사람들에게 추천드려요! 저는 진하게먹는걸 좋아해서 물 140정도로만 넣는데 잘 섞여요!
땅콩 맛이 나면서 고소한 맛이에요
🥜땅콩이랑 고소한 맛을 좋아하는 분은 좋아할거같아요! 그리고 달달해요

단맛을 싫어하면 호불호가 갈릴수도 있을거 같아요"
2026-07-23,A000000190168,62085256,2026.06.30,5,1,GIFT,쿠키앤크림 45g,A03,B01,C05,2,1260.0,1,1,징지지,"올리브영에서 최근에 가장 많이 주문한 제품이 아닌가 싶은..ㅋㅋ 두달동안 백개는 넘게 주문한 것 같더라고요
세일도 자주해서 세일 때마다 쟁이는데
단쉐중에서는 이게 가장 괜찮은 것 같아요
아무리 성분이 좋아도 맛이 별로면은 좋은거 알면서도
잘 안찾게 되던데 플라이밀은 성분이랑 맛 모두 챙긴 제품입니다 심지어 우유가 아닌 물에 타먹어도 맛있어요
안에 크런치하게 씹히는게 있어서 맛을 더 더해주고
포만감도 들어서 식사대용으로도 좋더라고요
맛이 다양한데 한개한개마다 다 매력있어요~!~!"
2026-07-23,A000000190168,61972707,2026.06.27,5,1,GIFT,쿠키앤크림 45g,A03,B01,"C02,C05",3,1260.0,1,1,우우웅우,"올리브영에서 판매하는 단백질쉐이크
거의 맛 별로 다 주문해보고
신메뉴 나오면 바로 주문할 정도로
단백질쉐이크 진짜 다양하게 먹어봤는데
그중에서도 플라이밀이 가장 맛있고
성분이랑 다 따지면 최고인 것 같아요
맛도 다양해서 여기 브랜드 제품만 돌아가면서 먹어도
10일동안 다양하게 먹을 수 있어요
저는 단쉐 먹을 때는 열량 최소한으로 줄여서 먹는걸 좋아해서 물에도 자주 타먹는데
가장 물에 타먹어도 물에 타먹지 않은 것 같은 맛이나는
제품인듯 합니다 당도 낮고
하나같이 다 맛있어요 다 먹어봤지만
그중에서도 바나나는 꼭 드셔보세요 새로 나온 리얼초코도 맛있어요 ~~"
2026-07-23,A000000190168,62812585,2026.07.14,5,0,NORMAL,쿠키앤크림 45g,A02,B04,"C08,C09",0,1134.0,1,0,정만만,"건더기는 많지 않아서 씹은맛은 살짝 부족하지만 맛은 있어요
특유의 비린맛도 없고 맛있게 먹기 좋습니다"
2026-07-23,A000000190168,62689464,2026.07.12,5,0,NORMAL,브라운 곡물맛 45g,A02,B04,"C04,C13",0,1134.0,1,1,포도팡,고소 무난해요. 맛있게 먹을수 있어서 좋아요. 파우치가 편하긴하네요.
2026-07-23,A000000190168,62531275,2026.07.08,5,0,NORMAL,[NEW] 블루베리요거트 45g,A01,B04,"C02,C05",2,1134.0,0,1,날견뎌,블루베리요고트 강추해요 물만 넣어도 블루베리그무디맛남
2026-07-23,A000000190168,62393026,2026.07.06,5,0,NORMAL,쿠키앤크림 45g,A07,B02,"C01,C12",3,930.0,0,0,berr****,"단쉐 ~~ 1+1하길래 사봣어요 ㅋㅋㅋ
맛낫음 좋겟다리 ~~"
2026-07-23,A000000190168,62467034,2026.07.07,5,0,NORMAL,피스타치오 45g,A03,B04,"C05,C06",0,900.0,1,0,안흥팥찐팥,"💚 내돈내산 찐후기

평소 피스타치오 맛을 좋아해서 궁금해서 구매해봤는데, 생각보다 맛있어서 만족했습니다.

🥛 저는 물만 넣어서 마셨는데도 고소하고 달달해서 우유 없이도 충분히 맛있게 먹을 수 있었습니다.

💚 다만 찐 피스타치오 맛은 아니고 베라 피스타치오 아이스크림 맛과 비슷했습니다. 익숙하고 달콤한 맛이라 부담 없이 마시기 좋았습니다.

 💦그리고 계량 없이 물을 넣을 경우, 파우치에 표시된 계량선보다 조금 적게 넣는 걸 추천합니다. 표시선까지 채우면 조금 연하게 느껴질 수 있어서, 물을 살짝 덜 넣었을 때 훨씬 진하고 맛있게 마실 수 있었습니다.

✔️ 좋았던 점
- 물만 넣어도 충분히 맛있음
- 고소하고 달달함
- 단백질쉐이크 특유의 비린 맛이 잘 안 느껴졌음

✔️ 아쉬운 점
- 진한 피스타치오 맛을 기대했다면 아쉬울 수 있음

맛도 있고 올리브영에서 간편하게 살 수 있어서 급할 때 개별로 사먹기 좋을 것 같습니다~"
2026-07-23,A000000190168,62086734,2026.06.30,5,1,GIFT,쿠키앤크림 45g,A03,B01,C05,1,900.0,1,1,징지지,"단백질쉐이크 돌아가면서 챙겨먹긴 하는데
그중에서 가장 많이 주문한 제품이 플라이밀 같아요
그냥 아무맛 시켜도 다 맛있어서
신메뉴도 그냥 믿고 주문해요 ㅋㅋ
단백질 함량도 높고 하나만 마셔도 든든해서
식단중에 먹기 좋은 제품입니다
맛있기도하고 식단중에 먹는게 적다보니
플라이밀 단백질쉐이크 먹을 때는 기다려질 때도 있는 것 같아요 물에 타먹으면 가볍게 먹기에 좋은데
생각보다 맛있어서 열량 줄이고 싶으신 분들 추천 드려요
물에 타먹어도 거부감 없이 맛있더라고요 좋아요 굿굿ㅎㅎㅋ"
2026-07-23,A000000171423,60632105,2026.06.02,1,1,OFFLINE,텐더블룸+로지+브러쉬+바디키트,,,,78,4950.0,1,0,lszlne,"아니 이게 왜 좋은거에요? 100퍼 다 광고에요
차라리 ㅁㄹㅁ 쓰세요 그 워터제형 뾰족하게 생긴거 
그건 물미역되는데 얜 몇십분 바르고 방치해도 똑같애요..
이게 왜 1위에요 대체 걍 사지말걸 너무 후회해요
진짜 걍 푸석해요 똑같애요 이걸 왜 추천하는지 모르겟음 ㄷㄷ 걍 집에 있는 린스랑 뭔 차인지 모르겟음 
딱히 물미역되고 전혀없음"
2026-07-23,A000000171423,62345309,2026.07.05,1,1,OFFLINE,텐더블룸+로지+브러쉬+바디키트,,,,6,2340.0,1,0,lszlne,"엥 어잉 엥 이게 뭐에요 아무 효과가 없어요 욕시 바이러얼
죽이네요 ㅠ 구냥 사지마세요 ㅠㅠ 진심 ㅁㄹㅁ가 훨 좋아요
하 이거 비싼데 괜히 샀고여 돈낭비 레전드에요 그냥 사지마세요제발요 진짜 하나도 달라지는게 없엉요 울엄마가 쿠팡서 대충산 린스가게 훨 나아요"
2026-07-23,A000000171423,62514656,2026.07.08,5,0,NORMAL,한정 벚꽃+텐더블룸,A03,B06,"C01,C03",2,1674.0,1,0,통장털어찐템찾기,"어노브는 향때문에 애정하는 트리트먼트임,,👍
제형이 되직해서 영양 농축된게 그대로 느껴질 정도 너무 되직해서 짜기 좀 불편하다 정도인데 머릿결 부드러워진다면야 뭐~"
2026-07-23,A000000171423,63144081,2026.07.22,5,0,NORMAL,텐더블룸+로지+브러쉬+바디키트,,,,0,1500.0,1,0,올챙이인선,"일단 헤어팩으로는 이만한게없는듯.
샤워할때도 거의 다 씻기전에 살짝만 발라줘도 은은하게 향남. 
앵간한 트리트먼트나 린스보다 이거쓰면
어차피 빠져야할 머리카락들 많이빠지게해줘서 좋음
그리고 추가하자면 로지아우라 엄청 좋다고 다들 극찬인데 나는 텐더블룸이 젤 좋은거같음. 광고에 홀리지말고 자기가 맡아봤을 때 가장 좋다고 느끼는 향. 그걸 쓰는게 젤 베스트임
텐더블룸 굳굳 이거만 쓰는중ㄹㅇ 로지아우라는 아주 가끔씀 그냥 흔한장미향이라"
2026-07-23,A000000171423,63110738,2026.07.21,5,0,NORMAL,텐더블룸+로지+브러쉬+바디키트,,,,0,1500.0,1,0,Queenyujin,"허리까지 오는 긴생머리에 평소에 늘 즐겨쓰던 트리트먼트인데 텐더블룸, 웜페탈 둘이 전혀 다른 느낌의 향이지만 둘 다 향이 너무 좋아서 꾸준히 쓰고있었는데 기획 상품으로 다른 향이 추가되었길래 사봤는데 요것도 넘 좋아서 리뷰 남겨요😖 제형은 살짝 꾸덕한 편에 향도 진짜 오래가고, 샴푸 ➝ 두피케어&트리트먼트(적어도 3-5분 방치) ➝ 린스 순으로 쓰는데 머릿결 부들부들해지고 향도 미쳤어요..(positive) 기능도 기능인데 향이 별로면 손이 안가잖아요? 향친자로써 로지향도 꾸준히 계속 나왔으면 좋겠어요🩷 진짜 여리여리하고 청순한 향이 난달까요? 앞으로도 계속 내주세요 제발🥹🥹🥹 저 트리트먼트 써보고 향 너무 좋아서 바디로션이랑 바디워시 바꾸는 김에 로지아우라향으로 배송시켰답니다🌹"
2026-07-23,A000000171423,62309524,2026.07.04,5,1,OFFLINE,한정 벚꽃+텐더블룸,A02,B05,"C01,C05",1,1260.0,1,0,lulululalalah,"* 머리숱도 많고 길이도 길어서 트리트먼트
필수인데 어노브 트리트먼트 좋아해서
꾸준히 재구매하고 있어요!!

* 되직한 제형의 트리트먼트이고
샴푸 후 물기제거한 다음 쓰면 좋습니다!!

* 꾸덕한 트리트먼트 좋아하는 분들께
추천하는 제품이에요!!"
2026-07-23,A000000171423,62110517,2026.06.30,5,0,NORMAL,텐더블룸+로지+브러쉬+바디키트,A02,B03,"C05,C08",27,1116.0,1,0,피치키티,"어노브가 정말 가성비 좋음거 같아요
부들부들해지는데 기름 광 느낌이 아닌 보드라운 느낌"
2026-07-23,A000000171423,62605274,2026.07.10,5,0,NORMAL,텐더블룸+로지+브러쉬+바디키트,A03,B02,"C03,C08",0,900.0,1,0,eunbi3804,"꾸덕한 크림 제형이 모발에 부드럽게 밀착되어 사용 후 머릿결이 한층 차분하고 부드러워졌습니다. 텐더블룸과 로지 향도 은은하게 오래 지속되어 향수처럼 기분 좋은 잔향을 남겨줍니다. 브러쉬는 사용감이 편안해 트리트먼트와 함께 사용하기 좋았고, 바디 키트 구성까지 포함되어 있어 더욱 알찬 기획 상품이라고 느꼈습니다. 손상모 케어와 향기로운 헤어 관리를 원하는 분들에게 추천합니다."
2026-07-23,A000000171423,62605198,2026.07.10,5,0,NORMAL,텐더블룸+로지+브러쉬+바디키트,A03,B02,"C03,C08",0,900.0,1,0,eunbi3804,"오일 제형이지만 무겁거나 끈적이지 않고 모발에 가볍게 흡수되어 자연스러운 윤기를 더해줍니다. 드라이 전후로 사용하면 엉킴이 줄어들고 머릿결이 한층 부드러워지는 느낌이 들었습니다. 텐더블룸 향은 은은하면서도 고급스러워 오래 지속되는 점이 특히 마음에 들었습니다. 70ml 더블 구성이라 넉넉하게 사용할 수 있고, 함께 증정된 헤어마스크 40ml는 집중 케어용으로 활용하기 좋았습니다. 손상모 관리와 향기로운 헤어 케어를 원하는 분들에게 추천하고 싶은 제품입니다."
2026-07-23,A000000171423,62112894,2026.06.30,5,0,NORMAL,한정 벚꽃+텐더블룸,A03,B01,C02,3,900.0,1,0,러블토끼,"어노브 딥 데미지 리페어 헤어 마스크를 사용해보았어요
 트리트먼트/헤어팩   320ml 더블듀오 기획으로 선택


한정 벚꽃+텐더블룸으로  하였어요

한정 벚꽃향은  우아하고 사랑스러운 벚꽃향이 은은하게 나요
향지속도 길구요
진하지않고 살 냄새처럼 머리에서 향기가 나요


트리트먼트가 무게감이 있는 제형이라
극손상모에 적합해요
사용후 모발이 부들해지고  사람머리가 되어가요
대용량이라서  긴머리도 팍팍써도 되니 좋아요"
2026-07-23,A000000171423,62091438,2026.06.30,5,0,NORMAL,텐더블룸+로지+브러쉬+바디키트,A02,B06,"C01,C02",1,900.0,1,0,ISTJ0E,"✅구매하게된이유✅
원래 잘 사용하던 제품이라 할인행사를 할인해서 구매했던 가격보다 조금더 하는것같고 사은품으로 조그만 브러쉬도 준다고 해서 다시 재구매해보게된 제품이예요


⭕️이런분들에게 추천드려요⭕️
👉🏻헤어팩처럼 사용하실분들
👉🏻부드러운 머릿결을 원하시는분들
👉🏻손상모이신분들

❌이런분들에게는 추천드리지않아요❌
👉🏻도포하고 짧은시간내에 바로 행궈내실분들
👉🏻향이있는 제품이 부담스러우신분들



📌총평📌
이제품은 끝까지 사용하기가 튜브타입이라서 살짝 불편해요 마지막에는 잘라서 사용해야해서 불편한 감이있는데 그런 단점을 이기고도 사용 전후가 달라서 항상 재구매하는 제품이예요 제품 제형이 꾸덕해서 그런지 부드러워지는게 확실히 달라서 좋은것같아요 다만 제품 도포하고 10분정도 방치하시는걸 추천드려요"
2026-07-23,A000000171423,63174137,2026.07.23,5,0,NORMAL,텐더블룸+로지+브러쉬+바디키트,A02,B05,"C01,C04",0,792.0,1,0,과카몰맄,"진짜 몇통째 쓰는지 모르겠어요!!! 
이거 쓰면 확실하게 머릿결 좋아져서 추천합니다!!"
2026-07-23,A000000171423,63148378,2026.07.22,5,1,OFFLINE,텐더블룸+로지+브러쉬+바디키트,,,,0,792.0,1,0,할루올리푸,"대용량이어서 뿜뿜쓰기 좋다고🐼
곰지 뻣뻣터럭이 부드러워지게 부탁해🍯🖤"
2026-07-23,A000000171423,63065998,2026.07.20,5,0,NORMAL,텐더블룸+로지+브러쉬+바디키트,A03,B03,"C01,C05",0,792.0,1,0,얍얌,사용하고 안하고 차이가 확 느껴져서 매번 재구매하고있는 제품입니다
2026-07-23,A000000171423,62942160,2026.07.17,5,0,NORMAL,텐더블룸+로지+브러쉬+바디키트,,,,0,792.0,1,0,xooox,"향이 독하지 않고 은은해요
처음엔 좋은가 싶었는데
쓰다보니 진짜 부드러워요
탈색모인데도"
2026-07-23,A000000171423,62119084,2026.06.30,5,0,NORMAL,딥데미지 트리트먼트 기획,A01,B05,"C05,C06",4,756.0,1,1,됴럄이쥐,"💚 내돈내산 후기!! 💚

이 트리트먼트 쓴 이후로 광명 찾아써요!! 
제가 매번 재구매하는 아이템 중 하나예요 ㅎㅎ 모든분들께 추천드립니다👍🏻"
2026-07-23,A000000171423,62116663,2026.06.30,5,0,NORMAL,듀오기획 텐더블룸향+웜페탈향,A02,B01,"C01,C03",0,756.0,1,0,세찌세째,머리 감을 때 바로바로 머릿결 부드러워지는 거 보니까 너무 좋아요~
2026-07-23,A000000171423,63131517,2026.07.22,5,0,NORMAL,더블기획 웜페탈 향,A02,B02,"C01,C03",0,660.0,1,0,윤ㅎ,"어노브는 삼푸, 트리트먼트 정착탬 입니다. 다 사용해서 재구매했어요. 머리가 길고 반곱슬이라 이 제품을 사용하면 매끄럽고 차분해져서 만족합니다."
2026-07-23,A000000171423,62947462,2026.07.18,5,0,NORMAL,텐더블룸+로지+브러쉬+바디키트,,,,1,600.0,1,0,Cinnamonster,"출시 초기부터 지금까지 몇 년 째 계속해서 꾸준히 써오는 제품이에요~ 대용량 2개 세트로 계속 재구매중입니다ㅎㅎ
향기도 좋고, 머릿결도 좋아지고, 부들부들 절대 안 엉키고 찰랑거리는데 그렇다고 미끄덩하게 실리콘 코팅되는 느낌도 아니고, 엄청 부들부들해요! 모발 자체가 점점 좋아지기도하구요!!
사용감도 좋고 성능도 좋고 심지어 향도 너무 좋아요. 고급스럽고 진짜 좋아요!
통도 편리하고 디자인도 깔끔하니까 최종 완벽하네요 ㅎㅎ 디자인도 깔끔하고 이뻐서 샤워실에 놔도 조잡해보이지 않고, 짜서 쓰는 튜브타입이라 편리하고 위생적이에요.
출시 초기부터 꾸준히 대용량 2개입 제품을 구매중인데, 요번 바디로션, 빗 기획 너무 좋네요. 빗은 플라스틱에 헤드가 뚫려있어서 샤워실에서 써도 잘 마르고 좋은 타입이에요. 크기도 손보다 작아서 휴대성도 좋구요!"
2026-07-23,A000000171423,62621760,2026.07.10,5,1,OFFLINE,더블기획 텐더블룸 향,A03,B01,"C04,C11",0,594.0,1,0,Mmmmini,꾸덕해서 집중케어에 좋은 거 같은데 사용감이 좀 무겁긴 해요 향 좋아요
2026-07-23,A000000171423,62581037,2026.07.09,5,1,OFFLINE,더블기획 텐더블룸 향,A06,B05,"C01,C02",0,594.0,1,0,yslsol,"트리트먼트 향도 좋고 마침 텐더블룸향 이벤트해서 몇개 쟁겼어요!
샴푸도 사용해봤는데 트리트먼트랑 같이 쓰니 향도 확실히 오래가네요~ 머릿결이 부드러우니 고데기 자주 해도 손상 덜가는거 같아서 만족해요"
2026-07-23,A000000171423,62579241,2026.07.09,5,0,NORMAL,텐더블룸+로지+브러쉬+바디키트,A06,B05,"C01,C05",0,594.0,1,0,빙그르르르로,"되직한 제형에 향이 매우 좋아요
 그리고 이걸로 감고 나면 부드러워서 머리가 좀 덜 엉키는 것 같아요"
2026-07-23,A000000171423,62502959,2026.07.08,5,0,NORMAL,텐더블룸+로지+브러쉬+바디키트,A04,B04,"C01,C05",0,594.0,1,0,말랑쩡,"유명한데 이제써보는데 좋아요! 앞으로 올영에서는 이거살거같아요 많이방치안해도 금방부드러워짐
바디로션 샘플받은건데 이것도 좋음 향이 사기.."
2026-07-23,A000000171423,63183670,2026.07.23,5,0,NORMAL,텐더블룸+로지+브러쉬+바디키트,,,,0,528.0,1,0,인디언미녀,향도  좋고  용량 대비  가성비가 좋아서  세일시 쟁여 놓고 사용함. 머리결 부드러워요
2026-07-23,A000000171423,62912972,2026.07.17,5,0,NORMAL,더블기획 텐더블룸 향,,,,0,528.0,1,0,app987,"샴프랑 같이 써보려고 주운했어요
잘사용해보려구요
향은 진짜 좋네요"
2026-07-23,A000000171423,62838066,2026.07.15,5,1,OFFLINE,더블기획 텐더블룸 향,,,,0,495.0,1,0,쥬주빈,유명한덴이유가 있나바요 ㅎㅎ 친구들한테 완전 소문냈어요 ㅎㅎ
2026-07-23,A000000171423,62794886,2026.07.14,5,0,NORMAL,텐더블룸+로지+브러쉬+바디키트,A05,B02,"C03,C08",0,495.0,1,0,유터니,"어노브제품만 사용합니당!!
트린트먼트 에센스 다 좋아요!"
2026-07-23,A000000171423,62124834,2026.07.01,5,1,OFFLINE,207ml+100ml기획,A01,B03,"C01,C08",0,450.0,1,0,동그라미에요,"대박이에요 !!!!
어노브 핸드크림 너무 잘쓰고 향이 좋아서 헤어팩도 구매했는데요 !! 사람들이 좋다고 입소문 난 제품이라 그런지 진짜 좋더라구요 !!!!❤️
향은 정말 말해뭐해고, 저는 일주일에 한 번 하는데 한 번에 끝나는 윤기가 아닌 일주일간 머리결과 윤기가 유지되더라구요 !!! 진짜 저한테만 그러는 건지 모르겠지만 진짜 좋아요 !!!
근데 가격이 조금 사악한게 단잠이에요 ㅠㅜㅜ 헤어팩을 듬뿍 발라야 하는데 좀 눈물나서 못 그러겠더라구옹"
2026-07-23,A000000171423,61220896,2026.06.09,5,0,NORMAL,텐더블룸+로지+브러쉬+바디키트,,,,5,450.0,1,0,Jessiblessyou,"✅어노브 딥데미지 헤어 트리트먼트 좋아요

✅제형 되직한 크림타입

✅향 :텐더블름이 더 좋아요 웜페탈은 파우더리한 코튼향이예요

✅ 어노브 딥데미지 헤어 트리트먼트 사용 후 머릿경 부두러워지고 헤어 푸석함 덜해요

✅집중관리 시 어노브 딥데미지 헤어 트리트먼트 바르고 히팅캡 또는 그팀 타월 쓰고 10-20분 방치 후 세척하면 좋아요"
2026-07-23,A000000171423,60285015,2026.05.28,5,0,NORMAL,한정 벚꽃+텐더블룸,A02,B05,"C01,C05",43,450.0,1,0,lulululalalah,"* 머리카락이 길고 속곱슬도 심한 편이라서
붕뜨거나 부스스해지는 경우가 많아요!

* 확실히 트리트먼트해주면 머릿결도 그렇고
전반적으로 차분해져서 좋아요!

* 특히 잔향이 좋고 꾸덕한 트리트먼트 좋아하는
분들께 특히 추천하는 제품입니다!"
2026-07-23,A000000259260,62649611,2026.07.11,5,0,NORMAL, ,A06,B04,"C03,C05",1,1134.0,1,0,푸린스,가지고 다니면서 바르는 선스틱이 필요해서 구매했는데 뽀송하면서 잘 발려서 만족중입니다. 야외활동할 때 자주 발라주는데 간편하고 좋아요.
2026-07-23,A000000259260,61862423,2026.06.24,5,0,NORMAL, ,A02,B05,"C02,C06",0,900.0,1,0,키티키티조아,"진짜 여태 써본 선스틱중에 AHC 에어리치 선스틱이 제일 좋아요 ㅋㅋㅋ

저 지금 두번째 재구매해서 사용중이고
푸켓갈때도 이거 수시로 발랐는데 하나도 안탔어요 ㅎㅎㅎ

단점은 금방쓰는거? 아무래도 스틱형태로됫고 수시로 발라주면 금방 줄어드는것같긴해요 ㅋㅋㅋ

근데 그만큼 좋아용 ㅎㅎㅎ 
저는 우선 선크림으로 목뒤 팔 얼굴 발라주고 일정 시간지나고나면 얼굴은 선크림 수시로 발라줄때 있는데 몸은 거의 AHC 선스틱으로만 바르거든요 !
그리고 노세범이라서 겁나좋음 ㅎㅎㅎ

원래 선스틱 안썼던이유중에 하나가 팔에 바르면 털 뭉침도잇고 끈적거리고 해서 바르기싫엇는데 노세범이라서 그런거 전혀없음ㅋㅋㅋ바를때있어도 금방 바로 보송해지고 처음에는 노세범이라 너무 보송해서 이게 발라진건지 안발라진건지했는데 진짜 안타요 ㅎㅎㅎ 골프나 야외운동 그리고 여름철 놀러갈때 진짜 필수!!
특히 목뒷부분 잘 안바르잖아요? 이거 선스틱으로 좀 발라주면 좋아요..아님 목뒷부분만 겁나탐"
2026-07-23,A000000259260,61144280,2026.06.08,5,0,NORMAL, ,A01,B02,C11,13,630.0,0,1,왕서진,"🛍️AHC 마스터즈 에어리치 선스틱 22g

🔎info
20대 직장인 | 악건성 | 17호 피부 | 봄 웜 라이트

💫 총평
선스틱 특유의 끈적임이나 번들거림이 1도 없고 진짜 뽀송해요ㅠㅠ 바른 거 같지도 않게 가벼워서 여름에 목이나 팔다리 바디용으로 쓰기 완전 강추입니다ㅎㅎ

📝 리뷰
✅ 뽀송함
이름 그대로 에어리치라는 말이 딱 맞게 진심 엄청 뽀송하게 마무리돼요! 선스틱 잘못 바르면 오일 바른 것처럼 번들거려서 손이 안 가는데 이건 유분기 싹 잡아주면서 매트하게 밀착되니까 피부가 너무 편안합니다ㅠㅠ

✅ 사용감
바른 부위 만져봐도 유분기나 끈적임이 전혀 없어서 진짜 바른 거 같지도 않은 느낌이에요ㅎㅎ 백탁 현상도 전혀 없고 슥슥 편하게 바르기 좋습니다. 얼굴에 기초 짱짱하게 하고 나서 유분기 누르는 용으로 써도 좋더라고요.

✅ 바디용
끈적거리는 거 제일 싫은 팔이나 다리, 목 뒤 같은 몸에 바르기 최고예요ㅠㅠ 옷에 묻어날 걱정도 전혀 없고 컴팩트해서 가방에 쏙 넣어 다니면서 밖에서 수시로 덧바르기 너무 편합니다ㅎㅎ 바디 선케어 제품 찾으시면 무조건 추천이에요.

🙆‍♀ 재구매 의사
: ⭕️

리뷰가 도움이 되셨다면‘도움이 돼요!👍’버튼 한 번씩 부탁드립니다!"
2026-07-23,A000000259260,62803620,2026.07.14,5,1,OFFLINE, [더블기획] 마스터즈 에어리치 선스틱,A03,B03,"C05,C09",0,594.0,1,0,다채로워용,"남녀노소!! 다 사용가능
인터넷에서 완전 유명하길래 구매해봤는데
짱입니닼ㅋㅋㅋ 끈적? 0.1도 없어요 ㅋㅋㅋㅋ
뽀송 그자체"
2026-07-23,A000000259260,62803377,2026.07.14,5,0,NORMAL, [더블기획] 마스터즈 에어리치 선스틱,A03,B03,"C05,C09",0,594.0,1,1,다채로워용,"두번째 구매!!
바른거 같지않고 남녀노소 누구나 좋아할 
파운더리 뽀송한 선스틱!!

완전 맘에 쏘옥!!!ㅔ"
2026-07-23,A000000259260,62406465,2026.07.06,5,0,NORMAL, ,A03,B04,"C03,C05",0,540.0,1,0,아그네스97,"끈적이는 선제품을 싫어하는 편인데 이 선스틱은 바른 뒤 마무리가 산뜻해서 좋았어요. 손에 묻히지 않고 슥슥 바를 수 있어서 외출 중 덧바르기도 편하고, 백탁 없이 자연스럽게 밀착됩니다. 메이크업 위에 사용해도 크게 밀리지 않아 휴대용으로 자주 챙기게 되는 제품이에요. 여름 데일리 선스틱으로 만족하며 사용 중입니다."
2026-07-23,A000000259260,61992646,2026.06.27,5,0,NORMAL, ,,,,0,450.0,1,0,qqu999,"AHC 마스터즈 에어리치 선스틱을 사용해본 후기 남겨볼게요 😊

평소 선크림의 끈적이는 사용감을 별로 좋아하지 않는데, 이 선스틱은 이름처럼 정말 가볍고 산뜻한 사용감이라 마음에 들었어요. 피부에 여러 번 덧발라도 밀리거나 답답한 느낌이 거의 없었고, 손에 묻히지 않고 간편하게 바를 수 있어서 외출 중에도 자주 사용하게 되더라고요.

가장 만족스러웠던 점은 바른 후 피부가 정말 보송하게 마무리된다는 점이었어요. 유분감이 많은 피부인데도 번들거림 없이 매끈하게 표현돼서 더운 날씨에도 부담 없이 사용할 수 있었어요. 메이크업 위에 덧발라도 뭉침이 심하지 않았고, 끈적임 없이 산뜻한 상태가 유지되는 느낌이라 수정용으로도 만족스러웠어요.

휴대하기 좋은 크기라 가방에 넣고 다니기 편했고, 자외선 차단이 필요할 때 언제든 간편하게 덧바를 수 있어서 활용도가 높았어요. 전체적으로 산뜻한 사용감과 보송한 마무리감을 중요하게 생각하는 분들에게 추천하고 싶은 선스틱이에요. ☀️😊"
2026-07-23,A000000259260,62625578,2026.07.10,5,0,NORMAL, [더블기획] 마스터즈 에어리치 선스틱,A04,,,0,396.0,1,0,선재업고튀어,보송하고 가볍게 발리는 선스틱이라고 유명해서 1+1 샀어요 운동할 때 쓰려고 하는데 끈적임없이 잘 쓸 수 있을거 같아요
2026-07-23,A000000259260,62397052,2026.07.06,5,0,NORMAL, [더블기획] 마스터즈 에어리치 선스틱,A03,B01,"C03,C04",0,396.0,1,0,세시,"ahc 에어리치 선스틱! ☀️
너무 잘 쓰고 있어요. 좋은제품,저렴한가격,맘에듭니다"
2026-07-23,A000000259260,62222438,2026.07.02,5,0,NORMAL, ,A03,B06,"C01,C02",0,396.0,1,0,민꼬맘,남편이 좋아해서 재구매했어요.유분기가 없어서 남자들이 좋아하는거 같아요.운동할때나 평상시에 잘 바르고 있어요.추천합니다
2026-07-23,A000000259260,62043722,2026.06.29,5,0,NORMAL, ,A03,B06,"C01,C05",0,396.0,1,0,현슈슈,"n통째쓰고있는 정착템입니다
여름선스틱은  이만한게 없어요"
2026-07-23,A000000259260,61817550,2026.06.23,5,0,NORMAL, ,A03,B06,C05,2,396.0,0,0,마냐오,"출시 될 때부터 사용하는 제품입니다.
보송한 선스틱 많지만
가장 가볍고 사용감이 좋은 것 같아요."
2026-07-23,A000000259260,61116203,2026.06.07,5,0,NORMAL, ,A02,B01,"C01,C03",5,378.0,1,0,보도리이,"ahc 선케어 제품은 항상 믿고 구매하는 것 같아요~~
선스틱 위로 올리기 작동하기도 쉽고
선크림보다 크기도 컴팩크해서 파우치 휴대하면서 얼굴,목,손등,팔 모두 케어하기 조아여!"
2026-07-23,A000000259260,60717028,2026.06.03,5,0,NORMAL, ,A02,B03,C02,11,378.0,1,0,감자깡더구,"🥰좋았던 점
- 진짜 쿨링 효과가 좋아요. 바르자마자 딱 시원해요. 
- 보송보송한 타입이라 여름에 덧바르기도 좋아요.

😥별로 였던 점
- 없어요"
2026-07-23,A000000259260,62372915,2026.07.05,5,0,NORMAL, ,A02,B06,"C02,C04",0,330.0,1,0,Frances,바디에 바르는 용도로 사용하는데 피부에 닿는 면적이 넓어서 사용하기 편합니다. 사용감이 찐덕이지않고 보송합니다. 요즘 특히 팔이 타서 열심히 바르고 있어요. 선스틱이 딱딱하지 않고 부드럽게 발리고 특별한 향은 없었습니다.
2026-07-23,A000000259260,62221881,2026.07.02,5,0,NORMAL, ,A01,B02,"C01,C05",0,330.0,1,0,연어초밥,바르기 편하긴 한데 화장전 쓰기엔 적합하진 않은듯 비추 팔다리 사용굿
2026-07-23,A000000259260,62007248,2026.06.28,5,0,NORMAL, ,A02,B05,C03,0,330.0,1,0,호두예요,선스틱 최고 예요 언제나 좋네요 ~ 살 탈 걱정 없어요 ㅎㅎ 선크림 계 최고!!
2026-07-23,A000000259260,62646467,2026.07.11,5,0,NORMAL, ,,,,0,297.0,1,0,말차딸기,보송해서 여름마다 사용중입니다! 벌써 몇개째인지 모르겠어요!!
2026-07-23,A000000259260,62786964,2026.07.14,5,0,NORMAL, ,A01,B02,C11,0,270.0,0,0,왕서진,"🛍️ AHC 마스터즈 에어리치 선스틱 22g

🔎info
20대 직장인 | 악건성 | 17호 피부 | 봄 웜 라이트

💫 총평
보송한 마무리감으로 덧바르기 편한 데일리 선스틱!

📝 리뷰
✅ 사용감
선스틱이라 손에 묻히지 않고 간편하게 바를 수 있어 외출 중에도 수시로 덧바르기 좋았어요. 뻑뻑하지 않고 부드럽게 밀려 피부에 자극도 적은 편이었어요.

✅ 마무리감
번들거림이 거의 없고 보송하게 마무리돼서 여름철에도 부담 없이 사용하기 좋았어요. 메이크업 위에 덧발라도 밀림이 심하지 않아 수정용으로도 만족스러웠어요.

✅ 가성비
용량도 넉넉한 편이라 매일 사용해도 오래 쓸 수 있었고, 휴대하기 좋은 사이즈라 하나 가지고 다니기 편했어요. 데일리 선스틱으로 무난하게 손이 자주 가는 제품이었어요.

🙆‍♀ 재구매 의사
: ⭕️

리뷰가 도움이 되셨다면 ‘도움이 돼요!👍’ 버튼 한 번씩 부탁드립니다!"
2026-07-23,A000000259260,62701226,2026.07.12,5,1,OFFLINE, ,A06,B04,"C01,C05",0,270.0,0,0,올영단골링,해당 제품은 전혀 끈적임이 없고 바르면 뽀송한 느낌이고 오히려 바른 느낌도 안날 정도에요 근데 가루로 조금 벗겨지는 느낌이 있긴 한데 크게 신경 쓰일 정도는 아니라서 괜찮아요 얼굴에 유뷴감이 많으신 분들이나 들고 다니면서 선크림 챙기시는 분들에게 추천드려요
2026-07-23,A000000259260,62450968,2026.07.07,5,0,NORMAL, ,,,,0,270.0,1,0,이현정a,"마개가 이중으로 되어있어서 선스틱이 잘 마르지 않아요
다른 선스틱은 사용하다보면 말라서  뻑뻑해지기도 하더라구요
발랐을때 느낌은 부드럽게 발리고 보송한느낌인 것 같은데 만져보면 수분감이 느껴져요 바르고 메이크업해도 밀리지않고 제피부에는 잘맞아서인지 화장도 잘먹는기분이예요
박세리님이 극찬했을때부터 사용했는데 넘 좋아서 재재재구매중"
2026-07-23,A000000259260,62999627,2026.07.19,5,1,OFFLINE, [단품] 마스터즈 에어리치 선스틱,,,,0,264.0,1,0,유니는소중해,항상 사용하는거에요 재구매의사 있습니다 만족 만족 맘에들어요
2026-07-23,A000000259260,62306845,2026.07.04,5,0,NORMAL, ,A01,B02,"C06,C09",0,264.0,1,0,오래누나,AHC 선제품은 자외선 차단도 잘되고 발림성도 다 좋아여. 종류별로 구매했습니다. 다 마음에 들어요!
2026-07-23,A000000259260,62299973,2026.07.04,5,0,NORMAL, ,A03,B02,"C03,C04",0,264.0,1,0,김소피,"피부가 촉촉해지는거 같아서 너무 만족합니다 
재구매할게요"
2026-07-23,A000000259260,61940748,2026.06.26,5,0,NORMAL, ,A01,,"C02,C05",0,264.0,1,0,TWS한진,부모님께 드릴려고 샀는데 좋아하시네요ㅎㅎ 디자인도 이뻐요
2026-07-23,A000000259260,61921926,2026.06.26,5,0,NORMAL, ,A03,B06,"C01,C02",0,264.0,1,0,마키리아,땀나거나 번들거리는거 안 좋아하는데요 노세범 선스틱이라 해서 사봤어요 뽀송하게 덧바를수 있어서 좋아요
2026-07-23,A000000259260,61156810,2026.06.08,5,0,NORMAL, ,A03,B03,"C03,C06",0,252.0,1,0,펄떡펄떡,햇빛 알레르기 있는 친구가 추천해준 선스틱이에요 살짝 레몬향 나서 산뜻하고 바르고나서도 엄청 보송보송해요 친구가 효과는 이게 짱이래서 두고두고 쓰려구요
2026-07-23,A000000259260,61815687,2026.06.23,5,0,NORMAL, ,,,,0,198.0,1,0,지수법칙,"매번 여름이면 사용하는 제품입니다
언제 어디서나 깔끔하게 발리는게 좋아요"
2026-07-23,A000000259260,61161693,2026.06.08,5,0,NORMAL, ,A06,B04,"C03,C05",0,198.0,1,0,푸린스,"가지고 다니면서 쓱쓱 바르는 타입을 원해서 구매한 제퓸이에요. 바르고 나서도 끈적이지 않고, 보송해서 바디에 바르기에 좋아요."
2026-07-23,A000000259260,60554297,2026.06.01,5,0,NORMAL, ,A03,B06,"C01,C02",0,198.0,1,0,민꼬맘,끈적이지 않아서 좋아요.예전에 사용했던 기억이 있어서 올영 세일때 신랑 사줬어요.추천합니다.
2026-07-23,A000000259232,62738606,2026.07.13,5,0,NORMAL,세라놀 마스크 7+1매 기획,A03,B01,"C01,C03",6,3510.0,1,0,젣니,"⭐️모낭염이 있는 상태라면 콜라겐팩은 피해주세여ㅠㅠ 제가 모낭염이 1개가 있는 피부상태에서 이거 팩 해줫는데, 3개로 늘어버렸어요ㅠㅠ 이건 바이오던스 뿐만 아니라 다른 콜라겐팩도 해당합니다. 

바이오던스 팩은 옛날에 써보고 오랜만에 써보는데요, 확실히 좋습니다. 밀착력도 더 좋아졌고 촉촉함도 더 좋아진 것 같아요. 예전에는 건조했는데 지금은 촉촉하네요. 떼어낸 후에도 촉촉하고, 떼어낼때도 촉촉합니다. 

원랜 마무리에 크림 꼭 발라줬는데 여름이라 그럴수도있지만 크림 안 발라도 안 건조해요. 솔직히 비싸서 잘 안 쓰는데, 더워수 피부탄력이 많이 떨어지는 것 같아 다시 씁니다. 

기획세트로 들어있는 헤어핀도 귀엽네요. 근데 자꾸 말려요

콜라겐이랑 세라놀이랑 사실 큰 차이는 없는데, 세라놀이 촉촉하니 추천합니다"
2026-07-23,A000000259232,63038943,2026.07.20,5,0,NORMAL,콜라겐 마스크 7+1매 기획,A03,B01,"C01,C02",1,2520.0,1,0,유리양,"요즘 날씨가 더워서 조금만 밖에 다녀와도 얼굴이 금방 뜨거워지는데, 세안 후 이 겔팩 붙이면 쿨링감이 바로 느껴져서 너무 시원해요!! 피부에 밀착도 잘 되고, 열감이 가라앉으면서 피부가 한결 편안해지는 느낌? 사용 후에는 촉촉함도 오래 남고 다음 날 피부 컨디션도 괜찮아서 여름철 진정팩으로 만족하면서 쓰고 있어요"
2026-07-23,A000000259232,63026396,2026.07.19,5,0,NORMAL,세라놀 마스크 7+1매 기획,A02,B05,"C01,C05",1,2520.0,1,0,lulululalalah,"* 건성피부인데 수면팩 잘 맞는 편이라
꾸준히 해주고있어요!! 시트마스크팩보다
귀찮긴한데 전 확실히 보습효과가 좋더라구요!!

* 자기전에 피부 재생크림 두껍게 발라주고
수면팩 붙이고 자면 다음날까지 얼굴에서
안떨어지고 착 잘붙어있는데다
피부 광나서 너무 만족해요!!"
2026-07-23,A000000259232,63021632,2026.07.19,5,0,NORMAL,세라놀 마스크 7+1매 기획,A02,B01,"C01,C03",1,2232.0,1,0,보도리이,"세라놀 마스크라 그런지 피부가 예민한 날 사용하면 촉촉하고 편안한 느낌이 들어서 만족스러웟어요!! 
밀착력도 좋아서 에센스가 피부에 잘 전달되는 느낌이었고 사용 후에는 피부가 한결 촉촉해 보여서 자주 손이 가서 자주 사용하고 잇어요"
2026-07-23,A000000259232,62942222,2026.07.17,5,0,NORMAL,콜라겐 마스크 7+1매 기획,A02,B04,"C01,C02",1,2232.0,1,0,멩롱낭,오랫동안 붙이고 있어도 마르지 않고 촉촉함을 오래 유지할 수 있어서 좋아요 열감도 잘 내려주고 진정되는 느낌이에요 ! 붙이기 전에 세럼 쫙 발라주고 붙이면 쿨링되는 감과 함께 피부에 흡수 되면서 컨디션 엄청 좋아보여요 👀
2026-07-23,A000000259232,62697951,2026.07.12,5,0,NORMAL,콜라겐 마스크 7+1매 기획,A03,B04,"C04,C05",1,1890.0,1,0,모코코짱,"요즘 에어컨 때문에 피부가 너무 건조해서 보습감 좋은 마스크팩 찾다가 사용해봤어요.

에센스가 넉넉하게 들어 있어서 시트가 마르는 느낌이 없었고, 하이드로겔이라 피부에 착 붙어서 사용하는 동안 불편함이 없었습니다. 저는 냉장고에 넣어뒀다가 사용했는데 붙이는 순간 시원해서 여름에 쓰기 딱 좋더라고요. 피부 열감이 올라왔을 때 사용하니까 쿨링감도 느껴지고 한결 편안한 느낌이었습니다.

팩을 떼고 나서는 피부가 번들거리기보다는 촉촉하게 수분이 채워진 느낌이었어요. 끈적임이 심하지 않아서 남은 에센스만 가볍게 흡수시켜도 마무리가 괜찮았고, 다음 날 아침까지 당김이 평소보다 덜했습니다.

메이크업 전에 사용해봤는데 피부가 촉촉해서 그런지 평소보다 화장이 잘 먹는 느낌이었어요. 햇빛을 오래 본 날이나 피부가 달아오른 날 사용하면 시원하게 진정되는 느낌도 있어서 요즘처럼 더운 날씨에 자주 찾게 될 것 같습니다.

7+1 구성에 퍼글러 굿즈랑 증정품까지 같이 받아서 구성도 만족스러웠어요. 여름에는 냉장 보관해뒀다가 사용하면 쿨링감이 더 잘 느껴져서 저는 그 방법으로 계속 사용할 것 같습니다."
2026-07-23,A000000259232,63199753,2026.07.23,5,0,NORMAL,콜라겐 마스크 7+1매 기획,A03,B06,"C01,C05",0,1800.0,1,0,dpswpffldk,"바이오던스 리얼 딥 마스크 7+1매 기획, 콜라겐으로 구매했습니다. 
같이 온 퍼글러 헤어 고정 시트도 너무 귀여워요!!
저녁 세안 후 콜라겐 마스크팩 붙여주고 있습니다.
겔 형태라서 잘 떨어지지도 않고 마지막까지 촉촉함이 유지되어요.
일주일에 두번 정도 사용해주고있는데 사용 후 피부쫀쫀함, 탱탱함이 느껴져서 좋아요! 강추입니다!"
2026-07-23,A000000259232,63199361,2026.07.23,5,0,NORMAL,세라놀 마스크 7+1매 기획,A01,B04,"C03,C10",0,1800.0,1,0,헬시바라,바이오던스 콜라보가 아직 안 끝났더라고요. 일단 주신 헤어핀  이쁜이(?) 고정 잘 쓸 것 같고요. 이때까지 여러 바이오던스 콜라겐 팩을 써봤지만 세라 놀 마스크는 처음이라 걱정 반 기대 반이었어요. 근데 역시 콜라겐 팩이 장난 아니게 쫀쫀하고 피부에 착 달라붙어서 꿀광피부 쌉 가능합니다. 강력추천!
2026-07-23,A000000259232,63192006,2026.07.23,5,0,NORMAL,세라놀 마스크 7+1매 기획,,,,0,1800.0,1,0,황금수달,"기존에 콜라겐 라인을 만족하면서 사용하고 있어서 세라놀도 구매해봤는데 기대 이상이었어요 피부가 예민해지는 날 사용했는데 자극 없이 진정되는 느낌이 들었고, 사용 후 피부가 촉촉하고 탄탄해 보여 만족했습니다~~ 시트가 부드럽고 얼굴에 빈틈없이 밀착돼 에센스가 잘 전달되는 것 같았어요 떼어낸 후에도 끈적임이 적어서 바로 크림을 바르거나 메이크업을 해도 밀리지 않았고, 수분감이 오래 유지되는 점이 특히 마음에 들었습니당!

요즘처럼 에어컨 때문에 피부가 쉽게 건조해질 때 사용하기 딱 좋은 제품이라 꾸준히 사용할 것 같아요💕 패키지도 귀여워서 선물용으로도 괜찮을 것 같습니당 ⭐️⭐️"
2026-07-23,A000000259232,63181037,2026.07.23,5,0,NORMAL,세라놀 마스크 7+1매 기획,A03,B01,C07,0,1800.0,1,0,킴응지이,"시트팩에서 정말 중요한 점이 시트팩이 부드럽기와 밀착감인데 적당히 부드럽고 무엇보다 얼굴에 챡 ! 달라붙습니다.
너무 두껍지 않아 피부에 영양 전달을 빨리 해주는것 같았어요.
그리고 제가 이 팩을 구매한 가장 큰 이유 !! 마스크팩 떼고나면 얼굴에 반들반들 겉도는 애들 너무 많은데 이 마스크팩은 피부 흡수력이 정말 좋습니다. 바로 화장해도 밀리지 않을만큼 흡수력이 좋고 위에 크림 발라도 미끌거리지 않을만큼 좋아요. 민감피부에도 사용하기 좋은 마스크팩이고 집에서도 간편하게 리프팅과 탄력효과를 볼 수 있어 넘 만족해요^^"
2026-07-23,A000000259232,63126239,2026.07.22,5,0,NORMAL,세라놀 마스크 7+1매 기획,A03,B04,"C01,C10",0,1800.0,1,0,용가잉,"겔 마스크는 돌고 돌아 바이오던스...
밀착력 흡수력 다 남달라요! 바이오던스 팩 하고나면 피부 쫀쫀해진 게 느껴짐 중요한 날 전에는 꼭 써요
콜라겐만 써보다가 세라놀이 좋다길래 구매해봤는데 진짜 좋아요! 요즘같이 습한 날씨에 수부지면 오히려 수분 없이 유분기만 그득그득 차는데 피부에 수분감을 가득 넣어줘요!
이번에 콜라보 헤어 시트도 너무 귀엽고ㅠ 담에 또 쟁일래용"
2026-07-23,A000000259232,63125369,2026.07.22,5,0,NORMAL,콜라겐 마스크 7+1매 기획,,,,1,1800.0,1,0,좋아좋아요,"최근 피부가 푸석하고 탄력이 떨어진 느낌이 들어 집중 관리용 마스크팩을 찾다가 바이오던스 리얼 딥 마스크 콜라겐 기획 세트를 구매했습니다. 7+1 구성이라 넉넉하게 사용할 수 있었고 퍼글러 헤어 고정 시트까지 함께 들어 있어 실용성과 재미를 모두 갖춘 기획이라는 점이 마음에 들었습니다. 포장도 꼼꼼했고 유통기한도 넉넉해서 천천히 사용할 수 있다는 점도 만족스러웠습니다.

시트를 꺼내 보니 에센스가 정말 아낌없이 들어 있었고 피부에 올리는 순간 부드럽게 밀착되었습니다. 얼굴을 움직여도 쉽게 떨어지지 않아 사용감이 편안했고, 시간이 지나도 시트가 쉽게 마르지 않아 끝까지 촉촉하게 사용할 수 있었습니다. 피부에 닿는 촉감도 부드러워 예민한 피부에도 부담이 적었고, 자극 없이 순하게 사용할 수 있었습니다. 사용하면서 피부가 편안하게 진정되는 느낌도 함께 받을 수 있었습니다."
2026-07-23,A000000259232,63098286,2026.07.21,5,0,NORMAL,세라놀 마스크 7+1매 기획,A03,B04,"C01,C02",0,1800.0,1,0,무지개같다,"바이오던스 콜라겐 겔 마스크팩 써보고 넘 만족했는데 세라놀 겔마스크팩이 퍼글러랑 콜라보 했더라구요? 제품력도 좋고 퍼글러도 넘 귀여워서 사봤어요!
겔마스크인데도 밀착력 좋았고 생각보다 잘 안 흘러내려요
저는 수면팩으로 활용해줬는데 담날 피부 컨디션 미침...

제 리뷰가 도움이 되셨다면 좋아요 버튼👍 부탁드려요😍😍"
2026-07-23,A000000259232,63048041,2026.07.20,5,0,NORMAL,콜라겐 마스크 7+1매 기획,A03,B06,"C01,C03",0,1800.0,1,0,통장털어찐템찾기,"피부가 건조하고 푸석할때 집중 관리용으로 좋아요 
바이오던스는 말해모해죠,,하이드로겔 시트라 피부 굴곡에 맞게 착 밀착되고, 팩을 붙인 상태에서도 쉽게 흘러내리거나 들뜨지 않아 편하게 사용할 수 있는 팩이에요! 
피부화장도 잘 먹고 붙이면 쿨링감이 느껴져 여름에 진정용으로 붙이기 아주 좋아요"
2026-07-23,A000000259232,63036430,2026.07.20,5,0,NORMAL,콜라겐 마스크 7+1매 기획,A03,B03,"C06,C09",0,1800.0,1,0,LaLaRa,"바던 팩 늘 잘 쓰고 있어요! 흘러내림 없고 쫀쫀하게 잘 붙어 있어요 겔 시트라 촉촉하고 쿨링감도 느껴져서 여름에 시원하게 붙이고 있기 좋아요 두세시간 붙여도 좋고 수면팩으로도 굿,,! 이번에 기획으로 퍼글러 헤어시트 들어있는데 귀여워요"
2026-07-23,A000000259232,63015412,2026.07.19,5,0,NORMAL,콜라겐 마스크 7+1매 기획,A03,B03,"C01,C02",0,1800.0,1,0,yse6797,"콜라겐팩 좋아해서 여러가지 써봤지만 바이오던스로 계속 돌아오게되는거같아요!
팩 크기도 적당하면서 밀착력 좋고 쿨링, 보습도 잘 돼서 좋아요
특히 목욕 후에 피부 열감 올라올때 세럼 바르고 붙여주면 시원하면서 보습 잘 돼서 다음날 피부가 광이 나더라구요
마지막 사진은 붙인 뒤 3시간 지난 사진인데 투명하게 흡수돼서 잘 붙어있어요 강추합니다 👍🏻 👍🏻"
2026-07-23,A000000259232,63009113,2026.07.19,5,0,NORMAL,콜라겐 마스크 7+1매 기획,A04,B04,"C01,C02",0,1800.0,1,0,gmlfnfl1,"워낙 유명한 바이오던스 마스크라 항상 애용하고있어요
이번 구성은 헤어고정시트도 같이있어서 더 좋았구요
스킨케어를 하고 마스크를 올려주면 피부가 바로 시원해져서 피부진정에 정말 좋아요 쿨링효과때문에 모공에도 좋을듯하구요! 저녁에 올려놓고 있으면 딱 좋아요"
2026-07-23,A000000259232,62997299,2026.07.19,5,0,NORMAL,세라놀 마스크 7+1매 기획,A03,B03,"C01,C03",0,1800.0,1,0,또또기,"바이오던스 항상 추천만받다가 사본건 첨인데
붙이고 3시간정도 있으니 진가가 나타나는
신기하고 신박한 팩인거같아요 :)
콜라겐이 더 유명한데 여름이라 보습 신경쓰려고 
세라놀로 구매했어요 완전 만족스러워요 ㅎㅎ
금액이 나가서 부담스러웠는데 이유가 있네용 :)"
2026-07-23,A000000259232,62912759,2026.07.17,5,0,NORMAL,콜라겐 마스크 7+1매 기획,A03,,,0,1800.0,1,0,별이뉸냐,"한번 사용해보면 계속 쓸수 밖에 없게 만드는 바이오던스 콜라겐 광채 겔 마스크!!
구성이 좋아 재구매 했어요
특가 때 주문하면 가성비가 더 좋아집니다^^
이렇게 밀착력이 좋은 겔 마스크도 드문데
붙이고 있는 내내 착붙이라 불편함이 없어요
트러블이 올라 올랑 말랑 할때 사용하면 진정이 빨리 되서 믿고 씁니다! 특히나 요즘 같은 날씨에 붙여 주면 피부온도를 확 내려줘서 시원해요~"
2026-07-23,A000000259232,62873501,2026.07.16,5,0,NORMAL,콜라겐 마스크 7+1매 기획,A01,B03,"C01,C02",0,1800.0,1,0,iuudiw88,"콜라겐이라 여름 햇빛 많이 본 날 신경쓰여서 해줬는데 겔 타입이라 자극 없이 너무 좋아요 냉장고에 넣어뒀다 해주니까 운동 후 뜨거워진 피부 싸악 식혀주는 느낌
붙이고 막 질질 흘러내리지도 않고 딱 잘 준비하고 붙이기 좋습니당 붙이고 자면 무의식 중에 떼어내고 자요"
2026-07-23,A000000259232,62863833,2026.07.16,5,0,NORMAL,콜라겐 마스크 7+1매 기획,A04,B03,C09,0,1800.0,1,0,워니쨔야,"바이오던스 리얼 딥 마스크 콜라겐을 사용해보고 가장 만족스러웠던 점은 쿨링감이었어요. 냉장 보관 후 사용했더니 피부에 닿는 순간 시원한 느낌이 정말 기분 좋았고, 햇볕이나 더위로 달아올랐던 피부가 한층 편안하게 진정되는 느낌을 받을 수 있었어요.

마스크팩이 얼굴에 빈틈없이 밀착돼 에센스가 피부에 촉촉하게 전달되는 점도 마음에 들었습니다. 사용 후에는 피부가 건조하지 않고 촉촉하게 수분이 채워진 듯한 느낌이 오래 유지됐고, 피부결도 한결 매끈해 보였어요.

특히 요즘처럼 무더운 여름에는 시원한 쿨링 케어를 원할 때 사용하기 정말 좋은 제품이라고 느꼈습니다. 냉장고에 넣어두었다가 저녁 스킨케어 마지막 단계에서 사용하면 피부의 열감을 빠르게 식혀주는 느낌이라 하루의 피로까지 함께 풀리는 기분이었어요.

피부가 쉽게 달아오르거나 여름철 시원한 마스크팩을 찾고 있다면 만족도가 높을 제품입니다. 촉촉한 보습감과 함께 피부를 편안하게 진정시켜 주는 느낌이라 앞으로도 꾸준히 사용할 것 같아요."
2026-07-23,A000000259232,62862390,2026.07.16,5,0,NORMAL,콜라겐 마스크 7+1매 기획,A03,B01,"C01,C05",0,1800.0,1,0,쿠림쿠림아쿠림,"겔팩!! 없으면 서운하져! 바던팩! 항상 쟁여놓죠&gt;_&lt; 
여러 컬러(?) 다양하게 씁니당ㅎㅎ
여름에 올려두면 시원하니 좋아용!
보습력도 높여주는 것 같구 사계절 내내 씁니당 히히
요러케 기획 나오면 또 사야죠ㅣ 못 참징
PDRN 은 처음인데 좋겠죠?!"
2026-07-23,A000000259232,62679951,2026.07.12,5,0,NORMAL,콜라겐 마스크 7+1매 기획,A02,B04,"C01,C05",1,1674.0,1,0,룽륭,너무 좋아하는 팩! 겔마스크팩중에 가장 사용 후에 피부 좋아보이는것같아요 가격이 조금 있어서 아껴쓰지만 그래도 사용 후에는 정말 피부 쫀쫀부들한느낌나서 너무좋아요! 저녁에 샤워하고나서 하면 피부열감 싹 내려줌!
2026-07-23,A000000259232,63168703,2026.07.23,5,0,NORMAL,세라놀 마스크 7+1매 기획,A03,B06,"C06,C09",0,1512.0,1,0,xaun,여유로운 날 누워서 이 팩 하고 4시간동안 넷플보고 뭐하고 나면 팩이 투명해지는데 그 때부터 10분후에 떼는 편인데 피부에 광나고 너무 좋아요 수분도 충전되고 굳굳! 속건조도 잡아주고 화잘먹 피부만들어줘요
2026-07-23,A000000259232,63121975,2026.07.21,5,0,NORMAL,콜라겐 마스크 7+1매 기획,A04,B04,"C01,C03",0,1512.0,1,0,앙냥해,"재구매템!!
콜라겐 마스크가 근본이라 제일 호불호없이 사용하기 좋아요
마스크팩을 비닐로 양면을 다 감싸고있어서 위생적으로도 안심돼요
오래 붙이고있으면 수분이 점점 날아가 하얘지는데 저는 너무 날아가기 전에 떼주는 편입니다"
2026-07-23,A000000259232,63116632,2026.07.21,5,0,NORMAL,세라놀 마스크 7+1매 기획,,,,0,1512.0,1,0,호박벌욤,바이오던스 콜라겐 팩 잘 사용 중인대 이번에 퍼글러랑 콜라보하면서 캐비어 팩도 한장 껴 주길래 궁금했던 세라놀 구매해 봤어요!!메이크업 필수품 찍찍이와 함께 좋은 팩 ^^
2026-07-23,A000000259232,63113635,2026.07.21,5,0,NORMAL,세라놀 마스크 7+1매 기획,A04,B06,"C05,C11",0,1512.0,1,0,드르르륵,겔팩 명가 바이오던스! 세라놀 팩은 처음 사용해보는데 촉촉하고 자극도 없어서 1일1팩으로 써도 좋을것같아요! 앞으로도 바이오던스팩으로 정착하려고 합니다!
2026-07-23,A000000259232,63110268,2026.07.21,5,0,NORMAL,세라놀 마스크 7+1매 기획,A03,B06,"C01,C03",0,1512.0,1,0,midoriii,평소 유명해서 궁금했던 바이오던스 겔 마스크팩을 드디어 써봤어요! 콜라겐이 유명하긴 하지만 제가 좋아하는 퍼글러를 위해 세라놀로 구매했어용 촉촉하게 수분감이 채워지는 느낌이라 좋아요!
2026-07-23,A000000259232,63059478,2026.07.20,5,0,NORMAL,세라놀 마스크 7+1매 기획,A01,B02,"C01,C02",0,1512.0,1,0,진모,마스크팩이 쫀쫀하게 잘 붙어있어서 좋고 2~3시간 붙혀놔도 건조한 느낌도 안들고 촉촉해요! 입소문난 제품이라 너무 궁금했는데 써보니까 유명한지 알겠어요 때고 나면 보들촉촉해져서 1일1팩 중입니다 너무 좋아요 ㅜㅜ
2026-07-23,A000000259232,62930845,2026.07.17,5,0,NORMAL,콜라겐 마스크 7+1매 기획,A01,B01,C01,0,1512.0,1,0,bbh27,⭕️확실히 다른 팩에 비해서 훨씬 촉촉하고 팩하고 난 뒤에 수분감이 오래 가는 느낌이예요! 가격이 조금 있지만 가격 값을 하는 팩이라고 생각합니다
2026-07-23,A000000171427,62910288,2026.07.17,5,0,NORMAL,티트리 200매+케이스+스티커,A03,B04,"C01,C08",24,11592.0,1,0,jirok222,자주 사용하는 패드라서 재구매했어요!이번에는 티트리로 샀는데 메이크업 하기전에 열감도 내려주고 건조한 부위에 5분정도 붙이고 있으면 화장이 잘먹어요!
2026-07-23,A000000171427,62866303,2026.07.16,5,0,NORMAL,PDRN 200매+케이스+스티커,A06,B02,"C05,C06",23,11592.0,1,0,문문무,요새 여름이니까 가볍게 팩토너할수있는 걸 찾았는데 딱이에요
2026-07-23,A000000171427,62824174,2026.07.15,5,0,NORMAL,티트리 200매+케이스+스티커,A03,B04,C05,27,11070.0,1,0,징지지,"돌고돌아 토너팩은 메디힐만한게 없어요..
토너패드 정말 올리브영에서 유명한거 다 써봤는데
밀착력이나 토너 자체의 퀄리티는 메디힐이 최고네요
괜히 마스크팩 맛집이 아닌 느낌..ㅎ

일단 패드 자체가 거즈로 된 
피부가 비칠 정도로 정말 얇은 패드인데
이게 밀착력이 그냥 일어서서 뭐 해도
안떨어질 정도로 피부에 착 달라붙어있어요
얇고 밀착력이 좋아서 그게 피부로 다 전달되는 느낌이라
흡수력도 좋고 피부 열감 내려주기에도 좋아요

거즈라서 닦토는 피부 상태에 따라 자극이 될 수는 있지만
팩토로는 다른거 다 가져와도 이게 이겨요
거의 미니 팩 하는 느낌 무겁지 않고 수분충전을 꽉 해주는 느낌이라 메이크업 전에 사용하면 메이크업 진짜 잘 먹습니다 저는 피부 컨디션 좋을 때는 두장 꺼내서 반반씩 닦토하고 볼에 얹어줬고 피부 상태가 안좋다 싶을 때는 
닦토 생략하고 얹어주거나 닦지않고 살짝씩 눌러주면서
흡수시켜준 다음 팩토하면 자극 없고 좋더라고요
용량도 많아서 휘뚜루마뚜루 쓰기 좋아요"
2026-07-23,A000000171427,62850694,2026.07.15,5,0,NORMAL,티트리 200매+케이스+스티커,A03,B03,"C03,C04",26,10530.0,1,0,넘버o,"피커가 레전드~~
당겨서 떼지말고 앞으로 밀듯이 떼면 피커에 쫩 달려서 신세계임
소분 통도 실리콘 덧대어 있어서 내용물 안새고 좋음
요즘 트러블 좀 올라와서 티트리로 구매했어요
평소엔 마데카소사이드 사용합니다
거즈면이라서 가끔 코 둥글둥글 하면 각질 정리도 되고 굿굿"
2026-07-23,A000000171427,62672807,2026.07.11,5,0,NORMAL,히알루론산 속보습 패드 200매,A01,B04,"C01,C02",24,9450.0,1,0,플렛,"솔직하게 말하자면, 갑자기 그 기프트카드 10000원 있는게 사용일이 이거 구매한 날까지라고 해서 뭐 살까 이것 저것 보다가 토너패드는 항상 부족하니까 그냥 샀습니다. 
뭐.. 평소 피부 속건조가 있는 편이라 토너패드를 자주 사용하는데, 이번에는 메디힐 제품 자체가 워낙 유명하기도 하고 대용량이라 좀 맘 편히 사용할 수 있을 것 같아서 선택했습니다 ㅋㅋ

✨ 사용감
패드에 에센스가 충분히 적셔져 있어서 닦토로 사용하기도 좋고, 건조한 부위에 잠깐 올려두는 팩처럼 사용하기에도 괜찮았습니다. 
저는 보통 후자로 사용하고 있긴 해요 ㅋㅋ
사용 후에는 끈적임이 심하지 않고 촉촉하게 마무리돼 아침, 저녁 모두 부담 없이 사용할 수 있었어요. 자극도 거의 없는 편이라 매일 사용하기 좋았습니다.

💖 사용 후 느낌
세안 후 가장 먼저 사용하면 피부가 촉촉하게 정돈되는 느낌이 들었고, 속당김도 어느 정도 완화되는 것 같았습니다. 
메이크업 전에 사용하면 피부결이 정돈돼 화장도 조금 더 잘 먹는 느낌이 있었어요. 
드라마틱한 변화보다는 꾸준히 사용하면서 피부 수분감을 유지하기 좋은 데일리 패드라는 생각이 들었습니다.

✔ 좋았던 점
✔ 에센스가 넉넉하게 들어 있어 촉촉함
✔ 속건조 완화에 도움이 되는 느낌
✔ 자극이 적어 매일 사용하기 좋음
✔ 메이크업 전 피부결 정돈용으로도 괜찮음
✔ 200매 대용량이라 가성비가 좋음

💬 총평
데일리로 부담 없이 사용할 수 있는 보습 토너패드를 찾는다면 만족도가 높은 제품이었습니다. 
속건조가 있는 피부에도 촉촉하게 사용할 수 있었고, 메이크업 전 피부결 정돈용으로도 괜찮았습니다. 
200매 대용량이라 아낌없이 사용할 수 있는 점이 가장 만족스러웠고, 앞으로도 꾸준히 사용하기 좋은 보습 패드라고 생각합니다."
2026-07-23,A000000171427,62832705,2026.07.15,5,0,NORMAL,PDRN 200매+케이스+스티커,,,,23,8694.0,1,0,망먕망,"같이 주는 집게가 좋아요 
촉촉하고 면도 넓어서 좋습니다!! 
앰플도 넉넉히 들어있어요"
2026-07-23,A000000171427,62111051,2026.06.30,5,0,NORMAL, PDRN 모공 탄력 패드 200매,A02,B05,"C04,C06",35,8316.0,1,0,고란희,"메디힐 제품은 믿고 쓰지요옹
저거 뭐래야하지 피커??? 혁명임
모든 패드들 집게 없애고 저걸 들여라"
2026-07-23,A000000171427,62902447,2026.07.17,5,0,NORMAL,마데카소사이드 흔적 패드 100매,A01,B01,"C03,C04",9,6840.0,1,0,올리뷰과몰입,"요즘 피부가 뒤집어지고🚨
뾰루지 남은 자국이 너무 신경 쓰여서 흔적 지워준다는
마데카소사이드로 구매해봤음ㅋㅋㅋ 

통 안에 에센스가 진짜 찰랑거릴 정도로 듬뿍 들어있어서 마지막 한장까지 촉촉하게 쓸 수 있음 아침에 세안하고 붉어진 양쪽 볼에 하나씩 올려두면 피부 진정이 싹

얇은 재질이라 얼굴 굴곡진 곳에도 착 달라붙어 있고 부드러워서 매일 닦아내도 자극 하나도 없음

백장이나 들어있으니까 아침저녁으로 팍팍 써도 부담이 없음ㅋㅋㅋ 피부 뒤집어졌을때 진정용으로 완전 추천함"
2026-07-23,A000000171427,62840870,2026.07.15,5,0,NORMAL,히알루론산 속보습 패드 100매,A01,B01,"C03,C04",10,6210.0,1,0,올리뷰과몰입,"7종 다 구매해봤어요.
어느세월에 하나씩 사보려다가는 
평생 다 못 써볼거 같아서요 
그래서 지금은 텅장~ 🤑

히알루론산 패드 써봤구요
우선 재질?은 겔마스크팩 엄청 얇은 느낌이에오 
그래서 답답함? 같은게 없고
진짜 초밀착 !! 
그래서 굴곡진 광대라던지, 이마라던지 
딱 그대로 잘 붙어있네요!! 

카멜레온이 따로없음!! 숨은그림찾기 해야할 정도? 

민감성 인데 자극없이 편하게 썻네요 
첫 스타트 히알루론산으로 시작 했으니 

또 조만간 돌아올게요!"
2026-07-23,A000000171427,62902353,2026.07.17,5,0,NORMAL,피토엔자임 각질필링 패드 100매,A01,B01,"C03,C04",8,6120.0,1,0,올리뷰과몰입,"요즘 날씨 탓인지 코 옆에 각질이 엄청 올라와서 각질필링용으로 구매해봤음ㅋ

다른 패드들도 써봤는데 여기는 안에 에센스가 진짜 찰랑거릴 정도로 듬뿍 들어있어서 너무 좋고 

아침에 세안하고 이걸로 스윽 닦아내면 피부결이 완전 매끈해짐ㅋㅋㅋ 얼굴 굴곡진 곳에도 잘 붙어있고 부드러워서 매일 닦아내도 자극 하나도 없음 백장이나 들어있으니까 아침저녁으로 팍팍 써도 줄어들지가 않음ㅋㅋㅋ 

각질 고민이면 무조건 추천함 다 쓰면 다음에도 다시 살 거 같음"
2026-07-23,A000000171427,62107833,2026.06.30,5,0,NORMAL, PDRN 모공 탄력 패드 200매,A03,B02,"C01,C06",34,5796.0,0,0,필리뽀,새로 바뀐 집게가 너무 좋네요 완전 만족해요 집게는 두고 쓰고싶어요
2026-07-23,A000000171427,62953574,2026.07.18,5,0,NORMAL,티트리 200매+케이스+스티커,,,,22,5436.0,1,0,소리시아,"이거 뭐에요???
이렇게 깔끔하게 한장 꺼내서 사용할수있는거 ㄹㅇ 혁명아닌가요 이런거 꺼낼때 불편한데 진짜 이거 너무 좋아요 물론 패드도 짱좋음"
2026-07-23,A000000171427,62902244,2026.07.17,5,0,NORMAL,비타민씨 잡티토닝 패드 100매,A01,B01,"C03,C04",7,5400.0,1,0,올리뷰과몰입,"요즘 안색이 어둡고 잡티가 신경 쓰여서
비타민씨로 구매해봤음

통 안에 내용물이 찰랑거릴 정도로 많아서 마지막까지 마르지 않게 쓸 수 있을 것 같았고 아침에 세안하고 양쪽 볼에 붙여두고 머리 말리면 피부가 시원해져서 화장이 정말 안 밀리고 잘 먹음

당장 잡티가 사라지는 건 아니지만 꾸준히 쓰니까 피부톤이 맑아지는 느낌이라 아주 마음에 듦 얇은 재질이라 굴곡진 곳에도 착 달라붙어 있고 부드러워서 닦아낼 때 자극도 없음 백장이라 아침저녁으로 팍팍 써도 부담 없어서 좋음 피부 칙칙해서 고민이면 추천함"
2026-07-23,A000000171427,62081066,2026.06.30,5,0,NORMAL, PDRN 모공 탄력 패드 200매,A03,B06,C01,25,4716.0,0,0,GinWife,우선 리필까지 포함된 대용량 기획이어서 가성비도 좋았고 밀착력이 좋아서 팩 대용으로 사용하기 정말 좋았던 제품임
2026-07-23,A000000171427,62080324,2026.06.30,5,0,NORMAL, PDRN 모공 탄력 패드 200매,A02,B05,C10,27,4716.0,0,0,써니써니니,"패드가 얇아서 붙이고있기 편하네요.
좋아서 벌써 리필 뜯어서 쓰고있어요."
2026-07-23,A000000171427,61916432,2026.06.25,5,0,NORMAL, PDRN 모공 탄력 패드 200매,A03,B03,"C06,C09",27,4716.0,0,0,LaLaRa,메디힐 더마 패드 시리즈 좋아하는데 pdrn도 만족해요 늘어나서 편해요
2026-07-23,A000000171427,62902235,2026.07.17,5,0,NORMAL,티트리 트러블진정 패드 100매,A01,B01,"C03,C04",6,4680.0,1,0,올리뷰과몰입,"요즘 피부에 힘이 없는 것 같아 탄력 채워주는 콜라겐으로 구매해봤음

통 안에 내용물이 찰랑거릴 정도로 듬뿍 들어있어서 마지막 한 장까지 마르지 않고 쓸 수 있을 것 같고 아침에 세안하고 양쪽 볼에 하나씩 올려두고 머리 말리면 얼굴 열도 내려가고 화장이 정말 밀림 없이 잘 먹음 

피부결 정돈도 깔끔하게 되고 마무리감이 쫀득해서 아주 마음에 듦 얇은 재질이라 얼굴 굴곡진 곳에도 들뜨지 않고 찰싹 달라붙어 있음 백장이라 용량도 많아서 아침저녁으로 피부에 올려두고 아낌없이 쓰고 있음"
2026-07-23,A000000171427,62902117,2026.07.17,5,0,NORMAL,PDRN 모공 탄력 패드 100매,A01,B01,"C03,C04",5,4392.0,1,0,올리뷰과몰입,"메디힐 패드는 늘 쓰는거라 믿고 샀어요ㅋㅋ 
요새 모공 고민이라 피디알엔으로 골랐는데

확실히 마무리감이 더 쫀쫀한 느낌이네요. 
에센스도 완전 찰랑찰랑하게
들어있고 패드도 부드러워요.

✨✨아침에 팩토로 쓰기 딱 좋습니다 !!"
2026-07-23,A000000171427,62090105,2026.06.30,5,0,NORMAL, PDRN 모공 탄력 패드 200매,A01,B01,C01,26,3996.0,0,0,보라미감자,패드가 늘어나서 2장으로 충분히 얼굴 전체 커버 가능합니다 촉촉하고 좋습니다
2026-07-23,A000000171427,62902210,2026.07.17,5,0,NORMAL,콜라겐 탄력채움 패드 100매,A01,B01,"C03,C04",5,3960.0,1,0,올리뷰과몰입,"메디힐 패드는 예전부터 쓰던 제품인데

이번에는 탄력이 고민이라
콜라겐으로 구매해 보았습니다.

통 안에 에센스가 넉넉하게 들어있어서
백장 모두 마지막까지
촉촉하게 사용할 수 있을 것 같아 마음에 듭니다.

아침에 세안하고 양쪽 볼에 올려두고 머리를 말리면 팩을 한 것처럼 피부가 쫀쫀해지는 느낌이 들고 수분을 채워주고 화장을 하면 들뜨는 현상 없이 화장이 잘 먹어서 매일 아침 필수로 쓰고 있습니다. 

패드 원단도 부드러워서 자극이 없고 얇아서 얼굴에 밀착이 잘 됩니다.

아침저녁으로 매일 써도 부담 없는 용량이라 다 쓰면 무조건 재구매할 생각입니다."
2026-07-23,A000000171427,62360839,2026.07.05,5,0,NORMAL,콜라겐 탄력 채움 패드 200매,,,,25,3384.0,1,0,꼬은,화장하기전에 얼굴에 붙여놧다가 닦아내면 진짜 화잘먹 피부돼요
2026-07-23,A000000171427,62698182,2026.07.12,5,0,NORMAL,PDRN 200매+케이스+스티커,A03,B01,"C01,C02",2,1890.0,1,0,링링92,"#위생적인사용 #대용량
아침에 세안하고, 저녁에 세안하고
두번 패드를 사용하는 사람이라 양이 쑥쑥 줄더라구요.
그러다가 발견한 200패드 구입할 수 있는 찬스!
메디힐 브랜드껀 패드 초창기때부터 구입한지라
이번엔 PDRN 모공탄력패드로 구입했어요.

위생적인 사용방법도 마음에 쏙 들었어요.
이건 패드 써본 사람만 아는 한장씩 뽑아쓸수있게 어플리케이션 들어있는거 최고👍
휴대용 케이스가 있다는 점도 너무 좋았어요.
ㄱ같이 주신 귀여운 드로잉 스티커로 꾸미기도 완료!

얼굴 면적 큰편인데 볼이 충분이 가려져서 좋습니다:)"
2026-07-23,A000000171427,63051125,2026.07.20,5,0,NORMAL,PDRN 200매+케이스+스티커,,,,1,1800.0,1,0,횽이ya,"메디힐 수분패드 파란색만 써보다가 보라색 PDRN 더마 패드로 사봤어용~~
 패드에 에센스가 정말 넉넉하게 담겨 있어서 한 장만 사용해도 피부가 촉촉하게 채워지는 느낌~~
피부에 착 밀착돼서 부분팩으로 사용하기도 편했고, 아침에 세안 후 잠깐 붙여두면 피부 컨디션이 한결 좋아지는 것 같아요 그동안에도 워낙 잘 사용했던 제품입니당
이번 기획에서는 리필에 케이스 스티커까지 줘서 좋은 거 같아용"
2026-07-23,A000000171427,63013351,2026.07.19,5,0,NORMAL,PDRN 200매+케이스+스티커,A02,B03,"C01,C04",1,1800.0,1,0,올리뷰,"여행 소분용 패드케이스가 생각보다 더 튼튼해서 좋았어요! 중간에 필름?같은 마개가 너무 일회용같은 흐물거리는 소재라 그건 아쉽긴한데 통 자체는 튼튼해서 다 써도 다른거 넣어서 쓸 수 있을 것 같아요.

함께 들어있는 피커가 집게가 아니고 뾰족뾰족해서 패드를 한장씩 떼어낼 수 있으니 편리했습니다.

다만 패드자체는 생각보단 좀 건조한 것 같아요. 얇은 편인데 에센스가 금방날라가는 소재라 팩처럼 붙이고 있기엔 애매하더라구요. 옆으로 당겨서 늘리면 잘 늘어나면서 이마같은곳에 붙이기 좋을 것 같아보였는데 생각보다 길게 잘 안늘어납니다ㅎ...그리고 늘리고나면 끝부분이 피부에 잘 밀착안됩니다ㅠ

패드 증정이나 피커는 마음에 드는데 내용물이 애매해서 재구매까진 안할 것 같아요."
2026-07-23,A000000171427,62900980,2026.07.17,5,0,NORMAL,PDRN 모공 탄력 패드 100매,A06,B03,"C02,C03",1,1800.0,1,0,새루의하루,"개인적으로 메디힐에서 젤 좋아하는 제품🥹🥹

마데카 라인 패드는 거즈면이라서 ㅠ 얼굴에 자극이 많이 가는게 넘 아쉬웠는데
얘는 면 재질이라 보들보들하고 자극 없어요 !!

탄력 라인인데 
20대 타겟을 중심으로 만든거같어요!
다른 탄력 제품들보다는 훨 가벼워서..👍
 20대 초반 트러블 피부도 쓰기 좋은 탄력 패드인거 같네요❗️❗️

다 쓰면 무조건 재구매할 템!!!"
2026-07-23,A000000171427,62888459,2026.07.16,4,0,NORMAL,PDRN 200매+케이스+스티커,A03,B02,"C03,C04",1,1680.0,1,0,비니서,"엄마 효도선물로 하나 사봤어요! ㅎㅎ 근데 집게가 되게 신기하게 생겼는데 생각보다 잘 안 집히더라고요 ㅠㅠ 약간 쓸 때 손기술(?)이 필요한 느낌이에요.
패드는 진짜 엄청 얇아서 얼굴에 올려놓고 5분 넘기기는 힘들 것 같고.. 그냥 화장하기 전에 가볍게 슥슥 피부 결 정돈하는 용도로 쓰기엔 딱 괜찮은 듯해요!"
2026-07-23,A000000171427,62853170,2026.07.15,5,0,NORMAL, PDRN 모공 탄력 패드 200매,A01,B04,C05,2,1674.0,1,0,summermute27,"피커가 새로 생겨서 패드 한장씩 꺼내기가 너무 편하고 좋아요
얇아서 팩으로 사용하기 좋고, 쭉 늘어나서 늘린채로 붙이면 다시 잡아당기는 힘이 있어요
턱에 사용할 때 살짝 당겨서 붙여주면 좋아요"
2026-07-23,A000000171427,62753241,2026.07.13,5,0,NORMAL,마데카소사이드 200매+케이스+스티커,A03,B05,"C01,C02",2,1620.0,1,0,김커여미,"저는 40대 수부지 피부로, 가장 큰 고민은 기미(색소침착), 모공, 트러블, 피부결입니다.

■ 성분 및 효과

1. 피부 진정 : 병풀추출물, 마데카소사이드, 알란토인

2. 피부 장벽 강화 : 마데카소사이드, 아시아티코사이드, 마데카식애씨드

3. 피부결 정돈 : 글리세린, 글리세레스-26

4. 색소침착 케어, 피부톤 개선 : 나이아신아마이드

에센셜 오일 성분도 확인해 봤어요.

✔ 연필향나무오일

-피부 컨디셔닝, 산뜻한 향, 항산화·항균에 도움 가능

*민감 피부에서는 자극 가능성

✔ 로즈마리잎오일

-항산화, 피부 정화, 피지 케어에 도움

*향 성분에 민감하면 따가움 유발 가능

✔ 광곽향오일

-피부 컨디셔닝, 진정, 향 부여

*일부 사람에게 알레르기 반응 가능

✔ 불가리스쑥오일

-피부 진정, 항산화, 피부 보호

*에센셜 오일 특성상 민감 피부는 주의

40대 기초화장품을 찾고 계시거나,

기미·모공·피부결이 고민이신 분들이라면 제품 광고보다 전성분을 한 번 비교해 보시는 걸 추천드려요.

■ 만족도 4.8 / 5.0

※ 개인적인 사용 후기이며, 피부 타입에 따라 사용감은 달라질 수 있습니다.

✔ 패드 크기가 커서 한 장으로 충분

✔ 거즈 양면이라 활용하기 편함

✔ 내용물(토너) 양이 적당함

✔ 끈적임이 거의 없음

✔ 피부가 편안한 느낌"
2026-07-23,A000000171427,63003067,2026.07.19,5,0,NORMAL,PDRN 200매+케이스+스티커,A01,B04,"C03,C10",0,1512.0,1,0,헬시바라,원래 쓰던 제품인데 메디힐 콜라보 한다고 하니까 못 참고 질렀습니다. 제품이야 뭐 촉촉하고 패드 좋고 말할 것도 없네요.
2026-07-23,A000000171427,62880046,2026.07.16,5,0,NORMAL,티트리 200매+케이스+스티커,A04,B04,C10,0,1500.0,1,0,차차아아,"집게가 아닌 돌기가 있는 스틱으로 변경된 후 처음 구매해서 써봐요💖
생각보다 집게보다 편한거 같기도...!!!
근데 사진에 리필통처럼 본통과 분리되는 구조더라구요😅
집에서 두고 쓴다면 괜찮지만 가지고 다니기엔 애매할거같아요(그래서 여행용통에 넣어다니면 좋을거같네요🥰)
티트리향이 나서 얼굴에 얹기도 전에 진정되는 느낌ㅎㅎㅎ만족합니다!!"
2026-07-23,A000000257580,61874393,2026.06.24,5,0,NORMAL, ,A03,B01,C01,235,53460.0,1,0,Huhulu,"모델이 포켓몬에서 돈까스로 너프된 이유가있나요??그냥 단순 궁금해서요! 뜬금없어서 웃기긴했어요
선크림은 촉촉하고 백탁없어서 막 바르기 좋았어요 
촉촉하다보니 발림성도 그냥 로션같이 잘 발려요
머리카락붙고 그러지않아서 좋아요"
2026-07-23,A000000257580,62512116,2026.07.08,4,0,NORMAL, ,,,,57,25425.0,1,0,키키무,"쿨링감 있고 백탁 아예 없음
어느정도냐면 아예 안바른 느낌..
사진 오른쪽이 바른건데 진짜 티가 하나도안남

그런데도 SPF 50+ PA++++ 수치라는게 신기함
뭐 어디 외계인이라도 잡아다가 연구하시는건지;;

다만 되도 않는 영어표기하지말고
하다못해 한글병기표시라도 하세요👎🏻"
2026-07-23,A000000257580,62909750,2026.07.17,5,0,NORMAL, ,A02,B01,"C09,C11",19,14472.0,1,0,ssy01,"여름이라 끈적거리지 않는 선크림이 필요해서 구매해 봤다
피부에 자극을 주지 않으면서 부드럽게 스며들어서 좋았다
톤업 효과는 없었고, 전체적으로 발림성도 괜찮았다"
2026-07-23,A000000257580,62332461,2026.07.05,5,0,NORMAL, ,A01,B04,"C03,C10",40,12780.0,1,0,헬시바라,"크아... 야 VT 코스메틱아
너 형이 VT 코스메틱 좋아하는거 알지?
내 주변에... 너가 이번에 낸 에어클라우드 선크림이거 . 뭐 완전 미쳤잖아 맞잖아 ㅋㅋ😁
VT 행보를 보고 좋아하는 사람이 진짜 많아
내가 얘기.. 맨날 얘기했잖아
근데.. 너무 좋거든? 너무 좋은데...
형 경험이다? 이게 걱정되는게 좀 있어😟
뭐냐면 그니까 그게 니가 이렇게 좋은 제품 만드는 이유 아는데
왜 그러는지도 아는데 VT 다른 선크림이랑 발림성부터 다르잖아 그래서 내가 VT 좋아하는거고

나는 네가 만드는 게 진짜 멋있어 진짜 멋있어😆

그리고 너는 다른게 뭐냐면 VT는 매번 증명하잖아
내가 마누라랑도 맨날 얘기한다 VT 진짜 되게 멋있다고
그니까 VT 멋있어 근데

내가  VT야 하고 부르잖아? VT야~😜

VT 내일 모레 13년주차야 나 VT 진짜 깜짝놀랐다
VT 그래도 다양한 제품 제직하고 해가지고😎

근데 너 그렇게 빡세게 살지 않아도 돼...
형이 이런말 해도 되는지 모르겠지만 진짜야..
아저씨들 설문조사 했는데 후회되는거 1위가
그렇게까지 빡세게 안살아도 됐다가 1위래🤣

봐라? 예를 들면은 아저씨한테 사람들이 너무 많은것을 바라면 가혹하잖아
운동선수가 현역때 메달따도 어느정도 나이 먹어가지고 대회 나가서 지면 아무도 뭐라 안해~😂

그런것처럼 똑같은거야~😂

VT가 대단해서 그래😃
너 이미 멋있어 그러니까 너도 이제 진짜 살살해도 돼😭

아무도 못따라 한다니까 😀
왜냐면 VT는 이미 증명했기 때문에 아무도 널 욕 못해!😐

다~ 너 리스펙해!😉
그냥 부러워서 시샘하는거고 막 그러는거야
근데 너 내말 안듣잖아

결국 또 니 맘대로 하겠지 뭐
또 안듣네 쒸...🫠
먹어먹어 한잔해

너 이거 녹음하냐?

-헬시바라 형님의 형토링 SKIT-"
2026-07-23,A000000257580,62931250,2026.07.17,5,0,NORMAL, ,A02,B05,"C01,C02",17,12600.0,1,0,공주님지갑사수,"전하의 공주마마, 다음과 같이 보고 올리옵니다. 
VT는 스킨케어로 명성이 자자한 브랜드인 만큼, 소인은 썬크림에서도 마치 스킨케어와 같이 촉촉하고 편안한 발림성에 감탄하였사옵니다. 흡수 또한 굉장히 빠른 편이기에 요즘 같이 썬크림을 충분히 발라주는 것이 중요한 여름에 준비시간을 단축함에 있어 상당히 용이하옵니다. 또한 소인은 민감성 피부이기에 유기자차를 바르면 종종 얼굴에 자극이 가는 경우가 존재하였으나, VT의 경우 오히려 피부가 편안해져 상당한 만족감을 느꼈사옵니다. 
이상 삼가 아뢰오니, 도움이 되셨다면 소인을 위해 “도움이 돼요” 버튼 클릭이 친히 부탁드리옵니다."
2026-07-23,A000000257580,62627715,2026.07.10,5,0,NORMAL, ,,,,21,12474.0,1,0,정해루HAEROO,"선크림을 진짜 많이 가지고있는 사람입니다
바르면 아무느낌 안난다는 말을 보고 어찌 안 사볼수가잇나요 ㅋㅋㅋㅋ

아직 얼굴 화장전에 발라보지는 않앗지만
ㄹㅈㄷ 손에 잔여감이 없는데요…?

핸드선크림으로도 괜찮을듯"
2026-07-23,A000000257580,62546364,2026.07.09,5,0,NORMAL, ,A05,B01,"C03,C04",21,12150.0,1,0,김도르,"일단 발림성이 너무 부드러워서 만족했어요. 백탁이 아니여서 남녀노소 사용가능할 것 같아요. 그리고 계절상관없이 사계절내내 바를 수 있을 것 같아요. 따갑거나 그러지 않습니다.

#화잘먹 #PDRN #자외선 차단 #이지워시#화잘먹선크림 #무중력선크림"
2026-07-23,A000000257580,63011568,2026.07.19,5,0,NORMAL, ,A02,B01,"C01,C03",16,11592.0,1,0,매롱매론,"물에도 씻겨서 너무 좋아요
다 씻고나왔는데 은근하게 남아있는 선크림 극혐
오일로먼저 지우고 다시 씻기 너무 귀찮은데
이건 완전 편함"
2026-07-23,A000000257580,62694189,2026.07.12,5,0,NORMAL, ,A03,B03,"C04,C05",19,11394.0,1,0,파산쿼카,Vt 기술력이야 좋은거 알고있는데 선크림도 과연 좋을지 궁금했어요. 써본 결과 촉촉하고 얼굴이 안 불편하고 눈시림없어요. 모델이 정말 눈에 띄네요..
2026-07-23,A000000257580,63024168,2026.07.19,5,0,NORMAL, ,A01,B03,C09,13,11160.0,1,0,빙글레,"요즘은 습도도 미쳤고 날씨도 미쳐서 화장하기 진짜 싫고 그렇다고 선크림은 절대 빼먹을 수 없어서 메이크업이랑 잘 맞는 제품을 찾다가 사용해봤어요

선크림 잘못 바르면 때처럼 밀리거나 베이스가 들뜨는 경우가 많은데 이 제품은 그런게 거의 없어서 만족했습니다

제형이 로션처럼 부드럽고 가벼워서 크림 대신 발라도 될 정도였어요 피부에 답답하게 남지 않고 금방 흡수돼서 바로 베이스를 올려도 밀리지 않았습니다

백탁도 거의 없고 눈시림도 없고 피부가 편안한 느낌이라 매일 아침 잘쓰고 있습니다"
2026-07-23,A000000257580,62933652,2026.07.17,5,0,NORMAL, ,A04,B04,"C01,C02",13,11160.0,1,0,boomshake,"끈적한 선크림 안좋아하는데 산뜻하게 발리고 바른 후에도 안바른것처럼 너무 가볍네요! 건조하지도 않고 완전 촉촉합니다 발림성 안좋은건 뻑뻑하고 끈적해서 싫은데 이건 이름처럼 에어리하고 너무 좋네요 생각보다:)

데일리하게 사용하기 좋을것 같고요, 왜 올영 1위 선크림인지 알겠네요..완전 만족합니다! 복합성 지성 건성 다 사용하기 좋을거 같아요 추천합니다!"
2026-07-23,A000000257580,62758574,2026.07.13,5,0,NORMAL, ,A03,B04,C05,18,11070.0,1,0,징지지,"무겁고 번들거리는 선크림 극도로 싫어해서
그냥 안바르고 다니기도 하는데
이거는 진짜 안바른 것처럼 엄청 산뜻해요
피부가 예민해서 선크림 같은 경우에 
자극 올라오는 경우가 많았는데
진짜 순하고 로션처럼 바르기 좋은 제품 같아요
솔직히 선크림 500원 동전만큼 바르라길래
오바라고 생각했는데 이거라면 바를 수 있을듯 해요
유분기, 백탁 전혀 없어요 로션 그자체"
2026-07-23,A000000257580,63026057,2026.07.19,5,0,NORMAL, ,A03,B06,"C01,C05",12,10440.0,1,0,문또또,여름이라 가볍게 바를 선크림을 찾다가 사용해봤는데 정말 만족스러웠어요♡♡ 크림보다는 에센스처럼 촉촉하고 부드럽게 발려서 답답함이 없고 여러 번 덧발라도 밀림 없이 깔끔하게 흡수됩니다. 백탁이 거의 없고 눈 시림도 느껴지지 않아 매일 부담 없이 사용하기 좋았어요. 메이크업 전에 발라도 들뜨거나 밀리지 않아 손이 자주 가는 선크림입니다. PDRN과 판테놀 등 보습 성분이 들어 있어 피부가 촉촉하게 유지되는 느낌도 만족스러웠습니다.
2026-07-23,A000000257580,62655288,2026.07.11,5,0,NORMAL, ,A02,B06,"C04,C08",15,9450.0,1,0,올영사또,"당장 이 가볍게 스며드는 햇빛 막는 물건에 상을 내리거라! 👑☀️

이 사또, 써 보니
참으로 산뜻하여 손이 자주 가는 물건이로다.

바를 때 느낌이 무겁지 아니하고
부드럽게 퍼지며 빠르게 스며드니
여름철에도 부담 없이 쓰기 좋았구나.

겉돌거나 끈적이는 느낌이 적어
여러 번 덧발라도 답답하지 않았으며
화장 전에 사용하기에도 거슬림이 없었도다.

특히 바른 뒤에도
피부가 편안한 상태를 유지하니
하루 종일 무난하게 쓰기 좋았구나 😌

은은하게 피부 결을 정돈해 주는 느낌이 있어
자연스럽게 단정한 인상을 만들어 주는 점도 마음에 들었도다.

이 사또, 가볍고 편안한 사용감을 중히 여기는 이들에게 쓰기 알맞은 물건이라 평하겠으니
기꺼이 권할 만하다 전하노라 👑☀️"
2026-07-23,A000000257580,62573687,2026.07.09,5,0,NORMAL, ,A01,B04,"C07,C09",15,9450.0,1,0,검정올리브,"무향 무취에 엄청 가벼워요!
지성이다보니 여름이는 무기자차선크림만 찾게되는데
지성용파데에 픽서까지 하다보면 볼, 턱처럼 건조한 부분은 뜨기 마련이라 가벼운제품을 찾아보고 있었는데 사용해본 선크림중에 제일 가벼워요
바르기 전에 되게 묽은타입이고 펴발랐을때 좀 마니 짰나 싶었는데 엄청 빠르게 흡수되고 건조함이 전혀 없어요
바르고나서 뽀송까진 아닌데 묻어나오지 않게 뽀독해지는데 건조함은 전혀없고 적당한 광이 있어서 피부표현도 좋아요"
2026-07-23,A000000257580,62237337,2026.07.03,5,0,NORMAL, ,,,,25,8820.0,1,0,퀸유나,"이름처럼 에어 클라우드…공기처럼 가볍고 촉촉하게 발리는데 흡수되면 보송하게 마무리되어서 진짜로 지성~건성까지 여름에 누구나 사용했을때 만족할만한 그런 선크림…눈시림은 원래 개인차는 있는데 저는 전혀 못느꼈고 뭐 붉어짐,트러블,가려움 그런거 1도 없었어서 너무너무 만족스러웠어요 역시 콜마가 만들고 VT가 선택해서 내놓은 여름용 베스트 선크림👍 래퍼 스윙스가 돈까스만 맛잘알이 아니라 선크림도 맛잘알 맛집 잘찾은듯 yeah~🤟"
2026-07-23,A000000257580,63032549,2026.07.19,5,0,NORMAL, ,A03,B04,"C01,C09",9,8280.0,1,0,온찡,"가벼운 선크림으로 홍보하길래 궁금해서 사봤어요
기존에 쓰던 촉촉선크림은 유분기때문에 지금쓰긴 불편했는데 얘는 산뜻하고 촉촉해서 맘에 드네요
백탁없어서 듬뿍 발라도 부담없고 무중력선크림이라는 말이 맞는듯
선크림 특유의 향도 느껴지지 않았고 pdrn이 들어있어 피부관리 효과도 기대돼요"
2026-07-23,A000000257580,63031846,2026.07.19,5,0,NORMAL, ,A03,B05,"C04,C09",9,8280.0,1,0,피나코,"가벼운 밀크~크림 느낌인데 주르륵 흐르는 제형은 아니에요. 진짜 에어란 말에 맞게 공기가 들어가 퐁실해진 밀크같은 느낌? 
백탁없는 유기자차 스타일인데 다 바르고 손에 남는 느낌도 꽤 가벼워요. 바르고 땀흘리다보면 눈따가워지기도 하는데 이건 확실히 덜 따가워요."
2026-07-23,A000000257580,62290437,2026.07.04,5,0,NORMAL, ,A03,B01,"C02,C05",21,7380.0,1,0,우우웅우,"로션같은 제형이에요 
너무 유분기가 돌아서 피부가 답답하고 간지럽거나
너무 보송한 마무리라 메이크업에 지장있는 
선크림은 별로 선호하지 않는데
이건 로션같은 제형이라 발림성이 좋으면서도
매끈하고 가볍게 마무리돼서 
메이크업에 지장이 없어서 좋았어요
무거움 없이 그냥 로션 한 번 더 바른 느낌이라
딱히 불편함은 없었습니다
향도 딱히 없어서 향에 민감하신 분들이 사용하시기에도
좋아보였어요! 저는 유독 선크림 잘못 바르면
피부가 바로 간지럽거나 뒤집어지는데
이건 자극도 없이 순한 편이었던 것 같아요
사진상으로는 유분기가 있을 것 같이 나왔는데
선로션 느낌이라 바로 스며들고 가볍습니다"
2026-07-23,A000000257580,63031752,2026.07.19,5,0,NORMAL, ,A02,B05,"C01,C02",7,6840.0,1,0,천대담,"수분 선크림이어서 그런지 로션같이 부드럽게 잘 발리고 가볍게 마무리됩니다.

약간 쿨링감이 있고 백탁 없어서 세수하듯이 막 발라도 돼서 편했습니다.

촉촉하면서도 무겁지는 않아 요즘처럼 더운 여름에 데일리 선크림으로 잘 사용하고 있습니다."
2026-07-23,A000000257580,62091341,2026.06.30,5,0,NORMAL, ,A02,B04,"C02,C03",17,5580.0,1,0,vitabella02,"에어 클라우드라고 해서 가벼울 것 같고 산삼 PDRN 성분도 함유되어 있다고 해서 끌렸어요. 실제로 제형은 약간 밀키 로션 에센스 느낌인데 정말 가볍게 발리고 백탁도 없었어요. 전체적으로 발랐을때 끈적임은 없는데 촉촉하고 편안한 느낌이라 건성피부 사용 만족스러웠구요. 메이크업 전에 발라도 밀리거나 들뜸이 적어서 좋아요. 판테놀, 히알루론산 등 함유되서 그런지 피부도 편안한 느낌이고 전반적으로 자외선 차단도 해주면서 피부도 케어해주고 메이크업과도 궁합이 좋은 제품이라서 만족합니다!"
2026-07-23,A000000257580,63031466,2026.07.19,5,0,NORMAL, ,A02,B03,"C02,C04",5,5400.0,1,0,김너귤,평소 촉촉한 선크림을 좋아하는데 이 제품은 발림성이 정말 부드럽고 가벼웠어요! 백탁 없이 자연스럽게 흡수되어 메이크업 전에 발라도 밀림이 거의 없었고 끈적임도 적어 사용하기 편했습니다 ㅎㅎ 건조한 피부인데도 당김 없이 촉촉함이 오래 유지되어 만족스러웠고 데일리로 부담 없이 사용하기 좋은 선크림이라 데일리로 딱 좋네요 :)
2026-07-23,A000000257580,63031369,2026.07.19,5,0,NORMAL, ,A04,B01,"C01,C02",5,5400.0,1,0,toietmoi,"VT 제품들 다 만족하면서 사용중인데, 선크림 유목민에게 정말 큰 만족감을 준 제품이에요! 
💚 아무것도 안바른 것 처럼 정말 가볍고 촉촉했어요! 사실 에센스나 로션 타입 선크림은 이 문구를 사용하는 브랜드가 정말 많은데 막상 사용하면 다 선크림의 무거운 느낌이 있었는데,, 이 제품은 정말 이 문구에 100% 동의한 제품인거 같아요!!!! 
💚 백탁현상도 없고 눈시림도 없어서 남성분들도 특히 좋아하실거 같아요!!!
💚 향이 거의 없어서 향에 민감하신 분들도 만족하시면서 사용 하실 수 있어요!

VT PRDN라인들이 보습감도 좋아서 4계절 내내 잘 사용하실 수 있을거 같아요! 특히 땀도 많이나서 무거운게 싫은 여름에 그리고 실내의 경우 여름임에도 오히려 에어컨 때문에 건조한데 이것 까지 잡아줘서 화장 베이스에도 좋고 단독으로 사용해도 모두 만족하면서 사용하실 수 있을거 같아요!!"
2026-07-23,A000000257580,63029968,2026.07.19,5,0,NORMAL, ,A04,B02,"C03,C09",4,4680.0,1,0,mild1479,"피부가 민감해서 선크림 고를 때 백탁이나 끈적임에 진짜 예민한 편인데, VT PDRN 에어 클라우드 선스크린은 쓰자마자 오오오~
우선 향에 민감한 사람도 호불호 없이 쓸 수 있는 거의 무향에 가까운 제품이라 마음에 쏙 들었습니다. 제형은 흰색의 아주 가볍고 부드러운 크림 제형인데요, 피부에 올리면 겉돌지 않고 싹 흡수되면서 마치 수분 에센스를 바른 것처럼 맑고 은은한 윤기가 돌아요.
가장 감동적인 건 끈적임이 정말 제로에 가깝다는 점이에요! 보통 촉촉하면 머리카락이 달라붙거나 무겁기 마련인데, 이건 피부 속은 촉촉하게 채워주면서도 겉은 산뜻하고 가볍게 마무리됩니다. 메이크업 전에 발라도 밀림 현상이 전혀 없어서 데일리 선케어 아이템으로 매일 손이 가네요. 선스틱도 있던데 써보고 싶어요."
2026-07-23,A000000257580,63029920,2026.07.19,5,0,NORMAL, ,A04,B04,"C02,C05",4,4680.0,1,0,ENTPee,"요즘 날씨에 무거운 선크림 바르면 바로 트러블 올라오는 예민한 지성 피부입니다. VT 피디알엔 에어 클라우드 선스크린은 이름처럼 공기처럼 가볍게 밀착되는 느낌이에요.
발림성이 아주 좋아서 소량으로도 부드럽게 펴 발라지고, 바른 뒤에 답답함이 전혀 없습니다. 눈 시림이나 피부 자극도 없어서 순하게 잘 쓰고 있어요. 오랜만에 제대로 마음에 드는 제품 찾았네요. 지성인 분들 고민 말고 구매하세요!"
2026-07-23,A000000257580,63029730,2026.07.19,5,0,NORMAL, ,A07,B03,,4,4680.0,1,0,xxzz,"에어 클라우드라는 이름처럼 진짜 가볍게 발리는 선크림이에요☁️
촉촉한 로션같은 제형이라 흡수도 빨라서 다 바르고나면 아무것도 안바른거같이 산뜻해요!
묽은 제형의 선크림은 눈시림 있는 경우도 많은데 이건 눈시림도 없었고, 메이크업 전에 발라도 밀림없고 베이스가 잘 올라가서 좋았어요
가볍고 산뜻한 데일리 선크림 찾는분들께 추천드려요!"
2026-07-23,A000000257580,63027266,2026.07.19,5,0,NORMAL, ,A03,B02,"C01,C02",4,4680.0,1,0,예콩이에요,"선크림은 답답하면 손이 잘 안 가는데, VT 피디알엔 에어 클라우드 선스크린은 이름처럼 정말 가볍게 발리는 느낌이었어요 &gt;_&lt; ♡

촉촉하게 펴 발리면서 피부에 편안하게 밀착되고, 무겁거나 부담스러운 사용감이 아니라 데일리로 사용하기 좋더라구요~! 메이크업 전에 발라도 깔끔하게 사용할 수 있어서 만족스러웠답니다 (｡･ω･｡)

요즘처럼 매일 자외선 차단이 중요한 날씨에 부담 없이 손이 가는 제품이었어요 ♪ 피부에 가볍게 밀착되는 선크림을 찾고 계신다면 한 번 사용해보셔도 좋을 것 같아요 (´▽`*)♡"
2026-07-23,A000000257580,62370518,2026.07.05,1,0,NORMAL, ,A06,B03,"C01,C05",13,3996.0,0,0,뀨꾸규,다떠나서 바를때 눈주변 얇은 피부는 따가움 그리고 때처럼 다 밀림..... 발림성은 좋으나 밀려서 떼같이 보임 다리 꼬면 다리에 바른 선크림이 다 밀려서 떼처럼 나옴
2026-07-23,A000000257580,62630308,2026.07.11,5,0,NORMAL, ,A01,B02,"C01,C05",5,3510.0,1,0,몽캔디,"판매자에게 이벤트 상금을 지원 받아 직접 구매 후 솔직한 의견으로 작성하였습니다.

🛍️
점점 유분이 많아지는 날씨이다보니 덩달아 선크림도 계속해서
가벼운 거, 번들거리지 않는 것에 포커스가 되어 제품을
찾게 되는 것 같아요

이미 시중에 가볍게 바르기 좋은 선크림이나 발림성이
뛰어난 선크림이 많지만 무기자차가 아님에도 불구하고
이정도의 유분 컨트롤이 되는 선크림은 오랜만이었습니다

나름 유기자차 라인의 선크림은 꽤나 다양하게 사용해보았는데,
결국 본연의 유분기까지 더해져서 번들거리기 십상이었거든요

이 VT 클라우드 선크림은 묽고 가벼운 로션 제형의 발림성
을 동일하게 가지고 있으면서 최종 마무리감, 도포 이후
피부에 겉도는 유분감이 훨씬 적게 느껴졌습니다
무기자차처럼 보송한 마무리감은 물론 아닌데, 끈적이거나
과하게 촉촉한 느낌 없이 묻어남도 확실히 적었어요

데일리 선크림으로는 물론이고, 유분 컨트롤이 되는
제품이니 메이크업 전에 화잘먹 템으로 활용해도 괜찮을 것
같아요
지성피부임에도 유기자차 타입만 사용하시는 분들께 한번
테스트 해보시는 것 추천드립니다!"
2026-07-23,A000000257580,63029449,2026.07.19,5,0,NORMAL, ,A05,B04,"C06,C13",2,3240.0,1,0,뽀미뽀식이언니,"VT PDRN 에어클라우드 선스크린 배송 오자마자 
사용해봤는데 정말 만족스러웠어요 ☀️

평소 선크림 특유의 답답함이나 자극 때문에 제품 고를 때 신중한 편인데, 이 제품은 피부 자극 없이 순하게 발리면서 촉촉한 사용감이 좋았어요. 백탁 현상도 전혀 없고 바르자마자 가볍게 흡수돼서 메이크업 전에도 부담 없이 사용할 수 있었어요.

끈적임 없이 산뜻하게 마무리되면서 피부가 편안해서 데일리 선크림으로 손이 자주 가는 제품이에요. 촉촉하고 가벼운 선크림 찾는 분들께 추천하고 싶어요!"
2026-07-23,A000000200614,62882459,2026.07.16,5,1,OFFLINE,50ml 더블 기획,A03,B04,"C01,C03",2,1800.0,0,1,너니링,"피부가 노란 편이라 퍼플 톤업 제품 궁금해서 구매했어요
바르면 얼굴이 살짝 맑아 보이는 느낌이고 밀림도 심하지 않았어요
선크림 하나만 발라도 피부 표현이 조금 정돈돼 보여서 가볍게 나갈 때 쓰기 좋았어요 
듀오 구성이라 오래 사용할 수 있을 것 같아요"
2026-07-23,A000000200614,62741529,2026.07.13,5,1,OFFLINE,50ml 더블 기획,A02,B02,"C01,C09",3,1674.0,0,1,도다리,"핑크랑 달리 보송한 타입이라, 평소 끈적이는거 별로다 하시는 분들 쓰기에는 잘 맞아 보이네요!"
2026-07-23,A000000200614,63032911,2026.07.19,5,0,NORMAL,50ml 더블 기획,A04,B06,C08,0,1512.0,1,0,잰뿡빵,피부가 노란 편이라 퍼플을 골라봤어요! 달바 선크림 유명한건 원래도 알고 있었는데 너무 만족합니당ㅎㅎ 화장 전에 꼭 바르는데 자연스러운 톤업도 되고 선크림은 이걸로 정착할게요!!
2026-07-23,A000000200614,62882932,2026.07.16,5,1,OFFLINE,50ml 더블 기획,A03,B04,"C01,C03",2,1512.0,0,1,너니링,"퍼플 톤업 제품이라 피부가 칙칙해 보일 때 사용하려고 구매했어요 바르면 보랏빛이 확 올라오기보다는 자연스럽게 톤이 정리되는 느낌이었어요
발림성도 부드럽고 촉촉한 편이라 건조하게 뜨는 느낌은 적어서 좋습니당"
2026-07-23,A000000200614,62882783,2026.07.16,5,1,GIFT,50ml 더블 기획,A03,B04,"C01,C03",2,1512.0,0,1,너니링,"바르면 얼굴이 살짝 맑아 보이는 느낌이고 너무 하얗게 뜨지는 않아서 괜찮았어요 
촉촉한 제형이라 건조한 피부에도 무난했고 선크림 하나만 바르는 날 쓰기 좋았어요
여기에 컨실러만 얹어도 간단한 메이크업 완성입니다"
2026-07-23,A000000200614,62882552,2026.07.16,5,1,GIFT,50ml 더블 기획,A03,B04,"C01,C03",2,1512.0,0,1,너니링,"보랏빛이 강하게 올라오는 건 아니고 얼굴 톤을 살짝 맑게 정리해주는 느낌이었어요 
촉촉하게 발려서 건조하게 뜨는 느낌도 적었고 가볍게 화장하는 날 선크림 대신 사용하기 괜찮았어요"
2026-07-23,A000000200614,62882472,2026.07.16,5,1,OFFLINE,50ml 더블 기획,A03,B04,"C01,C03",2,1512.0,0,1,너니링,"퍼플 컬러라 피부 노란기를 잡아주는 용도로 사용 중이에요 
발림감이 가벼운 편이라 매일 바르기 부담 없고 피부가 조금 더 균일해 보이는 느낌이 있어요 
엄청 드라마틱한 톤업보다는 자연스러운 보정 원하는 분들에게 잘 맞을 것 같아요"
2026-07-23,A000000200614,62882463,2026.07.16,5,1,OFFLINE,50ml 더블 기획,A03,B04,"C01,C03",2,1512.0,0,1,너니링,"톤업 제품은 잘못 사면 너무 하얗게 뜨는데 이건 자연스럽게 톤만 보정되는 편이라 괜찮았어요 
촉촉하게 발리고 마무리도 답답하지 않았음 
평소 화장 가볍게 하는 날 사용하기 좋고 50미리 두 개라 넉넉한 구성인 점도 마음에 들어요"
2026-07-23,A000000200614,62882456,2026.07.16,5,1,OFFLINE,50ml 더블 기획,A03,B04,"C01,C03",2,1512.0,0,1,너니링,"퍼플 톤업이라 칙칙한 피부톤 보정용으로 써보려고 구매했어요 
생각보다 보랏빛이 과하지 않고 자연스럽게 화사해지는 느낌이었어요 
발림성도 부드러운 편이고 메이크업 전에 사용하기 괜찮았음 
2개 구성이라 가격 대비 용량도 만족스러워요"
2026-07-23,A000000200614,62881756,2026.07.16,5,1,GIFT,50ml 더블 기획,A03,B04,"C01,C03",2,1512.0,0,1,너니링,화장 전에 바르기 무난한 제품이에요 피부 표현이 조금 깔끔해 보여서 가볍게 톤 보정용으로 잘 쓰고 있습니다. 2개 기획이라 오래 사용할 수 있을 것 같아요.
2026-07-23,A000000200614,62840367,2026.07.15,5,1,GIFT,50ml 더블 기획,A01,B02,"C02,C05",2,1134.0,0,1,춘식이뿅,"더워서 볼이 자꾸 발그레 올라오는데
요 선크림은 차분하게 만들어줘서 손이가요"
2026-07-23,A000000200614,62746822,2026.07.13,5,1,GIFT,50ml 더블 기획,A01,B04,"C03,C10",2,1134.0,0,1,얀남이22,제가 딱 쿨톤이라 핑크 베이스 톤업 쓰면 떠보이는데 이건 그런게 없어서 잘 쓰는중
2026-07-23,A000000200614,62741778,2026.07.13,5,1,GIFT,50ml 더블 기획,A02,B02,"C01,C09",2,1134.0,0,1,도다리,여러 톤업 선크림 다 써봣지만 달바가 저랑 가장 잘맞아서 계속 구매해서 쓰게 됩니다.
2026-07-23,A000000200614,62741427,2026.07.13,5,1,GIFT,50ml 더블 기획,A02,B02,"C01,C09",2,1134.0,0,1,도다리,메이크업베이스용 겸 선크림으로 쓰고 있는데 양 조절 잘해서 써야 합니다. 잘못 쓰면 밀릴수도?
2026-07-23,A000000200614,62715603,2026.07.12,5,1,GIFT,50ml 더블 기획,A01,B02,"C02,C05",2,1134.0,0,1,춘식이뿅,"달바 선크림 러버라 지인도 많이주고 저도 많이 쓰는데
좀 작은 용량도 나왔으면 좋겠어요 여행용으로!"
2026-07-23,A000000200614,62715534,2026.07.12,5,1,GIFT,50ml 더블 기획,A01,B02,"C02,C05",2,1134.0,0,1,춘식이뿅,"해가 쨍한날보다 흐린날에 더 열심히 발라줘야한대요
장마철에 더 팍팍 바르는중입니더"
2026-07-23,A000000200614,62714698,2026.07.12,5,1,OFFLINE,50ml 더블 기획,A01,B02,"C02,C05",2,1134.0,0,1,춘식이뿅,"선크림 촉촉한 타입이랑 건저한타입이랑
반반 섞어 발라서 보라랑 핑크 조합 좋습니다"
2026-07-23,A000000200614,62714521,2026.07.12,5,1,OFFLINE,50ml 더블 기획,A01,B02,"C02,C05",2,1134.0,0,1,춘식이뿅,"회사동생이 사달라고해서
추가로 구매했어요. 유명하니 선물하기도 좋아요"
2026-07-23,A000000200614,62714504,2026.07.12,5,1,OFFLINE,50ml 더블 기획,A01,B02,"C02,C05",2,1134.0,0,1,춘식이뿅,"여름이라 하루에도 몇번씩 발라주는데
화장 안뜨고 좋아요."
2026-07-23,A000000200614,62644452,2026.07.11,5,1,OFFLINE,50ml 더블 기획,A03,B04,"C01,C03",2,1134.0,0,1,아라무라무,톤업기능까지 있는 선크림이라서 아침에 빠르게 바르기 좋아요 ㅎㅎㅎ
2026-07-23,A000000200614,62556244,2026.07.09,5,0,NORMAL,50ml 더블 기획,A03,B02,"C03,C08",0,900.0,1,1,eunbi3804,"쿨톤 보정용 톤업 선크림으로 유명한 제품이라 사용해봤는데, 자연스럽게 피부톤을 밝혀주는 데 꽤 만족스러웠어요. 퍼플 컬러가 피부의 노란기를 잡아주면서 맑고 화사한 톤으로 정리해주는 게 가장 큰 장점입니다.

발림성은 굉장히 가볍고 부드러운 편이에요. 크림 타입이지만 끈적임 없이 피부에 밀착되면서 산뜻하게 마무리돼서, 메이크업 전에 사용하기에도 부담이 없어요. 실제로 바르고 나면 피부가 한 톤 밝아지면서 자연스럽게 톤업돼서, 베이스 없이도 외출 가능한 느낌입니다."
2026-07-23,A000000200614,62916160,2026.07.17,5,1,OFFLINE,50ml 더블 기획,A02,B02,"C01,C10",1,792.0,0,1,시저스,이런 톤업 선크림의 경우 양조절을 잘 해야해요 ㅜㅜ 조절 잘못하면 자칫 밀릴수도 있는 것 같습니다~
2026-07-23,A000000200614,62458836,2026.07.07,5,1,GIFT,50ml 더블 기획,A02,B02,"C01,C03",2,756.0,0,1,귤스귤스,칙칙한 피부에 퍼플 톤업 선크림이 좋아요~ 자외서 많이 쐬면 피부가 예민해져서 칙칙해지는데 이제품 꾸준히 사용중이예요
2026-07-23,A000000200614,61853438,2026.06.24,5,1,GIFT,50ml 더블 기획,A05,B01,"C02,C03",1,756.0,1,1,민듀듀030,"유지력, 선크림 같지 않은 보습, 발림성도 좋은 체감 GOAT 선크림입니다. 이거 엄청 여러개 구매했는데 모두 만족이에요 ㅠㅠ"
2026-07-23,A000000200614,61853299,2026.06.24,5,1,GIFT,50ml 더블 기획,A05,B01,"C02,C03",1,756.0,1,1,민듀듀030,"자연스러운 톤업이 제일 좋은 것 같아요. 누가 봤을 때 너무 톤업이 세면 그것도 부담스럽거든요 ㅠㅠ 너무 하얗지도, 그렇다고 너무 톤업도 아니라 데일리 제품 추천 !"
2026-07-23,A000000200614,61852250,2026.06.24,5,1,GIFT,50ml 더블 기획,A05,B01,"C02,C03",1,756.0,1,1,민듀듀030,"화장대에 항상 있는 제품, 여름철에는 얼굴과 몸까지 바르는데 답답함 없고 톤업 좋고 너무 하얗게 되지도 않는 좋은 제품입니다 ~! 유통기한도 넉넉하고 1+1일 때 쟁여두면서 선물용으로 쓰기에도 좋아요?"
2026-07-23,A000000200614,60809517,2026.06.04,5,0,NORMAL,50ml 더블 기획,A01,B01,"C03,C04",21,630.0,1,0,올리뷰과몰입,"원래 나는 지성 피부라 선크림 잘못 바르면 바로 번들거려서 아무거나 못 씀. 특히 여름에는 얼굴에 기름 올라오는 느낌 싫어서 선크림 고를 때 제일 먼저 보는 게 사용감임.

이 제품은 처음 발랐을 때 수분 에센스처럼 촉촉하게 펴 발리는 느낌이었는데 생각보다 마무리가 깔끔했음. 번들거림이 심하게 올라오지 않고 적당히 산뜻하게 마무리되는 느낌이라 마음에 들었음. SPF50+ PA++++라 자외선 차단 지수도 괜찮은 편.

원래는 백탁 있는 거 싫어서 유기자차만 계속 사용했음. 근데 피부가 예민한 편이라 그런지 어느 순간부터 선크림 바르면 얼굴이 더 빨개지고 열감 올라오는 날도 있어서 다른 제품 찾아보기 시작함.

그러다가 올리브영 매장에서 테스트해봤는데 솔직히 처음엔 무기자차라고 해서 예전처럼 얼굴만 하얗게 뜨는 거 아닌가 걱정했음. 예전에 쓰던 무기자차들은 진짜 얼굴만 동동 떠서 손이 안 갔거든.

근데 이건 보라빛 톤 보정 때문인지 생각보다 훨씬 자연스러웠음. 피부에 올렸을 때 부자연스럽게 하얘지는 느낌보다 피부 톤이 정돈되는 느낌에 가까웠음. 거울 보고 어? 이건 괜찮은데 싶었음.

결국 테스트만 하려고 했다가 그대로 계산대 직행함ㅋㅋ 요즘은 외출 전에 가장 자주 손이 가는 선크림 중 하나임.

#달바 #달바선크림 #톤업선크림 #퍼플톤업 #올리브영추천 #올영추천템 #선크림추천 #지성피부 #민감성피부 #데일리선크림"
2026-07-23,A000000200614,61935765,2026.06.26,5,0,NORMAL,50ml 더블 기획,A03,B02,"C03,C08",0,600.0,1,1,eunbi3804,"평소 피부 톤이 칙칙하고 붉은 기가 있어 톤업 선크림을 자주 사용하는데, 달바 퍼플 톤업 선크림은 기대 이상으로 만족스러웠습니다. 퍼플 컬러가 노란 기를 자연스럽게 보정해 주어 피부가 화사하고 맑아 보이는 효과가 있었어요. 인위적으로 하얗게 뜨지 않고 피부에 자연스럽게 밀착되어 메이크업 베이스로 사용하기에도 좋았습니다. 제형도 촉촉하고 부드럽게 발려 뻑뻑함 없이 편안했고, 시간이 지나도 건조하거나 들뜨는 느낌이 적었습니다. 백탁이 심하지 않아 데일리로 사용하기 좋고, 자외선 차단도 함께 할 수 있어 더욱 만족스럽습니다. 50ml 더블 기획이라 넉넉하게 사용할 수 있어 가성비도 좋은 것 같습니다. 매일 부담 없이 사용할 수 있는 톤업 선크림을 찾는 분들께 추천하고 싶은 제품입니다."
2026-07-23,A000000200614,62846924,2026.07.15,5,1,OFFLINE,50ml 더블 기획,A01,B05,"C01,C03",1,594.0,0,1,피짜좋아,썬크림이 좋네요~ 화장하기 전 발라도 밀림이 거의 없어 만족합니다.
2026-07-23,A000000200614,62846893,2026.07.15,5,1,GIFT,50ml 더블 기획,A01,B05,"C01,C03",1,594.0,0,1,피짜좋아,화이트닝 기능이 있찌만 백탁이 심하지 않아 급하게 발라도 부담이 없어요.
2026-07-23,A000000231892,62066655,2026.06.29,5,0,NORMAL,피디알엔 크림 60ml 2입,A03,B03,"C01,C05",2,900.0,1,0,잴리탱,"작년 2025 올영페스타에서 이 제품 무료로 막 나눠줘서 받고 큰 기대없이 사용해봤는데 진짜 너무 좋아서..!!💚

한 통 다 쓰고 내돈내산으로 구매해서 지금까지도 잘 쓰고 있어요 ㅎㅎ

엄청 촉촉한데 순한 느낌이라 건성 복합성 지성 모든 피부에 다 잘 맞을 것 같아요 수분감을 꽉 채워주는 느낌이에요!
유분감10 수분감 90 정도로 느껴져용
참고로 저는 복합성 지성 피부인데 아주 잘 사용중입니다 👍🏻

일반 크림이랑 다르게 입구가 좁고 뾰족해서 얼굴에 대고 슥슥 바르기에도 편하고 좋아요 ㅎㅎ 저는 또 재구매 의사가 있습니다! 수분크림이 마음에 들어서 같은 라인 세럼도 궁금할 정도에용~~"
2026-07-23,A000000231892,61616629,2026.06.18,4,0,NORMAL,피디알엔 크림 60ml 2입,A02,B01,"C01,C08",12,825.0,1,0,흰송로버섯,"건성-악건성 오가고 얇고 예민한 피부예요. 첫 사용감은 나름 괜찮았는데, 한 달 이상 써보니 전반적인 사용감이 그저그래요... 

건성이지만 기름진 건 안 좋아하거든요. 그런데 이 제품은 특유의 기름진 느낌으로 마무리됩니다. 그래서 뭐가 들어갔나 찾아보니, 스쿠알란이 들어갔더라고요...

PDRN, 히알루론 등만 봐서 스쿠알란 들어간 줄 몰랐어요... 스쿠알란 크림으로 유명한 ㅇㅅㄴㅇㅊ 제품도 개인적으로 너무 별로였는데, 스쿠알란 들어간 줄 알았다면 구매 안 했을 거예요ㅜㅜ... 그래도 이건 ㅇㅅㄴㅇㅊ보단 괜찮아요. 때처럼 밀리는 건 없는데, 스쿠알란 들어간 제품들 특유의 기름짐이 저랑 좀 안 맞습니다. 무겁거나 답답하진 않은데... 뭔가 촉촉한 척 하는 듯한 느낌이 있어요. 

기름져서 오전 화장 전엔 다른 크림 사용하고, 저녁엔 기름은 돌지만 유수분 유지가 길지 않아 다른 제품들 차곡차곡 여러 겹 얹은 뒤에 듬뿍 발라야 아침에 일어났을 때도 괜찮더라고요. 

한마디로 말하자면, 나쁘진 않지만 좋지도 않다...!"
2026-07-23,A000000231892,63074683,2026.07.20,5,0,NORMAL,피디알엔 크림 60ml (+30ml),A03,B06,"C01,C02",0,792.0,1,0,민꼬맘,세럼을 잘 사용하고 있어서 크림까지 구매해서 사용중인데 무난하니 좋아요.재구매할 거같아요.촉촉하고 화장도 잘 받아서 좋아요.
2026-07-23,A000000231892,62118454,2026.06.30,5,0,NORMAL,피디알엔 크림 60ml (+30ml),A02,B01,"C01,C03",6,756.0,1,0,cenoifroubr,"크림인데도 끈적거리지 않고 촉촉하게 흡수되고 별다른 트러블 올라오는 것도 없어요
딱 필요한 수분만 채워주는 느낌이라서 아침 저녁 모두 사용하기 좋습니다👍"
2026-07-23,A000000231892,60278544,2026.05.28,5,0,NORMAL,피디알엔 크림 60ml (+30ml),A02,B01,"C01,C03",24,630.0,1,0,cenoifroubr,"크림인데도 끈적거림없이 촉촉해요!
지성이라 크림 잘못쓰면 유분이 너무 많아져서 트러블이 올라오는데 그런 것도 없었어요
딱 필요한 수분만 채워주는 느낌이라 아침 저녁으로 사용하기 좋았습니다
도움이 되셨다면 도움이 돼요 눌러주시면 감사하겠습니다☺️"
2026-07-23,A000000231892,60095874,2026.05.25,5,0,NORMAL,피디알엔 크림 60ml (+30ml),A02,B01,"C01,C02",10,630.0,1,0,NANAC,"한달리뷰입니다~~~
저는 40대 초반인데 입가에 주름이 조금씩
생기더라고요 ㅜㅜ 그래서 검색하다가 
요즘 아누아 광고도 많이하고 
핫하고해서 구매해서 앰플 토너세트로 다 
열심히 바르고 있어요~~
기대 안했는데~~ 저는 효과 보고 있어요 
입가에 주름이 흐려졌여요 ㅎㅎㅎ 그래서 
지금도 열심히 바르고 있고요 건성인데
보습도 되어서 이래저래 좋네요 촉촉하니~
풀세트로 꾸준히 바를 생각이어요 ㅎㅎㅎ"
2026-07-23,A000000231892,62322686,2026.07.04,5,1,OFFLINE,피디알엔 크림 60ml (+30ml),A01,B05,"C01,C05",0,600.0,1,0,졍닁,"수분 크림을 찾고 있었는데 초민감, 지성 피부가 쓰기에 엄청 순하고 자극 1도 없는 크림을 찾은 것 같아요 
아침, 저녁 아무때나 발라도 좋고 발림성도 가볍고 촉촉해요 
발라주면 확실히 피부에 수분감이 있는 것 같아요 
아누아 앰플이랑 같이 쓰면 시너지가 더 좋더라구요"
2026-07-23,A000000231892,62985582,2026.07.18,5,0,NORMAL,피디알엔 크림 60ml (+30ml),,,,0,528.0,1,0,슈잉잉이,아누아 피디알엔이 유명해서 구매해봤어요 수분크림이 잘 발려서 좋아요
2026-07-23,A000000231892,62016225,2026.06.28,5,1,OFFLINE,피디알엔 크림 60ml (+30ml),A03,B04,"C04,C05",1,396.0,0,0,뮴뮤,"이거 쓰면 진짜 피부 트러블 다 사라짐
근데 요즘은 덥고 습해서 저녁에 바르고 자면 유분 많이 올라오긴하는데
그래도 제형자체가 많이 무겁지 않아서 지성도 매일쓰기 조아요"
2026-07-23,A000000231892,61977965,2026.06.27,5,0,NORMAL,피디알엔 크림 60ml 2입,A04,B06,"C01,C02",1,396.0,0,1,방구석코덕,속건조 잡기 좋은 수분크림이에요!! 자기 전에 바르고 자면 다음날 얼굴이 너무너무 촉촉해요
2026-07-23,A000000231892,61897283,2026.06.25,5,0,NORMAL,피디알엔 크림 60ml (+30ml),A02,B04,C12,0,330.0,1,0,얍얍23,아직 안 싸봤는데 후기가 좋아서 구매했어요! 미니어챠 사른품도 같이 왔어요
2026-07-23,A000000231892,62906632,2026.07.17,5,1,OFFLINE,피디알엔 크림 60ml (+30ml),A02,,"C01,C02",0,300.0,0,0,레몬은사랑,역시 아누아 짱 처음엔 자극이 있었는데 꾸준히 바르면서 사라졌고 제형이 가볍고 수분감 최고고 흡수는잘 되지만 엄청 빨리 흡수가 되지는 않는거 같아요 하지만 밀림도 없고 같은 제품인 미스트랑 같이 쓰면 광이 더 살아납니당ㅎㅎ 재구매 의사 100% 있습니다
2026-07-23,A000000231892,62018000,2026.06.28,4,0,NORMAL,피디알엔 크림 60ml (+30ml),,,,0,264.0,1,0,스노크메이든,솔직히 보습에는 좋은 것 같지만 여름에 쓰기에 좀 답답한 느낌이 들어요. 지성이신 분들은 밤에 쓰는 게 좋을 것 같아요. 그래도 트러블이 나거나 자극이 되진 않아서 좋습니다!
2026-07-23,A000000231892,62453067,2026.07.07,5,1,OFFLINE,피디알엔 크림 60ml 2입,A04,B01,"C01,C02",0,198.0,1,1,k202112066****,세일때챙김 아침용으로 바르고  있어요 피부에댕김도 없고 흡수가잘되~
2026-07-23,A000000231892,62452971,2026.07.07,5,1,OFFLINE,피디알엔 크림 60ml 2입,A04,B01,"C01,C02",0,198.0,1,0,k202112066****,이제품어느 유튜브에서 좋다고해 써 보니 70대중반에도 피부에 잘 흡수된 아침용으로 바르고있어요
2026-07-23,A000000231892,62025478,2026.06.28,5,1,OFFLINE,피디알엔 크림 60ml 2입,A06,B06,"C03,C04",0,198.0,1,1,yr****,"중간중간 다른거 테스트 해보지만 결국 계속해서 쓰는건 이거뿐,,ㅎ"
2026-07-23,A000000231892,61590176,2026.06.18,5,1,OFFLINE,피디알엔 크림 60ml (+30ml),A03,B01,"C01,C03",2,198.0,1,0,미우밍,"엄청 촉촉하고 발림성 최고입니다
수분 폭발!
화장하기 전 미리 발라 두면 더 촉촉해 지는 것 같아요"
2026-07-23,A000000231892,61366115,2026.06.12,5,0,NORMAL,피디알엔 크림 60ml (+30ml),A03,B06,"C01,C02",2,198.0,1,0,민꼬맘,세럼에 반해서 크림까지 구매해봤어요.촉촉하니 넘 좋아요. 좋으면 재구매할게요.
2026-07-23,A000000231892,61318495,2026.06.11,5,0,NORMAL,피디알엔 크림 60ml 2입,A02,B01,"C01,C02",1,198.0,1,0,킴나나,"꾸준히쟁이는거 이번에 유류지원금으로 사려고
매장갔더니 품절 ㅠ 나서 인터넷주문했네요 
그래도 세일가격으로 쟁여둬서 든든"
2026-07-23,A000000231892,61265147,2026.06.10,5,0,NORMAL,피디알엔 크림 60ml 2입,A02,B02,"C01,C03",1,198.0,1,0,이재바리,"주름에 듬뿍 그다음날까지 촉촉하고 좋아오 
촉촉하고 발림도 좋고 재구매각"
2026-07-23,A000000231892,60472396,2026.05.31,5,0,NORMAL,피디알엔 크림 60ml (+30ml),,,,1,198.0,1,0,테발디,꾸준하게 관리 아누아 라인은 다 호불호없이 좋은 듯 해요  자극없이 순해요
2026-07-23,A000000231892,60078099,2026.05.24,5,1,GIFT,피디알엔 크림 60ml 2입,A02,B04,"C01,C05",5,198.0,1,0,춘시기집사,자극 없이 순하고 보습감을 줍니다! 딱히 단점은 없는 것 같아용
2026-07-23,A000000231892,61253830,2026.06.10,5,0,NORMAL,피디알엔 크림 60ml (+30ml),A03,B02,C05,1,165.0,1,0,ttang,"정말 무난한 제품인데, 양 조절 못하면 살짝 밀려요. pdrn은 화장품으로 흡수안되지만, 그냥 부담스럽지않은 보습력으로 써요."
2026-07-23,A000000231892,61103863,2026.06.07,5,1,OFFLINE,피디알엔 크림 60ml (+30ml),,,,1,165.0,1,0,뚜뚱,"Pdrn 크림이 필요해서 구경하던 중 세일하길래
기대없이 구매했는데 보습감도 좋고
피부에 자극도 없어서 좋아요"
2026-07-23,A000000231892,60451922,2026.05.31,5,0,NORMAL,피디알엔 크림 60ml (+30ml),,,,1,135.0,1,0,syyang,"수분 크림 60mL은 속건조와 수분 부족이 고민인 피부에 잘 맞는 촉촉한 수분 크림입니다. 가볍고 부드러운 제형이라 피부에 부담 없이 발리며 끈적임 없이 빠르게 흡수됩니다. PDRN과 히알루론산 성분이 함유되어 피부에 수분을 깊게 채워주고, 사용 후 피부가 탱탱하고 윤기 있게 정돈되는 느낌이 좋았습니다. 실제 리뷰에서도 발림성, 흡수력, 속건조 개선 만족도가 높은 편입니다."
2026-07-23,A000000231892,62763377,2026.07.13,5,0,NORMAL,피디알엔 크림 60ml 2입,A03,B03,"C04,C09",0,132.0,1,0,졸리야졸려,"4통째구매 올영이 빠르고 저렴해서 꾸준히 구매중
일단 보습 촉촉 봄가을겨울 4계절 내내 꾸준히 바르는중
할인할때 꼭 쟁여요"
2026-07-23,A000000231892,60942337,2026.06.05,5,0,NORMAL,피디알엔 크림 60ml 2입,A03,B06,"C06,C09",1,132.0,1,0,인더미드냥,수분을 잘 채워주는 느낌이라 촉촉하고 좋아요🩵 입구가 좁아서 양 조절하기 편한 것 같아요
2026-07-23,A000000231892,60774396,2026.06.03,5,0,NORMAL,피디알엔 크림 60ml 2입,A03,B05,"C05,C06",1,132.0,1,0,오쏘리,아누아 세럼이랑 같이 쓰는데 무난해요..! 막 엄청 특별한 건 잘 모르겠어요
2026-07-23,A000000231892,60139946,2026.05.25,5,1,OFFLINE,피디알엔 크림 60ml (+30ml),A01,B01,"C04,C06",0,90.0,0,0,Yoojin,좋다고 구매해서 사용해봤었는데 좋아서 또 구매했어요 기초화장순서에서 토너-세럼-앰플-로션 다음에 바르는데요 발랐을때 부드럽게 잘 발라지고 촉촉해요 작은 사이즈(30mL)는 여행용으로 사용하면 될꺼 같은데 막내동생이 달라고 해서 줬어요
2026-07-23,A000000231892,63185737,2026.07.23,5,1,OFFLINE,피디알엔 크림 60ml 단품,,,,0,88.0,1,0,altjd****,"매장에서 사고 벌써 다 써서 또 사야대게ㅛ어영
여드름때문에 고민이였는데 아누아 수분크림이랑 앰플 같이 써주니 점점 좋아지고 있는게 보입니다 ㅠㅠ"
2026-07-23,A000000227418,62980007,2026.07.18,5,1,OFFLINE, ,A02,B05,"C01,C05",129,94680.0,1,1,lulululalalah,"* 운동끝나고 단백질쉐이크 하루하나씩
챙겨먹는데 크런틴 제품 맛있어서
꾸준히 재구매하고 있는 제품이이요!!

* 초코맛도 진하고 안에 크런치볼도 많이
들어있어서 포만감에도 도움됩니다!!

* 단백질도 20g넘게 들어있고
초코맛도 진해서 추천해요!!"
2026-07-23,A000000227418,62762371,2026.07.13,5,0,NORMAL,[포켓몬 에디션] 블루베리요거팝,A01,B05,"C03,C06",132,72630.0,1,0,ㅣ김여름ㅣ,"🫐크런틴 블루베리요거팝

🫐단백질 21g
🫐184kcal
당류 2.3g
지방 4.2g

크런틴 단쉐 초코, 말차 맛 맛있길래 블루베리요거팝도 구매해봤어요

🫐블루베리랑 요거트 섞은 상큼달달한 맛이에요!
물만 타도 진하고 크런치볼이 많아서 넘 넘 맛있어요
아몬드브리즈에 타먹으면 더 맛있어요!

🫐밖에서 식사 시간 애매할 때 잘 먹고 있어요

좀 비싸긴 하지만 맛있어서 세일할 때 또 구매하고 싶어요!!"
2026-07-23,A000000227418,61390983,2026.06.13,1,0,NORMAL,[포켓몬 에디션] 블루베리요거팝,A03,B04,"C01,C02",117,9090.0,1,0,짱아랍니당,"솔직히 단백질 쉐이크 중에 제일 맛있고 그냥 과자나 그런거 먹는 느낌인데
왜 항상 크런틴은 할인이나 원플원 같이 해놓고 품절로 막아둠??ㅋㅋㅋ
진짜 제일 어이없고 개짜침
할인때 품절막아두고 세일기간 끝나자마자 품절풀리는건 뭐쥬?? 진짜 짜칩니다 브랜드...
세일끝나고 12시 되자마자 돌아오는 재고라니ㅋㅋㅋ"
2026-07-23,A000000227418,63003909,2026.07.19,5,1,OFFLINE,말차크러쉬,A01,B01,"C03,C04",7,5832.0,1,0,올리뷰과몰입,"단백질 쉐이크 느낌이 아니라 간식 먹는 기분 ? 
그래서 더 좋아요 그만큼 맛있어요! 
여러가지 맛 하나씩 도전 중 

이 말차맛은 저당이라서 조금 덜 달긴해도
맛잇어요"
2026-07-23,A000000227418,63003689,2026.07.19,5,1,OFFLINE,블루베리요거팝,A01,B01,"C03,C04",5,4392.0,1,0,올리뷰과몰입,"내가 먹어본 쉐이크
중에 원탑 

한번 마시면 딴거 못가요 ㅋㅋ

크런틴 자체가 다 맛있는듯 
더 쟁일거에뇨"
2026-07-23,A000000227418,62964435,2026.07.18,5,1,OFFLINE,콘플레이키,A01,B01,"C03,C04",5,4392.0,1,0,올리뷰과몰입,"진짜 뻥안치고 하나 먹어 보자마자 
이고 행사 엌제까지인디뷰터 
확인함 ㅋㅋ 

재규매할거에요 무조겈 ㅋㅋ
진짜 추천!!"
2026-07-23,A000000227418,63046581,2026.07.20,2,1,OFFLINE,초코이즈백,A07,B01,,4,3960.0,1,0,무조건솔직하게,"WPI 단백질 포함 단백질 함량 21g인 건 맞지만, 식품 유형 기타가공품이고, 당 부분이 아쉽네요. 총 당 함량은 0.8g이라고 하고 상품 설명 내에서는 천연당임을 강조하지만 성분 보면 당알코올 8.62%, 말티톨 1.74%이 함유되어있어 당 예민하신 분들은 피하는 게 맞을 것 같아요

맛은 크런치볼 많이 씹히고 달달해요 진하게 타먹으면 진짜 너무 달고,,, 연하게 타먹으면 특유의 단쉐맛 올라와요 ㅠ 단쉐 좋아하는 헬스인인데 딱히 살 필요를 못 느끼겠어요… 맛있다길래 담았는데 성분 제대로 확인했으면 안 샀을 것 같아요"
2026-07-23,A000000227418,62464032,2026.07.07,5,1,OFFLINE,초코이즈백,A02,B04,"C01,C06",6,3060.0,1,0,사고싶은건다산정약용,"아주 맛있소! 나도 운동 선생님께 추천받아 먹어본 브랜드인데 이 초코맛과 콘푸로스트 맛 이렇게 두가지가 매우매우 맛있더이다^_^👍

여러번 재구매 해 먹었소. 다만 가격은 조금 비싸게 느껴지더이다.

전체적으로 무난한 제품 같소! 나는 제품을 구매하기 전에 리뷰를 꼭 보고 사는 편인데 다들 호불호 갈리지 않는 무난한 사용감을 이 제품의 장점 중 하나로 꼽더구려. 그리고 세일할때 이용하면 더욱 합리적으로 느껴지는 가격도 이 제품의 큰 장점중 하나인것 같소이다. 그러니 세일 좀 자주 해줬으면 좋겠다는 소소한 바람이 있소. 그럼 그때 잔뜩 쟁여둘 터이니. 사용했을때 크게 불편함을 느낀적도 없다오. 아마도 앞으로 이 제품에 정착해서 그 젊은이 말로는 무난템으로 잘 사용할 수 있을것 같소이다. 나의 이 리이뷰가 도움이 되었다면 하단의 좋아요 엄지척 버튼을 한번 눌러주실 수 있겠소? 소중한 좋아요는 리-뷰 개발에 큰 힘이 되오. 고맙소이다^_^🩷 👍"
2026-07-23,A000000227418,63093094,2026.07.21,5,1,OFFLINE,오곡놀라,A02,B05,"C01,C05",1,2520.0,1,1,lulululalalah,"* 매일 운동끝나고 단백질쉐이크 하나씩
챙겨먹는데 크런틴 제품 맛있어서
번갈아가면서 먹고 있어요!!

* 오곡놀로 고소한 곡물맛이라 호불호없이
먹기 좋고 안에 크런치볼도 많이 들어서
포만감에도 도움되는 제품이에요!!

* 단백질도 20g으로 좋아요!!"
2026-07-23,A000000227418,62818694,2026.07.15,5,1,OFFLINE,초코이즈백,A02,B05,"C01,C05",2,2430.0,1,1,lulululalalah,"* 단백질쉐이크 하루 하나씩 먹다보니
다양하게 먹게되는데 초코맛 단백질쉐이크
중에서는 크런틴이 제일 맛있어요!!

* 안에 크런치볼이 실하고 많이 들어있고
초코맛도 진해서 초코맛 단백질쉐이크
좋아하는 분들께 추천하는 제품입니다!!"
2026-07-23,A000000227418,62793550,2026.07.14,5,1,OFFLINE,말차크러쉬,A02,B05,"C01,C05",1,1890.0,1,1,lulululalalah,"* 크런틴 단백질 쉐이크 좋아해서
꾸준히 재구매하고 있는 제품이에요!!

* 안에 크런치볼도 많이 들어있고
말차맛도 진해서 말차맛 단백질쉐이크
좋아하는 분들께 추천해요!!

* 단백질함량도 20g 으로 충분하고
우유나 아몬드브리즈에 타먹으면 맛있어요!!"
2026-07-23,A000000227418,62682017,2026.07.12,5,0,NORMAL,[포켓몬 에디션] 말차크러쉬,A01,B05,"C03,C06",1,1890.0,1,0,ㅣ김여름ㅣ,"💚크런틴 말차크러쉬

💚단백질 20g
💚161kcal
당류 0.9g
지방 3.2g

크런틴 단쉐 맛있어서 재구매했어요!

💚물만 타도 속세의 말차맛이라 좋았어요
아몬드브리즈에 타먹으면 더 맛있어요!
💚크런치볼이 많이 있어서 좋아요!

💚밖에서 식사 시간 애매할 때나 집에서 그릭요거트에 섞어 먹을 때 잘 먹고 있어요

좀 비싸긴 하지만 맛있어서 세일할 때 또 구매하고 싶어요!"
2026-07-23,A000000227418,62640482,2026.07.11,5,0,NORMAL,콘플레이키,A03,B04,"C02,C08",1,1890.0,1,1,네모설탕,크런틴 &#34;시리얼맛&#34; 너무너무 좋아요... 진짜 너무 맛있어욥.. 씹히는 맛도 있고 물만 타먹는데 우유 섞은 맛 나고 성분도 좋도 좋아욥💙 하지만 가격이 너무 비싸서 문제 ㅠㅠ 1+1에다가 쿠폰 안 먹이면 가격 부담이 크다.. 그리고 또 하나의 단점은 크런틴 시리얼맛 먹으면 예전에는 맛있게 먹었던 단쉐들이 멋이 없다.. 😭
2026-07-23,A000000227418,63160352,2026.07.22,5,1,OFFLINE,오곡놀라,A02,B05,"C01,C05",0,1800.0,1,1,lulululalalah,"* 단백질쉐이크랑 달걀 매일 챙겨먹는데
크런틴 오곡놀라 제품 맛있어서 꾸준히
재구매하고 있어요!!

* 고소한 곡물맛인데 호불호없을 맛이라
단백질쉐이크 입문자분들께도 추천하는 제품이에요!!

* 우유나 아몬드브리즈 타먹으면 더 맛있어요!!"
2026-07-23,A000000227418,63151511,2026.07.22,5,1,GIFT,초코이즈백,A03,B02,"C06,C09",0,1800.0,1,0,리락쿠마쿠마,사람들이 극찬하는 이유가 있었네요 ㅜㅜ 맛만 따지면 얘가 단연코 1등이이요 토핑도 엄청 많고 초코맛도 진한데 특유의 프로틴 맛이 안 나서 좋아요 우유 넣어서 먹으니까 더 맛있더라구요 간식 땡길 때 이 프로틴 쉐이크에 물이나 우유 넣고 얼리면 토핑 가득 진한 초코아이스크림 그 자체라 추천합니다 성분을 중요하게 보시는 분들은 다른 제품이 좀 더 맞으실 거 같고 식단 처음 시작하시는 분들이나 성분보단 맛있는 단쉐가 좋다 하시는 분들한테 강추합니다!
2026-07-23,A000000227418,63151305,2026.07.22,5,1,GIFT,오곡놀라,A03,B02,"C06,C09",0,1800.0,1,0,리락쿠마쿠마,크런틴이 단백질 쉐이크가 속세맛에 맛있기로 유명하길래 구매해봤습니다 오곡놀라는 이름처럼 고소한 오곡맛과 그래놀라처럼 바삭한 토핑 식감이 합쳐져서 먹었을 때 고소하면서도 맛있는 곡물맛이 나더라구요 토핑도 많이 들어있어서 식감도 좋았어요 미숫가루 맛이 진하게 나서 미숫가루 좋아하시는 분이나 토핑 많은 단백질 쉐이크가 좋다! 하시는 분들은 요 단백질 쉐이크 추천드려요
2026-07-23,A000000227418,63114134,2026.07.21,5,1,OFFLINE,[포켓몬 에디션] 말차크러쉬,A02,B03,"C01,C04",0,1800.0,1,1,올리뷰,"크런틴 말차 크러쉬 진짜 맛있어요! 요즘 단백질 쉐이크 제품 중에 최애입니다. 올영 세일 기간에 다양한 브랜드 여러가지 맛 사봤는데 크런틴 말차가 제일 많이 생각 나더라구요.

말차를 원래도 좋아해서 그렇기도하고 크런틴이 안에 시리얼이나 크런치같은게 더 많이 들어있어서 씹는 맛이 있다보니 더 맛있어요.

다른 브랜드보다 더 비싸고 할인을 잘 안하긴하는데 이번 세일기간에만 3번인가...여러번 재구매했습니다. 세일할때 미리 좀 쟁여둬야겠어요."
2026-07-23,A000000227418,63113255,2026.07.21,5,1,OFFLINE,[포켓몬 에디션] 오곡놀라,A02,B03,"C01,C04",0,1800.0,1,0,올리뷰,"개인적으로 미숫가루 맛을 엄청 좋아하진 않아서 그냥 크런틴 모든 맛을 먹어보고 싶어서 오곡놀라도 구매해본건데 역시 ㅠ 제 입맛에는 말차맛이 제일 맛있긴합니다.

오곡놀라도 찐한 미숫가루 맛이라 괜찮긴한데 개인적인 취향으로는 말차맛&gt;초코맛&gt;오곡놀라&gt;콘플레이키&gt;블루베리 요거트 이 순서인 것 같아요.

미숫가루맛 좋아하는 분께는 추천드리고 저는 앞으로 재구매한다면 말차맛만 주구장창 구매할 것 같긴합니다. 안에 확실히 건더기가 많아서 포만감이 상대적으로 오래가서 좋긴해요!"
2026-07-23,A000000227418,63112054,2026.07.21,5,1,OFFLINE,[포켓몬 에디션] 말차크러쉬,A02,B03,"C01,C04",0,1800.0,1,0,올리뷰,"원래도 말차맛을 좋아하긴하는데 단백질 쉐이크로 나온것 중에는 간혹 이상한 맛이 나는 경우가 있어서 잘 골라야하는데 크런틴은 처음 먹어봤는데 너무 맛있었어요.

특히나 안에 크런치같은게 다른 쉐이크보다도 양이 많이 들어있다보니 너무 맛있게 잘먹어서 그냥 또 먹고 싶어지더라구요. 말차맛이 맛있다보니 다른 맛도 전부 사먹어봤는데 입맛 차이일 수 있지만 콘플레이키랑 블루베리 요거트는 좀 인공적인 단백질 맛이 약간 나서 애매했고 초코랑 오곡맛은 맛은 괜찮긴했는데 개인 취향상 말차가 제일 맛있긴했어요 ㅎ

다른 제품들보다 가격대도 비싸고...행사도 잘 안하고 만약에 박스로 구매하면 한박스가 아니라 엄청 많이 사야해서 그건 많이 불편하긴 합니다만...간혹 세일하면 한개씩 사먹으려구요! 크런치가 꽤 많아서 식사대용으로도 좋습니다."
2026-07-23,A000000227418,63102451,2026.07.21,4,1,OFFLINE,블루베리요거팝,A02,B03,"C01,C04",0,1800.0,1,0,올리뷰,"크런틴 다른맛을 굉장히 맛있게 먹어서 새로나온 블루베리맛도 구매해본건데 다른맛은 안그랬는데 유독 블루베리 요거트랑 콘플레이키맛만 인공적인 단백질맛이 좀 느껴지네요ㅠ

라이프비 코코밥 요거트맛이 오히려 인공적인 맛이 훨씬 덜했어요! 크런틴은 건더기가 많은건 좋긴한데 재구매하면 녹차랑 초코정도만 재구매할 것 같아요."
2026-07-23,A000000227418,62867814,2026.07.16,5,0,NORMAL,[포켓몬 에디션] 초코이즈백,A01,B05,"C03,C06",0,1800.0,1,0,ㅣ김여름ㅣ,"크런틴 🍫초코이즈백

🍫 180kcal
🍫 단백질 21g

크런틴 초코 쉐이크 넘 맛있길래 재구매했어요!
포켓몬 콜라보 버전이라 디자인도 귀여워요

🍫물만 넣어도 진해서 맛있고 크런치볼이 많아서 먹는 재미가 있어요!

🍫단백질도 21g이라 좋아요

크런틴 단쉐 다 맛있어서 세일 많이 하면 또 구매하고 싶어요!~!~"
2026-07-23,A000000227418,62867805,2026.07.16,5,0,NORMAL,[포켓몬 에디션] 오곡놀라,A01,B05,"C03,C06",0,1800.0,1,0,ㅣ김여름ㅣ,"🤎 크런틴 오곡놀라

🤎 175kcal
🤎 단백질 20g

크런틴 초코, 말차 단쉐 넘 맛있게 먹은 기억이 있어서 오곡놀라 단쉐도 구매해봤어요

🤎 오곡, 크런치볼이 넉넉해서 씹는 재미도 있고 넘 맛있어요
아몬드브리즈 타먹으면 더 맛있어요

🤎 단백질도 20g이라 마음에 들었어요

밥 먹을 시간 부족할 때 잘 먹고 있어요 
세일 많이 하면 또 구매하려구요!"
2026-07-23,A000000227418,62908613,2026.07.17,5,1,OFFLINE,[포켓몬 에디션] 오곡놀라,A03,B03,"C02,C04",0,1512.0,1,1,규링2,알갱이들이 많이 들어있어 든든하게 먹을 수 있었지만 가격은 사악해요 ㅎㅎ
2026-07-23,A000000227418,62836450,2026.07.15,4,0,NORMAL,블루베리요거팝,A03,B06,"C03,C07",0,1350.0,1,0,흔한코덕,크런틴 쉐이크 잘 먹었던 기억이 있던 터라 저번 포켓몬 에디션 때처럼 1+1 행사 중이라면 무조건 2개 샀을텐데 하필 2+1이더라구요ㅠㅠ 크런틴 쉐이크 자체가 정가가 비싼 터라 세일해도 아주 싼 편은 아닌데 2+1이면 2개를 사야하니 넘 비싸서 일단 새로 나온 맛인 블루베리요거팝맛만 사봤어요. 오랜만에 초코맛을 먹어보고 싶었는데 좀 아쉽네요ㅠㅠ 비싼 만큼 건더기 양도 푸짐하고 맛있어서 다음 번에 1+1 한다면 꼭 재구매하려구요! 블루베리요거트맛이 요즘 인기인 건지 여러 브랜드에서 블루베리요거트맛 단백질쉐이크가 나오고 있네요? 제가 구매한 타사 쉐이크들 중에도 블루베리요거트맛이 있으니 걔네들과 같이 묶어서 비교해보는 리뷰를 작성해봐도 좋을 것 같아요. 크기는 역시나 크런틴답게 큼직해요. 크런틴 단백질바 초콜릿도 꽤 큰 편인데 쉐이크가 훨씬 더 크고 넙적하네요 ㅋㅋㅋ
2026-07-23,A000000227418,62828663,2026.07.15,4,1,OFFLINE,콘플레이키,A02,B03,"C01,C04",0,1350.0,1,0,올리뷰,"크런틴 말차맛을 먼저 먹어보고 건더기가 많아서 먹을때 맛있더라구요! 그래서 다른맛도 이것저것 사봤는데 5가지맛 모두 먹어본 결과 말차가 제일 맛있습니다..ㅎ

콘플레이키는 진짜 호랑이기운 시리얼 우유에 말아먹는맛이라 다른 맛 대비 훨씬 든든하긴한데 우유에 타먹었는데도 약간 약맛? 같은 단백질 특유의 맛이 좀 나긴하더라구요ㅠ 무시하고 먹을 수 있을정도이긴한데 블루베리 요거트맛이나 콘플레이키는 유독 약맛이 느껴졌어요.

녹차랑 초코는 그런게 전혀 없어서 좋았던건데 이번 올영픽 기간에 쟁인다면 말차를 제일 많이 사두고 콘플레이키는 소량 살것 같긴해요."
2026-07-23,A000000227418,62825804,2026.07.15,5,0,NORMAL,콘플레이키 더블기획 (+파우치 증정),A01,B05,"C03,C06",0,1350.0,1,0,ㅣ김여름ㅣ,"💛 크런틴 콘플레이키 기획

구성 : 단쉐 2개 + 포켓몬 파우치 1개

💛 191kcal
💛 단백질 20g

크런틴 초코, 말차 단쉐 넘 맛있게 먹은 기억이 있어서 콘플레이키도 구매해봤어요
단쉐 2개에다가 포켓몬 파우치 증정 기획이라 좋았어요

💛 씨리얼이랑 크런치볼 넉넉하게 들어있어서 넘 맛있었어요!
아몬드 브리즈 넣었더니 더 맛있어었어요

크런틴 단쉐 다 맛있어서 세일 많이 하면 또 구매하고 싶어요!"
2026-07-23,A000000227418,62490032,2026.07.08,5,0,NORMAL,콘플레이키 더블기획 (+파우치 증정),A02,B05,"C02,C03",0,1350.0,1,1,톰큐,"크런틴 잠실 팝업 때 처음 알게되고 올영에서 종종 사는데
포켓몬 에디션이라 그리고 콘플레이키 모델이 꼬부기라
쟁여탬으로 구매했는데 너무 귀여워서 아껴 먹고 있어요ㅋㅋ
물만 넣으면 되고 크런치볼 맛크크 씹는맛도 있어서
더 맛있고 간편하게 먹을 수 있는 맛도리 단백질 파우치
파우치도 엄청 귀엽고 또 콜라보 하면 좋겠어요"
2026-07-23,A000000227418,62266137,2026.07.03,5,1,OFFLINE,[포켓몬 에디션] 블루베리요거팝,A02,B05,"C01,C05",1,1260.0,1,0,lulululalalah,"* 운동끝난 후 단백질쉐이크 하나씩 챙겨먹는데
크런틴 제품 좋아해서 맛별로 다양하게 먹고있어요!!

* 최근에 블루베리 요거팝 맛 새로 나와서
먹어봤는데 요거트맛 좋아하는 분들께 추천해요!!

* 아몬드 브리즈에 타먹으니 맛있고
단백질함량도 20g 넘습니다!!"
2026-07-23,A000000227418,61966277,2026.06.27,5,1,OFFLINE,콘플레이키,A02,B05,"C01,C05",1,1260.0,1,1,lulululalalah,"* 운동하면서 단백질쉐이크 하나씩
자주 챙겨먹는데 크런틴 콘츨레이키 맛있어요!

* 우유에 시리얼 타먹는 편이라 맛있고
안에 시리얼도 많이 들어있어 좋아요!

* 아몬드브리즈에 타먹으니 맛있었고
시리얼맛 좋아하는 분들께 추천합니다!"
2026-07-23,A000000227418,61863278,2026.06.24,5,1,OFFLINE,[포켓몬 에디션] 말차크러쉬,A02,B05,"C01,C05",2,1260.0,1,0,lulululalalah,"* 운동끝나고 단백질쉐이크 자주 챙겨먹는데
특히 말차맛 좋아해서 맛별로 다양하게 먹어보고 있어요!!

* 말차맛도 진하고 안에 크런치볼도 많이
들어있어서 고소해요!!

* 단백질함량도 20g대로 충분하고,
아몬드브리즈에 타먹는 거 추천합니다!!"
2026-07-23,A000000202777,62581224,2026.07.09,5,1,OFFLINE,[+리필+쿠션블러셔+퍼프2p] 21C1,A06,B05,"C01,C02",1,1350.0,1,0,yslsol,"커버 잘되고 세트구성이라 가성비 좋게 구매했어요~ 케이스도 예뻐요!
지성피부, 여드름성 피부인데 피부표현 깨끗하게 잘 되는데다
지속력이 좋고 다크닝이 적어서 만족해요~
평소 23호 사용하는데 헤라는 21호 사용해도 자연스럽게 화사하니 예뻐서 좋네요"
2026-07-23,A000000202777,63025468,2026.07.19,3,0,NORMAL,[+리필+쿠션블러셔+퍼프2p] 13N1,A04,B01,"C01,C02",1,1080.0,1,0,markly,"컬러가 어두운 건지 모르겠는데 제 피부가 많이 밝은 편이 아님에도 불구하고 컬러가 너무 어둡게 느껴져요 아니면 제 피부랑 안맞는 컬러일 수 도 있을 거 같아요
하지만 이미 구매했기 때문에 열심히 소진해서 다른 컬러로 구매해봐야겠어요
확실히 땀에는 강하고 지금처럼 습한 여름에 사용해 주면 안뜨고 좋은 거 같아요"
2026-07-23,A000000202777,62658827,2026.07.11,5,0,NORMAL,25N1(본품+리필),A03,B01,"C03,C10",0,900.0,1,0,할매삼순이,"이 쿠션 색상 25호가 제가 찾던 색 입니다.늘 23호 쿠션이 밝다고 생각했거든요.드디어 인생 쿠션을 찾았습니다.색상이 너무 자연스럽고 이뻐요!!!!가격은 좀 비싸긴하지만...리필도 사서 쟁여두려구요.정착!!!23호 쿠션이 조금 밝다고 생각하시는 분들,촉촉한 쿠션 찾으시는 분들에게 꼭 권해드리고 싶어요~~"
2026-07-23,A000000202777,61915565,2026.06.25,5,0,NORMAL,[+리필+쿠션블러셔+퍼프2p] 17N1,A03,B05,"C02,C03",4,900.0,1,0,뚜뚜몸뽈링리링링,"- 헤라 쿠션만 써보면 이 쿠션이 좋은지 모르실 수 있는뎅,
다른 제품을 사용해보면 헤라가 정말 베이스 제품이 탁월하다는 것을 느낄거에요!!
저는 화장할때보다 시간이 지나서 무너졌을 때 이 쿠션의 진가가 발휘된다고 생각해요
무너짐이 너무 이쁘게 무너져요ㅠㅠ
진짜..다른 제품은 이상하게 뜨고 그런데 헤라는 시간 지날수록 본연의 피부색과 어우러져서 이쁘더라구요ㅎㅎ

- 제형이 매트해서 건성분들에게는 비추지만,
음 크림 등 기초제품을 잘 발라주면서 사용하시면 괜찮지 않을까요?ㅎㅎ

- 다른 제품은 쿠션을 사용하면 파운데이션을 바르는 것 만큼의 효과를 발휘하지 못하는데,
저는 헤라쿠션은 다른 파운데이션 못지않은 커버력을 지녀서 더 만족이 되는 제품이었어요!!

- 가격은 사실 좀 비싸지만,,
요새 백화점 라인 쿠션들은 리필도 안주는데 헤라는 그래도 리필도 주고 다른 사은품도 많이 주니까ㅠㅠ흑흑"
2026-07-23,A000000202777,61870160,2026.06.24,5,0,NORMAL,13N1(본품+리필),A03,B04,"C09,C11",1,900.0,1,0,셀키,"🦭 거지대딩이라서 막 사기에는 좀 부담쓰였는데 너무 피부표현 예쁘고 지속력 좋기로 유명해서 큰맘먹고 구매해봐씅.. 근데 웬걸 하하 모두가 호평인 데에는 이유가 있다는 거야✌🏻🤓 본인 17호쯤인데 헤라 13N이 체감상 15호정도였음! 얇게 바르면 디게 자연스러웠다 너무 동동 뜨는 밝은 색이 아니다 따봉

🦭 피부표현도 맨질맨질 예쁜데 지속력이 와따입니다 게다가 지금 여름인데.. 낮 12시부터 저녁 8시까지 저상태로 유지됨 너무조흠 그냥사세요 이건 필수베이스템이라고생각함.. 코덕이든 아니든 화장하시는 분들이라면 이거 한번쯤은 써보샸으면 조캣ㅅ구그래"
2026-07-23,A000000202777,61399124,2026.06.13,5,0,NORMAL,[쿠션블러셔+립펜슬듀오] 21N1,A03,B02,"C01,C08",9,810.0,0,0,yeppe9,"★한달사용리뷰 작성합니다★
안녕하세요 헤라 쿠션 구매했습니다
좀 커버력 좋고 지속 잘되는 제품 찾아보다가..
헤라 괜찮다길래 구매해보았씁니다.
일단 커버력은 진짜 최고구요! 근데 좀 매트해서 기초를 잘 깔고
올리지 않으면 굉장히 떠보입니다 ㅠㅠ
그래서 세럼이랑 가벼운 크림으로 오랜시간동안 기초공사 하고나서 사용하고있어요
다크닝은 없는 편이고, 저녁까지 무너짐이 별로 없는듯해요
★★★한달사용결과★★★
겨울에 사서 본품은 겨울에 사용하고
리필용은 여름인 지금 사용중인데 확실히 여름에 사용하니까 만족도가 확 올라가네요! 여름엔 역시 매트쿠션입니다"
2026-07-23,A000000202777,60454021,2026.05.31,5,1,OFFLINE,[+리필+쿠션블러셔+퍼프2p] 21N1,A03,B05,"C02,C03",6,810.0,1,0,뚜뚜몸뽈링리링링,"- 할인가로 62,900원에 구매했어요!
- 저는 쿠션이랑 파운데이션 여러개 사용해봐도 헤라 제품이 제일 좋더라구요ㅎㅎ
처음에 써보면 다 좋아보여도 화장 후 지속력이나 피부무너짐을 보면은 헤라만큼 이쁘게 무너지고 시간지날수록 피부표현이 이뻐보이는 쿠션도 없어요ㅠㅠㅠ
- 저는 피부화장을 헤라제품으로 할때 제일 이쁘다는 소리를 많이 들었던것같아요
아무래도 가격이 비싸서 세일안하면 사기 부담스럽긴 하지만
그만큼 제품력은 너무 좋아요!
수정화장을 해도 피부가 밀리지 않고 찰떡~~~
대신 기초화장이나 본인 피부 상태에 따라 다르니 그것은 참고해주세용"
2026-07-23,A000000202777,63096398,2026.07.21,5,0,NORMAL,[+리필+쿠션블러셔+퍼프2p] 17N1,,,,1,792.0,0,0,미나리무침,평소 에스쁘아 22호 어뮤즈 1.5호 사용하는데 17호가 딱 알맞네용
2026-07-23,A000000202777,62971936,2026.07.18,5,0,NORMAL,[+리필+쿠션블러셔+퍼프2p] 17N1,A03,B02,"C05,C08",0,660.0,1,0,가을뮤트봄라이트,유분 올라오는 여름이 오면 블쿠 바르는 게 좋은 것 같아요. 쿠션 퍼프 추가 증정이라 좋아요.
2026-07-23,A000000202777,61178807,2026.06.08,5,0,NORMAL,[+리필+쿠션블러셔+퍼프2p] 17N1,A04,B03,"C01,C02",10,630.0,1,0,joyyride,"헤라는
처음엔 좀 뜨는 거 같아보이는데
시간지나면 피부가 그랗게 예뻐보일수없음
처음엔 안 이쁜데 집에 돌아오는길에 거울보면 예쁨 ㅋㅋㅋ
이래서 다 헤라 쓰는구나...? ㅋㅋㅋ
근데,,, 제가 못바르는건지 커버력이 좀 떨어지는 느낌
기미 다 보임"
2026-07-23,A000000202777,61091538,2026.06.07,4,0,NORMAL,[+리필+쿠션블러셔+퍼프2p] 13N1,A04,B04,"C01,C02",5,630.0,0,0,나일론머스크,"스테디셀러 제품이라 코덕+너무 궁금하기도 해서 건성피부임에도 구매했습니다. 컬러가 다른 브랜드보다 어둡고 노랗게 나온 편이라 발색이 아쉬워 별1개 뺐습니다. 평소 쿠션파데 사용호수는: 클리오 란제리 컬러는 자연스럽다가 다크닝오면 어둡고, 네이밍 19N은 살짝 화사하다가 다크닝 오면 자연스러워지는 피부톤이고 옐로베이스
잘 안받는 여름쿨톤입니다. 평소 19호를 가장 잘 쓰는
저에게는 헤라 블쿠 13호가 가장 잘 맞았어요. 13호 아래부터는 일단 옐로우기의 채도가 높아지는 느낌이라ㅠㅠ 내장된 퍼프는 벨벳감이 느껴지는 질감인데 건성인 저에게는 내장퍼프보다 촉촉하게 발리는 아무 퍼프로 바르는게 발림성이 더 좋았고 (클리오 메쉬글로우 핑크쿠션 퍼프st) 매트제형이라 지속력 오래가는 건 뭐 당연히 기대한 바였기에 그러려니 했는데 잔주름이나 잔모공을 잘 메꿔줘서 피부결이 되게 좋아보인다는 점이 인상적이었습니다. 한창 아르마니, 입생로랑, 랑콤 파데 쓰다가 요즘은 로드샵도 너무 잘 나와서 로드샵 쓰다가 오랜만에 백화점 브랜드 써보니 다르긴 다르네요. 근데 헤라 파데들 샘플도 몇 번 써봤는데 그 것들은 그저 그랬는데..😅 여튼 얇은 건성 피부라 헤라블쿠의 매트함을 감당할 수 있을까 걱정했는데 기초 알맞게 하고 촉촉퍼프로 바르니 꽤 괜찮네요! 사은품으로 주는 미니블러셔쿠션은 쿨톤은 쓸 수 없는 완전 웜톤 단일컬러로만 증정되서 너무너무너무 아쉬웠어요..ㅎㅎ😂 왜 이런 증정품들은 거의 웜톤위주일까... 컬러 자체는 예뻐서 얼굴에 살짝 올려봤는데 불타는 고구마가 되었어요ㅠㅋ"
2026-07-23,A000000202777,62641732,2026.07.11,5,0,NORMAL,[+리필+쿠션블러셔+퍼프2p] 21N1,A03,B02,C06,0,594.0,1,0,아름다운마뉨,스킨 글로우 쓰다가 블랙은 처음 써보는데 지성인 제 피부에는 딱 좋네요~
2026-07-23,A000000202777,62638848,2026.07.11,5,0,NORMAL,21N1(본품+리필),A01,B02,"C02,C06",1,567.0,1,0,meso****,365일 사용템. 지성에게 최고임. 할인 들어가면 쟁여놓음. 할인이 들어가도 비싼게 흠ㅠ 같이 온 핑크 블러셔도 기대 안했는데 은은하니 예쁘네요. 블랙쿠션 한 통 금방 사용해서 가격대비 비용이 아쉽기는 해요ㅠ
2026-07-23,A000000202777,62702037,2026.07.12,5,0,NORMAL,[+리필+쿠션블러셔+퍼프2p] 21C1,,,,0,540.0,1,0,Lipobackgae,좋아욤 수부지인데 지성에 더 가까운 피부타입인데 헤라 정착했스요…. 딴거 다 기름지고 바로 뜨거나 그러는데 헤라는 그런 느낌이 확실히 덜해요 무너져도 예쁘게무너진다? 싶고.. 사진은 습하고 비오는 날에 30도여서 땀 뻘뻘 흘린 날인데 약간 기름 올라왔어도 예뻐보였어요
2026-07-23,A000000202777,62664178,2026.07.11,5,0,NORMAL,[+리필+쿠션블러셔+퍼프2p] 17N1,A03,B03,"C05,C06",0,540.0,1,0,앵띵,"속건조가 있어서 여름 아니면 못 쓰는데도 돌고 돌아 다시 헤라가 되네요
지속력은 헤라 못 따라오는 것 같아요
얇고 가볍고 딱 붙어서 벗겨지지도 않는데다 땀에도 버텨내니까 지성이 아닌데도 쓰게 되더라구요
22호 피부인데 21호는 딱 맞아서 좀 화사하게 쓰려고 17호도 구매했어요
지인이 13호를 줘서 써봤는데 과하게 하얘지는건 아니지만 그래도 좀 얼굴 동동이라 부담스럽더라구요
기획 블러셔는 핑크 베이스에 골드 쉬머펄이 섞여있는데 블러셔보다는 섀도우처럼 쓰기 좋을 것 같아요"
2026-07-23,A000000202777,62703687,2026.07.12,5,0,NORMAL,[+리필+쿠션블러셔+퍼프2p] 13N1,A05,B02,"C01,C02",0,495.0,1,0,올리러버,건성인데 요름이라 살짝 매트한 쿠션 이거 구매해좠는대 넘 좋음
2026-07-23,A000000202777,60804402,2026.06.04,5,0,NORMAL,[+리필+쿠션블러셔+퍼프2p] 17N1,A01,B06,"C01,C02",7,450.0,0,0,여쿨쏘쿨,"믿고 쓰는 헤라 쿠션. 피부 표현 진짜 예쁘고 지성에게 너무 좋아요!
모공 커버 잘 되고, 컬러 진짜 예쁘고..

참고로 저는 21호인데 19호 메이크업 좋아하고, 얘는 17N1 씁니다.

근데 쿠션 블러셔는 저는 원래 리퀴드를 잘 못 써서 그런가 좀 쓰기 어려운 거 같더라구요. 오래 안 쓰면 그 블러셔도 기름층이랑 분리가 되다 보니까 또 어렵고... 제가 겨쿨이라 컬러가 잘 안 맞았던 것 같아요!

근데 뭐 블러셔 보고 산 건 아니니까! 사실 헤라 쿠션 너무 좋은데 단점이 하나 있어요. 이거 진짜 너무 치명적인 단점이긴 한데..

쿠션을 거의 다 써 갈 때 피부표현이 별로에요... 진짜 새삥 뜯었을 땐 따끈따끈하니 너무 예쁘거든요?? 근데 얘를 거의 다 써갔을 때 쿠션을 좀 누르면서 찍을거잖아요? 그러면 발리진 않고 지워진다거나 다크닝이 온다거나 그래요.. 그래서 다른 쿠션에 비해서 조금 빨리 바꾸게 되는데 진짜 금액이 감당하기 어려워요ㅠㅠㅠ

그래서 다른 쿠션으로 갔다가 또 다시 헤라로 돌아오고 지금 무한반복 중인데...ㅠㅠ 그게 너무 아까워서 파운데이션 쓰기도 하고...ㅋㅋㅋㅋ 으ㅠㅠ

암튼 돈만 있으면 전 헤라 쿠션 쓰죠!"
2026-07-23,A000000202777,63151412,2026.07.22,5,0,NORMAL,17C1(본품+리필),A03,B04,"C01,C05",0,396.0,1,0,juy****,"다 좋은데 왜 맨날 주문하고 배송받을때마다 박스를 발로 밞은것처럼 구겨져서 배송이 오는지 모르겠네요. 
헤라 쿠션은 항상 애용하는 제품이라 좋아요. 사은품으로 받은 파우치는 지난번에도 받은거라 하나는 동생줘야겠어용"
2026-07-23,A000000202777,62288064,2026.07.04,5,0,NORMAL,[+리필+쿠션블러셔+퍼프2p] 21N1,A03,B02,"C01,C10",1,396.0,1,0,난향,"헤라 블랙 쿠션 오랜만에 다시 구매해서 사용을 하고 있는데..
밀착력이나 발림성 괜찮고 색상이 다양하고 예뻐서 좋아요^^
전체적으로 보면 역시나 괜찮은 쿠션이라서 잘 쓰고 있네요!!"
2026-07-23,A000000202777,60149084,2026.05.25,5,0,NORMAL,21N1(본품+리필),A03,B05,"C01,C03",1,378.0,1,0,아카샤akasha,거울스티커가 원래 없나봐요. 거울이 크고요. 자석타입 쿠션으로 열고 닫기가 편리하고 자연스러운 커버로 실속만점이예요. 무겁게 발리지 않아서 좋아요.
2026-07-23,A000000202777,63062830,2026.07.20,5,0,NORMAL,23N1(본품+리필),A04,B03,"C01,C02",0,360.0,0,0,밀크빛피부,"피부에 올렸을 때 답답한 느낌이 거의 없고 가볍게 밀착되는 점이 가장 좋았어요. 커버력도 괜찮아서 붉은기나 작은 잡티 정도는 한 번만 두드려도 자연스럽게 가려졌습니다. 무엇보다 시간이 지나도 무너짐이 예쁘게 되는 편이라 수정 화장을 자주 하지 않아도 깔끔한 피부 표현이 유지됐어요. 피부가 건조한 편인데 들뜨거나 각질이 부각되지 않았고, 그렇다고 너무 촉촉해서 번들거리는 느낌도 없었습니다. 마스크를 착용해도 묻어남이 생각보다 적어서 외출할 때 부담 없이 사용하고 있어요. 케이스도 고급스럽고 휴대하기 편해서 파우치에 넣고 다니기 좋았습니다. 자연스러운 피부 표현과 지속력이 좋아서 만족하며 몇년째 사용중이에요."
2026-07-23,A000000202777,62861365,2026.07.16,5,0,NORMAL,23N1(본품+리필),A03,B03,"C03,C04",0,360.0,0,0,보꿍,"가격이 있는 만큼 왜 인기가 많은지 써보니 알겠더라고요. 피부 표현이 얇고 자연스럽게 올라가는데도 잡티는 꽤 잘 커버돼서 만족스러웠어요.
 시간이 지나도 무너짐이 지저분하지 않고 피부가 예뻐 보이는 편이라 수정 화장도 간단했습니다. 너무 두껍게 올라가지 않아서 데일리로 쓰기 좋고, 한 번 써보니 재구매하는 이유를 이해했어요!"
2026-07-23,A000000202777,62927637,2026.07.17,5,0,NORMAL,[+리필+쿠션블러셔+퍼프2p] 17N1,A04,B03,"C01,C02",0,300.0,0,0,코코몽한갠가,"사용 후 리뷰 수정 하겠음. 오드로 시키면 부서진다는 게 뽁뽁이도 없는데 맨날천날 던지니까 그런거임.. 따악! 소리나서 보니 아니나 다를까 던져져있음 ㅠㅠ 만약 하라나 섀도우였으면 산산조각이었을듯,,, 쿠션도 괜찮은지 모르겠음,,,"
2026-07-23,A000000202777,62638804,2026.07.11,5,0,NORMAL,[+리필+쿠션블러셔+퍼프2p] 21N1,A01,B02,"C02,C06",0,297.0,1,0,meso****,헤라 블랙쿠션 못 잃어ㅠ 파워지성에 이만한 쿠션이 없습니다. 그런데 가격대가 비싸요ㅠ 가격이 좀 내려가거나 아니면 용량이 좀 늘어나면 안될까요ㅠ? 가격이 흠임ㅠ 제품은 넘나 마음에 드는데ㅠ 사계절 내내 잘 사용하고 있습니다
2026-07-23,A000000202777,61841491,2026.06.24,5,0,NORMAL,[+리필+쿠션블러셔+퍼프2p] 21N1,,,,1,270.0,1,0,레일라76,"여름용 쿠션으로 쓰려고 들였어요. 저는 글로우파라서 매트는 잘 쓰지 않는데, 여름에는 글로우는 너무 번들거려서 못쓰겠더라구요.
헤라블랙쿠션은 세미매트라서 쓰기 좋은것 같아요. 너무 건조하지 않아서 각질부각이 없고 컨실러 없이 잘 커버가 되네요."
2026-07-23,A000000202777,60804801,2026.06.04,5,0,NORMAL,[+리필+쿠션블러셔+퍼프2p] 21N1,A03,B02,"C01,C10",1,270.0,1,0,난향,"이햐~ 헤라 블랙 쿠션~ 결국에는 구매를 해버리고 말았다는~
워낙 괜찮은 쿠션들도 많은데 가격대비가 좀 차이가 나니까..
그래도 헤라 쿠션~ 마지막으로 사용한게 언제였던가 싶은데..
그냥 넘기고 넘기고 하다가 그래도 다시 써보겠다며 구매를!!
하지만 컬러도 예쁜 편에 발림성도 좋아서 일단 잘 써볼께요~
이번에 쿠션 블러셔가 같이 들어있는데 색상이 예쁜데요? ^^"
2026-07-23,A000000202777,62318770,2026.07.04,5,0,NORMAL,[+리필+쿠션블러셔+퍼프2p] 17N1,A04,B03,"C01,C02",1,250.0,1,0,아자스18,우와 대박 인생 쿠션 될 거 같애요. 제가 원래 네이밍 쿠션을 잘 쓰고 있었는데 이번에 돈 좀 써서 비싼 쿠션 샀는데 개 좋아요. 지속력이 너무 좋고 코끼임도 없고 다크닝도 없고 너무 좋아요. 그냥 얼굴 JONNA 예뻐 보이고 안색도 좋아 보이고 피부도 좋아 보이고 그냥 너무 좋아요. 이것도 보니 꼭 사세요. 제가 땀 졸라 많은 수부지인인데도 오늘 테스트 해볼려고 파우도 안 바르고 하루 종일 있었는데 8시간 외출 했는데도 진짜 끄떡없어요. 땀 가나디 많이 흘렸는데도 멀쩡해요. 같이 증정된 치크도 존1나 이뻐요. 완전 제가 갖고 있는 란제리 글로스랑 같이 바르면 이쁠 거 같아요 추천.
2026-07-23,A000000202777,61478719,2026.06.15,4,0,NORMAL,[+리필+쿠션블러셔+퍼프2p] 13N1,A04,B01,"C08,C09",1,225.0,1,0,DarlingJJin,"매트한 쿠션이라는걸 알고 구매했는데 진짜 신기한 경험중이에요 바르고나면 파우더처리한 피부처럼 싹 변하는게 너무 신기해요 촉촉한 피부 표현만 하다가 매트한걸 사용해보니까 신기하면서 건조하긴해서 재구매는 망설여질듯하네요
함께 준 블러셔는 진짜 별로인듯해요. 매트한 피부위에 얹으니 베이스가 다 까져서 서로 좀 안맞기도 하고 컬러도 생각보다 붉은편이라.. 그냥그래요"
2026-07-23,A000000202777,63198375,2026.07.23,1,0,NORMAL,[+리필+쿠션블러셔+퍼프2p] 21N1,,,,0,200.0,1,0,1018****,"아무리 행사 중이라지만 상품박스가 다 찌그러지고 내용물이 보이는 상태로 배송오는건 판매의 예의가 아니죠. 누가 공짜로 주는 것도 기분이 상할 판에, 배송 조차도 엘베타는 우리 아이 손에 들려보내시며 배송 사진으로 우리 아이 사진까지 찍으시면 정말 화가 납니다!!!"
2026-07-23,A000000202777,62458044,2026.07.07,5,0,NORMAL,[+리필+쿠션블러셔+퍼프2p] 17N1,A04,B06,"C01,C04",2,200.0,0,0,Thomasy,처음에는 좋은 거 같은데 커버력이 생각보다 안 좋은?ㅠㅠㅠ 그냥 되게 얇은 미백크림 느낌?? 결국 그냥 수정화장할때만 톡톡 바르고 있고 다른 쿠션 사용중입니다 저도 건성인데 제가 매트를 워낙 좋아해서 그런가 그렇게 매트로도 안느껴져요!!
2026-07-23,A000000226481,62847030,2026.07.15,5,0,NORMAL, 75ml,,,,34,16470.0,0,0,수상,"핑크색도 잘 썼는데 요근래 파란색이 알고리즘 타고 넘 많이 뜸.... 코덕이란 속을지언정 직접 겪어보고 후회하겠다는 마인드를 장착하고 있으닌깐.... 사봤는데.... 뭐지..... 왜 화장한 직후의 뽀용함이 왜 8시간 지난 퇴근때까지....... 기초, 선크림 끝내고 한번 가볍게 뿌랴주고 베이스하고 2차로 뿌려준뒤 말리고 파우더 브러쉬 말고 퍼프로다가 가볍게 눌러주듯 톡톡 발라주면 진짜진지하게 화장 개오래갑니다 전 수부지예요"
2026-07-23,A000000226481,61535189,2026.06.16,3,0,NORMAL, 75ml,A01,B05,"C01,C05",87,7500.0,0,0,똔민이조아,"얘 포함 쏘냐추럴 픽서 핑크, 회색까지 사용해본 사람임다
지성 기준 핑크는 뿌린날 안뿌린날 비슷
회색이 그나마 지속력 짱짱하게 오래 버티는 편
파랑이는 블러 처리 꽤괜인데 처음 뿌렸을 때 뽀용함과 기름 잡아주는게 3시간 만에 사라짐 + 평소 아예 없던 다크닝이 약간 발생
그래도 안개분사는 너무 좋습니나 물방울 전혀 안 맺힘
기름 스트레스 안 받으시면 좋아하실것 같으네용

아니 제 리뷰 계속 위에 있길래 그러는건데오 화장품은 늘 개인차가 있자나요 이 리뷰를 보고계실 여러분들껜 잘 맞을 수도 있으니까 꼭 “제 피부에서”는 지속이 잘 안되는 픽서이다 정도류만 참고해주세용 !!"
2026-07-23,A000000226481,62943402,2026.07.17,5,0,NORMAL,[기획] 120ml (+블러프렙10ml),A01,B05,"C01,C02",4,3900.0,1,0,갸루지망생,"다들 좋다고 해서 픽서 이번에 바꿀까 하다가 구입
일단 지성피부에게 강력!!추천합니다
쏘내 픽서는 넘 유명하죠 말뭐 ㅋㅋ
그치만 색이 다른만큼 다른 옵션보다
고정을 잘 해줄까? 하는 분들 많을 텐데요…

오늘 날씨가 갑자기 비가 왔고 습해서 이 정도입니다
색감 보정 전혀 안 들어갓구여
1번: 막 집에서 나왔을 때 찍은 거
2번: 일하다 중간에 찍은 거 (약 3시간 반 후)
3번: 귀가 후 찍은 거 (약 8시간 후)

블러처리 해주고 고정 싹 해준다는 점에서 굿.
날씨 감안하면 말뭐 한 통 다 쓸 듯"
2026-07-23,A000000226481,62069966,2026.06.29,5,0,NORMAL, 75ml,A03,B01,"C01,C02",18,2916.0,1,0,고깐,픽서 안쓰는데 써본 사람들이 추천해서 써봤어요. 전 땀도 많은데 여름에 화장 지워지는게 오바라서... 유명한 제품 브랜드로 결정했어요. 오 근데 확실히 쓰니까 화장 무너짐이 덜해요. 전후 효과가 있는 거 같아 만족해요
2026-07-23,A000000226481,62978498,2026.07.18,5,0,NORMAL,[기획] 120ml (+블러프렙10ml),A03,B04,"C01,C02",2,2520.0,1,0,감자찹쌀떡,"장점 및 사용감: 안개분사 타입이라 얼굴에 뭉 치거나 물방울이 맺히지 고르게 부드럽게 얹어 집니다. 메이크업 전후로 가볍게 뿌려주면 베이 스가 피부에 착 밀착되는 느낌을 받아요. 증정 되는 블러프렙과 함께 사용하면 시너지 효과가 배가 됩니다.

효과: 고정력이 정말 확실합니다. 시간이 지나 면 유분과 땀 때문에 화장이 지워지거나 무너지 기 마련인데, 이 제품을 뿌려두면 유분을 꽉 잡 아주면서 블러 처리한 듯 뽀송한 상태를 오랜 시간 유지해 줍니다. 마스크 착용이나 야외 활 동이 많은 날 필수품입니"
2026-07-23,A000000226481,63037140,2026.07.20,4,0,NORMAL,[기획] 120ml (+블러프렙10ml),A02,B04,"C01,C05",2,2232.0,1,0,쿨빈콩,"처음엔 허공분사 한번 하고 뿌리는거 추천드립니다!! 🥹
허공분사 안하고 뿌렸더니 뭉쳐수 첫트는 실패했어요..ㅜㅜ 손으로 두드려지면 흡수는 됩니당..!!!"
2026-07-23,A000000226481,62834247,2026.07.15,4,1,GIFT, 75ml,A02,B04,"C01,C04",3,1674.0,0,0,파워에이등,"모공 블러 효과는 모르겠어요. 아마 픽서로 블러 효과까지 바라려면 많이 뿌려야 할듯요..
기존에 핑크버전 잘 쓰고 있어서 지성분들 아니면 딱히 블루버전 살 필요 없을듯해여"
2026-07-23,A000000226481,62714397,2026.07.12,5,0,NORMAL,120ml,A04,B03,"C05,C09",1,1134.0,1,0,예트리,"쏘 내츄럴 픽서 두 개 삼 ㅋ
얼굴 여름이라 픽서 필요해 ㅋ
쏘 내츄럴 암 쏘 핫 ㅋ"
2026-07-23,A000000226481,62553059,2026.07.09,4,0,NORMAL, 75ml,A03,B01,"C01,C05",1,1125.0,1,0,라임피치,"메이크업 픽서를 처음 사용해봤는데 생각보다 사용감이 정말 좋았어요! 건조하게 당기는 느낌 없이 메이크업을 자연스럽게 잘 고정해줘서 만족스러웠습니다. 특히 가을, 겨울처럼 건조한 계절에 사용하면 메이크업 지속력도 높이고 들뜸도 줄여줄 것 같아 앞으로 자주 사용할 것 같아요."
2026-07-23,A000000226481,61099872,2026.06.07,5,1,GIFT, 75ml,A02,B04,"C01,C04",15,1098.0,0,0,파워에이등,"모공 블러 효과는 모르겠어요. 아마 픽서로 블러 효과까지 바라려면 많이 뿌려야 할듯요.. 
기존에 핑크버전 잘 쓰고 있어서 지성분들 아니면 딱히 블루버전 살 필요 없을듯해여"
2026-07-23,A000000226481,62186926,2026.07.02,4,0,NORMAL, 75ml,,,,3,1050.0,0,0,슨슨이,"보송보송하게 마무리 되며 픽싱 되는데 
-모공 블러 효과는 모르겠음
-시간경과시 베이스 메이크업이 건조해져 들뜸 보임
-베이스 단계마다 뿌랴가며 메이크업 한날은 갈라지고 들뜬 베이스가 하루 종일 지속되긴 함

잘쓰는 방법 연구해야겠음."
2026-07-23,A000000226481,62800905,2026.07.14,5,0,NORMAL, 75ml,A06,B04,"C05,C12",1,945.0,1,0,호랑각시,화장 유지력이 좋고 분사도 골고루 되어서 좋아요! 여름에 쓰기 좋은 픽서입니당
2026-07-23,A000000226481,61666630,2026.06.20,5,0,NORMAL, 75ml,A01,B06,"C07,C13",4,918.0,1,0,아이엠룬,"여름이라 화장이 너무 녹아서 구매하게 되었어요
선크림 사용 후 한번, 베이스 올린 뒤 한번 이렇게 두번만 뿌리는데 화장 잘 먹는데 도움이 되고 유지는 뭐 말모말모
최고입나더!!"
2026-07-23,A000000226481,61776567,2026.06.22,4,1,OFFLINE, 75ml,A02,B03,"C04,C09",5,810.0,0,0,삔콩,"건성이지만 한여름에 세미매트 ~ 매트 쓰는 사람으로써 이거 한번 써봤는데 좋긴 하걸랑요... 근데 핑크색이 건성한테는 좀 더 맞는 듯해요 지성이나 수부지에게 추천함니당

건성분들은 화장 다 하고 파우더 처리 후 핑크색 뿌려주면 조을 듯하고 아님 글로우 베이스 하고 파란색 쓰는 것도 낫 베드"
2026-07-23,A000000226481,63080646,2026.07.20,5,0,NORMAL,[기획] 120ml (+블러프렙10ml),A02,B01,C11,1,792.0,1,0,내말이맞음아무튼,건성이지만 여름에 좋다고 해서 구입했어요 말그대로 지속력 대박이예요ㅋㅋ 여름에 잘 쓸 듯합니다
2026-07-23,A000000226481,63055673,2026.07.20,5,0,NORMAL, 75ml,,,,1,792.0,1,1,jwoni,"메컵전 후로 뿌려주면 확실히 지속력이 좋아요.
먀일매일 쓰는거라서 좀 가격이 저렴했음 좋겠어요.
얼귤이 당기고거나 자극이 없어서 좋아요🩷"
2026-07-23,A000000226481,62945579,2026.07.18,5,0,NORMAL,[기획] 120ml (+블러프렙10ml),A04,B01,"C01,C02",0,792.0,1,0,초이2011,핑크 써보고 괜찮은거 같아서 여름용으로 구매해봤어요. 좋아요
2026-07-23,A000000226481,62856196,2026.07.15,5,0,NORMAL,[기획] 120ml (+블러프렙10ml),A04,B05,"C05,C06",2,756.0,0,0,애용하는애옹이,"비싸다고 괜히 다른걸로 갈아탔다가
쓰디쓴 실패를 경험하고 다시 돌아옴...
스킨케어, 선크림 바른후 한번
베이스 하고 한번
파우더,색조하고 한번
해주면 무려 폭염속에서도 12시간은 거뜬히
유지됨"
2026-07-23,A000000226481,62750581,2026.07.13,5,0,NORMAL,[기획] 120ml (+블러프렙10ml),A01,B04,"C01,C05",2,756.0,0,0,차차돌,아니 이거 진짜 뭐에요??? 진짜 너무 좋아요 이거 쓰니까 피부 보송뷰송해짐
2026-07-23,A000000226481,61965578,2026.06.27,4,0,NORMAL,120ml,,,,2,756.0,1,0,jwoni,"용량에비해 가격이 비싸요.
픽서고정력 괜찮아요.
너무 강하지않아서 피부자극이 없어요.
그래서 재구매하는중. 안개분사인거 좋아요"
2026-07-23,A000000226481,62997897,2026.07.19,5,0,NORMAL,[기획] 120ml (+블러프렙10ml),A01,B02,"C07,C09",1,660.0,1,0,세상에나쁜지성은없다,"하,, 진짜 내 뻬이보릿 픽서답게 뿌리면 넘 시원하고 기분 조코 화장 유지력도 지려여 같이 온 모공 프렙도 넘 맘에 듦 지성이분들 이거 꼭꼭 쟁기자~~"
2026-07-23,A000000226481,62972379,2026.07.18,5,0,NORMAL,[기획] 120ml (+블러프렙10ml),A03,B03,"C01,C07",1,660.0,1,0,ㅈ지니,"조아요 핑크색도 쓰고있는데 여름엔 이것도 좋다고 해서 바로 구매햇어요 프렙도 같이와서 너무 만족해여
마스크써도 화장지속력 높여줘서 좋음"
2026-07-23,A000000226481,62953590,2026.07.18,5,1,OFFLINE,[기획] 120ml (+블러프렙10ml),,,,1,660.0,1,0,aidrn,"뿌리면 시원해져서 피부 열감 떨어지는 느낌 들어서 좋어요
같은 브랜드 매트 픽서는 고정력은 좋지만 피부가 좀 당기는 느낌이 드는데 블러 픽서는 고정력은 좀 떨어지지만 당기지 않아서 수부지가 쓰기 좋아요"
2026-07-23,A000000226481,62879614,2026.07.16,5,0,NORMAL, 75ml,A03,B04,"C05,C06",0,660.0,1,0,summmerr,기존 핑크보다 나은 것 같으면서 모공 효과는 모르겠어요 ㅎㅎ
2026-07-23,A000000226481,62647707,2026.07.11,5,0,NORMAL,[기획] 120ml (+블러프렙10ml),A03,B02,"C03,C04",1,594.0,0,0,민블,완전 죠아요 ㅋㅋ 재재 구매할 템입니당 요뮬입니다 성분도 좋고 발림성도 좋고 ^^
2026-07-23,A000000226481,61560009,2026.06.17,5,0,NORMAL,120ml,A03,B04,"C04,C05",10,558.0,0,0,무민엄마라네요,지성인들은 이거로 사세요! 핑크색보다 확실히 더 고정력이 좋아요 코끝 하이라이터 살아남은 적이 없는데 진짜 최고!
2026-07-23,A000000226481,62747870,2026.07.13,5,1,OFFLINE, 75ml,,,,2,540.0,0,0,느좋녀도전,"아니 이거 뿌리고 난 뒤에 베이스가 절대 안까졌어요 진짜로
썸남이 볼꼬집고 볼 먹고 난리가 났었는데도 집에와서 보니까 화장 하나도 안까지고 기름도 안올라오고 너무 좋았어요 진심 근데 학교에서 쓰면 기름이 너무 잘 올라와서 검정색 픽서도 살려ㅜ여"
2026-07-23,A000000226481,63167050,2026.07.23,5,0,NORMAL, 75ml,A02,B05,,0,528.0,1,0,sosorizztime,확실히 메이크업 지속력이 좋고 수부지에게는 여름가을에 쓰기 좋은 블러 픽서 입니다
2026-07-23,A000000226481,63154851,2026.07.22,5,0,NORMAL,[기획] 120ml (+블러프렙10ml),A04,B05,,0,528.0,1,0,hzero,요즘 여름이라 픽서가 시급해서 유튜브에서 보고 요게 모공픽서라서 좋다구 해서 보고 구매해용
2026-07-23,A000000226481,62256006,2026.07.03,5,1,OFFLINE, 75ml,A03,B03,"C01,C04",3,504.0,0,0,Kimjm,저는 원래 인중에 땀이랑 얼굴에 유분이 엄청 나와서 화장이 녹아 없어지는 수준이었는데 이거 쓰니까 화장이 살아있어요 모공 블러도 어느 정도 되는 것 같아요
2026-07-23,A000000248462,62545003,2026.07.09,4,0,NORMAL,[7월 한정 기획] 30일 (+15일분),A02,B02,"C02,C09",4,2970.0,1,1,찰떡모찌랑,"증정으로 줄때 더 사놔야죵!!! 이거 먹은 지 오래 됐는데영..사실 뭐에 좋은지, 뭐가 좋아졌는지 모르겠지만 그냥 먹고있어요..ㅎ 안먹는 것보다는 낫다는 느낌(?) 과식하거나 저녁에 주로 먹고있슨ㅎ 계속해서 리뉴얼하고 이제 한알씩만 먹어도 되서 편한 건 좋아여! 통이 커서 옮겨서 먹음ㅎ"
2026-07-23,A000000248462,62211166,2026.07.02,4,0,NORMAL,[7월 한정 기획] 30일 (+15일분),A02,B02,"C02,C09",3,1980.0,1,0,찰떡모찌랑,"기본 통이 너무 커서 예전 통에 옮겨담아 먹고있슨..! 바이탈뷰티 메타그린이 나올때부터 먹고있는데 먹다보니 그냥..지금까지 먹고있어요,,,꾸준히 먹고있는데 솔직히 다 모르겠고..그저 위안 삼아 먹고있는거라 그걸로 만족함ㅎㅋㅋ 예전엔 세알부터 두알..계속 리뉴얼되면서 이제 한 알만 먹어도 되는 게 좋네영! 과식할때나 저녁 위주로 먹는데 나쁘지않아여ㅎ"
2026-07-23,A000000248462,63171011,2026.07.23,5,0,NORMAL,[단품] 30일,A02,B01,"C08,C12",0,1512.0,1,0,한꼬라지,"알약도 넘기기 쉽고 크지 않아서 불편함이 없었어요
식후에 바로 먹고 있는데
복부쪽에서 효과 있는거같아서 재구매했어요"
2026-07-23,A000000248462,63170883,2026.07.23,5,0,NORMAL,[7월 한정 기획] 30일 (+15일분),A02,B01,"C08,C12",0,1512.0,1,0,한꼬라지,"효과 있는 듯 해서 재구매합니다
15일 더 추가 증정이였어서 얼른구입했는데
오늘 오특..😆
15일분이 따로 증정이 되는게 아니고
통 안에 15알이 그냥 같이 들어가 있어요"
2026-07-23,A000000248462,62952509,2026.07.18,5,0,NORMAL,[단품] 30일,A01,B02,"C02,C06",0,1512.0,1,0,ha느리,올영세일에 쿠폰까지 쓰니까 저렴했어요 그치만 60일이상 구매할땐 아모레몰이 가장 저렴한거같아요 체감이 잘되는편이라 주기적으로 구매해서 먹고있어오
2026-07-23,A000000248462,62841899,2026.07.15,5,0,NORMAL,[올영픽 한정기획] 30일 + 5일,,,,3,1215.0,1,1,이슬기22,"4상자 구매해서 꾸준히 먹는 중입니다. 이거 먹고 살이 엄청 빠졌다. 이런 건 아니지만 평소처럼 먹을거 다 먹고 간식도 먹고 적당히 운동 조금하고 체중 잘 유지하고 있어요. 가끔 더 많이 먹은 날 이거 챙겨 먹어 주면 뭔가 마음이 편합니다. 진짜 잘 먹는 편안데 안찌는게 어디에요 ㅎㅎ

성분이 성분인 만큼 식 식후에 한 알 먹으면 도움이 된다고 생각해요. 녹차 카테킨 (360mg):  체지방 감소, 그리고 혈중 콜레스테롤 개선에 도움을 주는 다이어터 필수 성분이에요. 바나바잎 추출물 (코로솔산 1.3mg): 탄수화물 러버들에게 가장 반가운 성분! 식후에 급격하게 올라가는 혈당 상승을 억제해 줍니다. 판토텐산 (500%): 에너지를 생성하고 식이 대사를 돕는 영양소까지 야무지게 채워져 있어요.

이 성분들이 들어 있다고 하니? 저는 그냥 꾸준히 먹어 보려고 합니다. 점심에 빵, 파스타, 떡볶이 같은 고탄수화물 해도 이거식후 1알 딱 먹어주면 마음이 아주 편안해지는 마법 ㅎㅎ 

​ 그리고 몸무게에는 변함없지만 눈바디는 더 좋아진 것 같기도 해요. 제 생각이지만요. 전 만족합니다."
2026-07-23,A000000248462,62614238,2026.07.10,5,0,NORMAL,[7월 한정 기획] 30일 (+15일분),,,,2,1134.0,0,0,메이튜,밥 먹고 항상 먹어줘요 ㅎㅎㅎ체중 감소까진 모르겠는데 유지하는데 도움 돼요! 알약도 작아서 한입에 먹기 딱이에용
2026-07-23,A000000248462,62565160,2026.07.09,5,0,NORMAL,[7월 한정 기획] 30일 (+15일분),A03,B03,"C01,C06",1,1134.0,1,0,미리내1,"몇년째 먹고잇는. 필수품 편안하게 잘 넘어갑니다
이주치증정 조아요"
2026-07-23,A000000248462,63199916,2026.07.23,5,0,NORMAL,[7월 한정 기획] 30일 (+15일분),A06,B04,"C01,C02",0,792.0,1,0,요구르트2,세일하면 그냥 습관적으로 재구매하고있어요  오특할때 아니면 돈아까워서요
2026-07-23,A000000248462,63008457,2026.07.19,5,1,GIFT,[올영픽 한정기획] 30일 + 5일,A03,B02,"C01,C05",0,792.0,1,0,jamongg,"1알씩 먹으면 되니까
편하네여
냄새나 역한 것도 없어서
좋습니당"
2026-07-23,A000000248462,62259568,2026.07.03,5,0,NORMAL,[7월 한정 기획] 30일 (+15일분),A03,B03,"C01,C02",0,756.0,1,0,먕먕해,"예전에 먹었던 제품인데
사실 이걸 먹어서 빠졌다..는
잘 모르겠어요

근데 기분탓인지 좀 몸이 덜 무거운 
느낌이 들긴 하더라구요 😅

다른 건 먹고나면 배가 아픈 경우가
종종 있었는데 이건 그런 게
없어서 제일 많이 구매했어요!!"
2026-07-23,A000000248462,62117869,2026.06.30,5,0,NORMAL,[어워즈 기획] 30일+5일+키캡키링,A03,B05,"C05,C06",0,756.0,1,0,oaon,포장도 꼼꼼하고 먹었을 때 속이 더부룩하지 않아서 꾸준하게 먹기 좋았어용
2026-07-23,A000000248462,62107662,2026.06.30,5,0,NORMAL,[올영픽 한정기획] 30일 + 5일,A04,B04,"C05,C09",2,756.0,1,0,얌만두,"아니!!
+15일 더 증정이면
당연히 사야죠 이건
기획 뭐야
혜자네"
2026-07-23,A000000248462,61861641,2026.06.24,5,0,NORMAL,[단품] 30일,A03,B03,"C01,C06",1,756.0,1,1,미리내1,"화장실잘가고
한알로 모든게 해결되니 좋습니다용
통을 작게 만들어도 될거같아요"
2026-07-23,A000000248462,62680729,2026.07.12,4,0,NORMAL,[단품] 30일,A02,B01,"C03,C10",0,675.0,1,0,똑소리쩡이,"올리브영 세일기간에 주문해 꾸준히 먹고있는 중압니다.
먹지 않는 것보다는 나을 거라는 생각에 먹고 있는데요.
사실 체감하고 있는 효과는 잘 모르겠어요.
다행히 주변에 먹고 도움을 받은 사람이 있어서 같은 효과를 바라며 계속 먹어볼 생각입니다.
먹기 편하고 속도 불편하지 않아 먹기 좋아요.
세일기간이나 할인할 때 또 주문할 생각입니다."
2026-07-23,A000000248462,62800698,2026.07.14,5,0,NORMAL,[올영픽 한정기획] 30일 + 5일,A03,B01,"C01,C02",0,594.0,1,1,초록숲요정,알약 크기도 너무 부담스럽지않아 목넘김이 수월해요 다음날 가뿐하게 화장실도 잘 가서 좋아요
2026-07-23,A000000248462,62771366,2026.07.13,4,0,NORMAL,[단품] 30일,,,,0,594.0,1,0,볶은당근,바이탈뷰티 메타그린 슬림업 간편하게 먹을 수 있어서 좋아요
2026-07-23,A000000248462,62760842,2026.07.13,5,0,NORMAL,[7월 한정 기획] 30일 (+15일분),A01,B01,"C01,C02",1,594.0,0,0,로롤로,"무조건 쟁여해 놓아야 안심됩니다
저녁먹고
꼭 챙겨먹어요
만족"
2026-07-23,A000000248462,62960681,2026.07.18,5,1,OFFLINE,[부스터샷/한정기획] 7입+1입,A03,B03,"C09,C13",1,528.0,0,0,두쫀쿠,기획 살라고 옆동네까지 갓다옴 ㅠ 효과는 걍 미미해요~ 가끔 먹어줍니더
2026-07-23,A000000248462,62238000,2026.07.03,5,0,NORMAL,[단품] 30일,,,,0,504.0,1,0,이영신,재구매에요 먹으면 쪼금은 덜쪄서 항상 먹는중이에요 추천이에요
2026-07-23,A000000248462,61049615,2026.06.06,5,1,GIFT,[한정기획] 30일+5일,A02,B02,"C01,C02",0,450.0,1,0,토깽이S,한통에 30일분이 들어있는 제품이에요. 소분포장 된 제품도 있었는데 통에 들어있는 제품이 통도 작고 먹기 괜찮았어요. 식후에 2정씩 물과 함께 먹어주면 되어서 간편하고 저는 주로 저녁을 먹고나서 먹는 편인데 꾸쭌히 먹어도 괜찮았어요.
2026-07-23,A000000248462,60189710,2026.05.26,5,0,NORMAL,[단품] 30일,,,,0,450.0,1,1,국어사랑,"식단 관리와 체지방 감소에 관심이 많아 선택하게 된 메타그린 슬림업입니다. 우선 알약 크기가 약 1cm 정도로 적당해서 목 넘김이 정말 편안하다는 점이 가장 만족스러워요. 매일 챙겨 먹어야 하는 제품이라 크기가 크면 부담스러울 때가 많은데, 이건 부담 없이 꾸준히 섭취하기 딱 좋은 사이즈입니다.
포장 상태도 꼼꼼하게 잘 배송되었고, 유통기한도 매우 넉넉해서 안심하고 끝까지 챙겨 먹을 수 있을 것 같아요. 식후에 간편하게 섭취하면서 체지방과 혈당 관리를 동시에 할 수 있다는 점이 큰 장점인 것 같습니다. 휴대하기 좋은 용기라 외출할 때나 여행 갈 때도 챙겨 다니기 좋아 앞으로 제 필수템이 될 것 같아요!"
2026-07-23,A000000248462,60110944,2026.05.25,5,0,NORMAL,[단품] 30일,A03,B02,"C01,C03",0,450.0,1,0,YUKI,25년도 제품 꾸준히 먹고있어요.거의 다 먹어가서 구매할려한 26년 리뉴얼 버전이 나온거 있죠~~^^기존의 2알에서 1알 먹는 걸로 변경!!알약이 조금 커지긴 했지만 그것도 큰 사이즈는 아니여서 수월하게 먹기 좋아요.이제는 뭔가 없으면 불안한ㅎㅎ안챙겨먹음 허전해요.제 루틴으로 자리잡은 메타그린 슬림업~더 좋아진 만큼 좀더 드라마틱한 효과를 은근 기대해본답니다^^
2026-07-23,A000000248462,60039996,2026.05.24,5,0,NORMAL,[단품] 30일,A03,B06,"C01,C02",0,450.0,1,0,크림초코치즈,"바이탈뷰티 메타그린 슬림업은 평소 식단 관리와 함께 가볍게 챙겨 먹을 제품을 찾다가 선택하게 되었어요. 하루 1정으로 간편하게 섭취할 수 있어서 바쁜 아침이나 외출 전에도 부담 없이 챙기기 좋았고, 꾸준히 먹기 편한 점이 가장 만족스러웠습니다.

작은 정제 타입이라 목 넘김도 편안한 편이고 특유의 향이나 맛이 강하지 않아 거부감 없이 섭취 가능했어요. 특히 식사량이 많아지거나 야식 먹은 다음 날에도 꾸준히 챙겨 먹으니 스스로 관리하고 있다는 느낌이 들어 만족스러웠습니다.

패키지도 깔끔하고 휴대하기 편해서 회사나 여행 갈 때 챙겨 다니기 좋았고, 1일 1정이라 번거롭지 않은 점이 큰 장점이었어요. 무엇보다 메타그린 슬림업 특유의 가벼운 루틴 느낌이 마음에 들어서 식단 관리와 함께 병행하기 괜찮더라고요.

이번 기획 구성은 추가 증정까지 포함되어 있어서 가성비도 만족스러웠고, 평소 간편한 건강 루틴을 찾는 분들이나 부담 없이 꾸준히 관리하고 싶은 분들에게 추천하고 싶은 제품입니다."
2026-07-23,A000000248462,62944198,2026.07.18,5,0,NORMAL,[7월 한정 기획] 30일 (+15일분),,,,0,396.0,1,0,으하항항,"구매해서 먹고 있는데 확실히 밥먹고 먹었을 때 안먹었을 때 비교해보면 저녁을 든든하게 먹어도 먹었을때 좀 덜찌는 기분이더라구요...

올영에서 기획으로 15일치가 추가 증정이여서 구매했어요~"
2026-07-23,A000000248462,62523321,2026.07.08,5,0,NORMAL,[7월 한정 기획] 30일 (+15일분),A03,B02,"C01,C09",0,396.0,1,0,햇살가득아침,그냥 꾸준히 먹고있어요 안먹는거에 비해선 낫다는 생각으로ㅎㅎ좋습니다
2026-07-23,A000000248462,62503669,2026.07.08,5,0,NORMAL,[7월 한정 기획] 30일 (+15일분),,,,0,396.0,1,0,고굼찌,예전에 이 제품으로 자주 먹었는데 잠깐 갈아타면서 방황하다가 다시 정착했네요^^~! 마침 15일정 추가로 줘서 좋아요!ㅎㅎ 만족합니당!
2026-07-23,A000000248462,62402230,2026.07.06,4,0,NORMAL,[단품] 30일,A04,B04,"C01,C05",0,396.0,1,0,말랑쩡,1일3정에서 2정 그리고 1정까지 많이 발전했네요! 먹으면 좀 나을까 싶어먹습니다
2026-07-23,A000000248462,62348642,2026.07.05,5,1,OFFLINE,[부스터샷/한정기획] 7입+1입,A03,B04,"C02,C03",0,396.0,1,1,핑크키티75,땀나는 운동후 마셔주면 힐링되고 기분이 좋아 정성들여 씻는 루틴
2026-07-23,A000000248462,62347388,2026.07.05,5,0,NORMAL,[7월 한정 기획] 30일 (+15일분),A03,B01,"C01,C02",0,396.0,1,0,초록숲요정,바이탈뷰티 메타그린 슬림업 알약 크기가 크지않아 먹기도 수월하고 먹고나서 다음날 화장실도 잘가고 효과가 좋아요
2026-07-23,A000000251000,62766003,2026.07.13,5,0,NORMAL,지중해 오일만 클렌즈 10포+보틀 증정,A02,B05,"C01,C05",1,1890.0,1,0,lulululalalah,"* 무겁게 먹은날은 그 다음날 클렌징쥬스
마시고 소식하니까 몸 금방 돌아오고 좋더라구요!

* 푸드올로지 제품 다양하게 먹는데
오일만 클렌즈는 처음 먹어봤어요!
저는 정량보다 물 적게해서 먹었는데
편하게 먹기 좋고 미지근한 물에도 잘 녹아 좋아요!"
2026-07-23,A000000251000,62876448,2026.07.16,5,0,NORMAL,지중해 오일만 클렌즈 10포 (10일분),,,,0,1800.0,1,0,진주같은상윤잉,"평소 자극적인 음식을 자주 먹는 편이라 몸이 무거운 느낌이 들 때가 많았는데, 부담 없이 관리해보고 싶어 구매했습니다. 인위적으로 강한 맛이 아니라 레몬의 상큼함 덕분에 마시기 편했고, 간편하게 챙길 수 있어 꾸준히 이어가기 좋았어요. 짧은 기간이지만 식습관을 다시 신경 쓰게 되는 계기가 되었고, 가볍게 리셋하는 느낌이라 만족하며 마시고 있습니다."
2026-07-23,A000000251000,62876347,2026.07.16,5,0,NORMAL,지중해 오일만 클렌즈 10포 (10일분),,,,0,1800.0,1,0,오늘의뷰티,"요즘 외식이 잦고 식습관이 들쑥날쑥해서 5일 정도 가볍게 관리해보려고 시작했어요. 레몬과 파슬리가 들어 있어서 상큼하게 마시기 좋았고, 하루 한 포씩 챙겨 먹기도 간편했습니다. 꾸준히 마시니 식사 후 더부룩한 느낌이 한결 편해지는 것 같아 만족스러웠고, 식습관을 다시 잡는 계기가 된 것 같아요."
2026-07-23,A000000251000,62547632,2026.07.09,5,0,NORMAL,지중해 오일만 클렌즈 10포 (10일분),A03,B01,"C01,C03",0,1350.0,1,0,in9866,가루 알갱이가 좀 씹혀서 전 식감은 그냥저냥 그랬어요 그리고 하루 한포라 먹기는 편한데 아침에 공복에 이거 먼저 먹으면 저절로 배부름이 생겨서 ㅋㅋ 5일 클렌즈 하긴 좋은데 음 광고처럼 드라마픽한건 잘 모르겠어요 몸에 리셋하려고 먹는건 괜찮아요 ㅎㅎ
2026-07-23,A000000251000,62395322,2026.07.06,5,0,NORMAL,지중해 오일만 클렌즈 10포+보틀 증정,,,,1,1260.0,1,0,찌읏읏,"요즘 식단이 자꾸 무너지고 기름진 음식이나 배달음식을 자주 찾게 되더라고요🤣
그러다보니 몸이 무거워진 느낌이 들고 속이 더부룩한 날이 많아져서 클렌즈 하려고 구매했어요ㅎㅎㅎ보통 클렌즈 할때  단식을 해야돼서 포기하는 경우가 많았는데 이제품은 굶지 않고 일반식을 하면서 아침 공복에 한포만 섭취하면 된다는게 정말 좋았어요!처음엔 비주얼 보고 살짝 멈칫 했는데 레몬의 상큼함이 파슬리향을 잡아줘서 거부감 없이 마실 수 있었어요~물론 이것만 마신다고 살이 빠지지는 않겠지만 식단도 같이 해서 그런지 몸도 한결 가벼워지고 아침마다 장활동이 활발해져서 하루를 가볍게 시작할 수 있어서 만족스러웠어요!
스틱형이라 휴대하기도 편하고 찬물에도 잘 녹아서 물만 있으면 어디서든 섭취가 가능해 꾸준히 관리하기 좋은 제품인 것같아요✨️"
2026-07-23,A000000251000,62223417,2026.07.02,5,1,OFFLINE,지중해 오일만 클렌즈 10포+보틀 증정,A01,B04,"C05,C07",1,1260.0,1,0,고양이완전조아,"클렌즈주스도 원래 먹어보고 싶긴 했는데, 사실 보틀이 너무 갑자기 마음에 들어버려서 구매

클렌즈주스는 맛이 레몬맛이 살짝 나고 그 외에는 ?? 뭔가 알 수 없는 맛이라서 제가 말로 설명하긴 어려운데 막 맛이 없어서 못먹을 정도는 아니에요

한 번씩 몸이 더부룩 할 때 먹기에 참 좋을 것 같아서 종종 먹어보려고요

전체적으로 추천합니다!
특히 너무 마음에 들어요 보틀이요,,,!"
2026-07-23,A000000251000,62853484,2026.07.15,5,0,NORMAL,지중해 오일만 클렌즈 10포 (10일분),A01,B01,"C01,C06",0,1134.0,1,1,머랭고냥이,"오일만 클렌즈 너무 좋아요~!!
잘 챙겨먹고 있구 클렌즈 기간이라 식단까지 같이 하고 있는데 맘에 듭니다!"
2026-07-23,A000000251000,62788037,2026.07.14,5,0,NORMAL,지중해 오일만 클렌즈 10포 (10일분),A03,B01,"C01,C07",0,1134.0,1,1,석짱석짱,"하루에 1회, 1포만 챙겨먹으면 되니까
챙겨먹기가 간편해요~^^!

하루 한포 열심히 먹어보려구용"
2026-07-23,A000000251000,62222007,2026.07.02,5,0,NORMAL,지중해 오일만 클렌즈 10포+보틀 증정,A04,B03,,3,1050.0,1,0,뚜두뚜두뚜두,믿고 먹는 푸드올로지인데 요즘 다욧트 다시 시작할거라 다욧트 워밍업 개념으로 구매했어요! 일단 통 컬러랑 사이즈도 넘 맘에 들어서 물통부터 합격~~!  맛은 건강한 맛이예요! 이번만큼은 꾸준히 먹고 성공할거예요 증말ㅠㅠ 다 먹고나면 물통도 재사용 할 수 있을만큼 예뻐서 만족스로워요 ㅎㅎㅎ
2026-07-23,A000000251000,62549828,2026.07.09,5,0,NORMAL,지중해 오일만 클렌즈 10포+보틀 증정,A06,B01,"C01,C05",0,945.0,1,0,aldus****,"오일만 주스 예전에 유행해서 파슬리랑 레몬사서 해봤는데
이렇게 간단하게 가루로 나왔네요
요즘 몸 리셋(?)이 하고싶었는데 덕분에 간편하게 시작했어요
맛은 불호입니다 진짜 그냥 맛느끼지않고 원샷하는게 제일 좋아요!"
2026-07-23,A000000251000,63087396,2026.07.21,5,1,OFFLINE,지중해 오일만 클렌즈 10포 (10일분),A03,B02,"C01,C03",0,900.0,1,0,육은영,"마운자로 맞고 있어서 &#34;담석 안 생기게 깨끗한 기름 먹어라&#34; 라는 명령을 받고 맛보기 용으로 구매했어요.
1일 1포씩 섭취하고 2캡슐씩 들어있는데 오메가3처럼 비린냄새 같은 건 전혀 없어서 괜찮은 듯 해요.
잠이 엄청 많아서 매번 아침잠 때문에 고생했는데 이거 먹고 금방 일어날 수 있는 인간이 되었습니다."
2026-07-23,A000000251000,62622594,2026.07.10,5,0,NORMAL,지중해 오일만 클렌즈 10포+보틀 증정,,,,0,900.0,1,0,루비콩,"인스타에서 워낙 핫해서 속는 셈 치고 10포짜리 사서 5일 마시고 5일쉬고 해서 다 마셔봤는데, 결론부터 말하면 만족이에요!

원래 이런 클렌즈 음료 특유의 맛을 별로 안 좋아해서 처음엔 살짝 주춤했거든요. 근데 이거 계속 마시다 보니까 어느 순간부터 엄청 잘 마셔지더라고요. 맛이 은근히 중독성 있어서 이제는 아침마다 알아서 손이 가요.

요즘 제 루틴이 아침에 일어나자마자 이거 한 포 딱 마시고, 그 뒤로 단백질 위주로 식단 챙겨 먹는 거거든요. 이렇게 유지하니까 확실히 속이 하루 종일 편안하고 몸이 눈에 띄게 가벼워지는 느낌이 들어요. 아침마다 더부룩하던 게 사라진 게 제일 좋아요.

그리고 같이 주는 바틀이 진짜 요물이에요. 디자인도 깔끔해서 밖에 외출할 때 휴대하기도 딱 좋고, 무엇보다 물 용량이 눈금으로 정확하게 표시되어 있어서 매번 물 맞추기 세상 편하더라고요! 저처럼 몸무겁고 식단관리시작하시려는분 입문용으로 가볍게 시작하시는거 추천드려요"
2026-07-23,A000000251000,62486643,2026.07.07,5,0,NORMAL,지중해 오일만 클렌즈 10포+보틀 증정,A07,B04,"C01,C02",0,900.0,1,0,삥쿠더쿠,화장실을 자주 못 가는 편이고 하루 한끼나 두끼 대충 빵으로 떼우다보니 이런 클렌즈음료 주기적으로 마시고 있는데요.단독으로 마시기보다는  다른거랑 섞어마실때 맛이 좋은것 같아요.그리고 화장실 편안히 가게 도와주어서 좋았습니다! 속도 편하구요~
2026-07-23,A000000251000,62443110,2026.07.07,5,0,NORMAL,지중해 오일만 클렌즈 10포+보틀 증정,A03,B06,"C01,C05",0,900.0,1,0,랴님,클렌즈 음료라고 해서 맛없을까봐 걱정했는데 상큼한 맛이라 거부감 없이 매일 챙겨 마시기 좋아요. 같이 주는 전용 보틀에 눈금선이 그려져 있어서 물 맞추기도 편하고 가방에 쏙 넣어 다니면서 마시기 아주 딱입니다👍 맛이 깔끔해서 요즘 같은 날씨에는 물이나 탄산수 타서 시원하게 마시면 좋더라고요. 굶으면서 살빼는게 아니라 식단 관리하면서 같이 마셔주니까 건강하게 케어를 하는 기분이에요ㅎㅎ
2026-07-23,A000000251000,62268078,2026.07.03,5,0,NORMAL,지중해 오일만 클렌즈 10포+보틀 증정,A01,B04,"C01,C02",0,900.0,1,0,플렛,"평소 식단 관리를 하면서 간편하게 챙길 수 있는 제품을 찾다가 구매했어요. 
10포 구성에 5일 클린 관리 2번 정도? 하는거고 5일 정도면.. 죽었다 생각하고 먹어볼만 하다 생각해서 부담 없이 체험해 보기 좋을 것 같아서 요 제품으로 결정햇어요!
옛날에 클렌즈 제품은 병에 들은거를 먹어야 해서 매번 챙기기 좀 번거로웠는데 이건 포로 되어 있어서 매일 하나씩 챙기기 좋더라구요.
게다가 병도 줘서 개인적으로는 더 만족스러웠습니다. 

💊 섭취 & 사용감
스틱 형태라 별도로 덜어 먹을 필요 없이 간편하게 섭취할 수 있더라구요.
옛날에 클렌즈 제품 먹을 때는 뭐 한 병에 어느정도 먹거나 아니면 작은 병을 하나하나 들고가야 해서 좀 번거로웠는데 이건 그냥 한 포에 병 챙겨서 가서 물 타먹으면 되니 너무 편하더라구요.
부담스러운 맛이 아니라 꾸준히 먹기에도 괜찮았습니다.

✨ 꾸준히 섭취한 느낌
식단 관리와 함께 섭취하기 좋을것 같아서 결정했어요.
생각보다 방법은 간단하더라구요. 공복에 그냥 한포 물에 타서 먹고 식사는 좀 클린하게 그렇게 5일 정도 하고 5일 쉬고, 그걸 2번 정도 할 수 있는 구성이었습니다. 
따지고보면 20일 동안 관리하는 셈이니 가격대비 나쁘지 않다고 생각했습니다. 
지금 하고 있는데 하면서 가장 힘든점은 자극적인 음식을 피해달라고 하더라구요..? 
매운게 제 인생인데 이걸 참으니 그게 제일 힘들었습니다.. ㅋㅋ

✔ 좋았던 점
✔ 하루 한 포로 간편하게 섭취 가능
✔ 개별 포장으로 위생적이고 휴대하기 편리함
✔ 식단 관리와 함께 챙기기 좋음
✔ 10포 구성이라 부담 없이 시작 가능
✔ 외출이나 여행 시에도 간편하게 휴대 가능

💬 총평
간편하게 건강 관리를 시작하고 싶은 분들에게 만족스러운 제품이었습니다. 
스틱 타입이라 휴대성이 좋고 하루 한 포씩 부담 없이 챙길 수 있어 꾸준히 관리하기 편했어요. 
뭐... 맛은 그냥 저냥 먹을만 하다고 생각했습니다. 
이미 식단을 많이 안먹고 있긴 한데 일반식 드시는 분들도 그냥 가볍게 시도해보기 좋을 것 같다고 생각했어요."
2026-07-23,A000000251000,62192163,2026.07.02,5,0,NORMAL,지중해 오일만 클렌즈 10포+보틀 증정,A02,B03,"C01,C04",0,900.0,1,0,hospitable84,맛이 강하지 않고 은은해서 건강하게 마시기 참 좋아요. 해외에서 유명한 레몬 파슬리 레시피에 귀한 바하 소금까지 더해져서 더 전문적으로 관리받는 느낌입니다. 5일 동안 아침마다 챌린지하듯 마셨더니 속도 가벼워진 느낌이고 방치했던 식습관이 깔끔하게 리셋되는 기분이에요. 먹는 방법도 간단해서 직장에서 루틴처럼 먹고 있어요!!
2026-07-23,A000000251000,62051092,2026.06.29,5,0,NORMAL,지중해 오일만 클렌즈 10포 (10일분),,,,2,900.0,1,1,뽀공셔니,요즘 기름진 음식이나 외식이 많아져서 관리해보려고 구매했어요. 물 없이도 간편하게 먹을 수 있어서 바쁜 아침이나 이동 중에도 챙기기 편했습니다. 한 포씩 개별 포장이라 위생적으로 보관하기 좋고 여행 갈 때 가져가기에도 부담이 없어요. 식습관 관리하면서 함께 챙겨 먹으니 스스로 관리하는 느낌도 들어 만족스럽네요. 간편하게 클렌즈 루틴을 시작하고 싶은 분들에게 괜찮은 제품인 것 같습니다.
2026-07-23,A000000251000,62501358,2026.07.08,5,0,NORMAL,지중해 오일만 클렌즈 10포+보틀 증정,,,,2,837.0,1,0,vkjs1025,맛도 상큼하고 달달한 에이드 맛이라 거부감 1도 없이 매일 맛있게 마셨어용! 아침이나 공복에 마셔주면 속이 가벼워지면서 노폐물이 싹 빠져나가는 기분이라 몸이 엄청 가뿐해짐!
2026-07-23,A000000251000,62500151,2026.07.08,5,0,NORMAL,지중해 오일만 클렌즈 10포+보틀 증정,A06,B03,"C05,C08",0,810.0,1,0,센니야,"요즘 너무 짜고 매운걸 먹으니 몸에 클렌징을 하고 싶었는데이번에 가루형으로 나왔다규 해슈 사봤어요 전에는 큰 통에 있는액상을 소분하는게 불편하고 가지고 다니기 힘들었는데 가루형으로 나오니 너무 좋은거 같아요 
텀블러도 사은품으로 줘서 타먹기 좋아요 맛은 조금 레몬물에 쑥탄맛인지망 먹을만해요^^"
2026-07-23,A000000251000,63017783,2026.07.19,1,0,NORMAL,지중해 오일만 클렌즈 10포+보틀 증정,A06,B03,C09,0,792.0,1,0,국영수,"후기에 맛있다고 해서 구매해봤는데,, 세상이 날 억까하나
먹다가 헛구역질 나왔어요
클렌징 할 생각으로 맛으로 먹기 보단 건강 생각하고 참고 먹어보자 했는데 도저히 못 먹겠어서 처박템 됐어요ㅠㅠ"
2026-07-23,A000000251000,62951378,2026.07.18,3,0,NORMAL,지중해 오일만 클렌즈 10포 (10일분),A03,B01,"C03,C08",0,792.0,1,0,뽀뇨,"두박스  아칭공복에 섭취
아무 효과도 못봄
왜 마시는지 잘 모르겠음"
2026-07-23,A000000251000,63106154,2026.07.21,5,0,NORMAL,지중해 오일만 클렌즈 10포 (10일분),,,,0,756.0,1,0,여쿨라이트22,"건강 좀 챙기려고 구매했는데 확실히 몸이 좀 가벼워졌네요~
너무 만족해요ㅎㅎㅎ
색깔이 초록색이라 걱정했는데 맛있구요
그래서 가루가 물에 잘 녹아서 먹기 괜찮았어요~
제가 딱 찾던 성분의 제품이라 좋았어요~"
2026-07-23,A000000251000,62467545,2026.07.07,5,0,NORMAL,지중해 오일만 클렌즈 10포+보틀 증정,A06,B01,"C01,C02",0,756.0,1,0,amyrim,가루 형태로 가볍게 흔들어도 물에 잘 녹고 보틀이 함께 증정되어 좋습니다. 거부감 없는 맛으로 씁쓸하면서 상큼한 맛도 납니다. 아침 공복에 섭취하면서 몸도 조금씩 가벼워지고 5일 동안 적당하게 관리할 수 있어서 좋습니다.
2026-07-23,A000000251000,62419973,2026.07.06,5,0,NORMAL,지중해 오일만 클렌즈 10포+보틀 증정,A03,B04,C09,0,756.0,1,0,하2보,"푸드올로지 지중해 오일만 클렌즈 10포 
5일씩 끊어서 두번 하겠끔 10포 들어있어요 ~~ 
여름이라 가벼워지고 싶어서 구매!"
2026-07-23,A000000251000,62419948,2026.07.06,5,0,NORMAL,지중해 오일만 클렌즈 10포+보틀 증정,A03,B04,C09,0,756.0,1,0,하2보,"지금 보틀까지 증정해주는 기획이라 구매해봤어요 
눈여겨 보다가 날이 점점 더워져서 이때다 하고 구매해봤어요 ~~"
2026-07-23,A000000251000,62342970,2026.07.05,5,0,NORMAL,지중해 오일만 클렌즈 10포 (10일분),A02,B02,"C03,C08",0,756.0,1,1,햄팡팡,"클렌즈할 때 같이 하는 중이에요
시너지 효과가 좋아서 ABC주스랑 이거랑 같이 하고 있습니다
좋아요"
2026-07-23,A000000251000,62191333,2026.07.02,5,0,NORMAL,지중해 오일만 클렌즈 10포+보틀 증정,,,,0,756.0,1,0,지나아아,"요즘 자극적인 음식도 많이 먹고 해서 그런지 소화도 안돼고
속이 더부룩한 느낌도 있어서 먹어봤는데 먹으니 우선 몸이 기벼워지는 느낌이에요!! 몸이가벼워지니 더부룩한것도 없고
맛도 괜찮아서 열심히 먹었어요!!"
2026-07-23,A000000251000,62061136,2026.06.29,5,0,NORMAL,지중해 오일만 클렌즈 10포 (10일분),A03,B04,"C01,C05",2,756.0,1,1,수연13,몸에 리셋이 필요할 것 같아서 오일동안 먹는 오일만 클렌즈 구매했어요! 주말 포함해서 먹고 있는데 좋은 것 같아요~
2026-07-23,A000000251000,62488278,2026.07.07,5,0,NORMAL,지중해 오일만 클렌즈 10포+보틀 증정,,,,0,750.0,1,0,우유부,"클렌즈 쥬스 이것저것 먹어보고 해봤는데 5일 관리로 부담 없이 시작하기 딱 좋은 클렌즈 아이템이에요.
지중해식 식단에서 착안한 건강한 성분들이 들어있어 아침 공복 식전에 가볍게 마시기 좋습니다. 마신 날에는 속이 더부룩하지 않고 한결 편안해지는 게 느껴져서 재구매 해서 반복적으로 해볼까 싶어요~~"
2026-07-23,A000000251000,62348308,2026.07.05,5,0,NORMAL,지중해 오일만 클렌즈 10포+보틀 증정,A03,B04,"C08,C09",1,744.0,1,0,귀염뽀짝뽀,"500ml 물에 간단하게 타먹는 형식이라 편해요. 
첫입은 상큼하고 끝맛이 파슬리의 특유의 향으로 마무리되요. 맛있다고 하기에는 제 입맛에는 매우 아니였어요. 그래도 5일동안 꾸준히 먹어보려고요."
2026-07-23,A000000222833,62895140,2026.07.16,5,0,NORMAL, ,A02,B01,"C01,C02",5,5400.0,1,0,히리히리1009,"에스트라 크림은 집에 떨어지면 괜히 불안해서 세일때마다 무조건 쟁여두는 템 ! 
극건성인 저에게 여름에도 잘 사용하고 있구요 
아무래도 여름에는 유분이 좀 올라올수도 있는데 소량만 발라줘도 충분하더라구요? 
아무튼 건성인분들에게 강추 ! 순한 크림 찾으신분들에게 강추입니더 !"
2026-07-23,A000000222833,62611066,2026.07.10,5,0,NORMAL, ,A04,B03,"C01,C02",2,2430.0,1,0,스킨토커,"에스트라 아토베리어365 크림 💙

보습감 채워주는 데는 정말 만족스러운 크림이에요! 피부가 건조할 때 발라주면 촉촉함이 오래 유지되는 편이라 건성분들께 특히 잘 맞을 것 같습니다.

건성 피부라면 여름에도 양 조절해서 얇게 발라주면 괜찮을 것 같고, 가을이나 겨울에는 보습크림으로 정말 잘 사용할 수 있을 것 같아요.

다만 수부지 기준으로는 양 조절이 정말 중요해요🥲 너무 듬뿍 바르거나 여러 번 레이어링하면 저는 좁쌀이 올라오더라구요.

수부지는 소량만 얇게 발라주면 보습감은 충분히 챙길 수 있어서 피부 타입에 맞게 양 조절해서 사용하는 걸 추천해요💙"
2026-07-23,A000000222833,63109952,2026.07.21,5,0,NORMAL, ,A02,B02,"C03,C04",1,1512.0,1,0,꼬리포사,촉촉꾸덕해서 좋아요 샘플 주지 말고 가격을 더 깎아줬르면 좋겠어요
2026-07-23,A000000222833,62090322,2026.06.30,5,0,NORMAL, ,A04,B03,"C01,C02",1,1260.0,1,0,스킨토커,"건성 피부가 저녁에 바르기 좋은 크림이에요💙

보습감이 꽤 탄탄한 편이라 겨울에는 피부 타입 크게 안 타고 잘 맞을 것 같았습니다.
건조한 날 밤에 바르고 자면 다음 날 피부가 편안하고 촉촉한 느낌이라 좋았어요.

다만 여름 아침에 사용하기에는 조금 무거울 수 있을 것 같아요.
화장 전에 많이 바르면 베이스가 밀릴 수도 있을 것 같아서 양 조절은 꼭 필요해 보였습니다.

수부지 기준으로는 너무 듬뿍 바르면 좁쌀이 올라올 때가 있어서 저는 얇게 소량만 바르는 게 제일 잘 맞았어요.
건성분들이나 겨울 보습크림 찾는 분들께 더 추천하고 싶은 제품입니당💙"
2026-07-23,A000000222833,62552495,2026.07.09,5,0,NORMAL, ,A02,B06,"C02,C13",1,1134.0,1,0,띠용인디용,인기가 많은 이유를 알겠어요. 진짜 좋아요!! 건성인데 사길 잘했어요. 화장도 잘먹어요.
2026-07-23,A000000222833,63076425,2026.07.20,5,0,NORMAL, ,,,,0,1080.0,1,0,고게레겡,"피부 예민한 사람들이 쓰기에 너무너무 좋은 크림이에요
무겁지도 그렇다고 너무 가볍지도 않아서, 피부를 딱 적당하게 채워주는 느낌이랍니다
발림성도 부드러우니 너무너무 좋구요
너무 헤비하지 않아서 위에 선크림 등 메이크업 하기에도 좋은 제품이라, 잘 사용할 것 같아요 추천!"
2026-07-23,A000000222833,63133991,2026.07.22,3,0,NORMAL, ,,,,0,792.0,1,0,새침떼기,건조할때 바르면 좋아요. 발림성도 좋고. 부드러워요 흡수력도 좋아요
2026-07-23,A000000222833,62941440,2026.07.17,4,0,NORMAL, ,A03,B02,"C08,C09",0,792.0,1,1,김듈리,건성에 좋을 것 같습니다. 보습에도 괜찮을 것 같구요. 무난
2026-07-23,A000000222833,62250282,2026.07.03,4,0,NORMAL, ,A01,B03,"C01,C02",0,756.0,1,1,ginn,"자극없이 순해서 츄라이해보기 좋음!

그냥 무난하게 사용하기 좋음! 피부 뒤집어졌을때 돌고돌아서 한번씩 구매해보는템~"
2026-07-23,A000000222833,61962834,2026.06.27,5,0,NORMAL, ,A02,B03,"C09,C10",17,756.0,0,0,초토끼,여름에도 얇게 바르면 부담스럽지 않습니다.1년 내내 사용합니다.
2026-07-23,A000000222833,62865181,2026.07.16,5,0,NORMAL, ,,,,0,720.0,1,0,하류류,"평소에 중성 피부인데 저는 양 조절해서 바르니까 딱 촉촉하고 좋았어요! 끈적임도 생각보다 심하지 않고 보습감이 오래가는 느낌이라 만족했어요!

다만 제형 자체가 보습감이 꽤 있는 편이라 건성 피부이신 분들은 정말 만족하실 것 같아요! 🥹🤍 특히 겨울철처럼 피부가 쉽게 건조해지는 계절에 쓰면 더 잘 맞을 것 같다는 생각이 들었어요!

+반대로 지성 피부이신 분들은 조금 답답하거나 무겁게 느껴질 수도 있을 것 같아요 그래서 지성이라면 소량만 바르거나 밤에 사용하는 걸 추천! ㅜ.ㅜ"
2026-07-23,A000000222833,62933994,2026.07.17,4,1,OFFLINE, ,A01,B05,"C05,C07",0,660.0,1,0,떵뇌,건성분들이라면 사계절 계속 사용해도 괜찮을 듯 하고.. 복합성분들이나 지성분들은 가을 겨울?? 여름에는 기름져요 ㅠㅠ그래도 순하고 보습에 좋아서 겨울에 잘 쓸 것 같아요
2026-07-23,A000000222833,62797222,2026.07.14,5,1,OFFLINE, ,A06,B05,"C02,C03",0,594.0,1,0,퓨리리리,"친구가 추천해줘서 
사서 꾸준히 사용했는데 
확실히 건조함이나 당김은 덜하는거 같아요
한통 다써서 다시 재구매할려구요 ㅎ"
2026-07-23,A000000222833,62506848,2026.07.08,5,0,NORMAL, ,A02,B04,"C01,C03",0,594.0,1,0,츄르츄르,"에스트라는 확실히 순하고 좋은거 같아요
건성에게 좋은 크림입니다"
2026-07-23,A000000222833,62846099,2026.07.15,4,0,NORMAL, ,A03,B02,"C01,C03",0,495.0,1,0,준꼬짱,"아직써보진않았지만 후기보고 구매합니다
피부가 완전건조한데.  좋을것같아 써볼려구요"
2026-07-23,A000000222833,62845813,2026.07.15,4,0,NORMAL, ,A03,B02,"C01,C03",0,495.0,1,1,준꼬짱,"아직써보진않았지만. 후기보고구매했어요
괜찮겠죠
믿고 써보죠"
2026-07-23,A000000222833,62838327,2026.07.15,5,1,OFFLINE, ,,,,0,495.0,1,0,쥬주빈,가볍게 바르기 너무 좋아요 수분감 최고입니다 완전 추천이에요
2026-07-23,A000000222833,62804633,2026.07.14,5,0,NORMAL, ,A02,B03,C05,0,495.0,1,0,헥토르,늘 사용하는거라서 좋습니다. 매우  순합니다. 감사합니다.
2026-07-23,A000000222833,63028272,2026.07.19,5,0,NORMAL, ,,,,0,396.0,1,0,uyouly,추천이 많아서 샀는데 역시 보습 잘되는 제품이라서 좋네요 여름인데도 건조해서 아침 저녁으로 바릅니다
2026-07-23,A000000222833,62937392,2026.07.17,5,0,NORMAL, ,A02,,"C04,C08",0,396.0,1,0,k202508250****,수분채우는용보다 스킨케어 마지막단계로 보습막씌워주기에 좋아요!! 다른 보습크림보다 수분감이 더 느껴지고 피부가 숨을쉬는느낌
2026-07-23,A000000222833,62781709,2026.07.14,4,0,NORMAL, ,A03,B02,"C02,C06",0,396.0,1,0,minqq,"순한 편이고 보습력 좋아요
샘플들 주는 것도 다양해서 좋네요"
2026-07-23,A000000222833,62703035,2026.07.12,5,0,NORMAL, ,A03,B05,C09,0,396.0,1,0,닝닝짱,이건 정말 꾸덕하고 데일리로는 쑤긴 좀 그렇고 저녁에 바르고 자요
2026-07-23,A000000222833,62638300,2026.07.11,5,0,NORMAL, ,A02,B01,C03,0,396.0,1,0,나는야피부미인이야,건성피부에 좋습니다. 피부가 촉촉해지는 느낌이 들어서 만족하며 사용하고 있습니다.
2026-07-23,A000000222833,62339991,2026.07.05,5,1,OFFLINE, ,,,,0,396.0,1,0,유르유,바를때 너무 부드러워 완전 놀랐어요: 너무 편하고 찝찝하지도 않아서 계속 재구매할 것 같습니다!!!
2026-07-23,A000000222833,62322413,2026.07.04,5,0,NORMAL, ,A02,B06,"C01,C05",0,396.0,1,0,다을이,"여름에 얼굴에 쓰긴 헤비하지만
저는 손 보습용으로 쓰기엔 좋아요
피부과에서도 손보습용으로 추천"
2026-07-23,A000000222833,62086703,2026.06.30,5,1,GIFT, ,A03,B02,"C02,C05",7,396.0,0,0,이거다주세요,건성이라 사계절내내 사용하고 잇습니다. 수분감이 좋고 예민한 피부인데도 자극감 전혀없습니다. 여름이라 이거하나만 발라도 좋아요 ㅎㅎ
2026-07-23,A000000222833,61929244,2026.06.26,5,1,OFFLINE, ,A03,,,0,396.0,1,1,oliviayoo,자극없이 촉촉하게 사용하기 좋은 제품이에요 성분 구성도 좋아요👍🏽
2026-07-23,A000000222833,61831426,2026.06.23,4,0,NORMAL, ,A03,B02,"C08,C09",0,396.0,1,1,김듈리,무난하고 좋아요 지금은 다른거를 사용하거 있어서 암튼 무난무난
2026-07-23,A000000222833,60651719,2026.06.02,5,0,NORMAL, ,A01,B03,"C01,C02",3,378.0,1,1,ginn,"원래 건성 친구가 쓰던건데 다른거 써보고 결국은 돌아온 컴백크림!

일단 자극없이 순한게 젤 큰 장점
건성한테는 낮에 발라도 부담없는 사용감"
2026-07-23,A000000222833,60327313,2026.05.29,5,0,NORMAL, ,A01,B03,"C01,C02",3,378.0,1,0,ginn,"건성 강추추추
주변 건성 친구들 보면 결국 돌고돌아서 에스트라 다들 사더라구용

+ 자극 없이 진짜 순해서 예민 피부도 쌉가능
+ 보습크림이어서 건성들한테 제일 강추 그다음엔 수부지?!
(수딩/수분크림이 아니라 유분기 좀 있음)"
2026-07-23,A000000192782,60144799,2026.05.25,1,0,NORMAL,[더블기획] 크림60+60ml,A04,B01,C08,69,4965.0,0,0,족고마,웬 아저씨가 모델이 된 이후 남은 수분크림마저 기분 나빠서 손이 안가네요 이거 바르면 아저씨 냄새날거같은 이미지임
2026-07-23,A000000192782,62536967,2026.07.08,5,1,OFFLINE,[광채거울기획] 크림60+60+거울,A02,B06,"C01,C03",5,3294.0,1,0,냐냐냥,요즘같이 더울때 기초수분 듬뿍바르고 마무리는 이것만 발라도 건조하지 않아서 좋음 딴건 모공 막힐때 있는데 무난 휘뚤마뚤 쓰기 좋은거같음 진짜 절대절대 리뉴얼같은거 하지말아주세여 제발 제발
2026-07-23,A000000192782,62672894,2026.07.12,5,0,NORMAL,[더블기획] 크림60+60ml,A01,B04,"C03,C04",4,1980.0,1,0,나는야유민,"수부지 피부로써 수분크림 쓰고 베이스 바르면 피부 속은 건조한데 겉은 번들거려서 화장 밀리고 뭉치는 최악의 상황이 생기는 게 대다수였다..
그래서 화잘먹 크림 없나 찾다가 sns에 광고로 에스네이처가 나오는데 밑져야 본전이지 하면서 구매를 갈겨버림
 그러고 나서 택배 도착하자마자 크림 쓰고 화장했는데 어떤 베이스든 다 화장이 잘 먹는 거 아니겠어요?????
오늘은 피부 상태가 좋아서 그런 건가? 아니면 진짜 화잘먹크림인건가? 잘 몰라서 꾸준히 쓰고 피부가 뒤집어진 날에서 써봤는데 똑같이 베이스가 속보습까지 잡아주고 피부가 번들거리지 않고 광이 쫙 올라오면서 베이스 바르면 쫙 달라붙는 거 아니겠어요?? 진짜 말 그대로 화잘먹크림이더라구요
그 이후로 에스 네이처 수분크림은 제 화장대에 없어서는 안 될 제품입니다...!
한 통은 벌써 다 써서 없고 한 통은 다 써가고 나머지 새거 하나밖에 안 남아서 쟁입니다!!
촉촉한 제품을 써도 화장이 뜨시는 분들, 수분크림을 발라도 건조하신 분들은 꼭 이거 써보세요!!! 강추합니다"
2026-07-23,A000000192782,62882641,2026.07.16,5,0,NORMAL,[더블기획] 크림60+60ml,A02,B04,"C01,C02",1,1512.0,1,0,히소니,여름에 항상 쓰는 수분크림이에요 수분크림은 거기서 거기라고 생각하는데 복합성에 잘 맞고 성분이 좋아서 잘 맞는 것 같아요 세일도 자주 하는 것 같아서 좋네요
2026-07-23,A000000192782,62906810,2026.07.17,5,0,NORMAL,[더블기획] 크림60+60ml,A03,B05,C08,1,1500.0,1,0,chopper,6년동안 트러블로 진짜 고생 많이했고 나이들어서 안나겟지 해도 안나는 날 없었어요... 트러블에 좋다는거 다 써봐도 그때뿐이거나 아예 효과 없거나 개기름 좔좔 하던 피부 이번에 애낳고 나서도 개기름 좔좔에 트러블이 나길래 크림 알아보다가 구매하게 됐는데 개기름도 얼마 안올라오고 트러블도 안올라오길래 진짜 열심히 썼어요! 벌써 4통 넘게 쓰고 1개 남았길래 미리 쟁여두려고 또 구매했어요 얘는 진짜 많이 바르면 안되고 500원 동전 크기 안되는 정도만 발라주는게 좋더라구요 이 크림 덕에 반년째 트러블 없이 잘 지내고있어요ㅠㅠ
2026-07-23,A000000192782,62970939,2026.07.18,5,0,NORMAL,[더블기획] 크림60+60ml,A03,B05,"C01,C02",2,1488.0,1,0,혜뽕이94,수부지 피부인데 여름인데도 유존이랑 눈가는 건조하고 티존 번들 거리는데 요거 사용하면 건조하지도 않고 피지도 덜 올라오는 느낌? 로션에 크림이 섞인 느낌인데 좋아요!!
2026-07-23,A000000192782,61990961,2026.06.27,5,1,GIFT,[더블기획] 크림60+60ml,A04,B03,"C08,C09",9,1476.0,0,0,올영꼼꼼이,"수분크림 보습감이 오래 유지되어 건조한 피부 관리에 도움이 되었습니다
무겁지 않은 사용감으로 아침저녁 부담 없이 사용할 수 있어 데일리 보습 크림으로 만족스럽습니다"
2026-07-23,A000000192782,62049711,2026.06.29,4,0,NORMAL,[더블기획] 크림60+60ml,A03,B05,"C01,C03",2,1260.0,1,0,임엘렌,"여름이라 끈적한 수분크림 너무 부담돼서
 라이트한 크림 물색하다가
 올리브영에서 오늘 특가로 세일하길래 얼른 구매했어요.

에스네이처 히알루론산 라인이 유명해서 사용해보고 싶었는데 좋은 가격으로 구매했습니다

보통 기획 세트에 필요 없는 사은품 들어있을 때가 많은데 다른 자잘한 구성품 없이 본품으로만 2개인 구성이라 실속있어서 좋아요. 

이 구성으로 세일 안해도 재구매할 의사 있어요

 아직 사용중인 제품이 있어서 개봉은 못했는데 튜브 형태라 깔끔하게 사용할 수 있어서 만족스럽습니다."
2026-07-23,A000000192782,61991533,2026.06.27,5,1,GIFT,[더블기획] 크림60+60ml,A04,B06,"C01,C02",7,1260.0,0,0,반짝올영,피부가 건조할 때 여러 번 덧발라도 답답한 느낌이 없었어요 메이크업 전에 사용해도 밀림이 적어서 편했어요 수분감은 충분하면서도 무겁지 않은 사용감이라 자연스럽게 손이 자주 갔어요 더블기획 구성이라 용량도 넉넉해서 가성비도 만족스러웠어요 ~
2026-07-23,A000000192782,62064192,2026.06.29,5,0,NORMAL,[더블기획] 크림60+60ml,A01,B04,"C04,C05",5,1116.0,0,0,피크민중독자,"친구꺼 써보고 괜찮은거 같아서 구매했습니다!!
속건조도 없는거 같아서 좋은데 지성분들은 소량 바르셔도 충분하실듯 합니다"
2026-07-23,A000000192782,61746727,2026.06.21,5,0,NORMAL,[더블기획] 크림60+60ml,A02,B01,"C01,C05",6,975.0,1,0,오링은,"이제는 없으면 안되는 제 최최최애크림 스쿠알란 크림❤️
진짜 몇통째 쓰고있는지 모르겠슴,, 클렌징이랑 선크림도 에스네이처로 정착해서 쓰고있는데 세럼이랑 크림이 최애임

건성이라 수분감은 물론 유분기도 어느정도 있어야하는 초초민감성 피부인데 바르면 모공쫀쫀 수분광 그 자체에요
에스네이처 크림 스킨케어 마지막으로 두번정도 레이어링해주면 건성도 수분광이 나옵니다,,🫢
크림인데 모공도 확잡아주는 화잘먹크림이 시중에 드문데 바르면 모공도 쫀쫀하게 케어되는 느낌이 나요 한번씩만 써보시길,,📣 수분천재크림도 납득이 가네요

속건조는 아묻따고 장벽도 탄탄하게 잡아주는 쫀쫀한 느낌이 들어서 휘뚜루마뚜루 매일 쓰고잇습니다
추후에 리뉴얼이런거 하지말아주세요ㅜㅠ

계절마다 양조절 잘해주면서 쓰면 트러블 안나고 수분더채워주고 싶을땐 스쿠알란 세럼이랑 같이 써보시길"
2026-07-23,A000000192782,63086220,2026.07.21,5,0,NORMAL,[더블기획] 크림60+60ml,A01,B01,"C01,C02",0,900.0,1,0,성분보는여자,"진짜 제 찐 n병템입니다
거의 20통 써가는 것 같아요 약 5년전부터 이 수분크림을 안 후 이 것만 쓰고 있어요
저의 트러블 구원템입니다
이 수분크림이랑 다이소 녹차기름종이로 기름종이팩해서 여드름 진쩌 많이 좋아졌어요
제발 단종되지 말고 오래오래 제품 만들어주세요...!!!
사랑합니다❤️"
2026-07-23,A000000192782,62917513,2026.07.17,5,0,NORMAL,[더블기획] 크림60+60ml,,,,0,900.0,1,0,syyang,"부드러운 크림 제형이 피부에 빠르게 흡수되고 끈적임 없이 수분감을 오래 유지해줘서 건조함이 많이 줄어든 느낌이었어요. 스쿠알란이 함유되어 피부를 촉촉하게 보호해주고 메이크업 전에 발라도 밀림 없이 잘 어우러져 만족스러웠습니다. 민감한 피부도 부담 없이 사용할 수 있는 순한 사용감이라 데일리 크림으로 손이 자주 갔어요. 60ml+60ml 더블 기획이라 넉넉하게 사용할 수 있어 가성비도 뛰어나며, 수분크림을 찾는 분들께 추천하고 싶은 제품입니다."
2026-07-23,A000000192782,61896505,2026.06.25,5,0,NORMAL,[더블기획] 크림60+60ml,A04,B04,"C01,C02",1,900.0,1,0,foret빈,"평소 피부가 수분은 부족한데 무거운 크림을 바르면 금방 답답함을 느끼는 편이라 보습 제품을 고를 때 꽤 신중한 편이에요. 이번에 사용해 본 수분크림은 촉촉하면서도 사용감이 가벼워서 생각보다 만족스럽게 사용하고 있습니다.

제형은 부드럽게 발리는 크림 타입인데, 피부에 올렸을 때 답답하거나 끈적이는 느낌이 크지 않았어요. 흡수되고 나면 피부에 수분막이 씌워진 것처럼 촉촉함이 남는데, 번들거림은 적어서 아침 스킨케어 마무리용으로도 부담이 없더라고요. 메이크업 전에 발라도 밀림이 심하지 않아 손이 자주 갔어요.

특히 피부가 건조해서 당김이 느껴지는 날 사용하면 보습감이 꽤 오래 유지되는 느낌이 들었어요. 단순히 겉만 촉촉한 느낌이 아니라 피부가 편안하게 수분을 머금고 있는 듯한 사용감이 마음에 들었습니다. 계절에 크게 구애받지 않고 사용할 수 있을 것 같았고, 민감한 피부도 비교적 부담 없이 사용할 수 있는 순한 느낌이라 더욱 만족스러웠어요. 데일리로 사용할 가벼운 보습 크림을 찾는다면 한 번쯤 사용해 보기 괜찮은 제품이라고 생각합니다."
2026-07-23,A000000192782,62976340,2026.07.18,5,0,NORMAL,[더블기획] 크림60+60ml,,,,2,756.0,0,0,룰루룰루루르,화장할때 기초용으로 바르면 촉촉하고 밀리지 않고 좋은거 같아요.
2026-07-23,A000000192782,62949160,2026.07.18,5,0,NORMAL,[더블기획] 크림60+60ml,A03,B04,"C02,C06",2,756.0,0,0,ljy****,저렴하게 잘 삿어요 앞으로도 종종 구매할게여 ㅎㅎ굿입니당
2026-07-23,A000000192782,62811554,2026.07.14,5,0,NORMAL,[더블기획] 크림60+60ml,,,,1,756.0,1,0,백달래,"재구매템입니다! 가성비도 괜찮고요
흡수가 빠른 편이고 발림성도 좋습니다
튜브형이라 사용하기도 편하고요 
사용한지 꽤 됐는데, 피부결이 한결 정리된 것 같아요 
앞으로도 계속 사용할 것 같습니다 🥰"
2026-07-23,A000000192782,62332883,2026.07.05,5,0,NORMAL,[더블기획] 크림60+60ml,A02,B05,"C01,C02",1,756.0,1,0,유모,"나보다 남자친구가 좋다고 매번사달라고해요
떨어지기전 늘 구매하는 수분크림
나에겐 그닥 좋다는 느낌은 없지만..
가격만 조금 저렴해지면 좋겠어요"
2026-07-23,A000000192782,62207699,2026.07.02,5,0,NORMAL,[더블기획] 크림60+60ml,A02,B06,"C02,C03",1,756.0,1,0,미니미니밍밍,제가 악건성이라 저는 아니고 복합성인 남편을 위해 구매했어요! 근데 남편한테 정말 잘 맞는거 같아요 저는 악건성이라 좀 땡기는게 남편은 좋다고 맨날 쓰네요 ㅎㅎ
2026-07-23,A000000192782,60189466,2026.05.26,1,0,NORMAL,[더블기획] 크림60+60ml,A03,B03,"C05,C07",44,738.0,0,0,덕구누나,안타깝게도 이걸 쓴 저희 모녀 피부에 모두 트러블이 났습니다. 제가 쓰기엔 유분이 많은가 싶어서 어머니께 드렸는데 어머니도 생전 나지 않던 트러블이 났습니다 쓰고 있던 제품1개 아직 개봉도 안한 제품1개까지 모두 폐기했습니다
2026-07-23,A000000192782,62804514,2026.07.14,5,0,NORMAL,[더블기획] 크림60+60ml,A03,B02,"C01,C04",2,567.0,0,0,jile****,촉촉하고 좋음. 근데 화장하기전에 발랐더니 조금 밀리는편.. 자기전애만 바를듯 해요. 바르고 초반엔 끈쩍한가 싶다가 촉촉해지는편임
2026-07-23,A000000192782,62616807,2026.07.10,5,0,NORMAL,[더블기획] 크림60+60ml,,,,2,567.0,0,0,gksgus****,와이건진짜모두가알아야됨ㅇㅇㅇ모든피부타입에잘맞고진짜너무좋아서미침제가스킨케어템에환장하는사람이라안써본템이없을정돈데이게지금까지쓴것중에베스트임진짜너무좋아요참고로저는수부지임
2026-07-23,A000000192782,62806690,2026.07.14,5,0,NORMAL,[더블기획] 크림60+60ml,A03,B03,"C01,C05",0,450.0,1,0,마루사케,"지금 몇통째 쓰는지는 정확히 모르겎는데 열통은 쓴거 같아요 원래 혼자만 쓰다가 어머니 하나 드렸더니
피부가 부들뷰들 촉촉해져서 좋다고 하시더라고요
그래서 이번에 그냥 기획세트 하나 사드렸습니다!

나이트케어할때 바르고 자면 다음날 진짜 보들보들합니다!! 완전 내돈내산ㅠ"
2026-07-23,A000000192782,62209943,2026.07.02,5,0,NORMAL,[더블기획] 크림60+60ml,,,,1,450.0,1,0,나랏닐,"리뷰가좋아 구매했는데, 역시 발림성이 좋고 
촉촉하네여~ 
바르기도 편한 튜브 타입이어서 더 위생적이고
1+1 이라 더더욱 좋았구요^^
속당김이 심했는데 바르고 자고 일어나니 속건조도 많이 잡아주고 피부가 보들보들하니 얘기피부 된 것 같아 기분이 넘 좋았어요!!"
2026-07-23,A000000192782,61339064,2026.06.12,4,0,NORMAL,[더블기획] 크림60+60ml,A01,B05,"C06,C07",1,450.0,1,0,올라푸링,"이 제품 워낙 유명하죠 
한번 속는셈 치고 구매해서 꾸준히 몇달동안 사용하고 있습니다!!

가장 좋았던 점은 보습이 짱짱 잘 된다
이 제품 소량만 펴발라도 당김 전혀 없고 보습이 확실히 잘 되요 그래서 화장도 잘 먹더라고요~~

다만, 스쿠알란 성분 때문인지 약간 기름진 느낌을 받을 수 있어 지성피부는 소량만 짜서 얼굴 전체에 펴발라주는제 좋을 거 같더라고요
유분기를 주의해서 잘 발라주는게 좋을 거 같습니다
특히 화장전에 양조절 필수에요!!!
이 점만 참고해서 요령껏 발라주면 피부 보습을 높이는데 도움을 줄 수 있어요~~~"
2026-07-23,A000000192782,62981367,2026.07.18,5,0,NORMAL,[더블기획] 크림60+60ml,A04,B01,,1,400.0,1,0,Teatime07,여름을 맞아 좀 산뜻한 제형을 크림을 사용해보고 싶어서 고르고 고르다 선택하게 된 제품 입니다. 워낙 유명하기도 하고 다 알만한 스킨케어템이지만 건성 피부에게도 잘 맞을까 의문이 있었는데요. 이번에 사용해보면서 수분감 있는 제형의 크림도 저같은 건성피부에게 잘 맞을 수 있다는걸 알게 되었어요. 좀 더 리치한 제형의 스킨이나 세럼이랑 같이 매치하면 더 좋구요. 성분도 순하고 피부를 보다 산뜻하게 끈적임없이 촉촉하게 만들어주는 느낌이라 베이직하게 잘 쓰기 좋은 제품인거 같아요.
2026-07-23,A000000192782,62853435,2026.07.15,5,0,NORMAL,[더블기획] 크림60+60ml,,,,1,378.0,1,0,Chrishyy,꾸준히쓰는 수분크림이에요 사계절애용중이에요 ㅎㅎ 가볍지도무겁지도않은제형이라 부담없고좋아요
2026-07-23,A000000192782,62820782,2026.07.15,5,0,NORMAL,[더블기획] 크림60+60ml,,,,1,378.0,1,0,공이닷,기존에. 쓰는 수분크림. 좋아요. 없어서. 구입햇네요 좋아요
2026-07-23,A000000192782,61796565,2026.06.22,5,0,NORMAL,[더블기획] 크림60+60ml,,,,3,330.0,1,1,ilililiilli,"에스네이처 아쿠아 스쿠알란 수분크림 ♥

벌써 몇통째인지 모를만큼 찐 애정하는 올영최애템이에요.ᐟ

사계절 사용하기도 넘 좋고, 여름에 속촉촉하게 수분 충전해주기에도 딱입니다.
제형이 꾸덕이지 않으면서 그렇다고 넘 가볍지도 않아서 데일리로 사용하기 부담없고, 아침에 메컵하기전 화잘먹 크림으로도 좋아요 !
(저는 참고로 에스네이처 수분세럼도 함께 사용중인데, 두개 같이쓰면 진쨔 더 좋아여 !! 일반 수분세럼과 다르게 피지조절+매끈한 요철만들어주는 화잘먹 세럼이라는게 킥입니다✨)

주변에 좋다고 소문내서 제 지인들도 다 쓰고있는 수분크림이에요. 더블기획으로 가격도 타사대비 합리적이면서 제품력과 성분은 말모라 항상 쟁여두고 사용하고 있어요 🩵

스쿠알란 성분이 무려 15만ppm함유되어서 모공을 쫀쫀하게 피부속은 촉촉하게 만들어주는 에스네이처 수분크림 다들 꼭!!!! 사용해보시길 추천합니다!!"
2026-07-23,A000000192782,60251329,2026.05.28,4,0,NORMAL,[더블기획] 크림60+60ml,A02,B04,"C05,C10",3,270.0,1,0,말로바오,"수분크림으로서만 기능해서 요즘같은 고기능 화장품 시대에 안 맞는 듯 하기도 하지만!
오히려 아무 기능이 없어서 손이 많이 가요. 휘뚤마뚤 크림입니다!
발림도 부드럽고 수분감도 좋아요!
한겨울에는 살짝 부족한 수분감, 한여름에는 넘치는 수분감...이긴한데... 다른 기초로 원만한 합의 보면서 쓰고있습니다ㅎㅎ"
2026-07-23,A000000225938,62979109,2026.07.18,5,0,NORMAL, ,A06,B02,"C01,C05",2,2952.0,1,0,동동동대문,비타민C는 매일 챙겨먹는데 항상 고려은단 제품으로 먹어요! 믿고 먹는 제품이에요
2026-07-23,A000000225938,62470428,2026.07.07,5,0,NORMAL, ,A02,B01,"C01,C02",3,1836.0,1,1,히리히리1009,"현대인에게 필수인 비타민씨 ~~! 
알약으로 되어 있고 개별포장으로 되어 있어서 휴대하기도 편안해요 ! 하루에 1개는 꼭 먹어주고 있어요 
모두 비타민씨 챙기세용 ➰"
2026-07-23,A000000225938,62861494,2026.07.16,5,0,NORMAL, ,A06,B03,"C01,C02",1,1800.0,1,1,왕모공똥톤,"고려은단 비타민c1000

후기들 보다가 이게 좋타해서 몃달 전부터
먹고 있습니당
♡신기한게 입술이 덜터요
입술이 진짜 잘트고 입술에 피곤하면 볼록하게 머가 나는데 이거 먹고 부터 두달동안 한번도 입술에  머가 나거나 트는게 없어요

♡비타민을 이래서 먹나봐요
다른건 아직 비타민류 안먹는데 종합비타민 사볼려고요
비타민시는 따로 먹어야 한데요"
2026-07-23,A000000225938,62534992,2026.07.08,5,0,NORMAL, ,A03,B02,"C03,C08",0,900.0,1,1,eunbi3804,"하루 한 정만 섭취하면 되어 간편해서 만족스럽습니다. 정제 크기도 적당한 편이라 물과 함께 부담 없이 섭취할 수 있었고, 개별 포장으로 되어 있어 외출이나 여행 시에도 휴대하기 편리했습니다. 매일 규칙적으로 챙겨 먹기 좋아 꾸준한 건강 관리에 도움이 되는 느낌입니다. 120정으로 4개월 동안 넉넉하게 섭취할 수 있어 가성비도 좋았고, 포장 상태도 깔끔해 믿음이 갔습니다. 가족과 함께 나눠 먹기에도 좋고, 매일 비타민C를 간편하게 보충하고 싶은 분들에게 추천하고 싶은 제품입니다."
2026-07-23,A000000225938,61861536,2026.06.24,5,0,NORMAL, ,A02,B05,"C02,C06",0,900.0,1,0,키티키티조아,"고려은단 비타민c 유명해서 먹어보고 이번에 다먹어성 재구매했어요~~!

요새 면연력이 약해진게 느껴지고 쉽게 피ㄹㅗ 감이 느껴지더라구요 ㅠㅠ

비타민d 비오틴 유산균 등 이런것만 먹다가
비타민c도 따로 챙겨먹어야겠다싶어서 먹기시작햇어용 ㅎㅎㅎ

알약먹고 물로 삼켜서 먹는데 비타민c라그런지 알약자체가 시더라구용? ㅎㅎㅎ 그냥 입안에서 우물우물 녹여서 먹여도되는건가요?ㅎㅎㅎ

비타민c라서 절대 공복에 먹지않고 점식 식후에 먹어주고있어요!! 공복엔 절대 드시지마셔용~_~ ㅎㅎㅎ

요새 피부도 예민해지기도해서 비타민c 음식으로 잘 챙겨먹지못하는거같아서 영양제로 챙겨서 충전해주고 싶어서 먹고잇네용 ㅎㅎㅎ

알약크기도괜찮고ㅋ 가격에비해 개월수도많고 가성비 괜찮은것같아서 꾸준히 먹어보려구용 ㅎㅎㅎ

후기도 괜찮은것같네요!ㅎ"
2026-07-23,A000000225938,63183842,2026.07.23,5,0,NORMAL, ,A02,B01,"C01,C03",0,792.0,1,0,s2shks2,"하루 한 번 아침 식 후 꾸준히 섭취하고 있어요
목넘김 편하고 개별포장이라 휴대하기도 좋아요
다만 여름엔 빨리 변색될 수 있어서 햇빛을 피해서 보관 추천드려요"
2026-07-23,A000000225938,62999364,2026.07.19,5,0,NORMAL, ,A03,B04,"C01,C04",0,792.0,1,0,마루퐁퐁뽕,진짜 가성비최고에요 다른 영양제는 안먹어도 비타민C는 먹는데 이게 제일 최고에요 추천합니당
2026-07-23,A000000225938,62951705,2026.07.18,5,0,NORMAL, ,A01,B01,C05,0,792.0,1,1,tombum,26년 6월 올리브키트 알림톡 받고 비타민C가 할인가라 선물했는데 만족해서 도움이에요.
2026-07-23,A000000225938,62951483,2026.07.18,5,0,NORMAL, ,A01,B01,C05,0,792.0,1,1,tombum,비타민C가 할인가라 26년 6월 멤버스 쿠폰이 발급되서 선물했는데 만족해서 도움이에요.
2026-07-23,A000000225938,63155256,2026.07.22,5,0,NORMAL, ,A03,B02,"C03,C08",0,720.0,1,1,eunbi3804,"정제 크기가 부담스럽지 않아 목 넘김이 편하고, 하루 한 번 섭취하면 되어 꾸준히 먹기 좋았습니다. 4개월분으로 넉넉하게 구성되어 있어 가성비도 만족스러웠습니다.

믿을 수 있는 브랜드라 안심하고 선택했으며, 휴대하기도 편해 외출할 때도 챙겨 다니기 좋았습니다. 매일 비타민C를 꾸준히 보충하고 싶은 분들에게 추천하는 제품입니다."
2026-07-23,A000000225938,63024332,2026.07.19,5,0,NORMAL, ,A03,B02,"C03,C08",0,720.0,1,1,eunbi3804,"하루 1정만 섭취하면 되어 간편하고, 120정이라 4개월 동안 넉넉하게 먹을 수 있어 만족스럽습니다. 알약 크기도 생각보다 부담스럽지 않고, 식사 후 물과 함께 먹으니 편하게 섭취할 수 있었어요. 믿을 수 있는 브랜드라 안심되고, 매일 꾸준히 건강 관리를 시작하기에 좋은 제품이라고 생각합니다. 가성비도 좋아 가족들과 함께 꾸준히 재구매하고 싶은 비타민입니다."
2026-07-23,A000000225938,62669113,2026.07.11,5,0,NORMAL, ,,,,0,675.0,1,1,syyang,"정제 크기는 적당한 편이라 물과 함께 부담 없이 섭취할 수 있었고, 개별 포장이라 위생적으로 보관하고 휴대하기도 편리했습니다. 바쁜 일상 속에서도 간편하게 챙겨 먹기 좋았으며, 120정 구성이라 약 4개월 동안 꾸준히 관리할 수 있는 점도 마음에 들었습니다. 믿을 수 있는 브랜드라 더욱 안심하고 섭취할 수 있었고, 가족과 함께 건강 관리를 위해 꾸준히 구매하고 싶은 제품입니다."
2026-07-23,A000000225938,61177827,2026.06.08,5,0,NORMAL, ,,,,4,630.0,1,0,0ㅌ0,"비타민씨는 항상 고려은단걸로 사먹고는 해요❗️❗️ 오로지 씨만 들어있는게 있고 여러 다른것과 같이 들어있는게 있는데, 비타민씨만 먹는 경우가 더 많은 것 같아요ㅎㅎ

엄청 시거나 그런 것도 없고 딱 적당하게 물 한모금과 함께 먹기 좋은 크기와 신맛이에요👍 목넘김이 엄청 불편한 것도 아니어서 누구나 먹기 좋을 것 같아요!

딱히 단점없고 비타민씨는 꾸준히 챙겨먹으면 좋아서 계속 사먹을 것 같아요😊"
2026-07-23,A000000225938,62738514,2026.07.13,5,0,NORMAL, ,A01,B01,C05,0,594.0,1,1,tombum,비타민C가 할인가라 26년 7월 48H 타임쿠폰이 발급되서 선물하려고 구매했어요.
2026-07-23,A000000225938,62730809,2026.07.13,5,1,OFFLINE, ,A03,B02,"C01,C03",0,594.0,1,0,윤봉마님,여름이라 비타민씨 더 잘 챙겨야 할 거 같아 먹고 있어요. 알약 크기가 꽤 커요. 알약겉면이 신맛이 강해서 전 좋은데 신 거 싫어하면 먹기 힘들거 같아요.
2026-07-23,A000000225938,62591950,2026.07.10,5,0,NORMAL, ,A01,B01,C05,0,594.0,1,1,tombum,26년 6월 올영세일 마지막날 쿠폰팩이 발급되서 비타민C가 할인가라 선물했는데 만족해서 도움이에요.
2026-07-23,A000000225938,62548774,2026.07.09,5,1,OFFLINE, ,A02,B02,"C01,C02",0,594.0,1,0,슈크림도넛,"매일챙겨먹어요   알약 크기가좀큰감이있지만
기본  체력 때문에  챙겨먹게되네요"
2026-07-23,A000000225938,62972352,2026.07.18,5,0,NORMAL, ,,,,0,528.0,1,0,슈잉잉이,오메가쓰리 꼭 챙겨먹는 편인데  양도 많고 먹기도 편하고 온가족이 먹어요
2026-07-23,A000000225938,61590225,2026.06.17,4,1,GIFT, ,A03,B03,"C01,C02",0,450.0,1,0,코코호두과자,"알사이즈가 개인적으로 느끼기에 좀 커서 알 약 잘 못먹는 사람으로써 목넘기기 좀 부담스럽고 힘든건 사실이에요. 
그래도 우리나라에서 의사들도 인정하는 가성비 최고 비타민씨라  꾸준히 먹으려고 노력하는 제품입니다 .
요즘 다떨어진자 좀 됐는디 아직 재구먀를 못했네요.
다시 먹어야지 ."
2026-07-23,A000000225938,61521812,2026.06.16,5,0,NORMAL, ,A06,B03,"C01,C02",1,450.0,1,1,왕모공똥톤,"고려은단 비타민시

후기보고 샀다가  계속 이거  비타민시 계속 먹고 있어요
엄마랑 같이 먹어요

피부가 맑아진거 같기도 하고
미백에센스 때문인지 
모르겠어요 비타민시 꼭 먹어야 한데서 몃달째 계속 먹어요

낮에 덜 피곤한거 같고
한알 먹다가 후기들 보다가 보니 3천미리 먹으면 좋타해서
지난달 부터 3천미리 먹는데 
신기한게 입술이 전에는 365일 트는데
와  입술이 안터요 놀랬어요
진짜네"
2026-07-23,A000000225938,61254828,2026.06.10,5,0,NORMAL, ,A03,B06,"C01,C04",4,450.0,1,0,찍지말라옹,"🌟고려은단 비타민C1000 120정 후기🌟

6월 올영세일때 12,900원에 구매했습니다!
장점 : 단일성분, 가성비 좋음/ 알약 크기 : 2cm

✔️ 비타민C는 산이기 때문에
빈 속에 먹으면 속도 쓰리고 위에 부담이 됩니다.
식사 후 음식이 몸 속에 2-3시간 머무르면서
발아ㅁ물질이 만들어지는데 비타민C가 음식에 섞이면
발아ㅁ물질 생성을 못하게 한대요
식사 도중에 드시거나 식후 바로 드시는걸 추천❗️

이왕재 박사님 영상을 참고했습니다!
박사님은 가루로 된 비타민이 가장 좋다고 했는데
처음부터 가루 3천짜리 먹기보단 양을 늘리다가
가루로 갈아타면 좋을거 같아서 이걸로 먹고 있어요
하루 최소 2000은 먹어야 한다고 하셔서
저는 하루 3알 먹고 있네용(하루 3000!)
이번꺼 다 먹으면 메가도스 3000으로 갈아 탈 생각이에요:)
가성비 좋아서 입문용으로 강력추천해요!"
2026-07-23,A000000225938,61146511,2026.06.08,5,0,NORMAL, ,A03,B03,"C01,C02",2,450.0,1,0,화장품은성분이답이다,"미고려은단 비타민c1000 120정 4개월분
(시간나실때 읽어보시고. 꼭 알아둘 후기입니다)

비타민시는 이미 다들 아시겠지만
강력한 효과 및  신체 모든 장기 ㆍ세포ᆢ 미백 ㆍ체력ㆍ 면연력 ㆍㆍ여드름 기타  입술 트거나 각질ㆍ
노화와 직접 연결되는 중요한 건강식품입니다

고르실때 영국산이라 써져 있는 제품을 사셔야합니다
안써진 제품은. 비타민시를 모방했다고나 할까요

1알에 천미리인데  적정량이 정해진게 아닙니다
4개월분이라 써논건 하루 1알씩 먹었을때 입니다

지금도 비타민시의 효과에 대해 계속 연구중이고
안먹는거 보다 좋습니다
(제 경우는 수년간 밥먹을때 밥과함께 하루 3천미리 먹어요~4천미리 먹는 날도 대다수고)

비타민시 먹으면서 입술트거나  콜록콜록 안걸리는게 확실합니다
@중성 비타민시라고 나와있는데 빈속에 먹어도 되는 비타민시 인데 효과에 대해서 아직 전세계 연구진들이 왈과불과 하는게 중성비타민시 입니다

@토 리포좀비타민시라고 나와있는데
리포좀은 흡수율을 높여서 나온제품입니다
가격이 좀더 비싸요
(비타민시는 물에 녹는 수용성이므로
신체 전체에 쓰이고 땀이나 소변으로 배출되므로
구지 리포좀 비싼걸 드실필요는 없을것같네요)
도움되세요"
2026-07-23,A000000225938,60530994,2026.06.01,5,1,GIFT, ,A01,B04,"C01,C02",6,450.0,1,0,돌비,"한동안 챙겨 먹던 비타민C가 떨어져서 새로 찾다가 이 제품을 선택했어요. 120정이라 4개월 정도 넉넉히 먹을 수 있어서 가성비가 괜찮다고 느꼈습니다. 알약 크기가 생각보다 부담스럽지 않고, 물과 함께 삼키기 편했어요. 하루 한 알씩 꾸준히 먹고 있는데, 특별히 자극적인 느낌 없이 무난하게 잘 넘어갑니다. 용량 대비 가격도 저렴하고 전체적으로는 무난하고 믿고 먹을 수 있는 제품이라는 인상이네요."
2026-07-23,A000000225938,60530578,2026.06.01,5,1,GIFT, ,A03,B04,"C01,C02",6,450.0,1,0,믿기,"한동안 꾸준히 챙겨 먹고 있는 제품이에요. 하루 한 알씩 물과 함께 간편하게 먹을 수 있어서 부담이 없고, 120정 한 통으로 4개월 정도 여유롭게 챙길 수 있어 가성비도 괜찮다고 느꼈어요. 알약 크기가 생각보다 부담스럽지 않고, 삼키기도 편한 편입니다. 다른 비슷한 제품들과 비교했을 때 이 브랜드의 것은 품질에 대한 신뢰가 가서 계속 선택하게 되더라고요. 딱히 특별한 효과를 기대하기보다는, 매일 부족할 수 있는 영양소를 보충한다는 마음으로 꾸준히 먹고 있는데, 덕분에 일상이 조금 더 탄탄해진 기분입니다. 개인적으로는 가격 대비 만족도가 높아서 앞으로도 재구매할 생각입니다."
2026-07-23,A000000225938,60526072,2026.06.01,5,1,GIFT, ,A03,B04,"C05,C11",6,450.0,1,0,두바이사랑꾼,"꾸준히 챙겨 먹으려고 4개월 분량으로 샀는데, 알약 크기가 생각보다 작아서 삼키기 부담스럽지 않아 좋았어요. 하루 한 알로 간편하게 챙길 수 있고, 가격도 부담 없는 편이라 만족합니다. 제철 과일을 자주 먹지 못하는 요즘, 식사만으로 채우기 어려운 부분을 보충해 주는 느낌이에요. 한 통에 120정이라 넉넉해서 깜빡 잊어도 여유롭게 먹을 수 있고, 개별 포장이 아니라 통에 든 형태라 보관도 간편합니다. 다만, 처음 드시는 분들은 약간 신맛이 느껴질 수 있는데 저는 금방 적응됐어요. 전반적으로 꾸준히 먹기 좋은 제품이라 생각합니다."
2026-07-23,A000000225938,60078708,2026.05.24,5,1,OFFLINE, ,A03,B02,"C01,C08",9,450.0,1,0,Kongsuni,멀티비타민은 항상 먹는데 비타민 씨는 많이 먹어도 괜찮다해서 구매했어요! 요즘 날씨도 너무 더워서 체력적으로 힘든데 건강해지려고 구매했습니다... 나이들수록 체력이 떨어지네여 ㅋㅋㅋ 영양제 꼭 챙겨드세요 열어분 ... 건강이 최고입니다
2026-07-23,A000000225938,62834097,2026.07.15,5,1,OFFLINE, ,A04,B06,"C05,C08",1,396.0,0,1,해파리파리,매일 챙겨 먹기 좋고 부담이 없어요. 꾸준히 먹으려고 구매했는데 먹기도 편하고 만족하면서 섭취하고 있습니다
2026-07-23,A000000225938,62365910,2026.07.05,5,0,NORMAL, ,A01,B01,C05,0,396.0,1,1,tombum,비타민C가 할인가라 설문조사혜택 쿠폰이 발급되서 선물하려고 구매했어요.
2026-07-23,A000000225938,62288575,2026.07.04,5,0,NORMAL, ,,,,0,396.0,1,1,홍은이이,고려은단 비타민C 진짜 좋아요 제가 추천 합니다아아!!!
2026-07-23,A000000225938,62143468,2026.07.01,5,0,NORMAL, ,A01,B01,C05,0,396.0,1,1,tombum,비타민C가 할인가라 26년 6월 올영세일 첫 날 쿠폰팩이 발급되서 선물했는데 만족해서 도움이에요.
2026-07-23,A000000250048,62599141,2026.07.10,5,0,NORMAL,미니 시카 쿨링 선스틱 기획(+키링),A03,B04,"C01,C02",6,3834.0,1,0,sol솔,키링으로 가방에 달고 다니기에도 좋고 휴대하기에 좋은 사이즈에 스틱 타입이라 사용하기 좋습니다:)
2026-07-23,A000000250048,62706977,2026.07.12,5,1,OFFLINE,미니 시카 쿨링 선스틱 기획(+키링),A02,B04,"C01,C02",5,2754.0,0,0,주구치,"약간의 쿨링감이 있고, 키링처럼 가방에 걸 수 있어서 들고다니면서 사용하기 좋아요!
다만 미니답게 양이 너무 적어서 금방 씁니댜,,,
리필이라도 만들어주세요ㅠㅠ"
2026-07-23,A000000250048,62291582,2026.07.04,5,0,NORMAL,미니 시카 쿨링 선스틱 기획(+키링),A05,B01,"C03,C04",5,1980.0,0,0,김도르,작은 사이즈라서 귀엽고 가지고 다니기에 좋습니다. 간편하고 가방에 키링대용으로 달고 다니기도 좋아요. 기냥 제품은 무난합니다. 쿨링은 솔직히 느껴지지 않아서 아쉬웠어요. 그래도 여름한철에 가볍게 사용하기에는 좋은 것 같네요. 굿
2026-07-23,A000000250048,62627197,2026.07.10,5,1,OFFLINE,미니 비타워터프루프 선스틱 기획(+키링),A03,B02,C10,1,1890.0,1,0,녹차소금빵,"💛 제형
토코보 미니 선스틱 3종류가 있어서 매장에서 사용감테스트해보고 실사용목적, 활용 잘 생각해보고 고른 게 비타워터프루프 선스틱이었어요.

일단 키링 미니선스틱이라 사이즈가 귀엽고 미니백이나 일상에서 무게 부담없이 달고다니기 좋은데 개인적으로 잔스포츠 하프파인트백이랑 잘 어울린다고 생각해요.

선스틱, 크림은 1차로 집에서 바르는데 아웃도어, 야외서 몸에 덧바를때 쓸거라 너무 매트하지않으면서도 너무 유분기많지않은 제품 찾다가 고른건데 제형 뭉개짐없이 잘 발리면서 기름지거나 끈적임없는게 좋고 등산에서도 정상즈음에 팔 다리 슥슥 덧발라주기 편하고 자차기능도 좋아서 선스틱바른 부분은 더 타지 않았어요.
등산 아웃도어 여행 선스틱으로 강추 👍 

💛 토코보 3가지 선스틱 매장테스트 해본 느낌
하늘색 : 코튼타입답게 뽀송 매트하게 발리는데 워낙매트해서 가장자리가 포슬하게 떨어질때도 있어서 고민되는 부분이 있었어요.
그린색 : 솔직히 수분감있고 시원하게 잘 발리는데 향이 조금 불호였어서 아쉬웠지만 다용도로 슥슥 편하게 바를 여름선스틱제형으론 최고라고 생각

🙋‍♀️ 토코보에게 바라는 점
용량대비 저렴한건 아니어서 리필도 판매하거나 리필증정기획나오면 좋겠어요

🙋‍♀️ 추천대상
- 아웃도어, 여행, 등산즐기는 분
- 선케어 잘 잊는 분이면 키링으로 달고다니면서 쓰세요 👍"
2026-07-23,A000000250048,62625211,2026.07.10,5,1,OFFLINE,미니 시카 쿨링 선스틱 기획(+키링),A04,B01,"C05,C09",0,1134.0,1,0,하이구,"키링이라 가방에 들고다니면서 선크림바르고나서 
시간이 좀지났을때 덧발라주는용으로 
너무 편하고 때같이 밀리는게 없어 좋아요!"
2026-07-23,A000000250048,62503601,2026.07.08,5,1,OFFLINE,미니 코튼 소프트 선스틱 기획(+키링),,,,0,900.0,1,0,jbinter,"한달 사용 리뷰입니다.
19g 짜리 제품보다 용량 대비 가격은 좀 높은 편이지만 휴대성도 좋고 키링으로 사용할 수도 있어서 좋아요.
노랑 초록 파랑 세종류인데 파랑이 젤 좋은 것 같습니다.
토코보는 패키지가 좀 장난감 같아서 좀 가벼운 느낌인데 내용물의 품질은 상당히 좋은 편입니다.,"
2026-07-23,A000000250048,62117624,2026.06.30,5,1,OFFLINE,미니 시카 쿨링 선스틱 기획(+키링),A03,B03,"C01,C08",2,900.0,1,0,올영요정임니당,"귀여운 미니 사이즈라 궁금해서 구매해봤어요ㅎㅎ

토코보 미니 선스틱은 생각보다 크기가 정말 작아서 휴대성이 가장 큰 장점인 제품이었습니다. 가방이나 파우치에 쏙 들어가고, 키링으로 달 수 있는 디자인이라 들고 다니는 재미도 있더라고요. 귀여운 디자인 덕분에 외출할 때 자연스럽게 챙기게 됐습니다.

선스틱 자체는 부드럽게 발리는 편이라 손에 묻히지 않고 간편하게 덧바르기 좋았습니다. 외출 중에도 슥슥 바를 수 있어서 사용하기 편했고, 휴대하면서 자주 덧바르기에도 부담이 없었어요.

다만 몸까지 바르기에는 용량이 조금 적은 편이라는 생각이 들었습니다. 팔이나 다리까지 넓게 바르다 보면 금방 사용할 것 같아서 데일리로 쓰기에는 조금 아쉬웠어요.

대신 여행용으로는 정말 괜찮을 것 같습니다. 짐을 최소한으로 챙겨야 할 때 부담 없이 넣어갈 수 있고, 작은 크기라 공간도 많이 차지하지 않아서 활용도가 높을 것 같더라고요ㅎㅎ

전체적으로 휴대성과 디자인이 가장 마음에 들었던 제품입니다. 몸 전체용보다는 여행이나 외출 시 덧바르는 용도로 사용하기 좋은 미니 선스틱이라고 생각합니다!"
2026-07-23,A000000250048,60536824,2026.06.01,5,1,OL_YOUNG,미니 시카 쿨링 선스틱 기획(+키링),A04,B01,"C06,C07",9,810.0,1,0,삼이코스메틱,외출하기전에 항상 몸에는 선크림 바르는거 잊어버리고 외출할때도 많은데 이거는 휴대하기 간편해서 가지고다니면서 밖에서도 발라주고 있어요! 열쇠고리도 걸려있어서 가방에 키링처럼 달기도 좋고 잠깐 집앞나갈땐 바지 벨트고리에도 걸어서 다니면 좋은거 같습니당! 끈적이지 않고 향도 거의 안나서 좋아요
2026-07-23,A000000250048,63004282,2026.07.19,5,0,NORMAL,미니 코튼 소프트 선스틱 기획(+키링),A03,B06,"C03,C08",0,792.0,1,0,핑크무새,들고다니먄서 덧바르기 좋은 사이즈에용 엄청 뽀송한 마무리감
2026-07-23,A000000250048,62990491,2026.07.19,5,0,NORMAL,미니 시카 쿨링 선스틱 기획(+키링),A04,B03,"C05,C08",0,792.0,1,0,코코몽66,부드럽게 바를 수 있고 키링처럼 달고 다닐 수 있어 야외에서 사용하기 좋습니다.
2026-07-23,A000000250048,62908757,2026.07.17,5,1,OFFLINE,미니 코튼 소프트 선스틱 기획(+키링),A03,B02,"C02,C03",0,792.0,1,0,길고먐미,타는 건 싫어서 자외선 차단제는 발라야겠고 손에 묻어나는 건 싫어서 선스틱 사용합니다.
2026-07-23,A000000250048,62118845,2026.06.30,5,0,NORMAL,미니 비타워터프루프 선스틱 기획(+키링),A03,B05,"C01,C02",0,756.0,1,0,다옹메옹,미니 선스틱이라 귀여워용 ㅋㅋ 키링으로 달고 다니면서 사용중입니당 다 쓰고도 가방에 그냥 달아놓을거같아요 ㅋㅋ 포인트되면서 너무 귀여워..
2026-07-23,A000000250048,61907769,2026.06.25,5,0,NORMAL,미니 코튼 소프트 선스틱 기획(+키링),A03,B01,"C05,C06",3,756.0,1,0,루나뷰티,"💙코튼 선스틱 

키링이 긔여워여! 들고 다니기 편한 미니사이즈 입니다."
2026-07-23,A000000250048,63169269,2026.07.23,5,1,OFFLINE,미니 코튼 소프트 선스틱 기획(+키링),A03,B02,"C01,C02",0,660.0,1,0,Miu영,키링이 편해서 구입 작은거 나온게 좋아요 필수템이라 다른것도 구입예정
2026-07-23,A000000250048,62767392,2026.07.13,5,0,NORMAL,미니 코튼 소프트 선스틱 기획(+키링),A03,B06,"C01,C05",0,594.0,1,0,cloud999,비상용으로 휴대해서 사용하기에도 좋아 보여 마음에 들어요.
2026-07-23,A000000250048,62699687,2026.07.12,5,0,NORMAL,미니 코튼 소프트 선스틱 기획(+키링),A03,B02,"C01,C03",0,594.0,1,0,채송송,미니선스틱 넘 귀여워요 가방에 달고다닐까싶었는데 가방을 요즘 안들고 다녀서 회사에서 생각날때마다 슫슥 바릅니단
2026-07-23,A000000250048,62655127,2026.07.11,5,1,OFFLINE,미니 비타워터프루프 선스틱 기획(+키링),A04,B02,"C01,C02",1,594.0,0,0,바닐랴,"워터프루프로 사보았는데 여름 물놀이갈때 너무 좋겠더라고요
키링도 상큼하고 넘 귀여워요"
2026-07-23,A000000250048,62651995,2026.07.11,5,1,OFFLINE,미니 시카 쿨링 선스틱 기획(+키링),A02,B01,"C01,C03",1,594.0,0,1,매롱매론,"키링으로 대박추천하는 미니 선스틱
퀄리티 엄청 잘 뽑음 추천합니다"
2026-07-23,A000000250048,62539560,2026.07.09,5,1,OFFLINE,미니 시카 쿨링 선스틱 기획(+키링),A02,B01,"C01,C03",1,594.0,0,0,매롱매론,"원래도 잘 쓰던 선스틱인데
귀요미키링버전  너무 좋아요
여름내내 잘 쓰는 중"
2026-07-23,A000000250048,62511175,2026.07.08,5,0,NORMAL,미니 코튼 소프트 선스틱 기획(+키링),A03,B02,"C01,C06",0,594.0,1,1,엠플레,"귀엽고 갖고 다니기 편해요
바르기 편하고 번들거리지 않고 좋아오"
2026-07-23,A000000250048,62067061,2026.06.29,5,1,OFFLINE,미니 코튼 소프트 선스틱 기획(+키링),A02,B01,"C01,C02",1,540.0,1,0,고양이한마리몰고가세,"한 달 사용 후기입니다 ☀️

끈적이는 선스틱은 손이 잘 안 가는데 이건 바른 뒤 보송한 마무리라 정말 자주 쓰고 있어요.

미니 사이즈라 휴대하기도 편하고 외출하면서 덧바르기 딱 좋았습니다.
한 달 동안 써보니 만족도가 높아서 주변 사람들에게도 계속 추천하고 있는 제품이에요 😆

키링까지 함께 들어 있어서 가방에 달고 다니기 좋은 점도 마음에 들었습니다 🐾"
2026-07-23,A000000250048,62393954,2026.07.06,5,0,NORMAL,미니 시카 쿨링 선스틱 기획(+키링),A02,B06,"C02,C03",0,450.0,1,0,흥ㅈㅣ,"들고 다니기 편할 선스틱 찾다가 
휴대성이 제일 좋아 보이는 걸로 골랐어요~

우선 키링을 증정해줘서 귀여움도 귀여움이지만 넘 편해요

피부가 상당히 민감한편이라 
뭐 하나 잘못쓰면 바로 트러블인데 
이건 막바르고 덧발라도 괜찮네용!

넘 맘에 드는 제품 찾아서 완전 만족입니다 ㅠㅠ"
2026-07-23,A000000250048,61121965,2026.06.07,5,1,OL_YOUNG,미니 시카 쿨링 선스틱 기획(+키링),A03,B02,"C02,C05",3,450.0,1,0,푸르미올리브,미니선스틱으로 귀여운 키링이 함께 들어있는 구성이라 사용하기 좋았어요. 세가지 좋류중에서 코튼 소프트를 사용해봤는데 끈적임없이 보송하게 발려서 좋았어요. 데일리로 사용하기 좋은 선스틱이었어요. 손에 뭍히지 않고 바를 수 있는 선스틱이라 바쁜아침에도 사용하기 좋았고 수정화장시 덧바르기에도 좋았어요. 작은 크기라 여행시에도 가지고 다니기 좋을 것 같아요. 같은 제품으로 큰 용량도 있던데 가격도 좋은것 같아요. 패키지 컬러도 하늘색에 빨간로고라 이뻤답니다.
2026-07-23,A000000250048,61121635,2026.06.07,5,1,OL_YOUNG,미니 시카 쿨링 선스틱 기획(+키링),A02,B02,"C01,C02",4,450.0,1,0,토깽이S,"토보코 미니 선스틱 사용해보니 정말 만족스러웠어요. 
키링이 같이 있어서 가방에 달고 다니면서 
덧발라주기에도 괜찮은 것 같아요. 
하늘색상의 깔끔한 디자인으로 내용물도 
하늘색이라 이쁘더라구요. 
발라보니 부드럽게 발리면서 건조함은 
느껴지지 않으면서 매트하면서 
보송하게 마무리되어서 만족스러웠어요. 
코튼향으로 누구나 거부감없이 바르기 좋았어요. 
얼굴뿐만아니라 팔부분이나 목부분에도 바르기 괜찮았어요. 
작은 크기라서 휴대하고 다니기 정말 괜찮더라구요."
2026-07-23,A000000250048,61118616,2026.06.07,5,1,OL_YOUNG,미니 시카 쿨링 선스틱 기획(+키링),A03,B01,"C01,C03",0,450.0,1,0,링블리,토코보 선스틱이 미니사이즈라서 살짝씩 얼굴에 덧바르는 용도로 잘 썼어요~! 선스틱이라서 편하게 얼굴에 슥 덧바르기에 간편해서 휴대용 거울 보면서 가볍게 쓰기에 좋았어요^^ 날씨가 더워졌는데 간편하게 챙겨다니기에 좋은 키링 형태여서 더욱 잘 쓰고 다녔어요~ 스틱타입 선제품이어서 기름지거나 찐득한 느낌이 덜하고 특히 토코보 미니 선스틱이 좀 더 보송한 느낌이어서 매끄러운 마무리가 가능해서 좋아요! 머리카락이 많이 들러붙는 선크림 제품이 아니어서 바람 불어도 머리카락 들러붙는 것도 덜하고 얼굴이 답답하지 않았어요~^^ 팔다리에 전체적으로 바르기에는 미니사이즈여서 금방 닳기 때문에 여름날씨에는 여름용 긴팔긴바지 입고 얼굴이나 목 부위에만 외출해서 덧바르는 용도로 사용하면 더욱 요긴하게 조금씩 바르면서 사용하기에 좋은 것 같아요~! 귀엽고 편리해서 선물용으로도 괜찮은 선스틱인 것 같고 작고 귀여운 선 제품을 찾는 분들께 토코보에서 나온 미니사이즈 선스틱을 추천을 해 드리고 싶어요~ 스틱타입이기 때문에 너무 힘을 주지 않고 살살 조금씩만 덧발라주니까 좋았어요! 저는 하늘색 키링으로 도착했는데 상큼하니 마음에 들어서 가방에 달고 다녔었어요^^
2026-07-23,A000000250048,61114138,2026.06.07,5,1,OFFLINE,미니 비타워터프루프 선스틱 기획(+키링),A03,B02,"C09,C11",0,450.0,1,0,퀸콩,"토코보 선스틱이 궁금하기도 했지만 미니 사이즈에 키링처럼 달고 다닐 수 있는 점이 너무 귀여워서 구매했어요🥹💕 작은 사이즈라 가방에 달고 다니거나 파우치에 넣어 다니기 편하더라구요ㅎㅎ 워터프루프 선스틱이라 여름철에 사용하기 좋을 것 같았고, 사용 후 마무리감도 비교적 보송한 편이라 마음에 들었어요! 스틱 타입이라 손에 묻히지 않고 간편하게 사용할 수 있는 점도 좋았구요🥰 귀여움은 물론 휴대성까지 챙길 수 있어서 만족스러운 구매였어요💛✨🫶"
2026-07-23,A000000250048,61100808,2026.06.07,5,1,OL_YOUNG,미니 코튼 소프트 선스틱 기획(+키링),A03,B02,"C01,C02",6,450.0,1,0,규규미,"디자인이 정말 귀엽고 미니 사이즈라 휴대성이 너무 좋아요. 특히 키링 형태로 가방에 달 수 있어서 외출할 때 챙기기 편하고, 초등학생 딸아이도 마음에 들어 해서 결국 본인이 들고 다니고 있어요. 필요할 때마다 꺼내서 슥슥 바르기 좋아서 자외선 차단을 자주 하게 되는 점이 가장 만족스럽습니다. 발림성도 부드럽고 끈적임 없이 산뜻하게 마무리돼서 아이도 부담 없이 잘 사용해요. 간편함과 실용성 모두 잡은 제품이라 외출 필수템으로 추천드려요!"
2026-07-23,A000000250048,61097201,2026.06.07,5,0,NORMAL,미니 시카 쿨링 선스틱 기획(+키링),A03,B06,"C01,C05",0,450.0,1,0,랴님,"여름철 야외 활동할때 수시로 자외선 차단제 덧바르는게 일이었는데 미니 사이즈라 휴대하기 정말 편하네요. 같이 주는 키링이 정말 쏘 큐트...💕
​시카 성분이 들어가서 그런지 자극 없이 발려요. 끈적임이나 밀림 없이 촉촉하게 발리고 은은하게 시원한 쿨링감이 느껴져서 열감 올랐을 때 진정시키기 좋아요. 메이크업 위에 슥슥 덧발라도 들뜨지 않고 가볍게 밀착돼서 올여름 데일리 수정용 선케어로 무난하게 잘 쓸 것 같아요."
2026-07-23,A000000250048,61068316,2026.06.07,5,1,OL_YOUNG,미니 코튼 소프트 선스틱 기획(+키링),A04,B06,"C05,C12",4,450.0,1,0,파이리79,"💙한줄요약: 가성비 좋게 누구나 사용가능한 선스틱

💙장점: 컴펙트한 사이즈라서 어디든 넣고 다니기 좋고, 가방에 달수있는 키링까지 함께 증정이라 가방에 달아두기도 좋아요👍

💙단점: 여러번 왔다갔다하면 때처럼 밀리는 경향이 조금 있어서 한방향으로 밀어서 사용하면 끈적임없이 잘 사용가능합니다. 

💙나만의꿀팁!
피부가 예민한 편이라 얼굴에 사용하기는 걱정되서 목,손,발등 바디용으로 잘 사용할꺼같아요!"
2026-07-23,A000000250048,61030946,2026.06.06,5,1,OL_YOUNG,미니 코튼 소프트 선스틱 기획(+키링),A03,B02,"C01,C03",13,450.0,1,0,벚꽃놀이,"휴대성 좋은 미니 선스틱으로 가방에 걸을수 있게 키링이 있어 잘 챙겨바를수 있게 해줬어요. 
메이크업 잘 안하기는 하는데 선스틱은 필수로 바르는지라 밖에서 이 선스틱은 더 자주 챙기게 되더라구요.
스틱형태라 손에 묻히지 않아도 쓱쓱 바를수 있어서 편하게 사용이 가능하고 번들거림이나 뭉침없어서 좋더라구요.
가볍고 깔끔하게 발림성도 좋고 향도 좋아서 올여름 토코보 선스틱 잘 사용하고 있어요"
2026-07-23,A000000236357,62960693,2026.07.18,5,1,OFFLINE,화이트티향 205g,A03,B04,"C02,C08",1,2232.0,1,1,네모설탕,한 달 사용해 봤는데 이거 향 진짜 오래 남아요! 사용하기도 쉽고 편리하고 요즘 이불 세탁할 때 넣는데 잘 때 은은하게 향기로운 향 나서 너무너무 좋아요🩵
2026-07-23,A000000236357,62386007,2026.07.06,5,0,NORMAL,화이트티향 205g,A02,B04,"C01,C05",4,1836.0,1,0,쿨빈콩,레노아 벌써 n번째 구매에요!!! 화이트티가 호불호 안타고 제일 차분한 향입니다ㅎㅎ 포근하고 향도 오래 남아서 좋아요!!
2026-07-23,A000000236357,62990969,2026.07.19,5,0,NORMAL,화이트티 205g 2입 기획팩,A04,B06,"C01,C08",1,1800.0,1,0,서노하,지금까지 열 몇통을 썼는지 셀 수도 없음 진짜 빨래 향기 남겨 주는 것 중에 최고봉 끝판왕 완전 보스 정말 좋다. 건조기를 돌려도 향이 풀풀 나고 물론 지속이 오래 되진 않지만 그래도 세탁가 마친 후까지 이정도로 향기가 지속 되는 게 있을까 싶을 정도로 좋다. 일본에 있을 때레 노아 거 많이 사서 썼었는데 이게 한국에 있으니까 참 좋네요.
2026-07-23,A000000236357,62934370,2026.07.17,5,0,NORMAL,화이트티향 205g,A01,B05,"C05,C07",2,1500.0,1,0,떵뇌,"&lt;진짜x1,000 솔직리뷰🐱&gt;와 이거 향이 너무 좋아요 이거 넣고 빨래 하고 까먹고 옷 입고 나갔는데 지하철에서 너무 좋은 향이 나길래 누가 향수 뿌렸나? 물어보고 싶다 이 생각까지 했는데 학원 갔는데도 나길래 그 분이 따라온 줄 알았거든요..? 찐우로 근데 집 와서도 나길래 그 때 옷 냄새 맡아봤는데 저엿음ㅋㅋㅋㅋ진짜 실제임 어제 있었던 일이에요 믿고 한 범만 사보세요 뭔가 여름에도 향기나는 분위기를 유지할 수 닜음 향은 절대 머리 안 아프고 뭔가 시원하면서도 향기로운 딱 빨래 잘 한 향기!!!"
2026-07-23,A000000236357,62657495,2026.07.11,1,0,NORMAL,화이트 머스크향 205g,A02,B06,"C01,C03",2,1350.0,0,0,룻피,"이 제품을 통해서 향기 부스터라는 것을 알게 되고 한 통을 다 썼습니다. 근데 결론부터 말하면 여러분 다우니 향기 부스터 사세요..
이거는 하나마나입니다 빨래하고 건조기 돌린 후에 이 향이 남아 있지도 않고 빨래 할 때마다 한 컵씩 꽉 채워서 돌렸는데도 향이 안 나요. 그냥 말 그대로 돈 버렸어요ㅜ
근데 쿠팡에 다우니 향기 부스터는 후기가 좋아서 구매했는데 지금 건조기 돌리고 나서 며칠 지났는데도 옷에서 계속 향기가 나요. 게다가 향기도 훨씬 더 좋아요  이건 너무 싼티나는 느낌 그냥 다 떠나서 목적에 안 맞아요 향이 오래 가지도 않고 나지도 않아요그냥..진짜 비추."
2026-07-23,A000000236357,62807594,2026.07.14,5,0,NORMAL,블루밍 블라썸향 205g,A03,B04,"C02,C05",0,1134.0,1,0,여쿨라연히,"저는 핑크 민트 보라순으로 향이 좋다고 느꼈어요!
핑크가 딱 깔끔한 향이라 맘에들었고 보라는 저한텐 살짝 어지럽게 느껴졌어요.. 민트는 무난했습니다!

핑크는 2개짜리 더 쟁였네요😊"
2026-07-23,A000000236357,62742466,2026.07.13,5,1,GIFT,화이트 머스크 205g 2입 기획팩,A01,B04,"C03,C10",2,1134.0,0,0,얀남이22,"향들이 다 괜찮고, 패키지도 고급스럽게 그럴싸해서 선물용으로도 괜찮은 것 같아요 ㅎㅎ"
2026-07-23,A000000236357,62742459,2026.07.13,5,1,GIFT,화이트티 205g 2입 기획팩,A01,B04,"C03,C10",2,1134.0,0,0,얀남이22,여러가지 향들중에서 저는 화이트티향이 마음에 듭니다. 물론 다른 향도 사용할때 좋긴해요!
2026-07-23,A000000236357,62742452,2026.07.13,5,1,GIFT,블루밍블로썸 205g 2입 기획팩,A01,B04,"C03,C10",2,1134.0,0,0,얀남이22,친구집에서 같이 써보고 향이 좋길래 저도 따라 샀어요. 향별로 다 샀는데 골라 쓰는 맛이 있네요!
2026-07-23,A000000236357,62614312,2026.07.10,5,0,NORMAL,화이트 머스크향 205g,,,,2,1134.0,0,0,메이튜,오늘 이거 넣어서 세탁해ㅛ는데 향기 좋아거 기분이 넘 좋습니당 ㅎㅎ
2026-07-23,A000000236357,62516915,2026.07.08,5,1,GIFT,화이트티 205g 2입 기획팩,A02,B02,"C01,C03",2,1134.0,0,0,귤스귤스,세탁 섬유유연제 항상 사용하는데 기획 특가로 나온제품이라서 구입했어요♡
2026-07-23,A000000236357,62516869,2026.07.08,5,1,GIFT,화이트 머스크 205g 2입 기획팩,A02,B02,"C01,C03",2,1134.0,0,0,귤스귤스,섬유 유연제가 떨어져서 검색하다가 기획으로  저렴하게 판매해서 구입해요~~♡
2026-07-23,A000000236357,62516843,2026.07.08,5,1,GIFT,블루밍블로썸 205g 2입 기획팩,A02,B02,"C01,C03",2,1134.0,0,0,귤스귤스,기획으로 나온거라 가격이 저렴해서 구입했어요~ 종류별로 사보고 맘에드는 향으로 쓰려구요
2026-07-23,A000000236357,62495516,2026.07.08,5,0,NORMAL,화이트티 205g 2입 기획팩,A03,B04,"C01,C02",2,1134.0,0,0,잼콩잼콩,"레노아 올영 입점된건 한참 전에 알았는데 이번에 기획팩에 다우니 샘플까지 증정해서 한번 구매해봤어요!
일본 유명템이라 기대했는데 역시 너무 마음에 들었어여
다쓰면 재구매할게요💙"
2026-07-23,A000000236357,62117357,2026.06.30,5,0,NORMAL,화이트 머스크향 205g,A03,B06,"C08,C09",1,1116.0,1,0,겨쿨브코덕,"세탁전에 빨래감 넣기 전에 반컵 넣어주면 향기 짱 조음!!
양이 졸라 많아서 진짜 오래 쓸수 있음"
2026-07-23,A000000236357,63005504,2026.07.19,5,1,OFFLINE,화이트 머스크향 205g,A02,B01,"C01,C02",0,1080.0,1,0,고양이한마리몰고가세,"사고 꾸준히 사용했더니 벌써 빈통이에요 🤍

화이트머스크 향이 은은하면서 오래가서 빨래할 때마다 기분이 좋더라구요

옷장 문 열었을 때도 향이 남아 있어서 만족하면서 사용했어요

다 써서 재구매할 정도로 마음에 드는 향이었고 앞으로도 계속 쓸 것 같아요 🌿"
2026-07-23,A000000236357,62702044,2026.07.12,5,0,NORMAL,화이트티 205g 2입 기획팩,A03,B03,"C07,C08",1,945.0,1,0,콩뿅이,화이트티는 정말… 제 인생 향이에요 할인해서 너무 싼 가격에 겟해써요 굿굿굿
2026-07-23,A000000236357,62701970,2026.07.12,5,0,NORMAL,블루밍블로썸 205g 2입 기획팩,A03,B03,"C07,C08",1,945.0,1,0,콩뿅이,ㅠㅠㅠ이거 너무 조아요 향 진짜 오래가구 … 섬유유연제만 쓰는거 보다 훨씬 좋으니까 쓰세요 ㅠ
2026-07-23,A000000236357,61928578,2026.06.26,5,1,GIFT,화이트 머스크향 205g,A03,B03,"C01,C09",5,900.0,1,0,내동생통통이,세탁 후 옷에서 은은하게 퍼지는 화이트머스크향이 정말 좋아요. 향이 너무 강하지 않아서 다들 좋아해요. 향에 민감한 분도 부담 없이 쓸 수 있어요. 수건이나 침구에 사용하면 잠들 때까지 기분 좋은 향이 이어집니다. 빨래할 때 요즘 꼭 사용하고 있어요.
2026-07-23,A000000236357,61928563,2026.06.26,5,1,GIFT,블루밍 블라썸향 205g,A03,B03,"C01,C09",5,900.0,1,0,내동생통통이,주변 추천으로 반신반의하며 구입했는데 완전히 반해버렸습니다. 블루밍 블라썸 향은 달콤한편인데 남녀 모두 좋아할만한 향기예요. 땀 냄새나 생활 냄새 잡는 효과도 뛰어나 운동복 세탁에 특히 효과적입니다. 레노아 부스터 없는 빨래는 이제 상상도 못 해요.ㅎㅎ
2026-07-23,A000000236357,61645152,2026.06.19,5,0,NORMAL,화이트티향 205g,A03,B02,"C02,C03",4,810.0,1,1,v브영2v,"[재구매] 국내 최초 출시 레노아 향기부스터 사용후기입니다. 205그람 제품으로 총 3가지 향이 있어요. 오특에 떠서 할인할때 구매했어요.  일본 여행이나 직구로 구매하던 제품이 올영에 들어왔네요.

화이트티, 화이트머스크, 블루밍블라썸 향으로 패키지가 아주 귀엽고, 미리 살짝씩 눌러서 향을 확인할 수 있어서 좋았어요.
205그람이라고 해서 기대안했는데 생각보다 크더라구요~ 향기부스터 항상 쓰는 사람으로써 넘 좋았습니다.

재구매 의사 있어요. 구매 추천드립니다~"
2026-07-23,A000000236357,62955738,2026.07.18,5,0,NORMAL,화이트티 205g 2입 기획팩,A03,B04,"C01,C02",1,792.0,0,1,잼콩잼콩,"써보고 좋아서 선물할려고 두팩 더 샀어용
진짜 향 너무 좋음 향기부스터중에 최고!"
2026-07-23,A000000236357,62117631,2026.06.30,5,1,OFFLINE,화이트티향 205g,A01,B06,"C01,C02",5,756.0,0,1,cookkie,재구매 제품입니다 빨래 할 때 사용하면 호텔친구 같은 냄새가 나요! 건조기 사용보다는 그냥 세탁시 향이 더 오래가는 거 같아요
2026-07-23,A000000236357,62117504,2026.06.30,5,0,NORMAL, ,A03,B06,"C08,C09",0,756.0,1,0,겨쿨브코덕,"갠적으로 화이트머그크보단 화이트티가 더 취향임!!
반컵 쓰면 양도 많고 향기 오래감
겉옷빨래할때만 넣음!!"
2026-07-23,A000000236357,62101947,2026.06.30,5,0,NORMAL,화이트티향 205g,A02,B01,"C01,C03",0,756.0,1,0,세찌세째,향이 진짜 좋아요~ 여름에 뭔가 포근하게 사용하기 좋은 거 같아요. 지속력도 좋습니다!
2026-07-23,A000000236357,62059802,2026.06.29,5,0,NORMAL,화이트 머스크향 205g,A06,B01,"C01,C05",2,756.0,0,0,동글둥글동글,향기부스터 처음엔 생소했는데 쓰다보니 진짜 향도 잘 나고 되게 은은하게 오래가서 여러통 구매해서 사용했어요 ㅎㅎㅎ
2026-07-23,A000000236357,62059630,2026.06.29,5,0,NORMAL,블루밍 블라썸향 205g,A06,B01,"C01,C05",2,756.0,0,0,동글둥글동글,"좋아하는 제품이라 세가지 향 모두 써봤어요 ㅎㅎㅎ
블루밍 블라썸향도 달달하니 좋은데 개인적으로는 파란색이 원탑이에요~"
2026-07-23,A000000236357,63016116,2026.07.19,5,0,NORMAL,화이트티 205g 2입 기획팩,A03,B04,"C06,C09",0,660.0,1,0,뿡빠리요라라,"다른향으로 구매해봣어요!
여름에 섬유유연제 하나만으로 피지 + 호르몬 제거 못하면 이거랑 같이 섞어써도 콤콤한 냄새는 잡아주더라고요"
2026-07-23,A000000236357,62755816,2026.07.13,5,0,NORMAL,블루밍 블라썸향 205g,A03,B04,"C01,C02",1,594.0,0,1,올영기둥하나내가세움,향이 고르기 힘들 정도로 세 가지향 모두 좋습니다. 자주 삽니다.
2026-07-23,A000000236357,62755754,2026.07.13,5,0,NORMAL,화이트티향 205g,A03,B04,"C01,C02",1,594.0,0,1,올영기둥하나내가세움,몇 통 째 쓰고 있는 제품입니다. 향이 너무 좋아요. 지속력도 오래 갑니다.
2026-07-23,A000000224296,62804867,2026.07.14,5,0,NORMAL,유기농100%순면 롱 라이너 81p,,,,1,1674.0,1,0,Megami,"데일로 사용중인 패드인데요
밀리거나 잘 떨어지지 않아서 좋아요
피부에 자극도 없고 유기농면이라 믿고 사용중이에요~"
2026-07-23,A000000224296,63192202,2026.07.23,5,0,NORMAL,유기농100%순면 롱 라이너 81p,A02,B03,"C04,C08",0,792.0,1,0,가롱입니다,"좋은느낌은 생리대중 가장 편한거 같아요
믿고 구입하는 편입니다"
2026-07-23,A000000224296,63066153,2026.07.20,4,0,NORMAL,유기농100%순면 일반 라이너 90p,A06,B05,"C01,C02",0,792.0,1,0,팡개팡개,두께가 얇아서 팬티에 여기저기 돌아다니지 않고 잘 붙어있어요. 근데 길이가 너무 짧아요. 롱 버전이 좀 더 안정감이 있을 것 같아요. 이건 넘 짧음 ㅋ큐ㅠ
2026-07-23,A000000224296,62982986,2026.07.18,5,0,NORMAL,유기농100%순면 라이너  롱 36p,A03,B03,"C03,C06",0,792.0,1,0,Hyunjuly,"1+1상품이라 싸게 구입했어요! 
배송도 빨리와서 너무 좋네요~"
2026-07-23,A000000224296,62888475,2026.07.16,5,0,NORMAL,유기농100%순면 라이너  롱 36p,A04,B06,"C01,C02",0,792.0,1,0,살랑살랑,피부 자극 없이 좋아요. 예민한 날에도 안심하고 쓸 수 있어요. 역시 좋은느낌이에요.
2026-07-23,A000000224296,62307368,2026.07.04,5,0,NORMAL,유기농100%순면 롱 라이너 81p,A02,B02,"C01,C08",1,756.0,1,0,ZZ바라기,"세일해서 잘 산듯해요
롱이라 부담없이 잘 사용할수있어요~~!"
2026-07-23,A000000224296,62082437,2026.06.30,5,0,NORMAL,유기농100%순면 일반 라이너 90p,A01,B01,"C01,C05",0,756.0,1,0,슺슺,"좋은느낌 순면커버 팬티라이너💛
매번 쟁여놓는 템입니다.

유기농100% 순면커버라 안심하고 사용할 수 있고,
통기성이 좋아서 매일 부담없이 사용가능한 
팬티라이너입니다.

부드러워서 예민한 피부에도 자극없었어요!"
2026-07-23,A000000224296,61874426,2026.06.24,5,1,OFFLINE,유기농100%순면 라이너  롱 36p,A06,B05,"C01,C04",1,756.0,1,0,유누들,무난하게 사용하기 좋아서 계속 구매하고 있어욤 손이 자주가네여
2026-07-23,A000000224296,62731833,2026.07.13,5,0,NORMAL,유기농100%순면 라이너  롱 36p,A03,B03,"C01,C03",0,594.0,1,0,람다르,사이즈 적당하고 간편하게 사용하기 좋아요. 접착력이 엄청좋은지는 모르겠어요.
2026-07-23,A000000224296,62588845,2026.07.10,5,0,NORMAL,유기농100%순면 라이너  롱 36p,A02,B01,"C04,C11",0,594.0,1,0,힝주니,"평소 팬티라이너 착용을 잘 하는 편이라, 구매했어요! 롱이니 쓰기 편합니당"
2026-07-23,A000000224296,62586796,2026.07.10,5,1,OFFLINE,유기농100%순면 라이너  롱 36p,A04,B04,"C01,C02",0,594.0,1,0,생강지,"원플러스 원 세일 하게를 샀어요
순하고 좋긴 한데 접착력이 강한것 같습니다"
2026-07-23,A000000224296,62584916,2026.07.10,5,0,NORMAL,유기농100%순면 라이너  롱 36p,A03,B02,"C01,C02",0,594.0,1,0,지니리,"두께도 적당하고 가격도 괜찮아서 구매했어요
팬티라이너는 다양하게 사용하니까!"
2026-07-23,A000000224296,61209671,2026.06.09,5,0,NORMAL,유기농100%순면 라이너  롱 36p,,,,4,558.0,1,0,Megami,"유기농100프로 순면이라서인지 
피부자극 하나도 없고 쓸림이 없어서 데일리로 사용하기 좋아요 !
세일할 때 쟁여두면 가격도 괜찮아요~~"
2026-07-23,A000000224296,62475381,2026.07.07,5,0,NORMAL,유기농100%순면 라이너  롱 36p,A03,B05,"C01,C02",0,540.0,1,0,볼빵빵춘식이,"❤️가격❤️
4월 16일 구매일 기준 가격: 5,200원(1+1)
7월 7일 기준 가격: 5,950원(1+1)
7월 30일까지 세일중인 가격이에요!

🧡장점🧡 
롱이라서 길고 흡수도 빨라요!

💛사용감💛
들뜨거나 그런거없이 편안하고 
흡수도 잘되고 편안해요!

💚재구매💚
세일이나 증정 기획 때 사두면 좋을 것 같아요!!

💙총평💙
생리 전후 필수예요!

도움이 돼요 👍🏻 꾹 부탁드립니다! 🙇🏻‍♀️"
2026-07-23,A000000224296,63148061,2026.07.22,4,0,NORMAL,유기농100%순면 라이너  롱 36p,A01,B02,C08,0,528.0,1,0,메컵붕어빵,딱히 나쁜거 없는 무난한 사용감의 제품이에요 세일 하거나 이벤트 행사할때 구매하기 좋아요 다음에도 재구매할 생각 있습니다 괜찮아요
2026-07-23,A000000224296,62666927,2026.07.11,5,0,NORMAL,유기농100%순면 라이너  롱 36p,,,,0,495.0,1,0,과제하기싫다,생리하고 남은 게 나올 때 사용하려고 구매했는데 면이 부드럽고 자극도 많이 없어서 좋았어요.
2026-07-23,A000000224296,62539072,2026.07.09,4,0,NORMAL,유기농100%순면 라이너  롱 36p,A03,B02,"C01,C06",0,495.0,1,0,히뽀02,"행사 하고 있어서 저렴하개 샀어요 
매번 생리 전후로 잘 쓰고 있는 제품입니다"
2026-07-23,A000000224296,61559809,2026.06.17,5,0,NORMAL,유기농100%순면 라이너  롱 36p,,,,6,450.0,1,1,mini101,"​유기농 100% 순면이라 피부가 예민한 편인데도 자극이나 가려움 없이 하루 종일 편안합니다. 
롱 사이즈라 커버력이 좋아 활동량이 많은 날에도 안심하고 사용할 수 있어요! 두께도 적당히 얇아 답답함이 없고 접착력도 우수해서 뒤틀림 없이 고정되니 데일리 라이너로 정착했습니다."
2026-07-23,A000000224296,61559767,2026.06.17,5,0,NORMAL,유기농100%순면 라이너  롱 36p,,,,6,450.0,1,0,mini101,"​유기농 100% 순면이라 피부가 예민한 편인데도 자극이나 가려움 없이 하루 종일 편안합니다. 
롱 사이즈라 커버력이 좋아 활동량이 많은 날에도 안심하고 사용할 수 있어요! 두께도 적당히 얇아 답답함이 없고 접착력도 우수해서 뒤틀림 없이 고정되니 데일리 라이너로 정착했습니다."
2026-07-23,A000000224296,61216858,2026.06.09,5,1,GIFT,유기농100%순면 라이너 일반 40p,A02,B02,"C01,C02",4,450.0,1,0,토깽이S,유기농 100% 순면 라이너라서 피부에 자극이 없고 부드러운 편이어서 사용하기 좋았어요. 두께감도 적당하고 길이감도 적당해서 평소에 매일 사용하기 좋은 제품으로 데일리용으로 추천하는 라이너랍니다. 저는 다 쓰고 나면 또 구매할 것 같아요.
2026-07-23,A000000224296,61213525,2026.06.09,5,1,GIFT,유기농100%순면 라이너 일반 40p,A03,B02,"C02,C05",3,450.0,1,0,푸르미올리브,데일리로 사용하기 좋은 순면 라이너랍니다. 유기농 순면이라 감촉이 부드럽고 좋았어요. 매일매일 착용해도 피브에 트러블이 나지 않아서 잘 사용하고 있어요. 무엇보다 원뿔원 기획 구성일때 구매해서 사용하니 더욱 좋았어요. 가격대비 굿굿!
2026-07-23,A000000224296,60544677,2026.06.01,5,0,NORMAL,라이너 유기농순면 수퍼롱 66,A02,B04,"C02,C03",0,450.0,1,0,vitabella02,유기농 순면이라서 믿고 골랐어요. 평소에도 예민하지만 그 날에는 더욱 민감한 편이라서 생리대 선택할 때 신중한데요. 이 생리대는 정말 부드러워서 그 날에도 자극 없어서 좋아요. 흡수력도 좋고 통기성도 좋은 편이라서 보송하게 유지되서 만족합니다!
2026-07-23,A000000224296,60143760,2026.05.25,5,1,OFFLINE,유기농100%순면 라이너  롱 36p,A03,B01,"C01,C04",0,450.0,1,0,Amyyy,"일단 라이너 자체가 자궁이나 질에 진짜 안 좋다고 하는데
생리 시작 하려고 할 때 쯤이랑 생리 끝나려고 할 때 쯤 그거 조금씩 나오는데 생리대 붙이고 있기에는 너무 부담스럽고 싫 잖아요. 저는 그때는 억지로라도 쓰는 편입니다. 그리고 그때 쓸 때 쓰더라도 순면으로 쓰는 게 제일 좋을 것 같애서요. 제품 사용하고 있어요."
2026-07-23,A000000224296,60084212,2026.05.24,5,0,NORMAL,유기농100%순면 라이너  롱 36p,A03,B05,"C01,C04",0,450.0,1,1,아이소머,"라이너는 이거만 사용한지 꽤 된 것 같아요.

유기농 그런거 중에 비싼거만 사쓰다가
동네 올영 매장에 그런 제품은 하나도 없어서
그냥 유기농 중에 저렴한거 골라온거 였는데
생각보다 가성비템이라 잘 쓰고 있어요.

트러블도 없었고
접착력이나 두께나 흡수력까지
사용감도 좋았어요."
2026-07-23,A000000224296,63125241,2026.07.22,5,0,NORMAL,유기농100%순면 라이너  롱 36p,,,,0,396.0,1,0,카올,매일매일 잘 사용하고 있습니다. 길이도 적당하고 뻑뻑하지도 않아서 사용감이 좋아요.
2026-07-23,A000000224296,63000549,2026.07.19,4,1,OFFLINE,유기농100%순면 라이너  롱 36p,,,,0,396.0,1,0,사랑다원맘,"저자극 입니다 순해서 좋아요
또 주문 할게요~~~^^
마니파세요"
2026-07-23,A000000224296,62284099,2026.07.04,5,0,NORMAL,유기농100%순면 라이너  롱 36p,A03,B03,"C01,C06",0,396.0,1,1,무민이이,"롱라이너라 좋네요
탐폰 쓸 때 밑에 깔아주고 있답니다
원쁠원 세일 좋아요 :-)"
2026-07-23,A000000224296,62148092,2026.07.01,5,1,OFFLINE,유기농100%순면 라이너  롱 36p,,,,0,396.0,1,1,x486xx,늘 쓰는거라 구매했어요 넘 좋은것 같아요 또 재구매 합니다  좋아요♡
2026-07-23,A000000224296,62054768,2026.06.29,5,0,NORMAL,유기농100%순면 롱 라이너 81p,A04,B03,"C01,C03",0,396.0,1,0,생일축하해,좋은느낌 사용하기 편리해사 계속 재구매해요 행사가격에 가성비 넘 좋음
2026-07-23,A000000224296,61858299,2026.06.24,5,0,NORMAL,유기농100%순면 라이너  롱 36p,A01,B05,"C05,C06",0,396.0,1,0,묘묘뇸뇸,"성분이 좋어요. 배송이 정말 빠르고 포장도 꼼꼼하게 와서 만족스럽습니다. 평소에도 자주 애용하는 제품인데, 역시나 기대했던 대로 품질이 좋네요. 앞으로도 여기서 늘 재구매할 생각입니다. 번창하세요!"
2026-07-23,A000000171650,63149143,2026.07.22,5,1,OFFLINE, ,A02,B02,"C01,C04",0,1080.0,1,0,애옹이누나,"평소 촉촉한 선크림을 선호해서 구매했는데 기대 이상으로 만족스러웠습니다. 크림처럼 부드럽게 발리면서도 끈적임이 적고, 백탁 현상이 거의 없어 바쁜 아침에도 부담 없이 사용할 수 있었습니다. 메이크업 전에 발라도 밀림이 적어 데일리 선크림으로 사용하기 좋았고, 건조한 피부도 하루 종일 당김 없이 촉촉하게 유지되는 느낌이었습니다.

SPF50+ PA++++라 자외선 차단력도 믿음직스럽고, 순한 사용감 덕분에 민감한 피부에도 자극 없이 편안하게 사용할 수 있었습니다. 더블 기획이라 가성비도 뛰어나 집에 하나, 가방에 하나 두고 사용하기 좋아 만족도가 높습니다. 촉촉한 수분감과 산뜻한 마무리를 원하는 분들에게 추천하고 싶은 선크림입니다."
2026-07-23,A000000171650,61924335,2026.06.26,5,1,OFFLINE, ,,,,1,504.0,1,0,오로지올영,"말해머해~ 제 피부타입은 건성인데 이 촉촉함이 딱이예요
그리고 성분이 되게 순한게 느껴져요
안지우고 잔 적이 있는데 그다음날 여드름()? 하나도 안 났어요ㅋㅎ 그만큼 순하다~ 물론 다들 지우고 자야합니다
재재재구매요"
2026-07-23,A000000171650,63151014,2026.07.22,5,1,OFFLINE, ,,,,0,396.0,1,0,wl****,잘 쓰고있습니다 근데 약간 뻑뻑한감이 있네요 구달은 수분감이 더해서 잘 맞긴하던데
2026-07-23,A000000171650,63162643,2026.07.22,5,1,OFFLINE, ,,,,0,88.0,1,0,olivia****,이렇게 촉촉하고 부드러운 선크림은 이거 하나밖에 없어요. 완전 추천합니다.
2026-07-23,A000000171650,63140558,2026.07.22,5,1,OFFLINE, ,,,,0,88.0,1,0,jangch****,재가 써본 제품들 중에 제일 좋아요! 확실히 유명한 제품은 이유가 있네요 n번째 구매중인 베스트템이에요 ㅠㅠ!!
2026-07-23,A000000171650,62941254,2026.07.17,5,0,NORMAL, ,,,,0,88.0,1,0,whit****,"지성피부 입니다
선크림 중에 번들거림 적은 제품 입니다
재구매 합니다"
2026-07-23,A000000171650,62905099,2026.07.17,5,1,OFFLINE, ,A06,B02,C05,0,72.0,0,0,Dadaco,자극없이 순하고 촉촉하게 발려서 여름에 데일리로 사용하고잇어용
2026-07-23,A000000171650,63173402,2026.07.23,5,1,OFFLINE, ,,,,0,60.0,0,0,Alzk,백탁 안생기고 마무리감 좋게 밀착되는게 마음에 들어요. 화장하기 전에 가볍게 베이스로 깔아주기에도 좋아서 잘 사용중입니다!
2026-07-23,A000000171650,62559726,2026.07.09,5,1,OFFLINE, ,A03,B02,"C05,C08",0,45.0,0,0,문또,일단 끈적임 없고 백탁 현상 없고 손에 잔여감이 거의 없어서 좋습니다. 개인적 차이는 있겠지만 순한 편이거 같아요!
2026-07-23,A000000171650,63071435,2026.07.20,5,1,OFFLINE, ,A03,B05,"C09,C13",0,36.0,0,0,diaa****,너무 촉촉해여 엄마가 좋다해서 재구매해서 같이 잘 쓰고 있다요!!
2026-07-23,A000000171650,62248782,2026.07.03,5,1,OFFLINE, ,,,,0,30.0,0,0,hy3jin****,일단 발랐을때 너무 촉촉했고 발림성도 부드럽게 발려서 너무 좋았고 백탁 전혀 없고 진짜 수분크림처럼 그대로 흡수되고 너무 좋아요 제가 여드름도 많이 나고 지성에다가 홍조도 있는데 이건 자극도 없고 순하고 자외선도 잘 차단해주는거 같아요 무조건 사세요.
2026-07-23,A000000171650,62474986,2026.07.07,5,1,OFFLINE, ,A01,B05,"C06,C07",0,24.0,0,0,악령이깃든햄스터,작고 비싸서 손떨렸지만 다른 제품하고 비교했을때 환경에 나쁜 성분이 적어서 사봤습니다.
2026-07-23,A000000171650,61967124,2026.06.27,5,1,OFFLINE, ,A02,B01,"C01,C05",0,24.0,0,0,대두,유명한데는 이유가 있다 좋아요 수분 만땅 채워주는 것 같구 화장목
2026-07-23,A000000171650,58089909,2026.04.08,5,0,NORMAL, ,A03,B05,"C01,C04",0,22.5,1,0,아이소머,"엄마가 좋아하시는 선크림이에요.

엄마가 피부가 예민하셔서
선크림 아무거나 못 바르시는데
이건 피부가 편안하다고 좋아하셨어요.

트러블도 없었던데다
그냥 보습 크림 바른거 같다고
다른 선크림에 비해
피부가 뻑뻑한 느낌이 덜하다고
좋다고 하셨어요."
2026-07-23,A000000171650,56881999,2026.03.11,5,0,NORMAL, ,A02,B03,"C01,C02",0,22.5,1,0,리리578,"🔸피부타입 : 건성.
: 라운드랩 수분선크림은 지금 몇통째인지 모르겠어요. 건성피부라서 촉촉하지만 또 메이크업을 방해하지 않는 걸 찾다가 사용했보았던 선크림인데, 어느 유튜브 분이 자외선 차단력 실험을 하셨는데(등에다 직접 바둑판으로 제품별 감별) 차단효과 1등이였던 제품이 이 제품이였어요. 

✅가볍고 촉촉하고 차단력 좋은 제품!! 
저는 4계절 사용하는데, 톤업제품은 저랑 안맞아서 이 파란버젼만 사용합니다. 

✅톤업이 좀더 필요할 땐, 건조한 계절엔 여기다 달바톤업 추가해서 쓰고, 여름에 좀더 유분차단용으로 톤업인데 하얀끼 머금은 제품들을 추가해서 쓰기도 합니다. 

다른 제품 사용도 가끔 해봤는데, 결국 돌아오게 되는 선크림은 자작나무입니다. 그냥 이걸로 쭉 쓰려구요^^ 가볍고 촉촉하고 최고예요. 몇년째 쓰는 중입니다."
2026-07-23,A000000171650,55796154,2026.02.19,5,0,NORMAL, ,A03,B01,"C02,C04",0,22.5,1,0,보라블리,"썬크림 자극적인 것들 사용해봤었는데 그땐 진짜 바르기 싫었는데
이 제품은 자극적인 부분이 없어서 잘 사용하고 있습니다!
기획으로 나올 때 구매해서 평소 휘뚜르마뚜르 사용합니다!
그냥 365일 기획이 좋게만 나왔으면..
단품 사야할 땐 고민 엄청나게 하고 눈물 머금고 구매하게 됩니다ㅠ"
2026-07-23,A000000171650,54659950,2026.01.23,5,0,NORMAL, ,A02,B05,"C01,C05",0,22.5,1,1,lulululalalah,"* 평소 선크림 정량만큼 많이 바르는 편이라
가볍고 흡수잘되는 제품 좋아하는데
자작나무 제품 딱 부합해서 꾸준히 쓰고 있어요!

* 거의 5년넘게 쓰고 있는데 수분크림처럼
가볍고 흡수가 빨라요!
그리고 외출시간 길 때 덧바라줘도 뭉침없어서 좋습니다!"
2026-07-23,A000000171650,53405460,2025.12.23,5,0,NORMAL, ,A02,B05,"C01,C05",0,22.5,1,1,lulululalalah,"* 라운드랩 자작나무 수분 선크림 잘 맞아서
꾸준히 재구매해서 쓰고 있는 제품이에요!!

* 선크림 항상 정량만큼 많이 바르는 편이라
밀리지않고 흡수잘되는 제품 선호하는데
흡수도 빠르도 제형도 가벼워서 좋아요!!

* 촉촉한 유기자차 선크림 찾는분들께 추천해요!!"
2026-07-23,A000000171650,52133875,2025.12.01,5,0,NORMAL, ,A02,B03,"C01,C02",3,22.5,1,0,리리578,"🔸피부타입 : 건성.
: 라운드랩 수분선크림은 지금 몇통째인지 모르겠어요. 건성피부라서 촉촉하지만 또 메이크업을 방해하지 않는 걸 찾다가 사용했보았던 선크림인데, 어느 유튜브 분이 자외선 차단력 실험을 하셨는데(등에다 직접 바둑판으로 제품별 감별) 차단효과 1등이였던 제품이 이 제품이였어요. 

✅가볍고 촉촉하고 차단력 좋은 제품!! 
저는 4계절 사용하는데, 톤업제품은 저랑 안맞아서 이 파란버젼만 사용합니다. 

✅톤업이 좀더 필요할 땐, 건조한 계절엔 여기다 달바톤업 추가해서 쓰고, 여름에 좀더 유분차단용으로 톤업인데 하얀끼 머금은 제품들을 추가해서 쓰기도 합니다. 

다른 제품 사용도 가끔 해봤는데, 결국 돌아오게 되는 선크림은 자작나무입니다. 그냥 이걸로 쭉 쓰려구요^^ 가볍고 촉촉하고 최고예요. 몇년째 쓰는 중입니다."
2026-07-23,A000000171650,51633432,2025.11.20,5,0,NORMAL, ,A02,B05,"C01,C05",6,22.5,1,1,lulululalalah,"* 평소 선크림 정량만큼 많이
바르는 편이라 잘못 바르니까 뭉치거나 뜨는 경우가 많아요!

* 자작나무 수분선크림은 많이 바르거나
덧발라도 들뜨지 않고 흡수 잘되서 좋아요!

* 대신 저처럼 많이 바르는 경우에는
확실히 유분도 많이 올라오니 참고하시면 좋아요!"
2026-07-23,A000000171650,50930057,2025.11.03,5,0,NORMAL, ,A02,B05,"C01,C05",5,22.5,1,1,lulululalalah,"* 평소 선케어에 진심이라서 일년 365일
선크림 정량만큼 많이 발라서 구매도 잦은 편이에요!

* 올리브영에 자작나무 선크립 입점했을때부터
사용했는데 잘맞아서 거의 5년째 쓰고 있어요!

* 수분크림처럼 가볍고 흡수 빨라서 좋고
선크림 덧발라도 안밀려서 좋아요!"
2026-07-23,A000000171650,49790095,2025.10.22,5,0,NORMAL, ,A02,B05,"C01,C05",0,22.5,1,0,lulululalalah,"* 평소 선케어에 진심이라서 항상 선크림
매일 챙겨 바르려고 노력하는 편이에요!

* 정량만큼 바르다보니 많이 바르는데
흡수도 잘 되는 편이고,
저는 외출시간 길어지는 덧바르는데
덧발라도 밀림없어서 좋아요!

* 유기자차 선크림 찾는분들께 추천해요!"
2026-07-23,A000000171650,46657482,2025.08.22,5,0,NORMAL, ,A02,B05,"C01,C05",12,22.5,1,0,lulululalalah,"* 평소 썬케어 항상 신경쓰는 편이라
매일 정량만큼 꼭 발라주고 있어요!

* 정량 바르다보니 흡수 잘 시켜줘야 하는데
라운드랩 자작나무 선크림 흡수도 잘되고
덧발라도 밀림없어서 꾸준히 쓰고 있어요!!

* 가벼운 제형의 유기자차 선크림
찾는 분들께 추천합니다!"
2026-07-23,A000000171650,33324237,2024.10.23,5,0,NORMAL, ,A03,B03,"C05,C06",0,22.5,1,0,초초링,"자작나무 라운드랩 수분선크림 한달사용후기
너무 만족하고 하나도 흠잡을데가없는 선크림이예요
촉촉하면서 백탁현상도없고 수분감까지 있어서 발림성이 너무좋아요!! 선크림 바르기 싫어하시는 분들에게도 완진추천드려용!! 짱좋아요"
2026-07-23,A000000171650,32993708,2024.10.12,5,1,OFFLINE, ,A02,B05,"C01,C05",4,22.5,1,0,lulululalalah,"* 평소 다른 관리는 못해도 선크림은 일년내내
실내에 있을때도 발라서 한달에 한통씩 비웁니다!!

* 노란끼있는 웜톤 피부라서 백탁없는
선크림을 좋아하는데 자작나무 수분선크림은
수분크림 처럼 가볍게 발려서 좋아요!!

* 특히 저는 야외활동시 선크림을 덧바르는데
밀리지 않아서 더 만족스럽습니다!!!"
2026-07-23,A000000171650,32035123,2024.09.10,5,1,OFFLINE, ,A02,B05,"C01,C05",9,22.5,1,0,lulululalalah,"* 평소 선크림 덕후라서 매일매일 바르는 건 물론
외출시에도 덧바르는데요 수분크림처럼 가볍게 발리고
흡수가 잘되서 넘 맘에 들어요!!

* 올영에 입점했을 때부터 꾸준히 재구매하면서 거의
한달에 한통씩 비우고 있어요!!
가벼운, 발림감 좋은 선크림 찾는분께 추천합니당!!"
2026-07-23,A000000171650,31543651,2024.08.29,5,0,NORMAL, ,A01,B01,"C03,C05",4,22.5,1,0,크크킄ㅋㅋ,"이거는 진짜진짜 썬크림중에 최고에오 ㅠㅜ 정말 좋아요!!
수분크림 발림성이여서 전혀 뻑뻑함 없이 발리구요!
바르고 나서도 엄청 산뜻해요!
저는 민감성 피부인데 바르고나서 얼굴에 트러블 난적이 없는 거 보니 자극없이 순한제품같아요~~ 
꾸준히 세일할때마다 구매하고 있는 제품입니다
백탁현상도 전혀없구요!
남성분들도 사용하기에 정말 좋아요!!!"
2026-07-23,A000000171650,30364692,2024.07.28,5,1,OFFLINE, ,A04,B01,"C01,C02",1,22.5,1,0,댕봉이,유기자차여서 30분전에는 미리 발라야 차단 효과가 있다고합니다 너무 유명한 선크림인데 드디어 써보게 됨 어디 자작나무인가 했는데 강원도 인제에서 키워낸 자작나무 수액 아미노산과 미네랄풍부한다고 ㅎㅎ 피부 속 수분 길을 열어주기 때문에 강력한 수분 공급을 도와준다고 합니다 더욱이 수분을 잡아주는 히알루론산까지 함유합니다 ㅎㅎ실제로 수분감 폭발하는 선크림이에요 여러 번 바른 후 눈으로 봤을 땐 유분 같은 느낌의 광이 싸악 코팅됩니다 보송하게 마무리되지 않습니다 10시간 자외선 차단되고 블루라이트 차단까지 된다고 하니 선크림 바른 후 실내 활동엔 덧바르거나 할 번거로움은 없어용 ㅎㅎ민감성에게 진정 성분은 정말 반값습니다 ㅎㅎ 워터프루프 인증을 받지는 않았으나 땀과 물에 쉽게 지워지진 않는 선크림입니다 ㅎㅎ굿
2026-07-23,A000000171650,29404789,2024.06.25,5,0,NORMAL, ,A03,B03,"C05,C06",0,22.5,1,0,초초링,"라운드랩 자작나무 수분 선크림 사용후기
수분선크림이라서 촉촉하니 바를때 뻑뻑하지않아서 좋아요!! 외출 30분전에 발라주면 자외선차단에 더 효과적이예요!! 부드럽게 촉촉하게 발리는 선크림 찾는다면 라운드랩 수분선크림 강추예요!! 하얘지는것도 없어서 선크림 바를때 눈시리거나 하얘지는거 시러하는분들이 쓰기에 딱좋아요 저는 선크림을 자주 덧바르는데 덧바를때도 때처럼 밀리거나하는게없이 덧바를수있어요!!ㅎㅎ"
2026-07-23,A000000171650,29378799,2024.06.24,5,0,NORMAL, ,A03,B03,"C05,C06",0,22.5,1,0,초초링,"자작나무 수분 선크림 기획 사용후기
이제품은 N번째 사용하는 선크림이예요 백탁현상없이 수분크림처럼 발려서 추천도 많이했고 선물도 많이했어요 
특히 하얘지는 걸 싫어하셔서  선크림 하얘진다고 많이 안바르시는데 이제품은 백탁이없으니  추천드리고 선물 드린 제품이예요! 너무 만족하며 사용하고 덧바를때는 선스틱없을때는 이제품으로 꼭 덧바르고 그위에 쿠션 두드려줬는데 이제품으 촉촉하다보니 수분크림 역할도 해줬어요~!ㅎㅎ"
2026-07-23,A000000158539,62850454,2026.07.15,5,0,NORMAL,아이시민트 1L+150ml,A03,B02,"C01,C05",2,2430.0,1,0,올립영전메이투,"다른 가글들은 엄청 매운데 초록색 가글은 그냥 물 물고 있는 느낌이라 처음에 사용해봤을 때는 이게 가글이 되는 건가,,,? 라는 생각이 있었는데 막상 뱉고 나니까 개운해지더라구요 ㅋㅋㅋ 신세계 !! 할인도 자주도하고 기획도 자주 나와서 좋아요 ☺️

요번에는 좀 더 개운한 맛이 있으면 좋겠어서 파란색으로 사봤어용"
2026-07-23,A000000158539,63069784,2026.07.20,5,0,NORMAL,마일드민트 1L+150ml,A02,B06,"C01,C03",0,900.0,1,1,쥬쥬의하루,"신랑이 테라브레스 애용해서
올리브영에서 N번째 구매중이에요 ㅎㅎ

150ml 휴대용 추가증정도 해주고
올리브영이 할인률이 제일 높아요 ~~

파란거보다 시원함은 덜해도 
입헹군 후에 
테라브레스는 잔여감이 확실히 덜해요 !!
저도 편하게 사용중이에요 굳굳"
2026-07-23,A000000158539,62667732,2026.07.11,5,0,NORMAL,아이시민트 1L+150ml,A03,B02,"C03,C08",0,900.0,1,0,eunbi3804,"민트 향이 상쾌하지만 과하게 맵지 않아 부담 없이 사용할 수 있었고, 사용 후에도 상쾌함이 오래 유지되는 느낌이었습니다. 양치 후 함께 사용하니 입안이 더욱 깔끔해지고 구취 관리에도 도움이 되는 것 같았어요. 1L 대용량이라 온 가족이 함께 사용하기 좋고, 150ml 추가 증정 구성은 여행이나 휴대용으로 활용하기에도 편리했습니다. 용량과 구성 모두 만족스러워 꾸준히 사용하고 싶은 구강 케어 제품입니다."
2026-07-23,A000000158539,63199850,2026.07.23,5,0,NORMAL,아이시민트 1L+150ml,A06,B04,"C01,C02",0,792.0,1,1,요구르트2,셀 수도 없이 오래전부터 수도 없이 여러 통을 매일 사용하고 있어요 하루에 세 번네 번 쓸 때도 있고 생활 필수품이에요 너무 개운하고 찜찜함이 없어서 다른 가글이랑은 차원이 달라요
2026-07-23,A000000158539,62983874,2026.07.18,5,0,NORMAL,마일드민트 1L+150ml,,,,1,660.0,1,1,일개서민,매일매일 여러번 쓰다보니 금방 다 써서 사게되네요 이거 연구한 박사 아저씨?가 제 지인이면 좋겠어요
2026-07-23,A000000158539,62717200,2026.07.12,5,0,NORMAL,아이시민트 1L+150ml,A03,B02,"C01,C02",0,594.0,1,1,S2000105,사용해보고 좋아서 재구매했어요 !!! ㅎㅎㅎ 입이 개운해지거 좋아여
2026-07-23,A000000158539,62249423,2026.07.03,4,0,NORMAL,마일드민트 1L+150ml,A03,B04,"C01,C02",0,540.0,1,0,에이플랫,"매번 리스테린 쓰다가 이제야 이제품 쓰게 되었네요!
세일을 해서 그나마 저렴하게 구매했어요!
1L인지 모르고 구매했는데 진짜 엄청 크네요~
다음에는 작은 사이즈로 구매해야겠어요
세면대에 꽉 차네요 ㅎㄹ
처음 사용하시는 분들에게 마일드가 좋네요
거의 물에 섞인 느낌이에요
치약으로 아쉬웠던 부분을 한번더 개운하게 해줘서
저녁때 꼭 하는 편이에요"
2026-07-23,A000000158539,61176306,2026.06.08,5,0,NORMAL,아이시민트 1L+150ml,A03,B06,C08,4,450.0,1,0,코알라에요,"✔️ 굉장히 보편적이고 마일드한 향입니다!! 일반적인 치약향이에요!! 자극없고 과하게 맵지않아서 호불호없이 사용할 수 있어요!! 데일리로 사용하기 좋습니다!! 지속력도 짧진 않은 편이고, 무엇보다 사용 후에 잔여감이 남지 않아서 굉장히 개운하게 사용할 수 있습니다!!

✔️ 뚜껑을 계량컵처럼 사용하면 좋습니다!! 뚜껑의 반 정도 채워서 사용하면 과하지않고 딱 좋아요!! 일어난 직후나 자기 전에 사용해주면 좋아요!!

✔️ 패밀리사이즈는 양이 정말 큽니다!! 1L라서 가정에 비치해두고 사용하면 정말 편리하고 좋아요!! 기획상품으로 들어간 150ml짜리도 휴대용으로 들고 다니며 사용하기 좋습니다!!!

✔️ 재구매의사 : ⭕️
올리브영 세일행사 때 쟁여두고 꾸준히 사용할 것 같아요!!"
2026-07-23,A000000158539,62042947,2026.06.29,5,0,NORMAL,아이시민트 1L+150ml,,,,1,378.0,1,1,awkednet,"저희 아빠의 최애ㅜ가글에에요
아빠는 이거 없으면 못 살아가시는듯"
2026-07-23,A000000158539,61161389,2026.06.08,5,0,NORMAL,마일드민트 1L+150ml,A03,B01,"C01,C03",1,378.0,1,0,wlgwlg,"가글은 테라브레스가 제일 좋아요!
입안이 너무 화해지지도 않고 순하게 사용할 수 있어 가족 모두 같이 쓰고 있는데 다들 이게 최고래요!"
2026-07-23,A000000158539,61033580,2026.06.06,5,0,NORMAL,아이시민트 1L+150ml,A03,B01,"C03,C05",1,378.0,1,1,올리브88,"여름에쓰기 가장좋은듯
겨울엔 화한느낌이 춥게느껴짐
화한데 입마름없고 속쓰림없어서 좋아요"
2026-07-23,A000000158539,60255467,2026.05.28,5,0,NORMAL,마일드민트 1L+150ml,A01,B02,"C09,C11",1,378.0,1,0,일레르,항상 재구매하는템이에요 파스향 나는거 싫은 분들께 추천!!
2026-07-23,A000000158539,61302243,2026.06.11,5,0,NORMAL,아이시민트 1L+150ml,A03,B02,"C03,C08",0,300.0,1,0,eunbi3804,"사용 후 입안이 상쾌하고 깔끔한 느낌이 오래 지속되어 만족스러웠습니다. 특히 강한 민트향이 부담스러운 분들도 편하게 사용할 수 있는 순한 사용감이 장점인 것 같아요. 대용량 1L 구성이라 오래 사용할 수 있고, 150ml 추가 증정까지 있어 가성비도 좋았습니다. 매일 양치 후 사용하고 있는데 구취 관리에 도움이 되는 것 같아 재구매 의사 있습니다."
2026-07-23,A000000158539,62597102,2026.07.10,5,0,NORMAL,마일드민트 1L+150ml,A02,B01,"C01,C09",0,297.0,1,0,allie****,"워낙 유명한 제품이라 궁금했는데 정말 만족하는 템이에요 입마름 전혀 없고 순한 편인데 사용하고 나면 입안이 정말 개운해지는 매직,, 미니도 같이 와서 여행다닐때 들고다니기 좋을 것 같아요"
2026-07-23,A000000158539,60727981,2026.06.03,4,0,NORMAL,마일드민트 1L+150ml,A03,B04,"C01,C02",19,270.0,1,0,에이플랫,"매번 리스테린 쓰다가 이제야 이제품 쓰게 되었네요! 
세일을 해서 그나마 저렴하게 구매했어요!
1L인지 모르고 구매했는데 진짜 엄청 크네요~
다음에는 작은 사이즈로 구매해야겠어요 
세면대에 꽉 차네요 ㅎㄹ
처음 사용하시는 분들에게 마일드가 좋네요
치약으로 아쉬웠던 부분을 한번더 개운하게 해줘서
저녁때 꼭 하는 편이에요"
2026-07-23,A000000158539,61829858,2026.06.23,5,0,NORMAL,마일드민트 1L+150ml,A01,B02,"C03,C04",0,264.0,1,0,좋은아침,자극도 없구요. 부드러워서 잘 쓰고있어요. 통이 안보이는게 흠
2026-07-23,A000000158539,61117839,2026.06.07,5,0,NORMAL,아이시민트 1L+150ml,A06,B04,"C05,C07",1,252.0,1,0,Gamgeul,원래 마일드 민트를 꽤 잘 쓰고 있어서 다른 버전으로 구매해봤어요. 마일드 민트는 아무래도 시원~한 느낌이 없어서 처음에 당황스러웠거둔요ㅎㅎ 요건 시원하니 더 상쾌한 느낌이라 앞으로도 이거 사지 않을까 싶네요
2026-07-23,A000000158539,62823226,2026.07.15,5,0,NORMAL,마일드민트 1L+150ml,,,,0,198.0,1,0,추억속을걷다,전 많이 맵지 않아서 좋아합니다. 계속 재구매하고 있어요.
2026-07-23,A000000158539,62466865,2026.07.07,5,0,NORMAL,마일드민트 1L+150ml,,,,0,198.0,1,0,이든황,아침마다 개운하게 시작할 수 있어서 좋아요 초록색병이 아니 연두색병이 제일 개운해요
2026-07-23,A000000158539,62313323,2026.07.04,5,0,NORMAL,아이시민트 1L+150ml,,,,0,198.0,1,0,codnjs****,이거 쓰다가 안쓰면 입에 개운함이 진짜 달라요 양치하고 꼭해야해요 아이스가 진짜 시원해요 아주 굿
2026-07-23,A000000158539,62052925,2026.06.29,5,0,NORMAL,마일드민트 1L+150ml,A07,B04,C09,0,198.0,1,0,chlwls****,"아침에 일어나자마자
잠자기 직전에 쓰고 있는데
확실히 구취에 도움되고요
이제는 안쓰면 찝찝할 정도

매운 가글만 쓰면
얼굴이랑 눈까지 빨개지거든요 저는ㅠㅠ
마일드민트는 편안하고 깔끔해요"
2026-07-23,A000000158539,61736024,2026.06.21,5,0,NORMAL,마일드민트 1L+150ml,,,,0,198.0,1,0,irene7,"바쁠때 가글하기 편해요~ 논알콜이라 구강에 부담이 적고 마케팅을 잘해서 이 제품만 사네요 ㅎㅎ
남색컬러도 대용량 출시했으면 좋겠어요!"
2026-07-23,A000000158539,61692688,2026.06.20,5,0,NORMAL,마일드민트 1L+150ml,A03,B02,"C04,C06",0,198.0,1,0,부지런하게살자,"항상 사용하는 거라 할인할때 구매힌 상품입니다. 
안매운데 하고 나면 깔끔해서 좋습니다."
2026-07-23,A000000158539,61646389,2026.06.19,5,0,NORMAL,아이시민트 1L+150ml,A06,B04,"C01,C02",0,198.0,1,1,요구르트2,셀 수도 없이 오래전부터 수도 없이 여러 통을 매일 사용하고 있어요 하루에 세 번네 번 쓸 때도 있고 생활 필수품이에요 너무 개운하고 찜찜함이 없어서 다른 가글이랑은 차원이 달라요
2026-07-23,A000000158539,61387146,2026.06.13,5,0,NORMAL,아이시민트 1L+150ml,A03,B02,"C01,C02",0,198.0,1,0,올영뿌셔,아이시민트 너무 조아용 재구매햇어용 ㅋㅋ 앞으로도 재구매할게용
2026-07-23,A000000158539,61203190,2026.06.09,5,0,NORMAL,마일드민트 1L+150ml,A03,B01,"C01,C11",0,198.0,1,0,올영두리,우리집 가글은 언제나 테라브레스  새로 니온 클린민트도 구매하면서 쭈욱 쓰고 있는 마일드민트까지
2026-07-23,A000000158539,61081284,2026.06.07,5,0,NORMAL,마일드민트 1L+150ml,A06,B05,"C05,C06",1,198.0,0,0,뚠빵,테라브레스 왜 안사~ 다들 가글 테라브레스 쓰세요~ 안매운데 제일 개운해요
2026-07-23,A000000158539,61071327,2026.06.07,5,0,NORMAL,아이시민트 1L+150ml,A03,B05,"C01,C02",0,198.0,1,0,모래고래,자극없이 입안이 개운해져서 좋아요. 늘 쓰는 제품이라 세일할 때 샀어요
2026-07-23,A000000158539,60738496,2026.06.03,5,0,NORMAL,아이시민트 1L+150ml,,,,0,198.0,1,1,whitestar,"1L 대용량으로 오래 사용할 수 있어요!
너무 화함이 강하지 않아서 외출 전 항상 사용하고 있는 가글입니다!
아예 화한 박하향이 싫다면 초록색 마일드 향을 추천해요!"
2026-07-23,A000000158539,60736530,2026.06.03,5,0,NORMAL,아이시민트 1L+150ml,,,,0,198.0,1,0,whitestar,"1L 대량령으로 오래 사용할 수 있어요!
리스*린이나 가그* 같은 다른 가글보다 너무 매울 정도의 화함이 적어서 편안하게 사용할 수 있는 점이 제일 만족했습니아!
앞으로 가글은 계속 테라브레스만 사용할 것 같네용 ㅎㅎ"
2026-07-23,A000000229498,62530979,2026.07.08,5,0,NORMAL,쏙보습크림 50ml 1+1 기획,,,,0,66.0,1,0,leeyong****,자극없이 순하고 분사력이 좋아서 꾸준하게 구매하는 제품이예요
2026-07-23,A000000229498,62034726,2026.06.28,1,0,NORMAL,쏙보습크림 50ml 1+1 기획,,,,1,44.0,1,0,mira****,"제형은 촉촉한편이에요
피부가 뒤집어져욮ㅍ 저랑안맞느바여ㅠ"
2026-07-23,A000000229498,61855061,2026.06.24,5,0,NORMAL,쏙보습크림 50ml 1+1 기획,A05,B01,"C02,C03",2,36.0,0,0,민듀듀030,"피부가 일부 기름져서 세수를 많이 하는 편인데, 세수하고 나면 항상 얼굴이 건조해서 그 순간이 제일 곤욕이더라요. 요 크림 바르고 나면 확실히 촉촉하고 피부 당김이 없어서 만족만족입니당"
2026-07-23,A000000229498,60363804,2026.05.30,4,0,NORMAL,쏙보습크림 50ml(+15ml*2) 기획,,,,0,30.0,1,0,pem****,꾸준히 사용하는 재품입니다. 자극에 민감하고 예민한 피부라 수분크림도 너무 리치해도 트러블이 나서 쉽게 흡수되고 산뜻한 마무리감이 있는 제품을 선호하거든요. 이 제품은 수년간 사용했는데 가장 저한테 맞는 제품인거 같아요. 앞으로도 사용할겁니다. 행사 자주 해주세요
2026-07-23,A000000229498,50100193,2025.10.31,5,0,NORMAL,쏙보습크림 50ml 1+1 기획,A03,B04,"C01,C02",5,22.5,1,0,꼬북2,"향: 거의 무향에 가까웠음.
제형: 알로에가 들어가서 그런지 촉촉하고 끈적이지 않으면서 산뜻하게 발림. 시베리아보다 인기가 많은 이유를 알 것 같음. 시베리아는 좀 더 크림에 가깝지만 이 제품은 젤에 가까워서 지성도 쓰기 좋을듯. 건성은 시간이 지나면 조금 건조하다고 느낄 것 같음. 마무리로 바르기 좋음
디자인: 깔끔하고 뚜껑도 한번 쏵 돌리면 쓰르르~ 잘 닫힘.
가격: 1+1이고 세일하면 4만원 밑이라 정상가격에 사기 아까움."
2026-07-23,A000000229498,39398331,2025.04.24,5,0,NORMAL,쏙보습크림 50ml 1+1 기획,,,,2,22.5,1,0,송죽매,"이 보습크림은 처음 사용하게 되네요. 크리니크 스테디셀러 제품임에도 색조 치크팝과 립밤, 마스카라, 노란로션은 사용해 봐도 다른 크림 접한다고 이제서야 사용하는데 핑크색을 약간 띤 제형이 반투명으로 질감도 부드럽고 빠르게 얼굴에 흡수되면서 속광이 차오르는 느낌이네요.^^ 양도 제법 많아서 가성비 좋은 1+1제품입니다. 향은 예전 헤어젤 냄새가 나면서 시원하고 보습, 진정, 속광, 영양 다 잡은 보습크림이고 막이 한겹 씌어진 느낌이라 참 좋네요"
2026-07-23,A000000229498,35175024,2024.12.17,5,0,NORMAL,쏙보습크림 50ml 단품,A04,B02,"C01,C03",6,22.5,1,0,Biabu,"Không mùi chất gel loãng dễ tán trên da
Thấm nhanh không bết dính
Thoáng nhẹ trên da nhưng giữ ẩm lại cực kì cao
Phù hợp mọi loại da 
Hộp đẹp cầm chắc tay
Nhược điểm là dùng tay lấy kem nên hơi mất vệ sinh"
2026-07-23,A000000229498,25088309,2024.01.10,3,0,NORMAL,쏙보습1+1기획(2304),A02,B02,"C01,C02",3,22.5,1,0,초코딸기a,"크리니크 핑크 쏙보습크림으로 유명해서 구매해봤어요!
저는 건성인데 보습력이 크게 좋다고 느껴지진 않아서 재구매는 안 할 것 같네요🥲

💗제형
약간 묽은 타입의 연한 분홍색을 띠는 수분크림이에요. 수분감이 많이 느껴지고 유분감은 거의 없어서 건성보다는 지, 복합성인 피부타입에 더 잘 맞을 것 같아요.

💗흡수력
흡수력이 좋아서 바르고 나면 피부속까지 촉촉한 느낌이 들어서 좋아요. 끈적거림 없이 산뜻하게 마무리되고, 화장할 때 밀리지 않아서 좋아요☺️

💗보습력
수분감이 많이 느껴지고 유분감은 거의 없어서 건성보다는 지, 복합성인 피부타입에 더 잘 맞을 것 같아요. 
건성인 분들이 겨울에 사용하기엔 보습력이 약해요!

💗향
인공 향료 무첨가로 무향에 가까워서 좋아요!"
2026-07-23,A000000229498,23509849,2023.11.08,5,0,NORMAL,쏙보습1+1기획(2304),A03,B05,"C01,C03",2,22.5,1,0,곰탱v,"처음발랐을때 자극이 살짝 느껴지는데 너무 무겁지않은 수분감이  기분좋아요
피부에 처음발랐을때 촉촉함을 넘어선 질퍽시원한 느낌인데 문지를때 젤같은 제형처럼 미끌거리거든요
이건 좀 케바케일꺼같아요 지성피부  젤타입수분크림도 좋으시면 괜츈하실듯(그렇다고 젤타입은 아니지만 미끌거리는 느낌때문에요)
단점은 흡수가 좀 느리다는점"
2026-07-23,A000000229498,23486138,2023.11.08,5,0,NORMAL,핑크리치 1+1기획(2304),A02,B02,"C01,C03",1,22.5,1,0,얍얍1,"건성피부, 나잇대가 30대 이상이신 분들에게 적극적으로 추천드립니다!! ㅎㅎ 그렇다고 엄청 무거운건 아니고 촉촉한건 촉촉하게 잘 유지하고 또 보습도 잊지 않고 지켜주는 제품이에요! 대신 지성분들에게는 조금 무겁게 느껴질 수 있을것 같으니 테스트 해보고 구매하시길 추천드려요. 발림성도 매우 좋습니다. 꾸덕한 편이 아니여서 한번 퍼 얼굴에 문지르면 피부 열로 자연스럽게 녹아서 피부안으로 슉 흡수됩니다.!! 파운데이션을 바를때도 과해서 밀리거나 과유분이있어 무너지거나 하지 않았어서 좋았어요!! 대신 꼼꼼하게 균일하게 발라주는게 포인트인것 같습니다. 향도 나쁘지 않아요. 과하지 않아서 향에 민감한 분들도 잘 사용할 수 있을것 같습니다.다만 가격이 좀 있어서 ㅜㅜ 행사할때를 노려서 구매하세요!!"
2026-07-23,A000000229498,22409017,2023.09.20,4,1,OFFLINE,핑크리치 1+1기획(2304),A02,B02,"C01,C02",1,22.5,1,0,Lhye,"피부가 건조하고 당기는 느낌때문에 스킨 로션만 마르면 너무 건조해서 크림을 꼭 발라야되요.클리니크 수분크림이 유명한이유가 다 있었네요,무엇보다 수분감이 너무 좋아서 지속력도 길었습니다,바르을때 끈적이지않고 보습막을 씌우는 느낌에요 ,흡수 진짜 빨라요,속건조를 잡아준다는 느낌이 많이 들었고,적당히 바르면 밀리는거 전혀없고요. 밤에 바르면 자고나서 이참까지 유분감이아니라 촉촉한이 수분감 얼굴에 느껴졌어요,이걸로 스킨케어하고 파운데이션 발랐을때 화장이 정말 잘 먹어었습니다.피부결이 개선되어서 톤도 더 밝아진것 같은 느낌입니다.여름에도 겨울,환절기,구분없이 쓸수있는 제형에요."
2026-07-23,A000000229498,21398532,2023.08.09,4,0,NORMAL,핑크리치 1+1기획(2304),A04,B01,"C01,C02",2,22.5,1,0,댕봉이,이름에서도 느껴지듯이 보습이 잘 될것만 같은 수분크림입니다. 속건조가 생겨 고민하던 요즘 100시간 동안의 수분지속이라는 문구에 끌려 구매해보았어요 ㅎㅎ 박스안에는 사진처럼 두개가 한번에 들어있어요 50미리 용량에 원플원이라니 아끼지 않고 팍팍 사용중입니다 ㅎㅎ사용방법은 스킨케어 마지막 단계에서 충분히 바르고 수분팩으로도 사용해도 좋아요 ㅎㅎ 올리브영에서 원플원으로 하는 제품들을 한개보다 저렴한 가격에 하나를 더 얻을 수 있으니 세일기간이 요즘에 더더욱 기다려져요 설명서를 보니 100시간 동안 수분이 지속되고 무너진 피부장벽이나 수분부족한 피부 그리고 민감성 피부에 좋다고 하네요 쏙보습 크림은 지본삭성용이고 핑크리치크림은 건성용이에요 ㅎㅎ여름이기도 해서 저는 쏙보습도 나중에 구매할 예정
2026-07-23,A000000229498,21371067,2023.08.08,5,1,OFFLINE,핑크리치 1+1기획(2304),A02,B02,"C01,C02",1,22.5,1,0,Lhye,"나이가 들수록 피부가 건조하고 당기는 느낌때문에 스킨 로션만 마르면 너무 건조해서 크림을 꼭 발라야되요.클리니크 수분크림이 유명한이유가 다 있었네요,무엇보다 수분감이 너무 좋아서 지속력도 길었습니다,바르을때 끈적이지않고 보습막을 씌우는 느낌에요 ,흡수 진짜 빨라요,속건조를 잡아준다는 느낌이 많이 들었고,적당히 바르면 밀리는거 전혀없고요. 밤에 바르면 자고나서 이참까지 유분감이아니라 촉촉한이 수분감 얼굴에 느껴졌어요,이걸로 스킨케어하고 파운데이션 발랐을때 화장이 정말 잘 먹어었습니다.피부결이 개선되어서 톤도 더 밝아진것 같은 느낌입니다.여름에도 겨울,환절기,구분없이 쓸수있는 제형에요."
2026-07-23,A000000229498,21050326,2023.07.24,5,0,NORMAL,쏙보습1+1기획(2304),A03,B03,"C01,C05",1,22.5,1,0,오늘도올영,"[구매동기]
올리브영에서 꼭! 주기적으로 사고 있는 제품
1+1 행사할 때 무조건 사고 있어요.

[사용후기]
크리니크 좋다고는 알고 있었지만
1+1으로 한번 써본 후 계속 구매하고 있는 제품이에요
저는 수부지 타입으로 촉촉하고 유분이 많이 없는 제품을 선호해요. 쏙보습 크림 3통 써본 후 작성하는 후기

1. 보습: 쏙보습 크림 가을, 겨울에도 잘 사용했지만! 지금도 사용해주고 있어요. 여름에 사용해도 답답하지 않은 제품이고 보습력도 좋아서 좋아하는 제품 중 하나에요
2. 흡수: 크림들은 사용하다 보면 피부에 흡수가 잘 안 되는 경우도 있는데 이 제품은 흡수도 빠른 편인 듯 해요! 아침에 바른 후에 조금 있다 메이크업을 해주는데 밀리거나 하지 않아요!

[재구매 의사] 100%
이미 재구매이고, 계속 구매할 생각이에요
저랑 너무 잘 맞는 크림 찾아서 좋아요"
2026-07-23,A000000229498,20955825,2023.07.19,4,1,OFFLINE,쏙보습1+1기획(2304),A03,B02,"C05,C06",2,22.5,1,1,올령쳐도리,"특장점

1️⃣ 발림성
너무 끈적이지도 않고 꾸덕하지도 않고 부드럽고 수분감 많은 발림성 

2️⃣ 실키한 마무리감
끈적임 없는 실키한 마무리감이라 여름에 답답하지 않고 특히 바람불때 머리카락이 막 달라붙지 않아서 좋음 
꾸덕하고 끈적한제형의 앰플 후에 사용해도 질감이 실키하게 마무리 됨!

3️⃣쿨링감
바를때 시원한 쿨링감이 있어서 여름에 사용하기 좋고 여름이 아니더라도 피부가 많이 달아오르는 사람에게도 좋을 것 같음

단점
이름에 비해? 생각보다 속건조를 잡아주진 않아서 아쉬움 
속건조가 있다면 세럼이나 앰플을 중간에 잘 써주면 좋음"
2026-07-23,A000000229498,20778912,2023.07.11,5,0,NORMAL,쏙보습1+1기획(2304),A04,B04,"C02,C04",0,22.5,1,0,wonys,"정말정말 제 n병템입니다. 수분크림 이것저것 많이써보고있지만 결국 이아이로 돌아옵니다. 양도 많이 안발라도 발림성이 좋아서 쓱 발리는데 바르고나면 얼굴에 코팅한느낌이 듭니다. 그게흡수된후 피부만져보면 수분감이 가득해진 느낌 메이크업전에 얇게도포해주면 피부온도도 내려가면서 화장들뜸 많이 잡아줍니다. 크리니크는 개인적으로 치크팝이랑 
수분크림은 사랑이라생각합니다. 다만 여러통쓰다보면 항상 뚜껑이 잘 망가지는데 그부분좀 개선좀 ㅜ"
2026-07-23,A000000229498,20770211,2023.07.10,4,0,NORMAL,핑크리치 1+1기획(2304),A02,B02,"C01,C03",0,22.5,1,0,얍얍1,"크리니크 다른 로션이나 그런 제품들은 사용해봤는데 이 크림은 처음 사용해봤어요! 전체적으로 나쁘지 않습니다.

* 제형 : 일반 흰색 크림제형이에요! 젤처럼 주르륵 흐르지도 않고 그렇다고 겨울 영양크림처럼 꾸덕해서 스퍄츌라로 떠서 사용해야하는것도 아닌 일반 수분크림 제형이에요. 그래서 부드럽게 떠서 피부에 올려 사용하기 좋습니다. 몇번 문질 문질 하면 피부에 금방 스며드는 제형이라 피부에 자극 없이 부드럽게 사용하실 수 있어요.

* 향 : 음…큰 향은 없는것 같아요. 그래서 저는 오히려 좋았습니다. 인공적으로 좋은 향을 내려고 향료를 넣지 않았다는것 같아서 좋았어요!

* 보습감 : 나쁘지 않았어요~! 지성 분들은 여름에 무거운 스킨, 이 크림만 사용하셔도 될 것같아요. 건성분들은 로션에 이 크림 사용하면 적당할것 같습니다. 다만 건성분들은 겨울에 사용하기엔 조금 가벼울수도 있을것 같아요."
2026-07-23,A000000229498,20753158,2023.07.09,4,0,NORMAL,핑크리치 1+1기획(2304),A04,B01,"C01,C02",0,22.5,1,0,댕봉이,수분크림의 명가하면 저는 크리니크라고 생각해요 특히 분홍이수분크림이라는 애칭이 붙은 크리니크 젤 수분크림을 정말 애정해왔고 올리브영에서도 다양하게 만나볼 수 있더라구요 72시간이라는 명칭이 붙은 만큼 굉장한 호기심을 불러일 일으키기에 충분한 제품이라 생각했습니다 용량은 50미리로 넉넉하게 사용 가능한데 저는 개인적으로 좋아요 수분크림의 수분 증발을 막기 위한 플라스틱 덥개에도 크리니크 라는 브랜드 로고가 선명히 새겨져 있었어요 크림의 색상은 눈처럼 깨끗한 하얀 색상이었어요 깔끄맣고 보기 좋은 색감이죠 보습감이 탁월한데 대신에 젤타입처럼 가볍지는 않겠다 라는 저만의 생각을 했어요 가볍고 투명한 타입이에요 여름철이고 보니 아무래도 무거운 타입은 피부에 올리기 부담스럽고 사용하기에도 꺼려지곤 하는데 크리니크 제품정도의 제형이라면 무리는 없겠다는 생각이 들어요 ㅎㅎ
2026-07-23,A000000229498,20426794,2023.06.25,4,1,OFFLINE,쏙보습1+1기획(2304),A01,B02,"C02,C07",0,22.5,1,0,쏘옹카,스킨케어 마지막에 바르고 있어요. 바르면 엄청 부들부들 ~ 파리가 앉으면 미끄러질 정도 ㅋㅋ 근데 왠지 제 생각엔 약간 겉도는 느낌요. 그게 왜냐.. 좀 양을 많이 발라서 그런건지.. 트러블은 없어요. 향도 진하지 않은 거부감들지 않는 향이구요. 그래도 다쓰면 또 구매할거 같아요.
2026-07-23,A000000229498,20378886,2023.06.22,5,0,NORMAL,쏙보습1+1기획(2304),A03,B02,"C01,C02",2,22.5,1,0,꼬리별달,"💗 선물하기 좋은 크림, 크리니크 핑크크림 💗

- 사실 제 피부에는 정말 잘 안 맞지만 저를 제외한 제 주변 모든 사람들이 좋아하는 크림이에요! 진짜 선물로 주면 다들 좋아하는 크림이라 선물용으로 최강추해요🎁

- 향 ⭐️⭐️⭐️

 산뜻한 향이 나는데 저는 이 향이 좋아요! 향에 민감하신 분들도 이 정도 은은하고 산뜻한 향은 크게 싫어하지 않으실 거 같아요!

- 제형 ⭐️⭐️⭐️

진짜 신기한 제형이에요!!! 처음 발랐을 때는 진짜 촉촉한데 바르고 나서는 되게 보송보송해지는… 진짜 제형 하나는 끝내줘요😍 그리고 가장 중요한 건 끈적이지 않아요ㅎㅎ

- 자극성 ⭐️

음… 이건 민감한 피부 타입인 제가 생각하기에 조금 자극적인 거 같아요! 진짜 향도 제형도 제품력도 다 너무 좋은데 제 피부에 바르면 피부가 너무 간지러워요ㅠㅠ 민감한 피부이신 분들은 주의하셨으면 좋겠어요**😭"
2026-07-23,A000000229498,20308725,2023.06.19,5,0,NORMAL,쏙보습1+1기획(2304),A03,B02,"C01,C04",0,22.5,1,0,쪼님,"💛제형

핑크핑크한 젤타입의 가벼운 제형입니다

💛사용감

전형적인 지성이라 지금같은 날씨에 무거운 제형을 사용하면 난리나거든요 그래서 가볍게 크리하나 바르고 마무리하는데 지금 사용하기 딱 좋은 제형입니다 가벼운 제형이긴 하지만 마무리는 산뜻하고 적당한 수분감만 남아서 하나만써도 메이크업할때 괜찮았습니다

🌸향

특별한 향은 나지않습니다 무향에 가까운 향이구요 향에 예민하신분들에게 추천합니다

✨최종후기

어렸을때? 수분크림 그렇게 유행할때 종종 사용해왔었는데 잊혀져있다가 날씨가 더워지니 시원하면서 가벼운제형을 사볼까하다가 1+1세일하길래 바로 구매했습니다 역시나 사용감이 좋더라구요 저는 주로 메이크업하기전에 바르구요 저녁에 바르기엔 살짝 모자란 수분감이 모자라는것 같아서 저녁엔 안바르거나 다른제품을 추가해서 바르곤 합니다 좀 아쉬운건 스패출러가 없어요 이런 단지형태는 손으로 덜면 비위생적이라 저는 스패출러로 사용하는데 요건 없네요 그래서 전 사용하던걸로 사용하고 있습니다 
또 세일을 한다면 재구매 할려구요 잘 사용하고 있습니다~"
2026-07-23,A000000229498,20282684,2023.06.18,5,0,NORMAL,쏙보습1+1기획(2304),A04,B02,"C01,C03",4,22.5,1,0,Biabu,"Thuần dưỡng ẩm cao cấp 
Chất gel mỏng nhẹ thấm nhanh không gây nặng mặt hay nổi mụn. Dùng được cho mọi loại da
Kem thích hợp nhất dùng vào mùa hè đến mùa thu. Vì da mình khô nên mùa đông cần loại cấp ẩm tốt hơn
Nếu dùng cả sáng lẫn tối thì 1 tháng hết 1 lọ .cực kì tốn mà giá thành thì ở mức tầm trung"
2026-07-23,A000000229498,20259231,2023.06.16,5,0,NORMAL,쏙보습1+1기획(2304),,,,0,22.5,1,0,강아지가세상을구한다,"젤과 크림의 중간 제형인데 수분젤에 가까운 제형이예요.
피부에 닿으면 쿨링감도 살짝 있어요!
수분젤 중에서도 리치함이 눈에 띄게 적다는 게 크리니크 수분크림 장점이에요.

쏙 보습이라는 말 처럼 끈적임 없이 피부에 빠르게 흡수되더라구요. 환절기부터 시작되는 속 당김을 조금씩 줄여주는 수분 보호막 역할은 잘 해주더라구요! 끈적임이라고는 전혀 느껴지지 않는 제형이라 펴 바르면 촉촉한 수분감이 많이 느껴졌어요."
2026-07-23,A000000229498,19943039,2023.06.04,4,0,NORMAL,쏙보습1+1기획(2304),A02,B03,"C01,C02",18,22.5,1,0,으또잉,"발림성이 정말 부드러워서 놀란 제품이에요
제형은 수분 그자체인 수분크림 제형인데
발림성은 아주 미끌미끌 부드러워서 크림이 아니라 부드러운 생크림 바르는 느낌이에요 
제형 자체가 가볍지 않아서 아침에 메이크업전에 사용 하면 밀릴거 같더라구요 저녁에 한번씩 팩처럼 도톰하게 발라주고 있어요 건조할때 수분을 가득 채워 주는 느낌입니다"
2026-07-23,A000000229498,19741950,2023.05.29,5,0,NORMAL,쏙보습1+1기획(2304),A02,B01,"C03,C10",0,22.5,1,0,2pro,"분홍수분크림. 
두말하면 잔소리 ㅋㅋ 10년이상 꾸준하게 사용하고 있어요. 여름엔 특히 가벼운 젤리타입 수분크림이라 사용감이 산뜻해서 딱이고요. 사계절 다 사용하기도 무난합니다. 

올영에서 1+1 행사가 이젠 뭐 거의 정기적으로 하고있어서 당연한거 처럼 되어버렸는데. 감사하죠 ㅋㅋ
크림종류 좋아해서 이것저것 많이 바르는데 요 분홍이 제픔은 항상 쟁여놔요. 딴 거 쓰다가도 돌아오고 자극없이 순해서 언제라도 쓰기 좋습니다. 
비슷한 제형의 수분크림이 넘나 많은데 크리니크만의 산뜻함. 바르면 즉각 수분흡수되서 피부가 탱탱하게 차오르는 느낌은 따라올 수 없는거 같아요. 스테디셀러는 다 이유가 있는거죠. 
향의 거의 없고 크리니크 특유의 연한 화장품향이 있는데 거슬림 없어서 무향이라고 봐도 될듯. 유통기한 2025까지 넉넉합니다."
2026-07-23,A000000229498,19575376,2023.05.20,5,0,NORMAL,쏙보습1+1기획(2304),A03,B02,"C01,C02",3,22.5,1,0,꼬리별달,"💗 선물하기 좋은 크림, 크리니크 핑크크림 💗

- 사실 제 피부에는 정말 잘 안 맞지만 저를 제외한 제 주변 모든 사람들이 좋아하는 크림이에요! 진짜 선물로 주면 다들 좋아하는 크림이라 선물용으로 최강추해요🎁

- 향 ⭐️⭐️⭐️

 산뜻한 향이 나는데 저는 이 향이 좋아요! 향에 민감하신 분들도 이 정도 은은하고 산뜻한 향은 크게 싫어하지 않으실 거 같아요!

- 제형 ⭐️⭐️⭐️

진짜 신기한 제형이에요!!! 처음 발랐을 때는 진짜 촉촉한데 바르고 나서는 되게 보송보송해지는… 진짜 제형 하나는 끝내줘요😍 그리고 가장 중요한 건 끈적이지 않아요ㅎㅎ

- 자극성 ⭐️

음… 이건 민감한 피부 타입인 제가 생각하기에 조금 자극적인 거 같아요! 진짜 향도 제형도 제품력도 다 너무 좋은데 제 피부에 바르면 피부가 너무 간지러워요ㅠㅠ 민감한 피부이신 분들은 주의하셨으면 좋겠어요**😭"
2026-07-23,A000000229498,19481617,2023.05.14,5,0,NORMAL,쏙보습1+1기획(2304),,,,0,22.5,1,0,강아지가세상을구한다,"젤 제형은 금방 날아가는 느낌인데 크리니크 수분크림은 수분막을 형성해 수분이 빠져가지 않게 쫀쫀하게 밀착되고 시간이 지나도 피부가 촉촉한 느낌이 들었어요!
끈적임이 거의 없고 번들거리지 않아서 지성피부나 수부지  피부에도 너무 좋을 것 같야요."
2026-07-23,A000000229498,19347466,2023.05.08,5,1,OFFLINE,쏙보습1+1기획(2304),A03,B02,"C01,C06",2,22.5,1,0,파란색청바지입니다,"예전에 한 번 사용하고 너무 만족했던 제품인데
학생 신분으로는 가격이 좀 부담스러워서 직장인이 되고 난 지금에서야 다시 구매하고 사용하는 중입니다 🥹

발림성 가볍고 촉촉하게 마무리 되는 것 까지 이 크림에서 놓친 것은 하나도 없다고 생각해요ㅠ
게다가 예전에도 1+1 기획으로 구매했던거라 2통을 모두 사용해보니 항상 스트레스였던 얼굴의 좁쌀 여드름도 많이 사라진 걸 볼 수 있었어요!!

그만큼 속보습을 잘 채워준다는거겠죠?
참고로 저는 복합성이고 땀이 많은 체질이라 여름 뿐만 아니라 겨울에도 무겁게 발리는 크림은 딱 질색인 사람입니다!!
그만큼 정말 가볍게 사용할 수 있어요 :)"
2026-07-23,A000000229498,18714830,2023.04.05,5,0,NORMAL,쏙보습1+1기획(2304),A06,B04,"C01,C05",0,22.5,1,0,뽀시뽀시,"원플원 해서 구입했어요!! 
요즘 봄이라서 그런지 너무 피부에 뭔가가 잘 안먹는 느낌이 너무 많이들어서. 
요건 샘플을 몇번 사용하고 좋았던 기억이 떠올라서 올봄은 요걸로 피부에 물을 주자 해서 구입했답니다. 
무엇보다 여드름 피부인 저에게도 부담이 없는 끈적임이여서
아주 좋습니다. 
자기전에 듬뿍 바르고 자면 담날 진짜 피부가 맨들맨들해서 
좋아지는게 느껴지거든요. 
올봄은 요걸로 피부에 보습을 주겠어요!!
사용기한도 넉넉합니다~"
2026-07-23,A000000229498,14443790,2022.08.20,4,0,NORMAL,쏙보습크림 50ml 단품,A02,B06,"C01,C02",2,22.5,1,0,말랑코덕,"🌟🌸 크리니크  수분크림 🌸🌟  (쏙보습 50ml  기획 사용 후기 입니당!!!🥺🌿🧚

🌟🌸 사용 계기: 그전에 쓰던 수분크림도 다 떨어지고 새로운 크림으로 바꾸려고 알아보던 중 마침 크리니크 세일 행사를 해서 워낙 수분 크림 계열에서 유명한 브랜드인데 가격대가 비싸서 못 써보다기 이번 기회에 구매하게 되었습니당!🥺

🌟🎀 사용감 및 장점: 처음 뜯어 보자마자 바로 얼굴에 발라봤는데 엄청 부드럽고 촉촉하네요! 다른 수분 제품들이랑은 다르게 차원이 다른 부드러움 이랄까요?! 오 뭔가 다른 부드러움에 흡수력도 좋고 찝찝하거나 오일리한 느낌이 아닌 산뜻하게 기분좋게 발리는 촉촉함이에요:) 색도 예쁜 핑크색에 생각했던 것보다 케이스가 좀 작았지만 원플원이라 만족했어요:) 수분 크림 유목민이였눈데 살포시 정착할 거 같아요🥺 당기지도 않고 유분도 없어서 제 피부가 건조한 편인데 보습도 잘 되어서 좋네요😊✨"
2026-07-23,A000000248048,62971512,2026.07.18,5,0,NORMAL, ,A03,B01,"C03,C05",2,3240.0,1,0,콩이는콩이,"보통 기미잡티 케어 제품은 잔여감이 좀 끈적해서 여름엔 살짝 부담스러운 면이 있는데 이건 겔시트 형태고, 원하는 부위에만 붙이면 돼서 사용감이 훨씬 쾌적해요. 
냉장고에 시원하게 보관했다가 눈 밑 색소 침착 부위에 올려두고 휴대폰 좀 하다 떼어내면 잔주름은 펴져 있고 안색도 밝아보여요."
2026-07-23,A000000248048,62871619,2026.07.16,5,1,GIFT, ,A03,B03,"C01,C05",2,3240.0,1,0,유일미,"❗️마녀공장 글루타치온 7 다크스팟 세럼 패치 후기❗️
기미와 잡티가 신경 쓰여서 피부 고민 부위를 집중적으로 관리할 수 있는 제품을 찾다가 사용해 봤는데, 생각보다 만족도가 정말 높았어요. 얼굴 전체에 붙이는 팩이 아니라 필요한 부위에만 사용할 수 있어서 훨씬 간편하고, 바쁜 날에도 부담 없이 관리하기 좋았습니다.

패치를 붙였을 때 피부에 착 밀착되는 느낌이 좋았고, 하이드로겔 타입이라 시간이 지나도 쉽게 떨어지거나 들뜨지 않았어요. 움직이면서도 잘 붙어 있어서 집에서 휴식할 때뿐만 아니라 일상생활 중에도 편하게 사용할 수 있었습니다.

에센스가 충분히 머금어져 있어 붙이는 동안 피부가 촉촉하게 유지되고, 떼어낸 후에도 남아 있는 에센스를 얼굴 전체와 목까지 펴 바를 수 있어서 더욱 알차게 느껴졌어요. 사용 후에는 피부가 수분을 머금은 듯 부드럽고 매끈하게 정돈되는 느낌이 들었습니다.

특히 냉장고에 넣어두었다가 사용하면 시원한 쿨링감이 더해져 피부가 편안해지는 느낌이라 더욱 만족스러웠어요. 햇빛을 많이 받은 날이나 피부 컨디션이 떨어졌을 때 사용하면 기분까지 좋아지는 아이템입니다.

꾸준히 사용하면서 느낀 점은 피부가 칙칙해 보일 때 간편하게 관리해 줄 수 있다는 점이 가장 큰 장점이었어요. 한 번 사용한다고 눈에 띄는 변화가 생기는 제품이라기보다는, 매일 꾸준히 관리하면서 피부를 더욱 맑고 촉촉하게 가꿔주는 제품이라고 느꼈습니다.

기미와 잡티가 고민이거나 중요한 날 전 피부 컨디션을 관리하고 싶은 분, 번거로운 마스크팩보다 간편한 집중 케어 제품을 찾는 분들에게 추천하고 싶어요. 밀착력과 촉촉함, 편리한 사용감까지 모두 만족스러워 앞으로도 꾸준히 사용하고 싶은 제품입니다."
2026-07-23,A000000248048,62548559,2026.07.09,4,0,NORMAL, ,A01,B03,"C01,C02",0,1350.0,1,0,iuudiw88,"겔 형태라서 정말 자극 없이 사용하기 좋습니당
겔형태인데도 액체도 많이 들어있어서 뭔가 기분도 좋고요 
하트모양 4개가 모여서 만들어진 네잎클로버 모양이어서 뭔가 더 기분도 좋고 보기도 좋아요
근데 필요한 만큼만 사용 가능하다고 얘기하는데 네잎클로버처럼 하트모양 4개가 연결된 형태인데 손으로 떼어내서 사용해야해서 필요한 만큼만 사용하기에는 쉽지가 않습니다

그리고 다크 스팟 패치여서 다크서클 부위에 붙이고 싶은데 모양 특성상 다크에 안착 및 밀착시키기는 힘들어요!

그래도 다크서클에 붙일 게 아니시라면 오히려 기분 좋고 그러실 수도!!

아 뚜껑 안쪽에 흰색 커버 뚜껑이 있고 스파츌라가 내장형에 크기도 큰 건 정말 맘에 들어요"
2026-07-23,A000000248048,62083571,2026.06.30,3,0,NORMAL, ,A06,B05,"C06,C07",1,756.0,1,0,엘사0979,그냥 마음편하라고 쓰긴하는데..유투브에 낚인거같기도하고... 있는 화장품이나 잘쓰자..
2026-07-23,A000000248048,62853621,2026.07.15,5,0,NORMAL, ,A03,B03,"C03,C06",0,594.0,1,0,Hyunjuly,"잘라서 쓸수 있어서 좋아요! 
미간이랑 팔자 주름 나눠서 사용할수 있어요!"
2026-07-23,A000000248048,62620230,2026.07.10,5,0,NORMAL, ,A03,B05,"C01,C04",0,495.0,1,0,짤랑짤랑입니다,조아요 스팟같은데다가 뜯어서 붙일 수 잇어 유용해요! 굿굿입니당
2026-07-23,A000000248048,61085705,2026.06.07,5,0,NORMAL, ,A03,B02,"C02,C03",0,450.0,1,0,v브영2v,"마녀공장 글루타치온 다크스팟세럼패치 구매했어요! 30매들어있는 제품으로 나눠서 사용가능해서 좋아요~
계속 장바구니에 넣어놨다가 오특 떴을때 구매했네요~

나이아신아마이드, 글루타치온 등 성분 좋고 미백에 직빵으로 도움준다는 얘기가 많더라구요. 
귀여운 네잎크로바 모양에 하트모양으로 분리되요. 기미 잡티 많은 볼에 사용하려고 합니다.리뷰가 워낙 좋아서 구매해봤어요. 구매 추천드립니다~! 귀염 졸귀 뽀작해요~"
2026-07-23,A000000248048,62779329,2026.07.14,5,0,NORMAL, ,A03,B02,C01,0,396.0,1,0,홍시뚱,집중관리용으로 매일사용중 기미잡티 옅어지고 여름인데도 진해지지 않아 관리용으로 만족중이에요.
2026-07-23,A000000248048,62704732,2026.07.12,5,0,NORMAL, ,A03,B04,"C02,C03",0,396.0,1,0,향913,눈밑에 다크서클쪽에 주로 사용하고 있는데 30분 이상은 기다려야 투명해줘요 그리고 기분탓인진 모르겠는데 이거 붙이고 나면 눈가가 좀 건조하고 뻑뻑해집니다 대신 좀 밝아진거같기도? 스푼은 넘 지저분해져요 ㅜㅜㅋㅋ
2026-07-23,A000000248048,61805890,2026.06.23,5,0,NORMAL, ,A04,B03,"C05,C08",0,396.0,1,0,코코몽66,피부에 잘 밀착되고 부착부위에 수분감도 좋고 톤도 밝아져서 좋습니다.
2026-07-23,A000000248048,61514827,2026.06.16,5,0,NORMAL, ,A04,B01,"C01,C03",0,378.0,1,0,피이비이,밀착력이 좋아 필요한 부위에 간편하게 사용할 수 있어요. 사용 후 피부가 촉촉해지고 환해 보이는 느낌이 들어 만족스러웠어요!
2026-07-23,A000000248048,63120286,2026.07.21,3,0,NORMAL, ,A03,B03,"C01,C04",0,360.0,0,0,윤솜,"ㅜ 클로버 모양 귀얍고 뜯어쓸 수 잇길래 사봣는데 아쉽템,,

1. 붙이고 떼어내면 에센스가 때처럼 밀림,,
끈적거리고 ,, 약간 막감이 있음 ㅜㅡㅜ

2. 클로버 모양이 단단한 게 아니라 연결부가 진짜 아슬아슬하게 점 정도로만 붙어있어서 온전하게 붙이기 힘듦
하트 4개로 자꾸 갈라져버림 •••"
2026-07-23,A000000248048,62585264,2026.07.10,5,0,NORMAL, ,,,,0,270.0,1,0,simkm,"뚜껑 안쪽에 위생 커버가 따로 있고, 크기가 넉넉한 스파츌라가 내장되어 있어 사용할 때 위생적이고 편리했어요. 패치는 겔 타입이라 자극 없이 부드럽게 밀착되며, 에센스도 충분히 머금고 있어 촉촉한 사용감을 느낄 수 있었습니다. 하트 4개가 모여 네잎클로버 모양을 이루는 디자인이라 보기에도 귀엽고 사용할 때 기분까지 좋아졌어요. 다만 하트가 서로 연결된 형태라 필요한 개수만 깔끔하게 떼어 사용하는 것은 조금 어려웠고, 다크 스팟 패치이지만 모양 특성상 다크서클 부위에는 밀착이 쉽지 않아 볼이나 이마처럼 평평한 부위에 사용하는 것이 더 잘 맞는 느낌이었습니다."
2026-07-23,A000000248048,61421771,2026.06.14,5,0,NORMAL, ,A02,,,0,270.0,1,0,두근대는두더지,"눈가가 착색이 심해서 제일 신경쓰는 부위인데 딱 맞는 제품이라 망설임없이 구매했어요!
다크서클이랑 기미 둘다 효과 좋을거같은데 열심히 써보겠습니당
일단 겔패치가 시원하고 말랑쫀득해서 만지는데 좋은 느낌을 줘요 ㅎㅎㅎ
하트모양이 귀엽기도해서 붙일때마다 기분이 좋네요&gt;&lt;"
2026-07-23,A000000248048,63172179,2026.07.23,5,0,NORMAL, ,,,,0,240.0,0,0,gabriela,"하트 모양의 패치 모양이 너무 귀엽습니당
하트패치 4개가 붙어있어서 그 상태로 넓게 붙일 수 있고 1개로 잘라 좁은 부위에 올리기도 좋아요

붙였다 떼어내자마자 환해졌다! 이거는 못 느꼈어요
30분 간 붙인 곳과 안 붙인 곳의 차이가 딱히 없거든요
근데 며칠 지나면 훅 밝아져있어요

잘 떨어지지도 않아서 아무 생각 없이 붙여놓고 이것저것하기도 좋습니당"
2026-07-23,A000000248048,61532537,2026.06.16,5,0,NORMAL, ,A02,B04,C08,0,225.0,1,0,누리레느,겔마스크같은 느낌이라서 그냥 통안에 제품만 있을 줄 알았는데 에센스가 가득 들어있어서 놀랐어요! 다크서클에 붙일 패치 찾으면서 미백 기능성 있는 패치들 여러개 전성분 비교했는데 이 제품이 제일 괜찮아보여서 구매했어요! 눈밑에 붙일 때는 스킨케어 너무 많이하고 붙이면 흘러내려서 불편하더라구요 기본만 하고 약간 마르고 나서 붙어야 밀착이 잘 됩니다! 한장 반 찢어서 다크 부위에 붙이고 있는데 30장으로 60번 사용 가능해서 가성비 좋은 것 같아요!
2026-07-23,A000000248048,61246826,2026.06.10,5,0,NORMAL, ,,,,0,198.0,1,0,올영브이아이피,좋아지는 지는 모르겠지만 일단 꾸준히 써보고 있어요 3일째인데 좀 더 꾸준히 쓰면 좋아지겠죠 ?.. 착 잘 달라붙어있어서 편해요
2026-07-23,A000000248048,60354617,2026.05.30,4,0,NORMAL, ,A03,B01,"C01,C02",2,198.0,1,0,뇽량,7일잡티개선이라되어있긴하지만 흠 그냥 일반 부분팩 생각하심이
2026-07-23,A000000248048,60333208,2026.05.29,5,0,NORMAL, ,A07,B04,"C01,C02",1,198.0,1,0,삥쿠더쿠,"패드 하나 가지고 사등분해서 사용할 수 있기 때문에 너무나 가성비가 좋은 것 같습니다. 저처럼 눈가근처에 군데군데 기미, 주근깨 때문에 고민이신 분들이라면 적극 추천하고 싶은 미백 젤 패드예요"
2026-07-23,A000000248048,60182169,2026.05.26,5,0,NORMAL, ,A04,B01,"C05,C08",0,198.0,1,0,쿨리리,자극 없고 너무너무 좋아서 진짜 잘 쓰고 있어요  추천합니다!!
2026-07-23,A000000248048,58442535,2026.04.16,5,0,NORMAL, ,A03,B02,"C01,C07",0,180.0,1,0,김선영81,"솔직히 처음에는 반신반의 상태로 사용했는데, 마녀공장 글루타치온 패치는 생각보다 사용 방식이 특이해서 기억에 남는 제품이었고, 특히 그냥 바르는 앰플이 아니라 잡티 있는 부분에 딱 붙여놓고 기다리는 방식이라 관리한다는 느낌이 확실히 들었습니다. 처음 붙였을 때는 그냥 젤리 같은 패치인데 시간이 지나면서 점점 얇아지고 투명해지니까 흡수되는 건가싶은 느낌이 들고, 떼고 나면 그 부분이 살짝 촉촉하고 정돈된 느낌이 있습니다.
효과는 기대했던 것처럼 드라마틱하게 “잡티가 사라진다” 이런 건 아니고, 한 일주일 정도 썼을 때는 사실 큰 차이는 못 느꼈고 그냥 피부톤이 조금 덜 칙칙해 보이는 정도였는데, 2~3주 정도 꾸준히 쓰니까 확실히 잡티 주변이 조금 흐려지고 피부가 균일해 보이는 느낌은 있었습니다. 특히 화장할 때 톤이 덜 얼룩져 보이는 게 체감이 됐고, 완전히 없어지진 않아도 “연해졌다”는 느낌은 분명 있습니다."
2026-07-23,A000000248048,61694999,2026.06.20,5,0,NORMAL, ,A01,B01,"C01,C02",0,165.0,1,0,피카츄의자유,마녀공장 제품 브랜드 관심이 많아서 구입 해봤어요. 예방하려고 구입 해봤어요 효과는 잘 모르겠지만 안 하는 거보다 낫겠죠
2026-07-23,A000000248048,61572353,2026.06.17,5,0,NORMAL, ,A03,B02,"C02,C03",0,165.0,1,0,l5v2lhj,"작은 부위는 뜯어서 사용할 수 있어서 좋아요~
저녁마다 꾸준히 사용중입니다^^"
2026-07-23,A000000248048,62789598,2026.07.14,5,0,NORMAL, ,,,,0,135.0,0,0,땅돌이,"한통 다 썼어요, 여름철에 볼쪽 주근깨 잡티 등이 많이 진해지고 생겨나는데 꾸준히 써주니 그것들이 꽤나 옅어지는 것 같아요! 양볼에 두개씩 써줬는데 앰플도 넉넉하게 들어있어서 다 사용할 때 까지 마르지 않고 촉촉했고, 겔타입이라 흘러내림 없이 집안일하면서 붙여주기도 좋았습니다! 재구매의사 완전 있습니다"
2026-07-23,A000000248048,62054392,2026.06.29,5,1,GIFT, ,,,,0,132.0,1,0,지니지미,"성분도 순하고 나눠서 사용하기에도 좋았어요
다크스팟 세럼 패치로 사용할 곳에 붙이기 편하고 마음에 들어요. 사용후 피부에 자극이나 트러블없이 사용할수 있어서 좋아요. 잘 사용할게요~~"
2026-07-23,A000000248048,62001809,2026.06.28,5,1,GIFT, ,,,,0,132.0,1,1,지미니사랑해,"마녀공장 신제품 글루타치온 7 다크스팟 세럼 패치
흔적케어 기미케어 할려고 구매했어요
행사기간이라 조금 저렴하게 구매해서 좋아요
잘 사용하고 또 구매할게요^^"
2026-07-23,A000000248048,61850813,2026.06.24,4,1,GIFT, ,,,,0,132.0,1,0,지미니사랑해,"마녀공장 신제품 글루타치온 7 다크스팟 세럼 패치
흔적케어 기미케어 할려고 구매했어요
행사기간이라 조금 저렴하게 구매해서 좋아요
잘 사용하고 또 구매할게요^^"
2026-07-23,A000000248048,61787834,2026.06.22,5,0,NORMAL, ,A06,B02,"C05,C08",0,132.0,1,1,가류,잘 때 붙이고 자요! 갓 생긴 여드름 흔적에 붙이면 평소보다 빨리 옅어져요
2026-07-23,A000000248048,61285699,2026.06.11,5,0,NORMAL, ,A02,B03,"C01,C02",0,132.0,1,0,담담ㅁ,별 생각 없이 뚜껑 열어서 편하게 쓰기 좋고 귀여워서 너무 마음에 들어요❤️
2026-07-23,A000000248048,61182935,2026.06.09,5,0,NORMAL, ,A02,,"C02,C06",0,132.0,1,0,탱구남덕,눈가 다크서클이 넘 고민인데 유튜버가 추천해주셔서 믿고 써보려고 합니다
2026-07-23,A000000217620,62087081,2026.06.30,5,1,OFFLINE, 티트리 진정수분 1매,A06,B03,C03,19,6156.0,0,0,졸구탱,순도 99프로 티트리 함유라 즉각 진정되서 좋아요 ~~!!
2026-07-23,A000000217620,63039348,2026.07.20,5,0,NORMAL,마데카소사이드 흔적리페어 1매,A01,B02,"C01,C05",6,5400.0,1,1,몽캔디,"⏰
이러나 저러나 마음의 고향과 같은 메디힐의 에센셜 마스크팩
마데카소사이드 흔적 리페어랍니다

최근에는 장시간 붙여두는 겔마스크에 빠져있었는데,
갑작스러운 피부염이 올라와서 중단하게 되었거든요
뭔가 피부위를 장시간 덮어두는 게 자극적일 거라 판단해서
그 시기에는 겔마스크보다 일반 시트팩을 급하게 구매해서
붙여주며 진정에 힘썼던 것 같아요

흐르지 않도록 적당히 에센스가 머금어져 있는 시트와,
부드럽지만 컨트롤 하기에 어렵지 않은 두께감
제품을 떼어낸 뒤에는 남은 에센스를 흡수 시켜주며 추가로
세럼이나 크림을 더하지 않아도 되는 요즘입니다"
2026-07-23,A000000217620,62792340,2026.07.14,5,1,OFFLINE,비타민씨 잡티토닝 1매,A03,B01,"C03,C09",4,3510.0,1,0,영화로운,"팩 하고나서 남는 에센스는 바디 에센스용으로 바로!
에센스양 적당함!
뭘 골라도 다 비슷한 느낌!
세라마이드 팩은 에센스가 흰색이고 꾸덕해요 ㅎㅎ
Pdrn 팩은 에센스가 좀 더 콧물 제형 ㅎㅎ
후기가 도움이 됐다면 [도움이 돼요]👍 눌러주시면 감사합니다🧡❤️❤️"
2026-07-23,A000000217620,62080541,2026.06.30,5,1,OFFLINE,콜라겐 코어탄력 1매,A03,B01,"C06,C09",10,3276.0,0,0,튠식2,메디힐 에센셜 마스크팩 콜라겐 코어탄력 마스크팩이라 촉촉하고 좋아요
2026-07-23,A000000217620,62080479,2026.06.30,5,1,OFFLINE, 티트리 진정수분 1매,A03,B01,"C06,C09",10,3276.0,0,0,튠식2,메디힐 에센셜 마스크팩 티트리 진정수분 마스크팩이라 진정케어로 사용해요
2026-07-23,A000000217620,61604794,2026.06.18,5,1,OFFLINE,비타민씨 잡티토닝 1매,A06,B03,C03,21,3078.0,1,0,졸구탱,각종 잡티와 칙칙한 피부톤을 고르게 밝히고 수분을 채워주서 좋아요~~
2026-07-23,A000000217620,62370660,2026.07.05,5,0,NORMAL,히알루론산 고밀도 수분 1매,A01,B01,"C03,C04",9,2700.0,1,1,올리뷰과몰입,"역시 유명한 건 이유가 있나 봄 ㅋㅋ 
지성 피부라 너무 꾸덕한 팩은 부담스러운데
이건 에센스가 딱 깔끔하게 수분만 채워주는 느낌이라 
너무 좋았음

시트가 진짜 부드러워서 얼굴에 올렸을 때
자극이 하나도 없음 한 달 동안 매일 저녁마다
팩 붙이고 있었는데 트러블 하나 안 올라오고
피부가 엄청 순하게 진정되는 느낌임 ㅋㅋ 

무엇보다 팩 하고 나면 속건조가 싹 잡힘

에센스 양도 적당해서 끈적임 없이 딱 좋고 마무리감이 산뜻해서 여름에도 쓰기 너무 괜찮음
왜 다들 이거 쟁여두고 쓰는지 완전 이해했음

앞으로 내 수분 충전은 무조건 이거임 재구매 의사 200퍼센트임 고민하는 사람들은 믿고 한번 써보길 추천함"
2026-07-23,A000000217620,60453390,2026.05.31,5,1,OFFLINE, 티트리 진정수분 1매,A06,B03,C03,30,2358.0,1,0,졸구탱,메디힐 에센셜 마스크팩 티트리 진정수분 피부진정되고 좋아요
2026-07-23,A000000217620,62892515,2026.07.16,5,0,NORMAL,마데카소사이드 흔적리페어 1매,A03,B01,"C03,C05",2,2232.0,1,1,로블록스중독,트러블  예방 +  트러블 흔적 모두에 효과 있어서  미리미리 사두고 일주일에  5번 정도는  해주는 팩입니다. 다음날 피부 진정도  있고  매끈함도 있어 좋아하는 마스팩입니다.  인기많은 팩입니다♡
2026-07-23,A000000217620,62866446,2026.07.16,5,0,NORMAL, 티트리 진정수분 1매,,,,3,2232.0,0,1,무무럽럽럽,"트러블 올라오거나 피부 예민할 때 무난하게 붙이기 가장 좋아요.
에센스 양도 넉넉하고 시트가 얇아서 밀착력도 꽤 마음에 듭니다.
세일할 때마다 일단 쟁여두는 정착템이라 이번에도 잘 샀어요."
2026-07-23,A000000217620,62866443,2026.07.16,5,1,OFFLINE, 티트리 진정수분 1매,,,,3,2232.0,0,1,무무럽럽럽,"트러블 올라오거나 피부 예민할 때 무난하게 붙이기 가장 좋아요.
에센스 양도 넉넉하고 시트가 얇아서 밀착력도 꽤 마음에 듭니다.
세일할 때마다 일단 쟁여두는 정착템이라 이번에도 잘 샀어요."
2026-07-23,A000000217620,62792022,2026.07.14,5,0,NORMAL,히알루론산 고밀도 수분 1매,A03,B01,"C03,C09",2,2214.0,1,1,영화로운,"종류대로 다 써봤는데 다 비슷해요 ㅎㅎ
뭘 고를지 너무 고민하지 않아도 될듯요 ㅎㅎ
주로 그때그때 할인하는 팩으로 골라써요 ㅎㅎ
후기가 도움이 됐다면 [도움이 돼요]👍 눌러주시면 감사합니다💕💕"
2026-07-23,A000000217620,60453946,2026.05.31,5,1,OFFLINE,마데카소사이드 흔적리페어 1매,A06,B03,C03,31,2178.0,0,0,졸구탱,메디힐 에센셜 마스크팩 마데카소사이드 흔적리페어 흔적케어에 좋아요
2026-07-23,A000000217620,60454015,2026.05.31,5,1,OFFLINE,콜라겐 코어탄력 1매,A06,B03,C03,30,1998.0,0,0,졸구탱,메디힐 에센셜 마스크팩 콜라겐 코어탄력 촉촉하니 좋이요 ~~!
2026-07-23,A000000217620,62834816,2026.07.15,5,1,OFFLINE,마데카소사이드 흔적리페어 1매,A03,B03,"C01,C05",1,1890.0,1,0,진하다,"메디힐 제품은 항상 올영가면 마스크팩 코너에 가장 많이 제품도 다양하게 자리잡고 있고!
무엇보다 마스크팩이 눈에 정말 잘 띈다고나 할가여?

개강 천원이라 부담없이 사재낄 수 있음!
내 피부고민에 맞게 골라서 사용할 수 있어서
매일매일 1일 1팩하기에 최고🩷💚"
2026-07-23,A000000217620,62038659,2026.06.29,5,1,OFFLINE,비타민씨 잡티토닝 1매,A01,B05,"C01,C05",7,1836.0,1,0,디오니소스통,저렴한 값에 마스크팩 하기 좋아요 에센스도 넉넉하게 들어 있어 가지고 절대 저렴 한 거 티 안나요 여행 가서도 막 쓰기 좋습니다
2026-07-23,A000000217620,62038648,2026.06.29,5,1,OFFLINE,콜라겐 코어탄력 1매,A01,B05,"C01,C05",7,1836.0,1,0,디오니소스통,저렴한 값에 마스크팩 하기 좋아요 에센스도 넉넉하게 들어 있어 가지고 절대 저렴 한 거 티 안나요 여행 가서도 막 쓰기 좋습니다
2026-07-23,A000000217620,62038563,2026.06.29,5,1,OFFLINE,마데카소사이드 흔적리페어 1매,A01,B05,"C01,C05",7,1836.0,1,0,디오니소스통,저렴한 값에 마스크팩 하기 좋아요 에센스도 넉넉하게 들어 있어 가지고 절대 저렴 한 거 티 안나요 여행 가서도 막 쓰기 좋습니다
2026-07-23,A000000217620,60443980,2026.05.31,5,1,OFFLINE,콜라겐 코어탄력 1매,A03,B01,"C06,C09",20,1818.0,1,0,튠식2,"메디힐 에센셜 마스크팩 
콜라겐 코어탄력 촉촉하니 좋아요 ~"
2026-07-23,A000000217620,60443975,2026.05.31,5,1,OFFLINE, 티트리 진정수분 1매,A03,B01,"C06,C09",20,1818.0,1,0,튠식2,"메디힐 에센셜 마스크팩 
티트리 진정수분이라 진정에 좋으요 ~"
2026-07-23,A000000217620,63194514,2026.07.23,5,0,NORMAL,콜라겐 코어탄력 1매,,,,0,1800.0,1,1,mini101,"​믿고 쓰는 메디힐 마스크팩인데 콜라겐 타입은 피로하고 지친 피부에 탄력을 채워주는 느낌이 확실히 들어요!
시트가 피부에 착 붙어서 에센스가 겉돌지 않고 흡수가 아주 잘 됩니다. 
떼어내고 나면 피부가 쫀득해지고 속건조도 깔끔하게 잡아주네요. 중요한 날 전날 밤이나 피부 탄력 케어가 필요할 때 한 장씩 붙이기 정말 좋습니다!"
2026-07-23,A000000217620,63183480,2026.07.23,5,1,OFFLINE, ,A04,B04,"C01,C02",0,1800.0,1,0,쭈꾸미미미,"요즘 날씨가 너무 덥잖아요🥹 그래서 그런지 피부도 금방 달아오르고 푸석푸석해져서 진정 세럼 찾다가 션리 다시마 그리너리 세럼 써봤어요💚

100% 청정 완도 다시마를 담은 수분 진정 세럼이라 그런지 바르는 순간 촉촉함이 확 느껴지더라고요! 제형도 묽은 세럼 타입이라 부드럽게 발리고 흡수도 엄청 빨라요✨ 끈적임이 없어서 아침에 메이크업 전에 발라도 부담 없었어요ㅎㅎ

특히 햇빛 많이 본 날 바르면 피부가 편안해지는 느낌이라 요즘 손이 제일 자주 가는 세럼이에요😊 며칠 꾸준히 사용했더니 푸석했던 피부결도 한결 매끈해지고 은은한 윤기가 돌아서 피부가 좋아 보이더라고요! 속건조도 덜 느껴져서 만족 중💦

여름철 햇빛이나 외부 자극 때문에 피부가 예민해질 때 가볍게 바르기 좋은 데일리 세럼으로 추천해요💚"
2026-07-23,A000000217620,63057673,2026.07.20,5,0,NORMAL,마데카소사이드 흔적리페어 1매,A03,B03,"C01,C08",0,1800.0,1,0,G0D,"🎀피부타입: 수부지/민감피부/봄브라이트/겨울비비드

🎀솔직후기
오랜만에 구매해봤어요 이번에 부산 여행 가게돼서 날도 덥고 오랜만에 구매해서 가져갔는데 역시나 좋더라고요
밀착력이 좋아서 붙이기도 편하고 에센스 양도 많아서 촉촉해요 무엇보다도 진정효과가 뛰어나서 요즘같은 더운 날에 진정시키기 좋더라고요
가격도 저렴해서 자주 사용하기 너무 좋아요 자극도 없어서 민감성 피부도 사용하기 좋을거 같아요
사용 후에는 크림으로 마무리 했어요 지성 피부는 추후 단계가 필요 없을거 같긴한데 건성 피부나 수부지 피부는 추후 단계가 조금 필요할거 같긴해요 산뜻한 마무리감 입니다"
2026-07-23,A000000217620,63019490,2026.07.19,5,1,OFFLINE,마데카소사이드 흔적리페어 1매,A02,B03,"C01,C04",0,1800.0,1,0,올리뷰,"다른 라인보다 마데카소사이드가 제일 많이 나가던데 사실 사용감은 거의 비슷비슷하더라구요. 사용했을때 마데카소사이드 팩을 써서 유독 진정되고 이런건 없어요.

가볍게 가성비로 수분 채워주기 좋은 제품이에요. 에센스양이 넉넉해서 20분정도 붙이고 있어도 건조하진 않더라구요"
2026-07-23,A000000217620,62758170,2026.07.13,5,1,OFFLINE,마데카소사이드 흔적리페어 1매,A03,B02,"C01,C09",1,1674.0,1,1,보비,"메디힐 마스크팩 가성비 좋아서 자주 사용하는데요, 마데카소사이드 흔작리페어는 진정에 괜찮은것 같습니다. 일주일에 두번정도는 사용하는것 같고요, 자극이 있는 날엔 더 자주 사용하고 있는데 자극없고 좋았습니다."
2026-07-23,A000000217620,62757944,2026.07.13,5,1,OFFLINE,마데카소사이드 흔적리페어 1매,A03,B02,"C01,C09",1,1674.0,1,0,보비,"메디힐 마스크팩은 자주 사용하는 가성비 좋은 팩인데요, 마데카소사이드는 진정에 좋아서 자극받은 날 주로 사용하고 있습니다. 부담없이 사용하기 좋고요, 데일리팩으로 사용해도  괜찮습니다."
2026-07-23,A000000217620,60176969,2026.05.26,5,1,OFFLINE,마데카소사이드 흔적리페어 1매,A01,B01,C01,28,1638.0,0,0,수기잉,마데카소사이드 흔적리페어 마스크팩이라 흔적케어용으로 ㅎ
2026-07-23,A000000217620,62065328,2026.06.29,5,0,NORMAL, 티트리 진정수분 1매,A03,B04,"C04,C05",5,1620.0,1,0,아삭수박,"메디힐이 마데카소사이드 홍보를 요새 하고 있는 것 같긴 한데... 🤔 저는 강경 티트리파입니다.

여드름같이 뭔가 날 것 같을 때, 사용해주면 효과가 좋더라고요. 한때 1일 1팩할 때 이 제품 썼는데, 피부 최상이였습니다.. 정말로요."
2026-07-23,A000000217620,63155288,2026.07.22,5,0,NORMAL, 티트리 진정수분 1매,A01,B04,"C07,C09",0,1512.0,1,1,보노밍,저렴해서 피부 진정케어할 때 사용해요 일단 가격이 저렴해서 막쓰기 좋음 확실히 순해서 조아요
2026-07-23,A000000217620,62357391,2026.07.05,5,1,OFFLINE,마데카소사이드 흔적리페어 1매,A04,B04,C04,20,1476.0,1,0,봉보옹,"메디힐 에센셜 마스크팩 
마데카소사이드 흔적리페어
수분 잡티흔적 진정 ~~~에 좋아요 ~~"
2026-07-23,A000000134691,61185525,2026.06.09,5,0,NORMAL, 시카비오 포마드 단품,A01,B02,"C01,C03",22,990.0,0,0,일단사고안맞으면당근,"바더마 셀러님이랑 같이 일할 때 추천받았는데 아직까지 이거 바를때마다 셀러님께 감사하면서 쓰고있습니다!!!!🚨🚨🥵🚨🚨🏅🏅🥵🥇🥇

1. 뭐하는 화장품이길래 호들갑이냐
이건 붉어지고, 건조하고, 따갑고, 시술핬고, 진정이 필요한 피부를 위한 구급상자입니다. 단순히 겉만 번지르르하게 만드는 게 아니라 손상된 장벽을 실제로 구원해줍니다

2. 근데 이거 엄청 기름지잖음
네 정답입니다. 이름이 포마드인 이유가 포마드같아서래요.. 엄청 기름집니다. 하지만 지성분들도 주목🚨🥵 저도 지성이기에 꿀팁 풀겠습니다

3. 일반 진정 애들이랑 뭐가 다른디?
우리가 흔히 쓰는 시카, 병풀 이런 제품들 있죠? 근데 이건 그냥 시카가 아니라 얘들 독자 성분과 기술력을 담았다고 합니다 아래에서 설명할게요

4. 타사 재생크림이랑 고민이다?
아래에서 알려드릴게요!!

피부가 손상되면 왜 이렇게 따갑고 가려운지부터 알려드리면 문제성 피부는 피부 겉면?에서 염증 신호를 계속 쏴대기 때문입니다. 이 크림은 안탈지신이라는 독자성분으로 가려움이랑 통증 신호 자체를 차단해주면서, 동시에 구리랑 아연 성분이 피부 재생을 돕는 구조예요.(바더마 셀러님이 구리-아연을 강조하시더라구요) 피부를 만지지 않는 게 피부 건강의 7할인 거 아시죠?? 가렵다고 손톱으로 찌르기도 금지!!🚨🚨

구리: 장벽이 날라가고 문제성 피부에 부족한 콜라겐과 엘라스틴 합성을 돕고 세균 증식을 억제합니다
아연(징크테카 이런거 들어보셨죠??): 강력한 항염 효과와 세포(건강한 각질층)재생을 촉진하는 재생 핵심 성분입니다

즉 이 크림은 통증과 가려움 차단 + 세균 증식 방지 + 빠른 재생 을 한 번에 하는 것입니다!!

바더마 셀러님께 배워온 사용법!!!! 
1. 우선 손바닥에 적당량 한 0.7cm? 정도 짜준 후 양 손바닥으로 비벼줍니다.
2. 양 손바닥으로 문질러 제형이 뻑뻑하지 않고 녹을때까지 열기를 가해줍니다
3. 얼굴에 가볍게 손을 올려서 흡수시켜줍니다.

제형이 제형인지라 얼굴에 바로 박박 문지르면 당연히 뭉치고 자극됩나다!!!!
저는 지성이지만 이 방법으로 바르면 모공도 안 막히고 얇게 올려서 쓸 수 있어서 잘 쓰고 있어요!!

시카**스트 B5 밤
보습과 장벽 회복이 목적이고 피부가 너무 건조해서 찢어질 것 같고, 각질이 하얗게 일어나고, 속당김이 심할 때 장벽을 다시 튼튼하게 쌓아주는 역할에만 특화되어 있습니다.

시카비오 포마드
B5밤의 상당부분을 커버함과 동시에 진정과 재생 즉 염증과 가려움과 통증에 집중합니다. 피부가 붉고, 따갑고, 시술 후라 예민하고, 가려운 피부를 위해 나왔습니다.

라로*포제 셀러님 죄송해요😭"
2026-07-23,A000000134691,63121536,2026.07.21,3,0,NORMAL, 시카비오 포마드 단품,A03,B02,"C01,C03",0,792.0,1,0,만리향,"건조한 피부에 보습효과가 있습니다. 무향이고, 발림시 얼굴에 광이 보입니다. 밤에 바르고 자면 다음날 피부가 촉촉해보입니다."
2026-07-23,A000000134691,63012209,2026.07.19,4,0,NORMAL, 시카비오 포마드 단품,A03,B02,"C01,C03",0,792.0,1,0,짐님,진짜 제 인생 크림이에요. 뒤집어졌을 때 이거 바르면 금방 가라앉아요. 다만 여름엔 모공 막는 게 어느 정도 있어요!
2026-07-23,A000000134691,62489597,2026.07.07,5,0,NORMAL, 시카비오 포마드 단품,A02,B03,"C01,C03",0,756.0,1,0,평온한하루,악건성이신 어머니가 사용하고 계신 제품입니다. 이 제품을 사용하면 건조함으로 인한 얼굴 당김이 덜하다고 하시네요. 계속 재구매중입니다.
2026-07-23,A000000134691,63197622,2026.07.23,4,0,NORMAL, 시카비오 포마드 단품,,,,0,540.0,1,0,모던한구미호,"크림플러스 제품이랑 이 제품(포마드) 같이 구매했는데 
피부에서 느껴지는 차이점은 잘 모르겠어요

제형 차이는 크림이 좀 더 부드럽고 포마드는 꾸덕하기보단 옛날 무기자차 선크림 같은 느낌?? 계속 밀려서 바르기가 힘들어요 
맨얼굴에 바르는것도 계속 밀리는데 다른제품을 가볍게 사용한 후 바르려고 하면 하나도 안 발려지는 느낌

유분기가 있는 제품이지만 지성피부가 단독으로 사용하기 좋을것 같은 느낌

건성은 금방 건조해질것 같아요

장벽에 좋다고 해서 샀긴했는데 아직 효과?? 는 못 본것 같아요 그래도 다행이 아직 트러블같은건 안 났네요 더 사용해봐야 겠어요"
2026-07-23,A000000134691,62046370,2026.06.29,5,0,NORMAL, 시카비오 포마드 단품,,,,1,504.0,1,0,하짱몬,"진짜 악 건성인데 친구네집에서 발라보고 너무좋아서
이번 세일때 구매했어요
극 건성인데 다음날 보습감 미쳤습니다"
2026-07-23,A000000134691,62845976,2026.07.15,4,0,NORMAL, 시카비오 포마드 단품,A03,B02,"C01,C03",0,495.0,1,0,준꼬짱,"아직사용전이지만
후기보고 구매합니다
피부가 완전건조하지만 믿고 구매합니다"
2026-07-23,A000000134691,62844657,2026.07.15,4,1,OFFLINE, 시카비오 포마드 단품,A03,B04,"C02,C03",0,396.0,1,0,eun924a,보습에는 이게 좋다하는 지인추천으로 구입했어요~ 사용감은 마음에 들어요
2026-07-23,A000000134691,62470473,2026.07.07,5,0,NORMAL, 시카비오 포마드 단품,A03,B02,"C05,C09",0,396.0,1,0,또히힛,요즘 에어컨 바람 때문에 자고일어나면 건조해져서 저녁에 스킨케어하고 얇게 발라주면 보습도 되고 넘 좋아요! 순해서 그런지 좁쌀나는 피부인데도 잘맞습니당!
2026-07-23,A000000134691,61943117,2026.06.26,5,1,OFFLINE, 시카비오 포마드 단품,A03,B02,"C02,C07",0,396.0,1,0,n002smile,"지인 추천으로 구매했는데
자극없이 순하고 보습이 뛰어나요"
2026-07-23,A000000134691,61943065,2026.06.26,5,1,OFFLINE, 시카비오 포마드 단품,A03,B02,"C02,C07",0,396.0,1,1,n002smile,"오래 사용하다 보면 보습이 좋아서 광채나듯
피부가 맑아진 느낌이에요"
2026-07-23,A000000134691,61817362,2026.06.23,5,1,OFFLINE, 시카비오 포마드 단품,A03,B06,C09,0,396.0,1,0,풀MOON,"재생크림 하면 이 크림이 생각나요
엄청 꾸덕하고 피부과 레이저 받아서 급하게 샀어용 ㅎㅎ"
2026-07-23,A000000134691,61059183,2026.06.07,5,0,NORMAL, 시카비오 포마드 단품,A02,B03,"C01,C03",0,378.0,1,0,평온한하루,악건성이신 어머니가 아주 좋아하시는 크림입니다.자음생크림보다 보습력이 좋은 것 같다고 만족하고 계십니다.
2026-07-23,A000000134691,62971687,2026.07.18,5,0,NORMAL, 시카비오 포마드 단품,A06,B02,"C05,C06",0,360.0,0,1,beeen7,진짜 꾸준하게 몇년동안 사용하고 있는 제품입니다. 코로나 이전에 지인한테 추천받아서 사용하기 시작했는데 맘에 들어서 몇년째 꾸준히 사용하고 있어요. 날이 더울때도 자기 전에 사용하는 용으로도 쓰고 있어서 4계절 내내 사용하기 좋은 것 같아요.
2026-07-23,A000000134691,62126227,2026.07.01,5,0,NORMAL, 시카비오 포마드 단품,A03,B02,"C01,C05",0,330.0,1,0,haengbokhaja,매우매우 좋슴니다요 앞으로도 구매하려구용~!!!최고!‘
2026-07-23,A000000134691,62652682,2026.07.11,5,0,NORMAL, 시카비오 포마드 단품,A02,B06,"C03,C09",0,270.0,0,0,미미콩,"몇번째 재구매인지~~~
극악건성인 저는 여름에도 사용하는 제품입니다.
떨어져가면 불안하여 쟁여두게 됩니다.
처음에는 뻑뻑한가 싶지만 금세 사르르 피부온도에 녹아서 부드럽게 잘 발립니다. 자극도 전무~ 향도 없고~ 바르고 자고나면 아침에 한결 촉촉한 느낌~ 진짜 최애크림입니다!
뾰루지 짜고 그 위에 올려두면 효과만점 입니다~"
2026-07-23,A000000134691,62922684,2026.07.17,5,1,OFFLINE, 시카비오 포마드 단품,,,,0,220.0,1,0,삥뽀,늘 사는거라 세일할때 무조건 사는것 같아요 나이가 드니 뭘 발라도 당기는것 같아서요 이걸루 정착했어요
2026-07-23,A000000134691,61736227,2026.06.21,5,0,NORMAL, 시카비오 포마드 단품,A06,,"C05,C07",1,198.0,0,0,빵이너무좋아,뼈 골절로 한달 입원하고 스테로이드 한달 맞으면서 피부 망가지고 좁쌀 폭발했는데 피부과 다녀도 소용 없었거든요? 구원템입니다. 오래 팔아주세요~!
2026-07-23,A000000134691,61677635,2026.06.20,5,0,NORMAL, 시카비오 포마드 단품,A02,B04,"C05,C10",1,198.0,0,0,해파리의왕,"원래는 크림을 너. 무. 잘 써서 진짜 박박 긁어썼는데 ㅠㅜ 동네 올영에선 포마드 크림만 너무 밀어서 일단 내 피부로 마루..타… 해볼라구 샀습니다.
크림은 진짜 여듦 레져 하고 무조건 무조건이라 없음 안 됨 템인데 이건 어떨랑가…"
2026-07-23,A000000134691,61100554,2026.06.07,5,0,NORMAL, 시카비오 포마드 단품,A05,B03,"C01,C11",0,198.0,1,0,미소1004,필수템 쟁이기템 ㅎ 갠적으로 바이오더마 제품 중 베스트3 ㅎ
2026-07-23,A000000134691,60933288,2026.06.05,4,0,NORMAL, 시카비오 포마드 단품,A02,B02,"C01,C02",1,189.0,1,0,bluep****,"오늘드림인데...상자가 다 밟혀서 왔어요.
오늘드림안해도 되니까 제발ㅠㅠ 멀쩡히 오게 해주세요."
2026-07-23,A000000134691,62619247,2026.07.10,4,0,NORMAL, 시카비오 포마드 단품,,,,1,180.0,0,0,고구모,"자 피부장벽 무너진 민감성 수부지 지성분들아
클렌징밀크로 선크림 1차로 지우고 페이스타월로 물기 싹 제거해야됨. 그리고 토리든이나 웰라쥬 세럼(웰라쥬 좁쌀나서 안맞는 사람들은 토리든ㄱㄱ 리뉴얼로 묽어져서 좋아짐)두번 레이어링 하고 한 1분 있다가 살짝 촉촉한 상태일때 리뷰에 써져있는대로 0.7-1센치정도 짜고 손바닥에 막 비벼요 글고 남은 수분감에 합체하는 느낌으러 살짝 손바닥으로 코팅시키듯이 얇게 좀 바르면 기름지지 않아요. 막 건성들 바르듯이 푸지게 바르지말고 콩벌레만한 크기로 잘 바릅시다요
딱 이정도로만 기초 다이어트 해주셈. 님들 이거 발라야할 상태로 안좋은거면 토너,이중세안,꾸덕 크림 절대 안됨. 
그리고 제품으로만 치료하시지말고 무조건 모낭염,피부염은 피부과약이랑 병행허세요.젭알
+
날이 꽤 더워지면서 위처럼 해도 좀 기름지면 물로 씻어내도 ㄱㅊ.. 걍 뽀독뽀독씻고 세럼+포마드크림(팩처럼 걍 올림)도포 후 30분,1시간후에 미온수로 20번 씻어주고 페이스타올로 물 닦고 주무세용기름이라 차피 물로 안없어지더라고요.. 그러면 당신은 좁쌀,기름기 없어진 피부 로 잠들기 ssap가능🥵"
2026-07-23,A000000134691,62893074,2026.07.16,5,1,OFFLINE, 시카비오 포마드 단품,,,,0,176.0,1,0,milkskin,"피부 자극받은 날 피부 장벽 개선하는데 바르기 좋아요
열에 녹으면 얇게 유분감 있게 발려요~"
2026-07-23,A000000134691,62816611,2026.07.15,5,0,NORMAL, 시카비오 포마드 단품,,,,0,165.0,1,0,Beautyj,저녁에 자기전에 바르고 자면 피부가 하루 종일 반질반질해요. 다 쓰고 새로 샀어요.
2026-07-23,A000000134691,62652818,2026.07.11,3,1,OFFLINE, 시카비오 포마드 단품,,,,0,132.0,1,0,움움,제가 약간 수부지에 장벽이 조금 무너졌는데 제가 장벽크림이랑 잘 안 맞는지는 모르겠는데 저는 쓰고 조금 트러블이 났어요ㅠㅠ 진짜 양 조절 해서 잘 발라줘야 할 것 같긴해요 ㅠㅠ
2026-07-23,A000000134691,61396442,2026.06.13,5,0,NORMAL, 시카비오 포마드 단품,A02,,,2,132.0,1,0,뿌닝ㅇ,재생크림은 이거만 써요 촉촉하고 진정에도 좋아요 건성이 쓰기 좋은거 같아요
2026-07-23,A000000134691,61359767,2026.06.12,4,0,NORMAL, 시카비오 포마드 단품,A03,B01,"C04,C05",0,132.0,1,0,JHHE,"진짜 꾸우우덕한 제형, 양 조절 필수, 보습 효과 좋음, 다음날 피부 속, 겉 건조함 다 잡힘. 얼굴이든 몸이든 건조할때 필요한 응급템."
2026-07-23,A000000134691,63170130,2026.07.23,5,0,NORMAL, 시카비오 포마드 단품,,,,0,120.0,1,0,alfud****,"피부가 예민해지고 건조함이 심해질 때 사용할 제품을 찾다가 바이오더마 시카비오 포마드를 사용해봤어요.

처음 발랐을 때는 포마드 제형이라 일반 시카크림보다 훨씬 쫀쫀하고 보습감이 풍부하게 느껴졌어요. 
피부에 부드럽게 밀착되면서 보호막을 씌워주는 듯한 사용감이라 특히 건조하고 거칠어진 부위에 바르기 좋았어요.
자기 전에 얇게 발라두면 다음 날까지 피부가 당기지 않고 촉촉한 느낌이 오래 유지되어 만족스러웠어요.

환절기나 외부 자극으로 피부 컨디션이 떨어졌을 때 사용해보니 피부가 한결 편안하게 느껴졌고 건조해서 들뜨던 부분도 보습감 덕분에 눈에 띄지 않게 정돈되는 느낌이 들었어요.
무향이라 향에 민감한 편인데도 부담 없이 사용할 수 있었고 답답하게 겉도는 느낌보다는 피부를 감싸주며 보호해주는 사용감이 마음에 들었어요.

평소 피부 장벽이 쉽게 무너지거나 건조함이 고민인 분들, 집중 보습이 필요한 부위에 사용할 제품을 찾는 분들에게 특히 잘 어울릴 것 같다는 생각이 들었어요."
2026-07-23,A000000134691,63141611,2026.07.22,5,0,NORMAL, 시카비오 포마드 단품,,,,0,120.0,0,0,춀지나,"피부가 예민한 편이라 장벽이 무너지거나 건조할 때 사용할 크림을 찾다가 구매했습니다. 일반 크림보다 조금 더 리치한 제형이지만 바르고 나면 답답하게 겉도는 느낌 없이 피부를 촉촉하게 감싸주는 느낌이 정말 좋았어요. 특히 피부가 붉어지거나 자극받은 날 듬뿍 발라주면 다음 날까지 건조함이 많이 완화되는 것이 느껴졌습니다. 얼굴뿐 아니라 건조한 팔꿈치나 손등처럼 거친 부위에도 사용하기 좋았고, 소량만 발라도 보습감이 오래 유지됐어요. 향도 거의 없어 민감한 피부도 부담 없이 사용할 수 있었고, 믿고 사용하는 바이오더마 제품답게 순하고 안정감 있는 사용감이 마음에 들었습니다. 환절기나 피부 컨디션이 떨어졌을 때 꼭 하나쯤 구비해두면 좋은 보습 제품이라고 생각합니다."
2026-07-23,A000000134691,62257179,2026.07.03,4,0,NORMAL, 시카비오 포마드 단품,A01,B04,"C01,C05",0,120.0,0,0,버푸리,진짜 너무 좋아요 딱 보습막?만들어주고 너무너무 좋은데.. 이거 쓴 후에 물세안은 절대 불가능인거같아요.. 제발 다들 팁 좀 알려주세요ㅠ 누가 리뷰로라도 팁을 남겨주시길… ㄹㅇ 얼굴에 막이 씌여서 물로만 닦으면 걍 물이 튕긴다고해야할까요..? 물이 미끄러져요.. 그래서 결국 다시 클렌저에 손이 가게됩니다ㅠ… 피부 너무 예민할 때 얘를 발라놓고 자면 회복이 되는 것 같다가도 클렌저를 쩔 수 없이 쓰고나면 다시 피부상태가 돌아오는거같아요ㅠㅠㅠ
2026-07-23,A000000226202,61747550,2026.06.21,5,1,OFFLINE,초콜렛 마티니,A02,B06,"C02,C03",69,8175.0,1,0,장발맨,부드러운 발림성이라 앞뒤 시원하게 뚫어주고 뒤에 엄청 세밀한 브러쉬로 스머징 해서 더 얇은 라인을 표현해줄 수 있어서 진짜 너무 간편한 제품….. 근데 손이가서 너무 자주 사용하다 보니 금방써서 10개 넘게 사용중 하하! 트임 메이트업 하기 딱좋은 제품이다요
2026-07-23,A000000226202,62631663,2026.07.11,5,0,NORMAL,헤이즐 터치,A04,B01,"C05,C08",1,1890.0,1,0,알이,"처음써본 바닐라코 아이라이너💕
그동안은 클*오 샤프,쏘 심플 워터프르프 펜슬라이너를 주로 썼었는데 기획으로 1+1 이 나왔다고해서 냉큼 주문해봤습니다.
무쌍이라 평소에 아이라이너를 쓰연 많이 번지는 편이거든요ㅠ.ㅠ 근데 이 제품은 번짐이 아예 없진 않았지만 심한편도 아니었어요.
거기에 부드럽게 발리기때문에 눈에 무리도 안가는데다가 얇게 그려지니까 화장이 두꺼워 보이지 않아서 좋았어요.
슬림 라이너라 점막부분이나 눈꼬리 앞,뒤에 과하지 않게 표현하기 좋구요 개인적으로는 살~짝 펄이 들어갔으면 더 이쁘지 않았을까합니다.
한개는 헤이즐 터치 컬러로 자연스러운 브라운 걸러였고 나머지 하니는 뮤어 모브 컬러로 눈밑에 언더라이너로 사용하기 좋을듯해요~
암든 두가지 컬러를 다 살 수 있어서 좋네요^-^"
2026-07-23,A000000226202,62970222,2026.07.18,5,1,OFFLINE,크림 플러쉬,A02,B01,"C04,C05",2,1512.0,0,0,카피바라바라바라밤,너무 자연스럽게 슥슥 그려져서 데일리로 사용합니더!!!
2026-07-23,A000000226202,62970167,2026.07.18,5,1,OFFLINE,베어 누드,A02,B01,"C04,C05",2,1512.0,0,0,카피바라바라바라밤,베어뉴드 컬러는 어떨지 궁금해서 구매했는데 자연스럽고 이뻐요
2026-07-23,A000000226202,62278136,2026.07.04,5,1,OFFLINE,누디 모카,,,,8,1464.0,1,0,옝구리퐁펑,"내 눈은 모두 이걸로 확장을 시킨다퐁
발림성 좋고 1+1가성비 ㄹㅈㄷ라 생각퐁"
2026-07-23,A000000226202,62604117,2026.07.10,3,1,OFFLINE,뮤어 모브,A06,B02,"C04,C05",2,1395.0,1,0,윌리윌리,그리기는 진짜 편한데 점막에 사용하기엔 브러시가 좀 단단하게 느껴져서 눈이 살짝 아프네요. 특히 삼각존 채울 때는 자극이 더 잘 느껴져서 예민하신 분들은 참고하셔야 할 것 같습니당 발색은 진짜 예쁜데 이 부분만 살짝 아쉬워요
2026-07-23,A000000226202,62283930,2026.07.04,5,1,OFFLINE,초콜렛 마티니,A03,B05,"C02,C04",5,1116.0,0,1,하리애미,"젤아이라이너 유명한거 진짜 다써봤는데 얘가 제일 안번져요
글고 오래써도 뻑뻑함없이 제일 잘발림
원플원도 자주하니까 무조건사세요"
2026-07-23,A000000226202,62354601,2026.07.05,5,0,NORMAL,헤이즐 터치,,,,3,900.0,0,0,안녕하세여ㅡ,"공쥬들.. 와 이번꺼 진짜 대박만족!!!!!!
원래는 브러쉬에 묻여서 점막채우고 아이라인 그리고..
어후.. 번지고 난리도 아녔는데 이제는 이 펜슬 하나로 끝내요!! 진짜 제가 써봤던 펜 라이너 중에서 젤 안번지고
부드러운것같아요!! 그래도 부드러우면 발색 잘 안되고 
더 번지는거 아니야? 싶을수도 있지만 이건 진심 1도 안번지고 헤이즐 색상이라고 해서 너무 밝거나,, 티가 안나는거 아닌가 싶으면 그 생각 당장 집어치워요!!! 그냥 원래 우리가 알던 아이라이너랑 똑같아요!! == 근데 약간 꼬리쪽 블렌딩해주면 멀멀한 헤이즐 느낌..🤎🙈 아시죠..? 너무 예뻐요ㅠㅠ 봄웜,갈웜 등등 너무 웜분들한테 잘 어울리실것같은..🔥 나 진짜 이거 왜 인기가 없는지 모르겠어요..ㅠㅜㅠㅠ 뒤에 있는 펜슬은 촘촘하고 섬세하게 블렌딩할수 있게 되어있어서 미쳤고..!!! 이번에 1+1 하시는거 아시죠.?!!! 얼릉 쟁여.. 다 싹쓸어야죠!!🧺 그래서 전 이번에 “헤이즐 터치” + “뮤어 모브” !! 딱 봄웜 정석컬러들.. 다 쟁였어여!!!!!!! 다 품절되기전에 봄웜 공주들 얼릉 쟁기길…..✨💓"
2026-07-23,A000000226202,63046396,2026.07.20,5,0,NORMAL,누디 모카,A02,B03,"C05,C08",0,792.0,1,0,쏘블리이유,발림성이 부드럽고 2mm정도로 얇아서 눈 꼬리 그리고 좋아요! 그리고 뒤에 달린 붓으로 더 얇고 섬세하게 표현할 수 있습니다. 지속력은 바른 후 4~5시간 정도 입니다~ (참고로 저는 눈가에 유분이 많은 편입니다)
2026-07-23,A000000226202,62732772,2026.07.13,5,0,NORMAL,초콜렛 마티니,A02,B01,"C01,C02",1,756.0,1,0,포카리긱,"포키급으로 얇네요ㅋㅋ 조금 당황.
얇은만큼 세밀하게 그려져서 좋습니다 :)
번짐은 좀 있는데, 뒤 브러쉬로 그라데이션 주니깐 쉐도우 느낌 납니다~~"
2026-07-23,A000000226202,62416365,2026.07.06,3,0,NORMAL,베어 누드,A03,B02,"C01,C05",1,756.0,1,0,TZUYU,눈에 바르니 좀 퍽퍽한  부드럽게 발리진않네요 예상한거보단 좀ㆍ
2026-07-23,A000000226202,62603698,2026.07.10,5,1,OFFLINE,누디 모카,A06,B02,"C04,C05",0,675.0,1,0,윌리윌리,같이 있는 브러시가 있어서 눈꼬리 빼기 아주 좋아용 발색도 선명하고 무엇보다 자극 없이 슥 그려지는 게 너무 맘에 듭니다. 전 아이라인 너무 진하게 그리는걸 선호하지 않아서 이걸로 요즘 데일리로 매일 쓰고 있어요!! 저처럼 그리기 쉬운 아이라이너 찾으시는 분들께 강력 추천합니다!
2026-07-23,A000000226202,62567670,2026.07.09,5,1,OFFLINE,초콜렛 마티니,A01,B04,"C01,C04",1,675.0,0,0,종나,너무 만족합니다 펜슬아이라이너를 쓰고싶어 찾아 테스트를 해봤는데 부드럽게 그려지는건 다른게 더 좋았지만 이것도 뻑뻑한 편은 아니기에 합격이구요 번짐이 젤 중요하다 생각하는 사람으로써 전혀 1도 안번져요 혹시 번질것 같으면 매직실러랑 같이 쓰면 진짜 화장 지우기 전까지 무적 아라입니다
2026-07-23,A000000226202,63017298,2026.07.19,5,1,OFFLINE,뮤어 모브,A03,,"C04,C09",1,660.0,0,0,얘는준이예요,부드럽게 그려지고 특히 뒤에 브러쉬가 있는게 너무 좋아요 번짐없이잘그려집니다!!
2026-07-23,A000000226202,62958120,2026.07.18,5,0,NORMAL,누디 모카,A03,B04,"C04,C05",0,660.0,1,0,Pohyo,"24호 피부 기준 이런 연한 갈색라이너 찾기 너무 힘듭니다,, 심지어 너무 누렇지도 않아서 뒷트임이랑 화장 연하게 할 때 라이너로도 좋아요"
2026-07-23,A000000226202,61790021,2026.06.22,5,0,NORMAL,초콜렛 마티니,A03,B02,"C05,C08",9,630.0,0,0,thsgw,"붉은기 없이 부드러운 브라운 컬러라 데일리 메이크업에 자연스럽게 잘 어울렸어요. 라인이 뭉개지지 않고 매끈하게 그려져서 초보자도 사용하기 편한 느낌이었고, 뒤쪽 블렌딩 팁으로 음영까지 쉽게 연출할 수 있어서 활용도가 높았어요.
지속력도 괜찮은 편이라 시간이 지나도 번짐이 심하지 않았고, 진한 블랙 아이라이너가 부담스러운 날 손이 자주 가는 제품이었어요."
2026-07-23,A000000226202,60704926,2026.06.03,4,0,NORMAL,헤이즐 터치,A04,B01,"C05,C08",4,630.0,1,0,알이,"처음써본 바닐라코 아이라이너💕
그동안은 클*오 샤프,쏘 심플 워터프르프 펜슬라이너를 주로 썼었는데 기획으로 1+1 이 나왔다고해서 냉큼 주문해봤습니다.
무쌍이라 평소에 아이라이너를 쓰연 많이 번지는 편이거든요ㅠ.ㅠ 근데 이 제품은 번짐이 아예 없진 않았지만 심한편도 아니었어요.
거기에 부드럽게 발리기때문에 눈에 무리도 안가는데다가 얇게 그려지니까 화장이 두꺼워 보이지 않아서 좋았어요.
슬림 라이너라 점막부분이나 눈꼬리 앞,뒤에 과하지 않게 표현하기 좋구요 개인적으로는 살~짝 펄이 들어갔으면 더 이쁘지 않았을까합니다.
한개는 헤이즐 터치 컬러로 자연스러운 브라운 걸러였고 나머지 하니는 뮤어 모브 컬러로 눈밑에 언더라이너로 사용하기 좋을듯해요~
암든 두가지 컬러를 다 살 수 있어서 좋네요^-^"
2026-07-23,A000000226202,62796571,2026.07.14,4,1,OFFLINE,헤이즐 터치,A03,B03,"C01,C02",0,594.0,1,0,씩씩한부엉이,첨써보는데 부드럽고 색두 이뻐요! 눈이 브라운이라 잘 어울리고 발림도 굿! 얇아서 좋고 뒤에 브러쉬도 좋고 원플원이라 더 굿이에요!!
2026-07-23,A000000226202,62580282,2026.07.09,5,0,NORMAL,누디 모카,A01,,"C05,C06",1,594.0,0,0,곰도리두마리,가성비로 구매 해썽요 잘 쓰고 있습니당 다음에 다 쓰면 또 살게요😚
2026-07-23,A000000226202,63134420,2026.07.22,5,0,NORMAL,블랙 벨벳,A02,B01,"C01,C02",0,528.0,1,0,포카리긱,"예쁘게 의도대로 번지게 할 수 있도록 미니 브러쉬 있는거 쬲 ♡
6개째 구매 중 ♡♡"
2026-07-23,A000000226202,63051985,2026.07.20,5,0,NORMAL,뮤어 모브,A03,B01,"C05,C07",0,528.0,1,0,아이셔라,두께가 완전 빼빼로!! 상자 열자마자 엄청 얇아서 놀랬어요 뒤에 붓도 있는데 이 붓 엄청 유용하게 잘 쓸 것 같아요
2026-07-23,A000000226202,63036980,2026.07.20,5,0,NORMAL,뮤어 모브,A03,B04,C02,0,528.0,1,0,비요뜨먹고싶다,"친구랑 원쁠원이라 나눠가졋어요!!원쁳원최고 ㅠㅠ 근데 잘 번지는느낌이기도하고 약간애매템이라… ㅠㅠ 좀 흔한색이긴함
그래도 낫밷"
2026-07-23,A000000226202,62975141,2026.07.18,5,0,NORMAL,누디 모카,A03,B03,"C01,C03",0,528.0,1,0,dopppppp,"1+1 이라 크리미살몬 같이 했어요

위 크리미살몬
아래 누디모카

뒷 부분은 반대 쪽 붓으로 펴바른 거니 참고

발색력이 좋아서 힘주지 않아도 크레파스 처럼 부드럽게
컬러가 드러나는 게 참 좋네요"
2026-07-23,A000000226202,62907811,2026.07.17,5,0,NORMAL,누디 모카,A02,B01,"C01,C02",0,528.0,1,0,포카리긱,"이렇게 얇은 아이라이너 드물어요 :)
다소 번짐이 있지만, 그것마저 이쁘게 의도된듯 번짐ㅋㅋ 개이득
3번째 구매 :)"
2026-07-23,A000000226202,62567812,2026.07.09,5,1,OFFLINE,뮤어 모브,A01,B04,"C01,C04",1,495.0,0,0,종나,트임하고싶어서 구매했습니다 다른 트임라이너 중 두번째로 좋습니다 아이라이너는 좋았는데 트임라이너는 언더에 바르기엔 살짝 뻑뻑했어요 그래도 색 고를 수 있는 1+1에 이가격에 이 퀄이면 너무 만족합니다 재구매 의사있습니다
2026-07-23,A000000226202,62567690,2026.07.09,5,1,OFFLINE,헤이즐 터치,A01,B04,"C01,C04",1,495.0,0,0,종나,이 가격에 1+1에 이정도 지속력? 너무 만족합니다 부드럽게 잘 그려지고 번짐도 없어요 게다가 꼬리쪽 빼려했는데 약간 뭉툭하게 빼지면 뒤에 달린 브러쉬로 살 땡겨서 쓱쓱 그려주면 꼬리도 붓펫보다 더 잘빠져요 진짜 너무 좋아요 이가
2026-07-23,A000000226202,62279683,2026.07.04,5,0,NORMAL,헤이즐 터치,,,,2,420.0,1,0,dlvm****,"박스가 엄청 구겨져서 배송 와가지고 이거 누가 환불했나;; 싶어서 처음엔 기분이 좋지 않았습니다. 만, 제품은 맘에 들어요. 색 고민 꽤 했는데, 막상 결제하고 보니 다른 색이 더 낫다 싶기도 했었거든요. 근데 실제로 보니 아주 은은하게 붉은 기 있어서 언더용으로 딱일 것 같아요. 
그리고 크레용마냥 잘 그려집니다. 얇아서 금방 쓰겠으나... 1+1으로 사서 만족입니다. ㅎ
번지는 것도 힘 줘서 문대봤는데 많이 번지지 않고... 손세정제로 씻으면 어느정도 지워질줄 알았는데 고대로라 굉장히 놀랬네요;; 얼른 요걸로 화장하고 나가야지 싶습니다. 워터파크용으로도 쓰려고요 !
아! 그리고 붓이 탱탱해서 섀도우 아이라인용 붓 사려고 했는데 요거 써보면 좋을 것 같아서 만족도 더 올라가는 포인트가 되었네요! 제품 다 써도 붓 좋아서 통 안버릴 것 같아요ㅎㅎ"
2026-07-23,A000000226202,63099776,2026.07.21,5,0,NORMAL,헤이즐 터치,A03,B02,"C01,C02",1,396.0,0,0,oakji****,"질감이 부드럽게 발리고 트임붓으로 뒷라인 펼쳐주면 자연스럽고 또렷한 눈매로 만들어줘서 재구매했어요
헤이즐터치 색상이 한듯 안한듯 자연스럽게 발색되어서 맘에 들어요"
2026-07-23,A000000226202,63080038,2026.07.20,4,0,NORMAL,초콜렛 마티니,,,,0,396.0,1,0,꿍뎅이,뷰티 유튜버분이 추천해줘서 구매했는데 뒤에 브러쉬가 따로 내장돼있어서 아라꼬리 빼기좋네요
2026-07-23,A000000226202,62717528,2026.07.12,5,0,NORMAL,뮤어 모브,,,C08,0,396.0,1,0,qoㅅop,"뒷트임하기 좋아요 
주말 열시간 카페 일하는데도 안번지고 그대로임"
2026-07-23,A000000259872,61935158,2026.06.26,5,0,NORMAL,[본품+리필] 21호 라이트 베이지,A03,B05,"C01,C05",25,3480.0,0,0,챠밍피넛버터,"리뉴얼 전 버전은 건복합성인 제가 쓰기엔 좀 건조한 느낌이 들어 결국 못쓰고 언니 줬었는데 이번에 리뉴얼 되고 좀 쓸 수 있을까 싶어 구매했습니다! 사용해보고 자세히 리뷰 써보겠습니당 ㅎㅎ

❤️‍🔥장점❤️‍🔥
우선 리뉴얼 전보다 촉촉해졌어요!💧 그래서 건성도 기초만 잘 해준다면 무난히 잘 쓸 수 있을 것 같고, 색상이 너무 예쁘게 잘 뽑혔어요...🩷 그리고 너무 신기한게 코 끼임이 진짜 적어요!!😲 매스 쿠션 쓸 때도 코 끼임은 해결 못했었는데ㅜㅜ🥹 또 커버력은 웬만한 컨실러 없이도 사용 가능한 정도지만 그렇다는 말은 이게 얇은 쿠션은 아니란 거...!!🤫 지속력도 파우더 처리만 가볍게 해준다면 꽤 좋은 것 같아요!☺️ 게다가 휘뚤마뚤 바르기도 편한 제형이라 거의 모든 타입이 사계절 내내 잘 쓰실 수 있을 것 같아용 ㅎㅎ😊

❤️‍🩹단점❤️‍🩹
어쨌든 세미매트 쿠션이다 보니 파우더를 너무 많이 바르게 되면 좀 건조해 보이고 수정 화장도 조금 힘들어지는 것 같습니다ㅠㅠ😭 그리고 코 끼임이 적은 대신 팔자주름 끼임이 살짝 있어요..!😔 (근데 이건 제가 잘 쓰던 매스 쿠션도 그랬어서 저만 그런 걸 수도 있어요!) 아 그리고 리뉴얼된 매스 쿠션도 그러던데 이번 리뉴얼 된 히어로 쿠션 양조절 하려고 판에 톡톡 하면 너무 잘 빠져요...🥲

❣️결론❣️
개인적으로 리뉴얼 전 버전보다 훨씬 마음에 들어요!!🤩 원래 매스 쿠션이 최애 쿠션이었는데 얘가 그 자리를 차지할 수도 있을 것 같은 느낌...??🫪🫪 지성, 수부지는 엄청 만족하실 것 같구 건성, 복합성도 사바사겠지만 기초케어만 잘 해준다면 정말 인생 쿠션 되실 것 같어요!!😎😎 한 번쯤은 꼭 구매해보시는 것을 추천드립니당...😍🥰😘"
2026-07-23,A000000259872,62588748,2026.07.10,4,0,NORMAL,[본품+리필] 19호 페어 베이지,,,,3,2475.0,1,0,슨슨이,"히어로 19호 구매. 수정화장용으로 비추. 
에이프릴 쿠션 스노우 쓰고 맘에들어 히어로 구매했는데, 스노우 19호는 약간 베이지색이 더 느껴지고, 히어로 19호는 상아빛임. 

기초 잘하고 발라도 바르기가 좀 어렵기도 하고 찍히듯이 발리는데 퍼뜨리기가 쉽지 않음. 질감은 매트하게 마무리 되는데 만지면 촉촉함. 지속력은 좋음. 에어컨 빵빵 나오는 사무실에 하루종일 있는데 크게 날아가지는 않았음. 

다크닝 있음. 스노우가 더 마음에 드는 걸로…"
2026-07-23,A000000259872,62738498,2026.07.13,5,0,NORMAL,[본품+리필] 21호 라이트 베이지,A01,B01,C05,3,2214.0,1,0,tombum,설문조사혜택 쿠폰이 발급되서 오특 본품+리필의 히어로 쿠션이라 선물하려고 구매했어요.
2026-07-23,A000000259872,62976382,2026.07.18,5,0,NORMAL,[본품+리필] 22호 핑크 베이지,A03,B03,"C02,C04",2,1860.0,1,0,김초히,"22호 샀는데 제 피부에 잘맞고 하예요
화장이 뜨지도 않고요 파데를 썻을땐 진짜 엄청 떳는지 이 쿠션으로 바꾸고 지금은 메이크업이 완전 뽀송해요
엄청 촉촉하고 화장독도 없어용
케이스도 이뻐서 완존 마음에 들어요~~"
2026-07-23,A000000259872,62877284,2026.07.16,5,0,NORMAL,[본품+리필] 19호 페어 베이지,A02,B06,"C01,C02",2,1680.0,1,0,뽀또앙,이거 쓰다가 쿠션케이스가 깨져서 못 쓰고 있었는데 한동안 품절이다가 다시 나왔길래 바로 샀어요! 약간 두껍게 발리는 듯 하나 금방 자연스러워지고 피부 좋아보임 ㅎㅎ 쿠션은 수정용으로만 쓰는데 에이프릴스킨은 처음 베이스메컵이나 수정용이나 둘다 화장 잘 먹어요 추천
2026-07-23,A000000259872,62739397,2026.07.13,5,0,NORMAL,[본품+리필] 21호 라이트 베이지,A01,B01,C05,2,1674.0,1,0,tombum,오특 철벽커버 히어로 쿠션이라 26년 7월 48H 타임쿠폰이 발급되서 선물하려고 구매했어요.
2026-07-23,A000000259872,62819585,2026.07.15,5,0,NORMAL,[본품+리필] 21호 라이트 베이지,A01,B01,"C01,C05",4,1575.0,0,0,rainbbit,"머임 이거뭐예요 진짜? 리뉴얼 전에 사려다가 딱 사려고 하자마자 품절에 리뉴얼 된다길래 거의 한달 기다린 것 같아요ㅠ 제가 진짜 강경 매트파거든요 항상 파우더로 빠싹-하게 굽굽하는거 좋아하는데 이 쿠션은 그냥 올리면서 뽀송하고 파우더로 구우면 ㄹㅈㄷ완벽-🌟 그 자체가 됩니다 사랑스러워 죽겟어요 아주~!! 그리고 나비존 모공커버? 진짜 개잘됨 지금까지 얘만큼 빠르게 커버해주는거 못 봄 완벽커버까진 아니어두 진짜 젤 만족
그리고 담지체가 단단하고 퍼프도 약간 땅땅?한 재질이라 양조절도 쉽고 구냥 넘 젛아요ㅎㅎ
저는 21호 선택했는데 어떤 분들은 밝게 나왔다 하고 어떤 분들은 좀 어둡다 하시기도 하고ㅠ 주문하고 정말 걱정이 컸는데요 VDL A02, 헤라 블쿠 17C, 티르티르 레드 17C, 에스쁘아 비벨벳(리뉴얼 전) 21호 아이보리 등등 썼었는데요 에스쁘아보단 핑베이고 VDL보단 좀 차분한 밝기였어요! 어둡다는게 아니라 VDL은 약간 하얀빛이 더 강한데 그에 비해 히어로는 21호에서 핑베로 화사해지는 톤업 느낌? 헤라보단 확실히 더 밝은 것 같아요
히어로는 그동안 제가 썼던 쿠션들중에 커버력 + 지속력 + 다크닝 제일 최고인 것 같아요
아직 써본지 이틀차라 그런지 몰라도 제가 엄청 얇게 바르는걸 좋아하는데 얘는 얇아도 커버력이 좋고 무엇보다 지속력!! 저 정말 수정 한 번 안하면 개기름 좔좔인데 그 어떠한 쿠션보다도 기름이 덜 나와보였어요ㅠㅠ🙊 아침에 파우더 한 채로 16시간 동언 수정도 안 했는데 다크닝을 못 느낄 정도로 좋았어요 반톤도 안 온것 같음!! 퍼프 더러워질까봐 이후에 수정은 따로 못하긴 했는데 티 많이 안 났을 것 같아요 앞으로 써보고 생각이 바뀌는게 있음 바로바로 수정해서 올리겠습니다ㅎㅎ 퍼프 2개도 증정이라 넘 좋아여~ ( 파우더 : 일본 클럽 쌩얼 초록색 )

+ 사용 이틀 됐는데요! 화장독 얘길 많이 들어서 그런지 모르겠지만.. 쓰고 화장지우면 아침에 없던 붉은 자국들이나 트러블들이 올라오려 하고 이틀정도 쓰면 완전 올라오려 하네요..ㅠㅠ 여름이라 얼굴에 열도 많고 기름도 많이나서 그런지는 모르겠지만🥹 컨디션 차이일 수 있으니 좀만 더 써보겠습니다ㅠ^ㅠ"
2026-07-23,A000000259872,62655516,2026.07.11,5,0,NORMAL,[본품+리필] 19호 페어 베이지,,,,3,1395.0,0,0,방구뿡뽕,제가 여태 핑크에디션쓰다고 단종될거같아서 쟁여놧엇는데 마침 다쓸타이밍에 아예 이걸로 나와서 너무좋아용..전 제 인생쿠션입니다
2026-07-23,A000000259872,62587121,2026.07.10,5,0,NORMAL,[본품+리필] 19호 페어 베이지,A01,B01,"C01,C06",3,1215.0,1,0,smail****,"전 버전부터 꾸준히 사용해왔는데, 히어로쿠션 2.0으로 리뉴얼되고 나서 더 만족도가 높아졌어요!

원래도 커버력과 지속력이 좋아서 자주 사용했는데, 2.0은 얇고 밀착감 있게 발리면서 피부 표현이 더 자연스러워진 느낌입니다. 잡티와 붉은기도 깔끔하게 커버되는데 답답하거나 두껍게 올라가지 않아 데일리 메이크업으로 사용하기 좋았어요.

시간이 지나도 다크닝이 심하지 않고 무너질 때도 예쁘게 무너져 수정 화장도 편했습니다. 전 버전이 만족스러워서 계속 사용해왔는데, 이번 리뉴얼 버전은 한층 업그레이드된 것 같아 앞으로도 꾸준히 사용할 것 같습니다. 만족스러운 제품이라 추천드려요!"
2026-07-23,A000000259872,62758263,2026.07.13,5,0,NORMAL,[본품+리필] 22호 핑크 베이지,A02,B05,,2,1116.0,1,0,xene,적당히 촉촉하고 딱 원하는 질감이었어서 너무 만족했어요!! 리뉴얼 되면서 케이스도 예뻐진거같아서 좋아요👍🏻
2026-07-23,A000000259872,61992665,2026.06.27,5,0,NORMAL,[본품+리필] 22호 핑크 베이지,,,,10,840.0,1,0,파닝ㅇ,"원래 사용하던 히어로 쿠션! 업그레이드 되서 바로 사봤어요!
원래 22호 사용하는데 살짝 밝아졌다했는데 얼굴에 발랐을 땐 별로 티가 안나서 저는 오히려 좋아요
손등에 첨 바르고 살짝 문지르고 흡수 시켜보았을 땐
원래 22호보다 살짝 밝은느낌..? 손등이 여름이라 햇볕에 탄걸 수도 있구용 ㅎ
이거 세번째 네번째 사는 첫 쿠션이거든요 오래 팔아주세요ㅠ
수부지한테 좋은거 같아요 
그리고 몇년전 한시적으로 미니 쿠션 증정 했는데 증정아니여도 좋으니 꼭 다시 만들어주세요ㅠ ㅠ 수정하기에 넘 좋아요!"
2026-07-23,A000000259872,62822755,2026.07.15,5,0,NORMAL,[본품+리필] 22호 핑크 베이지,A03,B01,"C01,C05",2,756.0,0,0,고응서,믿고쓰는 에이프릴스킨 쿠션입니다 빨간통?을 계속 사용했는데 이건 패키지가 진짜 이뻐요 성능은 말도안됨 제 정착쿠션입니다 복합성이시면 한번 사용해보는거 적극 추천드려요
2026-07-23,A000000259872,62706007,2026.07.12,5,0,NORMAL,[본품+리필] 19호 페어 베이지,A01,B06,"C01,C05",2,756.0,0,0,돈없어힝,흠 원래 21호 어두웟어ㅓㅅ 19호 썼더니 밝네요 ㅜㅜ 지성학생인디좋음
2026-07-23,A000000259872,62366030,2026.07.05,5,0,NORMAL,[본품+리필] 23호 내추럴 베이지,A02,B03,"C05,C06",4,600.0,0,0,곤비,보통 23호 쿠션써도 색이 너무 밝거나 제품력이 별로였는데 이건 너무 이쁘고 자연스러운 색 강경 매트파인 제가 이 쿠션 쓰고 피부표현 너무이뻐서 한달내내 글로우하게 다니는 상상까지 하게되는 쿠션입니당 매트쿠션인데도 코 끼임 없어서 너무 좋았어요
2026-07-23,A000000259872,62597490,2026.07.10,5,0,NORMAL,[본품+리필] 19호 페어 베이지,A01,B03,"C05,C08",2,567.0,0,0,minhee****,"진짜 짱 좋음 적극 추천드림 굿임 다들 구매 각각
얼른사쇼요 ㅎ😖"
2026-07-23,A000000259872,63004933,2026.07.19,5,0,NORMAL,[본품+리필] 21호 라이트 베이지,A03,B01,"C01,C08",1,528.0,0,0,귀여운사막여우,커버력이 우수하면서 피부 표현이 깔끔하게 됩니다. 지속력도 만족스럽고 수정 화장도 쉽게 할 수 있어 좋았습니다.
2026-07-23,A000000259872,62624955,2026.07.10,5,0,NORMAL,[본품+리필] 19호 페어 베이지,,,,3,405.0,1,0,wlsdk****,"히어로쿠션 평이 너무 좋아서 구매할까 하다가도 기존 빨간색 패키지를 들고다닐 자신이 없어 구매를 망설여온 사람인데요! 이번에 리뉴얼되어 이쁜 핑크패키지로 바뀌어 너무 좋아요~ 기존보다 촉촉하다고 해서 환절기때 애용할 것 같아요 (수부지, 여름 극지성 기준!)"
2026-07-23,A000000259872,62355441,2026.07.05,5,0,NORMAL,[본품+리필] 19호 페어 베이지,,,,2,396.0,1,0,포테맘,리뉴얼 됐다고해서 구매했습니다 이전버젼도 잘사용했고 매직스노우쿠션도 잘써서 구매했습니다 커버력좋고 이전버젼보다는 촉촉합니다 수부지나 지성피부 여름에 사용하기 좋아요 수정도 잘되서 마음에 들어요ㅎㅎ
2026-07-23,A000000259872,62267378,2026.07.03,5,0,NORMAL,[본품+리필] 19호 페어 베이지,,,,5,360.0,1,0,하류류,"몇 년째 꾸준히 재구매하고 있는 인생 쿠션이라 이번에도 고민 없이 구매했어요!

일단 케이스가 기존 빨간색에서 핑크 에디션으로 바뀌니까 훨씬 예뻐져서 들고 다닐 때마다 기분이 좋아요! 전 것보다 취향 저격이라 더 만족스럽네요... 🤤💕

커버력은 역시 믿고 쓰는 에이프릴스킨! 모공이랑 잡티를 정말 깔끔하게 가려주구 여러 쿠션을 써봤지만 개인적으로 다크닝은 이 제품이 제일 적은 것 같아요! 시간이 지나도 칙칙하게 무너지지 않고 들뜸도 거의 없어서 피부 표현이 예쁘게 유지되는 점이 가장 마음에 듭니다! 

원래 19호를 계속 사용했는데 이번 리뉴얼 된 건 기존보다 살짝 더 밝아진 느낌이라 더 만족스러웠어요! 너무 과하게 밝은 게 아니라 전 거랑 비슷하게 자연스럽게 톤업되는 느낌이라 부담 없이 사용하기 좋아요!!!! 

아직까지는 아쉬운 점이 딱히 없을 정도로 만족하면서 사용 중이고 앞으로도 계속 재구매할 것 같아요 ㅎㅎㅎㅎ 💕✨"
2026-07-23,A000000259872,62962132,2026.07.18,5,0,NORMAL,[본품+리필] 21호 라이트 베이지,,,,1,336.0,1,0,열라열라삥빵꽁,바른 직후 피부 상태인데 은근 촉촉해서 기초 잘하면 건성도 쓰기 좋을 것 같아요
2026-07-23,A000000259872,62673872,2026.07.12,5,0,NORMAL,[본품+리필] 21호 라이트 베이지,,,,2,315.0,0,0,뚜우디니,"쿠션 유목민인데 에이프릴스킨으로 정착할거 같아요!
발림성/ 쿠션 퍼프 다 만족합니다"
2026-07-23,A000000259872,62813574,2026.07.14,5,0,NORMAL,[본품+리필] 19호 페어 베이지,,,,1,297.0,0,0,속상한미숫가루,여름쿠션으로 므너무졸아요 구리고 케이스가 넘ㅇ후이쁩니다
2026-07-23,A000000259872,62678129,2026.07.12,1,0,NORMAL,[본품+리필] 21호 라이트 베이지,,,,0,297.0,1,0,gkssk****,발림성은 좋은데 모공끼임이 잘 보여서 프라이머 하고 써야할듯싶네요 ㅠㅠ 광고보고 구매했는데 ㅜㅜ 컬러는 이뻐요
2026-07-23,A000000259872,62382876,2026.07.05,5,0,NORMAL,[본품+리필] 21호 라이트 베이지,A02,B04,C04,6,280.0,1,0,븽닁닁,"겨울엔 건성에 가까운 수부지, 여름엔 수부지인 사람인데
이거 쓰고 정말 너무 만족했어요 ㅠㅠ
전에 있을때부터 사고싶던건데 빨간색 케이스 말고 핑크색 케이스 가지고싶어서..기다렸더니 딱 이렇게ㅜ나왔더라구요 ㅎㅎ 근데 진짜 너무 이쁘고 색깔도 딱 화사하게 이뿝니당
커버력은 뭐.. 진짜 너무 좋고 리뉴얼 전 테스트 하던것보다 더 촉촉해쟈서 좋았어요!!!"
2026-07-23,A000000259872,62816916,2026.07.15,5,0,NORMAL,[본품+리필] 21호 라이트 베이지,,,,2,270.0,1,0,shx****,"리뉴얼 되기 전, 빨간색 히어로 쿠션을 사용햇는데 다크닝도 좀 느껴지고 화장독이 있다는 말이 잇어서 혹시몰라 그 이후로는 다른 쿠션들을 썻엇는데 이번에 리뉴얼 되면서 외관도 바뀌고 성분도 좀 더 좋아졌대서 구매해봣여용! 

일단 외관 말모말모…… 핑크색 케이스 너무너무 예뻐요ㅠ ♥♥ 게다가 퍼프까지 핑크라 완전 핑크 좋아하시는 분들 취향저격!! 확실히 외관이 예뻐서 그런지 가지고 다닐때도 기분좋구 너무너무 예뻐용

그리고 리뉴얼 전 버전은 다크닝이 좀 있었는데 이번에는 그런 점들이 다 개선된것 같더라구요 ! 일단 히어로쿠션답게 바르자마자 커버력이 미쳣슴…… 얼굴을 거의 다 완벽하게 커버해줘요!! 진짜 컨실러가 따로 필요없어요….!! 그리고 지속력도 되게 오래가요!! 아침에 바르고 외출햇다가 저녁에 와도 너무 이쁜 피부…. 실제로 저 쿠션 쓰고 피부 왤케 잘됏냐고 너무 예쁘다는 말 많이 들엇어용 !! 그리고 다크닝도 진짜 하나도 없어여 빨간색 히어로 쿠션에서 노란끼를 뺏다고 들엇는데 그래서인가 진짜 딱 이쁜 톤으로 올라가구 몇시간이 지나도 얼굴이 화사해용 !

그리고 저는 빨간색 히어로 쿠션에서도 화장독을 막 심하게 느끼진 못햇지만 이 핑크쿠션에서 확실히 개선된것 같아요! 이 쿠션 구매한 뒤로 매일 이것만 발랏는데 좁쌀이나 그런게 하나도 안올라왓어용!! 

진짜 너무너무 예쁘고 여러모로 완벽한 쿠션이니까 구매 고민하고 계시면 얼른 구매하셔용 !! ♥♥"
2026-07-23,A000000259872,62620584,2026.07.10,5,0,NORMAL,[본품+리필] 23호 내추럴 베이지,,,,4,270.0,0,0,k202602281****,"진짜 너무 좋아요,,, 핑크 덕후로써 핑크색 쿠션은,,,💕💕
리뉴얼 전에는 건조하면 각질 부각 + 다 떴는데 리뉴얼 되고나서는 웬만하면 안 뜸
그리고 23호 기준 딱 예쁘게 화사해짐 커버력도 좋아서 평소엔 컨실러 안 써도 괜찮을 듯..,,
지속력도 오래 되서 좋습니다

다크닝 아주 약간 있음"
2026-07-23,A000000259872,62075995,2026.06.30,5,0,NORMAL,[본품+리필] 22호 핑크 베이지,,,,3,264.0,1,0,윤나예,진짜 에이프릴스킨 예전에도 썼었는데 너무좋아서 벚꽃에디션살려다가 놓쳐서 다시 이렇게 구매를 하게되었습니다! 일단 지속력이랑 밀착력은 너무 좋고 호수도 조금 밝게나온거같아서 더 좋은거같아요!! 제발 꼭사세요
2026-07-23,A000000259872,62106060,2026.06.30,1,0,NORMAL,[본품+리필] 21호 라이트 베이지,,,,8,252.0,1,0,dmsgps****,"리뉴얼 전이 괜찮은거같아요 
처음에 발림성은 좋은데 지워짐도 많고 
화장이 많이 뜨네요 
리뉴얼전에 맨날 이것만 썼는데 ㅜㅜ"
2026-07-23,A000000259872,62863911,2026.07.16,5,0,NORMAL,[본품+리필] 21호 라이트 베이지,,,,1,240.0,0,0,아앙난데고라,"인생쿠션 인생 베이스를 찾아버림 와
다들 히어로쿠션 좋다고하고 주변 지인들도 다 이거써서 함 수정화장용으로 써볼까? 하고 삼
기존에 쓰던 랑ㄲ파데만한 베이스가 없다고 생각했는데 아님 절대 아님 이게 다 이김 낮에 바른게 집와서도 지속되고 좀 무너져도 이쁘게 무너지고 커버력 레전드고.... 걍 지림
바닐라코 파우더랑 같이 쓰먄 남친이 계속 얼굴 만져대도 안무너짐
근데 되게 매트해서 겨울엔 못쓸듯.... 알 바 아님 걍 ...진짜 지리는 쿠션"
2026-07-23,A000000259872,62795017,2026.07.14,5,0,NORMAL,[본품+리필] 21호 라이트 베이지,,,,2,225.0,0,0,ps96****,최근에 ㅌㅋ 쿠션 구매하고 피부가 점점 안좋아지길래 얼른 손절치고 이거 구매했어요. 전 화장할때 웬만하면 파데쓰고 쿠션은 별로 안중요한 날에만 사용하는데 이거는 중요한날 발라도 지속력도 오래가고 뜨는거 없이 좋더라구요! 최근에 파데도 구매했는데 괜히 산듯싶어요...이 쿠션 하나로 그냥 다 끝낼수있어요 굿~
2026-07-23,A000000187479,63134024,2026.07.22,3,0,NORMAL,폼160ml+40ml,,,,1,1512.0,1,0,새침떼기,부드럽고 깨끗하게 잘 씻겨서 좋아요 향도 만족하고 좋습니딘
2026-07-23,A000000187479,62102997,2026.06.30,5,0,NORMAL,폼160ml+40ml,A03,B01,"C04,C05",13,1476.0,1,0,뿅뿅용,아침세안용으로 사용하려고 구매했는데 사용해본 약산성 클렌징폼 중에서 마무리감이 제일 덜 미끌거리는 것 같아요.
2026-07-23,A000000187479,61804437,2026.06.23,5,0,NORMAL,폼160ml+40ml,A03,B05,"C02,C05",13,1260.0,0,0,슈쁭,"아침 세안용으로 한 달 정도 사용해본 후기입니다!

수부지 피부라 세안제를 잘못 쓰면 세안 후에 얼굴이 바로 당기거나 유분이 더 올라오는 편인데, 이 제품은 그런 느낌 없이 순하게 세안돼서 좋았어요.

약산성 폼이라 세정력이 약할까 걱정했는데 생각보다 깔끔하게 씻기는 편이었고, 세안 후에도 피부가 편안한 느낌이 들더라고요. 거품도 부드럽게 잘 나서 자극 없이 사용할 수 있었어요.

특히 아침에 가볍게 세안할 때 정말 만족하면서 사용했습니다. 밤사이 올라온 유분은 깔끔하게 씻어주면서도 피부가 건조해지지 않아서 손이 자주 가더라고요.

자극 적고 순한 폼클렌징 찾는 분들께 추천하고 싶은 제품입니다 :)"
2026-07-23,A000000187479,62784702,2026.07.14,5,0,NORMAL,폼160ml+40ml,,,,1,1134.0,1,0,Bk9218,아침 세안용으로 사용해요. 건조하지않고 촉촉하고 말끔해져서 계속 사용합니다
2026-07-23,A000000187479,63077069,2026.07.20,5,0,NORMAL,폼160ml+40ml,A04,B01,C05,1,792.0,0,0,drunkenmin,"저렴한 가격에 구매할수 있어 좋아요 ^^
빠른 배송감사합니다"
2026-07-23,A000000187479,63071566,2026.07.20,5,0,NORMAL,폼160ml+40ml,A06,B06,"C05,C06",1,792.0,0,0,포레스트112,비플레인은 믿고쓰는 제품입니다~ 가격이 조금 비싸 세일할때 쟁여두고 있지만 아주 굿! 입니다
2026-07-23,A000000187479,63005130,2026.07.19,5,0,NORMAL,폼160ml+40ml,A01,B01,"C01,C02",1,792.0,0,0,동화마을,비플레인 클렌징 밀크도 좋고 폼클렌징도 좋아요 ! 좋은 제품 아니면 정착 잘 안 하는데 비플레인 폼클은 체곱니다
2026-07-23,A000000187479,62868797,2026.07.16,5,0,NORMAL,폼160ml+40ml,A03,B03,,1,660.0,0,0,겨쿨한동훈의파우치,약산성 클렌저 특유의 미끈거림이 오래 남지 않고 개운하게 잘 씻겨요. 세안 후에도 얼굴이 당기지 않고 촉촉함이 그대로 유지되는 점이 제일 마음에 들어요.
2026-07-23,A000000187479,62904898,2026.07.17,5,0,NORMAL,폼160ml+40ml,,,,1,600.0,1,0,kimzhenghai,"비플레인 녹두 약산성 클렝징폼 한 달 이상 사용한 리뷰 남깁니다 !!

비플레인 제품 토너, 앰플, 클렌징폼, 클랜징 오일 다 사용중이에요 ~
클렌징 오일로 1차세안하고 클랜징폼으로 2차세안 하고 있어요 ~!
자극없이 사용하기 좋구요 거품도 나름 잘 나는 편이에요 !
세정력도 괜찮고 아침세안용으로도 쓰기 좋아요 ~"
2026-07-23,A000000187479,62573647,2026.07.09,5,0,NORMAL,폼160ml+40ml,A03,B02,"C03,C04",1,594.0,0,0,vlghdi1,순하고 자극없고 촉촉해서 벌써 세일때마다 여러번 재구매중입니다~ 아주 만족합니다 또 구매할게용 추천해요~!!
2026-07-23,A000000187479,63000626,2026.07.19,5,0,NORMAL,폼160ml+40ml,,,,1,504.0,1,0,이지올영,유명한 제품인데 이제 구입해봤네요. 여행용 사이즈가 함께 들어있어서 좋습니다.
2026-07-23,A000000187479,62696617,2026.07.12,5,0,NORMAL,폼160ml+40ml,,B04,,1,495.0,0,0,봄인가여름인가,국밥 같은 폼클렌징.. 무난무난하게 쓰기 조음~~~~~
2026-07-23,A000000187479,62897941,2026.07.16,5,0,NORMAL,폼160ml+40ml,,,,1,396.0,0,0,star206****,돌고돌아비플레인 ••! 가성비갑오브갑 ㄹㅈㄷ이슈입니다잉
2026-07-23,A000000187479,62798240,2026.07.14,5,1,OFFLINE,폼160ml+40ml,A01,B01,"C05,C06",1,396.0,0,0,김탁구공,자극없이 순하고 세정력이 좋아서 항상 밤에 클랜징할 때 사용해요!
2026-07-23,A000000187479,62572978,2026.07.09,5,0,NORMAL,폼160ml+40ml,A01,B03,"C05,C06",1,396.0,0,0,억짱이문어찜,순하고 거품을 잘 내면 자극이 없어서 좋습니다. 세정력도 좋고 향이 호불호가 좀 갈리는 거 같던데 저는 좋았습니다.
2026-07-23,A000000187479,62570086,2026.07.09,4,0,NORMAL,폼160ml+40ml,A03,,"C02,C03",1,396.0,0,0,까칠쟁이ㅋ,매번쓰는 제품으로 건조하지않고 깨끗하게 세안이 잘되는것같아요
2026-07-23,A000000187479,62250035,2026.07.03,5,0,NORMAL,폼160ml+40ml,A03,B05,"C05,C06",1,396.0,0,0,펭긴,민감성 피부인데 다른 건 다 땡기고 피부에 안 맞아서 이것만 써요 진짜 순하고 괜찮아요
2026-07-23,A000000187479,62795240,2026.07.14,5,0,NORMAL,폼160ml+40ml,,,,1,375.0,1,0,금빛하늘,"비플레인 클렌징폼 좋다는 소리를 워낙 많이 들어서 구매해봤어요..ㅎㅎ!
아침에 약산성으로 세안하려고 노력하고 있는 중인데, 약산성 치고 상쾌하게 잘 씻기는 느낌이라 만족하면서 사용하고 있습니다. 다 쓰고나면 아마 재구매할 듯요!"
2026-07-23,A000000187479,63006194,2026.07.19,4,0,NORMAL,폼160ml+40ml,,,,1,336.0,1,0,농담고옴로,"인기 좋다고 해서 아침용으로 하나 사봤는데
웬만한 약산성 폼보다 좋아서 만족크…
특히 수분 안 빼가서 좋은 듯..저렴이로 잘 모셔갑니다"
2026-07-23,A000000187479,62914569,2026.07.17,5,0,NORMAL,폼160ml+40ml,,,,1,336.0,1,0,아리몬,"기존에 쭉 쓰던 거 있는데...
하두 유명해서 궁금해서 구매해봄...
부디 좋았으면"
2026-07-23,A000000187479,62896118,2026.07.16,5,0,NORMAL,폼160ml+40ml,,,,1,336.0,1,0,Lilyyyyyy,"민감성 피부인데도 자극 없이 정말 잘 맞았어요. 여러 번 재구매해서 사용하고 있는 제품이고, 앞으로도 계속 구매할 예정입니다. 세안 후에도 당김이 적어서 너무 만족해요! 😊"
2026-07-23,A000000187479,62413686,2026.07.06,5,0,NORMAL,폼160ml+40ml,A01,,,1,330.0,0,0,아ㅏ엉,폼클 유목민이라 ㅜㅜ 또 새로운 폼클을 사보았어요 잘 맞길 바라며.. 꾸준히 써보겠습미다
2026-07-23,A000000187479,62974406,2026.07.18,5,0,NORMAL,폼160ml+40ml,,,,1,200.0,1,0,sd****,"피부가 예민해서 뾰루지가 금방금방 잘 나는 타입인데 비플레인 녹두 클렌징을 사용하고 피부가 말끔해지는 것 같습니다. 비플레인 녹두 클렌징을 사용해 본 후 가장 먼저 느낀 점은 세정력과 순한 사용감의 균형이 잘 맞는 제품이라는 것이었습니다. 평소 메이크업을 자주 하는 편은 아니지만 선크림은 매일 바르기 때문에 세안 후에도 깔끔하게 씻기는 제품을 선호하는데, 이 제품은 자극 없이 깨끗하게 마무리되어 만족스러웠습니다.향도 강하지 않아 호불호가 적을 것 같았고, 세안 후 피부가 미끈거리거나 잔여감이 남지 않는 점도 장점이었습니다. 매일 사용하는 클렌저인 만큼 사용감이 중요한데, 부담 없이 손이 자주 가는 제품이라는 생각이 들었습니다.
전체적으로 비플레인 녹두 클렌징은 순한 사용감, 적당한 세정력, 촉촉한 마무리감을 원하는 분들에게 잘 어울리는 제품이라고 생각합니다. 특히 민감성 피부나 복합성 피부, 세안 후 심한 건조함을 자주 느끼는 분들에게 만족도가 높을 것 같습니다. 자극은 줄이면서도 깔끔한 세안을 원하는 분이라면 한 번쯤 사용해 볼 만한 클렌저로 추천하고 싶습니다."
2026-07-23,A000000187479,63183898,2026.07.23,5,0,NORMAL,폼160ml+40ml,,,,0,168.0,1,0,jk9****,상품의 상태는 좋습니다 입구에 봉인씰로 되어 있고 저렴하게 구매했다고 볼 수 있을 지 모르겠으나 선크림 지우는 용도로 구매했는 데 좋습니다 또 구매하겠습니다 지인이 추천해주었어요
2026-07-23,A000000187479,63119721,2026.07.21,5,0,NORMAL,폼160ml+40ml,,,,1,168.0,1,0,lil****,제품력도 좋고 배송도 빨라서 만족스럽습니다 재구매의사있어용
2026-07-23,A000000187479,62977663,2026.07.18,5,0,NORMAL,폼160ml+40ml,,,,1,168.0,1,0,kkyjm****,유명한 제품이라 구매해봤는데 세정력이 괜찮네요.자극도 세지 않네요
2026-07-23,A000000187479,62695524,2026.07.12,5,0,NORMAL,폼160ml+40ml,,,,1,126.0,1,0,hs****,요즘 세안제 종류도 워낙 많고 해서 이것저것 다 써봤러요. 또 주문하게 됨 이유가 있지 않을까 싶네요.
2026-07-23,A000000187479,62577226,2026.07.09,5,0,NORMAL,폼160ml+40ml,,,,1,126.0,1,0,dbsrud****,냄시도좋고 뽀독뽀독하게 세정도좋고 최고입니당~~!!
2026-07-23,A000000187479,62459120,2026.07.07,5,1,OFFLINE,폼160ml+40ml,,,,1,126.0,1,0,amysoo****,순하고 세정력 괜찮은 거 같아서 아주 잘 사용하고 있어요!! 나중에 재구매할 생각입니다
2026-07-23,A000000187479,63065611,2026.07.20,4,0,NORMAL,폼160ml+40ml,,,,1,120.0,0,0,olaq04****,"**효과** : 사용 후 피부가
2. **텍스처** : 흡수력이 빠르고 끈적임 없어요
3.**성분** : 순한 성분이라 민감피부도 사용 가능해요.
4.**가성비** : 다른 제품 대비 가격 대비 효과가 좋아요! 재구매 의사 10
0%입니다. 패키지가 예쁘고 실용적이에요.
- 샘플도 같이 들어있어서 좋았어요! (샘플이 있을 경우)"
2026-07-23,A000000139063,60882840,2026.06.05,5,0,NORMAL,[본품+리필] 크림핑크,A01,B04,"C05,C06",280,15678.0,0,0,텅장이지만또살거긴해,"막 바르면 가부키 같긴해~
근데 다크닝 심각하긴해~
2시간 있으면 17호에서 22호 인간이 되긴해~
그래도 제품력이 좋긴해~
수정하기엔 별로긴 해~
사실 언제 어떻게 써야할지 아직 의문이긴해~"
2026-07-23,A000000139063,62584046,2026.07.09,4,1,OFFLINE,[2025 어워즈기획] 라이트,A06,B05,"C01,C04",2,2430.0,1,0,자유로운시각과이야기,"여름에디션 기획이라 걱정했는데, 피부에 쫙 달라붙어서 밀착력이 좋아요. 특히 무너질 때 지저분하게 뭉치거나 갈라지는 게 아니라, 내 유분기랑 자연스럽게 섞이면서 &#039;예쁘게 무너지는&#039; 편입니다. 수정 화장할 때 대충 톡톡 두드려도 안 뭉쳐요. 미니 쿠션 증정은 신의 한 수: 미니 쿠션 진짜 귀엽고 파우치나 미니백에 쏙 들어가서 보조용으로 들고 다니기 너무 편합니다. 본품은 집에 두고 미니만 들고 나가면 끝! 솔직히 아쉬운 점 (현실적인 단점) 커버력은 중상 정도: 점이나 진한 트러블 자국까지 완벽하게 가려지진 않아요. 자연스러운 피부 표현에 치중된 제품이라, 큰 잡티는 컨실러 도움을 살짝 받아야 합니다. 여름철 지성 피부는 파우더 필수: 촉촉함을 베이스로 깔고 가는 제품이라, 완전 지성이시거나 한여름 떵떵거리는 폭염에는 티존 부위 위주로 노세범 파우더 살짝 굴려줘야 지속력이 오래 갑니다."
2026-07-23,A000000139063,62006795,2026.06.28,3,0,NORMAL,[본품+리필] 미디엄,A06,B01,"C01,C05",7,1836.0,1,0,로보시,23호 여쿨라이트라 미디엄컬러는 얼굴이 많이 다크해져서 비추천합니다.. 발림성은 괜찮은데 나중에 얼굴이 더 많이 까매져요 ㅜㅠ
2026-07-23,A000000139063,62055934,2026.06.29,5,0,NORMAL,[본품+리필] 크림핑크,A02,B02,C08,6,1830.0,1,0,뚭ㅣㄴ,"쿠팡이 더 싼건가요?
저는 좋은지 몰라서 새언니 줬어요ㅜㅜ
건성에 좋대요 그렇겠죠?"
2026-07-23,A000000139063,63177971,2026.07.23,5,0,NORMAL,[SS에디션기획]페어라이트(본품+리필),A04,B01,"C01,C02",0,1800.0,1,0,지혜롭게빛나는,"몇번째 구매해서 사용중인데 여름기획 디자인이 너무 예쁜 것
같아요 ! 스티커 붙이는 것도 괜히 신중해지는 ,,,🕶️⛱️☀️
컬러는 원래 페어 사용하다가 노란끼가 덜했으면 좋겠어서
페어라이트 구매해서 사용중인데 만족합니다 ! 
다만 여름에는 파우더 필수 ..! 커버력은 중상정도 ? 여름이라
겨울보단 덜하다고 느끼는 것 같아요 ! 그래도 4계절 내내
사용할 수 있는 쿠션이라 좋아요! 파우더 안하면 머리카락이 좀
붙긴 하는데 그래도 이것만한 쿠션 아직 못찾았어요ㅠㅠ"
2026-07-23,A000000139063,62636550,2026.07.11,5,0,NORMAL,[SS에디션기획]페어라이트(본품+리필),A02,B02,"C01,C02",3,1395.0,0,0,doib3e,"건성이고 피부 잡티가 많은데
연한 여드름 흉터는 다 가려지고 피부 표현이 너무 예뻐오
평소에 21n 쓰는데 여기서는 고민하다가 페어라이트 구매했는데 너무 만족해요!!! 저는 다크닝도 없었고 유지력도 엄청 좋았어요."
2026-07-23,A000000139063,62493431,2026.07.08,5,0,NORMAL,[SS에디션기획]라이트(본품+리필),A02,B02,"C04,C05",3,1215.0,1,0,ekdms****,"여름 에디션 너무 예뻐요!!!!!!ㅜㅜ 케이스가 완전 물결자석네일 한 느낌,,, 진짜 너무 예뻐요 원래 미디엄 쓰다가 좀 밝아지는 색 써보고 싶어서 라이트로 구매했어요! 확실히 라이트가 밝은데 막 엄청 하얀느낌은 아니라서 잘 쓰고있습니당 퍼프도 파란색 너무 예뻐요 🩵🩵"
2026-07-23,A000000139063,62633903,2026.07.11,5,0,NORMAL,[SS에디션기획]페어라이트(본품+리필),,,,5,1170.0,1,0,Zoet,"정샘물 쿠션이야 무너짐 예쁘고 제품 괜찮다는건 아는데,
늘 케이스가 뭔가 아쉬웠음. 쿠션 마개에 자글자글?하게 된 부분도 좋고 그런 부분은 참 좋은데, 용기만 보면 혹 하지 않고 안 사고 싶달까.. 
근데 이번에 이 제품 진짜 감다살..
이렇게 쏙 마음에 들었던 건 손에 꼽아요..
제품 포장? 박스가 예뻐서 버리기 아쉽다는 생각이 드는 것도 처음이었고,
쿠션 윗 부분은 시원한 하늘색에 각도에 따라 물결처럼 보이게 바다처럼 한것도 좋았고,
쿠션 용기 아랫부분은 모래처럼 무늬 넣어서 디자인 한 것도 진짜 모래사장 느낌이라 예뻤고,
심지어 리필 포장재를 투명한 하늘색으로 해서 안에 리필이 비치는데 그게 또 물에 담긴 느낌이라 예뻤고,
사시사철 수정용으로 미니쿠션은 휴대하기 좋고 특히 여름엔 더 필요한데 구성으로 함께 들어있어 좋았습니다.
특히 스티커..  화장품 용기에 증정되는 스티커 귀여워도 붙이고 꾸미는거는 별로 안 좋아하는데, 이번 쿠션이랑 스티커랑 잘 어울릴 수 밖에 없게 만들어놔서 첨으로 스티커 붙여봄..
진짜 바닷물에서 물놀이 하는 느낌이 나는 시원한 쿠션 용기….. 진짜 잘 만들었다. 
제품 내용물이 어떤지 후기를 남겨야 하는데 패키징 칭찬만 엄청하긴 처음입니다.
진짜 감탄만 나옴. 미니쿠션도 이렇게 예쁘게 만들어 주면 좋겠습니다.."
2026-07-23,A000000139063,62439257,2026.07.07,5,1,OFFLINE,[본품+리필] 라이트,A04,B06,C08,0,900.0,1,0,잰뿡빵,정샘물 쿠션 없이 못살아요… 다른 쿠션 도전해봤다가 결국 다시 돌아왔어요^^ 🩵촉촉하고 색도 다양해서 여러 톤을 가진 사람들도 다 사용할 수 있어서 좋아요! 베이스가 참 중요한데 너무 좋은 제품이라 공들여서 화장하면 그 날 하루는 수정 메이크업 안해도 될 만큼 짱짱하게 올라가여!!
2026-07-23,A000000139063,62169330,2026.07.01,3,1,OFFLINE,[2025 어워즈기획] 라이트,A04,B02,"C05,C08",2,600.0,1,0,고능소비하세요,"저에게 너무 노란끼가 돌아서 톤업크림이랑 섞어서도 써봤지만 그냥 애매합니다
승무원분들 강추템이라 샀는데 수부지인 저에게 제형도 크게 메리트를 보진 못했어요...ㅜㅜ
건성이신 분들은 잘 맞으실 수도!
커버력은 잘 모르겠습니다 커버력 있는 제품 원하면 지베르니 어바웃톤 파데로 갈아타시길!"
2026-07-23,A000000139063,62843013,2026.07.15,5,1,OFFLINE,[NEW/본품+리필] 페어로즈,A03,B03,"C02,C06",1,594.0,0,0,예지욥,원래 페어라이트 쓰다가 넘 노래서 잘 안썼는데 색상 새로 나왔다구해서 써봤는데 확실히 노란끼가 잡혀요!
2026-07-23,A000000139063,62792404,2026.07.14,5,0,NORMAL,[본품+리필] 라이트,,,,0,594.0,1,0,별빛하늘,요즘은 자연스러운 화장을 많이 하다보니 자연스럽게 제톤에 맞는 제품을 사용하게되네요! 이 제품도 2년전부터 계속계속 쓰고 있어요 ㅋㅋㅋ 촉촉하다보니 원래 톤보다 1단계 밝은 호수를 사용하니 딱 맞네요🫶🏻
2026-07-23,A000000139063,62566773,2026.07.09,5,0,NORMAL,[SS에디션기획]페어라이트(본품+리필),A03,B03,"C06,C09",1,594.0,0,0,이보보봉,몇 통 째 쓰는지도 모를정도로 사용중입니다. 여름에디션 케이스가 예뻐서 구매 해보았는데 시원해보이니 예쁘네요!
2026-07-23,A000000139063,62491128,2026.07.08,5,0,NORMAL,[본품+리필] 라이트,A03,B04,"C08,C09",1,594.0,0,1,스트로베리문,가장 베이직하게 사용하기 좋은 쿠션이고 양조절 되는 패드가 좋은거같아요
2026-07-23,A000000139063,62545189,2026.07.09,5,0,NORMAL,[SS에디션기획]라이트(본품+리필),A03,B03,"C07,C08",0,540.0,1,0,고앵이이,"평소에 촉촉한쿠션 위주로 쓰는 극지성 수부지에요 
제가 촉촉한것만 쓰다보니 매트로 느껴지는데 
그나마 정샘물 쿠션들중에서는 스킨누더가 덜 건조하긴해요 
화장했다고 느낄만큼 커버력도 좋고 유지력도 좋고 
이제품만 눈밑주름이 안끼어서 이부분이 넘좋아요
리필 하나 사서 써보고 만족해서 세트구매해가요"
2026-07-23,A000000139063,62292039,2026.07.04,5,1,OFFLINE,[본품+리필] 크림핑크,,,,1,540.0,0,0,팬더ㅇㅅㅇ,"여름 필수 정착템! 맑은 생기 피부를 만들어주는 정샘물 누더 쿠션 (미니쿠션 기획 최고 ☀️)
베이스 메이크업의 명가 정샘물의 스테디셀러, 스킨 누더 쿠션을 이번 여름 에디션 기획으로 만나봤습니다! 귀여운 미니 쿠션까지 증정되는 구성이라 소장 가치도 높고 휴대성까지 챙길 수 있어서 대만족이에요.
✨ 제형 및 피부톤 표현
바를 때는 에센스를 바른 것처럼 촉촉하고 부드럽게 펴 발리는데, 피부에 밀착되면서 겉보속촉하게 마무리됩니다. 특히 텁텁하게 가려지는 두꺼운 커버가 아니라, 내 원래 피부 톤과 자연스럽게 어우러지면서 맑고 화사한 상아빛 생기를 찾아주는 컬러감이 정말 예술이에요. 노란 기나 붉은 기를 예쁘게 보정해 주어 피부가 정말 맑아 보입니다.
🌿 지속력 및 여름철 사용감
여름 에디션답게 땀과 유분이 올라오는 계절에도 쉽게 무너지지 않고 예쁘게 유지돼요. 무너질 때도 지저분하게 뭉치지 않고 자연스러운 윤기처럼 표현되어서 수정 화장할 때 위에 덧발라도 들뜸이 없습니다. 증정으로 받은 미니 쿠션은 미니백이나 파우치에 쏙 들어가서 외출 시 수정용으로 들고 다니기 딱 좋습니다.
답답하지 않으면서도 내 피부처럼 자연스럽고 화사한 피부 톤업을 원하시는 분들, 여름철 예쁜 결광 지속력을 원하시는 분들께 올여름 필수템으로 적극 추천합니다!"
2026-07-23,A000000139063,62860713,2026.07.16,5,0,NORMAL,[SS에디션기획]페어라이트(본품+리필),A03,,"C02,C04",0,528.0,1,0,Seoyung788,여름 에디션 너무 이쁘고 항상 계절마다 계절 패키지 나오는거 너무 이뻐요 그리고 미니쿠션 기획 조항용
2026-07-23,A000000139063,61855518,2026.06.24,5,0,NORMAL,[본품+리필] 엔라이트,A04,B03,"C05,C08",1,504.0,1,0,쨔아아안,유명하다구 해서 사봤는데 완전 자연스럽게 발리네용 커버력은 생각보다 없는데 진짜 약간 쌩얼템??
2026-07-23,A000000139063,62630539,2026.07.11,5,0,NORMAL,[SS에디션기획]페어라이트(본품+리필),A01,B03,"C01,C04",1,396.0,0,0,지성이쥬,처음써보는데 좋네요. 근데 뭔가 쿠션사이즈가 작아서 양이 적어보여요.
2026-07-23,A000000139063,62220478,2026.07.02,5,1,OFFLINE,[SS에디션기획]페어라이트(본품+리필),A03,B05,"C03,C04",1,396.0,0,0,뭐꼬,사무실에서 쓰력 구매 햣어요 종종 먹어뫗는데 ㅡ난하고 맛이성요
2026-07-23,A000000139063,61955216,2026.06.26,5,1,OFFLINE,[본품+리필] 페어라이트,A03,B01,C09,10,396.0,0,0,대애충,"정샘물 에센셜 스킨 누더 쿠션 
가볍게 발려서 좋아요 ~~!! 톡톡톡 끝 ~~"
2026-07-23,A000000139063,61868702,2026.06.24,5,1,OFFLINE,[본품+리필] 라이트,A01,B01,"C04,C06",0,396.0,1,0,TEXAS40,거의 연속으로 4번째 쓰고 있는데 너무 좋아요 😍 😀 감사드립니다
2026-07-23,A000000139063,61831633,2026.06.23,4,1,OFFLINE,[본품+리필] 미디엄,A03,B02,"C08,C09",0,396.0,1,1,김듈리,약간 촉촉이 쿠션으로 알고 있습니다 전에 사용하던건데 무난했어요
2026-07-23,A000000139063,60224639,2026.05.27,5,1,OFFLINE,[본품+리필] 페어라이트,A03,B01,C01,3,375.0,1,0,무생채,잘 사용하고 있는 제품이에요. 우선 이 제품은 자극적이지 않아서 좋더라고요. 그래서 사용할 때 딸들과도 같이 사용하고 있어요. 구매해 놓으면 간편하게 메이크업 할 때 편해서 좋더라고요. 그리고 세일할 때 구매하면 더 좋아요. 세일 많이 해주세요~ 또 구매하겠습니다. 넘 좋아요!
2026-07-23,A000000139063,63028176,2026.07.19,5,1,GIFT,[본품+리필] 페어라이트,A04,B04,C07,0,360.0,0,0,Meomeo7,"촉촉한 광채 피부 표현을 좋아한다면 정말 만족할 제품입니다. 피부에 얇고 균일하게 밀착되면서 본래 피부가 좋은 것처럼 자연스럽게 표현됩니다. 건성 피부인데도 들뜸 없이 편안했고, 수정 화장을 하면 처음 메이크업처럼 다시 살아나는 점이 특히 좋았습니다. 미니 쿠션까지 함께 들어 있어 휴대하기도 편리했습니다."
2026-07-23,A000000139063,61895733,2026.06.25,5,1,OFFLINE,[본품+리필] 페어라이트,A02,B02,"C01,C03",1,360.0,0,0,오호호홀,"제가 2020년도에 처음 알게 된후 계속 이것만 쓰고 있어요. 
30대 되니까 커버가 필요하고 촉촉함은 물론 정샘물만한게 없어서 다른거 써도 이걸로 다시 돌아오게되요.

라이트 색상은 사간지나면 다크닝이 와서 페어라이트가 딱 좋은것같아요.
너무 밝으면 얼굴이 동동 떠보여서 비슷한 색상이 손에 가더라고요.
여름계절에 쓰기도 너무 번들거리지 않아서 좋아요!"
2026-07-23,A000000139063,62306733,2026.07.04,5,0,NORMAL,[SS에디션기획]라이트(본품+리필),A02,B05,"C08,C10",1,330.0,0,0,Polarjelly,"기존 사용하던 케이스가 너무 더러워져서 새 케이스 구하려다가 샀습니당
색상 여름여름해요"
2026-07-23,A000000139063,61866825,2026.06.24,5,1,OFFLINE,[본품+리필] 엔라이트,A03,B02,C01,0,330.0,1,0,sujinii,봄까지 잘 썼어요. 요즘은 더워서 그런지 좀 매트한 쿠션을 찾게되는데 사계절용으로도 손색이 없는 쿠션이에요. 티존이 지성이라 저는 여름에는 못쓸것 같지만ㅠ
2026-07-23,A000000139063,62667208,2026.07.11,5,0,NORMAL,[SS에디션기획]페어라이트(본품+리필),,,,1,297.0,0,0,뀨민,오래전부터 잘쓰는 제품이예요 구성도 너무 좋고 믿고쓰는 제품!
2026-07-23,A000000139063,61212312,2026.06.09,5,1,OFFLINE,[단독컬러/본품+리필] 크림,A04,B03,"C02,C04",1,270.0,1,0,김따,"한동안 꾸준히 사용해 본 결과 전체적으로 만족도가 정말 높은 제품이었어요. 처음에는 큰 기대 없이 사용했는데 생각보다 사용감이 좋아서 자연스럽게 손이 자주 가게 되더라고요.

패키지도 깔끔하고 사용하기 편하게 되어 있어서 매일 사용하는 데 불편함이 없었고, 무엇보다 사용할 때마다 기분이 좋아지는 제품이었어요. 사용감이 부담스럽지 않고 데일리로 활용하기 좋아서 아침저녁으로 꾸준히 사용하고 있습니다.

사용 후에는 피부가 한결 정돈된 느낌이 들었고, 평소보다 컨디션이 좋아 보이는 것 같아 만족스러웠어요. 자극적이지 않은 편이라 부담 없이 사용할 수 있었고, 꾸준히 사용하면서 더욱 만족도가 높아졌습니다.

또 다른 제품들과 함께 사용해도 크게 밀리거나 불편한 점이 없었고, 메이크업 전이나 자기 전 등 다양한 상황에서 활용하기 좋았습니다. 사용하면서 왜 많은 분들이 찾는지 알 것 같다는 생각이 들었어요.

무엇보다 꾸준히 사용하게 되는 가장 큰 이유는 사용 후의 만족감인 것 같아요. 한 번 쓰고 끝나는 제품이 아니라 자연스럽게 재구매를 고민하게 되는 제품이었습니다.

⭐ 총평: 디자인, 사용감, 만족도 모두 괜찮은 제품! 특별히 아쉬운 점 없이 꾸준히 사용하기 좋았고 앞으로도 계속 사용할 것 같습니다. 추천해요! 💕✨🫶"
2026-07-23,A000000174309,62094510,2026.06.30,5,1,GIFT,[HOT/젤테일] 코코아 브륄레,A04,B04,"C05,C09",45,13860.0,1,0,선구매후생각,"진짜 올리브영 리뷰는 사진을 하나하나 첨부해야 해서 너무 귀찮은 것 같아요.
여러개 선택해서 한번에 첨부할 수 있게 개선해줬으면 좋겠어요.
여튼 젤테일은 좋아요.
평소에 아이라이너가 잘 번지는 눈이라면 젤테일 강추해요.
눈밑에 안번지니까 너무 좋아요."
2026-07-23,A000000174309,61327948,2026.06.11,5,1,GIFT,[젤테일] 몰튼 아메리카노,A01,B04,"C05,C06",114,7218.0,0,0,텅장이지만또살거긴해,"젤 라이너 좋긴해~
생각보다 무르긴해~
또렷보단 흐리멍텅이긴해~
초보자 추천이긴해~"
2026-07-23,A000000174309,62902026,2026.07.17,5,0,NORMAL,[HOT/젤테일] 코코아 브륄레,A03,B04,"C05,C09",3,3960.0,1,0,크림짱,"젤 아이라이너와 가루섀도우의 중간느낌 제형
습식섀도우라 해야할까요
발라서 삭 그으면 그리는대로 깔끔하게 발리는데
여러번 브러쉬로 마찰이 반복되면 가루져서 떨어지기도해요

저는 아이라인으로 사용하려고 구매한거고
젤 아이라리너에 쓰는 브러쉬로 발라주고 있어요
꼬리빼기엔 여러번 그어주다보니 연해지고 가루도 좀 떨어지고해서
눈윗라인 그려줄때만 쓰는데
얇고 깔끔하게 싹 잘그려져요
지속력도 좋습니다"
2026-07-23,A000000174309,62117497,2026.06.30,5,0,NORMAL,[HOT/젤테일] 코코아 브륄레,A04,B04,"C01,C05",10,3420.0,1,0,유쬬,"젤 아이라이너 / 젤테일 홀리카 섀도우 
비교 궁금하신 분들 많을 것 같아요!!

그래서 제가 가져왔습니당.
- 토니모리 백젤 아이라이너 : 선명 또렷하게 발색+지속력 매우 좋음+그리는대로 그려짐
- 홀리카 젤테일(코코아 브륄레) : 
선명하진 않음+자연스러운 발색+지속력 괜찮은편+굳이 비유하자면 진한 색 가루타입섀도우로 아이라인 뺀 느낌?

그러면 걍 가루타입섀도우 있는거 그대로 쓰지 뭐 ;; 하는 분들 계실 것 같은데
그거랑은 느낌이 다른게 지속력이 차원이 달라요,,

눈가에 유분기 저어엉말 많은 편이라 크리즈+번짐이 심한 눈인데
가루타입 섀도우는 금방 번지거든요?
근데 젤테일 섀도우는 지속력 아주 좋습니당
출근해서 9시간 앉아있어도 괜찮네용! 번지지 않아욥

리퀴드타입 아이라이너or젤 타입 아이라이너 너무 선명하게 발색돼서 싫으셨던 분들께
이 제품 와ㅏ아안전 강추드려요"
2026-07-23,A000000174309,62840101,2026.07.15,3,0,NORMAL,[NEW/젤테일] 소이 로즈,A03,B01,"C03,C05",6,3294.0,1,0,콩이는콩이,제품명에 &#039;로즈&#039;가 들어가서 핑크 계열이라 생각하면 안되고 오렌지 레드에 가까워요. 빨간 벽돌집의 브릭 레드가 떠오르는 색.. 완전 웜톤용이라 기왕지사 피부톤에 맞는 색을 쓰고 싶은 쿨톤분들은 백스텝 하십시오..
2026-07-23,A000000174309,62575765,2026.07.09,5,0,NORMAL,[HOT/젤테일] 코코아 브륄레,A04,B03,"C01,C02",7,3294.0,0,0,joyyride,"좋다는 입소문 듣고 사보았던 
젤이라 확실히 좋더라고요
단점을 찾자면 이걸 사면 이 제형에 맞는 
단단하고 샤프하게 생긴 브러쉬가 필요함 (기획 만들어달라!!!)"
2026-07-23,A000000174309,63017760,2026.07.19,5,0,NORMAL,[HOT/젤테일] 코코아 브륄레,A07,B03,,2,3240.0,1,0,xxzz,"펜슬 타입은 날렵하게 그리기 어렵고, 젤 타입은 관리가 번거롭고, 붓펜 타입은 너무 또렷해서 인위적으로 느껴질때가 있었는데 젤테일은 딱 그 중간느낌이라 너무 좋아요🤎
말랑말랑한 젤리 제형이라 가루날림 없이 부드럽게 발리고 살짝 풀어진듯이 부드럽게 발색돼서 자연스러운 메이크업 할때 딱이에요!
아무래도 섀도우라 지속력이 엄청 강하진 않은데 저는 눈꼬리만 그리는 편이라 그런지 번짐은 거의 못느꼈어요

🍫코코아 브륄레: 짙은 다크브라운 컬러라 메이크업 톤 크게 타지않고 어디든 무난하게 잘어울리는 느낌이에요! 진한 컬러지만 발색이 너무 또렷하지 않아서 부담없이 쓰기좋아요

☕️멜티드 헤이즐: 코코아 브륄레에서 농도를 낮추고 붉은기가 한방울 추가된 부드러운 브라운 컬러에요. 기존 세 컬러가 전부 진한편이라 살짝 아쉬웠는데 이렇게 연한 컬러가 나와서 나오자마자 바로 구매했어요! 연한 아이라인 좋아하시는 분들께 완전 추천드려요"
2026-07-23,A000000174309,62773344,2026.07.14,5,0,NORMAL,[NEW/젤테일] 베이지우드,,,,4,2754.0,1,0,빵빵앙옥지양,애교살 음영 그릴 때 사용중인데 여러번 발색해야 제가 원하는 음영감이 생기더라구용
2026-07-23,A000000174309,63017837,2026.07.19,5,0,NORMAL,[NEW/젤테일] 멜티드 헤이즐,A07,B03,,1,2520.0,1,0,xxzz,"펜슬 타입은 날렵하게 그리기 어렵고, 젤 타입은 관리가 번거롭고, 붓펜 타입은 너무 또렷해서 인위적으로 느껴질때가 있었는데 젤테일은 딱 그 중간느낌이라 너무 좋아요🤎
말랑말랑한 젤리 제형이라 가루날림 없이 부드럽게 발리고 살짝 풀어진듯이 부드럽게 발색돼서 자연스러운 메이크업 할때 딱이에요!
아무래도 섀도우라 지속력이 엄청 강하진 않은데 저는 눈꼬리만 그리는 편이라 그런지 번짐은 거의 못느꼈어요

🍫코코아 브륄레: 짙은 다크브라운 컬러라 메이크업 톤 크게 타지않고 어디든 무난하게 잘어울리는 느낌이에요! 진한 컬러지만 발색이 너무 또렷하지 않아서 부담없이 쓰기좋아요

☕️멜티드 헤이즐: 코코아 브륄레에서 농도를 낮추고 붉은기가 한방울 추가된 부드러운 브라운 컬러에요. 기존 세 컬러가 전부 진한편이라 살짝 아쉬웠는데 이렇게 연한 컬러가 나와서 나오자마자 바로 구매했어요! 연한 아이라인 좋아하시는 분들께 완전 추천드려요"
2026-07-23,A000000174309,62604843,2026.07.10,3,1,OFFLINE,[HOT/젤테일] 코코아 브륄레,A03,B02,"C04,C05",3,2475.0,1,0,윌리윌리,"색감은 정말 마음에 드는데, 사용하면서 살짝 아쉬운 점들이 있어서 공유해요! 🎨

😐 아쉬운 번짐 현상
양 조절을 꼼꼼히 해도 시간이 지나면 눈 밑으로 번져서 팬더처럼 되는 게 제일 아쉽네요... 밖에서 거울 보면 눈 밑에 검게 번져 있어서 결국 베이스를 닦아내고 다시 수정해야 하는 번거로움이 있어요ㅠ

😐 기대에 비해 아쉬운 발색
기대를 많이 해서 그런지 발색이 생각보다 진하게 올라오진 않아요. 가루 섀도우보다 좀 더 맑게 표현되는 느낌이라, 진한 메이크업을 선호하시는 분들은 참고하셔야 할 것 같아요!

😐 가루 떨어짐 주의
진하게 발색하고 싶어서 브러시에 양을 좀 많이 묻히면 덩어리지면서 눈가에 가루가 우수수 떨어지네요. 바를 때 조심해서 살살 올려줘야 깔끔하게 마무리됩니다"
2026-07-23,A000000174309,62797669,2026.07.14,5,0,NORMAL,스트로베리 오트 (HOT),A02,B01,"C01,C05",3,2430.0,1,0,너굴촌장,"홀리카홀리카는 쿨톤 뉴트럴톤 핑크 섀도우를 잘 뽑는다구리
나는 홀리카 핑크 섀도우만 나오면 다 사모으는 너구리다구리... 근데 나같은 너구리들은 섀도우 전에 아이프라이머를 꼭 발라서 눈가가 까만거를 밝혀주면 지속력도 높아지고 샤도우 발색도 좋아진다구리!"
2026-07-23,A000000174309,62798582,2026.07.14,5,1,GIFT,[HOT/젤테일] 코코아 브륄레,A04,B01,"C06,C07",2,2214.0,1,0,삼이코스메틱,표면에 기스가 가득해서 맘이 아프네요.. 젤테일 라인은 워낙 유명하고 메이크업샵쌤들 유튭보면 다들 쓰시더라구요 약간 젤리블러셔? 같은 제형이고 아이라이너로 그릴수 있어서 브러쉬가 필요한게 귀찮긴 하지만 새롭고 좋아요
2026-07-23,A000000174309,62605297,2026.07.10,5,0,NORMAL,[기획] 시나몬 롤,A01,B05,"C03,C06",1,1890.0,1,0,ㅣ김여름ㅣ,"🤎 시나몬롤
+) 로즈 차이티 섀도우

버릴 컬러가 없어요…
너무 예쁜 로즈브라운 섀도우 팔레트에요
매트 비중이 높아서 넘 유용하고 쉬머 컬러도 너무 예쁩니다…

증정품인 로즈 차이티 섀도우도 작은 펄이 콕콕콕 박혀있는 쉬머 섀도우라 너무 예뻐요,,,"
2026-07-23,A000000174309,62588561,2026.07.10,5,1,OFFLINE,[기획] 유자 시트러스 티,A02,B02,"C01,C02",1,1890.0,1,0,김모루,"봄라분들 제발 구매해죠.. 🍋✨  

보기만해도 상콤한 유자걸이되는데 눈에 올려도 맑고 스미듯이 쌓여요 장점이라면 장점인데 흰끼가 꽤 강하고 고명도라 라이트분들이 아니면 약간 어려울 것 같긴함 ㅜ  

그래도 21호 갈뮤 거친 봄라인 제 피부에서는 생각보다 색감도 잘 쌓이고 연노랑 코어가 너무 예뿌도라구요 ^0^ 생각보다 손이 잘 가는 팔레트라 저는 추천 😍"
2026-07-23,A000000174309,62541899,2026.07.09,5,0,NORMAL,[기획] 시나몬 롤,A02,B02,"C01,C02",1,1890.0,1,0,김모루,"가을 소프트 가을 뮤트는 꼭 사세요 !! 
진짜 만능 팔레트.. 핑크베이지&뉴트럴베이지 다 가능한 구성인데 진짜 너무 예뻐요,,🤎

홀리카 홀리카 섀도우 질감 좋은건 이제 다들 아시잖아요 ㅎㅎ 너무 매끈하게 발색도 잘 되고 특히!! 펄이 미쳤어.. 새틴허게 촥 밀착 돠는데 애굣살에 발라주면 기절임 Zz.."
2026-07-23,A000000174309,62457966,2026.07.07,4,0,NORMAL,[NEW/젤테일] 멜티드 헤이즐,A03,B03,"C08,C09",4,1836.0,1,0,PKBB,"코코아브륄레 잘 써서 젤테일 다른 컬러들도 사봤어요! 멜티드 헤이즐은 코코아 브륄레보단 훨씬 연해서 아이라인 꼬리 빼는데 좀 많이 연할 것 같기두,, 약간 가이드용으로는 괜찮을 것 같아요"
2026-07-23,A000000174309,62119929,2026.06.30,5,0,NORMAL,[기획] 유자 시트러스 티,A01,B04,"C02,C05",6,1836.0,1,0,말라크,"진짜 흰기많고 예상대로 저랑은 안어울랴요ㅠ 잘 쓰기 어려워요
그래도 유니크해서 좋아요 
젤테일 증정도 좋아요!!"
2026-07-23,A000000174309,63199231,2026.07.23,5,0,NORMAL,[HOT/젤테일] 코코아 브륄레,A03,B02,C10,0,1800.0,1,0,최어텀,"젤 타입이라 부드럽게 발리면서도 밀착력이 정말 뛰어난 제품이에요. 눈가에 자극 없이 매끄럽게 발리고, 브러시로 살짝만 블렌딩해도 자연스러운 아이라인이 완성돼요. 빠르게 픽싱되어 시간이 지나도 번짐이나 끼임이 적고, 생각보다 오래 유지되는 편이에요. 덧발라도 뭉치거나 탁해지지 않아 자연스러운 데일리 메이크업부터 또렷한 포인트 메이크업까지 다양하게 활용할 수 있어요. 작은 용량으로도 오래 사용할 수 있어서 아주 만족스러워요!"
2026-07-23,A000000174309,63157973,2026.07.22,5,0,NORMAL,[젤테일] 우드스모크,A02,B04,,0,1800.0,1,0,서얀,"홀리카홀리카 마이페이브 피스 젤테일
우드스모크


✔️제형은?
기존 젤 아이라이너와 블렌딩 섀도우의
장점을 함께 담은 제품이에요.

젤테일 특징 정리
· 젤과 섀도우의 장점 결합
· 가루날림이 적음
· 자연스러운 음영 표현
· 블렌딩이 쉬움
· 트임 메이크업 활용 가능


✔️젤리 제형
손으로 눌렀을 때 자국이 남을 정도의
말랑한 젤리 제형이에요.
그래서 일반 파우더 섀도우보다 가루날림이 적고,
브러쉬에 필요한 만큼만 묻어 나와 양 조절도 쉬웠어요!


✔️컬러감
붉은 기가 거의 없는 애쉬 딥 브라운 컬러라서
눈매가 훨씬 깔끔해 보이더라고요.
검은 아이라인이 부담스러운 분들도
자연스럽게 사용할 수 있는 색감이라
데일리용으로 만족도가 높았어요.


✔️ 젤테일로 아이라인 그리는 법
① 속눈썹 사이를 가볍게 채워주기
② 젤테일은 브러쉬에 소량만 묻히기
③ 브러쉬를 사용해 눈꼬리를 2~3mm 정도만 빼주기
④ 손톱이나 면봉으로 끝을 정리하면 더욱 깔끔

처음부터 진하게 그리기보다
여러 번 얇게 덧발라주는 것이
훨씬 자연스럽게 표현돼요."
2026-07-23,A000000174309,63152337,2026.07.22,5,1,GIFT,[젤테일] 우드스모크,A03,B02,"C06,C09",0,1800.0,1,0,리락쿠마쿠마,다들 아이라이너 그릴 때 젤테일 많이 사용하길래 구매해봤어요 제형은 말랑한 타입이라 섀도우로 아이라인 그릴 땐 금방 번지거나 가루가 떨어졌는데 이건 그런 게 없이 피부에 잘 밀착 돼서 좋아요 아이라이너만큼 번짐이 없는 건 아니지만 그래도 저처럼 똥손이 깔끔하고 자연스러운 아이라이너 그리기엔 이만한 제품이 없어서 앞으로도 잘 사용할 거에요 양도 많아서 정말 계속 써도 다 쓸 수 있을까 싶긴 합니다 색상도 다양해졌던데 다른 색상도 구매해보고 싶어요
2026-07-23,A000000174309,63126501,2026.07.22,2,0,NORMAL,[한정] 더 히든 001(스노우),A03,B05,"C01,C05",1,1800.0,1,0,EO,"1월에 한정이라고 해서 샀는데 아직도 팔고 있네요 🥲

리퀴드 글리터처럼 펄 입자가 커서 서걱거리는 질감이었고 엄청 화려해서 소량만 발라야 했어요 

실버 펄인데 많이 바르면 사이버틱해서 소량 찍고 많이 펴줘야 보통 섀도우 팔레트에 있는 펄 섀도우 느낌으로 바를 수 있었어요 

이래서 한정이구나 싶긴 했지만.. 색조를 많이하지 않는 사람은 활용도가 너무 낮아서 괜히 산 것 같았어요 😭

그리고 전 웜톤인데 각도에 따라 흰기, 보라기도 보여서 쿨톤에 더 어울리는 섀도우 같았어요"
2026-07-23,A000000174309,63076008,2026.07.20,4,0,NORMAL,위스테리아 (HOT),A03,B04,"C01,C06",0,1800.0,1,0,드리즐,"제가 여름 뮤트톤인데 약간 톤다운된 컬러가 어울린다고 해서 골라 본 컬러예요. 

브라운에 가깝기도 한 어두운 핑크컬러 느낌인데요
양 조절 잘해야 할 거 같아요. 

잘 못 바르니까 눈이 부어 보이는 거 같은 느낌도 있어서ㅎㅎ
색상 자체는 마음에 들어요"
2026-07-23,A000000174309,63045847,2026.07.20,5,0,NORMAL,[기획] 유자 시트러스 티,,,,2,1800.0,0,0,Vialactea,"입자가 곱고 부드럽게 발려 여러 번 덧발라도 뭉침이 적었고, 음영 표현도 자연스러워요. 글리터 컬러는 입자가 과하지 않아 데일리 메이크업에도 부담 없이 사용할 수 있었고, 눈두덩이나 애교살에 살짝 올려주면 은은한 반짝임이 만족스러워요.
발색이 진하지 않아서 초보자로 여러번 레이어링하면서 쓰기 좋습니다."
2026-07-23,A000000174309,62115167,2026.06.30,5,0,NORMAL,[NEW/젤테일] 베이지우드,A02,B04,"C01,C09",4,1620.0,1,0,코코넛슬라이스,"이거 쓰고 나서 애굣살 얘없이는 못그리는 병걸림
팔레트에 있는 음영 컬러로 그리는 거랑은 확실히 차이가 남
더 쫀쫀하게 올라가고 영역이 확실하게 잡히면서 위쪽으로 블렌딩도 잘되서
진짜 애굣살 무에서 유로 창조 완전쌉가능임ㄹㅇ
좀 납작 판판한 작은 브러쉬로 슥슥하면 ㄴㅁㄴㅁ좋음!!! 예쁜데 빨리되니까 바쁜 아침엔 얘 파우치에 무조건 넣고다님 젤테일 중 이걸 제일 추천함"
2026-07-23,A000000174309,62100741,2026.06.30,5,0,NORMAL,[HOT/젤테일] 코코아 브륄레,A02,B06,"C01,C10",9,1620.0,1,0,묨2,하 이거진짜 무조건무조건무조선 사세요 젤ㅠㅔㄴ슬로  점막채우고 이걸로 꼬리빼면 대박입니다 리퀴드는 너무 라인그렸어요 하는거같아서 안좋아하는데 그냥 슥 그리면 너무 날렵하게 잘 빠짐ㅠㅠ 젤테일이라 가루날림도 없고 위에 실러한번 싹 발라주면 하루종일가요 진짜루.ᐟ.ᐟ.
2026-07-23,A000000174309,61983437,2026.06.27,5,0,NORMAL,슈가리스 (피스빔/HOT),A02,B06,"C02,C03",19,1620.0,1,0,로라레,웜톤 분들이 쓰기 좋은 하이라이터에요! 골드빔도 있지만 살짝의 핑크끼도 있어서 되게 오묘한 색감이라 넘 예뻐요 제형은 습기는 없고 좀 퍼석한 제형이지만 피부에 올리면 그래도 괜찮더라구요! 파우더 얇게만 하고 올리시거나 파우더 전에 올리시는 거 추천드립니다 브러쉬로 올려도 예쁘고 손으로 올려도 뭉침없이 잘 올라갔어요 과하지 않게 은은하게 데일리로 잘 사용중이고 광대 콧대 이마 등 하이라이터 넣어주면 원래 피부가 좋은 사람처럼 연출이 되고 입체감이 있어보여서 잘 사용하고 있습니다
2026-07-23,A000000174309,62857803,2026.07.15,5,0,NORMAL,[NEW 기획] 폴인오트,A02,B03,"C04,C05",2,1575.0,1,0,내추구미는쭈꾸미,진짜 지금 네개?째 쓰고있어요 데일리로 최고ㅠㅠㅠㅠㅠ💕부담스럽지 않은 컬러고 색이 진짜 잘쌓여서 음영넣기도 좋아요 핑크도 적당히 있어서 그냥 올인원 팔레트입니다 저는 안쓰는 색이 없어요 다른 팔레트 있어도 이것만 써요 그냥 사세요
2026-07-23,A000000174309,63139736,2026.07.22,5,1,GIFT,[한정] 로지 클레이(피스 밤),A04,B04,"C04,C05",0,1512.0,1,0,올영티티,로지색상이 한정이라 가지고 싶었던 색상이에요 피부톤이랑 맞지는 않지만 발색하면 로지한 색이 넘 예쁘네요 하나 가지고 있어도 괜찮을것 같아요
2026-07-23,A000000174309,62986821,2026.07.18,5,0,NORMAL,슈가리스 (피스빔/HOT),A01,B04,"C07,C09",0,1512.0,1,0,보노밍,"하이라이터 애교살 쉐도우로 유명해서 구매해봤는데
생각보다 펄감이 많이 강한 편이에요
흰까는 아니고 살구빛 펄이에요
발색은 엄청 잘 되는 편!"
2026-07-23,A000000174309,62919363,2026.07.17,5,0,NORMAL,[기획] 레터프롬스프링,,,,1,1512.0,1,0,햕유,"제 친구가 좋다네요 ㅋㅋ 완전 뽀용 쿨핑크가 아니여서
데일리로 쓰기 조아용.."
2026-07-23,A000000226201,62721278,2026.07.12,3,0,NORMAL, ,A06,B01,"C01,C02",6,4374.0,1,0,Alice26,"제 피부에는 약간 화끈거림이 있고
여드름이 올라오긴 하더라구요ㅠㅠ
그리고 냄새가 좀 있어요
참고로 전 민감성 수부지 피부입니다"
2026-07-23,A000000226201,62958121,2026.07.18,5,0,NORMAL, ,,,,0,900.0,1,0,triolingo,이런 기능성 세럼은 처음 사용해보는데 나이아신아마이드가 자극적일수있다 라고 들은거 같지만 그동안 스킨케어을 크림으로만 해서 피부가 민감성에서 보통으로 바뀌어서 하나도 자극을 느끼지 못했어요! 잡티제거 효과는 더 써봐야 일것같아요
2026-07-23,A000000226201,62109832,2026.06.30,5,0,NORMAL, ,A03,B03,"C01,C06",1,756.0,1,0,미리내1,"분홍색이 효과좋다는 소문을 듣고
구입하여 사용하는데

흡수력은 좋아서 일단 만족입니다!"
2026-07-23,A000000226201,62712211,2026.07.12,5,0,NORMAL, ,A03,B02,"C01,C06",0,675.0,1,1,Nupsss,This is the 3rd time I bought and I will still say that people should definitely try this atleast once because this thing is amazing! Like it is amazing for your skin. It removes dark spots and improves skin.
2026-07-23,A000000226201,63153086,2026.07.22,5,0,NORMAL, ,,,,0,660.0,1,0,stellayukie,아누아에서 인기제품인지 배송이 좀 늦었어요 다만 미백세럼이라 그런지 빨리써야 될 거 같아요
2026-07-23,A000000226201,61438807,2026.06.14,5,0,NORMAL, ,A02,B03,"C02,C04",4,630.0,1,0,체리영,"1+1으로 구매해서 반 통 정도 사용하고 스톱했다가 최근에 다시 사용중입니다 , 최대한 많은 제품들을 사용해보고 싶은 마음과 또 피부 컨디션에 따라 바꿔주다보니 잠깐 중단했다가 사용 중이던 퍼센트 높은 나이아신아마이드에서 조금 낮은 단계 발라주고 싶어서 다시 사용 중입니다 , 조금 끈적끈적한 제형이구요 그래서 흡수되는 시간은 좀 오래 걸려요~ 그래서 저는 일단은 토너패드로 결 정돈해주고 이 아누아 세럼을 처음엔 적은 양으로 얇게 도포해서 최대한 오래 흡수 시켜준 뒤 , 한번 더 얇게 발라줍니다 그리고 다음 크림까지 시간을 오래두는 편이예요 이런 기름이 꽤 많은 제형들은 그렇게 하지 않으면 흡수가 안되서 오히려 화장할때는 밀리고 화장을 안하게 되고 다음 크림 단계에서 크림의 흡수를 방해하더라구요 므튼 아누아 믿고 쓰는 브랜드이니 만큼 더 잘 써볼게요!"
2026-07-23,A000000226201,62738704,2026.07.13,5,0,NORMAL, ,A03,B02,"C02,C04",0,594.0,1,0,rnJuJu,용량이 적은거에 비해 금액은 좀 나가서 고민했는데 수부지 피부에 적합해서 괜찮은거 같아요 !! 행사때 더 사거나 하려두요
2026-07-23,A000000226201,62597487,2026.07.10,5,0,NORMAL, ,A01,B03,"C05,C08",2,567.0,0,0,minhee****,"진짜 짱 좋음 적극 추천드림 굿임 다들 구매 각각
얼른사쇼요 ㅎ🥹"
2026-07-23,A000000226201,63088499,2026.07.21,5,0,NORMAL, ,A03,B01,"C01,C02",0,528.0,1,0,수박암살자,제품 유형이 점도가 살짝 있지만 기능성이 있는데 이정도면 맘에 듭니다. 이거 바르고 레티놀 바르면 담날에 잡티가 그냥 좌르륵 없어짐
2026-07-23,A000000226201,63020854,2026.07.19,3,0,NORMAL, ,,,,0,528.0,1,0,k1k0,"나이아신아마이드 10% 세럼 찾다가 구매한 세럼인데 처음에 쓰고 트러블이나서 안쓰다가 다시 조심히 사용해보고있어요.
점성있는 제형이고 바르고 나면 조금 찐득합니다~ 효과는 아직 모르겠어요"
2026-07-23,A000000226201,61439825,2026.06.14,5,0,NORMAL, ,A03,B01,"C01,C02",7,525.0,1,0,준세요,"✨AI 없는 직접 적은 찐리뷰✨
✨ T존 지성 + U존 수부지, 유분감 많은 제품엔 트러블 잘 올라오는 편이에요! ✨

재구매 의사: ⭕
지성 추천도: 🌕   🌕 🌕   🌕 🌗 4.5 / 5.0
건성 추천도: 🌕   🌕 🌕   🌕 🌗 4.5 / 5.0

나이아신아마이드 제품을 찾다가 눈에 띄어서 구매했어요ㅎㅎ 

💧제형
 생각보다 꽤 묽은 편이고 유분감은 거의 없어요. 산뜻하게 발리는 제형이라 좋았어요, 개인적으로는 고함량 나이아신 제품들 (ㄷㅁㅍㅌㄹ, ㄷㅇㄷㄴㄹ)는 발림성이 구린데 그 중에서 발림성이 가장 괜찮은 편이었습니다.

✨체감 효과
역시 나이아신아마이드답게 흔적 케어 쪽에서는 만족도가 높았어요. 드라마틱한 변화라기보다는 꾸준히 사용할수록 피부톤이 좀 더 균일해 보이는 느낌ㅋㅋ

🌿 가볍고 편한 사용감
고함량 기능성 세럼들은 끈적이거나 밀리는 경우가 있는데 이 제품은 그런 답답함이 거의 없었어요. 아침저녁 가리지 않고 사용하기 편한 점이 꽤 장점이었습니다.

😆 총평
나이아신아마이드 효과는 챙기고 싶은데 무겁거나 발림성 떨어지는 제품은 싫은 분들에게 잘 맞을 것 같아요!! 재구매 의사도 있습니다 😊"
2026-07-23,A000000226201,62509405,2026.07.08,5,0,NORMAL, ,A03,B01,"C01,C04",0,495.0,1,0,아침햇살v,미백에 도움이 된닫고 해서 사용중인데 아직까지 효과는 잘 모르겠네요
2026-07-23,A000000226201,62142328,2026.07.01,5,0,NORMAL, ,,,,0,450.0,1,0,아기사장,"아누아 나이아신아마이드 10% + TXA 4%  

평소 피부톤과 잡티가 고민이라 구매해서 사용해봤어요. 제형은 묽고 부드럽게 발리며 흡수가 빨랐어요. 다만 고농도인 만큼 약간의 끈적임은 있었지만 시간이 지나면 부담 없이 마무리됐어요.
나이아신아마이드와 트라넥사믹애씨드(TXA)가 함께 들어 있어 피부톤과 잡티를 동시에 케어할 수 있다는 점이 가장 마음에 들었어요. 아직 사용한 지 오래되지는 않았지만  전체적으로 피부결이 조금 더 매끈해 보이는 느낌이 들었어요. 자극도 없어서 부담 없이 사용할 수 있었고, 꾸준히 사용하면 피부톤과 잡티 케어에도 도움이 될 것 같아요.
고농도 미백 케어 세럼을 찾는 분들이라면 추천합니다."
2026-07-23,A000000226201,60950845,2026.06.05,4,0,NORMAL, ,A06,B01,"C01,C02",1,450.0,1,0,Alice26,"트러블 및 잡티많고
민감성, 수부지인 피부라
흔적도 잡티도 많아서  이런
흔적개선 및 미백 제품들 써보는거 좋아하는데
거의 자극이 있고 트러블 올라오는 편인데

이것도 약간 화끈+따끔 느낌이 살~짝 있는데
생각보단 심한건 아니고 피부에 좀
느낌이 오긴온다? 그정도에요

약간 무게감은 있는데 생각보단
가볍게 마무리되고요
아직 사용 많ㅇㅣ안해봐서 효과는 모르겠는데
냄새는 식초 꾸렁내나서 약간 별로인데
식초보단 약해요

궁금했던 제품이라 이번에 시도해봅니다ㅎㅎ"
2026-07-23,A000000226201,60382081,2026.05.30,3,0,NORMAL, ,A02,B04,"C05,C06",10,450.0,1,0,신호등,"이거 쓰고 여드름 싹 가라앉고 톤도 밝아져서 깐달걀 됐어요

그런데 왜 용기를 이렇게 만드셨나요
😭 사용한지 10일 됐는데 😭
😭 스포이드 망가지고 밀봉이 제대로 안 돼서 😭
용액이 꾸덕해지고 피부자극이 심해졌어요

일반 화장품 용기 쓰기엔 변질 우려가 있어서
타사 나이아신 20%짜리 구매해서 옮겨서 씁니다

펌프 씁시다… 펌프좀요…
제품은 이미 충분히 대단합니다"
2026-07-23,A000000226201,62856939,2026.07.15,3,1,OFFLINE, ,A03,,"C01,C02",0,405.0,1,0,subi****,"⭐️피부타입
수부지 타입+민감성
붉은기와 색소침착+잡티

⭐️사용후기
칙칙한 피부색이 화사해지고 색소침착이 옅어진 것 같다는 내용이 많아서 한번 사봤는데요 한달동안 사용해봤는데
피부는 전보다 좀 화사해진 것 같아요! 근데 색소침착은 솔직히 잘 모르겠습니다 ㅠ

⭐️재형
다른 앰플이나 세럼 보다 좀 묽은 것 같아요
바르고 나면 좀 피부가 쫀쫀해지는 느낌이 듭니다
흡수가 잘 되는지는 잘 모르겠네요 ㅠ"
2026-07-23,A000000226201,62820598,2026.07.15,5,1,OFFLINE, ,A01,B04,"C03,C05",0,396.0,1,0,극복,아누아 제품에는 나이아신 성분이 어느 정도 들어 있어서 유의미한 효과가 있을 것 같아요. 제형도 많이 끈적이지 않고 흡수가 잘 됩니다. 많이 자극적이지도 않아서 좋았어요
2026-07-23,A000000226201,62389472,2026.07.06,5,1,OFFLINE, ,,,,1,360.0,0,0,ㅣㄹㅓㄱ,이거 쓰고 좁쌀 많이 가라앉았어요. 항상 스트레스였는데 감사합니다. 얼굴톤도 묘하게 맑아진 것 같아요. 나이아신 성분이 여드름에 좋긴한가봐요. 끈적해서 밤에 스킨케어로 발라주고 있고요. 화장 안 하는 날에는 아침에도 발라요. 여러분 앰플 다음에 크림은 필수 입니다.
2026-07-23,A000000226201,61910871,2026.06.25,5,1,OFFLINE, ,A06,B04,"C05,C12",0,330.0,1,0,호랑각시,자극 엾고 미백은 원하는 민감성에게 추천해요 나이아신이랑 TXA로 미백효과가 있어요 제형은 무거워서 지성은 비추… 근데 냄새가 퍼셀 픽셀바이옴 그 냄새랑 비슷함 뭔가 유제품냄새…
2026-07-23,A000000226201,63064925,2026.07.20,4,1,OFFLINE, ,,,,0,300.0,0,0,부리부리는내부자,"아누아 나이아신 세럼 리뷰

피부톤이 조금 칙칙한 편이라 미백 케어용으로 구매해서 사용했음. 제형은 묽고 가벼운 편이라 피부에 부담 없이 흡수됐고, 끈적임이 거의 없어서 아침저녁으로 사용하기 좋았음.

바르고 나면 피부가 촉촉하게 유지되는 느낌이었고, 꾸준히 사용하니 피부톤이 조금 더 맑아 보이는 것 같았음. 자극도 심하지 않아서 데일리 세럼으로 사용하기 괜찮았고, 다른 스킨케어 제품이랑 함께 발라도 밀림 없이 잘 어울렸음.

향이 강하지 않아 부담 없이 사용할 수 있었고, 흡수력이 좋아 답답한 느낌도 없었음. 가볍게 피부톤과 보습을 함께 관리하고 싶은 사람들에게 추천할 만한 제품이었음.

전체적으로 사용감이 산뜻하고 매일 사용하기 좋은 세럼이었음. 아직 큰 미백 효과를 보진 못했지만 꾸준히 사용해볼 생각이며 재구매 의사도 있음."
2026-07-23,A000000226201,61631522,2026.06.19,5,0,NORMAL, ,A02,B01,C05,3,270.0,1,0,Kmkm9x,"한 달 이상 꾸준히 사용해 본 결과 피부톤이 조금 더 균일해 보이고 피부결도 매끄러워진 느낌이 들었습니다. 제형이 가볍고 흡수가 빨라 아침저녁으로 사용하기 편했으며, 끈적임 없이 산뜻하게 마무리되는 점이 특히 마음에 들었습니다. 자극이 심하지 않아 꾸준히 사용하기 좋았고, 피부 흔적 관리와 톤 케어를 함께 원하는 분들에게 추천하고 싶은 세럼입니다. 2개 구성이라 넉넉하게 사용할 수 있어 가성비 면에서도 만족도가 높았습니다."
2026-07-23,A000000226201,60902635,2026.06.05,5,0,NORMAL, ,A04,B01,"C01,C02",0,270.0,1,0,석브라더스,"아누아 세럼 좋다는 건 알고 있었는데 기대 이상이네요.우선 순하고 속당김이 조금 개선이 된 듯 해요.
2주는 써봐야겠지만 안색 개선에 효과 기대합니다.
물처럼. 흐르는 제형이지만 가볍게 싹 드며들어 촉촉하네요.앞으로도 기획 상품 종종 많이 만들어주세요"
2026-07-23,A000000226201,60805220,2026.06.04,5,1,OFFLINE, ,A04,B05,"C02,C04",7,270.0,0,0,Imkm,잦은 야외 활동과 트러블 때문에 얼굴 곳곳에 남은 거뭇한 흔적들이 신경 쓰여 구매한 아누아 세럼입니다. 고함량 TXA와 나이아신아마이드 성분이 배합되어 흔적 케어에 확실히 피드백이 빨라요. 끈적임이나 무거운 오일감 없이 수분 앰플처럼 부드럽고 산뜻하게 흡수되는 텍스처라 아침저녁 데일리로 바르기 부담 없습니다. 일주일 정도 집중 사용해 주니 안색이 전체적으로 투명하고 균일하게 맑아졌어요.
2026-07-23,A000000226201,62391088,2026.07.06,5,0,NORMAL, ,,,,0,264.0,1,0,혀언겨엉,저 이거 없으면 못살아요 제발 저를 위해서라도 단종시키지마
2026-07-23,A000000226201,62048711,2026.06.29,5,0,NORMAL, ,,,,0,264.0,1,0,수호누나,나이아신아마이드 10프로라 그런지 피부가 매끈해지고 좋아요. 다만 처음엔 살짝 자극이 있어요.
2026-07-23,A000000226201,62979649,2026.07.18,5,1,OFFLINE, ,A06,B05,"C01,C05",0,240.0,0,0,먼치콘치,"릴스에서 약사 추천템으로 최고 높은 등급이길래 바로 구매했습미다..

여드름 흉터와 각종의 잡티들로 스트레스 받아서
미백과 흔적 개선에 좋다는 제품들 다 구매해봤는데
오히려 자극 때문에 트러블이 나거나, 아예 효과가 없어서 매번 실망했었어요!

아직 여러번 사용해본 건 아니구 기분탓일 수도 있지만
먼가 점점 옅어지는 듯한 느낌..

그리고 자극감도 아예 없어요!

마무리감이 살짝 유분감이 있으니 그 점만 유의하시면 좋을 듯하네요"
2026-07-23,A000000226201,61205481,2026.06.09,5,0,NORMAL, ,A03,B02,"C01,C06",0,225.0,1,1,Nupsss,"I keep on buying this, because this is a magic item haha because it has made my skin clean and clear. Out of any pimple so if you are facing face trouble then you should try this one time and you will never regret purchasing this item"
2026-07-23,A000000226201,61859709,2026.06.24,5,0,NORMAL, ,,,,0,198.0,1,0,오메가필수,바르기 간편하고 좋아요 촉촉하고 피부에 도움이됬으면 좋겠어요
2026-07-23,A000000226201,61539547,2026.06.16,5,0,NORMAL, ,A03,B02,"C01,C03",0,198.0,0,0,황별별,"이것도 여동생이 구매하고 싶다고 해서 샀습니다.
끈적임 없어요."
2026-07-23,A000000226201,62611183,2026.07.10,5,0,NORMAL, ,,,,0,180.0,0,0,사과호박파이,"잡티와 흔적 케어가 고민이라 사용해보니 촉촉하면서도 부담 없이 사용하기 좋은 세럼이었어요✨💛 가벼운 제형이라 피부에 빠르게 흡수되면서 끈적임이 적었고, 사용 후에는 피부 결이 한층 매끈하게 정돈되는 느낌이 들었어요.

수분감이 충분한 편이라 건조함 없이 레이어링하기 좋았고, 아침·저녁 모두 부담 없이 사용할 수 있었어요. 꾸준히 사용하니 피부가 맑고 균일해 보이는 느낌이 들어 데일리 흔적 케어용으로 만족스러웠어요👍

다른 스킨케어 제품과 함께 사용해도 밀림이 심하지 않았고, 메이크업 전에 발라도 부담이 적어 손이 자주 갔어요. 2입 기획이라 넉넉하게 사용할 수 있어 가성비도 만족스러웠어요😊

촉촉하게 피부 흔적 케어를 시작하고 싶다면 아누아 TXA 나이아신 흔적 세럼은 꾸준히 사용하기 좋은 제품이에요🌿🤍"
2026-07-23,A000000231885,62512138,2026.07.08,5,0,NORMAL, ,A01,B01,"C03,C04",11,7074.0,1,0,올리뷰과몰입,"웰라쥬 한달후기 

갑자기 웰라쥬 쓰고 싶어서 
구매했어요! 
예전에 한번 써본적이 있어서 
그냥 바로 구매 했구용

역시 촉촉하고 좋네요!! 
딱 정석 수분앰플 

모든 피부타입 추천해요 
순하고 좋네요~^*^"
2026-07-23,A000000231885,62505319,2026.07.08,5,0,NORMAL, ,A03,B01,"C01,C03",7,3510.0,0,0,젣니,"솔직히 겨울에 쓰기엔 너무 가볍습니다. 그래서 여름인 지금 딱 쓰기 좋아요. 수부지 피부 기준으로 겨울에 진심 3번은 발라야 보습감이 오래 가는 느낌이었는데, 지금처럼 장마철에 30도가 넘는 상황에서는 1번만 발라도 좋네요. 끈적임이 없고 산뜻해서 좋아요. 근데 토리든이랑 비슷한 것 같은데 이게 더 촉촉함이 오래가는기분? 사실 거기서 거기라 세일하는걸로 사세요"
2026-07-23,A000000231885,63134186,2026.07.22,5,0,NORMAL, ,A03,B02,"C06,C09",0,1800.0,1,0,리락쿠마쿠마,용량도 짱 많고 수분 채워주기에 넘 좋아요 저번에도 한 번 사서 썼는데 그때도 되게 만족스러웠거든요 돌고돌아 오랜만에 다시 쓰니까 여름에 가볍게 써주기에도 좋고 화장 전에 발라주면 베이스도 잘 먹어요 지성분들도 번들거림 없이 깔끔하게 쓰기 좋은 제품! 히알루론산 성분 잘 맞는 분들한테도 추천드려요 그리고 요 세럼이 기획 세트에 가격도 할인을 자주해서 올영 세일 아닐 때도 부담없이 구매하기 좋았습니다
2026-07-23,A000000231885,62624020,2026.07.10,5,0,NORMAL, ,A03,B04,"C05,C06",2,1395.0,1,0,채소리,이제 리뷰 쓰기도 힘듦... 너무 유명하고... 너무 많이 재구매해서..
2026-07-23,A000000231885,62322887,2026.07.04,5,1,OFFLINE, ,A03,B03,,2,1116.0,1,0,진짜솔직하게씀,"복합성 지성들이 수분 채우기에 정말 좋아요

제형도 가벼워서 지금 같은 계절에 사용하기 정말 좋고
메이크업 전에 사용해도 정말 당연히 밀림 현상이 없어서 너무나도 추천드립니다"
2026-07-23,A000000231885,61962633,2026.06.27,5,0,NORMAL, ,A02,B03,"C09,C10",17,1116.0,1,0,초토끼,"좋다는 소리를 들어서 사봤는데 나쁘지 않네요
다만 큰 장점도 없는 느낌. 그냥 수분 앰플입니다.용기가 좀 허술해요. 스포이드가 좀 더 개선됐으면 좋겠어요."
2026-07-23,A000000231885,63045967,2026.07.20,4,0,NORMAL, ,A03,B01,,1,1008.0,1,0,바닐라라,부담없이 무난하게 사용할수 있어요. 흡수속도가 빠른편이고 트러블없이 사용하고 있어요. 복합성피부라 유라인만 2번 레이어링 해주고 티존 나비존은 한번만 해도 충분한거 같아요.  처음 사용해 보는데 가성비템으로 괜찮아요.
2026-07-23,A000000231885,62809223,2026.07.14,5,0,NORMAL, ,A03,B02,"C03,C08",0,900.0,1,0,eunbi3804,"피부에 수분이 빠르게 채워지는 느낌이 들어 만족스러웠습니다. 제형이 가볍고 산뜻하게 흡수되어 끈적임이 거의 없었고, 사용 후에는 피부가 촉촉하고 탄탄해 보였어요. 건조함이 심한 날에도 여러 번 레이어링해도 부담이 적어 데일리 수분 케어로 사용하기 좋았습니다. 75ml 대용량 2입 구성이라 넉넉하게 사용할 수 있어 가성비도 뛰어나고, 온 가족이 함께 사용하기에도 좋았습니다. 수분 부족으로 푸석한 피부를 촉촉하게 관리하고 싶은 분들께 추천하는 앰플입니다."
2026-07-23,A000000231885,62496473,2026.07.08,5,0,NORMAL, ,A02,B03,"C01,C02",0,810.0,1,0,올영핫해,악건성이구요 보습에 좋습니다 저는 이마 양쪽볼  각 한번씩 떨어뜨려주고 이걸3번씩 반복해서 바르고 오일로 마무리 하고  잡니다 다음날 아침에 기름치지도 않고 촉촉하구요  메이크업전에도 한번더 꾹 꾹 눌러주면서 발라주고 시작하면 화잘먹입니다
2026-07-23,A000000231885,63182408,2026.07.23,1,1,OFFLINE, ,,,,0,792.0,1,0,ChJu,"레이어링해야 속건조 덜한데, 촉촉한 느낌보단 광이 너무 심해요..민감성에도 발랐을 때 자극감은 없는데
걍 3일 쓰니 여드름 폭발함
수분앰플 개인적으로는
토리든&gt;넘버즈인&gt;&gt;웰라주"
2026-07-23,A000000231885,63121282,2026.07.21,3,0,NORMAL, ,A03,B02,"C01,C03",0,792.0,1,0,만리향,"4회 이상 구매해서 사용한 제품입니다. 무향이고, 세안후 즉시 사용하면 촉촉합니다. 물처럼 가벼운 제형입니다."
2026-07-23,A000000231885,63065902,2026.07.20,4,0,NORMAL, ,A03,B03,"C01,C05",0,792.0,1,0,얍얌,물같이 흐리는 제형인데 바르면 먼가 미끌거리는 촉감입니다. 수분감이 좋아요
2026-07-23,A000000231885,63042834,2026.07.20,5,0,NORMAL, ,A03,B02,C03,0,720.0,1,0,modern,"평소 속건조가 심한 편이라 수분 앰플을 찾다가 구매했는데 기대 이상으로 만족하고 있어요. 제형이 묽고 산뜻해서 피부에 빠르게 흡수되고, 끈적임 없이 촉촉하게 마무리됩니다.
꾸준히 사용해보니 세안 후 느껴지던 당김이 덜하고 피부가 오랫동안 촉촉한 느낌이라 만족스러웠어요. 아침 메이크업 전에 발라도 밀림이 없고, 여러 번 덧발라도 부담이 없어 데일리로 사용하기 좋습니다."
2026-07-23,A000000231885,62939780,2026.07.17,5,0,NORMAL, ,A01,B05,"C01,C02",0,720.0,1,0,개똥벌레미콘,"웰라쥬 히알루로닉은 촉촉하게 사용하기 좋은 제품이었어요. 피부에 수분을 충분히 채워주는 느낌이라 건조할 때는 물론, 피부 컨디션과 상관없이 부담 없이 사용할 수 있어서 만족스러웠습니다. 데일리로 사용하기에도 좋고, 피부를 촉촉하게 유지해 주는 점이 특히 마음에 들었어요."
2026-07-23,A000000231885,63175025,2026.07.23,4,0,NORMAL, ,A03,B02,"C04,C11",0,660.0,1,0,리무마미,"아직 써본지 얼마 안돼서 효과가 있는지 모르겠어요.
순한 느낌이고 바르기엔 좀 불편해요."
2026-07-23,A000000231885,63005669,2026.07.19,5,0,NORMAL, ,A03,B02,"C06,C07",0,660.0,1,0,뽀야뽀야,"수분 보호막이 생기는 기분이에요.
주변에서 하도 좋다해서 사봣는데 진짜 좋음 .."
2026-07-23,A000000231885,61383027,2026.06.13,5,0,NORMAL, ,A03,B02,"C06,C09",14,630.0,1,0,리락쿠마쿠마,이제 여름이라 가볍게 스킨케어 해줄 때 쓸 세럼이 필요했는데 딱 요게 양도 많고 가격도 저렴한데다 가볍게 레이어 해서 쓰기 좋은 세럼이라 구매했어요! 세안하고 나서나 화장 전에 발라줘도 화장 진짜 쫀쫀하게 잘 먹어요 약간 흐르는 물 같은 제형이면서 점도가 좀 있는 느낌이라 수분 채우기에 좋았습니다 확실히 웰라쥬 제품이 엄청 좋은 거 같아요! 히알루론산 라인들은 다 믿고 써요 선크림도 잘 쓰고 있는데 세럼도 잘 쓰겠습니다!
2026-07-23,A000000231885,60813197,2026.06.04,5,0,NORMAL, ,A01,B01,"C03,C04",18,630.0,1,0,올리뷰과몰입,"나는 지성 피부인데도 속건조가 꽤 있는 편이라 세수하고 나면 얼굴은 번들거리는데 피부 속은 당기는 느낌이 자주 있었음. 그래서 수분 제품 이것저것 많이 써봤는데 처음 며칠은 괜찮다가 금방 건조해지는 제품도 많았음.

이건 제형이 생각보다 묽은 편이라 처음에는 보습력이 약할 줄 알았는데 의외였음. 바르는 순간 피부에 수분감이 촥 퍼지는 느낌이고 끈적임이 심하지 않아서 부담 없이 쓰기 좋았음. 특히 여름에는 무거운 앰플 잘 안 쓰게 되는데 이건 아침에도 손이 감.

며칠 사용하면서 가장 마음에 들었던 건 답답함이 없다는 점이었음. 수분앰플이라고 해서 너무 미끈거리거나 겉에만 맴도는 느낌이 아니라 흡수도 꽤 빠른 편이었음. 그래서 토너 다음 단계에서 가볍게 바르기 좋았고 크림 바르기 전에 사용하면 피부가 편안한 느낌이 들었음.

개인적으로 피부가 엄청 건조한 사람보다는 속당김 때문에 고민인 사람이나 무거운 보습 제품 싫어하는 사람한테 더 잘 맞을 것 같음. 나도 처음에는 유명해서 산 제품이었는데 생각보다 사용감이 괜찮아서 계속 사용 중임.

무엇보다 대용량이라 생각보다 오래 쓰는 것도 장점인 듯. 할인할 때 사면 가성비도 괜찮아서 수분앰플 입문용으로는 꽤 만족스러웠음."
2026-07-23,A000000231885,62742263,2026.07.13,5,0,NORMAL, ,,,,0,540.0,1,0,가을웜수부지맹,"피부 타입 : &#039;수부지&#039; 여름철에는 피지, 유분기 심각 / 겨울에는 심각하게 건조해지는 노답 피부
여름/겨울마다 스킨케어 제품 다르게 써줘야 함
여름이 되고서 겨울에 쓰던 제품들이 또 안맞기 시작해서 유명하길래 사봤는데 진짜 진짜 좋음. 한통 다 써가서 두통 더 쟁임
일단 용량도 커서 오래 쓸 수 있고, 발랐을때 정말 얇게 수분감만 채워주는 느낌이라서 두세번정도 레이어링 해주면 속 수분이 꽉꽉 찬 느낌이 들음
저는 거품토너 -&gt; 웰라쥬3 -&gt; 아줄렌겔 -&gt; 얆은 로션이나, 수딩 크림 순으로 발라줌
수부지+지성 피부에 여름에 쓰기 정말 추천함"
2026-07-23,A000000231885,62185311,2026.07.02,5,0,NORMAL, ,A02,B04,"C01,C04",0,540.0,1,0,진짜이것까지만산다,"속수분 1등 공신 ......

화잘먹템이라고 많이 들어서 매장에서 테스트 해봤는데 제형이 미쳤어요..

물처럼 가볍게 발리는데 마무리감은 확실히 수분막이 씌어주고 쫀득해져서 화잘먹템인 이유를 알 것 같아요..

이걸로 3번 레이어링 해주면 여름철 기초루틴으로도 좋은 것 같아요!!!!

악건성에도 잘맞았답니당"
2026-07-23,A000000231885,63167064,2026.07.23,5,0,NORMAL, ,A02,B05,,0,528.0,1,0,sosorizztime,리뉴얼 전 버전은 속수분도 안채워지는 그냥 물이라 실망해서 안썼는데 리뉴얼된 버전 쓰니까 확실히 쫀쫀해지고 속수분도 잘 채워지네요
2026-07-23,A000000231885,63083763,2026.07.21,5,1,OFFLINE, ,A03,B04,"C06,C11",0,528.0,1,0,Eunzi,"떨어지면 사서쓰고 떨어지면 사서쓰고
휘뚤마뚤템으로 쓰기 좋아여!
부스터프로랑 같이써서 속건조는 완전 없어짐"
2026-07-23,A000000231885,63027874,2026.07.19,5,1,OFFLINE, ,,,,0,528.0,1,0,군만두헌터,10병 넘게 쓴 템. 그냥 건조할때 수시로 덧바르기가 좋음. 자극도 없고 유분감도 크게 없어서 딱 저런 목적으로 쓰기 최고인듯. 대신 위에 수분증발 막아줄 제품까지 같이 써줘야함
2026-07-23,A000000231885,62668941,2026.07.11,5,1,OFFLINE, ,A03,B06,"C01,C06",0,495.0,1,0,Seol2017,올리브영 갔다가 필요해서 샀는데 무난하게 좋은거같아요!!
2026-07-23,A000000231885,62569095,2026.07.09,5,1,OFFLINE, ,A01,B04,"C01,C02",0,495.0,1,0,뮤송이,진짜 거짓이 아니라 반 친구들 대부분이 이걸 쓰더라고요 그래서 저도 너무 궁금해서 사봤습니다 쓰던거 다 쓰면 한달용 리뷰로 남겨볼게요~~♡
2026-07-23,A000000231885,62504710,2026.07.08,5,1,OFFLINE, ,A03,B01,C03,0,495.0,1,0,운수대톨,"웰라쥬 히알루로닉 블루앰플 기획 세일할때 꼭 사요,  지금도 쓰기 좋아요"
2026-07-23,A000000231885,62085466,2026.06.30,4,0,NORMAL, ,A01,B02,"C05,C06",0,450.0,1,0,고상이,"히알루론산 앰플의 양대산맥
저는 수부지고 기존에는 다른 회사의 제품을 사용하고 있다가
궁금해서 갈아타봤는데
이 제품이 더 물 같은 제형인데 흡수시킬 때는 조금 더 끈적?이는 경향이 있어서 어떻게 된 일인지 신기하고...
추후에 재구매한다면 다시 원래 제품으로 돌아갈 계획입니다."
2026-07-23,A000000231885,61313326,2026.06.11,5,1,OFFLINE, ,A02,B01,"C01,C02",0,450.0,1,0,리얼내돈내산,쟁여놓고 쓰는 엠플! 세안후 미스트 뿌리고 바로 첫단계에 듬뿍 발라 사용중. 쿼드쎄라 할때나 고주파 기계쓸때 이만한게 없음. 듬뿍 올려놓고 롤링하면 부드럽고 흡수가 잘됨. 토리든 광고보고 갈아탈까하다가 올영가서 테스트해봤는데 이게 짱 ㅎㅎㅎ 집에 있는데도 쟁여주기로 세일할때 사둠 굳굳 몇년째 애용중 없으면 불안
2026-07-23,A000000231885,60524769,2026.06.01,5,0,NORMAL, ,A02,B03,"C01,C02",6,450.0,1,0,리리578,"🔸사용후기 : 저의 인생템 중 또 하나인 웰라쥬 히알루로닉 앰플. 속건조의 여왕이라 불렸던 저에게 피부 좋아졌다는 말을 듣게 해준 템입니다. 이 제품은 10통 넘게 구입하고 사용하고 선물도 하고 한 아주 저에게 효자템이자 필수템이자 제일 만족스러운 앰플입니다. 다른 어떤 수분 앰플 써도 다시 웰라쥬로 쓸 수 밖에 없어요. 

매우 물같은 제형으로 주루룩이지만 잘 펴서 흡수시키고 좀더 건조한 날에는 두번 도포해도 끈적임 없이 흡수가 됩니다. 저는 그래서 이 제품은 아낌없이 씁니다. 다른 걸로 체험 기회가 많아도 결국 이 제품이 제일 좋았어요. 잘 흡수되니 메이크업 방해도 되지 않아서 더더욱 좋았구요. 그래서 이 제품 세일할 때마다 쟁여놓고 정말 아낌없이 사용합니다. 그래야 제 맘이 편하더라구요. ^^ 

물론 이 제품의 기능은 속건조를 잡는거니, 앰플만 쓰진 마시고 겉으로 수분날아가는 걸 막아주는 로션이나 크림정도는 같이 사용해주시길 권장합니다. 그냥 크림만 쓸 때랑 확실히 다르고 두 기능이 합을 이루는 게 가장 중요합니다."
2026-07-23,A000000231885,62787522,2026.07.14,5,0,NORMAL, ,A02,B04,"C02,C04",0,396.0,1,0,내장벽살려,이거 진짜 너무 좋아요 나이트 케어 화장전 안 가리고 너무 잘 써요 진짜 엄청난 악건성에 각질도 심하게 일어나있는데 이거 바르면 화장이 안 밀려요ㄷㄷ 흡수도 빠르고 전 묽어서 좋았어요! 가격대비 양도 많아요ㅎ
2026-07-23,A000000206904,61854477,2026.06.24,5,1,OFFLINE, ,A04,B03,"C01,C02",15,4860.0,1,0,예아쓰베이비,"이거슨 이제 저의 인생동반자...
요즘 계절엔 아무래도 조금 부담스러운 제형이긴한데
또 완전 덥고 습할 때는 어차피 에어컨 틀고 지내기 땜시
오히려 찬바람에 자극받고 건조해져서 얘 필수임

두껍게 바르는 것 보단 스킨케어 끝내고 얘로 코팅해주듯이
얇게 바르고 손바닥으로 꾹꾹 눌러주면 좋음!

저는 레티날이랑 같이 섞어 바르는데
이거 다 쓰고 새거 뜯기 귀찮아서; 한 일주일 안발라줬더니
뭔가 딱 거울 봤을 때 피부가 확실히 거칠어보이는거에요
바로 뜯었슴다

하나 아쉬운건 이게 아무리 팡팡 내려쳐도
끝까지 다 쓰는게 어렵거덩요. 잘라보면 겁나!! 많이 남아있음
그래서 가위로 잘라서 쓰기는하는데
뭔가 비위생적으로 느껴져서 그런 식으로 오래 못 쓰겠더라구요
다들 진짜 안나온다고 버리지 말고 가위로 잘라봐.. 엄청 많아

제 후기가 도움이 됐다면 따봉 한번 눌러주세요🥹↘️"
2026-07-23,A000000206904,62618751,2026.07.10,5,1,OFFLINE,[기획] 시카밤 100ml SET,A01,B04,"C07,C09",3,2754.0,1,0,보노밍,"건성 친구 선물로 샀어요
친구는 잘 사용하는데, 지성인 저는 예전에 사용하다가 너무 기름지고 무거워서 몸에 바르는 중이에요

확실히 건성분들만 사용하는게 좋을 듯!"
2026-07-23,A000000206904,63057318,2026.07.20,5,1,OFFLINE,[기획] 시카밤 100ml SET,A03,B06,"C03,C04",4,2232.0,0,0,리뷰대마왕,"피부 뒤집어졌을때 이만한게 없어요
하물며 피부과에서도 추천한 제품입니다.
건성분들이 쓰기 좋은 시카 재생 크림이에요"
2026-07-23,A000000206904,62875751,2026.07.16,5,0,NORMAL,[기획] 시카밤 100ml SET,A03,B05,"C08,C11",0,1512.0,1,1,망쥬디,다른거 쓰다가 결국에 라로B5로 돌아오게되네요ㅋㅋ여름이어도 어차피 밤에만 쓰니까 괜찮습니다
2026-07-23,A000000206904,62653108,2026.07.11,5,0,NORMAL,[기획] 시카밤 100ml SET,A02,B02,"C01,C04",1,1134.0,1,0,구구링구,"냄새는 별루지만 진짜 얇게 펴발라주면 
피부개선이 되더라구요.. 꾸준템으로 구매할 예정입니다"
2026-07-23,A000000206904,62238769,2026.07.03,5,0,NORMAL,[기획] 시카밤 100ml SET,A02,B02,C05,5,1080.0,1,0,크리스마보스베이비,"THIS IS MY SAVIOR 

민감성? 건성? 그냥 사셈
진짜 뭔 크림 ㅈㄴ 유목민이었는데 이거 재구매 한 3번정도는 함 피난처수준. 

앗 근데 제발 밤에 바르셉숑 이거 바르고 화장할생각 하지마셉 .. 직접 겪고 알아버림 석고상메이크업 쌉가능"
2026-07-23,A000000206904,63117051,2026.07.21,5,0,NORMAL,[기획] 시카밤 100ml SET,A03,B02,C09,0,900.0,1,0,밍먕묭,"남편이 최근에 얼굴에 편평사마귀를 여러 개 제거해서 피부 재생이랑 진정에 신경을 많이 쓰고 있는데요! 시술 후에 어떤 제품을 발라주면 좋을지 찾아보다가 라로슈포제 시카플라스트 밤 B5+가 피부 장벽 케어용으로 워낙 유명하길래 구매해봤어요ㅎㅎ

레이저로 제거한 부위가 많다 보니 아무 제품이나 바르기보다는 피부가 예민해진 시기에 부담 없이 사용할 수 있는 제품을 찾았는데, 후기 찾아보니 피부 시술 후에 사용하시는 분들도 많더라구요. 워낙 재생크림으로 많이 알려진 제품이라 기대하면서 사용하고 있습니다!

제형은 일반 수분크림보다는 조금 더 꾸덕하고 보습감이 느껴지는 편이에요. 건조해진 피부에 발라주면 촉촉하게 감싸주는 느낌이라 밤에 듬뿍 발라주기 좋더라구요. 소량만 사용해도 꽤 촉촉해서 생각보다 오래 사용할 수 있을 것 같아요.

피부 재생에 얼마나 도움이 되는지는 조금 더 꾸준히 사용하면서 지켜봐야 할 것 같아요! 그래도 지금까지는 자극 없이 잘 사용하고 있어서 만족하고 있습니다ㅎㅎ

남편 피부가 깨끗하게 잘 회복됐으면 하는 마음으로 당분간 꾸준히 발라보려구요. 용량도 100ml라 넉넉해서 얼굴뿐만 아니라 피부가 건조하거나 장벽 케어가 필요한 부위에 두루두루 사용하기 좋을 것 같습니당 :)"
2026-07-23,A000000206904,61926307,2026.06.26,5,0,NORMAL,[기획] 시카밤 100ml SET,A04,B04,"C08,C10",0,900.0,1,0,홀리리,각질제거나 모공막힌상태로 바르면 뾰루지 난다는거 같던데 저는 수면팩처럼 써주니까 너무좋았어서 여름에도 못끊어요 ㅋㅋㅋ 저도 민감성에 가끔트러블나고 잘 빨개져서 암거나못쓰는데 두껍게 올리기보단 자기전 얇게 깔고자면 넘 좋더라고요
2026-07-23,A000000206904,63154267,2026.07.22,5,0,NORMAL,[기획] 시카밤 100ml SET,A04,B05,"C05,C06",0,792.0,1,0,신퍼플,오특으로 리페어 크림 사서 썼는데 밤도 오특으로 나와서 바로 주문해버림
2026-07-23,A000000206904,63009196,2026.07.19,5,0,NORMAL,[기획] 시카밤 100ml SET,A01,B05,"C06,C07",0,792.0,1,0,올라푸링,"피부염에 효과 많이 봤습니다!!
장벽 무너지신분들 건성이신분들 추천합니다~"
2026-07-23,A000000206904,62981583,2026.07.18,5,0,NORMAL,[기획] 시카밤 100ml SET,A05,B03,"C03,C05",0,792.0,1,0,보고미,보습에 좋아서 벌써 몇 번째 사용하고 있는지 몰라요 잘 사용하고 있습니다
2026-07-23,A000000206904,63140144,2026.07.22,4,0,NORMAL,[기획] 시카밤 100ml SET,A01,B01,"C01,C02",0,756.0,1,0,a75****,"오특으로 올라 올때마다 쟁이는편.
사용기한도 길어서 좋음.."
2026-07-23,A000000206904,62468191,2026.07.07,5,0,NORMAL,[기획] 시카밤 100ml SET,A01,B03,"C01,C02",0,756.0,1,0,ginn,"장벽 진정 노자극 !!!
수부지가 쓰기엔 이마가 번드르르하니 좀 리치한 감이 있는데 건성이나 복합성은 잘 쓰더라요!!"
2026-07-23,A000000206904,61997981,2026.06.28,5,1,OFFLINE,[기획] 시카밤 100ml SET,A02,B03,"C09,C10",14,756.0,1,0,초토끼,"항상 쓰는 재생크림입니다.
겨울에는 바르기 부담스럽지만 피부 난리날 때 바르면 좋아요"
2026-07-23,A000000206904,62972697,2026.07.18,5,0,NORMAL,[기획] 시카밤 100ml SET,A03,B02,,0,660.0,1,0,배성희,샘플 써보고 좋아서 주문했어요 피부장벽강화 한다고 써있는데 피부가 좀 진정되고 건강해지는 느낌이에요
2026-07-23,A000000206904,62874903,2026.07.16,5,0,NORMAL,[기획] 시카밤 100ml SET,A03,B03,"C01,C03",1,660.0,0,0,화장품짱짱맨,B5만 쓰다가 이번에 구매해봤어요 이것도 너무 좋네요 또 구매할게요
2026-07-23,A000000206904,61339214,2026.06.12,5,0,NORMAL,[기획] 시카밤 100ml SET,A01,B05,"C06,C07",5,630.0,1,0,올라푸링,"모낭염, 접촉성피부염 때문에 얼굴이 벌겋게 뒤집어 지고 피부각질도 난리나고 올해 피부컨디션 최악이라 피부장벽 강화, 진정에 좋은 라로슈포제 시카플러스트밤으로 구매했습니다!!!

왜 유명한지 알겠더라고요..😭😭😭
일주일간 밤에 꾸준히 발라줬는데 붉은기가 많이 잡히고 예민하고 따가운 피부가 거의 정상으로 돌아왔어요ㅜㅠㅠㅜㅠ
 
막 엄청 꾸덕할 줄 알았는데 그 정도는 아니고 발림성 저는 괜찮았어요~~ 다만 보습력이 좋아 바르고 약간 기름진거 처럼 광이 많이 돌고 피부가 쫜뜩해지기 때문에 밤에만 바르고 자는 걸 추천합니다(참고로 저는 지성피부입니다!)^___^ 

피부컨디션 갑자기 안좋아지신 분들께 왕왕 추천합니다👍"
2026-07-23,A000000206904,60753443,2026.06.03,5,0,NORMAL,[기획] 시카밤 100ml SET,A04,B06,"C08,C09",6,630.0,1,0,날마다연어,"🟡퍼스널 컬러: 겨울 클리어
 🟰봄🌸영향을 많이 받은 겨울❄️클리어 타입 
🟡바우만 피부 타입: OSNT 
🟰Oil/Sensitive/Non-pigment/Tight 
🟰지성/심한 민감성/경미한 비색소성/경미한 탄력
💛티트리 녹차 알로에 병풀시카 캐모마일 카렌듈라 살리실릭애씨드 판테놀 
⚠️코코넛오일 쉐어버터 코코아버터 시나몬오일 시나믹애씨드 아세틱애씨드 벤조익애씨드 알파리포익애씨드 

🍯피부과 의사쌤도 감탄하신 파리도 미끄러질 꿀피부

🍣구구절절말고 기름기 뺀 솔직 리뷰 쓸라고 반말로 작성

😡사실 이 제품은 한 몇년전에 처음 써봤을때 진짜 별로였음. 도대체 왜 유명한거지? 했는데 그 이유를 이제 알아버림

😡피부가 너무 깨끗해서 아무것도 느끼지 못한것임

🏥이번 봄에 일 때문에 너무 힘들어서 컨디션 떨어지고 면역 떨어지고 ㅋㅇ 알러지까지 생겨서 아주 역대급으로 zilal 난 피부가 됨 주사피부염까지 생겨버림

🏥주변인이 라로슈포제를 너무 강추해서 
아 진짜 아무 효과도 못보고 버렸는데 굳이 사야되나? 했는데 처방 받은 스테로이드 연고도 바르니 부작용으로 오히려 더 뒤집어지는 것 같아 퇴근길에 걍 이 라인 토너까지 같이 사버림 

😦아니 이게뭐람. 다음날 아침 회처럼 떠진 내 볼 피부가 기가막히게 가라앉은 것 아니겠음...? 너무 놀랐음 

⚡️근데 한가지 깨달은건 아무런 아픈 증상이 없을때 바르면 이전과 같이 오히려 답답한 막 때문에 좁쌀이 남
슬리핑팩처럼 갖다얹은것도 아니고 알보칠 마냥 겁나 살살 소량 얹어놔도 그럼

⚡️피부 컨디션 안좋을때만 사용해야하고 더군다나 사용기한도 엄청 짧은데 이 큰 용량을 다 쓰지도 못하게 버리게 되는건 아까움

⚡️멀티리페어크림도 나에겐 너무 무거워서 자주는 못쓰지만 확실히 탄력관리용 크림이라 탱탱해짐을 느껴서 추천함"
2026-07-23,A000000206904,60386777,2026.05.30,4,0,NORMAL,[기획] 시카밤 100ml SET,,,,43,630.0,1,0,슈옌,"&lt;과장하지 않고, 제가 느낀 그대로를 솔직하게 적어볼게요.&gt;

1️⃣키포인트
✅진정템
✅보습템
✅트러블 잠재우자!
✅구매하기 전에 매장에서 꼭 써보기!!

2️⃣별점 4개인 이유
✅일단 저한테는 아쉽템이었어요. 근데 계속 재구매하는 이유는 이게 저희 엄마가 계속 사달라구 하셔서 ㅎㅎ 삽니닷.

3️⃣트러블 잠재우자
📌저희 엄마가 꾸준히 트러블이 올라오셔요. 그럴 때마다 3일?정도 꾸준히 이걸 바르세요. 그러면 진짜 점점 트러블들이 다시 들어가요. 진짜 옆에서 저도 지켜보는데 깜짝 놀랄 정도로 진정이 많이 되더라구요. 
📌진정은 👍

4️⃣365템
📌이게 ㅋㅋ 제형때문에 매일 365일 바른다..? 헉.. 싶은데 저희 엄마는 맨날 바르십니다..ㅎㅎ 
📌저의 개인적인 의견으로는 겨울에 추천해욥ㅎㅎ

5️⃣제형
📌제가 써봤을 때 제형은 딱 물감 + 유분80 + 수분20 정도인거 같아요. 
📌꾸우우~~덕한 제형입니당
📌진짜 잘~~~ 맞으니까 쓰는듯합니당ㅎㅎ

6️⃣언제 바르는지
📌저는 겨울 나이트 케어용으로 추천합니당.

7️⃣아쉬운 점(브랜드 관계자분들은 흐린눈 💙🩵)
📌이제 제가 써보면서 아쉬운 점을 말해볼게용! 
-일단 제형! 위에서 말했듯 물감 + 유분 제형이다보니까 지성인 저한테는 약간 아쉬웠어요.
-그리고 마무리감이 겉돈다고 느껴졌어요.
-처음에 뭣도 모르고 많이 발랐다가 진짜 다시 세안한 적도 ..ㅎㅎ

➡️그래서!! 지성인데 이거 써보고 싶어 하시는 분들은 같은 브랜드에서 멀티 리페어 추천드려용. 이건 저두 2번?정도 재구매했었어요. 확실히 지성, 수부지 분들이 만족할 만한 제형입니당.

8️⃣추천하고 싶은 대상
📌건성분들
📌건조함 많이 느끼시는 분들
📌겨울에 사용할만한 꾸덕한 크림? 보습템 찾고 계신 분들
📌트러블에 좋은템 찾는분들

9️⃣마무리
📌꾸우덕한 제형
📌트러블을 잠재우자
📌나이트케어용
📌구매하기 전에 꼭 매장에서 테스트 해보시길

🔟재구매 의사
📌저희 엄마는 100프로일거 같습니당.



💖도움이 되셨다면 [도움이 돼요]를 눌러주세요! 오늘도 좋은 하루 보내세요.💖"
2026-07-23,A000000206904,62795196,2026.07.14,5,1,OFFLINE,[기획] 시카밤 100ml SET,A02,B03,"C05,C08",0,594.0,1,0,쏘블리이유,"자극이 없고 정말 순해요! 피부가 예민한 날, 트러블 올라온 날, 건조한 날, 더운 날씨와 자외선으로 피부가 지친 날 사용하기 딱이에요! 피부가 빠르게 안정을 찾고 보습 충전꺼지 가능합니다~"
2026-07-23,A000000206904,62729695,2026.07.13,5,0,NORMAL, ,A03,B05,"C02,C03",0,594.0,1,0,강동구나옹이,이건 없으면 안됩니다 ㅠ 저도 지성에 가까운 복합성이여서 기름지다고 느낄 때가 많지만 그만큼의 기능이 있어서 꼭 매일 바름!
2026-07-23,A000000206904,62705830,2026.07.12,5,0,NORMAL,[기획] 시카밤 100ml SET,A03,B05,"C01,C05",0,594.0,1,0,우리가우리,건조하거나 보습이 필요할 때 나이트케어 해주먄 다음날 아침 기름과 보습이 적절하세 올라옵니다 그리고 사계절용으로 쓰기에 너무 좋아요!!!
2026-07-23,A000000206904,63154877,2026.07.22,5,0,NORMAL,[기획] 시카밤 100ml SET,A04,B05,,0,528.0,1,0,hzero,항상 사용하다가 다른거 써보고 싶어서 다른거 쓰다가 라로슈포제꺼가 확실히 제 피부에는 찰떡파이라 재구매합미당
2026-07-23,A000000206904,62846063,2026.07.15,4,0,NORMAL,[기획] 시카밤 100ml SET,A03,B02,"C01,C03",0,495.0,1,0,준꼬짱,"피부가. 완전건조한데  후기보고. 구매해봅니다
약간 두껍게. 바르면 때처럼. 밀리기도 하더라구요"
2026-07-23,A000000206904,62794525,2026.07.14,5,0,NORMAL,[기획] 시카밤 100ml SET,A05,B02,"C03,C08",0,495.0,1,0,유터니,"건성이 사용하기좋고
유분감도 좀 있고 진정에 좋아서 열감내릴 때 잘 사용합니다"
2026-07-23,A000000206904,62579558,2026.07.09,4,1,OFFLINE,[기획] 시카밤 100ml SET,A03,B06,"C02,C04",0,495.0,1,0,찡혜,뻑뻑하게 발리고 그래서 그런지 약간의 백탁현상이 있어요 밤에 바르고 잘거라 크게 신경 쓰진 않지만 제형에 민감하신분들은 테스트 해보고 구매하셔요!
2026-07-23,A000000206904,61920333,2026.06.26,4,0,NORMAL,[기획] 시카밤 100ml SET,A02,B03,"C01,C02",1,450.0,0,0,UaSgHh,피부장벽이 무너져서 병원도 다니고 여러 화장품을 써봤는데도 효과가 없어 다른 제품을 찾아보다가 유명한 라로슈포제 b5+밤을 구매했는데 한 3일정도 바르니까 피부장벽이 회복되면서 속광이 돌며 피부가 쫀쫀해졌습니다. 근데 너무 끈적여서 여름에 유분이 많은 피부에는 비추인거 같아요. 소량만 바르는걸 추천드려요
2026-07-23,A000000206904,61301245,2026.06.11,5,0,NORMAL,[기획] 시카밤 100ml SET,A07,B02,"C01,C02",3,450.0,1,0,춘시기춘시기러마,"ㅇㅅㅌㄹ, ㅈㄹㅇㄷ 다 저리가라에요 진짜 하루 썼는데도 좋다고 느꼈는데 3일째인데 홍조가 눈에띄게 가라앉았어요 미쳤어요 진작살걸 왜이제샀는지 개후회중 ㅠㅠ 역시 화장품은 인터넷에서 가격대비별로다 이게낫다 뭐라뭐라 말많아도 자기한테 맞는거 쓰는게 짱!!! 근데 꾸덕하다는데 하나도 안꾸덕해요 ! 그냥 리페어크림에 비하면 꾸덕함"
2026-07-23,A000000206904,61230328,2026.06.09,4,1,OFFLINE,[기획] 시카밤 100ml SET,A01,B04,"C07,C09",8,450.0,1,0,보노밍,"리페어크림 찾던 중 예전에 구매했었는데 이번에 건성인 지인 선물로 사줬어요

지성인 저는 개인적으로 안맞았어요 너무 기름져요
산뜻한 느낌없고 피부 안좋은 날 사용하면 좁쌀도 올라올정도

그래서 집에 남은 크림은 그냥 목에 바르는 중이에요
건성분들한테 추천ㅠㅠ"
2026-07-23,A000000206904,60592200,2026.06.01,5,0,NORMAL,[기획] 시카밤 100ml SET,A05,B04,"C01,C02",8,450.0,1,0,밍숭맹숭올리비아,"인생진정크림이라 없으면 안되고 안써도 일단 눈에 보이는 곳에 있어야되요. 언제 또 트러블이 올라오고 예민해지고 붉어질지 몰라서..
하루이틀만 바르고 자도 금방 진정되고 피부장벽 무너졌을 때도 b5+로 버텼어요. 약간 기름진 느낌이라 저녁에 사용하고 b5는 데이타임용으로 쓰기 좋아요.
점점 비싸지는 것 같으뮤"
2026-07-23,A000000241210,62882068,2026.07.16,5,0,NORMAL,24 베어 쥬시 오,A02,B02,"C01,C08",1,2232.0,1,0,ZZ바라기,"생각보다 지속성있어요

발림성이 좋고요

색상표현 너무마음에듭니다 ♡♡"
2026-07-23,A000000241210,62489032,2026.07.07,5,0,NORMAL,[미피][OY단독] 02 누카다미아 ,A02,B02,"C02,C09",3,1980.0,1,0,찰떡모찌랑,"롬앤 립 색상 중에 누카다미아 잘 썼던 기억도 있고 오랜만에 사봄,,,웜톤인데 역시나 딱 원하던 색상으로 올라와서 좋아여, 누디누디하지만 어느정도 채도가 있어서 밋밋하지않고 혈색 싹 올려줍니다, 쌩얼에도 살짝 올려줘도 이쁘고 풀립해서 부담스럽지 않아요, 립이 과하지않는 걸 좋아해서 누카다미아가 휘뚤마뚤 바르기 좋다랄까..블러 퍼지팟은 왜케 또 부드러움..크게 기대 안했는데 포슬포슬하니 이거 또한 휘뚤마뚤이다…"
2026-07-23,A000000241210,63070615,2026.07.20,5,0,NORMAL,[미피][OY단독] 02 누카다미아 ,A02,B02,"C02,C09",0,1800.0,1,1,찰떡모찌랑,"저번에 샀었는데 남자친구 여동생이 원해서 해외택배 보낼때 같이 보낼려고 미피에디션으로 또 샀음,,ㅎ 웜톤인데 역시나 딱 원하던 색상으로 올라와서 좋아여, 누디누디하지만 어느정도 채도가 있어서 밋밋하지않고 혈색 싹 올려줍니다, 쌩얼에도 살짝 올려줘도 이쁘고 한콧두콧 올려도 부담스럽지 않아요, 립이 과하지않는 걸 좋아해서 누카다미아가 휘뚤마뚤 바르기 좋다랄까..블러 퍼지팟은 왜케 또 부드러움..크게 기대 안했는데 포슬포슬하니 이거 또한 휘뚤마뚤이다…"
2026-07-23,A000000241210,62926414,2026.07.17,4,0,NORMAL,[미피][OY단독] 02 누카다미아 ,A01,B05,"C03,C06",0,1800.0,1,0,ㅣ김여름ㅣ,"🤎누카다미아 듀오 세트
구성 : 누카다미아 + 블러 퍼지 팟

미피 콜라보했길래 누카다미아 재구매했어요! 

🤎가을웜 찰떡 컬러에요
붉은기 도는 브라운 컬러입니다

쥬시래스팅 틴트답게 광택도 예쁩니다

기획 구성에 포함된 블러 퍼지 팟 컬러도 예뻐요"
2026-07-23,A000000241210,62922497,2026.07.17,5,0,NORMAL,[미피][NEW] 40 베이지 그레이프,A02,B04,"C04,C05",0,1800.0,1,0,nose덕,"제발 여뮽이 베이스로 써줬으면 좋겟는 템...
제형은 적당한 광에 적당한 착색 남는 st
저는 개인적으로 마음에 들엇어용
여뮤가 쓸 수 있는 회기 있는 핑크 너무 예뻐요ㅜㅡㅜ
진짜 한동안 이 겋만 썼어요 베이스로 딱!! 좋음 착색도 딱 적당하게 남아서 좋아요 투명하게 남음 베어그레이프보다는 훨씬 쿨하고 더 여리여리 색상이에요 

재구매햇습니다.."
2026-07-23,A000000241210,63155365,2026.07.22,5,1,OFFLINE,19 썸머 센트,A04,B01,"C01,C11",0,1512.0,1,0,감자감자강감자,"정채연이 썼다길래 구매했어요
체리레드 색 예쁘고
착색 대박이라 오히려 좋아요!"
2026-07-23,A000000241210,62939515,2026.07.17,4,0,NORMAL,[미피][NEW] 40 베이지 그레이프,A01,B05,"C03,C06",0,1512.0,1,0,ㅣ김여름ㅣ,"🍇베이지 그레이프 
🍇구성 : 베이지 그레이프 + 블러 퍼지 팟

🍇베이지 한방울 섞은 포도 컬러에요

쥬시래스팅 틴트답게 광택도 예쁩니다

블러 퍼지 팟 미피 케이스도 귀엽고 컬러도 예뻐요"
2026-07-23,A000000241210,62622837,2026.07.10,5,0,NORMAL,[두유][단품]42소이 피그,A01,B01,"C07,C09",1,1395.0,1,0,habing84040,"크림 섞인 무화과 컬러 진짜 너무너무 이뻐요.
역시 롬앤 컬러 뽑는건 천재인듯!?"
2026-07-23,A000000241210,62389537,2026.07.06,5,0,NORMAL,[미피][단품] 39 미스티 피치 ,A02,,"C01,C09",1,1260.0,1,0,하현달,"info) 노란피부 17호 여름쿨라이트

미피가 최애인 사람이라 이번 콜라보가 너무너무 반가웠던 🐰 이번에 미피컬렉션 거의 다 마음에 들었는데 쥬시래스팅 틴트는 미스티피치가 제 마음에 쏙 들었어요..💗💗

미스티피치는 복숭아 조린 컬러라고 봤었는데? 실제로는 핑크기가 올라오게 발색되더라고요. 틴트 자체는 웜하게 발리는데 입술에 올리면 핑크가 확 비쳐서 🤔 (제가 입술이 쿨하게 발색되는 편이지만 그 정도가 심하다고 느껴지긴 했습니다… 👀💭) 그래두 예뻐서 자주 쓰고 있긴 해요. 

저한테는 구순염 이벤트는 없는데, 어느샌가 롬앤 뉴컬러들 중에서 웜컬러가 쿨하게 안착되는 경향이 있어요… 미피는 마음에 들었지만 이후에 나온 컬러들은 그냥 안 사게 되더라고요 어짜피 컬러가 다르니까. 이 부분 검토해보시면 좋을거 같아요"
2026-07-23,A000000241210,62254537,2026.07.03,5,0,NORMAL,[미피][OY단독] 02 누카다미아 ,A03,B05,"C04,C06",1,1260.0,1,0,이미피,"😊롬앤 쥬시래스팅 틴트는 예전부터 무난하게 잘 쓰던 라인이라, 미피 에디션으로 나온 누카다미아 컬러가 궁금해서 구매했어요. 평소 너무 쨍한 립보다는 차분한 누드톤을 좋아하는데, 얼굴이 칙칙해 보이지 않는 베이지 계열을 찾고 있었어요.

💖장점

누카다미아는 이름처럼 부드러운 누드 베이지에 살짝 로지한 느낌이 섞인 컬러예요. 완전한 브라운 누드가 아니라 입술에 올렸을 때 생기가 아예 사라지지 않아서 데일리로 쓰기 좋았어요. 진한 메이크업보다는 연한 베이스나 꾸안꾸 메이크업에 더 잘 어울리는 느낌이에요.

제형은 쥬시래스팅 특유의 촉촉한 광이 올라오는 타입이에요. 바른 직후에는 입술이 탱글해 보이고, 시간이 지나면서 광이 살짝 자리 잡는 편이라 부담스럽지 않았어요. 각질이 조금 있는 날에도 매트립처럼 도드라지지 않아서 편했고, 덧발라도 색이 텁텁하게 뭉치지 않았어요.

😒아쉬운 점

컬러가 은은한 편이라 입술색이 진한 분들은 생각보다 발색이 약하게 느껴질 수 있어요. 또 글로우 틴트라 컵에는 묻어남이 있고, 식사 후에는 수정이 필요했어요. 대신 지워질 때 얼룩덜룩하게 남기보다는 자연스럽게 옅어지는 편이라 수정은 쉬웠어요.

👌이런 분들께 추천해요

* 차분한 누드 베이지 립을 좋아하는 분
* 생얼이나 연한 메이크업에 바를 립을 찾는 분
* 건조한 틴트보다 촉촉한 광택감을 선호하는 분
* 너무 쨍한 컬러가 부담스러운 분
* 귀여운 미피 패키지까지 같이 보고 고르는 분"
2026-07-23,A000000241210,62101939,2026.06.30,5,0,NORMAL,[더쥬시미니기획] 03 베어그레이프,A02,B04,"C01,C09",1,1260.0,1,0,하현달,"원래두 잘 쓰고 좋아하는 베어그레이프에요..! 촉촉하고 맑게 올라오는 광막도 정말 예쁜 제품이에요. 
* 구순염 이슈가 있지만 저는 없었어요 오히려 저는 제형을 타는 편인데. 구순염이 없었다가 이거 쓰고 생겼다는 분도 계서서 랜덤인거 같아요 👀 

그치만 이젠 베어그레이프 말고 다른 컬러두 쓰고 싶다 ••• 
다른 컬러로도 기획이 나오면 좋을텐데. 올영에서 베스트컬러로 기획세트를 만들라고 프레셔를 준다더라고요 ;;

미니틴트때문에 또!! 베어그레이프를 사게됐는데 미니틴트는 진짜 너무 작아서 아쉬웠어요.. 근데 미니틴트 중에 라이트한 컬러가 ㄹㅇㄹㅇ 예쁜데 왜 이걸 안 내주시는지 모르겠음.. 탁해지고 쿨해지는 소이어쩌구 말고 이걸 내주셔야하는데;;"
2026-07-23,A000000241210,62062452,2026.06.29,5,0,NORMAL,[미피][NEW] 40 베이지 그레이프,A02,B04,"C01,C09",1,1260.0,1,0,하현달,"info) 노란피부 17호 여름쿨라이트

이름은 베이지그레이프인데 베어그레이프보다 쿨해요 ㅎㅎㅋ 베어그레이프가 리뉴얼되고 웜해졌는데, 이전의 베어그레이프를 그리워하셨다면 베이지그레이프로 갈아타시면 될거 같아요! 

개인적으로 소이.. 두유코어보다 미피컬렉션으로 나왔던 베이지그레이프 미스티피치가 더 예쁜거 같아요. 근데 두 컬렉션 다 첫콧보다 시간지나면 컬러가 달라져서 너무 아쉬워요 ㅠㅠ 이거 없애려고 리뉴얼한거 아닌가..? 베이지그레이프는 컬러 달라지는게 없는데 (애초에 쿨) 웜컬러들이 쿨해져요.."
2026-07-23,A000000241210,61683897,2026.06.20,5,0,NORMAL,[미피][NEW] 40 베이지 그레이프,A02,B04,"C04,C05",5,1170.0,1,1,nose덕,"잃어버린 줄 알고 다시 샀는데 찾앗어욤....;
다시 살 정도로 색이 정말!!!!!루 예뻐요😌🥺

여뮤가 쓸 수 있는 회기 있는 핑크! 베이스로 딱!! 좋음 
저는 그리고 베이스립 매트한 거 바르고 안쪽에만 살짝 발라쥬는 포인트로도 잘 썼어요!! 그렇지만 광이 스며들듯이 올라와서 베이스립으로 쓰기 딱 좋을 것 같숩니당!!!
착색도 딱 적당히 남아서 좋아요 투명하게 남음 
베어그레이프보다는 훨씬 쿨하고 더 여리여리 색상이에요 

여뮤분들은 들이시길...."
2026-07-23,A000000241210,63160074,2026.07.22,4,0,NORMAL,28 설화 딸기,A02,B01,"C01,C03",0,900.0,1,0,짭원영,피오니발레랑 같이 쓰면 예쁘다길래 사봤는데 난 피오니발레 단독으로 썼을 때 가장 잘 어울림.. ㅋ 내 얼굴에 설화딸기 얹으니 좀 촌시러워 보임 그래서 굳이 쓴다면 아주 얇게 쪼끔만 바르고 피오니발레 얹음 착색 좀 있는 편이라 지속력면에선 ㄱㅊ한듯
2026-07-23,A000000241210,62864047,2026.07.16,5,1,OFFLINE,17 다크 코코넛,A01,B05,"C01,C02",0,900.0,1,0,갸루지망생,"화면에서 보던 그대로 색감이 너무 맑고 예쁘게 올라와서 대만족입니다! 색조 살 때 텁텁하거나 두껍게 올라오는 걸 제일 싫어하는데, 이건 얇고 투명하게 밀착돼서 피부 무드가 확 살아나요. 다크닝이나 색 바램 없이 처음 발색 그대로 오래 유지되는 점도 마음에 듭니다. 데일리로 쓰기 딱 좋은 갸루의 정석 컬러라 요즘 매일 손이 가요!"
2026-07-23,A000000241210,62019845,2026.06.28,3,1,OFFLINE,30 보늬 밤,A01,B05,"C01,C05",0,900.0,1,0,우쥬비행,"(왼쪽부터 순서대로 태니구아바 - 탠드코코 - 보늬밤 입니다.)

생각보다 태니구아바랑 너~무 비슷해서 괜히 샀다 싶어요ㅠ
태니구아바도 시간 좀 지나면 생각보다 너무 핑크로 남아서 그 부분이 아쉬웠는데 보늬 밤도 똑같아요,,
한 30분 뒤에 색 날아가면 너뮤 핑크로 남아버림,,"
2026-07-23,A000000241210,61927845,2026.06.26,5,1,OFFLINE,07 체리밤,,,,3,900.0,1,0,mini101,"급하게 틴트가 필요해서 직접 매장에서 테스터를 해보고 구매했습니다!
​체리밤 특유의 딥하면서도 생기 있는 체리 레드 빛이 안색을 확 살려주네요! 시간이 지나도 요플레 현상은 없지만 생각보다는 촉촉함이 별로 없어서 글로스를 따로 발라주긴 해야해요ㅜㅜ"
2026-07-23,A000000241210,61897212,2026.06.25,4,0,NORMAL,26 신비 복숭아,A02,B01,"C01,C03",1,900.0,1,0,뽈그랑삐,"봄웜인데 아주 찰떡이에요
발림성 좋고 촉촉한 편이에요
하지만 지속력은 0에 가까움,,,
돌아서면 색 없어져있고 돌아서면 지워져있음
수시로 발라줘야함 그러다보면 금방 다씀 ㅠ
그래서 별 하나 빼써요ㅜ
근데 색이 이뻐서 벌써 다섯개는 썼어요 !!!!
이름도 어쩜 신비복숭아"
2026-07-23,A000000241210,62814716,2026.07.14,4,0,NORMAL,[조앤프렌즈][기획]36키튼리치,A03,B04,"C02,C05",0,810.0,1,0,왕왕왕왕왕왕왕,"엄청 연한 컬러여서, 입술색 차분하게 가라앉히기 좋아요.
아쉽단건 색이 연해서 첫화장엔 예쁘게 올라가고 그다음엔 텁텁하게 올라가는 것 같아요 ㅜ
이 제품탓인지는 모르겠는데, 입술이 자꾸 갈라져요
롬앤 파파야잼은 괜찮았는데, 다른 컬러들은 조금 입술이 갈라지는 것 같아요"
2026-07-23,A000000241210,61314039,2026.06.11,5,0,NORMAL,[올리브영단독] 01 포멜로스킨,A02,B05,"C01,C02",7,810.0,1,0,햄햄씨,"22-23호 가을뮤트 라그시
생얼립 : 채도낮은 보라립

1, 2번째 사진은 생입술에 발랐을 때,
3,4번째 사진은 쿠션으로 입술색 죽이고 립라이너 따고 바른 발색입니다!!

쌩얼립에는 생각보다 진하고 채도있게 올라오는데 과하진 않고 쌩얼에도 막 쓰기 좋아요!
그래도 확실히 쿠션으로 색 죽이고 썼을 때가 훨씬 예뻐요!!!
베이스로도 좋고 단독으로 바르기에도 예뻐요
다 써도 재구매 할듯 합니당"
2026-07-23,A000000241210,60848019,2026.06.04,3,0,NORMAL,[두유][단품]41소이아몬드,A02,B05,C13,10,810.0,1,0,스코빌지수,"일단 상세페이지랑 실제 발색이랑 완전 달라요
실제 입술에서는 절대 저런 두유 아몬드 베이지 같은  색감 아니에요
웜톤인 저한테 아몬드는 온데간데없고 쿨하게 올라오더라고요?
누디한 두유 아몬드 베이지보다는 채도 낮춘 여릿한 잿빛 모브 같은 색감이에요
손에서의 발색이나 상세페이지 발색샷이랑 입술에 실제로 올렸을 때 발색이 이만큼이나 다른 제품은 처음인 거 같아요
23호 갈웜인 제가 썼을 때 왠지 모르게 아파 보이는 입술이 되더라고요🥲
색상 자체가 회끼있고 채도가 낮아서 시간 지난 후 덧발라도 롬앤 틴트 특유의 칙칙해지고 짙어지는 현상은 덜 하긴 해요
착색은 또 신기하게 갈색으로 되더라고요🤔
포멜로 스킨이랑 비교 사진 보면 아시겠지만 포멜로 스킨이 훨씬 웜하고 주황끼가 도는 반면에 소이 아몬드는 멀멀하면서 쿨하게 발색되는 거 보이실 거예요"
2026-07-23,A000000241210,63132408,2026.07.22,5,1,OFFLINE,[올리브영단독] 03 베어 그레이프,A03,B01,"C03,C04",0,792.0,1,0,세시,"친구들 선물로 구입했어요^^ 
만족스러운 구입이었어요. 
발색력이 좋아서 은은하게 이쁜 입술로 보이네요^^"
2026-07-23,A000000241210,63086045,2026.07.21,5,1,OFFLINE,[두유][기획]03베어그레이프,A02,B01,"C06,C09",0,792.0,1,0,제니퍼7,"광이 너무 예쁘고 지속력 좋아요. 그리고 발색 확실해서 은근 오버립하기 좋아요. 베어 그레이프 색 예쁜건 뭐 다 아는 사실이고요,, 패키지도 예뻐서 마음에 들었어요ㅋㅠ같이 온 딸기두유도 정식제품으로 출시해줬으면 좋겠네요"
2026-07-23,A000000241210,63056663,2026.07.20,5,1,OFFLINE,[미피][NEW] 40 베이지 그레이프,A06,B01,"C05,C09",0,792.0,1,0,지이2,"여름뮤트라면 그레이프가 들어간 틴트는 무조건 사게 되는 거 같은 ,, 다른 제품이랑도 비교 발색한 거 보고 가세요"
2026-07-23,A000000241210,63009532,2026.07.19,5,0,NORMAL,[두유][단품]41소이아몬드,A01,B05,"C04,C05",0,792.0,1,0,몽쉘몽,두유립 체고.. 근데 상세페이지 색보다 더 핑키해짐 구래도 자주쓰게돼요
2026-07-23,A000000241210,62983449,2026.07.18,5,0,NORMAL,[미피][OY단독] 02 누카다미아 ,A03,B03,"C03,C06",0,792.0,1,0,Hyunjuly,"촉촉하니 좋아요! 
2개 구입해서 레이어드해서 발라도 좋네요!"
2026-07-23,A000000241210,62983291,2026.07.18,5,0,NORMAL,22 도토리 밤,A03,B03,"C03,C06",0,792.0,1,0,Hyunjuly,"촉촉하니 잘발려요 
2개 구입해서 레이어드해서 발라도 이쁘네요!"
2026-07-23,A000000241210,62982544,2026.07.18,1,0,NORMAL,24 베어 쥬시 오,A03,B02,"C01,C06",1,792.0,0,0,옆집댕댕이,음...쓰고나면 입술이 자꾸 간질간질해서 결국 사용중단이요 ㅠ
2026-07-23,A000000241210,62964348,2026.07.18,5,1,OFFLINE,[미피][OY단독] 03 베어 그레이프,A06,B01,"C05,C09",0,792.0,1,0,지이2,"여름뮤트라면 베어그레이프는 꼭 ,, 다른 브랜드 포도립이랑 비교도 해보세요 ~"
2026-07-23,A000000241210,62934212,2026.07.17,5,1,OFFLINE,27 허니 듀 멜론,A07,B04,"C01,C02",0,792.0,1,0,삥쿠더쿠,팁이 통통해서 몇 번만 발라주어도 금방 입술 전체가 차오릅니다. 수분기가 많아서 입술 볼륨감이 살아나는 것 같아요. 글로시하지만 많이 무겁지는 않습니다.
2026-07-23,A000000231894,61810285,2026.06.23,2,0,NORMAL, ,A03,B03,"C05,C06",97,19980.0,0,0,피치리뷰,"너무 과장된 마케팅이 아닌지..하도 광고하길래 유튜버들이 추천하고 제가 좋아하는 연예인이광고해서 사봤는데
제품력에 돈을 썼다기보다 바이럴에 돈을 많이쓴거같은 느낌이
물흐르는듯한 제형인데 향은 또 왜이렇게 불쾌할가요 ㅠㅠ
발랐을때 주름이 옅어진다 이런건 전혀없어요...
그럴리없잖아요?
저는 보습이잘되는 히알루론산 제품찾다가 사봤는데 기대가 커서 그런지 실망이커요
PD RN+HA시너지조합의 제품인데 핵심시너지 PDRN이 고작..0.01% (소듐디엔에이 100PPM)
정말 PPM단위는 전성분에서 사라졌으면좋겠어요 
이렇게귀엽고 깜찍한 함량으로 PDRN세럼이라고 한다니 놀라워요"
2026-07-23,A000000231894,63103721,2026.07.21,5,0,NORMAL, ,A02,B01,"C01,C03",2,2232.0,1,0,cenoifroubr,"촉촉하고 흡수력도 좋아요
화장하기 전에도, 나이트케어에도 쓰기 좋은 세럼이라서 재구매해서 쓰고 있어요
같은 라인 수분크림이랑 썼을 때 궁합이 좋았어요
대용량 기획도 출시해주시면 좋을 것 같아요"
2026-07-23,A000000231894,62758198,2026.07.13,5,0,NORMAL, 피디알엔 세럼 30ml(+크림30ml),A04,B04,"C08,C09",1,1890.0,1,0,젤리냥이,"아직 딱 한 번밖에 안 써봐서 효과를 정확히 말하긴 어렵지만, 첫 사용감은 일단 합격이에요! 세럼이랑 크림 같이 바르니까 수분감이 꽉 채워지면서 피부가 맑아 보이는 느낌?
피부에 잘 맞는지는 좀 더 꾸준히 써보면서 지켜봐야 할 것 같아요. 한 통 다 비울 때쯤 꿀피부 되어있길 기대해 봅니다! 확실한 효과 보려면 더 써봐야겠어요. 조만간 한달 사용기도 남기러 올게요!"
2026-07-23,A000000231894,62639984,2026.07.11,5,0,NORMAL, 피디알엔 세럼 30ml(+크림30ml),A06,B03,"C02,C03",1,1890.0,1,0,새루의하루,"✨ 수지가 예뻐서 샀는데… 제품력이 생각보다 너무 좋아서 놀람


💙 크림
✔️ 속건조 진짜 잘 잡아줌
✔️ 수부지 피부가 쓰기 딱 좋았음
✔️ 여름에도 부담 없이 촉촉해서 요즘 손이 제일 많이 가는 템

💧 세럼
➖ 제형이 거의 물 수준이라 처음엔 바르기 조금 불편했음🥲
손 사이로 줄줄 흘러내리는 느낌…

근데 이게 오히려 장점인 사람도 많을 듯
화장 전에 여러 번 레이어링하면 답답함 없이 흡수되고 메이크업도 꽤 잘 먹는 편!

📌 한 줄 평
크림은 재구매 의사 100% ❤️
세럼은 제형만 괜찮다면 만족도 높을 제품.

💬 도움이 되셨다면 ❤️ 좋아요 한 번 눌러주세요!
내돈내산 솔직 후기 계속 가져올게요 :)"
2026-07-23,A000000231894,63198268,2026.07.23,5,0,NORMAL, 피디알엔 세럼 30ml(+크림30ml),A03,B03,"C01,C05",0,1800.0,1,0,박교룡,"• 아누아 피디알엔 히알루론산 캡슐 100 세럼 

속광 촉촉함이 좋다고 해서 구매했는데 어느덧 3병째 사용 중이에요! 피부 타입 (수부지, 세안하고 나오면 피부가 땅김)
흐르는 제형이라 사용할 때 주륵 ~ 흐르는 정도? 여름에 쓰기 좋고 여러 겹 발라도 피부가 답답하지 않더라고요 
확실히 바르고 나면 속광 + 속 건조 잡아주더라고요 
전 스킨케어, 화장할 때 피부 표현 중요하게 생각하는 타입이라 2-3겹 바르고 베이스 올리면 뭉침 없이 속광 싹 올라와서 좋음 ❕

아누아 세럼 1+1 기획을 좋아하지만 •• 크림도 궁금하긴 했어서 사용해보려구요 ~ ! 무튼 세럼은 강추합니당"
2026-07-23,A000000231894,61983580,2026.06.27,5,1,GIFT, 피디알엔 세럼 30ml(+크림30ml),A02,B06,"C02,C03",19,1620.0,1,0,로라레,가벼운 수분세럼이라 여름철에 쓰기 좋을 거 같아서 구입했어요! 워낙에 유명한 제품이고 히알루론산 제품들을 잘 써왔어서 기대했는데 저한테 잘 맞더라구요 크림까지 같이 증정해줘서 세럼 바른 후에 크림도 잘 사용하고 있어요! 점도가 살짝 있으면서 되게 촉촉한 제형이라 화장 전에 한 번 사용해주면 베이스가 피부에 더 쫀쫀하게 잘 먹었고 지속력도 눈에 띄게 올라가더라구요 번들거리거나 끈적이지도 않아서 얼굴에 올렸을 때 부담도 없었습니다
2026-07-23,A000000231894,62754415,2026.07.13,4,0,NORMAL, 피디알엔 세럼 30ml(+크림30ml),,,,3,1107.0,1,1,봉봉보로봉봉,피부 컨디션이 전체적으로 안정된 느낌입니다 가격할인 원츄
2026-07-23,A000000231894,62023229,2026.06.28,5,0,NORMAL, ,A02,B02,"C02,C03",1,900.0,1,0,Remy,개인적으로 아누아는 이 아이가 그 처음을 장식하네요. 구매한 일자에 살짝 차이가 있지만 아누아 피디알엔 히알루론산 수분 캡슐 미스트도 함께 구매했죠. 성수동에 팝업도 있다던데 두 아이 모두 역시 핫해서인지 일시품절 상태를 반복하더라구요. 두 아이 모두 일단 완전 기대해보며 자세한 후기는 꾸준히 사용해 본 후 한달사용리뷰 통해 남겨볼께요.
2026-07-23,A000000231894,62658381,2026.07.11,4,0,NORMAL, 피디알엔 세럼 30ml(+크림30ml),,,,2,837.0,1,1,봉봉보로봉봉,사용 후 피부가 촉촉해져서 건조함이 줄어든 느낌인데 가격이 자꾸 올라가네요.
2026-07-23,A000000231894,62658194,2026.07.11,4,0,NORMAL, 피디알엔 세럼 30ml(+크림30ml),,,,2,837.0,1,1,봉봉보로봉봉,사용 후 피부가 촉촉해져서 건조함이 줄어든 느낌인데 가격이 자꾸 올라가네요.
2026-07-23,A000000231894,62657899,2026.07.11,4,0,NORMAL, 피디알엔 세럼 30ml(+크림30ml),,,,2,837.0,1,1,홍홍슨,사용하기에 특별히 과하지 않아서 더 부담 없이 쓰기 괜찮았어요.
2026-07-23,A000000231894,62657860,2026.07.11,4,0,NORMAL, 피디알엔 세럼 30ml(+크림30ml),,,,2,837.0,1,1,홍홍슨,사용하기에 특별히 과하지 않아서 더 부담 없이 쓰기 괜찮았어요.
2026-07-23,A000000231894,62657788,2026.07.11,4,0,NORMAL, 피디알엔 세럼 30ml(+크림30ml),,,,2,837.0,1,1,홍홍슨,사용하기에 특별히 과하지 않아서 더 부담 없이 쓰기 괜찮았어요.
2026-07-23,A000000231894,63119479,2026.07.21,5,1,OFFLINE, 피디알엔 세럼 30ml(+크림30ml),A03,B01,"C01,C05",1,792.0,1,0,연yeon,"자극없어서 좋아요
부담없이 사용하기 좋아서 만족합니다
추천해요"
2026-07-23,A000000231894,63050178,2026.07.20,5,0,NORMAL, ,A03,B04,"C05,C06",1,792.0,0,0,먕먕냥냥,지금 한 이틀 정도 써봤는데요 수분을 되게 잘 채워주는 것 같아요
2026-07-23,A000000231894,63048392,2026.07.20,5,0,NORMAL, ,,,,1,792.0,0,0,yunmi1126,"만족스럽게 잘 사용중입니다. 
사용제형느낌 좋습니다. 추천합니다."
2026-07-23,A000000231894,63032779,2026.07.19,5,0,NORMAL, ,A05,B03,"C01,C13",1,792.0,0,0,브루트봄브,거의 토너 에센스 같은 제형이에요. 완전 묽어서 보습 뽝 하는 느낌보다는 아침에 화장 전에 가볍게 바르는 용도로 딱 좋네요
2026-07-23,A000000231894,62970854,2026.07.18,5,1,OFFLINE, ,A01,B04,"C01,C06",1,792.0,0,0,시여니6,너무너무 좋아요 다음에 또 살 거 같아요 계속 팔아주세요💕
2026-07-23,A000000231894,63076559,2026.07.20,5,0,NORMAL, 피디알엔 세럼 30ml(+크림30ml),,,,1,756.0,1,0,방구석인싸,처음 사용해보는데 촉촉하고 데일리로 바르게 좋아요. 순해사 몇 번 덧발라도 금방 스며들고 사용감이 좋습니다. 화장전에 쓰기에도 좋아요.
2026-07-23,A000000231894,62343726,2026.07.05,4,0,NORMAL, 피디알엔 세럼 30ml(+크림30ml),,B05,,1,756.0,1,0,hippoo,마무리감이 좀..찐득?하게 남아서 저는 불호긴한데 그래도 수분충전에는 좋은거같습니다
2026-07-23,A000000231894,63045874,2026.07.20,5,1,OFFLINE, ,A02,,"C01,C02",1,660.0,0,0,레몬은사랑,"한달 후기를 지금 쓰네요....
여러분 제 피부가 엄청 예민한 피부인데요 근데 이건 진짜 찰떡 콩떡이예요 자극이 전혀 없구요 밀림도 없고 흡수력도 좋고 수분감은 최고예요 지인들에게 강추 이미 벌써 했는데 당장 사겠다네요^^"
2026-07-23,A000000231894,60043771,2026.05.24,5,1,GIFT, 피디알엔 세럼 30ml(+크림30ml),A02,B06,"C02,C03",74,630.0,1,0,로라레,세럼 어떤 게 좋을지 고민하다 구입했어요 히알루론산 세럼답게 촉촉함이 오래 가고 요 세럼은 가볍게 여러번 바르기에도 좋더라구요 유분감이 별로 올라오지 않고 금방 흡수가 돼서 레이어 해서 바른 뒤에 크림 올려주고 자면 다음 날 피부가 보들보들 해져있어요 화장 전에도 발라주고 있는데 확실히 화장이 더 쫀쫀하고 오래가게 해주는 부스터 역할을 얘가 해줘서 요즘도 계속 사용중이에요
2026-07-23,A000000231894,62847296,2026.07.15,5,1,GIFT, ,A01,B05,"C01,C03",1,594.0,0,0,피짜좋아,피부 표현이 자연스럽게 유지되는 데 도움이 되는 것 같아요.
2026-07-23,A000000231894,62551004,2026.07.09,5,0,NORMAL, ,A03,B01,"C09,C10",0,594.0,1,0,뜐뜌닝,아누아제품 너무 잘맞아서 이라인으로 팩이랑 세럼 다 바꿨어요! 순하고 수분충전은 가득되어서 여름에도좋고 겨울에도 좋아요 아주 감사합니다
2026-07-23,A000000231894,62755063,2026.07.13,4,0,NORMAL, 피디알엔 세럼 30ml(+크림30ml),,,,1,567.0,1,1,홍홍슨,자극이 적고 마무리가 깔끔해서 부담 없이 계속 쓰기 편했어요.
2026-07-23,A000000231894,61840370,2026.06.24,4,0,NORMAL, 피디알엔 세럼 30ml(+크림30ml),,,,3,558.0,1,1,봉봉보로봉봉,피부 컨디션이 전체적으로 안정된 느낌입니다  가격할인 원츄
2026-07-23,A000000231894,61840194,2026.06.24,4,0,NORMAL, 피디알엔 세럼 30ml(+크림30ml),,,,3,558.0,1,1,봉봉보로봉봉,피부 컨디션이 전체적으로 안정된 느낌입니다  가격할인 원츄
2026-07-23,A000000231894,61840186,2026.06.24,4,0,NORMAL, 피디알엔 세럼 30ml(+크림30ml),,,,3,558.0,1,1,봉봉보로봉봉,피부 컨디션이 전체적으로 안정된 느낌입니다  가격할인 원츄
2026-07-23,A000000231894,62712956,2026.07.12,5,0,NORMAL, ,A03,B02,"C01,C06",1,495.0,1,0,Nupsss,Good for skin hydration and I am very satisfied I use it every morning which helps me hydrate my skin.
2026-07-23,A000000231894,62555589,2026.07.09,2,0,NORMAL, ,A03,B05,"C05,C06",1,495.0,0,0,hongzhiyan,"생각보다 별로ㅠ 광고에속았다 그냥 그런 물제향 앰플 재구매의사
없어요ㅔ"
2026-07-23,A000000183059,62817974,2026.07.15,5,1,OFFLINE,스윗 브리즈,A03,B01,"C03,C05",2,1674.0,1,0,로블록스중독,두피가  가렵지  않고. ..기름지지  않아요.  저녁까지  보송보송 합니다.  머릿결도 부드러운데 두피는 보송하니 그점이   만족했습니다.  가격도 부담없고... 재구매할 생각입니다. 향도  나름  오래가요~~
2026-07-23,A000000183059,63157849,2026.07.22,5,0,NORMAL,스윗브리즈+로지+마스크40ml,A03,B02,"C03,C08",0,1200.0,1,0,eunbi3804,"어노브 딥 데미지 리페어 샴푸는 손상된 모발 관리에 도움이 되는 제품이라 만족스러웠어요. 풍성한 거품으로 두피와 모발을 깔끔하게 세정해주면서도 사용 후 머릿결이 부드럽고 촉촉하게 느껴졌습니다. 특히 잦은 염색이나 열기구 사용으로 푸석해진 모발에 사용하기 좋았고, 샴푸 후에도 건조함이 덜해 머릿결이 한결 차분해지는 느낌이었어요. 스윗브리즈와 로지 향 모두 은은하게 오래 지속되어 기분 좋게 사용할 수 있었습니다. 함께 구성된 헤어 마스크까지 사용하면 모발이 더욱 매끄럽고 윤기 있게 관리되어 만족도가 높았습니다."
2026-07-23,A000000183059,62993565,2026.07.19,5,1,OFFLINE,스윗브리즈+로지+마스크40ml,,,,0,1080.0,1,0,뚜잉1101,"어노브는 워낙 유명해서 기대하고 구매했는데 역시 만족스러웠어요 💜✨

샴푸는 거품이 정말 풍성하게 나서 적은 양으로도 두피까지 개운하게 세정되는 느낌이었어요 머리를 감고 나면 뻣뻣하지 않고 부드럽게 정돈돼서 손으로 빗어도 엉킴이 확실히 덜하더라고요 😊

스윗브리즈 향은 은은하면서도 깨끗한 비누향 느낌이라 부담 없이 사용할 수 있었고 로지는 고급스럽고 은은한 플로럴 향이라 감고 난 뒤에도 잔향이 오래 남아서 기분이 좋았어요 🌸

같이 들어있는 딥 데미지 리페어 마스크 40ml도 생각보다 만족도가 높았어요 샴푸 후 모발 끝부분 위주로 발라 몇 분 두었다가 헹궈주니 푸석했던 머릿결이 한결 차분해지고 윤기도 살아나는 느낌이었어요 💖

염색이나 펌 때문에 손상된 모발이라 관리용 샴푸를 찾고 있었는데 데일리로 쓰기 부담 없고 향이 좋아서 사용할 때마다 기분까지 좋아지는 제품이었어요 다음에도 재구매할 생각입니다 🫶"
2026-07-23,A000000183059,62928825,2026.07.17,5,1,OFFLINE,스윗 브리즈*2,A02,B01,"C03,C04",1,900.0,0,0,Olivehater,"이 샴푸의 가장 큰 장점은 단백질과 아미노산 성분이 풍부하게 함유되어, 샴푸 하는 과정에서부터 모발 요철 사이사이에 들뜸 없이 쫀쫀하게 착 밀착된다는 점입니다. 제형을 덜어 물을 묻히고 슥 슬라이딩하듯 문지르면, 빳빳함 없이 매끄럽고 풍성한 고영양 거품이 짱짱하게 차오릅니다. 손가락이 걸려 툭툭 끊어지던 극손상 모발도 엉킴 없이 부드럽고 말끔하게 감겨 나가는 피팅감이 정말 예술입니다.

특히 두피의 노폐물과 지저분한 유분기는 산뜻하고 투명하게 세정해 주면서도, 모발 속 장벽은 맑은 영양으로 꽉 채워주는 시너지 효과가 아주 쓸만합니다. 물로 헹궈낼 때 뻣뻣함이나 텁텁한 잔여감 없이 미끄러지듯 말끔하게 씻겨 내려가며, 드라이 후에도 푸석함 없이 촉촉하고 부드러운 살결 같은 머릿결을 유지해 줍니다. 전문 조향 기술이 더해진 맑고 우아한 시그니처 향이 은은하게 퍼져 하루 종일 기분 좋은 브라이트닝 스킨케어를 받은 듯한 힐링을 선사하네요.

잦은 염색과 펌으로 모발 끝이 갈라지고 거칠어져 고민이셨던 분들, 샴푸 단계부터 확실한 모발 탄력 추천"
2026-07-23,A000000183059,62780778,2026.07.14,5,0,NORMAL,스윗 브리즈,A04,B04,C05,0,810.0,1,0,연평해전,올리브영 제품은 항상 냉장고에 넣고 사용중이에요 화장품냉장고 용량이 작아서 어쩔수가 없네요  일단 이번 제품은 몸에 잘 맞는것 같아요  물론 조금더 사용 해봐야겠지만  며칠 써본 것을 말씀 드리면 일단 얼굴에 과 몸에 잘 맞아요  그리고 일단 트러블이 없어요 트라블이 없다늠것은 엄청 좋은 장점이라 생각해요 요즘 세상이 참 사람들이 이상하고 이상한 제품도 많은데 올리브영은 그렇지 않은것 같아요 항상 그렇게 느껴요 두번째 끈적임이 전혀 없어요  끈적임이 있으면 얼굴에 바르던 다른곳 어디에 바르던 찝찝할텐데 올리브영 제품은 그렇지가 않아서 좋아요  가장 큰 장점인것 같아요  세번째는 그냥저냥 가격이 저렴하다는 거에요  많이6 사놓고 싶지만 그럴수 없는것이 좀 안타깝긴 하지만  제품이 좋아서 그냥 쓰는 편이에요  네번째  쉽게 변질되지 않는것 같아요 아무리 냉장고에 넣어놔도 제품이 별루면 변질 되기 쉬운데  올리브영 제품은  일방적으로 좋어요  일단 제 피부의 유연성이나 부드러움이 많이 개선 되었습니다 눈에 따는 피부 곳곳이 부드럽고 트러블이 없어 졌습니다 항상 잘 사용 하고 있어서 기분이 좋습니다
2026-07-23,A000000183059,62999304,2026.07.19,5,1,OFFLINE,로지 아우라,,,,0,720.0,1,0,당진사람,"솔직히 세정력, 머릿결개선 등을 고려해서 산 게 아니라 오로지 “향” 때문에 구매 한거였는데, 한달정도 사용해보니 거품도 풍성하게 나고 제가 손상모인데 이 샴푸쓰고나면 머릿결이 부드러워졋어요!! 저는 일단 너무 만족스러웠어요!! 이 샴푸 쓰고 같은 향의 그로우어스 헤어퍼퓸까지 뿌려주면 진짜 향 지속 레전드예요ㅠㅠ 남자친구가 머리냄새에 미칩니당.. ㅎㅎ 용량도 꽤 많아요! 다들 세일할때 구매 긔긔"
2026-07-23,A000000183059,62999090,2026.07.19,5,1,OFFLINE,로지 아우라,,,,0,720.0,1,0,당진사람,"솔직히 세정력, 머릿결개선 등을 고려해서 산 게 아니라 오로지 “향” 때문에 구매 한거였는데, 한달정도 사용해보니 거품도 풍성하게 나고 제가 손상모인데 이 샴푸쓰고나면 머릿결이 부드러워졋어요!! 저는 일단 너무 만족스러웠어요!! 이 샴푸 쓰고 같은 향의 그로우어스 헤어퍼퓸까지 뿌려주면 진짜 향 지속 레전드예요ㅠㅠ 남자친구가 머리냄새에 미칩니당.. ㅎㅎ 용량도 꽤 많아요! 다들 세일할때 구매 긔긔"
2026-07-23,A000000183059,62915448,2026.07.17,4,0,NORMAL,스윗 브리즈+로지 아우라,A02,B02,"C01,C03",0,660.0,1,0,DoubleJJ,친구생일선물해줬는데 마음에 들어해요~~바이오던스 믿고구매요
2026-07-23,A000000183059,62773514,2026.07.14,5,0,NORMAL,한정 벚꽃+스윗 브리즈,A06,B06,"C01,C03",0,594.0,1,0,낭낭낭낭낭,원래 잘 쓰던 재품인데 머릿결이 많아 상해서 사봤어요 벚꽃향이 좋아여
2026-07-23,A000000183059,62711904,2026.07.12,5,0,NORMAL,스윗 브리즈+로지 아우라,A04,B03,"C05,C09",0,594.0,1,0,예트리,"어노브 향이 너무 매혹적임 ㄷㄷ
어노브 샴푸 트리트먼트 헤어팩 컬링에센스 맨날구매 ㅠㅠ"
2026-07-23,A000000183059,62604312,2026.07.10,5,1,OFFLINE,로지 아우라,A04,B05,C01,0,594.0,1,0,햄냥e,거품 잘 나고 장미향도 오래가서 좋아요 세정력도 좋은것 같아요
2026-07-23,A000000183059,62558341,2026.07.09,4,1,GIFT,스윗브리즈+로지아우라+트리트먼트 40ml,A03,B04,C09,0,594.0,1,0,Happycrystal,향이 좋은 편이고 세정력은 무난해요~~ 데일리로 쓰기 좋은 전체적으로 무난한 샴푸이고 개인적으로는 로지아우라 향이 더 좋아요
2026-07-23,A000000183059,62879406,2026.07.16,5,0,NORMAL,스윗 브리즈*2,,,,0,528.0,1,0,app987,"사용감 너무너무 좋아요
향도 좋고 사용후 머리결도 좋아진듯해요"
2026-07-23,A000000183059,62648416,2026.07.11,5,0,NORMAL,스윗브리즈+로지+마스크40ml,,,,0,495.0,1,0,aimerihana,아주 아주 만족해요! 향도 좋고 순해서 자극 없어서.. 너무 좋아요
2026-07-23,A000000183059,61224148,2026.06.09,5,0,NORMAL,스윗 브리즈*2,A03,B01,"C01,C02",0,450.0,1,0,Lalala121,"한 통 다 쓰고 만족해서 재구매한 샴푸에요 💜 처음에는 향 때문에 샀는데 쓰다 보니 사용감도 괜찮아서 결국 또 구매하게 됐어요!

❤️ 역시 향 때문에 재구매함
샴푸할 때 욕실 가득 퍼지는 향이 너무 좋고, 머리 말린 후에도 은은하게 남아 있어서 만족스러워요! 향 좋은 샴푸 좋아하는 사람이라면 왜 재구매하는지 알 것 같아요!

❤️ 머릿결이 부드럽게 유지됨
꾸준히 사용하니까 머리가 덜 푸석해 보이고 손으로 빗어도 엉킴이 적은 느낌이었어요. 특히 드라이 후 차분한 느낌이 마음에 들었어요!

❤️ 매일 사용하기 부담 없음
자극적이거나 두피가 답답한 느낌이 없어서 데일리 샴푸로 무난하게 사용하기 좋았어요. 거품도 풍성해서 감을 때 만족감이 높아요!

❤️ 스윗브리즈 향이 질리지 않음
처음에는 향이 강한가 싶었는데 계속 사용해도 질리지 않고 포근하면서도 깔끔한 느낌이라 손이 자주 갔어요!

❤️ 대용량 기획이라 든든함
500g 더블/듀오 기획이라 쟁여두기 좋고, 할인할 때 사면 만족도가 더 높아요! 매번 샴푸 사러 갈 필요가 없어서 편했어요👍

❤️ 머리에서 은은한 향이 남음
향수처럼 강한 건 아닌데 머리카락을 움직일 때마다 좋은 향이 나서 기분이 좋아요! 주변에서도 샴푸 뭐 쓰냐고 물어본 적 있었어요 😊"
2026-07-23,A000000183059,62446171,2026.07.07,5,1,OFFLINE,스윗 브리즈+로지 아우라,A03,B02,"C04,C05",0,396.0,1,0,동동사랑,부드라운 느낌의 차분한 거품이 자극없이 순한편이고 하루종일 우아한 기분좋은 향이 지속되서 좋고 모발에 약간 힘이 있는듯한 느낌의 데일리 샴푸로 적합해서 만족하는 앞으로도 재구매하고 싶은 제품입니다
2026-07-23,A000000183059,62078395,2026.06.30,5,0,NORMAL,스윗 브리즈+로지 아우라,A03,B06,"C01,C02",2,396.0,0,0,흰모찌잉,스윗ㅂㅇ리즈랑 로지아우라 기획이라닛 이건 안살수가 없습니다
2026-07-23,A000000183059,62012510,2026.06.28,5,1,OFFLINE,스윗 브리즈*2,A03,B06,"C01,C02",2,396.0,0,0,흰모찌잉,"재구매 하게 되는 샴푸예요~ 온가족이 써도 
트러블 없고 거품도 풍성하구"
2026-07-23,A000000183059,61823867,2026.06.23,5,0,NORMAL,스윗브리즈+로지+마스크40ml,A01,B01,"C03,C05",0,396.0,1,0,요미뿌니,무엇보다 머리감고나서 뻑뻑한 느낌없이 머릿결이 부드러워져서 이걸로 정착햇어용~! 향도 은은하게 좋아서 기분좋아져요~!
2026-07-23,A000000183059,61418095,2026.06.14,5,0,NORMAL,스윗브리즈+로지+마스크40ml,A01,B05,"C01,C05",5,378.0,1,0,디오니소스통,어노브 헤어미스트 잘 쓰고있었는데 지인분이 샴푸 사달라하셔서 구매했습니다. 펌핑형태라 사용하기 편하고 거품도 잘나요! 하지만 두피가 많이 민감성이시라면 다른제품추천드립니당
2026-07-23,A000000183059,63020784,2026.07.19,5,1,GIFT,스윗브리즈+로지+마스크40ml,A03,B06,"C01,C03",0,360.0,0,0,Dodg,"염색과 드라이 때문에 손상된 머릿결이 고민이었는데 한 달 정도 사용하니 확실히 머릿결이 부드러워졌습니다. 거품이 풍성하게 나고 세정력도 좋으면서 두피가 건조해지지 않았습니다. 샴푸 후에도 모발이 덜 엉키고 윤기가 살아나는 느낌이었으며, 향도 오래 지속되어 하루 종일 기분 좋게 사용할 수 있었습니다. 손상모 관리용 샴푸로 만족도가 매우 높았습니다."
2026-07-23,A000000183059,62061400,2026.06.29,5,1,OFFLINE,스윗 브리즈+로지 아우라,A03,B03,"C01,C04",1,330.0,0,0,선쥬,"좋아요
잘 사용하고 있습니다
다음에 또 구매할게여!! ㅎㅎㅎ"
2026-07-23,A000000183059,62927647,2026.07.17,5,1,OFFLINE,한정 벚꽃+스윗 브리즈,A02,B01,"C03,C04",0,300.0,0,1,Olivehater,"거품도 풍성하고 푸석한 모발을 부드럽게 감싸줘서 정말 쓸만해요!

올리브영에서 염색과 펌으로 거칠어진 모발을 부드럽게 가꿔줄 제품을 찾다가 헤어 케어로 유명한 어노브 제품이라 믿고 구매하게 되었습니다. 평소에 손상모 전용 제품은 감고 나면 두피가 기름지거나 무겁게 쳐지는 느낌이 들어서 아쉬울 때가 많았는데, 이 제품은 촉촉하면서도 과한 유분기 없이 깔끔하게 마무리되어 마음에 쏙 들었습니다. 500ml의 넉넉한 용량 덕분에 데일리로 매일 사용하기에도 가성비 면에서 아주 합리적이라는 생각이 듭니다.

샴푸 제형이 닿자마자 조밀하고 쫀쫀한 거품이 풍성하게 잘 만들어지기 때문에, 머리를 감을 때 모발 간의 마찰과 자극을 부드럽게 완화해 줍니다. 손가락이 걸리던 부스스한 머리카락이 감는 과정에서부터 차분하고 매끄럽게 정돈되는 것을 체감할 수 있었습니다. 모발 속까지 수분과 영양이 부드럽게 채워지는 느낌이라 타월 드라이 후 빗질도 한결 부드럽게 잘 되고, 어노브 특유의 은은하고 고급스러운 향이 감돌아서 감을 때마다 기분까지 상쾌해지네요.

드라마틱하게 모발이 순식간에 완전히 복구되는 느낌보다는, 매일매일 머리를 감으면서 찰랑거리고 건강한 모발 바탕을 유지하기에 아주 훌륭하고 탄탄한 제품이라고 생각합니다. 성분도 순한 편인지 민감한 두피에도 붉어짐이나 가려움 없이 편안하게 잘 맞아서 부담이 없네요. 뻣뻣하지 않고 산뜻한 영양감을 주는 데일리 손상모 케어 제품을 찾으시는 분들께 적극적으로 권해드리고 싶습니다!"
2026-07-23,A000000183059,61791122,2026.06.22,5,0,NORMAL,스윗브리즈+로지+마스크40ml,A03,B02,"C03,C08",0,300.0,1,0,eunbi3804,"어노브 딥 데미지 리페어 샴푸는 손상된 모발 관리에 도움이 되는 제품이라 만족스러웠어요. 풍성한 거품으로 두피와 모발을 깔끔하게 세정해주면서도 사용 후 머릿결이 부드럽고 촉촉하게 느껴졌습니다. 특히 잦은 염색이나 열기구 사용으로 푸석해진 모발에 사용하기 좋았고, 샴푸 후에도 건조함이 덜해 머릿결이 한결 차분해지는 느낌이었어요. 스윗브리즈와 로지 향 모두 은은하게 오래 지속되어 기분 좋게 사용할 수 있었습니다. 함께 구성된 헤어 마스크까지 사용하면 모발이 더욱 매끄럽고 윤기 있게 관리되어 만족도가 높았습니다."
2026-07-23,A000000183059,62785110,2026.07.14,5,0,NORMAL,스윗 브리즈+로지 아우라,,,,1,297.0,0,0,해린0599,"거품이 풍성하게 나서 두피와 모발을 깔끔하게 세정해 줍니다.
사용 후에도 머릿결이 푸석하지 않고 촉촉하면서 부드러운 느낌이 오래가요.
은은한 향도 마음에 들어 매일 부담 없이 사용하기 좋은 샴푸입니다."
2026-07-23,A000000183059,61222752,2026.06.09,5,0,NORMAL,한정 벚꽃+스윗 브리즈,A03,B01,"C01,C02",0,270.0,1,0,Lalala121,"평소 염색과 드라이를 자주 해서 머릿결이 푸석한 편인데, 한 달 정도 사용해보니 향과 부드러움 때문에 계속 손이 가는 샴푸였어요 💜

❤️ 향이 진짜 좋음
어노브 제품이 유명한 이유 중 하나가 향인데, 샴푸도 역시 만족스러웠어요! 머리 감을 때는 물론이고 다음 날까지 은은하게 향이 남아서 향수 뿌린 느낌이 들 정도였어요!

❤️ 머릿결이 부드러워지는 느낌
샴푸만 했는데도 머리가 뻣뻣하지 않고 비교적 부드럽게 빗어졌어요! 특히 손상모라면 사용 후 차이를 느끼기 쉬울 것 같아요~

❤️ 거품이 풍성함
소량만 사용해도 거품이 잘 나서 두피와 모발 전체를 씻기 편했어요! 긴 머리인데도 적은 양으로 충분했어요~~

❤️ 세정력이 무난하게 좋음
두피가 답답하거나 기름지는 느낌 없이 깔끔하게 씻겨서 데일리 샴푸로 사용하기 괜찮았어요!

❤️ 더블/듀오 기획이라 가성비 괜찮음
한 번 사두면 오래 사용할 수 있어서 재구매 부담이 덜했어요! 가족이랑 같이 쓰기에도 좋아요!

❤️ 드라이 후 정돈감이 괜찮음
머리가 붕 뜨기보다는 차분하게 정리되는 느낌이 있어서 아침 스타일링이 조금 편해졌어요!"
2026-07-23,A000000183059,62931302,2026.07.17,5,0,NORMAL,로지 아우라,,,,0,264.0,1,0,kimzhenghai,"샴푸가 필요해서 급하게 구매했어요
향이 제 취향은 아니지만 나쁘지 않아용"
2026-07-23,A000000183059,62702803,2026.07.12,5,0,NORMAL,스윗 브리즈+로지 아우라,,,,0,225.0,0,0,네오무지개,"거품이 풍성하게 잘 나고 두피와 모발을 개운하게 세정해 주면서도, 샴푸 후 머릿결이 한결 부드럽게 느껴졌습니다. 드라이 후에는 부스스함이 줄어들고 차분하게 정돈되는 느낌이 들어 만족스러웠어요.
🌸 스윗 브리즈 향은 산뜻하고 가벼운 느낌이라 매일 사용하기 좋았고,
🌹 로지 아우라 향은 은은한 플로럴 향으로 샴푸하는 동안 기분까지 좋아지는 향이었습니다.
500g 대용량이라 오래 사용할 수 있었고, 더블 기획이라 가성비도 만족스러웠어요."
2026-07-23,A000000183059,61238104,2026.06.10,5,0,NORMAL,스윗브리즈+로지+마스크40ml,A01,B04,"C01,C05",0,225.0,1,0,송돌맹,"어노브 제품 잘 사용중인데 첨으로 샴푸 구매해봤네용ㅎ
향은 역시나 좋고 엄청 묽지도 되직하지도 않는 적당한 텍스쳐에 거품도 잘 나구용!
무엇보다 이전에 샴푸 했을 때보다 머릿결이 더 부드러워졌어용~
대용량으로 2개라 오래 쓸거 같구 짱 만족합니드아"
2026-07-23,A000000183059,60709072,2026.06.03,1,0,NORMAL,스윗 브리즈+로지 아우라,A06,B06,"C02,C05",6,225.0,1,0,투오프,"진짜 악평 안 남기는데 배송 문제로 너무 화나서 남김.
처음에 상자 오픈 상품 보내줘서 교환했더니 내가 교환신청한 그 제품처럼 보이는게 다시 옴...
심지어 처음 받을땐 상자가 위에만 뜯겨있던건데 교환 받은건 아래까지 상자가 터져있음.
진짜 저한테 왜 그러세요? 그래도 나름 올리브영 자주 이용해서 매년 골드 유지하는 사람인데요??? ㅠㅠㅠㅠㅠ"
2026-07-23,A000000250210,63091947,2026.07.21,5,0,NORMAL, ,A02,B04,"C02,C03",4,4680.0,1,0,vitabella02,"-6도 낮춰주는 쿨링 젤리 선스틱이라고 해서 골랐었는데요. 와... 바르자마자 정말 바로 쿨링감이 느껴져요. 제형도 부드럽고 잘 펴발라지고 끈적임 전혀 없고 뭉침도 없어요. 휘슬러 빙하수랑 알로에 베라잎 추출물, 선인장 추출물 함유되서 그런지 촉촉하고 시원합니다. 더운 여름에 쓰기 딱이에요."
2026-07-23,A000000250210,62121367,2026.06.30,5,0,NORMAL, ,A02,B06,"C04,C08",9,2700.0,1,0,올영사또,"당장 이 햇빛 막는 막대에 상을 내리거라! 👑☀️

이 사또, 써 보니
자외선을 막는 데 제법 영리한 물건이로다.

손에 묻힐 필요 없이
슥슥 문지르기만 하면 되니
외출 중에도 체면 지키며 덧바르기 좋았구나.

바르는 순간
시원한 감촉이 스치며
달아오른 피부를 잠시 식혀 주는 기특함이 있었소.

끈적임이 적고
보송하게 마무리되어
여름철에도 부담 없이 쓰기 좋았으며
분칠 위에 올려도 크게 흐트러짐이 없었구나.

이 사또, 해 아래 오래 서 있으면
금세 타들어갈 것 같았는데
이것 하나로 한결 마음이 놓이는구나 😏

이렇듯 간편함과 시원함을 두루 갖춘 물건이니
수시로 자외선을 막아야 하는 이들에게
기꺼이 권할 만하다 전하노라 👑☀️"
2026-07-23,A000000250210,62742099,2026.07.13,5,0,NORMAL, ,,,,3,1890.0,0,0,Vialactea,"피부 위에 부드럽게 스르륵 발리고, 젤리처럼 말랑한 제형이라 얼굴 굴곡진 부분이나 코 옆까지 꼼꼼하게 바르기 편했습니다.
미간, 콧볼 등 일반 선스틱으로 바르기 어려운 부위도 바르기 편했어요.촉촉하게 발리지만 마무리감은 끈적이지 않고 산뜻한 편이라 더운 날씨에도 부담 없이 사용하기 좋습니다."
2026-07-23,A000000250210,63179093,2026.07.23,3,0,NORMAL, ,A01,B03,"C01,C02",1,1800.0,1,0,iuudiw88,"총평 : 쿨링감이나 감촉은 좋으나 부서져나가는 것 때문에 재구매의사 없음

- 쿨링감 : -6도 까지는 모르겠지만 은근 시원하고 바르는 곳 확실히 알 수 있어서 좋아요 멘톨 같은 화해서 하얘지기 보다는 시원한 대리석 대면 열 평형이뤄서 시원한 느낌으로 시원함

- 밀착감 : 이물감 하나 없이 딱 붙는 느낌. 선크림 싫어족에게 최고

- 부서짐 : ㅠㅠ .. 너무너무 좋은데 자꾸 떨어져나가요. 그래도 나름 쓰다보니 알겠어요 
1. 양방향으로 안바르고 한 방향으로만 일정하게 바르고, 2. 스틱도 플라스틱 거슬릴 정도로 아주 조금만 뽑기
3. 속도도 느리게 차근차근

바르면 안부서집니다
한 3번 부서진 후 터득한 노하우이니 다른 분들은 꼭 뽑기 성공하시길.."
2026-07-23,A000000250210,62932416,2026.07.17,5,0,NORMAL, ,A07,B01,"C01,C06",0,1800.0,1,0,눈눈눈,"누르면 살짝 말랑말랑한 젤리 느낌의 선스틱인데
제가 사용해 본 선스틱 중에 제일 마음에 들어요. 발라도 답답함이나 찝찝함이 쿨링감이 있고, 적당히 촉촉한 느낌이 드는데, 아예 안 바른 것 같이 기름기도 없습니다!!

얼굴에 쓰기에도 좋고 팔에 다리에 바디에 쓰기 좋아요. 끈적거림이나 밀리는 느낌이 없어서 화장 전에서도 아주 좋습니다. 살짝 말랑한 느낌이랑 얼굴 구석구석에 바르기도 좋아요!!"
2026-07-23,A000000250210,62560548,2026.07.09,5,1,OFFLINE, ,A02,B02,C05,2,1350.0,0,0,뱁세희,"자 이건 제가 크루 일하면서 10번 넘게 셀링한 제품이에요..
여러붘 이겁니다 이게 쿨링 썬스틱이죠!!! 다른건 다 가짜예요!!!!  쿨링 미쳤어요 다들 이거 써보시면 어머 시원하더 하시거든요? 진짜 제발 가서 테스트라도 해보셔요 온도 싹 낮춰주고 바로 보송보송해져서 그 답답하고 밀려서 찝찝한느낌 1도 없어요!!!"
2026-07-23,A000000250210,62692717,2026.07.12,5,0,NORMAL, ,A03,B04,"C08,C11",0,1125.0,1,0,루루307,"바를 때 피부에 닿는 온도가 시원해서 너무 좋아요. 
젤리라서 말랑말랑한 것도 좋고 촉촉하게 수분감이 많인 피부에 마찰 없이 발리는 것도 마음에 들어요
기존의 선스틱은 딱딱해서 굴곡진 부분 바르기도 어렵고 잘 안 녹으니까 피부에 끼이는 느낌도 들고 두껍게 발리는 느끼하고 답답한 사용감 때문에 피했었는데
그런 단점들이 없고 스틱형태의 편리함만 있어서 자주 발라요.
 손등 첫 번째 사진처럼 처음에는 촉촉해 보이고 반짝이다가 마르고 나면 광이 없어지고 보송한 느낌이 들어요
(파우더한 거처럼 머리카락 한 올 안 붙는 보송X, 바른 직후의 촉촉함이 사라지는 정도의 보송O)
눈시림도 없고 민감피부인데도 피부자극이 심하지 않아요"
2026-07-23,A000000250210,62932313,2026.07.17,5,0,NORMAL, ,A03,B04,"C04,C09",0,1080.0,1,0,Rubyyi,여러가지 선스틱 사용해봤지만 이런 선스틱은 처음이에요! 피부에 닿자마자 시원하고 젤리라는 이름답게 촉감이 굉장히 좋아요 해외에서 스노클링할때 수영복입고 살 드러나는 부분에 꼼꼼히 발랐더니 수영복 선 자국도 안남았어요 차단확실히 잘됩니다!!
2026-07-23,A000000250210,62936852,2026.07.17,5,0,NORMAL, ,A03,B02,"C03,C04",1,1008.0,1,0,비니서,쿨링감은 잠깐이긴하지만 좋아요 잘녹는다는데 아직 녹진않음!!
2026-07-23,A000000250210,62503656,2026.07.08,5,0,NORMAL, ,,,,0,900.0,1,0,jbinter,"한달 사용 리뷰입니다.
기존 AHC 선스틱보다 시원한 사용감이 특징이라 운동할 때나 외출 중에 덧바르기 편합니다.
젤리처럼 부드럽게 밀착되는 제형이라 뻑뻑함 없이 잘 발리고 시원한 느낌도 있습니다. 여러 번 덧발라도 밀림이 거의 없었습니다. 제품 설명에 있는 즉각적인 쿨링감과 젤리 포뮬러가 실제 사용 시에도 느껴졌습니다.
끈적이지 않아 야외 활동에 잘 어울리는 선스틱이고, 더운 날 끈적이는 선크림이 부담스러운 분들에게 추천할 만한 제품입니다.,"
2026-07-23,A000000250210,62073535,2026.06.29,5,1,GIFT, ,A03,B01,"C05,C06",4,900.0,1,1,루나뷰티,"💙아이시 젤리 선스틱

피부에 닿는 순간 즉각적이고 시원한 쿨링감을 선사하여, 야외 활동 중 뜨거운 햇볕으로 인해 열감이 오른 피부를 빠르게 진정시키는 데 탁월합니다. 콤팩트하고 슬림한 크기로 출시되어 미니백이나 주머니, 파우치 속에 부담 없이 쏙 들어가며, 언제 어디서나 가볍게 꺼내 바를 수 있는 휴대성이 매우 우수합니다. 손에 선크림을 묻히지 않고도 슥슥 돌려 발라주기만 하면 되기 때문에 위생적이고 간편하며, 젤리 제형 특유의 가볍고 산뜻한 사용감 덕분에 여러 번 덧발라두 무겁거나 답답하지 않습니다. 자외선 차단이 필요한 순간마다 신속하고 시원하게 수분을 충전하듯 케어할 수 있습니다"
2026-07-23,A000000250210,62551334,2026.07.09,5,0,NORMAL, ,,,,1,810.0,0,0,호다닥,"사진을 못찍고 선물로 줬지만 진짜 시우너하고 안 끈적이고 좋아요. 선크림 끈적인다고 안쓰는 남자들 많은데 남친, 아빠 등 관리가 안되는 분께 선물로 드리기 딱 좋은 제품입니다. 사실 제가 쓰고 싶었는데 선물로 사버려서... 결국 지금쓰는거 다쓰면 재구매 하려구요. 진짜 선스틱 중에 왕추천해요."
2026-07-23,A000000250210,61716286,2026.06.21,5,0,NORMAL, ,A03,B04,"C01,C02",5,810.0,1,0,무지개같다,"여러 선스틱을 써봤지만...이렇게까지...나에게 차가운건....네가...처음이야...
포켓몬이랑...콜라보해서귀여어죽겄는데...속은젤리야...그것도나한테차가워...아니모두에게차가울까?...너가발린건지도모르겠어...난내팔에네가있는지없는지눈을크게뜨고봐도네흔적은보이지도않아...끈적이지않아...젤리면다야?...차가우면다야?...발림성좋으면다야?...액정클리너는들고다니기초큼부끄럽지만...너는나에게없어선...안돼...

제 리뷰가 도움이 되셨다면 좋아요 버튼👍 부탁드려요😍😍"
2026-07-23,A000000250210,63085870,2026.07.21,5,0,NORMAL, ,A02,B02,"C01,C08",0,792.0,1,0,인스턴트,젤리 타입이라 일반 선스틱 특유의 텁텁함이나 무거움이 없고 수분 젤을 바른 것처럼 촉촉하게 마무리되고 엄청 강한 정도는 아니지만 일반 선스틱에 비해 바를 때 시원한 쿨링감이 느껴져요.
2026-07-23,A000000250210,62961101,2026.07.18,4,1,OFFLINE, ,,,,0,792.0,1,0,네뇨,"바르기편하고 쿨링 느낌도 좋은데 기름져서 손이 잘안가요
남자분들이 슥슥 바르긴 좋을거같은데
화장전에바르면 유분이 좀 많이 나왔어요"
2026-07-23,A000000250210,62935805,2026.07.17,5,0,NORMAL, ,A04,B03,"C02,C05",0,792.0,1,0,메리모리,젤리형태로 되어있는 선스틱은 처음이라 사용했을때 쿨링감에 놀랐어요 아주 좋아요
2026-07-23,A000000250210,62878163,2026.07.16,5,0,NORMAL, ,A02,B01,"C01,C03",1,792.0,0,0,매롱매론,"젤리처럼. 말랑말라하면서. 시원해요
밖에서 틈틈이 덧발라주기도 좋아요"
2026-07-23,A000000250210,62488613,2026.07.07,5,0,NORMAL, ,A03,B02,"C05,C06",0,756.0,1,0,소링,"ahc 선스틱은 항상 믿고 씁니다!! 손 안에 쏙 들어오는 크기라 휴대성도 좋고 바르면 시원한 느낌이라 여름에 쓰기 딱 좋아요 
끈적임도 없어서 몸에 바르기 좋습니다"
2026-07-23,A000000250210,61951972,2026.06.26,5,0,NORMAL, ,A01,B01,C01,2,756.0,1,0,보라미감자,얼굴용으로 좋은 사이즈입니다 쿨링 효과가 바로 나서 만족스럽게 쓰고 있습니다 :)
2026-07-23,A000000250210,61872463,2026.06.24,5,0,NORMAL, ,A01,B05,"C06,C07",5,756.0,1,0,깜자쓰,기본 선스틱을 사용했을 때보다 시원해서 좋아요. 끈적임이 없는 게 최고의 장점이에요.
2026-07-23,A000000250210,62943914,2026.07.18,5,1,OFFLINE, ,A02,B01,"C01,C02",0,660.0,1,1,서울너구리,바르면 촉촉하고 시간지나면 뽀송해요. 쿨링효과가 있어서 맘에 들어요
2026-07-23,A000000250210,61742470,2026.06.21,5,0,NORMAL, ,A03,B05,"C01,C05",4,630.0,1,0,대해봉,"남자친구/남편이 선크림 안발라 병에 걸렸다면 하나 사주세욘 
 몇 개를 바르라고 줘도 뺀찌먹고 포기햇는데 (개열받네여... 광노출이 노화 직빵인데 나보고 자기 못생기게 늙어 가는 거 보고 살으라는걸가,,?ㅠ)

이건 가볍고 안 끈적거리고 바를 때 쿨링감 있고 손으로 안 바르고 문 지르기만 하면 되니 남자들이 싫어 하지 않을 법한 사용감 입니댱 !!

여름에 들고 다니면서 바르기 댕죠음 ㅋㅋ 시원해요 
팔 다리용으로도 너무 좋은거 같아요.. 용량 더 크고 면적 더 넓은 것도 나왔으면 좋겠어요!!"
2026-07-23,A000000250210,62760847,2026.07.13,5,0,NORMAL, ,A03,B06,"C04,C05",1,594.0,0,0,올영야홍,"시원하고 들고다니면서 바르기 좋더라구요
추천합니다!!"
2026-07-23,A000000250210,62721917,2026.07.12,5,0,NORMAL, ,A03,B01,"C01,C02",0,594.0,1,0,육지,"여름에 쓰기 좋아요
바르면 시원해서 
가지고 다니면서 수시로 덧발라줘요 ㅎㅎ
선스틱이라 손에도 안묻고 너무 편해요 ㅎㅎ"
2026-07-23,A000000250210,62692106,2026.07.12,5,0,NORMAL, ,A04,B03,"C01,C02",1,594.0,0,0,joyyride,"진짜 시원하고 말캉함 ㅜㅜ 
크기도 한손에 쏙들어옴 
하나 더 사야겠네"
2026-07-23,A000000250210,62507209,2026.07.08,4,1,OFFLINE, ,A02,B05,"C01,C03",0,594.0,1,0,wpswkd,광고만 보고 처음 써보는데 아주 만족합니다 바르면 엄청 시원해요 굿
2026-07-23,A000000250210,62497703,2026.07.08,4,0,NORMAL, ,A03,B01,"C01,C09",0,594.0,1,0,목하,"쿨링감 있어서 한여름에 쓰기 덧바르기 간편하고 좋은데 
이게 젤리 타입이라 그런지 너무 힘줘서 바르면 사진에서처럼 덩어리져서 부서져요"
2026-07-23,A000000250210,62586772,2026.07.10,5,1,OFFLINE, ,A04,B06,"C05,C08",2,567.0,0,0,prettycu****,"이거 ㅈㅉ 추천 이거 한 번 써보니 다른 썬스틱 못 쓰겟움
남자친구 아빠 언니 엄마 주변인들 모두가 절 손민수 함"
2026-07-23,A000000250210,62539599,2026.07.09,5,0,NORMAL, ,,,,0,540.0,1,0,깜숙달봉,"휴대하기 좋은 크기라 외출 시 수시로 덧바르기 편합니다. 바르는 순간 시원한 쿨링감이 느껴져 여름철 사용하기 좋고, 끈적임 없이 산뜻하게 마무리됩니다. 손에 묻지 않아 위생적이며 백탁도 거의 없어 만족스럽습니다. 포켓몬 패키지와 피카츄 액정클리너까지 있어 소장 가치도 높아요."
2026-07-23,A000000250210,62152448,2026.07.01,4,0,NORMAL, ,A07,B04,"C01,C02",0,540.0,1,0,삥쿠더쿠,핸드폰클리너 사은품도 마음에 들고 제품력도 마음에 들었는데 물렁물렁한 젤리 타입이라  거칠게(?) 바르다가 부서져버렸습니다. 부드러운 타입이라서 조심히 다뤄줘야 될 것 같아요. 끈적임 없이 보송보송한 타입이라서 좋긴 한데 어디를 발랐는지 안 발랐는지 구분이 잘 안 가는 게 또 단점이긴 합니다.
2026-07-23,A000000248829,60960649,2026.06.06,5,0,NORMAL,[6월올영픽]트러블패치 3매입+컨트롤패드,A01,B04,"C05,C06",97,3798.0,0,0,텅장이지만또살거긴해,"생각보다 향이 독하긴해~
근데 얼굴전체 피지뽑기 좋긴해~
피부 부드러워져서 좋긴해~
예민한 피분데 안뒤집어졌긴해~"
2026-07-23,A000000248829,62676558,2026.07.12,1,0,NORMAL,트러블패치 마스크 3매입,A03,B02,"C01,C02",3,2754.0,1,0,제로쓰,"흑흑 너무 실망이에요ㅠㅠㅠ
코팩만큼은 아니더라도 피지 나온게 보일줄 알고 기대했는데 묻어나는 것도 없고 피부가 바뀐점도 없어요.....
장당 5000원꼴인데...ㅠㅠ 내 15000원......"
2026-07-23,A000000248829,62264578,2026.07.03,5,0,NORMAL,[6월올영픽]트러블패치 3매입+컨트롤패드,A03,B03,"C01,C05",9,2700.0,1,0,유일미,"요즘 피부가 전체적으로 거칠어지고, 특히 코 주변이랑 턱 쪽으로 피지가 좀 쌓이는 느낌이 들어서 각질 케어 제품을 찾다가 이옴 트러블 패치 마스크팩을 사용해봤어요.

이 제품은 일반적인 진정 마스크팩이라기보다는, 피부에 쌓인 피지를 부드럽게 불려서 묵은 각질이나 노폐물을 정리하는 데 초점이 맞춰진 타입이라서 사용 목적이 조금 다른 느낌이었어요.

처음 사용했을 때는 시트가 피부에 잘 밀착돼서 들뜸 없이 편하게 사용할 수 있었고, 붙이고 있는 동안에도 자극적인 느낌은 거의 없어서 부담 없이 사용할 수 있었어요.

시간이 지나면서 피부가 살짝 부드럽게 풀리는 듯한 느낌이 있었는데, 특히 코 옆이나 턱처럼 피지가 잘 쌓이는 부위가 좀 더 유연해지는 느낌이라 세안 전에 사용하기 좋더라고요.

팩을 하고 난 뒤에는 바로 피부가 매끈하게 변한다기보다는, 그 다음 클렌징 단계에서 노폐물이 좀 더 잘 정리되는 느낌이 있었어요. 그래서 개인적으로는 “피부를 먼저 불려주는 준비 단계” 같은 느낌으로 이해하면 좋을 것 같아요.

향이나 자극감도 크게 부담스럽지 않은 편이라 데일리로 가끔 사용하기에도 괜찮았고, 피부가 답답하게 느껴지거나 피지 정리가 필요할 때 한 번씩 사용하면 좋겠다는 생각이 들었어요.

전체적으로 보면 트러블을 가라앉히는 마스크팩이라기보다는,
피지와 묵은 각질을 부드럽게 정리해주는 케어용 마스크팩이라는 느낌이 더 강했어요. 피부 결이 거칠어졌을 때나 블랙헤드, 피지 관리가 필요할 때 사용하면 꽤 만족스럽게 느낄 수 있을 것 같아요 (๑ᵔ⩊ᵔ๑)"
2026-07-23,A000000248829,62629693,2026.07.11,1,0,NORMAL,[6월올영픽]트러블패치 3매입+컨트롤패드,A04,B04,"C05,C08",1,1890.0,1,0,누룽지오징어순대,"하하 제가 좀 건성이라지만..? 여름에는 땀이 많이 나는 체질이라..(맨날 빠른걸음으로 출근길에 뛰어다녀서 아침마다 혼자 흠뻑쇼임;;)

무튼 한 번 터진 땀이 초큼 많이 나고 그 뒤로 ㄱㅊ은데
또 이렇게 출근 길에 터진 땀은 + 화장 + 유분 피지 덕지덕지자나요..? 그래서 유명템 저도 사봤는데...
요즘 쉬는 날 집에 있그면 코쪽만 완전 번들 거리게 땀이랑 올라와서...

그런데 흐읍.. 화장 지우고 해서 그런가 전 왜 하나도 안 나오죠 ㅠ ㅠ 평소에 세수하자마자 바로 나는 땀 유분쟁이들만 효과있을 듯 ㅠ ㅠ 건성들은 그냥.. 가아끔 워시오프팩 하는 걸루..😭(세번째 사진이 사용 후..)"
2026-07-23,A000000248829,63181098,2026.07.23,5,0,NORMAL,[6월올영픽]트러블패치 3매입+컨트롤패드,A02,B03,,0,1512.0,1,0,수터리,"자극없고 촉촉해서 계속 쓰는 중이에요!
쭉 써보고 괜찮아서 리뷰 남겨요 찐 좋음"
2026-07-23,A000000248829,62390644,2026.07.06,4,0,NORMAL,[6월올영픽]트러블패치 3매입+컨트롤패드,A01,B04,"C05,C06",4,1476.0,0,0,텅장이지만또살거긴해,"좀 오래 걸리긴해~
냄새가 좀 심하긴해~
트러블은 안나긴해~"
2026-07-23,A000000248829,62406381,2026.07.06,5,0,NORMAL,트러블패치 마스크 3매입,A06,B04,"C05,C09",6,1260.0,0,0,이찬네연어,"친구 추천으로 구매했고 트러블 때문에 피부 컨디션 안 좋을 때 써봤는데 생각보다 너무 괜찮아서 놀랐어요 !!! 평소에 피부가 예민한 편이라 새로운 팩 쓰면 괜히 자극 올까 봐 걱정했는데 이건 사용하면서 따갑거나 화한 느낌이 거의 없어서 편하게 사용할 수 있었어요 🤍
 
얼굴에 올렸을 때 금방 마르지 않았고 밀착력도 좋아서 흘러내리지 않는 점이 마음에 들었어요 팩 하고 나니까 피지 정리도 제대로고 고 붉은기가 살짝 가라앉아서 중요한 약속 전날이나 피부 뒤집어졌을 때 사용하기 좋겠더라구요 😊

화장하기 전날 사용했더니 다음날 피부 표현도 훨씬 잘 먹는 느낌이라 만족했어요 트러블 피부라고 무조건 건조하게 관리하는 것보다 진정이 중요한데 그런 부분에서는 꽤 만족스러웠어요 급하게 피지정리하고 싶을 때 하나씩 꺼내 쓰기 딱 좋을 것 같아요 💚✨"
2026-07-23,A000000248829,62856417,2026.07.15,5,0,NORMAL,[6월올영픽]트러블패치 3매입+컨트롤패드,A01,B03,"C01,C02",0,1134.0,1,0,ginn,"재구매?는 좀 고민되긴하는데 유명템이라서 따라 구매해봤어용
마스크팩으로 피지 각질 케어하는게 좀 신박함!
하고 나면 피부결케어도 되고 티트리성분 덕에 진정도 되서 만족합니댱~!"
2026-07-23,A000000248829,62751402,2026.07.13,5,0,NORMAL,[6월올영픽]트러블패치 3매입+컨트롤패드,A01,B02,"C05,C09",0,1134.0,1,0,다밍미,"피지정리에 너무 좋음
그냥 얼굴에 올려놓기만하고
시간 지나서 떼어내면 피지 관리한게 되니까
진짜 간편해서 부담없이 사용하게 됨"
2026-07-23,A000000248829,62739179,2026.07.13,5,0,NORMAL,[6월올영픽]트러블패치 3매입+컨트롤패드,A02,B02,"C01,C03",2,1134.0,0,0,약과리,"사용하면서 크게 불편하거나, 단점을 느끼지 못했어용. 무난 그 자체였습니당!!"
2026-07-23,A000000248829,62739064,2026.07.13,5,0,NORMAL,[6월올영픽]트러블패치 3매입+컨트롤패드,A02,B02,"C01,C03",2,1134.0,0,1,약과리,"이 브랜드는 처음 써보는데, 기본 트러블 패치로 쓰기에 무난했던 것 같아용! 크게 불호는 없었습니당!"
2026-07-23,A000000248829,62513490,2026.07.08,5,0,NORMAL,[6월올영픽]트러블패치 3매입+컨트롤패드,A01,B02,"C05,C09",0,1134.0,1,1,다밍미,"아무리 화잘먹 제품들 사용해도 피부에 피지 많이 쌓여있으면 화잘 잘 안먹음. 프라이머도 피지가 어느정도 정리된 얼굴에 하는 것..

화장 잘 먹게할때 수분팩이나 다른 겔팩도 좋지만 이런 피지팩도 너무 좋음"
2026-07-23,A000000248829,63026973,2026.07.19,5,0,NORMAL,트러블패치 마스크 3매입,A04,B01,"C01,C02",0,1080.0,1,0,markly,"코팩은 너무 자극적이고 간편하게 피지 관리를 하고 싶은데 이옴팩이 간단하게 피지 관리하기 너무 좋은 거 같아요
그냥 붙이고 말리기만하면 피지가 알아서 빠져나오는게 아주 시원하고 좋네요
마지막에 물 묻혀서 피지가 얼마나 나왔는지 확인하는 시간이 제일 좋아요"
2026-07-23,A000000248829,61968014,2026.06.27,5,0,NORMAL,[6월올영픽]트러블패치 3매입+컨트롤패드,A03,B01,"C01,C02",4,900.0,1,1,두목엄마,"처음 사용했을 때 만족도가 높아서 이번 올영픽 행사 때 바로 재구매네요
이번에 함께온 패치는 트러블로 화난 피부에 패치를 붙이면 진정되고 좋네요
거기에 피부케어를 위해 마스크까지 함께 사용하면 피부가 한결 편안하게 느껴져 꾸준히 사용하게 되는 것 같아요
시트가 얼굴에 밀착력 있게 붙어 흘러내리지 않았고 에센스도 촉촉해서 사용 후 피부가 부드럽고 촉촉하게 정돈되는 느낌이 들었네요
여러 제품을 써봤지만 가장 손이 자주 가는 제품이라 앞으로도 계속 구매할 예정입니다"
2026-07-23,A000000248829,61967782,2026.06.27,5,0,NORMAL,[6월올영픽]트러블패치 3매입+컨트롤패드,A02,B02,C01,2,900.0,1,1,2꾸욱꾸9,"한 번 써보고 마음에 들어서 떨어지기 전에 미리 재구매했네요
피부가 예민해질 때 사용하면 진정되는 느낌이 좋아 항상 집에 구비해두고 있습니다 
함께 온 패치가 고민 부위를 깔끔하게 보호해주고 마스크팩이 피부 전체에 수분감을 채워줘 사용 후 피부 컨디션이 한결 좋아지네요
각질케어되는 제품들보면 피부가 예민해지거나 그런데 이건  순해서 부담 없이 사용할 수 있는 점도 만족스러워요
재구매한 이유를 충분히 느끼게 해주는 제품입니다
쭉 재구매해서 사용하려구요"
2026-07-23,A000000248829,61967760,2026.06.27,5,0,NORMAL,[6월올영픽]트러블패치 3매입+컨트롤패드,A02,,C02,0,900.0,1,1,이세계마법사,"재구매할 정도로 만족했던 제품입니다 
피부 트러블이 올라올 때마다 꾸준히 사용하고 있는데 이옴 마스크를 사용하니 집중 관리하기 좋았습니다 
시트가 부드럽고 얼굴에 빈틈없이 밀착돼 사용하기 편했네요
중요한 일정 전날 사용하면 피부가 촉촉하고 편안한 느낌이라 이제는 없어서는 안 될 필수템으로 너무 잘 쓰고 있네요
최예나님의 원픽인 이유를 알 것 같네요
써보니 피부요철이나 각질등 자연스럽게 케어되어 만족스럽네요"
2026-07-23,A000000248829,61967533,2026.06.27,5,0,NORMAL,[6월올영픽]트러블패치 3매입+컨트롤패드,A02,B01,"C01,C02",0,900.0,1,1,vl비비vl,"지난번 사용했을 때 피부 컨디션이 만족스러워 이번에도 망설임 없이 재구매합니당
평소 턱 주변에 트러블이 자주 생기는 편인데 고민 부위에 패치를 붙이고 마스크까지 함께 사용하면 피부가 한결 편안해지고 촉촉해져서 너무 좋아요
시트가 들뜨지 않고 밀착력이 좋아 사용하는 동안 움직여도 불편하지 않았고 사용 후에는 피부가 촉촉하게 정돈돼 만족스러웠습니다 
올영 행사할 때마다 꼭 챙겨두려구요
팩 해주니 확실히 피부가 좋아지네요"
2026-07-23,A000000248829,61967435,2026.06.27,5,0,NORMAL,[6월올영픽]트러블패치 3매입+컨트롤패드,A02,B05,"C01,C03",0,900.0,1,1,올영에텅장,"평소 트러블 케어 제품을 여러 가지 사용해봤는데 가장 만족했던 제품이라 다시 구매했어요
패치와 마스크를 함께 사용할 수 있다는 점이 특히 마음에 들었고 피부가 예민한 날에도 부담 없이 사용할 수 있었네요
에센스도 끈적이지 않아 사용감이 산뜻했고 다음 날 피부가 촉촉하고 매끈해 보여 만족스러웠습니다
각질케어도 동시에 되어 따로 필링하거나 할 필요없이 좋네요
꾸준히 사용할수록 만족도가 높아져 앞으로도 계속 재구매할 생각입니다"
2026-07-23,A000000248829,61967172,2026.06.27,5,0,NORMAL,[6월올영픽]트러블패치 3매입+컨트롤패드,A02,B02,"C01,C03",0,900.0,1,1,정복왕,"다 써보고 만족해서 이번이 두 번째 구매입니다 
피부 컨디션이 좋지 않을 때 사용하면 집중 관리하는 느낌이라 믿고 사용하고 있어요
마스크팩이 피부에 부드럽게 밀착되고 패치도 들뜨지 않아 끝까지 편하게 사용할 수 있네요
사용 후에는 피부가 촉촉하고 편안한 느낌이라 중요한 일정 전날에도 자주 사용합니다 
할인 행사 때 미리 여러 장 구매해둘 만큼 만족도가 높은 제품이예요
각질,모공, 수분까지 다 잡아주는 멀티팩같아요"
2026-07-23,A000000248829,61798461,2026.06.23,5,0,NORMAL,[6월올영픽]트러블패치 3매입+컨트롤패드,A06,B04,"C02,C09",3,756.0,1,1,제리공쥬,트러블도 잘 올라오고 했었는데 이렇게 편하게 관리하고 케어할수있어서 좋기도 하구 피부에도 많이 자극적이지도 않게 쓰기 좋으면서도 엄청 피부결이나 피부가 부드러워지고 해서 꾸준헤 관리하면서 잘쓰고있어용
2026-07-23,A000000248829,61798188,2026.06.23,5,0,NORMAL,[6월올영픽]트러블패치 3매입+컨트롤패드,A01,B01,C02,3,756.0,1,1,전주공주,피부에 자극적이거나 하지도 않아서 좋기도 하고 엄청 피부결이 부드러워지고 해서 피지나 블랙헤드 케어가 잘되고해서 피부가 깨끗해지는 느낌이 들기도 해서 좋고 마스크팩 처럼 편하게 쓰기도 좋아서 좋아용
2026-07-23,A000000248829,62085120,2026.06.30,2,0,NORMAL,트러블패치 마스크 3매입,A03,B01,"C02,C05",0,750.0,1,0,슈퍼소닉9727,"올영에서 추천 픽이기도 하고 트러블 급속 진정에 좋다고 해서 구매해 봤는데, 기대했던 것보다 많이 실망스럽네요. 우선 3장 들어있는 구성치고 가격대가 너무 비싸서 가성비가 떨어집니다. 트러블 마스크팩이라고 해서 이미 붉게 부어오른 염증성 여드름이 진정되길 바랐는데, 가라앉거나 붉은 기가 들어가는 진정 효과는 거의 보지 못했어요. 그냥 일반적인 모공 피지 흡착 팩 수준인 것 같아요. 무엇보다 다른 팩들과 달리 1시간 가까이 오랫동안 붙이고 기다려야 해서 너무 귀찮고 번거롭습니다. 시간이 지날수록 팩이 마르면서 피부가 찢어질 것처럼 팽팽하게 당기고 건조해져서 예민한 제 피부에는 자극적으로 느껴졌어요. 떼어내고 나서도 잔여물이 남아 찝찝해 2차 세안을 다시 해야 해서 손이 잘 안 가네요. 아쉽지만 재구매 의사는 없습니다."
2026-07-23,A000000248829,61880869,2026.06.25,5,1,OFFLINE,[6월올영픽]트러블패치 3매입+컨트롤패드,A02,B03,"C02,C03",0,750.0,1,0,쁘이소원카밀리아fan,"요즘 피지고민 때문에 사용해봤는데요!!
코 쪽에는 피지가 어느정도 제거 된거 같지만, 나머지는 애매하네요 ..🫣 (4번째 사진 참고)
얘는 2시간 정도 붙어야 효과 있는거 같아요. 1시간 30분 정도 붙었는데 볼쪽이랑 이마쪽은 아직 덜 건조됐네요… (1번째 사진 방금 붙었을때, 2번째 사진 30분 경과, 3번째 1시간 경과)
그래도 피부가 매끈해졌답니다!!
뗄때는 물로 묻혀서 떼주고, 추가로 기초케어 해줘야 돼요 👌🏻
다음에는 2시간 방치해보도록 할게요 !!
그래도 모공이 어느정도 정돈되서 화장이 완전 잘 먹었답니다!!!✌🏻"
2026-07-23,A000000248829,63035771,2026.07.20,5,0,NORMAL,트러블패치 마스크 3매입,A06,B03,"C02,C04",0,720.0,1,0,엘싸공주님,"저는 거의 1시간 정도 붙이는 거 같은 데 정말 피지가 잘 흡착 되는 거 같애요. 다른 제품 다 써봤는데. 이 제품이 가장 지 흡착 잘 돼서 재구매 했습니다. 가격은 좀 세지만 사용해 보시면 아실 거예요. 꼭 바짝 말려서.물 묻쳐서 떼어주세요.
물 안 묻 히고 떼시면 자극이 심합니다. 한 달에 한 번은 꼭 가셔야 되고 이주에 1번 추천 드려요. 꼭  꼭 꼭 해 보세요. 정말 좋습니다."
2026-07-23,A000000248829,61323738,2026.06.11,5,0,NORMAL,[6월올영픽]트러블패치 3매입+컨트롤패드,A05,B02,"C01,C02",8,630.0,1,1,야채라면,"피부결 정리되는게 확 체감 되는 팩이에요
자기만족이 정말 큰게 이 팩 사용하고 난 뒤 화장할 때 보면 피부가 먹는 게 달라요 

이게 진짜 나만 아는 그런 느낌이랄까 확실히 피부에 피지나 각질도 제거해주고 오돌토돌 있는 뾰루지들도 진정시켜 주니까 너무 좋은 패치 마스크예요

여러개 구매하길 잘했다  생각할 정도로 주기적으로 사용 할 거에요"
2026-07-23,A000000248829,61322633,2026.06.11,5,0,NORMAL,[6월올영픽]트러블패치 3매입+컨트롤패드,A03,B05,C05,10,630.0,1,1,키햐야,"사용 후 피지 제거되는게 정말 잘 보여요!!
역시 제일 고민이었던 코에 피지가 정말 쏙 녹아내린게 보여서 피부가 정말 맨들맨들해진게 보여요
그래서 피부 화장도 잘 먹고 화장 끼임도 없어서 
베이스 진짜 잘 먹어요..♡

주기적으로 사용해주면 피부결 정리 되는 기분!!

최소 30분 이상은 붙이고 있어야 더 효과가 좋아요"
2026-07-23,A000000248829,62854911,2026.07.15,5,0,NORMAL,[6월올영픽]트러블패치 3매입+컨트롤패드,A03,B05,"C01,C02",0,540.0,1,0,킹포포,"팩이 너무 비싸지만 유명(?)해서 궁금해서 구매해봄
팩 하고 나면 피지가 정말 빠지는건지 모르겠지만 정리된 느낌이라 매끈매끈해져요 ㅎ_ㅎ
물에 적시면 대대대충격
여름철이라 진짜 유분에다 피자가 개장난아니여서 며칠만 지나도 피부가 아주그냥 오돌토돌 난리인데 ㅠ 
이거 하고 나면 괜시리 피지 정리된 거 같구 막 그래 ~~~"
2026-07-23,A000000248829,62176567,2026.07.01,5,0,NORMAL,트러블패치 마스크 3매입,A03,B05,"C01,C09",0,540.0,1,0,먹헬짱,진짜 너무 좋아요. 피부에 완전 밀착되고 쫀쫀해요. 금액 비싸서 고민하시는 분들 봤는데 그만한 값을 합니다.. 마스크팩 하고 나서 마스크팩 에센스 뚝뚝 흐르거나 흡수시키는게 귀찮으신 분들에게는 더할나위 없이 좋을거에요. 그리고 저는 지성 피부에 모공 넓은데 딱 이 부분을 잡아줘요. 두 번이나 샀습니다ㅋㅋㅋㅋ
2026-07-23,A000000248829,62599006,2026.07.10,5,1,OFFLINE,트러블패치 마스크 3매입,,,,1,495.0,0,0,내똥칼라똥,정착했어요 이제 얘만 사용해요 자극이 별로 없고 간지럽거나 그러지도 않아요
2026-07-23,A000000248829,62114645,2026.06.30,5,0,NORMAL,[6월올영픽]트러블패치 3매입+컨트롤패드,,,,0,450.0,1,0,chocolatesh,"피지와 묵은 각질이 신경 쓰여 집에서 간편하게 관리하려고 구매해봤는데요. 1시간이나 붙여야 된다길래 좀 고민했지만 효과좋다는 얘기를 들어서ㅎㅎ 
세안 후 붙이고 약 1시간 정도 완전히 마를 때까지 기다렸다가 떼어내니 각질과 노폐물이 함께 붙어 나와 눈으로 확인할 수 있어 만족스러웠어요. 사용 후에는 피부결이 한층 매끈해진 느낌이 들었고, 엄청 촉촉하더라고요ㅎㅎ 자극도 못느꼈고.. 특별한 관리가 필요한 날 집에서 간편하게 사용하기 좋은 제품이에요."
2026-07-23,A000000254119,62880386,2026.07.16,5,0,NORMAL,1+1 기획(+피카츄 핀 거울),,,,3,2232.0,0,0,Vialactea,"바른 후에 끈적임이 심하지 않고, 유분기가 많지 않아서 여름에 바르기 적합한 것같아요. 여러번 덧발라도 답답하지 않아서 요즘 쓰기 좋습니다."
2026-07-23,A000000254119,63139388,2026.07.22,5,0,NORMAL,1+1 기획(+피카츄 핀 거울),A02,B03,"C01,C02",1,1512.0,1,0,감자깡더구,"🥰좋았던 점
- 건성이 사용해도 건조하지 않고 촉촉해요
- 톤업효과가 없어서 남성이 쓰기에도 좋아요.
- 향도 크게 느껴지지 않아서 향 민감러에게도 추천
😥별로 였던 점
- 없어요"
2026-07-23,A000000254119,62582483,2026.07.09,5,0,NORMAL,1+1 기획(+피카츄 핀 거울),A07,B01,"C01,C06",0,1134.0,1,0,눈눈눈,"한 통 거의 드 쓴 후기!
엄청 촉촉한 선크림이라 화장전에 촉촉 화잘먹 선크림으로 쓰기 좋아요! 엄청 묽은건 아니고 좀 쫀쫀한 느낌이 있는 제형인데 다 바르고 흡수하고나면 끈적이지 않아서 좋습니다
재구매의사있어요!!"
2026-07-23,A000000254119,62994725,2026.07.19,5,0,NORMAL,1+1 기획(+피카츄 핀 거울),A06,B01,"C05,C06",0,1080.0,1,0,아리아리,한 통 거의 다 사용하고도 계속 손이 가는 데일리 선크림이에요. 촉촉한 로션처럼 부드럽게 펴 발리고 백탁과 답답함이 크게 느껴지지 않아 목까지 넉넉하게 바르기 편했습니다. 메이크업 전에 사용해도 밀림이 적고 피부가 건조하게 뜨지 않아 사계절 무난하게 사용할 수 있을 것 같아요.
2026-07-23,A000000254119,62504097,2026.07.08,5,0,NORMAL,1+1 기획(+피카츄 핀 거울),,,,0,900.0,1,0,jbinter,"한달 사용 리뷰입니다.

💧 제형 및 발림성
수분크림처럼 촉촉하고 묽은 제형입니다. 백탁 현상이 전혀 없으며, 바른 후 은은하고 투명한 수분 광이 돕니다.

✨ 가장 큰 장점
끈적임 없이 피부에 착 밀착되어 다음 단계의 쿠션이나 파운데이션이 절대 밀리지 않습니다. 수분 베이스 대용으로 사용해도 좋습니다.

🏊 지속력 및 순함
눈 시림과 트러블 걱정 없이 순하며, 촉촉한 제형임에도 땀과 물에 강한 워터프루프 기능을 자랑합니다.

지성 보다는 건성이나 수부지 분들께 추천합니다.,"
2026-07-23,A000000254119,62406000,2026.07.06,5,0,NORMAL,1+1 기획(+피카츄 핀 거울),A02,B06,"C04,C08",5,900.0,0,0,올영사또,"당장 이 햇빛을 막고 피부를 촉촉히 지키는 연고에 상을 내리거라! 👑🌞💧

이 사또, 한 달 남짓 써 보니
매일 아침 빠짐없이 바르게 되는 든든한 물건이로다.

펴 바르는 순간 촉촉함이 먼저 올라오고
시간이 지나도 건조하게 들뜨지 않아
피부가 편안히 숨 쉬는 느낌이 들었구나.

무겁지 않고 산뜻하게 마무리되어
여름철에도 답답함이 덜하니
손이 자주 가는 것이 당연하도다.

또한 겹쳐 발라도 밀림이 적어
단장 전후로 모두 쓰기 좋아
실로 실용적인 물건이라 할 수 있겠구나 😌

거울까지 함께 있으니
밖에서도 틈틈이 살피며 바르기 좋으니
이 또한 사또의 마음에 쏙 들었도다.

이 사또, 촉촉함과 가벼움을 함께 찾는 이들에게
기꺼이 권할 만한 물건이라 전하노라 👑🌞💧"
2026-07-23,A000000254119,62101821,2026.06.30,5,0,NORMAL,1+1 기획(+피카츄 핀 거울),A01,B02,"C04,C05",1,900.0,1,0,boboky,"솔직히 AHC라인은 패키징이 좀 아쉽다는 생각이듭니다.
프로페셔널 프리미엄 라인이라 검은색으로 잡은듯한데 개인적인 생각으론 제형이 무거워 보인다해야하나 그런느낌을 주는 색감인거같아요.
이렇게 사족을 붙인 이유는 AHC 검은색라인 선크림 진짜 너무 가벼워요.. 진짜 그 어느걸 써도 엥???이렇게 깃털같이 가볍다고? 사용감이 이렇게 좋다고? 느끼는 선크림중 탑3 안에듭니다.
특히 검은색 선크림은 사실 사용해보고 놀랐어요..
이렇게 가볍다니??
진짜 이렇게 가벼운데 차단이 어떻게 잘되지..?
이런 의문만들고 진짜 여러번 발라도 밀리거나 그런게 없어요.
화잘먹 선크림이라고 해도 손색이 없을정도로 진짜 좋아요!"
2026-07-23,A000000254119,63173825,2026.07.23,5,0,NORMAL,1+1 기획(+피카츄 핀 거울),,,,0,792.0,1,1,모히또또,눈시림도 없고 많이 무겁지 않아서 다시 구먀했어요 잘 쓰겠습니다
2026-07-23,A000000254119,63013913,2026.07.19,5,0,NORMAL,1+1 기획(+피카츄 핀 거울),A02,B01,"C01,C03",2,792.0,0,0,매롱매론,"원래도 잘 쓰던 선크림인데
피카츄 그려져있어서 더 좋음 굿굿"
2026-07-23,A000000254119,61942140,2026.06.26,5,0,NORMAL,1+1 기획(+피카츄 핀 거울),A02,B03,"C01,C08",0,756.0,1,0,besong,피카츄 핀뱃지 귀여운데 은근 쓸데가 없어요ㅋㅋ 어쨌든! 선크림은 믿고쓰는 AHC라 촉촉하고 자극없이 부드러움 + 보송한 마무리감 좋슴다
2026-07-23,A000000254119,62902156,2026.07.17,5,0,NORMAL,1+1 기획(+피카츄 핀 거울),A03,B05,"C01,C02",0,720.0,1,0,동동봉,AHC 선 제품은 진짜 믿고 쓰고 있어요. 선스틱부터 시작해 잘 만든다 생각해요. 정말 부드럽게 발리기 때문에 어머니도 좋아하세요 화장이 밀리는 것도 없고 촉촉해서 좋습니다. 백탁도 없어서 마음에 들어요 같이 받은 거울은 엄청 작았어요 그건 포켓몬 좋아하는 친구 선물로 준ㅋ
2026-07-23,A000000254119,63164860,2026.07.22,4,0,NORMAL,1+1 기획(+피카츄 핀 거울),,,,0,660.0,1,0,1푸딩,데일리로 무난하게 쓰기 좋은 선크림인 것 같아요ㅎㅎ 화장 밀림도 없음!🧡
2026-07-23,A000000254119,62988668,2026.07.19,5,0,NORMAL,1+1 기획(+피카츄 핀 거울),A03,B03,"C05,C08",0,660.0,1,0,민감띠,최근 사용한 선크림중에 제형이나 발림성이 가장 만족스러운 제품이에요! 가볍고 기름기가 거의없어서 크림처럼 사용할수있어요. 괜히 화잘먹으로 유명하게 아니었던것… 촉촉하니 너무 좋아요!!
2026-07-23,A000000254119,62947830,2026.07.18,5,0,NORMAL,1+1 기획(+피카츄 핀 거울),A05,B05,"C05,C10",0,660.0,1,0,2YEON,포켓몬 콜라보 짱귀! 제품력은 말모 너무 좋음! 강추추합니다
2026-07-23,A000000254119,62649467,2026.07.11,5,0,NORMAL,1+1 기획(+피카츄 핀 거울),A06,B04,"C03,C05",0,594.0,1,0,푸린스,끔적임없이 잘 스며드는 선크린을 찾았는데 딱 이거에요. 자외선 차단은 되면서 잘 스며들고 끈적이지 않으니까 데일리로 팍팍 쓰기 좋아요.
2026-07-23,A000000254119,62520909,2026.07.08,5,0,NORMAL,1+1 기획(+피카츄 핀 거울),A03,B05,"C05,C09",1,594.0,0,0,Presssu,바른듯 안바른듯 해서 가볍고 좋아ㅛㅇ 지속력도 좋고 잘 지워지는 것 같아요
2026-07-23,A000000254119,62501526,2026.07.08,5,0,NORMAL,1+1 기획(+피카츄 핀 거울),,,,2,567.0,0,0,루루캥거루,"기획세트라 팔, 다리에 부담없이 바르기 좋아요.
밀림 없고 흡수력도 괜찮아요"
2026-07-23,A000000254119,62556325,2026.07.09,5,0,NORMAL,1+1 기획(+피카츄 핀 거울),A03,B02,"C03,C08",0,540.0,1,0,eunbi3804,"촉촉한 선크림을 찾다가 구매했는데 기대 이상으로 만족스럽습니다. 발림성이 부드럽고 흡수가 빨라 끈적임 없이 산뜻하게 마무리됩니다. 메이크업 전에 발라도 밀리지 않아 매일 사용하기 좋고, 피부도 편안하게 느껴집니다. 1+1 구성이라 가성비도 좋고 피카츄 핀 거울까지 함께 받아 더욱 만족스러웠습니다. 다음에도 재구매하고 싶은 제품입니다."
2026-07-23,A000000254119,62539475,2026.07.09,5,0,NORMAL,1+1 기획(+피카츄 핀 거울),,,,0,540.0,1,0,깜숙달봉,"끈적임 없이 촉촉하게 발리는 선크림이라 매일 사용하기 좋아요. 백탁 현상이 거의 없고 흡수도 빨라 메이크업 전에 발라도 밀림이 없었습니다. 자외선 차단은 물론 피부 당김도 적어 만족스럽고, 1+1 구성에 귀여운 피카츄 핀 거울까지 있어 더욱 기분 좋은 구매였습니다."
2026-07-23,A000000254119,62877879,2026.07.16,5,0,NORMAL,1+1 기획(+피카츄 핀 거울),A02,B03,"C01,C02",0,528.0,1,0,참치빙수,"자극없이 순하고 촉촉해서 바르기 너무 편해요
듬뿍 발라도 백탁현상 없고 너무 좋습니다!"
2026-07-23,A000000254119,62763522,2026.07.13,5,0,NORMAL,1+1 기획(+피카츄 핀 거울),A03,B05,"C05,C06",0,495.0,1,0,앙마앙마,로션같은 타입으로 촉촉하게 수분감이 있어서 발림성이 좋고 자외선 차단도 잘 되는거 같아요
2026-07-23,A000000254119,61600849,2026.06.18,5,0,NORMAL,1+1 기획(+피카츄 핀 거울),A07,B02,"C01,C12",3,465.0,0,0,berr****,"와 ㅋㅋ 피카츄 거울 크기가..
이런건 차라리 주지마세요 
쓰래기입니다"
2026-07-23,A000000254119,61651628,2026.06.19,5,0,NORMAL,1+1 기획(+피카츄 핀 거울),A03,B03,"C01,C05",5,450.0,1,0,쑤쑤라이프,"✨️ 제형이 촉촉한 수분크림 같은 느낌이라 뻑뻑함 없이 부드럽게 발리고 바른 후에도 피부가 건조해지지 않아 좋았어요(╹ڡ╹ )

끈적임과 백탁이 거의 없고 흡수도 빠른 편이라 메이크업 전에 사용해도 밀림 없이 깔끔하게 발려서 좋아요!(  ´∀｀)σ)∀`)

패키지도 귀여워요(^^)d"
2026-07-23,A000000254119,61224602,2026.06.09,5,0,NORMAL,1+1 기획(+피카츄 핀 거울),A03,B01,"C01,C02",0,450.0,1,0,Lalala121,"평소 선크림 특유의 답답함과 끈적임을 싫어하는 편인데, 이 제품은 첫 사용부터 촉촉하고 가볍게 발리는 느낌이 괜찮았어요 ☀️💙

❤️ 수분크림처럼 부드럽게 발림
선크림이라기보다 수분크림 바르는 느낌에 가까웠어요! 뻑뻑함 없이 부드럽게 펴 발려서 바르기 편했어요!

❤️ 백탁이 거의 없음
바르자마자 피부에 자연스럽게 흡수돼서 얼굴이 하얗게 뜨지 않았어요! 화장 전에 사용하기도 부담 없는 느낌 👍

❤️ 끈적임이 적은 편
흡수되고 나면 피부가 답답하거나 끈적거리지 않아서 만족스러웠어요! 특히 여름에도 무난하게 사용할 수 있을 것 같아요!

❤️ 촉촉한 마무리감
건조한 피부라 선크림 바르면 당기는 제품도 있는데, 이건 피부가 촉촉하게 유지되는 느낌이 있었어요!

❤️ 메이크업 밀림이 심하지 않음
쿠션이나 파운데이션 올렸을 때 밀리거나 뭉치는 느낌이 적어서 데일리 선크림으로 괜찮아 보였어요!

❤️ 포켓몬 에디션이라 귀여움
패키지가 귀여워서 사용할 때 기분이 좋아져요 ㅎㅎ 화장대에 올려놔도 눈에 띄더라고용 ⚡

❤️ 1+1 구성이라 가성비 괜찮음
선크림은 매일 쓰는 제품이라 금방 쓰는데, 두 개 구성이라 부담 없이 사용할 수 있었어요!"
2026-07-23,A000000254119,61128053,2026.06.08,5,0,NORMAL,1+1 기획(+피카츄 핀 거울),A01,B02,"C09,C11",0,450.0,1,0,일레르,"원래 AHC 선크림은 몇 번 써본 적이 있어서 크게 고민 안 하고 구매했어요. 특히 여름 되면 선크림 사용량이 확 늘어나는데 1+1 기획이라 부담 없이 쓰기 좋더라구요 ☀️

제형이 이름처럼 촉촉한 편이라 바를 때 뻑뻑한 느낌이 거의 없었어요. 선크림 잘못 쓰면 얼굴이 답답하거나 건조하게 느껴지는 경우도 있는데 이건 수분크림 바르듯 부드럽게 펴 발려서 아침마다 손이 자주 가네요. 백탁도 거의 없는 편이라 급하게 외출 준비할 때도 편했구요.

저는 원래 피부화장을 두껍게 하는 편이 아니라 선크림 단계가 꽤 중요한데, 이건 바른 뒤 피부가 답답해 보이지 않는 점이 마음에 들었어요. 그렇다고 너무 번들거리는 느낌도 아니라서 데일리로 쓰기 괜찮더라구요. 특히 요즘처럼 날씨 더워질 때는 손이 안 가는 선크림도 많은데 이건 끝까지 잘 쓰고 있어요.

사실 선크림은 한 번 좋다고 느끼면 계속 같은 제품 찾게 되는데, 왜 꾸준히 인기 있는지 알겠더라구요 ㅎㅎ 기획으로 들어있는 거울도 생각보다 귀여워서 파우치에 넣어두고 잘 쓰고 있습니다 🤍"
2026-07-23,A000000254119,61012035,2026.06.06,5,0,NORMAL,1+1 기획(+피카츄 핀 거울),A02,B06,"C04,C08",4,450.0,1,0,올영사또,"당장 이 선크림에 상을 내리거라! 👑☀️

이 사또, 써 보니
날마다 쓰기 무난한 균형을 갖춘 물건이로다.

펴 바르니
질감이 가볍게 미끄러지듯 퍼지며
백탁이 거의 드러나지 않아
바쁜 아침에도 부담 없이 쓰기 좋았소 😌

수분감이 적당히 있어
건조하게 들뜨기보다는
피부에 자연스럽게 밀착되는 느낌이 들었구나.

마무리는 과하게 번들거리지는 않으나
완전히 보송하다기보다는
은은한 윤기가 남는 편이었소.

또한 여러 번 덧발라도
크게 밀리거나 답답해지는 느낌이 적어
야외 활동 시에도 무난히 쓰기 좋았구나.

이렇듯 사용감과 편의성을 두루 갖춘
무난한 해막이 물이라 전하노라 👑☀️"
2026-07-23,A000000254119,60825907,2026.06.04,5,0,NORMAL,1+1 기획(+피카츄 핀 거울),A02,B03,C02,11,450.0,1,0,감자깡더구,"🥰좋았던 점
- 약간 건성인 타입이 사용해도 건조하지 않아요. 처음에 바를 때는 가벼운 로션이나 수분크림 바르는 것 같은 느낌인데 선크림이 밀리지 않고 밀착력있게 발려서 놀랐어요
- 색조화장 전 단계에서 바르기 좋아요.
- 이상한 향이 없어서 호불호없이 누구나 쓸 수 있어요

😥별로 였던 점
- 없어요"
2026-07-23,A000000254119,60814961,2026.06.04,5,0,NORMAL,1+1 기획(+피카츄 핀 거울),A01,B01,"C01,C02",0,450.0,1,0,아복이,"🖤💛[포켓몬 에디션] AHC 마스터즈 아쿠아 리치 선크림(+피카츄 핀 거울)💛🖤

50ml 용량 1+1 기획이에요!

묽은 선크림 싫어하시는 분들께 강추!
리치한 제형인데도 촉촉 화잘먹까지
되서 좋아요!

포켓몬이랑 콜라보해서
멜빵 피카츄가 새겨진
핀 거울까지 증정하는데
넘 귀여워용 :)
 
소비기한 20290412까지
넉넉해서 좋아요~!"
2026-07-23,A000000254119,60495981,2026.05.31,5,0,NORMAL,1+1 기획(+피카츄 핀 거울),A01,B02,"C04,C05",4,450.0,1,0,boboky,"AHC 선크림 구매해봣습니다.
얘 무조건 사시면됩니다.
톤업 원하는거아니면 무조건 이 선크림 사면되요!
진짜 가볍게 발리고 촉촉하게 발려서 다음에 올릴 베이스 바를때도 진짜 잘 올라가고 지속력도 좋고 그냥 선크림 끝판왕이예요.
진짜 한국 선크림중에 발림성 사용감 원탑 줄정도로 너무 좋아요.
사실 패키징이 무거워보이고 답답해보이는 검은색이라 고민하다가 좋다좋다하길래 구매했거든요
근데 진짜 좋아요.
몸에 발라도 로션바르는거처럼 발리고 진짜 흡수도 빠르고 무조건 추천합니다.
심지어 화잘먹 프렙 바르는 느낌나요!"
2026-07-23,A000000254119,60085270,2026.05.24,5,0,NORMAL,1+1 기획(+피카츄 핀 거울),A03,B06,"C01,C04",2,450.0,1,0,또르리라루,"유튜버님의 추천으로 작년에 구매해서 사계절 내내 엄청 잘 썼어요!! 어무니도 요 제품 넘 좋아하셔서 여름 오기 전에 하나 더 쟁였네용 ㅎㅎ
화장 전에 크림이 너무 밀려서 싫다하시면 화장 전에 수분크림 대신 바르기에도 너무 좋아요
저는 복합성인데 크림 얇게 한 겹 바르고 화장 해주면 뜨지도 않고 선크림도 챙기고 1석2조 !!
크림처럼 부드럽고 백탁도 없어서 내년에 또 살 것 같아요 절대단종안돼여


2번째 사진이 다 바른 후예여"
2026-07-23,A000000253093,61950233,2026.06.26,5,0,NORMAL, [단품] 파우더12g,,,,31,6876.0,0,0,푸지나가,진짜 좋은데.. 이거 향이 왜케 역해졌어요?? 바르기 싫을 정도의 냄새라서 ㅜㅜ
2026-07-23,A000000253093,62491553,2026.07.08,5,0,NORMAL, [단품] 파우더12g,A03,B01,"C06,C08",9,4914.0,1,0,songmandoo,재구매인데 모르고 단품으로 샀어요오ㅠ 나 울어 ㅠ 브러쉬 ㅠ 가져와 ㅠㅠ
2026-07-23,A000000253093,62573190,2026.07.09,5,0,NORMAL, [단품] 파우더12g,A03,B03,"C01,C05",5,4050.0,1,0,유일미,"❗️바닐라코 프라임 프라이머 피니쉬 파우더 후기❗️
평소에도 메이크업 마무리할 때 자주 사용하는 파우더인데, 사용할수록 만족도가 높은 제품이에요.

입자가 정말 곱고 부드러워서 피부에 얇게 밀착되고, 바르는 순간 피부결이 한층 매끈해 보이는 느낌이 들어요. 번들거리는 부위를 자연스럽게 잡아줘서 깔끔한 피부 표현을 유지하기 좋더라고요.

투명한 컬러라 피부톤에 크게 구애받지 않고 사용할 수 있고, 파운데이션 위에 올려도 답답하거나 두껍게 올라가는 느낌이 없어서 부담 없이 손이 가는 제품이에요.

특히 T존처럼 유분이 올라오기 쉬운 부위에 가볍게 쓸어주면 보송한 상태가 꽤 오래 유지돼서 수정 메이크업할 때도 유용하게 사용하고 있어요.

전체적으로 피부를 과하게 매트하게 만들기보다는 결을 자연스럽게 정돈해주는 느낌이라 데일리로 꾸준히 사용하기 좋았어요. 메이크업을 깔끔하게 마무리하고 싶은 분들께 추천드리고 싶은 제품입니다."
2026-07-23,A000000253093,61380020,2026.06.13,2,0,NORMAL,[기획]파우더12g(퍼프내장)+브러쉬,A01,B05,"C05,C06",29,3078.0,0,0,졤졔,지성에게는 별로인거 같습니다. 왜 유명한지 진짜 모르겠어요.. 일단 양조절 어렵고 바를때 분필 냄새납니다. 그리고 처음엔 당연히 유분기가 잡히지만 유분이 금방 올라와요.. 그러면서 요철이 너무 부각됩니다. 완전 별로에요
2026-07-23,A000000253093,62612739,2026.07.10,5,0,NORMAL, [단품] 파우더12g,A04,B03,"C01,C02",1,1890.0,1,0,스킨토커,"바닐라코 프라임 프라이머 파우더 🤍

파우더는 이것저것 사용해봐도 결국 항상 이것만 사용하게 돼요!

모공 블러 처리가 정말 잘되고 유분도 과하지 않게 적당히 잡아줘서 피부 표현이 깔끔해 보입니다
그렇다고 피부가 너무 퍼석퍼석하거나 건조하게 마무리되는 타입은 아니라서 수부지인 저한테 딱 잘 맞았어요🤍

유분은 잡고 싶지만 너무 매트하고 건조한 파우더가 부담스러운 수부지분들께 추천하고 싶어요
모공도 자연스럽게 가려주고 사용감도 좋아서 앞으로도 계속 재구매할 파우더입니다🤍"
2026-07-23,A000000253093,62609043,2026.07.10,5,1,OFFLINE,[기획/브러쉬+퍼프2매] 파우더12g,A03,B04,"C09,C10",2,1890.0,1,0,엔립스nlips,"파우더 사려고 리뷰 엄청 찾아보고 고른건데 만족스러워요

우선 입자가 고와서 양조절 잘 못해도 고르게 발려요
가루타입이라 뚜껑에 덜어내고 써야하는게 번거롭긴한데 ㄱㅊ...
브러쉬랑 퍼프를 넉넉하게 주셔서 용도에따라 골라쓰면 될 거 같아요

저는 구멍 막고있는 스티커를 조금만 뜯어서 가루 많이 안나오게 쓰고있습니다~!"
2026-07-23,A000000253093,63097119,2026.07.21,5,0,NORMAL,[기획/브러쉬+퍼프2매] 파우더12g,A01,B01,"C01,C06",0,1512.0,1,0,머랭고냥이,"매일 사용하는 바닐라코 프라이머 피니쉬 파우더
수분크림이랑 선크림 바르고 앞머리 내리면 떡지는 게 싫어서 구매했는데 뽀송해지는게 마음에 들어요!
브러쉬도 주셔서 너무너무 좋습니다!!!"
2026-07-23,A000000253093,63029609,2026.07.19,5,0,NORMAL,[기획/브러쉬+퍼프2매] 파우더12g,A04,B06,C08,0,1512.0,1,0,잰뿡빵,요즘같은 여름날 사용 안하면 절대 안돼요!! 피부 타입이 건성이라 평소에 파우더를 선택하고 사용할 때 정말 신중에 신중을 기하는데 입자가 고와서 너무너무 좋네요!
2026-07-23,A000000253093,62140613,2026.07.01,5,0,NORMAL, [단품] 파우더12g,A03,B01,"C01,C03",6,1476.0,0,0,젣니,바닐라코 파우더가 엄청 유명하잖아요. 이런 루스파우더 중에 국내 브랜드로는 바닐라코가 제일 좋습니다. 입자도 곱고 보송하게 잘 잡혀요. 대신 수부지 피부는 너무 많이 바르면 속건조 생깁니다. 양조절을 잘 해주셔야해요
2026-07-23,A000000253093,63019674,2026.07.19,5,0,NORMAL,[기획/브러쉬+퍼프2매] 파우더12g,A02,B03,"C01,C03",1,1200.0,1,0,코코둘째누나,이거 몇통째인지 모를정도로 사계절 내내 쓰고 있어요. 다른 입자 곱다는 파우더도 여러개 써봤는데 바닐라코만큼 손이 자주가지 않더라구요. 번들거리는 부분에 퍼프로 톡하면 기름 싹 잡아줍니다. 내장 퍼프가 특히 궁합이 좋은데 이번 기획세트에 한개 더 주니까 좋네요!
2026-07-23,A000000253093,62694592,2026.07.12,5,0,NORMAL, [단품] 파우더12g,A01,B02,"C02,C05",2,1134.0,0,0,춘식이뿅,"여름이라 기름져서 삿는데
곱게 잘 발려지고 얼굴에 머리카락도 안붙고 좋아요"
2026-07-23,A000000253093,62856546,2026.07.15,5,0,NORMAL,[기획/브러쉬+퍼프2매] 파우더12g,A03,B03,C05,1,1125.0,1,0,코랄덕,"확실히 요철 커버 돼요!! 평소에 팩트 파우더 많이 
썼었는데 윀멬 파우더 써보고 가루파우더에 관심이
생겨서 구매해 봤어요! 윀멬 파우더보다 요철, 모공
커버 잘되는 것 같아요! 퍼프보다 브러쉬로 
바르는 게 안 뜨고 훨씬 좋아요! 증정 브러쉬 너무 
부드럽고 좋아요!!"
2026-07-23,A000000253093,62672168,2026.07.11,5,0,NORMAL, [단품] 파우더12g,,,,0,810.0,1,0,안녕하세여ㅡ,"입자가 곱고 좋은거 같아요!!! 
한때 N년째 쓰다가 다른걸로 갈아타고 오랜만에 
써봤는데 케이스가 바꼈더라구요??!! 
진작에 이걸로 바꾸지.. 예젘엔 솔직히 너무 싼티zi렸었음 
글고 이번에 보니까,, 파우더 양조절 할수있게
스티커 센스도ㅋㅋ 너무 좋네여 ㅎ흐
퍼프가 탄탄하고 튼실~ 팡팡!! 해서 막 두댕기기 좋아여
요즘 굽는 메컵에 빠져서 이 파우더는 잘 못쓰긴하지만ㅠㅠ
이 파우더는 정말 얇게 지속력은 상관 없다하시는분들만
추천드립니당!! 요즘은 저 파우더도 지속력ㅋ 신경써욬ㅎㅎ
고냥 저처럼 파우더빨로.. 굽는분들은 🙄 길 잘못 찾으셨어욬
피부 물광..?처럼 말랑콩ㅋ떡처럼 하시는분들 추천드려여
청순~??메컵!!!!!! ㅎ흐 쨋든 오랜만에 써서 좋네여ㅕ"
2026-07-23,A000000253093,63108987,2026.07.21,5,0,NORMAL,[기획/브러쉬+퍼프2매] 파우더12g,A03,B06,"C01,C02",0,792.0,1,0,월화수아,여름인데 파우더를 사용 안하니깐 피부 무너짐이 너무 심해서 구매하게 되었어요~ 얼굴이 보송하고 화장도 오래 지속 되는 거 같아요~
2026-07-23,A000000253093,63118835,2026.07.21,5,0,NORMAL,[기획/브러쉬+퍼프2매] 파우더12g,,,,0,660.0,1,0,Nile,"바닐라코 파우더 유명해서 한번 써 보고 싶어요
요즘 날씨가 더워서 기름 관리 필요하네요. 파우더 필수템이에요"
2026-07-23,A000000253093,62994914,2026.07.19,5,0,NORMAL,[기획/브러쉬+퍼프2매] 파우더12g,A01,B04,C11,0,660.0,1,0,ㄴㄱㅇㄱㅅㅇㅉ,대용량에 싸서 너무 맘에 들어요 벌써 두번째 구매입니다 다들 사세요
2026-07-23,A000000253093,61199146,2026.06.09,5,0,NORMAL, [단품] 파우더12g,A04,B03,"C01,C02",2,630.0,1,0,스킨토커,"바닐라코 프라임 프라이머 피니쉬 파우더 사용해봤어요🤍

유분이 올라오는 여름철에 특히 만족하면서 사용하고 있는 파우더예요✨

입자가 고와서 피부에 올렸을 때 뭉침 없이 보송하게 마무리되고 모공도 자연스럽게 블러 처리되는 느낌이 들었습니다.

특히 앞머리 붙는 거 싫을 때 T존 위주로 사용하면 훨씬 쾌적하더라구요🙌

다만 너무 많이 바르면 건조해 보일 수 있어서 얇게 사용하는 걸 추천드려요!

근데 건성 분들은 약간 너무 건조하다고 느낄수도 있을거 같아요"
2026-07-23,A000000253093,62585758,2026.07.10,5,0,NORMAL, [단품] 파우더12g,A03,B04,"C01,C02",0,594.0,1,0,굼쓰,"내가 파우더를 잘 못 쓰나
왜 와- 하는 소리 나오게 안 될까요
궁금."
2026-07-23,A000000253093,62525022,2026.07.08,5,0,NORMAL,[기획/브러쉬+퍼프2매] 파우더12g,,,,0,594.0,1,0,지니지니지니니니,맨들맨들 유분기 없는 피부로 만들어줘요~ 워낙 유명한제품이라 말해뭥
2026-07-23,A000000253093,62515031,2026.07.08,5,0,NORMAL,[기획/브러쉬+퍼프2매] 파우더12g,A01,B01,C05,0,594.0,1,0,tombum,7월 올영픽 기획 파우더가 올영라이브의 쿠폰이 발급되서 선물하려고 구매했어요.
2026-07-23,A000000253093,62514776,2026.07.08,5,0,NORMAL,[기획/브러쉬+퍼프2매] 파우더12g,A01,B01,C05,0,594.0,1,0,tombum,올영라이브 7월 올영픽 기획/브러쉬+퍼프 상품이라 선물하려고 구매했어요.
2026-07-23,A000000253093,62491689,2026.07.08,1,1,OFFLINE, [단품] 파우더12g,A02,B04,C12,1,567.0,1,0,soili****,이거 비싸기만 하고 너무 별로 진짜 돈 아까워요 사지마세요 너무 별로입니당
2026-07-23,A000000253093,63010793,2026.07.19,4,1,OFFLINE,[기획]파우더12g(퍼프내장)+브러쉬,,,,0,540.0,1,0,오리바이,입자가 곱긴하나 이게 구멍에서 파우더가 나오다보니 퍼프에 골고루 묻혀 쓰기 어려워요 그리고 밀착력을 높여준다거나 지속력을 높여주는건 모르겠는데 유분감은 확실히 잡아주고 그냥 무난템 특별히 별로인건 아니고 좋은것도 없어서 무난합니다
2026-07-23,A000000253093,63081780,2026.07.21,5,0,NORMAL, [단품] 파우더12g,A03,B02,"C01,C04",0,528.0,1,0,보리궁디,화장 고정도 너무잘되고 바르기도 편하고 가격대비 용량도맘ㅎ아서 얘만 써요 바닐라코 짱 ~~!~
2026-07-23,A000000253093,63052214,2026.07.20,5,0,NORMAL,[기획/브러쉬+퍼프2매] 파우더12g,A03,B01,"C05,C07",0,528.0,1,0,아이셔라,"리뉴얼 되니까 더 세련되졌어요 넘 예뻐요
이 전의 파우더 쓸 때 퍼프가 금방 더러워져서 다른 퍼프 사서 그걸로 써왔는데 퍼프도 2개 더 주고 거기에 브러쉬까지 줘서 너무 좋아요!"
2026-07-23,A000000253093,62939767,2026.07.17,5,0,NORMAL,[기획/브러쉬+퍼프2매] 파우더12g,A02,B04,C05,0,528.0,1,0,석돌이,머리가 자주 떡져서 이게 가장 후기가 좋길래 사봤어요! 아직 제대로 안써봐서 써봐야 알거같아요
2026-07-23,A000000253093,62924562,2026.07.17,5,1,OFFLINE, [단품] 파우더12g,A01,B01,"C01,C05",0,528.0,1,0,소진리,파우더는 진짜 이만한게 없는것 같아요 지성들은 제발 사세요!!
2026-07-23,A000000253093,62917034,2026.07.17,5,1,OFFLINE, [단품] 파우더12g,A03,B04,"C05,C06",1,528.0,0,0,cutiepatootie,파데 바르고 한번 파우더로 싹 구워줄때 쓰기 좋음. 유분 적당히 잘 잡아줘서 잘 쓰고 있음
2026-07-23,A000000253093,62885990,2026.07.16,5,1,OFFLINE,[기획/브러쉬+퍼프2매] 파우더12g,A01,B01,"C02,C05",0,528.0,1,0,귤까먹고싶다,파우더는항상바닐라코꺼만씆니당진짜맨들맨들해져서찹쌀떡느낌
2026-07-23,A000000253093,62557250,2026.07.09,5,0,NORMAL,[기획/브러쉬+퍼프2매] 파우더12g,A01,B05,"C01,C02",0,495.0,1,0,갸루지망생,양조절이 필수인 파우더! 재구매 템입니다 3통째 쓰고 있어요 ㅎㅎ
2026-07-23,A000000164470,62420967,2026.07.06,5,0,NORMAL,샌달우드 인텐시브  샴푸 기획,A03,B05,"C02,C05",0,450.0,1,0,Jessie김,"롱테이크 샌달우드 샴푸와 트리트먼트를 함께 사용해 보니 세정력과 보습력이 모두 만족스러웠습니다. 샴푸는 풍성한 거품으로 두피를 개운하게 씻어주고, 트리트먼트는 손상된 모발을 부드럽고 차분하게 정돈해 주었습니다. 무엇보다 샌달우드 향이 고급스럽고 은은하게 오래 지속되어 샴푸 후에도 기분 좋은 잔향을 느낄 수 있었습니다. 사용 후 모발이 윤기 있고 촉촉해져 데일리 헤어케어 제품으로 만족하며 사용하고 있습니다. 🥰🤎👍"
2026-07-23,A000000164470,62403197,2026.07.06,5,1,OFFLINE,바질 앤 베티버 리프레싱,A02,,"C04,C05",0,264.0,1,0,arena,저는 두피가 지성이라 맨톨이 있어서 깔끔한 느낌이에요 그리고 향도 오렌지에 나무를 더한 느낌이 있어서 약간 청귤같은 느낌도 들어요 다음 향은 장미로 해주세요 제발
2026-07-23,A000000164470,62509831,2026.07.08,5,1,OFFLINE,블랙티앤피그 샴푸 기획,A01,,,0,180.0,0,0,큐큐hao,블랙티 성분이 두피의 과도한 피지를 정리하고 피지로 인한 두피 냄새를 케어합니다. 거품이 풍성하게 생성되어 모발과 두피를 깔끔하게 세정하고 세정 후 모발이 뻣뻣해지지 않고 부드러운 촉감을 띱니다. 대용량 기획 구성으로 장기간 넉넉하게 사용 가능합니다.
2026-07-23,A000000164470,62006983,2026.06.28,5,0,NORMAL,블랙티앤피그 샴푸 기획,A03,B06,"C02,C03",0,180.0,0,1,리뷰쓰는카피바라,"롱테이크 블랙티앤피그 샴푸 기획 세트 꾸준히 사용 중인데, 싱그럽고 고급스러운 무화과 향이 머리 감을 때마다 기분을 정말 좋게 만들어주네요 !

세정력도 순하면서 머릿결이 건조하지 않고 윤기 있게 마무리되어서, 향과 사용감 모두 너무 만족스러워 앞으로도 쭉 정착할 예정입니다 :)"
2026-07-23,A000000164470,62006967,2026.06.28,5,0,NORMAL,샌달우드 인텐시브  샴푸 기획,A03,B06,"C02,C03",0,180.0,0,1,리뷰쓰는카피바라,"롱테이크 샌달우드 인텐시브 샴푸 기획 세트 꾸준히 사용 중인데, 우디하고 고급스러운 향이 욕실 가득 퍼져서 머리 감을 때마다 힐링 되는 기분이에요 !

세정력도 좋으면서 머릿결이 부드럽게 마무리되어서, 이 향기랑 사용감에 반해 앞으로도 계속 정착해서 사용할 것 같아요 :)"
2026-07-23,A000000164470,61022586,2026.06.06,5,0,NORMAL,샌달우드 인텐시브  샴푸 기획,A03,B05,"C02,C05",0,165.0,1,0,Jessie김,"향이 너무 좋아서 기분이 좋아요~~ 샴푸, 트리트먼트, 헤어오일, 핸드크림, 바디로션, 향수까지 구매했어요 ☺️👍"
2026-07-23,A000000164470,60899496,2026.06.05,5,1,OFFLINE,바질 앤 베티버 리프레싱,A02,,"C04,C05",0,132.0,1,0,arena,대박 롱테이크 브랜드 처음 도전으로 구매한 향인데  6월의 향기가 어울릴듯 해요  아참 그대로 두면 시원합니다^^
2026-07-23,A000000164470,62504571,2026.07.08,5,0,NORMAL,블랙티앤피그 샴푸 기획,,,,0,99.0,1,0,cpus****,두피 가렵지 않고 머리 떡지지 않아 만족합니다. 향은 제 취향은 아니에요. 우디향인데 전 프루츠 계열을 좋아해서 향은 걍 그래요.
2026-07-23,A000000164470,62525880,2026.07.08,5,1,OFFLINE,샌달우드 인텐시브  샴푸 기획,,,,0,66.0,1,1,jejepark****,저는 매년 사용하고 있어요. 머리숱이 많아서 웬만한 샴푸로는 만족이 안되는데 이거 사용하고 다른제품 잘 못쓰게 됬어요!!!
2026-07-23,A000000164470,60862779,2026.06.04,5,0,NORMAL,블랙티앤피그 샴푸 기획,,,,0,66.0,1,0,어릴때얼짱,"올리브영 세일할때 할인 받아 구입했어요.
항상 쓰는 제품인데  추천합니다."
2026-07-23,A000000164470,62299476,2026.07.04,4,0,NORMAL,샌달우드 인텐시브  샴푸 기획,,,,0,60.0,1,1,mymind****,"샌달우드 향이 은은하게 오래 남아서 사용감이 고급스럽게 느껴지는 샴푸예요. 거품도 부드럽고 풍성하게 나서 두피와 모발을 자극 없이 세정해주는 느낌이었고, 세정 후에도 머릿결이 많이 건조해지지 않아 좋았어요. 특히 건조한 두피 타입이라면 사용 후 당김이 덜해서 만족스러울 것 같아요. 향 지속력도 좋아서 데일리로 쓰기 괜찮은 제품입니다."
2026-07-23,A000000164470,62617142,2026.07.10,5,1,OFFLINE,샌달우드 인텐시브  샴푸 기획,A02,,"C01,C05",0,54.0,0,1,퀸동쥬,몇 통째인지 모르겠는 퀸의 애정템이시긔🥰🥰 거품 세정력 양 다 고만고만하긔
2026-07-23,A000000164470,62811838,2026.07.14,5,0,NORMAL,블랙티앤피그 샴푸 기획,,,,0,45.0,0,0,juhee****,좋아요 ㅈㄴ 사세뇸 일단 패키지 용기자체가 뭔가 모르게 뻣뻣할것같은 느낌이 큰 그런.. 편견이 생기는데 바디워시를 좋게썼어서 사봤는데.. 너무좋아요! 보들보들해져요 싱기해요 엄청 보들보글 부드러워서 머리감고나서 린스안해도 부드라여
2026-07-23,A000000164470,62654989,2026.07.11,2,1,OFFLINE,바질 앤 베티버 리프레싱,A03,B01,"C01,C02",0,45.0,0,0,양양1717,이거로 머리감르면 두피가 간지러운데 나만그런건가요 디자인이랑 향은 ㄱㅊ은데 ... 머리결에만쓰고 두피에는 안끔 가끔 욕실청소할때도 씁니다
2026-07-23,A000000164470,61937680,2026.06.26,5,1,OFFLINE,블랙티앤피그 샴푸 기획,,,,0,44.0,1,0,k202511264****,"배송도 빠르고 상품 퀄리티도 너무 좋아요! 😊
사진이랑 똑같고 생각보다 더 만족스럽네요.
포장도 꼼꼼하게 와서 기분 좋았어요.
다음에도 또 구매하고 싶습니다~ 추천해요!"
2026-07-23,A000000164470,61937653,2026.06.26,5,1,OFFLINE,샌달우드 인텐시브  샴푸 기획,,,,0,44.0,1,0,k202511264****,"배송도 빠르고 상품 퀄리티도 너무 좋아요! 😊
사진이랑 똑같고 생각보다 더 만족스럽네요.
포장도 꼼꼼하게 와서 기분 좋았어요.
다음에도 또 구매하고 싶습니다~ 추천해요!"
2026-07-23,A000000164470,61937610,2026.06.26,5,1,OFFLINE,샌달우드 인텐시브  샴푸 기획,,,,0,44.0,1,1,k202511264****,"배송도 빠르고 상품 퀄리티도 너무 좋아요! 😊
사진이랑 똑같고 생각보다 더 만족스럽네요.
포장도 꼼꼼하게 와서 기분 좋았어요.
다음에도 또 구매하고 싶습니다~ 추천해요!"
2026-07-23,A000000164470,63158368,2026.07.22,5,1,OFFLINE,블랙티앤피그 샴푸 기획,,,,0,40.0,0,0,lixia****,"롱테이크 샴푸는 향이 은은하고 오래 지속되어 만족스러웠습니다.
세정력이 좋으면서도 사용 후 머릿결이 많이 건조하지 않았습니다.
거품이 풍성하게 나서 적은 양으로도 충분히 사용할 수 있었습니다.
300+100mL 기획 구성이라 가성비도 좋았습니다.
전체적으로 만족스러워 재구매 의사가 있는 제품입니다."
2026-07-23,A000000164470,63158350,2026.07.22,5,1,OFFLINE,샌달우드 인텐시브  샴푸 기획,,,,0,40.0,0,1,lixia****,"롱테이크 샴푸는 향이 은은하고 오래 지속되어 만족스러웠습니다.
세정력이 좋으면서도 사용 후 머릿결이 많이 건조하지 않았습니다.
거품이 풍성하게 나서 적은 양으로도 충분히 사용할 수 있었습니다.
300+100mL 기획 구성이라 가성비도 좋았습니다."
2026-07-23,A000000164470,62417918,2026.07.06,5,1,OFFLINE,샌달우드 인텐시브  샴푸 기획,A02,,"C01,C05",0,36.0,0,1,퀸동쥬,벌써 몇통째인지 감도 안 오긔. 거품량 세정력 다 무난무난하긔
2026-07-23,A000000164470,62208282,2026.07.02,5,0,NORMAL,샌달우드 인텐시브  샴푸 기획,A02,B03,"C02,C03",0,36.0,0,1,SSyuunii,재구매예요 잘 쓰고있어요 아마 별일이 없으면 계속 쓸듯해요
2026-07-23,A000000164470,62163988,2026.07.01,5,1,OFFLINE,샌달우드 인텐시브  샴푸 기획,A02,B03,"C06,C09",0,36.0,0,0,사랑방고양이,향이 너무 좋아요 기획으로 나와서 100ml더 들어있어서 좋았어요
2026-07-23,A000000164470,60562876,2026.06.01,5,0,NORMAL,블랙티앤피그 샴푸 기획,,,,0,33.0,1,0,cpus****,향이 좋네요. 고급스럽고 어른스러움. 아모레에서 만든 거라 믿고 삽니다.
2026-07-23,A000000164470,61907099,2026.06.25,5,0,NORMAL,블랙티앤피그 샴푸 기획,,,,0,30.0,0,0,루리로,향이 너무 좋아서 구매했는데 찰랑찰랑 윤기가 나네요!!감사합니다
2026-07-23,A000000164470,62818187,2026.07.15,5,1,OFFLINE,샌달우드 인텐시브  샴푸 기획,,,,0,27.0,0,1,y0105736****,샌달우드 향이 은은하고 고급스러워요. 세정력 좋고 머리가 덜 기름져요.
2026-07-23,A000000164470,62335582,2026.07.05,5,1,OFFLINE,샌달우드 인텐시브  샴푸 기획,A03,B01,"C01,C04",0,24.0,0,1,졈졈,거품도 잘나고 두피 유분기도 잘 제거됩니다! 향도 좋아서 너무 좋아요!
2026-07-23,A000000164470,27026717,2024.03.31,3,0,NORMAL,샌달우드 인텐시브  샴푸 기획,A03,B04,"C01,C06",7,22.5,1,0,SsKkkKsS,"한줄정리 : 향때문에 샀습니다 ! 지성 두피는 사지마라

📍 좋은 샴푸 생각하고 구매하신다면 비추, 지성두피라면 완벽한 세정이나 기름기 제거까지는 안되는 것 같고 불편하실 것 같아요 ㅠㅠ 향 때문에 사신다면 추천드리지만 일반 샴푸 기능을 생각한다면 비추 ..

📍 다만 이 샌달우드 향을 좋아해서 머리부터 발끝까지 이 향이 나기를 바란다면 추천 드려요 ! 개인적으로 샌달우드 광인이 아닌이상 트리트먼트를 더 추천드립니다 !! 둘이 같이 쓰면 향 진짜 좋아요 

도움이 되셨다면 도움이 돼요 부탁드려요 ❤️"
2026-07-23,A000000164470,26415012,2024.03.05,5,1,OFFLINE,샌달우드 인텐시브  샴푸 기획,A02,B04,"C01,C03",0,22.5,1,0,JayH,"샘플도 써보고 친구집에서 써봤는데 거품 잘 나고 두피 가려움 없어서 지인한테 선물했어요:-)
용기가 마지막에 사용하긴 약간 불편할것 같긴 한데 뒤집어뒀다 쓰면 될것 같긴 해요.

향이 정말 좋아요✨
중성적이면서 인위적인 느낌 없는 편백나무숲 향이라고나 할까..ㅎㅎ
풀향 나무향 좋아하시면 이것도 취향일것 같아요!"
2026-07-23,A000000164470,26167867,2024.02.28,5,0,NORMAL,샌달우드 인텐시브  샴푸 기획,A03,B03,"C01,C02",0,22.5,1,0,꿀밤,"🤍💚향기 좋은 헤어케어💚🤍

개인적으로 좋아하는 브랜드에요
입문은 블랙티 피그 -&gt; 새로나온 베티버, 샌달우드 키트로 사용 해보고 샌달우드로 정착햇어요

호불호 없을 향이고 잔향이 너무 좋아요
샴푸 거품 너무 잘나고 트리트먼트까지 같이 쓰몀
향이 진짜 넘 기분 좋아지는 향이에요 추천💚"
2026-07-23,A000000164470,25201496,2024.01.15,4,0,NORMAL,샌달우드 인텐시브  샴푸 기획,A03,B04,"C01,C06",0,22.5,1,0,SsKkkKsS,"한줄정리 : 향때문에 샀습니다 ! 지성 두피는 사지마라

좋은 샴푸 생각하고 구매하신다면 비추, 지성두피라면 완벽한 세정이나 기름기 제거까지는 안되는 것 같고 불편해요ㅠㅠ 다만 이 샌달우드 향을 좋아해서 머리부터 발끝까지 이 향이 나기릉 바란다면 추천 드려요 ! 개인적으로 샌달우드 광인이 아닌이상 트리트먼트를 더 추천드립니다"
2026-07-23,A000000218845,62896166,2026.07.16,5,0,NORMAL,그로우턴 앰플 100ml기획(+100ml,A03,B04,"C01,C04",1,2520.0,1,1,챠니차니,"탈모 고민 때문에 구매했는데 완전 만족해요. 
 엑소좀 성분 덕분인지 두피 속까지 영양이 꽉 찬 느낌입니다. 브러쉬로 슥슥 빗어주기만 하면 되니까 관리가 귀찮지 않아서 매일 쓰게 되네요. 두피 가려움이나 열감도 확실히 많이 진정되었고 모발 힘도 짱짱해지는 기분입니다. 리필까지 포함된 대용량 구성이라 아낌없이 듬뿍 쓰고 있어요"
2026-07-23,A000000218845,62752023,2026.07.13,5,0,NORMAL,그로우턴 앰플 100ml기획(+100ml,A01,B02,"C05,C09",1,1890.0,1,1,다밍미,"여름 두피진정하고 탈모 예방에 좋다해서 꾸준히 사용중임.
일단 꾸준히 사용하기에 번거로움도 적음
브러쉬 부분이 잘 되어있어서 굳이 빗으로
빗거나 하지 않아도 되고, 앰플이 여러 구멍으로 나와서
두피에 앰플 바르는데 오랜 시간이 걸리지도 않아서 좋음."
2026-07-23,A000000218845,63107024,2026.07.21,5,0,NORMAL,그로우턴 앰플 100ml기획(+100ml,A01,B02,"C05,C09",0,1800.0,1,1,다밍미,"미쳤음 잔머리 생김
모근변화까지는 아직 잘 모르겠고, 
너무 개인적인 느낌 같아서 리뷰에 
안썼는데 잔머리는 확실히 생김ㅠㅠㅠㅠ
개감동 앰플 바르면서 뭔가 효과를 내가 알아차릴정도로
본적이 없는데 잔머리 정리하다보니까 어느순간 많아짐!!"
2026-07-23,A000000218845,63080659,2026.07.20,5,0,NORMAL,그로우턴 앰플 100ml기획(+100ml,,,,0,1800.0,1,1,귀여운밤톨이,"브러시로 두피를 마사지하듯 사용할 수 있어서 매번 사용할 때마다 시원하고 개운한 느낌이 들었어요. 손끝으로 직접 바를 필요 없이 빗질하듯 사용할 수 있어 편했고, 마사지하는 시간이 오히려 하루의 피로를 풀어주는 힐링 시간처럼 느껴졌습니다. 사용 후에는 두피가 한결 가볍고 상쾌한 느낌이라 자연스럽게 매일 손이 가게 되더라고요."
2026-07-23,A000000218845,63080384,2026.07.20,5,0,NORMAL,그로우턴 앰플 100ml기획(+100ml,,,,0,1800.0,1,1,찐템기록,"요즘 모발에 힘이 없어 보이고 두피가 건조한 편이라 사용해봤는데, 생각보다 사용감이 만족스러웠어요. 두피가 개운한 느낌이라 매일 관리하기 부담 없었고, 꾸준히 사용해보고 싶은 제품이었습니다. 다 사용하면 같은 제품으로 다시 구매하는 것도 고려해볼 것 같아요."
2026-07-23,A000000218845,63080212,2026.07.20,5,0,NORMAL,그로우턴 앰플 100ml기획(+100ml,,,,0,1800.0,1,1,진주같은상윤잉,브러시가 달려 있어서 따로 손에 덜어 바를 필요 없이 바로 사용할 수 있는 점이 정말 편했어요. 필요한 부위에 슥슥 빗어주듯 바른 뒤 가볍게 마사지해주면 끝이라 바쁜 아침이나 저녁에도 부담 없이 사용하게 되더라고요. 손에 내용물이 묻지 않는 점도 깔끔해서 만족스러웠습니다.
2026-07-23,A000000218845,63080189,2026.07.20,5,0,NORMAL,그로우턴 앰플 100ml기획(+100ml,,,,0,1800.0,1,1,쑤늬쑤늬,"사용해보니 보습감이 꽤 만족스러웠어요. 바르는 순간 촉촉하게 밀착되면서 피부가 편안해지는 느낌이 들었고, 시간이 지나도 건조함이 심하게 느껴지지 않았습니다. 답답하거나 무거운 사용감은 아니라서 부담 없이 사용할 수 있었고, 피부가 한결 촉촉해 보여 만족스러웠어요."
2026-07-23,A000000218845,63058164,2026.07.20,5,0,NORMAL,그로우턴 앰플 100ml기획(+100ml,A02,B05,"C01,C02",0,1800.0,1,1,안녕엘리제,신랑이랑 둘다 머리카락이 힘이 없어지고 이마쪽에 머리카락이 점점 더 가늘어져서 함께 쓰고 있어요~ 아침저녁으로 부지런히 관리중인데 머리 감을때 머리카락이 훨씬 덜 빠져요 이마 헤어라인쪽에 잔머리가 막 올라오고 있는게 보여요 효과는 진짜 좋은거 같아요 정수리 부분이 항상 꺼져서 고민이였는데 볼륨도 살아난게 느껴져요~다쓰면 또 구매해서 꾸준히 사용하려구요 탈모는 미리미리 챙겨야 효과가 좋은것 같아요
2026-07-23,A000000218845,63053199,2026.07.20,5,0,NORMAL,그로우턴 앰플 100ml기획(+100ml,,,,0,1800.0,1,1,써보고말함,"정수리 볼륨이 쉽게 죽고 두피가 건조한 편이라 사용해봤어요. 두피를 마사지하듯 롤링해주니 시원한 사용감이 정말 마음에 들었습니다. 흡수가 빨라 외출 전에도 부담 없이 사용할 수 있고, 사용 후에는 두피가 산뜻하고 깔끔해서 만족스러웠어요. 꾸준히 관리하기 좋은 제품 같습니다."
2026-07-23,A000000218845,63053095,2026.07.20,5,0,NORMAL,그로우턴 앰플 100ml기획(+100ml,,,,0,1800.0,1,1,쑤늬쑤늬,"출산 이후 머리카락이 많이 빠져 두피 앰플을 찾다가 구매했습니다. 브러시 타입이라 원하는 부위에 정확하게 바를 수 있고 손에 묻지 않아 위생적이라 좋았어요. 앰플이 금방 흡수돼 떡지는 느낌도 없고, 두피가 촉촉하게 관리되는 느낌이라 꾸준히 사용 중입니다."
2026-07-23,A000000218845,63053055,2026.07.20,5,0,NORMAL,그로우턴 앰플 100ml기획(+100ml,,,,0,1800.0,1,1,뷰티온도상희,"두피 관리도 꾸준히 해야 할 것 같아서 구매했는데 사용하기 정말 편하네요. 브러시가 함께 있어서 손에 덜 필요 없이 바로 사용할 수 있고, 두피 구석구석 바르기 좋았습니다. 끈적이거나 떡지는 느낌이 없어 하루 중 아무 때나 사용하기 좋고, 두피가 한결 촉촉하고 편안해진 느낌이라 앞으로도 꾸준히 사용할 예정입니다."
2026-07-23,A000000218845,63052871,2026.07.20,5,0,NORMAL,그로우턴 앰플 100ml기획(+100ml,,,,0,1800.0,1,1,진주같은상윤잉,"두피 열감이 심한 편이라 관리용으로 구매했는데 기대 이상이었어요. 브러시로 슥슥 발라주기만 하면 되니 사용이 정말 간편하고, 흡수도 빨라 끈적임이 거의 없습니다. 꾸준히 사용하니 두피가 한결 편안한 느낌이고 빗질할 때 빠지는 머리카락도 예전보다 덜 신경 쓰여 만족하고 있어요."
2026-07-23,A000000218845,63052790,2026.07.20,5,0,NORMAL,그로우턴 앰플 100ml기획(+100ml,,,,0,1800.0,1,1,오늘의뷰티,"평소 머리 감을 때 빠지는 머리카락이 신경 쓰여 구매했어요. 브러시가 달려 있어서 두피에 바로 바를 수 있는 점이 정말 편했습니다. 손에 묻히지 않고 마사지하듯 사용할 수 있어 매일 관리하기 좋았고, 사용 후에는 두피가 시원하고 개운한 느낌이 오래가더라고요. 떡짐도 거의 없어 아침에도 부담 없이 사용하고 있습니다."
2026-07-23,A000000218845,62938542,2026.07.17,5,0,NORMAL,그로우턴 앰플 100ml기획(+100ml,A01,B02,"C05,C09",0,1800.0,1,1,다밍미,머리 화끈하고 뒤집힐때마다 개운하게 머리 감고 바르면 두피 화끈했던것도 가라앉아서 확실히 편하고 좋음. 여름에는 두피 열 떨어트리는게 최고라서 드라이기도 찬바람으로 하는데 앰플 바르고 드라이기하면 그 부분이 정말 얼음이 닿은 것 처럼 시원해서 너무 좋음. 브러쉬 타입이라 머리카락 빗을때도 편해서 잘 이용하고 있음
2026-07-23,A000000218845,62867213,2026.07.16,5,0,NORMAL,그로우턴 앰플 100ml기획(+100ml,,,,0,1800.0,1,1,천사옥시식,"탈모 관리가 필요해서 구매했는데 브러시 타입이라 두피에 직접 바르기 정말 편했어요. 손에 묻지 않아 깔끔하게 사용할 수 있고, 흡수도 빨라 끈적임 없이 산뜻하게 마무리됩니다. 꾸준히 사용하니 두피도 촉촉하고 머리 빠짐이 덜한 느낌이라 만족하고 있어요."
2026-07-23,A000000218845,62706162,2026.07.12,5,0,NORMAL,그로우턴 앰플 100ml기획(+100ml,A02,B05,"C03,C08",1,1674.0,1,1,꿀밤고구마,"아주 좋아하는 제품이에요
더운 여름에 두피 관리가 잘 되서 좋아요
올영ㅇ에서 사면 하나 더 줘서 아주 좋습니다"
2026-07-23,A000000218845,62019507,2026.06.28,5,0,NORMAL,그로우턴 앰플 100ml기획(+100ml,A05,B02,"C01,C02",4,1620.0,1,0,야채라면,"리필용까지의 두 개의 라서 구성 자체가 넉넉하니 오래 사용할 수 있을 것 같아요
요즘 날씨가 햇빛이 강하다 보니 두피가 열을 많이 받기도 하고 땀이 나다 보니 머리 간지러운 것도 심해져서 요즘 이 앰플로 관리중이에요
브러시 타입의 앰플이라서 그런지 빗질하면서 머리 곳곳에 골고루 바르기에도 좋고 확실히 자극받았던 두피가 진정된다는 느낌이 들기도 해요"
2026-07-23,A000000218845,63196791,2026.07.23,5,0,NORMAL,그로우턴 앰플 100ml기획(+100ml,A02,B02,"C03,C08",0,1512.0,1,1,햄팡팡,"이거 정말 괜찮아요
다 쓰고 재구매합니다
두피가 쿨링감이 느껴지면서 건강해져요"
2026-07-23,A000000218845,63172504,2026.07.23,5,0,NORMAL,그로우턴 앰플 100ml기획(+100ml,A01,B01,"C01,C06",0,1512.0,1,1,머랭고냥이,"기획이라 아낌없이 써도 부담 없고 좋아요
이거 바르고 머리 말리면 뽀송해지는데
두피는 개선 되는 것 같아서 꾸준히 바르고 있어요!"
2026-07-23,A000000218845,63172413,2026.07.23,5,0,NORMAL,그로우턴 앰플 100ml기획(+100ml,A01,B02,"C01,C03",0,1512.0,1,1,클찌,"브러쉬라 두피에 바르기도 편하고 
약간 시원하게 빗어주는 느낌이라 좋은 것 같아요
탈모에도 개선 효과가 있었으면 좋겠오용"
2026-07-23,A000000218845,63172385,2026.07.23,5,0,NORMAL,그로우턴 앰플 100ml기획(+100ml,A03,B01,"C01,C07",0,1512.0,1,1,석짱석짱,"100ml 기획이라 다 쓰면 꽂아쓰면 되나 편하네요 ~ ~
머리 감고 나와서 두피에 꾸준히 발라주고 있는데 시원하기도 하고 관리해주는 느낌이라 좋은 것 같아요"
2026-07-23,A000000218845,63172328,2026.07.23,5,0,NORMAL,그로우턴 앰플 100ml기획(+100ml,A03,B04,"C01,C05",0,1512.0,1,1,수연13,"대용량이라서 넉넉하게 사용 가능해요👌🏻
매일 아침 저녁 꾸준히 바르고 있는데 좋은 것 같아요~~"
2026-07-23,A000000218845,63160891,2026.07.22,5,0,NORMAL,그로우턴 앰플 100ml기획(+100ml,A03,B04,"C01,C05",0,1512.0,1,1,수연13,"앰플 2개 기획이라 넘 조흠!!!
가족이랑 같이 사용하고 있는데 엄마도 따로 사주려구요 ㅎㅎ"
2026-07-23,A000000218845,63159920,2026.07.22,5,0,NORMAL,그로우턴 앰플 100ml기획(+100ml,A03,B01,"C01,C07",0,1512.0,1,1,석짱석짱,두피 관리템으로 필수^^ 릴리이브 두피 앰플 두개 다 써봤는데 저는 이게 더 잘맞더라구요! 지금 대용량 기획이라 또 구매했어요~~
2026-07-23,A000000218845,63158382,2026.07.22,5,0,NORMAL,그로우턴 앰플 100ml기획(+100ml,A01,B02,"C01,C03",0,1512.0,1,1,클찌,"릴리이브 샴푸도 좋고 두피앰플도 좋아서 애용하고 있어요
탈모 있는 분에게 선물하려고 재구매 했습니닷!"
2026-07-23,A000000218845,63158221,2026.07.22,5,0,NORMAL,그로우턴 앰플 100ml기획(+100ml,A01,B01,"C01,C06",0,1512.0,1,1,머랭고냥이,머리 감고 슥슥 발라주고 머리까지 말려주면 뽀송해지고 두피 각질은 안 떨어지니 넘 좋아요! 기획 팔때 열심히 쟁여둬야겠어요!
2026-07-23,A000000218845,63132311,2026.07.22,5,0,NORMAL,그로우턴 앰플 100ml기획(+100ml,A01,B01,"C01,C06",0,1512.0,1,1,머랭고냥이,"씻고 나서 매일 바르기 좋아요~!!
기획이라 듬뿍듬뿍 사용하고 있는데 두피에 각질도 안 생겨서 마음에 듭니다ㅎㅎ"
2026-07-23,A000000218845,63080345,2026.07.20,5,0,NORMAL,그로우턴 앰플 100ml기획(+100ml,,,,0,1512.0,1,1,써보고말함,"남편이 매일 꾸준히 사용하고 있는데, 사용 후에는 두피가 한결 개운해졌다고 하더라고요. 브러시로 마사지하듯 사용할 수 있어서 편하고, 꾸준히 관리하는 느낌이 들어 만족하며 사용하고 있습니다."
2026-07-23,A000000218845,63034904,2026.07.19,5,0,NORMAL,그로우턴 앰플 100ml기획(+100ml,A03,B04,"C01,C05",0,1512.0,1,1,수연13,"대용량이라서 너무너무 좋아요😄😄
마음에 들어요~~~!!! 잘 사용하고 있어요!"
2026-07-23,A000000218845,62869339,2026.07.16,5,0,NORMAL,그로우턴 앰플 100ml기획(+100ml,A03,B04,"C01,C05",0,1512.0,1,1,수연13,"대용량이라 아주 굿! 
가장 리뷰 많은 제품이라 써봤는데 맘에 들어요^^
기획으로 팔길래 재구매했습니다!!"
2026-07-23,A000000253592,62877103,2026.07.16,5,0,NORMAL, ,A02,B01,C06,33,25272.0,1,0,레블하트,트리넥삼산 성분이 톤 개선 잡티 완화에 도움을 준다고 해서 구매해봤어요~~ 기미가 짙은 편은 아닌데 지금부터 관리 해줘야 할거같아서 꾸준히 사용중인데 확실히 옅어진거같은 느낌이 드네요 ㅎㅎ
2026-07-23,A000000253592,62581989,2026.07.09,5,0,NORMAL, ,A02,B01,"C01,C03",34,19710.0,1,0,보도리이,"트라넥삼산 성분이 들어있다고 해서 꾸준히 사용해보고 있는데 제형이 촉촉하고 사용감이 괜찮았어요!! 
피부에 부드럽게 흡수되면서 끈적임이 적어서 아침저녁으로 부담 없이 바르기 좋더라구요 꾸준히 사용하기 좋은 제품이라 만족스럽게 쓰고 있어요ㅎㅎㅎ"
2026-07-23,A000000253592,62776571,2026.07.14,5,0,NORMAL, ,A02,B01,"C01,C05",28,16470.0,1,0,로미2,"요즘 피부가 칙칙하고 기미나 잡티가 부쩍 늘어난 거 같아서 고민이었는데 이 제품이 딱 눈에 들어오더라고요! 기미 및 잡티 완화 효과에 탁월한 트라넥삼산 성분이 들어있다고 해서 믿고 쓰기 구매했어요!
​제형이 너무 무겁지 않으면서도 부드럽게 발리고 피부에 겉돌지 않고 싹 흡수되는 느낌이 진짜 만족스러워요!"
2026-07-23,A000000253592,62822283,2026.07.15,5,0,NORMAL, ,A02,B05,"C02,C03",34,16425.0,1,0,다롱2,여름이라 얼굴 타는게 신경쓰여서 미리 꾸준히 관리하려고 셀리맥스 트라넥삼산을 구매했어요~일단 발림성이 너무 좋아 피부에 미끄러지듯이 부드럽게 발리고 흡수도 좋아요~~ 세럼이나 앰플바르고 수분크림 바르고 바르면 좋을듯 해요~!! 꾸준히 관리해서 잡티없는 피부가 됐음 좋겠어요!
2026-07-23,A000000253592,62777713,2026.07.14,5,0,NORMAL, ,A02,B02,"C02,C09",27,15930.0,1,0,Floree,"40대가 가까워지니 기미랑 잡티가 점점 신경 쓰여서 미백 제품을 찾다가 구매했어요~

 아직 사용한 지 4일밖에 되지 않았지만 생각보다 사용감이 정말 좋네요. 

크림인데도 답답하거나 끈적이지 않고 흡수가 빨라 아침, 저녁으로 부담 없이 바르고 있습니다. 아직 눈에 띄는 잡티 변화까지는 아니지만 피부톤이 조금 더 맑아 보이고 칙칙함이 덜한 느낌이 들어 꾸준히 사용해볼 생각입니다. 

미니 제품도 함께 들어 있어 여행 갈 때 챙기기 좋았고 구성도 만족스러웠어요💜"
2026-07-23,A000000253592,62656848,2026.07.11,5,0,NORMAL, ,A02,B01,C09,27,15930.0,1,0,9car,같은 라인의 크림팩 써보고 너무 좋아서 트라넥삼산 크림도 따로 구매하게 됐어요. 크림팩을 매일 쓰면 좋겠지만 여러모로 쉽지않으니 크림으로 매일 관리해주려고요. 일단 보습 충분하고 트라넥삼산 성분도 좋으니 꾸준히 관리하는 템으로 정착해보려고요. 팩처럼 잔뜩 얹고 자는것도 좋았어요.
2026-07-23,A000000253592,62560963,2026.07.09,5,0,NORMAL, ,A01,B02,,32,15525.0,1,0,lifiilil,"잡티, 기미, 흔적, 미백 제가 제일 고민인 부분인데 트라넥삼산이 효과 좋다길래 찾다가 셀리맥스 크림 구매! 셀리맥스가 효과 좋은 제품들이 많아서 믿고 구매했어요. 여름이라 특히 잡티랑 기미가 심해지고 여드름 흔적까지 생겼는데 꾸준히 바르니까 옅어지고 전체적인 톤 개선에 효과가 있어요! 발림성도 너무 무겁지 않게 쫀쫀한 느낌으로 좋아서 매일 사용하기 좋아요~!"
2026-07-23,A000000253592,62738451,2026.07.13,5,0,NORMAL, ,,,,24,14310.0,1,0,caprichoso,"잡티와 칙칙한 피부 톤이 신경 쓰여 트라넥삼산이 함유된 크림이라 사용해봤는데, 일주일 정도 사용한 현재까지는 부담 없는 사용감이 가장 마음에 들었어요. 제형은 촉촉하면서도 끈적임이 심하지 않아 아침저녁으로 바르기 좋았고, 메이크업 전에 사용해도 밀리는 느낌이 거의 없었습니다.

아직 사용 기간이 길지는 않지만 피부가 편안하게 유지되는 느낌이라 꾸준히 사용해볼 생각이에요. 기획 구성이라 용량도 넉넉해 오래 사용할 수 있을 것 같아 만족스럽습니다."
2026-07-23,A000000253592,62507389,2026.07.08,5,0,NORMAL, ,A01,B06,C05,23,13230.0,1,0,니니티티,"30대가 되니 점점 피부톤도 칙칙해지고 기미, 잡티가 신경 쓰이더라고요ㅠㅠ 트라넥삼산이 피부 톤도 밝아지고 색소침착 완화에 도움을 준다고 해서 셀리맥스 트라넥삼산 잡티크림 구매했습니다! 이제부터라도 꾸준히 써보려고요! 써보니까 보습력도 좋아서 되게 촉촉한데 끈적임없이 잘 흡수되어서 좋았습니다. 기획으로 샀더니 미니 크림이랑 선크림도 받았는데 열심히 발라서 잡티 관리해봐야겠어요☀️"
2026-07-23,A000000253592,62778472,2026.07.14,5,0,NORMAL, ,A03,,"C06,C09",21,12474.0,1,0,마로화야,"40대에 들어서니 기미와 잡티가 고민이라 구매했는데 발림성이 부드럽고 흡수도 빨라 부담 없이 사용할 수 있어요. 메이크업 전에 발라도 밀림이 없고, 꾸준히 사용하니 피부톤이 좀 밝아진 느낌입니다."
2026-07-23,A000000253592,62502982,2026.07.08,5,0,NORMAL, ,,,,22,10575.0,1,0,센코우,"복합성 피부라 제품 하나 고를 때도 신중한 편인데, 이건 정말 순해서 데일리로 쓰기 너무 좋아요! 😊
자극 걱정 없이 순한데도 주름이랑 미백 고민을 한 번에 케어할 수 있어서 좋구 꾸준히 바르니까 피부톤도 한결 맑아진 느낌이라 만족스러워요. 저처럼 피부 고민 있으신 분들은 꼭 써보셨으면 좋겠어요! ㅎㅎ트라넥산삼 추천합니당~~👍"
2026-07-23,A000000253592,62685694,2026.07.12,5,0,NORMAL, ,A02,B02,,16,9990.0,1,0,손이서요,"잡티 케어 제품은 꾸준히 써봐야 한다고 해서 
트라넥삼산 들어간 걸로 사용 중인데 발림성이 정말 좋아요! 🌿

끈적임 없이 촉촉하게 흡수되고 메이크업 전에 발라도 밀리지 않아서 좋았어요.
아직 오래 사용한 건 아니지만 피부톤이 조금 더 균일해 보이는 느낌이라 꾸준히 써보려고 해요. 😊"
2026-07-23,A000000253592,61833353,2026.06.23,5,0,NORMAL, ,A01,B04,"C01,C02",49,9540.0,1,0,플렛,"최근에 뾰루지가 많이 나서 자국도 생겼고 피부톤이 균일하지 않고 칙칙해 보이는 부분이 신경 쓰여서 구매했습니다. 
릴스에서 인플루언서가 추천하는거 보고 그냥 질렀는데 생각보다 괜찮았어요. 
크림 제형이지만 무겁지 않아서 아침, 저녁으로 꾸준히 사용하기 좋더라구요.

🌿 제형 & 사용감
부드럽고 촉촉한 크림 제형이라 피부에 잘 펴 발렸어요. 
끈적임이 심하지 않고 산뜻하게 흡수되는 편이라 다른 스킨케어 제품과 함께 사용하기도 좋았습니다. 
제가 여름철에는 안그래도 기초를 많이 안하려는 편인데 끈적거리거나 잔여감이 남으면 정말 싫어하거든요 ㅜㅜ 
근데 산뜻하게 흡수되서 다른 기초랑 쓰기에도 너무 좋았습니다. 

✨ 사용 후 느낌
꾸준히 사용하면서 피부가 조금 더 맑고 균일해 보이는 느낌이 들었어요. 
피부가 건조하지 않게 유지되면서 자연스럽게 피부 컨디션을 관리할 수 있어서 만족스러웠습니다. 
유분감이 과하지 않은데도 촉촉함은 충분한 편이었어요. 
건조해서 푸석해 보일 때 사용하면 피부가 한결 편안해지는 느낌이었습니다.

🌸 레이어링
흡수가 빠른 편이라 메이크업 전에 사용해도 밀림이 크지 않아서 아침 스킨케어 루틴에 넣어 사용하기 좋았습니다.

✔ 좋았던 점
✔ 촉촉하고 부드러운 크림 제형
✔ 끈적임 부담이 적음
✔ 피부를 맑고 균일하게 관리하기 좋음
✔ 메이크업 전에도 사용하기 편함
✔ 추가 증정 구성 만족

💬 총평
피부톤과 피부 컨디션을 함께 관리하고 싶은 분들에게 추천드립니다. 
사용감이 가볍고 촉촉해서 데일리 케어용으로 부담 없이 사용할 수 있었고, 꾸준히 사용하기 좋은 제품인 것 같아요 
인플루언서가 효과 보여주는데 진짜 혹해서 제품이었는데 ㅋㅋ 생각보다 더 좋아서 재구매할 것 같습니다."
2026-07-23,A000000253592,62735375,2026.07.13,5,0,NORMAL, ,A04,B04,"C01,C11",15,9450.0,1,0,꿀벌트위티,"평소 잡티와 여드름 자국이 신경 쓰여서 브라이트닝 크림을 꾸준히 사용하는 편인데 셀리맥스 잡티 크림이 괜찮다는 후기를 보고 구매했어요. 
부드러운 크림 제형이라 피부에 자극 없이 발리고 흡수도 빨라 아침저녁으로 사용하기 편했습니다.
보습감도 적당해서 끈적임 없이 마무리되고 메이크업 전에 발라도 밀림이 없어 데일리 크림으로 사용하기 좋았습니다!"
2026-07-23,A000000253592,62677400,2026.07.12,5,0,NORMAL, ,A04,B03,"C01,C02",15,9450.0,1,0,톤팡질팡웜톤,"트라넥삼산 성분이 들어있는 미백 토닝 제품이 순하고 예민한 피부에 사용하기 좋은 것 같아여. 눈에띄게 확 밝아진다는 느낌보다는 서서히 안색이 맑아지는 느낌이고, 저녁시간 스킨케어 단계에서 셀리맥스 토너패드-앰플-크림 순서로 쓰면 미백 케어 따로 안해도 될 정도에요!"
2026-07-23,A000000253592,62722258,2026.07.12,5,0,NORMAL, ,A03,B01,"C04,C05",14,8910.0,1,0,최뚭니,"요즘 기미잡티 개선을 위한 성분으로 트라넥삼산이 뜨고 있는데용!
아직까지는 효과를 잘 모르겠어요 ㅠㅠ
꾸준히 써봐야될 것 같아오!

우선 사용감은 끈적거리지 않고 흡수가 잘 되더라구요!
아무리 좋다좋다해도 발림성 그지같으면 손이 안 가는데
이 크림은 발림성도 부드럽고 흡수되면 안 끈적여요.

살~짝 자극이 있는 것 같은데 바르면서 문지를 때 뿐이고 그 이후는 느낌 없어용"
2026-07-23,A000000253592,62652129,2026.07.11,5,0,NORMAL, ,A02,B02,"C01,C04",14,8910.0,1,0,량이니모,기미 잡티에 좋은 크림이래서 자극적이거나 무거운제형을 상상했는데 완전 순하게 발리고 라이트해서 너무 좋습니다. 끈적임도 없어서 편하게 쓰기 좋아요. 요즘 날이 뜨거워서 얼굴에 기미가 많이 올라오는데 이거 며칠 발라보니 조금 가라앉더라고요. 확실히 피부가 편하고요. 꾸준히 바르면 더 좋을 것 같습니다.
2026-07-23,A000000253592,62643857,2026.07.11,5,0,NORMAL, ,A03,B01,"C02,C05",14,8910.0,1,0,우우웅우,"기미, 잡티 크림이라길래 
약간은 자극은 있을거라고 생각해서
피부 컨디션 좋을 때만 사용하려고 주문한건데
의외로 자극 없이 순해서
일반 보습크림처럼 데일리로 사용해도 괜찮을 것 같아요

셀리맥스 제품들 벌써 세번째 사용해 보는건데
대체로 제품들이 순해서 민감성 피부에도 잘 맞는듯 합니다
요거는 여름이기도하고 요즘 잡티랑 흔적이 신경쓰여서
집중케어용으로 주문해 본건데
2주만에도 효과가 나온다니 
저처럼 성격 급한 사람들한테는 딱인 것 같아요 ㅋㅋ

제품은 끈적임이나 유분기 없이
흡수가 빠르고 매끈하게 마무리되는 크림 느낌이에요
빠르게 흡수되면서 수분막 코팅해주는 느낌인데
겉이 촉촉하다기보다는 
속수분을 꽉 채워주는듯한 느낌입니다
그래서 데일리 크림으로도 괜찮은 제품이에요
피부 자극 없이 사용할 수 있는 
여름용 기미, 잡티 크림으로는 딱인 것 같습니다
무겁지 않아 좋아요"
2026-07-23,A000000253592,61136862,2026.06.08,2,0,NORMAL, ,A02,B05,"C04,C11",81,7038.0,0,0,촉촉한초코코,"열심히 썼는데 정말 전혀 달라진게 없어요..
광고에 속았어요 
그냥 썬크림 열심히 바르는게 최고인듯"
2026-07-23,A000000253592,62629781,2026.07.11,5,0,NORMAL, ,,,,10,6750.0,1,0,틴트광이,여름일수록 더 돋보이는 기미 주근깨 ㅠㅠ 볼 때마다 스트레스인데 제가 쓰고있는 에센스브랜드 셀리맥스에서 화이트닝에좋은 트라넥삼산 기미크림 보자마자 겟했어요! 기미제품 바를때마다 따가울까봐 조심스러운데 전-혀 자극없이 부드럽고 발림성도 좋다보니 흡수도 바로됩니다.. 올 여름 요제품으로 스킨케어 마무리할 예정입니다 ^^
2026-07-23,A000000253592,62629750,2026.07.11,5,0,NORMAL, ,A02,B02,"C01,C02",9,6210.0,1,0,몰랑몰랑이유,"요즘 얼굴에 잡티와 기미가 잔뜩생겨 보완과 
예방차원에서 구매한제품이에요 
색소침착 고민해결에 도움되는 고순도 트라넥산삼으로
잡티완화에도 좋고 
피부톤개선으로 좀 칙칙했던 피부가 한톤밝아진거같아요
부드럽게 발리면서 피부에 바로 촥흡수되어 
끈적임남지않고
피부속까지 보습감 채워져 다음날 아침까지
피부건조함이 덜해 꾸준히사용중이에요"
2026-07-23,A000000253592,62600807,2026.07.10,5,0,NORMAL, ,A03,B01,"C02,C03",8,5670.0,1,0,vu5874,"칙칙한 잡티를 잠재우고 싶어서 선택했는데 생각보다 훨씬 만족스러워요. 무거운 느낌 없이 산뜻하게 마무리되는 텍스처라 메이크업 전에 발라도 전혀 밀리지 않아서 데일리로 최고예요. 14ml 증정품까지 있어서 거울 앞에 하나, 화장대에 하나 두고 열심히 관리 중입니다. 며칠 썼는데도 피부에 생기가 도는 게 느껴져서 미백 케어 입문템으로 너무 추천하고 싶어요."
2026-07-23,A000000253592,61770451,2026.06.22,5,0,NORMAL, ,A02,B03,C02,67,5670.0,1,0,감자깡더구,"트라넥삼산이 들어있어서 기미, 색소침착, 흔적에 효과가 좋다고 해서 구매했어요. 촉촉해서 지금같은 계절에 사용하기 좋아요. 가끔 얼굴에 하나씩 나는 트러블이 그대로 남아서 신경쓰였는데 이 크림 열심히 발라서 한달 후기 가지고 올게요."
2026-07-23,A000000253592,62600710,2026.07.10,5,0,NORMAL, ,A03,B02,C02,7,5130.0,1,0,haeny114,"오래된 기미랑 피부 흔적 때문에 스트레스가 많았는데 이 크림 쓰고 나서 피부가 조금씩 깨끗해지는 기분이 들어요. 처음에는 효과가 있을까 싶었는데, 한 통 다 써갈 때쯤 피부 결이 정돈되면서 안색이 한결 밝아진 게 느껴져서 재구매 의사 100%예요. 자극 없이 부드러운 발림성이라 예민한 피부인 저도 안심하고 매일 바르고 있어요."
2026-07-23,A000000253592,62877850,2026.07.16,5,0,NORMAL, ,A02,B04,"C04,C05",5,4680.0,1,0,ulim0215,"셀리맥스 크림 마스크 너무 잘썼어서 같은 트라넥삼산 크림으로 주문해 봤어요! 기능성 제품이라 국소부위에만 써야 하나, 싶었는데 어차피 붉은기나 트러블 자국이 심하지 않게 전반적으로 있어서 톤정리하는데 도움될 거 같아서 얼굴 전반적으로 쓰고 있어요! 극건성 기준 그냥 크림으로 쓰기에도 발림성이 너무 뻑뻑하거나 너무 가볍거나 하지 않아서 괜찮았어요~!"
2026-07-23,A000000253592,62600703,2026.07.10,5,0,NORMAL, ,A02,B01,"C01,C02",6,4590.0,1,0,shyun175,​잡티랑 칙칙한 피부 톤이 고민이라서 꾸준히 관리하려고 구매해 봤어요. 트라넥삼산 성분이 들어있어 미백 케어에 확실히 도움을 주는 느낌이에요. 기획 세트로 14ml가 추가로 들어있어서 여행 갈 때 챙겨가기 딱 좋은 사이즈라 너무 만족스럽네요. 크림 제형이 겉돌지 않고 피부에 쏙 스며들어서 아침저녁으로 바르기 정말 좋아요. 다 쓰고 나면 피부가 맑아질 것 같아 앞으로 꾸준히 정착해 보려고 합니다.
2026-07-23,A000000253592,62577441,2026.07.09,5,0,NORMAL, ,A02,B01,C09,6,4590.0,1,0,피부제일,"셀리맥스 트라넥삼산 잡티 크림은 부드럽게 밀착되며 끈적임 없이 흡수되어 아침저녁으로 사용하기 좋네요!!
극건성이라 촉촉한 보습감이 중요한데 덕분에 피부 컨디션이 한결 안정적이고 맑아보여요ㅎ
트라넥삼산 성분이 함유되어 기미와 잡티 케어를 함께 기대할 수 있어 더 만족스런 제품이에요"
2026-07-23,A000000253592,62552268,2026.07.09,5,0,NORMAL, ,A03,B06,"C01,C05",6,4590.0,1,0,dpswpffldk,"셀리맥스 / 트라넥삼산 잡티크림입니다. 
35ml 용량이구요, 14ml 추가 증정인 기획상품으로 구매했습니다!

나이가 점점 들어가면서부터 기미, 잡티에 여드름흉터자국까지 남아있어서 사용해봤습니다.

잡티, 기미를 옅어지게 만들어주는 순도 99% TXA 잡티크림입니다.
고함량 멜라닌케어제품이라 저는 주로 밤에 나이트루틴으로 사용해주고 있습니다!

비타민C앰플이랑 같이 사용해주고 있어요. 
흡수도 잘 되고 발림성이 너무 좋아요! 정말 촉촉하게 발리는데 흡수력이좋아서 손이 자주 가는 제품입니다 ㅎㅎ 잘 사용중이라 추천드리고 있고 재구매의사 있습니다!"
2026-07-23,A000000253592,61899127,2026.06.25,5,0,NORMAL, ,,,,11,4140.0,1,0,베베옹니,"평소 광대와 볼 주변에 남아 있는 잡티와 흔적 때문에 고민이 많아서 트라넥삼산 크림을 사용해봤어요. 부드러운 크림 제형이라 자극 없이 발리고 촉촉함도 오래 유지돼서 만족스럽습니다. 꾸준히 사용하니 칙칙했던 피부톤이 한층 맑아진 느낌이고, 특히 기미와 잡티가 있는 부위가 조금씩 균일해지는 것 같아요. 메이크업 전에 발라도 밀림이 없어서 아침, 저녁으로 사용하기 좋았습니다. 흔적과 잡티 고민이 있는 분들에게 추천하고 싶은 제품입니다."
2026-07-23,A000000253592,62497634,2026.07.08,5,0,NORMAL, ,A01,B01,"C01,C02",5,4050.0,1,0,도도마미22,"잡티가 신경 쓰여서 꾸준히 사용해 본 잡티크림이에요. 부드러운 크림 제형이라 피부에 자극 없이 발리고 끈적임이 적어 아침, 저녁으로 사용하기 좋았어요. 사용 후에는 피부가 촉촉하게 유지되면서 전체적으로 피부톤이 한결 맑아 보이는 느낌이라 굿"
2026-07-23,A000000258670,62181681,2026.07.02,5,0,NORMAL,[지성화잘먹] 피어니리퀴드+로즈15ml,A01,B01,"C01,C06",19,4140.0,0,0,옹옹지,"진짜 구라 안치고 정말 너무 좋음
참고로 제 피부는 어느 파우더가 와도 픽서가 와도
피부 화장이 무조건적으로 흘러내리는 극지성피부인데
얘를 쓰고 안 쓰고가 차이가 진심 너무 커요
안 쓰면 2-3시간만에 화장 줄줄 녹는데 얘 쓰면 유분 나오는
그 양도 줄고 나오기까지 걸리는 시간이 줄어들어서 사랑하게 되버림 온갖 지성 추천템 다 써봤는데 일단 국내에선 얘가 
일짱 먹는다봐도 무방함"
2026-07-23,A000000258670,61254289,2026.06.10,5,0,NORMAL,[지성화잘먹] 피어니리퀴드+로즈15ml,A03,B02,"C02,C03",46,3012.0,1,0,쎄쎄쎄레쎄쎄쎄,지성이라서 기름 좔좔 흐르는데 할인할 때 사봔서요 발림성도 괜찮고 사용 후에도 촉촉쓰 사용할 때 칙칙이에 넣어서 쓰면 더 조아유
2026-07-23,A000000258670,62336478,2026.07.05,5,0,NORMAL,[지성화잘먹] 피어니리퀴드+로즈15ml,A03,B04,"C04,C07",9,2340.0,0,0,아깽S2,"팩트로만 말하는 리뷰‼️

• 화잘먹 : 4 / 5
• 유분컨트롤 : 4 / 5

Comment💬 :
진짜 유분이 하나도 억제가 안 될까...? 싶은 마음으로 샀는데, 유분이 하나도 안 나오는건 조금 무리긴 하더라고요😅 그래도 유분이 올라오는걸 늦춰주긴 하더라고요! 예를 들어서, 화장 후 2시간이면 나올 나비존 부분의 반딱거리는 유분감이 화장 후 6시간 쯤부터 스멀스멀 오른답니다!
로즈 제품도 화잘먹으로 잘 썼는데 피어니는 로즈에 비해 조금 더 덜 쫀득거리고, 계에속 두드리다 보면 뽀송해진답니다👍 (근데 화잘먹 용으로 하려면 덜 두드리긴해요)
이게 5-6월 초까지는 그래도 유분 컨트롤이 잘 되는 느낌이었는데, 6월말이랑 7월이 되어가니 처음에 느꼈던 드라마틱한 유분 컨트롤은 또 없은 느낌이긴 합니다... 날씨와 습도에 따라서도 컨트롤 되는 수치가 극명한거 같으니 구매할 때 이점 참고하시고 구매하세요!

(사실로만 리뷰를 남기는 코덕입니다😘 도움이 되셨다면 &#039;도움이 되었어요&#039; 버튼을 한 번 씩 눌러주세요👍)"
2026-07-23,A000000258670,62490234,2026.07.08,5,0,NORMAL,[지성화잘먹] 피어니 리퀴드+15ml,A03,B04,"C03,C09",3,1890.0,1,0,빨간구두,"복합성 피부라 여름이 되면 티존에 피지가 끊임없이 올라와 항상 모공이 꽉 차있고 결도 거칠었는데 그렇다고 매일 자극적인 피지연화제나 피지제거 딥클렌저를 쓸 수도 없어 고민이 많았어요

근데 이 제품을 매일 써주면 일주일에 두세번 피지연화제 쓸거 2주에 한번만 써도 될 정도로 피지가 조절돼요


일단 티존에 한두방울 발라주면 평소보다 피지분비가 훨씬 줄어요. 때문에 수정화장이나 피지관리가 훨씬 쉬워져요
그리고 피지제거 효과가 한번에 확 보이지는 않지만 일주일 쯤 지나면 이미 있던 피지도 좀 없어진게 보여요


여름철 복합성 & 지성피부 라면 강추합니다"
2026-07-23,A000000258670,63113802,2026.07.21,5,0,NORMAL,[지성화잘먹] 피어니리퀴드+로즈15ml,A03,B03,"C08,C09",0,1800.0,1,0,PKBB,유분 잡아준다고 해서 궁금해서 구매한건데 진짜 효과 있어요! 입구가 뾰족해서 양 조절하기 쉽고 스킨케어 첫 단계에서 발라주면 확실히 효과 있어요. 따로 자극은 없는데 저는 복합성이라 그런지 얼굴 전체에 바르면 입 근처나 원래 좀 건조했던 부위는 더 건조하더라고요ㅠ 지성 분들은 전체 바르셔도 될거같고 그 외에는 딱 유분 나오는 부위 위주로만 바르심 될거같아요! 효과는 있지만 아예 유분이 안나오는건 아닙니당 ㅎㅎ
2026-07-23,A000000258670,62890310,2026.07.16,5,1,OFFLINE,[지성화잘먹] 피어니 리퀴드+15ml,A01,B06,"C02,C11",1,1500.0,1,0,예주레빗,발림성도 진짜좋고 항상 이제품을쓸떼마다 완전 지성꺼다 라고 생각한게 개기름같은게 전혀없어가주고 진짜 와 이건 베리굿이고 혁명이라고 생각합니다 그리고 베이스가 밀리거나 뜨거나 각질부각NO입니다!  꼭구매해보세요!  찐득찐득하지도 않아서 여름에도 굿입니다
2026-07-23,A000000258670,62585266,2026.07.10,5,0,NORMAL,[결광화잘먹] 로즈리퀴드+볼마스크+헤어롤,A03,B04,"C01,C02",1,1134.0,1,0,굼쓰,"저는 이거 없으면 안됩니더
먀번 할인 때마다 미리 쟁여놓는 즁이에요"
2026-07-23,A000000258670,62585253,2026.07.10,5,1,OFFLINE,[최대구성] 로즈 리필 80ml 증정,A03,B04,"C01,C02",1,1134.0,1,0,굼쓰,"저는 잘 맞아서 잘쓰는데
메컵하는 날 윤관 쫘라락 뿜빰하기 딱 좋어유"
2026-07-23,A000000258670,63157812,2026.07.22,5,0,NORMAL, [NEW] 피어니 리필 80ml 증정,,,,0,1080.0,1,0,푸지나가,"이거 진짜… 진짜……. 유분억제의 최강자

원래 6시에 화장해서 점심시간 되면 이미 얼굴 번들번들 유분 레전드 나오는 극지성인데요 그동안 쏘내추럴 메이크업 프렙이랑 세잔느 파랑이 바르고..VDL 세레니티도 발라보고… 쏘내추럴 블러 픽서도 뿌려보고 보나메두사 프라이머 등등 진짜 많은 유분억제템을 사용해봤습니다

근데 단언컨대 얘가 1등👑이에요
세수하고 스킨케어 첫 단계에 일단 얘 얹고 시작합니다
그럼 화장 다 끝났을 때는 솔직히 뭐 차이가 없는데요
이제 원래라면 유분 나올 시간에 유분이 안 나오고…
점심시간에도 코 주변만 기름종이 톡톡하면 피부 수정화장 끝이고‼️‼️
퇴근하고 집에 와서 거울을 봐도 코 주변 말고는 보송해요
그동안 퇴근길에는 파데 다 녹아서 뭉쳐있고 번들거리고 난리도 아니었는데 이제 퇴근하고도 약속을 갈 수 있는 수준이에요


너무너무 감동먹어서 뚱뚱리뷰 남깁니다
인증사진 남깁니다 
첫 번째 사진이 이거 사용하고 화장 후 13시간
두 번째 사진은 사용하기 전에 화장 후 12시간 지났을 때.."
2026-07-23,A000000258670,62908656,2026.07.17,5,1,OFFLINE, [NEW] 피어니 리필 80ml 증정,A03,B04,C05,1,1080.0,0,0,올리브냠냠쩝,와진짜이거ㅁㅊ놈같다 지복합인데 겨울에는 코밑쪽이랑 볼이 넘건조해서 리퀴드마스크 핑크쓰다가 여름도ㅑ니까 기름이 ㄴㅁ많아져서 파랑으로 갈아탄건데 최근에 소비한것중에 제일만족하는개굿소비임ㄹㅇ 걍지속력도높여주고 원래 한시간에 함번씩 파우더햇는데 이거쓰고 세시간까지는 ㄹㅇ거뜬함! 기름올라와도 한번 파우더로 누르면 피부표현 하루종일걍도자기임
2026-07-23,A000000258670,60788501,2026.06.03,5,1,OFFLINE,[결광화잘먹] 로즈리퀴드+크림25ml,A06,B01,"C01,C02",20,990.0,1,0,짱구는퍼프말려요,"화잘먹이 명칭이 왜 붙었는지 알 것 같아요
꿀팁은 미스트 공병에 옮겨서 골고루 뿌린다는점??

예민 하신 분들이라면 이걸 쓰고 세수를 하는 것을 추천합니다 그래도 화장이 잘 먹거동요 ㅎ
 저도 맨 처음에는 쓰고 나서 약간의 따가움이 있어서 헹궈 내고 메이크업 했더니 아주 알 맞았답니다
이젠 적응해서 걍 바로 메이크업 해요 ㅎ"
2026-07-23,A000000258670,62545941,2026.07.09,5,1,OFFLINE,[지성화잘먹] 피어니 리퀴드+15ml,A03,B01,C05,1,945.0,1,0,INFJ수부지쿨톤,"기존 리퀴드 마스크 겨울에 잘 사용해서 여름템으로 구매했는데 아주 만족스럽게 잘 사용중입니다 
번들거리지 않고 끈적이지 않아 너무 좋고 
흡수도 빨라서 바쁜 아침 발라주기 편함 
재구매 의사 있어요"
2026-07-23,A000000258670,61793158,2026.06.22,5,0,NORMAL,[지성화잘먹] 피어니 리퀴드+15ml,,,,14,810.0,0,0,신중히이고름,제가 극극극지성인데 이거 바르고 원래 유분이 한 시간마다 올라와서 기름종이 해주는데 이거 바르고 한 시간에서 두 시간으로 늘어남.. 일단 제 유분을 막는 그 어떤 아이템도 찾진 못 했지만 이거 좀 효과는 있어용.. 핑크색 버전은 좀 끈적하고 촉촉해서 건성분들께 좋을것같고 이건 물 제형이라 깔끔하게 발려요. 그리고 다른분들은 스포이드 형식이면 좋ㅇ을것같다 하는데 전 오히려 한번에 바를수 잇어서 좋아요 살살 누르면 양 조절도 나름 ㄱㅊ게 됨
2026-07-23,A000000258670,63072555,2026.07.20,5,1,OFFLINE,[지성화잘먹] 피어니 리퀴드+15ml,A03,B03,"C01,C04",0,792.0,1,0,부농쓰,어침에 화장할때 스킨 대신 바르는중 지성인디 은근 글로우가 더 좋네요
2026-07-23,A000000258670,62914669,2026.07.17,5,0,NORMAL, [NEW] 피어니 리필 80ml 증정,A01,B01,"C03,C06",1,792.0,0,0,비니쓴빈이,써보고 뭔가 피부결 표현이 좋아서 재구매해요 아주 마음에 들어요
2026-07-23,A000000258670,62861996,2026.07.16,5,0,NORMAL,[지성화잘먹] 피어니리퀴드+로즈15ml,A03,B04,"C01,C05",1,792.0,0,0,연희희,이거쓰고 파운데이션 매트한거 쓰면 하루종일 안무너져요!!
2026-07-23,A000000258670,62299193,2026.07.04,5,0,NORMAL, [NEW] 피어니 리필 80ml 증정,A03,B02,"C01,C02",2,756.0,1,0,Meity,"여름 한정 T존 위주로 사용하려고 구매했어요.
산뜻하네요.
효과는 더 써봐야 알 것 같은데 기대되요"
2026-07-23,A000000258670,62166174,2026.07.01,5,0,NORMAL,[지성화잘먹] 피어니리퀴드+로즈15ml,A03,B02,"C01,C10",4,756.0,1,0,난향,"로즈리퀴드 사용하고 있었는데 계절이 여름인지라 이번에..
피어니리퀴드도 구매를 해서 번갈아 가면서 잘쓰고 있어요^^"
2026-07-23,A000000258670,61995338,2026.06.27,5,0,NORMAL,[지성화잘먹] 피어니 리퀴드+15ml,A06,B06,C05,5,750.0,0,0,뒹굴거리는감자,살짝 민트향이 있습니다. 하지만 저는 이 제품이 없으면 화장을 못할 지경에 이르렀고 매 화장마다 사용합니다. 확실히 코에있는 유분 피지까지 확실히 말려주는 느낌은 아니지만 이마나 나비존 턱에올라오는 잔유분은 억제해주어 너무 만족하며 사용하고 있습니다!
2026-07-23,A000000258670,63097824,2026.07.21,5,0,NORMAL,[지성화잘먹] 피어니리퀴드+로즈15ml,A03,B04,"C06,C09",1,660.0,0,0,말랑자두o,"너무 잘 사용하고 있어요. 재구매 의사 있습니다.
주변 사람들한테도 추천 했어요"
2026-07-23,A000000258670,63078350,2026.07.20,5,0,NORMAL,[지성화잘먹] 피어니리퀴드+로즈15ml,A03,B02,,1,660.0,0,0,슈갸큐키,존좋… 아 리필 줄 때 살 걸… ㅜㅜ 근데 쿠션이랑은 그냥 그렇고 파데랑 같이 발라야 완전 기름 0댐… 화쿠도 무너지는 피분데 이거 바르면 말짱해짐
2026-07-23,A000000258670,62885179,2026.07.16,5,1,OFFLINE,[지성화잘먹] 피어니 리퀴드+15ml,A03,B03,"C02,C06",1,660.0,0,0,nnaayeon,지성이라 파우더 없음 안되는데 이걸 화장 전에 바르고 픽서하면 파우더가 거의 필요없어요
2026-07-23,A000000258670,62875552,2026.07.16,5,0,NORMAL, [NEW] 피어니 리필 80ml 증정,A01,B01,"C01,C04",1,660.0,0,0,욜라봉,수부지인데 화장하고 시간 지나면 유분때문에 화장이 금방 무너져서 구매했는데 확실히 유분 덜 올라와요
2026-07-23,A000000258670,60456975,2026.05.31,5,0,NORMAL,[결광화잘먹] 로즈리퀴드+크림25ml,A04,B04,"C01,C05",8,630.0,1,0,이모빌,"유튜버가 내돈내산으로 화장 너무 쫀쫀하게 잘 먹는다고 추천하는 거 보고 홀려서 구매했습니다!

지금은 이거 없을 땐 피부화장 어떻게 했나 궁금할 정도에요.. 세안하고 토너로 결 정리 한 후에 바로 사용해봤는데 피부 각질이 싸악 정돈되는 느낌? 흡수가 빠른 편이라 바쁜 아침에 사용하기 부담 없었어요! 

사용 후 원래 각질 잘 일어나던 코옆이나 입 주변 등 화장 뜨는 게 확실히 덜했고 광, 결 표현도 이쁘게 되는 편ㅠㅠ 다만 건성 기준으로는 보습감이 오래가진 않는 느낌이라 수분크림은 꼭 필요해용 ㅎ 피부 컨디션 정리용으로 대만족 재구매 의사 1000% 템!"
2026-07-23,A000000258670,60307765,2026.05.29,3,0,NORMAL,[지성화잘먹] 피어니 리퀴드+15ml,A01,B06,"C05,C06",9,630.0,1,0,앙똥갱,"로즈 리퀴드 마스크는 얼굴이 가려워서 손이 잘 안 갔는데 이 제품고 예민할 땨 사용 시 좀 가려워여.꼭 토너나 다름 데품 바르기 전애 사용하면 좀 뽀송함이 확실히 오래 갑니닼.비 플ㄹㅇ 녹두토너랑 한ㅇ 쑥히알 세럼이랑 같이 쓰면 보송함이 오래 가서 좋아요.늘 느끼는건데 이렇게 팁?을 뾰족하게 만들어 둔게 너뮤 좋아요
참 괜찮은 제품 같은데 얼굴 가려운게 너무 아쉬워오"
2026-07-23,A000000258670,62845459,2026.07.15,5,0,NORMAL,[지성화잘먹] 피어니 리퀴드+15ml,A03,B06,"C05,C07",1,594.0,0,0,정곰탱,"화장하기 전에 지성 혹은 수부지라면 꼭 나비존에 바르시길
땀은 나도 기름은 안 나옴ㄹㅇ 얼굴 컨디션을 잘 말려 줘서 매우 만족인데 기름 많이 나온다 싶으면 보습 잘하고 나오는 데에만 챱챱 바르면 진심... 훨 낫음... 산다 다 쓰면..."
2026-07-23,A000000258670,62711050,2026.07.12,5,0,NORMAL, [NEW] 피어니 리필 80ml 증정,A04,B04,"C01,C06",1,594.0,0,0,marky,"지성만 쓰길..
원래 쓰던 로즈 여름이라 너무 기름지길래 샀는디
이건 너무 건조해요
반반 섞어 쓰든가 해야하나.. 무튼.. 지성만 사용하길.."
2026-07-23,A000000258670,62539215,2026.07.09,5,0,NORMAL,[지성화잘먹] 피어니리퀴드+로즈15ml,A04,B04,"C03,C06",1,594.0,0,0,oozn,한 달 동안 꾸준히 이용해봤는데 만족스러워 재구매 의향이 있습니다.
2026-07-23,A000000258670,62536787,2026.07.08,5,0,NORMAL,[지성화잘먹] 피어니리퀴드+로즈15ml,A01,B05,"C01,C04",1,594.0,0,0,구라를못치는살암,지성에서 soo 좋은 제품! 일단 나이아신아마이드가 많이 들어있어서 좋고 개인적으로는 화장 전에 안쓰고 걍 밤에 써요ㅋㅋ 유분기 잘 잡혀서ㅎㅎ
2026-07-23,A000000258670,62511762,2026.07.08,5,1,OFFLINE, [NEW] 피어니 리필 80ml 증정,A01,B03,"C05,C06",1,594.0,0,0,화려한게좋아,유분기 좀 컨트롤 할 수 있다고 해서 사봤는데 효고ㅡ 좋앗으면 하네여
2026-07-23,A000000219553,62523372,2026.07.08,5,1,OFFLINE,[텔레토비] 1+1기획 (+피규어 1종),A07,B05,"C01,C02",7,4590.0,1,0,예아쓰베이비,"몇 통 째 쓰는지 모를 저의 정착 선크림

사실 뭐 요즘 나오는 선크림들은 다 로션 같은 질감이라
이 제품만의 독보적인 장점이라고 하기는 좀 거시기한데 
정말 로션같이 발려서 울 아빠도 좋아하십니다!

그리고 이전에 쓰던 선크림들은
바를 땐 촉촉해도 시간 지나면 묘하게 속건조 느껴지고
겉은 뭔가 막 씌워진 느낌이 들었거든요 (그거 뭔지 알져..)
근데 얘는 안그래요!! 끝까지 피부 편안함

다만 습하고 더운 계절엔 아무래도 유분기가 느껴져서
메이크업 안하는 날에는 선크림 위에 파우더 발라줍니다

저는 이걸로 얼굴, 목, 팔다리 다 발라요^.^
바디용으로 쓰기엔 가격이 부담스러워서
다이ㅅ에서 저렴한거 사서 써볼까 했었는데
제형이 답답하게 느껴져서 안되겠더라구요
구달 선크림 짱.. 제발 성분 리뉴얼 같은거 하지 말고
이대로 나랑 평생 가자요...

제 후기가 도움이 됐다면 따봉 한 번 눌러주세요☺️↘️"
2026-07-23,A000000219553,62642382,2026.07.11,5,0,NORMAL,[텔레토비] 1+1기획 (+피규어 1종),A04,B01,"C08,C09",3,2970.0,1,0,나쵸,"썬크림 쓰는게 있는데도 라방보니까 
홀린듯이 주문하게 되더라고요ㅋㅋ 

발림성 좋다길래 궁금하기도 하고 텔레토비도 받고싶고..내심 보라돌이나 뽀가 오길 기도했지만 네 나나 당첨😉

썬크림은 많은분들이 좋아라하는 이유를 발라보고 알았어요 발림성 좋아요👍🏻 나름 민감성인데 피부가 불편하지 않았어요"
2026-07-23,A000000219553,62031345,2026.06.28,5,0,NORMAL,1+1 기획,,,,7,2340.0,1,0,hye2,"✔️ 피부 타입은?
● 민감+ 건성 피부 (+약간 계절 크게 탐)
● 피부고민 : 모공 탄력, 잡티 및 트러블 흔적, 다크서클, 건조함 
● 선호도:  사용감(부드럽게 발리면서 밀착력 좋은), 성분(향료 및 일부 오일 성분에 민감)

✔️ 선크림 타입은?
유기자차 선크림으로 흡수력 및 끈적임 없이 촉촉하게 밀착이 가능합니다. 


✔️ 선크림의 제형 및 발림성은?
수분감이 느껴지는 제형으로 로션처럼 쓱쓱 펴바르기 쉬웠습니다. 유기자차라 허옇게 들뜨는 백탁현상 없이 자연스럽게 밀착이 가능했어요. 

✔️ 선크림의 사용감 후기는?
 발림성은 확실히 로션처럼 쓱쓱 잘 발리면서 밀착력이 좋아서 겉도는 유분감이 느껴지지 않아서 좋았어요. 그래서 메이크업 전에 사용해도 좋은 👍"
2026-07-23,A000000219553,63021453,2026.07.19,5,0,NORMAL,1+1 기획,A02,B01,"C01,C03",1,2232.0,1,0,보도리이,"선크림 특유의 답답함이 적고 촉촉하게 발려서 데일리로 사용하기 편햣어요!! 
백탁 없이 자연스럽게 발리고 메이크업 전에 발라도 밀림이 적어서 조아여"
2026-07-23,A000000219553,62909645,2026.07.17,5,0,NORMAL,[텔레토비] 1+1기획 (+피규어 1종),,,,0,1500.0,1,0,안녕하쎕쎄요,"엄청 촉촉하자나요 근데도 하나도 안 번들거려요. 진짜진짜 너무너무 귀한 친구 ... 완전 순해서 그냥 로션처럼 발리는데 많이 얹어도 다 흡수되고 .... 한 4통째? 비우고 있는 것 같아요. 최고최고 .. ! ㅠ.ㅠ

촉촉하니 건성분들한테 정말 좋을 것 같지만, 파워수부지인 저에게도 챱챱 수분감있게 발리면서 또 유분기는 없어서 좋았어요 캬캬"
2026-07-23,A000000219553,61781158,2026.06.22,5,0,NORMAL,[텔레토비] 1+1기획 (+피규어 1종),A03,B03,"C01,C02",42,1458.0,0,0,글리스,"무기자차 선크림 너무 잘 쓰고 있는데 왜 무기자차는 피규어 없나요 ㅜㅜ 피규어 때문에 수분자차를 샀는데 뚜비 나왔어요 ㅋ.. 귀여운데 까매요 ,,,귀여운데 까매요 ,,,귀여운데 까매요 ,,,"
2026-07-23,A000000219553,62828199,2026.07.15,5,0,NORMAL,[텔레토비] 1+1기획 (+피규어 1종),A03,B01,"C08,C10",1,1395.0,1,0,핑크설구,"늘 재구메하는 인생템 선크림이에요!
요번에는 보라돌이 패키지였는데
같이 온 키링이 너무너무 귀여워요^^
제품이야 순하고 발림성좋아
사계절 두루쓰기좋은 베스트상품이에요
키링은 엄마드렷는데 넘 귀엽데요ㅎ"
2026-07-23,A000000219553,62702921,2026.07.12,5,1,OFFLINE,1+1 기획,A02,B04,C08,3,1395.0,0,0,참치공주,구달 어성초 선크림 작년에도 잘 사용해서 재구매했습니다 굳
2026-07-23,A000000219553,62721349,2026.07.12,4,0,NORMAL,[텔레토비] 1+1기획 (+피규어 1종),A06,B01,"C01,C02",0,1134.0,1,0,Alice26,"무난하게 사용할만해요
자극은 없는데 자외선 차단은
잘은 모르겠어요"
2026-07-23,A000000219553,62864488,2026.07.16,5,0,NORMAL,[텔레토비] 1+1기획 (+피규어 1종),A02,B03,"C09,C10",0,1080.0,1,1,올리바옹,"집에서, 차에서, 사무실에서 하나씩 두고 사용하는 최애 선크림입니다. 역시 쟁여두기 위해 또 구매했네요.

발림성도 가벼워서 좋고, 자외선 차단도 확실히 잘 되는 느낌이에요.

무엇보다 백탁 현상이 없어서 만족스럽습니다.

텔레토비가 그려져 있는 한정판이니 무지성 구매할 수 밖에 없었어요."
2026-07-23,A000000219553,61660620,2026.06.19,4,0,NORMAL,1+1 기획 (+25ml),A02,B02,"C02,C09",4,990.0,1,0,찰떡모찌랑,"덤으로 줄때 바로 쟁여놔야쥬.,,아빠가 구달 선크림 잘 쓰고계세영 ! 유기자차라 발림성도 부드럽고 가벼워서 피부가 편안합니다, 무기자차보다 답답함이 없음 ! 아빠가 마음에 안들어하면 아에 안쓰고 뭐가 별로라고 말씀하시는데 처음에 말이 없다가 한번씩 여름에 땀이랑 섞여서 인지 뭉치면서 하얗게 올라 오더라구여ㅜㅜ내 두눈으로 확인 함 ㅠㅠㅜ지금 날씨에는 또 괜찮음 ! 여름한정…ㅎ 근데 어떤 유기자차 선크림을 써봐도 눈시림은 어쩔수없나봐요ㅠㅠ아빠가 계절 상관없이 열이 많아 땀이 많은데 선크림때매 눈 따갑다고 맨날 말함ㅜ이것도 거의 여름 한정..이긴 하지만 저도 매번 선크림은 어쩔 수 없다 말하긴 하는데 아빠에게 유기자차 선크림 최대단점임ㅠ 백탁현상은 또 싫어하셔서..ㅠ그래도 어쨋든 다 비울만큼 잘 쓰고계시더라,,,,이슈잇지만 가격이 또 착하니.."
2026-07-23,A000000219553,63023522,2026.07.19,5,0,NORMAL,[텔레토비] 1+1기획 (+피규어 1종),A03,B06,"C02,C03",0,900.0,1,0,3unk,"진짜 촉촉하고 가볍게 발려서 사계절 내내 사용하기 좋았어요!

다른 제품을 많이 써보았지만 구단 선크림 만큼 촉촉하다고 느껴지는 제품이 없어 재구매 했어요!

자외선 차단도 잘 되고 트러블이 잘 안나서 앞으로도 이 선크림만 사용할 것 같아요!"
2026-07-23,A000000219553,62917561,2026.07.17,5,0,NORMAL,[텔레토비] 1+1기획 (+피규어 1종),,,,0,900.0,1,0,syyang,"사용해 보니 수분 에센스를 바르는 것처럼 촉촉하게 발리면서 피부에 부드럽게 밀착되어 매우 만족스러웠어요. 백탁 현상이 거의 없고 끈적임도 적어 데일리로 사용하기 좋았습니다. 어성초 성분이 함유되어 있어 피부가 편안한 느낌이 들고, 장시간 사용해도 답답함이 적었어요. 메이크업 전에 발라도 밀리거나 뭉치지 않아 활용도가 높았습니다. 특히 건조한 피부에도 촉촉함이 오래 유지되어 만족스러웠고, 자외선 차단과 수분 케어를 동시에 할 수 있는 점이 마음에 들었습니다. 이번 텔레토비 콜라보 기획은 1+1 구성이라 가성비가 좋고, 함께 증정되는 피규어도 귀여워 소장하는 재미가 있네요."
2026-07-23,A000000219553,62084899,2026.06.30,5,0,NORMAL,1+1 기획,A03,B02,"C01,C02",9,900.0,0,0,핫태태,수분 에센스를 듬뿍 바른 것처럼 피부 위에 부드럽고 촉촉하게 얇게 밀착됩니다. 어성초 성분이 들어있어서 그런지 열감으로 지친 피부 상태일 때 발라도 붉은 기를 편안하게 토닥여줘요. 들뜸 현상이 전혀 없어서 화잘먹 선크림으로 완전히 정착했습니다.
2026-07-23,A000000219553,62059572,2026.06.29,5,0,NORMAL,[텔레토비] 1+1기획 (+피규어 1종),A01,B01,"C01,C02",0,900.0,1,1,아복이,"💚[텔레토비 콜라보] 구달 맑은 어성초 진정 수분 선크림 50ml 1+1 기획 (+피규어 1종)💚
옵션: [텔레토비] 1+1기획 (+피규어 1종)

텔레토비 피규어.... 너..넘,무....
커여워요! 노 밤티! 진짜 너무 귀여워용 ㅠ

피규어 모은다고 왕창 사고 있는 중이에요ㅋㅋ
선크림도 자동으로 쟁여진 상황이라
주변 지인이나 가족들에게도 선크림 써보라고
줬는데 다 촉촉하다고 만족스러워해서 뿌듯 :)

무엇보다 선크림 제형 넘나 마음에 들어요
이제껏 선크림 눈시림 때문에 힘들었는데
눈시림 1도 없이 덧발라도 안 밀리는 제형이라서
넘 만족하며 사용하고 있어요!

6/6 오특가로 16,800원에
구매했으니 참고해주세용

6/15부터는 텔레토비 기획상품 35,000원 이상 구매시
텔레토비 인형 키링 랜덤 1개 증정 된다고 해서 재구매 또 했어용!ㅎㅎ
뚜비랑 뽀 나왔는데 넘 귀여워용 &gt;.&lt;

소비기한 20281023까지
넉넉해서 좋아요~!"
2026-07-23,A000000219553,62059559,2026.06.29,5,0,NORMAL,[텔레토비] 1+1기획 (+피규어 1종),A01,B01,"C01,C02",0,900.0,1,1,아복이,"💚[텔레토비 콜라보] 구달 맑은 어성초 진정 수분 선크림 50ml 1+1 기획 (+피규어 1종)💚
옵션: [텔레토비] 1+1기획 (+피규어 1종)

텔레토비 피규어.... 너..넘,무....
커여워요! 노 밤티! 진짜 너무 귀여워용 ㅠ

피규어 모은다고 왕창 사고 있는 중이에요ㅋㅋ
선크림도 자동으로 쟁여진 상황이라
주변 지인이나 가족들에게도 선크림 써보라고
줬는데 다 촉촉하다고 만족스러워해서 뿌듯 :)

무엇보다 선크림 제형 넘나 마음에 들어요
이제껏 선크림 눈시림 때문에 힘들었는데
눈시림 1도 없이 덧발라도 안 밀리는 제형이라서
넘 만족하며 사용하고 있어요!

6/6 오특가로 16,800원에
구매했으니 참고해주세용

6/15부터는 텔레토비 기획상품 35,000원 이상 구매시
텔레토비 인형 키링 랜덤 1개 증정 된다고 해서 재구매 또 했어용!ㅎㅎ
뚜비랑 뽀 나왔는데 넘 귀여워용 &gt;.&lt;

소비기한 20281023까지
넉넉해서 좋아요~!"
2026-07-23,A000000219553,62059517,2026.06.29,5,0,NORMAL,[텔레토비] 1+1기획 (+피규어 1종),A01,B01,"C01,C02",0,900.0,1,0,아복이,"💚[텔레토비 콜라보] 구달 맑은 어성초 진정 수분 선크림 50ml 1+1 기획 (+피규어 1종)💚
옵션: [텔레토비] 1+1기획 (+피규어 1종)

텔레토비 피규어.... 너..넘,무....
커여워요! 노 밤티! 진짜 너무 귀여워용 ㅠ

피규어 모은다고 왕창 사고 있는 중이에요ㅋㅋ
선크림도 자동으로 쟁여진 상황이라
주변 지인이나 가족들에게도 선크림 써보라고
줬는데 다 촉촉하다고 만족스러워해서 뿌듯 :)

무엇보다 선크림 제형 넘나 마음에 들어요
이제껏 선크림 눈시림 때문에 힘들었는데
눈시림 1도 없이 덧발라도 안 밀리는 제형이라서
넘 만족하며 사용하고 있어요!

6/6 오특가로 16,800원에
구매했으니 참고해주세용

소비기한 20281023까지
넉넉해서 좋아요~!"
2026-07-23,A000000219553,62059388,2026.06.29,5,0,NORMAL,[텔레토비] 1+1기획 (+피규어 1종),A01,B01,"C01,C02",0,900.0,1,0,아복이,"💚[텔레토비 콜라보] 구달 맑은 어성초 진정 수분 선크림 50ml 1+1 기획 (+피규어 1종)💚
옵션: [텔레토비] 1+1기획 (+피규어 1종)

텔레토비 피규어.... 너..넘,무....
커여워요! 노 밤티! 진짜 너무 귀여워용 ㅠ

피규어 모은다고 왕창 사고 있는 중이에요ㅋㅋ
선크림도 자동으로 쟁여진 상황이라
주변 지인이나 가족들에게도 선크림 써보라고
줬는데 다 촉촉하다고 만족스러워해서 뿌듯 :)

무엇보다 선크림 제형 넘나 마음에 들어요
이제껏 선크림 눈시림 때문에 힘들었는데
눈시림 1도 없이 덧발라도 안 밀리는 제형이라서
넘 만족하며 사용하고 있어요!

6/6 오특가로 16,800원에
구매했으니 참고해주세용

소비기한 20281023까지
넉넉해서 좋아요~!"
2026-07-23,A000000219553,62059380,2026.06.29,5,0,NORMAL,[텔레토비] 1+1기획 (+피규어 1종),A01,B01,"C01,C02",0,900.0,1,1,아복이,"💚[텔레토비 콜라보] 구달 맑은 어성초 진정 수분 선크림 50ml 1+1 기획 (+피규어 1종)💚
옵션: [텔레토비] 1+1기획 (+피규어 1종)

텔레토비 피규어.... 너..넘,무....
커여워요! 노 밤티! 진짜 너무 귀여워용 ㅠ

피규어 모은다고 왕창 사고 있는 중이에요ㅋㅋ
선크림도 자동으로 쟁여진 상황이라
주변 지인이나 가족들에게도 선크림 써보라고
줬는데 다 촉촉하다고 만족스러워해서 뿌듯 :)

무엇보다 선크림 제형 넘나 마음에 들어요
이제껏 선크림 눈시림 때문에 힘들었는데
눈시림 1도 없이 덧발라도 안 밀리는 제형이라서
넘 만족하며 사용하고 있어요!

6/6 오특가로 16,800원에
구매했으니 참고해주세용

소비기한 20281023까지
넉넉해서 좋아요~!"
2026-07-23,A000000219553,62059356,2026.06.29,5,0,NORMAL,[텔레토비] 1+1기획 (+피규어 1종),A01,B01,"C01,C02",0,900.0,1,1,아복이,"💚[텔레토비 콜라보] 구달 맑은 어성초 진정 수분 선크림 50ml 1+1 기획 (+피규어 1종)💚
옵션: [텔레토비] 1+1기획 (+피규어 1종)

텔레토비 피규어.... 너..넘,무....
커여워요! 노 밤티! 진짜 너무 귀여워용 ㅠ

피규어 모은다고 왕창 사고 있는 중이에요ㅋㅋ
선크림도 자동으로 쟁여진 상황이라
주변 지인이나 가족들에게도 선크림 써보라고
줬는데 다 촉촉하다고 만족스러워해서 뿌듯 :)

무엇보다 선크림 제형 넘나 마음에 들어요
이제껏 선크림 눈시림 때문에 힘들었는데
눈시림 1도 없이 덧발라도 안 밀리는 제형이라서
넘 만족하며 사용하고 있어요!

6/6 오특가로 16,800원에
구매했으니 참고해주세용

소비기한 20281023까지
넉넉해서 좋아요~!"
2026-07-23,A000000219553,62058906,2026.06.29,5,0,NORMAL,[텔레토비] 1+1기획 (+피규어 1종),A01,B01,"C01,C02",0,900.0,1,1,아복이,"💚[텔레토비 콜라보] 구달 맑은 어성초 진정 수분 선크림 50ml 1+1 기획 (+피규어 1종)💚
옵션: [텔레토비] 1+1기획 (+피규어 1종)

텔레토비 피규어.... 너..넘,무....
커여워요! 노 밤티! 진짜 너무 귀여워용 ㅠ

피규어 모은다고 왕창 사고 있는 중이에요ㅋㅋ
선크림도 자동으로 쟁여진 상황이라
주변 지인이나 가족들에게도 선크림 써보라고
줬는데 다 촉촉하다고 만족스러워해서 뿌듯 :)

무엇보다 선크림 제형 넘나 마음에 들어요
이제껏 선크림 눈시림 때문에 힘들었는데
눈시림 1도 없이 덧발라도 안 밀리는 제형이라서
넘 만족하며 사용하고 있어요!

6/6 오특가로 16,800원에
구매했으니 참고해주세용

소비기한 20281023까지
넉넉해서 좋아요~!"
2026-07-23,A000000219553,61282357,2026.06.10,4,0,NORMAL,[텔레토비] 1+1기획 (+피규어 1종),A02,B02,"C02,C09",3,810.0,1,1,찰떡모찌랑,"살말 고민하다가 4트째..랜덤깡 하는 기분이랄까..나나 중복떠서 아쉬웠는데 보라돌이로 나왔슨..! 뽀만 남아서 5트 할까말까 또 고민중이긴한데 뽀를 볼 수 있을까유ㅠㅠ 구달 선크림이야 아빠가 꾸준히 바르시는거라 잘 쓰고 계세영!!! 여름에 눈시림과 뭉침 이슈가 있긴 있으나 여름한정에다가 여럿 선크림을 써봤지만 유기자차라 눈시림은 어쩔수없는 것 같더라구여..매번 그런 건 아니고 뭐..백탁현상을 싫어하시니 참고 바르신답니당..ㅎ 제형은 로션처럼 발림성이 좋아서 아빠가 바르기에 굉장히 편해여,"
2026-07-23,A000000219553,63191490,2026.07.23,5,0,NORMAL,1+1 기획,A02,B02,"C01,C05",0,792.0,1,0,꿀피부쨩,"선크림은 이걸로 정착! 10개 이상 써보고 정착템
눈 안 아프고 딱조아요"
2026-07-23,A000000219553,63121177,2026.07.21,3,1,OFFLINE,1+1 기획,A03,B02,"C01,C03",0,792.0,1,1,만리향,"선크림 가격이 높다보니 성분,가격대비 괜찮아서 매번 구매해서 사용중입니다. 무향입니다. 눈가에 바르면 기름져서 눈이 따갑습니다."
2026-07-23,A000000219553,63101571,2026.07.21,5,0,NORMAL,[텔레토비] 1+1기획 (+피규어 1종),A06,B04,C03,0,792.0,1,0,YUKIME,"한통 써보고 다른거 쓰다가 다시 구입했어요. 누구나 쓰기에 사용감 좋고 가격도 괜찮은, 추천하기 좋은 무난&괜찮은 제품이어요. 선크림인데 스킨케어 같다는 점이 제일 좋아요"
2026-07-23,A000000219553,62939116,2026.07.17,5,0,NORMAL,[텔레토비] 1+1기획 (+피규어 1종),A03,B02,"C08,C09",0,792.0,1,0,김듈리,요즘 유기자차의 대표 제품이라 해서 한번 구매해봤어요. 좋은 것 같습니다
2026-07-23,A000000219553,62487092,2026.07.07,5,0,NORMAL,1+1 기획,A04,B03,C01,0,756.0,1,0,doota,"가볍고수분크림같은 발림은 원탑인듯
끈적임없고 산뜻해서 여름철쓰기좋은듯
파데랑궁합도 무난하니 밀착력은 다소아쉽지만
나쁘지않음"
2026-07-23,A000000219553,62278109,2026.07.04,5,0,NORMAL,[텔레토비] 1+1기획 (+피규어 1종),A07,B01,C11,0,756.0,1,0,부앙맘,선크림 바르면 답답하고 피부가 불편할 때가 많은데 이 선크림은 편안 하면서도 선크림 기능도 잘 돼서 항상 구매하는 아이요. 끈적임 없이 사용하고 싶으시다면 이제품 추천 드려요. 추천해요 ㅎㅎ
2026-07-23,A000000219553,61808264,2026.06.23,5,0,NORMAL,[텔레토비] 1+1기획 (+피규어 1종),A03,B03,"C01,C06",2,756.0,1,1,미리내1,"사자마자 보라돌이 실종되고
강력하게 고리로 바꿨어요
또 보라돌이가 걸렸네요!"
2026-07-23,A000000219553,62669501,2026.07.11,5,0,NORMAL,1+1 기획,,,,0,675.0,1,0,syyang,"촉촉한 에센스처럼 부드럽게 발리면서 백탁 없이 자연스럽게 흡수되었습니다. 답답하거나 끈적이는 느낌이 거의 없어 여름철에도 부담 없이 사용할 수 있었고, 메이크업 전에 발라도 밀리거나 들뜨지 않아 데일리 선크림으로 만족스러웠습니다. 자외선 차단은 물론 피부에 수분감을 더해주어 건조함 없이 편안하게 사용할 수 있었고, 어성초 성분 덕분인지 햇빛에 자극받은 피부도 한결 진정되는 느낌이었습니다. 50ml 1+1 구성이라 넉넉하게 사용할 수 있어 가성비도 뛰어나며, 온 가족이 함께 사용하기 좋은 선크림이라 추천하고 싶은 제품입니다."
2026-07-23,A000000211119,62514331,2026.07.08,5,0,NORMAL,40+40ml,A01,B01,"C08,C11",0,1350.0,1,0,한재현,"보습은 모르겠고요 진정에 도움이 됩니다. 피부가 예매하실때 사용을 하시면 많은 도움이 됩니다.

점성이 부드럽게 있어서 발림성은 아주 우수합니다.

어느 계절에 상관없이 사용을 하셔도 무방합니다. 전혀 자극없는 아주 순한제품입니다.

추천합니다."
2026-07-23,A000000211119,62507868,2026.07.08,5,0,NORMAL,40+40ml,A03,B04,"C01,C05",0,1350.0,1,0,귤상자,"너무너무 잘쓰고있는 진정앰플이에요

평소에도 잘 썼던 마데카소사이드 팩이랑 같은 성분이 들어 있어서 안심하고 잘 쓸 수 있었고, 그냥 아침에 데일리로 수분 충전하기에 무난한 수분앰플이에요.

흔적 관리용이라기보다는 그냥 진정+수분 목적으로 썼을 때 좋았어요
저는 LDM 기기랑 사용도해봤는데도 약간끈적여지긴하지만 괜찮았어요
보통은 마스크팩 하고 나서 약간 도포를 해 준다거나.. 아침에 화장하기 전에 데일리용으로 가장 많이 쓰는 것 같아요.
뭔가 나무랄 데 없는 앰플이어서 정말 휘뚜루마뚜루 가장 잘 쓰고 있는 앰플일 것 같습니다.

요 앰플 쓰기 전엔 월라쥬 히알루론산 앰플 썼었는데 그 앰플도 데일리하게쓰기 좋다고 하면서 썼었거든요. 그런데 이건 흔적 관리도 된다고하니까... 좀더 저에게 좋은느낌?
30대가되니 가끔씩 뾰루지나면 그흔적이 잘 안없어지더라구요....ㅠㅠ
무난앰플로 한번 써보셔요
전아마또살듯..."
2026-07-23,A000000211119,62063000,2026.06.29,4,0,NORMAL,40+40ml,A04,B03,"C01,C02",1,1260.0,1,0,스킨토커,"피부 컨디션 좋을 때 사용하면 촉촉하고 사용감도 편안해서 만족스러웠어요.
보습감도 적당해서 부담 없이 바르기 괜찮았습니다✨

다만 수부지인 저한테는 오일감이 조금 있는 편이라 너무 많이 바르면 좁쌀이 아주 조금 올라오더라구요🥲
그래서 양 조절해서 얇게 바르거나 피부 컨디션 좋을 때 사용하는 걸 추천드려요.

트러블이나 자극은 없었지만 마데카소사이드의 흔적 케어 효과는 아직 드라마틱하게 느껴지진 않았습니다.

수부지보다는 건성이나 복합성 피부가 조금 더 만족하면서 사용할 수 있을 것 같은 크림이에요"
2026-07-23,A000000211119,62766133,2026.07.13,5,0,NORMAL,40+40ml,A03,B05,"C03,C04",0,1134.0,1,0,망상이,저한테 너무 잘 맞아서 재구매하고 있습니다 ㅋㅋ진정이 아주 잘되고 흡수도 잘되어서 너무 좋았어요 앞으로도 계속 재구매할거 같습니다
2026-07-23,A000000211119,62225046,2026.07.02,5,0,NORMAL,40+40ml,A03,B03,"C01,C02",30,1050.0,1,0,뽀얀HJ,마데카소사이드 없이는 하루를 보낼 수 없어요 ㅠㅠ 저의 수부지 트러블 피부엔 티트리 마데카가 정말 잘 맞거든요!ㅎ 1+1으로 구매하고 한통 다 쓰고 나머지 한 병도 절반 정도 사용했어요.  제형은 콧물보다 묽고 물보단 점성이 있어요. 색상은 불투명한 하얀색?입니다. 화장품은 꾸준히 발라야 효과가 나오는데 저는 처음 사용하고 중간에 끊었다가 다시 와서 효과릉 보려면 좀 더 있어야할 것 같아요! 재구매 할거예요!!ㅎ
2026-07-23,A000000211119,62476577,2026.07.07,5,0,NORMAL,40+40ml,A02,B01,"C01,C02",0,900.0,1,0,다이빙고양이,"마데카소사이드 팩을 좋아해서 자주 쓰는데 세럼도 좋다길래 가격도 저렴하고 원쁠원이라 바로 샀습니당
건성에 민감성인 저에게 사용감이 순하고 괜찮았어요ㅎㅎ
아직 하루밖에 안써봐서 색소침착 개선은 잘 모르겠지만 일단 바를땐 촉촉하면서도 산뜻한 마무리감이 마음에 듭니당
괜찮으면 친구들한테도 추천하려구요☺"
2026-07-23,A000000211119,61856188,2026.06.24,5,0,NORMAL,40+40ml,,,,1,900.0,1,0,GOLD여우냥,"자극없이 순한 느낌입니다. 😌🌿 건성 피부에는 좀 많이 부족한 느낌이겠지만 복합성 피부에는 아주 딱 좋은 것 같아요.👍
흔적 리페어라고 하여서 피부가 좀 깔끔해지기를 원해서 쓰고 있는데 좀 더 써보아야지 알것 같긴 해요. 🤔✨ 그걸로 인해 피부가 많이 깨끗해졌다. 이런 느낌은 사실 잘 모르겠어요.🤷‍♀️"
2026-07-23,A000000211119,61838531,2026.06.23,5,0,NORMAL,마데카소사이드 세럼,A03,B01,"C03,C05",3,900.0,1,0,로블록스중독,재구매도  많이  했고요 . 지난 3월뿐만  아니라  올영세일때는   할인율이 높아서  쟁여두고  꼭  사용하는 세럼입니다. 백화점 세럼보다도  효과가  좋아오.  잡티가  올라오려는 부분에도 듬뿍!!   트러블이  살짝  올라오려고 한다면  듬뿍!!  트러블 이후에    붉은기에 듬뿍!!   만능입ㄴㅣ다.  가격도  착하고  진정도 빠르니  오래오래 판매해쥬세용♡
2026-07-23,A000000211119,63090834,2026.07.21,5,0,NORMAL,[마스크 2매 증정] 40ml+40ml,,,,0,792.0,1,0,유딩킴,"잘받았습니다~^^
안그래도 앰플이 없어서 구매하게되네요~^^"
2026-07-23,A000000211119,63006936,2026.07.19,5,0,NORMAL,40+40ml,A04,B03,"C01,C05",0,792.0,1,0,돌핀러,끈적거림없이 발림성 좋아요 매일 팩으로만 사용하다가 앰플로 발라봤는데 팩 앰플이랑 똑같네요 좋아요 재구매할거같아요
2026-07-23,A000000211119,62482177,2026.07.07,5,0,NORMAL,40+40ml,A01,B04,"C08,C11",0,756.0,1,0,세윤Seyoon,"트러블 압출 후에 발라주면 다음날 진정이 정말 빠르게 되고, 가격도 저렴한 편이에요!"
2026-07-23,A000000211119,62110412,2026.06.30,5,0,NORMAL,40+40ml,A02,B03,"C05,C08",25,756.0,1,0,피치키티,"여드름 진정에 효과가 있어요
메디힐 마데카소사이드가 최고입니당
계속 재구매 쟁여두는템"
2026-07-23,A000000211119,63190140,2026.07.23,5,0,NORMAL,40+40ml,,,,0,660.0,1,1,감쟈도이,"쓰다가 재구매한 제품입니다.
흔적보다는 보습과 진정에 효과가 좋았습니다.
가벼워서 매일 사용해도 부담없습니다"
2026-07-23,A000000211119,62966788,2026.07.18,5,0,NORMAL,[마스크 2매 증정] 40ml+40ml,A03,B01,"C05,C06",0,660.0,1,0,져니ㄴㅇ,좋아요 저도 잘 써서 동생꺼 구매해줬어요 ㅎㅎ 저는 쓰고있는거 다 쓰고 재구매할게여!
2026-07-23,A000000211119,62124642,2026.07.01,5,0,NORMAL,마데카소사이드 세럼,A01,B05,"C01,C04",29,630.0,0,0,후쿠이의보물,최애세럼ㅜㅜㅜ 흔적에 효과 정말 많이보고 이미 두통쟁여져있는 내 최애세럼..
2026-07-23,A000000211119,61323876,2026.06.11,5,0,NORMAL,40+40ml,A01,B02,"C01,C02",1,630.0,1,0,RiverEun,트러블 진정에 좋다고 하길래 구매해봤는데..저랑 진짜 잘맞아요!! 트러블 긴급진정세럼인듯 해요!! 붉은트러블 자잘한 좁쌀트러블이 확 진정되어요!!! 메디힐 마데카소사이드 마스크팩도 진짜 좋아하는데..이제 이세럼까지 꾸준히 사용하게되었네요..😆 끈적임도 거의없으면서 금방 흡수되고 가벼운세럼이예요!! 매일 아침저녁으로 발라줘도 무겁지않아서 좋아요!! 1+1일때 사서 양도 엄청 많네요! 제 최애 세럼이예요..💙 메디힐 마데카소사이드 마스크팩 잘맞으시는분들은 이 세럼도 꼭 한번 사용해보세요!! 진짜 대만족이예요~~
2026-07-23,A000000211119,62839035,2026.07.15,5,0,NORMAL,40+40ml,A02,B02,"C02,C03",0,594.0,1,0,슈모,"여드름 나는 아들들 사용중입니다.
자극없이 발림성 좋다고 하네요.
행사때 다른곳보다 저렴하게 구매해서 잘 사용하고들 있어요."
2026-07-23,A000000211119,62653729,2026.07.11,5,0,NORMAL,[마스크 2매 증정] 40ml+40ml,,,,1,594.0,0,0,올영3년일하고때려침,순하고... 여드름 진정 기능은 없지만 압출 후 잔흉 없애는 데에 도움이 됨... 빨리 없어지진 않고 꾸준히 바르면 서서히 옅어지는 것 ? 같음 ? ㅎ
2026-07-23,A000000211119,62545287,2026.07.09,5,0,NORMAL,40+40ml,A04,B06,"C03,C08",0,594.0,1,1,율이엄마,드라마틱한 효과는없고 촉촉하고 순합니다 보습에좋은것같네요
2026-07-23,A000000211119,60203161,2026.05.26,5,0,NORMAL,40+40ml,A06,B05,"C05,C07",32,540.0,1,0,ccw,사용 시작 초기와 꾸준히 사용하고 한달 경과했을 때 모습이에요 확실히 꾸준히 사용하니까 전보다 여드름 색소침착이 눈에 띄게 줄어들었어요! 환절기에 피부염으로 고생하는 예민한 피부인데요 제품이 자극이 전혀 없고 바른듯 안바른듯 순해서 꾸준히 사용할 수 있었던 것 같아요 극추!!
2026-07-23,A000000211119,62802105,2026.07.14,5,0,NORMAL,[마스크 2매 증정] 40ml+40ml,,,,0,495.0,1,0,누텔라딴콩,"기대이상입니다
왜 1등인지 알꺼 같습니다
흡수력 좋고 끈적임없어 더 좋네요"
2026-07-23,A000000211119,62648630,2026.07.11,5,0,NORMAL,마데카소사이드 세럼,,,,1,495.0,0,0,질러,마데카소사이드 세럼은 모든 면에서 개 Goat함 흔적에도 굿 각질 잠재우는데도 굿 보습 굿 최고입니다요 메디힐 만나고 광명 찾았어요
2026-07-23,A000000211119,61829159,2026.06.23,5,0,NORMAL,40+40ml,A03,B02,"C08,C09",0,396.0,1,1,김듈리,색소침착 홍조 예민한 피부 때문에 찾아보다가 구매해봤습니다~
2026-07-23,A000000211119,61829029,2026.06.23,5,0,NORMAL,40+40ml,A03,B02,"C08,C09",0,396.0,1,0,김듈리,색소침착 홍조 예민한 피부 때문에 찾아보다가 도움이 될까 싶어서 사용하고 있습니다
2026-07-23,A000000211119,62344030,2026.07.05,5,0,NORMAL,40+40ml,A06,,,28,378.0,0,1,kim19****,완전 공병템이에요! 흔적에 정말 조은.. 진짜 이거렁 넘*즈인 5번세럼 너무 추천드려요 다만 메디힐거가 좀 더 순한느낌?!? 수분도 채워주고 화장후 열감이 오른 피부를 진정시켜줘요
2026-07-23,A000000211119,61388401,2026.06.13,5,0,NORMAL,40+40ml,A03,B05,"C03,C04",0,378.0,1,0,망상이,재구매하고 있는 제품입니다 수부지피부라 수분감도 필요해서 아주 딱 좋고 열감이 많은 피부에도 딱 좋았어요 가격도 착하고 막 쳐발쳐발하기 너무 좋습니다
2026-07-23,A000000211119,61036615,2026.06.06,4,0,NORMAL,40+40ml,A03,B02,"C01,C02",0,378.0,1,0,로시엘,메디힐 마데카소사이드 시트팩을 잘 쓰고 있어서 세럼도 구매해봤습니다. 피부 장벽 케어에 효과가 좋기를 바랍니다.
2026-07-23,A000000211119,60606907,2026.06.02,5,0,NORMAL,40+40ml,A02,B01,C05,1,378.0,1,1,살래말래,"살래말래
살래말래
살래말레
살레말래
살례말래
살래말례


그냥좋으니까사야되긴해너무많이써서힘들긴해


사자!
옼케이~~~"
2026-07-23,A000000211119,61069575,2026.06.07,5,0,NORMAL,마데카소사이드 세럼,,,,0,375.0,1,0,랑바오,"기초라인 중간단계에 바르고 있는 세럼입니다~
제 피부타입에는 매일바르기보단 피부 상태에 따라 일주일에 한두번 바르고 있습니다^^
특유의 향이나는게 병풀추출물과 여러가지 추출물이 섞여서 나는게 아닌가 싶은데… 
피부에 바로 흡수되면서 끈적임 없이 수분감과 진정효과에 좋아서 다시 재구매 했습니다!"
2026-07-23,A000000211119,62965490,2026.07.18,5,0,NORMAL,[마스크 2매 증정] 40ml+40ml,A04,B06,"C01,C02",0,360.0,0,0,디오리아,"평소에 피부가 조금 예민한 편이고, 특히 외부 활동이 많아지면서 자잘하게 생긴 흔적들이 신경 쓰였어요. 그래서 이것저것 여러 제품을 써봤는데, 이번에 이 앰플을 사용해보고 정말 만족스러워서 상세 후기를 남기려고 해요. 처음 사용했을 때 제형이 굉장히 부드럽고 피부에 착 감기는 느낌이 좋았어요. 무겁지 않으면서도 필요한 영양감을 채워주는 듯한 포뮬러라, 아침저녁으로 부담 없이 사용하고 있답니다.

✔️ **사용감 디테일:** 끈적임 없이 빠르게 흡수되는 점이 가장 마음에 들었어요. 피부에 도포했을 때 시원하면서도 안정되는 느낌을 받으니, 마치 피부가 편안하게 진정되는 기분이랄까요?
💡 **관찰된 변화:** 꾸준히 사용해보니 피부결 자체가 전반적으로 매끄러워진 것 같고, 눈에 띄는 자국들이 조금씩 부드럽게 정돈되는 느낌을 받고 있어요. 물론 극적인 효과를 기대하기보다는 꾸준한 관리를 통해 컨디션을 끌어올려 준다는 느낌이 강합니다.
💧 **솔직한 아쉬움:** 다만, 용기가 생각보다 약간 투박하게 느껴지고 내용물이 꽉 찬 만큼 무게감이 좀 있어서 휴대할 때는 조금 부담될 수 있겠다는 생각이 들었어요.

제가 개인적으로는 이 앰플 사용 후에 토너로 피부 결을 정돈하고 나서 마무리 단계에서 이 제품을 발라주면 시너지 효과가 좋은 것 같아요. 전반적으로 저처럼 민감하면서도 흔적 관리가 필요하신 분들께 강력하게 추천드리고 싶은 인생템입니다!"
2026-07-23,A000000247086,63074909,2026.07.20,5,0,NORMAL,[포켓몬에디션]밀크씨슬 샴푸 기획,A07,B05,"C01,C08",3,3060.0,1,0,berr****,"밀크시슬 샴푸라기에 신기했어요
탈모용 샴푸구요 
두피개선 효과도 있어요 
개운하고 자극없는 사용감 입니다!!"
2026-07-23,A000000247086,62817324,2026.07.15,4,0,NORMAL,[포켓몬에디션]밀크씨슬 샴푸 기획,A01,B01,"C01,C02",0,1674.0,1,0,바람디골,샴푸 향이 만족스럽고 같이 동반 된 두피 마사지기도 같이 사용해 보니 좋았습니다.
2026-07-23,A000000247086,62611399,2026.07.10,5,0,NORMAL,[변우석 굿즈]밀크씨슬 샴푸 단품,A03,B01,"C01,C09",1,1674.0,1,0,까눌레379,"✔️남자들이 사용하기 좋은 샴푸

💛같은 브랜드의 왁스를 잘 사용하고 있어서 구매해봤어요 세정력도 뛰어나고 밤까지 냄새가 안나서 좋네요"
2026-07-23,A000000247086,61873340,2026.06.24,5,0,NORMAL,[포켓몬에디션]밀크씨슬 샴푸 기획,A03,B01,"C01,C02",2,1620.0,1,0,링링92,"이거 남편을 위해서 구입했는데, 제가 더 만족합니다.

평소 탈모 고민은 없지만 스트레스받으면 두피가 뜨거워지는게 느껴지는 사람입니다. 그래서 여름엔  쿨링샴푸를 꼬박꼬박 구입하는데, 동생이 “다슈”추천해서 구입했어요.

우선 샴푸답게 거품이 풍성 + 세정력 좋고 + 머리결이 부드러워요! 특히 같이 주는 샴푸 브러쉬하면서 마사지하면 거품이 더 부드럽게나고 세정력이 더 좋아지는 기분?!!

하고나서 머리말리는 동안에도 시원한 느낌이 들어서 좋았고, 인기 많은 제품의 이유를 알았습니다. 좋아요:)"
2026-07-23,A000000247086,62346225,2026.07.05,5,0,NORMAL,[포켓몬에디션]밀크씨슬 샴푸 기획,A07,B05,"C01,C02",2,1476.0,1,0,환이죠,자극 없이 순하고 만족스럽네요. 쿨링 느낌도 있어서 두피가 케어되는 느낌이에요
2026-07-23,A000000247086,62811875,2026.07.14,5,0,NORMAL,[포켓몬에디션]밀크씨슬 샴푸 기획,A03,B06,"C01,C05",1,1350.0,1,0,구리듀오,인생 샴푸를 만났습니다 너무 시원해요 향도 시원하고 답답한 느낌 없이 개운한 플로럴향입니다 꿀팁은 애벌샴푸를 미리 하고 본샴푸로 다슈 샴푸를 사용해서 거품내고 두피 마사지를 한 후에 양치를 하거나 다른 부분을 먼저 씻고 샴푸를 제일 마지막에 씻어내면 민트가 두피에 콕콕 심기는 것 처럼 너무너무 시원하고 짜릿합니다 두피 유분이 싹 사라지는 기분이에요 재구매 할겁니다 최고ㅠㅠ
2026-07-23,A000000247086,61956476,2026.06.26,5,0,NORMAL,[변우석 굿즈]밀크씨슬 샴푸 단품,A03,B04,"C01,C02",3,1260.0,1,0,무지개같다,"두피가 오후만 돼도 금방 유ㅜ분기 올라와서 한 번 써봤는데 생각보다 괜춘!
거품도 잘나고 헹군 뒤에도 두피 개운해요 
쿨링감도 완전 강하지 않아서 자극 별로 없서요
탈모샴푸인데도 머리카락이 별로 안 뻣뻣해져서 넘 굿
향도 나쁘지 않아서 괜춘 근디 가격대가 살짝 있어서,,,

제 리뷰가 도움이 되셨다면 좋아요 버튼👍 부탁드려요😍😍"
2026-07-23,A000000247086,62667152,2026.07.11,5,0,NORMAL,[포켓몬에디션]밀크씨슬 샴푸 기획,A01,B02,"C05,C06",1,1134.0,1,0,heee1,"포켓몬 에디션이라 피카츄가 그려진 두피브러쉬가 내장되어 있어요!
향도 거부감은 강하지 않지만 진한 향이라 여름에 땀냄새나 정수리 냄새를 가려주기에 좋을 것 같아요.
거품도 잘 나고 시원해서 만족해요~ 500ml라 통은 아담해요ㅎ"
2026-07-23,A000000247086,62743139,2026.07.13,5,0,NORMAL,[포켓몬에디션]밀크씨슬 샴푸 기획,,,,1,1125.0,1,0,내선택은BWS,"쫀쫀하고 밀도 높은 갈색빛 젤 제형으로 기능성 샴푸임에도 불구하고 거품이 매우 조밀하고 풍성하게 생성되어 두피 구석구석을 마사지하기 좋습니다.
 멘톨 성분이 함유되어 있어 두피에 닿았을 때 화한 쿨링감이 즉각적으로 느껴집지고 향은 자극적이지 않은 은은한  민트 향이 납니다. 두피 열을 내리고 모근을 강화하여 탈모 진행 속도를 늦추고는 예방 및 관리 차원에서는 매우 우수한 제품이라 생각합니다."
2026-07-23,A000000247086,62378315,2026.07.05,5,0,NORMAL,[변우석 굿즈]밀크씨슬 샴푸 단품,A01,B01,"C02,C05",2,1080.0,1,0,라스트어브어스,"여성탈모인데 저렴한거 쓰다가 효과 없어서 갈아탔어요
5일째 사용중인데 점점 머리 덜 빠지는 것 같습니다
약간의 지루성 두피염도 있는데
샴푸에 적당한 멘톨? 느낌이 있어서 두피가 시원하구
잘 말려주니 두피염도 사라짐..
크림같아서 첨에 놀랬는데 거품 잘 납니다 ㅎ헤"
2026-07-23,A000000247086,62861053,2026.07.16,5,0,NORMAL,[포켓몬에디션]밀크씨슬 샴푸 기획,A03,B01,"C03,C10",0,900.0,1,0,haha****,다슈 삼푸는 처음 구입해보는데 아주 부드럽고 촉촉함이 남는 삼푸네요. 그리고 향이 기대한 것보다 더 좋았어요. 포켓몬 캐릭터도 예쁘고 두피 브러쉬도 있어서 맘에 쏙 들었어요. 대신 스커트라 캐릭터는 사용하다보면 떨어질듯. 다시 본드로 단단하게 붙여야겠어요.
2026-07-23,A000000247086,62115357,2026.06.30,5,0,NORMAL,[변우석 굿즈]밀크씨슬 샴푸 단품,,,,1,900.0,1,0,코코보롸,"소량만 사용해도 엄청 깔끔하게 두피와 머리카락을 씻어 낼 수 있고 개운한 느낌이라서 마음에 들었어요. 여름에는 아무래도 유분기도 많이 올라오는데 이런 날씨에 사용하기 좋고, 탈모의 도움이 되는 성분도 들어 있어서 그 부분이 마음에 들어요."
2026-07-23,A000000247086,62806306,2026.07.14,5,0,NORMAL,[포켓몬에디션]밀크씨슬 샴푸 기획,A07,B04,"C01,C02",0,810.0,1,0,삥쿠더쿠,무색투명하고 묽은 타입이라서 소량만으로도 거품이 아주 잘 납니다. 사용하고 나면 채취가 모두 사라지는 느낌이라 요즘 같이 땀 많이 흘리는 계절에는 정말 좋은 바디워시입니다. 사용하고 나서 많이 건조함도 생기지 않아서 아침 저녁으로 잘 사용하고 있네요.
2026-07-23,A000000247086,63026502,2026.07.19,5,0,NORMAL,[포켓몬에디션]밀크씨슬 샴푸 기획,A06,B03,"C05,C07",0,792.0,1,0,KB손해봄,"패키지구성도 이쁘고
선물용으로도 좋아요
세정력도 좋고 거품잘나요"
2026-07-23,A000000247086,62119452,2026.06.30,5,0,NORMAL,[변우석 굿즈]밀크씨슬 샴푸 단품,A02,B01,"C01,C02",0,756.0,1,0,올리브잉영,"탈모관리를 하려고 구매했습니다
거품도 풍성하고 향도 좋고 두피가 진정되는 기분이라 앞으로도 쭉 사용하려고요"
2026-07-23,A000000247086,62862328,2026.07.16,5,0,NORMAL,[포켓몬에디션]밀크씨슬 샴푸 기획,A04,B05,"C05,C06",0,660.0,1,0,Usoo,향이 되게 좋네요 남자친구가 제 정수리 걱정을 너무 하길래 구매했는데 거품도 풍성하고 너무 뻣뻣한 느낌도 없어서 만족합니다
2026-07-23,A000000247086,62322588,2026.07.04,5,0,NORMAL,[변우석 굿즈]밀크씨슬 샴푸 단품,A03,B02,"C03,C07",1,630.0,1,0,yonny1020,"시원하고 상쾌한 향이에요!
기존에 쓰던 탈모샴푸는 한방 향이라서 
남편이 같이 쓰기 싫어했는데 ㅎㅎ
이건 시원한 향이라 같이 쓰기도 좋네요
사용감도 좋습니다. 거품도 잘나고 머리가 너무 뻣뻣해지지도 않구요. 양도 정말 많네요"
2026-07-23,A000000247086,62507833,2026.07.08,5,0,NORMAL,[변우석 굿즈]밀크씨슬 샴푸 단품,A02,B05,"C02,C04",0,540.0,1,0,삐약약,"해당 브랜드의 다른 제품을 사용 중인데 꽤 만족해서 구매했어요! 
짜보니까 시원한 향이 먼저 느껴지더라구요! 살짝 남성용 느낌과 중성이 섞인 느낌? 
제형은 살짝 진득한 편이고, 거품도 잘 나고 머릿결도 너무 뻣뻣하지 않아서 여름에 쓰기 꽤괜템입니다!😊 사용 후 쿨링효과까지 있는 것 같아 머리도 시원하고 탈모예방도 되는 샴푸라고해서 여름에 쓰기 너무 좋을 것 같아요! 😊👍"
2026-07-23,A000000247086,62503969,2026.07.08,5,0,NORMAL,[포켓몬에디션]밀크씨슬 샴푸 기획,A02,B02,"C02,C03",1,540.0,0,0,은비다다다,"저는 탈모 때문에 산 건 아니고, 두피가 시원한 스칼프 샴푸를 좋아해서 구매했어요. 사용해보니 멘톨감이 과하지 않으면서도 정말 시원해서 머리 감고 나면 두피가 개운한 느낌이 오래가더라고요.

신랑은 지성 두피라 금방 떡지는 편인데, 이 샴푸는 세정력이 좋아서 유분감도 깔끔하게 잡아주고 하루 종일 산뜻하다고 만족하며 쓰고 있어요. 저는 자극이 있는 제품은 잘 못 쓰는 편인데도 부담 없이 매일 사용할 수 있어서 좋았습니다.

사은품으로 받은 두피 마사지 브러시도 생각보다 너무 유용했어요. 샴푸할 때 같이 사용하니 시원하고 마사지되는 느낌이 좋아서 자꾸 손이 가더라고요. 저희 아이들도 그 브러시를 신기해해서 어린이 샴푸할 때 같이 마사지해달라고 할 정도예요. 브러시도 부드러워 자극 없이 사용할 수 있어서 온 가족이 만족하며 사용하고 있습니다."
2026-07-23,A000000247086,62253287,2026.07.03,5,0,NORMAL,[변우석 굿즈]밀크씨슬 샴푸 단품,A03,B02,"C01,C02",0,540.0,1,0,핫태태,꾸준히 사용 중인데 힘없이 축 처지던 모발 뿌리 볼륨이 한결 짱짱하게 살아나는 게 눈으로 보여요. 거품이 아주 조밀하고 청량해서 두피 구석구석 쌓인 기름기와 비듬 노폐물이 개운하게 세정됩니다. 씻어낸 뒤 가려움이나 붉은 기 없이 두피가 아주 편안해요.
2026-07-23,A000000247086,62066229,2026.06.29,5,0,NORMAL,[변우석 굿즈]밀크씨슬 샴푸 단품,A02,B01,"C01,C02",1,540.0,1,0,고양이한마리몰고가세,"다슈 밀크씨슬 블루바이옴 스칼프 샴푸 💙

제가 좋아하는 변우석 님이 모델이라 더 눈길이 가서 구매했어요 🥹

두피 케어에 관심 있는 가족 선물로 준비했는데 원래 다슈 제품 잘써서 믿고 골랐습니다.
밀크씨슬이랑 두피 케어 성분이 들어간 제품이라 꾸준히 사용하기 좋을 것 같아요
선물 받는 사람도 만족했으면 좋겠습니다 🫶🐾🐈‍⬛"
2026-07-23,A000000247086,63196294,2026.07.23,5,0,NORMAL,[변우석 굿즈]밀크씨슬 샴푸 단품,A02,B02,"C01,C03",0,528.0,1,0,느그집어디,"댜슈 이벤트해서 구매했는데 변우석 배우님 픽하신이유가 잇엇네요~재구매각입니다
궂즈도 넘 이뻐요📮💙"
2026-07-23,A000000247086,62922119,2026.07.17,5,0,NORMAL,[포켓몬에디션]밀크씨슬 샴푸 기획,,,,0,528.0,1,0,또윤윤윤이,피카츄 에디션이라 욕실에 두기만 해도 기분이 좋아지네요. 쿨링감이 있어서 머리 감을 때 두피가 시원하고 개운해지는 느낌이라 너무 좋아요. 약해진 모근 케어에 도움 된다고 해서 꾸준히 써보려고 합니다
2026-07-23,A000000247086,62706352,2026.07.12,5,1,OFFLINE,[포켓몬에디션]밀크씨슬 샴푸 기획,A03,B01,"C01,C05",0,495.0,1,0,나난쓰,증정품때문에 샀습니다 ㅎ 샴푸는 부모님 쓰라고 드렸어요~!
2026-07-23,A000000247086,62375775,2026.07.05,5,0,NORMAL,[변우석 굿즈]밀크씨슬 샴푸 단품,,,,1,450.0,1,0,모레대장,"바르는 순간 두피에 은은한 쿨링감이 전해져 한여름에도 답답한 두피 열감을 시원하게 내려주고 개운함을 선사합니다. 조밀하고 풍성한 거품이 부드럽게 만들어져서 두피 구석구석 쌓인 노폐물과 유분을 자극 없이 깔끔하게 세정해 주더라고요. 밀크씨슬과 블루바이옴 성분 덕분인지 머리를 감고 난 후에도 두피가 건조하거나 가려운 느낌 없이 촉촉하고 편안하게 진정되는 게 느껴집니다. 세정력이 좋으면 모발이 뻣뻣해지기 쉬운데, 이 제품은 타월 드라이 후에도 모발이 거칠어지지 않고 부드럽게 마무리되어 만족스럽습니다. 은은하고 산뜻한 향이 오래 지속되어 하루 종일 정수리 냄새 걱정 없이 쾌적한 상태를 유지할 수 있는 정착 두피 샴푸입니다."
2026-07-23,A000000247086,62069178,2026.06.29,5,0,NORMAL,[포켓몬에디션]밀크씨슬 샴푸 기획,,,,0,450.0,1,0,센코우,"다슈 데일리 밀크씨슬 블루바이옴 스칼프 샴푸 사용해봤는데 세정력이 정말 좋아서 아주 만족스럽습니다. 거품이 풍성하게 잘 나서 머리 감을 때 개운하고, 두피에 자극 없이 순해서 매일 사용하기에 딱 좋아요. 사용 후에 두피가 한결 깔끔하고 건강해진 느낌이라 너무 좋습니다. 포켓몬 에디션이라 디자인도 귀엽고 구성도 만족스럽네요. 두피 관리 고민 있으신 분들께 적극 추천합니다. 앞으로 샴푸는 정착해서 이것만 쓸 생각이에요."
2026-07-23,A000000247086,62718687,2026.07.12,5,0,NORMAL,[포켓몬에디션]밀크씨슬 샴푸 기획,,,,0,405.0,1,0,efktwqliㅣ,"기존에 다슈 한방샴푸 탈모예방으로 잘 쓰고 있었어요. 트리트먼트는 남아서 탈모샴푸 새로운 라인으로 나왔길래 믿고쓰는 샘푸라 11통 쟁였습니다. 역시 향도 거품도 떡지거나 푸석한 현상없이 만족하며 쓰고 있습니다! 참고로 전 여잔데 온가족용으로 (남편, 저, 8세 아이) 잘 쓰고 있어요!
이번에 피카츄 콜라보라 아이 눈이 😍 이렇게 하트가 뿅! 하네요 ㅋㅋ
앞으로도 헤어제품은 쭉 다슈 정착입니당"
2026-07-23,A000000247086,63032349,2026.07.19,5,0,NORMAL,[포켓몬에디션]밀크씨슬 샴푸 기획,A02,B01,,0,396.0,1,0,dlatkf****,탈모 샴푸 다 써서 새로 써보려고 샀어요 ㅎㅎ 변우석이 광고 모델이길래 사긴 했습니다만 아직 사용전이긴 한데 뜯어보니 향기는 괜찮은 것 같아요^^
2026-07-23,A000000247086,62868591,2026.07.16,5,0,NORMAL,[포켓몬에디션]밀크씨슬 샴푸 기획,,,,0,396.0,1,0,드람,"여름이라 두피가 답답한 느낌이었는데
이거 쓰니까 엄청 깨끗해진 기분이에요!
같이 들어있는 브러쉬로 감으니까 정말 개운하네요~~"
2026-07-23,A000000247086,62761647,2026.07.13,5,0,NORMAL,[포켓몬에디션]밀크씨슬 샴푸 기획,,,,0,396.0,1,0,메롱하하,"세정력이 뛰어나면서도 두피가 과하게 건조해지지 않아 만족스러웠습니다. 풍성한 거품으로 노폐물과 피지를 깔끔하게 씻어주고, 사용 후에는 두피가 시원하고 상쾌한 느낌이 오래 유지되었습니다."
2026-07-23,A000000255585,62437917,2026.07.06,5,0,NORMAL,본품+본품+PDRN패드2매*3,A02,B03,"C01,C02",4,1980.0,1,0,초코딸기a,"✅여러 가지 패드를 많이 사용해봐도 결국엔 다시 스킨푸드 당근패드로 돌아오는, 벌써 N통째 사용중인 장점만 가득한 캐롯 카로틴 카밍 워터 패드❤️

🧡솜이불 패드 제형🧡
양쪽 면 모두 부드러운 와플형 순면 패드로, 도톰하고 부드러워서 피부를 닦아도 자극이 없고, 부드럽게 수분 케어가 가능해서 좋아요! 
저는 민감성 피부여서 다른 패드를 사용했을 때는 피부에 자극이 되는게 많아서 아쉬웠는데, 당근 패드는 자극도 없고 부드러워서 완전 만족하며 사용하고 있어요!🥰

🧡압도적으로 많은 에센스 양🧡
제가 사용해본 패드 중에 에센스 양이 제일 많았던 패드예요👍
패드를 한 장 떼어내면 촉촉이 아니라, 축축할정도로 에센스가 많이 흡수되어 있어요! 

그래서 에센스가 충분히 많이 흡수되도록 팩처럼 피부에 올려서 5분 이상 사용해주면 더 효과가 좋아요😍 팩처럼 붙이고 있어도 다른 토너패드처럼 금방 마르지 않아서, 수분충전 및 진정팩으로 활용하기 좋았어요👍

🧡수분충전 + 피부진정 효과도 최고🧡
1️⃣패드에 에센스가 많이 흡수되어 있어서 사용하고 나면 피부가 촉촉해지는 것 뿐만아니라, 피부 속보습까지 채워줘서 피부가 부들부들해지는 느낌이라 너무 만족스러웠어요❤️
건성분들이 사용하기에도 좋고, 수부지 피부인 분들도 사용하고 나면 피부 속까지 수분이 꽉 차서 아주 만족스러우실 거예요👍

2️⃣그리고 요즘에는 밖에서 조금만 운동하고 와도 피부에 열이 올라서 뻘겋게 되는데, 씻고 나서 당근패드를 얼굴에 팩처럼 붙이고 있으면 금방 진정이 돼서 좋아요🥰 
그냥 실온에 두고 사용해도 좋고, 좀 더 시원하게 사용하고 싶다면 냉장고 안에 넣어두고 사용해도 좋아요!

🧡활용법🧡
➡️피부 진정 및 수분 충전용 팩으로 활용하기 좋아요!
패드가 두툼해서 손톱으로 잡고 반으로 가르면, 찢어지지 않고 모양 그대로 반으로 잘 나눠져요. 
반으로 나누면 밀착력도 더 높아져서 볼에 붙여놓고 헤어 드라이기를 사용해도 잘 떨어지지 않아요!👍
그리고 반으로 갈라도 충분히 촉촉해서 피부에 팩처럼 붙여놓으면, 다른 일을 하면서 수분충전까지 할 수 있어서 활용도가 아주 좋았습니다❤️

🧡혜자 구성🧡
1+1 더블기획에 써보고 싶었던 신상 PDRN 당근패드도 2매짜리가 3개나 들어있어서 너무 좋아요!🫶🏻"
2026-07-23,A000000255585,62741587,2026.07.13,5,1,GIFT,본품+본품+PDRN패드2매*3,A02,B02,"C01,C09",2,1134.0,0,0,도다리,늘 구매해서 쓰는 제품입니다! 우선 패드로 닦토하면 진정 겸 순하구요. 무엇보다 가격이 좋음.
2026-07-23,A000000255585,62739248,2026.07.13,5,1,GIFT,본품+본품+PDRN패드2매*3,A02,B02,"C01,C03",2,1134.0,0,0,약과리,세안 후 저는 닦토용 대신으로 써주는 패드예요. 지인 추천받고 샀는데 순해서 괜찮아용!
2026-07-23,A000000255585,62528755,2026.07.08,5,0,NORMAL,[긴급진정]미나리패드60매+(10매기획),A02,B01,"C08,C12",0,1134.0,1,0,한꼬라지,"여름마다 재구매하는 제품
붙이는 순간 시원하고 진정됩니당

단, 지성분들이 더 만족해하실거같아요
패드도 쭉쭉 잘 늘어나서 이마에 한장으로 붙이기 좋았어요"
2026-07-23,A000000255585,62912848,2026.07.17,5,0,NORMAL,본품+본품+PDRN패드2매*3,A02,B02,"C01,C04",0,1080.0,1,0,밍민지,"🥕돌고돌아 당근패드 재구매 리뷰🥕

거의 1년을 돌고돌아서 다시 당근패드를 구매했는데 내 피부가 그동안 바뀐건지 닦토하니까 따갑더라고요??

근데 촉촉하기는해서 쓰고 나니까 괜찮아서 만만하게 쓰기에는 당근패드만한게 없는거같기도함"
2026-07-23,A000000255585,62809234,2026.07.14,5,0,NORMAL,본품+본품+PDRN패드2매*3,A03,B02,"C03,C08",0,900.0,1,0,eunbi3804,"피부에 닿는 순간 촉촉한 수분감과 함께 편안한 진정감을 느낄 수 있었습니다. 패드가 부드럽고 에센스를 풍부하게 머금고 있어 세안 후 피부결 정돈은 물론, 팩처럼 올려두고 사용하기에도 좋았어요. 사용 후에는 피부가 촉촉하고 산뜻하게 마무리되어 데일리 케어로 부담 없이 사용할 수 있었습니다. 본품 2개에 PDRN 패드 2매×3까지 함께 구성되어 넉넉하게 사용할 수 있어 만족스러웠고, 건조하거나 예민해진 피부를 촉촉하게 관리하고 싶은 분들께 추천하고 싶은 기획 제품입니다."
2026-07-23,A000000255585,62431930,2026.07.06,5,0,NORMAL,본품+본품+PDRN패드2매*3,A02,B03,"C01,C02",1,900.0,1,0,오올챙,"30대 건성 피부의 여름 구원템! 스킨푸드 당근패드 더블기획, 이래서 평생 정착합니다 🥕

30대에 접어들면서 안 그래도 심한 속건조와 푸석함 때문에 홈케어에 공을 정말 많이 들이고 있어요. 그런데 날씨가 점점 더워지기 시작하니까 땀은 나는데 속은 여전히 건조하고, 그 위에 파운데이션을 올리면 오후만 되면 뭉치고 들떠서 피부 컨디션이 영 별로더라고요.
역대급 더위라는 이번 여름, 달아오른 피부를 가볍고 확실하게 진정시키고 싶어 정착한 아이템이 바로 &#039;스킨푸드 캐롯 카로틴 카밍 워터 패드(당근패드)&#039;입니다. 워낙 유명해서 이미 잘 쓰고 있었는데 거의 다써서 또 쟁였어요.

💧 강점 1. 에센스를 들이부은 듯한 촉촉함 & 즉각적인 쿨링 팩토!
일반적인 코튼 패드는 붙이면 머리말릴 때 에센스가 금방 날아가는데 도톰한 패드라 수분감이 오래가요. 카밍 워터 에센스를 듬뿍 머금고 있어서 패드를 피부에 붙이면, 시원~하게 피부 온도를 쫙 낮춰주는 게 느껴집니다.
저는 건성피부라 닥토보다 팩토를 훨씬 선호하는 편인데 땀을 많이 흘린 날 세안 후나 아침에 머리 말릴 때 얼굴에 척 붙여두면 시원하게 수분감이 오래 유지돼서 다 말릴 때까지도 건조함이 전혀 없어요.

💧 강점 2. &#039;반갈&#039;해서 쓰면 극대화되는 밀착력과 가성비!
스킨푸드 당근패드만의 일등 공신은 바로 도톰하고 폭신한 &#039;와플형 순면 패드&#039;예요. 두께감이 꽤 있어서 그냥 쓰기보다 반으로 갈라서(반갈) 쓰는 걸 정말 좋아합니다!
두꺼운 패드를 스윽 쪼개어 반으로 가르면, 에센스를 가득 머금은 부드러운 속살 면이 나와요. 이걸 굴곡진 볼이나 이마, 턱에 올리면 얇아서 들뜸 없이 피부에 &#039;촵!&#039; 하고 완벽하게 밀착됩니다. 가성비도 두 배가 되니 아끼지 않고 팍팍 쓸 수 있어서 한번 사두면 여름내 든든합니다.

💧 강점 3. 밀림·들뜸 Zero! 완벽한 베이스 메이크업 부스터
더운 여름 아침, 공들여 바른 베이스가 땀과 열감 때문에 얼룩덜룩 무너지기 쉬운데 메이크업 전에 이 당근패드로 피부 열감을 싹 내려주고 수분을 깊숙이 채워주면 베이스 지속력이 완전히 달라져요.
그 위에 선크림이나 파운데이션을 올려도 밀림이나 무너짐이 거의 없습니다. 패드 하나가 묵직한 수분에센스를 여러 번 레이어링한 것 같은 역할을 해줘서, 특히 더운 요즘은 무거운 기초 다 생략하고 이 당근패드 팩 하나로 아침 기초 끝내고 있어요! 여름철 메이크업 전 피부 바탕 다지기용으로 강력 추천합니다.

여름철 더위 때문에 피부 열감이 올라오고 화장이 뜨는 분들이나 코튼 패드를 좋아하는 분들께 추천드려요.(반갈 후 반으로 뚝뚝 뜯으면 국소부위 붙이기도 편해요.)"
2026-07-23,A000000255585,62098364,2026.06.30,5,1,OFFLINE,본품+본품+PDRN패드2매*3,A04,B03,"C02,C05",3,900.0,1,0,거문고슬,"✔️스킨푸드가 성분 하나는 정직하다고 유명하잖아요! 당근패드가 제일 유명해서 구매해봤어요! 라이스패드는 써봤는데 효과가 크게 있지는 않았지만 제품 자체가 마음에 들었어요!
✔️패드에 앰플도 촉촉하게 묻어 있어서 건조하지 않게 사용할 수 있고 반 갈라서 사용하면 가격 대비 용량도 괜찮은 것 같아요!
✔️통이 커서 여행용으로 들고 갈 때는 소분해서 들고 가야 할 것 같아요! 패드 정말 많이 써봤는데 패드 면 자체도 부드러워서 자극적이지 않아서 좋았습니다
✔️패드 자체의 크기도 넉넉해서 얼굴에 올려서 사용하기 좋아요
✔️좀 불편한 점이라면 쓸 때마다 뚜겅을 돌려서 열어야 한 다능 점과 집게가 없어서 좀 아쉬워요ㅠㅠ
✔️유통기한도 넉넉하고 여름에 피부가 타니까 그때 사용하기에 좋을 것 같아요~! 추천합니다! 세일 때 쟁이세요"
2026-07-23,A000000255585,62006237,2026.06.28,5,0,NORMAL,본품+본품+PDRN패드2매*3,A03,B03,"C01,C08",4,900.0,1,0,올영요정임니당,"예전부터 꾸준히 사용하던 제품이라 이번에도 재구매했어요

스킨푸드 당근패드는 만족도가 높아서 떨어질 때마다 다시 찾게 되는 제품이에요. 이번에는 어차피 계속 사용할 것 같아서 한 통 더 쟁여두려고 같이 구매했습니다.

세안 후 가장 먼저 사용하면 피부가 촉촉하게 정리되는 느낌이라 아침저녁으로 잘 사용하고 있어요. 패드에 에센스가 넉넉하게 들어 있어서 피부에 올려두고 팩처럼 사용하기도 좋고, 떼어낸 후에는 피부결을 가볍게 정돈해주면 산뜻하게 마무리됩니다.

자극이 심하지 않은 편이라 피부가 예민한 날에도 부담 없이 사용할 수 있었고, 사용 후에는 피부가 촉촉해지는 느낌이라 꾸준히 손이 가더라고요. 메이크업 전에 사용해도 건조함이 덜 느껴져서 만족스럽게 사용 중입니다.

무엇보다 갈수록 기획세트 구성이 더 좋아지는 것 같아요. 예전보다 리필팩도 같이 증정하는 경우가 많아서 훨씬 가성비가 좋아졌다는 느낌입니다. 평소 자주 사용하는 제품이라 이런 구성은 정말 만족스럽더라고요ㅎㅎ

전체적으로 만족도가 높은 제품이라 이번에도 재구매했고, 한 통 더 쟁여둘 정도로 마음에 드는 제품입니다. 행사나 기획세트로 판매할 때 구매하면 더욱 만족도가 높은 것 같아요!"
2026-07-23,A000000255585,61909935,2026.06.25,5,0,NORMAL, [복숭아/결케어] 70매+30매 기획,,,,4,900.0,1,0,참치캔처돌이,"매장에서 귀여운 모양과 핑크색 컬러에 홀려 구매했는데 제품 성능도 너무 좋았어요! 기획세트도 필요한 구성이라 마음에 들었고 팩토, 닦토 둘 다 괜찮았고 보통 이런 타입들은 에센스가 끈적거려서 마무리감이 찝찝한데 안 끈적이고 촉촉하게 유지 되는 점이 제일 마음에 들었습니다! 🍑 귀여운 하트 모양에 향기도 너무 좋고 쓸 때마다 공주 되는 기분이라 강추합니닷 전 약 민감성 겨울 건성 여름 지성 가을 수부지 되는 도른자 피부에용 들뜸이 4계절 내내 심해서 기초에 신경 많이 쓰는데 정.말 좋았어요 추천!!!!🙌🏻🩷"
2026-07-23,A000000255585,62680881,2026.07.12,5,0,NORMAL,본품+본품+PDRN패드2매*3,,,,0,810.0,1,0,홍시영,"이젠 빼놓을 수 없는 데일리 케어 루틴이예요. 🥕

여드름 있는 동생에게 사줬는 데 더운 날이나 피부 열감이 올라왔을 때 사용하면 훨씬 더 좋다고 합니다.

패드를 4개까지 나누는 분도 봤는 데 저는 2개로 사용합니다🤣

에센스도 충분히 머금고 있어서 얼굴을 부드럽게 닦아내기 좋고, 사용 후에는 피부결이 한결 정돈된 느낌입니다. 당김 없이 촉촉하게 마무리되는 점도 마음에 들어요.

안그래도 유명한데 요즘 핫한 PDRN 마스크팩 받으려고 또 시켰어요.

자극 없이 매일 사용할 수 있는 토너 패드를 찾는다면 만족도가 높을 제품이에요. 앞으로도 꾸준히 재구매할 예정입니다."
2026-07-23,A000000255585,62680872,2026.07.12,5,0,NORMAL, [당근/수분진정] 60매+30매 기획,,,,0,810.0,1,0,홍시영,"몇 통째 쓰고 있는 데일리 패드예요. 🥕

저는 세안하고 가장 먼저 닦토용으로 사용하는데, 피부에 닿는 순간 시원한 쿨링감이 느껴져서 아침에 쓰면 잠도 확 깨는 기분이에요. 특히 더운 날이나 피부 열감이 올라왔을 때 사용하면 훨씬 더 만족스럽더라고요.

패드는 2개로 나눠서 사용할 수 있어요!
에센스도 충분히 머금고 있어서 얼굴을 부드럽게 닦아내기 좋고, 사용 후에는 피부결이 한결 정돈된 느낌입니다. 당김 없이 촉촉하게 마무리되는 점도 마음에 들어요.

저는 닦토만 하고 끝내는 날도 있지만, 피부가 예민하거나 열감이 심한 날에는 볼이나 이마에 5분 정도 올려두는 팩처럼 활용하기도 해요. 간편한데 피부 컨디션이 한층 편안해지는 느낌이라 손이 자주 갑니다.

자극 없이 매일 사용할 수 있는 토너 패드를 찾는다면 만족도가 높을 제품이에요. 앞으로도 꾸준히 재구매할 예정입니다."
2026-07-23,A000000255585,63051402,2026.07.20,5,0,NORMAL,본품+본품+PDRN패드2매*3,A02,B02,"C03,C10",0,792.0,1,0,로즈맘,패드가 너무 부드러워서 자극이 없어요 여름이라 냉장고에 넣고 사용합니다
2026-07-23,A000000255585,62997775,2026.07.19,5,0,NORMAL,본품+본품+PDRN패드2매*3,A03,,"C03,C10",0,792.0,1,1,쿵잉,"냉장고넣어두면 살얼음패드됨!여름에 열받은피부 
급속으로내려주고 한장에 에센스가득있어서
마지막까지 촉촉합니다
뽀루지난곳도 올려두고있는데 금방 진정됬어요"
2026-07-23,A000000255585,62983209,2026.07.18,5,0,NORMAL,본품+본품+PDRN패드2매*3,A03,B03,"C03,C06",0,792.0,1,0,Hyunjuly,"반으로 갈라서 쓰기 좋아요! 
매달 쟁여서 쓰고 있어요~ 양많아서 오래 사용해요!"
2026-07-23,A000000255585,62955087,2026.07.18,5,0,NORMAL,본품+본품+PDRN패드2매*3,A03,,"C03,C10",0,792.0,1,0,쿵잉,"더우니까 냉장고에 넣어두니까 시원해서좋아요!
쿨링감도좋고 패드도 도톰해서 반으로갈라서
쓰고있습니다~
더블기획으로 넉넉하게 쓰고있어요"
2026-07-23,A000000255585,62385855,2026.07.06,5,0,NORMAL,본품+본품+PDRN패드2매*3,A07,B01,C11,0,756.0,1,0,부앙맘,항상 피부 정돈 할 때 이 패드 많아 스킨 패드가 없어요 ㅎㅎ 추천해요 ㅎㅎ
2026-07-23,A000000255585,61975562,2026.06.27,5,0,NORMAL, [당근/수분진정] 60매+30매 기획,A03,B03,"C08,C11",11,756.0,1,0,징쎈,"리필 기획세트로 할인 자주 해줘서 좋아요
앞으로도 꾸준히 쓸 토너 패드!!👍🏻❤️"
2026-07-23,A000000255585,62214693,2026.07.02,5,1,OFFLINE,본품+본품+PDRN패드2매*3,,,,1,750.0,1,0,Nabok,"피부가 예민한 편인데 자극 없이 순하게 사용할 수 있어서 좋았어요. 패드가 촉촉해서 닦토로 쓰기에도 좋고, 팩처럼 5~10분 올려두면 피부 열감도 좀 진정되는 느낌이었습니다. 에센스 양도 넉넉해서 마지막까지 마르지 않고 사용할 수 있을 것 같아요. 할인도 많이 해서 가성비 좋게 구매한 것 같습니다. 꾸준히 사용해보고 재구매도 고려할 예정입니다!"
2026-07-23,A000000255585,63055901,2026.07.20,5,0,NORMAL,본품+본품+PDRN패드2매*3,A03,B02,C01,0,660.0,1,0,행복한갱이,"당근패드 추천합니다!!  pdrn 궁금했는데
샘플도 추가로 있어서 너무좋아요~~~^^!!"
2026-07-23,A000000255585,63055852,2026.07.20,5,0,NORMAL,본품+본품+PDRN패드2매*3,A03,B02,C01,0,660.0,1,0,행복한갱이,당근패드 선물용으로 잔뜩 구매했다가 본품당첨까지!! 너무 좋아요~~~^^!!
2026-07-23,A000000255585,63005173,2026.07.19,5,0,NORMAL,본품+본품+PDRN패드2매*3,A01,B02,"C05,C09",0,660.0,1,0,찹쌀떡두목,엄청 쟁여두는 템 계속 사는 중 아침에 팩하기에도 좋음 순해서 계속 사용중
2026-07-23,A000000255585,62437555,2026.07.06,5,0,NORMAL,본품+본품+PDRN패드2매*3,A01,B01,"C05,C08",1,600.0,1,0,mini미니s2,"🧡👩🏻‍🌾 피부 고민 만능템 당근 꼬옥~ 데려가세요👩🏻‍🌾🧡

촉촉한 수분패드 찾으시는 공주님들! 왕자님들!
여기로 다 모이세요 . 무조건 이거라구요 🥕✨
이거 완전 완전 유명템인거 아시려나요 ! ! 👀
사실 저는 전에 2년정도 올영에서 일했던 경험이 있는데
그 때 패드 중에 제일 많이 찾고 제일 많이 나갔던 제품이
이거였어요 🧡 완전 BEST중에서도 BEST .. 🥹
스킨푸드는 아주 오랫동안 사랑 받는 브랜드인데 거기에서 나온 제품이 또 오랫동안 사랑받고 있다면 완전 아묻따 아닌가요 ㅎㅎ
아무튼 너무너무 유명하고 그만큼 제품력이 좋으니 꼭 믿고
구매하셔도 된다는 말을 전하고 싶었어요 ! 

저는 기존 BEST템인 캐롯 카로틴 카밍 워터 패드와
NEW템 캐롯 PDRN 속수분 패드 둘 다 구매했구요 ! !
사실 너무 사랑 받고 있는 제품이 있는데 왜 또 신제품을 냈을까
싶었는데 구매해서 보니까 완전 알겠더라구요 ㅎㅎ
완전 다른 제품 ! 
👑BEST🥕캐롯 카로틴 카밍 워터 패드
- 1개를 2개로 나눠서 쓸 수 있는 와플형 패드
- 도톰한 패드에 촉촉함이 가득해서 수분감 ⬆️
- 피부 진정, 열감 감소
✨NEW🥕캐롯 PDRN 속수분 패드
- 얇고 밀착력 높은 패드
- 옆으로 늘릴 수 있어서 피부 리프팅 
- PDRN 성분으로 속수분+속탄력 ⬆️
용도가 완전 달라서 저는 둘 다 구매해서 사용해요 ㅎㅎ
샤워하고 나와서 카밍 워터패드로 토너팩 해주고 머리 말린 다음 PDRN 패드로 늘려서 피부 리프팅 해줍니다 🧡
저는 완전 극 극 예민 피부인데 와플형 패드여도 부드럽고 수분이 가득 머금고 있어 자극 하나도 없었어서 예민한 사람들도 무조건 추천드려요 👍🏻

저는 생리주기 호르몬 때문에 한 달에 1주일정도 피부가 전체적으로 피지가 폭발하면서 뒤집어 지는 편이에요 ㅠㅠ
그래서 비포 애프터 사진 보시면 흔적 위치가 조금씩 다르지만
확실히 쓰기 전에는 피지 폭발하면서 염증 나오면서 땅땅하게 여드름이 생겼었는데 쓰고 나서 붉은기도 많이 줄어들고 유분이 아닌 수분을 가득 채워줘서 좁쌀도 많이 줄었어요 ! 
무엇보다 피부 진정이 최고였습니다 🥕✨🥕✨
가끔 수분 패드라고 해놓고 너무 무거운 느낌들이 있는데
이건 딱 수분만 채워줘서 화장 전에 열감 내려줘서 화잘먹템🧡
그리고 수분만 채워주니까 여러 다른 제품들과 사계절 쓰기
좋더라구요 ㅎㅎ 당근 완전 최고다 .. 🥹

+ 여행용으로 쓸 수 있게 리필 챙겨주는 것두 센스 최고에요🧡"
2026-07-23,A000000255585,62187713,2026.07.02,5,0,NORMAL,본품+본품+PDRN패드2매*3,,,,0,600.0,1,0,뷰티원장,"피부타입  👉🏻 예민한 건성피부

피부가 건조하고 예민한 편이라 
기초 제품을 아무거나 못 쓰는 편이에요.
화장품이 조금만 안 맞아도 피부가 쉽게 뒤집어져서 
패드 제품도 이것저것 많이 써봤는데, 
결국 이 당근패드로 정착했어요.💕

패드가 크고 두툼해서 한 장으로도 충분히 사용하기 좋고, 
피부에 올려두면 촉촉하게 진정되는 느낌이 편안해요.
닦토로 사용할 때도 자극감이 적어서 
아침저녁으로 부담 없이 쓰기 좋았습니다.

벌써 20통 넘게 사용한 정착템이라 
이번에도 자연스럽게 재구매했어요. 😊
피부가 예민한 편인데도 꾸준히 손이 간다는 점에서 
저한테는 진짜 인생패드예요.❤️

그리고 다 쓴 통도 그냥 버리기 아까워요.
스티커가 깔끔하게 떨어져서 머리끈, 면봉, 화장솜 같은 소품 보관용으로 다양하게 활용하기 좋더라고요. 
통도 튼튼해서 재사용하기 좋아요.

개인적으로는 여행 갈 때 가볍게 들고 갈 수 있는 
휴대용 스킨패드 통도 만들어주시면 정말 좋을 것 같아요."
2026-07-23,A000000255585,62124107,2026.07.01,5,0,NORMAL,본품+본품+PDRN패드2매*3,A04,,,0,600.0,1,0,채씨요,"저는 이렇게 패드를 사용했습니다
1. 화장 전, 열감 낮출 때
2. 오랜 시간 화장해서 진정이 필요할 때
3. 헤어 드라이할 때 피부 수분감 잡아주기
-

* 1장을 나눠서 2장으로 사용
한 장을 반으로 나눠서 두 장으로 사용할 수 있어서 자주 쓰기에 부담이 없었습니다. 편하게 막 써요ㅎㅎ

* 사이즈를 늘려서 더 넓게 활용
패드가 유연해서 단순 원형으로만 쓰지 않고 옆으로 늘려서 긴 원형으로 만드니 더 넓게 쓰기도 했습니다

* 적당히 머금은 수분감
패드 자체에 머금은 용량이 많다는 느낌은 아닙니다!
그러나 부족한 느낌도 아닌 거 같아요. 딱 수분감 있는 패드 st입니다

→ 내장된 집게 X
→ 반으로 갈라서 2장 사용 O
→ 크기를 늘려서 사용 가능한 패드 재질
→ 순해서 따로 효과 본 건 없지만 그만큼 안심하고 쓰는 제품

★ 스킨푸드 PDRN 신상 패드도 써보고 싶었는데 기획세트에서 받아볼 수 있어서 좋아요ㅎㅎ"
2026-07-23,A000000255585,62678543,2026.07.12,4,1,OFFLINE,본품+본품+PDRN패드2매*3,A03,B03,"C02,C05",0,594.0,1,0,으의,솜이 도톰했던 거였어요..저는 잘 찢어지지 않는다고 생각 했는데 ㅋ 어쨌든 잘 쓰고 있고 트러블도 안나고 좋아요
2026-07-23,A000000255585,62680063,2026.07.12,5,0,NORMAL, [감자/흔적리셋] 60매+30매 기획,,,,1,567.0,1,0,도깨비호랑이,흔적 케어에 감자 패드만 한 게 없네요. 피부결도 매끈해지고 잡티도 옅어지는 느낌이라 꾸준히 쓰고 있어요. 30매 추가 구성 덕분에 가성비도 최고입니다!!!
2026-07-23,A000000255585,60953640,2026.06.05,5,0,NORMAL,[긴급진정]미나리패드60매+(10매기획),A02,B01,"C08,C12",1,558.0,1,0,한꼬라지,"지성이 시원하게 써줄만한 패드던데
전 이거 사용감이 개운해서 좋아요 건성이지만
재구매했어요!! 전 당근패드보다 이 미나리패드가 더 좋아요
겁 나 
잘 늘어나서 쓰기도 편함"
2026-07-23,A000000255585,60932332,2026.06.05,5,1,OFFLINE,[망곰기획]60매+60매+망곰파우치,A03,B04,"C05,C08",1,558.0,1,0,쏘프프,"망곰이 파우치가 망곰 굿즈 중에 제일 맘에 들어서 + 감자패드 샀다가 감자패드 뭐야? 개좋아! 해서 하나 더 살까..? 하다가 당근으로 우회한 ㅎㅎ
여기껀 개봉 후 6개월인 게 살짝 아쉽지만 패드도 파우치도 다 괜찮습니다!"
2026-07-23,A000000255585,62325208,2026.07.04,4,1,GIFT,[화잘먹]복숭아패드70매,A03,B02,"C01,C02",1,540.0,0,0,통통미,"복숭아 패드 궁금해서 구매해서 써봤는데 전체적으로 괜찮은 제품이에요. 향이 은은하게 달콤해서 사용할 때 기분이 좋고, 패드도 자극 없이 부드럽게 닦여서 데일리로 쓰기 편했어요. 수분감도 적당히 있어서 사용 후 피부가 촉촉하게 정돈되는 느낌은 만족스러웠습니다. 다만 개인적으로는 당근 패드가 더 잘 맞는 것 같아요. 진정이나 피부 편안함 부분에서는 당근 패드가 조금 더 효과를 느꼈던 것 같아서요. 복숭아 패드도 충분히 좋은 제품이지만, 제 피부에는 당근 패드가 더 잘 맞아서 앞으로는 그걸로 계속 사용할 것 같아요."
2026-07-23,A000000223207,62876420,2026.07.16,5,0,NORMAL, ,A03,B05,"C03,C04",0,1512.0,1,0,망상이,파데바르기전에 발라도 밀리는거 없어서 아주 잘 사용하고 있습니다 올영에서 세일할때마다 구입하고 쟁여놓고 사용중이에요 요즘 선크림은 이것만 사용하는중 ㅋㅋ 앞으로도 계속 재구매할거 같습니다
2026-07-23,A000000223207,61864343,2026.06.24,5,0,NORMAL, ,A03,B03,"C06,C09",5,1116.0,1,0,데이지쿼카,"발림성 좋고 순해서 화장 전에 바르면 결정리도 잘되고 화장도 잘먹습니당
한통 쓰는데 두달 걸렸어요~.~ 재구매 의향있습니당"
2026-07-23,A000000223207,62951386,2026.07.18,5,0,NORMAL, ,A03,B01,"C03,C08",0,792.0,1,1,뽀뇨,"썬크림 정착템
두번째 구매..
눈시림 없고 밀림없고 자극없음
부드럽게발리고  덧바르기좋음"
2026-07-23,A000000223207,62124084,2026.07.01,5,1,OFFLINE, ,A03,B01,"C06,C08",1,756.0,1,0,songmandoo,지성이 발라도 기름지지 않고 좋아요~ 괜히 효과가 더 좋을 것 같아 구매해서 쓰는 중이에요 ☀️🌞
2026-07-23,A000000223207,61929011,2026.06.26,5,0,NORMAL, ,A02,B01,"C01,C03",3,756.0,1,0,가족오락가락관,화장 전에 바르는 유기 자차중에 이만한 게 없어요. 이 사 배가 추천한 이유가 있음. 화장 진짜 잘 먹음. 대신 양을 좀 적게 바르는 게 좋긴 할 듯. 안그러면 화장을 녹이는 느낌임.
2026-07-23,A000000223207,60378330,2026.05.30,5,1,OFFLINE, ,A02,B03,"C01,C04",3,630.0,1,0,올리뷰,"뭔가 예상보다 생긴 패키지에 비해 제품 제형도 가볍고 잘 펴발리더라구요. 제형 자체가 메이크업 전에 발라도 괜찮은 제형이고 유분감도 적당하면서 굉장히 스무스해요.

한개 뜯으면 오래쓰는편이라 2개씩이나 있는건 좀 아쉽긴한데ㅠ (차라리 1개에 가격이 저렴한 편이..ㅎㅎ) 제형이나 제품력은 마음에 듭니다!"
2026-07-23,A000000223207,62161305,2026.07.01,4,0,NORMAL, ,A03,B04,"C01,C02",1,600.0,1,0,감쟈튀김,"땀에도 안 지워진다고 해서 사봤습니다 육안으로 보이지 않아서 잘은 모르겠지만 발림성은 부드러워서 좋았습니다 
피부가 많이 번들거리 않아서 위에 쿠션 올려도 뜨지 않아요 하지만 솔직히 유기자차 안 맞으시는 분들은 약간 피부가 많이 따가우실 수도 있어요..! 제가 바르고 좀 많이 따가웠어요 근데 유기자차 잘 맞으시는 분들은 잘 쓰실 거 같아요"
2026-07-23,A000000223207,62515837,2026.07.08,5,0,NORMAL, ,A02,B06,"C03,C08",0,594.0,1,0,뇽냥냥냥이,"회사 직원분들 사용하려고 구매했어요 ~~ 
인기가 좋으네요 ~"
2026-07-23,A000000223207,62659084,2026.07.11,5,0,NORMAL, ,A03,B06,,0,540.0,1,0,스킨케어남,"발림성이 부드럽고 촉촉해서 백탁 없이 자연스럽게 밀착되는 선크림입니다. 끈적임이 심하지 않아 데일리로 사용하기 좋고, 메이크업 전에도 부담 없이 바를 수 있어요. 보습감이 있어 건조함도 덜 느껴졌고, 1+1 구성이라 가성비도 만족스럽습니다. 재구매 의사 있습니다."
2026-07-23,A000000223207,61948090,2026.06.26,5,0,NORMAL, ,A03,B01,"C01,C02",0,540.0,1,0,링링92,"#선크림은 듬뿍 발라줘야해요!
아침에 산책 나가는거 좋아하는데, 선글라스+ 팔토시도 필수지만 기본적으로 선크림 필수에요! 눈뜨고 세수는 대충하지만, 선크림만큼은 꼼꼼하게 발라주고 있어요. 바른거랑 안바른거랑 차단효과다 달라요. 안바른날은 확실히 다음날 화장할때 까만느낌이에요.

#촉촉, 백탁제로
요새 다 백탁없지않아? 싶지만 백탁있는거 겪어보고나서는 리뷰에서 백탁여부 무조건봅니다. 꼭 백탁없는 흡수잘되고 촉촉한 제품으로 사세요! 이게 그렇습니다.

#AHC의 브랜드력
사실 아이크림으로 유명한 회사라 선크림도 잘 만들까? 
했는데  흡수력이 좋다는 점에서 공통점 발견!
흡수력이 좋아서 가장 만족스러웠어요!

+향도 없어서 전 좋아요.(제 후각기준 냄새 안났어욯ㅎ)
++같이 주신 사은품도 좋아요!"
2026-07-23,A000000223207,61961421,2026.06.27,5,0,NORMAL, ,A03,B05,,0,450.0,1,0,moiljoi****,"스킨케어의 핵심은 선크림이라는 얘기를 수없이 많이 들어봤지만 어떤 건 너무 기름지고, 어떤 건 너무 건조하고, 어떤 건 너무 자극적이고... 그래서 사실상 사용하지 않았습니다.😥

그러다 30대 후반에 들어서니 피부 컨디션이 눈에 띄게 안 좋아진 게 보여서 이제 더 늦기 전에 선크림을 사용하고자 결심했고, 평소 좋아하는 유튜버가 추천하는 제품이길래 구매해봤습니다!

1. 발림이 진짜 부드럽고 촉촉해서 에센스 바른 듯 가볍게 흡수됩니다.

2. 끈적이지 않아서 바르고 나서도 답답한 느낌이 전혀 없어요.

3. 백탁이 없습니다.

4. 베이스 메이크업하기 전에 바르면 밀리지 않고 화장이 찰떡처럼 잘 먹힙니다.

5. SPF50+/PA++++라 자외선 차단력이 든든합니다.

6. 턱에 트러블이 여러 개 나 있는 상태인데, 트러블 부위에 발라도 자극이 없습니다.

7. 눈시림이 하나도 없습니다.

8. 선크림 바르고 화장 후 오랜 시간이 지나도 속건조가 느껴지지 않아요.

정말 오랜만에 써보는 선크림인데 백탁 없이 부드럽게 발리고, 자극도 없고, 화장까지 잘 먹어서 너무 만족스러워요! 지성 피부의 경우, 파우더로 마무리하면 충분히 만족스럽게 사용할 수 있을 것 같습니다.☺️"
2026-07-23,A000000223207,60361206,2026.05.30,5,1,OFFLINE, ,A04,B06,"C08,C09",4,450.0,1,1,날마다연어,"🟡퍼스널 컬러: 겨울 클리어
 🟰봄🌸영향을 많이 받은 겨울❄️클리어 타입 

🟡바우만 피부 타입: OSNT 
🟰Oil/Sensitive/Non-pigment/Tight 
🟰지성/심한 민감성/경미한 비색소성/경미한 탄력
💛티트리 녹차 알로에 병풀시카 캐모마일 카렌듈라 살리실릭애씨드 판테놀 
⚠️코코넛오일 쉐어버터 코코아버터 시나몬오일 시나믹애씨드 아세틱애씨드 벤조익애씨드 알파리포익애씨드 

🍯피부과 의사쌤도 감탄하신 파리도 미끄러질 꿀피부

🍣구구절절말고 기름기 뺀 솔직 리뷰 쓸라고 반말로 작성

🖤아무리 많이 발라도 얼굴이 허옇게 뜨지 않고 챡챡 가벼운 로션 ( 콧물로션 X) 발림성이 좋음

🖤민감성은 무기자차라고는 하지만 오히려 무기자차가 더 트라블나서 별로임. 돌가루라서 건조해지고 땡기는데 아무래도 씻어내기 힘들고 얼굴 가려워짐

☀️톤업은 아예 없음, 없어서 좋음

🏥이번에 일이 힘들어 면역 떨어지면서 추가로 ㅋㅇ 알러지까지 생겨서 피부가 역대급으로 뒤집어졌는데  유일하게 뻘개진 피부에도 아무런 간지러움 없던 선크림임

🏥하도 많이 사서 리뷰 도배중인 것 같은데 진심임. 진심 괜찮은 선크림임 눈시림도 없음"
2026-07-23,A000000223207,60361080,2026.05.30,5,1,OFFLINE, ,A04,B06,"C08,C09",4,450.0,1,1,날마다연어,"🟡퍼스널 컬러: 겨울 클리어
 🟰봄🌸영향을 많이 받은 겨울❄️클리어 타입 

🟡바우만 피부 타입: OSNT 
🟰Oil/Sensitive/Non-pigment/Tight 
🟰지성/심한 민감성/경미한 비색소성/경미한 탄력
💛티트리 녹차 알로에 병풀시카 캐모마일 카렌듈라 살리실릭애씨드 판테놀 
⚠️코코넛오일 쉐어버터 코코아버터 시나몬오일 시나믹애씨드 아세틱애씨드 벤조익애씨드 알파리포익애씨드 

🍯피부과 의사쌤도 감탄하신 파리도 미끄러질 꿀피부

🍣구구절절말고 기름기 뺀 솔직 리뷰 쓸라고 반말로 작성

🖤아무리 많이 발라도 얼굴이 허옇게 뜨지 않고 챡챡 가벼운 로션 ( 콧물로션 X) 발림성이 좋음

🖤민감성은 무기자차라고는 하지만 오히려 무기자차가 더 트라블나서 별로임. 돌가루라서 건조해지고 땡기는데 아무래도 씻어내기 힘들고 얼굴 가려워짐

☀️톤업은 아예 없음, 없어서 좋음

🏥이번에 일이 힘들어 면역 떨어지면서 추가로 ㅋㅇ 알러지까지 생겨서 피부가 역대급으로 뒤집어졌는데  유일하게 뻘개진 피부에도 아무런 간지러움 없던 선크림임

🏥하도 많이 사서 리뷰 도배중인 것 같은데 진심임. 진심 괜찮은 선크림임 눈시림도 없음"
2026-07-23,A000000223207,62216518,2026.07.02,5,0,NORMAL, ,A03,B05,"C01,C02",0,396.0,1,0,녹양댁,계속 재구매해서 사용하는 선크림 입니다. 메이크업업에 방해도 안 되고 좋네요.
2026-07-23,A000000223207,62136301,2026.07.01,5,0,NORMAL, ,A02,B05,"C08,C09",0,396.0,1,0,치왈왈와르르,덧바르기 귀찮아서 사봤는데 촉촉하고 맘에 들어요 대용량버전도 나왔음 하네요
2026-07-23,A000000223207,62117558,2026.06.30,5,0,NORMAL, ,A06,B01,"C03,C05",0,396.0,1,0,테린이22,자극없이 순하고 촉촉하고 그냥 수분크림이예요ㅋㅋ 벌써 몇통째인지 모르겠네용 진짜 좋아용
2026-07-23,A000000223207,62104425,2026.06.30,5,0,NORMAL, ,A02,B06,"C01,C06",6,396.0,0,0,멜론볼,"여러 번 사용해봤는데 사용할 때마다 느낌이 일정했어요, 피부에 무리 없이 잘 맞아서 계속 쓰기 괜찮았어요."
2026-07-23,A000000223207,61389339,2026.06.13,5,0,NORMAL, ,A03,B05,"C03,C04",1,378.0,1,0,망상이,화장전에 사용하기 좋았고 흡수도 빠르고 끈적임이 덜해서 손이 아주 잘가는 선크림입니다 재구매하고 있고 앞으로도 계속 재구매할거 같습니다
2026-07-23,A000000223207,60869570,2026.06.04,5,0,NORMAL, ,A01,B05,C01,2,378.0,1,0,숙달,촉촉하고 백탁 거의 없고 무난하게 잘 발려요 기초 마지막 단계에 바르고 매트한 파데 바로 바르면 피부 표현 매끈하게 잘 되어서 좋아요
2026-07-23,A000000223207,60592763,2026.06.01,5,0,NORMAL, ,A05,B04,"C01,C02",5,378.0,1,0,밍숭맹숭올리비아,발림성이 정말 좋은 제형이고 백탁도 없어서 밖에서 쓱쓱 바르기 좋아요. 크게 유분지지도 않고 시간지나면 올라오는 건조함이나 퍼슬거림도 없어서 좋아요.
2026-07-23,A000000223207,60040170,2026.05.24,5,0,NORMAL, ,A02,B02,"C01,C08",0,378.0,1,0,인스턴트,촉촉하고 부드럽게 발리고 백탁현상 없고 원뿔원에 가격대도 좋아요
2026-07-23,A000000223207,62069753,2026.06.29,5,1,OFFLINE, ,A02,B02,"C01,C06",0,330.0,1,0,쿼카쿼카,잘 쓰고 있어요. 목애 바르면 좀 끈적임은 있지만 촉촉한 편이라서 건성인 저는 만족하며 쓰고 있어요. 재구매 의사 있음!
2026-07-23,A000000223207,62150570,2026.07.01,5,0,NORMAL, ,A03,B06,"C05,C07",0,270.0,1,0,hyunalee****,"저는 유튜브에서 이사배 님의 추천을 보고 구매 했어요
제 피부 타입은 크게 건조하기도 엄청 지성도 아니예요
저는 한 달 정도 선크림을 사용해 보았어요
선크림 제형은 완전 로션 재형이예요
저는 평소 선크림 매일 바르는데 10시간 이상 지속이 되어서 자주 덧 바르지 않아도 되어서 너무 편하고 좋았어요
그리고 수딩 크림처럼 촉촉하고 가볍고 흡수도 잘되어서 화장하기 전에 바르면 베이스 절대 안 밀리고 화장 정말 잘 먹여요.
그리고 눈 따가움이랑 백탁 현상 없어서 정말 좋았어요
지금까지 제가 사용했던 선크림 중에서 제일 좋았어요
벌써 한 통 다 써가는데 앞으로 이 제품만 구매할 것 같아요"
2026-07-23,A000000223207,62306949,2026.07.04,5,0,NORMAL, ,A01,B02,"C06,C09",0,264.0,1,0,오래누나,AHC 선제품은 자외선 차단도 잘되고 발림성도 다 좋아여. 종류별로 구매했습니다. 다 마음에 들어요!
2026-07-23,A000000223207,61977165,2026.06.27,5,0,NORMAL, ,A01,B04,"C05,C06",0,264.0,1,0,0힛0,아주 촉촉하고 은은한 광이 나서 화장하기 전에 사용하면 화장이 잘 먹어요.
2026-07-23,A000000223207,61704714,2026.06.20,5,1,OFFLINE, ,A03,B01,"C01,C04",1,198.0,0,1,하나쨩,"가성비 좋고 제품력도 우수해서 재구매 많이 한 제품입니다
휴대성도 좋아요!"
2026-07-23,A000000223207,61295474,2026.06.11,5,1,GIFT, ,A02,B01,"C01,C02",6,198.0,0,0,옴팡지쥬,"눈시림도 없고 백탁도 없어서 얼굴, 온몸에 막 쓰기 좋아요. 여름철 필수로 사는 선크림이에요"
2026-07-23,A000000223207,61295062,2026.06.11,5,1,GIFT, ,A07,B04,,4,198.0,0,0,리치망고,여름철 더운나라 여행가거나 물놀이할때 꼭 챙겨가는 선크림입니다. 백탁없이 부드럽게 발리고 강력해서 차단도 잘되서 좋아요. 기획에 미니어쳐 사이즈도 있으면 좋겠어요
2026-07-23,A000000223207,61238772,2026.06.10,5,0,NORMAL, ,A03,B01,"C03,C08",0,198.0,1,1,뽀뇨,"예민피부..
자극없이 순하고 부드럽고 촉촉하게 발려요.
지속력도 좋아요.
무향이라 더 좋네요."
2026-07-23,A000000223207,61237971,2026.06.10,5,0,NORMAL, ,A03,B05,"C04,C06",0,198.0,1,0,개꿀이,이 썬크림 쓰고 화장이 밀리지 않고 잘 먹어요..! 산뜻하게 마무리 되니 좋네요.
2026-07-23,A000000258834,62464844,2026.07.07,1,0,NORMAL,[기획]수딩크림(+토너25ml+클렌징폼),A03,B06,"C05,C07",63,14424.0,0,0,무결점피부원함,"이거 쓰고 피부다뒤집어졌었어요
뽀루지,여드름 등등 다 생기고..
민감성 수부지 분들은 쓰지마세요..

이게 좋다고 했던건 리뉴얼전이래요
리뉴얼후는 수분이 훨씬많아서
수부지가 쓰면 유분촬촬이예요"
2026-07-23,A000000258834,62215891,2026.07.02,1,0,NORMAL,[기획]수딩크림(+토너25ml+클렌징폼),A03,B05,"C01,C04",10,2730.0,0,0,이건된다,진짜 저한테 안맞음요.. 갖질간질거리고 뭐 올라오고 별로..
2026-07-23,A000000258834,61828609,2026.06.23,5,0,NORMAL,[기획]수딩크림(+토너25ml+클렌징폼),A05,B06,"C03,C09",12,1836.0,1,0,챌짱,"와 이거 매장에서 수분크림 손등에 4개
발라놓고 30분뒤에 만져보는데 이거 바른곳만 실크실크 해서 바로 사버렸어요 악건성인 제가 맘에 들었지만 지성인 동생이 다 써가요ㅠㅠ"
2026-07-23,A000000258834,61775752,2026.06.22,5,1,OFFLINE,[기획]수딩크림(+토너25ml+클렌징폼),A03,B04,"C04,C05",18,1710.0,1,0,이간격,"T존 피지가 많은 수부지 복합성 피부입니다
원래은 아토베리어 크림 계속 사용했는데 마침 여름크림 찾던 중에 수딩크림이 리뉴얼되었다고 해서 구매했어요! 일주일동안 수딩 단독이랑 365 크림이랑 번갈아가면서 사용했는데 수부지 복합성은 여름에 무조건 이거로 가셔야 합니다.. 아토베리어크림도 여름에 좋긴한데 저는 코 주위는 유분이 많아서 좀 무겁나? 싶었거든요 근데 수딩크림은 번들거리는 거 없이 필요한 딱 유수분만 채워주는 느낌이라 확실히 편하고 가벼워요 그리고 바를 때 은은하게 시원해서 피부 열감 진정에도 도움이 된 거 같아요 실제로 얼굴에 붉은기가 좀 가라앉은 듯
근데 평소에 나이아신+레티놀 조합 관리하시는 분들은 티존에는 수딩크림 바르고 볼에는 365크림 발라서 장벽보습까지 챙기는 것도 추천드려요 결국 마지막에는 이렇게 바르는 거로 정착함 수딩크림이라 양이 좀 팍팍 줄고 있는데 재구매의사 있습니다

사진은 일주일 전, 후입니다"
2026-07-23,A000000258834,61730536,2026.06.21,5,0,NORMAL,[기획]수딩크림(+토너25ml+클렌징폼),A03,B01,"C06,C09",19,1710.0,1,0,애웅이,에스트라 기초를 좋아해서 에센스나 세럼 선크림 다 잘쓰는데! 유독 일반 크림만큼은 저한테(티존만 기름진 복합성 수부지 피부) 기름져서 안맞게 느껴졌거든요. 그래도수딩크림은 괜찮겠지?하면서 모험해봤습니다. 뾰루지 안올라오고 괜찮네용! 건성한테는 부족할수도 있겠지만 여름에 쓰기 딱!!
2026-07-23,A000000258834,62780797,2026.07.14,5,0,NORMAL,[기획]수딩크림(+토너25ml+클렌징폼),A06,B05,"C01,C04",1,1674.0,1,0,유누들,남자친구한테 선물해줬는데 남자가 쓰기에도 즇은거같아요!
2026-07-23,A000000258834,62610990,2026.07.10,5,0,NORMAL, ,A02,B03,"C01,C02",2,1674.0,1,0,Rachelight,"에스트라 제품 워낙 유명해서 바디크림 써보고 좋아서 크림도 사봅니다
기획도 좋아요"
2026-07-23,A000000258834,62559750,2026.07.09,5,0,NORMAL, ,A03,,,2,1674.0,1,0,qlslsz,촉촉하고 흡수력이 좋아요. 무난하게 데일리로 쓰기 괜찮아요.
2026-07-23,A000000258834,62749835,2026.07.13,5,0,NORMAL,[기획]수딩크림(+토너25ml+클렌징폼),A02,B02,"C01,C13",0,1350.0,1,0,hyeio,"에스트라 아토베리어 365크림 잘 쓰다가 
수분 세럼 바르고 난 다음에 그래도 수분 보호막 만들어주려고 크림 찾다가 여름이라 수딩 크림 선택했어요
크림보다는 수딩 크림이 가벼운 느낌이라 선택했는데 적당히 피부에 올려주면 흡수도 잘되는거 같고 약간의 유분도 느껴져서 저녁에 바르거나 하면 될거 같아요
에스트라가 순하고 보습도 그래도 잘 잡아주는 느낌이라 기초 케어 제품이 잘 나오는거 같아요"
2026-07-23,A000000258834,62599566,2026.07.10,5,0,NORMAL, ,,,,1,945.0,1,0,마드리갈,"여름엔 이제품, 겨울엔 365크림
항상 사용 하는 제품입니다"
2026-07-23,A000000258834,62552330,2026.07.09,4,0,NORMAL, ,,,,1,945.0,1,0,biyouotaku,처음 사봤어요 좋은 느낌!! 앞으로도 사용하겠습니다!!
2026-07-23,A000000258834,61102451,2026.06.07,1,0,NORMAL,[기획]수딩크림(+토너25ml+클렌징폼),A03,B06,"C01,C05",48,900.0,1,0,무결점피부원함,"오늘 2번정도 사용해줬는데(화장전,지우고난뒤)
좋네요.. 수분크림답게 수분보충 역할을 잘해줘요
특히 이거바르고 화장하니까 화장이 엄청 잘먹어요😍😍😍👍🏻
이제 1~2주 더 써보고 여드름이 나는지 안 나는지 봐야되는데 안 났으면 좋겠네요ㅠㅠ (민감성피부라..)


+만약에 본인이 민감성에 여드름 잘나는 수부지다?
그럼 사지마세요
유분기가 엄청 많고 이거쓰고 각종 좁쌀이랑 여드름 많이 올라오고 피부가 따가워요
설마 이거때문인가 싶어서 이틀 안썼더니 다시 가라앉고..하
엄청 비싸게 주고 샀는데 이게 뭔지ㅠ

민감성 수부지에 좋다는건 리뉴얼전 제품이라고 하더라고요? 근데 제가 쓴건 리뉴얼후 제품..
엄청 따갑고
조금만 발라도 유분폭발입니다

*찾아보니까 민감성 수부지한테 좋다고 알려진건 리뉴얼전이고 리뉴얼후는 호불호가 은근많이 갈리는거 같아용..
민감하신 분들이면 그냥 피하시는게 맞을거같아용.."
2026-07-23,A000000258834,61901846,2026.06.25,1,0,NORMAL,[기획]수딩크림(+토너25ml+클렌징폼),A03,B01,"C05,C09",24,870.0,0,0,wldms5****,수부지에 민감성이라 기존에 에스트라 수딩크림 너무 잘쓰고 있었어요 진짜 여러통 사서 썼는데 리뉴얼 버전 너무 아쉬워요 리뉴얼 전 에스트라 수딩크림이 뭔가 코팅되듯이 마무리 되고 덜 번들거려서 좋았어요 근데 리뉴얼 된 버전은 하얀색 365크림의 약간 가벼운 버전 같아요 지성이 여름에 절대 못 바를 것 같아요 수부지 기준으로 최소 가을 이나 겨울에 발라야 할것 같은 사용감이에요 양이 늘어난 건 좋지만 그냥 기존버전이 다시 돌아왔으면 좋겠어요ㅜㅜ
2026-07-23,A000000258834,62707891,2026.07.12,5,0,NORMAL,[기획]수딩크림(+토너25ml+클렌징폼),A02,B01,"C04,C10",1,810.0,0,0,ohmyori,에스트라 믿고 구매합니다. 수부지는 아니고 겨울엔 건성 여름엔 복합성으로 바뀌는 피부라 여름용으로 쓰려고 구매했어요! 확실히 번들거림이 없어서 신기한데 이 크림만 바르면 약간 따갑고 열감이 올라옵니다 ㅠㅠ.. 제 피부에는 자극적인가봐요 ㅠㅠ 왜지..
2026-07-23,A000000258834,61968795,2026.06.27,5,0,NORMAL,[기획]수딩크림(+토너25ml+클렌징폼),A06,B02,"C01,C02",2,756.0,1,0,yiji,이제품 써보고 싶어서 구입했는데 좋아요 촉촉하고 수분감이 풍부합니다 빨리써볼걸 고민을 괜히했어요 세트로 사서 너무좋습니다!!
2026-07-23,A000000258834,62987965,2026.07.19,5,0,NORMAL, ,,,,0,660.0,1,0,ggㄴ,맨날 나가지 피부가 당겨서 구입했어요 촉촉해서 피부가 덜 당겨서 좋았고 순하니깐 좋아서요
2026-07-23,A000000258834,61594346,2026.06.18,5,0,NORMAL,[기획]수딩크림(+토너25ml+클렌징폼),A01,B03,,10,630.0,1,0,니가좋아올영세일,"아토베리어 수딩크림 7통넘게 쓰고 인생템인데 리뉴얼이라는 말 듣고 심장이 발랑발랑했는데요..

더 좋아졌네요!

수부지에 조금만 기름진거 쓰면 모공 막히고 아침에 얼굴 엄청 번들거리는데 이 제품은 쓰고 나서도 얼굴이 편안하고 다음날 아침에도 피부가 숨을 쉬고 있는 느낌입니당"
2026-07-23,A000000258834,61613187,2026.06.18,5,0,NORMAL,[기획]수딩크림(+토너25ml+클렌징폼),A02,B01,"C01,C02",10,558.0,1,0,뿅아리콩,"에스트라 순하고 촉촉하고 성분 좋아요~ 
여름이라 기본말고 수딩제품 구입했는데 딱 좋네용!"
2026-07-23,A000000258834,61346394,2026.06.12,5,0,NORMAL,[기획]수딩크림(+토너25ml+클렌징폼),A02,B03,"C01,C02",6,558.0,1,0,오올챙,"에스트라 아토베리어 크림은 너무 유명해서 써봤는데, 개인적으로는 여름에 바르기엔 다소 답답함이 있었어요. 이번 &#039;하이드로 수딩크림&#039;은 여름용 가벼운 느낌으로 좋아요. 캡슐도 들어있어서 수분은 더 채워주는것 같아요."
2026-07-23,A000000258834,62086468,2026.06.30,5,0,NORMAL,[기획]수딩크림(+토너25ml+클렌징폼),A02,B03,"C02,C03",2,540.0,0,0,꾸꾸끼끼까까,"여름마다 쓰는 에스트라 수딩크림이 리뉴얼되어 바로 써봤어요! 기존 제품도 너무 잘 썼는데 리뉴얼된 제품도 역시나 만족스러웠어요 ㅎㅎ 촉촉하고 가벼우면서 수분충전되고, 화장도 안밀려서 완전 만족합니다👍 여름에 쓸 가벼운 수딩크림 찾으시면 추천해요!!"
2026-07-23,A000000258834,62936612,2026.07.17,5,0,NORMAL,[기획]수딩크림(+토너25ml+클렌징폼),A03,B05,"C05,C06",0,528.0,1,0,오쏘리,에스트라에서 여름용 크림이 나와서 좋습니다 여름에도 캡슐형 크림이라니 이전에 수딩크림도 잘 썼지만 밤에 충전용으로 쓰기 딱 좋아요
2026-07-23,A000000258834,61591784,2026.06.18,5,0,NORMAL,[기획]수딩크림(+토너25ml+클렌징폼),A01,B03,"C02,C09",9,525.0,1,0,꼼오,"나 수부지고 여름 크림 찾고있다?? 제발 사세요😭

 리뉴얼되고 기본 아토베리어 크림처럼 캡슐도 들어가 있고 사용감도 더 좋아진 것 같아서 꽤 만족스러워요. 스킨케어 잘못 쓰면 피부가 바로 뒤집어지는 편인데 이건 그런 자극 없이 편하게 사용할 수 있었습니다.

 유수분 밸런스 잡아주는거 진짜 잘해요!!!! 수부지 분들은 아마 공감하실 텐데 날씨 더워지면 밤에 스킨케어 열심히 하고 자도 아침에 일어났을 때 얼굴에 누가 기름 쏟은 것처럼 번들거리잖아요? 저는 그게 진짜 스트레스였는데 이 크림 쓰고 나서는 그런 느낌이 거의 없어서 좀 놀랐어요😳 촉촉한데 마냥 무겁거나 답답하지 않은 느낌? 진짜 수부지 고민 해결 맞아요. 세라히알 앰플이랑 같이 쓰면 궁합도 좋아요🫶

 화장 전에 쓰기도 딱이었어요! 끈적이지도 않고 싹 흡수되는 크림이라 바르고 베이스 해도 밀리거나 뜨는 느낌 없이 잘 먹더라구요👍👍"
2026-07-23,A000000258834,63080253,2026.07.20,1,1,OFFLINE,[기획]수딩크림(+토너25ml+클렌징폼),A04,B01,"C01,C04",1,504.0,1,0,러블리키,왜 리뉴얼 하신건가요..? 리뉴얼 전버전 너무 좋아서 비운것만 20통인것같은데.. 진짜 아쉬워요😔
2026-07-23,A000000258834,62538458,2026.07.09,4,0,NORMAL, ,A03,B02,"C01,C06",0,495.0,1,0,히뽀02,기존에 쓰던 크림이 여름에 쓰기엔 좀 무겁게 느껴져서 오름용읋 구매해봤는데 넘 좋아요
2026-07-23,A000000258834,60796429,2026.06.04,5,0,NORMAL,[기획]수딩크림(+토너25ml+클렌징폼),A02,B04,"C04,C09",36,465.0,1,0,코덕zip,"📌 원래 에스트라 크림을 사용하고 있는데 여름에는 너무 무거운거 같아서 여름용으로 하나 장만했습니다.

📌 피부타입 -&gt; 보습감이 좋아서 건성 추천해요!

📌 마무리감 -&gt; 끈적임 없이 가벼운 마무리감"
2026-07-23,A000000258834,60255420,2026.05.28,5,0,NORMAL,[기획]수딩크림(+토너25ml+클렌징폼),,,,58,450.0,1,0,퀸유나,"여름용으로 나오는 수분크림은 항상 수분막만 씌워지는 크림들만 많았고 오히려 시간이 지나면 건조하고 별로였는데 이번 리뉴얼은 너무잘했다고 생각해요 ㅎㅎ기존 에스트라 크림보다 유분비율은 반이하로 줄였고 수분감을 채우고 세라마이드 캡슐까지 그대로 들어있어서 은은한 쿨링감,수분감이 채워지면서 딱 과하지않은 보습감이 이번 여름에 사용하기에 딱 알맞은거같아요 ㅎㅎ여름용 수분크림으로 실패없으실거에요 :)"
2026-07-23,A000000258834,60114525,2026.05.25,5,0,NORMAL,[기획]수딩크림(+토너25ml+클렌징폼),A02,B04,"C02,C03",51,450.0,1,0,vitabella02,"아토베리어 크림도 좋지만 땀나고 더운 한 여름에는 건성이지만 하이드로 수딩 크림도 병행해서 사용하는데 이번에 새롭게 업그레이드 되서 출시되서 올영라이브때 캡슐 토너와 함께 구매했어요. 제형은 반투명 젤타입인데 캡슐이 들어있고 바를때 부드럽게 펴발라지면서 흡수도 잘됩니다. 끈적임은 전혀 없고 유수분을 잘 맞춰줘서 그런지 피부가 편안한 느낌이에요. 5배 흡수가 빠른 압축 히알루론산과 고밀도 세라마이드 캡슐이 함유되서 그런지 속건조도 잡아주고 보습도 꽤 오래 가더라구요. 기존 대비해서 용량도 20ML나 더 줘서 혜자~ 수부지 타입에게 사계절 베스트지만 건성피부도 여름에 사용하기 좋고 건성이지만 T존 부위 번들거리는 저의 경우에는 여름제외 봄, 가을, 겨울에는 T존 부위만 발라줘도 좋을 것 같아서 대만족입니다."
2026-07-23,A000000258834,60072310,2026.05.24,5,0,NORMAL,[기획]수딩크림(+토너25ml+클렌징폼),A04,B04,"C05,C11",77,450.0,1,0,Baeksulgi,"에스트라 기본 라인 보습제는 다 사용해본 민감성입니다!
옛날 버전은 흡수되면 아무것도 안 바른 것 같은 사용감과 함께 약간의 건조함이 있어 아쉬웠어요

잘라서 거의 다 쓴 시점에서 신제품 출시라 구매했어요
365 크림 처럼 캡슐이 있는게 신기했어요. 샥 흡수되고 시원해지고 예전 것보다 건조함은 더 잡아주는 느낌이었어요. 용량도 많아져서 좋아요

⭐️수분크림은 아침에 필수인데 장벽관리를 함께 안해주면 결국 피부가 무너집니다. 그래서 장벽관리도 함께 되는 가벼운 수분크림을 찾고 있다면 잘 사용하실겁니다.⭐️

-365 크림: 저녁 아니면 손상된 피부장벽에
-수딩크림: 아침에 아니면 저녁에 이마에만
-로션: 크림이 조금 묵직할 때랑 겨울 아침
- 기존 수딩크림: 여름 아침 끈적이는거 싫을 때"
2026-07-23,A000000258834,62522244,2026.07.08,5,0,NORMAL,[기획]수딩크림(+토너25ml+클렌징폼),A04,,C08,0,396.0,1,0,meay****,너무너무 추천드립니다 이번에 신제품으로 나왓는데 에스트라는 무조건 믿고 샀습니다 역쉬~!!여름에 쓰기 짱
2026-07-23,A000000258834,62360381,2026.07.05,5,0,NORMAL,[기획]수딩크림(+토너25ml+클렌징폼),A03,B04,"C01,C02",1,396.0,0,0,잼콩잼콩,"두개째 재구매했어요
기존 아토베리어 크림 바르시는 분들 악건성 제외하고는 여름용으로 이 제품 추천드려요
가볍고 산뜻한데 수분감 촉촉히 올라와서 필수템입니당💙"
2026-07-23,A000000208162,62289653,2026.07.04,5,0,NORMAL,멜론밀크 45g,A02,B01,"C09,C11",4,1836.0,1,1,ssy01,우유를 부어마셨더니 멜론 아이스크림을 녹인 맛이 났다 전체적으로 달달해서 단백질 쉐이크 입문용으로 먹기에도 괜찮다고 느꼈다
2026-07-23,A000000208162,62203113,2026.07.02,5,0,NORMAL,[포켓몬에디션]흑임자인절미,A03,B02,"C02,C03",1,1620.0,1,0,v브영2v,"딜라이트 프로젝트 단백질쉐이크 행사가로 구매했어요. 포켓몬 콜라보 제품이라 패키징이 더 귀엽고 종류가 많아서 골라 마시기 좋아요~ 1+1 행사에 올영 빅세일로 할인도 받았어요.

우유나 두유에 타먹으면 아침대용으로 든든하고, 운동전후 마시기 좋아요~ 하나씩 가지고 다니기 편한 파우치 타입이라 마음에 들고, 유통기한도 넉넉합니다.

요즘 단쉐 뽀개기 하고 있어서 여러브랜드꺼 구매하고 있는데 기대되요. 1+1 너무 좋아요. 구매 추천드립니다."
2026-07-23,A000000208162,63175596,2026.07.23,5,0,NORMAL,[포켓몬에디션]흑임자인절미,A02,B01,"C09,C11",0,1512.0,1,1,ssy01,흑임자 맛은 고소하면서도 달달한 편이었다. 여러 가지 맛 중에서 흑임자 맛이 가장 맛있었다. 앞으로도 자주 세일해 주면 좋을 것 같다.
2026-07-23,A000000208162,63175179,2026.07.23,5,0,NORMAL,[포켓몬에디션]멜론밀크,A02,B01,"C09,C11",0,1512.0,1,1,ssy01,전체적으로 달달했고 멜론 아이스크림 녹인 맛이 났다 조금은 덜 달았으면 좋겠다 물보다는 우유를 따라 마시는 게 더 잘 어울렸다 가루가 고운 편이긴 하나 잘 섞이려면 열심히 흔들어줘야 된다
2026-07-23,A000000208162,63175015,2026.07.23,5,0,NORMAL,[포켓몬에디션]블루베리요거트,A02,B01,"C09,C11",0,1512.0,1,1,ssy01,"블루베리 맛은 달면서 새콤한 맛이 느껴져서 맛있었다
여러 가지 맛 중에서 블루베리랑 흑임자 맛이 가장 맛있었다
가루가 잘 섞이도록 열심히 흔들어 줘야 됐다
패키지가 귀엽긴 하지만 먹고 버려야 되니까 차라리 기념품을 주는 게 더 좋을 것 같다"
2026-07-23,A000000208162,63174914,2026.07.23,5,0,NORMAL,[포켓몬에디션]멜론밀크,A02,B01,"C09,C11",0,1512.0,1,1,ssy01,우유를 부어 마셨더니 멜론 아이스크림을 녹인 맛이 나면서 달달했다. 조금만 덜 달아도 좋을 것 같다. 단백질 쉐이크 특유의 텁텁한 맛은 느껴지지 않아 좋았다. 가루가 잘 섞이도록 열심히 흔들어 줘야 된다.
2026-07-23,A000000208162,62936408,2026.07.17,5,0,NORMAL,멜론밀크 45g,A02,B01,"C01,C02",0,1512.0,1,0,김콩언니,"출출할 때 단백질쉐이크를 먹고 있는데 멜론밀크맛을 먹어 보았습니다.
이름대로 달달한 멜론우유맛이라 먹기 편합니다."
2026-07-23,A000000208162,62936380,2026.07.17,5,0,NORMAL,고구마미숫가루 45g,A02,B01,"C01,C02",0,1512.0,1,0,김콩언니,평소에 고구마를 좋아해서 고구마 미숫가루맛을 즐겨 먹습니다. 고구마 라떼 먹는듯 하여 맛있습니다.
2026-07-23,A000000208162,62895579,2026.07.16,4,0,NORMAL,[포켓몬에디션]피스타치오초코,A03,B03,C08,0,1512.0,1,1,인생템만리뷰할거야,"무난하니 단쉐 돌려먹을때 좋음 ••
피쵸맛이 쎄진 않아요ㅠㅠ"
2026-07-23,A000000208162,62881993,2026.07.16,5,0,NORMAL,너티초코 45g,A03,B04,"C01,C03",2,1512.0,0,0,너니링,"초코맛이 너무 진하거나 텁텁한 느낌은 아니었고 
고소한 맛도 같이 나서 생각보다 괜찮더라고요 
운동하고 나서나 출출할 때 간단하게 먹기 편해요"
2026-07-23,A000000208162,62881980,2026.07.16,5,0,NORMAL,[포켓몬에디션]고구마미숫가루,A03,B04,"C01,C03",2,1512.0,0,0,너니링,"고구마미숫가루 맛이라 부담 없이 마시기 좋았어요 
너무 달지 않아서 아침에 간단하게 먹거나 
출출할 때 하나 마시기 괜찮더라고요 
포만감도 생각보다 있어서 간식 대신 먹기에도 무난했어요"
2026-07-23,A000000208162,62292405,2026.07.04,4,0,NORMAL,[포켓몬에디션]옥수수카스테라,A02,B01,"C09,C11",3,1476.0,1,1,ssy01,전체적으로 많이 달아서 먹다 보면 조금 물리는 맛이었다 고구마 맛이 강하게 나서 달달했다 물보다는 우유가 더 잘 어울렸다
2026-07-23,A000000208162,62292099,2026.07.04,4,0,NORMAL,피스타치오초코 45g,A02,B01,"C09,C11",3,1476.0,1,1,ssy01,뒷면 뒷면에 눈금선에 맞춰서 우유를 타서 마셨는데 진해서 괜찮았다 초코맛보다는 피스타치오 맛이 강해서 약간 호불호 갈릴 맛이었다 앞으로도 자주 세일해 주면 좋을 것 같다
2026-07-23,A000000208162,62289692,2026.07.04,5,0,NORMAL,블루베리요거트 45g,A02,B01,"C09,C11",3,1476.0,1,1,ssy01,가루가 잘 섞이도록 열심히 흔들어줘야 했다 블루베리 맛은 새콤하면서도 달달한 맛이 났다 먹고나면 포만감도 들어 괜찮았다 앞으로도 계속 세일해주면 좋을 것 같다
2026-07-23,A000000208162,62289529,2026.07.04,4,0,NORMAL,[포켓몬에디션]고구마미숫가루,A02,B01,"C09,C11",3,1476.0,1,0,ssy01,"포켓몬 에디션이라 패키지가 귀여웠다. 다만 어차피 마시고 나면 버릴 거라서 차라리 증정품으로 주는 게 더 좋을 것 같다.
맛은 고구마 맛이 조금 더 강했고 전체적으로 달았다. 달달한 쉐이크를 찾는다면 이 쉐이크가 괜찮을것 같다고 느꼈다."
2026-07-23,A000000208162,62289508,2026.07.04,4,0,NORMAL,[포켓몬에디션]옥수수카스테라,A02,B01,"C09,C11",3,1476.0,1,0,ssy01,전체적으로 딜라이트 프로젝트 쉐이크들은 단맛이 강해서 단맛을 조금 줄여줬으면 좋겠다 옥수수 맛이 나면서 고소해서 먹을만했다 우유에 따라 마시는 게 더 맛있었다
2026-07-23,A000000208162,62289479,2026.07.04,5,0,NORMAL,흑임자인절미 45g,A02,B01,"C09,C11",3,1476.0,1,0,ssy01,"꾸준히 재구매하고 있는 맛과 브랜드이다 여러 가지 맛 중에서 흑임자 맛이 가장 맛있게 느껴졌다 달달하고 고소했고, 안에 토핑 같은 것도 있어서 식감도 괜찮았다"
2026-07-23,A000000208162,62838506,2026.07.15,4,0,NORMAL,멜론밀크 45g,A03,B06,"C03,C07",0,1350.0,1,0,흔한코덕,"끝까지 살 지 말 지 고민했던 쉐이크에요ㅠ 멜론맛이랑 피스타치오맛 둘 다 제가 엄청 좋아하는 맛은 아니라서 그냥 같은 브랜드의 블루베리, 딸기 요거트맛만 사려다가 그래도 1+1 행사 중이니까 좀 큰 맘 먹고(?) 모험해보고자 사봤습니다 ㅋㅋㅋ 그래도 그냥 피스타치오가 아니라 피스타치오&#039;초코&#039;니까 초코를 좋아하는 제가 못 먹을 법한 맛은 아닐 것 같다는 희망을 걸어봤어요 ㅎㅎ 멜론맛 쉐이크는 타 브랜드 껄 먹어본 적이 있는데 그것도 그냥 저냥 무난한 맛(아이스크림 메ㄹㄴ맛)이라 얘랑 걔랑 실질적으로 큰 차이는 없을 것 같긴 하거든요... 그래도 딜프 쉐이크는 저당인 것 대비 단맛이 진하고 쉐이크 맛도 묵직한 게 특징이라서 딜프만의 멜론 쉐이크는 어떤 맛일지 궁금해지긴 해요. 2개 다 먹어보고 1달 뒤에 자세한 후기 가져오겠습니다 :)"
2026-07-23,A000000208162,62838258,2026.07.15,4,0,NORMAL,블루베리요거트 45g,A03,B06,"C03,C07",0,1350.0,1,0,흔한코덕,"딜프 쉐이크는 너티초코, 옥수수카스테라, 고구마미숫가루, 흑임자인절미 이렇게 4종류 출시되고 한 동안 신상맛이 추가된 적이 없었는데 이번에 정말 오랜만에 신규 맛이 4가지나 추가되었더라구요 ㄷㄷㄷ 사실 4가지 모두 제가 아주 좋아할 법한 맛은 아니긴 했지만 1+1 행사 중이길래 궁금해서 4개 모두 사봤습니다! 픽업으로 주문했는데 블루베리요거트+딸기요거트, 멜론밀크+피스타치오초코 이렇게 나눠서 담았어요. 뭔가 요거트맛끼리 묶어서 담는게 보기 좋더라구요(?ㅋㅋㅋ) 공교롭게도 그동안 먹던 쉐이크들이 다 동나서 이번에 쉐이크를 꽤 여러개 구매했는데 타사 쉐이크들 중에도 블루베리요거트맛이 있어요. 그래서 먹어본 후 블루베리요거트맛 쉐이크들끼리 비교해서 리뷰 작성해볼까 해요. 물론 증정으로 고른 딸기요거트맛도 함께 가져올게요 :)"
2026-07-23,A000000208162,62809700,2026.07.14,5,0,NORMAL,고구마미숫가루 45g,A03,B01,"C01,C04",0,1350.0,1,1,Amyyy,"남자 친구가 프로틴 쉐이크 제가 이것저것 사줬는데도 이것만 먹더라구요. 이게 제일 맛있대요. 왜인지는 모르겠어요. 저는 이것도 맛있고 다른 몇 개도 더 맛있는데 얘는 이것만 자꾸 먹으니까 제가 이걸 자꾸 사게 되니까요.ㅋㅋ그래도 맛있다고 먹는 게 어딘가 싶어가지고 사 줍니다
저는 근데 이거 큰 통으로도 있어요. 맛 있긴 하거든요.ㅋㅋ
다른 브랜드 피넛버터도 맛있는데요 이거랑 번갈아가면서 먹어요"
2026-07-23,A000000208162,62762598,2026.07.13,5,0,NORMAL,[포켓몬에디션]너티초코 2입기획,A01,B05,"C03,C06",0,1350.0,1,0,ㅣ김여름ㅣ,"딜라이트 단쉐 🍫너티초코

🍫구성 : 너티초코 단쉐 2개 + 포켓몬 카드 스티커

🍫 단백질 19g
🍫 180kcal

딜라이트 단쉐 너티초코 맛있게 먹은 기억이 있는데 포켓몬 콜라보도 했길래 재구매했어요

🍫초코의 달달한 맛과 견과류의 고소한 맛이 잘 어울려요!!
아몬드 브리즈 타먹으면 더 맛있어요 

🍫포켓몬 카드 스티커도 귀여워요"
2026-07-23,A000000208162,62465914,2026.07.07,5,0,NORMAL,[포켓몬에디션]딸기요거트,A03,B02,"C02,C03",0,1260.0,1,0,v브영2v,"딜라이트 프로젝트 단백질쉐이크 행사가로 구매했어요. 포켓몬 콜라보 제품이라 패키징이 더 귀엽고 종류가 많아서 골라 마시기 좋아요~ 1+1 행사에 올영 빅세일로 할인도 받았어요.

우유나 두유에 타먹으면 아침대용으로 든든하고, 운동전후 마시기 좋아요~ 하나씩 가지고 다니기 편한 파우치 타입이라 마음에 들고, 유통기한도 넉넉합니다.

요즘 단쉐 뽀개기 하고 있어서 여러브랜드꺼 구매하고 있는데 기대되요. 1+1 너무 좋아요. 구매 추천드립니다."
2026-07-23,A000000208162,62465808,2026.07.07,5,0,NORMAL,블루베리요거트 45g,A03,B02,"C02,C03",0,1260.0,1,0,v브영2v,"딜라이트 프로젝트 단백질쉐이크 행사가로 구매했어요. 포켓몬 콜라보 제품이라 패키징이 더 귀엽고 종류가 많아서 골라 마시기 좋아요~ 1+1 행사에 올영 빅세일로 할인도 받았어요.

우유나 두유에 타먹으면 아침대용으로 든든하고, 운동전후 마시기 좋아요~ 하나씩 가지고 다니기 편한 파우치 타입이라 마음에 들고, 유통기한도 넉넉합니다.

요즘 단쉐 뽀개기 하고 있어서 여러브랜드꺼 구매하고 있는데 기대되요. 1+1 너무 좋아요. 구매 추천드립니다."
2026-07-23,A000000208162,62203124,2026.07.02,5,0,NORMAL,[포켓몬에디션]고구마미숫가루,A03,B02,"C02,C03",0,1260.0,1,0,v브영2v,"딜라이트 프로젝트 단백질쉐이크 행사가로 구매했어요. 포켓몬 콜라보 제품이라 패키징이 더 귀엽고 종류가 많아서 골라 마시기 좋아요~ 1+1 행사에 올영 빅세일로 할인도 받았어요.

우유나 두유에 타먹으면 아침대용으로 든든하고, 운동전후 마시기 좋아요~ 하나씩 가지고 다니기 편한 파우치 타입이라 마음에 들고, 유통기한도 넉넉합니다.

요즘 단쉐 뽀개기 하고 있어서 여러브랜드꺼 구매하고 있는데 기대되요. 1+1 너무 좋아요. 구매 추천드립니다."
2026-07-23,A000000208162,62203059,2026.07.02,5,0,NORMAL,[포켓몬에디션]너티초코,A03,B02,"C02,C03",0,1260.0,1,0,v브영2v,"딜라이트 프로젝트 단백질쉐이크 행사가로 구매했어요. 포켓몬 콜라보 제품이라 패키징이 더 귀엽고 종류가 많아서 골라 마시기 좋아요~ 1+1 행사에 올영 빅세일로 할인도 받았어요.

우유나 두유에 타먹으면 아침대용으로 든든하고, 운동전후 마시기 좋아요~ 하나씩 가지고 다니기 편한 파우치 타입이라 마음에 들고, 유통기한도 넉넉합니다.

요즘 단쉐 뽀개기 하고 있어서 여러브랜드꺼 구매하고 있는데 기대되요. 1+1 너무 좋아요. 구매 추천드립니다."
2026-07-23,A000000208162,62780809,2026.07.14,5,0,NORMAL,[포켓몬에디션]피스타치오초코,A06,B05,"C01,C04",0,1134.0,1,1,유누들,여태 먹어본 단백질 쉐이크중에서 제일 맛있었음 진짜 걍 간식인디
2026-07-23,A000000208162,62719371,2026.07.12,5,0,NORMAL,[포켓몬에디션]옥수수카스테라,A01,B03,C11,2,1134.0,0,1,bbokari,단백질 쉐이크 중에 딜라이트 프로젝트 옥수수 카스테라가 제일 맛있음 ㅇㅇ 진짜 이거 행사할 때마다 구매하는듯
2026-07-23,A000000208162,62668519,2026.07.11,3,0,NORMAL,딸기요거트 45g,A01,B04,"C01,C02",2,1134.0,0,0,스루루,딸기요거트라 상큼한데 단백질 쉐이크 특유의 비린맛이랑 텁텁함을 못잡아서 약간 혼종의 맛이 남...
2026-07-23,A000000208162,62614068,2026.07.10,2,0,NORMAL,흑임자인절미 45g,A02,B02,"C01,C08",0,1134.0,1,0,hoii,"✔️안에 크런치한 토핑 씹히는 게 많아서 식감이 좋아요

✔️ 타 브랜드의 단백질쉐이크보다 잘 안 섞여요..꾸덕한 두유랑 섞어 먹어서 그런가 가루가 덩어리로 씹혀서 아쉽네요ㅠㅠ"
2026-07-23,A000000208162,62554450,2026.07.09,5,0,NORMAL,블루베리요거트 45g,A03,B02,"C01,C11",1,1134.0,1,0,어피치콜,"임플란트를 하고있는 신랑을 줄려고
계속 구매를 하고있는데 제대루 못씹으니까
요런걸 하나씩 마시니 배고픔을 달래기
좋은거 같아요"
2026-07-23,A000000213569,60714684,2026.06.03,5,0,NORMAL,노글루 뮤즈 라이트,A04,B01,"C01,C02",188,7650.0,1,0,솔직리뷰주의,"‼️[한줄평 : 자연스러운 가닥 속눈썹 원하시면 뮤즈라이트 사세요]  ⭐️항암중이라 사진이해 부탁드려요 🙏 

​코링코 톡톡하라 유명해서 사봤는데 두번째 구매라서 다른버전인 뮤즈라이트를 샀어요!

일단  노글루라 확실히 눈에 자극도 덜하고 눈 시림이 없어서 너무 편해요. 

✅️ 뮤즈라이트는 길이가 너무 길거나 과하지 않고 내 속눈썹이랑 자연스럽게 섞이는 스타일이라 대만족입니다.
 
붙이고 나면 눈매가 확실히 또렷해 보이고 아련한 느낌(?)이 살아서 셀카 찍을 때 눈이 진짜 예쁘게 나와요😆


🍯👍🏻​장단점 솔직 요약 & 활용 팁!
접착제가 붙어있는 대가 투명하다 보니 잘못 붙여도 티가 덜 난다는 게 초보자분들한테 큰 장점일 것 같아요. 다만 단점이라면 재사용하기는 살짝 어렵고 일회용으로 생각하셔야 한다는 점?

📌 더 예쁘게 붙이는 팁은, 눈동자 가운데 부분에는 10mm나 11mm로 포인트를 주고 눈 앞머리랑 꼬리 쪽은 뮤즈라이트 짧은 걸로 이어주면 자연스러운 인형 눈매 완전 가능해요! 지금 또 하필 올영세일이라 올영 세일할 때 쟁여두면 중요한 날마다 요긴하게 쓰실 거예용♡!"
2026-07-23,A000000213569,62798670,2026.07.14,4,0,NORMAL,노글루 퓨어 라이트,A02,B01,"C01,C05",3,2214.0,1,1,너굴촌장,가격 제발 낮춰주세요구리ㅠ 가격이 너무 비싸서 별 하나 뺐다구리ㅠ 그거빼고는 인생 속눈썹
2026-07-23,A000000213569,62101909,2026.06.30,3,0,NORMAL,노글루 뮤즈 라이트,A04,B04,"C04,C05",7,1980.0,1,0,로메인,"보기보다 자연스럽다는 후기를 보고 구매했는데 정면에서 보면 자연스럽지만 상대방이 위에서 보거나 눈을 감으면 엄청 인위적이에요.

여름에 여행가거나 특별한 날 한번씩 쓰겠지만 제 기준 일상에서 쓰기엔 부담스러운 느낌이라 재구매 의사는 없습니다."
2026-07-23,A000000213569,62716551,2026.07.12,5,0,NORMAL,노글루 뮤즈 라이트,A01,B05,"C05,C06",1,1890.0,1,1,됴럄이쥐,"&lt;한 달 사용 리뷰&gt;
한 달 직접 사용해보고 남기는 후기입니다 ! 
만족도 : ⭐️X5

평소 속눈썹 붙이는 걸 좋아하지만 접착제를 사용하는 과정이 번거로워서 노글루 제품을 구매해 봤습니다. 생각했던 것보다 사용이 훨씬 간편해서 만족스러웠어요. 접착제를 따로 바를 필요가 없어서 메이크업 시간도 줄어들고 초보자도 쉽게 사용할 수 있는 제품이라고 느꼈습니다.

뮤즈 라이트는 자연스러우면서도 눈매를 또렷하게 만들어 주는 스타일이라 데일리 메이크업에 특히 잘 어울렸습니다. 과하게 인위적인 느낌 없이 원래 속눈썹이 풍성한 것처럼 연출되어 부담 없이 사용할 수 있었어요. 가볍게 밀착돼 착용감도 편안했고 눈이 무겁게 느껴지지 않았습니다.

유지력도 생각보다 괜찮아서 외출하는 동안 크게 들뜨지 않았고, 사진을 찍었을 때도 눈매가 더 또렷해 보여 만족스러웠습니다. 자연스러운 속눈썹 연출을 선호하는 분들에게 추천하고 싶은 제품입니다.

매번 재구매하는 아이템 중 하나예요 ㅎㅎ 
모든 분들께 추천드립니다👍🏻"
2026-07-23,A000000213569,63036171,2026.07.20,5,0,NORMAL,노글루 퓨어 라이트,A05,B04,"C04,C10",0,1800.0,1,0,태닝키티조아,속눈썹 붙이는 게 이리도 쉬운 일이었다니 🥹 제가 완전 똥손이라 예전에 속눈썹 붙일 땐 풀 양조절 잘못해서 눈꺼풀 다 풀 범벅되고.. 속눈썹 금방 떼지고 시간도 너무 오래걸려서 반쯤 포기하고 살았거든요 ㅜㅜ 근데 노글루 버전이 생겨서 너무너무 좋아요 속눈썹 10초컷 가능할 정도에요 가격대는 좀 있지만 저는 특별한 날에 주로 사용해서 괜찮았고 할인할 때 사면 가성비 괜찮으니까 추천드려요! 다른 곳에서 구매하면 성분도 정확하지 않고 아무래도 눈가에 붙이는 거다 보니 좀 위험하겠다 싶어서 전 이 제품 계속 사려구요!! 퓨어 라이트가 딱 쫑쫑 속눈썹 연출 가능해서 속눈썹 입문하시는 분들은 이거 추천드려요
2026-07-23,A000000213569,62716761,2026.07.12,5,0,NORMAL,노글루 퓨어 라이트,A01,B05,"C05,C06",0,1350.0,1,0,됴럄이쥐,"&lt;한 달 사용 리뷰&gt;
한 달 직접 사용해보고 남기는 후기입니다 ! 
만족도 : ⭐️X5

평소 진한 속눈썹보다는 자연스럽고 깔끔한 메이크업을 선호하는 편이라 퓨어 라이트를 선택했는데 기대 이상으로 만족스러웠습니다. 전체적으로 가볍고 깔끔한 느낌이라 학생이나 직장인 데일리 메이크업에도 부담 없이 사용할 수 있었어요.

노글루 타입이라 사용 과정이 간편했고, 접착제 사용이 어려웠던 사람도 쉽게 붙일 수 있었습니다. 속눈썹이 한 올 한 올 자연스럽게 표현돼 가까이서 봐도 과한 느낌이 없었고 눈매가 은은하게 또렷해지는 효과가 있었습니다.

착용감도 편안한 편이라 장시간 사용해도 불편함이 적었고, 수정 메이크업이 필요할 정도로 쉽게 떨어지지 않았습니다. 자연스러운 눈매 연출을 원하는 분들에게 잘 맞는 제품이라고 생각하며 재구매 의사도 있습니다.

매번 재구매하는 아이템 중 하나예요 ㅎㅎ 
모든 분들께 추천드립니다👍🏻"
2026-07-23,A000000213569,61110498,2026.06.07,5,0,NORMAL,노글루 뮤즈 라이트,A03,B04,"C01,C04",14,1350.0,1,0,이게뭐시여,"퓨어 써봤는데 생각보다 되게 자연스러워서 살짝 제 취향에는 아쉬웠는데 😅
뮤즈 써보니까 적당히 자연스럽고 적당히 화려한 느낌이라 너무 좋아요!! 속눈썹이 주는 효과릉 체감할 수 있었어용
사진은 아래쪽에서 찍혀서 좀 부자연스럽고 웃기게? 나왔는데 실제로 정면에서 보면 자연스럽고 적당히 화려하게 엄청 예뻥ㅎ요 추천!!!

⭐️ 속눈썹 예쁘게 붙이는 꿀팁 ⭐️
속눈썹 배송 온 통째로 보면 세로로 반절로 나뉘어져서 방향이 양쪽 다른걸 볼 수 있는데 오른쪽 눈 = 오른쪽 9mm + 오른쪽 10mm + 왼쪽 11mm + 왼쪽 9mm 이렇게 붙이면 속눈썹이 들쭉날쭉하지 않고 자연스럽게 작았다가 커졌다가 작아지게 붙일 수 있어요!! 왼쪽 눈은 방향만 반대로 해서 왼쪽 9mm + 왼쪽 10mm + 오른쪽 11mm + 오른쪽 9mm
이렇게 붙이시면 됩니다앙 ~!!"
2026-07-23,A000000213569,62239693,2026.07.03,4,0,NORMAL,노글루 퓨어 라이트,A02,B04,"C01,C02",1,1260.0,1,0,현블리네,"태어나
속눈썹은 첨 붙여봤는데!!!
완전 신세계!!!

이전에 실패한경험으로
겁먹었던 내자신이 부끄러울정도

초보도 가능케 만드는 아이템!!!!
노글루타입이라 글루때문에 속썩이지않고
가운테 끝 앞쪽으로 나눠 붙이니
감쪽같아서
요즘 마스카라대신에
데일리 사용중

앞으로 이거없으면 마무리는 힘들듯"
2026-07-23,A000000213569,61917373,2026.06.25,5,0,NORMAL,[어워즈기획]퓨어 라이트+언더팝+영양제,A02,B04,"C01,C05",6,1116.0,0,0,쿨빈콩,"노글루는 코링코가 원탑이에요 ❤️🩷❤️🩷 
초보도 붙이기 쉽고 접착력도 좋아요!! 노글루 속눈썹 도전하고 싶으신 분들한텐 코링코 추천합니다 🥰"
2026-07-23,A000000213569,61457456,2026.06.14,5,0,NORMAL,노글루 퓨어 라이트,A03,B04,"C03,C09",11,1098.0,1,0,라스트픽사냥꾼,개인적으로 11미리는 너무 길어서 9-10미리만 있으면 좋을 거 같아요.
2026-07-23,A000000213569,62986274,2026.07.18,5,0,NORMAL,노글루 뮤즈 라이트,A02,B04,"C01,C02",0,1080.0,1,1,붘치기밬츼긔,"📍재구매 의사: 있음
📍주변 추천 의향: 있음

🧚안녕하시렵니까 저는🧚
간략 정리: 화장 안하는 게 가장 낫다는 소리 듣는..!

여름 쿨톤 라이트~페일, 17~19호!
헤어컬러 사알짝 밝은 고동색!
다크써클 있음!

홍조 있는 건성 피부(빨갛고 하얀 사람)!
종종 좁쌀이 올라와요🥹
진정•모공•탄력 관심 많!

눈화장은 사치인,,, 하지만 예쁜 색은 사고 싶은🥹
펄땡이 좋아 까마귀🐦‍⬛
반복되는 굴레 속 삶을 살고 있습니다.
(잼메 좋아해서 특이한 아이템 종종 구매!!!)

📍후기:
➡️ 꾸준히 구매 중인 속눈썹! 붙이기 정말 쉬워서 걍 노글루 정착해버렸슙니다,,,"
2026-07-23,A000000213569,61880548,2026.06.25,5,0,NORMAL,노글루 퓨어 라이트,A02,B03,"C02,C03",2,1050.0,1,1,쁘이소원카밀리아fan,"제가 너무 잘 쓰고 있는 코링코 노글루 퓨어입니다 👍🏻
지금 n통째 쓰고 있는 중입니다!!😙

노글루라서 1분만에 뚝딱 가능하고, 라이트라 눈 시야가 답답하지 않아요 👌🏻
먼저 뷰러로 속눈썹을 찝어주고, 뿌리부분에 마스카라 살짝 발라주고, 길이는 9,10,11,9mm순으로 붙어줍니다:)
여기서 끝내고 되지만 저는 또렷한 느낌을 좋아해서 마스카라로 가닥 속눈썹을 해줍니다!! 이러면 아이돌 가닥속눈썹 느낌이 뿜뿜 🎀🩷

얘 덕에 눈매가 커보이고 또렷해졌어요 :) 4번째 사진이 붙이기 전이고,5&6번째는 붙인후 사진입니다.👍🏻

속눈썹 붙어야지 사진 예뿌게 잘 나와요 👏🏻🩷
진짜 코링코 노글루 속눈썹 강추!! 추천한다면 좋아요 클릭 👍🏻👍🏻👍🏻"
2026-07-23,A000000213569,62072882,2026.06.29,5,0,NORMAL,노글루 체리콕 라이트,A04,B04,"C01,C05",1,900.0,1,0,유쬬,"저는 &#34;가로로는 짧고 세로로는 긴 동그란눈+인라인의 얇은 쌍꺼풀+꼬막눈&#34;이라
쌍꺼풀 잘못 붙이면 오히려 눈이 더 동글동글해보일까봐 걱정이었거든요 ㅠ
근데 체리콕 라이트 괜찮습니다!! 쌍꺼풀이 얇아서 좀 먹혀들어가는 부분도 있긴 한데
눈이 적당히 선명해보이구! 뭔가 좀 신경썼다 하는 느낌 주기에 딱 적당해요.

요즘 노글루 속눈썹 많이 나오던데,
테ㅁ같은 사이트는 뭔가 불안해서..
다른 것도 아니고 눈가인데 ㅠ 저는 걍 올영에서 사는 게 마음 편하더라고요."
2026-07-23,A000000213569,63026350,2026.07.19,5,0,NORMAL,노글루 뮤즈 라이트,A04,B01,"C01,C02",0,792.0,1,0,markly,"저는 코링코 노글루 속눈썹은 뮤즈가 제일 잘 맞는 거 같아요
다른 것보다 뮤즈를 사용했을 때 잘 어울린다는 말을 가장 많이 들은 거 같아요
붙이기 편하고 지속력도 좋아서 아침부터 붙이면 저녁까지 잘 붙어있습니다"
2026-07-23,A000000213569,62480815,2026.07.07,5,0,NORMAL,노글루 체리콕 라이트,A03,B03,C05,1,756.0,1,0,수도니ㅣ,노글루 처음 써보는데 진짜 너무 편하더라구요! 근데 전용 트위저 없으면 뗄때 불편하긴함ㅠ 그래도 예뻐요ㅎㅎ
2026-07-23,A000000213569,62703202,2026.07.12,5,0,NORMAL,노글루 뮤즈 라이트,A03,B02,"C01,C09",1,675.0,0,0,슈퍼토끼,이거 진짜 저의 애증의 제품이예요.  노글루 처음 써보고 너무 편해서 와 이거 혁명이다! 했는데-   첫 번째 단점. 개봉하고 시간이 좀 지나면 글루가 조금씩 굳어서 접착이 안돼요. 그래서 개봉하고 몇 개월 지나면 속눈썹 글루 사용해야합니다. 두 번째 단점. 길이가 짧은 속눈썹 이를테면 9mm 속눈썹은 제품이 지면과의 각도가 살짝 아쉬워요.  접착면 각도가 너무 낮게 붙여져있어서 트위저로 잡아서 떼는 과정에서 접착글루가 망가지는 경우가 많아요. 짧은 길이의 속눈썹은 부착 각도를 개선하셔야할것 같아요.
2026-07-23,A000000213569,60957800,2026.06.06,5,0,NORMAL,노글루 퓨어 라이트,A05,B04,"C04,C10",15,630.0,1,0,태닝키티조아,노글루 최고!! 요거 퓨어 버전 원래 가지고 있었는데 너무 좋아서 오특도 한 김에 구매해줬어요 자연스러우면서도 화려하게도 연출 가능해서 이거 붙이고 사진 찍으면 정말 인생샷 나와요 붙이기도 너무 쉬워서 맨날 글루 굳고 속눈썹 떨어지고 할 걱정이 하나도 없으니까 좋아요 앞으로도 계속 사용할 아이템입니다 매일 사용하기엔 가격이 부담될 수 있어서 좀 꾸민 날이나 중요한 날엔 무조건 붙여주고 있어요 접착력도 좋아서 떨어진 적 한 번도 없고 가벼워서 눈에 피로감도 안 들어요
2026-07-23,A000000213569,62859101,2026.07.15,5,0,NORMAL,노글루 퓨어 라이트,A03,B04,"C04,C05",1,594.0,0,1,뮴뮤,"이물감 거의 없음
아침에 붙이면 저녁까지 튼튼하게 잘고정됨
붙이기 쉽고 익숙해지면 생각보다 시간도 오래 안 걸림"
2026-07-23,A000000213569,62757555,2026.07.13,5,0,NORMAL,노글루 퓨어 라이트,A03,B02,"C01,C03",0,594.0,1,0,무이무이127,"가장 붙이기 무난하다는 퓨어 샀는데 똥손이라 잘 안되네요.
속눈썹 자체 첫 구매라 비교는 불가하지만 잘 붙이면 깔끔한 느낌 날거같아요"
2026-07-23,A000000213569,62755419,2026.07.13,5,0,NORMAL,노글루 필터 라이트,A03,B04,"C01,C02",1,594.0,0,0,올영기둥하나내가세움,믿고 쓰는 코링코입니다. 이물감도 없고 쓰기 편해서 너무 좋아요.
2026-07-23,A000000213569,62731925,2026.07.13,5,0,NORMAL,노글루 체리콕 라이트,A03,B03,"C01,C03",0,594.0,1,0,람다르,풀이필요없어서 사용이 편해요. 바로붙이면되고 화장을 조금만해도 화려해보여요.
2026-07-23,A000000213569,62675834,2026.07.12,5,0,NORMAL, 노글루 캣츠 라이트,A03,B01,,0,594.0,1,0,Shinei,따로 풀을 사용하지 않아도 되서 간편하고 생각보다 화려한 것 같아요
2026-07-23,A000000213569,62529530,2026.07.08,5,0,NORMAL,노글루 퓨어 라이트,A02,B03,"C11,C12",0,540.0,1,1,기여운니은,"🤍 이 제품은 정말 몇 통째인지 셀 수 없을 정도로 오래 사용하고 있는 인생 속눈썹입니다. 속눈썹을 워낙 좋아해서 여러 브랜드 제품을 정말 많이 사용해 봤는데, 결국 항상 다시 돌아오게 되는 제품이 바로 이 속눈썹이에요. 이제는 다른 제품을 찾아볼 생각도 안 들 정도로 만족하면서 사용하고 있습니다. 😊

가장 큰 장점은 정말 자연스럽다는 점이에요. 속눈썹을 붙였다는 티가 거의 나지 않아서 처음 만나는 사람들은 물론이고 주변 친구들도 &#34;속눈썹 연장했어?&#34;, &#34;원래 속눈썹이 이렇게 길었어?&#34;, &#34;마스카라만 한 거야?&#34;라고 물어볼 정도였습니다. 속눈썹을 붙였다고 말하면 다들 놀랄 정도로 자연스럽게 연출돼서 그 점이 가장 마음에 들어요. ✨

저는 평소 데일리 메이크업을 자주 하는데, 너무 진하거나 부담스러운 속눈썹은 손이 잘 안 가더라고요. 그런데 이 제품은 눈매는 또렷하게 살려주면서도 과하지 않아서 학교에 갈 때나 약속이 있을 때, 중요한 날까지 정말 자주 사용하고 있습니다. 생얼 메이크업에도 잘 어울리고, 진한 메이크업을 할 때는 눈매를 더 예쁘게 살려줘서 활용도가 정말 높아요.

노글루 타입이라 사용도 간편했고, 접착력도 생각보다 좋아서 하루 종일 떨어질 걱정 없이 편하게 착용할 수 있었습니다. 착용감도 가벼워서 오래 붙이고 있어도 불편하거나 눈이 무거운 느낌이 거의 없었고, 제거할 때도 비교적 깔끔하게 떨어져 만족스러웠어요. 무엇보다 속눈썹 모의 배열이 자연스럽고 끝이 뾰족하게 표현돼 실제 속눈썹처럼 보여서 가까이서 봐도 어색하지 않은 점이 정말 좋았습니다. 🤍

케이스에 보관하면서 여러 번 사용할 수 있어서 가성비도 좋은 편이고, 품질도 꾸준해서 구매할 때마다 만족하고 있습니다. 지금까지 정말 여러 번 재구매했고, 앞으로도 특별한 일이 없는 한 계속 이 제품만 사용할 것 같아요. 저처럼 자연스럽게 예쁜 속눈썹을 연출하고 싶은 분들께는 자신 있게 추천드리는 제품입니다. 💕"
2026-07-23,A000000213569,61988496,2026.06.27,4,0,NORMAL,[어워즈기획]퓨어 라이트+언더팝+영양제,A03,B04,"C01,C04",0,540.0,1,0,이게뭐시여,"퓨어 전/후 사진입니당
속눈썹 많이 안 해봐서 좀 서툰거 감안하고 봐주세요! 퓨어는 엄청 자연스러워서 !!자연스럽게!! 가 추구미이신 분들이 마음에 들어하실 거 같아요 ~ 전 살짝 눈도 좀 커지고 선명해지는 속눈썹의 효과를 기대해서인지라 퓨어보단 “”뮤즈“”가 더 좋았어여 ⭐️⭐️⭐️👍🏻👍🏻"
2026-07-23,A000000213569,63084317,2026.07.21,5,0,NORMAL,노글루 퓨어 라이트,A03,B04,"C06,C11",0,528.0,1,0,Eunzi,"코링코 워낙 유명한 제품이니까 좋은건 말모
자연스럽고 예뻐여
붙이고 나가면 한두명씩은 무러봄
퓨어가 제일 자연스러워서 좋아여"
2026-07-23,A000000213569,61801774,2026.06.23,5,0,NORMAL,노글루 체리콕 라이트,A03,B05,C01,0,450.0,1,0,nocatsosad,"겁나 이뻐요 
속눈썹 입문자가 쓰기에 진짜 제일 좋은 거 같고 자연스러운 데 풍성하면서 또 되게 눈을 예쁘게 확장 시켜줌
입문자 같은 경우에는 그냥 하나만 떼서 풍성하게 만들고 싶은 부분에 하나만 붙이면은 딱 괜찮게 자연스럽게 됨

꿀팁 하나는 이게 처음에 잘 안 붙여질 수가 있는데 그냥 아무 면봉으로 붙일 부분을 조금 쓱쓱 닦은 다음에 붙이면 잘 붙어요
뿌리부터 쓱 해가지고 당겨서 속눈썹 뿌리에 살짝 붙은 것 같으면 손가락이나 집게 옆면으로 툭툭 약간 밀어서 속눈썹 밀착 시키는 느낌으로 하면 좋음 
그러고선 조금 둔 다음에 마스카라 다시 쑥쑥 해서 본인 속눈썹이랑 붙인 속눈썹이 하나가 될 수 있도록 한다음에 집게로 살짝 살짝 모으면 됨 (완전 자연스러운 걸 원하면 이 스텝은 굳이 안 해도 됨)"
2026-07-23,A000000213569,61359203,2026.06.12,5,0,NORMAL,노글루 뮤즈 라이트,A01,B05,"C05,C06",5,450.0,1,1,됴럄이쥐,"&lt;내돈내산 솔직 리뷰&gt;
직접 사용해보고 남기는 후기입니다 ! 
만족도 : ⭐️X5

코링코 톡톡하라 노글루 속눈썹 (뮤즈 라이트)

평소 속눈썹 붙이는 걸 좋아하지만 접착제를 사용하는 과정이 번거로워서 노글루 제품을 구매해 봤습니다. 생각했던 것보다 사용이 훨씬 간편해서 만족스러웠어요. 접착제를 따로 바를 필요가 없어서 메이크업 시간도 줄어들고 초보자도 쉽게 사용할 수 있는 제품이라고 느꼈습니다.

뮤즈 라이트는 자연스러우면서도 눈매를 또렷하게 만들어 주는 스타일이라 데일리 메이크업에 특히 잘 어울렸습니다. 과하게 인위적인 느낌 없이 원래 속눈썹이 풍성한 것처럼 연출되어 부담 없이 사용할 수 있었어요. 가볍게 밀착돼 착용감도 편안했고 눈이 무겁게 느껴지지 않았습니다.

유지력도 생각보다 괜찮아서 외출하는 동안 크게 들뜨지 않았고, 사진을 찍었을 때도 눈매가 더 또렷해 보여 만족스러웠습니다. 자연스러운 속눈썹 연출을 선호하는 분들에게 추천하고 싶은 제품입니다."
2026-07-23,A000000213569,61359159,2026.06.12,5,0,NORMAL,노글루 퓨어 라이트,A01,B05,"C05,C06",4,450.0,1,0,됴럄이쥐,"&lt;내돈내산 솔직 리뷰&gt;
직접 사용해보고 남기는 후기입니다 ! 
만족도 : ⭐️X5

코링코 톡톡하라 노글루 속눈썹 (퓨어 라이트)

평소 진한 속눈썹보다는 자연스럽고 깔끔한 메이크업을 선호하는 편이라 퓨어 라이트를 선택했는데 기대 이상으로 만족스러웠습니다. 전체적으로 가볍고 깔끔한 느낌이라 학생이나 직장인 데일리 메이크업에도 부담 없이 사용할 수 있었어요.

노글루 타입이라 사용 과정이 간편했고, 접착제 사용이 어려웠던 사람도 쉽게 붙일 수 있었습니다. 속눈썹이 한 올 한 올 자연스럽게 표현돼 가까이서 봐도 과한 느낌이 없었고 눈매가 은은하게 또렷해지는 효과가 있었습니다.

착용감도 편안한 편이라 장시간 사용해도 불편함이 적었고, 수정 메이크업이 필요할 정도로 쉽게 떨어지지 않았습니다. 자연스러운 눈매 연출을 원하는 분들에게 잘 맞는 제품이라고 생각하며 재구매 의사도 있습니다."
2026-07-23,A000000213569,61357587,2026.06.12,4,0,NORMAL,노글루 체리콕 라이트,A02,B04,"C01,C02",3,450.0,1,0,올영리린이,"🍒뮤즈 처돌이의 체리콕 후기🍒

✔️한줄평 - 결국 나의 원픽 뮤즈를 뛰어넘지 못했다...

🍒기대보다 화려하진 않아요. 
제품 가이드에 뮤즈보다 풍성하고 특별한 날용이라길래 화려할 줄 알았는데 아니네요. 

🍒생각보다 자연스러워요. 
코링코 속눈썹의 특징 중 하나죠.
속눈썹만 떼놓고 보면 세상 화려고 인위적일 것 같은데 막상 점막에 붙이고 나면 자연스럽게 눈을 확장시켜 주고 또렷하게 만들어줘요.

🍒노글루라 편해요.
몇 번 연습하다 보면 누구나 수월하게 붙일 수 있어요."
2026-07-23,A000000213569,60072131,2026.05.24,3,0,NORMAL,노글루 뮤즈 라이트,A03,B03,"C01,C02",12,450.0,1,0,두미닝,"가로확장하고싶어서 눈꼬리쪽에만 붙여줘여
가운데 내꺼 속눈썹 쫑쫑 찝어주고 뒤에만 붙여주면 자연스럽게 확장할수 있오요 🤭 
B U T !!! 치명적단점은 너무 잘쳐져요
끝에만 붙였기때뭄에 끝에가 쳐지면 가로로 더 짧아보이거등요 그래서 주기적으로 안쳐졌는지 올려줘야해뇨 😅…
노글루의 한계랄까………"
2026-07-23,A000000238816,62612935,2026.07.10,5,0,NORMAL,[일반단품]포어 제로 오일 컨트롤 선스틱,A04,B03,"C01,C02",1,1890.0,1,0,스킨토커,"팔에 자외선 차단제 편하게 바르려고 구매했는데 확실히 선크림보다 슥슥 바르기 편해서 좋았어요

오일 컨트롤 제품이라 그런지 끈적임도 확실히 적은 편이고 바르고 나서 피부가 답답하거나 찐득하게 남는 느낌이 없어서 만족했습니다✨
투명하게 발려서 팔에 발랐을 때 티가 거의 안 나는 것도 좋았어요

다만 선제품이라 그런지 검은 옷에 닿으면 아주 살짝 하얗게 묻어나기는 하더라구요🥲
그래도 사용감이 깔끔하고 휴대하면서 수시로 덧바르기 편해서 데일리 선스틱으로 잘 사용할 것 같아요💙"
2026-07-23,A000000238816,62566222,2026.07.09,5,0,NORMAL,[미피 기획] 선스틱(+미피 손거울),A02,B05,"C02,C03",2,1890.0,1,0,도도한도우너,늘 쓰던 오브제 선스틱 미피 손거울이 탐나서 구매했다가 일반 단품을 구매해서 실망하고 다시 미피 손거울 포함된걸루 다시 샀어요 상담원님이 얼른 도와주셔서 반품하고 다시 구매했는데 다음날 택배가 왔어요 택배 여는 순간 미피가 보이는데 해삐~너무 귀여워요 ㅎㅎ
2026-07-23,A000000238816,62103818,2026.06.30,5,0,NORMAL,[포켓몬에디션]선스틱 (+꼬부기 파우치),A04,B04,"C05,C08",8,1260.0,1,0,누룽지오징어순대,"벌써 미피 콜라보라뇨?
저희는 피카츄... 꼬북이 포켓몬 콜라보 때 샀는디? ㅋㅋ!!

이거 야구 1군 선수 추천으로 남자친구가 갖고 싶더고 해서 같이 사러 갔는데요? 이거 뭐...? 바른 거긴 한가 싶을 정도로 끈적임 없고 진쩌 뽀송 그 잡채. 완전 대박임 ㅠ ㅠ 
끈적임 싫고, 발림성 좋고, 또 잘 지워지는 고! 찾으시는 남자분들은 완전 강츄!! 땀 많이 흘리는 활동 하시는 분들은 완전 좋아하실 둣! (저희는 페스티벌 가서 잘 썼어욘 ㅎ꙼̈ㅎ꙼̈ )"
2026-07-23,A000000238816,63145088,2026.07.22,5,0,NORMAL,[미피 기획] 선스틱(+미피 손거울),A03,B01,"C06,C08",0,1200.0,1,0,ssalang0808,"미피 콜라보라니 이건 진짜 못 참고 바로 질렀어요
​여름 필수템 선스틱인데 미피 손거울까지 같이 들어있어서 구성이 너무 귀엽고 마음에 들어요 쓱쓱 바르기 편해서 외출할 때 가방에 쏙 넣어가고 유분기 싹 잡아줘서 보송하게 마무리되는 게 완전 취향저격이에요"
2026-07-23,A000000238816,62013412,2026.06.28,5,0,NORMAL,[일반단품]포어 제로 오일 컨트롤 선스틱,A02,B02,C09,2,1080.0,1,0,시루댕댕,"여름이라 선크림 필순데 끈적거리는건 너무 싫고,, 보송한 선스틱 찾다가 삿는데 너무너무 만족해요! 바르자마자 번들거림이 싹 잡혀서 보송보송해지고, 기름종이 쓴 것처럼 깔끔해요. 크기도 컴팩트해서 외출할 때 꼭 챙기게 되네용  정말 유용한 선스틱입니다 전 여러개 재구매할예정"
2026-07-23,A000000238816,62237646,2026.07.03,5,0,NORMAL,[미피 기획] 선스틱(+미피 손거울),A01,B04,"C01,C02",3,900.0,1,0,뿌붑,"뽀송한 선스틱에 미피 콜라보 귀여워서 구매했어요
바디나 목 부분에 바르기 편할거같아요

같이 온 미피 거울도 너무 귀엽습니다

+ 생각보다 엄청 뽀송해서 이게 발리고 있는건가?싶을정도에요
끈적이는거 싫으시는분들은 꼭 써보시길
엄청 매트하게 발리는데 또 바른곳 만져보면 약간의 유분이 느껴집니다 불편한 유분감은 아니고 로션흡수된정도!"
2026-07-23,A000000238816,61183563,2026.06.09,5,0,NORMAL,[포켓몬에디션]선스틱 (+꼬부기 파우치),A05,B03,"C01,C02",17,810.0,1,0,룰룸랄람,남칭구가 하도 노래를 부르길래 몰래 사줬드만 엄청 좋아해요 엄청 지성피분데 이 선크림은 기름종이 효과도 있어서 정말 좋아합니다 유분도 많이 안올라오고 유분기가 정말정말 심해서 오브제 고체파우더까지 들고다니면서 바르고 댕겼었는데 이 선크림 바르고 나선 파우더를 잘 안쓰더라구요 유분기가 싹 잡힌다고 자랑했습니다 평소에 선크림바르라고 잔소리를 오만상해도 절대 안바르던 남친이 이거 사준 후로 자기가 먼저 바르고 자랑하면서 와요 감사합니다 제 남친 말잘듣게 해줘서 마치 애기들을 위한 뽀로로 같네요 딱 마침 꼬북이도 있네요 제 남친 환장합니다
2026-07-23,A000000238816,63142136,2026.07.22,4,1,OFFLINE,[포켓몬에디션]선스틱 (+꼬부기 파우치),A03,B03,"C01,C02",0,792.0,1,0,So미니,"작년에 써보고 괜찮아서 재구매했어요.
평소선크림잘바르는분들은 크림형태의 선크림 바르는게 나을거 같고요, 스틱형은 꼼꼼하게 발라지지는 않아서 선크림 잘안바르는 남성분이 가지고 다니며 자주 바르면 좋을거 같아요."
2026-07-23,A000000238816,62991801,2026.07.19,5,1,OFFLINE,[미피 기획] 선스틱(+미피 손거울),,,,0,792.0,1,0,아키미키맘,"썬스틱도 유분기없이 사용하기
너무너무 편하고 케이스도 너무귀여워요"
2026-07-23,A000000238816,63070862,2026.07.20,5,1,OFFLINE,[일반단품]포어 제로 오일 컨트롤 선스틱,A03,B01,"C04,C06",0,720.0,1,0,Lancaster,"외출하면서 덧바르기 편하다는 점 때문에 사용해봤는데, 생각보다 훨씬 손이 자주 가는 제품이었어요. 일단 손에 묻히지 않고 바로 바를 수 있어서 위생적으로 느껴졌고, 메이크업 위에도 부담 없이 덧바를 수 있는 점이 가장 편했습니다. 스틱 타입이라 바를 때 밀리는 느낌이 걱정됐는데, 부드럽게 슥슥 발려서 사용감도 괜찮았어요.

바른 후에 번들거리거나 끈적이는 느낌이 거의 없고, 가볍게 피부에 밀착되는 느낌이라 답답하지 않았습니다. 특히 코 주변이나 광대처럼 자외선 많이 받는 부위에 수시로 덧발라주기 좋아서 실용적으로 잘 쓰고 있어요. 크기도 휴대하기 적당해서 가방에 넣어두고 외출 중간중간 챙기기 편하고, 전체적으로 간편하게 자외선 케어할 수 있는 제품이라 만족하면서 사용 중입니다."
2026-07-23,A000000238816,63102624,2026.07.21,5,0,NORMAL,[포켓몬에디션]선스틱 (+꼬부기 파우치),A02,B03,"C01,C02",0,660.0,1,0,뷰티광겔팩러버,여름이라서  몸에 선스틱자주바르는데 뽀송하게 잘 발려서  너무만족스럽네요  땀도많이나는편이라 이런보송한  선스틱이제일필요합니다
2026-07-23,A000000238816,60453582,2026.05.31,5,0,NORMAL,[포켓몬에디션]선스틱 (+꼬부기 파우치),A04,B04,"C05,C08",25,630.0,1,0,누룽지오징어순대,"남자친구가 끈적이는 기초나 선크림 등 제품을 다 안 좋아해서요! 이 제품이 현KBO 선수가 추천한 제품이라고 해서요?
같이 매장 테스트를 갔는데.. 아니 이거 바른 거 맞아요?

발랐는데 슥슥 여러번 발랐는데..? 바른 느낌 1도 없고, 이거 바른 거 맞겠지..?ㅋ 싶고..? 무튼 옴청 뽀송해서 끈적임 일도 없어서 아주 좋아용! 남자분들 선케어 끈적여서 싫어하시면 이거 강츄! 드려요!!"
2026-07-23,A000000238816,62703170,2026.07.12,5,1,OFFLINE,[일반단품]포어 제로 오일 컨트롤 선스틱,A02,B03,"C01,C03",1,594.0,0,0,츄듀,별로 기대 안했는데 생각보다 마음에 들어요ㅎㅎ자주씁니당
2026-07-23,A000000238816,62310235,2026.07.04,5,1,OFFLINE,[미피 기획] 선스틱(+미피 손거울),A03,B05,"C05,C06",4,558.0,1,0,sj9****,유수분 없는 완전 보송한 선스틱이라 휴대용으로 들고다니면서 덧바르기 좋아요 미피 손거울 완전 귀여움
2026-07-23,A000000238816,63059650,2026.07.20,5,1,GIFT,[포켓몬에디션]선스틱 (+꼬부기 파우치),A03,B01,"C03,C09",0,528.0,1,0,꾸매,선스틱 형이라 어디서든 슥슥 편하게 바를 수 있어서좋아요 번들거리는것도없고 보송마무리좋네요
2026-07-23,A000000238816,62985466,2026.07.18,5,0,NORMAL,[미피 기획] 선스틱(+미피 손거울),A03,B01,"C01,C05",0,500.0,1,0,봄빛날,"선스틱을 피부에 슥슥 바르자마자 기름기를 가볍고 투명하게 싹 잡아줘서 하루종일 피부가 보송보송해져요. ​백탁 현상이나 끈적임이 전혀 없고, 입자가 고운 파우더를 바른 것처럼 매끄럽게 밀착되어 모공까지 자연스럽게 커버해줘요. 손에 묻히지 않고 간편하게 바를 수 있어 외출해서 덧바르기에도 정말 편해요!
​게다가 같이 증정으로 받은 미피 손거울이 너무 귀엽고 컴팩트해서 가방에 넣어 다니며 요긴하게 잘 쓰고 있어요."
2026-07-23,A000000238816,62741397,2026.07.13,5,1,OFFLINE,[포켓몬에디션]선스틱 (+꼬부기 파우치),A02,B02,"C01,C02",1,495.0,0,0,더블와이,남편 바를 선스틱으로 오브제 구매해봤어요. 정말 안번들거리고 백탁도 없어서 몸에 발라도 좋을듯 합니다.
2026-07-23,A000000238816,62598223,2026.07.10,5,1,OFFLINE,[일반단품]포어 제로 오일 컨트롤 선스틱,,,,1,495.0,0,0,내똥칼라똥,엄청 보송해지고 여름에 쓰기 좋아요 남자친구 사줬는데 좋다고 잘 발라요
2026-07-23,A000000238816,61959305,2026.06.27,5,1,OFFLINE,[포켓몬에디션]선스틱 (+꼬부기 파우치),A03,B05,"C03,C04",0,450.0,1,0,유자사과,"선크림 바르라는 잔소리에도
끈끈한거 싫다 
도망만 다니던 남편이 
매우 맘에 들어 한다


테스터할때
바르고 나서
금방 뽀송해지는 것을 확인하고
아빠와 딸이 신나서 같이 구매

차에 두고서 계속 바르니까
맘이 너무좋다

끈끈한거 싫어하는 분들께 
특히 추천합니다"
2026-07-23,A000000238816,61199357,2026.06.09,5,0,NORMAL,[일반단품]포어 제로 오일 컨트롤 선스틱,A04,B03,"C01,C02",17,450.0,1,0,스킨토커,"오브제 포어 제로 오일 컨트롤 선스틱 사용해봤어요☀️💚

선스틱 특유의 번들거림이 싫어서 구매했는데 생각보다 보송하게 마무리돼서 만족스러웠어요!

특히 수정용 자외선 차단 제품으로 사용하기 좋았고 손에 묻지 않아서 외출할 때 챙겨다니기 편했습니다

팔에 바르려고 구매한건데 매우 만족합니다 
무엇보다 끈적임이 없어서 너무너무 좋았어요 
대신에 바르고나서 투명해서 발린건지 구분이 안가긴함다
완전 만족 !!"
2026-07-23,A000000238816,60456988,2026.05.31,4,1,OFFLINE,[포켓몬에디션]선스틱 (+꼬부기 파우치),,,,45,450.0,1,0,찌니브로,"1. 기름종이처럼 뽀송하게 마무리된다고 설명되어 있지만 완전 기름 제로는 아니에요
- 적당히 유분을 제거 해주는건 맞아요
- 하지만 모공이 커버가 되면서 뽀송하게 마무리 되지 않아요
- 엄청 작은 모공은 커버되지만 작은 모공이 아니면 커버가 되지 않아요

2. 그 이유는 선크림 대신 선스틱만 바르면 피부에 올바르게 고르게 발라지지 않아서 자외선 차단이 제대로 되지 못 해요
그래서 선크림으로 자신의 얼굴 크키에 맞게 최소 100원크기로 시작해서 부족한 부분은 더 발라줘서 꼼꼼하게 얼굴과 목, 귀 뒤에까지 꼼꼼하게 발라야해요 그래야 완벽한 차단이 되요
무기자차든 유기자차든 선크림에 기본적으로 유분이 있기 때문에 선크림 바른 상태에서 기름 종이로 닦고 선스틱으로 발라도 유분이 있기에 완벽하게 기름제로 선스틱으로 될 수 없습니다
 또한 지성피부이고 땀이 많은 사람에게는 더욱더 완벽하게 유분이 잡히지 않아요
- 그래서 마켓팅에서 소비자 오해와 혼란을 방지 위해 기름제로 선스틱이라는 이름을 바꿔주시면 좋을것 같아요
(뽀송함으로 마무리되는감이 있는건 맞으니깐 뽀송한 선스틱만이라고 해도 될것 같아요)

3. 자외선 차단제는 2시간 간격으로 덫발라줘야하는데 밖에서 계속 덫바르는게 귀찮으니 그 수고를 덜기 위해서 선스틱이라는게 나왔어요 선스틱으로 2시간마다 편하게 바를 수 있으니깐요
그러니 선크림을 기본 베이스로 바르고 밖에서 선크림 바르기 귀찮을때 선스틱으로 쓰는게 좋을것 같아요

4. 성분이 착해요
- 피부자극에 순해서 데일리로 쓰기 좋아요

5. 선스틱이라서 덫바르기 좋아요
-베이스메이크업을 상태에서 덫발라도 베이스메이크업이 크게 벗겨지지 않아서 좋았고
- 수정메이크업 단계때 선스틱으로 꼼꼼하게 바르고 수정하면 좋을것 같아요

6.가격대가 좀 있지만 세일할때 사면 좋아요
- 지성피부의 남성이라면 다른 선스틱은 유분이 더 많아서 오브제 선스틱이 더 나아요
- 오브제 선스틱이 기본 선스틱보다 유분이 적어요

7. 오브제 말고 유분이 적은 선스틱
유분이 적은 선스틱이 대부분 에어리 선스틱들이 유분이 적은데 오프라인 매장에서 한번 손등, 귀밑, 목부위에 테스트 해보고 써보면 좋을것 같아요

8. 끈적임이 싫어하고 유분이 많은 선스틱이 싫어하시는 분들께 추천합니다
- 지성피부 남성분들 추천
- 선크림 덫바르기 귀찮으신분들께 추천

9. 아쉬운점: 포켓몬 콜라보로 파우치도 주는데 선스틱이 안 들어가요
기획할때 선스틱이 메인인데 선스틱이 들어갈 수 있는 사이즈로 제작하면 더 좋을것 같아요"
2026-07-23,A000000238816,62801582,2026.07.14,5,0,NORMAL,[미피 기획] 선스틱(+미피 손거울),,,,0,396.0,1,0,리지온,"미피못참는 사람이 산 오브제
선스틱 너무조아요 바른것같지도않고 편해서 너무조음 .."
2026-07-23,A000000238816,62760812,2026.07.13,5,0,NORMAL,[포켓몬에디션]선스틱 (+꼬부기 파우치),A03,B02,"C01,C03",0,396.0,1,0,딸기초콜릿,"썬스틱에 꼬부기캐릭터 있어서 귀엽습니다.
잘 발리고 잘사용하고 하고 있습니다"
2026-07-23,A000000238816,62645964,2026.07.11,5,0,NORMAL,[포켓몬에디션]선스틱 (+꼬부기 파우치),A02,B02,"C05,C06",0,396.0,1,0,캔둥이,덱스님이 광고한 오브제 선스틱 너무 좋아요  아직까지도 잘 사용하고 있습니다
2026-07-23,A000000238816,62487394,2026.07.07,5,0,NORMAL,[일반단품]포어 제로 오일 컨트롤 선스틱,A06,B02,"C01,C02",0,396.0,1,0,알라슝가리,큐앤에이에 이지워시라길래 구매함 안바른것 같고 안끈적임
2026-07-23,A000000238816,62255456,2026.07.03,5,1,OFFLINE,[포켓몬에디션]선스틱 (+꼬부기 파우치),A04,B02,"C05,C08",1,396.0,0,0,잉댕응,투명하게 발려서 잘 쓰고있었는데 옷이나 차 시트에는 묻어남이 있어요
2026-07-23,A000000238816,62252934,2026.07.03,5,1,OFFLINE,[일반단품]포어 제로 오일 컨트롤 선스틱,A03,B03,"C01,C06",2,396.0,0,0,배뽀,"남편이 여름에 선크림 바르는게 끈적거려서 싫다고 했었는데 이거는 바르면 보송하니까 잘 바르고 다니더라구요!
끈적이는거 싫어하는 남성분들 완전 추천드려👍🏻"
2026-07-23,A000000238816,62036784,2026.06.29,5,1,OFFLINE,[포켓몬에디션]선스틱 (+꼬부기 파우치),,,,2,396.0,0,0,뚜왑뜌왑압,끈적임은 하나도 없고 파우더 한 것 처럼 완전 뽀송함 타입이라 남녀 같이 쓰기 좋아여
2026-07-23,A000000238816,61844616,2026.06.24,5,1,OFFLINE,[일반단품]포어 제로 오일 컨트롤 선스틱,A04,B05,C05,16,396.0,0,0,Azzizzang,"매우매우 잘 쓰고 있어요
남성용 선크림에선 얘가 무조건 1등임"
2026-07-23,A000000238816,62429862,2026.07.06,5,1,OFFLINE,[미피 기획] 선스틱(+미피 손거울),,,,1,378.0,1,0,미정84,"선스틱 아이가 좋아하는 캐릭터 손거울이 있어서 ㄱ 입했어요.
여름철에 열심히 바르고 다닐꺼 같아요"
2026-07-23,A000000223283,61849248,2026.06.24,5,0,NORMAL,안심숙면팬티 XL 4P,A05,B01,"C03,C04",11,2916.0,1,0,김도르,날 더워질때는 쿨링이 제일 좋은 것 같습니다. 그중에서도 소피가 제일 강력해서 여름마다 구매하고 있어요. 시원하고 사이즈도 커서 너무 편하고 좋네요.
2026-07-23,A000000223283,62737920,2026.07.13,4,1,OFFLINE,중형 16+4P 기획,A02,B01,"C01,C03",1,1890.0,1,0,까르페디엠,"3일 이상 사용하고 후기 쓰고 있어요^ ^
쿨링 제품은 처음이라 궁금해서 구매해봤어요.
가격도 행사해서 착한 가격이네요~

처음에 사용할 때는 솔직히 조금 화한 느낌 때문에 불편했어요. 
1시간 정도는 이걸 계속 써도 될까 할 정도로 신경이쓰이더라고요.
민감 하신 분들은 사용하기 힘들겠다 라고 생각했어요.

1시간 지나고 나서 부터는 솔직히 일반 생리대랑 별반 다르지 않았어요. 화한 느낌 때문에 처음엔 놀랬는데 사용하다 보니 금방 익숙해졌어요.
개인 차 있을 수 있으니 한번
사용해 보시고 판단 하는 게 좋을 것 같아요.
저는 여름에는 사용 하겠지만 다른 계절에는 일반 생리대가 더 좋을 것 같아요☺️"
2026-07-23,A000000223283,63158696,2026.07.22,5,0,NORMAL,안심숙면팬티 M 5P,A03,B01,"C01,C02",0,1800.0,1,0,홀리몰리올리몰리,"나이스 나이스예요
시원하고 향이 좋아요. 헤드앤숄더 쿨멘솔 향이 납니다
착용감 거슬리는 거 없고 여름에 특히 불쾌함 없이 쓸 수 있어요

착용 사이즈는 정사이즈 이하로 고르고
혹여나 작으면 그냥 손으로 부분부분 튿어버리세요
허벅지 쪽 틈 생기면 샐 확률 높아지니까 딱 맞는 게 베스트예요

이 가격에 10장은 들어있으면 참 좋을 거 같아요
면세 품목의 맛을 보고싶습니다👍🏻"
2026-07-23,A000000223283,62210714,2026.07.02,5,0,NORMAL,대형 14P,A02,B04,"C01,C06",3,1620.0,1,0,사고싶은건다산정약용,"여름에 없으면 절대 안되는 내 필수템이오!!
이것이 있으면 찝찝함이 훨씬 적어진다오.
흡수력도 좋고 착용감도 좋아 벌써 몇번째 재구매인지도 모르겠구려^_^👍

전체적으로 무난한 제품 같소! 나는 제품을 구매하기 전에 리뷰를 꼭 보고 사는 편인데 다들 호불호 갈리지 않는 무난한 사용감을 이 제품의 장점 중 하나로 꼽더구려. 그리고 세일할때 이용하면 더욱 합리적으로 느껴지는 가격도 이 제품의 큰 장점중 하나인것 같소이다. 그러니 세일 좀 자주 해줬으면 좋겠다는 소소한 바람이 있소. 그럼 그때 잔뜩 쟁여둘 터이니. 사용했을때 뾰르지가 올라온다거나 얼굴이 붉어진다거나 하는 자극도 느껴지지 않아서 좋았소이다. 참고로 나의 피부는 건성이오. 입술에는 구순염이 있었던 적이 있어 예민하나 큰 자극은 느끼지 못했었소. 아마도 앞으로도 이 제품에 정착해서 그 젊은이 말로는 무난템으로 잘 사용할 수 있을것 같소이다. 나의 이 리이뷰가 도움이 되었다면 하단의 좋아요 버어튼을 한번 눌러주실 수 있겠소? 리-뷰 개발에 큰 힘이 되오. 고맙소이다^_^🩷"
2026-07-23,A000000223283,63156580,2026.07.22,5,0,NORMAL,중형 16+4P 기획,A03,B04,"C01,C02",0,1512.0,1,0,밍숭맹숭올리비아,흡수력 좋은 생리대 찾아보려고 이것저것 주문하면서 이게 판매순이 높아서 주문해봤어요
2026-07-23,A000000223283,63043909,2026.07.20,5,0,NORMAL,[포켓몬 에디션] 대형 14+4P 기획,A01,B02,"C02,C06",0,1512.0,1,0,ha느리,시원해서 찝찝함도 덜해서 좋은거같아요 다른데에 스테이쿨도 써봤는데 쿨링감이 크게 느껴지지않았는데 쏘피가 쿨링감 제일 잘 느껴지는 시원함이라 좋은거같아요
2026-07-23,A000000223283,62908600,2026.07.17,5,1,OFFLINE,팬티라이너 롱 40P,A03,B03,"C02,C04",0,1512.0,1,0,규링2,처음 사용해봤는데 쿨링감이 너무 좋더라구요 여름처럼 너무 더울 때 사용하면 좋은것 같아요.
2026-07-23,A000000223283,61936202,2026.06.26,5,1,GIFT,팬티라이너 롱 40P,A02,B03,"C05,C08",18,1476.0,0,0,려니짱,팬티라이너까지 쿨링감이 있다니 정말로 소피는 천재가 아닌가 싶어요.
2026-07-23,A000000223283,62485858,2026.07.07,5,1,GIFT,안심숙면팬티 XL 4P,A05,B01,"C02,C03",2,1260.0,1,1,민듀듀030,"여름에 쓰기 좋은 생리대..! 곧 시기가 돌아오기에 구매로 쟁여뒀네요.
향이 좀 강한 편이라 이 생리대를 아는 분들에게는 옆에 지나가기만 해도 쟤 생리한다 라고 생각이 될거 같긴 해요.
숙면팬티라 뭐 집에서만 사용하면 되긴 해서 그건 크게 문제되진 않겠으나, 중형 등으로는 살짝..!"
2026-07-23,A000000223283,62224532,2026.07.02,5,1,OFFLINE,[포켓몬 에디션] 중형 16+4P 기획,A01,B04,"C05,C07",2,1260.0,1,0,고양이완전조아,"쏘피는 참 생리대를 저렴하게 잘 만들어요
항상 할인도 해주니까 매번 구매하게 되네요

특히 여름철이라 쿨링 생리대를 한 번씩 찾게 되는데 쏘피에서 나온 쿨링 생리대는 쿨링감이 꽤 큰 편이라 만족스럽게 구매합니다! 쿨링감 너무 좋아요❄️

사실 여성건강에는 이런 쿨링감이 안좋다고는 하는데 ,,, 여름철 쿨링감이라도 없으면 진짜 아래 습하고 찝찝해서😭
그래서 알면서도 쓰게 되네요 ,,,

아무툰 소피 쿨링생리대 정말 추천!
너무 시원하고 생리대 자체도 가성비 좋은 데다가 양도 적절히 잘 흡수해요 
저 생리량 완전 많은 편인데도 얘는 꽤 잘 버텨주는 편이라서 좋습니당

추천해요옹❄️❄️❄️"
2026-07-23,A000000223283,62048351,2026.06.29,5,1,OFFLINE,[포켓몬 에디션] 중형 16+4P 기획,,,,3,1260.0,1,0,hye2,"가끔 부착하고 있으면 쓸리고나 해서 따갑거나 하는 자극감이 느껴지는데.. 소피 쿨링 라이너는 패드가 피부에 닿았을 때 자극감 없이 사용하기 좋았어요
또 접착력이 좋아 밤에 자다가 이리저리 움직여도 고정이 꽤 잘 됩니다. 또 은은하게 지속되는 쿨링감으로 인해 여름에 사용하기 좋았어요."
2026-07-23,A000000223283,62839054,2026.07.15,5,1,GIFT,팬티라이너 롱 40P,A01,B01,"C01,C03",2,1134.0,0,0,서유니맘2,그날 일때 너무 답답했는데 쿨링 효과가 있어서 더 좋은 제품이네요
2026-07-23,A000000223283,62821781,2026.07.15,3,0,NORMAL,[포켓몬 에디션] 대형 14+4P 기획,A03,B01,"C01,C06",0,1134.0,1,0,삥삥뽕뽕뿌,쿨링효과를 잘 몰르겟어용 행사할때 싸게사서 가격면에서는 만족
2026-07-23,A000000223283,62789112,2026.07.14,5,0,NORMAL,[포켓몬 에디션] 대형 14+4P 기획,,,,0,1134.0,1,0,초코초코초코케이크,"쿨링 프레싀가 프레쉬가 너무 신선
시원해서 여름에 너무 너무 좋네요"
2026-07-23,A000000223283,62742028,2026.07.13,5,1,GIFT,팬티라이너 롱 40P,A01,B04,"C03,C10",2,1134.0,0,0,얀남이22,여름에 쿨링 생리대 안써주면 느낌이 달라서 꼭 써줘야 합니다. 그런 의미에서 쏘피 짱..
2026-07-23,A000000223283,62724136,2026.07.13,5,0,NORMAL,슈퍼롱 8P,A02,B01,"C04,C05",2,1134.0,0,0,카피바라바라바라밤,"시원한건 너무 좋은데 향이 호불호 갈릴 것 같아요ㅠ
애매하지만 여름에는 좋은 것 같아요"
2026-07-23,A000000223283,62509907,2026.07.08,5,0,NORMAL,안심숙면팬티 L 5P,A03,B03,"C01,C06",0,1134.0,1,0,미리내1,"여름이라 쿨링으로 삿어요
이게 잇어야 편안하게 잘수잇습니다."
2026-07-23,A000000223283,62123364,2026.07.01,5,0,NORMAL,[포켓몬 에디션] 대형 14+4P 기획,A03,B01,"C06,C08",3,1116.0,1,0,songmandoo,쏘피꺼 첨 구매해봤아요 ~ 샌 것 처럼 축축한데 그래도 시원하긴해요 ..! 캐릭터가 카와이이
2026-07-23,A000000223283,62071503,2026.06.29,5,0,NORMAL,대형 14P,A03,B01,"C01,C02",12,1116.0,1,0,고깐,"좋아요. 쿨링 기능이 있어 싸-한 쿨링 느낌이 드는데 처음에는 이상했지만 그 이후로 계속 사게되는 ㅋㅋ 옛날에는 중형, 대형밖에 없었는데 이제 종류도 다양해져서 좋아요."
2026-07-23,A000000223283,62071063,2026.06.29,5,0,NORMAL,대형 14+4P 기획,A03,B01,"C01,C02",12,1116.0,1,0,고깐,여름이면 구매하게 되는 쿨링 생리대! 사실 겨울에도 있으면 쓰게 되긴 해요. 시원한 느낌이라 그날에 조금 더 산뜻하달까? 처음에는 이상한데 그 이후에는 좋아요 ㅎㅎ
2026-07-23,A000000223283,62060274,2026.06.29,5,0,NORMAL,대형 14P,A03,B04,"C01,C03",12,1116.0,1,0,올리브새싹,"여름에 찾게 되는 쿨링 생리대, 아무래도 쿨링이라 시원함이 있어서 좀 더 상쾌한거같아요. 자극적이진 않고 그냥 시원한 느낌인데 처음애는 좀 생소한 느낌이긴 했네요. 사이즈별로 있어서 골라 사면 돼서 좋아요"
2026-07-23,A000000223283,62048059,2026.06.29,5,1,OFFLINE,[포켓몬 에디션] 대형 14+4P 기획,,,,3,1116.0,1,0,hye2,"여름에는 쏘피 쿨링 생리대 없어서는 안됩니다. 
패드에 피부에 닿았을 때 자극감도 없고, 접착력이 좋아 밤에 자다가 이리저리 움직여도 고정이 꽤 잘 됩니다. 또 은은하게 지속되는 쿨링감으로 인해 찝찝함도 덜 느껴집니다."
2026-07-23,A000000223283,63125603,2026.07.22,5,1,OFFLINE,[포켓몬 에디션] 대형 14+4P 기획,A06,B03,"C02,C03",0,1080.0,1,0,새루의하루,"대형 사이즈인데 두껍지 않아서 좋아요❗️💃
두꺼우면 궁둥이에 땀차서; 나만그런가 

암튼 잘 쓰고 있는데
매번 쓸때마다 ㅜ .. 거기?가 화~~~한 느낌이 참; 묘해요 
싫은건 아니고 낯설다 해야하나…;;

⚠️
아 혹시 쿨링 생리대 쓰면 생리통 생길까 걱정되시는 분??
생리통 개심한 편이라 저도 사용전에 걱정 많이했는데;; 
딱히 생리통이 더 심해지고 그러진 않아요🙂‍↕️
근데 샹리통이 개선되는건 더더욱 아님 … 
걍 이전과 같이 아픈채로 살아가는중…"
2026-07-23,A000000223283,62985716,2026.07.18,5,0,NORMAL,안심숙면팬티 L 5P,A02,B04,"C01,C02",0,1080.0,1,0,붘치기밬츼긔,"📍재구매 의사: 있음
📍주변 추천 의향: 있음

🧚안녕하시렵니까 저는🧚
간략 정리: 화장 안하는 게 가장 낫다는 소리 듣는..!

여름 쿨톤 라이트~페일, 17~19호!
헤어컬러 사알짝 밝은 고동색!
다크써클 있음!

홍조 있는 건성 피부(빨갛고 하얀 사람)!
종종 좁쌀이 올라와요🥹
진정•모공•탄력 관심 많!

눈화장은 사치인,,, 하지만 예쁜 색은 사고 싶은🥹
펄땡이 좋아 까마귀🐦‍⬛
반복되는 굴레 속 삶을 살고 있습니다.
(잼메 좋아해서 특이한 아이템 종종 구매!!!)

📍후기:
➡️ 아래가 시원하다,,, 입는 생리대는 샐 걱정도 없고 팬티에 자쑤 마찰되눈 부분도 적어서 덧나는 것도 없다,,, 다들 여름 내내 쾌적하게 이거 쓰고 살았으면 좋겠다,,,🩵🫶🧊🫧"
2026-07-23,A000000223283,62892698,2026.07.16,5,0,NORMAL,중형 16+4P 기획,A02,B04,"C01,C02",0,1080.0,1,0,히소니,"쿨링생리대가 처음 나왔을때 자극이 있을까봐 안 썼는데 주변사람도 그렇고 유튜버도 추천하길래 마침 세일해서 사봤어요 시원한 느낌이 처음에는 익숙치 않지만 나쁘진 않네요 실내에서는 선풍기랑 에어컨이 있어서 더 시원하게 느꼈는데 밖에선 어떨지 모르겠어요
여름엔 왠지 이거 살것같아요 원래도 쓰는 쏘피인데 이것도 만족해요"
2026-07-23,A000000223283,62732632,2026.07.13,5,0,NORMAL,대형 14+4P 기획,A03,B03,"C07,C08",1,945.0,1,0,콩뿅이,쿨 생리대…는 소피가 짱입니다!! 제일 시원해요!! 할인 때마다 사는 중
2026-07-23,A000000223283,62732472,2026.07.13,5,0,NORMAL,대형 14+4P 기획,A03,B03,"C07,C08",1,945.0,1,1,콩뿅이,호불호가 갈릴 순 있겠지만 저는 극호호호에용 쿨생리대 짱짱~!~!~!
2026-07-23,A000000223283,62339508,2026.07.05,5,1,GIFT,안심숙면팬티 XL 4P,A05,B01,"C02,C03",2,900.0,0,0,민듀듀030,"여름에 생리는 재앙이라 느껴지는데 쏘피 쿨링이 그나마 대체를 해줘요.
대신 향이 좀 강한 편이라 제 스스로한테도 향이 올라오지만 저한테는 거부감 있는 정도는 아니라 괜찮았어요.
다만 다른 사람들도 이 향을 안다면 누가봐도 쟤 생리한다고 알정도..😅"
2026-07-23,A000000223283,62224430,2026.07.02,5,1,OFFLINE,대형 14P,A01,B04,"C05,C07",1,900.0,1,0,고양이완전조아,"쏘피는 참 생리대를 저렴하게 잘 만들어요
항상 할인도 해주니까 매번 구매하게 되네요

특히 여름철이라 쿨링 생리대를 한 번씩 찾게 되는데 쏘피에서 나온 쿨링 생리대는 쿨링감이 꽤 큰 편이라 만족스럽게 구매합니다! 쿨링감 너무 좋아요❄️

사실 여성건강에는 이런 쿨링감이 안좋다고는 하는데 ,,, 여름철 쿨링감이라도 없으면 진짜 아래 습하고 찝찝해서😭
그래서 알면서도 쓰게 되네요 ,,,

아무툰 소피 쿨링생리대 정말 추천!
너무 시원하고 생리대 자체도 가성비 좋은 데다가 양도 적절히 잘 흡수해요 
저 생리량 완전 많은 편인데도 얘는 꽤 잘 버텨주는 편이라서 좋습니당

추천해요옹❄️❄️❄️"
2026-07-23,A000000223283,62210291,2026.07.02,5,0,NORMAL,팬티라이너 롱 40P,A02,B04,"C01,C06",1,900.0,1,0,사고싶은건다산정약용,"여름에 나는 이것이 없으면 죽소
한번도 안써본 사람은 있어도 한번만 써본 사람은 없는 바로 그 시원한 생리대요!!
여름에 찝찝함이 클때 이것만 있으면 나는 더이상 두렵지 않소.

전체적으로 무난한 제품 같소! 나는 제품을 구매하기 전에 리뷰를 꼭 보고 사는 편인데 다들 호불호 갈리지 않는 무난한 사용감을 이 제품의 장점 중 하나로 꼽더구려. 그리고 세일할때 이용하면 더욱 합리적으로 느껴지는 가격도 이 제품의 큰 장점중 하나인것 같소이다. 그러니 세일 좀 자주 해줬으면 좋겠다는 소소한 바람이 있소. 그럼 그때 잔뜩 쟁여둘 터이니. 사용했을때 뾰르지가 올라온다거나 얼굴이 붉어진다거나 하는 자극도 느껴지지 않아서 좋았소이다. 참고로 나의 피부는 건성이오. 입술에는 구순염이 있었던 적이 있어 예민하나 큰 자극은 느끼지 못했었소. 아마도 앞으로도 이 제품에 정착해서 그 젊은이 말로는 무난템으로 잘 사용할 수 있을것 같소이다. 나의 이 리이뷰가 도움이 되었다면 하단의 좋아요 버어튼을 한번 눌러주실 수 있겠소? 리-뷰 개발에 큰 힘이 되오. 고맙소이다^_^🩷"
2026-07-23,A000000255386,62882614,2026.07.16,5,1,OFFLINE, ,A03,B04,"C01,C03",3,2232.0,0,0,너니링,"톤업 선크림 찾다가 구매했어요 
핑크빛이 돌아서 얼굴이 조금 더 화사해 보이고 칙칙함을 살짝 잡아주는 느낌이에요 
발림감도 촉촉한 편이라 건조하게 뜨는 느낌은 적었고 
선크림만 바르고 나가는 날 쓰기 괜찮았어요"
2026-07-23,A000000255386,62864658,2026.07.16,4,1,OFFLINE, ,,,,2,1800.0,0,0,슈옌,"&lt;과장하지 않고, 제가 느낀 그대로를 솔직하게 적어볼게요.&gt;

1️⃣키포인트
✅톤업 선크림
✅광 반짝반짝✨
✅촉촉함
✅발림성 좋음
✅자연스러운 톤업(사람마다 차이가 날 수 있음)

2️⃣별점 4개인 이유
✅일단 저는 잘 안 써요. 저는 톤이 어둡다보니 바르면 얼굴만 동동 떠 보여서 잘 안 쓰게 되더라구요.
✅재구매 재구매 x n번 하는 이유는 부모님이 선크림은 이것만 사용하셔서..😂😐
❗그래도 리뷰 쓸 때는 며칠 사용한 후기를 바탕으로 작성합니다❗

3️⃣톤업, 광
📌너무 어두운 피부톤이 아닌 이상 톤업이 자연스럽더라구요.
제 생각에는 23호까지는 자연스럽게 톤업이 될 거 같아요.
📌이거 바르면 피부광이 좀 쩔어요. 예전에 이거 바르고 어떤 분 만났는데 그분께서 얼굴에 뭐 했냐고 물어보셨어요 ㅎㅎ(얼굴에서 광이 난다며~ ㅎㅎ) 
📌달바 선크림은 손목에 발라봐도 다른 선크림과 다르게 은은한 광이 나요.

❗그래서 꿀팁을 드리자면❗ 
ex) &#039;볼 쪽에만 은은한 광을 내고 싶어! 근데 달바 선크림 다 바르기에는 부담스러워!&#039; 하시면
달바 선크림을 &#039;볼 쪽에만 얇!게!&#039; 1~2번정도 레이어링 하듯이 발라주는 겁니다.

그러면 좀 효과 있어요.

4️⃣파데나 쿠션 대신
📌선크림 컬러가 완전 흰색🤍이 아니고 어느 정도 커버력이 있는(상아빛) 색이에요. 그러다보니 바쁘거나 시간 없을때는 파데, 쿠션 안 하고 이거만 발라도 될 거 같았어요. 
❗커버력?은 쏘소❗

5️⃣365템
📌저희 부모님은 항상 이것만 바르셔요. 진짜 찐 365템. 매일매일 이 선크림만 바르십니다. 
📌덥고 습한 여름에도, 건조한 겨울에도 선크림은 달바만 바르더라구요..

6️⃣촉촉함 & 발림성 좋음
📌촉촉해요. 다른 수분 선크림보다는 3%정도 부족한 느낌이 들긴 하지만, 이 정도면 충분히 수분감 있고 촉촉합니다.
📌발림성 좋아요. 수분크림처럼 발림성 좋아요. 뭉치거나 그러지 않아요.

7️⃣아쉬운 점
📌피부 톤이 어두운 저에게는 바르면 얼굴만 동동 떠 보이더라구요.
-이럴 때는 목도 따로 발라주면 해결돼요.
📌얼굴에 잡티가 많을 때는 이걸로는 부족해요.
-따로 컨실러로 가려주거나 하면 되긴 합니다.
📌유분이 생각보다 있어요.
-기름종이나 파우더로 잠재워주면 되긴 해요.
📌가격이 부담스러워요.
-할..인..할..때..

8️⃣추천하고 싶은 대상
📌반짝반짝 광을 내고 싶은 분
📌달바 선크림 궁금하셨던 분
 
9️⃣마무리
📌부모님이 좋아하시는 선크림
📌광나고 톤업되는 선크림

🔟재구매 의사
📌조만간 또 구매하실듯해요


💖도움이 되셨다면 [도움이 돼요]를 눌러주세요! 오늘도 좋은 하루 보내세요.💖"
2026-07-23,A000000255386,62882447,2026.07.16,5,1,OFFLINE, ,A03,B04,"C01,C03",2,1512.0,0,0,너니링,"톤업 선크림 여러 개 써봤는데 이건 핑크빛이 돌아서 얼굴이 조금 생기 있어 보이는 느낌이에요 
너무 하얗게 뜨는 타입은 아니고 자연스럽게 톤 보정되는 정도라 부담 없고 좋습니다"
2026-07-23,A000000255386,62881728,2026.07.16,5,1,GIFT, ,A03,B04,"C01,C03",2,1512.0,0,0,너니링,"촉촉한 편이라 뻑뻑하게 발리는 느낌은 없었고, 급하게 집 앞 나갈 때 이것만 바르는 날도 있었어요. 피부 컨디션에 따라 살짝 광이 도는 편이라 보송한 마무리 좋아하시는 분들은 파우더랑 같이 쓰면 괜찮을 것 같아요."
2026-07-23,A000000255386,62840380,2026.07.15,5,1,GIFT, ,A01,B02,"C02,C05",2,1134.0,0,0,춘식이뿅,"발랐을때 건조하지 않고 촉촉해서
수정용으로 쓰고 있어요 굳"
2026-07-23,A000000255386,62824816,2026.07.15,5,1,OFFLINE, ,A03,B04,"C01,C03",2,1134.0,0,0,아라무라무,아침마다 화장시간 줄여줘서 얼마나 좋은지 몰라요&gt;&lt; 톤업기능있는 선크림만 써요!
2026-07-23,A000000255386,62747200,2026.07.13,5,1,OFFLINE, ,A01,B04,"C03,C10",2,1134.0,0,0,얀남이22,기존꺼 다쓰면 달바 다른 시리즈 선크림도 써보고 싶다는 생각이 들정도로 현재 잘 쓰고 있어요&gt;&lt;
2026-07-23,A000000255386,62747169,2026.07.13,5,1,OFFLINE, ,A01,B04,"C03,C10",2,1134.0,0,0,얀남이22,전보다 더 늘어난 대용량이라 용량이 마음에 들어욧ㅋㅋ 그리고 톤업효과도 제 피부에 잘 맞구요.
2026-07-23,A000000255386,62747079,2026.07.13,5,1,OFFLINE, ,A01,B04,"C03,C10",3,1134.0,0,0,얀남이22,용량 늘어나고 핑크 톤업 베이스에 촉촉하기까지 하니 건성인 저에게는 이게 가장 낫더라구요.
2026-07-23,A000000255386,62741523,2026.07.13,5,1,OFFLINE, ,A02,B02,"C01,C09",2,1134.0,0,0,도다리,퍼플이랑 달리 핑크 달바 선크림은 촉촉 타입이라 건성이 바르기에 괜찮아 보입니당~
2026-07-23,A000000255386,62741518,2026.07.13,5,1,OFFLINE, ,A02,B02,"C01,C09",2,1134.0,0,0,도다리,봄웜톤인 저에게는 퍼플보다 핑크가 더 잘 맞더라구요. 요즘 이거 하나만 발라요!!
2026-07-23,A000000255386,62739267,2026.07.13,5,1,OFFLINE, ,A02,B02,"C01,C03",2,1134.0,0,0,약과리,톤업이랑 선차단이 같이 되는 선크림이라 화장을 두껍게 안해도 되서 편합니당~ㅎㅎ
2026-07-23,A000000255386,62739255,2026.07.13,5,1,OFFLINE, ,A02,B02,"C01,C03",2,1134.0,0,0,약과리,7월 더운날..저처럼 화장하기 귀찮으신 분들이 쓰기에 좋은 선크림이예용..톤업+선차단 ..ㅎ..
2026-07-23,A000000255386,62714742,2026.07.12,5,1,OFFLINE, ,A01,B02,"C02,C05",2,1134.0,0,0,춘식이뿅,"회사에서 뭐쓰냐고 물어봐서
선물했는데 마음에 들어하네요!"
2026-07-23,A000000255386,62714710,2026.07.12,5,1,OFFLINE, ,A01,B02,"C02,C05",2,1134.0,0,0,춘식이뿅,"보라랑 핑크 섞어서 바르는데
피부 진짜 좋아보이고 건조하지 않아서 좋아요"
2026-07-23,A000000255386,62694679,2026.07.12,5,1,OFFLINE, ,A01,B02,"C02,C05",2,1134.0,0,0,춘식이뿅,"사이즈가 커져서 더 팍팍 바르기 좋아요!
선크림은 매일 바르니 금방 쓰네요"
2026-07-23,A000000255386,62056956,2026.06.29,5,0,NORMAL,톤업 듀오 기획 (오프라인 패키지),A02,B02,"C02,C03",0,900.0,1,0,Remy,"계절 상관 없이 바르는 게 좋은 선크림, 그럼에도 여름엔 선택이 아닌 필수 아이템이잖아요. 아직 그 정도까지는 아니지만 유독 더울 거라 전망되는 올 여름, 이번 여름 자외선을 책임질 아이로 달바 이 아이와 함께 에스트라 더마UV365 장벽수분 무기자차 선크림도 함께 구매했었죠. 

선크림 초이스에 있어서 제일 중요한 부분. SPF50+, PA++++ 이예요.

본품 50ml가 원플원 더블로 구성된 아이구요.

네이밍이 핑크 톤업이라 그런지 튜브도 선크림 자체도 완전 핑크. 과하지 않은 자연스러운 톤업 효과로 생기 있어 보이는 연출 쌉가능. 

수분 에센스가 함유된 워터리한 제형이예요. 완전 부드러운 발림성.

구매 당시엔 몰랐는데 퍼플 톤업, 그린 톤업도 있더라구요. 구매 시 참조하세요.

개인차가 클 수 있는 부분이지만 개인적으로 백탁도 밀림도 자극 역시 거의 없었어요."
2026-07-23,A000000255386,62612746,2026.07.10,5,0,NORMAL,톤업 듀오 기획 (오프라인 패키지),,,,0,675.0,1,1,syyang,"촉촉하게 잘 발리면서도 끈적임이 심하지 않아 데일리로 사용하기 좋았습니다. 핑크 톤업이 자연스럽게 올라와 피부가 생기 있어 보이고, 메이크업 베이스 대신 사용해도 만족스러웠어요. 백탁이 과하지 않아 부담 없이 바를 수 있었고, SPF50+ PA++++라 자외선 차단도 든든합니다. 땀을 흘려도 톤업이 오래 유지되는 편이라 여름철에도 사용하기 좋았고, 50ml 2개 구성이라 가성비도 만족스럽습니다. 재구매 의사 있습니다."
2026-07-23,A000000255386,62846879,2026.07.15,5,1,OFFLINE, ,A01,B05,"C01,C03",1,594.0,0,0,피짜좋아,외출 전에 바르는데 피부가 답답하지 않아 손이 자주 가네요.
2026-07-23,A000000255386,62738396,2026.07.13,5,0,NORMAL,톤업 듀오 기획 (오프라인 패키지),A02,B02,"C09,C10",0,594.0,1,0,둥이888,자외선차단기능 뿐만아니라 톤업까지되서  외출시 간단하게 사용해요
2026-07-23,A000000255386,62939063,2026.07.17,5,1,OFFLINE,톤업 듀오 기획 (오프라인 패키지),A01,B04,"C01,C04",0,528.0,1,0,zuuzu,백탁현상 너무 심해요. 건성분들 쓰기 좋을 것 같아요. 그거말고는 완벽합니다
2026-07-23,A000000255386,62864838,2026.07.16,5,0,NORMAL,톤업 듀오 기획 (오프라인 패키지),,,,0,396.0,1,0,VUNGOCYEN,Qắedrftgyhujikoplmnbvcxzz
2026-07-23,A000000255386,62864763,2026.07.16,5,0,NORMAL,톤업 듀오 기획 (오프라인 패키지),,,,0,396.0,1,1,VUNGOCYEN,Qưertyuioplkhhgfdsazxcvbnm
2026-07-23,A000000255386,62830161,2026.07.15,4,0,NORMAL, ,,,,0,396.0,1,0,갱억님,"2번째 재구매입니다
커버력은 아주 좋은거같아요. 
큰용량은 처음인데 아주 오랫동안 사용할거같네요."
2026-07-23,A000000255386,62743413,2026.07.13,4,1,OFFLINE,톤업 듀오 기획 (오프라인 패키지),,,,0,396.0,1,0,갱억님,"발림성이 아주 좋고 얼굴이 화사해 보여요.
사용후 재구매의사  있습니다."
2026-07-23,A000000255386,61892741,2026.06.25,4,1,GIFT, ,A04,B05,"C01,C04",2,396.0,0,0,우수아,약간 워터리한 느낌이라 그런지 발림성 미쳐씀ㅠㅠ 들뜸이나 주름끼임 1도 없고 투명하게 상아빛 핑크루 보정댐ㅋㅋㅋ 대용량이라 좋음
2026-07-23,A000000255386,61892732,2026.06.25,4,1,GIFT, ,A04,B05,"C01,C04",2,396.0,0,0,우수아,촉촉한 수분감이 느껴지면서 피부가 맑아 보입니다. 유분기 때문에 번들거리는 게 아니라 가벼운 수분 광채라 사계절 내내 쓰기 좋아요.
2026-07-23,A000000255386,61892704,2026.06.25,5,1,GIFT, ,A04,B05,"C01,C04",2,396.0,0,0,우수아,달바 핑크 톤업 선크림 존예템입니당 수분감 대박이라 로션처럼 발립니당 ㅠㅠ 유분기 번들거리는게 아니라 이쁜 속광이 올라와서 피부 디게 좋아보임
2026-07-23,A000000255386,61892646,2026.06.25,4,1,GIFT, ,A04,B05,"C01,C04",2,396.0,0,0,우수아,톤업 선크림 유목민이었는데 드디어 정착했습니다. 인위적인 백탁 현상이 없어서 매일 아침 부담 없이 바르고 있어요. 목까지 경계 생기지 않게 꼼꼼히 바르기 좋습니다.
2026-07-23,A000000255386,61892623,2026.06.25,4,1,GIFT, ,A04,B05,"C01,C04",2,396.0,0,0,우수아,30대 중반 넘어가면서 얼굴 피곤해보일때 이거 바르면 톤업됨ㅋ 밀림이나 뭉침 전혀 업구 얇게 잘 밀착댐 매일 데일리로 씁니다
2026-07-23,A000000258917,62448318,2026.07.07,5,0,NORMAL, ,A01,B01,"C03,C04",9,3780.0,1,0,올리뷰과몰입,"이거리얼찐이얔ㅋ 내 용기가 대단하다면 ♥️

요즘핫하다 못해 매장갔더니 재고품절쑈?
그래서 오늘드림으루 시켰어요!! 

이번 7월 올영픽으로 짱구 콜라보 구성이 너무 귀여워서 구매함. 일단 패키지부터 짱구가 그려져 있어서 보기만 해도 기분 좋음. 스티커 2종이랑 제거기, 솜까지 넉넉하게 들어있어서 가성비 최고인 듯.

평소 피지 때문에 고민이 많았는데, 이거 사용하고 나니까 블랙헤드랑 피지가 눈에 띄게 줄어듦. 자극적이지 않게 피지를 녹여주는 느낌이라 피부에 부담이 적어서 좋았음. 확실히 사용 후에 피부 결이 매끈해진 게 느껴짐.

제거기 활용해서 슥슥 닦아내면 시원하고, 솜에 충분히 적셔서 고민 부위에 올려두기만 해도 피지가 잘 불어서 관리가 편함. 지성 피부인데 유분기 정리에도 도움 되고 세정력도 아주 만족스러움.

구성도 알차고 성능도 확실해서 재구매 의사 200%임. 피지 고민 있는 사람들은 고민 말고 꼭 써보길 추천함!"
2026-07-23,A000000258917,62458592,2026.07.07,5,0,NORMAL, ,A03,B04,"C01,C02",6,2556.0,1,0,sol솔,확실히 사용 전후에 차이가 느껴져서 오랜만에 사용하면서 이 제품이 이랬지! 싶은 느낌을 받았습니다:) 특히나 여름에 필수템이라고 생각해요!
2026-07-23,A000000258917,62695707,2026.07.12,5,0,NORMAL, ,A03,B03,"C01,C02",2,2430.0,1,0,화장품은성분이답이다,"일소 슈퍼 멜팅 세범 소프트너
 
독한향료없고. 눈시림유발성분 없고 화학성분 없는
성분아주 좋은제품입니다

@꿀팁 ㅡ세안후 피부결을 위해  평소 쓰는 패드나 스킨에 3분의 1 부어서  피부결 ㆍ유분관리. ㅡㅡ365일 합니다
(자극 ? 일도 없으니 안심하세요)
@코와 턱 ㅡ내장된 화장솜이나 스킨팩용 화장솜에 충분히 적셔서 귀찬은날 빼곤 매일합니다
(이틀에 한번 해도 되요~개인마다 조절하세요)
@그리고 코피지 녹인후 펩타이드라고 써진 성분이 다양하게 많이 들어간 에센스를 꼭 발라주어야합니다"
2026-07-23,A000000258917,62618910,2026.07.10,5,1,OFFLINE,소프트너 150ml(솜40매+마스크1매),A01,B04,"C07,C09",2,2430.0,1,0,보노밍,"이 제품으로 피지를 뿌리까지 뽑을 수는 없지만
피지가 너무 많이 올라왔을 때 한번씩 정리해주긴 좋아요

자주는 말고 일주일, 10일 간격으로 사용하면 좋을 듯?
피지부자는 한번씩 정리하는 용으로 사보는거 ㅊㅊ
근데 모공 열고, 팩하는 시간이 너무 길어서 귀찮긴해요ㅠㅠ"
2026-07-23,A000000258917,62519230,2026.07.08,3,0,NORMAL, ,A03,B03,"C02,C05",1,1890.0,1,0,짱아랍니당,"아 진짜 제품은 좋고 이전에 다써서 이번에 스파츌라 기획으로 재구매할정도로 좋은데
제발 배송좀 똑바로 개선하세요
뭔 매번 주문하면 박스는 다 개봉되어있고ㅋㅋㅋ
박스에 스티커가 없으면 몰라도 스티커도 붙여져있는데 개봉되어 오면 누구잘못일까?
안에 넣어주는 종이는 전혀 기능이 없는데 굳이굳이 넣고
차라리 종이 완충재를 써서 제품박스를 감싸서 보내세요ㅋㅋ
진짜 매번 포장방식때문에 개 빡췸
내가 개봉도 하기전에 개봉되어오는ㅋㅋㅋ
하나시키면 하나가 2개 사면 두개전부 박스 개봉되서 맞이해주네욬ㅋㅋㅋ
택배박스가 손상되서 오지도 않는데 제품은 전부 개봉되서온다?
반품상품 받는거같은 기분이 더러움ㅋㅋㅋ
누가보면 ㅋㅍ처럼 개봉새제품하면서 싸게 파는거 산줄알겠넼ㅋㅋ"
2026-07-23,A000000258917,62742311,2026.07.13,5,1,GIFT, ,A01,B04,"C03,C10",3,1674.0,0,0,얀남이22,이건 외국 사는 지인 선물해주려고 샀어요~ 코팩보다 이게 더 순하게 피지를 제거할 수 있다해서 좋대요!
2026-07-23,A000000258917,62717195,2026.07.12,5,0,NORMAL,소프트너 150ml(솜40매+마스크1매),A01,B05,"C05,C06",0,1350.0,1,0,됴럄이쥐,"&lt;한 달 사용 리뷰&gt;
한 달 직접 사용해보고 남기는 후기입니다 ! 
만족도 : ⭐️X5

평소 코와 턱 주변 피지, 블랙헤드가 고민이라 구매하게 되었는데 기대 이상으로 만족스러웠습니다. 사용 방법도 간단해서 화장솜에 적셔 피지가 신경 쓰이는 부위에 올려두었다가 닦아내면 되는데, 피부에 자극이 심하지 않으면서도 깔끔하게 관리되는 느낌이 들었어요.

사용 후에는 피부결이 한층 매끈해진 것 같고, 코 주변이 덜 거칠게 느껴졌습니다. 특히 피지를 억지로 압출하는 방식이 아니라 부드럽게 불려서 관리할 수 있어 부담 없이 사용할 수 있었어요. 세안 후 사용하면 더욱 깔끔한 느낌이 들어 주기적으로 관리하고 있습니다.

함께 구성된 화장솜도 사용하기 편했고 기획 구성이 알차서 만족스러웠습니다. 피지와 모공 관리에 관심 있는 분들이라면 한 번쯤 사용해 볼 만한 제품이라고 생각합니다.

매번 재구매하는 아이템 중 하나예요 ㅎㅎ 
모든 분들께 추천드립니다👍🏻"
2026-07-23,A000000258917,62406616,2026.07.06,5,0,NORMAL,소프트너 150ml(솜40매+마스크1매),A06,B04,"C05,C09",7,1260.0,0,0,이찬네연어,"한 달 정도 꾸준히 써보고 쓰는 후기인데 진짜 왜 피지 관리템으로 유명한지 알겠어요 🥹🤍 원래 코랑 턱에 피지가 잘 올라오는 편이라 손으로 괜히 건드리게 됐는데 이거 쓰고 나서는 피부결 자체가 훨씬 매끈해진 느낌이 들더라구요!!!

저는 세안하고 솜에 적셔서 피지 신경 쓰이는 부위 위주로 닦아주는데 자극이 심하지 않아서 데일리로 사용하기 부담 없었어요 😊 특히 코 만졌을 때 오돌토돌했던 게 점점 줄어드는 게 느껴져서 만족했어요 같이 들어있는 착붙솜도 생각보다 너무 괜찮더라구요 에센스를 잘 머금고 피부에 착 밀착돼서 부분팩처럼 5분 정도 올려두면 피부 열감도 진정되는 느낌이었어요

사용하고 나면 피부가 개운한데 건조하게 당기는 느낌은 거의 없어서 수분감도 적당히 남아있었고 다음 단계 스킨케어도 훨씬 잘 흡수되는 느낌 🤍 피지 때문에 고민이신 분들이나 피부결 관리 시작하고 싶은 분들은 한 번쯤 써보셔도 후회 안 할 것 같아요 저는 다 쓰면 재구매할 생각 예정입니다!!"
2026-07-23,A000000258917,62742224,2026.07.13,5,1,GIFT, ,A01,B04,"C03,C10",2,1134.0,0,0,얀남이22,순하게 피지 제거하고 싶어서 구매한 제품이예요. 짱구 콜라보가 귀엽기도 하구요&gt;&lt;
2026-07-23,A000000258917,62741112,2026.07.13,5,1,GIFT, ,A02,B02,"C01,C09",2,1134.0,0,0,도다리,기존 쓰던건데 짱구 콜라보가 귀여워서 또 샀어요. 일소는 귀여운 콜라보를 많이 하네요. 좀 더 부드럽게 피지 제거 하기에 좋은듯
2026-07-23,A000000258917,62694538,2026.07.12,5,1,GIFT, ,A01,B02,"C02,C05",2,1134.0,0,0,춘식이뿅,"여름이라 피지가 자꾸껴서 사봤는데
오우야.. 보기 좀 불쾌하지만 쾌감있게 피지제거 잘됩니다"
2026-07-23,A000000258917,62811865,2026.07.14,5,1,OFFLINE,소프트너 150ml(솜40매+마스크1매),A03,B04,"C04,C05",1,945.0,1,0,돈만줘,이만큼 피지 정리하기 좋은 템이 없어용😍 아토피있고 민감한 피분데도 자극없이 피지 제거 잘 하고 있습니당❤️
2026-07-23,A000000258917,62767274,2026.07.13,5,0,NORMAL, ,,,,1,945.0,1,0,syyang,"화장솜에 적셔 피지가 고민되는 부위에 사용하니 피부결이 한층 매끈하게 정돈되는 느낌이 들었고, 자극이 심하지 않아 부담 없이 사용할 수 있었습니다. 산뜻한 마무리감으로 끈적임이 남지 않아 데일리 피지 케어에 활용하기 좋았으며, 꾸준히 사용하면 모공 속 노폐물 관리에도 도움이 되는 느낌이었습니다. 제거기와 화장솜 40매, 스티커까지 함께 구성된 기획이라 활용도가 높고 가성비도 만족스러웠습니다. 피지와 블랙헤드 케어를 꾸준히 하고 싶은 분들께 추천하는 제품입니다."
2026-07-23,A000000258917,62808928,2026.07.14,5,0,NORMAL, ,A03,B02,"C03,C08",1,900.0,1,1,eunbi3804,"피지와 블랙헤드가 고민인 부위를 자극 없이 관리하기 좋았습니다. 화장솜에 적셔 코나 턱에 잠시 올려두면 피지가 부드럽게 정돈되는 느낌이었고, 사용 후 피부결도 한층 매끈해졌어요. 당김 없이 산뜻하게 마무리되어 부담 없이 사용할 수 있었고, 제거기와 화장솜 40매가 함께 구성되어 바로 관리할 수 있어 편리했습니다. 150ml의 넉넉한 용량으로 오래 사용할 수 있고, 피지 관리가 필요한 분들에게 만족스러운 기획 구성의 제품입니다."
2026-07-23,A000000258917,62808892,2026.07.14,5,0,NORMAL,소프트너 150ml(솜40매+마스크1매),A03,B02,"C03,C08",1,900.0,1,0,eunbi3804,"화장솜에 충분히 적셔 코와 턱 등 피지가 고민되는 부위에 올려두면 피부가 부드럽게 정돈되는 느낌이 들었고, 사용 후에는 피부결이 한층 매끈해졌어요. 당김이나 건조함이 적어 부담 없이 사용할 수 있었으며, 다음 단계 스킨케어도 더욱 잘 흡수되는 것 같았습니다. 착붙솜 40매와 모공팩 1매가 함께 구성되어 별도로 준비할 필요 없이 간편하게 홈케어를 할 수 있어 만족스러웠습니다. 피지와 모공을 꾸준히 관리하고 싶은 분들께 추천하는 기획 제품입니다."
2026-07-23,A000000258917,62808714,2026.07.14,5,0,NORMAL, ,A03,B02,"C03,C08",1,900.0,1,1,eunbi3804,"화장솜에 적당량을 덜어 고민 부위에 올려두었다가 사용하니 피지가 부드럽게 불어나 자극을 줄이면서 관리하기 좋았어요. 사용 후에는 코와 턱 주변이 한결 매끈하게 정돈된 느낌이 들었고, 피부도 당기지 않아 부담 없이 사용할 수 있었습니다. 제거기와 화장솜 40매가 함께 구성되어 별도로 준비할 것이 없어 편리했고, 귀여운 스티커까지 포함된 기획이라 더욱 만족스러웠습니다. 피지와 블랙헤드를 깔끔하게 관리하고 싶은 분들께 추천하는 제품입니다."
2026-07-23,A000000258917,62536154,2026.07.08,5,0,NORMAL, ,A03,B02,"C03,C08",0,900.0,1,0,eunbi3804,"사용 후 피부가 한결 매끈해진 느낌이 들어 만족스러웠습니다. 화장솜에 소프트너를 충분히 적셔 피지가 많은 부위에 올려두었다가 제거기를 사용하니 노폐물과 피지가 부드럽게 정돈되는 느낌이었습니다. 자극이 심하지 않아 부담 없이 사용할 수 있었고, 사용 후에도 피부가 건조하지 않고 촉촉하게 유지되었습니다. 기획 구성으로 제거기와 화장솜, 스티커까지 함께 들어 있어 별도로 준비할 것이 없어 편리했습니다. 꾸준히 사용하면 모공 관리와 피지 케어에 도움이 될 것 같아 만족스러웠으며, 집에서 간편하게 피지 관리를 하고 싶은 분들께 추천하고 싶은 제품입니다."
2026-07-23,A000000258917,62993357,2026.07.19,5,1,OFFLINE, ,A01,B04,"C01,C07",0,792.0,1,0,Sakusaku,굿!! 일소 제품은 코팩이랑 클렌징오일만 써봣는데(얘네도엄청조음..)이거 유명한 이유가 잇네요너무좋아옹 코 말고도 다른 부위도 피지관리 하고싶으시면 요걸로 사는게더좋을듯 자극도전혀없숭..
2026-07-23,A000000258917,62977569,2026.07.18,5,0,NORMAL,소프트너 150ml(솜40매+마스크1매),A05,B04,"C01,C05",0,792.0,1,0,jjjkkk0000,다 써서 샀어요 솜이 좋은 거 같아요 저는 피지 흡입기 따로 사서 같이 사용하는데 미는 거보다 좋아요
2026-07-23,A000000258917,62973146,2026.07.18,5,1,OFFLINE,소프트너 150ml(솜40매+마스크1매),A02,B01,"C01,C04",0,792.0,1,0,제이강림,티슈에 소프트너 적셔서 코주변 턱 이마에 올려놓으면 10분 안되서 하얗게 올라와요 일반 면봉으로도 잘 닦입니다
2026-07-23,A000000258917,62488287,2026.07.07,5,0,NORMAL,소프트너 150ml(솜40매+마스크1매),A04,B06,C08,0,756.0,1,0,잰뿡빵,"여름이니까 피지 관리 중요하죠!! 일소가 제일 잘하는거 같아서 구매했는데 같이 동봉되어있는 솜에 묻히고 10분 정도 방치하면 화이트헤드, 블랙 헤드 같이 나와요!! 너무 좋습니다ㅎㅎ"
2026-07-23,A000000258917,62089188,2026.06.30,5,0,NORMAL,소프트너 150ml(솜40매+마스크1매),A01,B01,"C01,C05",15,756.0,1,0,슺슺,"일소 피지연화제 처음 사용해봤는데요,
피지, 각질 제거에 탁월해요!!

너무 자주사용하면 피부에 자극이 되겠지만
더운 여름에는 가끔 사용해주면
모공이 청소되는 느낌이에요!

사용 후에 피부가 환해지는 느낌이라
만족해요!"
2026-07-23,A000000258917,63148311,2026.07.22,4,0,NORMAL, ,A03,,"C02,C05",0,720.0,1,0,율유리이,여름 수부지라 피지 엄청 올라오는데 일소 피지클리너 유명하길래 구매해보았습니다. 피지클리너는 블랙헤드를 없애려고 사용하기보단 겉에 올라온 피지들을 정리하는 느낌으로 사용합니다. 모공 깊숙하게 있는 블랙헤드들은 빠지지 않고 그대로 남아있고 피지도 금방 차오릅니다. 전 수부지라 그런지 며칠 지나면 바로 피지가 오돌토돌 차오르더라고요. 그렇다고 매일 할수는 없으니 1~2주에 한번정도 해줍니다. 하고나면 코가 정말 매끈해지긴 하지만 며칠 지나면 돌아옵니다.  블랙헤드는 꾸준히 관리하지 않으면 어렵더라고요. 냄새는 피지클리너라 좀 역하긴 하지만 코에 올려두면 금방 적응되긴 합니다.
2026-07-23,A000000258917,62895942,2026.07.16,5,1,OFFLINE, ,A02,B04,"C01,C02",0,720.0,1,0,군밤이,"일소 소프트너 꼭 사야하는 이유 5가지🫶🏻

1️⃣피지와 블랙헤드가 눈에 띄게 부드러워져요!
코와 턱에 오돌토돌하게 올라온 피지 때문에 고민이 많았는데, 사용하고 나니 피지가 말랑하게 불어나면서 훨씬 쉽게 관리되더라고요. 억지로 자극 주지 않아도 부드럽게 정리돼서 피부가 한결 깨끗해진 느낌이에요. 블랙헤드도 점점 옅어지는 게 보여서 꾸준히 사용할수록 만족도가 더 높아졌어요.

2️⃣피부결이 매끈해지고 화장이 정말 잘 먹어요.🥹💗
사용 후 피부를 만져보면 거칠었던 부분이 정돈된 것처럼 매끈해져요. 특히 베이스 메이크업 전에 사용하면 들뜸이 줄고 파운데이션이 피부에 착 밀착돼서 피부 표현이 훨씬 예쁘게 됩니다. 요즘 화장이 잘 먹는 이유가 이 제품 덕분인 것 같아요!

3️⃣자극 없이 순해서 꾸준히 사용하기 좋아요.
피지 관리 제품은 자극적일 거라는 편견이 있었는데, 일소 슈퍼멜팅 세범 소프트너는 사용감이 순하고 부담이 없어서 좋았어요. 피부가 따갑거나 붉어지는 느낌 없이 피지만 부드럽게 관리할 수 있어서 민감한 날에도 안심하고 사용할 수 있었습니다.

4️⃣번들거림이 줄고 피부가 깨끗해 보여요.🤭💧
피지와 노폐물이 정리되니까 코 주변 번들거림도 덜하고 피부가 전체적으로 깔끔해 보이는 효과가 있었어요. 모공이 막힌 느낌도 줄어들어서 거울 볼 때마다 피부가 한층 정돈된 것 같아 기분이 좋았어요

5️⃣피지 고민 있다면 꼭 추천하고 싶은 인생템!👍🏻
지금까지 여러 피지 관리 제품을 써봤지만 이렇게 사용하기 편하면서 효과도 만족스러운 제품은 처음이었어요. 블랙헤드, 화이트헤드, 거친 피부결 때문에 고민이라면 한 번은 꼭 사용해보셨으면 좋겠어요!! 꾸준히 사용할수록 피부결이 매끈해지고 메이크업까지 예뻐져서 재구매 의사 100%인 제품이에요."
2026-07-23,A000000258917,62754776,2026.07.13,5,1,OFFLINE, ,A04,B04,"C01,C08",0,675.0,1,0,믱뮣,일소꺼가 블랙헤드에 좋다고해서 구매하려구 했었는데 마침 짱구 콜라보라 넘 귀어워서 삿어용 ! &gt;_&lt; 제품마다 사은품이 다르던데 그립톡도 잇고 저는 블랙헤드 미는게없어서 그거 주는 증정품 그걸류 구매했어오 효과가 좋은거 같아여 ! 자극도 없고 좋어여
2026-07-23,A000000258917,62690777,2026.07.12,5,1,OFFLINE, ,A01,B03,"C01,C08",0,675.0,1,0,동그라미에요,"아니 이거 맞아요
아니 보여줄수도 없고 ㅠㅠㅠㅋㅋ
증말 제 학원 친구가 너무 애기피부처럼 뽀용하길래 제가 뭐 쓰냐고 물어봤드만 이거 알려줘가지고
벼르고 벼르다가 샀는데요 !!!!!
아니 얼굴이 매끈매끈하다 매끈매끈한이 되 …..
진짜 피지가 한 트럭 나와가지고(더럽죠 미안해요 ㅠㅜㅜ)
정말 피지 많은 사람들 무조건 트라이하세요 제발 진짜 리얼 ㅠㅜㅜ❤️
그리고 짱구 덕후인 제게 스티커와 피지 제거기까지 와가지고 너무너무 좋았어요 ㅠㅜ 근데 패드도 준다니까 진짜 돈이 너무 안아까운 구성이에요❤️ 나는 이 구성에 사만원으로 팔아도 샀을거 같습니다😭"
2026-07-23,A000000258917,62610755,2026.07.10,5,0,NORMAL,소프트너 150ml(솜40매+마스크1매),,,,0,675.0,1,0,syyang,"화장솜에 적셔 피지가 고민되는 부위에 잠시 올려둔 뒤 닦아내면 묵은 각질과 피지가 부드럽게 정돈되는 느낌이 들었습니다. 자극이 강하지 않아 부담 없이 사용할 수 있었고, 사용 후 피부결이 한층 매끈해져 만족스러웠습니다. 함께 구성된 착붙솜은 밀착력이 좋아 사용하기 편리했으며, 모공팩까지 포함된 기획이라 더욱 알차게 느껴졌습니다. 꾸준히 사용하면 번들거림 관리와 모공 케어에 도움이 되어 피지 고민이 있는 분들께 추천하고 싶은 제품입니다."
2026-07-23,A000000258917,62961964,2026.07.18,5,1,OFFLINE, ,,,,0,660.0,1,0,쥬주빈,아직 사용전인데 기대됩니다~! 잘한번써볼게요 ㅎㅎ 스크럽키트까지있어서 좋네요
2026-07-23,A000000258917,61698517,2026.06.20,5,0,NORMAL,소프트너 150ml(솜40매+마스크1매),A01,B03,"C05,C09",4,630.0,1,0,멍뭉쓰,"아니 오돌토돌한 느낌이고 블랙헤드가 막 눈에 띄는건 아닌데 뭔가 화장도 잘 안먹고 짜증나더라구요!?
그래서 피지 각질 관리를 좀 해줄 필요성을 느꼈어요
많은 후기에서 이거 쓰고나서 피부가 보들보들 해졌다그래서 화장이 잘 먹어질 까 싶어 구매해봤습니다
확실히 자극없이 피지녹이기에 좋은 것 같더라구요
같이 들어있는 검정 면봉으로 피지제거해줘도 좋지만 확실히 긁어내는거 따로 사서 쓰니까 자극은 좀 있어도 속시원하니 좋더라구요
지성인들은 자극이 좀 있어도 확실한 피지제거가 짱!ㅋㅋ 
이게 액체로 되어있어서 코 뿐만 아니라 미간이나 턱에 사용할 수 있어서 좋은 것 같아요 요즘 미간에 하얀색 피지올라와서 화장해도 보여가지고 짜증났는데 이거 쓰고나서 좀 덜한느낌 들어서 좋아요
일주일에 한번씩은 꾸준히 사용해주고있습니다"
2026-07-23,A000000258917,62847987,2026.07.15,5,0,NORMAL, ,A02,B03,"C01,C04",0,594.0,1,0,호미호밋,연화제 자체는 시간 준수해서 쓰면 자극 안되는데 긁어낼때 좀 빨개쟈요 하지만 효과는 극락
2026-07-23,A000000233171,62863122,2026.07.16,5,0,NORMAL,[리퀴드블러시 증정] 21N 아이보리,A02,B01,"C01,C03",148,108360.0,1,0,변희영,"세련된 디자인과 커버력이 뛰어난 듯
느껴지는 쿠션입니다. 피부에 부드럽게
밀착되며 모공과 잡티를 자연스럽게 가려주고
무너짐 없이 72시간 지속되어 하루종일
피부가 매끈하게 유지되고 있어요 
가볍지만 확실한 커버력으로 답답함이 없어
더운 요즘 날씨에도 사용하기 좋고
오후가 되어도 들뜨거나 다크닝이 없답니다.
습한 날씨에도 무너짐이 없이 지속력이 뛰어나요
커버와 지속 밀착까지 만족스러움이 높습니다. 
건조함 없이 피부속까지 촉촉하게 유지해주는
세럼 베이스라 각질관리도 잘되고 윤기를 더해주는
쿠션이라 피부결이 좋아진듯 합니다. 
땀과 유분이 있어도 흐트러지지 않으며 77%의 
스킨케어 성분이 함유 되어 바를수록 편안해지고
있어요 전용퍼프라 피부에 밀착력이 좋고 매끈하고
꼼꼼하게 커버가 잘됩니다. 리퀴드 미니증정 구성이라
알차게 잘 준비한거 같아요"
2026-07-23,A000000233171,62519761,2026.07.08,5,0,NORMAL,[리퀴드블러시 증정] 21N 아이보리,A02,B05,"C02,C03",153,83970.0,1,0,메리가든,"건성 피부라 쿠션 잘못 쓰면 금방 들뜨거나 속당김이 심해서 고를 때 정말 신중한 편인데, 이 제품은 기대 이상으로 만족스러웠어요. 처음 바를 때는 촉촉하고 부드럽게 밀착되는데, 마무리는 끈적임 없이 보송한 세미매트 느낌이라 답답하지 않더라고요. 커버력도 생각보다 좋아서 홍조나 옅은 잡티, 모공까지 자연스럽게 커버해주는데 두껍게 올라가는 느낌이 아니라 피부 표현이 정말 깔끔해 보여요. 여러 번 덧발라도 뭉치거나 들뜨지 않고 피부에 착 밀착되는 점도 마음에 들었습니다.

시간이 지나도 무너짐이 지저분하지 않고, 유분만 적당히 잡아줘서 건성인 저도 속당김 없이 편하게 사용할 수 있었어요. 퍼프도 탄탄해서 양 조절이 쉬웠고 얇게 여러 번 레이어링하기 좋았습니다. 케이스도 슬림해서 파우치에 넣고 다니기 편하고, 함께 들어있는 미니 크림 블러셔도 생각보다 활용도가 높아서 외출할 때 같이 챙기기 좋았어요. 커버력과 지속력은 놓치고 싶지 않지만 답답한 두꺼운 화장은 싫은 분들, 특히 건성인데 세미매트 쿠션을 찾고 계신 분들에게 추천하고 싶은 제품입니다."
2026-07-23,A000000233171,62755924,2026.07.13,5,0,NORMAL,[리퀴드블러시 증정] 19NC 라이트,A03,B02,"C01,C05",150,68625.0,1,0,mei0520,"처음에는 커버핏 쿠션이 촉촉하다는 후기를 많이 봐서 궁금한 마음에 사용해봤어요. 
직접 써보니 가장 마음에 들었던 점은 얇게 발리면서도 피부 표현이 자연스럽다는 것이었습니다.
특히  여러 번 덧발라도 답답하거나 두껍게 올라가는 느낌이 적었고, 잡티나 붉은기도 적당히 커버되어 화장한 티가 과하지 않았어요.  
바쁜 아침에는 퍼프로 몇 번만 두드려도 피부결이 매끈해 보여 메이크업 시간이 줄어든 점이 만족스러웠습니다. 
시간이 지나도 들뜨거나 갈라지는 현상이 심하지 않아 수정 화장도 간단하게 할 수 있었고, 피부가 건조해 보이지 않아 하루 종일 편안한 느낌이었습니다. 
개인적으로는 은은한 광채가 돌아 피부가 건강해 보이는 표현이 가장 마음에 들었고, 마스크를 착용하는 날에도 묻어남이 비교적 적어 실용적이라고 느꼈습니다. 
피부 타입에 따라 차이는 있겠지만, 자연스러운 커버력과 편안한 밀착감을 원하는 분이라면 한 번쯤 사용해볼 만한 쿠션이라고 생각합니다. 무엇보다 피부 본연의 느낌을 살려주면서 깔끔한 메이크업을 완성해줘 데일리 쿠션으로 자주 손이 가게 되었습니다."
2026-07-23,A000000233171,62487018,2026.07.07,5,0,NORMAL,[리퀴드블러시 증정] 21N 아이보리,A03,B05,C05,152,55620.0,1,0,키햐야,"요즘 날씨 진짜 더워서 땀나고 화장 무너지는 경우 많은데 이거는 진짜 고정력도 그렇고 커버력이 대박이에요...

두 번째 사진 보시면 외출하고 5시간 정도 지난 후인데도 더워서 모공 열린 거 빼고는 다크닝도 거의 없고 화장이 무너지는 것도 없어요!! 특히 피부 잡티 커버가 진짜 잘돼서 단독으로 사용해도 좋고 확실히 커버력 좋은 제품으로 유명한 데는 이유가 있는 것 같아요

너무 매트하지 않아서 오히려 피부 표현이 자연스럽고
퍼프도 쫀득하니 콧볼이나 턱등 굴곡이 있는 부분에 찍어바르기 좋았어요 ㅎㅎ"
2026-07-23,A000000233171,62011247,2026.06.28,3,0,NORMAL,[본품+리필] 21NC 베이지,A03,B03,"C01,C06",18,4140.0,1,0,유돕이,"🪞수부지 + 민감, 모공 + 잡티 피부타입 리뷰

-발림성: 개인적으로 부드럽진않고 펴발리는 느낌도 고르게 매끄럽지 못해서 바르는데 공을 조금 들여야함(시간없을때 호다닥 펴바르려고 쿠션샀는디..그냥 스파츌러로 파데 펴바르는 거랑 크게 공들이는 시간 차이가 없슴🥲)
-커버력: 생각보다 두껍게 올라가는 느낌인데 커버력 또한 중 정도...? 주근깨가 비치는데 지저분해 보이는거같은....
-피부표현: 이거 나만 표현 텁텁하게 올라가나요..?😭 너무 텁텁해.....그냥 텁텁스....커버력도 그저그래서 그냥 피부표현 뜬 사람 됨...

역시 화장품은 사바사..갠적으로는 헤라 블쿠나 힌스 메쉬쿠션이 훨씬훨씬 피부표현이 좋아보인다고 생각함👋🏻"
2026-07-23,A000000233171,63094933,2026.07.21,5,0,NORMAL, [본품+리필+블러시] 15N 페일,A02,B01,"C01,C03",1,2520.0,1,1,세찌세째,"건성, 하얀 피부, 솜털 많음
건성이 여름에 쓰기 좋아요.
 한번에 커버되는 거는 아니고 위에 한번 더 톡톡 발라주면 커버되는데 뭉치지 않습니다.
제가 솜털이 많아서... 조금 베이스가 뭉치는 편인데 괜찮습니다 ㅎㅎ 전 재구매해서 쓰고 있어요~"
2026-07-23,A000000233171,62503135,2026.07.08,5,0,NORMAL,[리퀴드블러시 증정] 21N 아이보리,A03,B05,"C01,C05",2,2430.0,1,0,연두부누나얌,"비디비치 스킨핏 쿠션을 만족하며 사용하고 있어서 여름용으로 커버핏도 구매해봤는데 기대 이상으로 만족스러웠어요.
 커버력이 과하지 않아 피부를 자연스럽게 보정해주면서 원래 피부가 좋은 것처럼 표현되는 점이 가장 마음에 들었어요. 
상아빛 아이보리 컬러라 피부 톤을 화사하게 한 톤 밝혀주고 얼굴이 생기 있어 보여 메이크업했을 때 훨씬 깔끔한 인상을 주더라고요. 
번들거림이 거의 없어 여름철에도 부담 없이 사용하기 좋았고, 땀이 나는 날에도 무너지면서 지저분해지는 느낌이 적었어요. 끈적임은 없지만 건조하게 당기거나 메마른 느낌도 없어 시간이 지나도 들뜨지 않고 피부에 편안하게 밀착됐어요. 모공 끼임도 거의 없어 피부결이 매끈해 보이고, 퍼프도 탄력이 좋아 얇고 균일하게 발려서 막 두드리면서 바르기도 쉬워서 좋아요.  막 발라도 예쁘게 발려요.
묻어남도 적고 지속력도 만족스러워 수정 화장을 자주 하지 않아도 깔끔한 피부 표현이 오래 유지됐어요. 
여름철 사용할 쿠션을 찾는다면 충분히 만족할 만한 제품이라고 생각합니다 ! 다 쓰고나면 또 구매하려구요
비디비치 틴트도 진짜잘쓰고있는데 베이스맛집 인정입니당"
2026-07-23,A000000233171,63171959,2026.07.23,5,0,NORMAL,[리퀴드블러시 증정] 19NC 라이트,A02,B03,"C02,C03",0,1800.0,1,0,임영미,"쿠션중에서 제일 좋아하는 쿠션인거 같습니다. 커버력도 정말 좋고 깔끔하고 보송하게 메이크업 되어서 좋아요. 
얇게 발리면 커버력이나 지속력이 안좋다고 생각햇는데 전혀 그런거 없이 깔끔하게 마무리 되어서 좋고 
끈적임 없이 수분만 채워주어서 피부 표현도 이쁘게 되어서 좋습니다.
여름 시즌이라 그런지 매시파우치도 같이 증정되어서 훨씬 가성비 좋은 아이탬됨!!
매쉬파우치 사은품 아닌거 같을 만큼 정말 활용도 좋습니다!"
2026-07-23,A000000233171,63120381,2026.07.21,5,0,NORMAL,[리퀴드블러시 증정] 21N 아이보리,A03,B04,"C01,C02",0,1800.0,1,0,복숭아야,"물광보다는 세미매트 느낌을 좋아해서 21N으로 골라봤는데 컬러가 딱 자연스러운 뉴트럴이라 제 피부에 정말 잘 맞았어요🤍

바르자마자 피부결이 매끈하게 정돈돼 보이고 모공이나 붉은기도 자연스럽게 커버돼서 원래 피부 좋은 사람처럼 표현되는 느낌! 얇게 올라가지 않아서 답답하지 않고 위에 여러번 두들겨도 뭉침 없이 예쁘게 올라가요☘️

무너짐도 지저분하지 않고 은은하게 예쁘게 유지돼서 수정 화장도 간단했어요
21호 쓰시는 분들 중 너무 핑크도 노란기도 부담스러운 분이라면 21N 추천해요🐥"
2026-07-23,A000000233171,63043947,2026.07.20,5,0,NORMAL,[리퀴드블러시 증정] 21N 아이보리,A02,B03,"C03,C04",0,1800.0,1,0,눈시리,"쿠션중에 거의 최애 쿠션인것.. 진짜 커버력도 너무 좋고 얇게 발려서 좋아요 
아침에 바르고 저녁까지도 수분감이 머물러 잇어서 좋고 커버도 지워지는거 없이 쭉 유지 되어서 좋아요..

커버력 좋은건 다크닝 일어나기도 해서 지워지지 않아도 칙칙해지는 피부때문에 수정화장 하고는 하는데 이건 그대로 유지시켜주어서 진짜 만족스런 쿠션입니다."
2026-07-23,A000000233171,62867129,2026.07.16,5,0,NORMAL,[리퀴드블러시 증정] 21N 아이보리,A03,B05,,1,1800.0,1,0,Myo0o,"안녕하냥냥!

비디비치 쿠션 비싸서•• 드뎌 샀어욤

-장점
얇음. 얇은데 커버력 중⭐️정도 매트하게 붙는데 건조하지 않음! 파우더랑 궁합이 좋고 지속력이 오래가며, 사라지듯이 지워지지 안예쁘게 지워지지 않음. T존 제외는 뽀송함 하루종일 감(파우더 하면). 피부가 건강해보이는 새틴광이 도는 매트타입임!

-단점
시중 쿠션들에 비해 색이 한톤 정도 어두움
밝은 21호 -&gt; 19
그냥 21호 -&gt; 21NC 이런식으로 한 톤 올리시기 추천

21N은 21.5~22호 정도로 느껴짐

모공 커버는 그저 그럼. 더럽게 끼지 않는거에 만족중"
2026-07-23,A000000233171,62866109,2026.07.16,5,0,NORMAL,[리퀴드블러시 증정] 19NC 라이트,,,,2,1620.0,1,0,Kiism2,"여름철에 무너짐 적은 쿠션 찾다가 구매햇어요 처음발랐을때 톡 하고 발랏는데 커버력이 생각보다 더 좋아서 너무만족스러웟어요 붉은기랑 작은 잡티정도는 컨실러없이도 자연스럽게 가려져서 컨실러 따로안써도 커버되는 느낌이라 좋아요

피부표현도 두껍지않아 답답한 느낌없고, 피부에착 밀착되는 느낌이라 요즘 인생데일리 쿠션으로 잘쓰고잇어요 시간지나도 다크닝심하지않고 코옆이나 마스크 닿는 부분도 크게 뜨지않아서 마스크 자주 쓰는 직업인데 만족스러워요

너무건조하게 표현되지않아 세미매트 피부표현 좋아하시는 분들 추천하고싶어요 피부가 한층 깔끔하고 정된된느낌으로 발리니까 꾸준히 구매해서 사용하려고요 만족!"
2026-07-23,A000000233171,62533747,2026.07.08,5,0,NORMAL,[리퀴드블러시 증정] 21NC 베이지,,,,1,1575.0,1,0,Joyhy,"평소 모공과 잡티를 자연스럽게 커버해 주면서도 오래 유지되는 쿠션을 찾고 있었는데 사용해 보니 만족스러웠어요. 

처음 퍼프로 두드리는 순간 피부에 얇고 균일하게 밀착돼 두껍게 화장한 느낌이 없었고, 피부결이 한층 매끈하게 정돈돼 보여요.

붉은기와 잡티도 깔끔하게 가려져 컨실러를 따로 사용할 일이 거의 없었고, 여러 번 덧발라도 뭉치거나 답답한 느낌이 없어 사용하기 편했어요. 

겉은 보송한 윤결 매트 표현이라 번들거림은 잡아주면서도 속은 촉촉하게 유지돼 시간이 지나도 건조하게 갈라지거나 들뜨는게 없어요. 

아침에 메이크업한 후 오후까지 피부 표현이 깔끔하게 유지돼 수정 화장을 자주 하지 않아도 될 정도였고, 무너질 때도 지저분하게 뜨기보다 자연스럽게 표현돼 만족해요.

피부가 편안한 사용감이라 매일 사용하기에도 부담이 없었고, 은은하게 피부가 좋아 보이는 표현이 마음에 들었어요. 

올영픽 기획으로 리퀴드 블러시까지 함께 받을 수 있어 구성도 알차게 느껴졌고, 가격 대비 만족도가 높은 제품이라 주변에도 추천하고 싶은 쿠션입니다."
2026-07-23,A000000233171,62941099,2026.07.17,4,0,NORMAL,[본품+리필] 23N 샌드,A03,B02,"C08,C09",1,1512.0,1,1,김듈리,"세미매트이고, 밝기는 딱 적당한 것 같아서 좋아요. 기초 잘 안하면 약간 당기고 건조해요"
2026-07-23,A000000233171,63170464,2026.07.23,5,0,NORMAL,[리퀴드블러시 증정] 21NC 베이지,,,,0,1500.0,1,0,하영경,"커버력이 좋으면서도 답답하지 않은 쿠션을 찾고 있었는데, 비디비치 제품이 평이 좋아 구매해봤습니다. 사용해 보니 왜 꾸준히 인기가 있는지 알겠더라고요.

케이스부터 블랙 컬러라 세련되고 고급스러운 느낌이 들어서 파우치에 넣고 다니기에도 만족스러웠습니다. 퍼프도 피부에 밀착력이 좋아 내용물을 고르게 묻혀 얇게 발리더라고요.

가장 만족스러웠던 부분은 커버력이었습니다. 붉은기나 잡티, 모공을 한 번만 두드려도 자연스럽게 커버해줘서 피부가 한층 깨끗해 보였습니다. 그렇다고 두껍게 올라가는 느낌은 아니고, 여러 번 덧발라도 뭉침이 심하지 않아 화장이 깔끔하게 마무리됐어요.

밀착력도 좋은 편이라 시간이 지나도 들뜨거나 무너지는 느낌이 적었습니다. 오후가 되어도 피부 표현이 지저분하게 무너지기보다 자연스럽게 유지돼 수정 화장도 간단하게 할 수 있었어요.

마무리감은 은은한 윤기가 도는 세미 글로우 느낌이라 피부가 건강해 보였고, 건조함도 심하게 느껴지지 않았습니다. 데일리 메이크업은 물론 중요한 약속이 있는 날에도 손이 자주 갈 것 같아요.

이번 증정으로 함께 받은 리퀴드 블러시도 발색이 자연스럽고 블렌딩이 쉬워 쿠션과 함께 사용하니 생기 있는 메이크업을 연출하기 좋았습니다.

✔️잡티와 모공을 자연스럽게 커버해주는 높은 커버력
✔️얇고 균일하게 밀착되어 답답하지 않음
✔️시간이 지나도 무너짐이 비교적 깔끔한 편
✔️고급스러운 케이스와 부드러운 퍼프
✔️증정 블러시까지 함께 구성되어 만족도 높음

전체적으로 커버력과 밀착력, 지속력이 균형 있게 만족스러운 쿠션이었습니다. 자연스럽게 피부 표현을 하면서도 커버력을 원하는 분들에게 추천하고 싶은 제품입니다."
2026-07-23,A000000233171,63155853,2026.07.22,5,0,NORMAL,[리퀴드블러시 증정] 21N 아이보리,,,,0,1500.0,1,0,아이스베리,"평소 피부 잡티와 칙칙한 피부톤 커버에 신경 쓰여 쓰기 시작했는데 좋아서 재구매^^
21N 아이보리 컬러가 너무 밝거나 뜨지 않고 자연스럽게 피부톤을 정돈해줘 데일리로 사용하기 좋고 얇게 발리는데도 커버력이 좋아 잡티도 잘 가려주고 피부 표현이 깔끔하게 완성돼 만족!! 밀착력이 좋아 시간이 지나도 들뜸이 적어서 진짜 매일 사용중이에요~♡"
2026-07-23,A000000233171,63060641,2026.07.20,5,0,NORMAL,[리퀴드블러시 증정] 21NC 베이지,A03,B02,C01,0,1500.0,1,0,제로떠기,평소 커버력 좋은 쿠션을 선호해서 비디비치 블랙 퍼펙션 커버 핏 쿠션을 사용해봤는데 기대 이상으로 만족스러웠어요. 얇게 밀착되면서도 잡티와 붉은기를 자연스럽게 커버해줘서 컨실러를 따로 사용할 일이 거의 없었습니다. 피부 표현도 답답하지 않고 매끈하게 마무리돼서 피부가 한결 좋아 보이는 느낌이었어요.
2026-07-23,A000000233171,62994167,2026.07.19,5,1,OFFLINE,[리퀴드블러시 증정] 21N 아이보리,,,,0,1500.0,1,0,도범잉,"일단 큐션자체가 얇아서 너뮤 좋아요!!! 파우치에 넣어다니기 너무 좋고 밀착력 유지력 좋고 근데 원래 코 옆이 엄청 잘 뜨는데 이거 바르고 많이 줄기는 했는데 완전히 잡아주지는 못했지만 그래도 여름 큐션으로 강추 입니다!!
얇게 올라가지만 결.유지력.커버력 다 좋고 같이 오는 브러쉬도 멀멀해서 샤용하기 너므너무 좋아요"
2026-07-23,A000000233171,62271023,2026.07.03,5,0,NORMAL,[리퀴드블러시 증정] 19NC 라이트,A06,,"C05,C07",3,1350.0,1,0,영이다옹,평소 쿠션은 너무 두껍게 발리는 느낌이 싫어서 고민하다가 구매해슴덩ㅎㅎ 커버력 좋다고 해서 혹시 답답하게 표현될까 걱정했는데 괜한 걱정이였고 피부에 올리는 순간 얼굴에 촥 밀착되면서 얇고 자연스럽게 표현돼서 너무 마음에 들어요!!!  잡티도 적당히 커버해주면서 피부가 한층 화사해 보이니까 괜히 얼굴이 더 예뻐 보이는 너낌이 드네여... ㅋㅋㅋㅋ  쫀쫀하게 밀착돼서 시간이 지나도 쉽게 무너지지 않는 것 같고 아니 무너지지도 않고 지속력도 너무 만족스럽습니당 무엇보다 쿠션 바른 뒤에 블러셔를 올렸는데 발색이 정말 예쁘게 올라와서 메이크업하기도 훨씬 편했어요 들뜨거나 밀리는 느낌도 없고 피부 표현이 깔끔해서 요즘 제일 자주 손이 가는 쿠션이고 글고 이 가격에 리필까지 같이 들어 있는 구성이라 가성비도 정말 좋아요!!!ㅎㅎ 사은품으로 같이 온 블러셔도 기대 안 했는데 크기가 작고 귀엽그 수정 화장용으로 들고 다니기 딱 좋더라구요 발색도 생각보다 예뻐서 써보니 마음에 들었어요 ㅠㅠ 본품까지 탐나는 ...따로 사고 싶다는 생각이 들어요 전체적으로 구성도 만족스럽고 제품 사용감도 좋아서 진쩌 너무 구매하길 잘햇어용 다들 행사할때 구매 하시길...🫶🏻😙
2026-07-23,A000000233171,62589460,2026.07.10,5,0,NORMAL,[리퀴드블러시 증정] 21N 아이보리,,,,1,1260.0,1,0,구둥짝,"워낙 유명한 제품이라 사봤는데 n번째 재구매템입니당

커버력이 너무 두꺼우면 곤란한데 얇게 밀착되면서 잡티와 붉은기를 자연스럽게 가려줘서 피부가 원래 좋은 사람처럼 찰떡 피부 됩니당ㅎㅎ

특히 콧볼 옆에 끼임 이나 눈밑 처럼 잘 무너지는 부분도 들뜸이 적어요

시간이 지나면서 피부에 더 자연스럽게 스며들어서 수정화장도 필요없어요~~!!

쿠션 퍼프도 완전 아기궁뎅이 퍼프라 소량만 찍어도 넓게 펴 바를 수 있어용

여러 번 덧발라도 답답하거나 두꺼워 보이지 않아서 덥고 습한 날씨에도 베이스가 쉽게 무너지지 않아 수정 화장 횟수 진짜 줄었어요

은은하게 광채가 나면서 번들거리는 느낌은 적어서 완전 꿀템입니다

무엇보다 피부 결이 매끈하게 정돈돼 보이고 모공도 자연스럽게 블러 처리된 것처럼 표현돼서 사진 찍을 때도 피부가 훨씬 깨끗하게 나오더라구용

패키지도 깔끔하고 휴대하기 편해서 외출할 때 항상 챙겨 나가요
실버파우치도 매쉬라 안에 다 보여서 바로 개시해서 쓰고 있습니당ㅎㅎ

리퀴드 블러시 증정 구성까지 있어서 너무너무 대만족이에요
 한동안 이 쿠션만 계속 사용할 것 같아욤"
2026-07-23,A000000233171,62563981,2026.07.09,5,0,NORMAL,[리퀴드블러시 증정] 21N 아이보리,,,,1,1260.0,1,0,래니이,"항상 재구매 하는 팩트!! 이 쿠션 쓰면 이제 다른거 못써요 ㅎㅎ 저두 광고 보고 시작했는데 진짜 넘 피부표현이 다른거와 다르고 발림이 다릅니다!! 일단 커버력은 꽤 뛰어나면서도 무겁지 않고 자연스러운 피부 표현이 돼서 정말 마음에 쏙 들정도로 데일리템이구요!! 피부 결점을 잘 가려주는데도 두꺼운 느낌 없이 가볍게 발려서 딱 좋아요 ㅎㅎ 또, 지속력도 좋아서 아침에 바르면 오후까지도 광이 적당히 살아있고 피부가 답답하지 않아서 마음에 들구 무엇보다도 촉촉함과 보송함 사이 밸런스가 적절해서 건조하거나 유분 많을 때 모두 무리 없이 쓸 수 있는 점이 장점인 것 같아요~~ 리필도 편하고 용기도 세련돼서 소지하기 좋구 개인적으로는 컬러가 다양하고 내 피부톤과 잘 맞아서 더욱 자연스러운 표현이 가능하더라구요! 매트하지만 답답하지 않고 피부 표현을 자연스럽게 하고 싶을 때 적극 추천하는 쿠션입니다! 계속해서 또 구매할 생각 이구 피부 화장품 중에 가성비도 꽤 괜찮다고 느껴져 정말 만족스러운 제품 중 하나에요 ㅎㅎ 혹시 쿠션 고민 중이라면 한번 써보라고 추천할 정도 입니다!"
2026-07-23,A000000233171,62528594,2026.07.08,5,0,NORMAL,[리퀴드블러시 증정] 21N 아이보리,,,,1,1260.0,1,0,써리미,"처음 사용해봤을때 제형이 살짝 뻑뻑한 느낌이라 얇게 여러 번 두드려 발라야 했는데 그렇게 올리니 피부에 밀착력이 정말 좋더라고요 시간이 지나도 들뜨거나 뭉침이 적고 코 주변도 쉽게 무너지지 않아서 수정 화장을 자주 하지 않아도 됐습니다 커버력도 기대 이상이었어요 붉은기와 작은 잡티, 모공까지 자연스럽게 가려주면서 피부가 매끈하게 표현됩니다 두껍게 화장한 느낌은 아니고 피부결이 좋아 보이는 정도라 데일리 메이크업으로 사용하기 좋았어요 그리고 바를 때는 촉촉하게 펴 발리지만 마무리는 보송한 편이라 머리카락이 얼굴에 달라붙지 않고 더운 날씨에도 산뜻하게 유지됐어요 마스크를 오래 착용해도 답답한 느낌이 적고 메이크업이 크게 묻어나지 않아 만족스러웠습니다 리필과 블러셔는 물론 파우치까지 함께 들어 있어 활용도가 높아 구성도 맘에 들었어요 전체적으로 커버력, 밀착력, 지속력을 모두 갖춘 쿠션이라 여름철에 사용하기 좋은 제품이라고 생각합니다 땀과 유분 때문에 화장이 쉽게 무너지는 분들이라면 한 번쯤 사용해보시길 추천해요 저도 다 쓰면 재구매하려합니다"
2026-07-23,A000000233171,62363323,2026.07.05,5,0,NORMAL,[리퀴드블러시 증정] 21NC 베이지,A02,B02,"C01,C08",2,1260.0,1,0,parksong,"비디비치 커버 핏 쿠션은 이름대로 커버력과 밀착력이 인상적이에요. 
소량만 찍어 발라도 피부에 얇고 고르게 발리면서 붉은기와 잡티를 자연스럽게 커버해줘서 여러 번 덧바르지 않아도 깔끔한 피부 표현이 가능해요. 
두껍게 올라가는 느낌이 없고 피부결을 매끈하게 연출이 돼 원래 좋은 피부인 것 처럼 보여요ㅋ
시간이 지나도 쉽게 무너지지 않고
다크닝도 심하지 않아 처음 메이크업한 느낌이 오래 유지됐어요. 
세미매트하게 마무리되어 번들거림은 줄여주면서도 건조한 느낌은 적어 데일리 쿠션으로 쓰기에 딱 좋아요.
모공이나 요철도 자연스럽게 블러 처리된 듯 표현돼 피부가 한층 매끈해 보였어요. 
수정 화장을 뜨는 현상이 적어 부담 없이 수정을 할 수 있어 좋았어요.
기획으로 발색이 예쁜 리퀴드 블러셔까지 함께 증정되는데 아주 무난한 컬러라 맘에 들더라구요.
쿠션 하나만으로도 완성도 있는 메이크업을 한 기분이 들어서 만족스러워요."
2026-07-23,A000000233171,63158017,2026.07.22,5,0,NORMAL,[리퀴드블러시 증정] 21N 아이보리,A03,B02,"C01,C03",0,1200.0,1,0,이영희zuanshi02,"​너무나도 더운 여름 땀도 나고 화장도 잘 지워져 신경 쓰였는데 올리브영 비디비치 블랙 퍼팩션 커버핏쿠션을 쓰고 정말 만족스러워요 장점을 정리해보면..

1. 얇지만 확실한 커버력
제형이 얇게 밀착되면서도 잡티, 붉은기, 모공 등 피부 결점을 정교하게 가려줘요
두껍거나 텁텁하게 얹히지 않으면서도 컨실러를 따로 쓸 필요가 없을 정도로 커버력이 좋아요

​2. &#039;겉보속촉&#039; 세미매트 텍스처
스킨케어 성분과 블랙 프로틴 콤플렉스가 함유되어 있어 세미매트 특유의 속건조나 당김을 줄여줘요
피부 표면은 보송하고 픽싱이 빠르게 되지만, 속은 촉촉하고 은은한 윤기가 도는 매끈한 피부 표현이 가능해요

​3. 강력한 밀착력과 지속력
피지와 유분을 잡아주는 커버 핏 기술로 다크닝이나 무너짐이 적어요
땀이나 유분이 나와도 베이스가 지저분하게 들뜨거나 벗겨지지 않고 깔끔하게 유지돼요

​4. 슬림하고 감각적인 패키지 디자인
기존 쿠션들에 비해 케이스가 얇고 가벼워 휴대성이 뛰어나요

​5. 뭉침을 줄여주는 전용 밀착 퍼프
 전용 퍼프가 밀착력과 균일한 발림성을 도와줘요"
2026-07-23,A000000233171,63157033,2026.07.22,5,0,NORMAL,[리퀴드블러시 증정] 21NC 베이지,A04,B04,"C05,C08",0,1200.0,1,0,쪼로,"비디비치 블랙쿠션은 처음 써봤는데 생각보다 피부 표현이 진짜 깔끔하게 되더라구요 ㅎㅎ 요즘 쿠션 잘못 고르면 처음에는 예쁜데 시간 지나면서 들뜨거나 모공 쪽에 끼는 경우가 있어서 꽤 신중하게 고르는 편인데 이건 얇게 펴발리면서 피부가 매끈해 보이는 느낌이 좋았어요!
커버력도 너무 두껍게 올라가는 스타일이 아니라서 마음에 들었어요 잡티나 붉은 부분은 한 번 더 톡톡 올려주면 자연스럽게 커버되고 얼굴 전체에 바르면 답답한 느낌 없이 피부톤이 정돈돼서 깔끔해 보여요 특히 퍼프에 양 조절해서 바르면 뭉침 없이 밀착되는 느낌이라 급하게 화장할 때도 괜찮더라구요 ㅎㅎ
무엇보다 피부가 너무 매트하게 굳는 느낌이 아니라 적당히 윤기가 남아서 요즘 같은 날씨에도 피부가 푸석해 보이지 않았어요 그렇다고 번들번들한 광은 아니라서 부담스럽지 않고 시간이 지나면서 피부에 자연스럽게 어우러지는 느낌이었어요! 수정화장할 때도 두껍게 덧발리는 느낌이 적어서 좋았고요
케이스도 블랙이라 깔끔하고 고급스러운 느낌이라 들고 다니기에도 예뻐요 ㅎㅎ 전체적으로 피부 표현을 깔끔하게 하고 싶지만 너무 두껍거나 답답한 쿠션은 싫은 분들이 사용해보면 괜찮을 것 같아요!"
2026-07-23,A000000233171,63074076,2026.07.20,5,0,NORMAL,[리퀴드블러시 증정] 21NC 베이지,A04,B02,"C01,C08",0,1200.0,1,0,블랙스완4,"기존보다 컬러 선택지가 다양해져서 조금 밝은톤으로 구매해봤어요. 평소 건성이라 쿠션만 바르면 들뜨는 경우가 많은데, 촉촉한 스킨케어 성분이 함유되어 있어서 들뜸 없이 매끈하게 밀착되서 좋네요! 일단 커버력은 무조건 합격.. 잡티랑 피부결 정돈 너무 잘되는데 기미까지 아주 야무지게 잘 가려줘요. 너무 잡티 심한거 아니시면 따로 컨실러 안 써도 될 정도에요. 퍼프로 양조절만 발해주면 아주 나이스. 요즘처럼 더운 날씨에도 화장이 지저분하게 무너지지 않고 스웨트 프루프라서땀에도 강하고 예쁘게 유지되는 점이 특히 만족스러웠어요. 같이 산 언니도 사용해보고 너무 마음에 들어 하더라고요.
리퀴드 블러시도 컬러 너무 이뻐서 막 얼굴 과하게 튀지않아서 자주 쓸 수 있을 것 같아요. 차분한 컬러라서 더 마음에 들어요. 피부에 은은한 광채까지 살아나 피부 표현이 정말 예뻐요. 그리고 쿠션에 내장 된 퍼프가 진짜 쫀쫀말랑이에요. 다음에는 퍼프 여분도 기획애 넣어주시면 좋을것 같습니다!!   
케이스도 세련되고 슬림해서 파우치에 넣고 다니기 편하고, 뚱뚱 쿠션 아니라 휴대성까지 합격점 다 드려요!"
2026-07-23,A000000233171,62516276,2026.07.08,5,0,NORMAL,[본품+리필+블러시] 17N 페어,A03,B04,,1,1125.0,1,0,둘리가가만둘리가없지,"사진에 오른쪽이 vdl a00이고 왼쪽이 비디비치 17임
평소에 a00쓰다가 자연스러워지고싶어서? 샀은데
A00써서 그런지 생각보다는 밝진않음
어두운15호인데 피부색이렁 비슷함
밝은거원라면 15호 사시는거 ㅊㅊ
17쓰면서 a00으로  하이라이트 하려고함ㅜㅜ"
2026-07-23,A000000233171,62479472,2026.07.07,5,0,NORMAL,[본품+리필+블러시] 17N 페어,A03,B02,"C02,C03",2,1116.0,1,0,까칠한40,"요즘같이 피지 많이생기고 땀 많이 생길때 가볍고 얇게
얼굴에 바르기 너무 좋습니다^^
뽀송한 도자기 피부되용"
2026-07-23,A000000233171,62879870,2026.07.16,5,0,NORMAL,[본품+리필] 19N 포슬린,A01,B04,"C08,C10",3,1080.0,0,0,b304,"한 달 사용해 보니 피부 표현이 자연스럽고 지속력이 좋아 만족스러웠습니다. 19N 포슬린 컬러가 밝고 깨끗하게 표현되면서도 들뜸이 적어 데일리로 사용하기 좋았습니다. 커버력도 적당해 피부 결점을 자연스럽게 보완해 주고, 시간이 지나도 무너짐이 깔끔한 편이라 손이 자주 가는 쿠션입니다. 리필까지 있어 가성비도 좋았습니다."
2026-07-23,A000000233171,62869947,2026.07.16,5,0,NORMAL,[리퀴드블러시 증정] 21NC 베이지,A03,B02,"C02,C03",1,1080.0,0,0,다니씨,"비디비치 블랙 퍼펙션 커버 핏 쿠션은 처음 사용해봅니다 ~~
그런데!! 왜 이제서야 만났을까요 ?? 기대 이상으로 만족!!
소량만 사용해도 피부에 얇고 균일하게 밀착되면서 붉은기와 잡티를 자연스럽게 커버해 줘서 피부가 완전 깨끗하게 표현되는게 넘 좋았어요 
두껍게 올라가는 느낌이 없어 여러 번 덧발라도 답답하지 않았고, 
번들거림 없이 깔끔한 피부 표현이 오래 유지~~~!! 
시간이 지나도 들뜨거나 뭉침이 심하지 않아 수정 화장도 간편했고, 
대중교통 이용시 마스크를 착용를 착용하는편인데 ... 마스크에 묻어남이 적어서 좋았어요 ! 
함께 증정받은 리퀴드 블러시와도 궁합이 좋아 자연스럽고 생기 있는 메이크업이 되더라구요 ㅎㅎ
데일리 쿠션을 찾는 분들에게 부담 없이 추천하고 싶은 제품!"
2026-07-23,A000000186409,63100625,2026.07.21,5,0,NORMAL,기획(150ml + 50ml),A06,B04,C05,0,1800.0,1,0,쥬냥쥬,"여드름이랑 피지 케어에 좋다고 입소문이 자자하길래 마침 150ml 본품에 50ml 추가 증정하는 기획 세트 구성이 좋아서 구매했습니다

평소에 주기적으로 좁쌀이나 화농성 트러블이 올라오는 민감한 수부지 피부라서 클렌징폼 고를 때 성분을 엄청 따지는 편인데 이건 여드름 기능성 제품이라 그런지 확실히 자극 없이 순한 느낌입니다

거품이 되게 조밀하고 풍성하게 잘 나는 편이라 세안할 때 손이랑 얼굴 피부 사이에 마찰이 적어서 자극이 덜한 게 마음에 듭니다. 피지 분비가 많은 T존이랑 나비존 위주로 부드럽게 롤링해 주면 모공 속 노폐물까지 깔끔하게 씻겨 나가는 기분입니다

가끔 여드름용 클렌징폼 중에 세안 후 당김이 심하거나 건조해지는 제품들이 있는데, 이건 뽀드득하게 씻기면서도 속당김 없이 촉촉함이 어느 정도 남아있어서 마음에 듭니다. 일주일 넘게 꾸준히 아침저녁으로 써보니까 확실히 새로 올라오는 트러블 빈도가 줄어들고 피부 결이 정돈된 게 느껴집니다

기획 세트에 들어있는 50ml는 사이즈가 콤팩트해서 여행 가거나 운동하러 갈 때 들고 다니기 딱 좋을 것 같습니다. 제품력도 좋고 구성도 혜자라 다 쓰면 무조건 재구매해서 쟁여둘 생각입니다"
2026-07-23,A000000186409,62687823,2026.07.12,5,0,NORMAL,기획(150ml + 50ml),A02,B02,"C01,C08",2,1674.0,1,0,ZZ바라기,"지성에 적합한 제품입니다 ~!

피지때문에 구매했어요

세정력좋고
거품 잘 나요~!

마음에듭니다 ~!!"
2026-07-23,A000000186409,63078492,2026.07.20,5,0,NORMAL,기획(150ml + 50ml),A03,B04,,1,1200.0,1,1,응꽁,"거품이 엄청 쫀독하게 나고 세안 후에 피부가 엄청 매끈해져요. 직장 동료 남자가 피부가 진짜 좋은데 이 폼클 쓴다고 이 제품 진짜 좋다고 해서 브랜드는 생소하지만(제기준) 구입해봤는데. 세정력이 진짜 좋고 아침보다는 밤에, 겨울보다는 여름에 더 좋은 폼클 느낌이에요. 여름동안 밤에 쓰는 폼클로 잘 쓸거 같아요!"
2026-07-23,A000000186409,63050779,2026.07.20,5,0,NORMAL,기획(150ml + 50ml),A03,B02,"C05,C06",0,792.0,1,0,J67,클렌징도 잘되고 순하고 좋아요.여드름에 도움된다고해서 꾸준히 쓰려고요
2026-07-23,A000000186409,63010603,2026.07.19,5,0,NORMAL,기획(150ml + 50ml),A03,B05,C07,0,792.0,1,1,호있뀨,여드름이 계속나서 클렌저를 바꿔서 사용중 벌써 두통째. 지속적으로 나는 여드름이라 어쩔수 없지만 그래도 다른 제품보다는 덜 나는것같아 계속 사용중입니다
2026-07-23,A000000186409,63148222,2026.07.22,5,0,NORMAL,기획(150ml + 50ml),,B06,,0,720.0,1,0,냐냐냐앙,"나의 빛, 나의 구원자이실게요.✨✨🤍

꽤나 피부 스트레스 많이 받는 사람이었는데 이 제품 쓰고 깨-끗까지는 아니라도 그냥 트러블 없는 피부 됐습니다. 

세정력? 좋고요, 향? 괜찮습니다. 
뽀득뽀득 느낌 좋아하시는 분들이 쓰기 좋은 것 같고 소량으로도 거품 풍성합니다!
저는 그냥 아침 저녁 상관 없이 써주고 있습니다!"
2026-07-23,A000000186409,63157738,2026.07.22,5,0,NORMAL,기획(150ml + 50ml),,,,0,660.0,1,0,밍트리,자극없이 잘 지워져서 좋아요 만족헙니다 또 살 의향 있습니더 먼족헙니더 굿굿
2026-07-23,A000000186409,60374830,2026.05.30,5,0,NORMAL,기획(150ml + 50ml),A04,B01,"C01,C02",19,630.0,1,0,솔직리뷰주의,"​[한줄평] 전 민감성피부))  불필요한 피지만 쏙 골라 씻어줘용~ 트러블 고민 싹 해결해 주는 개운한 클렌징폼‼️


​항암치료 여파 때문인지 호르몬 균형이 깨지면서 얼굴에 갑자기 과잉 피지가 돌고 유분이 뿜어져 나와서 당황스러웠어용~ 안 그래도 예민한데 유분 때문에 자잘한 트러블까지 올라오길래 순한 여드름 기능성 세안제를 찾다가 요 블랑네이처를 써보게 되었는데, 자극 없이 매끄럽게 씻겨서 완전 만족 중이에용~


​제형은 되게 쫀쫀하고 밀도 높은 크림 타입인데, 물을 묻히면 거품이 엄청 조밀하고 풍성하게 잘 나용! 손과 얼굴 사이에서 폭신한 거품이 쿠션 역할을 해주니까 세수할 때 손끝 마찰 자극이 전혀 없어서 넘 좋더라고용~ 


 미끈거림 없이 물에 깔끔하게 헹궈지는데, 기능성 폼인데도 세안 후 특유의 화끈거리거나 따가운 느낌이 단 1도 없어서 안심했어용~


​지금 일주일 넘게 아침저녁으로 매일 세안할 때 쓰고 있는데 확실히 기름기 돌던 T존 부위가 되게 번들거림 없이 산뜻해졌어용~ 노랗게 올라오려던 붉은 스팟들도 되게 차분하게 가라앉은 게 눈으로 보여용&gt;&lt;  필요 이상의 유분은 싹 걷어내 주면서도 속수분은 은근히 남겨줘서 수건으로 물기를 닦아낸 직후에도 찢어질 듯한 극심한 당김이 없어서 넘 신기해용~


​⭐️저만의 소소한 세안 꿀팁을 공유하자면, 피지 분비가 유독 심한 코 주변이나 이마 부위는 거품을 올린 채로 바로 씻어내지 말고 30초 정도 가만히 얹어두었다가 롤링해 보세용~ 모공 속 노폐물과 유분기가 부드럽게 녹아 나와서 블랙헤드 관리에도 완전 직빵이에용!


​갑작스러운 유분 폭발로 트러블이 수시로 올라와서 고민이신 분들이나, 세안 후 잔여감 없이 미끄러움 없는 개운하고 순한 클렌징폼 찾으시는 민감성 유저분들은 올영 세일할 때 요거 꼭 쟁여두세용~ 진짜 개운하고 매끄러워져용!!  
‼️여드름엔 당연 복합성 민감 피부 다 추천‼️"
2026-07-23,A000000186409,62771870,2026.07.14,5,0,NORMAL, 단품,A06,B06,"C01,C03",0,594.0,1,0,낭낭낭낭낭,궁금해서 사봤는데 완전 만족해요 여드름성 피부이신 분들 꼭 써보시길
2026-07-23,A000000186409,62559739,2026.07.09,5,0,NORMAL,기획(150ml + 50ml),A03,,,0,594.0,1,0,qlslsz,웬만한 메이크업 다 지워지고 자극이 별로 안돼서 데일리로 쓰기 좋아요
2026-07-23,A000000186409,61113379,2026.06.07,1,0,NORMAL,기획(150ml + 50ml),A03,B04,"C01,C05",21,558.0,0,0,나는매일올리브영에가,"야이거...알칼리라 그런가..
여드름성엔 아니다
덕분에 헬파티 열림
그 아무튼 너때메 좁쌀 겁나생기구 좀잏다가 화넝성되서
흉터 개마니 남음 ㅠㅠㅠㅠ"
2026-07-23,A000000186409,62474104,2026.07.07,5,0,NORMAL, 단품,A02,B04,"C01,C05",0,450.0,1,0,Suns3t,"향 부터가 뭔가 여드름을 잡아줄 것 같은 그런 향입니다 ㅎㅎ
세정력도 좋고 소량으로도 거품이 잘 나서 클렌징하기에 딱 좋은 것 같아요:)

거품도 잘 나고 쫀쫀합니다!!
여드름에 확 드라마틱한 변화까지는 아니더라도 더 심해지거나 그 러지는 않아서 만족해요"
2026-07-23,A000000186409,61563860,2026.06.17,5,0,NORMAL,기획(150ml + 50ml),A06,B04,C05,1,450.0,1,0,쥬냥쥬,"여드름이랑 피지 케어에 좋다고 입소문이 자자하길래 마침 150ml 본품에 50ml 추가 증정하는 기획 세트 구성이 좋아서 구매했습니다

평소에 주기적으로 좁쌀이나 화농성 트러블이 올라오는 민감한 수부지 피부라서 클렌징폼 고를 때 성분을 엄청 따지는 편인데 이건 여드름 기능성 제품이라 그런지 확실히 자극 없이 순한 느낌입니다

거품이 되게 조밀하고 풍성하게 잘 나는 편이라 세안할 때 손이랑 얼굴 피부 사이에 마찰이 적어서 자극이 덜한 게 마음에 듭니다. 피지 분비가 많은 T존이랑 나비존 위주로 부드럽게 롤링해 주면 모공 속 노폐물까지 깔끔하게 씻겨 나가는 기분입니다

가끔 여드름용 클렌징폼 중에 세안 후 당김이 심하거나 건조해지는 제품들이 있는데, 이건 뽀드득하게 씻기면서도 속당김 없이 촉촉함이 어느 정도 남아있어서 마음에 듭니다. 일주일 넘게 꾸준히 아침저녁으로 써보니까 확실히 새로 올라오는 트러블 빈도가 줄어들고 피부 결이 정돈된 게 느껴집니다

기획 세트에 들어있는 50ml는 사이즈가 콤팩트해서 여행 가거나 운동하러 갈 때 들고 다니기 딱 좋을 것 같습니다. 제품력도 좋고 구성도 혜자라 다 쓰면 무조건 재구매해서 쟁여둘 생각입니다"
2026-07-23,A000000186409,62575409,2026.07.09,5,0,NORMAL,기획(150ml + 50ml),,,,0,396.0,1,0,감자깡깡,여드름 기능성에 좋다는 클렌징폼 구입! 블랑네이처 아크네로 이번여름 지내볼게요
2026-07-23,A000000186409,62485635,2026.07.07,5,0,NORMAL,기획(150ml + 50ml),A03,B05,C13,1,396.0,0,1,베라섭,피부가  뒤집어질 때마다 사용중입니다. 확실히 자잘하게 올라오는 뾰루지들이 정된되는 느낌이 듭니다.
2026-07-23,A000000186409,62482291,2026.07.07,5,0,NORMAL,기획(150ml + 50ml),A06,B04,"C01,C04",0,396.0,1,1,한놈만줘팬다,공병 두개 만들기!! 벌써 세번째 구매입니당 평생 안바꿀거임ㅋ
2026-07-23,A000000186409,61882070,2026.06.25,5,0,NORMAL,기획(150ml + 50ml),,,,3,396.0,0,1,mihun1008,"세안하고 나면 피부 당김 없이 촉촉하고
모공속까지 개운하게 잘 닦여요."
2026-07-23,A000000186409,61742097,2026.06.21,5,0,NORMAL, 단품,A03,B05,C05,8,378.0,0,1,키햐야,"피부 뒤집어질 때마다 진정케어 폼클렌징으로는 무조건 이거 사용하고 있어요 

아무래도 여드름성 피부라서 예민한 게 있는데 확실히 진정이 잘 되기도 하고 꾸준히 사용 중이에요!"
2026-07-23,A000000186409,61413805,2026.06.13,5,0,NORMAL,기획(150ml + 50ml),A06,B04,"C05,C06",1,378.0,1,0,빵빠라빵,올영세일 때 폼클 찾아보다 눈에 들어온 제품이라 구매했어요. 여드름에 효과 좋다는 글들 보고 기대하며 주문했는데 사용해보고 한달 후기 남겨볼게요. 여드름성 피부 완화 기능성이라고 해서 꾸준히 쓰면 효과 있을 것 같긴 해요.
2026-07-23,A000000186409,60907289,2026.06.05,5,0,NORMAL,기획(150ml + 50ml),A03,B03,"C03,C07",1,378.0,1,0,빠르밍,"주2회 사용하니 피부 자극도 없어요.
각질 성분이 들어있어 매일 쓰니 얼굴이 화끈하더라구요.
여드름 도움을 받아서 꾸준히 써보려구요."
2026-07-23,A000000186409,60906169,2026.06.05,5,0,NORMAL,기획(150ml + 50ml),A03,B03,"C03,C07",0,378.0,1,1,빠르밍,"각질제거 성분이 있어 주2회 사용해요.
여드름에 좋아서 재구매 했어요."
2026-07-23,A000000186409,60590438,2026.06.01,5,0,NORMAL,기획(150ml + 50ml),A05,B04,"C01,C02",5,378.0,1,0,밍숭맹숭올리비아,여드름성피부라 잘 쓰고 있어요. 확실히 트러블이 조금 잦아든것 같고 좋아요. 여드름성피부라면 한번쯔 사용해봐도 좋을 것 같아요
2026-07-23,A000000186409,61607971,2026.06.18,5,0,NORMAL,기획(150ml + 50ml),,,,0,375.0,1,0,봄아씨,"거품이 풍성하고 부드러워 세안할 때 자극 없이 깔끔하게 피지와 노폐물을 제거해 주는 느낌이에요. 
저는 민감성 피부인데도 사용 후 당김 없이 촉촉함이 남아 좋아요. 
꾸준히 사용하니 트러블도 줄고 피부결이 한결 부드러워지진것 같아요.
기획 세트라 미니 사이즈까지 있어 여행갈때 챙겨가기 좋네요!
여드름 고민이 있거나 지성피부에게 딱인 것 같아요."
2026-07-23,A000000186409,63117660,2026.07.21,5,0,NORMAL,기획(150ml + 50ml),A01,B06,"C06,C13",0,360.0,0,0,프릴프프,"지성피부 폼클렌져로 엄청 유명하길래 사봤는데 제가 이제 화농성여드름은 안나서 큰효과는 모르지만 뭔가 개운하고 좋아요! 향도 천연st향이라 넘 좋고 , 요즘 가끔씩 잘때 얼굴 좀 간지러울때 있는데 간지러운 거 없어졌어용 여드름균 향균효과가 젤루 맘에 들어용"
2026-07-23,A000000186409,63090137,2026.07.21,5,0,NORMAL,기획(150ml + 50ml),A01,B01,"C01,C02",0,360.0,0,1,에이yoo,"한 달 정도 꾸준히 사용해보니 세안 후 당김이 심하지 않고 피부가 한결 편안하게 느껴졌어요. 거품도 풍성해서 자극 없이 세안하기 좋았고, 피지와 노폐물도 깔끔하게 씻기는 느낌입니다. 특히 아침 세안할 때 사용하기 부담 없었고 트러블이 올라올 때도 순하게 사용할 수 있어 만족했습니다. 용량도 넉넉해서 오래 사용할 수 있을 것 같아요."
2026-07-23,A000000186409,62961529,2026.07.18,5,0,NORMAL,기획(150ml + 50ml),A02,B04,"C01,C06",0,360.0,0,0,아뷰카도,"작은 사이즈 먼저 사용해보고 구매했어요! 저는 건성이지만 뽀득한 마무리감을 좋아해서 너무 만족했습니당
폼클렌징 치고 가격대가 있는 편이지만 피부 트러블 개선에 너무 도움 받은 제품이에용!
향은 ㅂㄹㄱㄹ 티트리 토너 향이랑 유사한 것 같아요!"
2026-07-23,A000000186409,62461012,2026.07.07,5,0,NORMAL,기획(150ml + 50ml),A04,B01,"C01,C05",0,330.0,1,0,dndjdbkdk,처음 써보는데 거품도 잘나고 순해서 데일리로 쓰기 좋아요!!
2026-07-23,A000000186409,62451295,2026.07.07,5,0,NORMAL,기획(150ml + 50ml),A03,B04,"C05,C06",0,330.0,1,0,만찐두빵호빵,"트러블 전용 클렌징 찾고있다가 가격도 괜찮고, 효과도 있는 제품인 것 같아 구매했습니다.
세정력이 강하지만 자극없이 순하다 ! 라고 표현할 수 있을 것 같아요. 세수하고 난 후 뽀득거리는 거 좋아하시는 분들께 추천드려요 !"
2026-07-23,A000000186409,62542953,2026.07.09,1,0,NORMAL,기획(150ml + 50ml),A06,B05,"C01,C02",2,315.0,0,0,잉잉ㅠㅠ,"최악
최악 
이거쓰고 피부뒤집ㅎㅁ
절대사지마세요.^.$."
2026-07-23,A000000186409,62919039,2026.07.17,5,1,OFFLINE,기획(150ml + 50ml),A03,B04,,0,300.0,0,0,샤샤입니다,"배송도 빠르고 포장도 깔끔하게 와서 만족했습니다. 꾸준히 사용해 보니 사용감이 편안하고 데일리로 부담 없이 쓰기 좋았어요. 가격 대비 만족도가 높고, 특별한 자극 없이 무난하게 사용할 수 있어서 재구매 의사 있습니다. 처음 구매를 고민하는 분들도 한 번쯤 사용해 보셔도 좋을 것 같아요. 앞으로도 꾸준히 사용할 예정입니다!"
2026-07-23,A000000138671,62797818,2026.07.14,5,0,NORMAL,09 토프 브라운,A02,B01,"C01,C05",4,2970.0,1,0,너굴촌장,"너구리는 짱구눈썹이라 인상이 진해보일 수 있다구리
그래서 헤어색보다 밝은 토프브라운 색을 사봤는데 만족한다 구리!! 흑발 헤어인 너구리들한테도 밝은 브로우 컬러로 추천한다구리~~
같은 페리페라 브로우카라 7호 토프애쉬랑 찰떡콩떡이다구리"
2026-07-23,A000000138671,62186566,2026.07.02,4,0,NORMAL,[2개입] 08 토프베이지,A02,B02,"C02,C09",4,1980.0,1,0,찰떡모찌랑,"브로우를 페리페라꺼만 쓰다보니 이것만 계속 쓰게되더라구여, 굳이 다른 걸 찾지않아도 무난하게 잘 쓰고있는…머리색상이 검정이기도 하고 눈썹 색 죽일려고 이번에 브로우 마스카라를 샀는데 거기에 비슷한 걸로 토프베이지랑 토프브라운으로 사봤슨,,괜찮을까 했는데 궁합이 잘 맞더라구여ㅎ 토프베이지로 눈썹 사이사이 빈곳 채우고 토프브라운으로 꼬리 그려주면 딱 맞음! 네이밍대로 스키니라 얇아서 그리기 쉽고 발색 자체도 솔직히 많이 연한데 오히려 자연스러워서 또 괜찮은..근데 페리페라 스키니 오래 써왔지만 지속력이 조금 아쉬움ㅜ마스카라는 괜찮은데 펜슬은 꼬리 지워져있을때도 있고 막..좀 그래여..그래서 항상 펜슬 들고다님ㅜㅋㅋ"
2026-07-23,A000000138671,63100411,2026.07.21,5,0,NORMAL,[2개입] 08 토프베이지,A06,B04,C05,0,1800.0,1,0,쥬냥쥬,"자연스러운 애쉬빛 브로우 찾다가 08 토프베이지 컬러가 괜찮아 보여서 구매했습니다

평소에 눈썹을 그리면 너무 진해지거나 붉은 기 도는 브라운 색상 때문에 짱구 눈썹처럼 동동 뜨는 게 스트레스였는데 이건 색감이 정말 마음에 듭니다. 노란 기나 붉은 기가 쏙 빠진 아주 내추럴한 애쉬 베이지 톤이라서 검은 모발이나 톤 다운된 염색모에 아주 찰떡처럼 잘 어우러집니다

펜슬 심이 엄청 가늘고 스키니한 편이라 눈썹 결을 한 올 한 올 살려서 정교하게 그리기에 너무 편합니다. 꼬리 부분 뺄 때도 뭉툭해지지 않고 날렵하게 잘 그려져서 초보자분들이 쓰기에도 부담 없을 것 같아요

맨살에도 부드럽게 슥슥 잘 발리는 편인데 그렇다고 쉽게 지워지거나 번지는 제형은 아니라서 지속력도 꽤 오래 갑니다. 가격대도 착한데 색상이나 발림성 모두 기대 이상이라 앞으로 아이브로우는 이 제품으로 정착해서 꾸준히 쓸 생각입니다"
2026-07-23,A000000138671,62903234,2026.07.17,5,0,NORMAL,[2개입] 08 토프베이지,A01,B02,"C09,C11",0,1800.0,1,0,일레르,"평소 눈썹을 자연스럽게 채우는 걸 좋아해서 08 토프베이지를 구매했어요. 😊

심이 얇아서 빈 부분을 하나씩 채우기 편했고, 힘 조절도 쉬워서 진하게 그려질 걱정이 없더라구요. 색상도 노랗거나 붉지 않은 차분한 톤이라 자연스럽게 어우러졌습니다.

눈썹 결을 살려 그리기 좋아서 급하게 메이크업할 때도 손이 자주 갔어요. 번짐도 심한 편은 아니라 하루 동안 무난하게 유지됐고, 여러 번 사용해도 심이 쉽게 부러지지 않았습니다.

가격도 부담 없는 편이라 하나쯤 가지고 있기 좋은 아이브로우 같아요. 다 쓰면 같은 컬러로 다시 구매할 생각입니다. 🤎"
2026-07-23,A000000138671,62447845,2026.07.07,5,0,NORMAL,06 쿨 그레이,A03,B03,"C01,C02",2,1620.0,1,0,화장품은성분이답이다,"페리페라 스피드 스키니 브로우

쿨그레이

사진에는 갈색빛으로 비치나 실제 회기 있어요
검정눈썹. 자연스럽게 쓰기좋은색입니다

발림성좋고 슬림해서 초보자들 쓰기에 좋아요
가끔 원풀원 행사 할때 구매하시면 좋을듯해요

아이브로우는 구지 고가 살필요는 없는듯합니다
다이소이다 제품도 좋고"
2026-07-23,A000000138671,62970410,2026.07.18,5,0,NORMAL,09 토프 브라운,A03,B04,"C05,C06",0,1512.0,1,0,안흥팥찐팥,"눈썹숱이 많아서 그릴 일이 없다고 생각하고 안 사다가 처음 구매해봤습니다. 

같은라인과 같은 색상 브로우마스카라로 눈썹을 연하게 만들고 사용하니까 훨씬 보기 좋아서 만족합니다"
2026-07-23,A000000138671,62152569,2026.07.01,5,0,NORMAL,09 토프 브라운,A03,B01,"C03,C09",3,1476.0,1,0,영화로운,"컬러는 눈썹 붉은기 지우기에 좋아요!
무난한 컬러임
펜심 얇음
그런데 발색이 엄청 좋지는 않은듯요 ㅠ
계속 그려도 흐리멍텅한 감이 좀 있음(컬러 때문인가..)
후기가 도움이 됐다면 [도움이 돼요]👍 눌러주시면 감사합니다🧡💕"
2026-07-23,A000000138671,61655086,2026.06.19,5,1,OFFLINE,[+럭키부적/더블] 03 내추럴브라운,A03,B04,"C05,C08",9,1350.0,1,0,예리망고,"스키니한 브로우라 얇아서 짱구 눈썹 안 되니까 너무 편해요
똥손도 금손처럼 자연스러운 눈썹 그리기 좋은 제품!
1+1 구성 좋은 거 같아요~~
염색 안 하신 자연흑발이시라면, 03 내추럴 브라운 컬러 추천!

저는 참고로 내추럴 메이크업 할 때, 아이라인 대신 쓰기도 합니다 (굿👍🏻)"
2026-07-23,A000000138671,62321043,2026.07.04,5,0,NORMAL,02 다크 브라운,A04,B01,C09,1,1116.0,1,0,아기호랑2,"페리페라 스피디 스키니 브로우 02 다크 브라운
스키니라 얇아서 모양내서 그리기 편해서 자주구매해요 ~~ 
자연스럽게 그려져요"
2026-07-23,A000000138671,62117815,2026.06.30,5,0,NORMAL,[2개입] 08 토프베이지,A04,B04,"C01,C05",2,1116.0,1,0,유쬬,"부드럽게 자극없이 그려지고, 발색력도 좋고, 지속력도 좋습니당.
한 스물몇개 정도는 사용한 것 같아요. 진짜 완전 강추,, 토프베이지 정말 예뻐요"
2026-07-23,A000000138671,61996374,2026.06.28,5,0,NORMAL,[2개입] 09 토프브라운,A02,B03,"C09,C10",15,1116.0,1,0,초토끼,"매우 애용하는 제품입니다.
색깔이 너무 예뻐요. 다른 제품 비교 불가입니다."
2026-07-23,A000000138671,62999511,2026.07.19,5,0,NORMAL,08 토프 베이지,A03,B04,"C01,C05",1,1080.0,0,0,슉슉킹,스키니 브로우 중에 ㅇㅅㅃㅇ랑 페리페라가 제일 좋은 것 같아요!! 근데 전 개인적으로 페리페라 컬러들이 더 맘에 들어요 ㅎㅎ 토프 컬러 두개가 젤 이쁜 것 같아요 ㅎㅎ 얇아서 그리기가 쉬워요~ 초보자용으로 완전 추천해요!! 도움이 되셨다면 따봉 한번만 부탁드립니다 !
2026-07-23,A000000138671,62901430,2026.07.17,4,0,NORMAL,08 토프 베이지,,,,0,900.0,1,0,슨슨이,"얇은심이 아주 좋은데, 발색이 갈수록 잘 안되고 (이건 물티슈로 닦으면 된가기에 해봤지만 물기를 만나면 더 안되더라구요), 얇은 연출하기엔 좋으나 채워야 하는 곳엔 여러번 그려야해서 소진이 빠른 단점… 하지만 가격이 싸니까 또 사면 되고…?"
2026-07-23,A000000138671,62125642,2026.07.01,5,0,NORMAL,06 쿨 그레이,A03,B04,"C01,C03",0,900.0,1,0,리해파,"완전 제 애착템이에요!!!! 이거 없으면 눈썹 못 그림
검은 머리인데 눈썹이 좀 찐한 편이라 블랙 말고 쿨 그레이 색상으로 살짝 색 죽여 주면서 그리는 걸 좋아해요

그렇게 눈썹 꼬리 쪽만 빼서 그려 주고 브로우 마스카라까지 해 주면 눈썹이 너무 진하지 않고 부드러운 인상이 되어서 딱이에영

브로로 정리 할 수 있게 브로우도 달려있고 펜슬 쪽도 완전 얇아서 화장을 잘 못 하는 사람도 세밀하게 그리기 딱 좋아요!

아쉬운건 용량이 작아서 좀 자주 바꿔줘야 한다는데 가격도 착해서 사실 큰 단점도 아닌 것 같아여"
2026-07-23,A000000138671,61945402,2026.06.26,5,0,NORMAL,[2개입] 08 토프베이지,A04,B06,"C08,C09",5,900.0,1,0,날마다연어,"🟡퍼스널 컬러: 겨울 클리어
 🟰봄🌸영향을 많이 받은 겨울❄️클리어 타입 
🟡바우만 피부 타입: OSNT 
🟰Oil/Sensitive/Non-pigment/Tight 
🟰지성/심한 민감성/경미한 비색소성/경미한 탄력
💛티트리 녹차 알로에 병풀시카 캐모마일 카렌듈라 살리실릭애씨드 판테놀 
⚠️코코넛오일 쉐어버터 코코아버터 시나몬오일 시나믹애씨드 아세틱애씨드 벤조익애씨드 알파리포익애씨드 

🍯피부과 의사쌤도 감탄하신 파리도 미끄러질 꿀피부

🍣구구절절말고 기름기 뺀 솔직 리뷰 쓸라고 반말로 작성

🤎재입고 되기까지 얼마나 오래 기다렸는지 진짜;; 보는 눈은 다 똑같음 예쁜건 역시 모두가 다 알아봄. 첫 출시 되자마자 바로 삼

🤎토프베이지 발견한 이후로는 주구장창 이것만 씀 

🤎너무 그레이시하지도 않고 너무 노랗지도 붉지도 않은 자이렇게 예쁜 베이지빛의 브라운 최고임 

🤎발색 자체도 멀멀하게 그려져서 좋음"
2026-07-23,A000000138671,61915380,2026.06.25,5,0,NORMAL,[2개입] 03 내추럴브라운,A03,B05,"C02,C03",2,900.0,1,1,뚜뚜몸뽈링리링링,"- 가격은 세일가로 7,500원에 구매했어요
- 눈썹은 거의 매일 그리고, 밖에서도 없으면 괜히 불안해서 원뿔원 행사할 때 쟁여두려고 구매했어요~~
- 얇은 제품이라 눈썹결대로 그리면되서 더 자연스러운 눈썹을 연출하고 그리기 편했어요!!
대신 눈썹정리를 좀 해주셔야 결대로 그려도 이쁘답니다~
- 얇아서 힘 조절만 잘하면 진하게 그려지지 않아서 초보자들에게도 적합할 것 같아요!!
- 요새 화장품도 비싼데 2개에 7천원대면 정말 저렴하고 좋은 제품이라고 생각해요!!!쟁여두고 맨날 쓸거야!!"
2026-07-23,A000000138671,62750570,2026.07.13,5,1,OFFLINE,[2개입] 03 내추럴브라운,,,,0,810.0,1,0,여우라벤더,"페리페라 스피디 스키니 브로우를 사용해 보니 얇은 심이 가장 큰 장점으로 느껴졌습니다. 심이 가늘어서 눈썹 한 올 한 올을 세밀하 게 표현할 수 있었고, 빈 부분을 자연스럽게 채우기에도 편리했습니 다. 발색은 너무 진하지 않고 적당히 부드럽게 올라와 초보자도 부 담 없이 사용할 수 있었습니다. 또한 여러 번 덧발라도 뭉치거나 뻑 뻑한 느낌이 적어 원하는 모양으로 눈썹을 그리기 쉬웠습니다. 제품 반대편에 있는 스크루 브러시는 눈썹 결을 정리하고 색을 자연스럽 게 풀어주는 데 도움이 되어 메이크업 완성도를 높여주었습니다. 지 속력도 만족스러운 편이라 외출 후에도 눈썹 모양이 크게 무너지지 않았으며, 자연스러운 눈썹 표현이 가능했습니다. 가격 또한 부담스 럽지 않아 학생이나 사회초년생도 쉽게 구매할 수 있는 제품이라고 생각합니다. 전체적으로 가성비가 뛰어나고 사용이 간편해 데일리 아이브로우 제품으로 꾸준히 사용할 만한 제품이라는 생각이 들었습니다."
2026-07-23,A000000138671,63118690,2026.07.21,5,0,NORMAL,[2개입] 08 토프베이지,A03,B01,"C01,C05",0,792.0,1,0,연yeon,"항상 구매하는 제품입니다
부담없이 사용하기 좋고 색상도 이뻐요"
2026-07-23,A000000138671,63059966,2026.07.20,5,0,NORMAL,03 내추럴 브라운,A04,B06,"C01,C05",0,792.0,1,0,닉네임뭐하쥬,"올리브영 1등 브로우로 유명하던데
저는 초보자용 브로우 찾다가 발견하게 되었습니다!
얇은 심, 초슬림이라 세밀하게 그리기 좋았고
눈썹메이크업 초보자도 사용하기 좋아요!
색도 엄청 자연스러움!!"
2026-07-23,A000000138671,63025716,2026.07.19,5,0,NORMAL,08 토프 베이지,,,,0,792.0,1,1,Olivemakesmeyoung,몇 번째 구매인지 모르겠어요. 가격 좋고 얇아서 좋은데 확실히 내용물이 많진 않아요. 빨리 쓰게 되기는 해요.
2026-07-23,A000000138671,62931440,2026.07.17,5,0,NORMAL,12 밀키토프,A04,B06,"C03,C08",0,792.0,1,1,율이엄마,무난히 쓰기좋아요 만족해요 잘산것같아요 또구매할께요 얇아서쓰기편해요ㆍ
2026-07-23,A000000138671,62930674,2026.07.17,5,0,NORMAL,[2개입] 09 토프브라운,A03,,"C08,C13",0,792.0,1,0,쏘오올쏠,"몇년째 사용하는 제품, 다른거 쓰다가도 다시 돌아오게 되네요..,,"
2026-07-23,A000000138671,62054036,2026.06.29,5,0,NORMAL,11 모카토프,A03,B04,"C04,C05",3,756.0,1,0,프레싀영,"심이 얇아서 세심함 표한 하기 좋아요. 색상이 진하지는 않아서 여러번 색과 음영을 쌓기 좋은 거 같아요. 애굣살 그림자나 뒷트임, 아이라인으로도 사용해요."
2026-07-23,A000000138671,62054017,2026.06.29,5,0,NORMAL,12 밀키토프,A03,B04,"C04,C05",3,756.0,1,0,프레싀영,"심이 얇아서 세심함 표한 하기 좋아요. 색상이 진하지는 않아서 여러번 색과 음영을 쌓기 좋은 거 같아요. 애굣살 그림자나 뒷트임, 아이라인으로도 사용해요."
2026-07-23,A000000138671,62956241,2026.07.18,5,0,NORMAL,06 쿨 그레이,A05,B04,"C01,C02",0,660.0,1,0,핑쮸,얇아서 미세하게 그리기 좋긴한데 터치감은 좀 뻑뻑한편이고 펜슬 끝이 뭉쳐요
2026-07-23,A000000138671,62884029,2026.07.16,5,0,NORMAL,08 토프 베이지,A03,B02,"C02,C05",0,660.0,1,0,뚱땅뚱땅이,행사하기래 싰어용 ㅎㅎ 조은거 겉아요 세일 자주 해주세영 ㅎㅎ
2026-07-23,A000000138671,62731821,2026.07.13,5,0,NORMAL,12 밀키토프,A03,B03,"C01,C03",0,594.0,1,0,람다르,벌써 두개나 산 제품이에요. 얇아서 그리기좋고 자연스러워요.
2026-07-23,A000000138671,62686214,2026.07.12,5,0,NORMAL,[2개입] 03 내추럴브라운,A03,B03,"C01,C03",0,594.0,1,0,수달둥이,에뛰드 아이브로우가 저한테 잘 맞아소 재구매했어요 그리기 쉬움
2026-07-23,A000000138671,62675356,2026.07.12,5,0,NORMAL,[2개입] 09 토프브라운,A03,B02,"C01,C02",0,594.0,1,0,난향,"토프 브라운 색상인데 회색이 좀 많이 도는 느낌이라서 아흐~
브라운 색 라인을 좋아하는데 약간 색상 미스가 난 느낌이^^;;"
2026-07-23,A000000138671,62664574,2026.07.11,5,0,NORMAL,03 내추럴 브라운,A04,B04,"C03,C05",0,594.0,1,0,꽃돼지돼지,"그리기세상쉬워서 슥슥 그리기좋아요
색상도좋고 지속력도좋네요
염색모에 짱입니다"
2026-07-23,A000000257827,62256635,2026.07.03,5,0,NORMAL, [기획] 멜라B3 세럼 3ml 증정,,,,6,1836.0,0,0,내돈내산띄,시카 밤 쓰고 여드름 폭탄 맞아서 안좋아해ㅛ는데 이건 괜찮다길래 사봄 ㅋㅋ 정확한 후기는 한달뒤에 커밍순
2026-07-23,A000000257827,61998408,2026.06.28,5,0,NORMAL,[기획] 시카에센스 7.5ml 증정,A03,B04,,9,1260.0,1,0,네모설탕,"크림이나 로션 중에 한 통 다 비워본 거 처음이에요.. 진짜 라로슈포제 사랑해😭💙 작년 가을쯤 갑자기 피부 뒤집어져서 뭘 발라도 따갑고 트러블 올라오고 난리였는데 B5만 한 달 좀 넘게 바르니까 피부장벽 돌아오고 피부 역대급 고점찍었어욥 ㅠㅠ 외출 전 화장할 때 바르면 다 빌리고 뜨지만 자기 전 기초할 때 바르고 자면 진짜 좋아요.. 밤 제형은 계속 바르니까 트러블 올라오던데 크림은 계속 발라도 넘 괜찮아요.. 처음에는 무슨 크림이 이렇게 비싸지 했는데 100ml 1개로 거의 1년 동안 발라서 그렇게 안 비싼 보여요 지금은 화장 잘 먹는 가벼운 크림하나 라로슈포제 하나로 1년 내내 살아가는 중 ㅎ 날씨 더울 때는 진짜 얇게 바르거나 가벼운 크림 바르는데 날씨 좀 추워지거나 피부가 간지럽다 혹은 트러블 슬슬 올라온다 싶으면 무조건 챙겨발라요 수부지나 민감성분들한테 완전 강추💙👍

단점 딱 하나 있는데 시간이 좀 지나면 건조하다고 느껴져욥 😭 그래서 B5바르고 시간 조금 지나면 따로 수분크림 바르는 거 추천드려요!"
2026-07-23,A000000257827,63018961,2026.07.19,5,0,NORMAL, [기획] 멜라B3 세럼 3ml 증정,,,,0,1080.0,1,0,고게레겡,"요 B5크림은 남자친구가 너무너무 좋아해서 쟁여두고 쓰고 있어요
우선 크림이 과하게 무겁지 않고 지성인 사람에게 찰떡이라
피부가 확실히 좋아지더라구요!
그리고 바를 때 피부가 싸악 코팅되는 느낌의 크림이라서
너무너무 만족하고 잘 사용하고 있답니다:)
지성이신 분들 중에 피부 예민한 분들께 너무너무 추천드립니다!"
2026-07-23,A000000257827,62812364,2026.07.14,5,0,NORMAL, [기획] 멜라B3 세럼 3ml 증정,,,,1,756.0,1,0,좋은것만사는사람,시카밤이 제 취향에 가깝지만 멀티 리페어도 괜찮긴함 근데 향이 너무 냄새 이상해요 걍 자기전에 집에서 발라야할듯 그래도 좋아요
2026-07-23,A000000257827,62759967,2026.07.13,4,0,NORMAL, [기획] 멜라B3 세럼 3ml 증정,A04,B05,"C05,C06",0,594.0,1,0,신퍼플,리페어크림은 처음이에요 항상 밤 썼었는데 처음으로 도전해봤어요 기대가되네요
2026-07-23,A000000257827,62628134,2026.07.10,5,0,NORMAL,[기획]시카밤3ml+히알루세럼 1.5ml,A03,B01,"C01,C05",0,594.0,1,0,Yeonbora,수부지라서 다른 타입은 유분이 너무 돌아서 이 제품으로 사용중인데 여름보단 겨울에 더 적합한거 같아요.
2026-07-23,A000000257827,62245600,2026.07.03,3,0,NORMAL, [기획] 멜라B3 세럼 3ml 증정,A02,B02,"C01,C03",0,540.0,1,0,짝이모,"매번 +쓰다가 여름에 넘 무거워서 요것도 궁금해서 사봤는데 우선 +보다는 가볍긴해요 근데 진정, 탄력 솔직히 어디에도 확연히 좋다거나 이런 느낌이 없어요 그냥 조금 가벼운 로션같달까 걍 효과는+가 나은 듯! 굳이 이 가격에 살 필요가..."
2026-07-23,A000000257827,62040142,2026.06.29,5,1,OFFLINE, [7월 올영픽] 시카에센스7.5ml증정,A07,B02,C10,0,540.0,1,0,빈볼왕리즈,"돌고 돌아서 라로슈포제 시카플라스트 멀티 리페어 크림인 것 같아요.
데일리로 사용하기에도 좋아요.
특히 남자분들 스킨,에센스,크림 바르기 귀찮을 때 올인원처럼 사용할 수 있어어서 좋어요.
시카 밤에 비해서 제형도 부드럽게 발려서 아침에 발라도 선크림이 밀리지 않고 저녁에 잔뜩 바르면 아침에 개운합니다"
2026-07-23,A000000257827,63049713,2026.07.20,5,0,NORMAL, [기획] 크림15ml+시카밤3ml,A03,,"C05,C08",0,528.0,1,0,샬롯501,이 제품은 말해서 머해요 ㅎㅎ. 넘 좋죠~~  바를때 살짝 끈적?  느낌은 조금 있지만 바르고 나면 아침까지 넘 촉촉하고 이튿날 화장도 잘 먹는다는...
2026-07-23,A000000257827,62802961,2026.07.14,5,0,NORMAL, [기획] 멜라B3 세럼 3ml 증정,A02,B02,"C01,C02",0,495.0,1,0,uuuuuyyy,"이건 3-4번쨔 재재쟂구매템 
호불호없이 보습력 좋고 크게 문제일으키지않고 일단 진정에
좋음 라로포슈제 일잘하네"
2026-07-23,A000000257827,62704354,2026.07.12,5,0,NORMAL, [기획] 멜라B3 세럼 3ml 증정,A05,B02,"C01,C02",0,495.0,1,0,올리러버,엄마가 좋닥ㅎ 장벽 무너져서 이거 구매해달라했는데 너무 좋다요
2026-07-23,A000000257827,62683837,2026.07.12,5,0,NORMAL, [기획] 멜라B3 세럼 3ml 증정,A04,B02,"C04,C05",1,495.0,0,0,병아리콩이싫어,넘 무 조아요 또 서고셒습니다 앵용해용 애옹애옹하는중닙니당ㅇ
2026-07-23,A000000257827,62653426,2026.07.11,5,0,NORMAL, [기획] 멜라B3 세럼 3ml 증정,A04,,"C05,C07",0,495.0,1,0,가진건미모뿐,"부드럽게 잘발리고 흡수도 빠릅니다
트러블없이 잘 사용하고 재구매합니다 
만족합니다"
2026-07-23,A000000257827,62548121,2026.07.09,5,0,NORMAL, [기획] 멜라B3 세럼 3ml 증정,,,,0,495.0,1,1,홀란드의피부,피부가 예민할때 마다 항상 잘 쓰고 있어요 좋습니다 무겁지 않아서 좋아요
2026-07-23,A000000257827,61702127,2026.06.20,5,0,NORMAL, [기획] 멜라B3 세럼 3ml 증정,A02,B01,"C01,C03",2,450.0,1,0,입큰마녀,"건성피부인데 b5크림 사용합니다.
👉b5+보다 b5가 더 좋아요.
그래서 가격도 더 비쌉니다.

저는 라로슈포제 b5를 &lt;상비약&gt;처럼 사용해요.
집에 후시땡이나 마데카땡 상비약처럼 항상 가지고 있듯이 이 제품을 피부상비약으로 둡니다.
피부가 예민해져서 빨개지거나  따가워지면 저는 기능성 앰플이나 마스크시트팩 같은 제품 절대 사용하지 않고 이 크림을 마무리 단계에 무조건 사용합니다.
그러면 다음날 예민했던 피부가 싹 가라앉고 상태가 회복된게 느껴져요.

겨울에 사용할 때는 b5크림이 건조하게 느껴져서 전 단계에 약간 묵직한 에센스나 앰플을 사용하기도 합니다.
냄새는 징크옥사이드크림에 시큼한 식초 몇방울 섞인 향입니다.😁😅"
2026-07-23,A000000257827,62494255,2026.07.08,4,0,NORMAL, [기획] 멜라B3 세럼 3ml 증정,A03,B02,"C01,C02",0,396.0,1,1,다람쥐는볼이귀엽지,무난무난하게 좋은 템이에요! 정착해서 2통째 쓰고 있는데 가격이 좀만 더 저렴해졌으면 좋겠어요.. 세일 때 쟁이세용~
2026-07-23,A000000257827,62402303,2026.07.06,5,0,NORMAL, [기획] 멜라B3 세럼 3ml 증정,A03,B02,C01,0,396.0,1,0,딸기달기,피부에 자극이 없어서 듬뿍 발라도 부담없고 촉촉해요.  레이저 치료 후 사용하기 좋아요.
2026-07-23,A000000257827,62392165,2026.07.06,5,1,GIFT, [기획] 멜라B3 세럼 3ml 증정,A02,B06,"C01,C03",1,396.0,0,0,유댕좌임,피지 트러블이 아닌 피부 장벽 약해져서 생기는 트러블이 많이 생길때 미쳤다 치고 라로슈포제 잔뜩 올리고 푹 잣는데 피뷰가 다 회복됏어요
2026-07-23,A000000257827,62089509,2026.06.30,5,1,OFFLINE, [7월 올영픽] 시카에센스7.5ml증정,A02,B03,C13,0,396.0,1,0,갱갱갱이,벌써 몇통째잉지 모르갰어요... 트러블 올라온거 아거바르고자면 싹사라짐
2026-07-23,A000000257827,61654959,2026.06.19,5,0,NORMAL, [기획] 멜라B3 세럼 3ml 증정,A07,B02,"C01,C02",2,378.0,1,0,춘시기춘시기러마,크림은 참 좋은데 .. 밀림 너무 심해요 .. 관상의 이정재가 되 …
2026-07-23,A000000257827,60911415,2026.06.05,5,1,OFFLINE, [7월 올영픽] 시카에센스7.5ml증정,,,,0,378.0,1,0,제이나1010,"얼굴에 환절기라 그런가 각질벗겨지고, 시술학느나서도 막~~~건조했는데 이거 바르고 밤에 자니까 나아진거 있죠!!!  추천합니다"
2026-07-23,A000000257827,61463070,2026.06.14,4,0,NORMAL, [기획] 멜라B3 세럼 3ml 증정,A03,B01,"C01,C02",1,375.0,1,0,준세요,"✨AI 없는 직접 적은 찐리뷰✨
✨T존 지성 + U존 수부지, 유분감 많은 제품엔 트러블 잘 올라오는 편이에요! ✨

재구매 의사: ⭕
지성 추천도: 🌕   🌕 🌕   🌗 🌑 3.5 / 5.0
건성 추천도: 🌕   🌕 🌕   🌕 🌑 4.0 / 5.0

”개구린 발림성을 속박으로 한 최대 출력의 장벽 전개“🫸🔵 🔴🫷 🫴🟣
 발림성이 아쉬워서 낮보다는 나이트 케어용으로 주로 바르고 있습니다.

💧 제형&유분감
제형은 꽤 꾸덕한 편이고 바를 때 백탁이 살짝 있어요. 느낌으로는 ㅇ스트라 ㅇㅌㅂ리어 크림과 비슷한데, 조금 더 백탁 있고 유분감은 덜한 느낌! 그래서 호불호는 꽤 갈릴 것 같습니다.

✨ 체감 효과
진정이나 장벽 케어 쪽은 확실히 만족스러웠어요. 피부가 예민하거나 컨디션이 무너졌을 때 바르면 다음 날 피부가 좀 편안해진 느낌이 들어서 꾸준히 손이 가는 제품!!

😆 총평
발림성 보면 아쉬운 점이 분명 있지만, 장벽 케어와 진정 효과를 생각하면 충분히 감수할 만한… 왜 유명한지 알겠는 제품... 
 지성 피부에도 나이트 케어용으로는 괜찮고, 건성 피부라면 개인적으로는 B5보다 B5+ 쪽이 더 만족스러울 것 같습니다. 꾸덕한 장벽크림 잘 맞는 분들에게 특히 추천! 👍🏻🛡️"
2026-07-23,A000000257827,63079698,2026.07.20,5,0,NORMAL, [7월 올영픽] 시카에센스7.5ml증정,A01,,"C01,C04",0,360.0,0,0,뿡진,"너무해… 내가 사고 다음날 오특 할인하는 게 어딨어!!!!! 5천원이나 더 주고 샀잖아…너무 슬프다 진짜…
그래도… 잘 맞아서 다행이야^^
지성 민감성 트러블 피부라 안 맞을까봐 걱정돼서 오래 고민하다가 사봤는데 일단?! 저녁에 쓰기 괜찮음 별로 안무거움 딱좋음 트러블 나는 거 없는 거 보면 일단 잘 맞는 듯 한달간 써보고 올기요..

+하… 첫날은 얇게 바르고 어제는 좀 그녕 평소 크림 바르듯이 양 조금 더 했더니 아침에 좁쌀파티 열림;; 미쳐버리겟다 진짜 피부 다 뜯어버려;;"
2026-07-23,A000000257827,62165817,2026.07.01,5,0,NORMAL,[기획] 시카에센스 7.5ml 증정,A03,B01,"C01,C02",0,360.0,1,0,애옹이,팝업가서 작은 용량 받아서 써보다가 좋은 것 같아서 구매했습니다 할인 없이 정가라 너무 비싸게 느껴지긴 하지만 그래도 피부에 좋음을 느끼고 있는 터라 정가주고 구매했어요 여드름이 올라오는 편인데 자기전에 발라주고 잤더니 뭔가 진정되는 시간이 전 보다 빨라진 느낌? 바르고 나면 살짝 시원해지는 것 같기도 하구요(화한느낌x) 저는 한번 마음에 들면 끝까지 같은 제품 사용하는 편인데 이것도 그럴 것 같습니다 괜히 유명템이 아니네요 다음엔 할인하면 무조건 쟁여놔야겠어요
2026-07-23,A000000257827,60840809,2026.06.04,5,0,NORMAL, [기획] 멜라B3 세럼 3ml 증정,A03,B05,"C01,C05",0,270.0,1,0,웜톤컬렉터,솔직히 늘 쓰던 제품이라 저한테는 잘 맞아요. 근데 안 맞는 사람한테는 또 안 맞는다고 하더라구요. 그래서 꼭 테스팅을 좀 적은 용량으로 해 보시고 사시는 거를 좀 추천 드립니다. B +랑 B 랑 좀 달라요. 네 그래서 비는 권선 쪽에 좀 쓰셔야 할 거예요. 그거 알아 보시고 구매 하시길 바랍니다.
2026-07-23,A000000257827,60750381,2026.06.03,5,0,NORMAL, [기획] 멜라B3 세럼 3ml 증정,,,,0,270.0,1,0,고게레겡,"남자친구가 너무 좋아해서 올영세일마다 쟁여두는
b5크림인데요! 
피부에 착 붙는데 지성, 건성 모두에게 자극 없는 화장품이라 좋았어요
남자친구가 완전 민감성 피부인데, 요거 바른 후로는 피부가 확실히 안정되서 너무너무 좋았어요
민감성 피부에게도 너무너무 추천합니다"
2026-07-23,A000000257827,62873567,2026.07.16,5,0,NORMAL, [기획] 멜라B3 세럼 3ml 증정,,,,0,264.0,1,0,소심한찌니,밤이 바르고 자면 아침에 얼굴이 환해져있는게 느껴집니다!!
2026-07-23,A000000257827,61997292,2026.06.28,5,0,NORMAL, [기획] 멜라B3 세럼 3ml 증정,A04,B03,"C04,C05",0,264.0,1,1,민감왕,스킨케어 마지막 단계에 듬뿍 바르고 자면 진정되는 느낌ㅁ들어요
2026-07-23,A000000257827,63066124,2026.07.20,5,0,NORMAL, [기획] 멜라B3 세럼 3ml 증정,,,,0,240.0,1,0,minking,"평소 피부가 예민하고 환절기만 되면 얼굴이 쉽게 붉어지고 건조해서 보습크림을 정말 많이 써봤는데, 라로슈포제 시카플라스트 멀티 리페어 크림은 왜 꾸준히 추천받는 제품인지 직접 써보니 알겠더라고요.

처음에는 크림 제형이 조금 꾸덕한 편이라 무겁지 않을까 걱정했는데, 피부에 펴 바르면 부드럽게 밀착되면서 끈적임은 생각보다 적었습니다. 밤에 듬뿍 바르고 자면 다음 날까지 피부가 촉촉하게 유지되고, 건조해서 일어나던 각질도 많이 줄어들었습니다. 특히 피부가 민감해졌거나 마스크 착용으로 자극받은 날 사용하면 피부가 한결 편안해지는 느낌이라 만족스러웠습니다.

메이크업 전에 소량만 발라도 밀림이 거의 없고, 피부 속당김을 잘 잡아줘 화장도 훨씬 잘 먹었습니다. 향도 거의 없어 민감한 피부가 사용하기 부담 없었고, 가족들과 함께 사용할 수 있을 만큼 순한 사용감도 장점이라고 생각합니다.

물론 아쉬운 점도 있습니다. 지성 피부라면 한여름 낮에는 조금 무겁게 느껴질 수 있고, 한 번에 많이 바르면 흡수되는 시간이 조금 걸리는 편입니다. 하지만 자기 전 집중 보습용으로 사용하면 이런 점은 크게 불편하지 않았습니다.

무엇보다 피부 컨디션이 좋지 않을 때 가장 먼저 손이 가는 제품이 됐습니다. 단순히 촉촉한 것뿐 아니라 피부 장벽이 탄탄해지는 느낌을 받아 꾸준히 사용할수록 만족도가 더 높아졌습니다. 한 통 사용 후에는 재구매를 고민할 필요가 없을 정도로 만족스러웠고, 할인 행사나 기획세트가 보이면 미리 구매해 둘 생각입니다. 민감성 피부, 건성 피부, 피부 장벽 관리가 필요한 분이라면 한 번쯤 꼭 사용해 보길 추천하고 싶은 믿고 쓰는 보습 크림입니다."
2026-07-23,A000000257827,61158648,2026.06.08,5,0,NORMAL, ,,,,1,225.0,1,0,블루퍼플그린,수부지나 지성 분들한테 항상 인기템이라 써보고 싶었는데 올영세일때마다 품절 ㅠ 나서 못써보다가 이번에 재고 하나 남은거 바로 사고 써봤는데 비슷하다고 했던 일리윤 크림하고는 좀 다른것 같아요 일리윤이 좀 더 촉촉하고 라로가 좀더 되직하면서 단단한 연고+로션 느낌?? 그래서 그런지 지성은 로션 바르고 한 십분 뒤부터 유분 잘잘 올라오는데 이거는 밸런스 조절이 좀 되는느낌? 얼굴에 머리카락 붙지도 않고 적당히 수분 차 있는 피부결이 맘에 들었습니다. 아직 몇번 안써보긴 했는데 여름에 트러블 밸런스 조절에 잘 맞았으면 좋겠어요ㅠ 크기는 생각보다 작아요..
2026-07-23,A000000219555,61875201,2026.06.24,5,0,NORMAL,리필기획(70매+70매리필),A03,B02,"C01,C02",16,1980.0,1,0,영또또,"🏷️장점
-트러블 진정에 효과적이에요
-어성초에 진정 성분이 들어있어서 붉은기 올라온 피부를 빠르게 가라앉혀요
-에센스가 많아서 촉촉해요
-한쪽은 부드러운 면 한쪽은 결 정리용 면으로 되어있어서 선택해서 사용할 수 있어요

🏷️단점
-에센스가 많이 들어있어서 사용감이 묵직하다고 느껴질 수 있어요
-피부에 자극이 느껴지는 경우도 있어요"
2026-07-23,A000000219555,62322019,2026.07.04,5,0,NORMAL,리필기획(70매+70매리필),A03,B04,"C01,C05",3,1620.0,1,0,귤상자,"평소에 좋아하는 패드가 진정, 수분 라인이고 닦아주는 것 보다는 팩처럼 사용하는것을 좋아해요 
요 제품은 완전 팩 전용 같은 느낌이에요 
아침에 닦아내는 용도로 사용하면 뭔가 잘못하면 끈적 거린다고 느낄수도 있다고 생각 할 것 같아요 

밤에 팩토로 사용하면 금방 마르지도 않고 완전 수분에 푹 절여지는 느낌을 받는 것 같아서 너무 좋더라구요 
진정 되는 느낌도 바로 들어서 너무 좋았어요 
담겨져있는 에센스가 약간 물같은 알로에젤 같은 느낌? 이라서 
지성분들이 쓰기에는 좀 답답하다고 느낄 수도 있을 것 같아요 

예전에 비해서 패드의 크기도 많이 커졌고, 패드 면도 달라져서 좋은것 같구요 
달라진 패드면으로 닦아내면 좀 자극적이다고 느낄수도 있을 것 같아요 

너무에센스가많아서 밑쪽에있는 패드는 완전 축축합니다 그게 장점이자 단점이겠네요"
2026-07-23,A000000219555,62983430,2026.07.18,4,0,NORMAL,리필기획(70매+70매리필),,,,1,1500.0,1,0,일개서민,"과거에 썼다가 토너패드 다 떨어져서 오랜만에 사봤어요
뚜껑 리뉴얼된건 좋네요(사실 진작에 그렇게 만들었어야함)
에센스 양 넉넉한것도 여전히 좋은 부분, 그치만 여름이라 두터운 패드가 에센스를 가득 머금고 있다보니 다소 무겁게 느껴지기도해요
성분? 효능?이 제 피부랑 가장 잘 맞는 게 아비브꺼인거 같아서 잘 써보겠습니다"
2026-07-23,A000000219555,61428686,2026.06.14,5,0,NORMAL,리필기획(70매+70매리필),A02,B06,"C01,C09",5,1170.0,1,0,안냐융,"몇년간 몇통 썼는지 모를만큼 내돈내산 찐템 입니다.
더 많은분들이 이제품 알게됐으면 하는 마음에 사용하면서 가장 좋았던 점 순위로 매겨보았어요🤓

💚3위 마르지않고 부위별 맞춤 특수원단
금방 마르는 면 패드와는 다르게 1간을 올려 놓아도 촉촉하게 수분을 머금고 있어서 팩토로 사용가능하고 늘어나는 원단으로 보다 넓은부위에 사용할수 있어서 좋아요.

💚2위 화장이 뜨지않는 패드
건성이라서 화장이 잘 밀리고 금방 뜨는편인데
자극없이 각질정리되며,화장이 뜨지않아 모공끼임이 줄었고 수정화장할때도 좋아요.

⭐️⭐️1위 여드름+여드름 색소침착 탈출 !!!⭐️⭐️
단연 최고인 부분은 정말 지긋지긋한 이마 좁살여드름 전쟁에서 탈출하게 해준 유일한 패드 입니다.
어성초,병풀추출성분,진정라인 타제품 다양하게 써봤지만 광고만큼 효과를 보지는 못했었어요.
사실 여드름 피부가 패드하나로 어떻게 바뀔까 하겠지만 아비브 어성초라인은 사용해 보시면 좁살여드름+붉은기+색소침착 확실히 많이 개선되실거에요.

**특히 여름에 사용감 너무 좋아요,열감때문에 피지량이 많아지는데 살짝차갑게해서 올려놓았다 떼면 금방 진정됩니다!"
2026-07-23,A000000219555,63170146,2026.07.23,5,0,NORMAL,리필기획(70매+70매리필),A03,B01,"C05,C08",0,1080.0,1,1,윤슬윤잉,"[ 아비브 어성초 흔적 에센스 패드 클리어 터치 리뷰 〰✨ ]

진짜 N번째 재구매 중인 아비브 어성초 패드... 이건 정말 말이 필요 없는 제품 ㅠ_ㅠ

에센스가 정말 듬뿍 들어 있어서 사용할 때마다 촉촉하고, 피부 진정도 빠른 편이라 닦토용으로도 정말 잘 쓰고 있숩니다 아마 이 패드에만 몇십만 원은 쓴 것 같아요...

제가 해외에 오래 있다 보니 한국에는 10개월에 한 번 정도 들어오는데, 그때마다 항상 여러 통씩 쟁여가요 가끔 부모님이 택배를 보내주실 때도 꼭 이 패드를 같이 넣어서 보내주실 정도...ㅋㅎㅋㅎㅋ

다만 딱 하나 아쉬운 점은 가격... 너무 비싸다는 거예요 정가가 4만 원대인 건 진짜 너무하잖아
그래도 할인은 꽤 자주 하는 편이라 정가에 구매하기보다는 2만 원대로 내려왔을 때 여러 개 쟁여두시는 걸 추천드립니다... 다들 한 번씩 꼭 써보세요 ദ്ദിᐢ- ̫-ᐢ₎"
2026-07-23,A000000219555,63170144,2026.07.23,5,0,NORMAL,리필기획(70매+70매리필),A03,B01,"C05,C08",0,1080.0,1,0,윤슬윤잉,"[ 아비브 어성초 흔적 에센스 패드 클리어 터치 리뷰 〰✨ ]

진짜 N번째 재구매 중인 아비브 어성초 패드... 이건 정말 말이 필요 없는 제품 ㅠ_ㅠ

에센스가 정말 듬뿍 들어 있어서 사용할 때마다 촉촉하고, 피부 진정도 빠른 편이라 닦토용으로도 정말 잘 쓰고 있숩니다 아마 이 패드에만 몇십만 원은 쓴 것 같아요...

제가 해외에 오래 있다 보니 한국에는 10개월에 한 번 정도 들어오는데, 그때마다 항상 여러 통씩 쟁여가요 가끔 부모님이 택배를 보내주실 때도 꼭 이 패드를 같이 넣어서 보내주실 정도...ㅋㅎㅋㅎㅋ

다만 딱 하나 아쉬운 점은 가격... 너무 비싸다는 거예요 정가가 4만 원대인 건 진짜 너무하잖아
그래도 할인은 꽤 자주 하는 편이라 정가에 구매하기보다는 2만 원대로 내려왔을 때 여러 개 쟁여두시는 걸 추천드립니다... 다들 한 번씩 꼭 써보세요 ദ്ദിᐢ- ̫-ᐢ₎"
2026-07-23,A000000219555,62850139,2026.07.15,5,0,NORMAL,리필기획(70매+70매리필),A03,B01,C03,1,945.0,1,0,운수대톨,아비브 어성초 흔적에센스 패드 기획리필도 있고 매일 쓰니까 좋아요
2026-07-23,A000000219555,63170216,2026.07.23,5,1,OFFLINE,리필기획(70매+70매리필),A02,B04,"C01,C05",1,900.0,1,1,뽀쇼처하자,이거진짜 개개개좋음 약간 벌집모양? 패드라 늘리는대로 쫩쫩 잘 늘어나고 애초에 패드 자체가 크기가 커서 한장으로 볼따구 다 덮힌다고 보시면 돼요 트러블 진정 진심 너무 잘되고 좁쌀까지도 잡히는 듯? 저는 이거랑 넘ㅂㅓㅈ인 1번패드 번갈아가면서 끌리는 거 써욤 근데 이거 세통째라 여기에 좀 더 손이 많이 감 마무리감은 좀 끈적거리나...? 싶긴한데 차피 얘만 팩토 챱 하고 자는거 아니잖아요 그쵸 그 위에 다른 스킨케어 올리면 마무리감은 별로 신경 안 쓰임 이거랑 징크테카 세럼.. 같이 쓰면 좋아요
2026-07-23,A000000219555,62296968,2026.07.04,5,0,NORMAL,리필기획(70매+70매리필),A02,B04,"C04,C05",1,900.0,1,0,nose덕,"재재재구매템 이거만한 토너패드가 없어요... 
궁금해서 다른 거 써보고 왔는데 결국에는 아비브 어성초 패드를 이길 수 있는 건 없었습니다 

진정 개빠르고 쿨링효과 적당히 있고 수분보습 채워줘요
에센스양이 진짜 다른 패드들에 비해서 압도적으로 많아서 반 갈라써도 잘 안 마름... 그리고 뭔가 다른 패드들에 비해서 에센스가 피부에 쫙 흡수되는게 느껴져요 
붙여놓고 머리 말리고 다른 거 하다가 떼면 여드름 진정 싹 되어있어요.. 그리고 밀착력도 좋아요 에센스양 많아서 좀 흘러내릴 수 있긴 합니두..

어성초 잘 맞으시는 분들 제발 써보시길 간절히 요청드립니다,,"
2026-07-23,A000000219555,63192079,2026.07.23,5,0,NORMAL,리필기획(70매+70매리필),A02,B02,"C01,C05",0,792.0,1,0,꿀피부쨩,재구매했어요! 앰플 양 되게 많네요 좋아요 아침말고 밤에 바르기 좋습니당
2026-07-23,A000000219555,62640342,2026.07.11,5,0,NORMAL,리필기획(70매+70매리필),,,,0,675.0,1,0,두바이쫀득마라탕엽떡,"🩷 구성 - 리필기획(70매+70매리필)

저 진짜 원희 보고 따라샀다가 아비브 정착해버린
사람 1인이에요.. 그정도로 너무 좋아서 또 재구매해버렸어요ㅜㅜ 이젠 선택이 아니라 필수로 구매하게 되는 토너 패드라서 이번에 또 구매하게 되었어요

일단 열감 내리기도 좋고 가장 중요한 진정이 너무 잘 돼서·· 진짜 너무 좋아요. 이거 쓰고 많던 여드름이 다 사라졌어요ㅠㅠ 같은 브랜드 캡슐세럼이랑 같이 써주면 효과 훨씬 좋으니 꼭 써보시길 바라요 🥺

⭐ 별점 - ( 5/5 )"
2026-07-23,A000000219555,63024506,2026.07.19,5,0,NORMAL,리필기획(70매+70매리필),,,,0,660.0,1,0,stellayukie,이거로 시작된 이번 올영쇼핑 자꾸 시크릿쿠폰 줘서 결국 대대적 쇼핑을 해버림
2026-07-23,A000000219555,62927192,2026.07.17,5,0,NORMAL, ,A02,B03,"C01,C04",0,660.0,1,0,지훈와이프,"오잉 이거 머에욮?
트러블에 좋기로 유명해서 옛날부터 써보고싶엇는데 완전 좋네융 케ㅔ케
아뉘 완전 잘 늘어나서 턱 이마 코 에 붙히기 좋을것같아요!ㅠ 이거 쓰고 피부좋아지면 진짜 좋을것같애여ㅠ"
2026-07-23,A000000219555,61508111,2026.06.15,5,0,NORMAL,리필기획(70매+70매리필),A02,B03,"C01,C02",22,630.0,1,0,초코딸기a,"✅자극 없이 각질 관리하기 좋고, 트러블이랑 홍조 진정에도 효과가 좋아서 재구매 의사 100%인 아비브 어성초 패드❤️

💚제형
일단 통 안에 에센스가 1/2 이상 찰랑거릴 정도로 엄청 넉넉하게 들어있어서, 한 통 다 쓸 때까지 촉촉하게 사용할 수 있어서 좋아요!
패드는 얇은 거즈면같은 재질인데 앞면은 매끈매끈한 면이고 뒷면은 후크면이어서, 용도에 따라 구분해서 사용하기 좋았어요🥰
얼굴 부위에 따라 패드를 늘려서 붙여도 잘 붙어있어서, 머리를 말릴 때나 손질하면서도 편하게 사용할 수 있어서 좋았어요!

통 내부에 집게를 보관할 수 있는 부분이 따로 있어서, 잃어버릴 걱정 없이 위생적으로 사용할 수 있어서 더 만족도가 높아요!👍

💚사용후기
저는 민감성 피부여서 사용하고 나면 자극이 되는 패드도 많았는데, 아비브 어성초 패드는 자극 없이 각질 관리하기에도 좋고 홍조나 트러블도 금방 가라앉아서 매우 만족하며 사용하고 있어요🥰👍"
2026-07-23,A000000219555,61771425,2026.06.22,5,0,NORMAL,리필기획(70매+70매리필),A02,B05,"C04,C11",37,558.0,0,0,촉촉한초코코,"한 20통 가까이 쓴것 같ㅇㅏ서 더이상 쓸 리뷰가 없습니다..
패드 바뀌고 더 좋은 것 같아요"
2026-07-23,A000000219555,62950472,2026.07.18,5,0,NORMAL,리필기획(70매+70매리필),,,,0,540.0,1,0,aves,"It is so good. It helps reducing my skin temperature in make up prep routine. And the texture of the essense is not viscous so it is not sticky on my skin. Therefore, I can use it daily! I also love the pad, it stays well on skin and the rough side is extremely helpful when massage &lt;333"
2026-07-23,A000000219555,61896589,2026.06.25,5,0,NORMAL,망곰기획(70매+70매리필+패드케이스),A04,B04,"C01,C02",0,540.0,1,0,foret빈,"요즘 날씨가 더워지면서 피부가 쉽게 예민해지고 트러블 자국도 신경 쓰여서 토너 패드를 찾다가 이 제품을 사용하게 됐어요. 처음에는 세안 후 피부결 정리용으로 가볍게 사용하려고 했는데, 생각보다 활용도가 좋아서 아침저녁으로 자주 손이 가더라고요.

패드가 얇고 부드러운 편이라 피부에 닿았을 때 자극이 크지 않았고, 에센스가 충분히 머금어져 있어서 한 장만 사용해도 촉촉한 느낌이 오래 남았어요. 특히 엠보면과 부드러운 면이 함께 구성되어 있어 피부 상태에 따라 사용할 수 있는 점이 편리했습니다. 세안 후 피부결을 정돈해 주면 남아 있던 노폐물이 닦이는 느낌이 들고, 피부가 한층 매끈하게 정리되는 것 같더라고요.

며칠 동안 꾸준히 사용해 보니 붉게 남은 피부 흔적이 조금 덜 도드라져 보이는 느낌이 있었고, 피부 컨디션도 비교적 안정적으로 유지되는 것 같았어요. 끈적임 없이 산뜻하게 마무리돼서 다음 단계 스킨케어를 하기에도 좋았고, 아침에 사용하면 메이크업이 들뜨는 느낌도 줄어들더라고요. 진정과 피부결 관리를 한 번에 하고 싶을 때 부담 없이 사용하기 좋은 패드라 만족스럽게 사용하고 있습니다."
2026-07-23,A000000219555,61874120,2026.06.24,5,1,OFFLINE,리필기획(70매+70매리필),A04,B04,"C01,C02",0,540.0,1,0,foret빈,"평소 피부가 예민한 편이라 패드 제품을 고를 때 성분과 사용감을 중요하게 보는 편인데, 이번에 사용해 본 어성초 패드는 생각보다 만족스러웠어요. 세안 후 가장 먼저 사용했는데 패드가 적당히 촉촉하게 에센스를 머금고 있어서 피부 결을 정돈하기 좋았어요. 패드 표면도 자극적이지 않아 가볍게 닦아내기 편했고, 사용 후 피부가 건조해지는 느낌이 크지 않았어요.

특히 붉은기나 트러블 흔적으로 고민될 때 사용하면 피부가 한결 편안해지는 느낌이 들었어요. 끈적임이 심하지 않아 다음 단계 스킨케어를 이어가기에도 부담이 없었고, 메이크업 전에 사용해도 밀림 없이 깔끔하게 마무리됐어요. 꾸준히 사용해 보니 피부 결이 조금 더 매끄러워진 것 같고, 전체적으로 피부 컨디션 관리용으로 사용하기 괜찮은 제품이라고 느껴졌어요. 민감한 피부를 위한 데일리 패드를 찾는 분들에게 무난하게 추천할 만했어요."
2026-07-23,A000000219555,61462870,2026.06.14,5,0,NORMAL,리필기획(70매+70매리필),,,,4,540.0,1,0,홀리몰리괔카몰리,"와 이거 미백+각질 정리 짱 아이템입니다!!!
(면이 오돌토돌해요! 아주 굿굿!!)
저 진짜 놀라운 사실을 발견했어요!!

전 평소 구매를 하는데에 있어서
스마트한 컨슈머가 되기위해 후기를 굉장히 많이 보기도 하고 이것저것 비교하며 구매하는데여

사실..얼굴은 미백이 잘 되는지 눈에 띄게 달라졌다?는
매일 봐서 그런지 우리는 잘 못느끼잖아요?

그래서 전 이 제품의 능력은 얼마나 될까? 테스트해보기 위해!! 유난히 어두운 제 복숭아 뼈에 사용해보았어요!!

(전 정말 유난히 이상하게 복숭아뼈가 너무 어두워서
너무너무너~무 스트레스이거든요..ㅠㅠ)

무튼!! 자기 전 유튜브 시청 시간에 샤워하고 난 뒤 얼굴과 복숭아 뼈에 20분씩  붙여봤고!

결과는!  3일동안 사용해본 결과! 사진 처럼 밝아졌어요ㅋㅋㅋㅋㅋ이거 진짜 신기방기 템 아닌가요? ㅋㅋ
뭐 물론 토닝주사보다는 굉장한 위력을 가지기는 어렵지만! 저는 일단 이 위력을 보고 놀랐어요 ㅋㅋㅋ
3일만에 저런 효과를 보여주다니 홀리몰리예여 완전!!!

제가 제품을 사용하면서 직접 느껴본 점은

1. 미백 효과는 확실히 있다!! (과장광고가 아니였음!)
2. 각질제거 또한 탁월한 능력을 가지고 있다!
(여름이 다가와서 그런지 간지러웠던 얼굴이 덜 간지러워 졌어요!)
3. 클리어 패드 터치라는 이름에 맞게 면이 오돌토톨해서
화장을 지우고 샤워하고 난 이후 붙였다가 쓱쓱 닦으니 
기분도 피부도 상쾌해졌다!
4. 그래서 그런지 화장이 잘 먹는 듯하당!

이렇습니다 ㅎㅎ

전 앞으로 꾸준히 사용해 볼꺼구요!! 한달 뒤 후기 남기러와보겠슴돵!!^^
 비포 에프터가 확연히 차이가 났으면 좋겠네영ㅎ"
2026-07-23,A000000219555,63057064,2026.07.20,5,1,OFFLINE,리필기획(70매+70매리필),A03,B01,C11,0,528.0,1,1,l8da19,트러블 흔적 패드로 좋더고해서 사용하고있는데 좋은것같아요
2026-07-23,A000000219555,63027085,2026.07.19,5,0,NORMAL,리필기획(70매+70매리필),A02,B04,"C01,C04",0,528.0,1,0,응가지지,거의 다 쓰고 한 장 남았어요ㅠㅠㅠ막 엄청나게 효과가 있다기 보다는 쓰고 나면 확실히 피부 온도 내려가고 얼굴이 쫀쫀해져서 좋은 것 같아여
2026-07-23,A000000219555,62958891,2026.07.18,5,0,NORMAL,리필기획(70매+70매리필),A01,B04,"C07,C09",0,528.0,1,0,담곰망곰,재구매입니다! 에센스 양 정말 많고 피부결 부드러워져서 좋아요!
2026-07-23,A000000219555,62898048,2026.07.16,5,0,NORMAL,오롤리기획(70매+70매리필+파우치),A05,B04,"C01,C02",0,528.0,1,0,graceofmay,리필까지 겨우 해치움 제품력은 좋았지만 사용감이 별로라 재구매는 안할듯
2026-07-23,A000000219555,61986512,2026.06.27,5,0,NORMAL,리필기획(70매+70매리필),A06,,"C01,C05",0,450.0,1,0,미소녀1,수부지 피부인데 한동안 토너패드 안 쓰다가 구매하게 된 제품입니당.. 넘ㅂㅈ인 어성초패드는 안 맞아서 이것도 살까말까 고민 많이 했었는데 사길 잘한 것 같아용! 팩토로 몇분 방치해주면 성난 피부가 잘 진정돼요. 소나무 앰플이랑 같이 사용해주고 있는데 궁합이 잘 맞아서 같이 사용하는거 추천드립니당!
2026-07-23,A000000219555,61650335,2026.06.19,5,0,NORMAL,리필기획(70매+70매리필),A01,B01,"C01,C02",4,450.0,1,0,아복이,"💚아비브 어성초 흔적 에센스 패드 클리어터치 70매 리필기획💚
옵션: 리필기획(70매+70매리필)

아비브 어성초 패드와 어성초 세럼 같이 쓰면
좋다는 후기를 보고 왕창 쟁였어용~!

아침 저녁으로 꾸준히 패드팩 또는 급할 땐 닦토패드로
사용해주고 있는데 용액을 흠뻑 머금고 있어서
시간이 지나도 패드가 전~혀 건조하지않고,
그대로 촉촉해요!

소비기한
넉넉해서 좋아요~!"
2026-07-23,A000000219555,61650316,2026.06.19,5,0,NORMAL,리필기획(70매+70매리필),A01,B01,"C01,C02",4,450.0,1,0,아복이,"💚아비브 어성초 흔적 에센스 패드 클리어터치 70매 리필기획💚
옵션: 리필기획(70매+70매리필)

아비브 어성초 패드와 어성초 세럼 같이 쓰면
좋다는 후기를 보고 왕창 쟁였어용~!

아침 저녁으로 꾸준히 패드팩 또는 급할 땐 닦토패드로
사용해주고 있는데 용액을 흠뻑 머금고 있어서
시간이 지나도 패드가 전~혀 건조하지않고,
그대로 촉촉해요!

소비기한
넉넉해서 좋아요~!"
2026-07-23,A000000219555,61650154,2026.06.19,5,0,NORMAL,리필기획(70매+70매리필),A01,B01,"C01,C02",5,450.0,1,1,아복이,"💚아비브 어성초 흔적 에센스 패드 클리어터치 70매 리필기획💚
옵션: 리필기획(70매+70매리필)

아비브 어성초 패드와 어성초 세럼 같이 쓰면
좋다는 후기를 보고 왕창 쟁였어용~!

아침 저녁으로 꾸준히 패드팩 또는 급할 땐 닦토패드로
사용해주고 있는데 용액을 흠뻑 머금고 있어서
시간이 지나도 패드가 전~혀 건조하지않고,
그대로 촉촉해요!

소비기한
넉넉해서 좋아요~!"
2026-07-23,A000000219555,61509524,2026.06.15,5,0,NORMAL,리필기획(70매+70매리필),A02,B02,"C06,C11",1,450.0,1,0,코지햄,여름에 사용하기에도 너무 좋아요🍀💚 진정되고 촉촉하게 채워주는 느낌이라 너무 잘 쓰고 있어요!🫶🏻 민감한 피부에도 편하게 쓸 수 있어서 좋아요~! 얼굴에 착 밀착되는 느낌이라 붙이고 다른 일 해도 잘 붙어있어용!✨ 리필 기획이라 든든합니다!ㅎㅎ
2026-07-23,A000000219555,61508366,2026.06.15,5,0,NORMAL,리필기획(70매+70매리필),A02,B02,"C02,C03",19,450.0,1,0,올챙수궁이,"저는 아비브를 어성초 토너로 처음 접하게 되었는데, 토너때도 편안한 향, 생각보다 고보습, 좋은 발림성과 흡수성, 마일드한 그리너리 색으로 감도높은 심플 디자인까지(갑분 토너 리뷰 죄송합니다ㅋㅋ..) 별 기대 안했는데 정말 만족했던 제품인데, 이 패드 또한 그렇네요..💚

망곰이 콜라보때 너무 귀여워서 패드도 한번 써볼까 하고 샀다가, 만족했어서 아직 리필도 남았지만 다시 구매했어요!

리뉴얼돼서 에센스양도 엄청 많아지고(거의 두배 가까이 늘어났더라구요) 패드도 더 넓어져서 넉넉하게 쓸 수 있어 좋아요. 원래 돌려서 여는 방식이었는데 원터치 여닫이로 바뀌어서 훨씬 편리해진 점도 맘에 들었어요.

극건성 피부라 에센스 양이 넉넉한 점이 일단 빨리 마르지 않아 좋았고, 어성초라 해서 진정효과에만 특화된 줄 알았는데 보습력도 상당히 괜찮습니다!

민감성 피부는 아닌데 최근 피부가 뒤집어져서 피부가 오돌토돌해졌었는데 진짜 진정이 되더라구요. 괜히 어성초 어성초하는게 아닌거 같아요(평소 진정제품엔 별로 관심 없고 신뢰감이 부족하긴 했어요)
뭣보다 열감 낮추는데도 좋은거 같아요. 시원해요. (민감성은 아닌데 얼굴쪽 열이 좀 잘 오르는 피부인데 지금 생각해보니 뒤집힌것도 열감때문이었나 싶네요😅)

리필통 교체도 엄청 쉬움 ㅎ"
2026-07-23,A000000219555,61507500,2026.06.15,5,0,NORMAL,리필기획(70매+70매리필),A02,B03,"C01,C02",2,450.0,1,0,오올챙,"30대 건성 피부, 더운 여름 진정템 찾기!

30대에 접어들면서 피부 속건조와 푸석함 때문에 매일 피부 홈케어에 공을 정말 많이 들이고 있어요. 그런데 날씨가 점점 더워지기 시작하니까 안 그래도 건조한 피부인데, 더위 때문에 땀은 나고 그 위에 파운데이션을 올리니까 오후만 되면 뭉치고, 들뜨고 피부 컨디션이 영 별로였어요.
이번 여름은 더 덥다는데 달아오른 피부부터 가볍게 진정시켜보자 하고 정착한 촉촉한 진정 패드가 어성초 패드입니다.
저는 닥토보다는 팩토를 선호하는데 토너 패드를 쓰면 처음에는 촉촉한데 시간이 지날수록 건조해지더라고요.
기존에도 아비브 제품들을 잘 쓰고 있었고 특히 어성초 흔적 에센스 패드는 벌써 몇 통이나 비웠는지 모를 정착템이 되었습니다.

💧 강점 1. 에센스 1병 그 이상을 들이부은 촉촉함
일반적인 진정 패드 특유의 금방 날아가는 가벼운 물 제형이나, 피부 겉만 맴도는 물 제형이 아닙니다. 물과 점성이 있는 그 사이 정도? 촉촉한 에센스가 완전 가득이라 패드 한 장으로 닥토도 가능하고 팩으로 올리면 에센스 성분을 그대로 흡수하는 느낌이에요. 땀을 많이 흘린 날 세안 후 이걸로 팩을 해주면 시원하게 온도 낮아지고 촉촉함도 오래가요. 머리 말려도 수분감이 남아있어요.

💧 강점 2. 앞뒤가 다른 반전 매력! 착 붙과 각질 케어
패드를 몇 통씩 비우게 만드는 일등 공신이 바로 &#039;패드 원단&#039;이에요. 집게로 집어보면 약간 도톰~한 거즈 느낌이 나는데, 앞뒷면이 달라서 활용도가 좋아요.
-오돌도돌한 거즈 면: 에센스를 듬뿍 머금고 있어서 피부 결을 따라 가볍게 닦아내 주면, 땀과 유분 때문에 뭉친 각질이 자극 없이 부드럽게 정돈됩니다. 수정 화장할때 잘 쓰고 있어요.
-매끄러운 압착 면: 반대쪽은 압착(?)되어 있어서 굴곡진 볼이나 이마에 올렸을 때도 들뜸 없이 피부에 &#039;촵!&#039; 하고 밀착되서 팩토하기 좋아요.

💧 강점 3. 완벽한 베이스 메이크업 부스터
날씨가 더워지면 아침에 공들여 바른 베이스가 땀과 얼룩덜룩 무너지곤 하는데 어성초 패드로 피부 온도를 낮춰주고 수분을 채워줍니다. 그 위에 선크림이나 파운데이션을 올려도 피부 열감이 낮아져서 그런지 무너짐이 거의 없어요.
패드 한 장이 수분에센스 레이어링 한것과 같은 역할을 해줘서 더 완성도 높은 베이스 메이크업이 가능해요. (여름엔 아침에 무거운 기초 생략하고 이 패드 팩 하나로 끝내보세요!) 여름철 메이크업 전 피부 바탕 다지기용으로 좋아요.

성분도 순해서 피부 트러블이나 눈 시림도 전혀 없고, 진정 효과가 확실하니까 더운 여름 지친 피부 케어에 딱이에요! 여름철 답답한 피부에서 벗어나 맑고 촉촉한 피부 바탕을 만들고 싶은 분들께 추천합니다."
2026-07-23,A000000223349,61312271,2026.06.11,5,0,NORMAL,[쿨베스트][단품] 01 베이비,A02,B05,"C01,C02",123,11070.0,1,0,공주님지갑사수,"전하의 공주마마, 다음과 같이 보고 올리옵니다.
소인은 평소 컬러 립밤이라고 홍보하는 제품들이 보습이 거의 되지 않거나 발색이 약한 경우를 많이 보았기에 실망이 상당하였기에, 아떼의 립글로이밤은 소인에게 마치 혁명과도 같사옵니다.
소인이 구매한 베이비 색상은 웜톤도 부담 없이 예쁘게 사용 가능한 쿨트럴 핑크이기에, 최근 쿨톤병에 걸린 소인에게 안성맞춤이 컬러였사옵니다. 여리여리한 색감을 자랑하기에 브라이트 톤이신 공주마마들께서는 베이스 립으로 사용하시고, 라이트 톤이신 공주마마들께서는 단독으로 사용하실 시 색상이 공주마마의 용안과 더욱 더 아름답게 어울릴 것임을 보고올리옵니다. 또한, 이 립밤은 보습을 챙기기에도 적합하옵니다. 소인의 경우, 학교에서 이 글로이밤을 틈틈이 덧발라 주었는데, 일반 립밤과 견주어도 보습력이 전혀 뒤쳐지지 않았사옵니다. 소인은 입술에 각질이 자주 일어나는 편이기에 립밤을 덧바르면 입술 색이 지워지는 점이 스트레스였는데, 이 제품이 그 문제를 해결해주어 상당히 만족스럽사옵니다. 
이상 삼가 아뢰오니, 도움이 되셨다면 소인을 위해 “도움이 돼요” 버튼을 클릭해주심을 친히 부탁드리옵니다."
2026-07-23,A000000223349,62751809,2026.07.13,5,1,OFFLINE,[단품] 07 포그,,,,6,3834.0,1,0,빵빵앙옥지양,베이비 포그 피그베일 뉴디 위시 드림 소이모브 이렇게 보유중 입니댜 진짜 너무 좋아요 ㅜㅜ
2026-07-23,A000000223349,62530611,2026.07.08,5,0,NORMAL,[기획] 드림 (+팁치크 소이모브),A02,B04,"C01,C02",6,3834.0,1,0,주구치,"사실 팁치크가 탐나서 구매했는데, 생각보다 발색도 잘되고 데일리로 쓰기 좋아요!
코랄 한방울 들어간 핑크입니다!봄웜 ~ 여쿨라 추천해요!"
2026-07-23,A000000223349,62751803,2026.07.13,5,1,OFFLINE, [단품] 09 피그베일,,,,4,2754.0,1,0,빵빵앙옥지양,베이비 포그 피그베일 뉴디 위시 드림 소이모브 이렇게 보유중 입니댜 진짜 너무 좋아요 ㅜㅜ
2026-07-23,A000000223349,62751591,2026.07.13,5,0,NORMAL,[기획] 드림 (+팁치크 소이모브),,,,4,2754.0,1,0,빵빵앙옥지양,베이비 포그 피그베일 뉴디 위시 드림 소이모브 이렇게 보유중 입니댜 진짜 너무 좋아요 ㅜㅜ
2026-07-23,A000000223349,62294859,2026.07.04,4,1,OFFLINE,[기획] 뉴디 (+팁치크 소이모브),A02,B05,"C02,C05",9,2700.0,0,0,에리가되,"라떼 비싸서 되게 살말 고민했는데 엄카찬스로 지름 
갈뮽 갈솝으로서 색 예쁨 약간 자연스러운게 여름에 핀터언냐들이 주근깨그리고 립밤바르고 나가는 느낌 남 
근데 중정이 왜 다 소이모브컬러일까요 ㅠㅠ 
너무 쿨모브컬러라 뉴디 색이랑 넘 안어울림 단종템 부활한건 알겠는데 웜톤 컬러에는 웜톤 증정을 넣어줬으면 좋지 않을까 해서 1점 깎음 립밤 제품은 좋아요ㅛ"
2026-07-23,A000000223349,62287869,2026.07.04,4,0,NORMAL,[폼폼푸린기획] 10 뉴디(+키캡키링),A03,B03,"C01,C02",8,2700.0,1,0,화장품은성분이답이다,"아떼 어센틱 립 글로이밤

촉촉하고 건조감없어서 데일리로 쓰기 좋아요
다만 가격이 비싸다는 단점

@요즘 다이소 가보면 다양한. 화장품들이
저렴하게 많이 입고 되어있고
개인적으로 올리브영 판매하는 브랜드들 
특정 브랜드외에는. 다이소 제품으로  저는
눈이가서 올영에 입점된 브랜드들. 비싼제품은 
안사집니다

@아떼는 제품이 좋아서 샀지요
증정품도 귀엽고
비슷한 제형 다이소가면 있어요
완전 똑같을수는 없지만요
@제후기가 도움되시연 좋아요 꼭 부탁해요
저에게 후기쓰는데 힘이 됩니다^^"
2026-07-23,A000000223349,62477258,2026.07.07,5,0,NORMAL, [베스트][단품] 08 피그코어,A03,B04,"C01,C02",7,2556.0,1,0,무지개같다,"생얼 립밤하려고 샀어요 부드럽게 잘 발리는데 색 지속력이...;;ㅎㅎ

제 리뷰가 도움이 되셨다면 좋아요 버튼👍 부탁드려요😍😍"
2026-07-23,A000000223349,62719976,2026.07.12,5,0,NORMAL,[단독] 소이모브 (+팁치크 소이모브),A03,B02,C10,2,2430.0,1,0,녹차소금빵,"🩷 제형, 컬러
아떼 립제품 좋다는 말만들었지 처음 써봤는데 엄청 부드럽게 발라지는데 또 엄청 맑고 예쁜 컬러감으로 입술에 착 붙어서 너무 마음에들어요.

소이모브는 소프트한 뮤트베이지베이스에 모브를 첨가한 색인데 믹싱비율이 좋아서 너무 베이스톤도 아니고 너무 모브도 아닌데 적절하게 데일리로 바르기 좋은 예쁜 멀멀립이에요!!
맑은 컬러라서 입술본연의 색과도 잘 어울리면서 질감, 컬러가 분위기있게 올라오는 느낌이고

맑고 쫀쫀한 광감, 분위기있는 컬러감 왜 한정이었다가 재출시된지 알겠어요 👍 

마그네틱내장이라 챡!하고 여닫는 느낌도 좋고 키링걸기도 좋으면서 슬림하면서 예쁜 아떼특유의 디자인도 예뻐요 고급진 큐트함💖

🙋‍♀️ 추천대상, 추천팁
- 두유코어, 모브매니아, 멀멀매니아, 톤팡질팡 애매한톤 다 예쁨 
- 한번바르면 은은한 멀멀한 느낌이고 두번바르면 좀 더 모브빛 나와서 분위기있어보여요.
- 증정 키링 귀여운데 본인취향에 맞에 재조립해보세요. 전ㅇ링길이 조정해서 조금 짧게하고 검은리본풀어서 ㅇ링에 감아서 다시 리본묶었는데 길이감이 더 안정적으로 보여서 만족"
2026-07-23,A000000223349,62679492,2026.07.12,5,0,NORMAL,[단독] 소이모브 (+팁치크 소이모브),A01,B02,"C04,C05",2,2430.0,1,0,boboky,"소이모브 재출시했다길래 구매해봤습니다.
립글로이밤 자체가 되게 투명하고 글로스 바른듯한 광택감으로 표현이 되는 제품이였어요!
진짜 딱 누드 모브 정석으로 쿨톤분들이라면 베이스립이나 단독 혈색 살짝 올려주는 느낌으로 간단하게 사용도 가능할거같아요!
특히 라이트톤 강추합니다.
바르고 몇초뒤면 광이 탱글하게 올라오는게 진짜 너무 예뻣어요!
그리고 이런 제형은 대부분 후진이 불가하던데 아떼 립글로이밤은 가능해서 좋았습니다!
거울 안봐도 슥슥 바르기 좋은 제형이라 들고다니면서 잘 사용할거같아요!"
2026-07-23,A000000223349,62553371,2026.07.09,4,0,NORMAL,[폼폼푸린기획] 10 뉴디(+키캡키링),A03,B03,"C01,C02",2,2430.0,1,0,화장품은성분이답이다,"아떼 어센틱 립 글로이 밤
10호 뉴디

베이비보다 흰끼는  없어요
착색 없는 립스틱겸 립밤처럼 쓸수 있어요
단 일반립밤과는 달리 색깔이 다양하게 나온 브랜드라
립스틱이라 보셔도 무방해요

특히 건조한입술에 데일리로 쓰기에 좋습니다
밤타입 특징이 빨리 써요
한달 매일 발라 봤더니 다써져요"
2026-07-23,A000000223349,62495430,2026.07.08,5,0,NORMAL,[단독] 소이모브 (+팁치크 소이모브),A03,B04,"C01,C02",3,2430.0,1,0,잼콩잼콩,"옛날에 소이모브 판매할때 한정제품이라 놓쳤었는데 다시 재판매해줘서 너무 좋았어요 ㅠ
소이모브 블러셔까지 증정이라 더 좋았습니당
립밤은 이미 두개 가지고 있었는데 역시 말할것도 없이 제품력 너무 좋고 발색 또한 마음에 들었어요
소이모브 블러셔도 너무 예뻤어요! 글로우메이크업에 추천하는 제품입니당"
2026-07-23,A000000223349,62494606,2026.07.08,5,0,NORMAL,[폼폼푸린기획] 01 베이비(+키캡키링),A03,B03,"C01,C02",3,2430.0,1,0,화장품은성분이답이다,"아떼 어센틱 립글로이밤

베이비

촉촉하고 연한색들이라 생얼에 막바르기 좋아서 
선물할일 있을때 사는 브랜드에요
아떼제품이 가격이 국산브랜드 치곤 고가라고 보기 때문에 처음 런칭때는 사서 쓰고 
그이후는 주로 선물용으로 자주 삽니다

@독하거나 역한향 안나고. 아떼제품 립 빼고 선이나 쿠션 다 쓸만해요
선쿠션은 막발라도 피부에 잘먹고

@화장품은 남녀가 없어요 남성분들 쓰기에도 아떼제품 좋습니다"
2026-07-23,A000000223349,62456293,2026.07.07,5,0,NORMAL,[단독] 소이모브 (+팁치크 소이모브),,,,7,1950.0,1,0,굿도,아떼 제품 처음 써보는데 정말 거울없이 슥슥 바르기 좋아요~~ 쌩얼에 소이모브 발르면 원래 입술색이 분위기있는 사람 느낌이었어요🫪🫪 참 예쁘다고 생각한 입술 주름없이 차오르는 광🩷🩷 증정치크와 같이 메이크업하면 두유 메이크업느낌으로 예뻐요!!!!!
2026-07-23,A000000223349,62552890,2026.07.09,4,0,NORMAL,[폼폼푸린기획] 01 베이비(+키캡키링),A03,B03,"C01,C02",1,1890.0,1,1,화장품은성분이답이다,"아떼 어센틱 립 글로이밤

베이비

밤이지만 립스틱과 같아요
아주 촉촉하고 스르륵 미끄러지듯 잘발립니다
착색력은 없어요

베입 뉴디 두색다 멀멀그리한 연한색이라
남자분들 쓰셔도 될걸요

@아떼 립은 가끔 삽니다
다른색들 많이 나와있으니 
입술건조한분이나 립스틱 거부감 있는분들
쓰기 좋습니다
@꿀팁@
볼에 치크로 쓰셔도 되요"
2026-07-23,A000000223349,62328368,2026.07.05,5,0,NORMAL,[폼폼푸린기획] 10 뉴디(+키캡키링),A01,B03,C11,7,1476.0,1,0,bbokari,"아떼 처음 사봤는데 진짜 돈값함ㅇㅇ 이거 바르고 있으면 입술 컨디션 진짜 빨리 좋아짐,,재구매할듯 색도 이쁨 💋 폼폼푸린도 귀여움💛"
2026-07-23,A000000223349,62229416,2026.07.02,5,0,NORMAL,[단독] 소이모브 (+팁치크 소이모브),A04,B04,"C01,C03",6,1476.0,1,0,앙냥해,"내가 좋아하는 인플루언서가 이거 베이비컬러 자주발라서 관심갖다 모브컬러 나와서 사봄
일단 그냥 볼땐 생각한 색이 아니었는데 테스트하니까 개이뿜 
발색 약할거같아서 입술색 죽이고발라야하나 했는데 걍 발라도 색 나옴 개이뿜"
2026-07-23,A000000223349,62773649,2026.07.14,5,0,NORMAL,[기획] 드림 (+팁치크 소이모브),A02,B04,"C02,C11",0,1350.0,1,0,나곰,"촉촉하고 끈적임 하나없는 맑은 컬러의 컬러 립밤!!
쌩얼립으로 찰떡이에요
무난한 여리 핑크컬러인데 원래 입술색에 묻혀서 딱 생기 주는 느낌이에요
일단 케이스가 넘 고급지고 여리여리해서 들고 다닐 맛나여

증정 치크는 모브빛 낭낭한 컬러고 자연스럽게 발색돼요

둘 다 물들듯이 발색되는 편"
2026-07-23,A000000223349,62683694,2026.07.12,5,0,NORMAL,[단독] 소이모브 (+팁치크 소이모브),A05,B01,"C04,C09",0,1350.0,1,0,흰발언니,"멀멀립에 꽂히셨다면 요제품 추천드립니다. 혈색만 싹 올려주면서 베이지톤 색상이라 고급스러워요. 립라이너(라카 스웨이드핑크)만 바르고 안쪽 채워줬는데, 딱 제가 원하는 핑크도 아닌 것이 베이지도 아닌 것이 오묘하게 나와서 딱 좋아요. 생얼에 발라도 자연스럽더라구요. 촉촉립밤이다보니 제형이 무르고 금방 사라지는 단점은 있지만(가격대가 있어서 더 슬퍼요) 발색이나 보습력은 이만한 컬러립밤이 없는 것 같아요."
2026-07-23,A000000223349,62678388,2026.07.12,5,0,NORMAL,[단독] 소이모브 (+팁치크 소이모브),A03,B06,"C01,C05",0,1350.0,1,0,랴님,너무 붉거나 웜하지 않은 차분한 모브 핑크 빛이라 쌩얼이나 꾸안꾸룩에 자연스럽게 혈색 주기에 딱 예쁜 색감이에요. 특히 여쿨이신 분들한테 잘 어울릴것 같아용. 저는 겨쿨인데 소이모브를 베이스로 바르고 포인트로 채도있는 핑크립이나 레드립을 발라도 예쁘더라구요.
2026-07-23,A000000223349,62616585,2026.07.10,5,0,NORMAL,[단독] 소이모브 (+팁치크 소이모브),A03,B02,"C05,C06",0,1350.0,1,0,소링,"그 유명한 소이모브.. 드디어 저도 겟했습니다!!
쿨톤립이지만 베이스로 깔기 좋을 것 같아서 샀는데 색감 그냥 미쳤어요.. 상세컷 그 색상 그대로 발색됩니다!!! 웜톤분들도 베이스로 깔아주고 포인트 색상 올려주면 충분히 쓰실 수 있을 거라 생각해요
지금 사면 무려 본품 치크 증정이라 안 살 이유가 없어요.. 기획세트일 때 얼른 구매하셔용&gt;&lt;"
2026-07-23,A000000223349,62596080,2026.07.10,5,0,NORMAL,[단독] 소이모브 (+팁치크 소이모브),A02,B01,"C01,C06",0,1350.0,1,0,목캔디킬러,"아떼 어센틱 립밤 글로이 소이모브 컬러는 정말 자연스럽고 예뻐서 요즘 손이 자주 가는 아이템이에요!
모브빛이라고 해서 너무 엄하거나 딥하면 어쩌나 걱정했는데, 막상 바르니까 차분하면서도 맑은 핑크빛이 살짝 돌아서 입술 본연의 색이랑 자연스럽게 어우러지더라고요. 특히 쿨톤 분들 데일리 민낯 립으로 완전 찰떡이에요.
비건 립밤이라 그런지 각질 부각 없이 촉촉함이 오래가고, 바를수록 끈적임 없는 맑은 유리알 광택이 올라와서 입술이 탱글해 보인답니다. 인위적인 발색이 아니라 덧바를수록 맑게 붉어져서 부담 없이 슥슥 바르기 정말 좋았어요!"
2026-07-23,A000000223349,62448287,2026.07.07,5,0,NORMAL,[단독] 소이모브 (+팁치크 소이모브),A04,B01,"C05,C08",2,1260.0,1,0,xxjjxx,"컬러립밤은 그게 그거아닌가 생각햇엇지만
아떼는 달라요 촉촉함이 비교가 안됨

베이비부터 뉴디 최근 나온 휩체리까지
멀멀하고 라이트한 컬러는 다 구매해서 사용중인데
맨날 비슷한거 사서 색상마다 별차이 없는듯하지만 그래도 무드가 조금씩 달라 신상나오면 사는편

근데 딱 하나 놓쳣던게 소이모브라 항상 앓고잇엇음 ㅠ
케이스도 넘이쁜 취저.. 은색에 쿨베이비핑크

컬러는 베이비보다 채도가 낮고 좀더 라이트해요
여쿨 진짜 환장할 컬러고 은은하게 분위기잇는데
피뷰밝은 여름뮤트톤은 그냥 기절

치크는 제가 매트한 피부표현을 좋아해서 저런 물치크 안씁니당.. 번들거리지않고 촥 붙는편이긴함

사자마자 천원 더 싸게 오특떠서 하나 더 사야하나싶습니당

발색사진은 보정없이 아이폰 기카고 실제색감이랑 거의 비슷함
피부는 17-19호 쓰는 밝은 피부톤입니닷"
2026-07-23,A000000223349,62691767,2026.07.12,5,0,NORMAL,[단독] 소이모브 (+팁치크 소이모브),A03,B01,"C01,C03",0,1134.0,1,0,리틀엘사,사진보다 실제가 색감이 훨 이뻐요~! 저는 여름쿨뮤톤인데 잘어울리고 촉촉해서 더 좋아요! 소이모브색이 인기인 이유가 있었네요💛패키징 구성도 무려 정품 블러셔증정이라 만족합니다!!
2026-07-23,A000000223349,62573393,2026.07.09,5,0,NORMAL,[단독] 소이모브 (+팁치크 소이모브),A01,B04,"C07,C09",0,1134.0,1,0,검정올리브,"완전 뮤트템 첫번째사진은 1콧, 두번째사진은 2콧입니다!
한번 얹으면 자연스럽게 뮤트해지고 두번 얹으면 발색이 돼요
요새 살짝 텁텁한 립을 얹고 소이모브로 눌러주는데 너무 예뻐요!! 여름뮤트면 고민말고 사세요!"
2026-07-23,A000000223349,62580036,2026.07.09,5,0,NORMAL,[기획] 뉴디 (+팁치크 소이모브),A03,B03,C05,1,1125.0,1,0,코랄덕,"색 발색 잘되고 예뻐요! 누디한 색깔이라서
단독으로 바르긴 애매해요ㅠ 근데 진짜 광이
너무 예뻐요!! 당연히 이 가격 주고 살 정도는 
아니에요.. 너무 예쁘고 궁금해서 사봤어요ㅎㅎ
근데 뉴디는 웜톤 컬런데 증정으로 쿨톤 컬러
블러셔를 주면 어떻게 쓰라는 거죠??
블러셔 발색력이 좀 약한 편 이예요😅😅"
2026-07-23,A000000223349,62443021,2026.07.07,5,0,NORMAL,[단독] 소이모브 (+팁치크 소이모브),A02,B06,,2,1050.0,1,0,푸린11,"아떼 립 글로이 밤 소이모브 드디어 써보네요❣️
입술에 닿자마자 사르르 녹는 촉촉한 립밤 제형이라 편하게 바르기 좋고, 톤다운된 여리한 모브 컬러가 너무 예뻐요. 부담스럽지 않게 생기를 더해줘서 데일리로 쓰기 딱 좋아요!
입술이 건조한 날에도 각질 부각 없이 자연스럽게 발려서 손이 자주 가더라고요. 쌩얼 메이크업에도 잘 어울리는 컬러라 하나만 발라도 분위기가 살아나요.
키링까지 세트라 패키지도 귀엽고, 치크까지 함께 구성되어 있어서 활용도도 좋아요. 선물용으로도 예쁠 것 같아요!"
2026-07-23,A000000223349,62913677,2026.07.17,5,1,OFFLINE,[단독] 소이모브 (+팁치크 소이모브),,,,1,1008.0,1,0,mium1u,Packaging is so pretty and magnetic cap is so satisfying color and shine is amazing
2026-07-23,A000000223349,61368620,2026.06.12,4,0,NORMAL,[쿨베스트][단품] 01 베이비,A04,B06,"C01,C08",28,918.0,1,0,쏘야ssoya,"완전 여리 청순 핑크 컬러예요!
여쿨라에서 핑잘봄까지도 받을 것 같아요!
완전 쫀득한 질감이고 잘 녹는 편이라 발랐을 때 입구 주위에는 묻어나오는 편입니다
지속력은 짧아요"
2026-07-23,A000000223349,62903045,2026.07.17,5,0,NORMAL,[단독] 소이모브 (+팁치크 소이모브),A02,B04,C08,0,900.0,1,0,예서링,"아떼 립은 몇개씩 쟁여놓고 쓰고있는데요
이번에 재런칭한 소이모브색 여리여리한게
너무 예뻐서 지르게 되었어요❤️
(키링도 갖고싶었고)
립글로이밤이다보니 착색은 안되고
발림성이 부드럽고 촉촉해서 너무 좋아요 👍
제발 단종하지 말아줘요 .. 🥹"
2026-07-23,A000000158513,60194931,2026.05.26,5,0,NORMAL,클렌징밀크 기획(+리필),A07,B01,"C01,C04",241,1572.0,0,0,오잉ㅣㅇ,단종께서 홍보하시는데 어찌 구매하지않을 수 있겠사옵니까 어명을 받들어 구매하였는데 매우 극찬을 드리옵니다 이 제품으로 2번 세안하고 순한 클렌징으로 마무리해주면 보송촉촉하기 짝이 없사옵니다
2026-07-23,A000000158513,61855674,2026.06.24,5,0,NORMAL,클렌징밀크 기획(+리필),A04,B01,"C01,C02",30,1476.0,0,0,지혜롭게빛나는,"재x10 구매템 !!!!
오일,밤 쓰면 뒤집어지고 민감성이라 그냥 오일류는 다 안맞아요ㅠ
근데 밀크는 순하게 다 지워지고(워터프루프 마스카라제외)
피부 자극도 없어서 정말정말 잘 사용중입니다!"
2026-07-23,A000000158513,62596236,2026.07.10,5,0,NORMAL,클렌징밀크 기획(+리필),A03,B03,"C08,C09",1,1350.0,1,0,PKBB,"1차 클렌징 제품은 무조건 강경 클렌징오일, 클렌징밤만 사용했는데 이제 슬슬 나이도 들고 뭔가 클렌징할때도 좀 케어하는 느낌 내고 싶어서 ㅋㅋ 예전에 잠깐 써보다 말던 클밀을 한 번 사용해보자! 하고 메이크프렘꺼 써봤는데 무난해서 한 통 더 구매했습니다. 뭔가 오일이나 밤에 비해서 더 많이 사용해야할 것 같아서 저는 7-8펌프는 사용하는 것 같아요,, 물론 얼큰이이기도함..

아직 밀크에 적응을 못한건지 뽀득한 느낌 보다는 살짝 미끄덩+촉촉한 느낌이 있는데 이건 제가 적응이 아직 안되서 그러는 것 같네요ㅎㅋ"
2026-07-23,A000000158513,62924461,2026.07.17,5,0,NORMAL,클렌징밀크 기획(+리필),A03,B02,"C05,C09",0,792.0,1,0,만찐두빵3,수부지는 무조건 쓰세요 클렌징오일 쓰다가 밀크로 바꿨는데 순하고 좋아요
2026-07-23,A000000158513,62357136,2026.07.05,5,0,NORMAL,클렌징밀크 기획(+리필),A01,B03,"C01,C02",0,756.0,1,0,ginn,"1차세안으로 메이크프렘 클렌징 밀크 사용 중!
주변에 건성 수부지 복합성 다 이거씀❗️❗️

자극없이 세정잘됨
그 화장국물?같은거 나오는거보면 세정력도 만족~!"
2026-07-23,A000000158513,63181442,2026.07.23,5,0,NORMAL,클렌징밀크 기획(+리필),,,,0,660.0,1,0,버거울땐버거,자극없이 순하고 세정력은 중상인거 같아요!! 다만 잔여감이 좀 있어서 클렌징폼으로 2차세안까지 하는 중이예요!! 그리고 잠금기능이 있어서 여행갈때 쓰기 좋앗어용
2026-07-23,A000000158513,62915541,2026.07.17,5,0,NORMAL,클렌징밀크 기획(+리필),A03,B03,"C01,C02",0,528.0,1,0,빙빙봉봉,"저의 생일 선물로 받은 메이크프렘 밀크!
우리 훈지오빠가 광고하는 거지 뭐야-~
세정력은 약하지만 순하고 좋아욘!!"
2026-07-23,A000000158513,61259277,2026.06.10,5,0,NORMAL,클렌징밀크 기획(+리필),A01,B04,,12,525.0,1,0,무지개고라니,"오 이새기 정말 좋음
건성에 가까운 수부지인데 맨날 클렌징 오일만 썼었음
(마녀 : 유화할 때 안 기름지고 좋았지만 건성에 가까워지니 당김 심함, 마스카라같은 진한 화장 정말 안 지워짐 밑 두 오일보다..)
(에이트루 : 리뉴얼되고 유화했을 때 기름짐이 너무 안 없어짐.?, 세정력은 좋았음)
(녹두 뭐시기 : 좋은데 위 두 오일은 모공관리 피지관리가 되는데 이거는 각질제거에 좋고 피지를 막 뽑아준다는 느낌이 없었음 근데 민감해도 쓸만했음)

메이크프렘 클렌징밀크는!!
밀크를 처음써봐서 비교군이 없지만 아주 순하고 각질 정돈이 잘 된다는 느낌이 들었음!!
내 피부는 민감성 수부지(볼당김개심한), 모공많음, 각질 많음, 홍조 심함, 예민예민 초예민 피부인데
전에 오일을 쓸때와는 다른 느낌임. 아기 엉덩이느낌이 됨 볼이 진짜로. 뭔가 딱 씻고 나왔을 때 전에 오일들은 오 세정됐노 이런느낌으로 완전 화하고 깨끗뽀득 이런느낌. 근데 밀크는 세정력이 엄청 강하진 않은 것 같고 한번 썼을 때 와 각질 모공정리가 다되었다 이런느낌 절대 아니지만 계쏙 쓰다보니 어머? 이거 뭐야? 좁쌀도 줄고 그래서그런지 아기궁둥이같음을 느낌. 정말 재구매의사 있고 앞으로 오일은 진한화장했거나 피지관리 할때만 몇번쓸듯?

가리걸 멤버 중에 파부소식걸 언니가 추천해준건데.. 정말 고마워욤"
2026-07-23,A000000158513,62704407,2026.07.12,5,0,NORMAL,클렌징밀크 기획(+리필),A05,B02,"C01,C02",0,495.0,1,0,올리러버,제가 제일 자주 이용하는 팩이에요 팩 다 써봤는데 이게 젤 젛은 것 깉ㅇ요
2026-07-23,A000000158513,62834067,2026.07.15,4,0,NORMAL,클렌징밀크 기획(+리필),A03,B04,"C02,C03",0,396.0,1,0,eun924a,클렌징은 밀크로 하는데 이제품 상당히 사용감이 좋았어요~
2026-07-23,A000000158513,62147223,2026.07.01,5,0,NORMAL,클렌징밀크 기획(+리필),,,,0,396.0,1,0,송송111,자극없이 순한데 세정력은 좋아서 부담없이 사용하기 너무 좋아요
2026-07-23,A000000158513,62114016,2026.06.30,5,0,NORMAL,클렌징밀크 기획(+리필),A02,B03,"C03,C12",4,396.0,0,0,꾸기,"클렌징 밀크라 부드럽게 클렌징되는 느낌이 좋습니다
오일이 너무 기름지게 느껴지시면 요 제품 써보시면 좋을것같아요 
가볍고 산뜻하게 세정됩니다"
2026-07-23,A000000158513,62065941,2026.06.29,5,0,NORMAL,클렌징밀크 기획(+리필),A03,B01,"C01,C02",0,396.0,1,0,Jinnny,"평소에 화장은 안하고 선크림만바르고다녀서
클렌징밀크로만 사용하는데 순하고 잘 닦여요!"
2026-07-23,A000000158513,61941532,2026.06.26,5,0,NORMAL,클렌징밀크 기획(+리필),A03,B05,"C05,C13",1,396.0,1,0,얼음왕자,"일차세안으로 클렌징 밀크를 사용해보세요
그리고 이차로 약산성 클렌징 폼을 사용해보세요
클렌징할 때 피부가 당겻다면 클렌징 밀크 추천드려요"
2026-07-23,A000000158513,60939544,2026.06.05,5,0,NORMAL,클렌징밀크 기획(+리필),A01,B03,"C01,C02",2,378.0,1,0,ginn,"메이크프렘 효자템 !!!! 클밀 다른거쓰다가 정착함!

수부지 복합성까지 무난하게 쓰기 조음
선크림만 바른날 써도 자극없이 잘 지워짐~~~"
2026-07-23,A000000158513,62897492,2026.07.16,5,1,GIFT,클렌징밀크 기획(+리필),A01,B01,C08,0,360.0,0,0,풀잔디,아이브로우나 아이라이너까지도 지워지는 클렌징밀크입니당! 얼굴에넉넉하게짜서 오래문지르면 자극없이 화장다지워낼수있어요 마스카라사용한날은 키스미 마스카라리무버를 미리발라놔서녹인후 밀크를사용하면 화장쉽게지울수있어서편해용
2026-07-23,A000000158513,62486312,2026.07.07,5,0,NORMAL,클렌징밀크 기획(+리필),A01,B03,"C05,C06",0,330.0,1,0,문베베,세정력 갑인 클렌징밀크입니다..앞으류 얘만 주구장창 살 예정 대용량 내주세요 ㅠ
2026-07-23,A000000158513,62255445,2026.07.03,4,0,NORMAL,클렌징밀크 기획(+리필),,,,0,330.0,1,0,하기시를만두,"자극도없고 화장도 잘지워지는거가태요 
근데 배송왔을때 뭔가 좀 열려져잇어서 기분이 좋진않앗지만.."
2026-07-23,A000000158513,62030120,2026.06.28,5,0,NORMAL,클렌징밀크 기획(+리필),A02,B04,C11,0,330.0,1,1,Rosinier,순하고 멀끔하게 지워져서 데일리로 사용중입니다!❤️❤️
2026-07-23,A000000158513,62029773,2026.06.28,4,0,NORMAL,클렌징밀크 기획(+리필),A02,B04,C11,0,330.0,1,0,Rosinier,데일리로 쓰기 좋을만큼 순하고 세정도 잘돼요❣️자극이 진짜 없어요
2026-07-23,A000000158513,62009860,2026.06.28,5,0,NORMAL,클렌징밀크 기획(+리필),A03,B03,"C03,C06",0,330.0,1,0,닛냠,순하고 자극 없는 제품으로 유명한 거 같아서 구매를했구요. 복합성피부기도 하지만 민감성피부로 홍조가 있어서 저에게 필요한 제품이었던 것 같습니다.  클렌징밀크로 순하게 클렌징을 해 보고 있습니다.
2026-07-23,A000000158513,61985946,2026.06.27,5,0,NORMAL,클렌징밀크 기획(+리필),A06,B02,"C02,C05",0,330.0,1,1,amyyyyyy,"자극도 하나도 없고
부드럽게 세정되어서 너무 좋어요!!!"
2026-07-23,A000000158513,62825546,2026.07.15,5,0,NORMAL,클렌징밀크 기획(+리필),A02,B01,"C01,C03",0,270.0,0,0,22호로지,마녀공장 클렌징오일 자주 사용했었는데 정말 오랜기간 근 몇년동안? 근데 에스테틱 가니 저는 복합성에 모공도 크고 완전 민감성 피부라 오일이 안맞고 밀크를 쓰라는 말을 듣고 세일할때 구매했거든요? 클렌징 밀크중에 얘가 제일 무난하길래 구매했는데 한달넘게 정말 잘 쓰고있어요 5-6펌핑해서 충분히 녹을때까지 시간을 두고 천천히 클렌징하고 유화시켜서 2차 세안하면 깔끔하게 지워지고 자극도 없어서 좋아요
2026-07-23,A000000158513,61803153,2026.06.23,5,0,NORMAL,클렌징밀크 기획(+리필),,,,0,270.0,1,0,nayeong****,진짜 좋아요. 처음엔 로션으로 지우는 느낌이라 긴가민가 했었는데 엄청 잘 지워져요! 그리고 자극도 없어서 뽀득이 아니라 보송?하게 지워져서 좋습니다. 클렌징 티슈로 지우다가 자극이 걱정돼서 구매하게 됐는데 대만족이에요. 재구매할 것 같아요.
2026-07-23,A000000158513,62389698,2026.07.06,5,0,NORMAL,클렌징밀크 기획(+리필),A03,B06,"C09,C11",0,264.0,1,0,로깅엔,클렌징밀크 여러 브랜드를 써봤는데 메이크프렘이 제일 마음에 들어요
2026-07-23,A000000158513,62333366,2026.07.05,4,0,NORMAL,클렌징밀크 기획(+리필),A02,B02,,0,264.0,1,0,tteoni,이마 좁쌀이 다 사라지는거 같다가 다시 올라오다가 다시 사라짐 자극은 업어서 죠음
2026-07-23,A000000158513,62128957,2026.07.01,4,1,OFFLINE,클렌징밀크 기획(+리필),A01,B03,"C02,C06",0,264.0,1,0,haeun1110,세정력은 그렇게까지 좋은 건 모르겠고 그냥 순해서? 민감성한테 좋은거같아요
2026-07-23,A000000158513,61843009,2026.06.24,5,0,NORMAL,클렌징밀크 기획(+리필),A02,,,0,264.0,1,0,리치바보,엄청 순하고 부드러운데 세정력도 좋아요 장벽이 무너지지 않을 것 같아 좋네요
2026-07-23,A000000158513,62862819,2026.07.16,5,0,NORMAL,클렌징밀크 기획(+리필),,,,0,240.0,0,0,팥쥐찍찍,"클랜징 밀크 왜 쓰는지 몰랏던 1인
하지만 주사피부염으로 약산성 클렌저로만 세안하다보니
간혹 컨실러같은게 잘 지워지고 잇나 불안하더라고요 
그래서 밀크는 순하다고 해서 사서 써봣는데 
레전드 순하고 촉촉하고 잘 지워지고 다함...
이거 신세계임 자극 없어요"
2026-07-23,A000000158513,61404265,2026.06.13,5,0,NORMAL,클렌징밀크 기획(+리필),A03,B02,"C03,C05",1,225.0,1,0,바삭한닭강정,"양 볼은 수부지, 티존이랑 턱은 지성인 피부인데 선크림이나 화장한 날은 무조건 이걸로 세안합니다. 눈만 전용 리무버로 지우고 나머지는 클밀로 지우는데 사용감도 좋고 세정력도 좋아요! 
여름에도 이걸로만 세안하고 피부두꺼운 부위나 피지 많은 부위만 가끔 폼클로  2차세안하는데 여드름 난 적 한 번도 없어요. 
이거 말고 다른브랜드 두개정도 써봤는데 시ㄷㅁ은 한겨울이나 피부장벽 심하게 무너진 상태일 때 좋았고 듀ㅇㅌㄹ는 세안후에  묘하게 건조한 느낌이었어요. 
앞으로는 메이크프렘에 정착하려구요!"
2026-07-23,A000000245794,63061528,2026.07.20,5,0,NORMAL, ,A04,B03,"C01,C02",3,3960.0,1,0,스킨토커,"유튜버들이 많이 추천해서 궁금해서 구매해봤는데 왜 유명한지 알겠더라구요
2~3일에 한 번씩 T존 위주로 사용했는데 피지가 이전보다 덜 올라오는 게 확실히 느껴졌습니다

블랙헤드나 모공 관리에도 도움이 되는 느낌이라 꾸준히 사용할수록 만족도가 더 높았어요✨

가격은 조금 있는 편이지만 한 번에 소량만 사용해도 충분해서 생각보다 오래 사용할 수 있고, 효과를 생각하면 아깝지 않은 제품이었습니다
피지 고민 있으신 분들께 추천드려요"
2026-07-23,A000000245794,62993397,2026.07.19,5,0,NORMAL, ,A04,B01,"C01,C05",2,2232.0,1,0,봉춘,"오 무엇보다 자극이 1도없어서 좋아요, 효과는 좀더써봐야 나타나겟지만 처음느낌은 일반 워터타입 토너처럼 흐르면서 수분잡아주는듯해요, 꾸준히 사용해볼게요! 감사합니당ㅎㅎ"
2026-07-23,A000000245794,62855658,2026.07.15,5,0,NORMAL, ,A01,B03,"C01,C02",2,2214.0,1,0,ginn,"수부지 기준 이마, 코, 턱에 소량씩 사용 중!
자극감은 딱히 안 느껴져서 각질제거 하는 날 제외하고는 거의 매일 사용중입니다!!

턱에 요철이나 각질이 완전 말끔하게 사라지진 않지먄 진짜 많이 괜찮아졌어용! 구매하길 잘한템!"
2026-07-23,A000000245794,63115059,2026.07.21,5,0,NORMAL, ,A03,B03,C02,1,1512.0,1,0,델리아7,폴라초이스 바하 스킨이 블랙헤드에 좋다고해서 구매했는데 정말 많이 좋아졌어요 피지분비가 좀 줄어서 모공도 적어진것 같고 사용감도 좋아요👍🏻😁
2026-07-23,A000000245794,62888669,2026.07.16,5,0,NORMAL, ,A03,B02,"C06,C07",2,1512.0,0,0,료멘스쿠나,"개기름이 덜 해진다는 리뷰 보고 따라 구매했는데 진짜인 거 같아요
일주일에 2번 해주면 진짜 피부가 개기름 덜해지는 거 같아요
이거 찐이에요
저 재재재구매할 것 같아요
지성피부분들 꼭 써보세요"
2026-07-23,A000000245794,62529782,2026.07.08,5,0,NORMAL, ,A03,B04,"C01,C02",6,1350.0,1,0,야호몬스터,"비포가 없어서 아쉬운데요. 효과 확실히 있어요.
*이마쪽 피부 착색 자리가 붉은색트러블 이었고
세수하고 바르고 당일 저녁부터 붉은기 70% 감소했었고 느낌은 촉촉하고 따가운건 없었어요.
그날 저녁부터 감탄했습니다. 진짜.

피부장벽이 무너진건지 몰라도 나이 먹고 트러블이 툭하면 생겨서 (화이트 헤드와 피지 막힘 이슈로 얼굴이 화산형 인간)이 되었구요.
(얼굴에 뭘해도 트러블)이 생기니 (타제품 바하나 아하)다 써봤으나 큰 소득이 없었구요

답답했던 와중에 2년전에 이 제품 쓰고 괜찮았던 기억이 떠올라 구매했고 결과는 아주 좋았습니다.
 1년 내내 써야 겠다는 생각이 드네요.

여하튼 제품 쓰고 (그날 저녁부터 피부 컨디션 좋아졌습니다.)타사꺼 썼을때 비교하면 바하 아하  들어간다고 다 좋은게 아닌가봐요. 흡수도 다르고 이렇게나 바로 달라질 일인가 싶네요. 추천하고 싶어요 저랑 비슷한 분들."
2026-07-23,A000000245794,62018889,2026.06.28,5,0,NORMAL, ,A02,B01,C10,3,1260.0,0,0,새콤달콤캔디,"토너로 피부결 정리한 다음 적당량을 덜어 화장솜이나 손으로 흡수시키고 물로 씻어 낼 필요 없이 바로 다음 스킨케어 제품 바르면 돼요. 
따로 팩하듯 시간 들이고 씻어내는 과정 없이 간편하게 각질, 피지, 블랙헤드 관리할 수 있는 점이 마음에 드네요. 
아침, 저녁 다 사용 가능하지만 개인적으로는 저녁에만 사용 중이며 되도록 민감한 눈가, 입가는 피해 바르는데 사용하는 동안 피부 자극이나 트러블이 올라오지 않아 잘 사용 중이에요. 
바하 리퀴드 30ml 더 들어 있어 구성도 만족하고 다 사용하면 재구매 의사 있어요."
2026-07-23,A000000245794,62197641,2026.07.02,5,0,NORMAL, ,A02,B05,C01,4,1116.0,0,0,토뀨,피부가 야들야들 해져서 화장 진짜 잘 먹어요ㅋㅋ 비싸서 아껴써야함
2026-07-23,A000000245794,63124010,2026.07.22,5,0,NORMAL, ,A04,B05,"C01,C02",0,1080.0,1,0,밀크초코쿠키,"벌써  몇 통째 사용 중인지 모를 정도로 피지관리에 꼭 필요한 제품입니다.  모공에 쌓인 피지를 부드럽게 녹여주고 관리해주는 제품이에요 화장솜에 적셔얼굴, 목, 가슴,등, 귀 뒤 등 피지가 잘 쌓이는 곳을 닦아보면 개운하면서 더욱 뽀득한 느낌을 받을 수 있어요. 사용후 나이아신아마이드와 함께 사용해도 흡수도 잘 되고 궁합도 좋아 함께 추천드립니다."
2026-07-23,A000000245794,61879275,2026.06.25,5,1,OFFLINE, ,,,,14,630.0,1,0,닉멀로하지,"이마랑 나비존, 턱에 여드름도 아니고 화이트헤드도 아닌것이 너무너무 거슬려서 해결방법을 찾아보다가
아하, 바하성분으로 각질제거 &피지조절 + 수분위주제품으로 수분충전 해주면 된다길래
피지녹임용으로 이걸 골랐어요
사실 좀 충동구매라 사면서 별 기대 안했는데 3일만에 다 들어감 ㄷㄷ

저는 저녁에 1/2화장솜에 묻혀 10분정도 얹어두었다가
화장솜을 떼지 않고 바로 수분 위주의 팩을 30분정도 해주었어요

순서대로 바르기전, 2일차, 3일차 사진입니다 
조금 민감한 건성이라 데일리로 매일매일 사용하기는 어려울 것 같지만 여름에는 잘 쓸 것 같네요

3일만에 오돌도돌이들이 다 들어가서 너무 좋습니다 ^^
오돌도돌이 보유자분들에게 추천드려요

+ 건성분들은 팩처럼 사용하시고 나면 이틀정도는 수분크림에 선크림정도만 바르시는거 추천드려요
오돌도돌이 들어갔다고 다음날 신나서 바로 파데 올렸는데 이마가 약간 따가워서 다 지웠어요 .. ㅎㅎ"
2026-07-23,A000000245794,61455865,2026.06.14,4,0,NORMAL, ,A04,B03,"C01,C02",6,630.0,1,0,스킨토커,"폴라초이스 바하 리퀴드 엑스폴리언트 사용해봤어요🩶

피지와 블랙헤드 관리용으로 유명해서 구매해봤는데 확실히 피부결 정돈에는 도움이 되는 느낌이었어요✨
다음날에 피지가 좀 덜끼는 느낌...?

다만 매일 사용하기보다는 피부 상태에 맞게 사용하는 게 좋은 것 같아요.
과하게 사용하면 건조함이 느껴질 수 있어서 저는 주 2~3회 정도 사용하고 있습니다.

그리고 개인적으로는 너무 넓은 부위에 많은 양을 사용했을 때 좁쌀이 조금 올라왔던 적도 있어서 양 조절은 꼭 필요하다고 느꼈어요🥹
그래서 얼굴 전체보다는 피지나 모공이 고민되는 부위 위주로 사용하는 걸 추천드립니다.

수부지나 피지, 블랙헤드 고민 있는 분들이 사용해보기 괜찮은 제품 같아요💖"
2026-07-23,A000000245794,62586124,2026.07.10,5,0,NORMAL, ,A03,B04,"C01,C02",0,594.0,1,0,굼쓰,"자극까지는 모르겠지만
꽤나 괜찮은가 싶어서 써보는 중이요"
2026-07-23,A000000245794,62575773,2026.07.09,5,1,OFFLINE, ,,,,2,567.0,0,0,S200,좋아요 무난하게 쓰기 굿입니다 아주 잘 사용라고 있어요 최고
2026-07-23,A000000245794,62578928,2026.07.09,5,0,NORMAL, ,,,,3,525.0,0,0,삉잇,"피부가 정말 예민한 날에만 살짝 자극적
수부지.. 이 바하리퀴드를 만나고 피부 인생이 달라지다..
여드름이 많은 편은 아닌데 피지가 진짜 심해서 피지 짜면서 얼굴에 패인 흉터, 얼룩이 많이 생겼는데 이걸 진작에 알았으면 흉이 안지지 않았을까..?싶었음
요철이나 피지가 모공막아서 생기는 땅땅한 여드름이 이거 쓰고 진짜 거의 안올라와요.."
2026-07-23,A000000245794,62578716,2026.07.09,5,0,NORMAL, ,,,,4,525.0,0,1,삉잇,"진짜 예민한 날에만 피부 자극 살짝 느껴지고 그 외엔 괜찮아요! 이거 쓰고 피부가 정말정말 좋아졌어요 ㅜㅜ
밤토너 하나만 바꿨을 뿐인데 피부가 탈바꿈됨 ㅜㅜ
피지 고민인 사람, 좁쌀 고민인 사람 츄라이 해보세여
이거 쓰고 피지가 모공 막아서 생기는 여드름 갑자기 거의 안올라와요.. 화이트헤드도 확 줄음.."
2026-07-23,A000000245794,61736837,2026.06.21,5,0,NORMAL, ,A03,,"C01,C02",2,450.0,1,0,심식빵,"바하 리퀴드 제품은 각질제거와 모공케어, 보습 등을 도와주는 추천템이래요. 요 바하 제품은 블랙헤드나 화이트헤드가
고민인 사람, 피부 트러블 케어 등을 원하는 사람들한테 추천하는 템이라고 해요. 말 그대로 리퀴드! 액상형이에요. 흐르는 타입의 토너라고 생각하면 될 거 같아요. 묽다...보단 그냥 물에 가까운 수준?! 액상형 토너에 가깝답니다. 피부에 닿는 순간 시원한 느낌이 들더라구요. 저는 사용했을 때 민트를 먹은 것처럼 화한 느낌이 살짝 느껴졌답니다."
2026-07-23,A000000245794,63200532,2026.07.23,5,0,NORMAL, ,,,,0,396.0,1,0,진258,"여름이라 처음으로 각질제거제 사서 썼는데
지워낼 필요없이 토너처럼 쓸수있어서 넘 좋은것 같습니다
무엇보다 순해서 좋은거 같아요!
추천합니다"
2026-07-23,A000000245794,61893469,2026.06.25,5,0,NORMAL, ,A03,B02,C01,7,396.0,0,0,빠라빠라밤팜,블랙헤드랑 요철 고민인 사람 무조건 사셈ㅋㅋㅋ 이거 쓰고 피부 광명 찾음 ㅠㅠ 단독 기획으로 30ml 더 줘서 구성 대박임!
2026-07-23,A000000245794,61496517,2026.06.15,4,0,NORMAL, ,A03,B01,"C05,C07",1,378.0,1,0,파릇초록새싹,"올영세일에 구매해서 예약배송으로 늦게 받았습니다. 

생각보다 크기가 작아서 당황했지만, 
순한 각질케어에 도움을 받고자 
첫 구매했습니다 !

기획으로 작은 제품도 같이 받았어요."
2026-07-23,A000000245794,61489915,2026.06.15,4,0,NORMAL, ,A01,B03,"C01,C02",3,378.0,1,0,ginn,"구독하고 있는 유튜버 추천템 이라서 구매!

올영 세일때 구매했는데 예약발송 때문에 이제 받아봤지먄 요즘 화장하면 각질 올라오고 껍질처럼 뜨는게 보여서.. 쓰고 효과 있었으면 조케쑴!"
2026-07-23,A000000245794,63108541,2026.07.21,5,0,NORMAL, ,A03,B06,"C03,C04",0,360.0,0,0,ANNCI,"코블랙헤드에 아주 탁월해요!!!
요즘 블랙헤드가 좀 진해보인다? 싶어서 이걸로 코팩 한 5분? 해주고 살살닦아주면 확실히 연해쟈있고 오돌토돌한것도 없이 맴들맨들해쟈됴!!!
간단히 코팩하기 좋은 제품입니다!!!
얼굴전체쓰기엔 좀 그래요
너무 오래올려두면 자극있구요 5분이 딱 적당했어요!!!
무엇보다 안씻어내도 돼서 너무 좋음!!!"
2026-07-23,A000000245794,63027160,2026.07.19,5,1,GIFT, ,A02,B01,C05,0,360.0,0,0,Kmkm9x,주 2~3회 저녁에 사용했는데 피부결이 한층 매끈해지고 코 주변 피지가 줄어드는 것이 느껴졌습니다. 처음에는 약간 따끔했지만 금방 적응했고 다음 날 화장이 훨씬 잘 먹었습니다. 과하게 자극적이지 않아 꾸준히 사용하기 좋았고 모공 관리에도 만족도가 높았습니다. 각질 때문에 고민인 분들에게 추천하고 싶은 제품입니다.
2026-07-23,A000000245794,62804396,2026.07.14,5,0,NORMAL, ,A01,B06,"C05,C08",0,270.0,0,0,이댠,"지성이라 여름에 피지 관리해보려고 시켜봤어요!
정말 물같은 제형이라 얼굴에서 흐르기 전에 호다닥 두드려서 흡수시켜 주면?? 얼굴이 바삭? 하는 느낌으로 블러처리된? 느낌으로 매트해지는 느낌이 나요!!
코쪽 요철이 좀 줄어드는 느낌도 있는 것 같은데, 바르고 시간이 지나면 이마나 인중, 코 부분이 붉게 올라오면서 따갑고 자극되는 느낌이 들긴 합니당.."
2026-07-23,A000000245794,62363431,2026.07.05,4,0,NORMAL, ,,,,1,270.0,0,0,이이잉이잉,얼굴 각질을 원래 젤?같은 걸로 제거를 했었는데 그거보다는 BHA제품을 쓰는게 좋다고 해서 구매했어요! 저는 그냥 손으로 펴발랐어요! 피부가 조금 예민해서 화장솜에 뭍혀서 하니까 자극이 좀 되더라구요.. 사실 제가 블랙헤드도 좀 고민이었어서 산 것도 있는데 전보다 피부가 보들보들 해졌고 블랙헤드도 조금 나아진 것 같아요! 꾸준히 써볼게요!
2026-07-23,A000000245794,61571343,2026.06.17,5,0,NORMAL, ,A04,B04,C07,7,270.0,0,0,Meomeo7,"블랙헤드와 모공 관리에 관심이 있어 사용해봤는데 기대 이상으로 만족스러웠습니다. 세안 후 화장솜에 적셔 사용하니 피부결이 점점 매끄러워지는 느낌이 들었고, 특히 코 주변의 피지 관리에 도움이 되었습니다. 사용 후 피부가 부드럽게 정돈되어 화장 밀착력도 좋아졌어요. 꾸준히 사용하면 모공과 각질 관리에 도움이 되는 제품이라 추천하고 싶습니다."
2026-07-23,A000000245794,60679392,2026.06.02,5,0,NORMAL, ,A02,B06,"C05,C08",5,270.0,1,0,brandu98,자극 없이 각질 제거가 가능하다고 해서 구매해봤어요. 처음에 가격이 조금 비싸서 고민했는데 매일 쓰지 않고 조금 조금씩 사용하다 보니까 꽤 오랫동안 사용할 수 있어서 만족스러운 것 같습니다. 자극 없이 각질 제거를 하기 때문에 요철 관리나 트러블 케어에도 효과가 좋은 것 같아요
2026-07-23,A000000245794,61714236,2026.06.21,5,0,NORMAL, ,A03,B04,,1,252.0,1,0,k2ira7,블랙헤드 없애기 위해 구매한 제품 제형은 물처럼 흐르는 토너 같은 제형이에요 큰 본품과 작은 본품 2개가 있어서 여행갈 때 가져가기도 좋아요
2026-07-23,A000000245794,62968511,2026.07.18,5,0,NORMAL, ,,,,0,220.0,1,0,룰루랄라굿,제가 좋아하는 유투버님께서 계속 추천하시는 제품이라 궁금해서 한 번 사봤습니다. 아직 사용한지 하루밖에 안되서 효과는 잘 모르겠어요. 여드름에 효과 있었으면 좋겠네요.
2026-07-23,A000000245794,62129476,2026.07.01,5,0,NORMAL, ,,,,1,210.0,1,0,emir,"요철 있는 부분 위주로 사용하니 
조금 좋아진것 같아요. 매일 쓰는게 아니라 오래쓸듯 해요."
2026-07-23,A000000245794,61745164,2026.06.21,5,0,NORMAL, ,A03,B03,C02,2,198.0,1,0,델리아7,"블랙헤드랑 모공때문에 폴라초이스 바하 리퀴드를 구매했는데 구성도 좋고 모공에도 도움이 되요
👍🏻😁"
2026-07-23,A000000255752,62716661,2026.07.12,5,0,NORMAL, ,,,,8,5130.0,1,0,좋아좋아요,"처음 손등에 덜어봤을 때는 촉촉한 젤크림 제형이라 무거울 줄 알았는데 막상 발라보니 피부에 부드럽게 스며들면서 답답함이 거의 없었습니다. 얼굴 전체에 펴 바르기 쉽고 흡수도 빨라서 메이크업 전에 사용해도 밀리거나 들뜨는 현상이 없었습니다. 화장이 잘 받는 느낌이라 아침 스킨케어 루틴에도 자연스럽게 사용하고 있습니다.

수분크림 중에는 처음에는 촉촉하지만 시간이 지나면 금방 건조해지는 제품도 있는데 이 제품은 피부 겉만 번들거리는 느낌이 아니라 속까지 촉촉하게 채워주는 느낌이라 만족스러웠습니다. 사용 후에는 피부결이 조금 더 매끈해 보였고 건조해서 당기는 느낌도 덜했습니다. 끈적임이 거의 없어 여름철에도 부담 없이 사용할 수 있을 것 같습니다.

향이 강하지 않아 사용하는 동안 거슬리는 부분이 없었고, 민감한 피부도 편안하게 사용할 수 있다는 점이 가장 마음에 들었습니다. 함께 들어 있는 세럼도 가볍게 흡수되어 크림과 함께 사용하기 좋았고, 기획세트라 용량까지 넉넉해 가성비도 뛰어나다고 느꼈습니다."
2026-07-23,A000000255752,62917546,2026.07.17,5,0,NORMAL, ,A03,B01,"C02,C05",2,3240.0,1,0,우우웅우,"몇 년 전에 사용했었을 때는 
엄청 묽고 가벼운 느낌의 수분크림이라고 생각했었는데
오랜만에 사용해보니까 기억 왜곡이었는지
업그레이드돼서인지 가볍기만한 느낌은 아니고
촉촉하고 쫀쫀한 마무리예요!

여름이라 더워져서 기존 기초보다 축소해야겠다 생각하고
부담없이 사용하기 좋은 수분크림 찾던 중에
요게 자극도 없이 순하고 가벼워서 
아무때나 바르기 좋을 것 같아 골라봤어요

일단 제품은 무향이라 향에 민감하신 분들이
사용하시기에도 좋을 것 같고
무겁지않아 지금 바르기에 좋아요
무엇보다 순해서 피부컨디션 안좋을 때 
발라도 자극이 없으서 좋더라고요
흡수력은 좋은 편인데 완전 묽은 수분크림 제품들처럼
흡수되고 마르면서 보송하게 마무리되는 느낌은 아니고
쫀쫀마무리 느낌이었는데
속수분을 더 꽉 채워주는 느낌이라
메이크업에도 지장 없을 것 같아서
메이크업 할 때 사용하기에도 좋을 것 같아요
의외로 너무 가벼운 느낌은 아니라서 
피부당김도 없고 좋았습니다 복합성 피부에 딱이에요"
2026-07-23,A000000255752,62668357,2026.07.11,5,0,NORMAL, ,A03,B01,"C03,C05",3,2970.0,1,0,콩이는콩이,튜브형 3개입 구성이 없어진 뒤 한동안 수분크림 유목민 생활을 했는데 간만에 동생이 쓰는 닥터지를 다시 써보니까 아 이게 좋긴 좋았지 싶더라고요.. 성분도 예전보다 업그레이드된 건지 더 촉촉하고 쫀쫀한데 흡수는 빠르고 잔여감은 산뜻해요. 여름에 유수분 밸런스를 맞춰주면서 쾌적하고 답답하지 않게 사용하기 좋아요. 간만에 구매했더니 뚜껑마다 봉인씰도 붙어 있고 스파츌라도 같이 오네요. 여전히 튜브형 타입을 더 선호하지만 단지형에도 조금씩 적응해보려고요.
2026-07-23,A000000255752,62915528,2026.07.17,5,0,NORMAL, ,A03,B01,"C01,C02",2,2952.0,1,0,닉네임공백제외,속건조 때문에 구매했어요 ㅎㅎㅎ 제형은 묽은 크림제형이고 바르면 촉촉해서 만족해요 트러블 없이 사용중이라 굿굿 ㅎㅎ
2026-07-23,A000000255752,62806556,2026.07.14,5,0,NORMAL, ,A03,B04,"C01,C02",2,2430.0,1,0,무지개같다,"닥터지 진짜 사렁해 원래도 수딩 크림 잘썼는데 ex버전 싹 질러버려
크림제형이 가볍고 촉촉하게 발리구 끈적임 없이 빠르게 흡수돼요!
바른 후에도 피부가 산뜻함 여름에도 써주기 굿 저는 스킨케어 마지막 단계에서 조금 덜어서 전체적으로 펴 발라주고 있어요 게다가 지금 크림 미니랑 세럼까지 주는데,,, 언넝 사세요ㅠㅠ

제 리뷰가 도움이 되셨다면 좋아요 버튼👍 부탁드려요😍😍"
2026-07-23,A000000255752,62995133,2026.07.19,5,0,NORMAL, ,A03,B05,"C01,C05",1,2232.0,1,0,대해봉,"유리병jar 오랜만 ...
튜브형이 편하긴해도 근본은 ㅎㅎ 
스킨케어 종류 정말 다양하게 사용하는데, 이제 부분 계속 꾸준히 사용해유.. 피부 상태가 어떻든 산뜻하고 편하게 사용 가능!

기획구성 조아서 미리쟁임"
2026-07-23,A000000255752,62875716,2026.07.16,5,0,NORMAL, ,A03,B04,"C01,C05",2,2232.0,1,0,슉슉킹,해 많이 받아서 피부 열감있을 때 냉장고에 잠시 넣어뒀다가 바르면 알로에보다도 더 보습 좋고 진정 잘되는 것 같아요!! 민감성 복합성 공주들 다 쓰시오~~ 도움되셨으면 따봉 한번만 눌러주세요~!
2026-07-23,A000000255752,62866725,2026.07.16,5,0,NORMAL, ,A03,B04,"C01,C02",2,2232.0,1,0,포카칩칙,말모말모~ 20대 초반 분들 남자친구 군대있을 때 Px에서 많이 쟁이세요. 닥터지 수딩크림으로 다시 돌아오게 됨 ㅎㅎㅎ 수부지 필수템ㅜ 도움이 되셨다면 따봉 한번만 부탁드려요~
2026-07-23,A000000255752,62575698,2026.07.09,5,0,NORMAL, ,A04,B03,"C01,C02",1,1890.0,1,0,스킨토커,"예전에 사용했던 버전은 보습감이 살짝 부족하다고 느꼈는데, 리뉴얼된 버전은 전보다 훨씬 촉촉해지고 제형도 부드러워져서 사용감이 더 좋아졌어요!! 💚

무겁거나 답답한 느낌 없이 가볍게 발리면서 적당한 보습감도 있어서, 특히 여름철 화장 전에 사용하기 좋은 크림이에요 ☀️ 메이크업 전에 발라도 부담스럽지 않고 촉촉하게 피부 컨디션을 정돈해 주는 느낌이라 데일리로 손이 자주 갈 것 같아요 :)"
2026-07-23,A000000255752,62539111,2026.07.09,5,0,NORMAL, ,A03,B06,"C01,C03",1,1890.0,1,0,통장털어찐템찾기,"✔️ 피부타입 : 민감성 수부지피부

피부염으로 뒤집히고 나서 스킨케어 싹 갈아엎었을때 처음 접한 크림인데 그때부터 꾸준히 쓰는즁~ 
저는 특히 여름철에 바르는 크림으로 잘 쓰고있어요!
유분기가 많은 수부지라 여름에 바르기 좋은 수딩크림이라 지성이나 복합성피부 추천"
2026-07-23,A000000255752,63048987,2026.07.20,5,0,NORMAL, ,A04,B03,"C01,C05",0,1800.0,1,0,은팡2,"지성피부가 여름에 사용하기 딱 좋은 수분크림이에요~! 
평소에도 피부에 열감이 많아서 가벼운 크림을 애용하는데 닥터지 수분크림은 여러통을 비웠지만 딱 가벼운 지성인이 추구하는 느낌이라 넘 만족스러워요~

진정에 좋은 시카성분으로 시카가 잘맞는 피부라 열감, 진정에 좋기 때문에 아침 메이크업전에 사용해주면 화잘먹크림으로 너무 만족스러워요!"
2026-07-23,A000000255752,63009290,2026.07.19,5,0,NORMAL, ,A03,B04,"C01,C03",0,1800.0,1,0,리니마미2,"피부 관리의 기본은 무엇보다 &#039;진정&#039;이라고 생각하는데요~
제가 꾸준히 사용하고 있는 
닥터지 레드 블레미쉬 클리어 수딩 크림 EX를
이번 올리브영 세일 기간을 맞아 다시 구매했습니다!
7년 연속 1위를 차지한 제품인 만큼,
자극받은 피부를 빠르게 진정시켜 주는 효과가 탁월합니다👍
무엇보다 끈적임 없이 촉촉하고 부드럽게 흡수되는 
사용감 덕분에 데일리로 사용하기에
이만한 제품이 없더라고요~
피부 타입에 상관없이 편안하게 사용할 수 있는 
수분 진정 크림을 찾고 계신다면, 
많은 분이 검증한 이 제품을
꼭 한 번 사용해 보시길 추천합니다 ㅎㅎ"
2026-07-23,A000000255752,62997946,2026.07.19,5,0,NORMAL, ,A03,B01,"C02,C05",0,1800.0,1,0,리빵2,"피부가 워낙 예민하고 민감한 편이라 수분 크림 고를 때 진짜 신중한 편인데 닥터지 크림류는 만족하면서 쓰는것 같아요:) 
수딩 크림은 벌써 몇 통째 비우고 또 재구매한 찐 정착템입니당.  
지난 5월에도 닥터지 포켓몬 꼬부기 에디션 나왔을 때 귀여워서 바로 질렀었는데, 쓰다 보니 금방 다 비워서 이번 7월에 또 재구매하게 됐네요 ㅎㅎ
이 크림은 수분을 채워주면서도 피부 진정이랑 리페어 효과까지 확실해서, 요즘 같이 덥고 자극 많이 받는 계절에 쓰기 정말 최고입니당! 
제가 끈적이는 제형을 진짜 싫어하거든요 ㅠㅠ 
근데 이건 유분기 없이 산뜻하고 끈적임 없는 제형이라 언제 발라도 피부가 너무 편해요 ~~ 
피부에 속건조를 딱 잡아주니까 겉바속촉 느낌으로 마무리돼서 사계절 내내 데일리로 쓰기 너무 좋은 것 같아요 ㅎ
특히 메이크업 전에 발라줘도 밀림 없이 화장이 잘먹어서 그냥 매일 발라주는것 같아요
워낙 민감성 피부라 성분이 조금만 독해도 바로 뒤집어지는데, 닥터지는 자극 없이 순하거든여 
붉게 달아오른 부위에 자기 전 듬뿍 얹어주면 다음 날 피부가 금방 진정되는 게 눈으로 보입니당 ㅎㅎ 
항상 제 피부 컨디션을 투명하고 안정적으로 유지해 주니까 끊을 수가 없네요~~"
2026-07-23,A000000255752,62981066,2026.07.18,5,0,NORMAL, ,A03,B01,"C04,C05",0,1800.0,1,0,동네냐옹이,"N통째 쓰는 인생템이에요
지복합성이라 수부지고 민감하기도해서 다른 수분 크림 쓰면 트러블 나서 쓰기 겁나는데 이거는 자극없이 순해서 계속 쓰게 되구요 흡수도 빨라서 그런가 많이 발라도 겉돌지않아서 끈적이는거 안좋아하는 사람도 좋아할거같아요"
2026-07-23,A000000255752,62957620,2026.07.18,5,0,NORMAL, ,,,,0,1800.0,1,0,caprichoso,"민감한 피부라 진정 크림은 여러 가지 써봤는데, 역시 닥터지 레드 블레미쉬 라인은 왜 꾸준히 인기 있는지 알겠더라고요.

크림이 부드럽게 펴 발리면서 흡수도 빠른 편이라 답답하거나 끈적이는 느낌이 거의 없었고, 바른 뒤에는 피부가 촉촉하고 편안하게 유지됐어요. 유분감이 과하지 않아 아침 메이크업 전에 사용해도 밀림 없이 잘 어울렸습니다.

건조해서 쉽게 붉어지는 날에도 수분감이 오래가는 느낌이었고, 함께 들어 있는 수분 세럼을 같이 사용하니 피부가 한층 더 촉촉하게 관리되는 기분이 들었습니다. 대용량 크림에 추가 구성까지 포함된 기획이라 가성비도 만족스러웠고, 사계절 부담 없이 사용할 수 있는 데일리 진정 크림으로 추천하고 싶은 제품입니다."
2026-07-23,A000000255752,62955882,2026.07.18,5,0,NORMAL, ,A04,B01,"C01,C03",0,1800.0,1,0,피이비이,"재구매템이에요!
세안 후 듬뿍 발라주면 촉촉하고 산뜻하게 흡수되는게 느껴져서 손이 자주 가요~
끈적임 없고 메이크업 전에 발라도 밀리는게 없어서 아침, 저녁으로 잘 사용하고 있어요!
기획 구성이라 본품도 넉넉하고 세럼까지 함께 들어 있어 더 이득보는 느낌이고,
민감성 피부에 부담 없이 사용할 수 있는 수분크림이라 다쓰면 또 재구매 의사 하려고요!"
2026-07-23,A000000255752,62953128,2026.07.18,5,0,NORMAL, ,,,,0,1800.0,1,0,베로구오,"돌돌 닥터지 수딩크림인것 같아요
저는 수분부족형지성인데 여름철에도 많이 건조해요
(특히 출산하니까 더 심해짐)
다른 수분 크림 바르면 금방 피부가 마른 느낌이 나는데
닥터지 수딩크림은 안 그래서 다른걸 써보다가도
결국 다시 사게 되네요ㅎㅎ
이번에 새로나온 ex는 사용감은 이전 버전이랑 그대로인데
성분이 더 좋아져서 기대가 됩니다!
사은품으로 오는 것도 용량이 많아서 여행갈때 유용하게 쓸것 같아요👍🏼
튜브는 냉장고에 넣어두고 얼굴에 열올랐을때 발라주면 최고!!"
2026-07-23,A000000255752,62948162,2026.07.18,5,0,NORMAL, ,A03,B03,"C05,C09",0,1800.0,1,0,피자속올리브,"촉촉하고 잘 흐르는 제형이라 발림성이 엄청 좋아요!
촉촉한데 끈적임은 없어서 두껍게 발라도 무거운 느낌 없이 촉촉함만 가득 채워주는 느낌입니다
트러블 진정에 효과적이라 피부 컨디션 안좋은 날에는 두껍게 바르고 자면 다음 날 진정된 느낌이에요!
수부지인데 제 피부 타입에 너무 잘 맞아서 재재재구매템👍🏻 추천드려용"
2026-07-23,A000000255752,62946739,2026.07.18,5,0,NORMAL, ,A03,B06,"C01,C05",0,1800.0,1,0,랴님,제형은 촉촉한 젤 크림 타입이라 피부에 닿으면 부드럽게 펴발리고 흡수도 빠른 편이에요. 수분감은 충분한데 끈적임이 거의 남지 않아서 아침저녁으로 사용하기 좋더라고요. 저녁에 약간 도톰하게 얹어서 바르고 다음날 일어나면 붉은기도 가라앉고 피부가 진정되는 느낌이에요.
2026-07-23,A000000255752,62931361,2026.07.17,5,0,NORMAL, ,A02,B02,"C01,C03",0,1800.0,1,0,선베비,"이거 아직도 안써본 사람 있으까,,싶은 국민템으로 돌아옴 
역시 구관이 명관

극건성인데 여름되니까 
원래 쓰던 크림들이 너무 무겁고 
기름 쩔어서 익숙한 수분크림으로 컴백 
오랜만에 써봤는데 진정 시카 성분도 더 짱짱히 들어가 있어 만족 
원래도 순해서 피부 편하고 보습도 좋아요
막 가볍기만 하지 않아서 지성 건성 복합성 다 가능
요즘 얘로 화장 전 마무리크림 해줌!!"
2026-07-23,A000000255752,62926451,2026.07.17,5,0,NORMAL, ,A03,B04,"C01,C05",0,1800.0,1,0,젤리깅,"이건 그냥 원래 너무 잘 쓰던 크림이에요🫶🏻
이번 기획세트 맘에 들어요! 

냉장고에 넣어뒀다가 올려주면
넘 더워서 빨개진 얼굴 싸악 식혀줘요💦🧊

수부지 타입이라서 요즘같은 날씨에 
리치한 크림 바르면 피지랑 모공 난리나는데, 
이렇게 가벼운 제품 올려주니까 좋아요! ❣️

근데 튜브형이 사용하기 압도적으로 편하고 위생적이에요. 
단지형은 진짜...😒🙂‍↔️😫

튜브형만 묶어서 파는 
기획 세트도 있으면 좋겠어요!

아무튼 여름에 너무 잘 쓸 크림!!"
2026-07-23,A000000255752,62924965,2026.07.17,5,0,NORMAL, ,A04,B06,"C02,C03",0,1800.0,1,0,ksjhsk,"가끔 크림 바르면 너무 무겁거나 끈적한 제품들이 있잖아요. 
근데 이건 전혀 무겁지 않고 정말 가벼운데도 속까지 꽉 잡아주는 보습감이 좋았어요. 제가 수부지에 트러블성이라서 보습과 진정이 중요하거든요
또 끈적거리고 무거운 제형은 안좋아하는데 닥터지 크림이 저한테 딱이네요"
2026-07-23,A000000255752,62922328,2026.07.17,5,0,NORMAL, ,A01,B03,"C01,C02",0,1800.0,1,0,iuudiw88,"수부지인데 정말 자극 없이 피부 난리났을 때 바르기 너무 좋아요
업그레이드 된 버전이라더니 더 진정도 잘 되는 느낌
정석 수분크림 제형인데 바르고 나면 건조하지도 기름지지도 않게 수분은 채워주고 마무리감은 산뜻해서 좋아요
단지형보다는 튜브형이 더 편한 것 같아요"
2026-07-23,A000000255752,62920859,2026.07.17,5,0,NORMAL, ,,,,0,1800.0,1,0,황금수달,"피부가 워낙 예민해서 화장품 아무거나 쓰면 바로 트러블이 올라오는 편인데, 닥터지는 저한테 정말 잘 맞았어요. 이 크림 써보고 괜찮아서 지금은 미스트랑 선크림도 전부 닥터지 제품으로 사용하고 있습니다.

크림은 촉촉한데 끈적임이 거의 없어서 요즘 같은 여름에도 부담 없이 바르기 좋고, 흡수도 빨라서 아침에 메이크업 전에 사용하기에도 괜찮았어요. 바른 뒤에 피부가 편안한 느낌이라 민감한 날에도 손이 자주 갑니다.

그리고 30ml 크림을 덤으로 같이 줘서 정말 만족했어요. 여행이나 출장 갈 때 큰 용기 챙길 필요 없이 작은 사이즈만 가져가면 돼서 너무 편하더라고요. 본품 써보고 만족하신 분들은 이 구성으로 구매하면 가성비도 좋은 것 같습니다. 👍"
2026-07-23,A000000255752,62913331,2026.07.17,5,0,NORMAL, ,A02,B06,C09,1,1800.0,1,0,대굴래오,"요즘 피부 컨디션이 오락가락해서 진정 크림을 찾다가 닥터지 레드블레미쉬 수딩크림을 사용해보게 됐어요.

텍스처는 살짝 묽은 편이라 손끝으로 찍었을 때 흐르듯이 퍼지는 느낌이에요. 그렇다고 워터타입처럼 가볍기만 한 건 아니고, 그렇다고 무거운 크림 느낌도 아니라서 가볍지도 무겁지도 않은 딱 중간 정도의 밀도라고 느껴졌어요.

발림성이 좋아서 얼굴 전체에 펴바르기 편했고, 흡수되는 속도도 무난한 편이었어요. 시카 성분이 들어있어서 그런지 자극 없이 순하게 흡수되는 느낌이라 예민한 날에도 부담 없이 쓸 수 있었습니다 🍃

건성 피부인 저한테도 보습력이 적당히 잘 맞았어요. 묽은 텍스처인데도 바르고 나면 속당김 없이 촉촉하게 유지되는 느낌이라 만족스러웠습니다.

전체적으로 순하면서 보습감도 챙기고 싶은 분들께 추천드리고 싶은 제품이에요 😊"
2026-07-23,A000000255752,62908537,2026.07.17,5,0,NORMAL, ,A02,B04,C01,0,1800.0,1,0,코덕워니,"요즘 날씨가 오락가락하고 햇빛자극도 심하고해서 조금만 자극을 받아도 쉽게 붉어지고 속건조가 심한 편인데, 이 크림은 바르는 순간 시원하고 촉촉한 느낌이 들어서 사용감이 정말 좋았어요. 젤 크림 제형이라 끈적임 없이 부드럽게 펴 발리고 흡수도 빨라 아침 메이크업 전에 발라도 밀리거나 답답한 느낌이 없었습니다. 피부 진정효과가 제일 뛰어났어요. 홍조있는 저같은 피부도 금방 진정되고 흡수시키고 화장했을때 화잘먹👍👍
끈적임 없는 수분크림을 찾으시는 분이나 저처럼 쉽게 붉어지는 피부분들에게 적극!!!! 추천하고 싶은 제품입니다. 데일리로 사용하기 정말 편해서 지금 +30미리랑 +세럼 줄때 좀 쟁이려구요. 이번여름은 이 수분크림으로 정착!!!♥️"
2026-07-23,A000000255752,62903668,2026.07.17,5,0,NORMAL, ,A01,B02,"C09,C11",0,1800.0,1,0,일레르,"진짜 꾸준히 재구매하고있는 수딩크림이에요!! 제형이 가벼워서 처음 바를 때는 산뜻한데, 흡수되고 나면 피부가 촉촉하게 유지되는 느낌이라 지성피부에게 좋네요. 끈적임이 거의 없어서 아침에 바르고 메이크업해도 밀리지 않았습니다. 30ml 크림이랑 세럼까지 같이 들어 있는 구성이라 여행 갈 때도 유용하게 쓰고 있어요. 기획이 알차게 나와서 하나 사두길 잘했다는 생각이 듭니다. 🤍"
2026-07-23,A000000255752,62889565,2026.07.16,5,0,NORMAL, ,A07,B04,"C02,C03",0,1800.0,1,0,빵뻥이,"요즘 피부가 너무 푸석하고 건조해서 수분크림 유목민으로 살다가 닥터지 수분크림이 순하고 좋다길래 사봤어요. 제형이 되게 촉촉하고 가벼운 젤 타입이라 발림성이 정말 부드러운데, 흡수되고 나면 끈적임 없이 수분만 꽉 채워주는 느낌이에요. 특히 자극이 전혀 없고 순해서 붉어진 피부 진정시킬 때 듬뿍 얹어두고 자면 다음 날 아침까지 피부가 쫀쫀하고 화장도 진짜 잘 먹더라고요. 유분기가 과하지 않고 산뜻해서 데일리로 사계절 내내 쓰기 딱 좋은 수분크림이라 앞으로도 계속 재구매해서 쓸 생각이에요"
2026-07-23,A000000255752,62888653,2026.07.16,5,0,NORMAL, ,A04,B03,"C01,C08",0,1800.0,1,0,핀파인애플,"여드름성 민감 피부라 수분크림 고를 때 진짜 까다로운데, 이건 몇 통째 비웠는지 모를 정도로 정착한 템입니다. 젤 제형이라 끈적임 없이 가볍고 촉촉하게 흡수되는데, 밤에 듬뿍 얹고 자면 붉은 기나 트러블이 눈에 띄게 진정되는 게 보여요. 유분기가 돌지 않으면서도 속건조를 꽉 잡아줘서 사계절 내내 데일리로 쓰기에 이만한 수분크림이 없습니다. 자극 없이 편안해서 앞으로도 계속 재구매할 예정입니다.
&gt;"
2026-07-23,A000000255752,62887471,2026.07.16,5,0,NORMAL, ,A03,B04,"C01,C02",0,1800.0,1,0,보라색꽃다발,"여름에 수부지가 쓰기 너무 좋은 수분크림이에요!
첫 개봉 시 씰이 있어서 깔끔하니 첫인상부터 너무 좋더라고요. 기름지지 않고 산뜻해서 세럼만으로는 살짝 부족한 수부지가 쓰기에 딱 좋아요. 스페츌라도 같이 뭐서 위생적으로 사용할 수 있어서 추천합니다!"
2026-07-23,A000000254446,62290399,2026.07.04,5,0,NORMAL,콜라겐 겔미스트 100ml,A05,B01,"C03,C04",5,2700.0,1,0,김도르,요즘에 젤리미스트가 유행이라서 궁금해서 구매해보았습니다. 바이오힐보 제품은 자극적이지 않고 모든 피부에 무난하게 잘 맞는것 같아서 민감한 저에게도 부담없이 잘 맞은거 같아요. 향은 거의 무향에 가깝고 바를때마다 신기합니다. 가방에 가지고 다니기에도 엎지를 위험이 없으니까 좋은 것 같아요.
2026-07-23,A000000254446,62037889,2026.06.29,5,0,NORMAL,콜라겐 겔미스트 100ml,A01,B05,"C01,C05",8,2196.0,1,0,디오니소스통,"일단 겔미스트 요즘에 빠졌는데 2900원 이벤트해서 오딱주문했어요!! 겔미스트 찐떡한것도많아서 걱정했는데 얜 수분감 넘치고 고르게분사되어 쓰기 너무좋았어요!!
촉촉하고 디자인도예뻐서 선물용으로도 좋은듯?!"
2026-07-23,A000000254446,61937505,2026.06.26,5,0,NORMAL,콜라겐 겔미스트 100ml,A03,B02,"C02,C03",0,1260.0,1,0,v브영2v,"바이오힐보 프로바이오덤 콜라겐겔미스트 구매했어요. 페이백 이벤트로 행사해서 저렴하게 구매했어요~ 추천추천~! 가격도 저렴한데 성능도 좋은 제품이에요.
 
써봤는데 촉촉하고 여러번 뿌려도 얼굴이 생각보다 번들거리지 않아 좋아요! 분사력도 괜찮고 고르게 착착 뿌려져서 사용하기 좋았어요.
개인적으로는 여름철보다는 겨울에 쓰면 좋을거 같아요~ 요새 젤리미스트가 유행해서 여러 브랜드에서 출시되네요.
재구매 의사 있어요!"
2026-07-23,A000000254446,62042054,2026.06.29,5,0,NORMAL,콜라겐 겔미스트 100ml,A01,B02,"C04,C05",3,1116.0,1,0,boboky,확실히 보습력도 좋고 분사력도 좋아서 만족한 제품입니다!
2026-07-23,A000000254446,62438476,2026.07.06,5,0,NORMAL,콜라겐 겔미스트 100ml,A04,B06,C08,0,900.0,1,0,잰뿡빵,처음엔 겔미스트? 라고 해서 분사력이 좋을까? 하는 생각이 들었어요 그런데 웬걸!! 너무 좋아요!!! 화장 전에 뿌려도 좋지만 화장 다 지우고 운동 가기 전에 뿌리고 흡수시키고 가는데 콜라겐이 들어있는 상품이라 그런지 얼굴이 빤딱빤짝 하답니다 완전 강추해요!!
2026-07-23,A000000254446,62759399,2026.07.13,5,0,NORMAL,콜라겐 겔미스트100ml+겔마스크2매,,,,0,810.0,1,0,닉딕,"피버마켓 오픈하자 주문했는데 
바로 다음날 날라왔어요!! 배송도 빠르고 푸짐하기가 
말도 못해요 젤미스트,세럼,크림도 2개씩인데다 마스크팩+밴드형 마스크까지! 안살수가 없는 조합이였어요!!
젤 미스트 제일 먼저 개봉해서 사용해봤는데 
너무 신기하네요 젤리같이 쫀쫀한 제형이 미스트로 분사되는것도 신기하구요~~ 오늘 하필 너무 더웠어서 얼굴도 찜찜했는데 요거뿌리니 열감도 많이 내려가고 쫀쫀하게 수분을 채워주는 느낌?!  흔들어 사용하지않는점도 은근 편해요~~
화장이 번지지도않았고 화장이 벗겨지지도않고 잘 밀착되는거같아요~뿌린 후 손으로 두들이지말라고하더라구요 더위에 흘러내릴것 같은 피부 지켜줄거라 믿고 꾸준히 잘 써보겠습니다:) 같이산 세럼과 크림도 너무 기대돼요😊❤️"
2026-07-23,A000000254446,63186933,2026.07.23,4,0,NORMAL,콜라겐 겔미스트 100ml,A03,,"C03,C10",0,792.0,1,1,쿵잉,"콜라겐이라서 속건조없이 촉촉한 미스드입니다
가끔 잘안나올때도있는데. .
펌프가문제인건가. ..?"
2026-07-23,A000000254446,62034451,2026.06.28,5,1,GIFT,콜라겐 겔미스트 100ml,A03,B01,"C01,C02",3,756.0,1,0,올령내령,"세럼 겔 미스트라고 해서 뭐가 다를까했는데 안에 들어 있는 세럼이 젤리같은 겔 제형으로 들어 있어요
미스트처럼 분사해서 사용하는거라 편안 것 같아요
세안하고 제일 먼저 이거 뿌려주고 있어요
건조하지 않아 좋아요"
2026-07-23,A000000254446,62034165,2026.06.28,5,1,GIFT,콜라겐 겔미스트 100ml,A03,B01,"C01,C02",3,756.0,1,0,올령내령,"안에 들어 있는 세럼이 진짜 젤리같은 제형이라 신기한 것 같아요
흔들어 봤는데 젤리처럼 덩어리인 점이 신기했어요
젤리겔인데 미스트처럼 분사되어 편하게 사용해요
세안하고 제일 처음에 사용하고 있어요"
2026-07-23,A000000254446,61948648,2026.06.26,5,0,NORMAL,콜라겐 겔미스트 100ml,A03,B04,C05,1,756.0,1,0,리노엄마,"쫀득하니 광도나고, sk2 제품에 섞어서 쓰니 딱 좋아요."
2026-07-23,A000000254446,61920243,2026.06.26,5,0,NORMAL,콜라겐 겔미스트 100ml,A03,B01,"C08,C09",3,756.0,1,0,흰빛,콜라겐 겔미스트를 사용해보았습니다 간편하게 수시로 뿌려보았는데 건조함을 잘 잡아주고 진정이 잘 되었습니다 앞으로도 잘 사용할 것 같습니다
2026-07-23,A000000254446,62668615,2026.07.11,5,0,NORMAL,콜라겐 겔미스트100ml+겔마스크2매,,,,0,675.0,1,0,syyang,"일반 미스트보다 촉촉한 세럼 제형이라 피부에 수분과 영양을 동시에 채워주는 느낌이었습니다. 분사력이 고르고 미세하게 분사되어 메이크업 전후에도 부담 없이 사용할 수 있었고, 건조함이 느껴질 때마다 뿌려주면 피부가 한결 촉촉하고 윤기 있게 유지되었습니다. 끈적임 없이 산뜻하게 흡수되어 사계절 내내 사용하기 좋았으며, 피부가 건강하고 탄탄해 보이는 광채를 더해주는 점도 만족스러웠습니다. 겔 마스크 2매까지 함께 구성된 기획이라 더욱 알차게 피부 관리를 할 수 있어 만족도가 높은 제품이었습니다."
2026-07-23,A000000254446,63017700,2026.07.19,5,1,GIFT,콜라겐 겔미스트 100ml,A03,B04,C05,0,660.0,1,0,오령진심녀,요게 옴청 유명하도라구요 화장 전에 퍼프랑 얼굴에 뿌려주시면 진짜 완전 잘먹음
2026-07-23,A000000254446,60224312,2026.05.27,5,0,NORMAL,콜라겐 겔미스트 100ml,A03,B02,"C02,C03",0,630.0,1,0,v브영2v,"바이오힐보 프로바이오덤 콜라겐겔미스트 구매했어요. 페이백 이벤트로 행사해서 저렴하게 구매했어요~ 추천추천~!
 
써봤는데 촉촉하고 여러번 뿌려도 얼굴이 생각보다 번들거리지 않아 좋아요! 분사력도 괜찮고 고르게 착착 뿌려져서 사용하기 좋았어요.
개인적으로는 여름철보다는 겨울에 쓰면 좋을거 같아요~ 요새 젤리미스트가 유행해서 여러 브랜드에서 출시되네요.
재구매 의사 있어요!"
2026-07-23,A000000254446,62834454,2026.07.15,5,0,NORMAL,콜라겐 겔미스트100ml+겔마스크2매,A02,B06,"C02,C03",0,594.0,1,0,bbangmoya,"겔타입 미스트는 처음이에요👍🏻
뭔가 가벼운듯 하면서 촉촉하게 보습되고
끈적임은 1도 없는데 광이 돌아서 신기해요..!
겔이라 새지도 않고 들고다니면서 수시로 뿌려주기 좋아요
토너대신 세안 후 바로 써도 촉촉하니 좋더라구용"
2026-07-23,A000000254446,60284660,2026.05.28,5,0,NORMAL,콜라겐 겔미스트 100ml,A05,B01,"C03,C04",13,558.0,1,0,김도르,요즘에 젤리미스트가 많이 나왔는데 바이오힐보 미스트가 좋아서 믿고 구매했어요.  제형은 젤리인데 물처럼 나와서 신기하고 좋아요. 촉촉해서 만족스럽네요.
2026-07-23,A000000254446,62341009,2026.07.05,4,0,NORMAL,콜라겐 겔미스트 100ml,A03,B02,"C02,C03",0,540.0,1,0,찐찐뽀밍,한달동안 잘썼어요. 강한 보습이나 진정보다 의외로 순해서 스킨겸 미스트겸으로 부담없이 썼어요. 큰기능은 모르겠지만 저는 안맞으면 바로 트러블나는데 그런건 없었어요!! 저는 복합성피부라 이제 덥고 습해지면 시원하게해서 가볍게 더 잘쓸거같아요.
2026-07-23,A000000254446,62623982,2026.07.10,5,0,NORMAL,콜라겐 겔미스트 100ml,,,,0,495.0,1,0,센코우,"건조할 때 수시로 뿌려주니 피부가 금방 촉촉하고 탱글해져서 너무 만족스러워요. 자극 없이 순해서 예민한 피부에도 부담 없고, 보습감이 정말 탄탄합니다. 앞으로도 꾸준히 재구매할 예정이에요!"
2026-07-23,A000000254446,62012199,2026.06.28,5,0,NORMAL,콜라겐 겔미스트 100ml,A02,B01,,1,450.0,1,0,토마토먹음이,"요즘 피부가 너무 건조해서 속는 셈 치고 사봤는데, 진짜 대만족이에요!
​분사력이 안개처럼 부드러워서 화장 위에 뿌려도 뭉치거나 지워지지 않고 싹 흡수돼요. 뿌리는 순간만 촉촉한 게 아니라 수분감이 오래 유지돼서 속건조를 잘 잡아주는 느낌? 향도 은은해서 뿌릴 때마다 기분이 좋아지네요.
​사이즈도 아담해서 가방에 쏙 들어가니까 사무실이나 차 안에서 건조할 때마다 수시도 뿌리기 딱 좋습니다. 다 쓰면 무조건 재구매할 예정이에요! 대추천합니다."
2026-07-23,A000000254446,60703403,2026.06.03,5,0,NORMAL,콜라겐 겔미스트 100ml,A03,B02,"C09,C11",0,450.0,1,0,퀸콩,"요즘 화장이 자꾸 들뜨는 느낌이 있어서 구매해봤어요🥹 화잘먹 미스트라고 하길래 궁금했는데 생각보다 만족스러웠어요ㅎㅎ 세럼 겔 미스트 타입이라 일반 미스트보다 촉촉한 느낌이 있었고, 분사도 고르게 되는 편이라 사용하기 편하더라구요! 저는 주로 스킨케어 마지막 단계나 메이크업 전에 사용하고 있는데 피부가 촉촉하게 정돈되는 느낌이라 마음에 들었어요🥰 무엇보다 화장 전에 사용했을 때 베이스가 좀 더 편하게 올라가는 느낌이라 요즘 자주 손이 가더라구요ㅎㅎ 100ml라 휴대하면서 사용하기도 괜찮고, 촉촉한 미스트 찾는 분들이 사용해보기 좋은 제품인 것 같아요💜✨🫶"
2026-07-23,A000000254446,60502154,2026.06.01,5,0,NORMAL,콜라겐 겔미스트 100ml,A03,B03,"C01,C02",1,450.0,1,0,이것저것찍먹하는사람,"뿌리고 흡수시키고 나면 촉촉~~ 쫀득해져요.
영상을 찍었는데 올리지 못하는게 아쉽네용 🥲

바이오 힐보 미스트 너무 좋아해서 판테셀 크림미스트도 쓰고 있는데요. (화장도 잘 먹지만 화장후에 뿌려도 촤르르 윤광 최고...👍🏻)

화잘먹 미스트로 신제품이 나왔대서 냉큼 써봤더니 요건 다른 느낌으로 아주 좋네요.
기름기는 빠지고 촉촉함은 오래가요.
지성이라  크림미스트를 비선호하거나 수분감충전만 원하신다면 콜라겐 겔 세럼 미스트 추천합니당"
2026-07-23,A000000254446,60486817,2026.05.31,5,0,NORMAL,콜라겐 겔미스트 100ml,A03,B06,"C01,C02",1,450.0,1,0,코코천사,"콜라겐과 PDRN이  농축되어서인지  기존 수분미스트나 오일미스트와 달리 부드럽게 분사되면서 끈적임 없이 피부에 흡수되는 게 너무 좋아요. 바르고 나서도 피부결을 매끈하게 해주면서 수분과  탄력 , 광채까지 동시에 챙겨 주는 세럼 겔미스트네요. 얼굴 전체에 골고루 분사한 후 그대로 흡수시켜 주기 보다는 여러번 레잉어링해주는 게 훨씬 더 피부를 쫀쫀하게 해 주네요. 특히 더운 여름철에는 냉장고에 넣어두고 화장 전에 사용하면 더 좋을 것 같아요."
2026-07-23,A000000254446,60440709,2026.05.31,5,0,NORMAL,콜라겐 겔미스트 100ml,A03,B02,"C01,C02",0,450.0,1,0,스윗수련,"콜라겐 세럼 겔 미스트라고 해서 조금 무거운 느낌일까 싶었는데, 오! 안개분사로 완전 착붙이에요.
번들거리지 않고 가볍게 흡수되니 수시로 뿌려도 부담 없고요! 건조한 겨울에도 좋겠지만 땀 많고 수분 손실 많은 여름에 쓰기에도 넘 좋을 듯 합니다.👌🏻

보라보라한 느낌이라 뭔가 꽃향이 날 것 같았는데 무향이라 이 점도 좋았어요. 자주자주 뿌려주려고요!"
2026-07-23,A000000254446,60416595,2026.05.31,5,0,NORMAL,콜라겐 겔미스트 100ml,A03,B02,"C04,C05",0,450.0,1,0,토실이,"인☆보는데 겔인데 미스트가 된다고?
첨엔 반신반의, 신기해서 주문.
막상 받아보니 진짜 겔형태이고 토출구는 미스트.

뿌려보니 분사력도 좋음 신기함.
자극없고 향도 은은, 요즘 너무 더워져서 피부가 힘들어하는데 물좀줘야겠어요^^"
2026-07-23,A000000254446,60415377,2026.05.31,5,0,NORMAL,콜라겐 겔미스트 100ml,,,,0,450.0,1,0,타민,"요즘에 젤리 미스트 많이 출시되도 끈적할까봐 고민만하고 사용은 못해봤는데 진짜 끈적임 없이 수분만 얼굴에 달라붙는 느낌이 들어요! 촉촉해서 마음에 들어요 ㅎㅎ
저는 샤워 후 얼굴이 건조해지지 않도록 먼저 뿌려주고 있어요.
분사는 잘 되는데 뭔가 분사되는 범위가 적다고 해야하나?
한 번 뿌리는 걸로 얼굴 전체에 뿌려지지는 않아서 얼굴을 다 뿌리기 위해서 여러 번 뿌려줘야하는 건 좀 번거롭지만 마음에 듭니다!ㅎㅎ"
2026-07-23,A000000254446,60386555,2026.05.30,5,0,NORMAL,콜라겐 겔미스트 100ml,A01,B02,"C04,C05",1,450.0,1,0,boboky,"바이오힐보 프로바이오덤 콜라겐 리모델링 세럼 겔미스트를 구매해봤습니다.
확실히 겔타입이라 그런지 보습력도 좋고 흐르지않고 얼굴에 딱 붙는 느낌이 좋았어요!!
샤워후 바로 사용해주면 욕실에서 나와도 피부가 촉촉하게 유지되서 좋았습니다!"
2026-07-23,A000000254446,60380007,2026.05.30,5,0,NORMAL,콜라겐 겔미스트 100ml,A02,B05,"C04,C06",1,450.0,1,0,시에냐,바이오힐보 보라색 라인은 진짜 믿고 쓰는 것 같아요!! 콜라겐 겔 미스트 다양하게 써봤는데 개인적으로 제일 잘 맞았어요!! 무향이라 거부감 없고 뿌리면 즉시 수분 보충이 돼서 속건조가 바로 잡히는데 그 촉촉한 느낌이 꽤 오래 지속되더라구요!! 손에 뿌렸을 때는 물방울이 맺혀서 걱정했는데 얼굴에 분사하면 고르게 잘 분사되면서 흡수도 빨랐어요! 여름에 열감 진정하는데도 너무 좋을 것 같아요! 일하다 사무실에서 중간중간 뿌리려고 샀는데 잘 쓸 것 같아요 👍👍
2026-07-23,A000000254446,60373180,2026.05.30,5,0,NORMAL,콜라겐 겔미스트 100ml,A02,B04,"C03,C09",2,450.0,1,0,TALARIA,"분사력은 꽤 고운 편이고, 얼굴에 고르게 퍼지는데  제형 자체가 살짝 쫀쫀해서 피부에 얇게 밀착되는 느낌이 든다.
보습력은 확실히 일반 미스트보다 나은 편이라  건조해서 당길 때 뿌리면 즉각적으로 편안해지는 느낌이 있다.  
특히 에어컨 바람 오래 쐬거나 오후에 화장 뜰 때 보충용으로 괜찮은 타입인 듯 하다.
다만 완전히 산뜻하게 날아가는 마무리는 아니라서  얇게 코팅되는 듯한 느낌이 남는 편이고,  지성 피부나 끈적임에 민감한 경우에는 호불호 갈릴 수 있음.
콜라겐이나 탄력 효과는 드라마틱하다기보다는  피부가 덜 건조해 보이면서 컨디션이 정돈돼 보이는 정도.
전체적으로 보면  가벼운 리프레시용 미스트보다는  “건조할 때 보습 채워주는 기능성 미스트”에 더 가까운 제품.
만족합니다!

+ 픽업갔는데 샘플도 이렇게 많이 주셔서 넘 좋았습니다!(추가 구매한 건 안 비밀!)"
2026-07-23,A000000254446,60368959,2026.05.30,5,0,NORMAL,콜라겐 겔미스트 100ml,A03,B03,"C01,C02",0,450.0,1,0,핑쿠쿠,"평소 피부가 건조한 편이라 미스트를 자주 사용하는데 만족하며 사용하고 있어요~
일반 미스트처럼 금방 날아가는 느낌이 아니라 촉촉함이 오래 유지되는 점이 특히 마음에 들더라구요^^
세럼이 들어간 겔 미스트라 분사 후 피부가 편안하고 은은한 광도 살아나는 느낌이에요!
메이크업 전후로 사용해도 화장이 들뜨지 않고 자연스럽게 잘 어우러져서 화잘먹미스트라는 말이 이해되었어요^^
건조함이 느껴질 때마다 간편하게 뿌려주기 좋아서 파우치 필수템으로 자리 잡은 제품이랍니다♡"
2026-07-23,A000000254446,60364716,2026.05.30,5,0,NORMAL,콜라겐 겔미스트 100ml,A02,B03,"C03,C05",0,450.0,1,0,뤼뤼뤼뤼,"바이오힐보 신상 미스트가 나왔다길래 너무 궁금해서 구매해봤어요:) 

요즘 유행하는 겔 미스트!! 
안개분사형태라서 미스트가 착하고 피부에 안착하는 느낌이에요 수분감도 느껴지는 촉촉한 미스트라서 4계절 내내 잘 사용할 미스트🧡

지금 50% 할인 중이니깐 당장 미리 구매하기"
2026-07-23,A000000182630,62668182,2026.07.11,5,0,NORMAL,[화잘먹] 3번 패드 70+70매,A02,B04,"C04,C05",7,4050.0,1,0,레몬맛우유,"한 달 정도 꾸준히 사용해본 후기입니다!

원래는 토너패드를 자주 사용하는 편이 아니었는데, 넘버즈인 3번 토너패드는 생각보다 만족도가 높아서 꾸준히 손이 가더라고요. 덕분에 스킨케어 루틴도 자연스럽게 토너패드를 사용하는 방식으로 바뀌었습니다.

엄청 촉촉한 타입이라기보다는 피부의 유수분 밸런스를 편안하게 맞춰주는 느낌이라 부담 없이 사용하기 좋았어요. 사용 후 끈적임도 적고, 피부결이 자연스럽게 정돈되는 느낌이라 아침저녁으로 사용하기 만족스러웠습니다.

무엇보다 자극이 거의 없어서 피부가 예민한 날에도 편하게 사용할 수 있었어요. 한 달 동안 꾸준히 사용해보니 데일리 토너패드로 손이 자주 가는 이유를 알겠더라고요. 순하고 부담 없는 토너패드를 찾는 분들에게 추천하고 싶은 제품입니다."
2026-07-23,A000000182630,63100380,2026.07.21,5,0,NORMAL,[수분진정] 1번 패드 70+70매,A06,B04,C05,0,1800.0,1,0,쥬냥쥬,"피부가 쉽게 붉어지고 좁쌀 트러블이 자주 올라오는 편이라 진정 패드 유목민이었는데 넘버즈인 1번 패드로 정착했습니다

일단 패드 원단 자체가 한쪽은 살짝 거칠고 한쪽은 부드러운 편이라서 피부 컨디션에 따라 골라 쓰기 좋습니다. 각질이 좀 올라왔다 싶은 날에는 거친 면으로 나비존이나 턱 주변을 슥슥 닦아내면 자극 없이 매끈하게 정돈되는 느낌입니다

에센스 양도 정말 아끼지 않고 듬뿍 들어있어서 마지막 한 장 쓸 때까지 마르지 않고 촉촉하게 쓸 수 있을 것 같습니다. 팩토로 얼굴에 5분 정도 올려두면 달아올랐던 피부 온도가 싹 내려가면서 붉은 기가 눈에 띄게 진정되는 게 보여서 아침마다 필수로 쓰고 있습니다

끈적임 없이 산뜻하게 마무리되면서도 속건조를 잘 잡아줘서 다음 단계 스킨케어나 베이스 메이크업도 밀림 없이 잘 먹는 편입니다. 향도 자극적이지 않고 은은해서 매일 쓰기에 부담이 없습니다

진정 효과도 확실하고 피부 결 케어까지 동시에 할 수 있어서 대용량 리필 기획 세트 보일 때 무조건 쟁여둬야 하는 꿀템인 것 같습니다. 좁쌀이나 민감성 피부 때문에 고민이신 분들은 이거 꼭 한번 써보셨으면 좋겠습니다"
2026-07-23,A000000182630,61821192,2026.06.23,5,0,NORMAL,[수분진정] 1번 패드 70+70+20매,A07,B01,"C01,C02",8,1620.0,1,0,옥님,"​-.장점: 대용량이라 아침저녁 팍팍 쓰기 좋고 가성비 굿
 에센스 양 엄청 많아서 마지막 한 장까지 안 마름. 
1번은 닦토용으로 각질, 피지 정리 체감 확실함. 
리필형이라 통 재사용 가능해서 환경 표방에도 맞음.

​-.단점: 에센스가 과하게 많아서 초반에 꺼낼 때 뚝뚝 떨어짐. 팩으로 붙이기엔 밀착력이 살짝 아쉬움.

단점보단 장점이 많은패드!♡"
2026-07-23,A000000182630,60976011,2026.06.06,5,0,NORMAL,[화잘먹] 3번 패드 70+70매,A02,B04,"C04,C05",7,1350.0,1,0,레몬맛우유,"내 사랑 3번 라인~~!
패드형은 건조한게 많아서 잘 안쓰는 편인데 이거 건성도 쓰기 좋어요! 요즘 생리 때문에 턱 트러블이랑 각질 잔뜩 올라왔는데 벅벅 닦지 않아도 각질 제거 효과가 좋네요. 팩토로 써도 좋고 닦토로 쓰기가 다 되는 만능 패드!! 팩토 추천해요 ㅎㅎ
피지 올라왔던 것도 모공 노폐물도 제거를 잘 해줘서 닦고나면 다음날 피부 윤광돌면서 베이스 완전 화잘먹되게 해주는 패드예요! 요즘 날이 더워서 배이스하고나면 다 뜨는데 한 두장만 소분해서 가지고다녀도 긴급 수정 화장 가능해요! 대충 닦아내고 다시 수정해도 완전 착붙..👍
팔다리에도 선크림을 자주 바르다보니 팔꿈치 각질이.. 벗겨지는건지 때인지 고민되듯이 쌓였는데 문대보니까 바디 각질 케어도 잘 돼서 보들보들해졌어요!! 
팔꿈치도 될 줄은..🥹
이거 쓰고나면 완전 피부 맑아져서 깐달걀 피부 돼요!"
2026-07-23,A000000182630,62291221,2026.07.04,5,0,NORMAL,[화잘먹] 3번 패드 70+70매,A02,B01,"C01,C02",2,1260.0,1,0,다이빙고양이,"좋아서 몇번 재구매 했어요 각질제거 잘 되고 특히 무릎이랑 팔꿈치에 쓰기 좋아용
화장 전에 이걸로 닦토 한번 하고 베이스 올리면 피부 표면이 약간 쫀득?쫀쫀?해져서 화장 잘 먹는 것 같아여
패드가 도톰한편이라 에센스를 잘 머금고 있어서 질질 흐르지 않는 것도 좋았습니당"
2026-07-23,A000000182630,62746729,2026.07.13,5,0,NORMAL,[화잘먹] 3번 패드 70+70매,A01,B04,"C03,C10",2,1134.0,0,0,얀남이22,대용량이라 팍팍 써도 괜찮아요. 패드 자체 효과는 잘 모르겠지만 닦토용으로는 무난합니다.
2026-07-23,A000000182630,62513121,2026.07.08,5,0,NORMAL,[화잘먹] 3번 패드 70+70매,A01,B02,"C05,C09",0,1134.0,1,0,다밍미,"사계절에 패드 없으면 안되는 사람인데
특히 여름은 정말 패드 무조건 필요함ㅠ

매일 각질제거를 딥하게 할 수 없으니 패드로 간단하게
결만 정리해줘도 너무 좋음. 넘버즈인 제품들은 대부분
안맞는 것 없이 너무 잘 사용하고 있음."
2026-07-23,A000000182630,61876998,2026.06.24,5,0,NORMAL,[수분진정] 1번 패드 70+70매,A03,B01,"C01,C06",1,1116.0,1,0,삥삥뽕뽕뿌,이거 몇 번 샀는지 안 뜨나요 ㄹㅇ 통 바뀌기 전부터 재재재구매 리필기획으로 10통은 비운듯 걍 좋어요.. 여름만되면 얘로 돌아옴
2026-07-23,A000000182630,62978419,2026.07.18,5,0,NORMAL,[화잘먹] 3번 패드 70+70매,A03,B04,"C01,C02",0,1080.0,1,0,감자찹쌀떡,"구성 및 가성비: 본품에 리필까지 총 140매라는 압도적인 대용량 구성이라 매일 아침저녁으로
&#039;토너팩&#039;을 하는 분들에게 가성비 최고의 선택입 니다. 1번(진정), 3번(결케어), 5번(잡티/미백)
중 피부 컨디션에 따라 선택할 수 있는 폭이 넓 습니다.

종류별 특징:
1번 초록패드: 시카 성분이 가득해 붉고 예민해진 피부를 빠르게 진정시키는 데 탁외합니다. 패드 면이 부드러워 닦토용 으로 닦아내도 자극이 적습니다.
3번 결패드: 발효 성분이 들어가 거칠어 진 피부 결을 매끄럽게 정돈해 줍니다. 화 장 전에 5분만 얹어두면 베이스 메이크 업이 들뜸 없이 찰떡같이 잘 먹습니다.
5번 글루타치온 패드: 칙칙한 피부 톤과 기미, 잡티가 고민일 때 집중적으로 사용 하기 좋습니다. 에센스 양이 워낙 많아 패 드가 마르지 않고 촉촉함이 오래 유지됩 니다."
2026-07-23,A000000182630,62977954,2026.07.18,5,0,NORMAL,[수분진정] 1번 패드 70+70+20매,A03,B04,"C01,C02",0,1080.0,1,0,감자찹쌀떡,"구성 및 가성비: 본품에 리필까지 총 140매라는 압도적인 대용량 구성이라 매일 아침저녁으로
&#039;토너팩&#039;을 하는 분들에게 가성비 최고의 선택입니다. 1번(진정), 3번(결케어), 5번(잡티/미백)
중 피부 컨디션에 따라 선택할 수 있는 폭이 넓습니다.

종류별 특징:
1번 초록패드: 시카 성분이 가득해 붉고 예민해진 피부를 빠르게 진정시키는 데 탁외합니다. 패드 면이 부드러워 닦토용 으로 닦아내도 자극이 적습니다.
3번 결패드: 발효 성분이 들어가 거칠어 진 피부 결을 매끄럽게 정돈해 줍니다. 화 장 전에 5분만 얹어두면 베이스 메이크 업이 들뜸 없이 찰떡같이 잘 먹습니다.
5번 글루타치온 패드: 칙칙한 피부 톤과 기미, 잡티가 고민일 때 집중적으로 사용 하기 좋습니다. 에센스 양이 워낙 많아 패 드가 마르지 않고 촉촉함이 오래 유지됩 니다."
2026-07-23,A000000182630,62977943,2026.07.18,5,0,NORMAL,[수분진정] 1번 패드 70+70+20매,A03,B04,"C01,C02",0,1080.0,1,1,감자찹쌀떡,"구성 및 가성비: 본품에 리필까지 총 140매라는 압도적인 대용량 구성이라 매일 아침저녁으로
&#039;토너팩&#039;을 하는 분들에게 가성비 최고의 선택입니다. 1번(진정), 3번(결케어), 5번(잡티/미백)
중 피부 컨디션에 따라 선택할 수 있는 폭이 넓습니다.

종류별 특징:
1번 초록패드: 시카 성분이 가득해 붉고 예민해진 피부를 빠르게 진정시키는 데 탁외합니다. 패드 면이 부드러워 닦토용 으로 닦아내도 자극이 적습니다.
3번 결패드: 발효 성분이 들어가 거칠어 진 피부 결을 매끄럽게 정돈해 줍니다. 화 장 전에 5분만 얹어두면 베이스 메이크 업이 들뜸 없이 찰떡같이 잘 먹습니다.
5번 글루타치온 패드: 칙칙한 피부 톤과 기미, 잡티가 고민일 때 집중적으로 사용 하기 좋습니다. 에센스 양이 워낙 많아 패 드가 마르지 않고 촉촉함이 오래 유지됩 니다."
2026-07-23,A000000182630,62642431,2026.07.11,5,0,NORMAL,[수분진정] 1번 패드 70+70매,,,,0,945.0,1,0,헬러,"약간 홍조가 있어서 진정효과 있다고 하여 사봤어요 
대나무면이라 특이하고 리필기획세트라 가성비 있고 좋아요"
2026-07-23,A000000182630,62583603,2026.07.09,5,0,NORMAL,[화잘먹] 3번 패드 70+70매,A03,B03,"C05,C11",1,945.0,1,0,팡이팡팡,"좋아요 또 재구매 할 것 같아요
항상 피부표현이 화장하면 안예쁘게 됐었는데 이거 하니까 훨씬 매끄럽게 잘 됩니다.
피부결이 싹 정리되는 느낌!!
수분이 막 많다, 촉촉하다 이런 느낌은 아니구 진짜 결정리하는 용도가 맞는 것 같아요."
2026-07-23,A000000182630,62800337,2026.07.14,5,0,NORMAL,[화잘먹] 3번 패드 70+70매,A03,B02,"C02,C04",1,810.0,0,0,Congzi언닝,"토너 패드를 정말 많이 써 봐서 한두번 써 보면 바로 좋은지 안 좋은지 느낌이 오는 편인데 이거는 엠보 면이 있어서 되게 피부를 깨끗하게 정돈 해 주는 느낌이 듭니다. 피지나 조금 메이크업 잔여물들이 묻어져 있는 경우가 많은데 엠보 면으로 피부를 깨끗하게 정돈 해 줍니다.   

아, 엠플은 엄청 많이 들어가 있는 편은 아니어서 조금 수분이 모질라다고 느끼시는 분들은 스킨팩같은거 아니면 시트팩으로 좀 더 수분 보충을 해 주셔야 될 거 같아요. 닥터용으로 너무 좋고 일단 피부를 처음 단계에서 스킨닦아내는 용으로는 정도로 너무 좋습니다. 

산뜻 해서 지성피부 분들이 사용하시기 더 좋을 것 같아요. 기름이 많거나 복합성 유수분 밸런스가 안 좋으신 분들이 쓰시면은 산뜻하고 깔끔해서 피부 정돈 하는데, 처음 단계로 너무 좋은 것 같습니다. 산뜻해요."
2026-07-23,A000000182630,62543044,2026.07.09,3,0,NORMAL,[흔적미백] 5번 패드 70+70매,,,,2,756.0,0,0,루루냄새,솔직히 너무 비싸요.. 이 가격은 진짜 아니라고 본다.. 정제수가 대부분
2026-07-23,A000000182630,63034908,2026.07.19,5,0,NORMAL,[수분진정] 1번 패드 70+70매,A03,B05,"C01,C05",0,720.0,1,0,hhhyyyuuu,"사람들이 많이 추천하는데 이유가 있다!!👍🏻🩵
패드 양면으로 쓰기 아쥬 좋고 패드 보들보들해서 너무 좋아요
특히 예민한 피부일때 올려주면 금방 진정돼요🧚🏻
근데 패드가 되게 안찢어지고 좀 두꺼워요 ㅠㅠ 패드 찢어쓰는 분들한텐 되게 불편할수도…"
2026-07-23,A000000182630,62869408,2026.07.16,5,0,NORMAL,[수분진정] 1번 패드 70+70매,A01,B01,"C01,C03",0,660.0,1,0,똘아에멍,"최애패드가 되어버렸다,,,,
시카 판테놀 최애성분인대 다들어가버림 안살이유없고 
두툼하고 앰플양많고 만만떼기"
2026-07-23,A000000182630,61350366,2026.06.12,5,0,NORMAL,[화잘먹] 3번 패드 70+70매,A03,B06,"C01,C03",1,630.0,1,0,통장털어찐템찾기,"평소 토너패드는 화장전에 꼭 쓰는 편인데 넘버즈인 화잘먹패드 워낙 유명해서 이번 세일에 구매했어요~
패드 앞 뒷면 소재가 달라서 닦토, 팩토 다 되는 만능패드로 다양하게 사용하기 좋습니다
특히 패드 케이스에 넣고 휴대하고 다니다 오후때 뭉친화장 닦아내기 좋아 긴급 수정화장 가능해요!
70매+70매 기획구성이라 오래 사용할수 있을거같아 용량 맘에 들어요"
2026-07-23,A000000182630,61190787,2026.06.09,5,0,NORMAL,[화잘먹] 3번 패드 70+70매,,,,9,630.0,1,0,손명진,"넘버즈인 3번 토너패드 진짜  아침마다 팩토랑 닦토 둘 다 활용하면서 피부 관리하고 있는데 확실히 거칠었던 피부결이 정돈되면서 맑아진 깐달걀 피부로 변하는 게 눈에 보여요

특히 화장하기 전에 잠깐 올려두면 수분이 꽉 차올라서 들뜸 없이 화잘먹 패드 역할을 해요 에센스도 엄청 넉넉하게 들어있어서 얼굴에 다 쓰고 남은 패드로 목이나 팔꿈치 같은 바디 각질 케어가능해서 너무 실용적이에요

피부 속부터 차오르는 피부 윤광 덕분에 안색도 훨씬 환해 보이고 아주 만족스러워서 무조건 재구매할 예정입니다"
2026-07-23,A000000182630,62585386,2026.07.10,5,0,NORMAL,[수분진정] 1번 패드 70+70+20매,A03,B04,"C01,C02",0,594.0,1,0,굼쓰,"다른 거 쓰다 이거 한 번 스면
와 정말 내 피부랑 잘 맞는다 생각드는 템"
2026-07-23,A000000182630,62545812,2026.07.09,5,0,NORMAL,[화잘먹] 3번 패드 70+70매,,,,0,594.0,0,0,손명진,"매일 아침 저녁으로 사용하고 있는데 자극적이지 않고
피부결 정돈이랑깐 달걀 피부를 만들 수 있어요🎀"
2026-07-23,A000000182630,63165062,2026.07.22,5,0,NORMAL,[수분진정] 1번 패드 70+70+20매,A06,,"C01,C05",0,528.0,1,0,tttooiu,"자극없고 촉촉하니 좋아요
닥토는 잘 안 하는 편이고 팩토로 많이 하는데 가끔 닦토 해도 자극은 없어요
여드름 들어간다? 그런건 잘 모르겠지만 무난무난 쓰기 좋음"
2026-07-23,A000000182630,62895349,2026.07.16,3,0,NORMAL,[수분진정] 1번 패드 70+70+20매,A03,B06,"C09,C10",0,528.0,1,0,hanryangg,이거 시트 좋다고 난리남 + 분리해서 양볼에 얹을 수 있다는 리뷰 등등 보고 구매했는데.. 시트 부드럽긴 함. 근데 분리시키기는 어렵더라고요. 순한 물토너 하는 느낌.
2026-07-23,A000000182630,62754026,2026.07.13,5,0,NORMAL,[수분진정] 1번 패드 70+70매,A02,B01,"C01,C08",0,495.0,1,0,흰송로버섯,패드 자극 없이 부드럽고 커서 좋아요. 그런데 좀 무겁고 두꺼워서 팩토로 쓰기엔 좀 그래서 닦토로만 사용하고 있어요. 에센스가 깔끔하고 가볍게 흡수되는 편이라 화장 전에 사용하기 알맞아요.
2026-07-23,A000000182630,62752908,2026.07.13,5,0,NORMAL,[화잘먹] 3번 패드 70+70매,A02,B03,"C03,C06",0,495.0,0,0,하노리다,"대용량이라 맘에 들어요 촉촉하고 팩대용으로 사용하기도
좋아요"
2026-07-23,A000000182630,62711701,2026.07.12,5,0,NORMAL,[화잘먹] 3번 패드 70+70매,A03,B02,C01,0,495.0,1,0,라밋츄,수분감이 풍부하고 부드러운 패드입니다 패드 앰보싱이 따갑지도 않고 자극도 적어요
2026-07-23,A000000182630,62668459,2026.07.11,5,0,NORMAL,[화잘먹] 3번 패드 70+70매,A02,B03,"C01,C02",0,495.0,1,0,고구마0603,세안하고 제일 먼저 패드로 닦아 줍니다!‘ 이제는 안 닦으면 허전해여
2026-07-23,A000000182630,62622324,2026.07.10,5,0,NORMAL,[화잘먹] 3번 패드 70+70매,A03,B06,"C01,C04",0,495.0,1,0,눈썹그리다지각,"몇통째 비운 화잘먹 패드 사계절템으로 추천하고싶어요
결 정리, 각질 정리 해줘서 매끈한 깐달걀 피부를 연출해주는데 그 위에 어떤 베이스를 써도 화장이 잘 먹는 것 같아서 강추하고싶어요!"
2026-07-23,A000000182630,60905208,2026.06.05,5,0,NORMAL,[화잘먹] 3번 패드 70+70매,A02,B03,"C03,C06",0,465.0,1,0,하노리다,"세안 후 가볍게 닦아내기만 해도 피부가 한결 매끈해지는 느낌이 들었고, 자극이 심하지 않아 매일 사용하기 좋았어요
 패드 크기도 적당해 얼굴 전체를 닦기 편했고, 보습감도 남아 건조함이 덜해요"
2026-07-23,A000000182630,61758494,2026.06.22,5,1,OFFLINE,[수분진정] 1번 패드 70+70+20매,A02,B03,C05,1,450.0,1,0,알잘딱깔샌드위치,"엉엉슨 이것 너무 좋아요ㅠㅠ 일단 즙이 굉댱히 많구,
찢어서 쓸 수 있어서 좋구, 패드가 커서 제 얼굴에도 딱 맞네여^^
공부로 지쳐 푸석푸석해진 수험생 피부에 한 줄기 👉빛⭐️👈이 돼준 토너패드🌱❤️ 야무지다~~^^!! 
수분 패드 1등 넘버즈인 야~호~~💅💅

넘버즈인 1번 토너패드를 수능때까지 사용할테니,  대학도 1번만에 가게 해주십시오.."
2026-07-23,A000000231822,62447481,2026.07.07,4,0,NORMAL, ,,,,19,5940.0,0,0,아기되지사쿠야,"’넘버즈인파우더조아‘ 연기 챌린지

1가격
🔥😊💕🙏❤️넘버즈인파우더조아🥳🫰👌😍✌️
2진정
🧐🤨😒넘버즈인파우더조아❓❔🤔🙂‍↔️😞
3블러&모공
🥳🤩🔥🙏✌️🤟🤞🙌🫶🤝💋🫦🫀🤭🤗🤩😭😍🥰😘 넘버즈인파우더조아🥳🤩🔥🙏✌️🤟🤞🙌🫶🤝💋🫦🫀🤭🤗🤩😭😍🥰😘
4지속력
😍😙☺️😘🥳 넘버즈인파우더조아😚😋🤩😭🤗
5용기(통)
넘버즈인파우더싫어싫어😤😫😭😭🤢😿👹아니용기좀바끄ㅓ줘요양조절이어려으ㅓ요ㅜㅜㅜㅜㅜ"
2026-07-23,A000000231822,61695619,2026.06.20,4,0,NORMAL, ,A03,B04,"C01,C02",49,5850.0,1,0,마싯는복숭아,"밀림의 여왕이심...
순한거 알겠는데 이거 바르고 피부 살짝 만지면 때처럼 나와요 포슬포슬한 때..? 그래서 화장후에는 사용하기 어렵고

뭐 골고루 걸러서 나오는건 알겠는데 파우더가 안나와서 빡쳐요
아무래도 퍼프에 물기좀 묻잖아요 그거땜에 저 파우더 거르는 가루에도 화장품 이런거 묻으니까 겉이 뭉쳤나본데 진짜 겁나 안나오고 그래ㅓㅅ 뒤집어서 탈탈 털다보면 주면에 가루 너무 떨어져요.. 

아니 밀리는거야 뭐 집에서만 쓸거면 괜찮거든요 근데 가루가 안나오는건 어떡하라는지 모르겠구

뒤집어서 꾹꾹 눌러도 가루 안나오고 그냥 눌러도 안나오고 걍 안나와요 살짝뒤집고 공간 좀 생기게 한다음 탈탈 털어야하는데 가끔 좀 틈 생기면 대참사나요... 열받음 ㅠㅜ 재구매는 없을거같아요 어차피 집에서 사려고 쓴거라 밀리는거까진 신경 안쓰는데 케이스를 바꿔주등가

도움이 되었다면 좋아요 눌러주세요 감사합니다 :)"
2026-07-23,A000000231822,62587421,2026.07.10,5,0,NORMAL, ,A04,B04,"C05,C08",5,4050.0,1,0,누룽지오징어순대,"일단 잘때도 발라도 될 정도로 순한게 제일 좋구요!
제품 은근 아침 화장 유붐 잡믄 파우더로, 고정력도 좋아서 꽤괜인데!! 이거 퍼프 ㅋㅋ 부들보들해서 아주 좋아요 ㅋㅋ! 이런 거 내장용 같이 안 들어가는 것도 많은 데 같이 보관도 편하고 떡도 잘 안 져서 한달 넘게 아침에 퍽퍽퍽 잘 바르는 중 ㅋㅋ ! 

그리고 이거 양 조절도 잘 되어서 푹 찍고 손에서 좀 펴발라서 눌러서 발라주면 요즘 같이 더운 날 아침 화장 유분 잡는데 굳~ 다른 파우더들이랑 퍼프 궁합도 좋아뇨 ㅎ꙼̈ㅎ꙼̈ 

전 선크림 바르고도 파우더 용으로도 쓰는데 조하요 ㅎ꙼̈ㅎ꙼̈ !"
2026-07-23,A000000231822,61013330,2026.06.06,4,0,NORMAL, ,,,,86,3870.0,1,0,아기되지사쿠야,"스킨케어 용도로 산건 아니라 피부어쩌고는 잘모르겟고여,,
저는 극극지성인데요 이거 꽤좋아요!!!!!!!😍❤️🙌
일단 후기가 너무 좋아서,,바이럴이 ㄴㅁ잘돼고 싸서 구매했는데 저는 ㅂㄴㄹㅋ랑 ㅇㅂㅇㅌ이랑 다2소 ㅇㅋ이랑 그 돼지 파우더랑 넘버즈인까지 5개써봣을때 얘가 가장 좋앗구,,
일단 향도 없고💕지속력은 됸내조으다진짜,,,,,,,,수정하고 2시간은 ㄱㅊ앗다가 코기름 나오고 3~4시간이면 수정 필요한 정도! 낫밷임니둥💕👏
이게 젼!!!나 충격이엿던게 베이스까짐이옵더여,,,ㅂㄴㄹㅋ3개월쓰다보니까 베이스까짐이 익숙했는데,,,,감동실제로도욺😭(지성들은공감하겟지만,,우리는 기름때문에코쉐딩이녹는데,,그러고파우더깔면쉐딩이없어지는데,,,,얘는그런게적엇듬,,,신세계임야르ㅜㅜ😭💦)
그리고!!!!!이 퍼프도 진짜 야르기모찌ㅋ합니더 더러워서죄송하지만시험기간이라오래못빨앗는대,,,개~~~안떡지고🥹뽀숭뽀송함😭🙏여태까지 써본 파우더 퍼프 중 단연코당연히마땅히꼭무조건압도적으로 1등드림☺️👍💕😙

🔥🔥😡그럼왜5점이아니냐😡🔥🔥
사진첨부😍
양조절이세상에서제😻일어렵구여!✌️
🥳밖에서어케쓰라는거긔🥳
유독심할때찍은거ㄴ평소에이럼👏👏
쫌바꿔줘요넘버즈인ㅉ😅🧚‍♂️🧚‍♂️"
2026-07-23,A000000231822,62546025,2026.07.09,5,0,NORMAL, ,A01,B05,"C01,C05",7,3834.0,0,0,제로콜리,"기초처럼 쓰는 파우더라는 게 참 신기했는데
진짜 자기 전에 얘 두드려주고 자면 찝찝한 기름기 하나도 안 느껴지고,
모공도 안 막는지 트러블도 안 나서 좋아요 *_*"
2026-07-23,A000000231822,62324592,2026.07.04,5,0,NORMAL, ,,,,9,2196.0,1,0,빵빵앙옥지양,땀 많이 흘리는 사람인데도 유지 잘되고 안지워지고 너무 좋네요 스킨케어 성분이라니까 피부도 편한거 같고 좋습니다 엄청 뽀송해요
2026-07-23,A000000231822,62104966,2026.06.30,5,0,NORMAL, ,A03,B02,"C01,C03",26,2196.0,0,0,뚱챙이,"맨 얼굴에도 사용가능하면 진짜 순한건 인정!
메이크업에도 쓰기 좋아요
여름이라 장만했어요
입자 진짜 곱네요!"
2026-07-23,A000000231822,61885807,2026.06.25,5,0,NORMAL, ,A01,B04,"C04,C05",33,1836.0,0,0,코드옥,"과도한 유분을 스킨케어 단계에서 잡아줄 수 있어서 좋아요
아직 여드름은 안 났어요"
2026-07-23,A000000231822,61911500,2026.06.25,5,0,NORMAL, ,A02,B04,C02,6,1476.0,1,0,xlskfk11,유튜브랑 인스타에서 이거 너무 좋다는 영상을 보고 너무 궁금해서 바로 질러보았숩니다 잘때 발라도 될만큼 순하다고해서 더 기대가됩니당!
2026-07-23,A000000231822,62714041,2026.07.12,5,0,NORMAL, ,A03,B05,C02,2,1395.0,1,0,quokkka,드레싱 파우더가 사고 싶었는데 계속 입고가 잘 안 되길래 구매했어요! 기름을 완전히 안 나오게 해주는 건 아니지만 몇시간 동안은 뽀송함을 유지해서 너무 좋아요
2026-07-23,A000000231822,62883081,2026.07.16,5,0,NORMAL, ,A03,B04,,1,1260.0,1,0,yoojinar****,"메이크업 용도로 산 건 아니고 자기 전에 바르려고 샀어요 배개에 스킨케어+개기름 다 묻어서 아침에 눈 뜰 때마다 불쾌한데 한여름 되니 베개커버를 이틀에 한 번 갈아도 감당이 안 돼서..그렇다고 일회용 커버는 쓰기 싫고; 이것 때문에 여드름 더 나는 저 같은 지성피부 분들을 위해 리뷰 자세하게 남겨봅니다

바르고 자도 된다고는 하지만 그냥 옥수수전분이라 안 맞는 분들 분명 계실 것 같아요 그런 분들은 매티파잉 크림이나 나이아신아마이드 고함량 세럼 등으로 가시는 게 나을 거 같고..저는 딱히 모공 막는다고 트러블이 올라오는 피부는 아니어서 이것도 꽤 많이 바르고 자도 문제 되진 않았어요

바르고 외출 시 유분억제력은 어떨지 모르겠지만 적어도 제 구매목적과는 잘 맞는 제품이에요 충분히 도포하면 다음 날 아침까지 뽀송하게 유지돼서 삶의 질이 상승하는 기분입니다..또 가벼운 클렌저로도 잘 씻긴다는 점도 좋았어요

메쉬망을 퍼프로 눌러 파우더를 묻히는 형태고요 뒤집는다고 퍼프에 묻어나오진 않네요 이 양조절 부분에 공을 많이 들이셨다고 들었는데 묻는 양이 나름 적당하다고 볼 수..있나? 일단은 만족하지만 급할 땐 좀 속터질 것 같아요ㅋㅋ

단점은 퍼프색상이 밝은 편이라 쓰다 보면 파우더가 묻은 건지 좀 헷갈린다는 점..보이긴 하는데 점점 퍼프도 허얘지고 해서 잘 안 보여요ㅋㅋ 퍼프색상이 중요한데 디자인적으로 뭐 어쩔 수 없었을 것 같네요 퍼프 여분 하나 같이 왔고 가격은 좀 비싸다는 생각이 들어요 저 같은 지성들은 금방 다 쓸 것 같아서요..

처음엔 타브랜드에 그 아가들 기저귀 발진에 쓰는 파우더 살까 생각했는데 문의했더니 몸에 바르는 용도로 나온 거라고 답변 받아서 그냥 이걸로 샀어요 저햠량이지만 칼라민 징크 깨알같이 들어있는 것도 마음에 드네요

넘버즈인에서 나온 판토텐산 파우더도 갖고 있는데 따로 덜어야 하는 게 너무 귀찮아서ㅋㅋㅋ 손으로 얼굴에 묻히자니 한 세월 걸리고 크림에 섞자니 만족스러울 정도로 뽀송해지지 않고(허옇게 뜨는 것도 싫음) 퍼프에 덜자니 고르게 묻히기 위해 퍼프 비비는 작업 필요... 둘 다 기능은 비슷할 거 같은데 저 같은 용도로 사는 분들이면 걍 이거 추천드립니다 가성비는 별로지만요"
2026-07-23,A000000231822,61923550,2026.06.26,5,0,NORMAL, ,A03,B01,C02,6,1260.0,1,0,송죽매,"👒넘버즈인 1번 판토텐산 스킨케어
100 블러파우더 후기👒

​[구매이유]

👙기존에 사용하던 제품이 올리브영에서 보이지 않다가 다시 입고되어 쟁여두려고 구매했습니다.

👙 기초 케어 후 눈 주위에만 발라도 편안하고 베개에 기초 화장품이 묻지 않아 위생적이며, 바르고 자도 되는 점이 매우 좋아 재구매하게 되었습니다.

​■제품장점

👙민감한 피부를 위해 퍼프와 메쉬망에 멸균 처리가 완료되어 깨끗한 상태로 피부에 사용할 수 있습니다.
 
👙파우더를 한 번 더 곱게 걸러주는 멸균 필터가 내장되어 더욱 정교한 피부 표현을 돕고, 넓은 스트랩으로 안정적인 사용감을 줍니다. 

👙하이포알러제닉 테스트와 저자극 테스트를 완료하여 예민한 피부도 안심하고 쓸 수 있으며, 미세먼지와 꽃가루 흡착 방지 효과까지 갖춘 판토텐산 방패막 파우더입니다. 

👙메이크업 후에는 모공과 요철을 즉각적으로 블러링하여 포토샵 필터를 쓴 듯한 매끈함을 선사하며, 48시간 동안 메이크업 유지력을 지속해 줍니다.

​■제품단점

👙퍼프 여유분이 하나 더 포함되어 있지만, 더욱 위생적인 사용을 위해 퍼프 여유분이 2개 정도로 조금 더 넉넉하게 구성되었으면 하는 아쉬움이 있습니다.

 👙또한, 사용 환경에 따라 개봉구 아귀가 맞지 않아 뚜껑이 저절로 열리는 경우가 발생하기도 하니 제품 개선이 필요해 보입니다.

​■제품총평

👙자는 동안에도 올라오는 유분기와 먼지, 트러블을 차단해 주어 24시간 내내 뽀송함을 유지하는 스마트한 파우더입니다. 

👙단순히 유분만 잡는 게 아니라 피부 보호까지 신경 쓴 제품이라 안심이 되며, 무엇보다 밤낮 상관없이 언제든 톡톡 두드려 사용할 수 있다는 점이 매우 실용적이라 코덕분들에게 강추합니다.

​별⭐️5점 만점 5"
2026-07-23,A000000231822,62826939,2026.07.15,5,0,NORMAL, ,,,,11,1089.0,1,0,db641****,너무 좋아요 제가 엄청 많은 파우더써봤는데 이게 블러처리도 미쳤고 순하고 모공 하나도 안 보이고 지속력도 너무 좋아요 정착했어요
2026-07-23,A000000231822,60857121,2026.06.04,3,1,OFFLINE, ,A03,B02,"C01,C02",14,990.0,1,0,Lallllla,"❌ 재구매 의사❌

⬇️

✔️ 구매 계기

* 친구 추천으로 구매
* 평소 선크림이나 톤업크림만 바르는 편인데, 바른 후 번들거림을 줄이고자 구매!

✔️ 좋았던 점😀

* 퍼프가 1개 추가로 들어있어 위생적으로 사용 가능
* 매쉬망과 퍼프 받침 부분이 한쪽에 고정되어 있어 열다가 떨어뜨릴 일이 없음
* 피부결을 살짝 정돈해주는 블러 효과가 있음

✔️ 아쉬운 점😞

* 양 조절이 어려운 편
* 나이트 케어 후 사용 가능하다고 하지만 가벼운 사용감은 아님. 정말 나이트케어로 사용해도 되나? 싶은 생각이 듦...
* 사용 후 여드름이 조금 더 올라오는 느낌을 받음

✔️ 총평

메이크업 마무리용 파우더를 찾는다면 개인적으로는 캔메이크 파우더를 더 추천. 다만 나이트 케어 후 끈적임이 신경 쓰이는 분들이라면 한 번쯤 사용해볼 만한 제품인 것 같음!!"
2026-07-23,A000000231822,62869250,2026.07.16,5,0,NORMAL, ,A04,B04,"C01,C05",1,756.0,1,0,heey1****,논코메도제닉 임상 합격햇다고 해서 사봣어요 좋아요 재구매 할듯
2026-07-23,A000000231822,63121522,2026.07.21,5,1,OFFLINE, ,A06,B03,"C01,C04",0,720.0,1,0,이레0,진짜…넘 조아용ㅜㅜㅜ 스킨케어용이라고 안하고 지성 메컵 마무리용이라고 해도 믿을듯 빠싹 굽워줘서 좋구용 다른 스킨케어용 파우더들이랑만 비교하면 지속력이 월등히 좋아용 추천!! 다만 리뷰에서 많이 보이듯이 어느순간 뚜껑열면 파우더 요리죠리널부러져잇음…
2026-07-23,A000000231822,62722609,2026.07.12,5,0,NORMAL, ,,,,0,675.0,1,0,nouno,"퍼석하게 마무리되지만 그만큼 유분기는 확실히 잡혀서 여름에 쓰기 좋을듯
성분도 순하다길래 다른 것보단 피부에 자극이 덜 될 것 같아서 잘 쓰는중 트러블도 안올라옴
속에 뚜껑 열때 가루가 풀풀 날리고 퍼프로는 양조절이 안되지만,, 딱히 양조절 안해도 뭉치진 않고 쓸어서 발라도 들뜸이나 그런거 없어서 좋음"
2026-07-23,A000000231822,63166063,2026.07.23,5,0,NORMAL, ,A01,B04,"C01,C05",0,660.0,1,0,듇듇,좋어요 좋긴란데 아무래도 가루타입이다보니꺼...흠...
2026-07-23,A000000231822,62867948,2026.07.16,1,0,NORMAL, ,,,,4,656.0,0,0,hyesss,솔직히 파우더 자체는 ㄱㅊ은데 이거 몇 번 쓰고 얼굴 전체에 트러블 파티 열려서 이제 넘버즈인은 쳐다도 안 보려고요
2026-07-23,A000000231822,62650457,2026.07.11,5,1,OFFLINE, ,A03,B03,C11,0,540.0,1,0,슼테이,"어바웃톤 거의 다 써서 여름이기도 해서 
지속력 좋다는거 사 봤어요
자기 전에도 바를수 있는게 넘 좋았고
화장 할때 쓸수 있어서 좋았어여
단점은 ㅜ 가방이나 파우치에 대충 던져두면
나중에 열때 파우더가 많이 날린다는거..
팍 열면 파우더가 엄청 날려요…!
검은옷 입을때는 묻은거 잘 보일듯…"
2026-07-23,A000000231822,62465646,2026.07.07,5,0,NORMAL, ,A03,B05,"C02,C06",0,540.0,1,0,하니이이이이,"지복합성으로 파우더 뭐 쓰지 고민했는데
넘버즈인 1번 판토텐산 스킨케어100 블러파우더 
내돈내산으로 써봄 🤍

유분은 잡아주는데 건조함 없이
피부가 부드럽게 블러 처리된 느낌✨
뭉침 없이 가볍게 올라가고 스킨케어제품이라
여름 데일리 파우더로 딱좋음!!!!"
2026-07-23,A000000231822,63080060,2026.07.20,4,0,NORMAL, ,A03,B04,"C06,C09",0,528.0,1,0,셀모음,"스킨케어용으로 사용하지는 않고
메이크업용으로 사용했는데 일반 파우더랑 똑같아요
브러쉬로는 사용이 안 될 것 같아요"
2026-07-23,A000000231822,63060428,2026.07.20,5,0,NORMAL, ,A04,B04,"C05,C09",0,528.0,1,0,떵경,"이거 진짜 완전 좋아요
원래 어바웃톤 쓰는데 여름이라 두꺼워서 바꿧는데 얇은데 엄청 보송하게 발려요
약간 단점은 솜 안끼워두면 가루가 밖으로 나온다는 정도에요"
2026-07-23,A000000231822,62984105,2026.07.18,5,1,OFFLINE, ,,,,0,528.0,1,0,슈잉잉이,수분 부족형 지성이라 스킨케어 후 번들거림이 고민이였는데 순한 스킨케어 파우더라서 좋아요
2026-07-23,A000000231822,62940581,2026.07.17,5,0,NORMAL, ,A01,B05,"C01,C02",0,528.0,1,0,개똥벌레미콘,넘버즈인 처음 사용해봤는데 입자가 곱고 그래서 그런지 피부에 밀착이 잘 되고 화장할 때 지속력이 좋았어요
2026-07-23,A000000231822,62907093,2026.07.17,3,0,NORMAL, ,A01,,"C04,C05",0,528.0,1,0,누가좋다하면삼,"지ㄴ님이 좋다해서 샀는데
어바ㅇㅌ이나 캔ㅁㅇㅋ가 좀 더 나아요
바르고 잘수있다고 하는데 굳이 바르고 잘 이유는 없을거같고
쌩얼인데 얼굴에 기름기 돌때 한번씩 쓰고있습니다."
2026-07-23,A000000231822,61442331,2026.06.14,4,1,OFFLINE, ,A03,B01,"C05,C08",11,525.0,1,0,냥08,"제가 여드름이 많이 났었던 피부라서 수부지입니다! 지금은 새로나는 여드름은 거의 없고 여드름 흔적만 남아있는데 피부가 거슬거슬한데 유분이 있으면서 화장품을 특정시간이상 사용하면 얼굴이 간지러워지는 민감성 피부도 가지고 있습니다. 하지만 파우더를 하지 않으면 유분이 많아서 화장이 안된느낌이라서 수분을 많이 머금으면서도 유분은 잘 없애주고 여드름 피부에 자극이 없는걸 원하는 중에 넘버즈인 파우더를 알게되었고 제가 가성비를 중요시하기때문에 6개월정도 고민하다가 결국 구매하게되었습니다. 사용해본 결과, 입자가 고와서 텁텁하지 않았고, 화장 잘 안 무너지고 보송한 피부가 되었습니다!! 확실히 다른 파우더에 비해서 자극이 덜한 느낌이 들었습니다 파우더 안쪽 뚜껑이 제대로 고정이 안되서 나중에 다시 쓸때 원하는 파우더 양보다 많이 나와있을때가 있기는 했는데.. 힘을 더 줘서 꽉 누르니까 그 다음부터는 그렇게 많은 양이 나와있지 않더라구요 근데 사실 뚜껑이 2중?으로 되어있어서 새지는 않았어요!! 아! 그리고 이 파우더를 세수하고 나서 얼굴로션이랑 섞어서 발라봤는데 제 느낌이지만 뭔가 피부가 조금 더 좋아지는?느낌이었어요. 이렇게도 써보시는걸 추천해요! 퍼프도 퐁퐁하게 딱 잘 어울려서 좋아요!! 아 또 참고로 어쨌든 파우더를 바르는게 모공을 막는?거니까 이걸 발랐을때 여드름이 더 나지 않는다고 보장할 수도 없지만 최대한 그 유분있는데만 사용하시면 블러피부인데 뽀용한 피부만들수 있어요! 화장초보라 처음에는 얼굴전체에 발랐었는데 유분 삭제가 필요한부분에만 적정량 사용니까 좋았어요!! 아 그리고 디자인도 시원시원한 느낌인데 이뻐요!!"
2026-07-23,A000000231822,62454662,2026.07.07,4,0,NORMAL, ,,,,0,450.0,1,0,초콜릿이지,"일단 너무너무 순해요! 요즘 나오는 가루 파우더 기름종이 파우더 거의 다 써봤는데 제일 순해서
버서버석 유수분 다 씨를 말리는 게 아니라 베이비 파우더처럼 보송해지고 피부가 자극없이 편안해요. 굳이 잘때 바르고 잘 일은 없긴 한데 그만큼 순하게 나온 파우더라서 좋네요. 
아 모공 커버는 별로에요. 처음엔 뽀용했다가 시간이 갈수록 모공 구멍이 도드라져요. 이게 진짜 신기하네요. 속건조는 없는데 모공 구멍은 안 채워져요.."
2026-07-23,A000000231822,62140389,2026.07.01,5,1,OFFLINE, ,,,,1,450.0,1,0,zipgagosipdda,"스킨케어하고 얼굴에 끈적이는 느낌 남는 거 진짜 안 좋아하는 편이라 유튜버가 소개하는 거 보고 궁금해서 사봤는데 생각보다 너무 만족했어요 ㅎㅎ 
기초 마지막에 가볍게 발라주면 바로 보송보송해져서 밤에 바르고 바로 누워도 안묻어나오고 좋았어요 
베개에 얼굴 닿을 때 찝찝한 느낌이 없어서 요즘 거의 매일 쓰고 있어요ㅎㅎ
메이크업할 때도 마지막에 살짝 발라주면 마무리가 훨씬 깔끔해 보여서 좋아요 그리고 퍼프를 하나 더 줘서 하나는 스킨케어용으로 쓰고 하나는 메이크업용으로 따로 쓰니까 위생적으로도 편하고 관리하기도 좋았어요
스킨케어 성분이 있다는데 엄청 드라마틱하게 피부가 좋아지는 느낌은 아니지만 자고 일어나면 피부가 조금 진정된 것 같은 느낌은 있었어요! 
저는 바를 때 살짝 간지러운 느낌은 있었는데 금방 괜찮아졌고 이건 피부마다 차이가 있을 것 같아요 
다 쓰면 재구매할 생각입니다 :) 추천!"
2026-07-23,A000000231822,61491481,2026.06.15,4,1,GIFT, ,A03,B03,"C05,C06",3,450.0,1,0,마녀배달부키키,"밤에 바르고 자도 괜칞다고 해서 구매했어요
일단 티존 부분에 유분이 많아서 아침에 일어나면 번들거리는데 이 제품을 사용하고 나서는 많이 줄었어요 아예 유분이 안 올라오는 건 아니에요 저는 만족하고 잘 사용 중이에요

트러블이 생긴다거나 자극이 있지는 않네요

중간에 캡이 있어서 파우더가 새지는 않는 거 같아서 만족해요"
2026-07-23,A000000150361,62605297,2026.07.10,5,0,NORMAL,[기획] 시나몬 롤,A01,B05,"C03,C06",1,1890.0,1,0,ㅣ김여름ㅣ,"🤎 시나몬롤
+) 로즈 차이티 섀도우

버릴 컬러가 없어요…
너무 예쁜 로즈브라운 섀도우 팔레트에요
매트 비중이 높아서 넘 유용하고 쉬머 컬러도 너무 예쁩니다…

증정품인 로즈 차이티 섀도우도 작은 펄이 콕콕콕 박혀있는 쉬머 섀도우라 너무 예뻐요,,,"
2026-07-23,A000000150361,62588561,2026.07.10,5,1,OFFLINE,[기획] 유자 시트러스 티,A02,B02,"C01,C02",1,1890.0,1,0,김모루,"봄라분들 제발 구매해죠.. 🍋✨  

보기만해도 상콤한 유자걸이되는데 눈에 올려도 맑고 스미듯이 쌓여요 장점이라면 장점인데 흰끼가 꽤 강하고 고명도라 라이트분들이 아니면 약간 어려울 것 같긴함 ㅜ  

그래도 21호 갈뮤 거친 봄라인 제 피부에서는 생각보다 색감도 잘 쌓이고 연노랑 코어가 너무 예뿌도라구요 ^0^ 생각보다 손이 잘 가는 팔레트라 저는 추천 😍"
2026-07-23,A000000150361,62541899,2026.07.09,5,0,NORMAL,[기획] 시나몬 롤,A02,B02,"C01,C02",1,1890.0,1,0,김모루,"가을 소프트 가을 뮤트는 꼭 사세요 !! 
진짜 만능 팔레트.. 핑크베이지&뉴트럴베이지 다 가능한 구성인데 진짜 너무 예뻐요,,🤎

홀리카 홀리카 섀도우 질감 좋은건 이제 다들 아시잖아요 ㅎㅎ 너무 매끈하게 발색도 잘 되고 특히!! 펄이 미쳤어.. 새틴허게 촥 밀착 돠는데 애굣살에 발라주면 기절임 Zz.."
2026-07-23,A000000150361,62119929,2026.06.30,5,0,NORMAL,[기획] 유자 시트러스 티,A01,B04,"C02,C05",6,1836.0,1,0,말라크,"진짜 흰기많고 예상대로 저랑은 안어울랴요ㅠ 잘 쓰기 어려워요
그래도 유니크해서 좋아요 
젤테일 증정도 좋아요!!"
2026-07-23,A000000150361,63045847,2026.07.20,5,0,NORMAL,[기획] 유자 시트러스 티,,,,2,1800.0,0,0,Vialactea,"입자가 곱고 부드럽게 발려 여러 번 덧발라도 뭉침이 적었고, 음영 표현도 자연스러워요. 글리터 컬러는 입자가 과하지 않아 데일리 메이크업에도 부담 없이 사용할 수 있었고, 눈두덩이나 애교살에 살짝 올려주면 은은한 반짝임이 만족스러워요.
발색이 진하지 않아서 초보자로 여러번 레이어링하면서 쓰기 좋습니다."
2026-07-23,A000000150361,62857803,2026.07.15,5,0,NORMAL,[NEW 기획] 폴인오트,A02,B03,"C04,C05",2,1575.0,1,0,내추구미는쭈꾸미,진짜 지금 네개?째 쓰고있어요 데일리로 최고ㅠㅠㅠㅠㅠ💕부담스럽지 않은 컬러고 색이 진짜 잘쌓여서 음영넣기도 좋아요 핑크도 적당히 있어서 그냥 올인원 팔레트입니다 저는 안쓰는 색이 없어요 다른 팔레트 있어도 이것만 써요 그냥 사세요
2026-07-23,A000000150361,62919363,2026.07.17,5,0,NORMAL,[기획] 레터프롬스프링,,,,1,1512.0,1,0,햕유,"제 친구가 좋다네요 ㅋㅋ 완전 뽀용 쿨핑크가 아니여서
데일리로 쓰기 조아용.."
2026-07-23,A000000150361,62485615,2026.07.07,5,0,NORMAL,[기획] 시나몬 롤,A02,B05,C13,1,1260.0,1,0,스코빌지수,"홀리카가 섀도우 맛집이라는 건 코덕들은 대부분 아실거 같아요
가루날림도 적고 홀리카 특유의 굉장히 가볍고 포슬한? 섀도우 질감이 굉장히 좋더라고요🫧
시나몬롤 팔레트 색 구성이 그냥 완벽해요
버릴 컬러가 하나도 없다는 건 이런 팔레트를 보고 하는 말이에요
부드러운 음영 메이크업부터 로지한 메이크업까지 두 가지 무드를 연출할 수 있는 아주 쉬운 팔레트
기분 따라 이 두 가지 무드를 골라 쓸 수 있다는게 제일 마음에 들어요🥀🥖
쉬머펄은 애교살에 써주면 기가 막힙니다✨
색 구성 보면 롬ㅇ 쉐이드 앤 섀도우 가든이랑 굉장히 비슷하더라고요
롬ㅇ꺼 힛팬 보일 정도로 잘 쓰던 사람이라 시나몬롤을 차마 지나칠 수는 없었어요
요즘 제 최애 데일리 팔레트"
2026-07-23,A000000150361,62118383,2026.06.30,4,0,NORMAL,[기획] 시나몬 롤,A06,B03,"C01,C02",4,1260.0,1,0,하나봄,"유난히 이 팔레트가 발색력이 좀 약해서 아쉬워요ㅠ
케이스 색상때문인지 어두울거 같은데 생각보단 안어두워요!
딱 봄라이트,봄소프트가 차분하게 사용하거나
피부 밝은 가을웜이 쓰기 무난한 색감같아요ㅎㅎ
쉬머도 역시나 반짝반짝 펄감 이쁘고 증정 섀도우도 베이스로 깔기 너무 이쁩니다!"
2026-07-23,A000000150361,62116420,2026.06.30,5,0,NORMAL,[단품] 02 무니,,,,2,1260.0,1,0,hye2,"❄️ 1순위 겨쿨  스트롱
💧 2순위 겨쿨 딥 
💙 중~저명도/ 고채도 / 탁끼 많이 탐
🤎 워스트 가을 뮤트


✔️ 추천 타입
여름 뮤트 / 겨쿨 스트롱 / 겨쿨 다크
전체적으로  명도가 어둡고 채도가 낮은 차분한 컬러로 구성이 되었어요. 그래서 어느정도 회끼 섞인 모브가 소화되는 쿨 타입이 사용하기 좋습니다. 평소 너무 채도가 높은 컬러는 질리거나 차분한 음영 컬러 팔레트 찾으시는 분들께 강추!

✔️ 제형/ 발림성 
제형은 부드럽게 발리면서 매끈하게 밀착이 됩니다.
입자가 곱다보니 텁텁함 없이 균일한 발리면서 밀착력이 좋아 차곡차곡 음영쌓기 좋은 👍. 

✔️ 사용 후기
겨쿨 스트롱~딥톤에 해당하는 저에게는 데일리로 사용하기 무리가 없습니다. 조합만 잘한다면 멍든 느낌 없이 차분하게 음영쌓기 좋아서 가을 겨울에도 잘 쓸 것 같아요."
2026-07-23,A000000150361,61929408,2026.06.26,5,0,NORMAL,[기획] 유자 시트러스 티,A02,B04,"C01,C09",1,1260.0,1,0,하현달,"info) 노란피부 17호 여름쿨라이트

홀리키홀리카 팔레트는 기획일때 사야만 해요..😇 품절되면 광광 울면서 취소분만 찾아댕겨야 하거든요 ㅠㅠ

특히 유자시트러스는 팔레트에 아이라인 풀 컬러가 없었는데 젤테일로 아이라인 스머지컬러(토프모카) 기획이라 너무너무 좋았어요!!

유자시트러스가 흰기가 많아서 호불호가 많던데 저는 극호였습니다. 일단 이런 구성팔레트가 많이 없고, 저는 페일베이스 유목민이라 ㅠㅠ 팔레트 내에 베이스가 있더라도 탁한게 대부분이거든요. 
유자시트러스는 저한테 안정적인 베이스컬러로 들어가있고 특히 가운데 🍋레몬💫 컬러를 정말 잘 쓰고 있어요 (무펄하이라이터+ 섀도우컬러 밝혀주는 섞발용 으로 꼭 써보세요!)

컬러들이 비슷해 보이기는 하지만 막상 눈에 바르면 그 한끝끗차이가 느껴져요..! 제가 채도가 진짜진짜 안 받는 라이트타입이라 제가 느끼기에는 달랐고, 사람들 눈에는 차이가 안 보일수도 있지만 저는 만족했어요 💗 
그리고 하이라이터가 진짜 예뻐요!!! 솔직히 글리터를 하나 더 넣어줬으면.. 싶긴 한데 쉬머 하이라이터로 꼭 써야 합니다 너무 예뽀요 ㅠㅠ

암튼 유자시트러스로 메이크업한 날 유독 메이크업이 잘 붙고 되게 마음에 들더라고요. 피부톤이 밝은 라이트톤분들 강추 드립니다 🙏🏻🙏🏻🙏🏻"
2026-07-23,A000000150361,62340778,2026.07.05,5,0,NORMAL,[NEW 기획] 폴인오트,,B05,,2,1116.0,1,0,hippoo,왼쪽부터 레프스 폴인오트 유자시트러스인데 레프스도 너무 잘써서 쭈르륵 구매했는데 너무 만족스럽습니다 폴인오트는 레프스의 웜 살구 코랄 버전이에요
2026-07-23,A000000150361,63106281,2026.07.21,5,1,OFFLINE,[단품] 유자 시트러스 티,A01,B02,"C05,C08",0,1080.0,1,0,올리브young한나,"한 달 정도 사용해봤는데 봄웜라이트라면 정말 만족하면서 사용할 만한 팔레트예요. 전체적으로 맑고 화사한 컬러들로 구성되어 있어서 데일리 메이크업 하기에도 부담 없고, 조합도 예뻐서 손이 자주 가더라고요.

특히 노란색 컬러는 무펄 하이라이터처럼 사용해도 자연스럽게 화사해져서 은근 활용도가 높았어요. 발색력도 전체적으로 잘 되는 편이라 여러 번 덧바르지 않아도 원하는 색감이 잘 올라왔습니다.

다만 가루날림은 조금 있는 편이라 브러시에 양을 살짝만 묻혀서 사용하는 걸 추천드려요. 그 점만 제외하면 색감, 발색 모두 만족스러워서 봄웜라이트분들께 추천하고 싶은 팔레트입니다.💛"
2026-07-23,A000000150361,61414354,2026.06.13,5,0,NORMAL,[단품] 14 클래식 포터리,A02,B04,"C08,C12",7,990.0,1,0,휴족,"여쿨 라이트~소프트 사이(중채도,중명도,탁기X, 흰기X) 톤을 가진 사람이에요. 색 구성이 데일리로 완벽하고 색 발색이 생각보다 고급져서 특별한 날에도 어울려요! 쿨톤분들께 추천드리고 싶어요.

이 팔레트의 최대장점이 이거 하나로 베이스(02 베이스, 04 카메오)+ 음영(03코르크, 07 애쉬로즈) + 라이너(09 칼린)+블러셔(01블러쉬, 06 비스크)+하이라이터(05 세라믹)+코 쉐딩(08 스토니)이 가능하다는 거예요. 

그리고 04 카메오 컬러 진짜 오묘하니 너무 예뻐요 ㅜㅜ 이것만 싱글 섀도우로 팔았으면 좋겠어요.  쿨톤 베이스 필수 컬러!
섀도우로 03+04, 04+07 조합 좋아요~~

홀리카홀리카 싱글섀도우와도 비교해보았는데
08 스토니-앙고라  /  03 코르크-그레이캣  /  
07 애쉬로즈 -콜드브루. 이렇게 비슷하더라고요.

활용도 좋아서 바닥나면 재구매할 것 같아요.
가루날림도 적고 밀착력 좋구, 발색 잘 돼요!"
2026-07-23,A000000150361,62118495,2026.06.30,5,0,NORMAL,[기획] 유자 시트러스 티,A06,B03,"C01,C02",3,900.0,1,0,하나봄,"정말 맑고 흔하지 않은 색감이라 마음에 들어요! 봄라이트나 피부 하얀분들이 사용하면 상큼 그자체에요ㅎㅎ
저는 눈가가 칙칙한 편이라 이걸로 1차 깔아주면 화사해요.

쉬머펄감도 색감이나 반짝임이 넘 이쁩니다! 증정으로 받은 젤테일을 생각보다 밝고 흐릿해서 아쉬웠어용."
2026-07-23,A000000150361,62017179,2026.06.28,5,0,NORMAL,[기획] 시나몬 롤,A02,B04,"C01,C09",0,900.0,1,0,하현달,"info) 노란피부 17호 여름쿨라이트

팔레트가 정말 많은데도 손에 꼽게 잘 쓰는 팔레트네요 💗 홀리카홀리카 마이페이브 팔레트 중에서 최애가 시나몬롤이 될 수 있을만할..? 그정도로 마음에 들어요! 

팬만 보면 짙어보이는데 쌓으면 탁하거나 어둡지 않아요. 베이스컬러 피부에 착 붙고, 베이지-브라운 음영도 이목구비 잡아줄 정도로 쌓여서 딱 예뻐요. 로지한 컬러로 울먹포인트 줄 수도 있고, 쉬머들도 진짜 예뻐요 … 
+ 이걸로 하이라이터 한 날 하이라이터 뭐발랐는지 물어보더라고요 ㅎㅎ 코끝에 꼭꼭 활용해보세요 ✨

어둡지 않고 활용도가 높은 로즈팔레트 찾고계셨다면 홀리카 시나몬롤 가장 추천드립니다 💗💗"
2026-07-23,A000000150361,60188833,2026.05.26,5,0,NORMAL,[기획] 시나몬 롤,A02,B04,"C05,C11",21,810.0,1,0,프헤즈,"유자 시트러스티랑 시나몬롤 구매했어요!
최근에 힛팬 날 정도로 애정하는 인생템이 레프스인데 홀리카 팔레트는 신상 뜨면 기획구성도 넘 좋아서 꼭 구매하고 싶어져요🥹

🎨 시나몬롤
로즈+브라운+핑크베이지 색감의 구성으로 너무나도 제 취향의 팔레트예요..🤎 사실 유자랑 시나몬롤 출시하고 유자가 더 심장뛰는 신상이었는데, 사용해보니 시나몬롤이 훨씬 더 마음에 들어요!

레프스나 유자같은 명도일까 싶었는데 이건 발색도 엄청 잘되고 색감도 잘 올라와요! 예전 홀리카 팔레트로 잠시 돌아온 것 같아서 너무 좋았어요🥹💦

버튼업 만큼은 아니어도 핑크올로지, 무니랑 비슷한 발색력이에요! 팬색 그대로 올라온다고 보면 됩니다ㅎㅎ

저한테 버튼업은 좀 진하게 올라와서 손이 잘 안 갔는데 대신 시나몬롤 엄청 잘 쓸 것 같아요! (4, 5번째 사진에 비교발색 있어요🫶🏻)

🎨 요즘에는 글리터를 잘 안 쓰게돼서 팔레트 구성은 매트섀도우+쉬머펄 구성을 제일 좋아하는데, 유자나 시나몬롤 둘다 구성은 너무 맘에 들었어요!

- 특히 2번째 쉬머펄 글레이즈 컬러는 눈앞머리, 애교살, 하라용으로 너무 예뻐요🤎

- 7번째 쉬머펄 앰버 컬러는 홀리카 싱섀 중에 프랄린이랑 완전 비슷해요! 색감있는 애교살용으로 예뻐요.

- 증정 로즈차이티는 블러셔로 써도 예쁘고, 섀도우 베이스로 써도 예뻤어요! 펄감 크게 안 튀고 좋아요ㅎㅎ (마지막 사진에 비교발색 있어요!)

시나몬롤은 다 좋았는데 한 가지 아쉬운 점은 팬이 전체적으로 비뚤어져 있어서 마감이 아쉬웠어요🥲"
2026-07-23,A000000150361,62037118,2026.06.29,5,0,NORMAL,[기획] 시나몬 롤,A01,B06,"C01,C02",3,756.0,1,0,cookkie,가격대도 저렴하고 컬러도 좋아서 자주 손이 가요! 겨쿨인데도 웜 멀멀 다급자 좋아해서 자주 씁니다
2026-07-23,A000000150361,63146642,2026.07.22,5,0,NORMAL,[단품] 유자 시트러스 티,A03,B04,"C01,C02",0,720.0,1,0,멜론토마토,"기대 없이 샀는데 은근 손이 잘 가서 기획으로 젤테일 줄때 살걸 후회했음...ㅠㅠ 확실히 가운데 레몬색은 걍 바르면 아이보리정도로 정리해주는 느낌이라 전체적으로 레몬 느낌은 안나고 붉은기 적은 라이트 코랄? 그런 느낌임
밝은 피부톤에 눈화장 진하게 안하는 사람이라면 추천
클리오 낮잠자는 치즈랑 좀 느낌이 비슷한듯하면서 펄감만 빠진 느낌...? 개인적으로는 명도가 삐아 쿨 스탠다드의 웜 버전 같음"
2026-07-23,A000000150361,62980527,2026.07.18,5,0,NORMAL,[기획] 유자 시트러스 티,,,,0,720.0,1,0,sadrain19,"한 달째 이것만 써요! 봄웜, 라이트 톤 인생 상큼 데일리 팔레트입니다.
구매하고 나서 한 달 동안 거의 매일 데일리 메이크업용으로 사용하고 있어요. 너무 노랗거나 과하게 튀는 유자 색감이 아니라, 은은하고 맑은 시트러스 느낌으로 올라와서 봄웜톤인 제 피부에 찰떡처럼 붙어요. 홀리카 특유의 질감답게 가루 날림이 거의 없고, 손가락으로 대충 슥슥 펴 발라도 눈가에 부드럽게 밀착되면서 투명하게 음영이 쌓입니다. 글리터도 서글거림 없이 바셀린광처럼 맑게 반짝여서 눈 중앙에 톡톡 얹어주면 하루 종일 화사하고 상큼한 눈매를 유지할 수 있어요."
2026-07-23,A000000150361,62784529,2026.07.14,5,0,NORMAL,[기획] 시나몬 롤,A03,B05,C01,0,675.0,1,0,nocatsosad,"산 이후로 계속해서 잘 쓰고 있습니다. 연한 메이크업도 가능하고 좀 진한 메이크업도 가능해서 굉장히 유용하게 쓸 수 있구요. 처음에는펄이 좀 마음에 안 들었는데, 상단에 있는펄은 그 다이소 유명한 총알 브러쉬로 톡톡 해가지고 눈 앞이나 코 또는 애교살 뭐 이런데다가 하이라이터 주기가 굉장히 좋구요. 근데 하단에 있는 글리터는 역시나 좀 어려운 것 같습니다."
2026-07-23,A000000150361,62644905,2026.07.11,5,0,NORMAL,[단품] 11 레터프롬스프링,A02,B03,"C02,C09",0,675.0,1,0,봄웜라에겐녀가꿈,"솔직히 올영팔레트중 색감,지속력,가루날림,케이스디자인..등 어느부분에서든 세손가락안에든다고봄
드래곤볼 싫어하는 내가 드래곤볼하구있으니..

두번째사진은 채도비슷한 얼모스트그레이프랑 비교한거에욤
저는 눈에 유분이 많아서 ㅋㄹㅇ ,ㅌㅋㅍㅅㅋ꺼 쓰면 2시간안에 말끔🥹해집니다
이놈은 8시간이지나도 끄떡없는데 색감까지 고트입니당
이라인중에서 얼모스트그레이프랑 얘가 색감채도가 제일 완벽한듯
나는 진한메이크업안어울린다/ 멀멀한 색감좋아하는 봄웜이다 이리오세요 당신을위한 팔레트입니다.
개이쁘니가 제발사주세요
나믿고,응?
오늘같이 오특하면 19000원에 구매가능
우리다같이 오특 기다리잠♡"
2026-07-23,A000000150361,63129290,2026.07.22,5,0,NORMAL,[단품] 13 얼모스트 그레이프,A03,B02,C13,0,660.0,1,0,뿌링클먹는문동주,역시 유명하길래 사봤는데 넘 좋아요 여쿨뮤트인지 라이트인지 아직 잘 모르겟다만 넘 어울리네예 ㅎㅎ
2026-07-23,A000000150361,60374903,2026.05.30,5,0,NORMAL,[기획] 유자 시트러스 티,A07,B02,"C01,C02",64,630.0,1,0,슈뭉이,"사고나서 일주일에 5번은 꼭! 쓰는 데일리 팔레트

🧡 너무 상콤한 유자 샤베트가 생각 나는 팔레트에요..♡
노란빛 도는 살구 피치톤이고 명도가 매우 높아요!
다른 팔레트에 베이스로 들어갈만한 명도라
피부톤 밝은 라이트톤분들께 발색이 잘 올라올거같아요

🧡 유명했던 레프스와 비교해보아도 매우 밝고,
루ㅁ르 피치팔레트와 비교해보았는데 맨 아랫줄 컬러들은
유사하지만 전체적으로 노란 살구색감이라 달라요!
소장가치 ⭐️⭐️⭐️
젤 최근에 나온 클ㄹ오 배이비 밀크 냥냥도 비교해봤는데
윗줄라인은 비슷한거같아요! 대신 클ㄹ오는 치즈같이 약간 꾸덕한 노란 그런느낌,, 홀리카는 상큼한 유자의 노란 느낌 이랄까.. 명도가 더 밝아보이는데 실제론 비슷해보였고 대신 발색력이 훨씬 뛰어나요! 그래서 더 밝게보이는 감도 있습니당 사실 클ㄹ오 사려고 비교한건데 크게 유니크한 느낌은 아니어서 핑크톤 팔레트있으시면 홀리카 하나 쟁이시는게 어떠실지,, 


🧡 4번째 사진은 유자 컬러말고 세번째 핑크빛 코랄로 포인트& 블러셔 해줬어요!
5번째에선 좀 더 유자 빛 나게 전체적으로 써줬고 언더와 라인 풀어주는것에 젤테일 사용했는데 언더 그려주기 좋네요!!


🧡 증정 젤테일은 라이트톤이 라이너 대용/풀어주는 컬러로 쓰기 왕왕 좋을것같아요

도움이 되셨다면 도움이 돼요 부탁드립니다!"
2026-07-23,A000000150361,60989902,2026.06.06,5,0,NORMAL,[단품] 유자 시트러스 티,A03,B03,"C01,C06",2,558.0,1,0,미리내1,"넘 뽀용해서
눈위에 초록빛컨실러나 톤업해준후
바르면 더 발색이 이뻐요
첫번째 컬러는 하이라이터로 쓰기 아주 딱 좋아요!"
2026-07-23,A000000150361,62995191,2026.07.19,4,0,NORMAL,[NEW 기획] 폴인오트,A03,B03,C13,0,540.0,1,0,lc****,"가루 날림이 심한 편이라 걱정했는데 발색 선명하고 지속력도 길어서(특히 펄) 딱히 레이어링 하거나 수정 할 필요가 없었어용
근데!! 색감은 예쁘지만 육안으로 봤을 때나 실제 발색이나  공홈보다 약간 진한 느낌
봄웜라-봄웜 소프트인데 아주 아주 약간 여쿨 핑크로 올라옵니담
근데 색감 안 받는 코잘봄이라 그런지 차라리 같은 라인 유자 시트러스가 나을 것 같아요
핑잘봄이라면 쉘온더비치나 레터프롬스프링이 나을 듯"
2026-07-23,A000000150361,62718666,2026.07.12,4,0,NORMAL,[NEW 기획] 폴인오트,A03,B05,"C02,C05",0,540.0,1,0,정병코어,"가루날림이 좀 있고 어두운 피부에는 발색이 잘 안돼요ㅠㅠ 펄 컬러 많은건 아쉬운데 뒷트임, 애굣살용 어두운 컬러도있고 베이스로 쓰기 좋은 컬러랑 하이라이팅용 밝은 무펄 컬러도 있어서 좋아요 쓰다보면 쓰는색만 쓰긴하는데 그래도 괜찮은것 같아요"
2026-07-23,A000000150361,63008009,2026.07.19,5,0,NORMAL,[NEW 기획] 폴인오트,A02,B03,,0,528.0,1,0,sunshinetwitty,"전부터 눈에 아른거려서 갖고 싶었는데
기획으로 나왔길래 그냥 샀어요
증정으로 받은 블러셔 색도 이쁘고
팔레트도 버릴 컬러 없이 골고루 다 잘 쓸 것 같아요"
2026-07-23,A000000150361,62990298,2026.07.19,5,0,NORMAL,[기획] 시나몬 롤,A03,B05,"C05,C06",0,528.0,1,0,오쏘리,마지막에 브라운색 칠해서 조금 색깔 보여드리기가 애매해졌지만 정말 정석브라운 컬러입니다 홀리카 팔레트도 다른 제품이랑 뭐 달라했는데 정말 대박 예뻐요
2026-07-23,A000000150361,62990181,2026.07.19,5,0,NORMAL,[기획] 레터프롬스프링,A03,B05,"C05,C06",0,528.0,1,0,오쏘리,매트색만 섞으면 손가락 색깔이 나와요 너무 하얀색이 가미된 컬러가 아니어서 좋아요
2026-07-23,A000000224494,62780929,2026.07.14,5,0,NORMAL, ,A04,B04,C05,33,18630.0,1,1,연평해전,올리브영 제품은 항상 냉장고에 넣고 사용중이에요 화장품냉장고 용량이 작아서 어쩔수가 없네요  일단 이번 제품은 몸에 잘 맞는것 같아요  물론 조금더 사용 해봐야겠지만  며칠 써본 것을 말씀 드리면 일단 얼굴에 과 몸에 잘 맞아요  그리고 일단 트러블이 없어요 트라블이 없다늠것은 엄청 좋은 장점이라 생각해요 요즘 세상이 참 사람들이 이상하고 이상한 제품도 많은데 올리브영은 그렇지 않은것 같아요 항상 그렇게 느껴요 두번째 끈적임이 전혀 없어요  끈적임이 있으면 얼굴에 바르던 다른곳 어디에 바르던 찝찝할텐데 올리브영 제품은 그렇지가 않아서 좋아요  가장 큰 장점인것 같아요  세번째는 그냥저냥 가격이 저렴하다는 거에요  많이6 사놓고 싶지만 그럴수 없는것이 좀 안타깝긴 하지만  제품이 좋아서 그냥 쓰는 편이에요  네번째  쉽게 변질되지 않는것 같아요 아무리 냉장고에 넣어놔도 제품이 별루면 변질 되기 쉬운데  올리브영 제품은  일방적으로 좋어요  일단 제 피부의 유연성이나 부드러움이 많이 개선 되었습니다 눈에 따는 피부 곳곳이 부드럽고 트러블이 없어 졌습니다 항상 잘 사용 하고 있어서 기분이 좋습니다
2026-07-23,A000000224494,62874782,2026.07.16,5,0,NORMAL, ,,,,33,16560.0,1,0,diana0119,"한 달 동안 꾸준히 사용해본 후 작성하는 리뷰입니다. 이 제품은 이번이 벌써 세 번째 구매일 정도로 정말 만족하면서 사용하고 있어요. 원래 피부에 유분이 많은 편이라 트러블도 자주 올라오고 피지 때문에 고민이 많았는데, 이 앰플을 꾸준히 사용하면서 피부 컨디션이 눈에 띄게 안정된 느낌을 받았습니다. 사용감도 끈적이지 않고 가볍게 흡수돼서 아침, 저녁 모두 부담 없이 사용할 수 있었고 다른 스킨케어 제품들과 함께 사용해도 밀림이 없어서 좋았어요. 한 달 동안 사용하면서 피부결도 전보다 부드러워지고 번들거림도 조금 줄어든 것 같아서 만족도가 높았습니다. 트러블이 갑자기 좋아지는 제품은 아니지만 꾸준히 사용하면 피부가 전체적으로 편안해지고 진정되는 느낌이 있어서 계속 손이 가는 제품입니다. 여러 번 재구매하는 이유가 있는 앰플이라고 생각하고 앞으로도 꾸준히 사용할 예정입니다."
2026-07-23,A000000224494,62557733,2026.07.09,5,0,NORMAL, ,A02,B01,"C08,C11",33,15075.0,0,0,도땃쥐,"임신하고 좁쌀처럼 뭉친 뾰루지가 올라와서 자주 손대며 짜서 색소침착생기구 ㅜ 스트레스 받는 와중에 광고 많이 올라와서 반신반의하며 시켜봤어용 
사용하고 좁쌀이나 단단한(?)뾰루지가 많이 들어가고 결정리가 된 거 같아 만족스러워요 !!! 끈적임도 없고 속당김도 없고~ 토너도 같이 사용해볼거에용"
2026-07-23,A000000224494,62601089,2026.07.10,1,0,NORMAL, ,A03,B04,"C05,C08",26,13014.0,0,0,예민보스개복치,와. 효과가 하나도 없어요. 물처럼 줄줄 흘러서 사용감도 별로고요. 피지 연화…? 음….. 네……… 여기까지……^^
2026-07-23,A000000224494,63093318,2026.07.21,5,0,NORMAL, ,A03,B02,"C01,C02",12,9432.0,1,1,MJ007,"우리아이 이것만 사용해요
여드름이 쏙들어갔구요 깨끗해져서 너무 만족하며 사용중예요"
2026-07-23,A000000224494,60855339,2026.06.04,5,0,NORMAL, ,,,,39,5325.0,0,0,seonnnnni,진짜너무좋고… 피부과가서 시술을 받아야하나 생각할 정도로 작년 여름때 모자쓰고 다녀서 화농성으로 번진 여드름들 흉터가 진짜 고민이고 피부과가서 약처방받아도 계속 나서 진짜 너무 몇개월간 스트레스였는데 ㅠㅠ 이거 광고 너무 떠서 좀 반신반의하며 샀는데 !! 한달내내꾸준히사용하니 이마 좁쌀 싹~~~가라앉고 흉터도 거의 없어졌어용 ㅠㅠ 이건 진짜 요오물템임 여드름짜고 위에 바르고 자면 흉터 1도 안생기고 피부재생됨 진ㅁ자 개좋음 추천 안사면 호구
2026-07-23,A000000224494,61705427,2026.06.20,1,0,NORMAL, ,A01,B05,"C05,C07",76,5172.0,0,0,우연히,아니 피지 녹인다는 제품인데 저는 쓰니까 바로 다음날 아침에 화농성 여드름이 오히려 생기더라고요. 피지를 오히려 생기게 하는거같아요. 진심 비추입니다
2026-07-23,A000000224494,60266246,2026.05.28,5,0,NORMAL, ,A03,B02,"C01,C02",39,4698.0,1,0,MJ007,매번 잘쓰는 제품이예요 너무 빨리 쓰는감이 있어서 할인할때 쟁입니다
2026-07-23,A000000224494,60840787,2026.06.04,1,1,OFFLINE, ,,,,100,2979.0,1,0,lalasweet,"사지마세요
인스타광고하도뜨길래 믿고 샀는데 효과 1도 없고 
그냥 얼굴 끈적거리고 끝입미다
돈 날리지 마시공 그냥 이 돈으로 다른 좋은 앰플 사는거ㅊㅊ드려요

((참고로 몇달 전에 샀는데 넘 별로라 절반도 안 씀"
2026-07-23,A000000224494,62817841,2026.07.15,5,0,NORMAL, ,,,,33,2070.0,1,0,jua****,인스타에서 여드름 진정에는 이게 최고라고 해서 구매해봤는데 사용해보니까 확실히 피지를 줄이는데 도움이 되는것 같아요!! 요즘 더운 여름날씨라 여드름에 고민이 너무 많았는데 도움이 되는것같아서 만족스러운 구매에요!! 피지 조절 뿐만 아니라 수분 진정에도 도움이 되는것같아요!
2026-07-23,A000000224494,62764940,2026.07.13,5,0,NORMAL, ,,,,33,2046.0,1,0,smsm****,"만족입니다 넘나 피부가 맑아짐을 느껴요~~~
만족입니다"
2026-07-23,A000000224494,62680605,2026.07.12,5,0,NORMAL, ,,,,33,2046.0,1,1,soy****,"트러블도 빠르게 진정더ㅣ고 진짜 몇통째 쓰고잇야요
너므좋아요 재발사세요ㅠㅠㅠ"
2026-07-23,A000000224494,62380142,2026.07.05,5,0,NORMAL, ,,,,33,2046.0,1,0,밥밥밥디라라,"많이 묽은 느낌인데 뭔가 조금 콧물 느낌으로 늘어나서 신기햇어요 
근데 제가 진짜 개개개지성이여서 유분 많은건 얼굴에서 거부하는데 첨에 바른느낌이 좀 유분감 있는데 시간 지니면 뽀송해짐!!! 너무 신기해여"
2026-07-23,A000000224494,60477500,2026.05.31,3,0,NORMAL, ,A06,B05,"C01,C03",39,1458.0,0,0,소보소보,"순하고 보습이 되는데
인 star 광고를 보고 샀던터라
제품력에는 실망했죠..
전혀 그런 제품력은 없고요..
피지조절을 조금 해준다 정도로 사면 괜찮을 것 같아요
인별 광고에 혹한 ㅠㅜ"
2026-07-23,A000000224494,61895002,2026.06.25,1,0,NORMAL, ,,,,26,1386.0,1,0,shi****,"솔직한 평은, 아 sns 광고에 또 속았다 입니다 ㅠ
2주 이상 써봤지만효과를 전혀 모르겠네요"
2026-07-23,A000000224494,63192214,2026.07.23,5,0,NORMAL, ,,,,0,900.0,1,0,셩아리,"평소 T존 번들거림과 좁쌀 트러블, 꽉 막힌 피지 때문에 고민이 많아서 사용해 봤어요.
​묽고 촉촉하게 흐르는 수분 제형이라 피부에 발랐을 때 끈적임 없이 깔끔하고 산뜻하게 흡수되는 점이 마음에 들더라구요. 아침저녁 스킨케어 단계에서 부담 없이 쓰기 좋고, 다음 단계 크림을 발라도 밀리지 않아서 좋아요.
​꾸준히 사용해 보니 코 주변의 단단하게 뭉쳐있던 속피지가 한결 부드럽게 정리되면서 오돌토돌했던 피부결이 매끄러워진 게 느껴지네요.
유수분 밸런스를 맞춰주어 유분 생성이 줄어들고, 붉게 올라오던 트러블 진정에도 도움이 되는거 같고요.♡"
2026-07-23,A000000224494,63160882,2026.07.22,5,0,NORMAL, ,,,,0,900.0,1,0,사랑스러운동희,"평소에 피부가 쉽게 뒤집히고 기름기도 많아서 
고민이 많았는데 셀라딕스 트러블 세범 리밸런싱 
131 앰플 쓴 뒤로 확실히 피부가 진정되고 유분도 
잘 조절되더라고요 뭐랄까, 자극 없이 깔끔하게 
트러블 케어가 되는 느낌? 그래서 다시 구매 의사 
100%입니다ㅎㅎ 

특히 30ml 용량이라 꾸준히 쓰기에도 부담 없어서 
좋아요~ 향도 과하지 않고 산뜻한 편이라 바르기 
편하고 흡수도 빨라서 아침 저녁으로 바르기에 
딱이었어요 피부가 민감한 분들도 부담 없이 쓸 수 
있을 것 같아요~"
2026-07-23,A000000224494,62907645,2026.07.17,5,0,NORMAL, ,A06,B01,"C05,C07",0,792.0,1,1,밀체,세일할때마다 꼭 구매하는 제품이에요! 제형이 묽어서 여름에 바르기좋아요
2026-07-23,A000000224494,61710649,2026.06.21,5,0,NORMAL, ,,,,35,710.0,1,0,pjs40****,"평소 고민이었던 피지 문제 때문에 여러 제품을 써봤지만, 이 제품은 확실히 피지량을 조절해 주는 느낌을 받아서 사용하면 할수록 피부가 편안해지는 게 느껴졌거든요. 특히 겉도는 기름기뿐만 아니라 속 피지까지 정돈되는 기분이 들어서 피부 결이 한결 매끄러워졌답니다. 끈적임 없이 산뜻하게 마무리되는 제형이라 데일리로 바르기에도 아주 좋았고, 트러블 고민이 있는 분들이라면 꾸준히 사용해 보시길 강력하게 추천드리고 싶어요."
2026-07-23,A000000224494,59951879,2026.05.22,1,0,NORMAL, ,A03,B04,"C05,C08",545,706.5,0,0,예민보스개복치,"너무 바이럴 돌리길래 속는 셈 치고 사봤는데 역시 바이럴 되는 제품은 안 사야겠어요...ㅋ

효과 하나도 없고요, 피지 녹여주는 앰플..? 네 피지고 모공이고 그대로 였어요. 후기 조작 한건가 싶을 정도로 너무 효과가 없어서 당황했네요.

스포이드 누르자마자 물처럼 흘러내려서 바르기도 굉장히 불편하고요."
2026-07-23,A000000224494,63189704,2026.07.23,5,0,NORMAL, ,,,,0,600.0,1,0,guswjd****,"평소에 유수분 밸런스가 깨지면서 턱이랑 볼 주변에 
자잘한 트러블이 자주 올라와서 스트레스였거든요ㅠ
이것저것 써봤는데 가라앉질 않았는데 이거 쓰고 나니까 
피지 분비가 확실히 잡히고 진정되는게 느껴지네요
​제형이 워터리하여 끈적이지 않고 잘 흡수되면서도 
속건조는 잘 잡아주니까 피부가 편안해진 느낌이예요
꾸준히 바르다 보니 뒤집혔던 피부의 붉은기랑 요철이 많이 진정됐고 피부 결 자체가 매끄러워진 게 보여요
트러블케어 특유의 자극도 전혀 없어서 데일리로 정착했어요
용량이 적어서 좀 아쉽긴 하지만 완전 만족해요!"
2026-07-23,A000000224494,63154585,2026.07.22,5,0,NORMAL, ,,,,0,600.0,1,0,초롱이1,"사춘기 트러블 케어, 셀라딕스 앰플 만족!

사춘기 아이의 번들거림과 트러블 케어를 위해 선택했는데 산뜻해서 만족합니다. 💚

🌟 장점

🌿 끈적임이 적고 산뜻하게 흡수되어 부담 없이 사용할 수 있습니다.

💧 유수분 밸런스를 잡아주는 느낌이라 번들거림 관리에 좋습니다.

✨ 트러블 고민 부위에 꾸준히 사용하기 편한 제형입니다.

👦 사춘기 피부도 자극 없이 데일리 케어하기 좋았습니다.


💕 총평

사춘기 아이 얼굴에 트러블이 자주 올라와 이것저것 비교해보다 구매했습니다. 
제형이 가볍고 끈적이지 않아 아이도 부담 없이 바르고, 흡수도 빨라 아침저녁으로 사용하기 좋네요. 사용 후 피부가 한결 산뜻해 보이고 번들거림도 덜한 느낌이라 만족하고 있습니다. 

꾸준히 사용하면서 트러블 관리에 도움이 되길 기대하며 계속 사용할 예정입니다. 😊"
2026-07-23,A000000224494,63196899,2026.07.23,5,0,NORMAL, ,,,,0,500.0,1,0,꾸꾸몽,"자극없이 순한 제품이라서 
발림성이 엄청 좋은데요??
끈적임이 별로 없으니까 
바르고 피부에 흡수력도 좋고 
예민 피부에도 잘 맞아서 꾸준히 써보고 있는데 
트러블도 좋아지고 주름 미백에도 좋으니
피부결이 좋아보여서 그런가 
피부 좋아졌단말 많이 듣고있어요 ㅎㅎ
고보습이라서 건조하고 민감해진 피부에 
촉촉하게 만들어주니 좋아요"
2026-07-23,A000000224494,61174081,2026.06.08,5,0,NORMAL, ,,,,43,420.0,1,0,diana0119,일단 저는 처음에 유튜브랑 틱톡에서 보고 혹시나 하는 마음에 한번 구매을 해봤는데 한 2주 써보니까 피부에 변화가 딱 느껴지더라고요 그래서 꾸준히 발라주니까 여드름도 덜나고 흉터나 흔적도 많이 없어 졌어요 이미 한통을 비워서 또 구매했어요 진짜 여드름성 피부인 분들과 피부가 예민한 분들은 꼭 한번은 써보길 추천드려요 진짜 너무 너무 좋아요.
2026-07-23,A000000224494,60420452,2026.05.31,5,0,NORMAL, ,A03,B04,"C01,C10",57,378.0,1,1,야리,트러블피부라서 없으면 불안해요ㅠㅠㅠ 이게 그래도 나아지고 있어요 일년넘게 쓰는중입니다
2026-07-23,A000000224494,60152976,2026.05.26,5,0,NORMAL, ,A03,B02,"C01,C02",29,378.0,1,1,콩짱콩짱,트러블과 과다 피지로 고민하는 피부에 사용하기 좋은 앰플이에요. 묽고 산뜻한 제형이라 끈적임 없이 빠르게 흡수되며 피부에 부담이 적어 데일리로 사용하기 좋아요.
2026-07-23,A000000224494,63162812,2026.07.22,5,0,NORMAL, ,,,,0,300.0,1,0,rnt****,"[내돈내산] 셀라디스 트러블 세범 리밸런싱 앰플 후기

요즘 피부 트러블 때문에 고민이라 구매했는데 만족스러워요! 제형이 가볍고 자극 없이 순해서 예민한 피부에도 편안하게 발립니다.
피지 분비 조절에도 도움을 주고 속건조를 잘 잡아줘서 촉촉함이 오래 유지돼요. 꾸준히 쓰니 피부 결도 한결 매끄러워진 느낌입니다. 트러블로 고민이신 분들께 추천해요!"
2026-07-23,A000000224494,60422094,2026.05.31,5,0,NORMAL, ,A06,B02,"C03,C04",31,270.0,0,0,웰컴2026,"피지가 좀 연화된다고 해서 기대하고 샀는데 음..
잘은 몰겠지만 트러블나거나 피부 뒤집히느게 없어서 잘 쓰고 있어요ㅎㅎ

셀라딕스 워낙 유명해서 믿고 산것도 있지만, 
엄청 좋다도 아니고 엄청 안조ㅗㅎ다도 아닌
딱 중간정도라서 다음엔ㄴ 재구매 안할 듯 싶어요

엄청나 ㄴ드라마틱한 효과는 없지만
예방차원에서 꾸준히 잘 발라주고 있답니다!"
2026-07-23,A000000224494,63198830,2026.07.23,5,0,NORMAL, ,,,,0,200.0,1,0,sb****,"트러블이 자주 올라오고 피지 때문에 오후만 되면
얼굴이 번들거려 고민이 많았는데, 앰플 사용하고
피부 컨디션이 한결 안정된 느낌이에요.
제형은 너무 무겁지 않고 산뜻하게 흡수되어
끈적임이 거의 없어 아침, 저녁으로 부담 없이
사용하기 좋았어요.
며칠 꾸준히 발라보니 붉게 올라오던 트러블이
조금씩 진정되는 것 같았고, 유분감도 예전보다 덜 
느껴져 메이크업도 오래 유지되요.
자극 없이 순하게 사용할 수 있었고, 사용 후 피부가 
촉촉하면서도 깔끔하게 마무리되는 점이 특히 마음에 들었어요."
2026-07-23,A000000224494,63197410,2026.07.23,5,0,NORMAL, ,,,,0,200.0,1,0,5x****,"SNS에서 조유리 앰플로 유명해서 주문해봤어용! 피지를 잡아주는 앰플이라고 하더라구용! 요즘 여름이라서 피지 엄청나고 번들거리는데 속은 건조해서.. 또, 코와 턱처럼 피지가 쉽게 뭉치고 오돌토돌해지는 부분에 꾸준히 바르니 피부결이 매끄럽게 정돈된다구해서 구매! 피지를 무조건 말리는 방식이 아니라 단단한 피지를 부드럽게 관리하면서 보습 밸런스까지 챙길 수 있다던데! 효과 기대해봅니당 ㅎㅎ

제형이 묽고 산뜻하게 펴 발려 세안 후 첫 단계에 사용하기 좋고, 여러 번 덧발라도 무겁거나 끈적이는 느낌이 거의 없어용! 여드름성 피부 적합 테스트도 완료된 제품이라 예민해진 날에도 비교적 부담 없이 사용할 수 있겠습니당 ㅎㅎ 소비기한도 넉넉!

번들거림, 모공 주변 피지, 속건조를 함께 관리하고 싶은 분께 추천!!"
2026-07-23,A000000239102,62310958,2026.07.04,5,1,GIFT,히알루론산 1매,,,,30,10260.0,1,0,좋아좋아요,"피부가 쉽게 건조해지는 편이라 보습용 마스크팩을 자주 사용하는데, 한 달 동안 사용하면서 만족도가 높았던 제품입니다. 에센스 양이 넉넉해서 얼굴뿐 아니라 목까지 함께 사용할 수 있었고, 시트도 얇고 밀착력이 좋아 움직여도 쉽게 들뜨지 않았습니다. 사용 후 가장 만족스러웠던 부분은 피부가 촉촉하게 수분을 머금은 느낌이 오래 유지된다는 점이었습니다. 끈적임은 적고 산뜻하게 마무리되어 계절에 상관없이 사용하기 좋았으며, 다음 날 메이크업도 훨씬 잘 먹는 느낌이 들었습니다. 피부가 예민할 때 사용해도 자극이 거의 없었고, 냉장고에 넣어두었다가 사용하면 진정감이 더욱 좋아 만족스러웠습니다. 중요한 일정 전날이나 피부가 건조하다고 느껴질 때 사용하기 좋은 제품이며, 한 장만 사용해도 피부 컨디션이 한결 좋아지는 느낌을 받을 수 있었습니다. 수분 공급이 필요한 분들에게 추천하고 싶은 마스크팩이며, 앞으로도 꾸준히 사용할 생각입니다."
2026-07-23,A000000239102,62310984,2026.07.04,5,1,GIFT, 콜라겐 1매,,,,25,8460.0,1,0,좋아좋아요,"탄력이 부족하다고 느껴질 때 사용하기 위해 선택했는데 기대 이상으로 만족스러웠습니다. 시트가 피부에 빈틈없이 밀착되어 에센스가 끝까지 고르게 전달되는 느낌이 들었고, 사용 시간 동안 마르지 않아 촉촉하게 관리할 수 있었습니다. 에센스 양도 넉넉해서 얼굴뿐 아니라 목과 팔까지 사용할 수 있었고, 떼어낸 후에는 피부가 한층 탱탱하고 윤기가 살아난 느낌을 받을 수 있었습니다. 끈적임 없이 흡수되는 점도 좋았고, 다음 날 아침 피부가 매끄럽고 화장이 잘 받는 느낌이라 더욱 만족스러웠습니다. 중요한 약속이 있는 전날 사용하기에도 좋았고, 피부가 푸석해 보일 때 사용하면 컨디션이 좋아지는 느낌이었습니다. 자극도 거의 없어 편안하게 사용할 수 있었으며, 시트가 쉽게 찢어지지 않아 사용감도 만족스러웠습니다."
2026-07-23,A000000239102,63053990,2026.07.20,5,0,NORMAL, 하이퍼 콜라겐 8+1매,A03,B01,"C03,C10",8,7560.0,1,1,고양이나비,"사용해보고 너무 만족해서 이번에 또 재구매했습니다 
피부에 밀착력이 좋아서 흘러내리지 않고 편하게 사용할 수 있었고 사용하고 나면 피부가 탱탱하고 촉촉해진 느낌이 들어 꾸준히 찾게 됩니다 
자극도 거의 없어서 부담 없이 사용할 수 있고 앞으로도 계속 재구매할 예정입니다
9장이나 들어있어서 든든해요"
2026-07-23,A000000239102,62949452,2026.07.18,5,0,NORMAL,히알루론산 1매,A04,B01,"C05,C09",8,7272.0,1,1,하이구,건조함이 심하게 느껴지는 주에 매일매일써도 자극이 전혀 없어 좋더라구요!
2026-07-23,A000000239102,62885844,2026.07.16,5,1,OFFLINE, 콜라겐 1매,A03,B01,"C02,C03",8,7272.0,1,0,Neea,"콜라겐생성으로 압도적으로 탄력케어되서 좋아요 
메디힐 하이퍼 마스크 겔마스크 콜라겐~~"
2026-07-23,A000000239102,62933917,2026.07.17,5,1,OFFLINE, 콜라겐 1매,A01,B06,"C02,C06",8,6840.0,1,1,청포도greengrape,"몇번을 사는지 모르겠어요!!!
시트가 두꺼워서 오래 붙여놔도 건조함 없이 촉촉하고 피부가 탱글해져요. 솔직히 가격이나 퀄리티나 바이오던스를 압도한다고 생각합니다!!!! 
프리메라 바이오던스 닥터자르트 닥터지 더마픽스…
등등 여러 겔마스크 써봤지만 이게 제 기준 겔마스크 1등입니다.👍"
2026-07-23,A000000239102,63026373,2026.07.19,5,0,NORMAL,마데카소사이드 1매,A03,B02,C11,8,6552.0,1,0,쭈블리엄,촉촉하고 하고나면 확실히 피부가 진정되는 기분이예요ㅋ재구매할듯
2026-07-23,A000000239102,62106271,2026.06.30,5,1,OFFLINE, 콜라겐 1매,A03,B03,C03,27,6516.0,0,0,젭아리,메디힐 하이퍼 마스크  겔마스크 콜라겐이라 촉촉하니 좋아요
2026-07-23,A000000239102,63050209,2026.07.20,5,0,NORMAL, 하이퍼 콜라겐 8+1매,A03,B01,"C03,C10",6,6120.0,1,1,장은희,"이전에 사용해보고 만족도가 높아서 이번에도 망설임 없이 재구매했습니다
 중요한 약속이나 외출 전날 사용하면 다음날 피부가 한결 생기 있어 보이는 느낌이라 자주 찾게 되더라구요
사용 방법도 간단해서 바쁜 날에도 부담 없이 관리할 수 있었고 피부에 편안하게 밀착돼 사용하는 동안 불편함도 없었습니다 
꾸준히 사용하기 좋고 스킨케어 루틴에 자연스럽게 추가하기 좋은 제품이라 만족하고 있습니다
 한 번 써보고 마음에 들어 이제는 떨어지기 전에 미리 주문해두는 제품이 됐습니다
 앞으로도 꾸준히 사용할 예정입니다"
2026-07-23,A000000239102,63003735,2026.07.19,5,0,NORMAL, 하이퍼 콜라겐 8+1매,A02,B05,,8,5700.0,1,0,올리브영이돈가져감,"저는 정말 민감성이라서 마스크팩도 쉽게 못사는데
메디힐은 유일하게 제 피부가 안뒤집어진 마스크팩이라 한번 믿고 구매해보았는데요 네.역시 메디힐이였습니다
피부 안뒤집어졌구요 콜라겐이라서 그런지 좀 늘어났던 모공이 기강이 잡혔오요(=작아짐) 글고 아침에 세수해도 있는 속광이...부잣집 딸래미가 되어버렸어요
혹시나싶어서 자기전에 붙이고 한번 자봤는데 피부당김,건조함 하나도 없었고 마스크팩이 밀착력이 대박입니다 
저의 심한 잠꼬대에도 얼굴에 잘 붙어있었습니다
아무래도 2~3시간 붙이고 있어야하니 잘때 사용해도 ㄱㅊ했어요 전
시트의 두께는 아무래도 조금 두껍고 안에 에센스양도 꽤 있어서 놀랬습니다
아마 이제 매번 챙기는 물건이 될 것 같네요 ㅎㅎ"
2026-07-23,A000000239102,62821312,2026.07.15,5,0,NORMAL, 하이퍼 콜라겐 8+1매,A02,B01,"C02,C04",8,5670.0,1,1,뽀용둥이,"메디힐팩은 집에 꼭 있어야하는제품이에요
피부 탄력떨어지고 워낙 건성피부라서 팩안하면 피부 비수기에 화장이 너무뜨거든요ㅠㅠ 
처음 얼굴에 팩 올리는 순간 피부에 딱 밀착잘되서 팩하면서 집안일 할수있어요 예전에  사용하던 마스크팩들은 시간이 조금 지나면 금방 마르는편이 라 중간에 에센스를 덧발라주곤 했는데, 이 팩은 끝까지
촉촉함이 유지돼서 그런 번거로움이 없어서 좋아요
요즘 피곤해서 피부도 많이 지쳐 있었는데, 저녁에 팩해주면 피부가 촉촉해지면서 생기찾는느낌이에요ㅎㅎ다음 날 메이크업할땐 완전 다릅니다
파운데이션이 평소보다 매끈하게 밀착되고 들뜸도 적어서 피부 컨디션 차이가 확실히 느껴져요
그래서 중요한 약속이나 특별한 날 전날에는 꼭 찾게 되는 팩이에요ㅎㅎ"
2026-07-23,A000000239102,62720733,2026.07.12,5,0,NORMAL, 하이퍼 콜라겐 8+1매,A03,B04,"C01,C05",8,5670.0,1,1,수연13,밀착력이 좋아서 일주일에 한 번은 꼭 사용하고 있는 메디힐 겔 마스크팩이에요^_^ 밀착력이 좋아서 얼굴에서 흘러 내리지 않아서 집에서도 편하게 붙이고 있을 수 있구요. 3시간 정도 만에 흡수도 되는 것 같아서 데일리로 관리하기 좋은 마스크팩이에요ㅎㅎ 사용하고 나면 피부 컨디션이 좋아져서 주기적으로 사용합니다!
2026-07-23,A000000239102,62712006,2026.07.12,5,0,NORMAL, 하이퍼 콜라겐 8+1매,A02,B02,"C01,C02",8,5670.0,1,1,룰룻,"날씨가 워낙 더워서.. 요즘 화장 두껍게 못하겠더라고요..?
조금만 두꺼워져도 습한 날씨에 화장 무너지는 느낌도 들고 
저도 피부가 답답한게 느껴져서 최대한 얇게 다니다보니
피부상태가 많이 신경쓰이는데.. 
하이퍼팩 한번이면 바로 상태 업업됩니당 ㅋㅋ
시트팩은 보통 10분-30분이라 아무래도 시간이 짧잖아요
근데 요런 하이퍼마스크팩은 자는 내내 오랜시간 붙이고 있어서 정말 일어나면 피부에서 빛이 나요 ㅋㅋ
약속있거나 미팅있는날 꼭 사용하는데 피부좋다는 소리 종종 듣습니다 !!ㅎㅎ
많이 건조하고 탁한 피부라서 좀 신경써야할때는 전날 꼭 붙여주고있어요. 귀찮지 않아서 더 자주 쓰는듯해요!
조만간 여름휴가갈때도 챙겨가려고요 ㅋㅋ
하루종일 혹사당한 피부에 상태 업 할때 증말 필수 ㅎㅎ"
2026-07-23,A000000239102,62699701,2026.07.12,5,0,NORMAL, 하이퍼 콜라겐 8+1매,A03,B01,"C03,C10",8,5670.0,1,1,쭈쭈내꺼,"메디힐 하이퍼 겔마스크는 몇십 번째 재구매할 정도로 정말 만족하는 제품입니다
 피부가 예민하거나 푸석한 날에는 꼭 사용하게 되는데 사용하고 나면 피부가 촉촉하고 매끈해진 느낌이 들어 꾸준히 찾게 되더라구요 
밀착력도 좋아서 흘러내림 없이 편하게 사용할 수 있고 에센스도 충분해서 사용 후 남은 내용물은 목과 팔까지 발라주고 있습니다
 중요한 약속 전날에도 꼭 사용하는 제품이라 집에 항상 쟁여두고 있으며 앞으로도 계속 재구매할 예정입니다"
2026-07-23,A000000239102,63049027,2026.07.20,5,1,OFFLINE, 콜라겐 1매,A02,B05,"C01,C04",8,5460.0,1,0,탱2라구,너무 좋은거같아요  콜라겐이라 피부탄력이 좋아요..!!
2026-07-23,A000000239102,62934982,2026.07.17,5,0,NORMAL, 콜라겐 1매,,,,8,5460.0,1,0,허허919,여름철에 피부 열감 내리기에 딱 좋습니다. 피부에 밀착되어 잘 흘러내리지도 않아요.
2026-07-23,A000000239102,62876582,2026.07.16,5,1,OFFLINE,마데카소사이드 1매,A03,B02,"C01,C05",8,5460.0,1,1,haengbokhaja,매우매우 좋습미다 앞으로도 구매하려구여!!!&gt;&lt;!!!
2026-07-23,A000000239102,62822087,2026.07.15,5,0,NORMAL, 하이퍼 콜라겐 8+1매,A03,B01,"C01,C06",8,5454.0,1,0,삥삥뽕뽕뿌,한장 사서 써보고 ㄱㅊ길래 기획으로 사서 쟁여뒀어요 아침에 시간많은날 하고 화장하면 좋더라고용
2026-07-23,A000000239102,63023241,2026.07.19,5,1,GIFT,하이퍼 마데카소사이드 마스크 4매,A02,B01,C05,7,5400.0,0,0,Kmkm9x,피부가 예민하거나 붉어졌을 때 사용했는데 진정 효과가 만족스러웠습니다. 겔 타입이라 밀착력이 뛰어나고 쉽게 마르지 않아 끝까지 촉촉하게 사용할 수 있었어요. 사용 후 열감이 줄어들고 피부가 편안해지는 느낌이 들어 재구매하고 싶은 제품입니다.
2026-07-23,A000000239102,62828968,2026.07.15,5,0,NORMAL,PDRN 1매,A03,B03,"C04,C06",9,5130.0,0,0,카페라떼아이스,"🔍 user info
: 저는 t존은 유분기가 있는 지성이고 볼쪽은 살짝 속건조가 있는 수부지 피부입니다!!

🤍 구매 계기
: 요즘 겔펙(수면팩)이 유행인데, 항상 쓰던 브랜드꺼만 쓰다가 시트팩으로 유명한 메디힐에서도 나왔길래 구매해보았습니다!

🤍 사용 방법
: 저는 밤에 샤워를 끝내고 모든 스킨케어를 마친 후 (크림까지 꼼꼼하게 바르고) 자기 전에 팩을 붙이는 방법으로 사용해주었습니다! 제가 지성이라 그런지 이렇게 해도 다음날 크게 건조하다는 느낌이 없었고 피부에 흡수가 잘 되었습니다.

🤍 효과
: 다음날 일어났을 때 확실히 피부 컨디션이 좋아보였어요! 광도 돌고 해서 중요한날 전날에 붙이고 자는걸 추천드립니다!

세일할 때 사서 가격도 적당하고 피부에 자극도 없어서 저는 종종 구매해볼 것 같아요! 개인적으론 pdrn보다 콜라겐이 더 광이 도는 느낌이라 다음에는 콜라겐 구매할 것 같아요!"
2026-07-23,A000000239102,62821742,2026.07.15,5,0,NORMAL, 하이퍼 콜라겐 8+1매,A04,B01,"C03,C04",8,5130.0,1,1,goodwde150,"메디힐팩 쓰면서 가장 마음에 드는건 촉촉함과 밀착력이에요 겔마스크팩이라 탱글하고 부드러워서 얼굴 굴곡진 부분까지 들뜸 없이 착 달라붙어요
향도 위적인 그런 향이 아니여서 너무
좋아요
피부가 많이 민감한 편이 라 성분이 안 맞으면금방 불어지는데, 이제품은 순한 성분 덕분인지 자극이나 따가움이 전혀 없었어요
팩 떼고나면 수분이 꽉 찬 느낌이들었어요
겉만 번들거리는 게 아니라 속건조를 제대로 잡아주어 피부가 쫀쫀하고 맑아진 게 눈으로 보여요
팩떼고나도 끈적임없이 피부 부드러워지고
완전 만족하면서 쓰고있어요"
2026-07-23,A000000239102,62821664,2026.07.15,5,0,NORMAL, 하이퍼 콜라겐 8+1매,A07,B02,"C01,C02",8,5130.0,1,1,eun307,"팩하고나면 피부가 진짜 촉촉해져요 올영인기제품엔 이유가 있는듯요~! 쿨링감도 있어서 피부모공 쫀쫀해지는느낌이구 주 2~3회 정도 사용했을 때, 피부의 탄력과 수분감이 눈에 띄게 좋아지더라구요
피부결도 좋아지고 피부 진정도되서 피부톤도 균일해진 것같아요
피부가 푸석푸석하지않고 촉촉해지니까 잔주름도 많이 없어진거같아서  꾸준히 사용하고있어요
다음날 화장하면 광나는 피부가되요~!
자극없는 팩이라 민감한피부에도 쓰기 좋을거같아요 저희엄마도 좋아하는팩이라 매번 사서 같이 쓰는제품이에요~!"
2026-07-23,A000000239102,62802597,2026.07.14,5,0,NORMAL, 하이퍼 콜라겐 8+1매,,,,8,5130.0,1,1,귀여운밤톨이,"요즘 지인 포도밭에가서 좀 도와줬더니 피부가 뜨거워지고 더워서 집에 와서 바로 콜라겐으로 팩했더니 쿨링효과가 짱이네요.
피부에 쫀쫀하게 밀착돼서 잘 흘러내리지도 않고, 떼고 나면 피부가 촉촉하면서 탱탱해진 느낌이면서 확실히 온도가 내려가는것 같아요. 다음 날 화장할 때 피부결이 매끈하고 은은하게 광도 돌아서 중요한 일정 전날 사용하기 좋더라고요ㅎㅎ 8+1매 구성이라 아끼지 않고 꾸준히 쓰기에도 좋아요"
2026-07-23,A000000239102,62794325,2026.07.14,5,0,NORMAL, 하이퍼 콜라겐 8+1매,A03,B01,C01,7,5130.0,1,1,장성희,"메디힐 마스크팩은 항상 재구매하는 제품이라 떨어지기 전에 미리 쟁여두고 사용하고 있습니다 
피부가 푸석하고 건조할 때 사용하면 촉촉함이 오래 유지되고 다음날 피부가 한결 탱탱하고 윤기 있어 보여서 만족스럽습니다 
겔 타입이라 피부에 밀착도 잘 되고 에센스가 충분해서 사용 후에도 촉촉한 느낌이 오래가더라구요
 중요한 약속 전날에도 꼭 사용하는 제품이고 꾸준히 사용하기 좋은 마스크팩이라 앞으로도 계속 재구매할 생각입니다"
2026-07-23,A000000239102,62536031,2026.07.08,5,0,NORMAL, 하이퍼 콜라겐 8+1매,A03,B01,"C01,C02",8,5130.0,1,1,이다곰,"제가 너무나애정하는 마스크겔팩!!! 메디힐팩중에 감히 일등이라고 말하고 싶은 그 팩이에요. 네 맞습니다. 아니, 이렇게 혜자스러운 겔 마스크팩이 어디 있나요 요즘 콜라겐 팩진짜 정말 많지만 메디힐 콜라겐마스크팩 만큼은 진짜 이렇게 행사 할 때 하나라도 빨리쟁이라고 말씀 드리고 싶어요.
품절전에쟁이세요 행사할때 한장이러더 도 챙겨줄때
쟁이란말씀입니다 :) 
스페셜케어가 집에서 세시간으로 가능하다니까요 진짜 
 홍조도 잡아주고 민감한 피부도 한시간 이상 붙여도 전혀 뾰루지 없고 자극 없고 초크초크 다음날 피부결이 달라요달라 
이건진짜 써봐야알아요 핑크빛 콜라겐이 피부안으로 쏙쏙 
추천합니다!"
2026-07-23,A000000239102,62525878,2026.07.08,5,1,OFFLINE, 콜라겐 1매,A03,B01,"C01,C02",8,5130.0,1,0,Lalala121,"피부가 푸석하고 탄력이 떨어진 것 같아 사용해봤는데, 겔 마스크가 피부에 밀착되는 느낌이 좋고 사용 후 피부가 촉촉하고 탱탱해진 느낌이라 만족스러웠어요. 중요한 약속 전이나 피부 컨디션이 아쉬운 날 사용하기 좋은 제품이었습니다!!

❤️ 밀착력이 정말 좋음
겔 타입이라 피부에 빈틈없이 착 붙어서 움직여도 잘 떨어지지 않았어요. 에센스가 흘러내리지 않아 사용하기 편했습니다!

❤️ 사용 후 촉촉한 보습감
마스크를 떼어낸 뒤 피부가 건조하지 않고 수분감이 오래 유지되는 느낌이었어요ㅎㅎ 속당김도 한결 덜했습니다!

❤️ 피부가 탱탱해 보이는 느낌
사용 직후 피부에 자연스러운 윤기가 돌고 피부결이 매끈해 보여 메이크업도 더 잘 받았어요~~

❤️ 에센스가 넉넉함
겔 마스크에 에센스가 충분히 담겨 있어 목이나 팔에도 함께 바를 수 있을 정도였습니다!

❤️ 자극 없이 순한 사용감
피부가 예민한 날에도 따갑거나 자극 없이 편안하게 사용할 수 있었어요!

❤️ 특별한 날 사용하기 좋음
중요한 일정이나 메이크업 전에 사용하면 피부 컨디션을 끌어올리는 데 도움이 되는 느낌이었습니다!"
2026-07-23,A000000239102,62980434,2026.07.18,5,0,NORMAL, 하이퍼 콜라겐 8+1매,,,,8,5040.0,1,1,꽁떡,"여름만 되면 기름좔좔... 지성 피부입니다..ㅎㅎ
지성 피부여도 피부가 촉촉탱탱 꿀 피부였으면 좋겠는 것은 매한 가지
하지만 일반 시트팩을 하고 나면
뭔가 더 기름지는 것 같기도 하고
얼굴이 너무 미끄덩거린다고 해야 할까요?
느낌이 영 안 좋아서 콜라겐팩을 쓰기 시작했는데

이거는 에센스 줄줄 흐르는 듯한 느낌도 없고
오래 붙이고 있을 수 있어서 자기 전에 하기도 딱 좋고
밀착력이 좋아서 팩을 하고 누워 있지 않고 활동을 해도
흘러내리는 게 없어서 참 좋더라고요

2-3시간정도 지나면 콜라겐이 피부에 흡수된 게 눈으로 보이니까 더 자주 하게 되는 듯요 ㅎㅎ"
2026-07-23,A000000239102,62780967,2026.07.14,5,0,NORMAL, 하이퍼 콜라겐 8+1매,A01,B01,"C01,C06",7,4914.0,1,1,머랭고냥이,"2-3시간만에 겔 마스크팩이 얼굴에 흡수되는 느낌이구
다른 책들보다 밀착력이 좋은 느낌이라 계속 사용하게 돼요~
피부 컨디션도 좋아지는 느낌이라 전체적으로 만족합니다!
잘 사용할게요 :)"
2026-07-23,A000000239102,62773585,2026.07.14,5,0,NORMAL, 하이퍼 콜라겐 마스크 4매,A06,B06,"C01,C03",8,4914.0,1,0,낭낭낭낭낭,유명해서 사봤는데 좋네요 콜라겐 채워주기 좋아요 오래 올려놔도 돼서 맘에 들어요
2026-07-23,A000000239102,61951157,2026.06.26,5,1,OFFLINE, 콜라겐 1매,A05,B04,"C01,C02",33,4716.0,1,0,밍숭맹숭올리비아,겔자체가 찰방하고 촉촉해요. 밀착력도 나쁘지 않고 흘러내림 거의 없이 잘 붙어있어요. 시원하고 속광 올라와서 좋았어요.
2026-07-23,A000000217767,62882130,2026.07.16,5,0,NORMAL, ,A02,B02,"C01,C08",1,2232.0,1,0,ZZ바라기,"이거 좋아요
보습짱이고요
밀리지않고요
건조한피부에도 딱~~! 좋습니다."
2026-07-23,A000000217767,62968762,2026.07.18,4,0,NORMAL,150ML 2입,,,,0,1008.0,1,0,마이쥬,"사용하기전이긴한데 예전에 조카들 사용하는거보고 순한 제품인듯해서 구입했어요~
또 요즘 세라마이드?가 엄청 유행이잖아요!!"
2026-07-23,A000000217767,62640094,2026.07.11,5,0,NORMAL, ,,,,1,945.0,1,0,난이2,에스트라랑 비슷해요 근데 갠적으로 에스트라는 너무 미끌거리는데 이건 좀 쫀쫀하게 흦수되는느낌 유분막씌워주는 느낌입니다
2026-07-23,A000000217767,62927160,2026.07.17,5,0,NORMAL, ,A02,B03,"C01,C04",0,900.0,1,0,지훈와이프,"동생꺼 써보고 너무 조아서 따라삿어요..
진짜 얼마나 좋냐면요.. 이렇게 끈적이지 않는 크림 로션은 처음이에요..ㅠ
끈적이는거 진짜 싫어해서 화장하기전에 세럼만 바르는데 이거는 진짜 끈적임이 전혀없어요 근데 또 보습은 엄청나서 화장전에 쓰면 진짜 좋을것같애서 안살수없엇습니다..
꼭 써보세요.. 진짜🐶 좋습니다.."
2026-07-23,A000000217767,62169717,2026.07.01,5,0,NORMAL,150ML 2입(+몬치치손거울증정),A01,B01,"C05,C07",0,756.0,1,0,ah31046,"민감한 피부에 바르면 좋아요 
촉촉해서 피부에 각질 하얗게 일어났을 때 바르기 좋네요 
튜브형이라 여행 갈 때 가져가기도 편해요"
2026-07-23,A000000217767,62008241,2026.06.28,5,0,NORMAL,150ML 2입(+몬치치손거울증정),A02,B03,"C01,C02",0,756.0,1,0,오올챙,"고보습 크림인데도 오일리하게 겉도는 느낌이 없어요. 피부 겉에 보습 장벽을 한 겹 씌워주는 느낌으로 마무리됩니다. 바르고 속당김이 전혀 없고, 거칠었던 피부 결이 보들보들해집니다."
2026-07-23,A000000217767,63139720,2026.07.22,5,0,NORMAL, ,,,,0,660.0,1,0,어쪄라구요,배송 진짜 한 12시간만에 왔나..? 진짜 놀랐고 효과도 나쁘지 않아서 좋아요 !
2026-07-23,A000000217767,62975742,2026.07.18,5,1,OFFLINE,150ML 2입(+몬치치손거울증정),A02,B02,"C01,C02",0,660.0,1,0,행복한사람,울 큰아들이 아토피가 쫌 있는데 이크림이 잘 맞더라구요. 그래서 몇년째 잘 쓰고있어요. 건정에 좋더라구요. 아주 만족해요.
2026-07-23,A000000217767,62587855,2026.07.10,5,0,NORMAL, ,A03,B02,"C01,C02",0,594.0,1,0,난향,"일리윤 집중크림은 이번에  중등 아들이 사용을 좀 해보려고..
구매를 해봤는데 순하고 무난한 크림으로 괜찮은거 같아요^^"
2026-07-23,A000000217767,62288879,2026.07.04,5,0,NORMAL,150ML*2 + 30ML,,,,0,540.0,1,0,오드리덮밥,진짜 아토 크림 없으면 못 살아요.. 가격도 착하고 용량도 많고 진짜 나이트루틴 때 꼭 마지막에 발라요!! 겨울철에 진짜 피부 예민해져서 다 뒤집어지고 난리도 아녔는데 주변에서 아토 크림을 추천해주더라고요 가격도 나쁘지 않아서 일단 샀는데 진짜저이제이거없으면못사요ㅠㅠ 이 가격에 이 성능 가진 크림 아토 크림 말곤 없어요 진짜ㅜㅜ 피부 장벽 약하시거나 예민하신 분들 진짜 추천드려요
2026-07-23,A000000217767,62000461,2026.06.28,5,0,NORMAL,150ML 2입(+몬치치손거울증정),A01,B01,"C04,C05",3,540.0,1,0,GY000,"저는 피부가 건조한 편이라 보습력이 좋은 크림을 찾다가 구매했는데 정말 만족하면서 사용하고 있어요. 이름처럼 보습력이 정말 뛰어나고 피부에 수분 보호막을 씌워주는 느낌이라 하루 종일 피부가 편안하게 유지됩니다. 제형은 크림 타입이지만 생각보다 무겁지 않아서 부드럽게 발리고 흡수도 잘되는 편이에요. 끈적임이 심하지 않아서 아침저녁으로 부담 없이 사용할 수 있었고 건조해서 당기던 느낌도 많이 줄어들었습니다.

특히 세안 후 듬뿍 발라주면 다음 날까지 피부가 촉촉해서 건조함으로 들뜨는 일이 확실히 줄어든 것 같아요. 메이크업 전에 소량 발라도 밀리지 않고 피부가 촉촉하게 정돈돼서 화장도 더 잘 먹는 느낌이었습니다. 향도 강하지 않아 부담 없이 사용할 수 있었고 민감한 날에도 자극 없이 편안하게 사용할 수 있었어요. 150ml 두 개 구성이라 용량도 넉넉하고 가격 대비 가성비가 정말 좋아서 얼굴뿐만 아니라 건조한 팔이나 다리에도 아낌없이 바르고 있습니다. 다 쓰면 또 재구매하고 싶은 만큼 만족도가 높은 보습크림이에요."
2026-07-23,A000000217767,62855934,2026.07.15,5,0,NORMAL, ,A03,B02,"C01,C04",0,495.0,1,1,키무상,향 안나고 무난하게 사용하기 좋아요! 여드름 났을때는 듬뿍 바르면 다음날 가라앉아서 좋아요!
2026-07-23,A000000217767,62571361,2026.07.09,5,0,NORMAL,150ML 2입,A02,B02,"C01,C02",0,495.0,1,0,뷰티설리,두말하면 잔소리  아들주려고 구입했습니다 잘사용할께요 세일해서좋네요
2026-07-23,A000000217767,61407576,2026.06.13,5,0,NORMAL, ,A02,B02,"C01,C08",1,378.0,1,0,ZZ바라기,"이거 좋아요 
보습짱이고요
밀리지않고요 
건조한피부에도 딱~~!  좋습니다."
2026-07-23,A000000217767,62093409,2026.06.30,5,0,NORMAL,150ML 2입,A03,B02,"C03,C06",0,330.0,1,0,북두10,"아토로션,수딩젤 튜브형  쓰다
이번엔 요거로 구매
수딩젤이 딱 제 타입인데
가성비 요거도 쓸만해 구입
아버지랑 둘다 알러지피부라
제가 테스트후 늘 보내드림
일리윤 써보시고 별말 없으셨음
요양원에 보내드리는데 튜브형 선호하심"
2026-07-23,A000000217767,62641836,2026.07.11,5,0,NORMAL, ,,,,0,297.0,1,1,bo****,"무향인점이 제일 좋아요.
얼굴에 크림대용으로 바르는데, 굳이 비싼거 안써도 돼요."
2026-07-23,A000000217767,62586516,2026.07.10,5,1,OFFLINE, ,A02,B02,C04,0,297.0,1,0,rlaskgu****,이거 순한데 가격이 좋아서 막 듬뿍 듬뿍 몸에도 발라주고있어요 ㅎㅎ
2026-07-23,A000000217767,62805786,2026.07.14,4,1,OFFLINE, ,A02,B01,"C02,C03",0,270.0,0,0,하루에2만보,"속,겉보습이 항상 고민이었어요:-) 그래서 웹서칭을 열심히 해보았더니, 이 제품을 많이 추천해주시더라고요. 순하고 보습을 바로 잡는 제품으로 유명하더라고요. 바른 결과 향은 없네요 무향인데 그래서 전 더 좋았어요^^ 촉촉합니다. 그렇다고 해서 리치하거나 그러진않네요. 좀 더 사용해보고 한달 뒤 후기로 돌아올게요!"
2026-07-23,A000000217767,62562194,2026.07.09,5,1,OFFLINE, ,A06,B01,"C05,C06",0,270.0,0,0,가오리,"별점 : 5점

평소 피부가 건조한 편이라 보습크림은 정말 이것저것 많이 써봤는데, 일리윤 제품이 보습력이 좋다는 이야기를 듣고 구매해봤습니당.

확실히 세라마이드가 들어 있어서 그런지 피부 보호막을 씌워주는 느낌이 있었어요. 밤에 듬뿍 바르고 자면 다음 날까지 촉촉함이 유지돼서 건조함 때문에 간질거리는 느낌도 많이 줄었습니다.

제형은 꾸덕한 편이지만 막상 펴 바르면 흡수도 잘 되고 끈적임도 생각보다 심하지 않았어요. 향도 거의 없어서 민감한 피부도 부담 없이 사용할 수 있었고, 얼굴뿐 아니라 팔이나 다리처럼 건조한 부위에도 같이 사용하고 있습니다.

150ml라 용량도 넉넉해서 오래 사용할 수 있고, 가격 대비 만족도가 정말 높은 제품인 것 같아요. 특히 겨울철이나 환절기에는 더 자주 찾게 될 것 같습니다ㅎㅎ"
2026-07-23,A000000217767,61411548,2026.06.13,5,0,NORMAL,150ML 2입(+몬치치손거울증정),A03,,,0,270.0,1,0,건치맨,"건조한 피부 때문에 구매했는데 보습력이 기대 이상으로 만족스러웠습니다. 크림 제형이지만 지나치게 무겁거나 답답하지 않고 피부에 부드럽게 펴 발리면서 보호막을 씌워주는 느낌이 있었어요. 특히 샤워 후 건조함이 심한 부위에 발라주면 피부 당김이 확실히 줄어드는 느낌이었습니다.

세라마이드 성분이 들어 있어서인지 피부가 예민하거나 건조할 때 사용해도 자극 없이 편안했고, 꾸준히 사용하니 피부결도 한층 부드러워진 것 같았습니다. 끈적임은 적은 편인데 보습감은 오래 유지돼 낮뿐만 아니라 자기 전에 듬뿍 바르기에도 좋았습니다. 얼굴뿐 아니라 팔, 다리, 팔꿈치 같은 건조한 부위에도 활용하기 편했어요.

무향에 가까운 편이라 향에 민감한 사람도 부담 없이 사용할 수 있고, 온 가족이 함께 사용하기 좋은 제품이라는 생각이 들었습니다. 150ml 대용량 두 개 구성이라 넉넉하게 사용할 수 있었고 가성비도 만족스러웠습니다. 피부 장벽 관리와 보습을 동시에 챙기고 싶은 분들에게 추천하고 싶은 크림입니다."
2026-07-23,A000000217767,61162021,2026.06.08,5,0,NORMAL,150ML 2입(+몬치치손거울증정),A06,B03,"C02,C03",1,270.0,1,0,새루의하루,"아토피/극건성/알러지/습진 피부 
그냥 제발 일리윤 쓰세요 …

아토피에 습진피뷰인데 일리윤쓰고 진짜 많이 좋아짐

👉흡수력 뛰어남 바르면 바로 덜가려워짐
👉보습감 뛰어남 근데 안끈적거림
👉 예민 상처 질환 피부 사용 가능할 정도로 순함

전 바디크림 이제 이거만 쓸거예요 …
광고아님;;"
2026-07-23,A000000217767,60922853,2026.06.05,5,0,NORMAL, ,A03,B03,"C05,C08",0,270.0,1,0,이병건의황금똥휴지,"일리윤 아토로션 얼굴 몸 둘 다 너무 잘 써서 몸이랑 얼굴 각질 심할때 바르려고 삿는데 개애애조아서 얼굴에만 다 쓰게생김;
팔꿈치랑 발에 발라봣는데 꾸덕하고 덜 기름짐 
마무리감 촉촉보송해서 보습 잘 됨! 다음날 속건조도 덜해짐
아토로션은 좀 촉촉하고 가벼운 보습이면 집중크림은 꾸덕하고 겉보속촉하게 꽉꽉 보습됨 
데일리 장벽 크림 찾으면 일리윤으로 오삼 개조음;

추천피부:민감성/수부지/건성(건성은 레이어드 많이하는거ㅊㅊ함)

+일리윤..보고잇다면 집중크림도 비타민미백라인 내줘잉"
2026-07-23,A000000217767,62961867,2026.07.18,5,0,NORMAL,150ML 2입,,,,0,264.0,1,0,뵤보,장벽 크림이라 피부 뒤집어졌을 때 쓰기 좋내용 장벽 복구하기 좋아요
2026-07-23,A000000217767,62943978,2026.07.18,5,1,OFFLINE,150ML 2입(+몬치치손거울증정),,,,0,264.0,1,0,올립브영,"일리윤 워시랑 로션 크림 모두 구매해서 사용중이에요
순하고 좋아요 매일 사용하고있어요"
2026-07-23,A000000217767,62881387,2026.07.16,5,0,NORMAL, ,,,,0,264.0,1,1,라이맘,항상 데일리로 사용 하고있구오. 몇년때. 계속 사용 중입니다.
2026-07-23,A000000217767,62239603,2026.07.03,5,0,NORMAL,150ML 2입(+몬치치손거울증정),,,,0,264.0,1,0,땐두,"몬치치가 졸귀탱
순하고 부드러워요
지성피부라 얼굴엔 유분끼 살짝 돌아요
바디위주로 아이도 같이 바르기 좋아요"
2026-07-23,A000000217767,62783662,2026.07.14,4,1,OFFLINE,150ML 2입(+몬치치손거울증정),,,,0,225.0,0,0,치즈CHEEz,"일리윤이 이렇게 콜라보를 잘 하는 브랜드인 줄 몰랐어요 ㅜㅜ 일 잘 하는 일리윤 
성분이나 사용감도 좋아서 완전 호감인 브랜드인데 콜라보도 진심으로 잘 해주시니 더 좋았어요
지금 감 그대로 다른 콜라보 많이 해주세요!!
근데 아쉬운 점은 두 개 말고 대용량으로도 선택할 수 있게 내주시면 좋을 것 같아요"
2026-07-23,A000000217767,62650081,2026.07.11,5,0,NORMAL,150ML 2입,A02,B03,C02,0,225.0,0,0,짹요,"무향이라서 좋고 바르자마자는 살짝 답답하다고 느낄 수 있는데 금방 스며들어용
저는 건성이긴 한데 보습에는 진짜 최고예요 기름지지 않고 진짜 보습크림이라 자기 직전에 바르고 자면 아침까지 건조하지 않아서 좋아요 여름에 사용해도 전혀 무겁지 않아여"
2026-07-23,A000000217767,61404706,2026.06.13,5,0,NORMAL, ,A03,B02,"C03,C05",0,225.0,1,0,바삭한닭강정,환절기에  쓸 크림 찾기가 진짜 어려웠는데 이 크림이 딱이에요. 세라마이드가 들어가있어서 보습도 잘 되는데 마무리가 끈적이거나 번들거리지 않아서 좋아요. 그렇다고 건조함도 없어요. 딱 환절기에 쓰고 좋아요. 6월 되니까 귀신같이 트러블 나더라고요…
2026-07-23,A000000217767,61254244,2026.06.10,5,1,OFFLINE, ,A01,B04,"C05,C07",0,225.0,1,0,밤비비,"남편이 평소 피부가 건조하고 아토피성 가려움도 있는 편인데, 
일리윤 아토 크림은 정말 잘 맞았어요
평소에는 일리윤 세라마이드 로션을 몸 전체에 바르고, 
건조하거나 가려운 부위에는 이 아토 크림을 집중적으로 발라주고 있는데 사용 후에는 가렵다는 말을 거의 안 하더라고요
발림성도 부드럽고 생각보다 답답하지 않아서 편하게 사용하고 있습니다
저도 가끔 사용하는데 보습감이 꽤 좋아 만족스러웠어요

무향 제품이라 향기 있는 제품을 좋아하시는 분들께는 조금 아쉬울 수 있지만, 
오히려 향이 없어 더 순하고 부담 없이 사용할 수 있는 것 같습니다 남편이 향없는거 별로 안 좋아하는데 이거쓰면 피부가 편하다며 일리윤 로션과 크림 정착템입니다"
2026-07-23,A000000213943,62911830,2026.07.17,5,0,NORMAL,[기획] 프렙25ml+벨벳10ml+4ml,A03,B04,"C01,C02",8,5400.0,0,0,포카칩칙,"청담샵 템으로도 워낙 유명하고, 이전부터 인플루언서들과 광고에 너무 많이 노출됐었어서 엄청 큰 기대감으로 구매했었는데, 이거 바르고 화장하면 진짜 지속력이 미쳤어요.. 그리고 진짜 딱풀처럼 베이스가 잘 됨... 추가로 증정된 벨벳 제품은 팀 지성에게 진짜 좋을듯!!! 보송하게 프라이머처럼 돼요 ㅎㅎ 도움이 되셨다면 따봉 한번 눌러주세요~"
2026-07-23,A000000213943,63119339,2026.07.21,3,0,NORMAL,[기획] 벨벳프렙25ml+프렙10ml,A03,B01,C05,5,3960.0,0,0,모찌엄마,"어머 이거 보습 좋고 피부를 촉촉하게 해주는 로션... 이 아니라구요?

네, 이 제품은 프랩이었습니다... 무려 화장 베이스를 책임지는 뿌뿌뿡이라구요. 
그런데 왜 이걸 바르나 다른 로션을 바르나, 화장 받는 느낌이 비슷한걸까요?
소비자 입장에서는 딱히 이걸 사야만 하는 이유가 없을 듯해요.

사견입니다만, 이 돈으로 설X수 로션을 사서 중중모리 장단으로 톡.토톡.톡. 두들기는 게 더 나을 듯요.
화장 잘 먹으려면, 보습이 중요하다는 걸 누가 모릅디까? 
보습이 잘 되어서 화잘먹이 된다는 논리라면, 연작 프랩보다는 설X수 로션으로 보습하고 맙니다.

소올직히 으른들은 설X수가 제일 짱짱맨이라고 여기신다... 인정?"
2026-07-23,A000000213943,62506372,2026.07.08,5,1,GIFT,[기획] 프렙25ml+벨벳10ml+4ml,A02,B02,"C01,C02",5,2970.0,1,0,미미찹쌀떡,"솔직히 모르겟서
이게 진짜 베이스 딱풀역할 해주는지;;
근데 플라시보 효과겠거니 하구
결정리겸 곁들여 주는 중이여
원래 화장 잘 안하는 편이라
지이인짜 콩알만큼 짜서 바르고 기간도 얼마 안썼는데
생각보다 꽤 줄어들었넴;;
그래도 화장안하는새럼 (일주일에 한두번 하는듯) 가준
25미리면 일년가까이는 쓸듯🥰"
2026-07-23,A000000213943,62517253,2026.07.08,2,0,NORMAL,[기획] 프렙 25ml+10ml ,A03,B04,"C05,C09",7,2745.0,1,0,또리아,궁금해서 샀는데 그냥 계속 궁금해할걸 그랬나 싶어요. 다른 메이크업 베이스랑 비교했을 때도 이거 바른다고 한단계 더 나아진건지 아닌지 아리송함.
2026-07-23,A000000213943,61547358,2026.06.16,3,0,NORMAL,[기획] 프렙 25ml+10ml ,A04,B01,"C05,C08",15,1998.0,1,0,무등산토종올챙이,어떻게 사용해도 안되네요 ㅜㅜ 빨리 무너지고 지저분해져서 바르고 나가기 무서워요 요즘같이 덥고 땀날땐 더할거 같아서 엄두를 못내겟어요 ..
2026-07-23,A000000213943,63115908,2026.07.21,5,0,NORMAL,[기획] 프렙25ml+벨벳10ml+4ml,A06,B04,C05,1,1800.0,1,0,쥬냥쥬,"워낙 화잘먹 베이스로 유명한 제품이라 궁금했는데 마침 벨벳 증정까지 주는 기획 세트 구성이 좋아서 구매했습니다

평소에 수부지 피부라서 아침에 베이스 메이크업을 할 때 수분 크림을 많이 바르면 밀리고 적게 바르면 속건조 때문에 화장이 뜨는 게 늘 고민이었습니다. 근데 세수하고 스킨케어 마지막 단계에 이거 한두 방울 넓게 펴 발라주니까 베이스 퀄리티가 완전히 달라지네요

제형은 묽은 에센스 같은 느낌인데 피부에 올리면 끈적임 없이 아주 얇고 쫀쫀하게 밀착되면서 매끄러운 수분 막을 씌워주는 기분입니다. 이 위에 파운데이션이나 쿠션을 올리면 들뜨거나 밀리는 거 전혀 없이 피부에 챡 달라붙어서 화장이 평소보다 훨씬 잘 먹고 피부 결이 예뻐 보입니다

제일 만족스러운 건 지속력인데 이거 바르고 나간 날은 시간이 지나도 유분기랑 엉겨 붙어서 지저분하게 무너지지 않고 예쁘게 은은한 광이 도는 정도로 유지가 됩니다. 같이 들어있는 벨벳 증정품도 궁합이 좋아서 외출할 때 들고 다니면서 요긴하게 잘 쓰고 있습니다

가격대가 조금 있는 편이라 망설였는데 소량으로도 얼굴 전체에 충분히 바를 수 있어서 생각보다 오래 쓸 것 같고 돈값 제대로 하는 아이템이라는 생각이 듭니다. 중요한 날 화장 안 먹을까 봐 걱정이시거나 각질 부각 때문에 스트레스 받으시는 분들은 이번 기획 세트 있을 때 꼭 써보셨으면 좋겠습니다"
2026-07-23,A000000213943,61791832,2026.06.22,5,1,GIFT,[기획] 프렙 25ml+10ml ,A03,B04,"C09,C10",6,1170.0,1,0,오리넉울희,"확실히 피부에 흡수시키고 나면 표면이 쫀쫀하고 찹찹하게 마무리돼요. 유분기 도는 번들거림이 아니라 피부 바탕을 쫀쫀하게 만들어주는 느낌?

다만,, 저는 이걸 4월에 사버렸고, 하필 저는 또 날씨 따뜻해지기 시작하면 귀신같이 기름이 나오는 편이고 해서 일단 화장대 서랍 안에 고이 모셔두는중임 (〃ᵔᯅᵔ 〃)ゝ 가을에 다시 잘 써보려고요.."
2026-07-23,A000000213943,63007920,2026.07.19,5,0,NORMAL,[기획] 프렙25ml+벨벳10ml+4ml,A06,B03,"C02,C03",1,1080.0,1,0,새루의하루,"왜 비싼지 써보니까 이해됨…

쫀덕 피부로 만들어줌 심지어 흡수력 ㄱㄹㅈㄷ 한쪽 볼 바르고 다른쪽볼 바르고 있으면 흡수 다돼있음;;

속보습 싹 채워주고 다 바르면 찐득거리는 느낌이 하나도 안들음 보통 이런거 바르면 퍼프 쩍쩍 달라붙는 피부 되는데 얜 겉에 뭐가 하나도 안뭍음;; 어케한건지 모르갰음 

저가형 쓰다가 이거 쓰면 차이가 크게 느껴질거임🙂‍↕️
개인적으로 가격만 빼면 다 만족스러웠음;;"
2026-07-23,A000000213943,61658733,2026.06.19,5,1,OFFLINE,[기획] 25ml+4ml+퍼프1p,A02,B06,"C01,C03",6,990.0,1,0,룻피,"아따 이래서 연작 연작 하는구만?! 
솔직히 피부결좋은사람들은 딱히 필요없을듯..
우리피부에서 기름이 나오며 화장이 서서히 뜨는데 
프렙이 가운데에서 그걸 좀 막아주는? 
쫀득 끈끈한 막을 씌여서 화장품을 피부에 붙이는 느낌?! 
아무튼 좋아요 가격 왜 비싼지 알것같아요..
여름엔 연작 겨울엔 물크림 쓰면 딱이겠네요!
퍼프기획으로 샀는데 퍼프는 많이 두껍고 탄탄해요 
더툴랩같은 말랑느낌 아님. 겉소재는 비슷하지만 탄성이 달라요! 물먹여 써야할것 같고 
리뷰가 유용했다면 도움버튼 부탁드립니다!"
2026-07-23,A000000213943,63132250,2026.07.22,5,0,NORMAL,[기획] 프렙25ml+벨벳10ml+4ml,A03,B01,"C03,C04",1,792.0,1,0,세시,연작너무사 보고 싶었는데 베이스 치고는 고가인것 같아서 구입이 망설여졌어요. 꼭 필수로 해야 하는 건 아니니까 더 망설여지기도 했어요. 그래서 선물로 구입했습니다.
2026-07-23,A000000213943,63127824,2026.07.22,5,0,NORMAL,[기획] 프렙25ml+벨벳10ml+4ml,A02,B01,"C04,C11",1,792.0,1,0,힝주니,건성인데 이 베이스프렙 없으면 화장 못합니다ㅠㅠ 양 조절만 잘하면 들뜸도 덜하고 완전 쫀쫀해용
2026-07-23,A000000213943,62221866,2026.07.02,5,1,GIFT,[기획] 프렙 25ml+10ml ,A02,B01,"C05,C08",1,756.0,1,0,xon,연작 베이스프렙 전에도 사용했었는데 화장 무너짐이 덜해서 잘 사용중
2026-07-23,A000000213943,62220841,2026.07.02,5,1,GIFT,[기획] 프렙 25ml+10ml ,A03,B02,C05,1,756.0,1,0,hjdho,화장하기 전에 바르면 지속력이 좋는 것 같아요! 한 통 다 비우고 두통째 사용중
2026-07-23,A000000213943,62754571,2026.07.13,5,0,NORMAL,[기획] 프렙 25ml+10ml ,A04,B01,"C01,C03",1,594.0,1,0,북극곰한마리,"샘플 사용 후 구매하게 되었습니다. 
피부에 찹 하고 베이스가 잘 달라붙는 느낌이 좋아요.
모공커버는 제가 워낙 왕모공이라 잘 가려지는지는 모르겠어요..! 
그래도 애용하는 제품 입니다."
2026-07-23,A000000213943,61157317,2026.06.08,5,1,GIFT,[기획] 프렙25ml+벨벳10ml+4ml,A02,B02,"C01,C02",3,558.0,1,0,미미찹쌀떡,"다들 하도 좋다고 해서 사봤어요
아직 안써봤지만 비싼값 하지 않을까요..?
기대중입니다"
2026-07-23,A000000213943,61147209,2026.06.08,5,1,GIFT,[기획] 프렙25ml+벨벳10ml+4ml,A02,B05,"C02,C04",3,558.0,1,0,광덕맴,"아직 안써봤는데 다들 좋다고 해서 세일기간 통해서 사봤어요
오특이라해서 특히 싼줄알았는데 500원정도만 더 싸서 좀 아쉬웠지만 그래도 500원이라도 더 싼게 어디냐 싶기도하고ㅎ
한달차 후기에 좀 더 자세하게 남기도록 하겠습이당"
2026-07-23,A000000213943,62646703,2026.07.11,5,0,NORMAL,[기획] 프렙 25ml+4ml+퍼프,,,,2,540.0,0,0,올영메이트이시다,"이거 진짜 세통째 쓰고 있어여
근데 수부지 분들은 조심히 사용하셔요
저도 겨울에는 진짜 너무너무 잘 썼는데
여름에도 똑같이 썻더니 다크닝이 조금 오더라구요
피부 컨디션 건조할 땐 2번 펌핑하고
여름같이 유분기 많이.올라올땐 1번만해서 잘 펴주면 충분하더라구요
순서는 여름에는 토너 세럼 프랩 선크림 쿠션 으로 하고 잇서여"
2026-07-23,A000000213943,62900497,2026.07.17,4,1,OFFLINE,[기획] 프렙25ml+벨벳10ml+4ml,,,,1,528.0,1,0,나옹니,봄엔 잘 썻는데 여름에느 못 쓸것같타요 오히려 흘러새리베항
2026-07-23,A000000213943,62895112,2026.07.16,4,0,NORMAL,[기획] 프렙 25ml+10ml ,A03,B06,"C09,C10",1,528.0,1,0,hanryangg,재x3구매템. 쟁여두고 써서 새제품 있는데 10ml 증정때문에 샀어요(여행때 들고 다니려고)
2026-07-23,A000000213943,62547498,2026.07.09,4,0,NORMAL,[기획] 프렙25ml+벨벳10ml+4ml,A03,B04,"C05,C06",0,495.0,1,0,summmerr,겨울이 확실히 좋을 듯 여름엔 좀 유전폭발이네욬ㅋㅋㅋ 뜨는 곳에발라줘요
2026-07-23,A000000213943,61563950,2026.06.17,5,0,NORMAL,[기획] 프렙25ml+벨벳10ml+4ml,A06,B04,C05,0,450.0,1,0,쥬냥쥬,"워낙 화잘먹 베이스로 유명한 제품이라 궁금했는데 마침 벨벳 증정까지 주는 기획 세트 구성이 좋아서 구매했습니다

평소에 수부지 피부라서 아침에 베이스 메이크업을 할 때 수분 크림을 많이 바르면 밀리고 적게 바르면 속건조 때문에 화장이 뜨는 게 늘 고민이었습니다. 근데 세수하고 스킨케어 마지막 단계에 이거 한두 방울 넓게 펴 발라주니까 베이스 퀄리티가 완전히 달라지네요

제형은 묽은 에센스 같은 느낌인데 피부에 올리면 끈적임 없이 아주 얇고 쫀쫀하게 밀착되면서 매끄러운 수분 막을 씌워주는 기분입니다. 이 위에 파운데이션이나 쿠션을 올리면 들뜨거나 밀리는 거 전혀 없이 피부에 챡 달라붙어서 화장이 평소보다 훨씬 잘 먹고 피부 결이 예뻐 보입니다

제일 만족스러운 건 지속력인데 이거 바르고 나간 날은 시간이 지나도 유분기랑 엉겨 붙어서 지저분하게 무너지지 않고 예쁘게 은은한 광이 도는 정도로 유지가 됩니다. 같이 들어있는 벨벳 증정품도 궁합이 좋아서 외출할 때 들고 다니면서 요긴하게 잘 쓰고 있습니다

가격대가 조금 있는 편이라 망설였는데 소량으로도 얼굴 전체에 충분히 바를 수 있어서 생각보다 오래 쓸 것 같고 돈값 제대로 하는 아이템이라는 생각이 듭니다. 중요한 날 화장 안 먹을까 봐 걱정이시거나 각질 부각 때문에 스트레스 받으시는 분들은 이번 기획 세트 있을 때 꼭 써보셨으면 좋겠습니다"
2026-07-23,A000000213943,63118629,2026.07.21,5,0,NORMAL,[기획] 프렙 25ml+10ml ,A03,B01,"C08,C09",0,396.0,1,0,mignon****,피부화장 지속력에 너무 좋고 얼굴이 열감이 있어서 건조하고 그래서 유분이 올라와서 지속력이 부족한 피부인데 이거 바르고는 아침에 화장하면 오후 16시까지는(실내근무기준) 멀쩡해요! 샘플을 같이 받아서 먼저쓰고 있어요
2026-07-23,A000000213943,63014380,2026.07.19,5,0,NORMAL,[기획] 프렙40ml+벨벳10ml+펄4m,A03,B01,"C01,C02",0,396.0,1,0,dpwls****,바르고나면 확실히 화장이 잘먹어요!! 기본버전사니까 보송매트 버전이랑 펄버전 보내주셧는데 보송버전은 더운날에쓰니 더 좋더라구요!! 이거없이 화장못해요이제 ㅎ
2026-07-23,A000000213943,62909506,2026.07.17,4,1,OFFLINE,[기획] 25ml (+10ml),,,,0,396.0,1,0,구구구팔칠용,지성은 겨울에만 써야할 것 같아요 ㅜㅜ 여름에 쓰기엔느 무겁고 기름짐
2026-07-23,A000000213943,62650088,2026.07.11,5,1,OFFLINE,[기획] 25ml (+10ml),A02,B03,"C02,C06",0,396.0,1,0,xuxuiox,"밀착력이 확실히 좋고 베이스 벗겨짐을 잘 방지해줘요!
건성인데도 하나도 건조하지 않고 보송하게 유지돼서 연작 연작하는 이유가 있다고 느껴졌습니다 🥹💕💕"
2026-07-23,A000000213943,62066038,2026.06.29,5,0,NORMAL,[기획] 프렙 25ml+10ml ,,,,0,396.0,1,0,므밍,"역시 유명한건 다 이유가 있었어요!! 원래 가격은 비싸서 못사고 있다가 세일하자마자 샀는데 사길 잘 한거 같아요ㅠㅠ! 
조금만 발랐는데도 수분도 꽉 채워주는 느낌이고 지속력도 오래감!!"
2026-07-23,A000000213943,62030457,2026.06.28,5,0,NORMAL,[기획] 프렙40ml+프렙10ml,A03,B04,C05,0,396.0,1,0,올챙뚠뚠,"베이스프랩 기초마지막단계에 해주고 선크림,파데순서로 바르면 촉촉, 유지력 괜찮은 거 같아요!"
2026-07-23,A000000213943,60489167,2026.05.31,5,1,OFFLINE,[기획] 프렙40ml+벨벳10ml+펄4m,A03,B01,"C02,C03",2,378.0,1,0,Linusan,"피부에 닿는 느낌이나 밀착력이 괜찮은 것 같아요. 끈적거리는 느낌 없이 잘 흡수되는 느낌이에요.
향도 괜찮은 것 같아요"
2026-07-23,A000000213943,60379705,2026.05.30,5,1,OFFLINE,[기획] 프렙40ml+벨벳10ml+펄4m,A03,B01,"C02,C03",0,378.0,1,0,Linusan,가격은 있지만 그래도 만족함이 있어서 구입했는데 밀착력도 좋고 발리는 느낌이 좋아서 만족해요.수분감도 있으니 너무 좋네요.
2026-07-23,A000000213943,63058804,2026.07.20,5,0,NORMAL,[기획] 프렙25ml+벨벳10ml+4ml,A04,B04,"C05,C08",0,360.0,0,0,위안닝,"얘도 재구매템!! 한여름에 써도 되나 싶지만 한여름에는 유분폭팔로 피부 다 무너지기 때문에 얘라도 써야 덜 무너져요 ,,, 일단 파워지성은 무조건 추천이고 건성은 잘 모르겠어요 (유튜버들이 건성한테는 다른 프렙 추천하더라고요) 지성인데 피부 잘 무너진다 하시면 한번씩 써보셔,,,"
2026-07-23,A000000222776,62714662,2026.07.12,5,0,NORMAL,324매기획(+흔적패치 44매),A03,B02,"C06,C09",1,1134.0,1,0,쥬쥬1317,"중학생 남자아이 트러블로 대용량 구매했어요~ 짜기전
과 짜고나서 진정케어 하려고 샀는데 둘다 짜고난후 상처보호와 트러블 후 흔적이네요;;"
2026-07-23,A000000222776,62120693,2026.06.30,5,0,NORMAL,[대용량]324매(리뉴얼),A01,B04,"C01,C05",1,900.0,1,1,말티츄,"찐찐템😍
이거 진짜 좋아..ㅠ
10년 넘게 여드름패치 쓰던 사람으로서
얘는 그냥 쟁여놔..ㅋㅋ

일단 패치를 굳이 써야하는가?
ㅇㅇ꼭 써 제발..

나도 여드름 때문에 진짜 고생많이했고
지금도 그날마다 뒤집어지는데
흉진건 그냥 거의 없는수준이거든?

여드름 생길 때마다 패치붙이면 진짜 가능해..
피부과보다 저렴한 방법으로 관리할 수 있는것 중에 
제일 간단하지않나 싶어ㅠ

패치도 진짜 올영부터 약국템까지
엄~청 여러개 써봤는데..
가성비+접근성 다 따져봤을 때 얘가 젤 좋더라구..ㅋㅋ

내가 구매한 324매 대용량은 올영기준 정가 17,900원인데
리뉴얼 버전기준 여태까지 13,900원이 최저가였거든?

근데 진~짜 드문 가격이라..ㅠ
난 14,000원대면 구매강추하고
15,000원대도 나쁘지않은 느낌?

지금 11%할인해서 15,900원인데..
쟁여둔거 없으면 지금 구매해도 괜찮을 것 같구

넉넉하게 있으면 당장은 굳이?싶은 느낌! 

👍도움이 돼요👍 눌러주면 다음에도 솔직한 후기로 돌아올께~~ 오늘도 내 리뷰 읽어줘서 고마워!!"
2026-07-23,A000000222776,62074340,2026.06.30,5,0,NORMAL,102매,A02,B01,"C01,C03",3,900.0,1,1,마찌마찌,"🌸 한달이상 후기 🌸
없으면 안되는 재구매템이에요.
뾰루지 났을때 붙이기 좋아서 만족하며 잘 사용하고 있어요.

트러블이 올라오기 시작할때 자기전에 붙이고 자면 다음날 호전되는게 보여요. 자극없이 트러블을 잠재울 수 있어서 자주 사용해요.

접착력도 좋고 크기도 적당해서 뾰루지 케어에 만족스럽게 잘 사용하고 있어요."
2026-07-23,A000000222776,61851955,2026.06.24,4,0,NORMAL,[기본]102매,A02,B01,"C01,C03",2,900.0,1,0,입큰마녀,"케어플러스 스팟패치 종류가 많아서 구매할 때 조금 헷갈릴 수 있는데
크게 연두색 - 짜기전  / 빨간색 - 짜고난 후로 나뉩니다.😁

여기에 uv차단 기능이 포함된 주황색 패치를 추가적으로 사용할 수 있을 것 같습니다.

연두색, 빨간색 일반패치는 10, 12mm구성인데
주황색 uv패치는 8, 10, 12 구성이라 사이즈를 더 다양하게 사용할 수 있습니다."
2026-07-23,A000000222776,62509018,2026.07.08,5,0,NORMAL,324매,A03,B04,"C01,C05",0,810.0,1,1,귤상자,"요거찐으로잘써서 항상 대용량패키지사서사용하고있습니당. 
케어플러스 스팟패치는 항상 사용하는거라서 n번째 재구매하는제품이거든요

트러블 짠 곳에는 무~~~조건 붙여 놓구요
그 밖에 손가락이나 어디 간단히 긁히거나 해도 간단하네 요거 붙여 놓습니당~
스팟 패치는 어떠한 브랜드도 효능은거의 비슷할ㄱ거라생각이드는데요.....
그럼가성비를따져야죵ㅎㅎ 
요게 진심 가성비짱이에요

또 피부에 붙이면 티도 잘 안나요 
어떤거보면 좀 두꺼워서 화장을하게되면 티가나더라구요 쉽게떨어지려고하고....
요건 피부가 건조하기만 하면 짱짱하네 잘 붙어있더라구요. 
물기제거만 잘 해주시면 될것 같아요.
몇번째 재구매인지 기억도안남!!

한장씩 구성되어 있어서 가지고 다니기 좋긴 한데 
쓰레기가 많이나와서 좀 그래요 ㅠㅠ"
2026-07-23,A000000222776,62508836,2026.07.08,5,0,NORMAL,324매,A03,B04,"C01,C05",0,810.0,1,1,귤상자,"요거찐으로잘써서 항상 대용량패키지사서사용하고있습니당. 
케어플러스 스팟패치는 항상 사용하는거라서 n번째 재구매하는제품이거든요

트러블 짠 곳에는 무~~~조건 붙여 놓구요
그 밖에 손가락이나 어디 간단히 긁히거나 해도 간단하네 요거 붙여 놓습니당~
스팟 패치는 어떠한 브랜드도 효능은거의 비슷할거라생각이드는데요.....
그럼가성비를따져야죵ㅎㅎ 
요게 진심 가성비짱이에요

또 피부에 붙이면 티도 잘 안나요 
어떤거보면 좀 두꺼워서 화장을하게되면 티가나더라구요 쉽게떨어지려고하고....
요건 피부가 건조하기만 하면 짱짱하네 잘 붙어있더라구요. 
물기제거만 잘 해주시면 될것 같아요.
몇번째 재구매인지 기억도안남!!

한장씩 구성되어 있어서 가지고 다니기 좋긴 한데 
쓰레기가 많이나와서 좀 그래요 ㅠㅠ"
2026-07-23,A000000222776,63094949,2026.07.21,5,0,NORMAL,[기본]102매,A03,B02,"C05,C06",0,792.0,1,1,막가로니,"항상 재구매 하는 제품이에요
티가 많이 안나고 잘 붙어있어서 좋아요"
2026-07-23,A000000222776,63012424,2026.07.19,5,0,NORMAL,[기본]102매,A03,B02,"C01,C03",0,792.0,1,1,짐님,전 여기 여드름 패치만 써요. 밤에 붙이고 자면 가라앉거나 아예 익어서 짜기 좋아져요.
2026-07-23,A000000222776,62924451,2026.07.17,5,0,NORMAL,102매,A03,B02,"C05,C09",0,792.0,1,0,만찐두빵3,스팟패치중에 제일 얇아서 항상 구비해놓고 쓰고있어요 접착력도 좋아요
2026-07-23,A000000222776,62864391,2026.07.16,5,0,NORMAL,[기본]102매,A02,B06,"C05,C08",0,792.0,1,0,포즈커,필수품..♡여름이라 트러블 올라오는데 잘쓰고있습니다
2026-07-23,A000000222776,62220373,2026.07.02,5,0,NORMAL,102매,A03,B06,"C01,C04",0,756.0,1,1,소리앙,맨날 사는 여드름 패치 ㅠ 올영꺼가 젤 좋더라구요 많이 들어있고 저렴해서 급할때 쓰기도 좋고 외출시에도 괜찮아요 매우 추천
2026-07-23,A000000222776,62159711,2026.07.01,5,0,NORMAL,[중용량]189매,A03,B01,"C01,C09",0,756.0,1,0,까눌레379,"✔️가성비 갑 1위 여드름 패치

💛여드름 패치 많이 사용해봤는데 요 제품이 흡수력도 좋고 가성비도 좋아요! 빅세일 할 때 구매해서 뽕뽑았어요 재구매 예정입니다"
2026-07-23,A000000222776,61968194,2026.06.27,5,0,NORMAL,102매,A01,B01,C01,3,756.0,1,0,bbh27,⭕️두께도 있고 진물 흡수도 잘 되어서 잘 사용하고 있어요 5번째 재구매입니다
2026-07-23,A000000222776,61934743,2026.06.26,5,0,NORMAL,102매,A04,B03,C05,2,756.0,1,1,삐빠뽀뿌,진짜 세일할 때 무조건 하나씩 넣어서 사야되는 템. 트러블 패치 중에 이만한 가성비 제품을 찾기가 힘들어요. 더 좋은템이 있다면 갈아타겠지만 뭔가 새로운 걸 찾는 게 귀찮기도 하고 접근성도 좋아서 매번 재구매함니다
2026-07-23,A000000222776,63060178,2026.07.20,5,0,NORMAL,[기본]102매,,,,0,660.0,1,0,ㅎJㅎ,"워낙 잘 사용하는 템이라 n번째 재구매입니다 ᵎᵎᵎ 
붙이고 잘 때가 더 진정 잘 되는 거 같아요! 굿템"
2026-07-23,A000000222776,62699987,2026.07.12,5,0,NORMAL,102매,A03,B02,"C01,C03",0,594.0,1,1,채송송,쓰다보면 큰사이즈가 좀 늘 부족해요 아주큰거말고 중간사이즈만 따로 판맨되면 넘 좋을거 같아요
2026-07-23,A000000222776,62694720,2026.07.12,5,0,NORMAL,324매기획(+흔적패치 44매),A06,B06,C05,0,594.0,1,0,올영해피연구소,돌고 돌고 돌아서 올리브영 패치최고입니다..ㅎㅎㅎ이번에 기획이좋아요
2026-07-23,A000000222776,62664091,2026.07.11,5,0,NORMAL,[중용량]189매,A04,B01,"C01,C04",0,594.0,1,0,미잉떠,쟁여놓는 아이템 중 하나입니다 ㅎㅎ 이게 젤 잘 맞아오 세일도 자주해서 더 좋음
2026-07-23,A000000222776,62658751,2026.07.11,5,0,NORMAL,324매,A06,B05,"C05,C08",0,594.0,1,1,관리하는펭귄,제 인생템 이렇게 속 시원하게 대용량으로 팔아서 얼마나 좋은지요🥰
2026-07-23,A000000222776,62658353,2026.07.11,5,0,NORMAL,324매기획(+흔적패치 44매),A06,B05,"C05,C08",0,594.0,1,0,관리하는펭귄,이거 제 인생템이고 대용량이라서 항상 쟁여놔요 ㅎㅎ 잘 쓰구 있슴다
2026-07-23,A000000222776,61957991,2026.06.27,5,0,NORMAL,102매,A03,B04,"C03,C04",0,540.0,1,1,HaeDal,진짜 이 트러블 패치 이때까지 산것만 치면 제가 100개 가까이 아니 100개 넘게 샀을 수도 있어요 ㅠㅠ 단점이 없긴한데 굳이 꼽자면 패치 자체의 두께가 조금있고 투명한 타입이 아니라서 화장했을 때 티안나는 패치를 원하는 분들이라면 실망하실거 같아요. 근데 그런거 상관없다! 하는 분들은 무.조.건 추천드려요 ㅎㅎ 진짜 많은 브랜드의 여드름 패치를 써봤는데 접착력도 그렇고 이게 진심 최고에요❤️❤️❤️
2026-07-23,A000000222776,63011227,2026.07.19,5,0,NORMAL,102매,A06,,,0,528.0,1,0,히히1234,적당한 패치 찾다가 이거 발견해서 사용해보려고 구매했습니다!
2026-07-23,A000000222776,62987143,2026.07.18,5,0,NORMAL,[대용량]324매(리뉴얼),A01,,"C05,C08",0,528.0,1,0,명월수화,언제나 동생들이랑 잘쓰고있는 여드름패치👍 다 떨어져가길래 구매해여
2026-07-23,A000000222776,62722915,2026.07.12,5,0,NORMAL,324매기획(+흔적패치 44매),,,,0,495.0,1,0,ulayaha,오늘드림으로 받을 수 있어서 좋아요! 급하게 필요했는데 정해진 시간안에 잘 왔습니다 여드름 패치 이만한게 없어요!!
2026-07-23,A000000222776,62712732,2026.07.12,5,0,NORMAL,324매기획(+흔적패치 44매),A04,B01,"C01,C05",0,495.0,1,0,dndjdbkdk,잘 쓰는 패치인데 대용량으로 나와서 좋아요!!!!!!!
2026-07-23,A000000222776,62616165,2026.07.10,5,0,NORMAL,102매,A02,B01,"C01,C11",0,495.0,1,0,꾸클,항상 비치해 둡니다. 뾰루지 짜고 나서 사용하면 깨끗하게 회복됩니다.  사용도 편리해서 만족합니다~
2026-07-23,A000000222776,63026641,2026.07.19,5,0,NORMAL,324매기획(+흔적패치 44매),,,,0,396.0,1,0,코코팜팡,"이거없음 안됩니다
맨날 이렇게 몇박스씩 사는데 증정품도 주고 좋네요"
2026-07-23,A000000222776,62487159,2026.07.07,5,0,NORMAL,102매,A02,B05,"C02,C03",0,396.0,1,1,헤에에엥엥,"끊이지않고 사용하는템이요 
뽀루지에도쓰고 작은상처 손에난곳에도 사용합니다 
아기상처에도사옹해서 아기가 다떼써서 다시사요.."
2026-07-23,A000000222776,62317445,2026.07.04,5,0,NORMAL,[기본]102매,A03,B02,"C05,C06",0,396.0,1,1,막가로니,"항상 쟁여두고 쓰는 제품이라 주기적으로 구매해요
얇고 잘붙어서 좋음"
2026-07-23,A000000222776,62222899,2026.07.02,5,0,NORMAL,102매,,,,0,396.0,1,0,내이름은코덕,"떨어질때마다 재구매하는데 세일할 때 구매 안하면 왜이리 아까운지 ㅎ,, 그래도 진짜 이만한 가성비 제품이 없다!"
2026-07-23,A000000180121,62484475,2026.07.07,5,1,OFFLINE, 알파플러스 ,A03,B06,"C03,C04",5,1620.0,0,0,리뷰대마왕,"알파플러스가 기본 제품에 차전자피가 추가로 들어간거라서 더 화장실을 잘 가는 것 같아요!

그런데 저는 이 제품 외에도 가끔 다 이 어트 젤리를 먹을 때가 있어서 그러면 성분들이 과해져서 
기본을 먹을 때도 있습니다.

체 중 조절 보조제 하나만 드실거면 알파플러스로 추천드려요"
2026-07-23,A000000180121,62484605,2026.07.07,5,1,OFFLINE,오리지널,A03,B06,"C03,C04",5,1476.0,0,0,리뷰대마왕,"그냥 알약이라서 쉽게 털어넣기 좋아요
얼굴 부을 것 같을 때 전날 먹어주면 확실히 붓 기가 덜해요
올영에서 판매하는 보조제 중에서는 가장 성분이 심플해서 넘 좋아하는 제품이에요"
2026-07-23,A000000180121,62117745,2026.06.30,5,0,NORMAL, 알파플러스 ,A03,B03,"C01,C08",3,900.0,1,1,올영요정임니당,"평소 관리용으로 챙겨 먹어보려고 구매해봤어요ㅎㅎ

생활약속 기분전환 알파플러스는 스틱 타입이라 휴대하기 편하고, 외출할 때도 하나씩 챙겨 다니기 좋은 제품이었습니다. 차전자피와 비트, 호박, 모링가 등 식물성 원료가 들어 있는 제품이라 부담 없이 섭취하기 괜찮더라고요. (SUNSHINEMALL KOREA BEAUTY)

한 포씩 간편하게 먹을 수 있어서 바쁜 날에도 챙겨 먹기 편했고, 물과 함께 섭취하면 되니 번거롭지 않았습니다. 개별 포장이라 위생적으로 보관할 수 있는 점도 마음에 들었어요.

평소 식단 관리를 하거나 자극적인 음식을 먹은 다음 날 가볍게 관리하고 싶을 때 챙겨 먹기 괜찮은 제품이라는 생각이 들었습니다. 꾸준히 챙기기에도 부담이 적은 구성이라 손이 자주 가더라고요ㅎㅎ

올리브영에서도 자주 보이는 제품이라 행사할 때 구매하면 가성비도 괜찮은 편이었습니다. 한 박스씩 구비해두면 필요할 때 간편하게 섭취하기 좋아 만족스러웠어요.

전체적으로 휴대성과 간편함이 가장 마음에 들었던 제품입니다. 평소 간편하게 관리용 제품을 찾는 분들이라면 한 번쯤 드셔보셔도 괜찮을 것 같습니다."
2026-07-23,A000000180121,62889256,2026.07.16,5,1,OFFLINE,오리지널,A02,B01,"C02,C08",0,720.0,1,0,윤0,"한입에 털기 좋고, 목넘김도 문제 없어요!
맛도 특별한 거 이상없어요!

땡땡한 부기 좀 빨리 빠지는 건 맞는 것 같아요!
빠질 때 확실하게 빠지고요!
무엇보다 응아가 잘 나옵니다요….
근데 기분 나쁘게 배 아프고 그런 게 아니예요!
성분도 자연 순수해서 좋구요.

초록색은 응아 잘 나오고 그런건 없지만,
아침에 알바 있고 중요한 일정 있는 날
중간에 화장실 들릴 걱정 안해도 돼서 좋아요!
그래서 그냥 막 먹기 좋구용

그래서 그런가 얘 없으면 불안해요🥺"
2026-07-23,A000000180121,62889253,2026.07.16,5,1,OFFLINE, 알파플러스 ,A02,B01,"C02,C08",0,720.0,1,1,윤0,"한입에 털기 좋고, 목넘김도 문제 없어요!
맛도 특별한 거 이상없어요!

땡땡한 부기 좀 빨리 빠지는 건 맞는 것 같아요!
빠질 때 확실하게 빠지고요!
무엇보다 응아가 잘 나옵니다요….
근데 기분 나쁘게 배 아프고 그런 게 아니예요!
성분도 자연 순수해서 좋구요.

초록색은 응아 잘 나오고 그런건 없지만,
아침에 알바 있고 중요한 일정 있는 날
중간에 화장실 들릴 걱정 안해도 돼서 좋아요!
그래서 그냥 막 먹기 좋구용

그래서 그런가 얘 없으면 불안해요🥺"
2026-07-23,A000000180121,62889166,2026.07.16,5,1,OFFLINE,오리지널,A02,B01,"C02,C08",0,720.0,1,1,윤0,"한입에 털기 좋고, 목넘김도 문제 없어요!
맛도 특별한 거 이상없어요!

땡땡한 부기 좀 빨리 빠지는 건 맞는 것 같아요!
빠질 때 확실하게 빠지고요!
무엇보다 응아가 잘 나옵니다요….
근데 기분 나쁘게 배 아프고 그런 게 아니예요!
성분도 자연 순수해서 좋구요.

초록색은 응아 잘 나오고 그런건 없지만,
아침에 알바 있고 중요한 일정 있는 날
중간에 화장실 들릴 걱정 안해도 돼서 좋아요!
그래서 그냥 막 먹기 좋구용

그래서 그런가 얘 없으면 불안해요🥺"
2026-07-23,A000000180121,62889162,2026.07.16,5,1,OFFLINE, 알파플러스 ,A02,B01,"C02,C08",0,720.0,1,1,윤0,"이 통들이 보이십니까?
여기에 큰거 작은 거 한통씩 더 있어야 되는데
어디갔는지 모루겠어요ㅋㅋㅋ

한입에 털기 좋고, 목넘김도 문제 없어요!
맛도 특별한 거 이상없어요!

땡땡한 부기 좀 빨리 빠지는 건 맞는 것 같아요!
빠질 때 확실하게 빠지고요!
무엇보다 응아가 잘 나옵니다요….
근데 기분 나쁘게 배 아프고 그런 게 아니예요!
성분도 자연 순수해서 좋구요.

초록색은 응아 잘 나오고 그런건 없지만,
아침에 알바 있고 중요한 일정 있는 날
중간에 화장실 들릴 걱정 안해도 돼서 좋아요!
그래서 그냥 막 먹기 좋구용

그래서 그런가 얘 없으면 불안해요🥺"
2026-07-23,A000000180121,62714790,2026.07.12,5,1,OFFLINE, 알파플러스 ,A04,B03,"C05,C09",0,594.0,1,0,예트리,얼굴 갸름갸름 되서 좋더라구요 기분전환 많이구매해요 종종 얼굴 신경슬때 ㅋ
2026-07-23,A000000180121,63107235,2026.07.21,4,1,OFFLINE, 알파플러스 ,,,,0,528.0,1,1,217,맛과 효과는 크게 모르겠으나  많이 먹은 날 챙겨먹게 되네요 가격은 행사해야 사겠어요ㅠ
2026-07-23,A000000180121,60382777,2026.05.30,5,0,NORMAL, 알파플러스 ,A03,B03,"C01,C08",4,450.0,1,1,올영요정임니당,"요즘 야식도 자주 먹고 회식이나 모임도 많아서 관리용으로 재구매했어요ㅎㅎ

평소 이런 종류의 제품은 꾸준히 챙겨 먹는 게 중요하다고 생각해서 부담 없이 섭취할 수 있는 제품을 찾다가 선택했습니다. 개별 포장이라 휴대하기 편하고 가방에 넣어 다니면서 필요할 때 챙겨 먹기 좋더라고요.

맛도 생각보다 괜찮은 편이라 먹기 어렵지 않았어요. 건강기능식품이나 이너뷰티 제품들은 맛이 부담스러운 경우가 있는데 이 제품은 비교적 편하게 섭취할 수 있어서 만족했습니다. 물과 함께 간편하게 먹을 수 있어서 바쁜 아침이나 외출 전에도 챙기기 좋았어요.

평소 식습관이 일정하지 않거나 잦은 모임 때문에 관리가 필요하다고 느끼는 분들에게 괜찮은 선택지인 것 같습니다. 물론 이런 제품 하나만으로 모든 것이 해결되는 건 아니겠지만 꾸준히 관리한다는 마음으로 챙겨 먹고 있어요ㅎㅎ

요즘 건강 관리에 관심이 많아져서 이것저것 시도해보고 있는데 생각보다 만족도가 괜찮네요. 행사할 때 구매해서 더욱 만족스러웠고 다 먹어보고 괜찮으면 재구매할 생각입니다!"
2026-07-23,A000000180121,62898296,2026.07.16,5,0,NORMAL, 알파플러스 ,,,,0,396.0,1,0,버블티티티,맛은 없지만 몸에 좋은 성분들이랑 효과는 꽤 있는 것 같아 자주 재구매 하고 있음 좋아요
2026-07-23,A000000180121,62898200,2026.07.16,5,0,NORMAL, 알파플러스 ,,,,0,396.0,1,1,버블티티티,처음엔 먹기 너무 힘들었는데 이젠 익숙해져서 한 번에 삼킬 수 있을 지경에 이르렀음 플라시보 효과인지 모르겠는데 아침에 부은 게 잘 빠지는 것 같아 중요한 날에 애용 중
2026-07-23,A000000180121,62421401,2026.07.06,5,1,OFFLINE, 알파플러스 ,,,,0,396.0,1,0,하시모토칸구라,죄책감 때문에 먹었다 해. 전날 과식을 했거나 띵띵 부으면 한 포 때려주고 나갔다 해. 없으면 불안한 아이다 해.
2026-07-23,A000000180121,61995446,2026.06.27,5,0,NORMAL, 알파플러스 ,A04,B06,"C01,C02",1,396.0,0,1,방구석코덕,붓ㄱ빼고싶을때 먹어요 매일 먹는 제품은 아니고 오늘 좀 심하다 할 때 먹어요
2026-07-23,A000000180121,61931392,2026.06.26,5,0,NORMAL, ,A03,B03,C02,0,396.0,1,1,델리아7,"저는 기분전환 초록색을 먹는데 효과가 너무 좋아서 너무 만족하면서 먹는중이에요 😄 주로 자극적인 음식들을 먹은 후에 먹어주면 
다음날 덜 부어서 너무너무 좋아요 기분전환👍🏻"
2026-07-23,A000000180121,61900874,2026.06.25,5,1,OFFLINE, 알파플러스 ,,,,0,396.0,1,0,최고득템,"일어나자마자 한두포 먹거나 공복,점심 나눠서 한포씩 먹어요 효과 굿!"
2026-07-23,A000000180121,61563385,2026.06.17,1,0,NORMAL, 알파플러스 ,A07,B01,C01,4,378.0,1,0,예삐망고찡,두번먹고 … 창고행입니다 이걸로 효과볼 생각말고 음식조절 추천드려요 살찐건데 착각하고 이거먹으면 이것도 먹는거라… 그만먹어야할듯.. 제 경험담입니다.. 효과도 업서여
2026-07-23,A000000180121,62096234,2026.06.30,3,1,OFFLINE, 알파플러스 ,A01,B03,"C01,C04",0,360.0,1,0,비비비비비비빔빅,"환을 못 먹는 편이다 -&gt; 이것도 역겨울 수 있음.. 저는 평소에 환을 매우 싫어하는데 알 크기는 작아서 괜찮았지만 특유의 그 냄새는 분명히 있어요 

빈속에 먹지마세요 -&gt; 빈속에 먹고 헛구역질 계속 했어요 토할뻔^^ 

효과가 있나? -&gt; 효과도 그닥.. 차라리 이거 먹을바엔 일본 직구로 무*미 먹을 거 같아요"
2026-07-23,A000000180121,62157454,2026.07.01,5,0,NORMAL, ,A03,B06,"C01,C02",0,330.0,1,1,예리는,환 형태라 섭취하기 편하진 않지만 다음 날 화장실을 잘 가게 되어서 한번씩 먹어주는 제품입니다ㅎㅎ
2026-07-23,A000000180121,62157266,2026.07.01,5,0,NORMAL, 알파플러스 ,A03,B06,"C01,C02",0,330.0,1,1,예리는,환 형태라 섭취하기 쉽진 않지만 야식먹은 날 마음의 안정을 위해 먹는 제품입니다!..개별포장이라 들고다니기도 좋아요.
2026-07-23,A000000180121,62652365,2026.07.11,5,0,NORMAL, 알파플러스 ,,,,0,297.0,1,1,쭈니글스,오 머그니까 확실히 부은게 빠진 느낌 .? 야르 ~ 🥹 휴대하기 조음
2026-07-23,A000000180121,62217806,2026.07.02,4,1,OFFLINE, 알파플러스 ,,,,0,264.0,1,0,217,진짜 효과가 있는지난 모르겠어요 심리적으로 먹게 되는데 할인하면 사두고 종종 먹을거 같아요
2026-07-23,A000000180121,61409085,2026.06.13,5,0,NORMAL, 알파플러스 ,,,,0,225.0,1,0,채채리릴,이미 먹어봐서도 알고있었지만 술먹고 밥가득 먹어도 다음날 좋고요 화장실도 잘가서 도움이 되는거같아요 ㅎㅎ 화장실을 잘 못가는 편이라 술마셔도 배만아프고 잘 못싸는데 이거먹으면 잘가요 ㅋㅋ 술똥이라하죠 ㅋㅋ 술먹고 다음날도 덜한느낌이라 비싸도 사게되네요 ㅠㅠ
2026-07-23,A000000180121,60452719,2026.05.31,5,1,OFFLINE, 알파플러스 ,A03,B02,"C03,C10",2,225.0,1,0,뿡선이,"지금 하나 더 사러와서 리뷰남겨요
모르고 오리지널 초록색을 대량으로 샀다가
이 빨강이를 또 산건데 
초록색은 차전자피가 빠져서 그런가
짜게먹었을때 몸 개운하게 좋은 차를 마신 느낌인데 잘 티가 안나요..ㅜ
제가원하는건 좀 더 드라마틱한 효과라서요
레드는 변이 엄청 커지고 말똥처럼 만들어서
싹 빼주니까  몸을 가볍게 해줍니다.
6년전에 결혼할때 효과보고 좋아서 가끔 잊을만하면 사서 먹는데 하루 2~3포먹는다 치면 유지비가 너무 비싼 느낌.. 
따지고 보면 지방흡입이나 다른 시술보다 싼건데도
중요한일도 없는데 계속 달고 살기도 귀차나지니 잊고있다 다시 찾아오게되고 그러네요..
대용량이 시급한데 말이죠"
2026-07-23,A000000180121,62485023,2026.07.07,5,0,NORMAL, ,,,,0,198.0,1,0,도로위표지판,간편하게 뜯어서 먹기에 좋아요. 효과는 꾸준히 먹어봐야 알 듯 해요.
2026-07-23,A000000180121,60655047,2026.06.02,5,0,NORMAL, 알파플러스 ,A06,B04,"C01,C02",0,198.0,1,1,요구르트2,"물을 많이 먹고 삼켜도 꼭 몇 알씩은 입안에 그냥 남아 있어서 먹기는 굉장히 불편한 편이에요 

하지만 효과가 좋아서 몇 년째 절대 떨어지지 않게 쟁여두는 템이에요

 술이나 야식 먹었을 때 좋고 과식했을 때도 챙겨 먹으면 좋아요"
2026-07-23,A000000180121,60516874,2026.06.01,4,0,NORMAL, ,A02,B03,"C01,C06",0,198.0,1,0,전대용,비닐에 배송되서 상자가 찌그러지긴 했어요 ㅎㅎ 얼굴만 통통한 것 같아서ㅋㅋ 이것저것 마셔보고 있는데 이게 제 알고리쥼에 떠서 궁금해서 사봤어요 ㅎㅎ 마셔보고 괜찮으면 또 구매할 것 같아요! 저랑 잘 맞았으면 좋겠어요..
2026-07-23,A000000180121,60338438,2026.05.29,5,0,NORMAL, ,A03,B01,"C04,C07",0,198.0,1,0,삼순생마미,"환으로 되어있어서 먹기 편해요. 
저한테는 잘 맞아서 몇년째 구매중입니다."
2026-07-23,A000000180121,60338186,2026.05.29,5,0,NORMAL, ,A03,B01,"C04,C07",0,198.0,1,1,삼순생마미,"몇년째 꾸준히 먹는중입니다. 
저한테는 아주 잘 맞는 제품이에요. 
환이 작아서 먹기 편해요."
2026-07-23,A000000180121,60235679,2026.05.27,5,0,NORMAL, ,A03,B03,C02,0,198.0,1,1,델리아7,"저는 기분전환 초록색만 먹는데 너무 좋아요 👍🏻😁
아침마다 많이 부어서 좀 그런데 이 제품 먹고는 덜
부어서 만족하며 먹는중이에요"
2026-07-23,A000000250199,61899688,2026.06.25,4,1,OFFLINE, ,,,,75,6060.0,1,0,귀여운소봉이,"* 얼굴 전체에 도포 금지!
* 쌀알 만큼 쬐끔 바르기!
* 자극 느껴지면 바로 세수!
* 수분크림과 믹스해서바르기!

(인스타에 얼굴에 콩알만큼 전체 얼굴도포하신 인플루언서광고 내려주세요. 진짜 큰일나요!)
조심해서 사용하시는 걸 추천드려요!
저도 인스타 광고 보고 설명서 제대로 안 읽고 바로 따라 했다가 얼굴이 좀 따갑더라고요. 
급하게 제미나이로 찾아보고 바로 세수했답니다.
진짜 그대로 뒀으면 피부 뒤집어져서 피부과행~ㅠㅠ
저처럼 바로 사용하는 분들도 계실 텐데 꼭 콩알보다 더 적은 양으로 테스트 먼저 해보세요!
저는 수분크림이랑 같이 섞어서 사용했고,  퐁당퐁당으로 저녁에만 발랐어요. 아침에는 선크림도 듬뿍 발라줬습니다.

처음엔 살짝 긴장했는데  5일째 되니까 피부결이 맨들맨들해지고 모공은 솔직히 잘 모르겠어요. 
피부결이부드러워진 느낌은 확실히 있었어요.
지금도 바르면 자극이 느껴지긴합니다.
효과는 괜찮은 편이라 욕심내서 많이 바르기보단, 소량으로 천천히 피부 적응기간 가지면서 사용하는 걸 추천드립니다."
2026-07-23,A000000250199,62867100,2026.07.16,5,0,NORMAL, ,A03,B04,C05,3,3672.0,1,0,리노엄마,노란색 묽은 연고 타입 세럼이구요. 흡수가 빠르고 자극이 없어서 좋아요. 디오디너리에서 나온 펌프형 레티놀이랑 비슷한 것 같아요. 일단 오늘의 모공을 촬영해뒀습니다. 한달 후기로 돌아올게요!
2026-07-23,A000000250199,62742253,2026.07.13,5,0,NORMAL, ,A03,B01,"C02,C03",3,2214.0,1,0,뜬뜬뜬,"추천으로 샀어요. 목주름에 좋다고..
사실 간지러워서 벅벅 긁었더니 목 상처남 ㅠㅜ
효과는 아직 모르겠어요"
2026-07-23,A000000250199,62992775,2026.07.19,5,0,NORMAL, ,A04,B03,"C05,C08",1,1512.0,1,0,코코몽66,부드럽게 사용하기 좋은 레티날 크림으로 자극적이지 않아 좋습니다.
2026-07-23,A000000250199,62904285,2026.07.17,5,0,NORMAL, ,A02,B03,"C03,C08",1,1512.0,1,0,Kimme107,성분이 순해서 피부 자극없어 매일 사용해도 좋은 제품 이예요.
2026-07-23,A000000250199,62200536,2026.07.02,5,0,NORMAL, ,A02,B02,"C01,C10",3,1116.0,0,0,시저스,친구가 쓰는 거 보고 저도 따라 샀어요. 부스터라 양조절하면서 잘 써주면 피부관리에 도움될 것 같아서요! 정확한 후기는 1달 뒤에 써야할 것 같습니다!
2026-07-23,A000000250199,63027089,2026.07.19,5,1,GIFT, ,A02,B01,C05,1,1080.0,0,0,Kmkm9x,저녁 스킨케어 마지막 단계에 사용했는데 피부결이 점점 매끄러워지고 모공이 정돈되는 느낌이 들었습니다. 무겁지 않은 제형이라 흡수가 빠르고 자극도 심하지 않아 레티날 입문용으로 사용하기 좋았습니다. 꾸준히 사용하니 피부 탄력이 조금씩 좋아지는 것 같아 만족도가 높았습니다.
2026-07-23,A000000250199,63025429,2026.07.19,5,1,GIFT, ,A02,B01,C05,1,1080.0,0,1,Kmkm9x,"한 달 동안 저녁마다 꾸준히 사용했는데 피부결이 한층 매끄러워지고 모공이 조금 더 정돈된 느낌을 받았습니다. 소량만 사용해도 잘 펴 발리고 흡수도 빨라 다른 스킨케어 제품과 함께 사용하기 좋았습니다. 자극이 심하지 않아 적응하기 쉬웠고, 꾸준히 사용할수록 피부가 탄탄해지는 느낌이라 만족스럽습니다."
2026-07-23,A000000250199,62610772,2026.07.10,5,0,NORMAL, ,,,,1,945.0,1,1,syyang,"모공과 피부 탄력 케어에 관심 있는 분들에게 추천하고 싶은 제품입니다. 부드러운 제형으로 피부에 빠르게 흡수되며, 꾸준히 사용하니 피부결이 한층 매끈해지고 늘어진 모공이 정돈되는 느낌이 들었습니다. 레티날 성분이 함유되어 있어 처음에는 주 2~3회 정도로 시작해 피부 상태에 맞춰 사용하는 것이 좋았고, 자극은 비교적 적은 편이라 만족스러웠습니다. 15ml 본품에 3ml 추가 증정 구성으로 휴대하며 사용하기에도 편리한 기획 제품입니다."
2026-07-23,A000000250199,62571488,2026.07.09,5,0,NORMAL, ,A02,B02,"C01,C02",1,945.0,1,0,뷰티설리,요즘 유명템이라 소개 받아서 사용해봅니다. 좋습니다.추천
2026-07-23,A000000250199,63115622,2026.07.21,5,0,NORMAL, ,,,,1,900.0,1,1,syyang,"제형이 부드럽게 발리고 끈적임이 적어서 저녁 스킨케어 루틴에 사용하기 좋아요. 자극 없이 피부에 편안하게 흡수되는 느낌이었고, 다음 날 아침 피부결이 한층 매끄럽고 탄탄해 보였습니다. 꾸준히 사용하면 모공과 탄력 관리에도 도움이 될 것 같아 기대됩니다. 3ml 추가 증정 구성이라 여행이나 휴대용으로 사용하기에도 편리하고 가성비도 좋아 만족스러운 제품입니다. 레티날 입문용으로도 추천하고 싶은 부스터입니다."
2026-07-23,A000000250199,62821277,2026.07.15,5,0,NORMAL, ,A02,B02,"C05,C09",1,810.0,0,0,HYUN혀니,"사실 광고가 너무 많이 떠서 거부감이 들었었는데… 요근래 사용했던 제품 중에 자극감이 적으면서 효과는 확실 했어요 그동안 레티놀 제품은 많이 써봤어서 피부 적응이 되어있는 상태라 구매하고 바로 한톨씩 코에 이러면 안되지만 거의 매일 발라줬는데 올라오는 피지 자체 양이 줄고 신경 쓰이던 모공이 타이트닝 된게 보입니다,, 다 쓰면 재구매 할꺼에요"
2026-07-23,A000000250199,63034874,2026.07.19,5,0,NORMAL, ,,,,1,756.0,1,0,양아란,"살짝 따갑긴한데 좀있으면 괜찮아져용 바르면 단무지됩니다
효과를 기대하고있어요"
2026-07-23,A000000250199,62923460,2026.07.17,5,0,NORMAL, ,,,,1,756.0,1,0,chichiii,"저렴한 가격에 잘 샀네요 ㅎㅎ 
미니사이즈도 있어서 휴대하기에도 좋아요"
2026-07-23,A000000250199,62411247,2026.07.06,5,0,NORMAL, ,A03,,"C03,C10",1,756.0,1,0,쿵잉,"처음엔 매일발라서 자극이있었는데
일주일에 한 두번? 꾸준히 바르고있어요,
모공이 미세하게 조금씩 줄어드는거 같기도해요.."
2026-07-23,A000000250199,61832379,2026.06.23,5,0,NORMAL, ,A04,B04,"C05,C06",2,744.0,1,0,코리락쿵마,진짜 작아짐…. 무ㅜ임??? 솔직히 리들샷보다 저는 얘가 더 효과있어오..
2026-07-23,A000000250199,62820294,2026.07.15,3,0,NORMAL, ,,,,3,675.0,0,0,ssal****,"어디선가 좋다고 했던거 같아서 사봤어요.
받은 날 밤 자기전에 기초바르고 신경쓰이는 눈가, 눈밑,코,미간, 이마 주름까지 아이크림 바르듯이 소량 콕콕찍어 펴 발랐는데 첫날은 살짝 자극이 느껴졌지만 괜찮아서 바르고 잤고 아무생각없이 다음날도 다다음 날도 3일 연속 자기전에 바르고 잤고 오늘 쉬는 날이라 아침에 맨얼굴에 스킨로션만 바르고 있다가 저녁에 세안하려고 보니 아니..얼굴에 하얀 각질이 엄청 일어난거 보고 너무 놀래서 맨손으로 살살 각질을 밀어내고 다시 물로 세안했는데 또 각질이 보여서 다시 손으로 밀면 또 나오고..또나오고 계속 각질이 일어나서 그냥 약산성 폼클린징으로 일단 마무리 하고 나니 바른 부위만 얼굴이 벌겋고 번쩍번쩍 광이나고 따가웠어요.
사실 처음엔 이유를 몰라서 당황했는데 가만 생각하니 이제품 바른 부위만 트러블이 생긴거 같아서 다시 상세설명 꼼꼼하게  읽어보니...제가 처음 사용하면서 가이드대로 안쓰고 아무 생각없이 연속으로 3일을 사용해서 이렇게 된걸 알았네요..,
예전 니들샷  쌘거도 그냥 막 발라도 아무렇지 않았기에 꼼꼼히 안보고 맘대로 사용해버렸네요. 
지금 얼굴이 엉망이 된 상태지만 그래도 기왕 쓰기 시작한거 좀 가라앉으면(괜찬하 지겠죠?) 가이드에 따라 사용 다 쓸때까지 써보려구요.  
***처음 쓰시는 분은 꼭 상세설명에 가이드대로 사용하세요. 막 사용하다가 얼굴 난리 납니다."
2026-07-23,A000000250199,63197430,2026.07.23,5,0,NORMAL, ,,,,0,660.0,1,0,aimerihana,너무 만족합니다 ~~~ 저녁때만 쓰지만 효과가 있어서 좋아요
2026-07-23,A000000250199,62328456,2026.07.05,5,0,NORMAL, ,A06,B05,"C01,C02",2,630.0,0,0,나경이에유,부모님 한테는 효과가 있다고 하시는데 전 잘 모르겠어요 베트남에서는 이게 유행인가 봐요
2026-07-23,A000000250199,60640031,2026.06.02,5,0,NORMAL, ,A03,B02,"C03,C08",7,540.0,1,0,eunbi3804,셀리맥스 더 비타 A 레티날 샷 타이트닝 부스터를 사용해보니 피부결이 매끈하게 정돈되고 탄력이 개선되는 느낌을 받았어요. 가벼운 제형이라 끈적임 없이 흡수되어 사용감도 만족스러웠습니다. 꾸준히 사용하면서 늘어진 모공이 덜 눈에 띄고 피부가 한층 탄탄해 보였어요. 레티날 성분이 함유되어 있지만 자극이 부담스럽지 않아 저녁 스킨케어 루틴에 편하게 사용할 수 있었습니다. 15ml 본품에 3ml 추가 증정 구성이라 가성비도 좋아 모공과 탄력 관리가 필요한 분들께 추천합니다.
2026-07-23,A000000250199,62519375,2026.07.08,1,1,OFFLINE, ,A02,B03,"C01,C02",1,396.0,0,0,초코쵸,자극이 너무 느껴져서 트러블이 올라왔어요. 피부 빨개지고요.
2026-07-23,A000000250199,60294820,2026.05.28,3,0,NORMAL,[단품] 레티날 부스터 15ml,A04,B05,"C01,C04",4,378.0,1,0,달팸미,"요거 추천을 많이 하길래 사봤는데
효과는 그닥 모르겠어요.
일단 노란색으로 발려서 이러다 누렁인간 되는거
아닌가 싶을 정도라 과하게 바르면 안되요.ㅎㅎ"
2026-07-23,A000000250199,63064219,2026.07.20,4,0,NORMAL, ,A01,B04,"C04,C06",0,360.0,0,0,융융2,"평소에도 다른 브랜드의 레티놀 제품 쓰고 있었긴 한데 이렇게 스팟? 처럼 사용하는거도 처음이고 평소 쓰던거 보다 레티놀 농도가 높아서 조심히 사용중이에요! 
전체적으로 펴 바르기엔 좀 자극이 느껴져서 저는 팔자나 눈가 위주로 얇게 펴발라주는데 양 조절이 정말 중요한거 같아요!!
아무래도 농도가 좀 있는 제품이다 보니 많이 바르는거 보단 적은양으로 잘 펴바르고 꾸준히 발라주는게 좋은거 같아요!
사용 하고 좀 자극이 다른때 보다 느껴질때는 몇일 쉬어주는거도 중요한거 같아요!
모공이 좀 넓게 느껴지는 부위에도 펴발라주면 좋더라구요!
전체적으로 크림처럼 다 바르기 보단 모공이나 탄력에 고민되는 부위에 스팟처럼 부분만 얇게 발라주는게 좋은거 같아요!
매일 바르기 보단 휴식기를 주는거도 중요한거 같구요!
얼굴뿐만 아니라 목주름에도 발라서 관리해주는데 너무 좋은거 같고 이때동안 써오던 다른 레티놀 제품들에 비해 효과가 바로 보이는거 같아서 좋긴했어요!"
2026-07-23,A000000250199,63028046,2026.07.19,5,1,GIFT, ,A04,B04,C07,0,360.0,0,0,Meomeo7,모공과 피부결 관리가 필요해서 꾸준히 사용했는데 피부가 점점 매끈해지는 느낌을 받았습니다. 레티날 제품인데도 자극이 심하지 않았고 흡수도 빨라 사용하기 편했어요. 다음 날 피부결이 정돈되고 화장도 잘 받아 만족도가 높았습니다. 모공 관리용으로 추천하고 싶은 제품입니다.
2026-07-23,A000000250199,63020369,2026.07.19,5,1,GIFT, ,A02,B04,C04,0,360.0,0,0,anhviet,"레티날 제품이라 조금 걱정했지만 자극이 심하지 않아 적응하기 쉬웠습니다. 꾸준히 사용하면서 피부결이 매끄러워지고 모공이 조금씩 정돈되는 느낌을 받았습니다. 흡수도 빠르고 끈적임이 없어 다른 스킨케어와 함께 사용하기 좋았으며, 피부 탄력 관리용으로 만족스러운 제품입니다."
2026-07-23,A000000250199,62298804,2026.07.04,5,0,NORMAL, ,A03,B01,"C06,C08",0,360.0,1,0,tldbs0110,레티날 제품이라 혹시 자극적일까 봐 걱정했는데 생각보다 되게 순하고 부드럽게 발려서 데일리로 쓰기 넘 좋습니다!! 꾸준히 발라주니까 확실히 나비존 모공 쪽이 쫀쫀하게 탄력이 생기는 느낌이고 전체적인 피부결도 되게 매끄러워졌어요. 입구가 뾰족하고 좁은 튜브 타입이라 눈가나 목주름처럼 신경 쓰이는 부위에 정교하게 바르기 편해요. 다 쓰면 무조건 재구매하려구여
2026-07-23,A000000250199,62252102,2026.07.03,5,0,NORMAL, ,A03,B02,"C03,C08",0,360.0,1,0,eunbi3804,"제형이 가볍고 부드럽게 발려 피부에 빠르게 흡수되며 끈적임이 거의 없어 저녁 스킨케어에 사용하기 좋았습니다. 처음에는 주 2~3회 정도 사용하며 적응했는데 자극이 심하지 않아 꾸준히 사용하기 편했습니다. 사용 후 피부결이 한층 매끄러워지고 거칠었던 부분이 부드러워지는 느낌을 받았으며, 모공 주변도 조금 더 탄탄해 보이는 것 같았습니다. 3ml 증정 구성이라 여행이나 휴대용으로 사용하기도 편리했고, 위생적으로 덜어 쓰기에도 좋았습니다. 꾸준히 사용하면 더욱 만족스러운 변화를 기대할 수 있을 것 같아 계속 사용할 예정입니다."
2026-07-23,A000000250199,62251574,2026.07.03,5,0,NORMAL, ,A03,B02,"C03,C08",0,360.0,1,0,eunbi3804,"제형이 부드럽고 흡수가 빨라 끈적임 없이 사용할 수 있었어요. 꾸준히 사용하니 피부결이 한층 매끄러워지고 모공 주변도 탄탄해 보이는 느낌입니다. 자극이 심하지 않아 적응하면서 사용하기 좋았고, 3ml 증정 구성도 휴대하기 편해 만족스러웠습니다. 재구매 의사 있습니다."
2026-07-23,A000000250199,62251479,2026.07.03,5,0,NORMAL, ,A03,B02,"C03,C08",0,360.0,1,0,eunbi3804,"제형은 부드럽게 발리면서도 끈적임이 거의 없어 저녁 스킨케어 마지막 단계에 사용하기 좋았습니다. 사용 후 피부가 한층 매끈해진 느낌이 들고, 꾸준히 바르니 모공 주변이 조금 더 탄탄해 보이는 것 같아요. 자극도 심하지 않아 적응하면서 사용하기 괜찮았고, 3ml 증정 구성이라 여행이나 휴대용으로 활용하기도 편했습니다. 흡수도 빠르고 다음 날 피부결이 한결 매끄러워 보여 만족스러운 제품입니다. 앞으로도 꾸준히 사용해 볼 예정입니다."
2026-07-23,A000000250199,60640011,2026.06.02,5,0,NORMAL, ,A03,B02,"C03,C08",5,300.0,1,0,eunbi3804,"셀리맥스 더 비타 A 레티날 샷 타이트닝 부스터를 꾸준히 사용해보니 피부결이 한층 매끄러워지고 탄력이 살아나는 느낌이 들었어요. 가벼운 제형이라 끈적임 없이 흡수되어 부담 없이 사용할 수 있었고, 사용 후 피부가 쫀쫀하게 정돈되는 점이 특히 만족스러웠습니다.

모공이 늘어져 보이는 것이 고민이었는데 사용하면서 피부가 탄탄해 보이고 모공도 덜 도드라져 보여 만족했어요. 레티날 제품이지만 자극이 심하지 않아 저녁 스킨케어 루틴에 편하게 활용할 수 있었습니다. 15ml 본품에 3ml 추가 구성까지 있어 가성비도 좋은 제품이라 모공과 탄력 관리를 함께 하고 싶은 분들께 추천합니다."
2026-07-23,A000000224581,62044869,2026.06.29,5,0,NORMAL,[모밤기획] 모밤30ml+모밤31ml,A02,B02,"C03,C10",5,2340.0,1,1,샤르망,"항상 쓰는 수분크림인데
모밤이 더 잘맞아서 모밤세트로 구매
30밀리 사야 한달이면 쓰는데요
더 대용량도 나왔으면 좋겠어요
자주 사는것도 귀찮고
예전에는 75말리였나 튜브형으로 나온거
그게 편해서 자주 샀는데
단지형 비위생적이고 뚜껑딸때도 손닿는거 싫고
바르고 뚜껑닫을때도 화장품 묻는거싫고
튜브형 들어있는것도 용량이 작아서 너무 금방쓰고
마지막은 잘 나오지도 않고
두개합쳐서 대용량 튜브로 내주세요
찐 오랜 사용자가 정말 불편해서 쓰는거에요
모밤만큼 잘맞는 크림없는데"
2026-07-23,A000000224581,62400241,2026.07.06,5,0,NORMAL, [프로즌기획]50ml+10ml+토너20,,,,4,1620.0,0,0,Vialactea,"바르는 순간 시원한 쿨링감이 느껴져 더운 날씨에 특히 만족스러웠어요. 촉촉하게 수분을 채워주면서도 끈적임 없이 산뜻하게 마무리되어 데일리 수분크림으로 사용하기 좋았습니다. 피부에 부담 없는 사용감이라 손이 자주 가는 제품이에요. 근데 저는 샘플기획으로 구매했는데 샘플이랑 본품이랑 차이 있는것같아서 조금 그랬습니다. 샘플은 알갱이가 부드럽게 안 녹고, 알갱이를 갈아서 넣은 듯한 촉감이었습니다."
2026-07-23,A000000224581,62188169,2026.07.02,5,0,NORMAL,[프로즌기획] 50ml+50ml+손거울,A04,B05,"C07,C09",6,1620.0,1,0,피치요거트,빌리프 크림 종류가 제 피부랑 잘 맞아서 좋아해요! 여름에는 프로즌 크림을 쓰는데 진짜 시원하고 좋더라구요 쿨링 크림이라 냉장고에 넣은 후 사용하면 더 시원해요 🌀🌀 제형은 투명하고 약간의 알갱이가 있는데 자극적이진 않고 바를 때 금방 녹아요!
2026-07-23,A000000224581,62788411,2026.07.14,5,0,NORMAL,[프로즌기획] 50ml+50ml+손거울,A02,B04,"C01,C02",1,1350.0,1,0,공주는청순하겟아요,"제품 열어보고 토출구에 실링이 없어서 당황했어요.....
원래 실링이 안 되어있는 제품인가요???
증정으로 받은 거울 보호필름 벗겼는데도 지문같은 것 찍혀있어서 더욱 신경쓰여요......

+) 문의내역들 읽어보니 토출구 실링은 원래 없다네요
그럼 올리브영에서 반품상품 검수는 어떻게 하는거죠...?"
2026-07-23,A000000224581,60120004,2026.05.25,5,0,NORMAL,[모밤기획] 30ml 1+1&키링파우치,A03,B04,"C08,C12",117,1278.0,1,0,이썸머,사실 키링이라고 쓰잘데기 없는 플라스틱주지말고 샘플 더 줘요잉
2026-07-23,A000000224581,62628925,2026.07.10,5,0,NORMAL,[모밤기획] 모밤30ml+모밤31ml,A03,B02,"C05,C06",0,1134.0,1,0,소링,여름엔 아밤 봄가을겨울엔 모밤 아주 좋아요! 보습력 짱짱합니다
2026-07-23,A000000224581,62494361,2026.07.08,5,0,NORMAL,[프로즌기획] 50ml+50ml+손거울,A02,B03,"C01,C02",0,1134.0,1,0,오올챙,피부 온도를 즉각적으로 낮춰주는 쿨링 크림입니다. 요즘처럼 습하고 더워서 피부온도 올라갔을 때 사용하면 좋을것 같아요. 여름철 필수템입니다.
2026-07-23,A000000224581,63060656,2026.07.20,5,0,NORMAL,[프로즌기획] 50ml+50ml+손거울,A07,B04,"C01,C02",0,1080.0,1,0,삥쿠더쿠,안에 잘자란 알갱이가 들어 있는데 롤링을 해주면 시원한 느낌이 터집니다. 튜브 타입이라서 휴대하기도 편한데요. 여행 다닐 때 꼭 챙겨다니고 있어요. 이걸 쓰고 나면 메이크업도 잘 받는 것 같고 피부 온도가 내려가서 그런지 모공도 더 작아진 듯한 느낌이에요. 꾸준하게 사용해 보려고 합니다. 계획으로 만났을 때 들어 있는 쿨링 마사져도 마음에 쏙 들어요. 잘 사용하고 있습니다.
2026-07-23,A000000224581,63029443,2026.07.19,5,0,NORMAL,[프로즌기획] 50ml+50ml+손거울,A04,B01,"C05,C08",0,1080.0,1,0,XS,빌리프 제품 좋아합니다.민감한 피부인데 항상 트러블 없이 잘 맞아요.정말 감사한 브랜드.지성 피부라 여름철엔 수분젤 정도로 마무리 하거든요.촉촉하게 잘 유지되고 유분도 적어서 딱 좋습니다.작년 여름에도 잘 사용해서 올 해도 또 구매했어요.
2026-07-23,A000000224581,63022902,2026.07.19,5,0,NORMAL,[프로즌기획] 50ml+50ml+손거울,A02,B06,C09,1,1080.0,0,0,대굴래오,"이거 또 살 거예요. 진짜 짱 좋아요.
알갱이 텍스처가 톡톡 터지면서 발리는 느낌이라 재밌고, 발랐을 때 시원~한 쿨링감이 확 느껴져서 요즘 같은 날씨에 딱이에요. 가볍게 흡수돼서 답답함 없이 산뜻하게 마무리되는 게 딱 제 스타일이었어요.
무겁지 않으니까 아침저녁 부담 없이 매일 쓰기 좋고, 쿨링감 덕분에 바르는 순간마다 기분 전환도 되는 느낌이었어요. 손거울 증정도 알차게 챙겨져서 더 만족스러웠고요.
가볍고 쿨링감 있는 진정크림 찾으시는 분들껜 진심으로 추천드려요 🌿"
2026-07-23,A000000224581,62620720,2026.07.10,5,0,NORMAL,[프로즌기획] 50ml+50ml+손거울,A01,B01,"C07,C09",0,945.0,1,1,habing84040,"여름철 가볍게 쓰기 좋은 크림이에요.
저희집은 남편도 저도 지성이라 끈적이는거 질색인데 이건 안끈적여서 좋아요."
2026-07-23,A000000224581,62810009,2026.07.14,5,0,NORMAL,[프로즌기획] 50ml+50ml+손거울,A03,,"C04,C05",0,900.0,1,0,긍긍해,"요즘같은 더운 여름엔 쿨링 효과가 있는 크림이 필수다.
박스 안에 있는 제품을 꺼냈는데 제품 겉을 만질 때부터 시원함이 느껴졌다. 쿨링 효과를 더 잘 느낄 수 있도록 튜브 소재도 신경 쓴 게 느껴진다.
손등에 발라봤을 때 바로 시원함이 느껴졌고, 알갱이들이 잡혔다. 손으로 펴 바르니 알갱이들은 사라지고 촉촉함이 오래 남아있다. 이번 여름은 이 크림은 결정!
거울도 파우치 안에 쏙 들어갈 정도로 작고 귀엽다"
2026-07-23,A000000224581,62556107,2026.07.09,5,0,NORMAL,[프로즌기획] 50ml+50ml+손거울,A03,B02,"C03,C08",0,900.0,1,0,eunbi3804,먼저 패키지가 깔끔하고 손거울 증정 구성까지 있어 활용도가 높았습니다. 크림은 젤 타입의 촉촉한 제형으로 피부에 닿는 순간 시원한 쿨링감이 느껴져 여름철 사용하기 좋았습니다. 끈적임 없이 빠르게 흡수되면서도 피부 속까지 수분이 채워지는 느낌이 들어 건조함 완화에 도움이 되었습니다. 특히 냉장고에 잠시 넣어두고 사용하면 프로즌 크림이라는 이름처럼 더욱 시원하게 사용할 수 있어 만족스러웠습니다. 사용 후 피부가 촉촉하고 매끈하게 유지되며 메이크업 전에도 부담 없이 바를 수 있습니다. 1+1 구성이라 가성비도 좋고 가족과 함께 사용하기에도 충분한 용량입니다. 수분감과 쿨링감을 동시에 원하는 분들에게 추천하고 싶은 제품입니다.
2026-07-23,A000000224581,62438164,2026.07.06,5,0,NORMAL,[프로즌기획] 50ml+31ml+괄사,A02,B02,C08,0,900.0,1,0,야호얍,"평소 얼굴에 열감이 많은 편이라 특히 여름에 만족도가 높았던 제품이에요. 민감성 피부인 제겐 빌리프 모이스춰 크림이 피부 컨디션에 상관없이 쓸 수 있는 몇 안되는 데일리템인데, 이 제품은 여름에 사용하기 딱 좋더라고요. 예전에 기획으로 나왔던 마사저 아직도 만족하며 사용중인데 냉장고에 넣어뒀다가 스킨케어할 때 같이 사용하면 얼굴 열감이 내리면서 메이크업이 훨씬 잘 먹더라구요. 개인적으론 올영 기획중 가장 만족도가 높았던터라 이런 센스있는 기획 자주 해줬으면...🙏"
2026-07-23,A000000224581,62360002,2026.07.05,5,0,NORMAL,[모밤기획] 모밤30ml+모밤31ml,A07,B03,,1,900.0,1,0,xxzz,"보습크림이라하면 보통 꾸덕하고 무거운 제형이 떠오르는데 모이스춰밤은 보통 수분크림처럼 부드럽고 크리미한 제형이에요!
펴바르면 빠르게 싹 스며들면서 피부를 한겹 감싸주는 느낌이고, 보습력은 충분하지만 전혀 무겹거나 답답하지 않아서 사용감이 편하더라구요
유분감이 과하지 않아서 피부타입 크게 타지않고 누구에게나 잘맞을거같아요💙"
2026-07-23,A000000224581,62118553,2026.06.30,5,0,NORMAL,[프로즌기획] 50ml+50ml+손거울,A01,B03,C09,0,900.0,1,0,빙글레,"요즘처럼 더운 날에는 얼굴 열감부터 잡는 게 먼저라서 쿨링 크림 찾다가 구매했어요

크림 안에 흰 알갱이 같은 입자가 있는데 피부에 바르면서 문지르면 자연스럽게 녹으면서 흡수되요

바르는 순간부터 살짝 시원한 감이 있어서 피부 온도가 내려가는 느낌이 들고 답답함이 없어요

아침에 화장 전에 한 번 써주면 열감이 잡혀서 그런지 베이스도 훨씬 잘 먹는 편이었어요

무겁지 않고 산뜻하게 마무리돼서 여름용크림으로 쓰기 좋습니다"
2026-07-23,A000000224581,62803558,2026.07.14,5,0,NORMAL,[프로즌기획] 50ml+50ml+손거울,A06,B03,"C02,C03",0,810.0,1,0,새루의하루,"캡슐 알갱이가 들어있어서 뭔가 더 피부에 좋은 느낌🤣🤣

여름에 매일 잘 쓰고잇는 제품이에요!
요즘 너무 습하고 더워서 아무리 화장해도 모공이 부각되더라구요 ㅠ
화장전애 이거 바르면 모공이 좀 덜커보인 효과가 있긴 해요🤣 
지금까지 써본 쿨링 로션중에서 젤 쿨링감 보습감 좋았음💥

근데 이거 하고 선풍기 앞에있으면 머리가 아플정도로 ;; 과하개 시원해져요;; 바람 안부는데서 바르시길 .."
2026-07-23,A000000224581,63143713,2026.07.22,5,0,NORMAL,[프로즌기획] 50ml+50ml+손거울,A03,B04,"C01,C02",0,792.0,1,0,까몽밤,아침에 자극 없이 시원하게 쓰기 좋은 크림이에요! 끈적임 없이 수분만 채워줘서 좋습니당!
2026-07-23,A000000224581,62966341,2026.07.18,5,0,NORMAL,[프로즌기획] 50ml+50ml+손거울,A03,B03,"C01,C02",0,792.0,1,0,날토,"부드럽게 잘 발리고 촉촉해서 좋아요! 추천합니다 
1+1 기획에 거울도 증정해주네요! ㅎㅎ"
2026-07-23,A000000224581,62501447,2026.07.08,5,0,NORMAL,[프로즌기획] 50ml+50ml+손거울,,,,0,756.0,1,0,jbinter,"한달 사용 리뷰입니다.
프로즌 캡슐이 터지면서 느껴지는 쿨링감
끈적임 없는 산뜻한 마무리
피부 열감 및 붉은기 진정에 도움
여름철 수분크림으로 추천
건성 피부에게는 비추천
😀"
2026-07-23,A000000224581,62091538,2026.06.30,5,0,NORMAL,[프로즌기획] 50ml+50ml+손거울,A02,B01,"C01,C02",2,756.0,1,0,안달이맘,"더운 여름
아쿠아밤 크림
바르는 순간 작은 알갱이가
부드럽게
펴지면서
시원함이 좋네요
여름에 바르기 좋은 크림
확실히 시원하네요"
2026-07-23,A000000224581,62015057,2026.06.28,5,0,NORMAL,[모밤기획] 30ml 1+1&키링파우치,A02,B03,"C01,C02",0,756.0,1,0,오올챙,빌리프 모이스춰라이징 밤은 사용감이 좋아요. 우윳빛의 부드러운 크림 제형입니다. 아침 저녁 사용하면 수분감과 영양감 같이 챙길 수 있어요.
2026-07-23,A000000224581,61949294,2026.06.26,5,0,NORMAL,[모밤기획] 30ml 1+1&키링파우치,A01,B01,C01,2,756.0,1,0,보라미감자,보습력 좋네요 지성인데 번들거림 없이 촉촉한 정도입니다 ~!!
2026-07-23,A000000224581,61947610,2026.06.26,5,0,NORMAL,[프로즌기획] 50ml+31ml+괄사,A03,B04,"C01,C09",4,756.0,0,0,온찡,시원합니다 열감도 내려주고 붓기도 빼주고 만족스럾.ㄴ다앙
2026-07-23,A000000224581,61942259,2026.06.26,5,0,NORMAL,[프로즌기획] 50ml+50ml+손거울,,,,0,756.0,1,0,제뜨,여름에는 유분 있는 크림이 무거워서 가벼운 수분 제형의 크림을 찾다가 빌리프를 구매하게 됐어요 손거울 기획세트라 귀엽고 용량도 넉넉해서 이번 여름 동안 잘 사용해보고 또 후기 남길게요
2026-07-23,A000000224581,61910995,2026.06.25,5,0,NORMAL,[모밤기획] 모밤30ml+모밤31ml,A01,B05,C01,6,756.0,1,0,숙달,수부지인데 기초 조금 무겁게 하는 사람들에게 완전 추천해요 촉촉한데 너무 기름지지 않게 마무리 되어서 좋아요 n번째 재구매템
2026-07-23,A000000224581,62111756,2026.06.30,5,0,NORMAL,[프로즌기획] 50ml+50ml+손거울,A03,B02,"C01,C02",0,750.0,1,0,상큼만땅,"빌리프 쿨링 셋트로 구매했는데 정말 잘 쓰고있어요! 패드에 영업당해서 전부 구매했는데요! 좋아요 진짜류! 
패드처럼 차가움을 즉각적으로 느낄수는 없지만 바르고 열이 많은 제피부는 금방 뜨거워지는데 우연히 피부만졌는데 차가워서 놀랐어요! 이거슨..진짜혁명...열이 많아서 트러블에 속건조에 모공이 열려있는 피부라서...쿨링제품 매우 반갑네요ㅠㅠ올여름 정말 잘쓸것같아요!"
2026-07-23,A000000224581,62038855,2026.06.29,5,0,NORMAL,[프로즌기획] 50ml+50ml+손거울,A03,B03,"C01,C02",0,750.0,1,0,수납장필요,여름철에 쓰기 정말 좋은 수분크림이에요!! 피부에 바르는 순간 열감이 싹 내려가는 기분이 듭니다 끈적이지 않고 촉촉하게 흡수되어서 지성 피부나 복합성 피부인 분들도 부담 없이 데일리로 사용하기 딱 좋습니다 냉장고에 넣어두었다가 꺼내서 바르면 쿨링감이 배가 되어서 달아오른 피부를 진정시키는 데 아주 좋더라구요 향도 은은하고 상쾌해서 바를 때마다 기분이 좋아지며 수분 충전이 확실하게 되는 느낌을 받았습니다 올여름 이 크림 덕분에 피부관리 잘할수있을거 같네요 앞으로도 꾸준히 재구매해서 사용할 생각입니다
2026-07-23,A000000224581,62689864,2026.07.12,4,0,NORMAL,[프로즌기획] 50ml+50ml+손거울,A02,B05,"C01,C05",0,675.0,1,0,아이캔듀잇,"배송 지연되어서 +4일 후에 받았네요…
우선 쿨링크림은 제가 올린 사진만큼 말고 한 엄지손톱 반만큼 바르면 딱 쿨링감이 좋은거 같아요 근데 와 진짜 시원하다!!! 이정도는 아닌거 같고 딱 열감 일시적으러 내려주는 느낌이에요 향은 남자 스킨 약한 향이 나고요 
기획은 좋은데 배송 꽤 걸려서 마음 졸였습니다 ..ㅎ
더 강한 쿨링을 원한다면 냉장고에 넣어서 바르면 더 좋을거 같긴해요 재구매의사는 딱히 없어요"
2026-07-23,A000000224581,62607240,2026.07.10,5,0,NORMAL,[프로즌기획] 50ml+50ml+손거울,,,,0,675.0,1,0,syyang,"젤 타입 제형이라 부드럽게 발리고 피부에 빠르게 흡수되어 끈적임이 거의 없습니다. 바르는 순간 시원한 느낌이 전해져 더운 날씨나 피부 열감이 느껴질 때 사용하기 좋았습니다. 사용 후 피부가 촉촉하고 산뜻하게 유지되어 메이크업 전에도 부담 없이 사용할 수 있었습니다. 1+1 구성이라 가성비가 좋고, 함께 증정된 손거울도 실용적이어서 만족도가 높았습니다. 수분 크림을 찾는 분들에게 추천하고 싶은 제품입니다."
2026-07-23,A000000219609,62075265,2026.06.30,5,0,NORMAL, ,,,,24,5940.0,0,0,좋아좋아요,"한 달 정도 꾸준히 사용해 보니 피부 컨디션이 한결 안정된 느낌이었습니다. 끈적임 없이 흡수되는 제형이라 아침저녁으로 사용하기 편했고, 여러 번 덧발라도 답답하지 않았습니다. 피부가 예민한 날에도 자극 없이 사용할 수 있었고, 보습감도 적당해서 다른 제품과 함께 레이어링하기 좋았습니다. 리필 구성이라 용량도 넉넉하고 경제적인 점이 가장 만족스러웠습니다. 트러블 흔적 관리와 수분 케어를 함께 하고 싶은 분들에게 추천하고 싶은 세럼입니다."
2026-07-23,A000000219609,62641996,2026.07.11,5,0,NORMAL, ,A03,B04,"C01,C02",3,2970.0,1,0,무지개같다,"트러블이랑 트러블 자국이 신경쓰여서 파티온 세럼 구매해봤어요!
원래 브0그린 세럼 썼는데 너무 묽어서,,,
올영세일 때 구매했더니 본품 50 리필 40 크림 10 으로 구성을 알차네요
사용해보니까 제형이 생각보다 가벼워서 여름에 사용하기 좋을 듯 해요
끈적임 거의 없고 빠르게 흡수 됩니다
효과는 아직 잘 모르지만 사용감은 좋아요
꾸준히 사용해 트러블과 트러블 자국에 효과있길 기대해볼게요!!

제 리뷰가 도움이 되셨다면 좋아요 버튼👍 부탁드려요😍😍"
2026-07-23,A000000219609,62749378,2026.07.13,5,0,NORMAL, ,A02,B01,"C01,C03",1,1674.0,1,0,보도리이,"트러블 자국이 신경 쓰여서 사용해봤는데 제형이 가볍고 흡수가 빨라서 부담 없이 바르기 좋았어요!!
꾸준히 사용하기 좋은 세럼이고 리필까지 들어 있어서 가성비도 만족스러웟어여"
2026-07-23,A000000219609,62768139,2026.07.13,5,0,NORMAL, ,A03,B01,"C02,C10",0,1350.0,1,1,Silentcontrol,"민감성 피부라 트러블을 늘 달고 살아서 집에 항상 구비해 놓고 있는 제품입니다. 진정 효과 빠르고 피부에 자극 없구요.
본품과 비슷한 용량의 리필이 포함 된 제품이라 가성비 진짜 좋은 듯 합니다. 주변에도 보면 이 제품 많이들 쓰더라구요.
그만큼 검증 된 제품이라는 뜻이겠죠."
2026-07-23,A000000219609,62627935,2026.07.10,5,0,NORMAL, ,A04,B01,"C05,C08",0,1350.0,1,0,알이,"화장품만 바꾸면 트러블이 생기거나 더운날 피지가 많이 올라오시는 분들을 위한 트러블세럼!
타티온은 워낙 민감성 트러블 제품을 잘 만들기로 유명하잖아요~
요즘 날도 덥고 자외선을 많이 받아서인지 또 이놈의 트러블때문에 진절머리가 나는 하루하루인데요~
그래서 선택한게 피티온 노스카나인 트러블 세럼입니다.
이게말이죠 일단 자극이 없어요.
거기에 수분감이 가득해서 피부 트러블은 진정시켜주면서 피부속까지 촉촉하게 해주더라구요~
외부자극에 의해 일시적으로 붉어진 피부색을 진정시켜주면서 사용후에는 붉은 피부를 개선해주기까지 합니다.
본품 50ml 에 다 쓰고 나면 리필 40ml 까지 같이 들어있는데 이렇게 리필이 같이 들어있으니 이게 참 좋은것같아요. 거기에 기획으로 여행용으로 갖고다니기 좋은 트러블 크림까지 들어있어요~
잘쓰겠습니다."
2026-07-23,A000000219609,62541123,2026.07.09,5,0,NORMAL, ,A03,B05,"C01,C02",1,1350.0,1,1,kaiseree,늘 챙겨두고 사용하는 파티온 트러블 제품이에요. 촉촉하게 세럼처럼 발라줄 수 있고 스팟 트러블 부위에만 부분적으로 발라줄 수도 있어요. 자기 전에 주로 발라주는데. 다음 날 빠르게 진정되는 부분이 마음에 드는 제품이에요. 대용량 기획제품이 가성비가 더 좋아서 올영세일때마다 사고있어요^^
2026-07-23,A000000219609,62252567,2026.07.03,4,0,NORMAL, ,A01,B03,"C01,C02",1,1260.0,1,0,iuudiw88,"사실 이전에 광고모델의 열렬한 팬인 아는 지인한테 받아서 사용해본 적 있었는데
그땐 무매력이 매력이라고 생각했었어요 남들은 다 진정에 좋다는데 전 아무런 효과도 없어서..
근데 최근에 피부 뒤집어져서 자극되는데 갑자기 이게 생각나서 구매했고!
이번에도 자극은 없더라고용..피부 민감한 분들 추천"
2026-07-23,A000000219609,62516714,2026.07.08,5,0,NORMAL, ,A03,B06,"C01,C03",1,1134.0,1,0,통장털어찐템찾기,트러블 종종 나는 피부라 파티온 꾸준히 쓰고있어요 여름이나 낮에 가볍게 흡수되서 데일리로 바르기 좋은 세럼이에요
2026-07-23,A000000219609,62495607,2026.07.08,5,0,NORMAL, ,A03,B04,"C01,C02",2,1134.0,0,0,잼콩잼콩,"아픈 대왕 여드름이 났어서 그 위에 발라줬더니 며칠 안돼서 쏘옥 들어갔어요
패치로도 해결안되던게 금방 들어가서 짖짜 신기했어용
이 제품은 다 쓰면 또 살거에오!"
2026-07-23,A000000219609,63033628,2026.07.19,5,0,NORMAL, ,A07,B04,"C01,C02",0,1080.0,1,0,삥쿠더쿠,가끔씩 저도 트러블이 일어나고 사춘기 두 자녀를 키우고 있어서 파티온 제품이 트러블에 좋다고 알고 있었는데요. 좋은 기획 구성이 나왔길래 구입해보았습니다. 투명하고 묽은 액상 타입이라서 금방 스며들어좋았고요. 꾸준히 사용하면 트러블이 잠잠해지는 것 같아서 좋습니다.
2026-07-23,A000000219609,63067130,2026.07.20,4,0,NORMAL, ,A06,B01,"C01,C02",0,900.0,1,0,우사미짱,저는 여름이라 냉장고에 두고 사용하는데 진정이랑 트러블에 좋은것 같아요. 보습이 신경쓰일때는 레이어링 해주는데 트러블도 없고 진정에 좋네요. 재구매의사 있습니다. 중복합성-중건성-트러블성을 오가면서 여러가지 제품 트라이 하는 중인데 꽤 괜찮은 제품같아요. 다음 세일때 쟁여야겠어요.
2026-07-23,A000000219609,62108706,2026.06.30,5,0,NORMAL, ,A02,B06,"C01,C02",3,900.0,1,1,pinkyrian,"꾸준히 사용하면서 붉은기가 있는 부위가 차분해지는 느낌이 들었고, 피부결도 한층 매끄럽게 정돈되는 것 같았어요. 유분감이 적어 메이크업 전에 사용해도 밀림 없이 사용할 수 있었고, 민감한 피부도 편안하게 사용할 수 있는 사용감이었어용"
2026-07-23,A000000219609,62062636,2026.06.29,5,0,NORMAL, ,A06,B04,"C01,C03",2,900.0,0,1,포도도포도,급속 진정 세럼으로 이만한 게 없어요! 50ml 용량이라 아침저녁으로 부담 없이 쓰기 좋고 끈적임 없이 수분감 가득하게 싹 흡수되는 제형이라 사계절 내내 쓰기 딱이에요 트러블 때문에 붉어진 피부나 예민해진 부위에 며칠만 꾸준히 발라주면 자극 없이 금방 진정되고 피부 결도 매끈해지고 장벽이 탄탄해지는 게 느껴져서 벌써 몇 통째 비우고 있는 정착템!
2026-07-23,A000000219609,62060193,2026.06.29,5,0,NORMAL, ,A06,B01,"C01,C04",1,900.0,1,1,amh1117,"언제부터 꾸준히 사용하고 있는지 기억도 안날만큼 오래쓰고 있는 파티온 노스카나인 트러블 세럼!
건조한편인데 세안하고 스킨 바르고 세럼발랐더니 보습도 잘되도 트러블 있을때 진정효과도 있어서 정착템이에요 쟁여놓고 가족들이랑 지인들한테 가벼운 선물용으로도 하나씩 드리고있어요ㅋㅋ"
2026-07-23,A000000219609,62032752,2026.06.28,5,0,NORMAL, ,A03,B01,"C02,C10",0,900.0,1,1,Silentcontrol,"온 가족이 쓰다 보니까 거의 한달에 한개 정도는 꾸준히 사는 것 같아요.
피부 자극이나 아이 여드름 올라왔을 때 빠르게 진정되는게.. 완전 저희집 필수품입니다.
끈적임이 없어서 사용하기에도 편해요~
주변에도 보면 이 제품 많이들 쓰더라구요.."
2026-07-23,A000000219609,62032406,2026.06.28,5,0,NORMAL, ,A03,B01,"C02,C10",0,900.0,1,1,Silentcontrol,"트러블이 워낙 자주 올라와서 생필품처럼 쓰고 있는 제품이에요.
본품에 비슷한 용량의 리필까지 들어있어서 거의 2개를 산 거 하고 비슷한 느낌입니다.
가성비가 젤 좋은 제품인 듯..
집에 이거 떨어지면 뭔가 불안 할 정도로 자주 쓰고 또 그만큼 효과도 괜찮으니까..
주변에도 보면 아이 여드름에도 좋다고 하더라구요.
그만큼 많이들 구입하고 저도 재구매 여러번 했습니다.
검증 된 제품이라는 생각이에요."
2026-07-23,A000000219609,62803038,2026.07.14,5,0,NORMAL, ,A01,B06,"C05,C08",0,810.0,1,1,이댠,"이거 아주 좋아요!!
유분은 잔뜩 올라오니까 화농성 여드름이 자주 난단 말이죠..?
근데 이거 2~3일 정도 발라주면 금방금방 들어가요🥹🥹
원래 화농성 여드름 생기면 짜고 흉지고 자국 없애느라 바빴는데, 이거 쓴 이후로 안 짜도 금방 없어지니까 진짜 좋아요😳
금방금방 쓰니까 세일할 때마다 사서 쟁여두고 있어요!!"
2026-07-23,A000000219609,63122829,2026.07.21,5,0,NORMAL, ,,,,0,792.0,1,0,망먕망,피부 트러블 진정에 좋아요 촉촉하고 흡수 잘 됩니다 유명템인 이유가 있는듯해요
2026-07-23,A000000219609,63094744,2026.07.21,5,0,NORMAL, ,A03,B05,"C02,C03",0,792.0,1,0,강구니,촉촉하고 녹진한 에센스! 순하고 부드러워서 피부에  스며들어요! 속건조도 잘 잡아주고 결이 부드럽게정돈 됩니다! 화장도 잘먹어서 굿!!
2026-07-23,A000000219609,63020886,2026.07.19,5,0,NORMAL, ,A03,,"C01,C02",0,792.0,1,0,리미요미,촉촉히고 건조할때 한번 더 레이어링해서 덧빌라주니 촉촉하고 가벼워요
2026-07-23,A000000219609,62377434,2026.07.05,5,0,NORMAL, ,A04,B01,"C01,C05",0,756.0,1,0,욘하,꾸준히 잘 쓰고 있는 아이템이에요. 리필도 나와서 좋아요.!
2026-07-23,A000000219609,62349321,2026.07.05,5,0,NORMAL, ,A03,B02,"C01,C11",1,756.0,1,0,어피치콜,"파티온제품들이 트러블케어하기에 좋아요👍
크림도 클렌징제품들도 자극없고 트러블진정에
좋은거 같아요
딸이 욕실에 두고 세안후에 바로 바르고 있어요
꾸준하게 사용하면 트러블진정에 효과는
있는거 같아요"
2026-07-23,A000000219609,62118655,2026.06.30,5,0,NORMAL, ,A02,B01,C01,2,756.0,0,0,닉네임입력해주세요a,세럼 성분이 너무 순하고 좋아서 피부 장벽 다 무너져졌을 때 이거 열심히 발라 주면 금방 다시 피부 튼튼해지더라구요
2026-07-23,A000000219609,62118612,2026.06.30,5,0,NORMAL, ,A02,B01,C01,2,756.0,0,1,닉네임입력해주세요a,피부 장벽 무너졌을때 어떤 걸 발라도 다 피부가 뱉어내는데 이건 이상하게 잘 맞더라구요
2026-07-23,A000000219609,62086763,2026.06.30,5,0,NORMAL, ,A06,B04,"C01,C03",2,756.0,0,1,포도도포도,"이거 쓰고 여드름 정말 많이 들어갔어요
자기 전 듬뿍 발라주면 다음날 효과가 눈으로 보여요"
2026-07-23,A000000219609,62086706,2026.06.30,5,0,NORMAL, ,A06,B04,"C01,C03",2,756.0,0,0,포도도포도,"트러블 세럼 중에서는 이 제품이 가장 좋아요
여드름도 많이 들어가고 촉촉해요"
2026-07-23,A000000219609,62079037,2026.06.30,5,0,NORMAL, ,A04,B03,"C01,C02",2,756.0,0,1,jss0407,"기획세트 구성 좋아서 주문할 때 항상 이걸로 주문해요.
마스크팩도 은근 괜찮은듯!"
2026-07-23,A000000219609,62060324,2026.06.29,5,0,NORMAL, ,A06,B01,"C01,C05",2,756.0,0,1,동글둥글동글,"여드름 수부지 피부 타입인데 파티온 제품들이 최애에요
그 중에서도 1등은 무조건 이 트러블 세럼 ㅎㅎㅎ"
2026-07-23,A000000219609,62060247,2026.06.29,5,0,NORMAL, ,A06,B01,"C01,C05",2,756.0,0,0,동글둥글동글,"이젠 더 좋다고 하기도 입 아플 정도로 인생 세럼이에요~~
수부지 여드름 피부라면 꼭 써야되는 1등 템"
2026-07-23,A000000219609,62026338,2026.06.28,5,0,NORMAL, ,,,,0,756.0,1,0,dearra,"막 생긴 트러블에 좋을거같아서
구매했어요
예전에 파티온 잘 사용했는데
이번에 구성이 너무 좋아요"
2026-07-23,A000000205908,61106441,2026.06.07,5,0,NORMAL,[기획]03세레니티(+퍼프2종),A03,B04,"C02,C05",136,6750.0,1,0,도비는자유예요,"도비는 완전 노란 피부라서… 컬러 코렉팅 마법 없이는 화장을 시작할 수 없습니다… 그래서 오랫동안 이 제품을 애용하고 있었는데, 어느 날 비슷한 저렴이 포션이 다이소에 나왔다는 소식을 듣고 잠시 한눈을 팔았습니다… 

하지만 그 마법은 오래가지 못했습니…다… 처음에는 괜찮은 것 같았지만 시간이 지나니 색 보정 효과가 금방 사라져서 도비의 노란기가 다시 슬금슬금 모습을 드러냈습니다… 결국 도비는 다시 원래 쓰던 이 아이에게 돌아왔습니다… 역시 색 보정 마법은 믿을 만한 포션을 써야 했습니다… 뜨는 느낌도 없고 유지력도 훨씬 좋아서 베이스를 올렸을 때 피부가 훨씬 깔끔해 보입니다… 마치 호그와트 입학 전에 투명 망토를 두르고 결점을 감춘 느낌이랄까… 도비에게는 이제 없어서는 안 될 필수 마법 아이템입니…다… 이것이 없으면 도비는 화장을 시작할 수 없습니…다…"
2026-07-23,A000000205908,62768551,2026.07.13,5,0,NORMAL,[기획]03세레니티(+퍼프2종),A03,B04,"C02,C05",3,2430.0,1,0,도비는자유예요,"도비는 여름만 되면 지속력 마법 아이템을 찾아 헤매는 마법사입니다… 이 프라이머는 써보자마자 정착을 외치게 되었습니다…

일단 발림감이 정말 보송보송합니다… 피부를 매끈하게 정리해주면서 베이스도 훨씬 오래 버텨줘서 여름에 사용하기 딱 좋았습니다… 마치 화장이 무너지지 않도록 보호 마법을 걸어놓은 느낌입니다…

그리고 노란 피부라면 컬러 코렉팅은 고민하지 말고 세레니티를 추천드립니다… 노란기를 자연스럽게 정리해줘서 베이스 올리기 전 피부가 훨씬 깔끔해 보였습니다…

도비는 프라이머 유목 생활을 끝냈습니다… 정착 완료입니다… 제발 단종만은 하지 말아주셨으면 좋겠습니다… 호그와트 비밀의 방보다 더 오래 살아남아 주시길 바랍니다…"
2026-07-23,A000000205908,62038390,2026.06.29,5,0,NORMAL,[기획]03세레니티(+퍼프2종),A01,B05,"C01,C05",8,1836.0,1,0,디오니소스통,톤 보정 잘되는 브드알~ 컨ㅅ러 코렉팅 브랜드는 브드알이 짱인거같으묘
2026-07-23,A000000205908,61876498,2026.06.24,5,0,NORMAL,[기획] 02 로즈쿼츠(+삼각 스패츌러),A03,B01,"C01,C06",4,1836.0,1,0,삥삥뽕뽕뿌,화장하기 귀찮은날 선크림 바른다음에 얘만 손으로 벅벅 바르고 나가는데 손으로 발라도 이쁘게 발리고 프라이머라 안무너지고 파데프리로 얘가 최고인가.. 하는 생각이 듦 베이스제품 짱많은데 얘를 벌써 반이나 썼어유
2026-07-23,A000000205908,62632221,2026.07.11,5,1,OFFLINE,[기획]03세레니티(+퍼프2종),A03,B06,,3,1674.0,1,0,woo유니잉,왼쪽이 VDL 바른거고 오른쪽이 안바른건데 확실히 쿨톤 만들어줍니다.. 프라이머라 피부 표현도 이쁘게 유지됨
2026-07-23,A000000205908,62376311,2026.07.05,5,0,NORMAL,[기획]03세레니티(+퍼프2종),,,,2,1620.0,1,0,벨라야,"​안녕하세요 여러분! 이번 올리브영 세일 기간에 절대 놓치면 안 되는, 제가 직접 돈 주고 사서 매일 쓰는 ‘꿀조합 찐 추천템’들을 들고 왔어요.
​요즘 날씨도 더워지는데 메이크업은 뜨고, 피부 톤은 칙칙해져서 고민이신 분들 많으시죠? 스킨케어 첫 단계부터 메이크업 고정, 그리고 화사한 미소까지 책임져 줄 &#039;역대급 치트키 조합&#039; 바로 소개해 드릴게요! 

💜 VDL 톤 스테인 컬러 코렉팅 프라이머 [03 세레니티] 

한줄 노란기 순삭 필터! 투명하고 청량한 쿨톤 피부 메이커.
​후기: 와.. 이거 진짜 물건이에요! 피부의 누렇고 칙칙한 톤을 자연스럽고 맑게 보정해 줘서 맑은 톤을 연출해 줍니다. 얇고 가볍게 밀착되는 벨벳 텍스처라 끈적임 없이 피부 결을 매끄럽게 정돈해 줘요. 파운데이션이나 쿠션 올리기 전 필수 단계입니다.

​💡 Recommendation: 피부가 유독 피곤해 보이고 노란기가 돌 때 적극 추천!"
2026-07-23,A000000205908,62717935,2026.07.12,5,0,NORMAL,[기획]03세레니티(+퍼프2종),A01,B05,"C05,C06",0,1350.0,1,0,됴럄이쥐,"&lt;내돈내산 솔직 리뷰&gt;
직접 사용해보고 남기는 후기입니다 ! 
만족도 : ⭐️X5

피부톤이 칙칙하고 노란기가 신경 쓰여서 세레니티 컬러로 구매했어요. 처음에는 컬러가 너무 눈에 띄지 않을까 걱정했는데 얇게 펴 바르면 자연스럽게 피부톤을 정돈해줘서 좋았습니다. 발림성도 부드럽고 소량만 사용해도 얼굴 전체에 잘 펴 발려요. 파운데이션 전에 사용하면 전체적으로 피부가 맑아 보이는 느낌이고 베이스 메이크업도 한층 깔끔하게 표현되는 것 같아요. 너무 과하게 톤업되는 제품이 아니라 데일리로 사용하기 좋고 퍼프까지 같이 있어서 만족스럽습니다.

추천드립니다👍🏻"
2026-07-23,A000000205908,62907643,2026.07.17,5,0,NORMAL,[기획]03세레니티(+퍼프2종),A03,B02,"C03,C08",0,1200.0,1,0,eunbi3804,발림성이 부드럽고 얇게 밀착되어 들뜸 없이 피부 톤을 균일하게 정돈해 줍니다. 메이크업 전에 사용하면 피부가 한층 매끈해 보이고 파운데이션도 훨씬 잘 먹어요. 건조하거나 답답한 느낌 없이 촉촉하게 유지되는 점도 만족스럽습니다. 기획 구성으로 퍼프 2종까지 함께 들어 있어 활용도가 높고 가성비도 좋아요. 자연스러운 피부 표현과 메이크업 지속력을 높이고 싶은 분들께 추천합니다.
2026-07-23,A000000205908,63084228,2026.07.21,4,0,NORMAL,[단품] 03 세레니티 (30ml),A03,B04,"C01,C04",0,1080.0,1,0,올영의지갑,"봄-여름 시기에 처음 써본건데 이게 얼굴 노란끼 많이 도시는분들이면 더더욱 얼굴만 하—얘져서 꼭 목이랑 톤 같이 빡세게 맞춰주셔야 안떠보이더라구요ㅜ근데 꼭 노란피부 아니셔도 어느 피부에서나 밝을것 같긴 해요(13호는 모르겠어요)추천 방법은: 노란끼 조금 잡고 적당히 하얘지고 싶다-&gt;1펌프/피부에 노란끼 너무 많아서 많이 잡고싶다or화사한 노란끼 빠진 피부 되고싶다-&gt;1.5펌프이상
용량은 생각보다 많아서 한번사면 많이 오래쓸것 같아요
전 복합성인데 막 땡기진 않았지만 매트해서 건성은 딱히 추천X"
2026-07-23,A000000205908,63176434,2026.07.23,5,1,OFFLINE,[기획]03세레니티(+퍼프2종),A03,B03,"C02,C03",0,900.0,1,0,기쁘밍,매장 재고조회해도 다 품절이었는데 매장 가서 여쭤보니 딱 한개 남아있더라고요!! 혹시 구하시는 분들은 일단 매장 가보는 거 추천드려용! 기획으로 퍼프 같이 줘서 넘 좋더라고요 ㅎㅎ 화장 전에 깔아주면 자연스레 톤업되고 자주 쓰는 중이에여! 추천~
2026-07-23,A000000205908,63025893,2026.07.19,5,0,NORMAL,[기획]03세레니티(+퍼프2종),,,,0,792.0,1,0,Olivemakesmeyoung,기대 이상이었어요. 전 좋아요톤 업 되는 게 확실히 효과가 있네요. 피부에는 좋은진 모르겠음..
2026-07-23,A000000205908,62446177,2026.07.07,5,0,NORMAL,[기획]03세레니티(+퍼프2종),A04,B01,"C05,C06",1,756.0,1,0,할렐률야,선케어도 동시에 되면서 코렉팅제품으로써 피부 노란끼도 잘 잡아주어 파운데이션 바르기 전에 잘 쓰고 있어요
2026-07-23,A000000205908,62983617,2026.07.18,5,0,NORMAL,[기획] 03 세레니티(+삼각 스패츌러),A03,B06,"C01,C02",0,720.0,1,0,쟝아,메이크업 전에 꾸준히 사용했는데 피부 톤을 자연스럽게 보정해 주는 느낌이라 만족스러웠어요 피부가 한층 균일해 보여 베이스가 더 예쁘게 올라갔고 화장도 다크닝없이 오래 유지되는 편이었습니다 발림성도 부드럽고 밀림 없이 흡수돼 다른 베이스 제품과 함께 사용하기 좋았어요 자연스러운 톤 보정을 원하는 분들에게 추천하고 싶은 제품입니다
2026-07-23,A000000205908,62864063,2026.07.16,5,1,OFFLINE,[기획] 01민트(+퍼프2종),A01,B05,"C01,C02",0,660.0,1,0,갸루지망생,"유튜버/리뷰 추천이 많아서 반신반의하며 구매했는데, 왜 유명한지 바로 납득했습니다."
2026-07-23,A000000205908,61506007,2026.06.15,5,0,NORMAL,[기획] 03 세레니티(+삼각 스패츌러),A03,B02,"C01,C02",5,630.0,1,0,행복한스푼,날이 더워서인지 모르겠지만 프라이머로서의 기능은 잘 모르겠어요 ㅠㅠ 지속력도 좋은 편이라고 하기엔 애매하고 무너지는 것도 예쁘게 무너지는 게 아니라 떡져서 무너지네요.. 근데 이건 제가 사용하는 다른 제품들과의 궁합이 안맞는 걸수도 있어서 보류..입니다
2026-07-23,A000000205908,62745829,2026.07.13,3,0,NORMAL,[기획]03세레니티(+퍼프2종),A03,B02,"C02,C04",1,594.0,1,0,rnJuJu,노란기순삭이라는 소개를 어케 참야요 ㅠ. 이거 매일 사용했는데 하얘지는건 맞으나 데일리로 쓰니까 전 여드름이 꽤 올라오더라구요 세안을 잘 해야지 했는데도아무래도 세안을 꼼꼼히 하지 않았나보ㅓ요 이건 좀 아쉬웠습니다
2026-07-23,A000000205908,62561683,2026.07.09,5,1,OFFLINE,[기획] 01민트(+퍼프2종),,,,0,594.0,1,0,러블리럽,얼굴에 홍조기가 좀 있는 편인데 메이크업 할 때 항상 사용하고 있어요. 토너이 되는 거 같아요. 홍 적기도 좀 가려지는 편인 것 아요
2026-07-23,A000000205908,62539403,2026.07.09,5,0,NORMAL,[단품] 01 민트 (30ml),A04,B01,"C04,C05",1,594.0,0,0,머리조심,"붉은기가 싹 없어지고 톤도 밝혀줘서 너무 좋아요
화장하기전에 싹 올리고 시작해야합니다 필수에요"
2026-07-23,A000000205908,61453881,2026.06.14,5,0,NORMAL,[기획]03세레니티(+퍼프2종),A01,B03,C09,4,558.0,1,0,zi존불주먹,"유명템이라 구매했어요 이름은 프라이머지만 프라이머 효과는 그닥 모르겠고 걍 톤업베이스입니다
증정용 퍼프는 막 엄청 좋지는 않고 그냥 쓸만한 증정 퀄리티..
그래도 이상한 밤티키링같은거 주느니 퍼프 두개면 괜찮은듯요"
2026-07-23,A000000205908,62563188,2026.07.09,5,0,NORMAL,[단품] 04 크림 옐로우 (30ml),A03,B03,"C02,C03",1,540.0,0,0,라이트톤예름이,"🌸핑잘봄페일 ~ 여쿨라이트
🌸파운데이션 21호
🌸노란기,주황기 안받음
🌸광이 심한 립은 안어울림

솔직히 VDL은 쿠X이 더 저렴함.
하지만 쿠X에는 신상은 없음
이번 신상 정말 미쳐씀 발림성이 확실히 개선되었고
다른 컬러들도 이렇게 리뉴얼되었으면 좋겟네..
초록색 잘 쓰고 있었눈데 지금은 이거만 바름"
2026-07-23,A000000205908,62072190,2026.06.29,5,1,OFFLINE,[기획]03세레니티(+퍼프2종),A06,B05,"C02,C05",0,540.0,1,0,트러블타파,피부톤을 확실하게 보정해주고 노란기를 잘 잡아 줍니다. 그리고 파운데이션을 올렸을 때 지속력이좋도록 더 매끈하고 보송한 피부상태로 만들어줍니다. 퍼프보다는 손으로 바를때가 확실하게 톤보정되고 지속력도 좋네요!! 강추 드려요 재구매 의사 확실히있어요~!
2026-07-23,A000000205908,61830692,2026.06.23,5,1,OFFLINE,[기획] 03 세레니티(+삼각 스패츌러),A02,B04,"C02,C03",2,540.0,1,0,Kenn,"촉촉함 보다는 바르면 뽀송하게 마무리됩니다. 수부지 피부인데 에스쁘아 제품 사용하면 다크닝 심하게 오고, 다른 쿠션들을 사용해도 유분이 올라와서 그런가 다크닝이 0.5 정도는 오더라고요. 근데 이 제품 사용하면 다크닝이 0.3정도만 와서 거의 티가 안 나요. 만족합니다. 제품을 단독으로 바르는 것보다 촉촉한 선크림과 함께 바르면 밀착력있고 덜 건조하게 사용 가능해요"
2026-07-23,A000000205908,63198098,2026.07.23,5,1,OFFLINE,[기획]03세레니티(+퍼프2종),A04,B03,"C05,C08",0,528.0,1,0,대왕토깽,노란피부톤을 확 밝혀줘요~!! 소량으로도 얇게 펴바르고 퍼프로 밀착하면 베이스 고정도 잘 됩니다!
2026-07-23,A000000205908,63030054,2026.07.19,5,0,NORMAL,[기획]03세레니티(+퍼프2종),A02,B04,,0,528.0,1,0,Zipgagoshipdaaa,ㅈㅉ 개좋음 쿠선 전에 해도 두껍지 않고 단독으로 이것만 쓰고 나가도 될 정도로 뽀샤시 해져서 좋음
2026-07-23,A000000205908,62940993,2026.07.17,5,1,OFFLINE,[기획] 01민트(+퍼프2종),A02,B03,C11,0,528.0,1,0,코덕이될거야,톤업도 되고 자외선 차단도 어느정도 되고 붉은기 커버까지 돼서 너무너무 만족하면서 잘 쓰고 있어요 대신 발림성이 조금 아쉬운건 촉촉한 선크림이랑 섞어서 사용하면 너무 좋아요!
2026-07-23,A000000205908,62925542,2026.07.17,5,1,OFFLINE,[기획]03세레니티(+퍼프2종),A01,B01,"C01,C05",0,528.0,1,0,소진리,진짜 다크닝 엄청 심한 쿠션 때문에 샀는데 진짜 대만족이에요 다크닝 속도가 엄청 줄고 밤까지 피부색이 지속이 되더라구요~~
2026-07-23,A000000205908,62731972,2026.07.13,4,0,NORMAL,[기획]03세레니티(+퍼프2종),A03,B02,"C01,C02",0,495.0,1,0,랑방이,행사 기획으로 안에 퍼프가 들어 있어서 편하고 마음에 들었어요. 색상은 세 가지를 봤었는데 이게 가장 무난하게 테스트해 보니 좋았습니다. 얼굴 피부 편이 검은 편이 아니라서 저한테 딱 맞는 것 같았어요.
2026-07-23,A000000205908,62387681,2026.07.06,5,1,OFFLINE,[기획]04크림옐로우(+퍼프2종),,,,1,450.0,1,0,aves,This primer makes the foundation/cushion layer look smoother. I think this slightly yellow cream is suitable for olive cool undertoned skin.
2026-07-23,A000000205908,61454065,2026.06.14,5,0,NORMAL,[기획] 03 세레니티(+삼각 스패츌러),A06,B04,"C05,C06",2,450.0,1,0,빵빠라빵,"샘플써보고 좋아서 바로 구매했던 제품인데 노란쿨톤이다, 다크닝이 너무 빨리 온다 하는 분들한테 필템!! 
매트한 타입이라서 여름철에도 사용해주기 좋고, 다크닝이 정말 늦게와요!! 다만 너무 두껍게 바르면 나중에 무너짐이 안예쁠 수 있으니 적당량만 발라주기⭐️
소량만 발라줘도 효과 좋아요"
2026-07-23,A000000205908,61413791,2026.06.13,5,0,NORMAL,[기획]03세레니티(+퍼프2종),A06,B04,"C05,C06",1,450.0,1,0,빵빠라빵,"올영세일 때 구매한 제품. 전에 리뉴얼 되기 전에 썼을 땐 별로라 당근했다가, 최근에 리뉴얼 버전으로 샘플을 다시 써보게 됐는데 좋아서 구매했어요.
쿨톤이라면 추천하는 제품. 특히 노란쿨톤이다 하면 강추. 톤체인저 역할 확실하고 매트한 타입이라 여름에 쓰기 좋아요."
2026-07-23,A000000198343,61712372,2026.06.21,3,0,NORMAL,01 블랙,A01,B04,,81,3150.0,0,0,unnnaa,"아니 이거 왤케 인기있는지 잘 모르겠는데 
중딩 때부터 붓펜타입 아이라이너만 쓰다가 유명하길래 한 번 써볼까 싶어서 샀거든요?

대체 어떻게 쓰시길래 인생템인거에요?ㅜㅜ
붓펜 특유의 깔끔하고 뾰족하고 명료한 아이라이너를 원하는 저한테는 애매템이에요..

일단 내 컨트롤이 부족하구나. 싶어서 한 달동안 열심히 수련해봤는데 심이 두꺼워서 쉽지 않고(..) 와중에 잘 부러짐,,
분명히 발색은 잘 올라오는데 그렇다고 점막에 쓰기에는 릴*레가 훨씬 나아요…

물론 자연스러운 느낌으론 괜찮을 거 같은데 쉽지 않음"
2026-07-23,A000000198343,62114173,2026.06.30,4,0,NORMAL,11 뮤트그레이,A04,B04,"C04,C05",8,2196.0,1,0,로메인,아이라이너는 클리오에 정착했는데 뮤트그레이 색상은 많이 아쉬워요. 너무 물탄 회색이라 아이라인으로 쓰니 문신했다가 색깔이 빠진 듯한 느낌이 들어서 어떻게 써야할 지 용도를 못찾고 있어요ㅠ
2026-07-23,A000000198343,62709005,2026.07.12,5,0,NORMAL,06 바닐라 베이지,A02,B01,"C01,C02",0,1350.0,1,1,올리브라떼,"🌼🤍 요즘 메이크업할 때 가장 만족하면서 사용하고 있는 제품이 바로 **클리오 샤프 쏘 심플 워터프루프 펜슬라이너 6호 바닐라 베이지**예요. 💕 평소 눈이 작아 보이거나 답답해 보이는 게 고민이라 자연스럽게 눈매를 밝혀주는 라이너를 찾고 있었는데, 이 제품은 기대했던 것보다 훨씬 만족스러웠어요. 😊

가장 마음에 들었던 건 컬러였어요. ✨ 새하얀 색상이 아니라 은은한 바닐라 베이지 톤이라 피부와 자연스럽게 어우러지고, 튀는 느낌 없이 눈매를 환하게 정리해 주더라고요. 👀 점막 안쪽에 살짝 채워주기만 해도 눈이 훨씬 시원해 보이고, 애교살 앞부분에 가볍게 발라주면 한층 생기 있는 인상을 만들어줘서 요즘 메이크업할 때 빠질 수 없는 필수템이 됐어요. 💖

펜슬 심도 부드러워서 눈가를 여러 번 문지를 필요 없이 한 번만 그어도 깔끔하게 발색됐어요. 🌸 예민한 눈가에도 자극이 거의 없었고, 끊기거나 뭉치는 느낌 없이 매끈하게 표현돼서 메이크업 초보도 쉽게 사용할 수 있을 것 같았어요. 👍

지속력도 정말 만족스러웠답니다. 💦 아침에 메이크업하고 외출한 뒤 저녁까지 있어도 쉽게 번지지 않았고, 유분이 올라오는 시간에도 깔끔하게 유지되는 편이라 수정 메이크업을 자주 하지 않아도 되었어요. 더운 날씨에도 눈 밑이 지저분해지지 않아 더욱 마음에 들었어요. 🥰

슬림한 사이즈라 파우치 속에 넣어 다니기 편하고, 필요할 때 언제든 간편하게 사용할 수 있는 점도 장점이었어요. 🎀 데일리 메이크업은 물론 자연스러운 청순 메이크업이나 또렷한 눈매 연출에도 잘 어울려 활용도가 정말 높더라고요. 📸

평소 눈매를 자연스럽게 또렷하게 만들고 싶거나 애교살 메이크업을 한층 예쁘게 완성하고 싶은 분들에게 꼭 추천하고 싶은 제품이에요. 🤍 과한 느낌 없이 은은하게 눈매를 밝혀줘서 누구나 부담 없이 사용할 수 있고, 부드러운 사용감과 뛰어난 지속력까지 갖춰 만족도가 정말 높았어요. ✨ 한 번 사용하면 메이크업할 때 가장 먼저 찾게 되는 이유를 직접 느끼실 거예요. 저도 다 쓰면 재구매할 만큼 만족한 아이템이라 자신 있게 추천드립니다! 💕🌼"
2026-07-23,A000000198343,62708774,2026.07.12,5,1,OFFLINE,06 바닐라 베이지,A02,B01,"C01,C02",0,1350.0,1,0,올리브라떼,"🤍✨ 눈매를 더 또렷하고 자연스럽게 연출하고 싶어서 사용해 본 **클리오 샤프 쏘 심플 워터프루프 펜슬라이너 6호 바닐라 베이지**! 사용해 보자마자 왜 꾸준히 사랑받는 제품인지 바로 알겠더라고요. 🥰 평소 눈매가 답답해 보이는 편이라 점막과 언더라인을 자연스럽게 밝혀주는 제품을 찾고 있었는데, 이 제품이 정말 제 취향이었어요. 💕

6호 바닐라 베이지 컬러는 너무 하얗게 뜨는 색이 아니라 피부톤과 자연스럽게 어우러지는 은은한 베이지 컬러라 부담 없이 사용할 수 있었어요. 🌸 점막에 발라주면 눈이 훨씬 또렷하고 맑아 보이고, 애교살에 살짝 터치해 주면 입체감까지 살아나서 메이크업 완성도가 확실히 높아지더라고요. 😊

발림성도 정말 만족스러웠어요. ✨ 펜슬이 부드럽게 미끄러지듯 발려서 민감한 눈가에도 자극이 적었고, 힘을 많이 주지 않아도 컬러가 선명하게 표현됐어요. 💛 초보자도 쉽게 사용할 수 있을 정도로 그리기 편해서 아침 메이크업 시간도 훨씬 짧아졌답니다. ⏰

이름처럼 워터프루프 기능도 만족스러웠어요. 💦 시간이 지나도 쉽게 번지거나 지워지지 않아 외출 내내 깔끔한 눈매를 유지할 수 있었고, 더운 날씨나 장시간 메이크업에도 처음 그린 그대로 유지되는 느낌이라 정말 든든했어요. 👍 번짐 때문에 수정 화장을 자주 하던 저에게는 특히 만족도가 높은 부분이었어요.

작고 슬림한 디자인이라 파우치에 쏙 들어가 휴대하기도 편했고, 필요할 때 간편하게 사용할 수 있어서 매일 가지고 다니게 되더라고요. 🎀 데일리 메이크업은 물론 자연스러운 음영 메이크업이나 화사한 메이크업에도 잘 어울려 활용도가 정말 높았어요. 📸

평소 답답한 눈매를 또렷하게 연출하고 싶거나 애교살 메이크업을 자연스럽게 완성하고 싶은 분들이라면 꼭 한 번 사용해 보셨으면 좋겠어요. 💖 과하지 않은 컬러 덕분에 누구나 부담 없이 사용할 수 있고, 부드러운 발림성과 뛰어난 지속력까지 갖춘 제품이라 한 번 써보면 계속 찾게 될 거예요. ✨ 메이크업의 작은 차이가 얼굴 분위기를 크게 바꿔준다는 걸 느끼게 해준 아이템이라 자신 있게 추천드립니다. 🥰🤍"
2026-07-23,A000000198343,62674314,2026.07.12,5,1,OFFLINE,03 블랙 브라운,A03,B02,"C03,C07",0,1350.0,1,0,북산고강백호,부드럽게 그려지는 펜슬 타입이면서도 유분과 수분에 강해 번짐이 확실히 적네요. 아침에 메이크업한 후 시간이 한참 지나도 눈 밑이 지저분해지지 않고 깔끔한 라인이 그대로 유지돼요. 자극 없이 눈가에 부드럽게 밀착되면서도 탁월한 유지력을 보여주어 데일리 메이크업용으로 아주 만족스럽습니다.
2026-07-23,A000000198343,62884100,2026.07.16,5,1,OFFLINE,06 바닐라 베이지,A02,B03,C02,1,1260.0,1,0,치즈좋아해,"사진상 왼쪽 발색이구 애교살 그리기용으로 좋아요
지속력도 좋아서 추천합니다"
2026-07-23,A000000198343,62500311,2026.07.08,5,1,OFFLINE,[NEW]14 토프샌드,A02,B04,C08,2,945.0,0,0,참치공주,토프샌드라서 그런가 자연스럽더라고요 워터프루프라 여름에 좋네요
2026-07-23,A000000198343,62889416,2026.07.16,5,1,OFFLINE,05 애쉬 브라운,A02,,"C04,C08",1,900.0,1,0,k202508250****,"브러쉬로 바르는타입은 번지고 
액상펜은 너무 인위적이여서 아이라인 안그리고 다녔다면 이거 무조건ㄱㄱㄱ 
진짜 이거사고 아이라인 없이는 화장 못함 
내친구들도 내가 이걸로 아이라인 그려주니까 
“나 무쌍이여서 아이라인 그리기 힘든데 진짜 좋다” 하거나
“확 트여보인다” 이럼

진짜 아이라인 한번 그려보고싶다면 이거 ㄱㄱ"
2026-07-23,A000000198343,62072667,2026.06.29,5,1,OFFLINE,05 애쉬 브라운,A02,B01,"C01,C03",2,900.0,1,0,마찌마찌,"슬림해서 섬세하고 자연스럽게 아이라인 그리기 좋아요.
부드럽게 잘 그려지고 스머징도 쉬워요.

워터프루프라 번짐 없이 하루종일 유지되고 컬러 선택도 다양해서 굿. 👍

✅️ 05 애쉬 브라운
애쉬 한 방울이 가미된 분위기 있는 뮤트 브라운 .
내추럴한 데일리 메컵할 때 사용하기 부담스럽지 않고 부드러운 눈매 연출하기 좋아서 손이 자주가는 컬러에요.

✅️ 13 로스티드 핑크
은은하고 부드럽게 그을린 소프트 핑크 브라운.
삼각존, 눈 앞머리 트임 연출해주기 좋은 컬러에요.

✅️ 14 토프샌드
우유 한방울탄 부드러운 소프트 밀크 브라운.
아이라인, 애교살 음영, 눈 앞머리 트임 연출해주기 좋은 컬러에요."
2026-07-23,A000000198343,61999642,2026.06.28,4,1,OFFLINE,05 애쉬 브라운,A04,B01,"C05,C08",0,900.0,1,0,알이,"최애 아이라이너💕
클리오 샤프,쏘 심플 워터프르프 펜슬라이너♡
이건 몇개째 쓰고있는 제품인지 모르겠네요~
클리오 매장에서도 사고 올리브영에서도 구매를 했는데 클리오 매장은 별로 없어서 주로 올리브영에서 구매를 하는데요~ 무쌍이라 평소에 아이라이너를 쓰연 많이 번지는 편이거든요ㅠ.ㅠ 근데 클리오 하프,쏘 심플 워터푸르프 벤슬라이너는 워터푸르프 제품이라 그런지 확실히 번짐이 거의 없더라구요~
거기에 부드럽게 발리기때문에 눈에 무리도 안가는데다가 얇게 그려지니까 화장이 두꺼워 보이지 않아서 좋았어요.
슬림 라이너라 점막부분이나 눈꼬리 앞,뒤에 과하지 않게 표현하기 좋구요 개인적으로는 살~짝 펄이 들어간 라이너라서 더 이쁜것 같아요♡
다만...이거 너무 빨리써요 ㅠ.ㅠ 매일 화장을 하긴하지만 다른 브랜드에 비해서 심이 짧은편이라 금방 쓰게 되더라구요 거의 한달에 한개는 쓰게되는듯- 그래서 정가에는 잘 안사게되고 세일할때 두세개정도 사놨다가 다쓰면 또 쓰고 세일하면 또 사고 그러고있네요 ㅋㅋ 

근데 애쉬브라운 더블기획 재입고는 언제 될까요?"
2026-07-23,A000000198343,61969984,2026.06.27,5,0,NORMAL,05 애쉬 브라운,A04,B06,"C08,C09",4,900.0,1,1,날마다연어,"🟡퍼스널 컬러: 겨울 클리어
 🟰봄🌸영향을 많이 받은 겨울❄️클리어 타입 
🟡바우만 피부 타입: OSNT 
🟰Oil/Sensitive/Non-pigment/Tight 
🟰지성/심한 민감성/경미한 비색소성/경미한 탄력
💛티트리 녹차 알로에 병풀시카 캐모마일 카렌듈라 살리실릭애씨드 판테놀 
⚠️코코넛오일 쉐어버터 코코아버터 시나몬오일 시나믹애씨드 아세틱애씨드 벤조익애씨드 알파리포익애씨드 

🍯피부과 의사쌤도 감탄하신 파리도 미끄러질 꿀피부

🍣구구절절말고 기름기 뺀 솔직 리뷰 쓸라고 반말로 작성

🟤펄감없이 너무 까맣지도 너무 붉지도 않은 컬러를 원했는데 애쉬브라운이 딱 좋음. 자연모 자체가 애쉬빛 살짝 돌아서 눈동자 컬러랑도 잘맞음. 

🟤쌍커풀 라인이 크고 진해서 넓게 팩트로 유분 처리 필수임. 눈 번짐도 없고 오래 지속됨. 안하면 쌍커풀 위로 찍혀서 번짐.

🟤눈 밑 동공 바로 아래에 살짝 그어주면 써클렌즈 낀것 처럼 눈이 또렷해보임.

👀클리어타입들은 반드시 눈가에 붉은기 추가해야 생기있어 보임. 붉은기 섀도우나 라이너로  밑라인 살짝씩 풀어주면 아주 예쁨."
2026-07-23,A000000198343,61917395,2026.06.25,5,1,OFFLINE,05 애쉬 브라운,A04,B03,"C02,C05",2,900.0,1,0,거문고슬,"✔️예전에 에뛰드 단종된 슈퍼슬림 라이너를 10통 넘게
쓰고 쟁여두기까지 했었는데 그러고나서 아이라이너 유목민이 되어서 다니다가 애쉬브라운 색상을 저번에 쓰고 좋아서 벌써 3통째 구매해요! 
✔️우선 발림성이 진짜 부드럽고 뭉침? 이런거 없어요! 두께감도 괜찮거 저는 면봉을 사용흐긴 하지만 충분히 얇게 그려집니다! 
✔️번짐에 대해서 궁금하신 분들이 많으실텐데 저는 아이라이너 위에 섀도우를 무조건 덧그리는 사람이라서 정확히 말씀드리기는 어려운데 어쨌든 아무리 섀도우로 덮어도 지속력이 안 좋은 애면 번질텐데 번짐이 없어서 더더더 좋아요!
✔️색상이 너무 브라운도 아니고 블랙도 아닌 오묘한 애쉬브라운 색상이라서 저는 이 색상만 계속 사용하고 있어요!
✔️가격도 괜찮고 양도 꽤 오랫동안 써서 개인적으로 추천합니다"
2026-07-23,A000000198343,63102419,2026.07.21,4,0,NORMAL,[더블기획] 13호+14호 ,A06,B04,C03,0,792.0,1,0,YUKIME,"샤쏘심 이미 2개 사용중이구요, 아이라이너 중에 워터프루프 기능은 탑인거 같아요.
아이라이너 진한색이 안어울려서 14호 구입했는데, 회끼가 너무 도네요. 색이 좀 아쉬워요.
13호는 무난하니 괜찮습니다."
2026-07-23,A000000198343,63078676,2026.07.20,5,0,NORMAL,04 다크 브라운,A03,B02,"C01,C02",0,792.0,1,0,Meity,"역시 유명한 덴 이유가 있어요.
부드럽게 발리고 픽싱 후엔 진짜 안번지고 지속력 좋아요"
2026-07-23,A000000198343,63026121,2026.07.19,5,0,NORMAL,03 블랙 브라운,,,,0,792.0,1,0,Olivemakesmeyoung,좋아요 한 열 번은 구매한 거 같애요. 가격 올리지 않았으면 좋겠어요. 지금 딱 좋습니다.
2026-07-23,A000000198343,63026045,2026.07.19,5,0,NORMAL,[더블기획] 01 블랙,,,,0,792.0,1,0,Olivemakesmeyoung,블랙 색상은 확실히 좀 번짐이 있기는 해요. 다크써클 내려온 느낌. 그래도 이 아이라이너가 제일 좋긴 해요
2026-07-23,A000000198343,62884129,2026.07.16,5,1,OFFLINE,03 블랙 브라운,A01,B02,"C05,C06",0,792.0,1,0,주겨주마,올영에서 테스트 여러개 해보고 클렌징워터로 문질 했는데 젤 안지워져서 샀어열 좋은듯 컬러도 좋아열 낫배드
2026-07-23,A000000198343,62882572,2026.07.16,5,1,OFFLINE,05 애쉬 브라운,A02,B03,"C03,C08",0,792.0,1,0,달콤한나초,너무 진한 라이너쓰면 인상이 강해보여서 적당한 색깔 찾고있었는데 좋아요!!!.
2026-07-23,A000000198343,62297259,2026.07.04,5,0,NORMAL,[더블기획] 005 애쉬브라운,A02,,"C01,C09",0,756.0,1,0,하현달,이것만 쓰다보니까 어느샌가 다 써버리게 되어요.. 넉넉히 쟁여놔야 마음이 편안해집니다 💗
2026-07-23,A000000198343,62257471,2026.07.03,5,0,NORMAL,02 브라운,A02,B02,"C01,C02",0,756.0,1,0,수수수민,"발림성 좋고 진하게 발색
얇은 펜슬인데 부러짐 없이 단단한 편"
2026-07-23,A000000198343,62091930,2026.06.30,5,0,NORMAL,04 다크 브라운,A03,B02,"C01,C03",18,756.0,1,0,뚱챙이,"완전 좋아요 !
세일해서 그냥 사봣는데
깔끔하게 지워지고 잘 안번져용"
2026-07-23,A000000198343,62068599,2026.06.29,5,0,NORMAL,[더블기획] 13호+14호 ,A03,B01,"C01,C08",0,756.0,1,0,sususu,"컬러도 마음에 들고 발색도 잘돼요
부드럽게 잘 그려져서 사용하기 편하네요
눈물 많이 나는 편인데 많이 나도 번지지않아서 좋아요"
2026-07-23,A000000198343,61691384,2026.06.20,3,0,NORMAL,01 블랙,A03,B01,C02,4,630.0,1,0,러블토끼,"클리오 샤프 쏘 심플 워터프루프 펜슬라이너를 사용해보았어요

이건 꼭 더블기획으로 구매하는게 이득이예요

01 블랙를 선택하였어요

아이라인 잘 안그리는데 문득 연습해보고 싶어서  구매하였는데

예전에 사용할때도 느꼈지만 너무 잘 부러져요
크거  힘주는것 같진 않늣데 그리다보면 자잘하게 부러져요
그만큼 심이 얇아요
그래서 세밀하게 그릴순 있는데
잘 부러지는걸 생각하면 더블기획으로 구매하는게 나을거같아요

그래도 워터프루트라서 고정력은 괜찮고
블랙컬러로 진한 색이라  눈매가 선명하게 보여요"
2026-07-23,A000000198343,60380298,2026.05.30,5,0,NORMAL,[더블기획] 11 뮤트그레이,A03,B01,"C03,C05",9,630.0,1,0,콩이는콩이,"19~20호 쿨뮤트 라그시

아이라이너로 쓰기 넘나 자연스러운 잿빛 브라운 색이에요. 또렷하고 진한 아라를 원하면 비추고, 연한 메이크업을 선호하면 실패 없을 아라 전용 컬러에요.
잘 번지는 눈이라 펜슬을 스머징해 섀도우 대용으로도 쓰는데, 이 색은 회끼가 많아서 섀도우로는 극쿨톤이 아니면 자칫 쾡해 보일 수 있어요. 섀도우 대용은 샤쏘심 애쉬브라운이나 사진 속 컬러들을 참고해주세요~

* 참고로 제가 뮤트톤이라 사진 속 색들도 회끼가 섞여 있어요!"
2026-07-23,A000000198343,62734663,2026.07.13,5,0,NORMAL,[NEW]14 토프샌드,A03,B04,"C05,C13",0,594.0,1,0,슬슬ㅎㅂㅎ,평소에 잘 사용중이던 아이라이너인데 다 사용해서 재구매하러 왔어요
2026-07-23,A000000198343,62691796,2026.07.12,5,1,OFFLINE,03 블랙 브라운,A03,B02,C01,0,594.0,1,0,봉보로봄봄,발림성은 좋고 사용하기도 편해요 근데 번짐이 없진 않아서 오래 지나면 팬더 될 수 있으니 주의 또 주의 입니다  그래도 휘뚜루 마뚜루 손이 잘 가요
2026-07-23,A000000198343,62658636,2026.07.11,5,0,NORMAL,03 블랙 브라운,A06,B05,"C05,C08",0,594.0,1,0,관리하는펭귄,오오 딱 블랙브라운색.. 블랙보단 좀 가벼워보여서 앞트임할때 좀 유용하더라구요~ 브라운은 좀 붉은기 많이돌고 다크브라운은 펄때문에 좀 끊기는거 같으면 이거 추천이용~
2026-07-23,A000000198343,62620321,2026.07.10,5,1,OFFLINE,02 브라운,A02,B02,C03,0,594.0,1,0,하늘예뻐요,"약간의 번짐이있어요~
파우더 처리하고 그리면
조금은 괜찮아요~~"
2026-07-23,A000000198343,62620276,2026.07.10,5,1,OFFLINE,05 애쉬 브라운,A02,B02,C03,0,594.0,1,0,하늘예뻐요,"색상은 애쉬브라운이
제일 저한테는 맞아요~
파우더 처리 꼭
해야되요"
2026-07-23,A000000198343,62587155,2026.07.10,5,0,NORMAL,04 다크 브라운,A02,B05,"C08,C09",0,594.0,1,0,치왈왈와르르,반려아이라이너입니다 아주 잘그러집니다 아직 갈아탈만한겅 못찾음..
2026-07-23,A000000180532,61305049,2026.06.11,1,0,NORMAL,[블러셔 기획]30호 클래시 누드 블러링,A03,B03,"C05,C08",66,7398.0,1,0,수휴,"섀도우 대신 데오드란트가 왓어요...^^ 후기를 쓸 수 없음.
배송완료 떴는데 섀도우 대신 데오드란트가 오니 ㄹㅇ 당황...."
2026-07-23,A000000180532,62596997,2026.07.10,4,0,NORMAL,[블러셔 기획]30호 클래시 누드 블러링,A03,B03,"C08,C09",4,3510.0,1,0,PKBB,"너무 오랜만에 웨메 팔레트 구입해봤어요,, 이렇게 컬러 많은거보단 콤팩트하게 적게 들어간 구성을 최근에 많이 선호해서..

아무튼 유튜브 보다가 구매한거고 전체적으로 매트 구성이 압도적인건 너무 마음에 들어요. 피치/로즈에서 브라운 계열로 조금씩 명채도 다르게 해서 컬러 베리된 것 같은데 생각보다 로즈, 피치 컬러감들이 실제로 눈에 얹어보면 좀 누래요,, 그게 좀 아쉽네요.. 기존에 갖고 있던 웨메 팔레트들에 비해서도 확실히 확 눌린 느낌이 좀 들어요"
2026-07-23,A000000180532,62494261,2026.07.08,5,0,NORMAL,[갸루키티]30호 클래시누드블러링,A03,B03,"C01,C02",4,3510.0,1,0,화장품은성분이답이다,"웨이크메이크 소프트 블러링 아이팔레트

갸루키티 

일본브랜드인지 한국브랜드인지 갸루키티 라고 나오니
일본에 선런칭후 한국판매. 
일본에서 파는것들 다 ㅡ한국에는 안팔아서
개인적으로 그동안 신로한 브랜드인데
이번에 많이 실망해서 웨이크메이크 신상 나와도 이제는 안사집니다

@비닐 덮게 항상느끼는건데 끼우고 진짜불편합니다
좀더 두껍게 만들면 안되나요 
몃가지색만 써서 사진에는 쓰는색 발색해봤어요

@색상 ㆍ발색 무난하고
웜쪽에 가깝지만 쿨톤도 쓰기에 무난하고.
요즘 핑크나 코랄 바르면 안이쁘고 해서 쓰긴씁니다
펄은 쉬머 하나 있어서 무난

@국내 아이팔레트 중에는 그래도 제일 많은색을 넣어서 만든브랜드라 실용적인 제품입니다"
2026-07-23,A000000180532,60950038,2026.06.05,5,0,NORMAL,[갸루키티]30호 클래시누드블러링,A02,B04,C06,37,2970.0,1,0,코덕민이,"휴대하기 좋은 사이즈지만, 16구의 알찬 구성에 다양한 명도/채도 컬러까지 활용도 좋은 팔레트
웜쿨 안타는 누드란 누드는 다 모았는데 무펄위주라서 정말 맘에들어요. 쉬머펄 딱 하나 있는게 하라로도 기깔남은
-
30 클래시 누드 블러링 : 차분하고 절제된 누드에 혈색 한 스푼, 음영부터 생기까지 완성 가능한 뉴트럴 누드 팔레트"
2026-07-23,A000000180532,62494123,2026.07.08,5,0,NORMAL,[갸루키티]30호 클래시누드블러링,A03,B03,"C01,C02",1,1890.0,1,0,화장품은성분이답이다,"웨이크메이크 소프트 블러링 아이팔레트

갸루키티 

요즘처럼 싱글섀도우가 잘나오는 시기에
딱히 팔레트 사면 안쓰는 색들이 많아서
안사려다 
일단 발색도 궁금하고 주변이들 생일이나 무슨날에 선물하기 좋아서 샀어요

(키티는 일도 관심없어요)

이걸 사려고 잠못잔거 생각하면  저뿐아니라 다들 잠설치셨죠 어플 하루종일 보고

@색은 다 좋네요 몃가지 색만 써서 ᆢ
갸루아니라 일반버젼 나와있으니
초보자들 연습용으로 괜찬고
요즘처럼 눈화장 진하게 안하는 추구미에 잘맞는듯요
재구매는 안합니다 싱글섀도우 사는게 경제적일듯요"
2026-07-23,A000000180532,62493828,2026.07.08,5,0,NORMAL,[갸루키티]30호 클래시누드블러링,A03,B03,"C01,C02",1,1890.0,1,0,화장품은성분이답이다,"웨이크메이크 소프트 블러링 아이팔레트
30호 클래시 누드 블러링

갸루키티 에디션을 샀으나
지금 갸루에디션 말고 일반 기존 케이스로 
판매해요

펄은 쉬머한거 하나만 들어서
데일리로 쓰기 무난해서 샀고
선물도 하고 

앞전에 키티 팔레트 소이핑크는 흰끼가 많아서
잘 안써지더라고요 
키티는 관심없고 
색상이 데일리로 순서대로 초보자들 쓰기 좋을듯합니다

@꿀팁@브러쉬도 탄탄한 브러쉬로 쓰느냐 훌렁훌렁한 브러쉬를
쓰느냐에 따라 발색 진하게 연하게 가능합니다"
2026-07-23,A000000180532,62970651,2026.07.18,3,0,NORMAL,[갸루키티]30호 클래시누드블러링,A03,B06,"C03,C07",0,1800.0,1,0,흔한코덕,"원래 일본 한정으로 나온 팔레트였다가 국내 팬들의 요청으로 일부 재고만 들여와서 팔았던 팔레트였죠ㅠ 블랙키티 때랑 달리 사은품도 없고 라인업도 전 컬러 다 들여온 게 아니라서 여러모로 말 많은 콜라보 상품이긴 했지만 저는 키티를 너무 좋아해서 샀습니다. 뉴트럴 누드 팔레트라고 나와있는데 흔히들 생각하는 브라운 팔레트보다 노란기가 적은 편이다! 이렇게 표현하는게 더 정확해요. 컬러감 보자마자 기존에 나온 5호 뮤트코랄블러링이랑 많이 비슷해보였는데 실제로도 두 팔레트의 컬러감이 제법 유사한 편이에요. 3번째 사진 기준 위에서 부터 뮤트코랄(5호)-클래시누드(30호)-캔디코랄블러링(8호)인데 확실히 봄웜 팔레트로 유명한 8호에 비하면 위의 2개가 채도 낮고 붉은기, 노란기도 적은 게 보이시죠? 솔직히 갸루 디자인이란 걸 제외하면 굳이 안 샀을 것 같긴 해요. 그래도 가을웜톤 분들 중에 매트섀도우 위주로 구성된 브라운 무드 팔레트가 필요한 분들에겐 추천드려요. 5호는 펄 섀도우가 몇 개 있긴 한데 30호는 거의 다 매트섀도우에요ㅋㅋ"
2026-07-23,A000000180532,62903570,2026.07.17,5,0,NORMAL,[블러셔 기획]30호 클래시 누드 블러링,A01,B02,"C09,C11",0,1800.0,1,0,일레르,"30호 클래시 누드 블러링은 전체적으로 차분한 컬러 구성이어서 데일리 팔레트로 정말 잘 쓰고 있습니다. 베이스부터 음영, 포인트 컬러까지 들어 있어서 이것 하나만 꺼내도 메이크업이 끝나더라구요. 발색도 진하게 올라오기보다 자연스럽게 쌓이는 타입이라 양 조절하기 편했습니다.

같이 들어 있는 크림 블러셔도 꽤 마음에 들었어요. 볼에 톡톡 올려주면 은은멀멀한 컬러라 아이 메이크업이랑 잘 어울렸습니다. 요즘 가장 자주 쓰는 팔레트예요."
2026-07-23,A000000180532,62117401,2026.06.30,3,0,NORMAL,08 캔디 코랄 블러링,A04,B04,"C01,C05",4,1620.0,1,0,유쬬,"저는 이 색상이 왜 이렇게 안 어울리는걸까요 ㅠㅠ
뮤트에 가까운 톤이긴 한데 이렇게 뱉어낼 줄 몰랐어요..

- 제형 : 가루날림 좀 심한 편이고, 눈두덩이 얹을때도 쪼ㅑㅂ! 밀착은 안되는 느낌이에요. 저렴하니까 어쩔 수 없겠죠..
- 발색 : 팔레트에서 보여지는 색이랑 눈두덩이 올렸을 때 차이가 좀 나는 편이에요. 있는 그대로의 색상이 안 올라옵니당!
- 만족도 : 워낙 이 색상이 스테디 제품이라 저도 덥썩 따라 구입해봤는데.. 저는 차라리 뮤트코랄블러링이 더 괜찮았던 거 같아요. 완전 오렌지오렌지스러운 색상이라 ㅠㅠ

구입하시려는 분들은 꼭 매장 가서 테스터 먼저 사용해 보시고 구입하시길 추천드려용..."
2026-07-23,A000000180532,62903576,2026.07.17,5,0,NORMAL,[갸루키티]30호 클래시누드블러링,A01,B02,"C09,C11",0,1512.0,1,0,일레르,일반 타입 샀다가 키티 재입고되서 구매했는데 후회안해요 ㅠㅠ  너무 예쁘네요 쓸때마다 기분좋아져요~
2026-07-23,A000000180532,62893228,2026.07.16,5,0,NORMAL,[아이프라이머 증정]10 레이지핑크블러링,A04,B01,"C01,C02",0,1512.0,1,0,zn605zn,"올영 구경 가서 실물 컬러 이뻐 썼던 팔레트~ 
요즘 제일 많이 써요 
여쿨라입니당"
2026-07-23,A000000180532,62880503,2026.07.16,5,0,NORMAL,[블러셔 기획]30호 클래시 누드 블러링,A01,B05,"C03,C06",0,1512.0,1,0,ㅣ김여름ㅣ,"🤎30호 클래시 누드 블러링🤎 + 크림밤 블러셔(너티 누드)

굽굽 메이크업 하고 싶어서 구매했어요

🤎로지 한방울+누디 컬러이고 한개 빼고 다 매트 섀도우라 넘넘 유용해요!!

증정 크림밤 너티누드 블러셔도 컬러 넘 예뻐요"
2026-07-23,A000000180532,62448372,2026.07.07,4,0,NORMAL,[갸루키티]30호 클래시누드블러링,A03,B03,"C01,C02",1,1260.0,1,0,화장품은성분이답이다,"웨이크메이크 소프트 블러링 아이팔레트
갸루키티 클래식 누드블러링

이거 사려고 잠못자고 사은품받으려고
어플 하루종일보고  
선물줘버렸어요 
(눈에 보이면 고생해서 산 생각이 나서 )
여러분들도 갸루키티 사려고 고생많이했죠
이번에 웨이크메이크 판매방식이 맘에 안들고
소비자로서 일본에는 판매하는제품있고
한국에는 안팔고  ㅡ한국소비자를 무시하는 
호구된느낌입니다 

@제품 자체는 너무웜하지 않아서 
블러셔 섀도우 애교살 다쓸수 있습니다
아아라이너색도 있고요
초보자들 쓰기에 색상이 다양합니다
또 색상순서 대로 초보자들은 바르시면 되요
재구매는 안할랍니다
쓰던거는 지인들 주었어요

이색상은 키티버젼 아닌 일반버젼이 나와있어요"
2026-07-23,A000000180532,62448121,2026.07.07,5,0,NORMAL,[갸루키티]30호 클래시누드블러링,A03,B03,"C01,C02",1,1260.0,1,0,화장품은성분이답이다,"웨이크메이크 소프트 블러링 아이팔레트
갸루킽
30호 클래시누드 블러링

이게머라고 다들 잠도 못자고 
고생많았습니다 우리 올챙이님들
웨이크메이크 판매방식이 너무 피곤했음

저는 키티 관심없는지라
요팔레트 색이 너무 웜하지 않아서
붉은기 횟기 흰끼 없고  쓰기 좋아서 샀어요
펄은 하나 들었어요. 4번째사진
콧대 애교살 하이라이터 가능해요 
자연스럽게 

요즘은 쿨톤 섀도우 쓰면 시골여자같아서
요색이 적당하더라고요"
2026-07-23,A000000180532,62324635,2026.07.04,4,0,NORMAL,[갸루키티]30호 클래시누드블러링,A04,B02,"C05,C10",4,1260.0,1,0,신짱구마,솔직히.. 데일리로 딱 좋습니다 정석의 핑크 브라운 베이지 팔레트에요 진하게도 연출할 수 있고 펄 비중도 적어서 웨메 이 팔레트 라인 중에 제일 최애입니다 그런데 이렇게 예쁘게 만들고 품절 마케팅(?)인지 뭔지 모르겠지만 판매 방식이 참 짜증나게 티켓팅해서 사야해서 너무 힘들었어요; 그리고 이렇게 예쁘게 잘 만드실 수 있으시면서 포차코 때는 프린팅으로 만들고 일본 출시 제품은 거의 이를 갈고 만드시네요 ^_ㅠ 아쉽습니다
2026-07-23,A000000180532,62822125,2026.07.15,5,0,NORMAL,[갸루키티]30호 클래시누드블러링,A03,B01,"C01,C06",0,1134.0,1,0,삥삥뽕뽕뿌,영원히 새로고침해서 구매했네요 패키지도 이쁘고 색도 너무 곱다 하하..
2026-07-23,A000000180532,62554566,2026.07.09,5,0,NORMAL,[갸루키티]30호 클래시누드블러링,A01,B03,"C01,C02",0,1134.0,1,0,iuudiw88,이거 사고 갑자기 갸루붐 와서 너무 만족해요 여름이라 지금은 좀 더워보이긴 하는데 색감이나 패키지 다 개도랏어요 넘나리 예쁨
2026-07-23,A000000180532,62377663,2026.07.05,5,0,NORMAL,[갸루키티]30호 클래시누드블러링,A07,B05,"C01,C06",1,1116.0,1,0,정울겨,ㅈㅂ 너무 예쁨 이런 거 찔끔찔끔 풀지 말라고요~~!~!! 호피무늬 감다살; 분질도 ㄱㅊ아요
2026-07-23,A000000180532,62253922,2026.07.03,5,0,NORMAL,[헬로키티/NEW/]29 소이핑크 블러링,A03,B02,"C09,C10",1,1116.0,1,0,이걸샀지뚜두뚜두,"키티키티 케이스 너무 이뻐용 &gt;&lt;
색상도 딱히 웜쿨 안따지는 색상"
2026-07-23,A000000180532,63020902,2026.07.19,5,0,NORMAL,[갸루키티]30호 클래시누드블러링,A03,B04,"C05,C06",0,1080.0,1,0,얼린우유,"다른 브라운 팔래트와 비교했을때 사실 대체템은 많다고 생각이 들어요
오직 샀던 이유는 갸루키티 패키지였기 때문이지 않나 생각이 들어요 평소에 나온 팔레트가 굉장히 밤티 디자인이라 저는 어떤 콜라보로 이쁘게 뽑힌게 아닌이상 안 살거 같아요 
장점: 맨 위 두번째 칸 펄이 환타빔이라 진짜 이쁩니다
추천:온도감이 따뜻한 웜톤색이 잘어울리는 사람에게 추천합니다"
2026-07-23,A000000180532,60552768,2026.06.01,1,0,NORMAL,[갸루키티]30호 클래시누드블러링,A02,B05,"C01,C02",182,990.0,1,0,공주님지갑사수,"전하의 공주마마, 소인은 이번 콜라보를 계기로 웨이크메이크에게 매우 실망했음을 보고 올리옵니다. 
먼저 소인은 클래시 누드 블러링 옵션이 매우 빠르게 품절이 되었다는 사실은 비난하고 싶지 않사옵니다. 아예 일본 한정으로만 신제품을 내는 브랜드들도 있는 반면, 극소량이라도 올영에 재고를 풀어준 웨이크메이크에게 오히려 황공할 따름이옵니다. 더불어 처음부터 소량 입고라고 공지 했었기에, 품절 대란은 불가피 했다고 보는 바입니다.
그러나 소인은 1인당 구매 수량이 세개까지였다는 사실을 알고, 새벽에 무한 새로고침을 하다 취소된 제품을 겨우 구매한 입장으로서 심히 당혹스러웠습니다. 많이 양보하여 소장용으로 하나, 실사용으로 하나 구매 한다고 해도 두개가 최대 아니옵니까? 세개로 정해둔 것은 리셀러들을 제지하려는 최소한의 노력도 하지 않은 행보로 보입니다.
또한 수집형 코덕인 소인은 이러한 한정판 상품은 단상자도 상당히 중요하다고 생각하는 바입니다만, 상자가 마치 누군가 이미 개봉한듯이 벌어져 있는데다 상단의 리본 부분은 살짝 구겨진듯한 모습에 실망을 감추지 못했사옵나이다.
차라리 아예 한국 출시를 하지 않았더라면 소비자들의 강력한 비난은 피할 수 있었을텐데, 충분한 준비 없이 오픈하신 이유가 소인은 진심으로 궁금하옵니다.
웨이크메이크는 이러한 문제에 대해 한번만 고심하시길 간곡히 청하오며, 소인은 이만 삼가 아뢰옵니다."
2026-07-23,A000000180532,62231312,2026.07.03,4,0,NORMAL,[갸루키티]30호 클래시누드블러링,A06,B01,"C05,C06",1,930.0,1,0,윶츄,"29호랑 비교, 발색샷입니다
앞선 호수에 비해 되게 발색이 약한 것 같아요..
29호보다 훨씬 웜히고 브라운 비중이 많아요"
2026-07-23,A000000180532,62901810,2026.07.17,5,0,NORMAL,04 라벤더 블러링,A01,B04,,0,900.0,1,0,래기둥이,"고명도 저채도의 맑고 부드러운 컬러들로 구성되어 있어서, 미지근하거나 텁텁한 느낌 없이 맑은 분위기가 어울리는 여름 쿨 라이트 톤에게 정말 찰떡같이 잘 맞고 너무 좋습니다.
​흰 기가 적절히 섞인 페일하고 라이트한 색감들이 맑게 레이어링되기 때문에, 부어 보이지 않으면서도 깨끗하고 화사한 눈매를 연출하기에 이만한 팔레트가 없음."
2026-07-23,A000000180532,62322955,2026.07.04,5,0,NORMAL,[헬로키티/NEW/]29 소이핑크 블러링,A02,B02,"C01,C02",1,900.0,1,0,김모루,"약간 두유 섞인 멀멀한 봄웜~여쿨 핑크st 팔레트 🎀😍

근데 솔직히 패키지 때문에 산거라 내용물(?)은 흥미가 별로 없었는데 생각보다 손이 잘 가더라구요 🫶🏻

거기다 키티 음각 디테일 진쫘 기여워.. 키티 없어질까봐 살살 쓰는 중.. 웨이크메이크 아랑해"
2026-07-23,A000000180532,62180823,2026.07.01,5,0,NORMAL,[헬로키티/NEW/]29 소이핑크 블러링,A01,B04,"C01,C05",0,900.0,1,0,ggomdi,"인스타에서 처음보고 이거 출시날만을 기다렸어요
생각보다는 채도가 낮지만 요즘 이런 컬러로 화장해보고 싶어서 구매했어요 ㅎ 잘어울리진 않지만 보기만 해도 이뻐서 만족합니다🥹 뮤트한거 잘어울리면 추천!!! 키티각인인 곳은 아까워서 잘 못쓰겠음ㅜ
❗️잘쓰는 캔코블이랑 비교해봤는데 확실히 채도가 빠졌어요
1,5,4,6발색했습니다"
2026-07-23,A000000180532,62007233,2026.06.28,5,1,GIFT,08 캔디 코랄 블러링,A01,B03,"C05,C06",15,900.0,1,0,듀가나디디,되게 여리여리한 컬러들로 구성되어 있고 봄웜이라면 하나쯤 가지고 계심 좋을 듯 싶은 팔레트에요! 펄을 자주 사용 안 하는데 펄도 딱 필요한 펄들만 있고 부담스럽지 않은 펄들이라 데일리로 가끔 사용하기에 좋았고 무펄도 색상이 되게 다양한데 다 예뻐서 손이 자주 갔어요 발색력이 약하다는 평이 좀 많던데 저는 베이스 해주고 아이프라이머 바른 뒤에 섀도우 올려주니까 좀 더 확실하면서 여리여리한 컬러감은 그대로라 요즘은 그렇게 사용해주고 있어요~ 벌써 힛팬이 생겼는데 다 쓰면 또 재구매할 의향 있습니다
2026-07-23,A000000180532,61874952,2026.06.24,5,0,NORMAL,[헬로키티/NEW/]29 소이핑크 블러링,A02,B01,C08,21,900.0,1,0,웬디뷰티,"발색은 한 번에 확 올라오는 타입이라기보다, 여러 번 레이어링하면서 자연스럽게 음영이 쌓이는 느낌이에요. 그래서 눈이 과하게 진해지지 않고 부드럽게 또렷해지는 느낌이라 데일리 메이크업에 잘 맞았어요!
포인트로 쓰기 좋은 컬러가 많아요 

라이트톤인 저는 레이지핑크가 더 취향인데 
요건 가끔 특별한 날 핑크 포인트 주거나 블러셔 컬러로 좋은거 같더라구요!

특히 핑크 계열이지만 쿨톤 느낌으로 확 치우치기보다는 살짝 따뜻한 무드도 섞여 있어서 웜/쿨 크게 안 타고 무난하게 쓰기 좋았어요. 가루날림도 심하지 않아서 블렌딩할 때 부담 없었고요!

보기보다 더 채도가 있는 팔레트입니다! 

헬로키티 기획 패키지라서 파우치에 넣어두면 괜히 기분 좋아지는 감성도 이써욤ㅎㅎ👍🏻

오른쪽이 레이지 왼쪽이 소이핑크"
2026-07-23,A000000180532,62057487,2026.06.29,4,0,NORMAL,[블러셔 기획]30호 클래시 누드 블러링,A03,B05,,1,840.0,1,0,내촌,"가을웜톤 중에 노란기 많이 올라가면 눈 부어보이는 분들
클래식 누드 블러링으로 사셔야 돼요

클리오 라떼는 선임, 릴바레 초코칩 스모어 다 가지고 있는데 
두 팔레트 특징이 노란기랑 붉은기가 조금 돈다는 거였거든요.
그냥저냥으로 쓰고있긴 했는데 이번에 새로 나왔다고 하길래 고민하다가 샀는데 붉은기나 노란기는 두 팔레트보다 훨씬 적고요. 음영감 쌓기는 좋아서 너무 만족하면서 쓰는 중이에요.

가루날림이 좀 있긴 한데 그냥 모르는 척 하고 쓰려고요. 모가 짧은 브러쉬로 쓰면 조금은 덜 날릴 것 같아요.
같이 온 블러셔는 삐아 다우니 초코보다 조금 더 핑크빛이 도는데 차이가 심하게 나지는 않아요."
2026-07-23,A000000180532,63086644,2026.07.21,5,0,NORMAL,[갸루키티]30호 클래시누드블러링,A03,B01,"C06,C09",0,792.0,1,0,dmswlfo,"♡배송♡
배송은 2-3일만에 도착했어요
♡사용후기♡
클래시누드블러링 케이스도 갸루키티고 펄감이없는 팔레트라서 구매했어요ㅋㅋ 만족하며 잘쓰고있어여"
2026-07-23,A000000180532,63056083,2026.07.20,5,0,NORMAL,[갸루키티]30호 클래시누드블러링,A03,B04,"C01,C08",0,792.0,1,0,jirok222,메이크업 하기 좋은 색상들이고 멀멀한 색상들이라 무난하게 쓰기 좋아요~~음영도 넣기 쉬워요 ㅎㅎ
2026-07-23,A000000205485,62540327,2026.07.09,5,0,NORMAL,N07 번트로즈쇼킹,A06,B01,"C05,C06",17,10530.0,1,0,아리아리,"평소 MLBB 립을 좋아해서 N07 번트로즈쇼킹 골라봤는데 완전 취향 저격이었어요🤎🌹

너무 쨍하지 않은 로즈 브라운 컬러라 분위기 있어 보이고, 데일리 메이크업에도 부담 없이 잘 어울리더라고요. 한 번 바르면 자연스럽고, 덧바를수록 색감이 깊어져서 분위기가 확 살아나요ㅎㅎ

쇼킹 립답게 밀착력이 좋아서 묻어남이 적은 편이고, 식사 전후에도 색이 꽤 남아 있어서 수정 화장 자주 안 해도 되는 점이 마음에 들었어요. 입술에 들뜸 없이 착 붙는 느낌이라 깔끔하게 발리는 것도 만족!

웜톤분들은 물론 차분한 분위기 립 좋아하시는 분들께도 추천하고 싶은 컬러예요. 요즘 손이 제일 자주 가는 틴트입니다💕

제 후기가 도움이 되셨다면 도움이 돼요 한 번 눌러주시면 정말 감사하겠습니다🫶"
2026-07-23,A000000205485,61900668,2026.06.25,5,0,NORMAL,N19 알로하 쇼킹,A01,B03,C11,36,5580.0,1,0,bbokari,"왼 핑크뮤 오 알로하

핑크뮤 단종되고 혹시라도 비슷할까봐 사봄
안비슷함 ㅜㅠ 내 핑크뮤 돌려주세요🥺💦
착색 틴트 중에서 이렇게 얇으면서 나랑 잘 맞는 뮤트느낌 내는 거 없다구요 제발 살려주세요👻☠️
재출시 개크게 기원🙏🏻🙏🏻"
2026-07-23,A000000205485,61468622,2026.06.15,5,0,NORMAL,N20 선키스 쇼킹,,,,51,5490.0,1,0,또니픽,"위 : 알로하쇼킹
아래 : 선키스쇼킹
봄웜인데 두개 다 사길 너무 잘한거같아요...💗
지속력 엄청 중요하게 생각하는데 색까지 여리여리하다니 ..!! 어떻게 참아 이걸 ㅜㅠㅠ
선키스쇼킹이 딱 제가 생각한 오렌지코랄인데 주황끼 심하지도 않고 그냥 봄웜들 형광등 켜지는색ㅎㅎ
도착하자마자 리뷰 남기는데 넘 행복하네요..
이걸로 여름 잘 버티겟습니다😚
👍 도움이돼요 한번씩 눌러주시면 감사하겠습니다‼️"
2026-07-23,A000000205485,62964575,2026.07.18,5,1,OFFLINE,N20 선키스 쇼킹 ( + 쇼킹립 미니),,,,4,3672.0,1,0,빵빵앙옥지양,알로하 쇼킹 먼저 구매 후 선키스 쇼킹까지 구매했어요 ㅋㅋ 선키스 쇼킹 구하기 힘드네요 😭
2026-07-23,A000000205485,62798041,2026.07.14,5,0,NORMAL,N19 알로하 쇼킹 ( + 쇼킹립 미니),,,,5,3294.0,1,0,빵빵앙옥지양,"피치,하트럼에 이어 알로하도 구매했어영 너무 이쁩니댜 !! ㅋㅋ"
2026-07-23,A000000205485,62274908,2026.07.03,5,0,NORMAL,N14 피치쇼킹,A06,B01,"C05,C06",7,3060.0,1,0,아리아리,"평소 코랄 계열 립을 좋아해서 N14 피치쇼킹 구매해봤는데 완전 제 취향이었어요🍑💕

이름처럼 쨍한 피치일 줄 알았는데 막상 발라보니 은은한 코랄 피치 느낌이라 데일리로 쓰기 딱 좋더라고요. 얼굴이 칙칙해 보이지 않고 자연스럽게 생기를 살려줘서 쌩얼 메이크업이나 가벼운 화장에도 잘 어울렸어요ㅎㅎ

발림성도 부드럽고 입술에 밀착되는 느낌이라 각질 부각이 심하지 않았고, 얇게 한 번 바르면 자연스럽고 두 번 정도 레이어드하면 컬러감이 더 또렷하게 올라와서 분위기가 달라지는 점도 마음에 들었습니다. 역시 쇼킹립답게 지속력도 괜찮아서 수정 화장 횟수가 줄었어요!

봄·여름에 특히 잘 어울리는 피치 코랄 컬러 찾고 계신다면 만족하실 것 같아요. 요즘 가장 자주 손이 가는 립 중 하나입니다🩷

제 후기가 도움이 되셨다면 도움이 돼요 한 번 눌러주시면 정말 감사하겠습니다😊"
2026-07-23,A000000205485,62864230,2026.07.16,5,0,NORMAL,[올영단독] S03 애플쇼킹,A03,B05,"C01,C02",2,2952.0,1,1,kaiseree,"제품 잘 받았어여~
토니모리 틴트는 컬러가 다양해서 매번 다른 컬러로 또 구매하게되여.ㅋ
쌓여가는 토모틴트들아~~"
2026-07-23,A000000205485,62834725,2026.07.15,5,0,NORMAL,[NEW/정식출시] N21 핑크모브쇼킹,A07,B05,"C01,C06",3,2754.0,1,0,정울겨,포켓몬 콜라보 때 진짜 너무 갖고싶었는데 틴트만 나와줘서 너무 감사하시다.. 원래 이 라인 착색때매 색 진해서 취향 아니었는데 요즘은 은은한 색감도 잘 말아줘서 좋아요
2026-07-23,A000000205485,62821834,2026.07.15,5,1,OFFLINE,[포켓몬에디션] S06 핑크뮤쇼킹 기획,A03,B01,"C01,C06",3,2754.0,1,0,삥삥뽕뽕뿌,이뻐서 왕창 사놨는데 온고잉응 좋아해야할지 슬퍼해야할지 감이오질않음
2026-07-23,A000000205485,63067929,2026.07.20,4,0,NORMAL,[올영단독기획] N18 베리진 쇼킹 기획,A03,B04,"C05,C08",1,2520.0,1,0,쏘프프,"생각보다 찐해서 잘 못 쓸 수도 있겠다 생각했는데
이게 웬걸,, 넘 예뻐요
물론 양조절은 해야해요
근데 생각보다 여쿨인 저한테도 잘 어울리고
포인트 주기도 좋습니다!
근데 착색이 잘되고 오래가는 틴트로 이 라인이 의미가 있고 좋은건데 전 사실 이걸 쓴다고 지속이 엄청 잘되고 그런진 모르겠어용..
제 입술이 유독 그런건지 뭔지 모르겠지만 밥 한번 먹으면 다 리셋,,ㅜ
그래도 이 컬러는 주토피아 콜라보라 통에 그려진 닉이 너무 귀여워요 ㅎㅎ"
2026-07-23,A000000205485,61468399,2026.06.15,5,0,NORMAL,N19 알로하 쇼킹,,,,15,2250.0,1,0,또니픽,"위 : 알로하쇼킹
아래 : 선키스쇼킹
봄웜인데 두개 다 사길 너무 잘한거같아요...💗
지속력 엄청 중요하게 생각하는데 색까지 여리여리하다니 ..!! 어떻게 참아 이걸 ㅜㅠㅠ 
알로하쇼킹 여릿한 분홍인데 청순핑잘봄되기 쌉가넝,, 
도착하자마자 리뷰 남기는데 넘 행복하네요.. 
이걸로 여름 잘 버티겟습니다😚 
👍 도움이돼요 한번씩 눌러주시면 감사하겠습니다‼️"
2026-07-23,A000000205485,62927389,2026.07.17,5,0,NORMAL,S02 브릭쇼킹,A03,B05,"C01,C02",1,2232.0,1,0,kaiseree,"제품 잘 받았어요~
토니모리 틴트 많이 쓰고 있는데 오특이 떠서 없는 컬러 구매해봤어요~ 브릭쇼킹 컬러가 평소 너무 궁금했는데 포인트로 너무 이쁘네여~ 살짝만 발라줘도 입술이 생기있고 촉촉해보여서 맘에 들어영."
2026-07-23,A000000205485,62864052,2026.07.16,5,0,NORMAL,N14 피치쇼킹,A03,B05,"C01,C02",1,2232.0,1,0,kaiseree,"제품 잘 받았어요~
연분홍빛 컬러가 넘 귀여운것 같아요. 촌스러울것 같지만 또 발라주면 역시 컬러 발색이 너무 좋은거 같네여.
펄감 틴트로 덧발라주면 넘 좋은거 같아여~"
2026-07-23,A000000205485,62695176,2026.07.12,5,0,NORMAL,N19 알로하 쇼킹,A07,B05,"C01,C06",2,2214.0,1,0,정울겨,이건 착색용이라기보단 그냥 틴트용으로 바르기 좋은 것 같아여 착색 얕음
2026-07-23,A000000205485,62504857,2026.07.08,5,0,NORMAL,N13 애프리콧쇼킹,A02,B01,"C01,C03",3,2214.0,1,0,콩지유,"애프리콧쇼킹은 자연스러우면서 발색이 있는 컬러에여제 입술색과 크게 차이없다했는데, 바르고나면 입술이 선명해져있어요"
2026-07-23,A000000205485,62413207,2026.07.06,5,0,NORMAL,N20 선키스 쇼킹 ( + 쇼킹립 미니),A03,B03,"C06,C08",6,2196.0,1,0,러브랑,이쁜뎅 오렌지립은 아니고 다홍느낌이예요 오렌지립 기대하시면 ㄴㄴ..
2026-07-23,A000000205485,62660763,2026.07.11,5,0,NORMAL,N13 애프리콧쇼킹,,,,1,1890.0,1,0,caprichoso,"입술 색 아예없을땐 요거 바르면 생기있는 자연립같고
진한 색 바르기 전 깔아두기에도 너무 예쁜 색이에요.
섞거나 그라데이션 하기에도 최고ᆢ!
N차구매템에는 이유가 다 있습니다ㅜㅜ 너무 예쁘고 지속력도 좋으니까 오특 뜰때마다 쟁여둬요"
2026-07-23,A000000205485,62518912,2026.07.08,2,0,NORMAL,S04 그레이프 쇼킹,,,,1,1890.0,1,0,뮤점,"토니모리 쇼킹립이 지속력 짱이라고해서 구매 해봤습니다!
저는 그레이프쇼킹으로 구매를 했습니다

먼저 발색먼저 손에 테스트를 해봤는데 이쁘게 올라와서 기대를 했습니다 ㅎㅎ 착색도 형광빛돌지 않아  좋았어요
발림성은 촉촉한느낌!
지속력은 생각보다 그저그랬어요 연하게 착색이 남는정도??여기까지가 손에 테스트 했을때 느낀점이였고

입술에 발랐을땐 너무 아쉬운 제품이였어요
요플레현상이 너무 심했어요 ㅜㅜ 계속 움파움파를 해도 겉도는 느낌 입술에 각질부각도 잘되는편이에요

전체적으로 봤을땐 저는 만족스러운 제품은 아니였습니다
제글을 보고 도움이 되셨으면 좋겠습니다!!"
2026-07-23,A000000205485,62037454,2026.06.29,5,0,NORMAL,N10 모브쇼킹,A01,B05,"C01,C05",7,1836.0,1,0,디오니소스통,친구 몰래 선물주려고 산건데 모브색상에 이렇게 착색 잘되는틴트 몇없다..진짜좋음
2026-07-23,A000000205485,63165519,2026.07.23,5,0,NORMAL,N13 애프리콧쇼킹,A03,B02,"C02,C09",0,1800.0,1,1,단단한자두씨,"애프리콧도 만족해서 이번에 다시 구매했어요😊

평소에 너무 쨍하거나 형광기 도는 컬러는 잘 안 쓰는데, 이건 코랄에 살짝 핑크가 섞인 느낌이라 생각보다 훨씬 손이 자주 가더라고요. 단독으로 슥 발라도 생기 있어 보여서 평소 화장에도 잘 어울렸어요ㅎㅎ

시간이 지나도 컬러가 금방 사라지는 편은 아니라 외출할 때도 부담이 적었고, 여러 번 덧발라도 뭉치거나 답답한 느낌이 없어서 편하게 사용했어요.

색감도 예쁘고 사용감도 만족스러워서 애프리콧도 다시 구매하게 된 컬러입니다🩷"
2026-07-23,A000000205485,63157769,2026.07.22,5,0,NORMAL,N12 페어리쇼킹 ,A02,B04,,0,1800.0,1,0,서얀,"토니모리 퍼펙트 립스 쇼킹 립 N12 페어리 쇼킹
베리 빛이 더해진 핑크 컬러라
얼굴에 생기를 더해주는 느낌이었습니다.
쨍하기만 한 핑크가 아니라 맑은 느낌도 함께 있어서 데일리로 좋았어요.
​
특히 여름 쿨톤인 제가 발라봤을 때
피부 톤이 한층 맑아 보이는 느낌이었고,
포인트 립으로도 활용하기 좋은 컬러였어요.
​

직접 발색한 뒤 물티슈로 여러 번 닦아봤는데요.
핑크빛 착색은 그대로 남아 있었어요.
식사나 음료를 마신 뒤에도 컬러가 자연스럽게 유지되는 편이라 수정 메이크업 횟수를 줄일 수 있었습니다.
​
​
착색 틴트는 바르기 전에 입술 상태를 정돈하면 훨씬 예쁘게 표현돼요.
제가 추천하는 사용법
① 자기 전 립밤으로 각질 관리
② 윗입술과 아랫입술을 따로 바르기
③ 착색되기 전에 한 번 더 레이어링
④ 립 라이너로 마무리
​
​
이런 분들께 추천해요!
✔️올리브영 안지워지는틴트 추천 제품을 찾는 분
✔️지속력 좋은 립 메이크업을 원하는 분
✔️여름 쿨톤 틴트를 찾는 분
✔️촉촉하면서 착색되는 틴트를 원하는 분
✔️수정 메이크업을 줄이고 싶은 분"
2026-07-23,A000000205485,63125753,2026.07.22,5,0,NORMAL,N14 피치쇼킹,A03,B02,"C02,C09",0,1800.0,1,1,단단한자두씨,"피치쇼킹은 다시 찾게 될 정도로 만족했던 컬러라 재구매했어요😊

착색이 오래가는 편이라 식사 후에도 컬러가 꽤 남아 있어서 수정 화장을 자주 안 해도 되는 점이 가장 만족스러웠어요ㅎㅎ

너무 형광스럽지 않고 얼굴이 화사해 보이는 피치 코랄 느낌이라 데일리로 부담 없이 바르기 좋더라고요. 발색도 선명해서 한 번만 슥 발라도 예쁘게 올라와 손이 자주 갔어요.

가격도 부담 없는 편인데 지속력까지 괜찮아서 만족하며 사용 중이에요🩷 데일리 틴트 찾는 분들께 추천하고 싶은 컬러입니다!"
2026-07-23,A000000205485,62946078,2026.07.18,5,1,OFFLINE,N10 모브쇼킹,A03,B04,"C09,C10",0,1800.0,1,0,엔립스nlips,"원래 물틴트 건조해서 못 쓰는데 토니모리 쇼킹립은 착색후에도 촉촉해서 많이 건조하지 않아요(각질들뜸 없음)
본색 그대로 착색돼서 시간이 지나도 컬러감 바뀌는 것도 없습니다!
여뮽이라 모브쇼킹 샀는데 좀 진한감이 있긴해요
묽은 제형인데도 아직까지 뚜껑 밖으로 흐르는건 없습니다"
2026-07-23,A000000205485,62802807,2026.07.14,5,0,NORMAL,N09 플럼쇼킹,A02,B02,"C01,C02",1,1674.0,1,0,쮸께,"토니모리 퍼펙트쇼킹립  플럼쇼킹은 색상고 너무 이쁘고,유지력도 좋아요 올여름에 바르기딱이고  팁도 입술에 바르기 편해서 파우치 필수템이에요 다른색상도 사보려구요"
2026-07-23,A000000205485,62695183,2026.07.12,5,0,NORMAL,N20 선키스 쇼킹,A07,B05,"C01,C06",1,1674.0,1,0,정울겨,착색이 옅고 그냥 기본으로만 바르고 다니는게 더 예뻐요 !!
2026-07-23,A000000205485,62674674,2026.07.12,5,0,NORMAL,N06 레드쇼킹,A03,B04,"C01,C02",2,1674.0,1,0,포카칩칙,사진이 조금 연하게 나왔는데 컬러 저것보다 더 레드끼 돌고 예뻐요~~!!
2026-07-23,A000000205485,62662839,2026.07.11,5,0,NORMAL,[주토피아 콜라보] S05 선셋볼쇼킹,A03,B06,"C01,C02",1,1674.0,1,1,엄기용,"선셋볼쇼킹 컬러는 부담스럽게 튀는 쨍한 레드가 아니라,  오렌지 브라운 톤이라 얼굴 안색을 한층 더 화사하고 맑은느낌인것같아요~"
2026-07-23,A000000205485,62642778,2026.07.11,5,0,NORMAL,S02 브릭쇼킹,A06,B01,"C01,C05",3,1674.0,0,0,동글둥글동글,수영장 틴트로 워낙 유명해서 진짜 물이 닿아도 안지워지고 밥 먹어도 안지워져요 ㅎㅎㅎ
2026-07-23,A000000205485,62638407,2026.07.11,5,0,NORMAL,[올영단독] S03 애플쇼킹,A03,B05,"C02,C03",1,1674.0,1,0,강구니,"분위기 있어 보이고, 데일리 메이크업에도 부담 없이 잘 어울리더라고요. 한 번 바르면 자연스럽고, 덧바를수록 색감이 깊어져서 분위기가 확 살아나요"
2026-07-23,A000000205485,62626054,2026.07.10,5,0,NORMAL,N07 번트로즈쇼킹,A03,B01,"C01,C02",2,1674.0,1,1,닉네임공백제외,그윽한 말린 장미 컬러가 얼굴형을 화사하게 밝혀줘서 굿굿 이뻐요. 강한 지속력과 착색력 덕분에 하루 종일 수정 화장 없이도 처음 발색 그대로 유지되어 정말 편해요!
2026-07-23,A000000182989,62649611,2026.07.11,5,0,NORMAL, ,A06,B04,"C03,C05",1,1134.0,1,0,푸린스,가지고 다니면서 바르는 선스틱이 필요해서 구매했는데 뽀송하면서 잘 발려서 만족중입니다. 야외활동할 때 자주 발라주는데 간편하고 좋아요.
2026-07-23,A000000182989,61862423,2026.06.24,5,0,NORMAL, ,A02,B05,"C02,C06",0,900.0,1,0,키티키티조아,"진짜 여태 써본 선스틱중에 AHC 에어리치 선스틱이 제일 좋아요 ㅋㅋㅋ

저 지금 두번째 재구매해서 사용중이고
푸켓갈때도 이거 수시로 발랐는데 하나도 안탔어요 ㅎㅎㅎ

단점은 금방쓰는거? 아무래도 스틱형태로됫고 수시로 발라주면 금방 줄어드는것같긴해요 ㅋㅋㅋ

근데 그만큼 좋아용 ㅎㅎㅎ 
저는 우선 선크림으로 목뒤 팔 얼굴 발라주고 일정 시간지나고나면 얼굴은 선크림 수시로 발라줄때 있는데 몸은 거의 AHC 선스틱으로만 바르거든요 !
그리고 노세범이라서 겁나좋음 ㅎㅎㅎ

원래 선스틱 안썼던이유중에 하나가 팔에 바르면 털 뭉침도잇고 끈적거리고 해서 바르기싫엇는데 노세범이라서 그런거 전혀없음ㅋㅋㅋ바를때있어도 금방 바로 보송해지고 처음에는 노세범이라 너무 보송해서 이게 발라진건지 안발라진건지했는데 진짜 안타요 ㅎㅎㅎ 골프나 야외운동 그리고 여름철 놀러갈때 진짜 필수!!
특히 목뒷부분 잘 안바르잖아요? 이거 선스틱으로 좀 발라주면 좋아요..아님 목뒷부분만 겁나탐"
2026-07-23,A000000182989,61144280,2026.06.08,5,0,NORMAL, ,A01,B02,C11,13,630.0,0,1,왕서진,"🛍️AHC 마스터즈 에어리치 선스틱 22g

🔎info
20대 직장인 | 악건성 | 17호 피부 | 봄 웜 라이트

💫 총평
선스틱 특유의 끈적임이나 번들거림이 1도 없고 진짜 뽀송해요ㅠㅠ 바른 거 같지도 않게 가벼워서 여름에 목이나 팔다리 바디용으로 쓰기 완전 강추입니다ㅎㅎ

📝 리뷰
✅ 뽀송함
이름 그대로 에어리치라는 말이 딱 맞게 진심 엄청 뽀송하게 마무리돼요! 선스틱 잘못 바르면 오일 바른 것처럼 번들거려서 손이 안 가는데 이건 유분기 싹 잡아주면서 매트하게 밀착되니까 피부가 너무 편안합니다ㅠㅠ

✅ 사용감
바른 부위 만져봐도 유분기나 끈적임이 전혀 없어서 진짜 바른 거 같지도 않은 느낌이에요ㅎㅎ 백탁 현상도 전혀 없고 슥슥 편하게 바르기 좋습니다. 얼굴에 기초 짱짱하게 하고 나서 유분기 누르는 용으로 써도 좋더라고요.

✅ 바디용
끈적거리는 거 제일 싫은 팔이나 다리, 목 뒤 같은 몸에 바르기 최고예요ㅠㅠ 옷에 묻어날 걱정도 전혀 없고 컴팩트해서 가방에 쏙 넣어 다니면서 밖에서 수시로 덧바르기 너무 편합니다ㅎㅎ 바디 선케어 제품 찾으시면 무조건 추천이에요.

🙆‍♀ 재구매 의사
: ⭕️

리뷰가 도움이 되셨다면‘도움이 돼요!👍’버튼 한 번씩 부탁드립니다!"
2026-07-23,A000000182989,62406465,2026.07.06,5,0,NORMAL, ,A03,B04,"C03,C05",0,540.0,1,0,아그네스97,"끈적이는 선제품을 싫어하는 편인데 이 선스틱은 바른 뒤 마무리가 산뜻해서 좋았어요. 손에 묻히지 않고 슥슥 바를 수 있어서 외출 중 덧바르기도 편하고, 백탁 없이 자연스럽게 밀착됩니다. 메이크업 위에 사용해도 크게 밀리지 않아 휴대용으로 자주 챙기게 되는 제품이에요. 여름 데일리 선스틱으로 만족하며 사용 중입니다."
2026-07-23,A000000182989,63201032,2026.07.23,5,0,NORMAL, ,A03,B01,"C04,C05",0,528.0,1,0,딸망온니,가격대가 좀 있지만 여름에 끈적하지않고 부드럽게 다닐 수 있어서 좋아요!! 다만 너무 덧바르면 일어날 수 있습니다!!
2026-07-23,A000000182989,61992646,2026.06.27,5,0,NORMAL, ,,,,0,450.0,1,0,qqu999,"AHC 마스터즈 에어리치 선스틱을 사용해본 후기 남겨볼게요 😊

평소 선크림의 끈적이는 사용감을 별로 좋아하지 않는데, 이 선스틱은 이름처럼 정말 가볍고 산뜻한 사용감이라 마음에 들었어요. 피부에 여러 번 덧발라도 밀리거나 답답한 느낌이 거의 없었고, 손에 묻히지 않고 간편하게 바를 수 있어서 외출 중에도 자주 사용하게 되더라고요.

가장 만족스러웠던 점은 바른 후 피부가 정말 보송하게 마무리된다는 점이었어요. 유분감이 많은 피부인데도 번들거림 없이 매끈하게 표현돼서 더운 날씨에도 부담 없이 사용할 수 있었어요. 메이크업 위에 덧발라도 뭉침이 심하지 않았고, 끈적임 없이 산뜻한 상태가 유지되는 느낌이라 수정용으로도 만족스러웠어요.

휴대하기 좋은 크기라 가방에 넣고 다니기 편했고, 자외선 차단이 필요할 때 언제든 간편하게 덧바를 수 있어서 활용도가 높았어요. 전체적으로 산뜻한 사용감과 보송한 마무리감을 중요하게 생각하는 분들에게 추천하고 싶은 선스틱이에요. ☀️😊"
2026-07-23,A000000182989,62222438,2026.07.02,5,0,NORMAL, ,A03,B06,"C01,C02",0,396.0,1,0,민꼬맘,남편이 좋아해서 재구매했어요.유분기가 없어서 남자들이 좋아하는거 같아요.운동할때나 평상시에 잘 바르고 있어요.추천합니다
2026-07-23,A000000182989,62043722,2026.06.29,5,0,NORMAL, ,A03,B06,"C01,C05",0,396.0,1,0,현슈슈,"n통째쓰고있는 정착템입니다
여름선스틱은  이만한게 없어요"
2026-07-23,A000000182989,61817550,2026.06.23,5,0,NORMAL, ,A03,B06,C05,2,396.0,0,0,마냐오,"출시 될 때부터 사용하는 제품입니다.
보송한 선스틱 많지만
가장 가볍고 사용감이 좋은 것 같아요."
2026-07-23,A000000182989,61116203,2026.06.07,5,0,NORMAL, ,A02,B01,"C01,C03",5,378.0,1,0,보도리이,"ahc 선케어 제품은 항상 믿고 구매하는 것 같아요~~
선스틱 위로 올리기 작동하기도 쉽고
선크림보다 크기도 컴팩크해서 파우치 휴대하면서 얼굴,목,손등,팔 모두 케어하기 조아여!"
2026-07-23,A000000182989,60717028,2026.06.03,5,0,NORMAL, ,A02,B03,C02,11,378.0,1,0,감자깡더구,"🥰좋았던 점
- 진짜 쿨링 효과가 좋아요. 바르자마자 딱 시원해요. 
- 보송보송한 타입이라 여름에 덧바르기도 좋아요.

😥별로 였던 점
- 없어요"
2026-07-23,A000000182989,62372915,2026.07.05,5,0,NORMAL, ,A02,B06,"C02,C04",0,330.0,1,0,Frances,바디에 바르는 용도로 사용하는데 피부에 닿는 면적이 넓어서 사용하기 편합니다. 사용감이 찐덕이지않고 보송합니다. 요즘 특히 팔이 타서 열심히 바르고 있어요. 선스틱이 딱딱하지 않고 부드럽게 발리고 특별한 향은 없었습니다.
2026-07-23,A000000182989,62221881,2026.07.02,5,0,NORMAL, ,A01,B02,"C01,C05",0,330.0,1,0,연어초밥,바르기 편하긴 한데 화장전 쓰기엔 적합하진 않은듯 비추 팔다리 사용굿
2026-07-23,A000000182989,62007248,2026.06.28,5,0,NORMAL, ,A02,B05,C03,0,330.0,1,0,호두예요,선스틱 최고 예요 언제나 좋네요 ~ 살 탈 걱정 없어요 ㅎㅎ 선크림 계 최고!!
2026-07-23,A000000182989,62646467,2026.07.11,5,0,NORMAL, ,,,,0,297.0,1,0,말차딸기,보송해서 여름마다 사용중입니다! 벌써 몇개째인지 모르겠어요!!
2026-07-23,A000000182989,62786964,2026.07.14,5,0,NORMAL, ,A01,B02,C11,0,270.0,0,0,왕서진,"🛍️ AHC 마스터즈 에어리치 선스틱 22g

🔎info
20대 직장인 | 악건성 | 17호 피부 | 봄 웜 라이트

💫 총평
보송한 마무리감으로 덧바르기 편한 데일리 선스틱!

📝 리뷰
✅ 사용감
선스틱이라 손에 묻히지 않고 간편하게 바를 수 있어 외출 중에도 수시로 덧바르기 좋았어요. 뻑뻑하지 않고 부드럽게 밀려 피부에 자극도 적은 편이었어요.

✅ 마무리감
번들거림이 거의 없고 보송하게 마무리돼서 여름철에도 부담 없이 사용하기 좋았어요. 메이크업 위에 덧발라도 밀림이 심하지 않아 수정용으로도 만족스러웠어요.

✅ 가성비
용량도 넉넉한 편이라 매일 사용해도 오래 쓸 수 있었고, 휴대하기 좋은 사이즈라 하나 가지고 다니기 편했어요. 데일리 선스틱으로 무난하게 손이 자주 가는 제품이었어요.

🙆‍♀ 재구매 의사
: ⭕️

리뷰가 도움이 되셨다면 ‘도움이 돼요!👍’ 버튼 한 번씩 부탁드립니다!"
2026-07-23,A000000182989,62450968,2026.07.07,5,0,NORMAL, ,,,,0,270.0,1,0,이현정a,"마개가 이중으로 되어있어서 선스틱이 잘 마르지 않아요
다른 선스틱은 사용하다보면 말라서  뻑뻑해지기도 하더라구요
발랐을때 느낌은 부드럽게 발리고 보송한느낌인 것 같은데 만져보면 수분감이 느껴져요 바르고 메이크업해도 밀리지않고 제피부에는 잘맞아서인지 화장도 잘먹는기분이예요
박세리님이 극찬했을때부터 사용했는데 넘 좋아서 재재재구매중"
2026-07-23,A000000182989,62306845,2026.07.04,5,0,NORMAL, ,A01,B02,"C06,C09",0,264.0,1,0,오래누나,AHC 선제품은 자외선 차단도 잘되고 발림성도 다 좋아여. 종류별로 구매했습니다. 다 마음에 들어요!
2026-07-23,A000000182989,62299973,2026.07.04,5,0,NORMAL, ,A03,B02,"C03,C04",0,264.0,1,0,김소피,"피부가 촉촉해지는거 같아서 너무 만족합니다 
재구매할게요"
2026-07-23,A000000182989,61940748,2026.06.26,5,0,NORMAL, ,A01,,"C02,C05",0,264.0,1,0,TWS한진,부모님께 드릴려고 샀는데 좋아하시네요ㅎㅎ 디자인도 이뻐요
2026-07-23,A000000182989,61921926,2026.06.26,5,0,NORMAL, ,A03,B06,"C01,C02",0,264.0,1,0,마키리아,땀나거나 번들거리는거 안 좋아하는데요 노세범 선스틱이라 해서 사봤어요 뽀송하게 덧바를수 있어서 좋아요
2026-07-23,A000000182989,61156810,2026.06.08,5,0,NORMAL, ,A03,B03,"C03,C06",0,252.0,1,0,펄떡펄떡,햇빛 알레르기 있는 친구가 추천해준 선스틱이에요 살짝 레몬향 나서 산뜻하고 바르고나서도 엄청 보송보송해요 친구가 효과는 이게 짱이래서 두고두고 쓰려구요
2026-07-23,A000000182989,61815687,2026.06.23,5,0,NORMAL, ,,,,0,198.0,1,0,지수법칙,"매번 여름이면 사용하는 제품입니다
언제 어디서나 깔끔하게 발리는게 좋아요"
2026-07-23,A000000182989,61161693,2026.06.08,5,0,NORMAL, ,A06,B04,"C03,C05",0,198.0,1,0,푸린스,"가지고 다니면서 쓱쓱 바르는 타입을 원해서 구매한 제퓸이에요. 바르고 나서도 끈적이지 않고, 보송해서 바디에 바르기에 좋아요."
2026-07-23,A000000182989,60554297,2026.06.01,5,0,NORMAL, ,A03,B06,"C01,C02",0,198.0,1,0,민꼬맘,끈적이지 않아서 좋아요.예전에 사용했던 기억이 있어서 올영 세일때 신랑 사줬어요.추천합니다.
2026-07-23,A000000182989,62079089,2026.06.30,5,0,NORMAL, ,A01,B02,"C01,C02",0,110.0,1,0,박명수오퐈,생각보다 바르는데 티가 안나서 좋아요! 그리고 부드럽게 발려요
2026-07-23,A000000182989,61149357,2026.06.08,5,0,NORMAL, ,,,,0,99.0,1,0,말차딸기,보송해서 여름마다 사용중입니다! 벌써 몇개째인지 모르겠어요!!
2026-07-23,A000000182989,60429879,2026.05.31,5,0,NORMAL, ,,,,0,99.0,1,0,이든황,남자들. 썬크림 찐득찐득 싫어하는데 이건 뽀송이라 잘 바르네요 그래서 또 구매했어요.
2026-07-23,A000000182989,62028179,2026.06.28,5,0,NORMAL, ,,,,0,90.0,0,0,소잡디푸드득,"여름철 선크림의 번들거림을 극도로 싫어하는데, 이 제품은 정말 이름값을 합니다. 한 달 동안 야외 활동이나 운동할 때 수시로 덧발라주었는데, &#039;에어리치 노세범&#039;이라는 타이틀에 걸맞게 바르는 즉시 기름종이를 쓴 것처럼 유분기를 싹 잡아주고 보송보송하게 마무리됩니다. 여러 번 덧발라도 밀리거나 뭉치지 않고 가볍게 밀착되어 메이크업 위에 올려도 부담이 전혀 없습니다. 손에 묻히지 않고 스틱으로 슥슥 문지르면 되니 위생적이고 편리하며, 백탁 현상이 없어서 거울 없이도 언제 어디서나 빠르게 자외선을 차단할 수 있습니다. 지속력도 좋고 땀과 물에 강해 여름철 스포츠 활동 시 필수품으로 강력 추천합니다"
2026-07-23,A000000182989,63155044,2026.07.22,4,0,NORMAL, ,,,,0,88.0,1,0,hiyoriku****,정말 끈적임이 없어서 남편과 함께 사용하고 있어요. 얼굴까지 발라도 되는지는 모르겠지만 남편이도 마음에 든다고 하네요
2026-07-23,A000000178556,62510870,2026.07.08,5,1,OFFLINE,비글로우 에어퍼프 5P,A01,B01,C01,6,3294.0,1,0,뚱시링,퍼프 너무 젛아요 아주 잘쓰고ㅠ잇어요ㅠ뷰드럽게ㅜ톡톡 잘 먹내요ㅠ아저ㅠ것구수넘버원입니다
2026-07-23,A000000178556,62230712,2026.07.03,5,0,NORMAL,비벨벳 에어퍼프 5P,A01,B04,"C05,C06",8,1836.0,0,0,텅장이지만또살거긴해,"먼지가 좀 잘붙긴해~
곰팡이도 잘 슬긴해~
하지만 뽀용하고 느낌이 좋긴해~"
2026-07-23,A000000178556,63100344,2026.07.21,5,0,NORMAL,비벨벳 에어퍼프 5P,A06,B04,C05,0,1800.0,1,0,쥬냥쥬,"평소에 에스쁘아 비벨벳 쿠션을 잘 쓰고 있어서 이번에 퍼프 단독으로 5개입 묶음 판매하길래 바로 구매했습니다

쿠션 쓰다 보면 위생 때문에 퍼프를 자주 갈아주는 편인데 이렇게 대용량으로 기획 세트가 나오니까 가성비 면에서 아주 만족스럽습니다. 개별 구매하는 것보다 훨씬 저렴하고 쟁여두고 쓰기 딱 좋습니다

비벨벳 퍼프 특유의 쫀쫀하면서도 매트하게 마무리해 주는 밀착력이 정말 마음에 듭니다. 베이스 메이크업할 때 파운데이션이나 쿠션 내용물을 과하게 먹지 않고 피부에 고스란히 뱉어내서 얇고 균일하게 커버하기 좋습니다. 특히 코 옆이나 굴곡진 부위도 들뜸 없이 챡 밀착시켜 줘서 화장이 훨씬 깔끔하게 표현됩니다

퍼프 자체가 탄탄하고 내구성이 좋아서 여러 번 두드려도 쉽게 찢어지거나 헤어지지 않는 점도 장점인 것 같습니다. 보송하고 매트한 피부 표현 좋아하시는 분들이나 기존에 비벨벳 쿠션 만족스럽게 쓰셨던 분들은 이거 무조건 쟁여두시는 걸 추천합니다"
2026-07-23,A000000178556,60757496,2026.06.03,4,0,NORMAL,비벨벳 에어퍼프 5P,A01,B04,"C05,C06",49,1458.0,0,0,텅장이지만또살거긴해,"곰팡이가 좀 잘 슬긴 해~
그래도 질은 좋긴해~
예쁘게 생겼긴 해~
자주갈면 되긴해~"
2026-07-23,A000000178556,62901220,2026.07.17,5,0,NORMAL,비글로우 에어퍼프 5P,A03,B04,"C01,C03",0,1080.0,1,0,쪼꼬모,"비글로우 퍼프 최고예요

에스쁘아 비벨벳 쿠션 사용 중인데 화장이 너무 뜨고 피지부각이 너무 심해서 버려야되나 했는데 비글로우 퍼프로 사용하니 괜찮아요!!

진짜 비글로우 퍼프 없어지면 안돼요 정말 좋아요

파넬 쿠션도 자꾸 뜨고 잘 안발려서 버려야되나 했는데 비글로우 퍼프로 쓰니까 좀 나아요 정말 추천이에요!"
2026-07-23,A000000178556,62406575,2026.07.06,5,0,NORMAL,비벨벳 에어퍼프 5P,A06,B04,"C05,C09",6,900.0,0,0,이찬네연어,"에스쁘아 퍼프 유명하길래 구매했는데 써보니까 왜 다들 추천하는지 바로 알겠더라구요 🥹…

진짜 이름처럼 엄청 폭신폭신해서 피부에 닿는 느낌이 너무 좋았고 파운데이션을 얇고 균일하게 밀착시켜줘서 피부 표현이 훨씬 예뻐졌어요 🤍 제품을 과하게 먹는 느낌도 거의 없어서 파운데이션 낭비도 덜했고 여러 번 두드려도 베이스가 뭉치거나 들뜨지 않는 점이 가장 마음에 들었어요!!

특히 피부결 표현이 정말 예뻐져서 모공이나 요철도 자연스럽게 커버되는 느낌이라 요즘 손이 가장 많이 가는 퍼프예요 😊 세척도 깔끔하게 잘 되고 말린 뒤에도 폭신한 느낌이 오래 유지돼서 오래 사용할 수 있을 것 같아요

5개 구성이라 가성비도 좋고 자주 교체해서 사용할 수 있어서 위생적으로 관리하기도 편했어요 퍼프 고민하시는 분들이라면 이건 진짜 만족하실 것 같아요 💕"
2026-07-23,A000000178556,62780775,2026.07.14,5,0,NORMAL,파우더 민트 퍼프 4P,A04,B04,C05,0,810.0,1,1,연평해전,올리브영 제품은 항상 냉장고에 넣고 사용중이에요 화장품냉장고 용량이 작아서 어쩔수가 없네요  일단 이번 제품은 몸에 잘 맞는것 같아요  물론 조금더 사용 해봐야겠지만  며칠 써본 것을 말씀 드리면 일단 얼굴에 과 몸에 잘 맞아요  그리고 일단 트러블이 없어요 트라블이 없다늠것은 엄청 좋은 장점이라 생각해요 요즘 세상이 참 사람들이 이상하고 이상한 제품도 많은데 올리브영은 그렇지 않은것 같아요 항상 그렇게 느껴요 두번째 끈적임이 전혀 없어요  끈적임이 있으면 얼굴에 바르던 다른곳 어디에 바르던 찝찝할텐데 올리브영 제품은 그렇지가 않아서 좋아요  가장 큰 장점인것 같아요  세번째는 그냥저냥 가격이 저렴하다는 거에요  많이6 사놓고 싶지만 그럴수 없는것이 좀 안타깝긴 하지만  제품이 좋아서 그냥 쓰는 편이에요  네번째  쉽게 변질되지 않는것 같아요 아무리 냉장고에 넣어놔도 제품이 별루면 변질 되기 쉬운데  올리브영 제품은  일방적으로 좋어요  일단 제 피부의 유연성이나 부드러움이 많이 개선 되었습니다 눈에 따는 피부 곳곳이 부드럽고 트러블이 없어 졌습니다 항상 잘 사용 하고 있어서 기분이 좋습니다
2026-07-23,A000000178556,62659399,2026.07.11,5,0,NORMAL,비글로우 에어퍼프 5P,A03,B03,"C05,C07",1,810.0,1,0,모공좁쌀여드름수부지,"퍼프의 중요성을 진심 깨달아버림 
누가 추천해줘서 에스쁘아 벨벳 써봤는데 좋아서 
다른 버전으로 사봤어요
좁쌀 나서 피부과로 돈 더드느니 쿠션 자주 바꿔주는게 현명하다고 생각해서;; 아까운 돈이지만 쿠션 자주 바꾸세요💛
쿠션은 사실 빨아도 비누거품까지 다 흡수해버려서ㅠ ㅠ 세척하기도 쉽지않음 

세개 다 비교해보고 한달후기로 돌아올게요"
2026-07-23,A000000178556,62659387,2026.07.11,5,0,NORMAL,실크 에어퍼프 5P,A03,B03,"C05,C07",0,810.0,1,0,모공좁쌀여드름수부지,"퍼프의 중요성을 진심 깨달아버림 
누가 추천해줘서 에스쁘아 벨벳 써봤는데 좋아서 
다른 버전으로 사봤어요
좁쌀 나서 피부과로 돈 더드느니 쿠션 자주 바꿔주는게 현명하다고 생각해서;; 아까운 돈이지만 쿠션 자주 바꾸세요💛

세개중 뭐가 좋은지는 한달후기로 돌아오겠삼"
2026-07-23,A000000178556,63152598,2026.07.22,4,0,NORMAL,비글로우 에어퍼프 5P,A03,B02,"C09,C10",0,792.0,1,0,한달에한번무조건올영,"그냥 이 자체로 쓰기보다
물에 적셔서 촉촉하게 사용하는 편이
훨씬 좋네요
만족합니다"
2026-07-23,A000000178556,63081629,2026.07.21,5,0,NORMAL,비벨벳 에어퍼프 5P,A03,B02,"C01,C02",0,792.0,1,0,난향,"에스쁘아 비벨벳 쿠션도 사용하고 있지만 퍼프도 정말 좋은~
다른 제품의 쿠션에도 사용하려고 추가로 더 구매를 했어요!!"
2026-07-23,A000000178556,62307388,2026.07.04,5,0,NORMAL,비벨벳 에어퍼프 5P,A02,B02,"C01,C08",1,756.0,1,0,ZZ바라기,"이거 진짜 좋아요~~~!
쿠션은 비벨벳이 제일  좋은듯요
밀착력좋고
밀리지않아요 ~!"
2026-07-23,A000000178556,62114433,2026.06.30,5,0,NORMAL,비글로우 에어퍼프 5P,A04,B01,"C06,C08",8,756.0,1,0,뷰티캐스터,"다른 퍼프보다 이게 가장 피부 표현 
잘 되는거 같아요!!
그래서 세일하면 이것부터 쟁여요!! ㅎㅎㅎ

파데 제형 무관하게 이게 피부에 쫙 
밀착되게끔 메이크업이 되는 거 같아요!!!

피부표현 예술입니당"
2026-07-23,A000000178556,62072113,2026.06.29,3,0,NORMAL,파우더 민트 퍼프 4P,A02,B04,"C08,C09",1,756.0,1,0,정만만,"그냥... 적당히 좋은... 보들보들한 파우더 퍼프입니다...
좋긴 하지만 무조건 이걸 사야해! 라는 생각이 들 정도로 압도적인 제품력인지는 잘 모르겠어요"
2026-07-23,A000000178556,61821557,2026.06.23,5,0,NORMAL,비벨벳 에어퍼프 5P,A03,B01,"C01,C05",11,756.0,1,0,열뮤,비벨벳 퍼프 진짜 좋아요. 쿠션 사용하다가 추가로 구매했어요. 부들부들한데 밀착 되게 잘되는 거 같아요. 추천합니다
2026-07-23,A000000178556,62768078,2026.07.13,5,1,OFFLINE,비글로우 에어퍼프 5P,A01,B01,"C05,C07",0,675.0,1,0,수부GG,"에스쁘아 퍼프 유명한 거 다들 아시죠? 글로우 촉촉파들은 비글로우 퍼프 사시면 됩니다. 이거 사서 파넬 쿠션, 클리오 쿠션에다 장착하고 아주 잘 쓰고 있어요. (어바웃톤 쿠션은... 진짜 희한하게 그 납작하고 쿠션감 없는 본연의 퍼프로만 밀착이 잘 되서 패스..)  아직 안 해봤는데 물먹해서 수건에 두드린다음에 파데랑 같이 발라도 궁합이 좋을 거 같아요.. 나스파데 쓰는데 곧 도전해볼 예정.."
2026-07-23,A000000178556,60037745,2026.05.24,5,0,NORMAL,비글로우 에어퍼프 5P,A05,B04,"C04,C10",15,630.0,1,0,태닝키티조아,퍼프가 쫀쫀하고 쿠션 퍼프는 자주 바꿔주는 게 좋아서 고민하다가 구매했는데 넘 만족스러워요!! 말랑말랑 해서 얼굴에 두드릴 때 자극감도 없고 크기도 커서 몇 번만 톡톡 해줘도 금방 올라가더라구요 선크림이나 톤업 크림 바를 때도 유용하게 사용하고 있어요 가격도 저렴한데 이 퀄리티면 앞으로도 계속 재구매 할 것 같습니다
2026-07-23,A000000178556,62855096,2026.07.15,5,0,NORMAL,비글로우 에어퍼프 5P,A03,B01,"C04,C05",0,594.0,1,0,미뇽망나뇽,부들부들 좋아용 ㅎㅎ 쿠션이나 선크림 바를때도 유용하게 잘 쓰고있습니단
2026-07-23,A000000178556,62796872,2026.07.14,5,0,NORMAL,비벨벳 에어퍼프 5P,A06,B05,"C02,C03",0,594.0,1,0,퓨리리리,"퍼프는 이것만 써요
크기도 적당하고 
가격에 비해 괜찮은거 같아요 ㅎ"
2026-07-23,A000000178556,62735996,2026.07.13,5,0,NORMAL,파우더 민트 퍼프 4P,A03,B06,C05,1,594.0,0,0,마냐오,"추천받아서 구매해봤습니다.
보들보들하고 통통해서 떡지지 않게 발려지네요"
2026-07-23,A000000178556,62701406,2026.07.12,3,0,NORMAL,비글로우 에어퍼프 5P,,,,0,594.0,1,1,제니바라기,편하게 사용하기 좋은거 같아여 항상 여러개씩  쟁여놓을거에여
2026-07-23,A000000178556,62701383,2026.07.12,3,0,NORMAL,비글로우 에어퍼프 5P,,,,0,594.0,1,0,제니바라기,편하게 팍팍사용하기 좋아여 쟁여놔야할것같아여 특히 여름에
2026-07-23,A000000178556,62496523,2026.07.08,5,0,NORMAL,비벨벳 에어퍼프 5P,A02,B03,"C01,C02",0,594.0,1,0,올영핫해,좋아요  쟁여두고 씁니다  퍼프중에 제일 괜찮은것같아서 꾸준히  쓰고있어용
2026-07-23,A000000178556,61963939,2026.06.27,4,1,OFFLINE,비글로우 에어퍼프 5P,A03,B06,"C06,C08",0,540.0,1,0,냥이가죠앙,"🧡🧡 직접 사용하여 보고 마음에 들었던 점 🧡🧡

 👉🏻👉🏻👉🏻 촉촉이 쿠션 궁합 굿

 비글로우 쿠션이랑도 잘맞긴
하는데 일반 글로우 타입이나 촉촉이들이랑더 꽤괜이라 두번째 구매했어용!!
재구매 의향 있습니당!! 퍼프 빨아서ㅜ쓰는거 절대ㅜ못하시는 분 추천이요"
2026-07-23,A000000178556,62825842,2026.07.15,5,0,NORMAL,비글로우 에어퍼프 5P,,,,0,495.0,1,0,난이2,별 기대안햤는데 개쫀쫀해서 너무 너무 발림성좋아요 강추합니다
2026-07-23,A000000178556,62093173,2026.06.30,4,0,NORMAL,파우더 민트 퍼프 4P,A03,B02,"C03,C06",0,450.0,1,0,북두10,"생각한것보다 도톰
그래서 제 파우더 케이스
(아워글라스,메이크업포에버)가 
안닫혀 집에서만 사용
상품은 그럭저럭 만족
두께만 조금 얇았더라면 하는 아쉬움
미니사이즈도 있었음 좋겠어요
요즘 파데,파우더 휴대용사이즈나
얇은두께 케이스(메이크업포에버)도 꽤 있기에"
2026-07-23,A000000178556,61563797,2026.06.17,5,0,NORMAL,비벨벳 에어퍼프 5P,A06,B04,C05,0,450.0,1,0,쥬냥쥬,"평소에 에스쁘아 비벨벳 쿠션을 잘 쓰고 있어서 이번에 퍼프 단독으로 5개입 묶음 판매하길래 바로 구매했습니다

쿠션 쓰다 보면 위생 때문에 퍼프를 자주 갈아주는 편인데 이렇게 대용량으로 기획 세트가 나오니까 가성비 면에서 아주 만족스럽습니다. 개별 구매하는 것보다 훨씬 저렴하고 쟁여두고 쓰기 딱 좋습니다

비벨벳 퍼프 특유의 쫀쫀하면서도 매트하게 마무리해 주는 밀착력이 정말 마음에 듭니다. 베이스 메이크업할 때 파운데이션이나 쿠션 내용물을 과하게 먹지 않고 피부에 고스란히 뱉어내서 얇고 균일하게 커버하기 좋습니다. 특히 코 옆이나 굴곡진 부위도 들뜸 없이 챡 밀착시켜 줘서 화장이 훨씬 깔끔하게 표현됩니다

퍼프 자체가 탄탄하고 내구성이 좋아서 여러 번 두드려도 쉽게 찢어지거나 헤어지지 않는 점도 장점인 것 같습니다. 보송하고 매트한 피부 표현 좋아하시는 분들이나 기존에 비벨벳 쿠션 만족스럽게 쓰셨던 분들은 이거 무조건 쟁여두시는 걸 추천합니다"
2026-07-23,A000000178556,60704614,2026.06.03,5,0,NORMAL,비글로우 에어퍼프 5P,A04,B06,"C08,C09",4,450.0,1,0,날마다연어,"🟡퍼스널 컬러: 겨울 클리어
 🟰봄🌸영향을 많이 받은 겨울❄️클리어 타입 
🟡바우만 피부 타입: OSNT 
🟰Oil/Sensitive/Non-pigment/Tight 
🟰지성/심한 민감성/경미한 비색소성/경미한 탄력
💛티트리 녹차 알로에 병풀시카 캐모마일 카렌듈라 살리실릭애씨드 판테놀 
⚠️코코넛오일 쉐어버터 코코아버터 시나몬오일 시나믹애씨드 아세틱애씨드 벤조익애씨드 알파리포익애씨드 

🍯피부과 의사쌤도 감탄하신 파리도 미끄러질 꿀피부

🍣구구절절말고 기름기 뺀 솔직 리뷰 쓸라고 반말로 작성

⚪️살면서 쿠션, 파데 한번도 안해보고 선크림으로만 마무리 하지만, 코 모공 가리고 싶을 때 퍼프가 필요해서 자주 삼. 평소 ㅍㅋㅅ 퍼프를 좋아해서 매번 샀는데 에스쁘아가 밀착력이 조금 더 좋음

⚪️세척해도 변형이 없어 좋음

+ 많이 세척하면 안 먹음 3번 빨았으면 그냥 버리기"
2026-07-23,A000000178556,60343847,2026.05.29,4,0,NORMAL,파우더 민트 퍼프 4P,A02,B04,"C08,C09",1,450.0,1,0,정만만,"퍼프가 적당히 폭신해서 파우더 바를 때 부드럽게 터치가 가능합니다
한번 문질렀을때 파우더 픽업량이 꽤나 많은데 그래서 양조절이 상당히 중요합니다
손에다가 양조절 안하고 바로 얼굴에 바르면 파우더가 장난아니게 두껍게 올라가요..
양조절 하고 발라주면 모공커버도 어느정도 되고 무난히 좋은 퍼프입니다"
2026-07-23,A000000178556,62998400,2026.07.19,5,0,NORMAL,비글로우 에어퍼프 5P,,,,0,396.0,1,0,라카타,"비글로우 색감재질 좋아요
할인가로삿는대 할인도 자주해주세요 비싸요"
2026-07-23,A000000223388,62901123,2026.07.17,5,1,OFFLINE,유기농100%순면 울트라슬림 소형 18P,,,,4,3672.0,1,0,빵빵앙옥지양,소형이 진짜 활용도 좋더라구요 그래서 1+1일 때 구매했어요
2026-07-23,A000000223388,63156744,2026.07.22,5,0,NORMAL,유기농100%순면 맥시슬림 중형 14P,A03,B04,"C01,C02",0,1512.0,1,0,밍숭맹숭올리비아,흡수력 좋은 생리대 찾아보려고 이것저것 주문하면서 좋은느낌도 유명하니까 같이 주문했어요.
2026-07-23,A000000223388,63156704,2026.07.22,5,0,NORMAL,유기농100%순면 울트라슬림 중형 18P,A03,B04,"C01,C02",0,1512.0,1,0,밍숭맹숭올리비아,흡수력 좋은 생리대 찾아보려고 이것저것 주문하면서  좋은느낌도 유명하니까 같이 주문했어요.
2026-07-23,A000000223388,62511037,2026.07.08,5,0,NORMAL,유기농100%순면 맥시슬림 중형 14P,A03,B03,"C01,C02",1,1134.0,1,0,WallE,"여름엔 슬림한게 좋아서 구매했어요.
1+1이라 좋아요."
2026-07-23,A000000223388,62490246,2026.07.08,5,1,OFFLINE,유기농100%순면 맥시슬림 대형 14P,A02,B03,"C01,C03",0,1134.0,1,1,평온한하루,학교 다닐 때부터 사용하기 시작해서 지금도 사용하고 있네요. 오랜시간 동안 사용해온 만큼 기본은 하는 제품입니다.
2026-07-23,A000000223388,63191990,2026.07.23,5,0,NORMAL,유기농100%순면 맥시슬림 중형 36P,A02,B03,"C04,C08",0,792.0,1,0,가롱입니다,"생리대는 좋은느낌만 사용해요
촉감 좋고 착용느낌도 덜 해서 좋습니당"
2026-07-23,A000000223388,63134034,2026.07.22,3,0,NORMAL,유기농100%순면 맥시슬림 중형 36P,,,,0,792.0,1,0,새침떼기,매번 이제품만 사용합니다 항상 만족하고 좋아요 굿입니다 재구매
2026-07-23,A000000223388,62997376,2026.07.19,5,0,NORMAL,유기농100%순면 맥시슬림 중형 14P,A03,B02,C02,0,792.0,1,1,jessJ,흡수가 빠르고 보풀도 안일어나요. 두께도 너무 얇지 않아서 안심이 돼요. 그렇다고 너무 두꺼운 패드도 아니고 압축력이 좋은거 같아요. 꾸준하게 사용하는 제품입니다.
2026-07-23,A000000223388,62913096,2026.07.17,5,1,OFFLINE,유기농100%순면 맥시슬림 중형 14P,A06,B02,"C01,C05",0,792.0,1,0,luckyah,좋아요 부드럽고 도톰정도도 적당하니좋고 길이도 안짧고 좋아요  마트꺼보다 올영 좋은느낌 중형이 더 좋아요
2026-07-23,A000000223388,62451097,2026.07.07,5,0,NORMAL,유기농100%순면 울트라슬림 중형 18P,A01,B05,"C03,C06",0,756.0,1,0,ㅣ김여름ㅣ,"💗 좋은느낌 울트라슬림 중형 18개

세일하길래 구매했어요! 보통 중형 제일 많이 써서 중형 재구매했어요

💗 흡수력 좋아서 잘 쓰고 있어요

세일하면 또 구매하려고 합니다!!"
2026-07-23,A000000223388,62117117,2026.06.30,5,0,NORMAL,유기농100%순면 맥시슬림 수퍼롱 8P,A06,B01,"C01,C05",2,756.0,0,0,동글둥글동글,"슈퍼 롱 오버나이트 제품이라 양 많은데 잘 때 착용 하면 걱정 없이 안심하고 잘 수 있어서 되게 유용하게 잘 썼어요 ㅎㅎ
8개나 들어 있어서 가성비도 좋은 편이에요~~"
2026-07-23,A000000223388,62726798,2026.07.13,4,0,NORMAL,유기농100%순면 울트라슬림 중형 18P,A03,B01,"C06,C09",0,675.0,1,0,말차라떼,굉장히 얇고 부드러운 표면의 생리대에요 그래서인지 양이 많거나 중간 정도인 날에는 자주 교체하지 않으몀 새더라구요 접착력은 아주 강력해서 몸 움직임에 흔들리거나 뒤틀리지는 않아요 재료 성분이 좋아서인지 간지럽거나 따가운 감촉이 없어서 제일 만족했습니다 다른 상품과 비교했을 때 놓은 성분. 부드러운 감촉 이 장점입니다 단점은 장 시간 착용했을 때 약간의 보풀 일어남 정도 입니다
2026-07-23,A000000223388,62965265,2026.07.18,5,0,NORMAL,유기농100%순면 맥시슬림 중형 14P,A03,B02,"C01,C06",0,660.0,1,0,히뽀02,"생리대는좋은느낌이 제일 좋아요 
적당한 가격으로 구매했어요"
2026-07-23,A000000223388,62717314,2026.07.12,5,0,NORMAL,유기농100%순면 울트라슬림 대형 16P,A03,B02,"C01,C02",0,594.0,1,1,S2000105,필요해서 급하게 구매했어요 ㅎㅎㅎ 행사기간에 저렴하게 구매해서 좋아여!!!
2026-07-23,A000000223388,62538948,2026.07.09,5,1,OFFLINE,유기농100%순면 맥시슬림 대형 14P,A02,B02,"C01,C02",1,594.0,0,0,김모루,"세일 할 때 사면 꼬옥 사둬야하는 생필품 생리대 ✌🏻

가성비도 좋고 피부에 직접 닿는 제품이라 성분을 중요하게 생각하는데 유기농 100% 순면이라 안심댐 ㅎㅎ"
2026-07-23,A000000223388,62521563,2026.07.08,5,1,OFFLINE,유기농100%순면 울트라슬림 중형 18P,A01,B01,"C02,C03",0,594.0,1,1,올영매니아W,100% 순면이라 그런지 엄청 부드럽고 자극이 없으며 오래 사용해도 불편하지 않아 좋습니다
2026-07-23,A000000223388,62509432,2026.07.08,5,1,OFFLINE,유기농100%순면 울트라슬림 소형 18P,A01,B01,"C02,C03",0,594.0,1,0,올영매니아W,유기농이라 피부에 자극이 없고 흡수도 잘되어서 재구매 예정입니다
2026-07-23,A000000223388,62509415,2026.07.08,5,1,OFFLINE,유기농100%순면 울트라슬림 소형 18P,A01,B01,"C02,C03",0,594.0,1,1,올영매니아W,유기농이라 피부에 자극이 없고 흡수도 잘되어서 재구매 예정입니다
2026-07-23,A000000223388,62509264,2026.07.08,5,1,OFFLINE,유기농100%순면 울트라슬림 중형 18P,A01,B01,"C02,C03",0,594.0,1,0,올영매니아W,유기농이라 피부에 자극이 없고 흡수도 잘되어서 재구매 예정입니다!
2026-07-23,A000000223388,61211766,2026.06.09,5,0,NORMAL,유기농100%순면 맥시슬림 대형 14P,,,,4,558.0,1,0,Megami,"좋은느낌 유기농100 순면 생리대는
피부 자극없이 순해서 시용하기 좋아요~"
2026-07-23,A000000223388,62474342,2026.07.07,5,0,NORMAL,유기농100%순면 울트라슬림 중형 18P,A03,B05,"C01,C02",0,540.0,1,0,볼빵빵춘식이,"❤️가격❤️
4월 16일 구매일 기준 가격: 7,440원(1+1)
7월 7일 기준 가격: 7,910원(1+1)
7월 30일까지 세일중인 가격이에요!

🧡장점🧡 
흡수도 빠르고 편안해요!

💛사용감💛
울트라슬림이라 가볍고 편안하고
흡수도 빨라서 좋아요!

💚재구매💚
세일이나 증정 기획 때 사두면 좋을 것 같아요!!

💙총평💙
양 많은 날도 걱정없어요!

도움이 돼요 👍🏻 꾹 부탁드립니다! 🙇🏻‍♀️"
2026-07-23,A000000223388,62985860,2026.07.18,5,1,OFFLINE,유기농100%순면 울트라슬림 소형 18P,,,,0,528.0,1,0,슈잉잉이,소형 사이즈가 가끔 필요한데 밖에서는 잘 안 팔아서 여기서 구매해요
2026-07-23,A000000223388,62940144,2026.07.17,5,0,NORMAL,유기농100%순면 울트라슬림 중형 18P,A03,B01,,0,528.0,1,0,장난감쟁이밈미,여러번사기도 귀찮은데 저렴하게 많이팔아서 좋아요 매일착용하는편이라 꾸준히 구매하려면 이게젤 좋은거같아요 순면최고
2026-07-23,A000000223388,62915591,2026.07.17,5,1,OFFLINE,유기농100%순면 맥시슬림 중형 14P,,,,0,396.0,1,0,jtsk,이 제품만 구입해요 원플원이라 손이 가더라고요 적당한 두께와 길이가 좋아요
2026-07-23,A000000223388,62433956,2026.07.06,5,1,OFFLINE,유기농100%순면 맥시슬림 대형 14P,A01,B04,"C04,C06",0,396.0,1,0,춘식이는고양이야,급하게 산건데 좋았아요 가벼으면서 얇고 흡수잘되고 유명한이유가 있네요
2026-07-23,A000000223388,62116175,2026.06.30,5,0,NORMAL,유기농100%순면 울트라슬림 중형 18P,A06,B01,"C01,C05",1,396.0,0,0,29292,"요즘같이 더운 날씨에는 이제품처럼 얇은 게 최고인 듯
얇아도 흡수력은 좋아서 제품력 굿"
2026-07-23,A000000223388,62116153,2026.06.30,5,0,NORMAL,유기농100%순면 맥시슬림 대형 14P,A06,B01,"C01,C05",1,396.0,0,0,29292,유기농에다가 되게 슬림한 제품이라 다른 라인 보다 가격대가 조금 더 있어도 재구매 할 것 같아용
2026-07-23,A000000223388,62116000,2026.06.30,5,0,NORMAL,유기농100%순면 맥시슬림 수퍼롱 8P,A06,B01,"C01,C05",1,396.0,0,0,29292,"맥시 슬림 제품이라 진짜 다른 생리대보다 더 얇은 느낌이에용
그래서 요즘같은 더운 여름 날씨에 쓰기에 딱 좋음!!"
2026-07-23,A000000223388,61094033,2026.06.07,5,0,NORMAL,유기농100%순면 울트라슬림 중형 18P,A01,B05,"C03,C06",0,378.0,1,0,ㅣ김여름ㅣ,"💗 좋은느낌 울트라슬림 중형 18개

세일하길래 구매했어요! 보통 중형 제일 많이 써서 중형 재구매했어요

흡수력 좋아서 잘 쓰고 있어요
세일하면 또 구매하려고 합니다."
2026-07-23,A000000223388,61000350,2026.06.06,5,1,OFFLINE,유기농100%순면 맥시슬림 대형 14P,A02,B03,"C01,C03",0,378.0,1,1,평온한하루,대학생 때부터 사용하던 제품입니다 동생이 이 제품을 특히 좋아합니다. 다른 생리대보다 ㅡ그 특유의 생리대 냄새가 덜합니다.
2026-07-23,A000000120656,61712936,2026.06.21,5,1,GIFT,09 쉬어 누드,A03,B04,"C02,C05",59,6930.0,1,0,도비는자유예요,"도비는 집에 프로타주 펜슬이 거의 전 컬러 있습니다… 진심으로 모으다 보니 어느새 작은 프로타주 박물관이 되어버렸습니다… 그런데 그 많은 색상 중에서 재구매한 색은 이거 하나뿐입니다…

도비는 이 색상이 다 닳기도 전에 일단 하나 더 쟁여놔야 마음이 편안해집니다… 마치 호그와트 학생이 시험 기간 전에 여분의 깃펜을 숨겨두는 심정입니다… 눈앞에 있어야 안심이 됩니다…

사실 냉정하게 말하면 지속력은 그렇게 좋은 편이 아닙니다… 도비 기준으로는 솔직히 좀 아쉽습니다… 하지만 컬러가 너무 예쁘고 활용도가 좋아서 포기할 수가 없습니다…

그래서 도비의 꿀팁을 하나 공유하겠습니다… 이 펜슬을 픽서에 살짝 쓱 묻혀서 발색하면 지속력이 진짜 훨씬 오래 갑니다… 그냥 썼을 때랑 차이가 꽤 큽니다… 도비는 이 방법을 알고 난 뒤로 더 자주 손이 가게 되었습니다…

그러니 이 컬러를 쓰는 마법사들은 꼭 기억하시기 바랍니다… 지속력이 아쉽다면 픽서와 함께 사용하십시오… 이것은 도비가 프로타주 금고를 털어가며 얻은 소중한 지식입니다…"
2026-07-23,A000000120656,60995219,2026.06.06,5,0,NORMAL,02 로지 듀,A02,B04,"C02,C03",78,5310.0,0,0,2년묵은메이트,"개 같은 메탈 홀더는주자마자 버렸어요
올리브영 은 제발 정신 차리고 기획세트 구성 할 때 실용적인 걸로 구성 하길 바랍니다
고객을 개똥으로 보는 건가요? 이런 피드백 정말 많았던 거 같은 데 전혀 반응이 되지 않는 걸 보면 참 신기 하다는 생각을 합니다."
2026-07-23,A000000120656,62949504,2026.07.18,5,0,NORMAL,[메탈홀더기획] 22 허밍 글로우,A03,B04,"C05,C09",3,3960.0,1,0,크림짱,"애굣살 펜슬 집에 이것저것 많지만
화장한 피부 위엔 늘 뻑뻑하게발려서 손이 잘 안가더라고요
프로타주가 역시 제일 만만하게 잘그려지고
애굣살 확실히 빡 밝혀줘서 좋습니다

다만, 그냥 바로 슥슥 그을땐 발색이 똥인데..
물티슈로 펜슬 표면을 아주 살짝만 닦아주면(콕 찍어만 줘도 됨)
피부 발색력이 천지차이입니다
(네번째사진 참고하세요)
지속력도 훨씬 올라갑니다

허밍글로우는 라이트베이지 바탕에
글로시한 연핑크가 비치는 오묘한 컬러에요
쿨톤도 뉴트럴톤 미지근메컵 잘 받는분들은 쓰기 좋아요"
2026-07-23,A000000120656,62458955,2026.07.07,5,0,NORMAL,22 허밍 글로우,A03,B04,"C02,C04",6,2196.0,1,0,쿠로미더큐,"발림성 . 지속력 아쉬운 분들 꿀팁
물티슈에 픽서를 뿌리고 펜슬을 문지르고 눈에 올리면 오래가요! 쏘내추럴 픽서 씁니다

처음 허밍글로우 단독
중간 로지듀 담독
마지막 발색 허밍+로지듀
둘이 합치면 예쁜 애교살 조합 
핑크펄이 들어있음"
2026-07-23,A000000120656,63148362,2026.07.22,4,1,GIFT,09 쉬어 누드,A03,B04,"C02,C05",0,1800.0,1,0,도비는자유예요,"도비는 이 펜슬을 정말 사랑하면서도 동시에 가장 많이 투덜거리는 마법사입니다…

솔직히 지속력은 좋지 않습니다… 발림성도 엄청 부드러운 편은 아니라 사용할 때마다 아… 또 너냐…싶습니다…

그런데도 계속 재구매하게 됩니다…

이유는 딱 하나입니다… 컬러가 너무 예쁩니다. 이 색감은 정말 대체가 안 됩니다… 마치 호그와트에서만 구할 수 있는 희귀한 마법 재료처럼 다른 제품으로는 이 느낌이 안 나옵니다…

도비는 이 펜슬이 없어질까 봐 항상 미리 하나씩 쟁여둡니다… 서랍에 하나 없으면 괜히 불안합니다… 진짜 짜증 나는데 결국 또 사게 되는 마법 펜슬입니다…

애교살에도 쓰고, 음영에도 쓰고 여기저기 활용도가 정말 좋아서 손이 자주 갑니다… 하나만 있어도 메이크업할 때 쓸 곳이 많습니다…

다만 지속력은 정말 아쉽습니다… 그래서 도비는 꼭 픽서랑 같이 사용합니다… 픽서에 살짝 묻혀 쓰거나 마무리로 고정해주면 그나마 오래 버텨주는 느낌입니다… 그래도 수정 화장은 어느 정도 각오해야 합니다…

단점은 분명 많은데… 컬러 하나로 모든 걸 용서하게 만드는 펜슬입니다… 도비는 앞으로도 투덜거리면서 계속 재구매할 것 같습니다…"
2026-07-23,A000000120656,63032145,2026.07.19,5,0,NORMAL,[메탈홀더기획] 01 샤이닝 린넨,A04,B06,C08,0,1512.0,1,0,잰뿡빵,애굣살이랑 콧등에 하이라이터로 사용해요! 물티슈에 한바퀴 굴려서 사용하면 발색도 잘 되고 고정도 잘 되어서 너무 만족한답니다!
2026-07-23,A000000120656,62833785,2026.07.15,5,1,GIFT,02 로지 듀,A04,B04,"C04,C05",0,1134.0,1,0,올영티티,은은하게 반짝이는 쉬머한 펄감 덕분에 데일리 메이크업에 포인트 주기 좋아요 애교살은 물론 눈두덩이 베이스 섀도우나 블러셔로 멀티 활용할수 있었어 좋았어요
2026-07-23,A000000120656,62833768,2026.07.15,5,1,GIFT,[메탈홀더기획] 22 허밍 글로우,A04,B04,"C04,C05",0,1134.0,1,0,올영티티,22호 허밍 글로우는 인위적이지 않고 살구빛 도는 베이지 톤이라 데일리로 쓰기 좋았고 애교살 볼륨감을 자연스럽게 살려주면서 눈밑이 화사해지는 게 정말 마음에 들어요
2026-07-23,A000000120656,63149917,2026.07.22,5,0,NORMAL,14 피치 블룸,A02,B06,"C01,C02",0,1080.0,1,0,pinkyrian,"힘을 많이 주지 않아도 자연스럽게 발색돼서 
초보자도 사용하기 편하더라구용!
특히 애교살이나 눈 밑, 눈 앞머리까지 자연스럽게 밝혀줘서 
과하지 않고 은은한 볼륨감이 연출되는 느낌이였어용✨
 펄도 부담스럽지 않아 데일리 메이크업으로 사용하기 
딱 좋았습니당.
밀착력도 좋아서 시간이 지나도 뭉치거나 쉽게 번지는 느낌이 
적었고, 자연스럽게 유지돼서 만족스러웠어용🤍"
2026-07-23,A000000120656,63033833,2026.07.19,5,0,NORMAL,[아이프라이머기획] 21 스위티 베일,A07,B04,"C01,C02",0,1080.0,1,0,삥쿠더쿠,여쿨라인데 정말 잘 어울리는 것 같습니다. 물론 처음에 발랐던 색감이 유지가 잘 되진 않아요. 하지만 색감이 예쁘게 잘 표현된 데다 가지고 다니기 편리해서 잘 사용하고 있습니다.핑크빛으로 잘 표현되고 부담스러운 큰 펄이 없어서 데일리하게 사용하기 좋네요.
2026-07-23,A000000120656,63112878,2026.07.21,4,0,NORMAL,[메탈홀더기획] 22 허밍 글로우,A06,B01,"C05,C06",0,900.0,1,0,윶츄,"9-11-14-22입니다
11호랑 가장 유사한데 11호보다 좀 덜 화이티쉬하고
좀더 살색에 가까운데 글리터는 핑크가 콕콕 박혀있어요
너무 예뻐요!
근데 투쿨 특성상 항상 쓰고나면 유분과 섞이면서 굳어서
잘 안 그려지거나 지속력이 그닥 안 좋다는점, 쉽게 부러질 수 있다는 단점이 있는데ㅠㅠ그래도 예쁘네요
그리고 아쉬운 점은 기획인데 좀더 발색 잘 되게 아이프라이머 같은 걸로 해주시면 어떨까 싶네요
메탈홀더 줘도 처박템이라"
2026-07-23,A000000120656,62868999,2026.07.16,5,0,NORMAL, 19 베베 핑크,A01,B04,,0,900.0,1,0,래기둥이,"​소장하고 있는 컬러들을 전부 발색해 봤는데, 특유의 화사하고 영롱한 펄감이 아주 강하게 표현돼서 정말 예쁩니다. 눈가에 올렸을 때 확실한 포인트가 돼요.
​다만 밝은 호수들의 경우, 본연의 색감 자체보다는 흰 기가 꽤 강하게 올라오는 편입니다. 맑게 얹어지는 광감을 원하시는 분들께는 아주 잘 맞겠지만, 뚜렷한 색감을 기대하신다면 조금 다르게 느껴질 수 있어요. 부드러운 발림성에 화려한 펄감의 애교살 펜슬을 찾으시는 분들께 추천합니다!"
2026-07-23,A000000120656,62212551,2026.07.02,5,0,NORMAL,08 센티드 부케,A04,B03,"C02,C05",0,900.0,1,0,거문고슬,"✔️벌써 다섯번째 프로타쥬 펜슬인데 역시나 작지만 만족스러워요! 근데 단점은 제가 눈가가 건조한 편이라서 이걸 쓰면 눈가 각질 부각이 좀 됩니다ㅠㅠ 완전 버석한 제형이라서 가끔 색상은 안 나오고 아프기만 한 경우가 발생하기도 합니다...
✔️샤프너는 제공 행사할 때 많으니까 그때 받아서 꼭 샤프너로 깎으세요! ㄹㅇ 가뜩이나 몽땅연필 같은 프로타쥬가 ㄹㅇ 반토막이 나는 일을 겪고 싶지 않으시다면 제 말을 들으세요...
✔️색상은 제가 피부톤이 어두워서 샤이닝리넨은 너무 밝을 것 같아서 애교살로 유명한 프로타쥬 색상은 샤이닝리넨 빼고 다 있는데 색감 있는 애교살 제품 찾으시면 적당히 밝아서 좋은 것 같어요! 
✔️저는 밑에 컨실러 펜슬 같이 베이지? 아이보리 펜슬로 밝히고 나서 위에 코랄 섀도우 같은 걸로 바로 나서 프로타쥬 해주는 편이에요!"
2026-07-23,A000000120656,62118492,2026.06.30,5,0,NORMAL,22 허밍 글로우,A02,B04,"C08,C09",1,900.0,1,0,정만만,"밝은 아이보리 베이스에 핑크펄이 콕콕 박혀있어요
펄 입자가 엄청 쉬머리하다기 보단 매트펄 처럼 펄감이 도드라지지 않는 베이스 컬러에 글리터 입자가 중간중간 박혀있다는 느낌이 듭니다
적당히 자연스럽게 애굣살 볼륨 주기 좋더라구요
눈 밑에 바르면 핑크펄은 크게 티가 안났어요"
2026-07-23,A000000120656,63092546,2026.07.21,5,0,NORMAL,09 쉬어 누드,A03,B02,"C05,C08",1,792.0,0,0,심지예,온라인에서도 경계 없이 즐기는 올리브 클래스 혜택‼️😘❣️
2026-07-23,A000000120656,63092538,2026.07.21,5,0,NORMAL,01 샤이닝 린넨,A03,B02,"C05,C08",1,792.0,0,0,심지예,온라인에서도 경계 없이 즐기는 올리브 클래스 혜택‼️😘❣️
2026-07-23,A000000120656,62495564,2026.07.08,5,1,OFFLINE,08 센티드 부케,A03,B04,,1,756.0,1,0,sizukuu,"하너무예쁘다
이거쓰면 진짜 눈 예뻐짐
다쓰면 재구매할거예요"
2026-07-23,A000000120656,62224311,2026.07.02,5,0,NORMAL,[메탈홀더기획] 22 허밍 글로우,A02,B03,"C01,C02",0,756.0,1,0,오올챙,"미세한 펄 입자가 빛을 받을 때마다 은은하게 반짝여서, 인위적이지 않고 원래 내 애교살이 도톰한 것처럼 입체감을 살려줘요. 무난하게 잘쓸 색상이에요."
2026-07-23,A000000120656,62183466,2026.07.02,5,0,NORMAL,[메탈홀더기획] 09 쉬어 누드,A02,B03,"C01,C02",0,756.0,1,0,오올챙,살구빛 도는 샴페인 베이지 컬러입니다. 피부 톤에 자연스럽게 녹아들면서 펄감이 이뻥ᆢㄷ. 눈밑 애교살에 바르기 편해요. 부러지면 잔 깎아서 쓸게요.
2026-07-23,A000000120656,62127757,2026.07.01,5,0,NORMAL,[메탈홀더기획] 22 허밍 글로우,A01,B03,,2,756.0,1,0,crolv,이거 쓰면 쓸수록 맘에 들어서 프로타주 중에 최애 됐어요 특히 핑크펄 콕콕 박힌 게 ㅈㅉ 예뻐요!!!!! 아직 안 사신 분들은 얼른 사세요 근데 기획은 구려요
2026-07-23,A000000120656,62098992,2026.06.30,5,1,GIFT,02 로지 듀,A04,B06,"C01,C02",3,756.0,1,0,반짝올영,부드럽게 발리면서 자연스러운 광과 색감을 더해줘서 만족스러웠어요 펜슬 타입이라 원하는 부위에 간편하게 사용하기 좋았고 손으로 살짝 블렌딩하면 은은하게 퍼져서 분위기 있는 메이크업이 잘 돼요
2026-07-23,A000000120656,62098899,2026.06.30,5,1,GIFT,[메탈홀더기획] 22 허밍 글로우,A04,B06,"C01,C02",3,756.0,1,0,반짝올영,부드럽게 발리면서 자연스러운 광과 색감을 더해줘서 만족스러웠어요 펜슬 타입이라 원하는 부위에 간편하게 사용하기 좋았고 손으로 살짝 블렌딩하면 은은하게 퍼져서 분위기 있는 메이크업이 잘 돼요
2026-07-23,A000000120656,61918216,2026.06.25,5,0,NORMAL,[메탈홀더기획] 22 허밍 글로우,A04,B01,"C01,C04",1,756.0,1,0,로즈로,"애교살에 쓰기 진짜 예쁜 컬러에요! 자연스러운 컬러로 애교살 하이라이트주기 좋아요
펜슬이 짧아졌을때 끼워쓸수있는 캡도 같이 기획으로 나와서 좋아요"
2026-07-23,A000000120656,63060924,2026.07.20,5,0,NORMAL,18 프로스티 라벤더,A01,B01,,0,660.0,1,0,뽀야뽀야,"릴스보고 넘 예뻐서 삼 
22호 쓰다가 18호도 도전 
오래쓸듯"
2026-07-23,A000000120656,62969843,2026.07.18,4,0,NORMAL,[메탈홀더기획] 22 허밍 글로우,A03,B01,"C03,C06",0,660.0,1,0,슈롤빵,"애교살 메이크업용으로 구입해봤습니다. 컬러는 베이지에 핑크도 도는듯한 오묘한 컬러라서 이뻐요!
이 제품은 다 컬러는 너무 이쁜데 지속력이 너무 짧아서 아쉬워요ㅠ 그래서 수시로 발라줘야합니다"
2026-07-23,A000000120656,62189315,2026.07.02,5,0,NORMAL,[메탈홀더기획] 09 쉬어 누드,A01,B04,"C01,C05",2,630.0,1,0,treetrun****,하이거진짜누무이쁜뎅 또랑이같은것이 쫌만 바르면 겉이 유분으로 떡지면서 안나옴 그래서 마른 손등이나 휴지에 닦아내야함 ㅠ저원래 이거말고 로즈색 이름까머금 좀더 딥한구 쓰고있었는디 이게 짱이네염 애굣살을 따로 안밝혀주고 그냥 냅다 발라도 뽀용하게 율라옴 맘에들어요 이겋만큼은 다쓰면 또살듯
2026-07-23,A000000120656,61996909,2026.06.28,5,1,OFFLINE,[메탈홀더기획] 09 쉬어 누드,A04,B04,C01,0,600.0,1,0,usahanaa,구매했을 때 뒤에 끼는 깍지까지 같이 동봉돼 있었어요 아직 한번도 깎아 쓴 적은 없긴 한데 길이가 짧은 편이라 깍지가 도움 되는 것 같아요 색상은 자연스러운 피부톤이랑 잘 맞아서 둥둥 뜨지않게 볼륨감만 주는 용도로 사용하기 좋아요 딱딱한 편이라 발림성은 아쉽지만 국민템이라 추천함다
2026-07-23,A000000120656,62734658,2026.07.13,5,0,NORMAL,01 샤이닝 린넨,A03,B04,"C05,C13",0,594.0,1,0,슬슬ㅎㅂㅎ,평소에 잘 사용중인데 다 써서 재구매했어요 ㅎㅎ 이 컬러는 필수에영
2026-07-23,A000000120656,62694703,2026.07.12,4,0,NORMAL,11 듀 베이지,A03,B01,"C04,C07",0,594.0,1,0,힐링e,"다 좋긴한데 단점이 너무 잘부러진다는거예요 
뚜껑잘안열려서 힘줘서 열면 깨지거나 떨어뜨려도 바로부서지고 심도 약해요 바를때 애기다루듯 발라야해요"
2026-07-23,A000000120656,62596594,2026.07.10,5,0,NORMAL,[메탈홀더기획] 22 허밍 글로우,A02,B03,"C05,C08",0,594.0,1,0,쏘블리이유,"색깔, 펄감, 느낌, 분위기는 다 만족스러운데...딱 하나....지속력이 정말 별로인 것 같아요.....진짜 밖에 나오면 증발되서 아이프라이머 필수입니다!"
2026-07-23,A000000013194,62618555,2026.07.10,5,0,NORMAL,센시비오 2입기획,A01,B04,"C07,C09",2,2430.0,1,0,보노밍,"지성인데 여름에 모공 막힐까봐 워터로 갈아탓어요
센시비오가 워낙 유명해서 사용해보고 있는데
나름 세정력 좋은 것 같아요!!

아이라인, 마스카라도 잘 지워집니당
대신 솜이랑 같이 안쓰고 ㄷㅇㅅ 거품용기 사서 넣어 써요
양 적게 쓰면 안지워져서 10펌프정도 해서 쓰는 것 같아요

순하고 모공 안막는 클렌징 찾으면 ㅊㅊ입니당"
2026-07-23,A000000013194,62377147,2026.07.05,5,0,NORMAL,센시비오 H2O 100ml,,,,3,1980.0,1,0,0ㅌ0,"바이오더마 클렌징워터는 워낙 유명하죠❗️❗️ 집에서는 큰용량 쓰고 있는데 여행용으로 가기에는 이 용량이 딱 좋을 것 같아 구매했어요~

100ml라 화장솜에 가득 묻혀서 사용하면 금방 쓰더라고요~ 클렌징도 잘돼서 매번 잘 쓰고 있어요👍

딱히 단점은 없는데 리필하려고 뚜껑 개봉하려고 했더니 안되는 것 같더라고요.. 이게 제일 아쉬웠어요. 그래도 제품 자체는 좋아요😊"
2026-07-23,A000000013194,63155876,2026.07.22,5,1,GIFT,센시비오 2입기획,A01,B03,"C05,C06",0,1800.0,1,0,듀가나디디,클렌징 워터는 요 제품만한 게 없는 거 같아요 엄청 순해서 평소 다른 제품으로 클렌징 할 때 자극감 때문에 고생이었는데 이거 쓴 뒤로 자극감이 많이 느껴진다고 생각해 본 적은 없어요 화장솜에 클렌징 워터를 푹 적시고 살살 닦아내시는 거 추천합니다 진하게 화장한 날엔 이거 단독으로는 좀 부족해서 2차 세안은 해주셔야 해요 양도 대용량이라 당분간은 클렌징 걱정 안 해도 되고 가격도 할인을 자주해서 합리적이에요! 클렌징 워터 찾으시는 분들한테 추천해요
2026-07-23,A000000013194,62644088,2026.07.11,5,0,NORMAL,센시비오 2입기획,,,,1,1350.0,1,0,여우라벤더,"눈화장 지울 때도 화장솜에 묻혀서 슥슥 지우는데 순해서 눈이 따갑 거나 아프지 않더라구요. 그리고 피부가 예민한 편인데 클 렌징 오 일 쓸때마다 생기는 여드름이, 이 제품 쓸 때만큼은 안 생 겨요!! 그 래서 더 애용하게 되는 것 같아요.. 세정력도 아주 좋습니다. 몇번 슥슥 지우고 폼클렘징으로 마무리하면 아주 깔끔해 져요. 혹시나 다 른 제품이랑 고민중이신 분들이 계시다면 강력 추천드려요. 세일이 라 배송 느릴 줄 알았는데 빨리 와서 좋습니다
작년에 같은 제품 사서 잘 쓰고 있어서 거의 다 써가서 이번에 세 일 할 때 또 재구매했습니다. 일단 펌프형 용기라서 눌러서 사용 하니 까 너무 편하고 위생상에도 좋아요. 그리고 양 조절도 되니 까 더 좋 아요. 사용할 때 자극없이 순합니다. 예전부터 쓰던 제품 이라 다른 제품이랑 비교는 못하겠지만, 이 제품 너무 좋아요!"
2026-07-23,A000000013194,63052456,2026.07.20,5,1,GIFT,센시비오 H2O 100ml,A03,B03,"C01,C05",1,1080.0,0,0,유일미,"민감한 피부도 자극 없이 말끔한 클렌징이 가능해 n통째 사용 중인 정착템, 바이오더마 센시비오 H2O 100ml 내돈내산 찐 후기입니다.
[피부 타입 및 고민]수부지 타입에 약간의 민감성까지 가지고 있어서 클렌징 제품을 고를 때 세정력만큼이나 피부 자극을 꼼꼼하게 따지는 편입니다. 피부에 맞지 않는 제품을 쓰면 바로 붉은기가 올라오고 따가움을 느끼는 까다로운 피부예요.
[세정력과 자극]이 제품은 미셀라 테크놀로지가 적용되어 베이스 메이크업부터 자잘한 노폐물까지 화장솜에 묻어나올 정도로 세정력이 뛰어납니다. 진한 포인트 메이크업은 전용 리무버를 쓰는 게 좋지만, 데일리 선크림과 파운데이션 정도는 자극 없이 부드럽게 지워줍니다. 클렌징할 때 특유의 눈시림이나 피부 당김, 화끈거림이 전혀 없어서 정말 잘 사용하고 있습니다.
[사용감 및 100ml 사이즈 활용]클렌징 후에도 오일리하게 미끌거리거나 잔여감이 남지 않고, 오히려 산뜻하면서도 피부가 촉촉하게 진정되는 느낌을 줍니다. 특히 제가 구매한 100ml 용량은 한 손에 쏙 들어오는 사이즈라서 여행 갈 때나 헬스장 갈 때 파우치에 챙겨 다니기 부담 없고, 본품 구매 전 입문용으로 테스트해 보기 딱 좋습니다."
2026-07-23,A000000013194,62752626,2026.07.13,5,0,NORMAL,센시비오 2입기획,A03,B05,"C01,C05",0,810.0,1,0,나나456,"최근에 다비치 강민*님이 유튜브에서 추천하시길래, 오랜만에 바이오더마 다시 써봤어요! 그동안 클렌징 오일 왜 썻나 싶을 정도로 너무 만족스럽고 저자극이라 피부가 편하네요. 다시 정착해서 꾸준히 쓰려구요.
순하고 저자극인데 베이스 메이크업뿐만아니라 색조 메이크업까지 싹 잘 지워져서 만족스럽습니다!"
2026-07-23,A000000013194,62924513,2026.07.17,5,1,OFFLINE,센시비오 H2O 100ml,A03,B04,C05,0,792.0,1,0,리노엄마,"피곤할 때  클렌징 워터로 닥토하듯 메이크업 닦아내는데, 자극 없고 세정도 잘 돼서 좋아요!"
2026-07-23,A000000013194,62921485,2026.07.17,5,1,OFFLINE,센시비오 H2O 100ml,,,,0,792.0,1,0,eYs,클렌징 밤 사용하면 다음날 아침에 기름이 번들번들하게 올라와서 클렌징워터로 바꿨는데 순하고 좋음
2026-07-23,A000000013194,61821547,2026.06.23,5,0,NORMAL,센시비오 2입기획,A03,B01,"C01,C05",11,756.0,1,0,열뮤,자극없이 순해서 사용하기 좋아요. 아이메이크업도 잘 지워지는 편이에요. 사용 직후 건조함도 거의 없어요. 행사할 때 미리미리 쟁여두는 클렌징워터입니다...
2026-07-23,A000000013194,63200960,2026.07.23,5,1,OFFLINE,센시비오 H2O 100ml,A01,B04,"C01,C05",0,660.0,1,0,호피무늬폴라티,세정력 좋고 순해요 크기가 작아서 여행갈 때 들고 갔는데 잘 썼어요
2026-07-23,A000000013194,63089134,2026.07.21,5,0,NORMAL,센시비오 2입기획,A03,B01,"C01,C02",0,660.0,1,0,chillback,클렌징 워터 처음 구매해봅니다. 세안 안 하는게 말이 되나 싶었는데 리뷰보니 다들 그런 생각인가 결국 2중세언을 하긴 하나봐요. 그럼에도 수분감과 자극없이 그리고 편리하게 세안 할 수 있는 건 정말 좋아요.
2026-07-23,A000000013194,60638831,2026.06.02,5,0,NORMAL,센시비오 2입기획,A01,B03,"C05,C06",35,630.0,0,0,정나정,"도대체 이게 왜 매번 베스트템인가 이해가 안 갔는데
늙크크 되니까 뼈에 사무치게 알겠음
세수 할 힘이 남아있는 자는 이 제품의 진가를 모름
화장도 못 지우고 기절해서 아침에 세수 겨우 하고 다시 화장하는 출근공주들아... 이걸 써보세요..."
2026-07-23,A000000013194,62755209,2026.07.13,5,0,NORMAL,센시비오 H2O 100ml,A03,B04,"C01,C02",1,594.0,0,0,올영기둥하나내가세움,여행 갈 때 들고 갈려고 샀는데 엄청 작고 귀여워요. 여행용으로 딱인 듯.
2026-07-23,A000000013194,63113318,2026.07.21,5,0,NORMAL,센시비오 H2O 100ml,A03,B01,"C01,C04",0,528.0,1,0,침착해,큰거는 비싸서 작은거 샀어용 화장품은 왜이리 비싼걸까 ㅠㅠ
2026-07-23,A000000013194,62549950,2026.07.09,5,0,NORMAL,센시비오 2입기획,A02,B03,"C01,C03",0,495.0,1,1,교녜동,"쟁여템!! 클렌징라인 유목민이였는데 이거 쓰고 1차 클렌징은 무조건 이걸로 패드에 적셔서 클엔징 패드로 사용해주고 있어요!
촉촉하면 자극없이 잘 닦여서 좋더라구요!!! 세일 많이 했으면 좋겠어영.."
2026-07-23,A000000013194,61979059,2026.06.27,5,0,NORMAL,센시비오 2입기획,,,,0,450.0,1,0,카구라쨩,"자극없고 순해요!!!! 이전엔 다른거 쓰고 바이오더마 클워터는 처음 사용해보는데 역시 유명근본템은 이유가 있네요. 자극없고 세정력도 좋아서 좋아요!
다만 500미리는 펌핑형이아니라서 아쉽네요. 그래도 다 쓰면 또 구매할 것 같아요."
2026-07-23,A000000013194,61138675,2026.06.08,5,0,NORMAL,센시비오 2입기획,A01,B04,"C07,C09",14,450.0,1,0,보노밍,"지성인데 여름에 클렌징 제품 찾다가 정착했어요
일단 순하고 세정력 좋아요

여름에 기름도 많이 나오고 피지관리가 안됐는데, 바닐라코밤 오일 다 써보다가 오히려 모공 막힐수도 있다고 해서 세정력 좋은 클렌징 워터로 구매했어요

솜으로 닦아내면 자극가서 다이소에서 따로 거품용기 구매해서 소분해서 사용중! 클렌징 워터 사용하는 분들 꼭 거품용기 사서 써보세요 엄청 편해요!!"
2026-07-23,A000000013194,62705245,2026.07.12,5,0,NORMAL,센시비오 2입기획,A03,B04,"C02,C03",0,396.0,1,0,향913,이거 쓰면 다른거 못써요 ㅋㅋ세일할때마다 쟁이고 벌써 십년가까이 쓴듯해요
2026-07-23,A000000013194,62072656,2026.06.29,5,0,NORMAL,센시비오 2입기획,A03,B01,"C03,C05",0,396.0,1,0,올리브88,클렌징 워터중에서 가장순하고 눈이 안파파서 자주 재구매 올영세일 필수템
2026-07-23,A000000013194,62069215,2026.06.29,5,1,OFFLINE,센시비오 H2O 100ml,A01,B02,"C05,C06",0,396.0,1,0,주겨주마,다이소 거품기에 넣어쓰고 머리카락 쪽만 솜으로 닦아요 나쁘지않음
2026-07-23,A000000013194,62012539,2026.06.28,5,0,NORMAL,센시비오 2입기획,A03,B03,"C01,C03",0,396.0,1,0,광광미인,순하고 세정력 좋아서 원래 좋아하던 제품인데 구성도 좋고 할인해서 구매했습니다~
2026-07-23,A000000013194,61990331,2026.06.27,5,1,GIFT,센시비오 H2O 100ml,A03,B03,"C03,C04",1,396.0,0,0,저기,"클렌징워터 작은사이즈라 여행용으로 들고다니기
좋아요.!!ㅎㅎㅎㅎ"
2026-07-23,A000000013194,61494948,2026.06.15,5,0,NORMAL,센시비오 2입기획,A01,B03,"C01,C06",4,378.0,1,0,올영으로시작하는하루,"진한 메이컵부터 썬크림까지 정말 잘 지워져요
순해서  눈 부위도 안심하고  지워요
아빠 머리 염색하면 이제품 찾아요
염색 묻어면 정말 잘 지워지니깐"
2026-07-23,A000000013194,60864614,2026.06.04,5,1,GIFT,센시비오 H2O 100ml,A03,B03,"C02,C04",1,378.0,1,0,꼬마,"클렌징워터는 바이오더마가 제일 순하고
잘지워지는듯 휴대하려고 미니사이즈 샀니용"
2026-07-23,A000000013194,60385192,2026.05.30,5,0,NORMAL,센시비오 H2O 100ml,A02,B04,"C02,C12",8,378.0,1,0,sozl,성인 때부터 계속 사용하고 있어요 ㅠㅠ 오일은 부담스러운 분들한테 추천드려용 자극도 하나도 없고 쓱쓱 잘 지워짐 ㅜㅜㅜ
2026-07-23,A000000013194,63052462,2026.07.20,5,0,NORMAL,센시비오 H2O 100ml,A02,B04,"C04,C11",0,360.0,0,0,운멍이,"2차 세안 없이 단독으로 사용한 후기!
세수하기 어려운 상황이라 바이오더마만 사용해 봤습니다
사용한 방법: 화장솜에 넉넉하게 묻혀서 힘 빼고 여러 번 닦아 줍니다. 화장솜이 더러워지면 바로 새로운 화장솜에 묻혀서 아무것도 안 나올 때까지 닦았습니다.
선크림, 파데 위 픽서 떡칠, 진한 눈화장 모두 잘 지워졌고, 마스카라는 지워지지 않은 부분이 있어서 마스카라 리무버를 따로 사용해 주었습니다!
물세안, 2차세안 없이 사용했음에도 트러블이 나거나 그러지는 않았어요
워낙 잘 쓰고 있던 거라 여행용으로 구매했는데 잘한 것 같습니다! 사이즈가 다양해서 좋아요"
2026-07-23,A000000013194,63019722,2026.07.19,5,0,NORMAL,센시비오 2입기획,A02,B01,"C01,C03",0,360.0,0,0,No01,"민감한 피부라 클렌징 워터를 신중하게 고르는 편인데, 한 달 동안 사용하면서 매우 만족했습니다. 진한 메이크업도 자극 없이 부드럽게 지워지고 세안 후에도 피부가 건조하거나 당기지 않았습니다. 눈가에 사용해도 따갑지 않았고, 피부가 편안한 느낌이라 매일 사용하기 좋았습니다. 500ml 두 병 구성이라 오래 사용할 수 있어 가성비도 뛰어난 제품이라고 생각합니다."
2026-07-23,A000000013194,62904904,2026.07.17,5,1,GIFT,센시비오 2입기획,A02,B01,C05,0,360.0,0,0,Kmkm9x,민감한 피부라 클렌징 워터를 자주 사용하는데 역시 꾸준히 인기 있는 이유를 알겠더라고요. 메이크업과 선크림이 자극 없이 잘 지워지고 사용 후 피부가 편안했습니다. 눈가에 사용해도 따갑지 않았고 세안 후에도 피부가 건조하지 않았습니다. 대용량이라 오래 사용할 수 있고 두 개 구성이라 더욱 만족스러웠습니다. 아침 세안 대신 사용하기에도 좋았고 피부 컨디션이 예민한 날에도 부담 없이 사용할 수 있었습니다. 데일리 클렌징 제품으로 추천합니다.
2026-07-23,A000000013194,62013877,2026.06.28,5,0,NORMAL,센시비오 H2O 100ml,A03,,"C02,C03",0,330.0,1,1,고민하지마,세정력이  탁월하게 좋으며 자극 없이  이물질을 제거해서 좋아요
2026-07-23,A000000013194,63034855,2026.07.19,5,0,NORMAL,센시비오 2입기획,,,,0,300.0,0,0,베이크업비비,"바이오더마 제품력은 정말 좋네요!!
쓰면 쓸수록 피부장벽이 튼튼해짐이 느껴져요
2차세안이 필요없고 토너한 것 처럼 촉촉해요
정말 좋은데 데일리로 하면 각질이 쌓이니
피부 민감할 때 귀찮을 때
오일로 세안해야하는데 얼굴 젖어있을 때
사용하기 좋아요"
2026-07-23,A000000158615,61951177,2026.06.26,5,0,NORMAL, ,A03,B05,"C02,C05",29,4140.0,0,0,슈쁭,"한 달 정도 사용해본 후기입니다!

평소 수부지 피부라 피지나 트러블 관리용으로 나이아신아마이드 제품을 찾다가 구매했어요. 제형은 많이 끈적이지 않고 무난해서 아침, 저녁으로 사용하기 부담 없었고 다른 스킨케어 제품이랑 같이 써도 밀리는 느낌은 없었습니다.

사용하면서 가장 느낀 점은 피부 컨디션이 조금 더 안정되는 느낌이었어요. 트러블이 아예 안 나는 건 아니지만 예전보다 크게 올라오는 일이 조금 줄어든 것 같아서 그 부분은 만족했어요.

다만 한 달 정도 사용한 기준으로는 모공이나 피부톤 같은 부분에서 눈에 띄는 변화까지는 느끼지 못했습니다. 이런 제품은 조금 더 꾸준히 써봐야 효과가 보일 것 같아요.

엄청 드라마틱한 변화보다는 데일리로 무난하게 사용하기 좋은 세럼이라는 느낌이었고, 트러블 예방이나 피부 컨디션 관리용으로는 괜찮은 제품인 것 같습니다!"
2026-07-23,A000000158615,62856578,2026.07.15,5,0,NORMAL, ,A02,B04,"C01,C02",1,1350.0,1,0,붘치기밬츼긔,"🍏한달리뷰🍏

📍재구매 의사: 있음
📍주변 추천 의향: 있음

🧚안녕하시렵니까 저는🧚
간략 정리: 화장 안하는 게 가장 낫다는 소리 듣는..!

여름 쿨톤 라이트~페일, 17~19호!
헤어컬러 사알짝 밝은 고동색!
다크써클 있음!

홍조 있는 건성 피부(빨갛고 하얀 사람)!
종종 좁쌀이 올라와요🥹
진정•모공•탄력 관심 많!

눈화장은 사치인,,, 하지만 예쁜 색은 사고 싶은🥹
펄땡이 좋아 까마귀🐦‍⬛
반복되는 굴레 속 삶을 살고 있습니다.
(잼메 좋아해서 특이한 아이템 종종 구매!!!)

📍후기:
➡️ 그냥 다 떨어져가면 구매, 다시 다 떨어져가면 구매하는 꾸준템 입니다! 피부가 민감한 편이라 단독사용은 잘 못하지만 잘 사용하는 수분크림에 섞어발라요! 피부 탄탄해지는 느낌이라 자주 사용한다는😎👍"
2026-07-23,A000000158615,62315354,2026.07.04,5,0,NORMAL, ,A03,B04,"C06,C08",1,900.0,1,0,중구누나,"30ml 1통, 60ml 3통째입니다. 정말 좋아요. 이거 알고 피부 좋아졌다는 말 많이 들어요. 아침엔 비타민, 저녁엔 나이아신아마이드-레티놀 순으로 발라주고 있습니다. 제조일자는 올해 2월걸로 왔어요. 개봉 후 12개월 안에 소진하면 돼서 다음엔 그냥 120ml 짜리로 구입하려구요."
2026-07-23,A000000158615,63026639,2026.07.19,4,0,NORMAL, ,,,,0,792.0,1,0,Olivemakesmeyoung,가성비좋아서 만족해요! 효과는 더지켜봐야할듯요 피지에 조은진 모르겟어요
2026-07-23,A000000158615,63025239,2026.07.19,5,1,OFFLINE, ,A03,B01,"C01,C03",0,792.0,1,0,알뜨랑,타사 나이아신아마이드 사용중인데 이 제품 여기저기서 언급도 많고 가성비 좋아보여 떨어지면 갈아타보려고 미리 구매했어요. 성분 필요한 것만 딱 들어있고 유효성분 고함량이라 기대됩니다.
2026-07-23,A000000158615,62554185,2026.07.09,4,0,NORMAL, ,,,,1,756.0,1,0,갱생이,쓰면 때처럼 밀리는데 어느 날 눈 밑에 있던 좁쌀 여드름이 살짝 죽은 듯한 느낌 그리고 딱 이거 사용하고 몇 일 지나니까 인중 냄새가 조금 심해진 것 같은 느낌..? 나만 느끼나
2026-07-23,A000000158615,62876451,2026.07.16,5,0,NORMAL, ,A03,B02,"C01,C04",0,660.0,1,1,Tikaram,진정용 템으로 3년정도 쓰고 있는거같아요. 쓸 때 다른 앰플이나 세럼이랑 섞어서 이용해요
2026-07-23,A000000158615,62222499,2026.07.02,5,0,NORMAL, ,A03,B02,"C07,C09",1,540.0,1,0,leo레오,나이아마이신 여러제품 구매하면서 용량도 크고 같이 주문해봤어요 매장은 거의 없어서 온라인 주문 넣었구요 부담없이 팍팍 바르면서 모공관리에 수분도 촉촉하니 끈적임없이 라이트합미다. 꾸준히 발라야겠지만 자극이 전혀 없다시피해서 이거 바르고 클레임은 좀처럼 생기기 어려울듯해요 꾸준히 발라보고 후기 또 남겨볼게요
2026-07-23,A000000158615,62137530,2026.07.01,5,0,NORMAL, ,A03,B02,C09,4,540.0,0,0,피부조아질수있다면야,"디오디너리 나이아신아마이드 10% + 징크 1%를 한 달 정도 사용해 보면서 부담 없는 사용감이 만족스러워 리뷰를 남깁니다.

가장 먼저 마음에 들었던 점은 가벼운 제형이었습니다. 피부에 부드럽게 펴 발렸고, 여러 방울만 사용해도 얼굴 전체에 고르게 바를 수 있었습니다. 사용 후에는 끈적임이 심하지 않아 다음 단계의 스킨케어 제품과도 잘 어우러졌습니다.

흡수력도 만족스러웠습니다. 피부에 바른 뒤 비교적 빠르게 흡수되는 느낌이 있었고, 아침과 저녁 모두 부담 없이 사용할 수 있었습니다. 다른 세럼이나 크림과 함께 사용해도 밀리는 현상이 크지 않아 꾸준히 사용하기 편리했습니다.

용기도 스포이드 타입이라 필요한 양만 위생적으로 덜어 사용할 수 있었고, 한 번 사용할 때 많은 양이 필요하지 않아 오래 사용할 수 있는 점도 좋았습니다. 향이 거의 없어 향에 민감한 편인데도 편안하게 사용할 수 있었습니다.

한 달 동안 꾸준히 사용하면서 가볍고 편안한 사용감이 특히 마음에 들었습니다. 여러 단계의 스킨케어와 함께 사용하기 좋은 세럼을 찾는 분들이나 데일리로 부담 없이 사용할 제품을 찾는 분들에게 추천하고 싶은 제품입니다."
2026-07-23,A000000158615,62599515,2026.07.10,5,0,NORMAL, ,,,,1,495.0,0,0,내똥칼라똥,정착했어요 이제 얘만 사용해요 자극이 별로 없고 간지럽거나 그러지도 않아요
2026-07-23,A000000158615,62503461,2026.07.08,5,0,NORMAL, ,A03,B02,"C05,C06",4,495.0,1,0,yehram****,"피부에 여드름이 너무많이나서 피부과도 다녀보고 이것저것 다 써봤어요ㅜㅜ 피부과에선 몇백만원짜리 시술하라 그러고 화장품들은 무용지물이었는데 나이아신아마이드?가 좋다고해서 사봤어요 근데 진짜 이거 한달정도쓰고 여드름이 거의 사라졌어요!! 이제 흔적만 남아서 흔적케어 위주로하고있습니다... 사용때 팁이 있다면 약간 따가워서 세럼먼저 바르고 흡수를 아주 잘 시켜줘야합니다!!(안그럼 백탁, 밀림 현상 있음) 그리고 다시 흡수 잘 시켜주신 뒤 원래 하던 스킨케어로 마무리합니다! 가격도 비싸지 않으니 여드름때문에 고민이신분들 한번씩 구매해서 사용해보세요ㅜㅜ 진짜 제 인생템입니다"
2026-07-23,A000000158615,62834020,2026.07.15,5,1,OFFLINE, ,A04,B06,"C05,C08",1,396.0,0,0,해파리파리,흡수가 빠르고 끈적임이 적어서 좋았고 데일리로 그냥 사용하기 무난한 앰플이에요.
2026-07-23,A000000158615,62232274,2026.07.03,5,0,NORMAL, ,A03,B05,"C01,C05",0,396.0,1,0,웜톤컬렉터,"각질 피부 정돈에 아주 굳 
자주 사용하지말구 격일로 사용하능걸 추천드리옵니다🐮"
2026-07-23,A000000158615,60214921,2026.05.27,5,0,NORMAL, ,A06,,"C05,C07",9,375.0,1,0,요거다요거,"지성이라 자고 일어나면 얼굴이 번들번들하고 코 T존 쪽 모공이 항상 눈에 띄는 편임. 
스킨케어 해봤자 금방 무너지고 피지가 올라와서 뭘 발라도 소용없어서
디오디너리 나이아신아마이드 구매하게됨 

🔍 써보니까

- 나이아신아마이드 10%에 징크 1% 조합이라 유효 함량은 확실함. 2~3주 지나니까 번들거림이 눈에 띄게 줄고 모공 주변 요철도 좀 정돈되는 느낌
- 어느 유튜버가 세안을 제대로 해야 스킨케어 흡수가 잘된다고 해서 농낭 밸런싱 클렌징폼으로 씻고 나서 바르는 루틴으로 바꿨는데, 이게 진짜 체감이 다름. 세럼이 훨씬 잘 먹히는 것 같은 느낌

아쉬운 점은 제형이 살짝 끈적해서 아침에는 바르기 부담스럽고 살짝 화장도 밀림 🥲 제형은 호불호 있을거 같고 나처럼 트러블에 유분 많은 지성피부는 약알칼리성 클렌징폼 쓰고 디오디너리 발라주는거 완전 추천!"
2026-07-23,A000000158615,62965550,2026.07.18,5,0,NORMAL, ,A04,B06,"C01,C02",0,360.0,0,0,디오리아,"저는 평소 복합적인 피부 고민을 가진 수부지 타입이라, 어떤 제품을 써야 할지 늘 고민이 많았어요. 특히 요즘처럼 환절기에는 트러블이나 모공 주변의 요철들이 눈에 더 잘 띄어서 스트레스였거든요. 이번에 새로 사용해본 이 세럼은 정말 제 피부에 새로운 관점을 제시해 준 것 같아요.

✔️ **제형과 흡수력:** 처음 발랐을 때 미끌거리거나 끈적이는 느낌이 전혀 없고, 앰플 형태인데도 피부에 착 감기면서 빠르게 스며드는 점이 인상 깊었어요. 덕분에 다음 단계의 보습제를 바르기 전에 밀림 현상이 없어서 너무 만족스럽습니다.
💧 **사용감 체감:** 꾸준히 사용해보니 전반적인 피부결이 좀 더 매끄럽게 정돈되는 느낌을 받았습니다. 특히 거울을 볼 때 느껴지는 묵직함이나 답답함 없이, 산뜻하게 마무리되는 점이 정말 좋았어요.
💡 **솔직한 코멘트:** 다만, 처음에 사용했을 때 제 피부가 아주 민감한 편이라 그런지, 극도로 예민할 때는 적응 기간이 필요하다는 생각이 들었어요. 너무 많은 양을 한 번에 바르는 것보다는 2~3방울씩 듬뿍 사용하는 게 좋을 것 같습니다.
✨ **꿀팁:** 저는 이 제품을 세안 직후 토너 다음 단계에서 사용하고, 그 위에 가벼운 수분 크림과 함께 레이어링 하는데요, 이렇게 조합하니 피부가 편안하게 유지되는 느낌이 배가 되는 것 같아요. 전반적으로 꾸준히 사용하면 피부 밸런스를 잡아가는 데 도움을 주는 듯하여 재구매 의사가 매우 높습니다!"
2026-07-23,A000000158615,62231489,2026.07.03,5,0,NORMAL, ,A04,B03,"C01,C04",0,360.0,1,0,어루신,"아는 사람은 아는 꿀템이죠 이거
성분 배합 좋고 고함량 제품인거 대비 가성비 대박템 입니다ㅎㅎ 제형 잡는용 성분은 조금 부족했는지, 때밀림 현상이 있어서 아침 루틴에 바르려면 시간 투자를 조금 해야하구요 (섞발이나 충분히 흡수 후 한번 걷어내주기, 보습제품 추가도포 등) 바로 위에 선케어 등 올려버리면 때밀림 현상 있었습니다ㅠㅠ

그 외에는 불만 없는.. 기능성 화장품 배합에 너무나도 착한 가격이죵♡ 
어느 플랫폼 에서든 쿠폰가 등 추가 혜택이 더 있으면 미리 쟁여둘 의사도 있는 제품이에요!"
2026-07-23,A000000158615,62004305,2026.06.28,4,0,NORMAL, ,,,,0,330.0,1,0,엄코덕,"N번째 사용하는 인생템
처음에는 자극있지만 적응기간을 거치면 지성 인생템임
밀리고 백탁 현상 일어나는 분들은 토너 잘 흡수시키고 쓰시거나 리들샷&gt;세럼&gt;재생크림 순으로 써보시길 피부좋다는 소리 들을수있음"
2026-07-23,A000000158615,61801133,2026.06.23,3,0,NORMAL, ,A01,B04,C11,1,330.0,1,0,기름추출해가라,"자극이 잇어요…
바르면 너무 따갑고 화끈거리고
이게 같은 지성이어도 사람마다 다른걸까요ㅜㅜ"
2026-07-23,A000000158615,60661786,2026.06.02,5,1,OFFLINE, ,,,,4,300.0,1,0,미미로로,"[내돈내산 찐후기] 30ml 다 사용하고 60ml 추가 구매한 뒤 쓰는 후기!!

저는 모태 지성+민감성+트러블 피부입니다.
중학생 때부터 여드름 때문에 고민이 많았고 성인 되어서도 트러블 때문에 매일 스트레스 받았었어요.
그러다가 여드름 약을 만나고 광명을 찾았습니다.

하지만 여드름 약을 먹어도 턱 부위에는 계속 여드름이 나더라구요 ㅠㅠ
얼굴에 트러블 붉은끼도 남아있었고요.

어떻게 관리하지 고민하던 와중에 디오더너리 나이아신+징크를 만났습니다!!

1. 처음에는 좀 따갑고 트러블이 조금 더 올라왔어요. 쓰지 말아야 하나 고민하다가 피부가 적응하는 단계라 생각하고 일단 킵고잉 했습니다.
2. 1-2주 정도 지나니까 따가움도 없고 새롭게 올라온 트러블도 들어갔습니다.

[장점]
1. 유수분 밸런스가 맞춰진 느낌이에요. 원래는 유분 때문에 얼굴에 기름이 많이 올라왔는데 유분이 많이 줄었어요.
2. 피부과 약 끊은지 3개월 정도 됐는데 새롭게 올라오는 여드름이 약 80% 줄었습니다. 생리 전에만 한 두개 올라오는 정도?
3. 피부가 보들보들해졌어요. 오돌토돌한 요철이나 좁쌀이 거의 안 올라옵니다.
4. 가격이 사기입니다. 다른 앰플에 비해 저렴한데 효과가 좋아요.

[단점]
1. 발림성.. 듣던대로 좋진 않아요. 토너+앰플 바르고 최대한 흡수 시킨 뒤에 나이아신 바르고 있어요. 결따라 바르고 톡톡 두드려서 흡수 시키면 괜찮습니다. 근데 화장하면 떠서 밤에만 바르고 있어요.
2. 얼굴에 솜털이 많아진다는 부작용 카더라가 있던데.. 진짜 솜털이 조금 많아졌어요 ㅋㅋㅋㅋ 약간 복숭아 솜털마냥..

결론적으로 저는 너무너무 만족해요.
저처럼 지성+적당한 여드름 피부(심한 여드름 피부에는 잘 모르겠습니다..)면 어느정도 효과 볼 수 있을 것 같아요.

작은 용량으로 구매해서 사용해보시고 잘 맞으면 큰 걸로 갈아타세요!!"
2026-07-23,A000000158615,62725553,2026.07.13,2,0,NORMAL, ,A06,B04,"C01,C05",0,270.0,0,0,햄부기햄북햄북어햄딳,"🍔햄부기햄북! 디오디너리 세럼 리뷰를 낉여왔노라.

🍔 피부 타입 : 민감성 • 수부지

🍔 구매 계기
피지와 트러블 관리에 좋다는 후기가 많아 기대하며 구매했노라.

🍔 사용감
가벼운 제형이라 흡수는 빠른 편이었고 다른 제품과 함께 사용하기도 어렵지 않았노라.

🍔 효과
햄부기 피부에는 맞지 않았는지 사용한 뒤 피부가 뒤집어져 여드름이 많이 올라왔고, 한동안 피부 때문에 꽤 고생했노라....

🍔 마무리
유명한 제품이라도 피부에 맞지 않을 수 있다는 것을 느끼게 해준 제품이었노라. 민감한 감튀들은 꼭 소량으로 테스트해 보고 사용하길 바라노라."
2026-07-23,A000000158615,62141181,2026.07.01,3,0,NORMAL, ,,B03,"C02,C03",1,270.0,1,0,내눈엔올영뿐,"재구매 했지만 아직까지도 큰효과는 모르겠어요 트러블에 민감성 분들은 조심히 써야할것같아요 여드름 진정에 좋다는말을 들어서 점차 범위를 넓히니 금세 자극감 느껴지고 붉게 올라오네요 지금은 코 모공 관리 할려고 3일에 한번 사용중이예요 
이제품은 쫌만 지나면 구멍 주위에 흰색이 응고되는게 쫌 불편해요 보기에도 그렇고."
2026-07-23,A000000158615,60295826,2026.05.28,5,0,NORMAL, ,A02,B04,"C01,C02",0,270.0,1,0,붘치기밬츼긔,"🙋🏻‍♀️글쓴이 정보🙋🏻‍♀️:
화장 안하는 게 가장 낫다는 소리 듣는..!
여름 쿨톤 라이트~페일, 17~19호!
다크써클 좀 있음!
홍조 있는 건성 피부(빨갛고 하얀 사람)!
헤어컬러 사알짝 밝은 고동색!
눈화장은 사치인,,, 하지만 예쁜 색은 사고 싶은🥹
반복되는 굴레 속 삶을 살고 있습니다.
(잼메 좋아해서 특이한 아이템 종종 구매!!!)

📍재구매 의사: 있음
📍주변 추천 의향: 있음

📍후기:
➡️한 5~6병 정도는 사용한 것 같습니다! 세럼 하나로 드라마틱하게 인간이 바뀌진 않지만 꾸준히 로션에 섞발하면서 모공이 더 이상 커지진 않는 것 같은 느낌을 받아요! 예민하신 분들은 단독사용하지 마시고 저처럼 로션•수분크림이랑 섞어서 발라보시기 바랍니다!!"
2026-07-23,A000000158615,62975573,2026.07.18,5,0,NORMAL, ,,,,0,264.0,1,0,보로로로롱,"울긋불긋하게 올라올때
진정용으로 쓰기 좋아요
향료도 안들어있어서 더 좋네요"
2026-07-23,A000000158615,62330514,2026.07.05,5,0,NORMAL, ,A01,B01,"C02,C05",0,264.0,1,0,sha2027,좋아요 가격도 괜첞고 진정에도움되는곳같아염 재구매는 고민해볼긋
2026-07-23,A000000158615,61860783,2026.06.24,4,0,NORMAL, ,A01,,"C01,C02",0,264.0,1,0,야호랴,효과는 잘 모르겠고 얼굴에 물기 있는 상태에서 쓰면 흰 거품이 나와요. 그리고 뚜껑 열다가 두 번째 손가락 깊게 베임. 은근 날카로우니 조심히 열길...
2026-07-23,A000000158615,62954705,2026.07.18,5,0,NORMAL, ,A02,B04,"C01,C02",0,240.0,0,0,오빤쮸여친,"거의 한달넘게 꾸준히 쓰고 있는데 좁쌀여드름이 줄어들고 큰 여드름이 사라진게 확실히 눈에 보여요!! 
초반엔 크게 변화가 없다가 요새 갑자기 피부가 좋아졌다고 생각이 들어요 히히 
이 제품 덕분만이 아닐 수도 있지만 꾸준히 써보려고요! 저한텐 자극도 없고 피부가 보들 매끈 해졌어용 냄새만 쪼금 구림… 직접만든 슬라임냄새 극대화한느낌"
2026-07-23,A000000158615,61301976,2026.06.11,4,0,NORMAL, ,,,,1,225.0,1,0,토마토거부기,일단 발림성은 안 좋아여 소량만 발라도 하얗게 밀리긴 하는디 두들기면 ㄱㅊ구요 얼굴에 좁쌀이랑 여드름이 이마랑 코쪽에 갑자기 많이 나서 ㅇㄹㅈ 수분 앰플에 이거 네방울 정도씩 두세번 섞어 바르니까 갑자기 여드름 다 들어감요 ㅈ수부지에 가까운 지성 피부인데 피부 완전 예민한데도 소량만 바르니 안 따가워여 추천
2026-07-23,A000000158615,60671588,2026.06.02,4,0,NORMAL, ,A03,B06,"C02,C03",1,225.0,1,0,3unk,"리뷰 : 복합성이 민감한 편이여서 단독으로 사용하기에는 자극이 있었어요!
그래서 로션이나 앰플 등에서 섞어서 발랐어요!

꾸준히 사용해본 결과 얼굴톤이 살짝 밝아졌다고 느꼈고 트러블도 줄어들었어요!

건성분들은 여름철에 사용하시면 좋을 것 같아요"
2026-07-23,A000000158615,62370585,2026.07.05,5,0,NORMAL, ,,,,0,198.0,1,0,칸쵸맛붕어빵,좋아요 효과 좋은것 같아요 듬뿍 바르고 있어요 다른거랑 궁합 좋아요
2026-07-23,A000000158615,62252076,2026.07.03,5,0,NORMAL, ,,,,0,198.0,1,0,후핑,가성비 좋게 구매해서 오랫동안 잘 사용할거 같아요 ㅎㅎ 만족스러움
