수집일자,상품번호,리뷰ID,작성일,별점,체험단여부,리뷰타입,옵션,피부타입,피부톤,피부고민,도움수,유용점수,포토여부,재구매,닉네임,리뷰본문
2026-07-27,A000000171650,63299421,2026.07.26,5,0,NORMAL, ,,,,0,264.0,1,0,Oki2323,몇번째 재구매인지..요즘 선크림은 필수라 금방 다 쓰게 됩니다ㅠㅠ
2026-07-27,A000000171650,63346886,2026.07.27,5,0,NORMAL, ,,,,0,88.0,1,0,kk****,청소년인 저희딸이 부드럽게 발리고 백탁현상이 없어서 좋아합니다
2026-07-27,A000000171650,63306329,2026.07.26,5,0,NORMAL, ,,,,0,88.0,1,0,nmj1006****,"라운드랩 자작나무 썬크림 발림성도 좋고 여름레 필수템입니다.
오늘 주문하고 오늘 받았어요 
자외선 차단으로 최고의 제품입니다.
가격대비 좋아요"
2026-07-27,A000000171650,63268960,2026.07.25,5,0,OFFLINE, ,A04,B04,"C03,C04",0,72.0,0,0,맹고탱고,엄마가  자작나무 수분크림 한번 써보시더니 순하고 촉촉하고 너무 좋다며 선크림까지 구매하셨네용ㅎㅎ
2026-07-27,A000000171650,63256425,2026.07.25,5,0,OFFLINE, ,A02,B04,"C01,C10",0,72.0,0,0,노랑발챙이,수분 크림처럼 편안하게 발리는 선크림이라서 피부타입 상관 없이 잘 사용할 수 있습니다
2026-07-27,A000000239102,63038998,2026.07.20,3,0,NORMAL,마데카소사이드 1매,A01,B02,"C01,C05",11,9000.0,1,0,몽캔디,"⏰
메디힐에서 가장 믿고 사용하는 라인이 마데카소사이드 라인
이라 일반 시트 팩도 이 제품으로 꾸준히 재구매 하고 있거든요
또, 토너 패드까지 써본 경험도 있으니 당연한 마음으로
이 하이퍼 겔마스크도 마데카소사이드를 구매했었어요

시기적으로 잘 안 맞았던 걸지, 일시적인 증상인지 모르겠지만
겔마스크를 사용하는 동안 자잘하게 가려움이 느껴져서
그리 만족스러운 사용감의 기억이 아니었던 팩이었습니다,,

수분라인으로 사용했을 땐 크게 느끼지 못했던 부분이라
마데카소사이드까지 도전했던 건데 잘 맞지 않았던 듯해
아쉬웠습니다"
2026-07-27,A000000171427,62953574,2026.07.18,5,0,NORMAL,티트리 200매+케이스+스티커,,,,30,8397.0,1,0,소리시아,"이거 뭐에요???
이렇게 깔끔하게 한장 꺼내서 사용할수있는거 ㄹㅇ 혁명아닌가요 이런거 꺼낼때 불편한데 진짜 이거 너무 좋아요 물론 패드도 짱좋음"
2026-07-27,A000000260752,63307708,2026.07.26,5,0,NORMAL, ,,,,0,720.0,1,0,이머전씨,"발림성이 정말 부드럽고 피부에 촉촉하게 스며드는 느낌이 마음에 들었어요. 끈적임 없이 마무리돼 아침, 저녁 모두 사용하기 좋았고 메이크업 전에 발라도 밀림이 없어서 만족스러웠습니다. 사용 후 피부가 편안하고 촉촉한 느낌이 오래 유지돼 꾸준히 손이 가는 크림이에요. 기획 구성이라 용량도 넉넉해서 가성비까지 좋아 더욱 만족하며 사용하고 있습니다."
2026-07-27,A000000260752,63238719,2026.07.24,5,0,NORMAL, ,A01,B01,"C01,C03",0,660.0,1,0,피츄츄,"잡티 커버에 도움이 된다고 해서 구매했어요 ! 발림성도 좋고 보습에도 좋아서 건성 피부에도 추천되는 제품이에요
매일 사용 중이에요"
2026-07-27,A000000190168,63248893,2026.07.25,5,0,NORMAL,쿠키앤크림 45g,A03,B06,"C02,C05",1,1800.0,1,1,좋으면짖는가나디,"멍멍!!!컹컹!!!크르르컹컹! 컹!! 왈왈!!왈!!멍멍!!!컹컹!!!크르르컹컹! 컹!! 왈왈!!왈!!멍멍!!!컹컹!!!크르르컹컹! 컹!! 왈왈!!왈!!

진짜 ㄹㅈㄷ 올영 단쉐 악개로서 이거 감히 탑쓰리 안에 든다고 자부할 수 잇은……. 정말 맛있습니다… 원쁠원 기준 가성비 따졌을때는 이게 일등 ㅠㅠㅠㅜㅜ 재구매인데 4개 산것만 봐도 아시겟조…. 정말 맛잇음… 물에 타도 우유에 타도 너무 맛잇습니다ㅜㅠ"
2026-07-27,A000000259488,61741125,2026.06.21,4,0,OFFLINE, ,A03,B04,"C01,C05",117,11430.0,0,0,언니또올리브영갔어,"진정 성분 함량이 거의 소문만 있을 정도로 낮아요. 이걸로 트러블 진정이 되는 게 아니라 건조함이 잡힐 확률이 높습니다. 콧물 같은 제형에 엄청 유분져서 수부지나 지성 피부는 사용 안 하시는 걸 권장드리고요. 화농성 여드름이 많이 올라온다면 ’아누아‘ 에 있는 징크 성분 들어있는 세럼(연두색 병)이나 ‘브링그린 징크 테카 세럼(초록색 병)’ 추천드립니다. 핵심은 ’징크 성분’입니다. 피부가 피부염처럼 붉어졌다면 ’티트리’ 성분 들어있는 제품 3일 사용 후 ‘판테놀’ 성분 들어있는 크림 자주 발라주세요. 좁쌀 여드름이 자꾸 올라온다? ‘스트라이덱스 초록색 패드’ 로 힘 빼고 가볍게 닦아주고(민감성 피부는 ‘넘버즈인3번 패드’ 사용하세요.) 꼭! 보습 해주세요. 추천 크림은 ‘뉴라덤 크림‘을 추천드리는데 유분이 많이 올라오는 피부라면 ’어니언 겔 크림‘으로 추천드립니다. 이외에 유분 많이 올라오는 게 고민이시라면 ’더마팩토리 나이아신아마이드 20% 세럼’ 추천드립니다. 이 제품도 사용 후 꼭 보습관리 해주셔야합니다. 비슷한 제품으로 ’디오디너리 나이아신아마이드 10%‘ 도 있지만 함량이 더마팩토리 보다 낮고, 사용 후 떼 처럼 밀리는 감이 있어서 추천드리지 않습니다."
2026-07-27,A000000259488,62327261,2026.07.05,5,0,NORMAL, ,,,,26,4860.0,1,0,좋아좋아요,"피부가 쉽게 건조하고 외부 자극에도 예민하게 반응하는 편이라 진정용 세럼을 찾다가 구매하게 되었습니다. 한 달 동안 꾸준히 사용해 보니 왜 많은 분들이 추천하는지 이해가 되는 제품이었습니다. 가장 먼저 마음에 들었던 점은 산뜻한 사용감이었습니다. 바르는 순간 촉촉함은 충분히 느껴지지만 무겁거나 번들거리지 않아 계절에 상관없이 사용하기 좋았습니다. 흡수 속도도 빨라 바쁜 아침에도 부담 없이 사용할 수 있었고, 다른 스킨케어 제품과 함께 사용해도 밀리거나 뭉치는 현상이 없었습니다.

사용할수록 피부가 편안해지는 느낌이 들었고, 세안 후 느껴지던 당김도 많이 줄었습니다. 피부가 푸석해 보이는 날에는 한 번 더 덧발라 주었는데 끈적임 없이 흡수되어 만족스러웠습니다. 메이크업 지속력에도 도움이 되는 것 같았고, 피부가 촉촉하게 유지되면서 화장도 들뜨지 않았습니다. 특히 더블 기획이라 용량이 넉넉해 아침저녁으로 충분히 사용할 수 있었고, 가격 대비 구성도 매우 만족스러웠습니다."
2026-07-27,A000000259488,62815586,2026.07.14,5,0,NORMAL, ,A04,B04,"C01,C05",3,2970.0,1,0,코더긔,"✨ 여름 쿨 라이트 / 21~22호 / 건성, 민감성 피부 ✨

🐤 총평
✔️ 요즘 피부가 엄청 예민해져서 붉은 기 올라오고 난리였는데 이거 바르고 나서 진짜 엄청 진정돼서 잘 쓰고 있어요! 제형이 너무 끈적이지 않고 스르륵 발려서 피부에 겉돌지 않고 흡수돼용! 피부 뒤집어졌을 때 듬뿍 얹고 자면 다음날 피부가 매끄러워져요!"
2026-07-27,A000000259488,62862204,2026.07.16,5,0,NORMAL, ,A04,B03,"C01,C03",1,1890.0,1,0,핑크핑키,"파넬이란 브랜드는 쿠션으로 알게 되었는데 세럼도 너무 좋은 것 같아요!
제형이 조금 무겁지는 않을까 생각했는데 흡수도 잘되는 편이고 피부 진정도 잘해주는 것 같아서 너무 만족스럽습니다~~
그리고 기획 구성도 너무 만족스러웠어요! 향후 재구매 의사 있는 제품입니당"
2026-07-27,A000000259488,63045669,2026.07.20,5,0,NORMAL, ,,,,3,1800.0,0,0,Vialactea,"처음 사용했을 때 가장 마음에 들었던 점은 가볍고 산뜻한 제형입니다. 끈적임 없이 피부에 부드럽게 흡수되면서 답답한 느낌이 없어 아침, 저녁 모두 부담 없이 사용할 수 있었습니다.
바르고 나면 피부에 촉촉한 수분감이 오래 유지되는 편이에요. 특히 피부 컨디션이 좋지 않거나 외부 자극으로 예민해진 날 사용하면 피부가 진정되서 만족스러워요"
2026-07-27,A000000259488,62826150,2026.07.15,5,0,NORMAL, ,,,,1,1674.0,1,0,싸이싸이,요즘 진짜 피부가 너무 제대로 뒤집어져가지고 스트레스가 진짜 이만저만이 아니거든요 진짜 마지막 이라는 생각으로 1번 사 봤어요 제발 트러블들 다 사라지면 좋겠어요
2026-07-27,A000000259488,62480297,2026.07.07,5,0,NORMAL, ,,,,3,1620.0,1,0,taroro,트러블 잘 올라오고 민감성 피부라 진정에 좋다는건 꽤 많이 사용해본거 같아요. 저에겐 트러블 올라왔을때 바로 진정이 잘된다는 느낌보다 트러블 진정되고 장벽이 무너진 느낌일때 나이트케어로 발라주면 다음날 피부가 더 건강해진 느낌? 컨디션이 더 빨리 회복되는 느낌?이 더 들어 좋았어요. 수부지 피부여서인지 여름엔 좀 점성있게 느껴져서 얇게 바르거나 수분세럼이랑 섞어서 발라 사용해도 좋아요.
2026-07-27,A000000259488,62461685,2026.07.07,5,0,NORMAL, ,A03,B03,"C01,C05",1,1620.0,1,1,쑤쑤라이프,"✨ 피부 트러블이 심해지면서 고민이 많았는데 추천받아 사용하고 꾸준히 재구매하는 제품이에요! (ง •_•)ง

민감성이라 진정 세럼을 써도 효과를 잘 못 보는 편인데 파넬 시카마누는 바를 때 따갑지 않고 촉촉하게 스며들어서 첫 사용감부터 마음에 들었어요!!

발랐을 때 전혀 건조하지 않고 부드럽게 흡수돼서 피부결이 점점 깔끔해지고 자연스럽게 광도 돌아서 거울 볼 때마다 기분이 좋아지더라구요 (╹ڡ╹ )
(트러블 심해졌을 땐 거울도 잘 안 봤던 사람이예요….)

원래 트러블도 자주 나는 데다가 흉터도 남아 있는 피부라 확 달라지진 않지만 트러블 자국이 조금씩 옅어지는 느낌이 있었고 주변에서 “피부 좋아졌다”는 말도 들어서 뿌듯했어요 (´▽`ʃ♡ƪ)

진정만 되는 게 아니라 보습까지 같이 잡아줘서 데일리로 쓰기 좋았고 은은한 시카향도 건강하게 관리하는 느낌이라 너무 마음에 들어요🤍

🐣 저처럼 예민하고 트러블 있는 피부에 잘 맞는 제품 같아요!
✔ 향은 은은한 편이지만 향에 민감한 분들은 호불호가 있을 수 있을 것 같아요!!"
2026-07-27,A000000259488,62414920,2026.07.06,5,0,NORMAL, ,A03,B03,"C01,C05",1,1620.0,1,0,쑤쑤라이프,"✨ 피부 트러블이 심해지면서 고민이 많았는데 추천받아 사용하고 꾸준히 재구매하는 제품! (ง •_•)ง

대용량 출시는 너무 사랑입니다(((o(*ﾟ∀ﾟ*)o)))

발랐을 때 전혀 건조하지 않고 부드럽게 흡수돼서 피부결이 점점 깔끔해지고 자연스럽게 광도 돌아서 거울 볼 때마다 기분이 좋아지더라구요 (╹ڡ╹ )
(트러블 심해졌을 땐 거울도 잘 안 봤던 사람이예요….)

원래 트러블도 자주 나는 데다가 흉터도 남아 있는 피부라 확 달라지진 않지만 트러블 자국이 조금씩 옅어지는 느낌이 있었고 피부 좋아졌다고 이야기 듣는 완전 효자템(´▽`ʃ♡ƪ)

진정만 되는 게 아니라 보습까지 같이 잡아줘서 데일리로 쓰기 좋았고 은은한 시카향도 건강하게 관리하는 느낌이라 너무 마음에 들어요🤍

🐣 저처럼 예민하고 트러블 있는 피부에 잘 맞는 제품 같아요!
✔ 향은 은은한 편이지만 향에 민감한 분들은 호불호가 있을 수 있을 것 같아요!!"
2026-07-27,A000000259488,62298410,2026.07.04,5,0,NORMAL, ,A02,B01,"C03,C09",4,1620.0,1,0,아침햇살7,"1. 제형 및 발림성
​처음 짤 때는 살짝 점성이 있는 콧물 제형인가 싶지만, 피부에 문지르는 순간 물처럼 부드럽고 가볍게 퍼집니다. 완전히 흡수되고 나면 끈적임 없이 피부 속을 쫀쫀하게 채워주는 수분 보습감이 느껴져요. 무겁거나 유분지지 않아서 아침 메이크업 전에 발라도 화장이 전혀 밀리지 않는 장점이 있습니다.
​2. 진정 및 홍조 개선 (가장 만족스러운 부분!)
​시카마누 성분이 92%나 들어있어서 그런지, 외부 자극이나 마스크 마찰, 여름철 열감 때문에 얼굴이 후끈거리고 붉어질 때 효과를 톡톡히 봤습니다. 저녁에 평소보다 두껍게 얹어두고 자면 다음 날 아침 붉은 기가 눈에 띄게 가라앉고 피부 바탕이 맑아진 느낌이 듭니다.
​3. 트러블 케어
​화농성이나 좁쌀 트러블이 올라오려고 간지러울 때 그 부위에 집중적으로 레이어링해서 발라주면, 트러블이 크게 번지지 않고 며칠 만에 슥 가라앉는 걸 경험했습니다. 꾸준히 쓰다 보니 무너졌던 피부 장벽이 탄탄해지면서 컨디션 기복이 확실히 줄어들었습니다."
2026-07-27,A000000259488,63187722,2026.07.23,5,0,NORMAL, ,A03,,,0,1500.0,1,0,헬러꼬꼬,민감성 피부입니다. 파넬 쿠션을 오래 사용하다가 파넬 스킨케어라인도 피부에 잘 맞을것 같다는 생각이 들어 시카마누 라인을 사보았습니다. 결론은 대만족 입니다.  피부트러블 없고 순한것은 물론이고 미스트와 크림의 흡수력이 생각보다 빠르고 끈적임이 없어서 의외였습니다. 지금같은 여름철에도 복합성은 문제 없네요. 세럼은 약간 진득거림이 남으나 감수 할만큼 피부가 편안합니다. 다만 점도가 높다보니 바닥에 조금 남은것은 스포이드로 빨아드리지 못하고 뒤집어서 털어서 사용하려고 해도 입구까지 잘 흘러나오지 못해 사용하지 못하는 양이 아깝습니다. 미스트는 스킨용 뚜껑으로 바꿔서 사용하고 싶어요. 앞으로 꾸준히 사용할 제품이니 사용하기 편하게 업그레이드  시켜주셨으면 좋겠습니다!
2026-07-27,A000000259488,62869176,2026.07.16,5,0,NORMAL, ,A02,B04,"C04,C05",0,1350.0,1,0,ulim0215,파넬 스킨케어 제품은 처음 써보는데 원래 시카마누 라인이 예민하거나 여드름 피부에 쓰기 좋은 제품이라 주문해봤어요! 한번씩 장벽 무너져서 피부 뒤집어지는데 좀 진정되는 느낌이에요~ 세럼치고는 꽤 큰 용량인데다 더블기획이라 편하게 오래 쓸 수 있을 것 같아요!
2026-07-27,A000000259488,62687990,2026.07.12,5,0,NORMAL, ,,,,0,1350.0,1,0,베베옹니,사용해보니 제형이 쫀쫀하면서도 끈적임은 심하지 않아 부담 없이 바르기 좋았어요. 향도 쑥이나 허브 같은 은은한 자연 향이라 자극적이지 않고 편안하게 느껴졌습니다. 흡수도 빠른 편이라 바른 뒤 피부가 촉촉하고 매끈해지는 느낌이 들어 만족스러웠어요. 아침저녁으로 꾸준히 사용하기 좋고 용량도 넉넉해서 오래 쓸 수 있을 것 같습니다. 피부가 예민한 분들도 한 번쯤 사용해볼 만한 세럼이에요
2026-07-27,A000000259488,62676633,2026.07.12,5,0,NORMAL, ,A07,B04,"C02,C03",0,1350.0,1,0,빵뻥이,"피부가 민감하고 붉은 기가 자주 올라오는 편인데, 이 세럼을 사용하고 나서 피부가 정말 편안해졌어요. 끈적임 없이 촉촉하게 흡수되는 제형이라 데일리로 바르기 아주 좋습니다. 진정 효과가 뛰어나서 트러블이 올라오려 할 때 도톰하게 얹어두면 다음 날 눈에 띄게 가라앉아 있는 게 보여요. 자극 없이 순해서 민감성 피부이신 분들께 적극 추천합니다"
2026-07-27,A000000259488,62673800,2026.07.12,5,0,NORMAL, ,A03,B01,"C02,C05",0,1350.0,1,0,리빵2,"여름이라 그런지 피부가 쉽게 뒤집어지고 난리도 아니었는데, 이번 7월 올영픽으로 최초 대용량 더블 기획이 나왔길래 냉큼 구매해쏘욤.
총 100ml나 되니까 아끼지 않고 팍팍 쓸 수 있어서 구성부터 완전 혜자
요즘 날씨 때문에 열받은 피부 진정에는 진짜 시카마누 요 제품으로 한방에 해결되는 느낌이랄깡
멜라토닌이랑 피토스핑고신 성분이 들어가서 그런지 피부 진정하기 너무 좋은 것 같아욤ㅎ
게다가 꾸준히 발라주니까 신경 쓰이던 트러블이나 오돌토돌한 요철 개선에도 확실히 도움을 주는 게 눈으로 보이네용
처음에 딱 짜봤을 때는 제형이 살짝 끈적일 것 같아서 걱정했거든요,,, 그런데 막상 얼굴에 펴 바르니까 수분감이 팡 터지면서 엄청 워터리하게 흡수되서 만족스 
흡수된 후에는 끈적임이 전혀 없이 산뜻하고 촉촉하게 마무리돼서 여름철에 쓰기 정말 딱입니당 ㅎㅎㅎ 
민감해진 피부 붉은 기 잡고 트러블 잡고~ 또 수분 충전하기에 이만 한 세럼이 없는 것 같아용! !"
2026-07-27,A000000259488,62551443,2026.07.09,5,0,NORMAL, ,A04,B04,"C01,C11",2,1260.0,1,0,꿀벌트위티,"요즘 이마랑 턱에만 트러블이 계속 올라와서 진짜 고민이었어요..🥹 추천받아서 요거 써보니까 하루만에 트러블이 잠잠해지더라고요! 
하루 종일 모자 쓰고 있어서 저녁에 트러블이 올라왔는데 바르고 자고 일어나니까 거의 들어가 있었어요. 시카 성분이 진정에 진짜 좋나 봐요.
가볍게 바르기만 해도 피부가 차분해지는 느낌이라 요즘 매일 쓰고 있어요. 트러블 올라올 때마다 바로 발라주니까 확실히 빨리 가라앉는 것 같아요👍🏻 화장대 필수템으로 자리잡았습니다!!"
2026-07-27,A000000259488,62539756,2026.07.09,5,0,NORMAL, ,A03,B06,"C01,C03",2,1260.0,1,0,통장털어찐템찾기,"여름에는 피지분비량이 많아져서 트러블이 자주 나는 편이라  시카마누 92세럼 써봤어요 
특히 붉은기가 잘 올라오는 피부인데 저녁에 바르고 자면 다음날 차분하게 진정되어있어 화장도 잘 먹어요!
초록빛 띈 쫀쫀한 제형인데 빠르게 흡수되는 편이에요
대용량 기획이라 넉넉하게 사용할수 있어용~~
점도 있는 세럼이라 겨울에 바르기도 좋고 진정에도 좋아 여름에도 바르기 좋아요 ;)"
2026-07-27,A000000259488,62490357,2026.07.08,5,0,NORMAL, ,A03,B05,"C01,C02",1,1260.0,1,0,kaiseree,"제품 잘 받았어요~
트러블 피부에 발라줄 앰플 세럼 찾아보다 구매해봤어요.
엄청 쫀쫀한 재형인데 부드럽게 발리고 흡수도 잘 되는게 맘에 드네요.
향은 제스탈은 아니지만 트러블 진정과 보습에 도움이 많이 될것 같아요~
엄청 대용량이고 2병 구성이라 한동안 이것만 쓸것 같아요."
2026-07-27,A000000259488,62468977,2026.07.07,5,0,NORMAL, ,A03,B04,"C04,C05",1,1260.0,1,0,모코코짱,"평소 피부가 예민한 편이라 진정 세럼은 성분을 가장 먼저 확인하는데, 시카마누 라인은 이름처럼 병풀 유래 성분과 마누카 성분을 함께 담아 피부 진정에 초점을 맞춘 제품이라는 점이 마음에 들었어요.

제형은 묽은 워터 타입이 아니라 적당한 점도가 있는 투명 젤 세럼입니다. 손에 덜었을 때는 살짝 쫀쫀한 느낌이 있지만 피부에 펴 바르면 끈적임 없이 부드럽게 흡수되는 편이라 답답함이 거의 없었어요. 여러 번 레이어링해도 밀림이 없어서 아침 메이크업 전에도 부담 없이 사용할 수 있었습니다.

향은 강한 인공 향료 느낌보다는 은은하고 깔끔한 허브 계열의 향이 살짝 느껴지는 정도라 사용하면서 크게 거슬리지 않았어요. 바른 뒤에는 향이 오래 남지 않아 향에 민감한 분들도 비교적 편하게 사용할 수 있을 것 같습니다.

사용하면서 가장 만족스러웠던 부분은 자극받아 붉어진 피부를 편안하게 진정시켜 주는 느낌이었어요. 세안 후 건조해서 쉽게 달아오르는 날이나 피부 컨디션이 떨어졌을 때 사용하면 피부가 한결 편안해지는 느낌이 들었습니다. 보습감도 적당해서 지성·복합성은 단독으로, 건성은 크림과 함께 사용하면 더욱 만족도가 높을 것 같아요.

용량도 50ml 더블 기획이라 넉넉하게 사용할 수 있어 아침저녁으로 아낌없이 바르기 좋았고, 진정 세럼을 꾸준히 사용하는 분들에게 가성비까지 만족스러운 기획이라고 생각합니다."
2026-07-27,A000000259488,62395027,2026.07.06,5,0,NORMAL, ,A03,B01,"C02,C05",3,1260.0,1,0,우우웅우,"레티놀 휴식기 때 사용하려고 주문했어요!
진정&보습이길래 딱일 것 같아서 주문했는데
생각보다 대용량이네요
요즘 더블 기획이라는 것 보면
본품 하나 용량을 나누어서 두개 내는듯한
상술처럼 느낄 때가 많은데
이거는 본품 50짜리가 통으로 두개 들어있어서
호감도가 올라갔어요 ㅋㅋ 오랜만에 큰 앰플 쓰네요

제품은 일단 물처럼 흐르는 제형이라기보다는
약간에 점성이 있는 콧물형 제형에서 살짝 묽은 느낌에 가까웠어요 무거운 편은 아니었고 쫀쫀한 마무리에
속수분을 채워주는 것 같은 느낌이 들었습니다
향은 약간 피부관리샵이나 찜질방 가면 나는 친숙한향이었는데 나이트케어용으로 좋아보였습니다

제품은 너무 무겁지도 가볍지도 않은 느낌에서
진정, 수분을 채워주는 느낌이라 데일리케어로 좋아보였고
보습면에서는 부족하지않게 잡아주는 느낌이라
메이크업할 때 사용해도 좋아보였어요
그리고 진정은 꾸준히 사용해봐야 더 큰 효과를 볼 수 있겠지만 저녁에 바르고자니 붉은기도 많이 가라앉고
요즘 가려움을 많이 느꼈는데 줄어든걸 보니까
꾸준히 사용해보면 효과 볼 수 있을 것 같아요"
2026-07-27,A000000259488,62379648,2026.07.05,5,0,NORMAL, ,A02,B01,"C01,C03",1,1260.0,1,0,보도리이,"피부가 예민하고 트러블이 올라올 때 사용하기 좋았어요!! 촉촉하게 흡수되면서 피부 진정에 도움 되는 느낌이라 붉은기 있을 때 자주 손이 가더라구요 
끈적임 없이 산뜻하게 마무리되고 수분감도 오래 유지되는 편이라 만족스럽게 사용하고 있어요!"
2026-07-27,A000000259488,62349113,2026.07.05,5,0,NORMAL, ,A03,B04,"C01,C02",2,1260.0,1,0,무지개같다,"파넬 네고왕때 좋은 기회로 한번 써봤는데 피부랑 넘 잘맞아서 이번엔 올영에서 대용량으로 구매! 이 특유의 꿀+허브 냄새가 중독적임 살짝 한방허브 얼굴에 바르는 느낌? 
여름보다는 겨울에 써주는게 더 좋은 듯 끈적임은 좀 있숨ㅠㅠ 근데 효과가 진짜 좋아요 
진정 짱 잘되고 화농성 베이비들도 잘 사라짐

제 리뷰가 도움이 되셨다면 좋아요 버튼👍 부탁드려요😍😍"
2026-07-27,A000000259488,62321265,2026.07.04,5,0,NORMAL, ,A04,B03,"C05,C08",3,1260.0,1,0,코코몽66,"여름철 기온이 올라가면서 피지 분비가 늘고 요철과 트러블이 자주 올라와 진정용 세럼을 찾다가 구매했습니다. 
시카마누 바이옴과 병풀추출물, 마데카소사이드가 함유되어 자극받은 피부를 편안하게 진정해 주는 점이 마음에 들었습니다. 
하이퍼 리포좀 공법을 적용해 피부에 부드럽게 흡수되고 겉돌거나 끈적이는 느낌이 적었습니다.

며칠 사용해 보니 세안 후에도 피부가 촉촉하게 유지되고 붉은기가 올라왔을 때도 피부가 한결 편안한 느낌이 들었습니다. 멜라토닌과 피토스핑고신 성분이 각질을 정돈하고 피부 장벽 케어에도 도움을 주는 제품이라 꾸준히 사용해 볼 생각입니다. 여름철 유분과 피부 컨디션이 쉽게 무너질 때 부담 없이 사용하기 좋은 진정 세럼이었습니다."
2026-07-27,A000000259488,62285545,2026.07.04,5,0,NORMAL, ,,,,3,1260.0,1,0,쪼야님,"여름 되면 피부가 괜히 예민해지고 붉어지는 날이 많아서 진정 세럼을 이것저것 써봤는데, 파넬 시카마누 92 세럼은 끈적이지 않으면서도 촉촉함이 오래가는 타입이라 손이 자주 갔음.

제형은 묽은 편인데 피부에 바르면 금방 흡수되고, 겉만 번들거리는 느낌이 아니라 속이 편안하게 채워지는 사용감. 아침 메이크업 전에 발라도 밀림이 거의 없어서 베이스 궁합도 괜찮았고, 에어컨 때문에 건조한 사무실에서도 피부 당김이 덜 느껴졌음.

특히 피부 컨디션이 안 좋거나 열감이 올라온 날 사용하면 붉은기가 한결 차분해지는 느낌이라 데일리 진정템으로 만족. 향도 강하지 않아 민감한 날 부담 없이 사용하기 좋았음.

이번 올영 기획으로 50ml 2병 구성이라 용량 대비 가성비도 좋아서 아침·저녁 아낌없이 쓰기 괜찮은 구성. 여름철 진정 세럼 찾는다면 한 번쯤 추천할 만한 제품. 다쓰면 재구매 예정."
2026-07-27,A000000259488,62275946,2026.07.03,5,0,NORMAL, ,A02,B05,C09,3,1260.0,1,0,슈슈링,요즘 더운 날씨 때문에 피부 열감이랑 트러블로 피부 고민이 많았는데 파넬 시카마누가 트러블 진정세럼으로 유명해서 기대하고 구매했는데 너무 맘에들어서 화장대 1열에 올려놨어요..! 요철이랑 트러블에 난리난 피부인데 파넬 시카마누 세럼을 올려주면 열감 낮춰주고 진정되는 느낌이었어요. 병풀 + 마누카 조합이라 저는 건성인데다 진정이 필요한 피부인지라 찰떡이더라구요 쫀쫀한 제형으로 윤기나면서 피부속이 편안하고 보슴감도 좋아서 데이 앤 나이트 케어로 잘쓸거 같아요! 대용량 더블 기획이라 두세달 넉넉하게 사용할거 같아요 💚
2026-07-27,A000000259488,62825152,2026.07.15,5,0,NORMAL, ,A05,B03,"C05,C06",1,1134.0,1,0,요하,예민한 피부 구원템.. 워낙 유명한데 더블 기횝으로 삿어요 근데 병부터 튼튼하고 제형도 고급져서 첫인상부터 호감박고드감ㅋㅋ 너무 좋아요 붉은기 사악 사라짐
2026-07-27,A000000259488,62780282,2026.07.14,5,0,NORMAL, ,A02,B04,"C04,C05",0,1134.0,1,0,야자니,보습좋고 순해서 예민한 피부에도 사용하기 좋아요! 일단 여름철 피지 기름 때문에 트러블이 자주 올라오는데 가볍게 진정시킬 수 있는 데일리 세럼으로 사용하기 좋아요!!
2026-07-27,A000000259488,62759203,2026.07.13,5,0,NORMAL, ,A03,B04,C01,0,1134.0,1,0,또룽이,갑자기 나버린 트러블에 사용하기 좋아요. 순해서 자극없이 잘 흡수되고 트러블 스팟에만 바르는건 아니고 트러블 나지 않은 곳에도 전체적으로 바르는데 기분탓인지 트러블 금방 잠잠해졌어요.
2026-07-27,A000000259488,62738031,2026.07.13,5,0,NORMAL, ,A02,B03,C05,0,1134.0,1,0,amibin,자극 없이 순해서 좋아요! 트러블 고민일때 매일 데일리 케어로 찾은 제품입니당! 보습감도 좋고 촉촉하고 화장도 잘먹어서 굿입니다!
2026-07-27,A000000259488,62725151,2026.07.13,5,0,NORMAL, ,A04,B03,"C07,C08",0,1134.0,1,0,SEMOoo,"유튜버 인씨님이 추천해주셔서 사용해봤어요
요즘 너무 피부가 뒤집어진게 느껴져서 사용해봤는데
진정에 좋아요 
민감성인데 자극없고 괜찮았어요!"
2026-07-27,A000000227418,63102451,2026.07.21,4,0,OFFLINE,블루베리요거팝,A02,B03,"C01,C04",1,2520.0,1,0,올리뷰,"크런틴 다른맛을 굉장히 맛있게 먹어서 새로나온 블루베리맛도 구매해본건데 다른맛은 안그랬는데 유독 블루베리 요거트랑 콘플레이키맛만 인공적인 단백질맛이 좀 느껴지네요ㅠ

라이프비 코코밥 요거트맛이 오히려 인공적인 맛이 훨씬 덜했어요! 크런틴은 건더기가 많은건 좋긴한데 재구매하면 녹차랑 초코정도만 재구매할 것 같아요."
2026-07-27,A000000258792,62730796,2026.07.13,5,0,NORMAL, ,A02,B02,"C01,C03",6,3195.0,1,0,요가파이어,대용량이라 진짜 오래 써요. 두번째 구매인데 자극 없고 순하고 피부도 조금 쫀뜩한 느낌이예요. 안 쓰면 또 찾게 되어요. 작은 용기 넘 좋아요. 여행 갈 때 꼭 가져가요. 모찌 크림은 첨인데 이것도 발림성 좋네요
2026-07-27,A000000258792,62308542,2026.07.04,5,0,NORMAL, ,A04,B03,"C02,C08",7,2430.0,1,0,와기둥둥,"대용량이라 듬뿍듬뿍 쓸 수 있어서 좋고 
확실히 토너 잘 먹여주먼 화장 잘 올라가서 좋아요 굿굿"
2026-07-27,A000000258792,62395598,2026.07.06,5,0,NORMAL, ,A01,B05,"C01,C09",6,1800.0,1,1,콩콩병,"매일 아침 저녁으로 사용하는 데일리 토너에요. 
대용량이라 용량 걱정없이, 두세번 레이어 해서 발라주는데, 화장도 뜨지 않고, 각질도 생기지 않아서 몇년째 사용하고 있어요. 
눈에띄게 피부가 좋아지는 느낌은 없지만, 가끔 여행갈 때 다른제품 들고가면 다른게 느껴집니다. 올영기획세트는 소용량 포함되어 있어 여행갈 때 들고가기 딱 좋아요."
2026-07-27,A000000258792,62498038,2026.07.08,5,0,NORMAL, ,A03,B04,"C05,C06",9,1530.0,0,0,mutjinha****,"아 이거 리뉴얼된 거 모르고 샀는데 딱 쓰자마자 차이가 느껴지네요
근데 얘도 괜찮네요
원래보다 좀 더 묽어져서 가벼워졌어요 근데 냄새가 원래 물티슈 냄새…? 였으면 지금은 알코올 냄새가 나네요
원래 여름에 여러번 레이어링 하기에는 끈적이고 무거웠는데 확실히 지금 계절에는 묽어진 게 나은 것 같아요"
2026-07-27,A000000258792,61998294,2026.06.28,5,0,NORMAL, ,A02,B04,"C01,C05",3,1260.0,0,0,네모나씨,"토너가 다 떨어져 가는 김에 새롭게 하나 장만했습니다.
이 토너가 유명한 모찌 세라마이드 토너라고 하던데 궁금해서 사서 사용한 결과, 끈적거리지 않게 흡수가 잘 되어서 지금까지는 만족하면서 사용하고 있어요.

닦토 해주셔도 되고, 팩처럼 사용하셔도 되고, 그냥 흡수시켜주어도 피부가 부들부들 합니다."
2026-07-27,A000000258792,61813022,2026.06.23,5,0,NORMAL, ,A01,B05,"C01,C09",10,1140.0,1,0,콩콩병,"토니모리 모찌토너는 정말 잘 쓰고 있는 토너에요.
원래는 지성이라 여름엔 사용을 안 했는데, 30대 들어서고나니 여름에도 잘 쓰고 있어요.
끈적이지 않고 흡수도 빨라 잘 쓰게 됩니다.
성분도 순하고 용량도 커서 부담없이 쓰게 되는 데일리 토너에요.
올영기획세트로 여행용 기초도 챙기고 좋습니다."
2026-07-27,A000000258792,62664355,2026.07.11,5,0,NORMAL, ,A02,,,3,840.0,0,0,아궁빵서영,제가 써보고 너무 좋아서 어머니 드리려고 샀는데 오머니도 되게 만족해하셨어요!! 어머니가 남자 스킨케어 냄새나는 거 안 좋아하시고 너무 순한 건 또 별로라 하시고 다른 여러가지 이유들로 토너 고르기가 쉽지가 않앗는데 얘는 수분 채우기로 너무 좋아요
2026-07-27,A000000258792,62472863,2026.07.07,5,0,NORMAL, ,,,,5,780.0,1,1,퐁퐁구름,"원래도 잘 쓰고 있는 토너 제품인데 기획세트로 나와서 구매했어요!
기존에도 만족했던 제품인데 리뉴얼 후에도 만족스럽게 사용하고 있습니다~! 모든 피부에 다 잘 맞는 토너라고 생각해서 앞으로도 꾸준히 내돈내산해서 사용할 예정입니다!"
2026-07-27,A000000258792,62597712,2026.07.10,5,0,NORMAL, ,A03,B02,"C04,C07",2,756.0,0,0,토르톨,늘 사용하는 제품이라 만족합니다 재구매의사있습니다 올영에서 구매하기 편해요
2026-07-27,A000000258792,62189468,2026.07.02,5,0,NORMAL, ,A02,B05,"C01,C04",5,738.0,0,0,semin****,"건성 피부는 여름에만 사용해야 할 듯 싶어요
물 제형이라 금방 흡수됩니다"
2026-07-27,A000000258792,61667074,2026.06.20,1,0,NORMAL, ,,,,12,738.0,0,0,캭캬,향.. 무슨일이죠. 원래 상큼했던 향이 무슨 바비인형 플라스틱 머리냄새로 바꼈네요. 괜히샀음.. 왜 잘 팔리면 리뉴얼들을 해댈까요. 토니모리가 황금알 넣는 거위 배를 갈랐네..
2026-07-27,A000000258792,61890163,2026.06.25,5,0,NORMAL, ,,,,7,639.0,1,0,출근하기싫음,"제형이 가벼워서 여러 번 겹쳐 발라도 전혀 무겁지 않고, 보습력도 기대 이상이라 간단하게 스킨케어를 마무리하고 싶을 때 이것 하나만으로도 충분하더라고요. 용량도 넉넉해서 눈치 보지 않고 듬뿍 쓸 수 있는 것도 마음에 들어요!"
2026-07-27,A000000258792,62534056,2026.07.08,5,0,NORMAL, ,,,,7,570.0,1,1,sdwh****,"토니모리 모찌토너를 오래 사용 중이라 늘 쟁여두는 것 같아요 특히 올영에서 사면 미니어처2개까지 받아볼 수 있어서 너무 좋구 곧 휴가철에 가져가기 좋을 것 같아요!

확실히 모찌토너는 팩토,흡토도 좋지만 저는 다이소가서 미스트 공병에 덜어서 쓰는게 좋더라구요 ㅎㅎ! 양도 많아서 팍팍써도 되어서 요즘엔 몸에도 뿌리는데 좋은 것 같아요!"
2026-07-27,A000000258792,61619438,2026.06.18,5,0,NORMAL, ,,,,4,405.0,1,0,카페라뗏,"모찌토너가 워낙 유명해서 궁금했는데 기획세트 구성도 괜찮고 가격도 부담 없어서 구매해봤어요. 용량이 넉넉해서 아낌없이 사용할 수 있는 점이 가장 마음에 듭니다.

세안 후 여러 번 레이어링해서 발라도 무겁거나 끈적이는 느낌이 없고, 피부에 촉촉하게 스며드는 느낌이에요. 평소 건조함을 잘 느끼는 편인데 사용 후에는 당김이 한결 덜해서 만족스럽습니다.

미니 사이즈 제품과 크림까지 함께 들어 있어서 여행이나 휴대용으로 활용하기 좋고 구성도 알차네요. 화장솜에 듬뿍 적셔 토너팩으로 사용하기에도 부담 없는 용량이라 활용도가 높습니다. 전반적으로 가성비가 좋아서 다 쓰면 재구매할 생각이에요 :)"
2026-07-27,A000000258792,61600648,2026.06.18,5,0,NORMAL, ,,,,6,390.0,1,0,퐁퐁구름,"평소에도 잘 사용하고 있는 제품인데 리뉴얼하고 기획으로 나왔다고 해서 2개나 구매했어요!
요즘 필요없는 증정 주는 곳도 많은데, 여행갈 때 챙겨가기 좋도록 토너랑 크림 미니 증정이라서 너무 좋아요:)
평소에 물같은 토너가 많은데, 이 제품은 크림토너라서 피부 보습감이 확실히 느껴지는 것 같아서 정착했습니다!"
2026-07-27,A000000258792,61597920,2026.06.18,5,0,NORMAL, ,,,,6,390.0,1,0,갓생앓이,"속건조 잡는 쫀쫀한 모찌 피부 완성! 가성비 최고의 인생 토너입니다.

수부지 피부라 환절기나 에어컨 바람 아래에 있으면 속건조를 심하게 느끼는 편이에요. 워낙 유명한 제품이라 구매해봤는데 왜 다들 인생 토너라고 하는지 바로 납득했습니다!

물토너와 콧물토너의 딱 중간 제형인데, 피부에 올리면 겉돌지 않고 촉촉하고 빠르게 흡수돼요. 세라마이드 성분이 들어있어서 그런지 두세 번 겹쳐 발라주면 피부 속부터 수분이 쫀쫀하게 차오르면서 이름 그대로 말랑말랑한 모찌 피부가 됩니다. 피부 장벽이 탄탄해지는 느낌이에요.

가장 큰 장점은 500ml라는 짐승 용량 덕분에 닦토, 찹토는 물론이고 화장솜에 듬뿍 적셔 토너팩으로 아낌없이 쓸 수 있다는 점이에요. 아침에 5분만 팩처럼 올려두면 베이스 메이크업이 들뜸 없이 정말 잘 먹습니다.

대용량이라 용기가 커서 조금 무겁다는 점 외에는 보습력, 흡수력, 가격까지 모든 면에서 대만족입니다. 사계절 내내 부담 없이 쓰기 좋은 보습 토너로 적극 추천합니다. 무조건 재구매할 거예요!"
2026-07-27,A000000258792,62432954,2026.07.06,5,0,NORMAL, ,,,,3,360.0,1,1,여섯시내고향,"n통째 쓰는 가장 좋아하는 토너
흡수도 빠르면서 마무리감도 좋고 촉촉해요
일반 물토너와는 확실히 달라요
물토너보다는 좀 더 농축된 느낌인데 물토너처럼 화장솜으로 닦토 해도 되고 패드에 적셔서 얼굴에 붙여놔도되고 완전 다용도!
그리고 용량도 많아서 한번 바르고 흡수시키고 또 바르고 이렇게 레이어드로 바르니 찐촉촉 
파데 바를때도 훨씬 밀착 좋은게 느껴져요"
2026-07-27,A000000258792,62431712,2026.07.06,5,0,NORMAL, ,,,,3,360.0,1,1,MJYJ,"평소 속건조가 심한 편이라 토너를 여러 제품 사용해봤는데 이 제품은 이름처럼 피부가 촉촉하고 쫀쫀해지는 느낌이 들어서 만족스러웠어요. 제형은 생각보다 묽어서 부담 없이 발리는데, 바르고 나면 피부 속까지 수분이 채워지는 느낌이 오래 유지되요! 끈적임이 거의 없어서 여러 번 레이어링해도 답답하지 않고, 아침에는 한 번만 발라도 메이크업이 들뜨지 않아 좋았어요.

특히 화장솜에 듬뿍 적셔서 5분 정도 올려두면 피부결이 훨씬 매끈해지는 느낌이라 자주 해주고 있어요 ㅎ
용량도 넉넉해서 아낌없이 사용할 수 있어 데일리 토너로 사용하기에도 좋고 가족들이랑 같이 써도 금방 줄지 않을 정도라 가성비도 👍 
자극 없이 순하게 사용할 수 있어서 민감한 날에도 손이 가는 제품이고, 다 사용하면 재구매할 의사 있어요!"
2026-07-27,A000000258792,62409656,2026.07.06,5,0,NORMAL, ,,,,3,360.0,1,1,39km,"세안 후 첫 단계에서 사용하고 있는데 촉촉하게 수분이 채워지는 느낌이 들어요. 흡수가 빨라 끈적임 없이 마무리돼서 아침 메이크업 전에 사용하기도 좋고, 화장도 한결 잘 먹는 것 같아요!! 용량도 넉넉해서 화장솜에 듬뿍 적셔 토너팩으로 자주 사용하는데 부담 없이 사용할 수 있어 만족합니다!"
2026-07-27,A000000258792,62083653,2026.06.30,5,0,NORMAL, ,,B06,,2,280.0,1,0,하셍,"재구매하려고 봤는데 리뉴얼 됐대서 차이가 많이 날까 걱정했는데 거의 바뀐게 없어서 다행이에요ㅠㅜ
여름에도 모찌토너 두 세번 발라주면 촉촉해져서 화장하기 딱 좋은 피부로 만들어줘서 좋아요 그리고 저는 여름에 바디로션 대신에 바르는데 끈적이진 않고 딱 보습만 돼서 추천합니당 다들 몸에도 발라보세용"
2026-07-27,A000000258792,62480564,2026.07.07,5,0,NORMAL, ,,,,3,270.0,1,1,eunc****,"속건조 때문에 샀는데 생각보다 훨씬 만족해요. 물처럼 가볍게 발리는데 보습감은 오래가고, 여러 번 레이어링해도 끈적임이 없어요. 아침에 바르면 메이크업도 잘 먹는 느낌! 대용량이라 부담 없이 듬뿍 쓰기 좋아요
여기에 추가적인 미니어처까지 포함이라 너무 알찬구성이에요"
2026-07-27,A000000258792,62450210,2026.07.07,5,0,NORMAL, ,,,,3,270.0,1,1,노들하루,"끈적임 없이 촉촉한 사계절 데일리 토너, 리뉴얼되니 더 좋네요!

기존에도 워낙 유명해서 만족하며 썼던 제품인데, 리뉴얼 후에도 역시나 기대를 저버리지 않네요! 제형이 아주 촉촉하면서도 피부에 겉돌지 않고 빠르게 흡수되는 점이 가장 마음에 들어요.

무겁거나 무작정 끈적이는 토너는 아침에 바르기 부담스러운데, 깔끔하게 마무리되면서 속은 꽉 채워주는 영양감이 느껴집니다. 매일 닦토로 사용하기에도 자극 없이 깔끔하고 편안한 사용감이라 사계절 내내 정착할 수 있는 추천템입니다. 주변에도 열심히 소문내고 있어요!"
2026-07-27,A000000258792,62288728,2026.07.04,5,0,NORMAL, ,,,,3,270.0,1,1,우디버즈포키,"평소에 무겁거나 끈적이는 토너를 선호하지 않는데, 이 제품은 사용감이 정말 깔끔해서 마음에 들었어요. 

촉촉함은 오래 가는데 흡수가 빨라 바쁜 아침에도 부담 없이 손이 자주 가더라고요. 

기존에도 워낙 잘 썼던 만족스러운 제품인데, 리뉴얼 후에도 변함없이 피부에 편안하게 잘 맞아서 기분 좋게 사용하고 있습니다. 

자극 없이 매일 쓰기 좋은 데일리 토너로 강력 추천합니다. 앞으로도 꾸준히 재구매할 예정이에요!"
2026-07-27,A000000258792,63208153,2026.07.24,5,0,OFFLINE, ,A04,B04,"C05,C08",1,220.0,0,0,애풀펜슬,대용량에 이 가격에 이 성분..? 나는 우리나라 화장품이 더 성장하려면 이 정도 퀄에 이 가격은 가야한다 생각한다
2026-07-27,A000000258792,62301849,2026.07.04,5,0,NORMAL, ,,,,2,210.0,1,1,msj****,"꾸준히 사용하고 있는 제품이라 만족도가 높아서 이번에는 선물용으로도 구매했어요!
메이크업 전에 사용하면 피부결이 한결 정돈되는 느낌이라 화장도 정말 잘 먹어요.
촉촉하게 피부를 잡아줘서 들뜸 없이 표현되는 점이 가장 마음에 듭니다.
제가 만족해서 선물했는데 받는 사람도 좋아할 것 같아요~!"
2026-07-27,A000000258792,63255286,2026.07.25,5,0,OFFLINE, ,,,,0,180.0,0,0,경아기,"용량이 넉넉해서 부담 없이 사용할 수 있고, 피부에 촉촉하게 스며들어 건조함을 잡아줘요. 여러 번 덧발라도 끈적임이 적고 피부가 편안한 느낌이라 데일리 토너로 만족스럽습니다. 100ml 토너와 크림까지 함께 구성된 기획이라 가성비도 좋아 꾸준히 사용하기 좋은 제품이에요."
2026-07-27,A000000258792,62431440,2026.07.06,5,0,NORMAL, ,A03,B04,"C05,C07",1,168.0,1,0,아이014,용량 진짜 많고 기획도 구성 좋아서 추천해요! 모찌토너 잘 맞아서 항상 잘 쓰고 있습니다😀 여러번 레이어링하면 속건조 잘 잡아줘서 애용템이에요
2026-07-27,A000000258792,62371596,2026.07.05,5,0,NORMAL, ,,,,1,168.0,1,0,럭키멍키,남편이 다른 화장품들은 끈적임 때문에 못쓰겠다고 하는데 모찌토너는 촉촉함데 끈적임이 없다고 잘쓰고 있어요 벌써 3통째 사용중이랍니다ㅎㅎ 용량도 대용량이라 매일 듬뿍 사용하기 좋다고 하네요 ㅎㅎ
2026-07-27,A000000258792,62205911,2026.07.02,5,0,NORMAL, ,,,,1,168.0,1,1,겸둥공쥬,"이 제품은 말할 필요없이 좋아요~이거 한 세번  바르면 다른 기초 바를 필요없어요~에센스도 필요없어요~용량도 많이 주니까 부담없고, 이만한 제품 찾기 어려움"
2026-07-27,A000000258792,62249272,2026.07.03,5,0,NORMAL, ,,,,1,150.0,1,1,HODI,"기존에도 잘 쓰던 토너라 리뉴얼되고도 바로 구매해봤는데 역시 만족스러웠어요! 😊

세안하고 바로 발라주면 속까지 수분이 채워지는 느낌이라 피부가 금방 촉촉해져요. 끈적이는 토너는 손이 잘 안 가는데 이건 흡수도 빠르고 마무리가 산뜻해서 아침에 사용하기에도 정말 좋더라고요!

특히 메이크업 전에 듬뿍 발라주면 피부결이 정돈되면서 베이스가 훨씬 잘 밀착되는 느낌이에요. 화장도 덜 들뜨고 더 잘 먹어서 요즘은 꼭 사용하고 메이크업하고 있습니당 ㅎㅎ

500ml 대용량이라 아낌없이 사용할 수 있는 것도 너무 마음에 들어요. 화장솜에 듬뿍 적셔 토너팩으로 사용하기도 좋고, 공병에 덜어서 미스트처럼 뿌리고 있는데 이 방법이 젤 편하고 좋더라구용!

순하고 부담 없는 사용감이라 매일 쓰기 좋고, 리뉴얼 후에도 만족도가 그대로라 앞으로도 꾸준히 재구매할 것 같은 토너입니다. 가성비까지 좋아서 데일리 토너 찾는 분들께 추천하고 싶어요!"
2026-07-27,A000000257827,63270468,2026.07.25,5,0,NORMAL, [기획] 멜라B3 세럼 3ml 증정,A02,B01,"C01,C03",2,3240.0,1,0,입큰마녀,"피부 상비약 같은 제품이라 화장대에 항상 올려져 있어요.
상처나면 후시딘이나 마데카솔 찾듯이 피부가 민감해지면 무조건 라로슈포제 b5제품 사용합니다.
볼이 빨개지거나 피부컨디션이 너무 안좋아보일 때 두툼하게 올리고 자면 다음날 급격하게 진정되어 있습니다.

‼️b5+말고 b5를 사셔야 합니다.
b5가 더 비싼데 덜 기름지고 사용감이 더 좋아요.
징크성분 때문에 꾸덕해서 진입장벽이 높은데 일단 사용해 보면 맘이 바뀌게 됩니다.😊"
2026-07-27,A000000202777,63310711,2026.07.26,3,0,NORMAL,[+리필+쿠션블러셔+퍼프2p] 21N1,A01,B03,"C04,C05",1,2520.0,1,0,밥먹기장인,"대학생 때부터 정착해서 쓰고 있는 인생 쿠션입니다. 가격이 비싸서 다른 제품으로 갈아탔다가도 커버력 때문에 결국 다시 돌아오게 되네요.

장점: 지성 피부에 커버력이 정말 좋습니다. 특히 내장 퍼프가 커버력을 올려주는데, 이번엔 세트로 샀더니 퍼프 2개가 더 들어있어서 아주 유용합니다.

단점 및 아쉬운 점: 가격이 부담스럽습니다. 그리고 컨실러랑 파우치 증정 이벤트는 단품 구매 시에만 해당된다고 해서 안 들어왔더라고요. 세트 구매 시 사은품 미증정 조건은 미리 확인하시는 게 좋습니다. 낚인사람 완전 많아요

이번건은 솔직히 짜증났어요 사은품가지고 장난친걱 같아서

그래서 별 3개욤..."
2026-07-27,A000000202777,63203217,2026.07.23,5,0,NORMAL,[+리필+쿠션블러셔+퍼프2p] 17N1,,,,2,1488.0,1,0,테루하시코코미,"이 기획으로는 증정 못 받아서 아쉽긴 하지만
블러셔로 위안 삼았어요
헤라 쿠션이 좀 어두운 느낌이라 17n으로 구매했더니 딱 맞아요"
2026-07-27,A000000202777,63151412,2026.07.22,5,0,NORMAL,17C1(본품+리필),A03,B04,"C01,C05",1,756.0,1,0,juy****,"다 좋은데 왜 맨날 주문하고 배송받을때마다 박스를 발로 밞은것처럼 구겨져서 배송이 오는지 모르겠네요. 
헤라 쿠션은 항상 애용하는 제품이라 좋아요. 사은품으로 받은 파우치는 지난번에도 받은거라 하나는 동생줘야겠어용"
2026-07-27,A000000226481,63197020,2026.07.23,5,0,NORMAL,[기획] 120ml (+블러프렙10ml),,,,2,1500.0,0,0,징짱징짱,"리뷰 진짜 몇년 전에 한 번 쓰고 지금 처음 써보는데...
파란색 픽서 너무 좋아요... 수부지인데 다른 타 브랜드껀 1시간 정도만 지나도 기름이 바로 올라오는데.. 이건 ㅠㅠㅠ 4시간이 지났는데 기름 쬐끔만 올라오고 화장 그대롭니다... 진짜 ㅠ 사길 잘했...."
2026-07-27,A000000198320,62090322,2026.06.30,5,0,NORMAL, ,A04,B03,"C01,C02",2,1260.0,1,0,스킨토커,"건성 피부가 저녁에 바르기 좋은 크림이에요💙

보습감이 꽤 탄탄한 편이라 겨울에는 피부 타입 크게 안 타고 잘 맞을 것 같았습니다.
건조한 날 밤에 바르고 자면 다음 날 피부가 편안하고 촉촉한 느낌이라 좋았어요.

다만 여름 아침에 사용하기에는 조금 무거울 수 있을 것 같아요.
화장 전에 많이 바르면 베이스가 밀릴 수도 있을 것 같아서 양 조절은 꼭 필요해 보였습니다.

수부지 기준으로는 너무 듬뿍 바르면 좁쌀이 올라올 때가 있어서 저는 얇게 소량만 바르는 게 제일 잘 맞았어요.
건성분들이나 겨울 보습크림 찾는 분들께 더 추천하고 싶은 제품입니당💙"
2026-07-27,A000000198320,63231997,2026.07.24,5,0,OFFLINE, ,A04,B04,"C08,C11",0,720.0,1,0,에잉아,"일단 전 세수할때 좀만 세게 세수를 해도 자극 왕창 받아서 붉어지는 수준의 아주 극 예민한 피부 + 과거에 엄청난 지성타입 (현재는 그 정도까지 지성은 아님) + 장벽 손상으로 인한 피부속부터 시작되는 건조함 보유
이런 피부입니다 참고해주세요!

확실히 보습은 너무너무 굿! 자극도 거의 없어요!
제 이런 예민 보스 피부에도 너무 착붙이고 잘 흡수되고 피부속으로 아주 제대로 수분이 채워지는 느낌이에요! 추가로 홍조 개선 이런건 크게는 못느꼈지만 그냥 보습력 자체는 최고인 느낌

제 외국 친한 동생한테도 홍보하면서 한번 써보라고 했는데 확실히 보습력이 넘 좋다고 맘에 들어하더라구요! 뿌듯! 

다만 제가 건조했던건 원래 저는 타고난 예민한 지성이었고, 피부 장벽 손상으로 인해서 유독 더 건조했던거라 효과를 많이 본거였고
제 친구는 건성인데, 보습력 너무 좋지만 약간의 유분감이 좀 더 있었으면 좋겠다고 하더라고요. 

그래서 아마 타고난 유분기위주로 부족한 건성보단, 그냥 일시적으로 요즘 좀 많이 피부가 건조해졌는데 어떡하지ㅠㅠ 하는 분들께 딱 맞는 해결책인듯해요!

조심해야할 부분은 이 제품 쓸때 보습이 잘되길 바라는 마음에 너무 많이 발랐더니 유분기때문에 약간씩 좁쌀여드름이 올라왔었어요...ㅜ 양조절을 하니까 바로 나아져서 유분감때문에 못쓸정도는 아니라고 느꼈어요

지금까지 3통썼는데 특히 장벽개선에 도움을 많이 받아서 앞으로도 계속 쓸 것같아요"
2026-07-27,A000000198320,63285794,2026.07.26,4,0,OFFLINE, ,A01,B01,"C01,C05",0,660.0,1,1,JuuZ,재구매 아이템이자 저의 평생 템일듯 정말 순하지맠 성능은 아주 좋은 ㅎㅎㅎ 비싸도 늘 삽니더 너무 좋아요 정말!
2026-07-27,A000000198320,63327914,2026.07.27,5,0,OFFLINE, ,,,,0,528.0,1,0,개토토누낭,"지금 세통째 쓰는거 같아요!!
진짜 데일리템으로 최고에요!!"
2026-07-27,A000000198320,63216006,2026.07.24,5,0,OFFLINE, ,A03,B01,"C06,C07",0,528.0,1,0,가르마바리스타,"진정이랑 보습에 좋은 것 같아요 유분이 좀 많아서 
지성은 여름에 쓰기 힘들 것 같아요"
2026-07-27,A000000198320,62933994,2026.07.17,4,0,OFFLINE, ,A01,B05,"C05,C07",0,495.0,1,0,떵뇌,건성분들이라면 사계절 계속 사용해도 괜찮을 듯 하고.. 복합성분들이나 지성분들은 가을 겨울?? 여름에는 기름져요 ㅠㅠ그래도 순하고 보습에 좋아서 겨울에 잘 쓸 것 같아요
2026-07-27,A000000198320,62838327,2026.07.15,5,0,OFFLINE, ,,,,0,495.0,1,0,쥬주빈,가볍게 바르기 너무 좋아요 수분감 최고입니다 완전 추천이에요
2026-07-27,A000000198320,62339991,2026.07.05,5,0,OFFLINE, ,,,,0,396.0,1,0,유르유,바를때 너무 부드러워 완전 놀랐어요: 너무 편하고 찝찝하지도 않아서 계속 재구매할 것 같습니다!!!
2026-07-27,A000000198320,63227049,2026.07.24,5,0,OFFLINE, ,A04,B05,"C02,C04",0,360.0,0,0,Imkm,"민감하고 건조한 피부에도 자극 없이 사용할 수 있는 크림입니다. 피부 장벽을 보호해주는 느낌이 들고 밤에 듬뿍 바르면 다음 날까지 촉촉함이 유지되었습니다. 무겁지 않은 제형이라 사계절 모두 사용하기 좋고, 온 가족이 함께 사용하기에도 만족스러운 제품입니다."
2026-07-27,A000000198320,62319143,2026.07.04,5,0,NORMAL, ,A02,B02,C01,0,330.0,1,0,겨울한숨,여름되고 나서 피부 트러블이 자주 일어나서 고민하다가 순하다고 해서 사봤어요
2026-07-27,A000000198320,61978474,2026.06.27,4,0,OFFLINE, ,,,,0,330.0,1,0,세라핀냥,"뭐야 엄마가 구매하고 제 번호로 적립 했나봐요
이건 저도 구매한거라 어떤지 앎
지성 비추 개무거움"
2026-07-27,A000000198320,63028272,2026.07.19,5,0,NORMAL, ,,,,0,297.0,1,0,uyouly,추천이 많아서 샀는데 역시 보습 잘되는 제품이라서 좋네요 여름인데도 건조해서 아침 저녁으로 바릅니다
2026-07-27,A000000198320,63006198,2026.07.19,5,0,NORMAL, ,A02,B01,"C01,C08",0,270.0,0,0,53번,"개인적으로 화장품에 알갱이 들어가는 거 안좋아합니다. 종종 잘 안 녹아서 자극적으로 느껴지는 제품들이 있어서 손이 잘 안갑니다. 다만 이 제품은 그런 건 없어서 좋았습니다. 예민한 건성들에게 추천드려요.
보습력 괜찮고 자극없고 딱히 하고 화장해도 거슬리는 거 없고 괜찮습니다."
2026-07-27,A000000198320,62243580,2026.07.03,5,0,OFFLINE, ,,,,0,264.0,1,0,라온스럽게,"잘 쓰고 있어요 보습에 좋아요
너무 좋아요 그리고 순하고 용량이 많아요"
2026-07-27,A000000198320,63142469,2026.07.22,5,0,OFFLINE, ,A03,B03,"C01,C05",0,240.0,0,0,니니임미다,사실 정말 어느 피부타입이 발라도 무난하게 좋을 것 같은 기본템이에요!! 크림인데도 답답하거나 끈적이지 않고 피부를 촉촉하게 감싸주는 느낌이 좋았습니다. 밤에 듬뿍 바르고 자면 다음 날까지 건조함이 덜했고 피부 장벽이 편안해지는 느낌이라 꾸준히 사용하고 싶은 보습크림입니다.✨
2026-07-27,A000000198320,61758047,2026.06.22,5,0,NORMAL, ,A06,B06,"C01,C02",0,225.0,1,0,Woohut,"가벼운 텍스처 좋아하다보니 토너나 가벼운 세럼만 사용하다보니
열감 많고 피부 장벽이 요즘 좀 무너지고 있는 느낌이 들어서 집중적으로 관리가 필요해서
재구매 했어요^^ 이벜이 3~4번째 구매해서 쓰고 있어요 맨얼굴에도 화장할때 함께 써주면 좋아요~"
2026-07-27,A000000198320,61929244,2026.06.26,5,0,OFFLINE, ,A03,,,0,198.0,1,1,oliviayoo,자극없이 촉촉하게 사용하기 좋은 제품이에요 성분 구성도 좋아요👍🏽
2026-07-27,A000000198320,61511688,2026.06.16,4,0,NORMAL, ,A06,B04,"C05,C06",0,198.0,1,0,Jieee,"2번째 구매템이에요~ 
화장전은 물론이고 , 나이트 케어할때도 항상 사용하는 제품이에요 !! 캡슐 알갱이가 터지면서 보습감을 짱짱하게 가둬주고 부드럽게 흡수되니까 자극없고 좋습니당"
2026-07-27,A000000198320,61033276,2026.06.06,5,0,OFFLINE, ,A03,B05,"C06,C08",1,198.0,0,0,ghjdclwm,매번 잘 사용하는 제품입니다 세일할 때 저렴한 가격으로 이용했어요.아쉬운 점은 딱히 없습니다. 좋은 기회로 잘 구입했어요!
2026-07-27,A000000198320,63268593,2026.07.25,5,0,OFFLINE, ,,,,0,180.0,1,0,syru****,겨울에 다른 밤이랑 바를 때는 그 밤이 너무나 질기 때문에 상대적으로 순한 옅은 크림이 필요했어서 그때는 되게 좋았는데 여름이 돼서 밤을 바를 때가 아니고 이 크림 단독으로만 쓰일 때가 되니까 건성한테는 조금 건조해요. 피부가 당길 정도의 느낌.
2026-07-27,A000000198320,62506332,2026.07.08,5,0,OFFLINE, ,A04,B04,"C06,C08",0,180.0,0,0,졸리다,"아스트라가 건성에 좋다는 소리를 여러번 들어봐서 수딩크림샀었는데 이것도 사봤어요 
일단 극건성이고 여름에도 가벼운 수분크림으로는 촉촉함 유지가 잘 안되는 피부타입이에요
수딩크림이랑 다르게 보습감이 낭낭하고 좋네요 두개 같이바름 더좋음"
2026-07-27,A000000198320,62093655,2026.06.30,5,0,NORMAL, ,A01,B04,"C02,C03",1,180.0,0,0,리치걸,평소 데일리로 사용하기 정말 좋은 제품이에요. 발림성이 부드럽고 피부에 얇게 밀착돼서 답답한 느낌이 없었어요. 사용 후에도 들뜸이나 뭉침이 적고 시간이 지나도 깔끔하게 유지되는 편이라 만족했습니다. 향도 부담스럽지 않고 자극 없이 사용할 수 있었어요. 가격 대비 퀄리티가 좋아서 다 쓰면 재구매할 의향 있습니다. 데일리로 사용할 제품을 찾는 분들께 추천드려요!
2026-07-27,A000000198320,61823006,2026.06.23,5,0,OFFLINE, ,A02,B03,"C04,C08",0,180.0,1,0,올챙이콩,"재구매 n번템
그냥 계속 사게 돼요... 피부 안 좋아지면 얘부터 재구매해요
부모님도 같이 쓰시는데 피부 좋다는 칭찬 많이 들으셧나바요 너무 좋다고 또 사달라고 하심;;ㅎ
저도 너무 좋아서 계속 쓰고잇어용 토너 앰플 단계 귀찮을때 그냥 냅다 발라도 안 건조해서 좋아요 그리고 피부 각질 많을때 쓰면 뭔가 각질이 진정되는 느낌.? 이라서 좋아요"
2026-07-27,A000000198320,61676905,2026.06.20,5,0,OFFLINE, ,,,,0,180.0,1,0,Shotime,"군대 PX에서 산 D사의 수분크림으로 수분크림이라는 화장품에 입문해 쭉 사용중이었는데, 새로운 제품이 궁금하고 피부고민에 적합한 아토배리어 크림을 구매해봤습니다.

샘플을 짜봤을 때 &#039;와 엄청 꾸덕하네... 얼굴에 바르면 번들거리겠는데?&#039;라는 생각이 들었는데 피부에 발라보니 흡수도 잘 되고 하루종일 얼굴에 영양가 있는 장벽이 생긴 느낌이 듭니다.

다른 제품들에 비해 고가여서 다소 고민했는데 사길 잘했다는 생각이 듭니다.
만족스러워서 다 쓰면 재구매 할 예정입니다."
2026-07-27,A000000198320,61731327,2026.06.21,4,0,OFFLINE, ,A01,B01,"C01,C05",0,165.0,1,1,JuuZ,재구매하는 아이템 일등 할인 할 때 무조건 사야합니다 대용량 만들어주새요
2026-07-27,A000000198320,61027728,2026.06.06,5,0,OFFLINE, ,,,,0,165.0,1,0,쥬주빈,이건 진짜 꿀템 완전 좋아요 몇병째 쓰고있는지 몰라요 가벼운데 보습짱
2026-07-27,A000000198320,62744266,2026.07.13,5,0,OFFLINE, ,,,,0,132.0,1,0,라떼이즈,"크림 로션 다 사용해 본 사람으로써 이 라인에서 나오는 제품들이 다 건성에게 좋은 거 같아요!

크림은 너무 많이 바르면 끈적일 수 있으나 상대적으로 이 제품은 타 제품들에 비해 괜찮은 거 같아요!"
2026-07-27,A000000198320,62375310,2026.07.05,5,0,OFFLINE, ,A02,B01,"C01,C03",0,132.0,1,0,공쥬2131,건성인데 유수분밸런스 잘잡아주는크림이라 애용해요!!
2026-07-27,A000000198320,62288503,2026.07.04,5,0,OFFLINE, ,,,,0,132.0,1,0,sk****,"저자극이라 이거 바르고 크게 트러블 난적 없어서 잘 쓰는 중 
만족 합니다."
2026-07-27,A000000198320,62288341,2026.07.04,5,0,OFFLINE, ,,,,0,132.0,1,0,sk****,순해서 자주 찾는것 같음 그냥 덕지덕지 발라도 만족 스러운편
2026-07-27,A000000248529,62695489,2026.07.12,5,0,NORMAL,[NEW] 08 바닐라 로즈,A07,B05,"C01,C06",11,4914.0,1,0,정울겨,"투크 글로스 플럼핑 있거 도톰해서 굿임
제일 무난하고 보장된 예쁨이색임"
2026-07-27,A000000248529,63210874,2026.07.24,5,0,NORMAL,06 무아 (OY 단독컬러),A02,B04,"C05,C11",4,3240.0,1,0,프헤즈,"몬핑크 구매하고 너무 만족스러워서 무아 컬러도 구매했어요!

🎨 무아
저처럼 로즈 컬러 좋아하시면 무아 강추드려요..❤️
약간 채도 낮춘 뮤트한 생장미 컬러인데 분위기 있고 너무 예뻐요!

💄단독으로 바르는 것도 예쁜데 저는 이 조합들도 추천드려요 같이 바르면 진짜 예뻐요🥹🫶🏻
- 페리페라 분위기여신 베이스+무아 포인트
- 헤라 누디스트 베이스+무아 포인트
- 퓌 요거트70% 베이스+무아 포인트

- 몬핑크가 한 콧 바르면 여리여리한 살구핑크 느낌이라 몬핑크 바르고 안쪽에 무아 살짝 얹어주니 의외로 조합이 예뻤어요ㅎㅎ

🫧 제형은 손에서는 끈적임이 있나 싶은데 입술에서는 끈적임도 크게 느껴지지 않고, 광이 너무 예뻐요. 제가 제일 좋아하는 글로스는 삐아, 롬앤, 얼터, 투쿨인데 저랑 취향 비슷하시면 투크 글로스도 만족하실 거예요!

- 투크는 한번 꺼낸 양으로 충분히 바를 수 있어서 좋았어요. 플럼핑 효과는 적당히 있는 편이고, 향은 새콤달콤같은 달달상큼한 복숭아향이에요.

근데 몬핑크는 괜찮은데 무아는 약간 새는 것 같아요ㅜㅜ

+
요즘 무아에 손 엄청 자주가요! 미지근한 쿨메이크업이나 로즈 메이크업에 포인트립으로 쓰기 딱 좋아용 비슷한 글로스 중에서도 투크에 손이 제일 잘 가는 것 같아요!"
2026-07-27,A000000248529,63092311,2026.07.21,5,0,NORMAL,[NEW] 08 바닐라 로즈,A02,,"C01,C09",3,3240.0,1,0,하현달,"info) 노란피부 17호 여름쿨라이트

솔직히 새로나온 컬러를 모두 사고 싶었지만 참았어요 ㅠㅠ 바닐라로즈만 데려왔네요. 역시 제형 너무 마음에 들고요 💗 다만 바닐라로즈. 퓌 바닐라70과 컬러가 매우 비슷합니다..! 제형은 다르지만 둘다 글로스 타입이라 하나만 소장해도 될거 같아요 🥺 ㅎ ㅏ .."
2026-07-27,A000000248529,60835081,2026.06.04,5,0,OFFLINE,01 베이지듀,A03,B03,"C03,C04",54,3078.0,1,0,토솜이,"색감 보세요
그냥 미쳤어요
제 인생 글로스입니다 색 진짜 도라방스예요"
2026-07-27,A000000248529,62824907,2026.07.15,5,0,NORMAL,03 네이키드 넛,A02,B05,"C04,C11",5,2754.0,1,0,촉촉한초코코,"패키지도 컬러도 너무 좋은데 역시 계속 닦으면서 쓰긴 해야해요
그래도 색은 정말 예뻐서 용기만 개선 되면 좋을 것 같아요
생각보다 용량이 많지는 않은건지 제가 매일 써서 그런건지
금방 다 써서 재구매예정입니다"
2026-07-27,A000000248529,62524080,2026.07.08,5,0,NORMAL,[NEW] 07 클라우드 그레이프,A03,B04,C05,8,1980.0,1,0,summersoft,"투크 글로스 궁금했는데 맘에 드는 컬러가 없어서 뒤늦게 샀단 말이죠!? 정말 만족하면서 잘 쓰고 있어요!
쫀쫀한 제형도 좋고, 무엇보다 컬러가 너무 예쁨!!
다른 제품이랑 비교한 사진 많이 가져왔으니 컬러 감 잡는데 도움이 되시길 바라요🩷
여름뮤트라면 진심 왕왕 추천드립니다!!!"
2026-07-27,A000000248529,62102338,2026.06.30,5,0,NORMAL,04 베이비 버니,A02,B04,"C01,C09",5,1620.0,1,0,하현달,"신규컬러 통틀어서 아직 저는 베이비버니가 가장 예뿌네요💗 이건 왜 인기가 없지..? 개인적으로 몬핑크보다 베이비버니가 더더 취향이에요 많은분들이 이고 예쁜거 알아주시면 좋겠는데 ㅜㅜ 

사실 요런 라이트한 핑크 많이 소장하고 있는데, 투크 시럽틴트가 제형이 진짜 잘 나와서 손이 잘 가요. 
글로스가 무겁고 찐득여서 불편하잖아요 요고는 시원한 플럼핑이 있어서 쾌적한 느낌이 있고 광은 빤딱빤딱 예쁘게 올라와서 사용감+광감 둘다 잘 잡혔어요 

저는 베이비버니를 왕왕 강추하고 싶지만 취향에 맞은 컬러가 있다면 함 품어보시길 추천드립니다 💫"
2026-07-27,A000000248529,62710519,2026.07.12,4,0,NORMAL,05 몬핑크,A01,B03,"C01,C08",1,1575.0,1,0,또혀나,"베이지듀인가 그 컬러 사고 맘에 들어서 몬핑크를 바로 구매했는데 몬핑크가 진짜 딱 예쁜 살구코랄? 고런 컬러감이라 요즘 잘 안보이는 컬러의 글로스라서 만족했어요! 완전 라이트톤을 위한 그런 컬러감.. 특히 살구 컬러 잘 받으면 진짜 만족하실듯?

다만 색상이 입술 위에 올렸을 때 입술 색 없는 분들은 예쁘게 잘 올라가겠지만 저는 입술 채도가 원래 있는 편이여서 그런지 티가 잘 안났던..ㅎ 그래서 바를려면 입술 색 확 없애고 발라야될듯..ㅎ"
2026-07-27,A000000248529,63273126,2026.07.25,5,0,NORMAL,03 네이키드 넛,A04,B03,C01,0,1512.0,1,0,doota,"쫀쫀하고 두툼한시럽느낌의 제형
급 오프/온라인 품절이라 발품으로 픽업으로겨우구한ㅋ
색깔이 누디한게 느므이쁨
일단 바른적없는거보면 관상용임✨️"
2026-07-27,A000000248529,60893359,2026.06.05,5,0,NORMAL,06 무아 (OY 단독컬러),A02,B04,"C05,C11",21,1350.0,1,0,프헤즈,"몬핑크 구매하고 너무 만족스러워서 무아 컬러도 구매했어요!

🎨 무아
저처럼 로즈 컬러 좋아하시면 무아 강추드려요..❤️
약간 채도 낮춘 뮤트한 생장미 컬러인데 분위기 있고 너무 예뻐요!

💄단독으로 바르는 것도 예쁜데 저는 이 조합들도 추천드려요 같이 바르면 진짜 예뻐요🥹🫶🏻
- 페리페라 분위기여신 베이스+무아 포인트 
- 헤라 누디스트 베이스+무아 포인트
- 퓌 요거트70% 베이스+무아 포인트 

- 몬핑크가 한 콧 바르면 여리여리한 살구핑크 느낌이라 몬핑크 바르고 안쪽에 무아 살짝 얹어주니 의외로 조합이 예뻤어요ㅎㅎ

🫧 제형은 손에서는 끈적임이 있나 싶은데 입술에서는 끈적임도 크게 느껴지지 않고, 광이 너무 예뻐요. 제가 제일 좋아하는 글로스는 삐아, 롬앤, 얼터, 투쿨인데 저랑 취향 비슷하시면 투크 글로스도 만족하실 거예요!

- 투크는 한번 꺼낸 양으로 충분히 바를 수 있어서 좋았어요. 플럼핑 효과는 적당히 있는 편이고, 향은 새콤달콤같은 달달상큼한 복숭아향이에요.

근데 몬핑크는 괜찮은데 무아는 약간 새는 것 같아요ㅜㅜ"
2026-07-27,A000000248529,62695695,2026.07.12,5,0,NORMAL,[NEW] 09 차이 티,A07,B05,"C01,C06",0,1134.0,1,0,정울겨,"투크 글로스 플럼핑 있거 도톰해서 굿임
차이티가 제일 맘에 듦 신상 중에서"
2026-07-27,A000000248529,62695576,2026.07.12,5,0,NORMAL,[NEW] 07 클라우드 그레이프,A07,B05,"C01,C06",0,1134.0,1,0,정울겨,"투크 글로스 플럼핑 있거 도톰해서 굿임
클라우드는 여뮽 ㅊㅊ드림"
2026-07-27,A000000248529,62466859,2026.07.07,5,0,NORMAL,04 베이비 버니,A04,B04,"C05,C09",2,1116.0,1,0,얌만두,"실짝의 화함은 있지만
플럼핑되는건 아니구
그냥 치약 묻은 화함
여쿨라이트톤도 쓰기 좋았던 립글이고
자극 하나도 없었어요
입술이 안따가움"
2026-07-27,A000000248529,63056735,2026.07.20,5,0,NORMAL,[NEW] 07 클라우드 그레이프,A04,B04,"C05,C08",0,1080.0,1,0,위안닝,"여름뮤트라 이런 색조만 주구장창 사는 중. . . . 약간 화한? 느낌 들긴 하는데 거슬릴 정도는 아님! 얘랑 색 비슷한게 뮤ㄷ 엔젤인데 둘이 비교해보면 투크가 더 맑고 쿨한, 그리고 연한 느낌이고 뮤ㄷ가 더 웜하고 딥합니당 그치만 둘 다 코팅용으로 쓰다보니 거의 차이점이 없어용
손 발색 기준 왼쪽이 투크 클라우드 그레이프 오른쪽이 뮤ㄷ 엔젤입니당"
2026-07-27,A000000248529,62346177,2026.07.05,4,0,NORMAL,01 베이지듀,A01,B03,"C01,C08",1,1050.0,1,0,또혀나,"투크는 케이스도 뭔가 좀 끌리게끔? 해놔서 그런지 디자인부터가 이미 좀 맘에 들었는데 색도 꽤 다양해서 고민을 좀 했는데 이 컬러가 구매 당시에 눈에 엄청 띄어서 이걸로 구매했어요.

우선 색이 제 피부 위에서는 피치보다는 살구가 좀 더 보이는 베이지 였는데 어케 보면 다른 분들이 말씀하신 것 처럼 구운 복숭아 이런 깔이 있기도 한듯..! 근데 전 갠적으로 복숭아도 물론 있겠지만 살구쪽이 좀 더 가까웠다고 느껴졌어요.

그리고 플럼핑이 생각보다 꽤 강해서ㅋㅋ 제가 갖고 있는 플럼핑 립이 얼마 없긴 한데 그 중에서는 꽤 강했어요. 매운건 아니지만 꽤 엇..?! 시원..! 이런 느낌? 

광은 그냥 어디에서 본 느낌의 광이긴 한데 나쁘지 않았어요. 립 많은 사람들은 뭔 느낌인지 알듯. 특출 나는건 없지만 색상 자체는 ㄹㅇ 예쁜듯. 근데 다만 향이 뭔가 상큼한 과일향 비슷한게 나는데 저는 화장품은 향 강한걸 별로 안좋아해서.. 약간 애매. 할인 많이 할 때 사시고 정가 주곤 굳이?"
2026-07-27,A000000248529,63147561,2026.07.22,5,0,OFFLINE,06 무아 (OY 단독컬러),,B06,,1,1008.0,1,0,냐냐냐앙,"제발 색 보고 가세요 🙏🏻
장미빛 로즈 색상 좋아하시면 무아 좋아할 것 같아요!
딱히 웜쿨 가릴 것 같지 않고 뉴트럴이 쓰면 제일 예쁠 것 같긴 합니다!"
2026-07-27,A000000248529,60754489,2026.06.03,5,0,NORMAL,04 베이비 버니,A04,B04,"C05,C09",12,918.0,1,0,얌만두,"애앰병 너무 이쁘잖아
여쿨라이트톤들 이거 써봐여 젭알
쿨톤이라고 맨날 보라끼 둥둥뜨는 컬러 넘 안어울렀는데
이거 딱 적당해서 이쁨 진짜 개이쁘다구우ㅜ"
2026-07-27,A000000248529,62211688,2026.07.02,5,0,NORMAL,05 몬핑크,A02,B03,"C08,C10",1,900.0,1,0,마이폼푸,"투크 볼륨 글레이즈 시럽 틴트 베이지 듀 색상 구매하고 너무 만족스러워서 몬핑크 색상도 구매했어요
🤭

바르자마자 컬러 그대로 올라와서 만족스러웠고,
광택감이 너무 예뻐서 말하기도 힘드네요 🫪🩷🧡

몬핑크인데 복숭아코랄 컬러느낌이 더 낭낭해요!!
발색 사진 참고하셔요

향은 새콤달콤 복숭아 향기가 나서 좋네요 🍑🩷"
2026-07-27,A000000248529,62977097,2026.07.18,5,0,OFFLINE,03 네이키드 넛,A01,B02,"C07,C13",0,810.0,1,0,뽀로로털에붙은진드기,촉촉하고 입술주름 부각이 없고 각질부각도 없어서 좋은거 같아요 향도 달콤한 복숭아향이 나서 부담감 없어요 착색도 조금 있는 편이에요 발랐을때 광이 이쁘고 입술에 화함이있는데 심하진않아서 시원하게 느껴집니다 저는 다시 사고싶은 제품입니다
2026-07-27,A000000248529,62209567,2026.07.02,5,0,NORMAL,[NEW] 07 클라우드 그레이프,A06,B04,C08,1,750.0,1,0,bluexparang,"시럽틴트라는 이름처럼 탱글탱글한 광택감이 매력적인 글로스인데 사용해보고 너모 마음에 들어서 전색상 드볼했습니닷✨
이번 신상 컬러들도 하나같이 예쁜데 클라우드 그레이프는 오묘한 분위기의 그레이시 뮤트 모브에요! 
요즘 유행하는 느낌의 멀멀립이지만 또 흔하지 않은 유니크한 색감이라 아주 추천드립니다🍇"
2026-07-27,A000000248529,63197983,2026.07.23,5,0,NORMAL,01 베이지듀,A02,B05,,0,660.0,1,0,오무오아,"이거 발색 완전 예뻐요🫶
입술에 올리면 완전 멀멀 입술되고 자연스럽고 예뻐요
완전 꾸덕한 질감이라 광택 진짜 ㄹㅈㄷ"
2026-07-27,A000000248529,62603939,2026.07.10,5,0,OFFLINE,01 베이지듀,A02,B03,"C01,C05",1,630.0,1,0,복숭어,색도 잘 뽑혔고 지속력도 좋아요 들고 다니기도 좋아용!!.
2026-07-27,A000000248529,61919035,2026.06.25,5,0,NORMAL,03 네이키드 넛,A03,B01,"C01,C02",2,630.0,1,0,홀리몰리올리몰리,"저번에 행사하는 내내 품절이었죠?
원래 사고 싶은 색은 이게 아니었는데 3호만 유일하게 주변 오프라인에 소량 있길래 샀었어요

첫인상은 예상했던 대로 저의 깔은 아니었어요. 브라운 립은 대체로 소화하기 힘들고 까다로워서요! 가을 타입인 분들은 찰떡일 거 같았슴다. 

구매한 이상 어떻게든 소모시켜야 하기 때문에 꾸준히 쓰는 중인데
다행인 건 어떨 땐 붉은 기가 잘 보여서 레드와 브라운의 오묘함이 꽤 마음에 들 때가 있어요! 이때 꽤 만족합니다✨

개인적으로 플럼핑의 시원함을 좋아해서 바를 때마다 은근하게 시원한 느낌의 사용감이 마음에 들어요. 슬슬 날 더워지니까 더 좋아요!!! 그리고 종종 맛없거나 쓴 립제품🤢 있던데 얘는 ㄱㅊ아요. 간혹 접하는 쓴 립들 때문에 이젠 뭔 틴트 맛 평가하고 있네요 허허

광택 장난 아니고요? 보습감도 좋아요. 착색도 좀 있었어요. 
과한 착색 틴트를 요즘 안 좋아해서 여러모로 제품력 만족했어요!
색상만 원하는 걸로 구매하면 ㄱㅊ을 거 같아요
행사가도 딱 좋습미다 이거지예"
2026-07-27,A000000248529,61860348,2026.06.24,5,0,NORMAL,01 베이지듀,A03,B05,"C02,C05",4,630.0,1,0,김소온,"진짜 너무 예뻐서 네이키드넛, 몬핑크까지 품었어요… 시럽광은 아니고 도톰광이에요 
베이지듀는 첨부한 사진보다 조금 더 밝구요
형광기 안어울리는 가을뮤트가 쓰기 좋은 뽀용의 마지노선 느낌! 개인적으로 플럼핑 있는 립 호여서 더 좋습니다 ㅎㅎ"
2026-07-27,A000000248529,62991443,2026.07.19,5,0,NORMAL,[NEW] 09 차이 티,A02,B06,"C03,C04",0,594.0,1,0,올영400,틴트 바르고 위에 얹어주면 좋아요. 광이 정말 예쁩니다. 만족스러워요
2026-07-27,A000000248529,62875729,2026.07.16,5,0,NORMAL,04 베이비 버니,A03,B01,"C01,C06",0,594.0,1,0,미조이,바르자마자 이거다!! 확신하게 만드는 립 발견🤭💖 투크 완전 너무 잘하는 거 아닌가 다른 립제품들도 다 갖고 싶어짐
2026-07-27,A000000248529,62886423,2026.07.16,5,0,NORMAL,01 베이지듀,A01,B01,"C02,C05",0,540.0,1,0,귤까먹고싶다,이거진짜찐... 아무래도 글레이즈 시럽이니까 첨엔 너무 찐득한 느낌이라 좀 그랬는데 사용할수록 진짜 찐인걸 알게됨... 베이지듀 색 진짜 너무 이쁨... 산지얼마 안된거같은데 맨날 이것만 써서 벌써 다써서 새로 또 삼... 꼭 한번 사보세용...
2026-07-27,A000000248529,62981792,2026.07.18,5,0,NORMAL,06 무아 (OY 단독컬러),A01,B04,"C01,C02",0,495.0,1,0,복다니,"진짜 촉촉해서 오동통 입술 만들어줘여
뉴트럴은 완전 잘쓸듯! 확신의쿨톤인디 좀 뉴트럴하게 촉촉립 하고싶을때 짱임 안쪽에 한번 더 발라주면 더 이뻐유 !! 적당한 플럼핑효과도 굿~~~"
2026-07-27,A000000248529,61888424,2026.06.25,5,0,NORMAL,03 네이키드 넛,A02,B04,"C01,C09",0,450.0,1,0,하현달,"info) 노란피부 17호 여름쿨라이트

제 베스트톤은 아니지만 *.* 네이키드 넛이 너무너무 예뻐보여서 그만 구매했었네요. 확실히 잘 구운 베이지 색감이라 저보단 가을웜 분들이 분위기있게 잘 어울리실거 같아요. 그래두 요 제형이 맑은 광감과 함께 컬러가 표현되기 때문에 막 워스트로 느껴지진 않았어요 

약간의 시원한 플럼핑이 있고, 글로스제형이지만 끈끈함이 덜해서 편하게 잘 쓰고 있어요💗 글로스를 막 좋아하는 편은 아닌데 몇가지 잘 쓰는 글로스 중 하나에요"
2026-07-27,A000000248529,61880478,2026.06.25,5,0,NORMAL,[NEW] 09 차이 티,A03,B03,"C07,C09",3,450.0,1,0,올영골드루미즈,"진짜 꿀광립 그자체.. 🍯
올영 알바하면서 고객분들께 립따 진짜 많이 당하는 투크 차이티 … 🫶🏻 너무너무 이쁘고 이게 물먹 꿀광 레전드에요
원래 그라데이션 립 좋아해서 열에 녹고 흐느적? 거리는 글레이즈 립 싫어하는데 이건 달라요 진짜.
어느정도 점도?가 있어서 바른그대로 있어요 그래서 그라데이션 립도 연출 SSAP 가능 ✌️🔥 (물론 착샏은XX)"
2026-07-27,A000000000207,62485639,2026.07.07,5,0,GIFT,[기획]페퍼민트(475+300+60)ml,A05,B01,"C02,C03",4,1620.0,1,0,민듀듀030,"여름만 되면 생각나는 바디워시에요.
이걸로 샤워하면 몸이 추워져서 따뜻한 물이 절로 생각나는!
여름에 쓰기에도 좀 건조하다고 느껴지지만 바디로션으로 보습하는 걸로 하고, 여름엔 최고..!
기존에 사용하던 것보다 용량이 작은걸로 잘못주문했으나 금방 사용하니 재주문해야겠어요."
2026-07-27,A000000000207,62201751,2026.07.02,5,0,NORMAL,[기획]페퍼민트(475+300+60)ml,A02,B04,"C01,C04",14,1464.0,0,0,시육,여름에 몸에서 나는 쉰내 기름냄새 호르몬 냄새 싹 빼줍니다 허브 성분 베이스여서 그런가 확실히 인간 잡내 제거에 탁월합니다
2026-07-27,A000000000207,62919198,2026.07.17,3,0,OFFLINE,라벤더 475ml,A02,B03,C11,1,1116.0,1,0,코덕이될거야,세정력은 엄청 좋은데 제가 건성이여서 그런지 세정 후 피부 당김이 조금 있었어요 저처럼 건성이신 분들께는 비추이지만 지성이신 분들은 잘 맞으실 것 같아요!
2026-07-27,A000000000207,62618468,2026.07.10,5,0,NORMAL,[기획]페퍼민트(475+300+60)ml,A01,B01,C01,7,756.0,1,0,뚱시링,너무 좋아요 바로 시원해지는 느낌 습하고 더운 여름철 딱이네요 베리 굿굿 완전 따봉
2026-07-27,A000000000207,62917884,2026.07.17,5,0,NORMAL,[기획]페퍼민트(475+300+60)ml,A01,B05,"C01,C02",0,675.0,1,0,갸루지망생,"2년 전에 추천 받앗은데 이제 삿어요! 다들 이거 쓰면 춥다 하길래 첨엔 엥? 햇음 근데 씻고 나오니까 확 체감됨
공기가 개차가움
확실히 여름에 쓰기 조은 듯!!

민트 향이 강해서 체취 싹 잡아준단 말이
뭔 소린 지 알 것 같애요
머리 말리는데도 민트 향이 남
민트향 얼마나 세냐면
씻고 나왔는데 엄마가 뭐 이렇게 박하 향이 나냐; 했을 정도 

저같경 유분 개많아서 여름 되면 무조건 쓸 듯!!"
2026-07-27,A000000000207,62637289,2026.07.11,5,0,NORMAL,페퍼민트 475ml,A02,B01,"C01,C02",1,540.0,1,0,미야코코,"지성피부로 페이스관리와 등드름이 있는 남편의 최 애 페퍼민트 닥터브로너스 제품이에요. 큰용량과 중간크기  작은양까지 집에서 여행갈때도 꼭 챙겨 다니는 워시에요. 유칼립투스향운 이 제품 보더 향이 더 강해서 아주 상쾌함을 느끼고 싶을때, 평소에는 페퍼민트를 늘 사용하는데 얼굴과 몸이 깨끗해지고 몸냄세도 좋아요."
2026-07-27,A000000000207,60682854,2026.06.02,4,0,NORMAL,페퍼민트 475ml,A03,B06,"C03,C04",2,450.0,1,0,공웅,막 주변에서 이거 쓰면 진짜 춥다고 그랬는데 솔직히 추운 거는 좀 과장 됐고 엄마는 목캔디 같이 화한 느낌이 든데요. 저도 은은한 화한 느낌이 들었어요. 그리고 되게 뽀득뽀득 지성인분들한테 좋아요. 그리고 거품이 엄청 잘생겨요. 조금만써도됨!!
2026-07-27,A000000000207,62921540,2026.07.17,5,0,NORMAL,[기획]페퍼민트(475+300+60)ml,A04,B04,,0,396.0,1,0,Prologue,여름에 쓰기 좋은 바디워시라고 해서 선물용으로 구입했어요. 향만 맡아봤는데 시원하고 좋네요. 패키징도 마음에 들어요.
2026-07-27,A000000000207,62790259,2026.07.14,5,0,NORMAL,전용펌프(950/475ml공용),,B01,"C01,C02",0,396.0,1,0,피부쁨쁨,"닥터브로너스 캐스틸솝을 쓰려면 필요한 펌프에요
캐스틸솝 구입시 증정하는 경우도 있지만 보통 별도 구매입니다
페퍼민트랑 같이 쓰랴고 주문했어요"
2026-07-27,A000000000207,63227037,2026.07.24,5,0,OFFLINE,[기획]페퍼민트(475+300+60)ml,A04,B05,"C02,C04",0,360.0,0,0,Imkm,"샤워할 때 사용하면 시원한 쿨링감이 느껴져 여름에 특히 만족스러웠습니다. 세정력이 좋지만 피부가 심하게 건조하지 않았고, 운동 후 사용하면 상쾌한 느낌이 오래 유지되었습니다. 대용량이라 오래 사용할 수 있고 거품도 풍성하게 나서 만족합니다."
2026-07-27,A000000000207,62602962,2026.07.10,4,0,NORMAL,[기획]페퍼민트(475+300+60)ml,,,,3,270.0,1,0,Leilani,"예전에 대용량으로  10통넘게 썼던제품인거 생각나서 오랜만에 구매했는데 여전히 뽀득뽀득하고 거품잘나요 펌핑기를 따로 구매해서 썼는데 기획으로 나와서 따로 안사도되서 좋았지만 보통 이렇게 같이 주면 길이가 맞으니까 의심없이 끼웠다가 훨씬길어서 바디워시액 뚝뚝 다흐르면서 잘라서 넣느라 당황..
씻어서 다시말려서 자르기엔 시간이 걸리니까 알콜솜으로 대충닦고 자르느라 넘 찝찝했어요!
길이조절해서 넣으라고 문구라도 한줄 적어주지...혹시나 아직 안산분들 이 리뷰보고 구매하셨다면 꼭 미리 잘라서 펌핑기결합하세요  
올영에서는 올영픽_바디워시라고 적혀있지만 닥터브로너스 원래 올인원타입이라 한창 유분기올라올땐 폼클대용으로도 썼는데 괜찮았어요
악건성만 아니면 막쓰기 편한 물비누라 편함."
2026-07-27,A000000000207,63190534,2026.07.23,5,0,NORMAL,페퍼민트 475ml,,B06,"C05,C07",0,240.0,0,0,훠궈롭다,"등드름 때문에 주황색 써보고 두번째로 이거 사용해 보는데
여름에 진짜 쿨링감 장난 아니고 씻고 나오면은 추워요...
근데 또 수분감이 어느 정도 느껴져서
막 건조 하지는 않아서 더 좋은거 같애요
여름에 향기 있는 거 쓰면 좀 부담스러운데 이거는 향도 시원해서 손이 자주 갑니다"
2026-07-27,A000000000207,62201287,2026.07.02,5,0,NORMAL,베이비 마일드 475ml,,,,0,198.0,1,0,미니사랑이,세일 할때 못 사고  비쌀때 사서 아쉽지만 잘 사용하고 있습니다.  세정력 좋습니다.
2026-07-27,A000000000207,62124713,2026.07.01,4,0,NORMAL,라벤더 475ml,A03,B01,"C02,C03",0,198.0,1,0,bibia****,처음 구매한 제품인데 나쁘지않은거 같아서 만족하면서 샤워하고 있어요 향도 좋고 거품도 잘나고 한 통 다 비우면 다른 향으로 구매해보려구요!
2026-07-27,A000000000207,61950210,2026.06.26,5,0,NORMAL,페퍼민트 475ml,A03,B05,"C01,C04",0,198.0,1,1,핑쿠잉,보습을 기대하지말구요 여름에 반드시 필요한 바디워시에요 온몸이 에어컨속에 있다 나온거 처럼 엄청 시~~~~~~~~원합니당
2026-07-27,A000000000207,60681785,2026.06.02,5,0,NORMAL,페퍼민트 475ml,A03,B05,"C01,C04",0,198.0,1,0,핑쿠잉,쿨링감 대박 한여름 땀 한바가지 흘리면 샤워시 사용하면 에어컨 못지않게 시원해요
2026-07-27,A000000000207,63060572,2026.07.20,4,0,OFFLINE,페퍼민트 475ml,,,,0,176.0,1,0,ivcat1004,뒷목이 서늘해 진다고 해서 샀ㄴ대… 생각보다 안쉬원하고 가끔씩 어떻게 씻어서 그런지 모르겠지만 진짜 가끔씩만 시원해요
2026-07-27,A000000000207,61644369,2026.06.19,5,0,NORMAL,페퍼민트 475ml,A03,B02,"C01,C03",0,165.0,1,0,웅주주,"여름엔 무조건 구매하는 페퍼민트
체감온도 떨어트려줘서 최고"
2026-07-27,A000000000207,63290116,2026.07.26,3,0,OFFLINE,페퍼민트 475ml,,,,0,120.0,0,0,stellamarine,주6일을 30분거리 걸어서 출퇴근하다보니 땀 범벅이라 샀어요. 이걸 거품기에넣고 짜면 거품이 나와서 얼굴부터 전신 다 사용가능한데요. 찬물로 헹구면 너무 시원합니다. 다만 이런제품 특성상 보습력은 없구요. 향도 박하 비슷한 향이라 시원하고 좋습니다. 여름시즌이면 재구매할것 같습니다
2026-07-27,A000000000207,63263940,2026.07.25,5,0,NORMAL,[기획]페퍼민트(475+300+60)ml,,,,0,120.0,1,0,dahe****,"솔직히 일반 바디워시 3~4배 정도면 사면서도 꽤 비싼거 아닌가 싶었는데

요즘은 이거 쓰는 대신에 냉방비 아낀다고 생각하니까 되게 쌉니다.

여름이라 멘톨 들어간 바디워시 찾았는데 이게 올영에서 평이 제일 많아서 사봤어요.

옛날에 한 5년 정도 전에 다른 바디워시 썼을 땐 시원해서 좋긴 했는데 피부가 엄청 말라지더라구요, 지성인데도 그랬어요.

근데 이번거는 쓰고 나서도 되게 시원한데 피부가 그만큼 마르고 거칠어지지 않아서 좋았어요. 특유의 호올스같은 페파민트 향도 좋아요.

엄마도 써보니 합성 첨가물이 많지 않은 느낌이라 좋다고 자기도 써본다고 했는데 확실히 엄청 시원하다고 동생도 써보라고 하나 더 샀어요, 큰걸로요.

식물성 오일이 많이 들어있다더라구요. 많이 흐르는 제형이라(거즘 물이랑 점도가 비슷함) 이게 거품이 많이 날까 했는데 바디타올에 몇번 비비면 거품 많이 나요.

바디타올에 거품내고 뒷목 쓱쓱 닦아주면 엄청 시원해서 등골이 오싹해져요. 다만 멘톨 특성상 피부에 많이 남아있으면 따갑게 자극이 올라오기 때문에 꼼꼼이 행궈줘야 합니다.

세정력 좋아요. 피부 살짝 지성인데 쓰고 나면 개운하고 피부에 남는 느낌이 많이 없어서 좋아요.

씻고 난 직후는 진짜 문자 그대로 추워요. 어제 저녁에 31도 넘었는데 집에 에어컨 틀었냐고 물어볼 정도였어요. 

저녁에 동생 후기로는 온몸에 안티푸라민 바른거같이 시원하다고 동생도 아빠한테 추천했대요.

다만 같이 오는 펌프가 475밀리에 맞는 게 아니라 900밀리용인거 같더라구요, 입구는 딱 맞는데 호스 길이가 병보다 조금 더 길어서 힘으로 넣었어요.

작게 온 샘플용은 수영 다니면서 쓰려구요. 큰거 줄여놓은거 같이 작고 귀여워요."
2026-07-27,A000000000207,62917041,2026.07.17,5,0,NORMAL,[기획]페퍼민트(475+300+60)ml,,,,0,99.0,1,0,jiyou****,"오늘드림으로 주문했어요 
시원하다는 리뷰가 많아서 주문했어요~ 
리필도 들어 좋아요 기대됩니다"
2026-07-27,A000000000207,60373847,2026.05.30,5,0,NORMAL,페퍼민트 475ml,,,,0,99.0,1,0,대치동ENTJ,좋아요  순하고 잘닦이고 건조하지않고  사용감도 좋고  성분도 맘에 듭니다ㅎ
2026-07-27,A000000000207,61946763,2026.06.26,4,0,OFFLINE,페퍼민트 475ml,,,,1,90.0,0,0,stellamarine,"30대여성, 땀 많이흘림, 피부는 지성에서 건성으로 바뀜.  땀이 많아서 샀는데 이거쓰고 찬물로 헹구면 시원해요. 또 세일하면 살 의향 있어요. 이런 쿨링제품이 다 그렇겠지만 보습은 잘안됩니다(기대도 안함). 향도 시원한 향이라 굿입니다"
2026-07-27,A000000000207,63129706,2026.07.22,5,0,NORMAL,[기획]페퍼민트(475+300+60)ml,,,,0,88.0,1,0,hell****,"역시나 듣던대로 너무 쿨하고 좋네요.
와 이걸 이제사 알았네요"
2026-07-27,A000000000207,63343765,2026.07.27,5,0,NORMAL,[기획]페퍼민트(475+300+60)ml,A06,B06,C05,0,72.0,0,0,프로즌,여름 필수템임 진짜로.. 쿨링 미쳐서 여름에 꼭 써야 됨 ㅠㅠ
2026-07-27,A000000000207,63135747,2026.07.22,5,0,NORMAL,[기획]페퍼민트(475+300+60)ml,A04,B02,"C01,C03",0,72.0,0,0,한리버뷰,"보습 생각하고 산 바디워시는 아닌데 할때는 엄청 시원하고, 샤워하고 나면 촉촉한 편이에요"
2026-07-27,A000000000207,63082349,2026.07.21,5,0,NORMAL,페퍼민트 475ml,,,,0,72.0,0,0,한라봉요거트,뽀득뽀득한 사용감과.. 호불호가 갈릴 수 있는 민트향인데 이걸 이기는 쿨링템은 아직 못 찾았어요.. 사실 만족스러워서 안 찾은 거긴 한데.. 아무튼 작은 용량 하나 사면 여름 내내 잘 써요
2026-07-27,A000000000207,63060577,2026.07.20,5,0,OFFLINE,페퍼민트 475ml,A02,B06,,0,72.0,0,0,쿠땅,이거 샀는데 엄마랑 동생이 다씀. ㄹㅇ 여름에 없으면 죽음.
2026-07-27,A000000000207,63005613,2026.07.19,5,0,NORMAL,베이비 마일드 475ml,,,,0,66.0,1,0,whityl****,씻고난 후에도 많이 건조하지 않고 향 무난하고 은은해서 애용하고 있는 바디워시에요.
2026-07-27,A000000000207,62931626,2026.07.17,5,0,NORMAL,[기획]페퍼민트(475+300+60)ml,,,,0,66.0,1,0,qns****,여름에 쓰면 시원해서 재구매했어요 펌프까지 들어있어서 좋습니다
2026-07-27,A000000219553,63203243,2026.07.23,5,0,NORMAL,[텔레토비] 1+1기획 (+피규어 1종),A03,B01,"C08,C09",3,3672.0,1,0,흰빛,텔레토비가 너무너무 귀여워요 정말 귀여워서 좋았어요 선크림은 촉촉하고 부드럽게 발라졌습니다 수분감이 좋았고 끈적임도 없어서 좋았어요 계속 잘 사용할 것 같아요
2026-07-27,A000000219553,63211075,2026.07.24,5,0,NORMAL,1+1 기획 (+25ml),A02,B04,"C01,C02",0,1200.0,1,0,군밤이,"고딩때부터 10통넘게 써온 악건성추천 화잘먹촉촉선크림

1️⃣촉촉한 수분감
선크림을 바르면 건조하거나 뻑뻑한 제품도 있는데, 구달 맑은 어성초 수분 선크림은 바르는 순간부터 촉촉한 수분감이 느껴져서 정말 만족스러웠어요. 피부가 편안하고 촉촉하게 유지되는 느낌이라 매일 부담 없이 손이 가는 선크림이에요.

2️⃣산뜻하고 편안한 사용감
촉촉한데도 답답하거나 무겁게 느껴지지 않고 피부에 부드럽게 발려서 좋았어요. 백탁이 심하지 않고 자연스럽게 피부에 밀착되는 느낌이라 데일리 선크림으로 사용하기 딱 좋더라고요.

3️⃣화장이 정말 잘 먹어요!
개인적으로 가장 마음에 들었던 부분이에요! 선크림을 바른 후에도 피부가 촉촉해서 그런지 화장이 정말 잘 먹고 밀림이나 들뜸이 적어서 만족스러웠어요. 메이크업 전에 발라도 피부가 푸석해 보이지 않고 촉촉한 베이스가 만들어져서 화장하기 전 필수템이 됐어요.

4️⃣어성초 성분으로 편안한 데일리 케어
평소 피부 컨디션에 따라 예민하게 느껴질 때도 있는데, 이 제품은 촉촉하고 편안한 사용감이라 데일리로 사용하기 좋았어요. 자외선 차단은 물론 피부에 수분감까지 챙길 수 있어서 아침 스킨케어 마지막 단계에 꼭 사용하고 있어요.

5️⃣평생 구매 의사 💚
촉촉하고 산뜻한데 화장까지 잘 먹는 선크림을 찾고 있다면 정말 추천하고 싶어요! 선크림 특유의 답답하고 건조한 느낌 없이 촉촉하게 발리고, 메이크업도 예쁘게 잘 올라가서 요즘 매일 손이 가는 제품이에요. 촉촉함, 사용감, 메이크업 궁합까지 모두 만족스러워서 재구매하고 싶은 선크림입니다! 앞으로도 평생 사용할 것 같아요 😊"
2026-07-27,A000000245442,60523473,2026.06.01,5,0,NORMAL, ,A02,B04,"C04,C05",8,1530.0,0,0,레몬맛우유,식이섬유가 몸에 좋다길래 구매해서 샀는데 벌써 한달이 훌쩍 지났네요 ㅎㅎ 생각보다 챙겨먹는데 오래 안걸렸고 일단 먹기편하고 위에 부담이없어서 좋았어요! 영양제나 보조제같은 경우 위약하면 먹기 거북한게 많은데 먹으면서 불편하지않아서 만족!
2026-07-27,A000000245442,63163151,2026.07.22,4,0,NORMAL, ,A03,B06,"C01,C03",0,792.0,1,0,통장털어찐템찾기,야채 잘 안 챙겨먹는 편이라 식이섬유 챙겨먹기 좋음 가격이 조금 있는 편
2026-07-27,A000000245442,62804936,2026.07.14,5,0,NORMAL, ,A01,B02,C01,0,675.0,1,1,아니지리지,"평소 채소를 자주 챙겨 먹지 못해서 식이섬유 보충용으로 스톰 식이섬유주문 했어요 하루에 간편하게 챙겨 먹을 수 있어 꾸준히 먹기 좋았고, 알약 크기도 부담스럽지 않아 목 넘김이 편했고 식단 관리와 함께 섭취하니 한결 가볍고 편안한 느낌이 들어 좋아요~ 바쁜 일상 속에서도 손쉽게 식이섬유를 보충하고 싶은 분들에게 부담 없이 추천하고 싶은 제품입니다^^"
2026-07-27,A000000245442,63015913,2026.07.19,5,0,NORMAL, ,A04,B03,"C05,C08",0,594.0,1,1,코코몽66,간편하게 식이섬유를 챙겨먹을 수 있어 좋고 정제도 작아서 먹기 좋습니다.
2026-07-27,A000000245442,63113042,2026.07.21,5,0,NORMAL, ,,,,0,528.0,1,0,유르르르르,"여행갈때 챙겨가면 딱이예여 
식이섬유라서 야채못먹을때 이거 먼저먹고 
식사합니다 ㅎㅎ 😃"
2026-07-27,A000000245442,61837340,2026.06.23,3,0,NORMAL, ,A02,B03,C01,0,378.0,1,0,뿌링클뿌,"야채를 먹기싫어서 구입했는데
이거 챙겨먹는것도 까먹는건 매한가지더라"
2026-07-27,A000000245442,61836844,2026.06.23,4,0,NORMAL, ,A04,B03,"C01,C10",0,378.0,1,0,그만사라밍,"야채 못챙겨드시는 분들
식이섬유를 이걸로 챙겨드시면 될것 같아요 
가격이 좀 비싼거 같아요"
2026-07-27,A000000245442,60894314,2026.06.05,5,0,NORMAL, ,A01,B02,C01,0,225.0,1,0,아니지리지,거창한 체중조절 보조제보다 훨씬 건강한 방식으로 내 몸의 리듬을 찾아주는 제품이라는 생각이 들었습니다. 한 달간 직접 겪어보니 &#039;식이섬유는 선택이 아니라 필수구나&#039;라는 걸 다시 한번 느꼈네요. 앞으로도 꾸준히 재구매해서 제 일상 루틴으로 정착시킬 예정입니다^^
2026-07-27,A000000245442,60476997,2026.05.31,4,0,NORMAL, ,A04,B01,"C05,C07",0,225.0,1,1,천하태평,"알약 크기도 적당해서 목넘김도 좋고 통통하게 두꺼운 알약이 아니라서 목에 붙지 않아서 좋아요. 
1달 섭취 후 재구매 했어요. 
식후에 섭취하고 있고 속이 편해진 느낌이 들어서 1달 더 먹어보려고 재구매했어요. 
정품 관련으로 리뉴얼되었다는 안내가 있는데 초록병으로 올 줄 알았더니 이번에도 또 하얀병으로 와서…정품이겠거니 하고 있어요. 
좀 더 먹어봐야겠어요."
2026-07-27,A000000245442,62034881,2026.06.28,5,0,NORMAL, ,A03,B06,"C01,C05",1,180.0,0,0,지구공원,"물론 과채류를 평소에 잘 챙겨먹는게 제일 좋겠으나 현실적으로 어려운 부분이 있으니 소소하게 식이섬유를 좀 챙겨먹어보려고 구매했었는데요. 2정씩 먹으면 좀 물배가 차는 면도 있어서 이것만 제외하면 나쁘지않았습니다.
역겨운 냄새도 없고 복용법도 간단하지만 한달분임에도 가격부담이 조금 있으니 한번 따져보셔요."
2026-07-27,A000000245442,60449310,2026.05.31,5,0,NORMAL, ,A02,B03,"C01,C02",0,165.0,1,1,고구마0603,간편하게 식이섬유를 챙기고 싶어서 선택했는데 휴대하기도 좋고 섭취도 편해요!!꾸준히 먹기 좋은 구성이라 부담 없이 관리할 수 있습니다~
2026-07-27,A000000245442,61915373,2026.06.25,5,0,NORMAL, ,A03,B02,"C05,C08",0,132.0,1,1,꽉꽉인데욥,알약크기도 적당하고 먹기도 편해요 꾸준히 챙겨먹으려고요 추천!!
2026-07-27,A000000245442,60540537,2026.06.01,5,0,NORMAL, ,A03,,,0,132.0,1,0,ㅎㅅㅎvv,"평소 식단을 보면 부족한 점이 많은데   하루 2정으로  식이섬유를 챙길수 있어 좋아요. 
알약의  크기도 너무 크지 않아 잘 넘어가요.
복용하고 나서 속 불편감도 없고 편했어요."
2026-07-27,A000000245442,63337627,2026.07.27,5,0,NORMAL, ,,,,0,120.0,1,0,suhun****,"바빠서 식단 챙기기 어렵고 매번 샐러드만 먹기도 어려워서 구매했습니다
평소에 채소 섭취량이 부족한데 식이섬유정 두 알만으로 하루 필요한 식이섬유를 챙길 수 있어서 너무 편해요
꾸준히 먹으니까 속이 더부룩한 느낌도 덜하고 장 건강도 좋아진 것 같아요"
2026-07-27,A000000245442,60272620,2026.05.28,5,0,NORMAL, ,,,,0,99.0,1,0,반달진,"음식으로만 식이섬유를 충분하게 섭취하기 힘들었는데, 챙겨 먹기 좋았답니다ㅎㅎ"
2026-07-27,A000000245442,62118121,2026.06.30,5,1,NORMAL, ,,,,0,90.0,0,0,annellocin,"제품을 제공받아 직접 사용해본 후 솔직하게 작성한 후기입니다.

나이가 들면서 식단 관리나 배변 활동이 예전 같지 않아 고민하던 중, 식이섬유 함량이 높은 이 제품을 추천받아 구매하게 되었습니다. 하루 한 번 가볍게 챙겨 먹는 것만으로도 부족한 식이섬유를 간편하게 채울 수 있어서 정말 만족스러워요.

정제 타입이라 가루날림이나 특유의 텁텁한 맛없이 깔끔하게 물과 함께 넘기기 좋습니다. 60정으로 한 달 동안 꾸준히 먹기 딱 좋은 용량인데, 며칠 먹어보니 확실히 아침마다 화장실 가는 게 편안해지고 아랫배의 더부룩함이 많이 줄어든 느낌이에요. 기름진 음식을 먹거나 과식한 날에도 잊지 않고 꼭 챙겨 먹고 있습니다. 성분도 믿을 수 있고 휴대하기도 편해서 앞으로도 꾸준히 챙겨 먹으며 관리해 보려고 합니다!"
2026-07-27,A000000245442,61571636,2026.06.17,5,0,NORMAL, ,A06,,"C02,C03",1,90.0,0,0,오이토마,"한 달 먹고 남기는 후기입니당!
평소에도 장 건강 때문에 식이섬유제품을 챙겨먹었는데, 스톰꺼가 확실히 먹기 편해요. 알약형태이고 사이즈도 작아서 목넘김에 부담 없어요. 다른 식이섬유제품들은 특유의 쿰쿰한 냄새가 나거나 텁텁해서 꾸준히 먹기 힘들엇거든요. 이거는 냄새가 거의 안나서 거부감이 덜해요. 그냥 다른 영양제 먹을 때 같이 삼키면 됩니다! 계속 먹으니 확실히 소화도 잘되구 장도 편안해요."
2026-07-27,A000000245442,63257916,2026.07.25,5,0,NORMAL, ,A04,,,0,72.0,0,0,js0727,항상 사는거에요 다 먹으면 또 사러 올께여ㅎㅎ 재구매탬이에여
2026-07-27,A000000245442,62751612,2026.07.13,5,0,NORMAL, ,,,,0,66.0,1,0,zmn****,속이 더부룩하고 불편해서 사 봤어요~~ 약 사이즈는 작아서 목 넘김은 좋네요
2026-07-27,A000000245442,58888405,2026.04.28,5,0,NORMAL, ,A02,B04,"C04,C05",7,63.9,0,0,레몬맛우유,"변ㅂ1 있는 가족한테 줬어요 당일은 효과 못보고 있는데 한 달 뒤능 어떨지 궁금해요. 일주일 정도 먹으면 악성 변ㅂ1 탈출할 수 있을거라고 생각하구 꾸준히 복용중
근데 변ㅂ1가 규제 단어라서 못 쓰는것도 신가하네요"
2026-07-27,A000000245442,63165606,2026.07.23,5,0,NORMAL, ,A02,B01,"C02,C03",0,60.0,0,0,흑당버블라떼,알약 크기는 작아서 목넘김 편하고 좋아요 꾸준히 먹고 있어요
2026-07-27,A000000245442,62499567,2026.07.08,5,0,NORMAL, ,,,,0,60.0,1,0,hanny****,"한 달 정도 꾸준히 챙겨 먹어봤는데 가장 만족스러웠던 건 화장실 가는 리듬이 한결 규칙적으로 바뀌었다는 점이에요. 평소 식이섬유를 충분히 챙겨 먹기 어려웠는데 간편하게 보충할 수 있어서 좋았어요.

알약 크기도 부담스럽지 않아 꾸준히 섭취하기 편했고, 속이 불편하거나 더부룩한 느낌 없이 무난하게 먹을 수 있었어요. 식단만으로 식이섬유를 채우기 어려운 분들이라면 꾸준히 챙겨 먹기 좋은 제품인 것 같습니다."
2026-07-27,A000000245442,62723287,2026.07.12,5,0,NORMAL, ,A02,B06,C05,0,36.0,0,1,청로가,식이섬유를 잘 못 챙겨 먹어서 구매했어요. 자주 먹을게요.
2026-07-27,A000000245442,62575850,2026.07.09,5,0,NORMAL, ,A04,B03,"C08,C09",0,36.0,0,0,챔서쨘,엄청 간편하게 식이섬유를 챙길 수 있어서 좋아요!! 야채 평소에 잘 안 드시는 분들에게 추천!
2026-07-27,A000000245442,62304339,2026.07.04,5,0,NORMAL, ,A01,,"C02,C04",0,36.0,0,0,치이카와왕,평소에 식이섬유를 다 섭취하기 힘들다보니 화장실 가기가 힘들어서 샀습니다 현재 일주일 정도 꾸준히 먹었는데 확실히 도움이 되는거 같아 꾸준히 먹을거같아요
2026-07-27,A000000245442,62204904,2026.07.02,5,0,NORMAL, ,A01,B04,"C06,C07",0,36.0,0,0,viphm530,꾸준히 관리하고 싶은 분들에게 잘 어울리는 제품인 것 같아요.
2026-07-27,A000000245442,57018806,2026.03.14,5,0,NORMAL, ,A04,B03,"C08,C12",2,31.5,1,0,팥팥팥,"내가 야채 안 먹고
운동 안 하는 등 식/생활 습관이 상당히 별로라.. 식이섬유를 따로 챙겨먹어보기로 했다

아침 먹고나서 2알만 먹어주면 돼서 간편하고 알약 크기가 작아 먹기 편해 좋음!

식이섬유 먹으면 가스는 차는데 배는 더부룩한? 경험 해본 적 있는데 요거는 그론 느낌이 없어 속 편하게 먹고 있음 ^^"
2026-07-27,A000000245442,56970850,2026.03.13,5,0,NORMAL, ,A04,B03,"C08,C09",3,31.5,1,0,챔서쨘,식이섬유정은 처음 챙겨먹는중인데요!! 식이섬유를 이렇게 챙겨먹을 수 있다는 자체가 넘 신기하더라구요 ㅎㅎ 배출하는 활동에 도움을 주는 느낌이 확실히 들고 장 컨디션 관리까지 시켜주는 느낌이라 더더 꼼꼼하게 챙겨먹게 되는 것 같아요 🤩👍🏻 업그레이드된 식이섬유배합으로 평소에 식이섬유 섭취가 부족하신 분들에게 완전 추천드리고 싶은 제품입니당✨
2026-07-27,A000000245442,62248754,2026.07.03,3,0,NORMAL, ,A04,B01,"C05,C07",0,30.0,0,1,천하태평,"2통째 섭취중인데 도움이 되고 있는지 모르겠어요. 
점심 식후에 꾸준히 먹고 있는데 더 먹어볼지는 고민이에요."
2026-07-27,A000000245442,62855402,2026.07.15,5,0,OFFLINE, ,,B04,,0,27.0,0,0,Dskskkaka,위가 안좋아서 뀨쥰히 먹으면 좋을 굿같아 구매해봤습니다!
2026-07-27,A000000258834,63225283,2026.07.24,5,0,NORMAL, ,A01,B03,"C01,C02",0,1512.0,1,0,ginn,"아토베리어 365 크림도 잘 써서 수딩 크림도 기대하고 구매했습니다(건성 기준)

확실히 사용감이 가볍고 수분감 잘 채워줘서 여름 낮에 사용하기 좋아요! 수부지까지 여름 낮에 츄라이해도 될듯합니댱"
2026-07-27,A000000258834,63080253,2026.07.20,1,0,OFFLINE,[기획]수딩크림(+토너25ml+클렌징폼),A04,B01,"C01,C04",4,984.0,1,0,러블리키,왜 리뉴얼 하신건가요..? 리뉴얼 전버전 너무 좋아서 비운것만 20통인것같은데.. 진짜 아쉬워요😔
2026-07-27,A000000223922,62540108,2026.07.09,5,0,NORMAL,[올영 단독] 11 캣츠 핑크 시럽,A06,B01,"C05,C06",15,4860.0,1,0,아리아리,"토니모리 워터풀 시럽 틴트는 색감이 예뻐 보여서 궁금했는데, 캣츠 핑크 시럽 컬러 보고 바로 골랐어요🐱💗

이름처럼 맑고 통통 튀는 핑크 느낌이라 바르자마자 얼굴이 확 생기 있어 보이더라고요ㅎㅎ 너무 형광핑크처럼 부담스러운 색은 아니고, 투명하게 올라오는 시럽 제형이라 데일리로도 충분히 예뻤어요.

발림성도 촉촉하고 입술 위에 얇게 착 올라가는 느낌이라 답답하지 않았고, 광택이 예쁘게 돌아서 입술이 탱글해 보이는 점이 제일 마음에 들었어요✨ 한 번 바르면 맑게, 두 번 올리면 핑크빛이 더 또렷해져서 기분 따라 조절하기 좋았습니다.

요즘 가벼운 메이크업할 때 이 틴트 하나만 발라도 분위기가 살아서 손이 자주 가요. 핑크 립 좋아하시는 분들께 추천합니다💕

제 후기가 도움이 되셨다면 도움이 돼요 꾸욱 눌러주세요🫶💗"
2026-07-27,A000000223922,63061418,2026.07.20,3,0,NORMAL,[포켓몬에디션] 05 사과시럽 기획,A04,B03,"C01,C02",2,2520.0,1,0,스킨토커,"촉촉한 제형이라 발림성은 좋았지만 생각했던 것보다 색감이 조금 탁하게 올라와서 손이 자주 가진 않았어요

지속력도 기대했던 것보다는 아쉬운 편이라 단독으로 사용하기에는 조금 부족하게 느껴졌습니다🥲

오히려 쌩얼이나 가벼운 메이크업에 촉촉하게 발라주기에는 괜찮았고, 다른 틴트와 함께 레이어드해서 사용하는 게 더 예뻤어요"
2026-07-27,A000000223922,62274039,2026.07.03,5,0,NORMAL, 01 밀크티 시럽,A02,B01,"C02,C03",3,1980.0,1,0,딩딩댕,"진짜 밀크티를 먹은 입술처럼 촉촉하고 부드럽게 만들어줘요
연하고 자연스러운 색상이라 자연스러운 메이크업을 하는 분들이 아주 좋아할 것 같아요
엄청 오일리한 입술을 만들어 줘서 쌩얼에도 아주 잘 어울리는 색상이에요
엄청 촉촉한 느낌이라서 저는 립밤 대신 으로도 자주 사용하는 거 같아요"
2026-07-27,A000000223922,63280043,2026.07.25,3,0,NORMAL,[올영 단독] 07 쿨 로즈 시럽,,,,0,1800.0,1,0,숭이는귀찮아효,"착색은 일단 레전드입니다 근데 지속력에서 아쉬운게
착색덕분에 지속은 오래가도 촉촉한 광이 오래가진 않아효..그래서 그런지 입술에 각질이 일어남효ㅜㅜ
그래서 립밤 바르고 다시 또 바르면 이전 착색때문에 너무 진하게 발려서 좀 그랬어효.."
2026-07-27,A000000223922,62735714,2026.07.13,5,0,NORMAL,07 쿨로즈시럽 기획 (+립 세럼 증정),A03,B05,"C06,C08",1,1674.0,1,1,ghjdclwm,"07 쿨로즈시럽은 맑은 로즈 핑크 컬러라 얼굴이 화사해 보였음. 시럽처럼 촉촉하게 발리면서 입술에 자연스럽게 밀착됐고, 맑은 광택이 오래 유지돼 만족스러웠음. 립 세럼까지 함께 구성돼 있어 더욱 알찬 기획이었음."
2026-07-27,A000000223922,62602973,2026.07.10,5,0,NORMAL,[포켓몬에디션] 09 웜로즈시럽 기획,A02,B05,"C03,C13",1,1260.0,1,0,갈웜코덕,겟잇틴트 워터플시럽은 각질 부각은 없으면서 지속력이 장난아니게 오래감. 밥먹고 양치하고 나도 입술색 남아있음. 요즘 여름 습기가 장난아니라 화장이 너무 빨리 무너지는데 요 제품 지금 날씨에 쓰기 너무 좋아서 색깔별로 구매하는중. 색도 예쁘게 잘 뽑힌듯. 09 웜로즈인데 24호 사용하는 가을웜톤인 나에게 찰떡궁합인 컬러임
2026-07-27,A000000223922,62847018,2026.07.15,5,0,NORMAL,08 그레이프 시럽,,,,0,1134.0,1,0,caprichoso,"토니모리틴트는 반신반의하며 살 필요없어요
이미 먹방하는분들사이에서도 간증템이고 그냥 발색보고맘에들면바로사면됩니다.

할인도 자주해주셔서 그저 빛ㅜㅜ 짬짬히 모으는데 넘 좋네요"
2026-07-27,A000000223922,62693219,2026.07.12,5,0,NORMAL,04 무화과시럽 기획 (+립 세럼 증정),A02,B05,"C01,C02",0,1134.0,1,1,천대담,"촉촉한 제형이어서 그런지 입술 위에 올렸을 때 부드럽게 잘 발립니다.

발림성도 좋고 색상도 엄청 진한 컬러가 아니기 때문에, 바쁜 아침에 엘리베이터에서 쓱쓱- 바를 때 잘 사용하고 있습니다."
2026-07-27,A000000223922,62642574,2026.07.11,5,0,NORMAL,04 무화과시럽 기획 (+립 세럼 증정),A06,B01,"C01,C05",3,1116.0,0,1,동글둥글동글,이렇게 촉촉하고 광이 영롱한데 지속력 좋은게 넘 신기해서 거의 2년째 계속 사서 발라요 ㅎㅎ
2026-07-27,A000000223922,62625846,2026.07.10,5,0,NORMAL,07 쿨로즈시럽 기획 (+립 세럼 증정),A03,B01,"C01,C02",3,1116.0,1,1,닉네임공백제외,맑고 투명한 장미색이 입술에 부드럽게 스며들어 자연스러운 생기를 줘서 만족해요 끈적임 없는 촉촉한 시럽 광택이 입술을 도톰하고 예쁘게 연출해 줘서 데일리 립으로 대만족입니다! 수분오일 함유해서 촉촉해요
2026-07-27,A000000223922,62621861,2026.07.10,5,0,NORMAL,[포켓몬에디션] 09 웜로즈시럽 기획,A02,B01,"C01,C06",1,1116.0,1,0,m튤립,"이름은 웜로즈이지만 쿨톤에도 꽤나 잘 어울려용
포켓몬 기횟 드뎌 구매성공했어요!! 키링 달 수 있게 윗부분에 고리가 있어요
전에 쓰던 키링 달고 데일리립으로 쓰려합니더"
2026-07-27,A000000223922,62587649,2026.07.10,5,0,NORMAL,[올영 단독] 11 캣츠 핑크 시럽,A03,B05,"C01,C02",1,1116.0,1,0,kaiseree,"제품 잘 받았어요~
토니모리 틴트 즐겨 쓰는데 이번엔 없는 컬러 골라보다 핑크톤이 없어 구매해봤어요~
웜톤이긴해도 요즘같은 시기에 발라도 나쁘지 않네요.
수분감도 좋고 살짝 발라주면 자연스럽게 착색되서 부드럽고 맘에 들어영."
2026-07-27,A000000223922,62530377,2026.07.08,5,0,NORMAL,04 무화과시럽 기획 (+립 세럼 증정),A03,B02,"C09,C10",1,1116.0,1,0,이걸샀지뚜두뚜두,"여름에 너무 시럽광은 좀 그렇다 하는 분들께 좋을것 같네용 ㅎㅎ
이뻐요 &gt;&lt;
촉촉인데도 착색이👍👍"
2026-07-27,A000000223922,62446791,2026.07.07,5,0,NORMAL,[포켓몬에디션] 07 쿨로즈시럽 기획,A01,B05,"C01,C05",3,1116.0,0,0,제로콜리,"이번에 토니모리 이 갈아서 잇몸밖에 안남았겠음...
색도 예쁘고 지속력 오래 가서 만족합니다 !"
2026-07-27,A000000223922,62302041,2026.07.04,5,0,NORMAL,04 무화과시럽 기획 (+립 세럼 증정),A03,B05,"C01,C02",2,1116.0,1,1,kaiseree,"잘 받았어요!! 워터풀시럽 틴트가 수분감도 좋고 착색이 자연스럽게 오래 지속되서 맘에 들어요.
촉촉하게 입술이 반짝이는 표현감이 좋은거 같아요.
무화과컬러도 산듯하니 맘에 드네요~"
2026-07-27,A000000223922,62812123,2026.07.14,5,0,NORMAL,14 달콤허니시럽 기획,A03,B03,"C01,C02",0,945.0,1,0,세로하,달콤허니시럽 새로 나온 색상이길래 구매해봤어요! 약간 멀멀한 채도 빠진 누드톤립이라서 손이 잘 갈것 같아요! 요즘 멀멀립이 유행인데 토니모리가 색을 너무 잘 뽑아서 좋습니당
2026-07-27,A000000223922,62772327,2026.07.14,5,0,NORMAL,04 무화과시럽 기획 (+립 세럼 증정),A04,B02,C08,0,945.0,1,1,이이으이이,"봄웜라이트 여러분들 
무화가 시럽 꼭 사세요
색 둥둥안뜨고 진짜 찰떡이예요
촉촉한데 지속력은 또 갑입니다
색 그대로 착색되서
위에 립글로즈만 발라주면됨"
2026-07-27,A000000223922,62764907,2026.07.13,5,0,NORMAL,[포켓몬에디션] 09 웜로즈시럽 기획,A03,B03,"C01,C02",0,945.0,1,0,세로하,"웜톤에게 추천하는 톤다운된 로즈색상이에요! 애프리콧쇼킹이나 피치쇼킹을 베이스립으로 바르고, 중앙에만 웜로즈시럽을 바르면 물먹립되고 광택돌아서 예뻐요!"
2026-07-27,A000000223922,63041371,2026.07.20,5,0,NORMAL,[올영 단독] 05 사과 시럽,,,,0,900.0,1,0,고지성,요즘 틴트 고민이 많아서 올리브영에서 구경하다가 구매해 봤는데 색깔이 아주 마음에 들어요. 은은한 광이 올라오면서 유지력도 좋아서 아침에 바르면 점심까지 남아 있어요. 촉촉해서 건조함이 없어요. 입술 각질도 일으키지 않아서 아주 만족합니다.
2026-07-27,A000000223922,62688751,2026.07.12,5,0,NORMAL,[올영 단독] 11 캣츠 핑크 시럽,,,,0,900.0,1,0,집순이87,"깔별로 사서 모으는 중 
토리모리 립은 진짜 휘뚜루마뚜루 쓰기 너무 좋음

촉촉하고 착색도 발색도 너무 좋은데다
가성비도 좋아서
계속 손이 가고 계속 모아지는 것 같음 ㅎㅎ

이번에 산 색은 은은하게 입술에 생기 돌아보이게 만드는 색임

진하게 쓰고싶으면 아래에 진한 틴트로 색 깔아주면 됨"
2026-07-27,A000000223922,62591902,2026.07.10,5,0,NORMAL,[기획] 04 무화과 시럽,,,,0,900.0,1,0,caprichoso,"멀멀한듯 하면서도 여름에 너무 무겁지않아서 데일리로 쓰기에 딱 좋은 컬러!
반짝윤광마무리되니 생기있어보이고 각질부각없어서 너무 좋아요
워터풀시럽은 촉촉하게 마무리되면서도 색감은 너무너무 예뻐서 전색상 모으고 싶은 정도에요
세일할때마다 하나씩 사모으는 재미가 있습니다."
2026-07-27,A000000223922,62575711,2026.07.09,5,0,NORMAL,[포켓몬에디션] 09 웜로즈시럽 기획,A03,B01,"C03,C04",0,900.0,1,0,youngmo95,"벌써 여러번 재구매한 제품인데요!
토니모리 시럽은 정말 만족스러운+!! 최애템이에요! 

지속력도 발색도 넘 맘에들구요! 
색상도 여러개 구매했는데 다 정말 마음에 들었어요!~ ㅎㅎㅎ 
가끔 기획제품 나오는데 그때마다 구매하는 것 같아요~ 
쇼킹과 시럽 적절히 레이어드하면 색도 이뿌고 디테일도 더 사는 것 같아 함께 구매하고있어요! ~

조만산 새로운 기획템으로 또 구매하지 않을까 싶어요! ㅎㅎㅎ"
2026-07-27,A000000223922,62407732,2026.07.06,5,0,NORMAL,04 무화과 시럽,A04,B02,C05,0,900.0,1,0,가을웜톤뿌링이,멀멀립 찾았어요! 워터틴트 촉촉한데 게다가 시럽인데도 착색도 대박. 지속력이 오래가요. 테스트한다고 잠시 발라두었는데도 이정도 착색력.. 지속력 오래간다는 틴트 중에 믿을 만한 제품 없었는데 역시 토니모리네요!!! 사실 시럽이라 그리 기대하지 않았는데 이정도 컬러랑 착색이면 베이스 안해도 될 것 같아요. 사진은 너무 채도가 너무 높게 나왔어요. 실제로는 완전 멀멀립입니다~ 틴트도 이렇게 예쁜 컬러가 나오다니 대대대만족입니다:)
2026-07-27,A000000223922,62355030,2026.07.05,5,0,NORMAL,[김고은PICK] 03 피치 시럽,A01,B02,C01,0,900.0,1,0,kjg9501,"평소 입술 각질이 심해서 립 제품 고르기 까다로운데, 이건 각질을 수분으로 싹 재워줍니다. 촉촉함이 겉에서만 맴도는 게 아니라 입술 속까지 스며드는 느낌이라 입술이 아주 편안해요. 건조할 때마다 립밤 대신 수시로 덧발라주기 좋은 투명하고 맑은 틴트입니다."
2026-07-27,A000000223922,62326111,2026.07.04,5,0,NORMAL,[포켓몬에디션] 09 웜로즈시럽 기획,A03,B02,"C01,C02",0,900.0,1,0,Haisley,올영 특가로 만났는데 진심 대만족입니다. 시럽처럼 맑고 촉촉하게 얹어지는 발림성이 너무 부드럽고 편안해요. 은은하면서도 생기 있는 웜로즈 발색이 정말 예쁘고 자연스럽습니다. 무엇보다 수분감 가득한 제형인데도 지속력이 오래 유지가 돼서 놀랐어요. 입술도 촉촉하고 하루 종일 예쁜 컬러가 유지돼서 요즘 매일 바르고 다녀요!
2026-07-27,A000000223922,62249859,2026.07.03,5,0,NORMAL,10 베리 시럽,A03,B06,"C01,C05",0,900.0,1,0,dpswpffldk,"토니모리 겟잇 틴트 워터풀 시럽 10베리시럽 색상으로 사용하고 있습니다.

토니모리 틴트는 진짜 말해뭐해입니다! 그 중에 겟잇 틴트 워터풀시럽은 맑은광 틴트 좋아하시는 분들에게 특히 추천드리는데요!!

입술 탱탱해보이고 촉촉해보이는데 착색력까지 좋아서 맘에 듭니다!!

색상도 다양해서 취향 껏 발라주기에 좋습니다!"
2026-07-27,A000000223922,62063290,2026.06.29,5,0,NORMAL,[포켓몬에디션] 05 사과시럽 기획,A02,B03,"C09,C10",12,900.0,1,0,초토끼,새로나온 틴트들은 착색력이 너무 약해서 토니모리로 다시 도전합니다. 웜한 색깔이 필요해서 샀는데 과연 이 틴트는 핑크로 안 변할지..팔에 잠깐 발라봤는데 착색은 잘 되네요. 색이나 광은 괜찮은데 향이 딸기 감기약입니다. 이건 좀 불호네요.
2026-07-27,A000000223922,61995502,2026.06.27,5,0,OFFLINE,04 무화과 시럽,A02,B02,"C01,C02",1,900.0,1,0,김모루,"04 무화과 시럽은 차분한 로즈 컬러에 말린 무화과를 한 방울 떨어뜨린 듯한 뮤트 핑크 MLBB 색감이에요 

너무 쨍하거나 형광기 돌지 않아서 생얼에도 자연스럽게 바르기 좋더라구요 ! 거기다가 토니모리답게 착색력도 좋아서 
출근 립으로 딱임!! 

제형은 이름처럼 시럽을 입힌 듯 맑고 촉촉한 물광 제형이라 입술 위에서 매끈하게 펴 발리고, 여러 번 덧발라도 텁텁해지지 않아요. 바른 직후에는 탱글한 유리알 광택이 올라와 입술이 한층 도톰해 보이는 효과도 있었어요 요즘 완전 잘쓰는 립 ❤🫶🏻"
2026-07-27,A000000223922,62884507,2026.07.16,5,0,NORMAL,[올영 단독] 11 캣츠 핑크 시럽,A03,B01,"C06,C09",0,810.0,1,0,입술은하나,"토니모리 공식 홈페이지에 없어서 올리브영까지 와서 구매했습니다. 매장에는 없어서 인터넷으로 구매했습니다.
너무 핑크는 아닐까 걱정되시는 분들에게 안심 하시라고
말하고 싶습니다. 색깔은 엄청난 핑크색인데 막상 입에 바르면은 붉게 흔들면서 되게 자연스러워져요. 집 밖에 잠깐 외출할 때 바르기 좋습니다"
2026-07-27,A000000223922,62884447,2026.07.16,5,0,NORMAL,[포켓몬에디션] 05 사과시럽 기획,A03,B01,"C06,C09",0,810.0,1,0,입술은하나,"토니모리 공식 홈페이지에 앞서서. 올리브영에서 구매했고요. 매장에도 없어서 테스트는 못하고 구매했습니다. 색깔이 엄청 진하고 발색이 잘 됩니다. 
메이크업 오늘 좀 했다 싶을 때 
꾸몄을때 바르면 좋은 컬러입니다.
사과처럼 맑은 컬러는 아니고 조금 탁한 컬러인데 입에 마르면 이뻐요."
2026-07-27,A000000139063,63205561,2026.07.24,5,0,NORMAL,[SS에디션기획]라이트(본품+리필),,,,0,1500.0,1,0,도범잉,쿠션하면 정샘물이라는 말 진짜 많이 들어본거 같아요! 근데 진짜 왜 그런지 알꺼 같아요! 얇게 잘 발리고 기초발라주고 선크림 바르고 쿠션올리는데 거기에 픽서 살짝 해주면 유지력 짱짱해서 너무 좋았어요 근데 건조하지 않아서 더 좋았습니다@
2026-07-27,A000000139063,63307232,2026.07.26,4,0,NORMAL,[SS에디션기획]라이트(본품+리필),A06,B01,C04,0,1080.0,1,0,지금쯤,정샘물 쿠션 여러개 써봤는데요. 일단 색상 톤을 잘못 샀어요. 노란끼 있는 라이트입니다. 딱 발라보면 노란끼 느껴져요. 점심쯤 되면 유분 싹 올라오고요. 여름용 정샘물인데 제품의 의도를 잘 모르겠어요. 저녁 화장 지울때 화장솜에 닦이는 양이 많기는 하네요. 이 지속성이 제품 의도인지..
2026-07-27,A000000139063,63217546,2026.07.24,5,0,NORMAL,[본품+리필] 엔라이트,A04,B04,C05,0,1080.0,1,0,연평해전,올리브영 제품은 항상 냉장고에 넣고 사용중이에요 화장품냉장고 용량이 작아서 어쩔수가 없네요  일단 이번 제품은 몸에 잘 맞는것 같아요  물론 조금더 사용 해봐야겠지만  며칠 써본 것을 말씀 드리면 일단 얼굴에 과 몸에 잘 맞아요  그리고 일단 트러블이 없어요 트라블이 없다늠것은 엄청 좋은 장점이라 생각해요 요즘 세상이 참 사람들이 이상하고 이상한 제품도 많은데 올리브영은 그렇지 않은것 같아요 항상 그렇게 느껴요 두번째 끈적임이 전혀 없어요  끈적임이 있으면 얼굴에 바르던 다른곳 어디에 바르던 찝찝할텐데 올리브영 제품은 그렇지가 않아서 좋아요  가장 큰 장점인것 같아요  세번째는 그냥저냥 가격이 저렴하다는 거에요  많이6 사놓고 싶지만 그럴수 없는것이 좀 안타깝긴 하지만  제품이 좋아서 그냥 쓰는 편이에요  네번째  쉽게 변질되지 않는것 같아요 아무리 냉장고에 넣어놔도 제품이 별루면 변질 되기 쉬운데  올리브영 제품은  일방적으로 좋어요  일단 제 피부의 유연성이나 부드러움이 많이 개선 되었습니다 눈에 따는 피부 곳곳이 부드럽고 트러블이 없어 졌습니다 항상 잘 사용 하고 있어서 기분이 좋습니다
2026-07-27,A000000231885,63262895,2026.07.25,5,0,NORMAL, ,A03,B01,"C01,C02",0,1080.0,1,0,올영도레미,"수분 앰플 기본템입니다. 토리*든보다 용량이 넉넉해서 정착했어요. 두 제품을 다 써봤는데 제품력이 굉장히 비슷하다고 느껴져서 용량 많은 웰라쥬 제품이 가성비 측면에서 더 좋더라구요. 속건조 채울 때도 필수이고, 없으면 안되는 템입니다.

💛참고해서 만족스러운 쇼핑되세요💛
도움이 되셨다면 ‘도움이 돼요’ 한 번 꾸욱 눌러주세요🫶🏻"
2026-07-27,A000000231885,63230379,2026.07.24,5,0,OFFLINE, ,,,,0,792.0,1,0,보노쩡이,요 제품은 한번 바르면 안되고 2.3번 레이어드해줘야해요 수부지입니다
2026-07-27,A000000231885,63182408,2026.07.23,1,0,OFFLINE, ,,,,0,792.0,1,0,ChJu,"레이어링해야 속건조 덜한데, 촉촉한 느낌보단 광이 너무 심해요..민감성에도 발랐을 때 자극감은 없는데
걍 3일 쓰니 여드름 폭발함
수분앰플 개인적으로는
토리든&gt;넘버즈인&gt;&gt;웰라주"
2026-07-27,A000000151904,62808383,2026.07.14,4,0,OFFLINE, ,A03,B04,"C09,C10",3,2970.0,1,0,엔립스nlips,"용량대비 금액은 저렴한편
워터프루프라 그런지 바를 때 살짝 되직한 느낌이 있고, 바른뒤에도 끈적이는 타입이에요
식물나라 선크림 바른다음 메이크업 했을 때 시간 지나면 코옆이랑 턱쪽이 좀 뜨긴하지만 여름이라 어차피 땀때문에 뜨는 것도 생각하면 ㄱㅊ은 거 같아요
대신 세안 진짜 잘하셔야 되는게 요 며칠 좀 빡세게 바르고 다녔더니 뾰루지 올라옴 ㅠ
+눈시림 없고, 땀 흘려도 하얀국물 안흘러요!"
2026-07-27,A000000151904,62778441,2026.07.14,5,0,NORMAL, ,A02,B03,"C01,C02",5,2430.0,0,0,회오리감자칩,"대 만 족
이거 바르고 해 쨍쨍한날 오션월드 오픈런&마감까지 놀았는데 거의 안탔음
물놀이가면 뭘 발라도 탄게 보일만큼은 탔었는데
얘는 탔나..? 아닌가..? 이 정도로밖에 안탔음
물에 들어갔다가 나와서 추가로 발라도 발림성 대박
껌딱지처럼 잘 발리고 얼굴에도 트러블없이 잘 발림
나 이제 물놀이 선크림 정착했음
단종절대안돼 모두 사세요"
2026-07-27,A000000151904,63328346,2026.07.27,2,0,NORMAL, ,A03,B03,"C01,C02",1,1800.0,1,0,화장품은성분이답이다,"식물나라 워터프루프 선크림. 

@선크림은 비싼 제품 쓰실필요 없어요
또 무기자차라고 백탁있다는건 옛날제품이고
(무기자차란 ㅡ바르자마자 자외선을 팅겨낸다 생각하심됩니다)
즉 유기자차는 외출전30분전에 발라야합니딘
피부를 한번 거쳐서 차단한다 생각하시면 됩니다

요즘은 무기자차 백탁없는 제품들 올영입점안하는 수많은 한국브랜드 많습니다
@요제품은 미세한 벅퍽함있는데 흡수도 잘되고
허연백탁이 없어요 바르고 몃번 두둘기면 흡수 다됩니다
젤타입은 아닌데 무난템"
2026-07-27,A000000151904,63173360,2026.07.23,5,0,NORMAL, ,A02,B04,"C06,C07",0,1800.0,1,0,야호호호,"식물나라 워터프루프 선크림을 올리브영에서 구매해 한 달 동안 꾸준히 사용해 보았습니다💙

평소 야외 활동이 많거나 땀을 많이 흘리는 편이라 제품 선택 시 방수 기능과 지속력을 가장 중요하게 생각했습니다 한 달간 직접 써보니 기대했던 것 이상으로 좋았습니다 우선 제형은 너무 묽지도 그렇다고 과하게 뻑뻑하지도 않은 딱 적당한 크림 타입입니다 피부에 펴 바를 때 겉돌지 않고 얇고 균일하게 밀착되며 마무리감은 보송함과 촉촉함의 중간 정도를 유지합니다 워터프루프 특유의 답답함이나 끈적임이 적어서 매일 아침 부담 없이 손이 갔습니다 백탁 현상도 자연스러운 톤업 수준이라 남녀 구분 없이 편하게 사용하기 좋을 것 같습니다💙

가장 만족스러웠던 부분은 단연 지속력이었습니다 한여름 야외 운동이나 야외 작업 중 땀을 많이 흘려도 흘러내리거나 하얗게 지워지는 현상이 거의 없었습니다 물에 닿아도 잘 씻겨 나가지 않고 피부 표면에 밀착되어 있어 물놀이나 야외 활동용으로 확실히 안심이 되었습니다💙

다만 워터프루프 성능이 확실한 만큼 저녁 세안 시 일반 폼 클렌저만으로는 완벽히 지워지지 않을 수 있어 1차로 클렌징 오일이나 클렌징 밀크 등을 사용해 이중 세안을 해주는 것이 좋습니다💙

한 달 동안 트러블 없이 알차게 잘 사용했고 자외선 차단 효과와 방수력을 동시에 챙기고 싶은 분들에게 올리브영 가성비 선크림으로 추천합니다💙"
2026-07-27,A000000151904,62102364,2026.06.30,5,0,NORMAL, ,A04,B01,"C01,C02",12,1260.0,1,0,올영러버덕,여름에 놀러갈 때 사용하려고 샀어요. 특히 여름에 수영장가고 놀러가고 하면 워터프르푸가 필수인데 이 식물나라 제품이 양도 많고 가성비도 좋더라고요. 작년애도 잘 써서 이번에 세일 할 때 구매했습니다. 안끈적거려서 얼굴이나 온 몸에 바르기 좋아요
2026-07-27,A000000151904,62687837,2026.07.12,5,0,NORMAL, ,A02,B02,"C01,C08",1,1134.0,1,0,ZZ바라기,"지성에 적합한 제품입니다~!

목이랑 얼굴에 다 바르기에 적합니다~!

기름이 끼지않아요

메이그업할때도 좋네요"
2026-07-27,A000000151904,63299921,2026.07.26,4,0,OFFLINE, ,A02,B02,"C01,C02",0,1080.0,1,0,임두른,수영장에 가는 여름시즌에는 워터프루프 썬크림은 하나정도 있어야 겠죠? 식물나라에서 세일하길래 하나 구매했답니다. 일단 바르기는 부드럽게 잘 발라지나 백탁현상이 있어서 약간 얼굴이 하얗게 변한답니다. 그리고 물이나 땀에 잘 지워지지 않아 제 기능을 다하는거 같지만 씻겨 낼때에는 폼클렌징을 여러번해야 한다는건 다소 불편합니다. 하지만 가격대비 품질은 나쁘지 않습니다.
2026-07-27,A000000151904,63215048,2026.07.24,5,0,OFFLINE, ,A04,B04,"C08,C09",0,1080.0,1,0,젤리냥이,"이 선크림 벌써 몇 년째 꾸준히 재구매해서 쓰고 있는 제 찐 정착템이에요! 여름에 해변가에서 물놀이할 때 이거 바르면 정말 하나도 안 타고 든든해요
강력한 워터프루프 기능 덕분에 땀을 흘리거나 수영을 해도 쉽게 지워지지 않아서 마음 놓고 놀 수 있습니다~~!

제가 피부가 많이 예민한 편이라 새로운 화장품 쓸 때마다 트러블 걱정을 많이 하거든요.. 근데 이 제품은 피부 자극이나 붉어짐 같은 반응이 전혀 없어서 안심하고 써요!"
2026-07-27,A000000151904,62251304,2026.07.03,5,0,OFFLINE, ,A04,B02,"C01,C02",0,756.0,1,0,숨그리당,운동할때 물에 최대한 안지워지는 워터프루프로 재구매햇어요! 양도 많아서 바디에 막쓰기 좋아요! 디자인이 리뉴얼되서 제형 비교해 봤는데 조금? 더 꾸덕한 느낌이 있는데 한달 써보고 리뷰 다시쓰어해요!
2026-07-27,A000000151904,63247027,2026.07.25,5,0,NORMAL, ,A03,B04,"C01,C03",0,660.0,1,0,밀까루씨,우선 용량이 대량이라 몸 여기저기 바르고 나가기에 좋아요 여름 필수템이네요 몸 전체에 도포 후 외출 시 자외선 고민이 사라져요 바를 때 좀 꾸덕꾸덕한 느낌이 있지만 바른 후에는 뽀송하네요 잘 쓸게요
2026-07-27,A000000151904,63085820,2026.07.21,5,0,NORMAL, ,A03,B01,"C07,C09",1,660.0,0,0,삼공쓰,몸에 막 바를려고 선크림 찾는데 이게 제일 가격이 괜찮아서 구매했어요
2026-07-27,A000000151904,62891696,2026.07.16,3,0,NORMAL, ,,,,0,594.0,1,0,볶은당근,물놀이 할 때 쓰려고 샀는데 리프 세이프 제품이 아니어서 아쉬워요
2026-07-27,A000000151904,62790436,2026.07.14,5,0,GIFT, ,A03,B03,"C02,C04",1,594.0,0,0,꼬마,"식물나라 썬크림이 가성비 좋아서
자주구매중이에요.~!
바디선크림으로 최고"
2026-07-27,A000000151904,62702154,2026.07.12,5,0,GIFT, ,A03,B03,"C03,C04",1,594.0,0,0,저기,"얼굴용 선크림은 많은데 바디 바를 선크림이
없더라고요,.ㅎㅎ
워터프로프라 강력할것 같아서 구매했어요."
2026-07-27,A000000151904,63213553,2026.07.24,4,0,NORMAL, ,A02,B05,"C01,C03",0,528.0,1,0,인생이시트콤,야외에서 일하시는 부모님 위해서 구매했어요 워터프루프라서 일반선크림보다는 땀에 덜 지워지는거 같아요
2026-07-27,A000000151904,62749644,2026.07.13,5,0,NORMAL, ,,,,0,495.0,1,0,하나둘셋주훈아사랑해,여즘 날씨가ㅜ너무 더워서 맨날 바르고있어요 덕분에 안 탈거같아용 양이 많아서 아직 많이 남았네요 잘 쓰겠습니당 (^.^)
2026-07-27,A000000151904,62686577,2026.07.12,4,0,NORMAL, ,A04,B02,"C01,C03",0,495.0,1,0,민정킴,몸에 막 바르고 있어요 얼굴에 발라도 무난하고 진짜 대용량이라 맘에들고
2026-07-27,A000000151904,61807853,2026.06.23,5,0,NORMAL, ,A02,B04,"C06,C07",2,450.0,1,0,야호호호,"식물나라 워터프루프 선크림 내돈내산으로 재구매한 후기입니다🎶

여름철 야외 활동이나 수영장 갈 때 쓰려고 올리브영에서 구매했는데 기대 이상으로 워터프루프 기능이 확실해서 만족하며 쓰고 있습니다 물이나 땀에 쉽게 지워지지 않고 하얗게 국물처럼 흘러내리는 현상이 없어서 야외 운동할 때 특히 손이 자주 갑니다!

제형은 조금 뻑뻑하지만 부드럽게 발리는 편이라 넓은 부위에 펴 바르기 좋습니다 처음 바를 때는 약간의 백탁 현상이 있나 싶었지만 문질러서 흡수시켜 주고 나면 자연스럽게 톤업되는 정도로 마무리됩니다 끈적임이 아예 없진 않지만 선크림 특유의 답답한 유분기보다는 쫀쫀하게 피부에 밀착되는 느낌에 가깝습니다💜

다만 워터프루프 제품답게 밀착력이 강하다 보니 물세안이나 가벼운 폼클렌징만으로는 잘 안 지워집니다 트러블을 예방하려면 저녁에 클렌징 오일이나 워터를 사용해 1차 세안을 꼼꼼히 해주는 과정이 필수적입니다 강력한 자외선 차단과 지속력을 원하시는 분들에게 무난하게 추천할 만한 가성비 좋은 선크림입니다💙"
2026-07-27,A000000151904,61776787,2026.06.22,5,0,OFFLINE, ,A04,B04,"C08,C09",2,450.0,1,0,젤리냥이,"이 선크림 벌써 몇 년째 꾸준히 재구매해서 쓰고 있는 제 찐 정착템이에요! 
여름에 제주도 해변가에서 물놀이할 때 이거 바르면 정말 하나도 안 타고 든든해요
강력한 워터프루프 기능 덕분에 땀을 흘리거나 수영을 해도 쉽게 지워지지 않아서 마음 놓고 놀 수 있습니다~~!

제가 피부가 많이 예민한 편이라 새로운 화장품 쓸 때마다 트러블 걱정을 많이 하거든요.. 근데 이 제품은 피부 자극이나 붉어짐 같은 반응이 전혀 없어서 안심하고 써요!
비록 얼굴에는 안 바르고 바디용으로만 사용하고 있지만 몸에 발랐을 때 끈적임 없이 가볍고 산뜻하게 마무리되는 느낌이 너무 좋습니다! 
향도 강하지 않고 은은해서 호불호 없이 쓰기 딱이에요

최근에 패키지 디자인이 리뉴얼된 것 같은데 제품력은 여전히 변함없이 좋네요
앞으로도 한여름 야외 활동이나 물놀이 갈 때는 무조건 이 제품으로 쟁여두려고요!"
2026-07-27,A000000151904,62622569,2026.07.10,5,0,NORMAL, ,A03,B04,"C01,C03",0,396.0,1,0,이안파파,"패키지 리뉴얼 전 제품 쓰다가 추가 재구매했어요.
올리브영에서 제일 가격이 합리적이면서 고성능 선크림을 원하신다면 이걸로 구매하시길! 가성비 최고!~^^"
2026-07-27,A000000151904,62317086,2026.07.04,5,0,NORMAL, ,,,,1,378.0,1,1,BANG7,여름이라 땀이 주룩주룩 흘러서 구매했어요! 워터프루프 성능 역시 좋네요~ 땀에 선크림 흐르지 않아 좋아요! 한 통 다 썼는데 만족스럽습니다!
2026-07-27,A000000151904,63195076,2026.07.23,5,0,OFFLINE, ,A03,B04,"C03,C06",0,300.0,0,0,룰루랄라123,"평소에 저랑 엄마나 동생은 썬크림을 잘 바르고 다니는데 유독 아빠는..남자들은 잘 안 바르더라구요. 근데 야외활동도 잦고 하다보니 점점 까매지고 얼굴안색이 바뀌더라구요..? 그래서 본인도 느꼈는지 썬크림을 사다달라고해서 맨 처음엔 썬스틱은 어떠냐 물어봤더니 싫다고 하길래 요새는 거의 이거쓰고 손에도 안 묻고 향도 없고 그냥 바르기만 하면된다 했는데 싫다고하길래 다른 바르는 제품으로 보는데 아무것도 알아보지않은 상태에서 매장을 간거라 이것 저것 테스터 해보던중! 이 제품이 가격대비 괜찮고 무난하게 잘 쓸거 같더라구요! 특히나 1+1 제품이라 팔에도 , 얼굴에도 어디든 발라도 용량적으로 부담이 없어서 더 좋습니다! 애초에 예민한 피부는 아니였어서 뒤집어지지않았고 효과도 좋다고 하셨어요!!"
2026-07-27,A000000151904,63218988,2026.07.24,5,0,NORMAL, ,,,,0,264.0,1,0,롱이83,올 여름 팍팍 쓸려고   샀어요  아이들이랑 물놀이  자주가는데   아주 쓰기좋아요  용량도 크고   팍팍쓰기좋아요
2026-07-27,A000000151904,62028864,2026.06.28,4,0,OFFLINE, ,,,,0,264.0,1,0,라다,물놀이나 땀에 강하다고 추천받아 구매했습니다 발림성은 나쁘지않아요
2026-07-27,A000000151904,62009636,2026.06.28,5,0,NORMAL, ,,,,0,264.0,1,0,햄부기부기함부르크,남동생 줄려고 샀습니다 자기 알아서 잘 쓰네요 몸에도 바르고 여기저기 막 바르는 듯?
2026-07-27,A000000151904,63313689,2026.07.26,5,0,OFFLINE, ,,,,0,220.0,1,0,수햐,순하고 바를때 피부가 안밀리고 안떠서 좋고 막 엄청 하얘지지도 않아서 가볍게 바르고 싶을때 바르면 좋은 선크림인것같아요
2026-07-27,A000000151904,63274088,2026.07.25,5,0,NORMAL, ,,,,0,200.0,1,0,kimsj200****,"워터파크 방문으로 구매하였습니다
강력한 자외선차단과 5중루프로 포장에도 강조하고 있는데 덕분에 진짜 이번에 하나도 타지 않았어요! 따로 백탁 현상은 못 느꼈고 굉장히 부드럽게 잘 발려서 얼굴, 몸 전체 다 꼼꼼히 발랐네요
가격도 착하고 너무나 만족한 후기입니다~~"
2026-07-27,A000000151904,62317188,2026.07.04,5,0,NORMAL, ,,,,1,198.0,1,1,BANG7,"해수욕하러 갈때 사용하려고 구매했어요! 땀 흘러도 선크림이
지워지지 않아 좋아요"
2026-07-27,A000000151904,62040879,2026.06.29,5,0,OFFLINE, ,,,,0,198.0,1,0,루비나17,식물나라 선크림이 평도 좋은 편인 것 같고 테스트했을 때 많이 끈적이지 않은 것 같아서 구매했는데 대용량이라 좋습니다.
2026-07-27,A000000151904,61885204,2026.06.25,5,0,OFFLINE, ,A03,B03,"C01,C02",0,198.0,1,0,로루리,자극적이지 않고 착 감기는게 너뮤 맘에 들어욘 ㅎㅎ 여름용으로는 완전 합격 !! 추천합니당
2026-07-27,A000000259619,63199128,2026.07.23,5,0,NORMAL,[슈야토야 콜라보] 레드 클렌징폼+히퍼,A03,B05,"C05,C06",2,2520.0,1,0,oaon,"지성피부라 폼클은 메디필로 정착했어요 저번 세일때도 샀는데 이번엔 히퍼증정이라 안살수가 없었던...
유분 다 지워주는 뽀독뽀독한 클폼이라 2차세안도 확실하게 해줘서 메이크업 진하게 한 날에는 필수로 사용해주고있고 더운 여름에도 쓰기 좋아요!!"
2026-07-27,A000000259619,63191096,2026.07.23,5,0,NORMAL,[슈야토야 콜라보] 레드 클렌징폼+히퍼,A02,B02,"C02,C04",2,2520.0,1,0,나의올영픽,여름이 오니까 모공도 더 넓어 지는 것 같고 피부 탄력도 떨어져서 스트레스 받고 있었는데  메디필 클렌징폼으로 바꾸고 나서 부터 고민해결됐어용!!  콜라겐 거품이 피부에 착감기듯 세안되니까 모공 속 노폐물까지 깨끗이 비워주는 느낌이에여~ 세안 직후에 과도하게 당기거나 건조하지도 않고 촉촉하고 피부속 탄력까지  채워주는 기분이라 너무 만족하며 사용하고 있어요
2026-07-27,A000000259619,63261702,2026.07.25,5,0,NORMAL,[슈야토야 콜라보] 레드 클렌징폼+히퍼,A03,B04,"C01,C04",1,1800.0,1,0,챠니차니,"거품이 쫀쫀해서 얼굴 구석구석 깨끗하게 세안되고, 사용 후 피부 결이 한층 매끈해진 게 느껴져요. 락토 콜라겐 성분 덕분인지 당김 없이 자극이 적어서 매일 사용하기 좋습니다. 슈야토야 피규어 증정 이벤트까지 챙겨받아서 기분 좋네요. 용량도 넉넉해서 오래 쓸 것 같아요"
2026-07-27,A000000259619,63298893,2026.07.26,5,0,NORMAL,[슈야토야 콜라보] 레드 클렌징폼+히퍼,,,,1,1500.0,1,0,오늘부터공주하께,"원래도 쫀쫀하게 거품을 만들어서 쓸 수 있는데 버블쉐이커 쓰면 진짜 최고인 버블이 만들어져서 오늘은 진짜 예민한 날이었다 싶은 날에 버블쉐이커까지 만들어서 쓰고 있어요!!

화장하고 먼지 마시고 하니까 노폐물 관리에 진짜 열심히 하자 라는 생각이 들어서 쓰게 됐는데 건조함 없이 세정력도 괜찮아서 꾸준히 쓰게 되는 거 같아요

용량도 300ml로 대용량이라서 한번 사두면 오래 쓸 수 있으니까 대만족"
2026-07-27,A000000259619,63201440,2026.07.23,5,0,NORMAL,[슈야토야 콜라보] 레드 클렌징폼+히퍼,,,,2,1260.0,1,0,에췻,"얼굴이 뒤집어져서
기존에 사용하던 폼클렌징이
피부에 조금 자극이 있더라구요
그래서 바꾸려고 검색해보다가 주문해봤어요 
우선 진짜 성분이 좋고
피부에 자극감이 없이 순해요
민감한 피부에 사용하기 딱이고
세정력도 좋아 굿굿이에요
씻고 나서 얼굴이 당기는 것도 없고
무엇보다 피부결도 정돈되는 느낌이라
정말 마음에 들어요"
2026-07-27,A000000259232,63243286,2026.07.25,5,0,NORMAL,세라놀 마스크 7+1매 기획,A01,B02,"C01,C05",4,3960.0,1,0,몽캔디,"🛍️
이전 주문으로 쟁여둔 걸로 콜라겐 마스크는 아직 남아있어서
세라놀 버전 기획으로 구매했어요

콜라겐 마스크 팩을 바이오던스 제품으로 입문을 해서는
다른 브랜드 제품들도 두루두루 도전하며 써보고 있는데,
그러면서도 꾸준히 재구매도 하게 되는 팩 중 하나인 것 같습니다

제품 마다 다르긴 한데, 바이오던스 마스크는 시트를 붙인
뒤 중앙 쪽으로 틈이 좀 생기는 편이라 제거한 아이홀
부분을 그 위로 붙여서 채워주고 있어요

피부가 충분한 휴식이 필요할 때, 유독 얼굴에 열감이
많이 올랐던 하루였다면 무조건 콜라겐 마스크 팩을 최대한
의 시간으로 두어서 나름의 특별 케어를 하고 있습니다

개인적으로 퍼글러를,, 좋아하지 않아서 어떤 증정품이어도
감흥이 없긴 했을텐데, 헤어 고정시트는 활용도가 있으니
키링이나 이런 구성이 아니라서 오히려 좋았어요"
2026-07-27,A000000259232,63282372,2026.07.25,5,0,NORMAL,콜라겐 마스크 7+1매 기획,A03,B04,C05,1,2520.0,1,0,징지지,"확실히 다음날 아침까지 피부가 촉촉해요
가격은 있는 편이라 기획으로 쟁이는게 훨씬 낫네요
효과적인면에서는 다른 마스크팩 제품들 대비 좋아서
차라리 일반 마스크팩 여러장 쓰는 것보다
기초 잘 해주다가 이거 가끔씩 해주는게 좋을듯요
하얀색이다가 시간 지나면 점점 투명해지는데
3시간 지나고 뗀 다음 협탁에 잠깐 방치해뒀는데
더 투명해진거보면 3시간보다 조금 더 해도 될 것 같아요"
2026-07-27,A000000259232,63234561,2026.07.24,5,0,NORMAL,콜라겐 마스크 7+1매 기획,,,,1,2520.0,1,0,미플러,"요즘 더위 때문에 피부 열감도 심하고 화장도 떠서 피부를 좀 쉬게 해주고 싶은 마음에 구매했어요

하이드로겔 마스크라 얼굴에 착 밀착돼서 들뜨는 부분이 거의 없었고 움직여도 잘 붙어 있어서 찐득하지 않아 사용하기 편함
 
에센스가 피부에 천천히 흡수되는 느낌이라 팩 하는 
3시간이 힐링시간이에요

붙이고 나면 피부가 촉촉 
탄력감도 느껴져 모공도 한결 정돈돼 보여서 만족~~♡♡
피부결이 매끈해지니까 화장도 덜 뜨는 느낌이에요

간헐적으로 하나씩 꺼내 쓰면 무더위에 피부도 진정시키고 피부 컨디션을 끌어올리기에 이만한 게 있을까 싶네요ㅎㅎ~"
2026-07-27,A000000259232,63233537,2026.07.24,5,0,NORMAL,콜라겐 마스크 7+1매 기획,A04,B05,"C07,C09",1,2520.0,1,0,피치요거트,"바이오던스 겔 마스크팩은 떨어지기 전에 꾸준히 구매해서 사용하는 제품이에요. 이번에 캐비어 PDRN 마스크를 1매 더 줘서 좋더라구요!
마스크팩 붙이고 잘 때 제일 편한 제품 같아요. 수면팩으로 사용하시려면 기초를 튼튼하게 해주세요! 대충 하면 아침에 얼굴이 땡길 때가 있더라구요. 에센스도 넉넉하게 들어있고 얼굴에 밀착도 착! 잘 되는 제품이에요. 뭔가 다른 마스크팩보다 좀 묵직한? 무게감이 느껴진다고 해야 하나 그래서 좋더라구요. 매번 콜라겐 마스크만 구매해서 사용을 하는데 다음번엔 다른 색상도 구매해보려구요!"
2026-07-27,A000000259232,63180081,2026.07.23,5,0,NORMAL,콜라겐 마스크 7+1매 기획,A04,B02,"C08,C12",1,2520.0,1,0,포도도우,"마스크가 피부에 빈틈없이 밀착돼서 움직이는 동안에도 쉽게 들뜨지 않았고, 붙이는 동안 촉촉한 느낌이 오래 유지됐어요. 사용 후에도 피부가 촉촉하고 탄탄해 보이는 느낌이 들더라고요 😊

피부가 푸석하거나 중요한 일정 전날 사용하면 피부결이 정돈되고 자연스러운 윤기가 돌아서 메이크업도 더 잘 받는 것 같았어요. 끈적임 없이 촉촉하게 마무리돼 데일리 케어용으로 만족스러웠어요 💕"
2026-07-27,A000000259232,63210727,2026.07.24,5,0,NORMAL,콜라겐 마스크 7+1매 기획,A03,B06,C01,1,2232.0,1,0,GinWife,평소에 잘 사용하고 있는 제품인데 다른 제품도 하나 증정해 주는데다가 평소에 좋아하던 캐릭터랑 콜라보를 해서 쟁여둘 겸 들였음! 콜라겐 팩 이것저것 써봤는데 돌고 돌아서 이 제품을 제일 많이 썼던 것 같음
2026-07-27,A000000253592,62735375,2026.07.13,5,0,NORMAL, ,A04,B04,"C01,C11",16,9990.0,1,0,꿀벌트위티,"평소 잡티와 여드름 자국이 신경 쓰여서 브라이트닝 크림을 꾸준히 사용하는 편인데 셀리맥스 잡티 크림이 괜찮다는 후기를 보고 구매했어요. 
부드러운 크림 제형이라 피부에 자극 없이 발리고 흡수도 빨라 아침저녁으로 사용하기 편했습니다.
보습감도 적당해서 끈적임 없이 마무리되고 메이크업 전에 발라도 밀림이 없어 데일리 크림으로 사용하기 좋았습니다!"
2026-07-27,A000000130319,63319635,2026.07.26,5,0,NORMAL, ,A03,B02,"C06,C07",2,1512.0,0,0,O3OY,자극 없이 사용할 수 있었고 사용 후에도 깔끔한 느낌이라 만족스러웠습니다.
2026-07-27,A000000130319,63200960,2026.07.23,5,0,OFFLINE,센시비오 H2O 100ml,A01,B04,"C01,C05",0,660.0,1,0,호피무늬폴라티,세정력 좋고 순해요 크기가 작아서 여행갈 때 들고 갔는데 잘 썼어요
2026-07-27,A000000259494,62260063,2026.07.03,4,0,OFFLINE, ,A04,B01,"C06,C08",5,900.0,1,0,낭만냥이,"피부 진정을 잘 잡아줘서 좋은데 제품이 너무 건조해요.
저녁에는 다른 제품들을 많이 바르고 사용해서 괜찮은데
아침 같은 경우는 무기자차선크림을 사용해서 그런지
가끔 바빠서 시카마누세럼+시카마누크림만 사용한 날은
거짓말 아니고 속건조 때문에 피부가 너무 땅겨서 아파요.
이상한 건 사용하면 사용할수록 피부가 더 건조해져요.
그래서 피부 진정 때문에 추가로 2개나 더 구매했었는데
요즘은 아예 사용을 하지 않고 있어요."
2026-07-27,A000000259494,62509718,2026.07.08,4,0,NORMAL, ,A03,B04,C06,2,756.0,1,0,코덕오타쿠군,후.. 다 누르고 싶은거 겨우 참았습니다. 이 크림이 없으면 제 피부는 없습니다. 이상입니다.
2026-07-27,A000000259494,62089219,2026.06.30,5,0,OFFLINE, ,A03,,C11,4,450.0,1,1,chlqhdfk****,"평소 외부 자극에 쉽게 붉어지고 예민해지는 피부 타입을 가지고 있어, 사계절 내내 진정 관리에 신경을 많이 쓰는 편입니다. 이번에 세럼 15ml까지 증정하는 기획 세트 구성이 좋아 재구매하게 되었습니다. 약 3주간 아침과 저녁 데일리로 꾸준히 사용해 보며 느낀 점을 객관적으로 기록해 봅니다.

1. 제형 및 발림성
제품을 처음 덜었을 때 느껴지는 제형은 수분감을 가득 머금은 가벼운 크림 타입입니다. 기존의 시카 크림들은 대개 불투명하고 뻑뻑하거나, 바른 뒤 피부 겉면에 유분막이 돌아 답답한 경우가 많았습니다. 반면 이 제품은 발림성이 매우 부드럽고 매끄러우며, 피부에 겉돌지 않고 빠르게 흡수됩니다.

끈적임 없는 산뜻한 마무리감 덕분에 아침에 바르고 바로 선크림이나 베이스 제품을 올려도 밀리지 않습니다. 유수분 밸런스가 훌륭하게 잡혀 있어 지성, 복합성, 건성 등 피부 타입을 가리지 않고 누구나 호불호 없이 사용할 수 있는 텍스처입니다. 인공적인 향이 아닌 은은하고 차분한 허브 계열의 향이 감돌아 사용 시 편안한 느낌을 줍니다.

2. 주요 효과와 변화
가장 기대했던 진정 효과 면에서 만족도가 매우 높았습니다. 자극을 받았을 때나 더위로 인해 피부가 울긋불긋해졌을 때 이 크림을 도톰하게 얹어주면 진정 속도가 꽤 빠릅니다. 밤사이 바르고 자면 다음 날 아침 피부 톤이 한결 차분하게 정돈되고 피부 결이 매끄러워진 것을 체감할 수 있었습니다.

꾸준히 사용하면서 이유 없이 올라오던 좁쌀 트러블의 빈도가 확연히 줄어들었습니다. 예민한 상태에서 발라도 따갑거나 가려운 증상이 전혀 없었습니다.

3. 기획 구성의 실용성
함께 포함된 시카마누 세럼 15ml 증정품 역시 만족합니다. 세안 후 세럼을 먼저 가볍게 흡수시켜 흡수 길을 열어준 뒤 크림을 덧바르면, 보습과 진정 시너지 효과가 배가 됩니다. 용량도 휴대가 간편해 여행이나 출장 시 챙겨 다니기에 실속 있는 구성입니다.

📌 총평
지나친 유분기나 과한 영양감 대신, 딱 필요한 수분감과 확실한 진정 효과느꼈습니다. 여름철 트러블 관리가 필요한 분, 데일리로 사용할 부담 없는 크림을 찾는 분들에게까지 추천합니다."
2026-07-27,A000000259494,61846270,2026.06.24,5,0,NORMAL, ,A04,B01,"C01,C03",2,378.0,1,0,피이비이,건조함을 잘 잡아주고 붉어 보이는 피부도 진정되는 느낌이라 데일리 크림으로 만족스럽게 사용하고 있어요.
2026-07-27,A000000259494,63041141,2026.07.20,5,0,NORMAL, ,A03,B04,"C01,C04",0,360.0,0,0,우주천재서효,"사용감이 정말 만족스러웠어요! 꾸준히 사용해보니 기대했던 부분이 잘 느껴졌고 데일리로 사용하기에도 부담 없었습니다. 마무리감도 마 음에 들고 전체적으로 완성도가 높은 제품이라 재구매 의사 있어요.
고민 중이라면 한 번 사용해보시는 걸 추천드립니다."
2026-07-27,A000000259494,62426988,2026.07.06,5,0,OFFLINE, ,,,,0,360.0,1,0,ryn****,"사실 파넬 바이럴 상품이라 생각하고 써볼 생각도 안했는데 세럼만 벌써 6통?인가를 비웠어요... 요즘 좀 많이 까이는 것 같긴 한데 저는 세럼 크림 다 너무 잘 맞았어요! 진짜 붉은기 진정에 정말 도움되고, 크림 그냥 바르기에 너무 무거우면 젤크림 같은 데 섞발해도 너무 좋아용 아니 처음 살 때 크림 1개에 15ml 앰플 해서 17900원인가에 샀는데... 더블에 25900원 너무 배아파요 ㅋㅋㅋㅋ 그치만 너무 좋아서 이미 1개짜리 기획 새 거 있는데도 더블 미리 쟁이려고 또 샀어요 🥲 아직 시카마누 라인밖에 안 써보긴 했는데 토너?도 올영에 나오면 좋겠어요"
2026-07-27,A000000259494,62679141,2026.07.12,5,0,OFFLINE, ,,,,0,297.0,1,0,탄초와강아지,"크림 좋아여! 촉촉쓰 이구요 진정되는게 아주 좋습니다 다만 
지성피부는 조금 발라야 할 듯 싶어요"
2026-07-27,A000000259494,62045876,2026.06.29,5,0,NORMAL, ,,,,2,270.0,1,1,heeii,"건조한 피부라 데일리 크림으로 구매했는데 만족하면서 사용 중이에요. 제형이 부드럽게 발리고 흡수도 빨라서 아침, 저녁으로 부담 없이 사용하기 좋았습니다. 바른 후 끈적임은 적고 피부가 촉촉하게 유지되는 느낌이라 메이크업 전에 사용해도 밀림이 없었어요. 향도 강하지 않아 부담 없이 사용할 수 있었고, 보습력이 괜찮아서 꾸준히 사용해볼 예정입니다. 가격 대비 만족도가 높은 제품인 것 같아요ㅎㅎ"
2026-07-27,A000000259494,61179277,2026.06.08,5,0,NORMAL, ,A03,B02,"C08,C11",3,270.0,1,0,ELLY78,"붉은기에 좋다고해서 사용중이에요~
자극없이 쓱 바르기 좋고 보습감도 좋아요!
약간 무게감이 있어어 끈적일 줄 알았는데
흡수력은 좋은편.
붉은기는 더 써봐야 알 것 같아요.
기분 탓인지 모르겠는데 바르고 나면 약간 시원한? 느낌이 나요~"
2026-07-27,A000000259494,63346752,2026.07.27,5,0,GIFT, ,,,,0,264.0,1,1,지니지미,"좋은 기획 구성이라 바로 구매했어요^^
성분도 순하고 진정에 좋아서 사용하는 제품이라 요번에 좋은 구성으로 구매해서 좋았어요~
잘 사용할게요^^"
2026-07-27,A000000259494,63292154,2026.07.26,5,0,GIFT, ,,,,0,264.0,1,1,지미니사랑해,"파넬 시카마누 레드 리페어 크림 50ml 더블기획 구성이라 좋아서 구매했어요~~
피부에 잘 펴발라지고 끈적이지 않아서 좋았어요 1+1이라 좋고 진정에도 도움이 되어서 만족하는 제품입니다! 잘 사용할게요^^"
2026-07-27,A000000259494,63214964,2026.07.24,5,0,GIFT, ,,,,0,264.0,1,1,지미니사랑해,"파넬 시카마누 레드 리페어 크림 50ml 더블기획 구성이라 좋아서 구매했어요~~
피부에 잘 펴발라지고 끈적이지 않아서 좋았어요 1+1이라 좋고 진정에도 도움이 되어서 만족하는 제품입니다! 잘 사용할게요^^"
2026-07-27,A000000259494,63181798,2026.07.23,5,0,GIFT, ,,,,0,264.0,1,1,지니지미,"좋은 기획 구성이라 바로 구매했어요^^
성분도 순하고 진정에 좋아서 사용하는 제품이라 요번에 좋은 구성으로 구매해서 좋았어요~
잘 사용할게요^^"
2026-07-27,A000000259494,63092049,2026.07.21,5,0,GIFT, ,,,,0,264.0,1,1,지미니사랑해,"파넬 시카마누 레드 리페어 크림 50ml 더블기획 구성이라 좋아서 구매했어요~~
피부에 잘 펴발라지고 끈적이지 않아서 좋았어요 1+1이라 좋고 진정에도 도움이 되어서 만족하는 제품입니다! 잘 사용할게요^^"
2026-07-27,A000000259494,63047183,2026.07.20,5,0,GIFT, ,,,,0,264.0,1,0,지미니사랑해,"파넬 시카마누 레드 리페어 크림 50ml 더블기획 구성이라 좋아서 구매했어요~~
피부에 잘 펴발라지고 끈적이지 않아서 좋았어요 1+1이라 좋고 진정에도 도움이 되어서 만족하는 제품입니다! 잘 사용할게요^^"
2026-07-27,A000000259494,63245349,2026.07.25,5,0,OFFLINE, ,,,,0,240.0,1,0,ㄸㅓㄴ,"여드름이 많이 올라와서 피부를 자주 건드리는 편인데 이거 바르고 잔 날에는 붉은기가 눈에띄게 줄어있어요! 
화장하기 전에 바르면 약간 밀리는 감이 있어서 바르신다면 얇게 바르시는거 추천드립니다! 여러번 덧 발라도 끈적하지 않아서 좋은 것 같아요! 바르면 약간 시원한 느낌이 있어요"
2026-07-27,A000000259494,63328845,2026.07.27,4,0,OFFLINE, ,,,,0,220.0,1,0,김도예쁘니,이거 ㄹㅈㄷ 진정에 걍 미쳣어요 이거 없으면 전 못살아여.. 재구매
2026-07-27,A000000259494,63001225,2026.07.19,5,0,GIFT, ,,,,0,198.0,1,1,지니지미,"좋은 기획 구성이라 바로 구매했어요^^
성분도 순하고 진정에 좋아서 사용하는 제품이라 요번에 좋은 구성으로 구매해서 좋았어요~
잘 사용할게요^^"
2026-07-27,A000000259494,62944159,2026.07.18,5,0,GIFT, ,,,,0,198.0,1,1,지니지미,"좋은 기획 구성이라 바로 구매했어요^^
성분도 순하고 진정에 좋아서 사용하는 제품이라 요번에 좋은 구성으로 구매해서 좋았어요~
잘 사용할게요^^"
2026-07-27,A000000259494,62914745,2026.07.17,5,0,GIFT, ,,,,0,198.0,1,1,지니지미,"좋은 기획 구성이라 바로 구매했어요^^
성분도 순하고 진정에 좋아서 사용하는 제품이라 요번에 좋은 구성으로 구매해서 좋았어요~
잘 사용할게요^^"
2026-07-27,A000000259494,62884562,2026.07.16,5,0,GIFT, ,,,,0,198.0,1,0,지니지미,"좋은 기획 구성이라 바로 구매했어요^^
성분도 순하고 진정에 좋아서 사용하는 제품이라 요번에 좋은 구성으로 구매해서 좋았어요~
잘 사용할게요^^"
2026-07-27,A000000259494,62824944,2026.07.15,5,0,GIFT, ,,,,0,198.0,1,0,지미니사랑해,"파넬 시카마누 레드 리페어 크림 50ml 더블기획 구성이라 좋아서 구매했어요~~
피부에 잘 펴발라지고 끈적이지 않아서 좋았어요 1+1이라 좋고 진정에도 도움이 되어서 만족하는 제품입니다! 잘 사용할게요^^"
2026-07-27,A000000259494,62779219,2026.07.14,5,0,GIFT, ,,,,0,198.0,1,0,지미니사랑해,"파넬 시카마누 레드 리페어 크림 50ml 더블기획 구성이라 좋아서 구매했어요~~
피부에 잘 펴발라지고 끈적이지 않아서 좋았어요 1+1이라 좋고 진정에도 도움이 되어서 만족하는 제품입니다! 잘 사용할게요^^"
2026-07-27,A000000259494,62731647,2026.07.13,5,0,GIFT, ,,,,0,198.0,1,0,지미니사랑해,"파넬 시카마누 레드 리페어 크림 50ml 더블기획 구성이라 좋아서 구매했어요~~ 용량도 더 커지고 1+1이라 좋았어요! 진정에 도움이 되어서 만족하는 제품입니다!
잘 사용할게요^^"
2026-07-27,A000000259494,62717910,2026.07.12,5,0,NORMAL, ,,,,0,198.0,1,0,지미니사랑해,"파넬 시카마누 레드 리페어 크림 50ml 더블기획 구성이라 좋아서 구매했어요~~ 
피부에 잘 펴발라지고 끈적이지 않아서 좋았어요 1+1이라 좋고 진정에도 도움이 되어서 만족하는 제품입니다! 잘 사용할게요^^"
2026-07-27,A000000259494,62688468,2026.07.12,5,0,GIFT, ,,,,0,198.0,1,0,지니지미,"좋은 기획 구성이라 바로 구매했어요^^
성분도 순하고 진정에 좋아서 사용하는 제품이라 요번에 좋은 구성으로 구매해서 좋았어요~
잘 사용할게요^^"
2026-07-27,A000000259494,62576407,2026.07.09,5,0,NORMAL, ,,,,0,198.0,1,0,헤나나,피부 건조함에 쓰면 좋은거같아요. 흡수도 잘되는거 같구요.
2026-07-27,A000000259494,62560742,2026.07.09,5,0,NORMAL, ,,,,0,198.0,1,1,반달진,"피부자극 많이 많는다 싶을 때, 미리미리 사용하니 진정되는 느낌이 들어서 괜찮았어요!!"
2026-07-27,A000000259494,61436741,2026.06.14,5,0,OFFLINE, ,A02,B01,"C04,C05",4,198.0,1,0,민니민니,"향이 너무 센거 아닌가 싶었는데 펴바르면 거의
안나서 괜찮고 진정 효과도 꽤 좋았어요"
2026-07-27,A000000259494,61389357,2026.06.13,5,0,NORMAL, ,A03,B01,"C01,C10",3,198.0,1,1,슈팅린다,처음 써보는데 좋아요 ㅎㅎ 피부가 쫀쫀해지는 느낌이라 꾸준히 사용하고 있어요!!
2026-07-27,A000000212122,62061574,2026.06.29,3,0,NORMAL,[단품] 90ml,A02,B04,"C05,C13",4,810.0,0,0,kyn0****,"일단 향이 별로라는후기가많아서 걱정했는데 예상대로 향은 선호도있는 향이아니였음ㅠ모기퇴치제같은 느낌임 챗gpt한테물어보니 퇴치제에 쓰이는 향노트랑 유사해서 그렇게 인식할수도있다고 했음 그것외에는 생각보다 양도많고 해서 써봐야 알것같음 스포이드에 딸려오는양이 1회 사용시에는 많은 편이라서, 손에다덜어서 두피쪽+머리숱좀적어보이는부위에 바르는식으로 사용하는편이 냄새도 덜 나고 괜찮은것같음.

(+)올영 배송이 진짜 최악이라 올영자체에대한 신뢰도하락으로 별깎음 고객센터 대처도별로고 배송 한달만에받음 아마 원인이 이제품 일것같은데 품절이  꽤나 자주풀렸다가 안풀렸다가하는 것보면 인기제품인가봄? 그래서 일단 틈틈히 써볼예정인데 냄새가 너무별로라 팍팍쓰기는어려울것같은 느낌
지극히 소량만쓸예정임"
2026-07-27,A000000212122,63271421,2026.07.25,5,0,NORMAL,[기획] 90ml+샴푸+마스크,A03,B06,"C01,C02",0,792.0,1,0,낑깡스,"바르자마자 시원하고 간지러운 두피에 영양이 가득된거같아요. 
머리끈도 귀엽고 빗도 좋아요"
2026-07-27,A000000212122,61385107,2026.06.13,5,0,NORMAL,,,,,6,270.0,1,0,벨라야,"​[리뷰] 끊어짐 고민 안녕! 👋 올리브영 단독 기획 케라스타즈 제네시스 두피 세럼 & 샴푸 내돈내산 찐후기
​안녕하세요, 올리브영 덕후 여러분! 💖 오늘은 제가 드디어 득템한 따끈따끈한 신상 기획 세트를 소개해 드릴게요. 평소 머리카락이 뚝뚝 끊어지고 힘없이 빠져서 고민이었는데, 이 제품을 만나고 광명 찾았습니다!✨

​📦 Unboxing: 혜자로운 구성
​이번 올리브영 단독 기획은 정말 구성이 미쳤어요!
​본품: 케라스타즈 제네시스 포르티파잉 세럼 90ml (두피 세럼)
​증정: 제네시스 샴푸 (방 이드라-포르티피앙) 30ml x 2개! (이 여행용 사이즈 너무 소중하죠 😍)

​🌸 香 (Scent): 반해버린 세련된 향
​제품을 열자마자 느낀 건 고급스러운 향기였어요. 사실 유명한 제품이라도 향이 제 취향이 아니면 잘 안 쓰게 되는데, 이건 정말 은은하면서도 세련된 꽃 향기가 나요. 샴푸 할 때부터 세럼 바를 때까지 기분이 너무 좋아지는 힐링 향입니다. 킁킁거리게 되는 중독성 있는 향이에요! 💕

​🧴 사용감 & 효과: 끈적임 없는 흡수력!
​제일 마음에 들었던 점은 끈적임이 전혀 없다는 거예요! 두피 세럼이라고 하면 기름질까 봐 걱정하시는 분들 많잖아요? 이건 바르자마자 물처럼 싹- 흡수되어서 두피가 산뜻해요. 지성 두피인 분들도 부담 없이 쓰실 수 있을 것 같아요.

​저는 샴푸 후 젖은 두피에 도포하고 가볍게 마사지해 주는데, 두피가 건강해지는 느낌이 확 들더라고요. 며칠 꾸준히 써보니 머리 감을 때 확실히 끊어지는 머리카락 수가 줄어든 것 같아요. 두피 장벽 강화라는 말이 딱 맞네요! 🛡️

​💡 사용 꿀팁 (Best Tip)
​샴푸와 세럼의 찰떡궁합: 증정으로 받은 샴푸를 같이 쓰면 시너지 효과가 배가 돼요. 샴푸로 두피를 깨끗하게 세정하고 세럼으로 영양을 채워주는 게 포인트!
​꾸준함이 답이다: 매일 잊지 않고 아침저녁으로 발라주세요. 두피는 관리가 가장 정직하게 드러나는 곳이니까요.

​🙋‍♀️ 강력 추천 (Recommendation)
​이런 분들에게 꼭 추천해 드리고 싶어요!
​머리카락이 힘없이 끊어지고 빠지는 게 고민이신 분
​산뜻하고 끈적임 없는 두피 세럼을 찾으시는 분
​두피 본연의 건강을 되찾고 싶으신 분
​올리브영 단독 혜택을 놓치고 싶지 않으신 분"
2026-07-27,A000000212122,62925654,2026.07.17,5,0,NORMAL,[기획] 90ml+샴푸+마스크,,,,0,198.0,1,0,죽여버린다,여름에 두피가 안좋아져서 하나샀어요 진짜 만족합니다 감사합니다 ㅋㅋ
2026-07-27,A000000212122,61653775,2026.06.19,3,0,NORMAL,,A02,B02,"C05,C06",1,132.0,0,0,채윤니임,"아니 저만 그런건지 모르겠는데 딱 이거 바른 부분만 비듬이 오질라게 생기네요
이마라인쪽에만 바르는데 이상하게 비듬이 많이 생겨서 보니까 이거……
사용방법대로 썼는데 뭐가 문젠지 모르겟어여
어떻게 쓰는 건가여.."
2026-07-27,A000000212122,63261486,2026.07.25,5,0,NORMAL,[단품] 90ml,,,,0,88.0,1,0,myat1852****,탈모 증상 완화와 두피 케어를 함께 하고 싶은 분들에게 추천하는 제품입니다. 꾸준히 사용하면 더욱 만족스러운 효과를 기대할 수 있습니다.
2026-07-27,A000000212122,60256659,2026.05.28,5,0,NORMAL,,,,,0,60.0,0,0,꼼데삐유,"케라스타즈는 전라인 다 잘쓰고 있는 중인데 제네시스 라인은 향이 진짜 페미닌하면서 기분좋아요 특히 새싹세럼 요물 
일단 해외에서는 새싹세럼 잔머리세럼으로도 유명함
단점이있다면 흡수될때 굳으면서 하얗게 일어나는 게 좀 신경쓰여서 외출시에 바르기보다는 주로 나이트케어로 씀
하지만 헤어 스트렝스 역할을 톡톡히 해냄 굵어지는게 눈으로보임
아주만족쓰"
2026-07-27,A000000212122,52883154,2025.12.10,1,0,GIFT,,A01,B01,"C02,C04",23,58.5,1,0,엔젤링올챙,"기존에 구매했던 제품들 한달리뷰만 작성하면 케라스타즈와는 더이상 엮일 일이 없습니다 😂  

그동안 케라스타즈 제품들 구매하면서 케라스타즈 일처리에 질릴대로 질려버려서 개인이지만, 저라도 불매운동합니다. 케라스타즈는 고객을 상대로 버젓이 사기를 치는 기업이고, 사기 당한거에 대해서 올영에게 도움 요청?해도 무슨 상황인지 알겠고, 대신 사과는 하겠는데, 우리가 해줄 수 있는게 없고, 우리 책임 아니다라는 스텐스를 매번 취하여 정말 오만 정이 다 떨어졌어요😡 

그리고 케라스타즈랑 고객 간에도 소통 지연이 되던데, 올영이랑 케라스타즈도 소통이 안되나보더라고요ㅋ 케라스타즈 관련하여 9월달에 올영 고객센터에 문의했는데, 12월이 되어서 이제 곧 해가 바뀔 예정인데도 감감무소식입니다ㅋ 혹시라도 케라스타즈 제품 구매할 일 있으면 무조건 다 캡쳐하고, 녹음하고, 최대한 증거를 많이 남겨놓으세요. 저도 다 해놓았는데도 해결이 안되는데, 증거조차 남겨놓지 않으면 더 힘들어지실 겁니다. 그동안 케라스타즈의 만행이 궁금하신분들은 제 다른 리뷰를 참고해주세요.

케라스타즈와 정말 많은 일이 있었지만, 이 제품만 봐도 참 기가찹니다. 단상자 여니까 겉에 붙여져 있는 스티커가 잘려서 단상자 안에서 굴러다니고 있더라고요ㅋ 심지어 잘려나간 스티커 뒷면에는 사람피가 묻어있고요😡 사람피 묻은 사진은 이전 리뷰에서 사진 첨부해놓았어요. 스티커 뒷면에 묻은게 단순 잉크인지, 사람피인지 뭔지 모르겠지만 비싼 제품 구매하고서 저딴 제품 쓰고싶은 사람이 어디있나요?? 

스티커도 정상제품과 다르게 제껀 원래 가려져있어야 할 문구도 제대로 가려져있지 않던데, 국내 화장품법상 문제 생기는 거 아닌가요?? 

게다가 스포이드는 사진처럼 다 쪼그라붙어서 오고🤦‍♀️ 저렇게 오는게 기압차 때문이라네요^^ 중소기업 스포이드 용기 제품들 구매해도, 외국에서 구매해서 비행기 타고 가져와도 단한번도 일어나지 않는 일들이 글로벌 기업이라고 하는 로레알에서 일어나고 있어요. 제품 구매하고, 증정품 받고, 이벤트 참여하고 뭐해도 다른 브랜드에서는 일어나지 않는 일들이 케라스타즈에서 일어나고 있어요. 왜 매번 케라스타즈만 구매하면 이래요?? 

게다가 증정품도 기획 세트 안에 들어있는 방 디발렁 샴푸랑 동일한 제품 추가로 증정된다고 제 주문 내역에 떠있었는데 다른 제품으로 왔어요. 정말 사소한거지만, 증정품조차 고객과의 약속을 지키지 않는 기업입니다. 그래도 증정품 누락이 돼서 오지 않을 걸 다행이라고 생각해야 되는 기업입니다. 네 참 한결같은 케라스타즈입니다. 

제품 자체는 끈적임은 없었지만, 샴푸만 했을 때보다는 금방 머리가 떡져요."
2026-07-27,A000000212122,60944130,2026.06.05,4,0,OFFLINE,[단품] 90ml,,,,1,44.0,0,0,JCJJ,재구매 의사 있음! 재구매 의사 있음! 재구매 의사 있음!!
2026-07-27,A000000212122,63340137,2026.07.27,5,0,NORMAL,[기획] 90ml+샴푸+마스크,,,,0,40.0,0,0,k202605297****,두피에 바르면 끈적임 없이 빠르게 흡수되고 사용감이 정말 가벼워요. 꾸준히 사용하면서 머리카락이 조금 더 건강하고 탄탄해진 느낌을 받았습니다. 향도 고급스럽고 은은해서 매일 사용하기 좋습니다. 머릿결도 부드러워지고 스타일링하기 쉬워져서 만족합니다. 가격은 있지만 그만한 가치가 있는 제품이라고 생각해요.
2026-07-27,A000000212122,56167880,2026.02.27,1,0,GIFT,,A01,B01,"C04,C05",15,31.5,1,0,올챙이중사타마마,"향은 생강향이 좀 나요. 떡짐은 적은 편이고, 정수리 냄새 잡아주기에 좋고, 양은 은근 금방 줄어듭니다.

제가 이 제품을 10월에 구매를 했고, 로레알 계열사 브랜드 마이 뷰티 박스 연동하면 포인트가 2배 적립되는 기간에 구매를 해서 원래 익월 말인 25년 11월 말에 포인트 적립을 받았어야 됐는데, 26년 1월 말에 겨우겨우 적립을 받았습니다ㅋㅋㅋ 드디어 일이 해결이 되고 한달리뷰 작성기한이 내일까지라 오늘 리뷰를 쓰고 있는데요. 이제 정말 한달리뷰만 작성하면 케라스타즈와 손절할 수 있을 거라고 생각했는데 또 일이 생겼습니다👏 👏 👏 저희 엄마도 10월달에 케라스타즈 다른 제품 구매하셨는데, 저처럼 마이 뷰티 박스 연동해놓았는데도 적립을 못받아서 엄마도 개인적으로 따로 문의드렸었거든요. 저희 엄마도 몇개월째 시달리다가 1월말에 적립해주겠다는 답변을 받았는데, 저와 달리 엄마는 1월말에 적립이 안돼서 다시 재문의 드리니 ㅋㅋㅋ 제가 받은 포인트 금액을 가지고 엄마가 적립받은 것처럼 퉁을 쳐버렸어요 ㅋㅋㅋㅋ 아니 적립받은 포인트는 제 구매 금액 적립 포인트라 제 계정으로 적립을 받았고, 엄마랑 저랑 구매 금액 자체가 달라서 포인트 적립 금액이 다른데, 분명히 문의할 때도 구매금액이랑 적립 받아야 할 금액 분명히 말씀드렸는데, 무슨 헛소리인가 했더니. 제가 전화로 문의드릴 때 케라스타즈만 구매하면 자꾸 문제가 생겨서 9월부터 시달리고 있다고, 저뿐만 아니라 저희 가족들도 문제가 생겨서 문의글 남겨놓았던 글들 한번만 읽어보시라고, 똑같은 문제를 가족들이 다 겪어서 대표로 저희 엄마가 남겨놓으신 문의글들 좀 읽어봐주시라고 하면서 제가 저희 엄마 성함이랑 연락처 알려드렸었거든요? 그거 얘기했다고 저랑 엄마랑 각각 포인트 적립 받아야 하는 걸 퉁을 쳐버렸어요 ㅋㅋㅋ 아니 해당 건으로 같이 문의한 것도 아니고, 그 이전에 있었던 상담내역들 말하면서 케라스타즈 컴플레인 걸려고 말한 건데, 그거 하나 말했다고 퉁을 쳤어요 ㅋㅋ 아니 도대체 얼마나 부자가 되시려고 그러시는건가요??🤦‍♀️아니 정작 중요한 본론은 말귀도 못알아먹고, 집중해서 안듣더니 ㅋㅋㅋ이게 무슨 일인지 ㅋㅋ 와 진짜 한달리뷰만 쓰면 이제 완전히 해방인줄 알았는데, 또 문의행🚆 지긋지긋하네요. 이따위 일처리 실력으로 어떻게 글로벌 기업이 된건가요?? 케라스타즈+로레알+올영의 환장의 조합! 제발 이제 그만 좀 합시다🤬 포인트 몇배 적립해주겠다, 기프트카드 주겠다라는 상술로 돈벌고, 물건 다 팔고 나니까 그런일이 있었어? 언제? 내가 언제 적립해준다고 그랬어? 아 그거 이미 줬는데? 아몰랑 이미 인원 다 찼어 하는 마인드👏 사기 좀 작작치세요^^"
2026-07-27,A000000212122,50113762,2025.10.31,1,0,GIFT,,A01,B01,"C04,C05",7,31.5,1,0,올챙이중사타마마,"스포이드 다 쪼그라붙어서 왔어요😡 살다살다 이런 식으로 오는 건 또 처음 보네요. 누가 개봉했었던 걸 다시 판건지🤦‍♀️ 뚜껑 열어서 여러번 누르니까 다시 원래대로 부풀기는 했는데, 누가 스포이드 눌렀다가 그대로 닫아서 쪼그라붙은 것처럼 보이는 것 같기도 하고🤦‍♀️ 막말로 누가 개봉해서 한번 정도 써보고 반품했었던 걸 재판매 하는지 소비자는 어떻게 아나요?? 솔직히 용량 저울로 재보는 것도 아니고 한번 정도 쓴 걸로는 용량 즐어든 거 티도 안나잖아요 ㅡㅡ 검수 좀 하고 파세요 제발. 이게 기압 차이로 쪼그라붙었다고 하기에는 다른 스포이드 제품들은 너무나도 멀쩡하게 와요. 케라스타즈 네이버  스토어 Q&A에도 이것 때문에 문의하는 분들 계시더라고요. 누가 개봉했던 거 재판매 하는거 아니면 용기에 문제가 있는거네요. 가격이 저렴한 것도 아닌데, 용기가 이러면 비싼 제품 외부와의 공기나 오염으로부터 제대로 차단이 안되고 있다는 거 아닌가요??

증정품으로 받은 빗도 퀄리티 별로입니다. 빗살이 휘어 있어서 손으로 펴주기는 했는데, 진짜 싼티 ㅡㅡ 

케라스타즈는 본품도, 증정품도 뭔가 고급스러운 느낌이 없어요. 가격은 비싼데, 막상 사서 배송온 거 보면 뭔가 항상 문제가 있어요. 단상자가 지저분하거나 밀봉씰이나 스티커가 훼손되어 있거나, 용기 상태가 별로거나 ㅡㅡ

증정품도 너무 짜요. 빗은 너무 약해보이고, 소용량 샴푸랑 소용량 오일뿐입니다. 라방을 해도 항상 증정품이 별로 없어요. 타사 고가 제품들은 똑같이 고가여도 증정품 많이 챙겨주던데.. 

근데 그것도 그나마 주는 증정품 가지고 장난질 칩니다 ㅡㅡ 엘릭서 얼팀 오일 기획 구매할 때 방 제네시스 샴푸랑 시몽 테르미크 소용량 증정한다고, 오늘드림/픽업 주문시에는 미증정 된다고 적혀있어서 온라인 주문하면 증정품 안와요. 이게 기획 세트 안에 증정품 들어있다는 뜻이었다고 하네요 ㅎㅎ 근데 시몽 테르미크 듀오 기획 주문할 때는 듀오 기획 안에 시몽 소용량 3개가 들어있는 구성이고, 추가 증정품으로 시몽 소용량 2개를 준다고 되어있고, 이 추가 증정품은 오늘드림/픽업 주문시에 안준다고 해서 온라인몰 주문하면 이건 또 증정품이 와요 ㅋㅋㅋ 엘릭서 얼팀 오일 같은 경우에는 기획세트 안에 들어있는 증정품과 동일한 추가 증정품을 준다는 경우였는데 안오고, 시몽은 기획 세트 안에 들어있는 증정품과 수량만 다른 동일 증정품 준다는 경우인데 이건 오고. 자기네들 편의에 따라서 이랬다 저랬다 해요. 분명 동일 조건, 동일 상황인데도 말이죠.

향은 생강 성분 들어가서 그런지 약간 생강향 납니다. 저는 괜찮았는데, 향 호불호 좀 갈릴 것 같아요. 시몽 테르미크나 헤어 오일 4종 같은 그런 좋은 향은 아닙니다."
2026-07-27,A000000212122,50074343,2025.10.30,1,0,GIFT,,A01,B01,"C02,C04",5,31.5,1,0,엔젤링올챙,"가지가지하는 케라스타즈 진심 최악입니다🤬  별 하나도 아까워요.

케라스타즈는 모든 제품 용기 겉면에 스티커로 다 가려놓는데, 스티커가 찢어져서 단상자 안에서 굴러다니고 있더라고요. 근데 스티커 안쪽을 보니 피가 묻어있네요🤦‍♀️ 포장하시다가 손이 살짝 베이신 건지...안타깝지만, 그래도 이런 피 묻은 제품을 고객에게 보내다니 정말 케라스타즈 진짜 정말 최악입니다.

심지어 스티커 붙이는 작업 조차도 제대로 못해서 원래 ANTI HAIR-FALL까지 스티커로 가려야 되는데, ANTI HAIR까지만 가림 ㅋ 윗줄은 아예 스티커가 찢어져서 단상자 안에서 굴러다니고 있고, 밑에줄은 가려야 되는 부분까지 다 가려놓지도 않고 ㅋㅋ 우리나라랑 표기법이 다르고, 들어가면 안되는 용어들이 있어서 가려놓은 걸텐데 이러면 의미가 없지 않나요?? 문제 삼으면 충분히 문제가 될 것 같은 문제네요. 스티커로 가리지 않은 상품을 팔아먹은거잖아요. 심지어 피까지 묻은 상품을.. 누가 사람 피 묻은 제품을 비싸게 돈주고 사고 싶나요??🤦‍♀️

게다가 두피 세럼 초록이랑 핑크 2개 구매했는데, 둘 다 스포이드 손으로 누르는 부분 사진처럼 쪼그라들어서 왔어요. 기압차이라고 하기에는 타사 스포이드 제품들 조금이라도 쪼그라들어서 온 적이 단 한번도 없네요. 심지어 외국에서 화장품 사와도 비행기 안에서 쪼그라들지도 않아요. 용기를 엄청 저렴이로 생산 판매하는건지, 용기 만드는 기술이 딸리는건지🤷‍♀️

기획 안에 들어있는 방 디발렁 샴푸도 겉에 글씨도 좀 지워져 있고, 추가 증정품 내역에 방 디발렁 하나 더 온다고 주문내역에 버젓이 적혀있는데, 다른 샴푸로 보내고 참... 아주 지들 멋대로인 기업👏

그렇다고 제품 자체가 원 앤 온리, 스페셜 하지도 않음 ㅋㅋㅋ 가격이라도 저렴하던가 ㅡㅡ 향은 호불호 갈리는 향이고, 사용감도 걍 무난합니다. 당연한 얘기지만 이거 썼다도 없던 머리가 새싹처럼 자라지도 않아요. 특별히 모근이 튼튼해지거나 볼륨도 살아나지 않고요.

일처리 하나하나가 다 별로입니다. 라방에서 구매했는데, 라방 하자마자 구매해서 그런지 장원영씨 포카는 증정 목록에 안뜨더라고요. 제가 구매하고 나서 포카 증정을 풀어가지고🤦‍♀️ 아니 라방 딱 시작하면 증정품을 정상적으로 받을 수 있게 풀어야지 참...아마 제가 장원영씨 팬이었다면 굉장히 화가 났을 것 같은 일처리입니다 ㅋ 보니까 포카 못받으셔서 속상해하시는 팬분도 계시는 것 같아서 제가 포카 못받아도 한분이라도 더 받으시라고 일부러 결제 취소하고 재결제 안했습니다. 주변에 팬분이 있어서 줄 사람이라도 있으면 다행이지만, 없으면 받아봤자잖아요."
2026-07-27,A000000212122,60859734,2026.06.04,5,0,NORMAL,[단품] 90ml,,,,0,30.0,1,0,k202504228****,"최근 머리카락이 많이 빠지고 모발이 가늘어지는 것 같아서 케라스타즈 제네시스 세럼을 사용해 보게 되었습니다. 가격이 저렴한 제품은 아니지만 탈모와 모발 끊어짐 관리에 도움이 된다는 후기가 많아서 기대를 가지고 구매했습니다.

먼저 사용감은 매우 가볍고 끈적임이 거의 없습니다. 두피에 직접 바른 후 마사지해 주면 빠르게 흡수되며 머리가 기름져 보이지 않아 아침이나 저녁 언제든 부담 없이 사용할 수 있었습니다. 또한 향이 고급스럽고 오래 지속되어 사용할 때마다 기분이 좋았습니다.

약 4주 정도 꾸준히 사용한 결과 샴푸할 때나 머리를 빗을 때 빠지는 머리카락의 양이 이전보다 줄어든 것을 느낄 수 있었습니다. 특히 머리카락이 쉽게 끊어지던 부분이 조금 더 건강해진 느낌이 들었고, 모발에 힘이 생긴 것 같았습니다. 일부 사용자들은 잔머리가 새롭게 자라는 효과를 경험했다고 하는데, 저 역시 헤어라인 주변에 짧은 잔머리가 조금씩 보이기 시작했습니다. 다만 눈에 띄는 변화가 나타나기까지는 최소 1~2개월 정도의 꾸준한 사용이 필요하다고 생각합니다.

장점으로는 가벼운 사용감, 빠른 흡수력, 고급스러운 향, 그리고 모발 끊어짐 감소 효과를 꼽을 수 있습니다. 반면 단점은 가격이 다소 비싸다는 점입니다. 또한 사람마다 두피 상태와 탈모 원인이 다르기 때문에 효과의 차이가 있을 수 있습니다.

종합적으로 평가하면 케라스타즈 제네시스 세럼은 모발이 약해지고 쉽게 빠지는 사람들에게 추천할 만한 제품입니다. 단기간에 극적인 발모 효과를 기대하기보다는 두피와 모발 건강을 꾸준히 관리하는 목적으로 사용하는 것이 좋다고 생각합니다. 가격은 부담스럽지만 사용 후 만족도가 높아 재구매 의사가 있는 제품입니다. 모발 끊어짐과 일시적인 탈모 고민이 있는 분들에게 한 번쯤 사용해 볼 가치가 있는 프리미엄 헤어 세럼이라고 평가하고 싶습니다."
2026-07-27,A000000212122,58012689,2026.04.07,5,0,NORMAL,,,,,7,22.5,1,0,벨라야,"​[리뷰] 끊어짐 고민 안녕! 👋 올리브영 단독 기획 케라스타즈 제네시스 두피 세럼 & 샴푸 내돈내산 찐후기
​안녕하세요, 올리브영 덕후 여러분! 💖 오늘은 제가 드디어 득템한 따끈따끈한 신상 기획 세트를 소개해 드릴게요. 평소 머리카락이 뚝뚝 끊어지고 힘없이 빠져서 고민이었는데, 이 제품을 만나고 광명 찾았습니다!✨

​📦 Unboxing: 혜자로운 구성
​이번 올리브영 단독 기획은 정말 구성이 미쳤어요!
​본품: 케라스타즈 제네시스 포르티파잉 세럼 90ml (두피 세럼)
​증정: 제네시스 샴푸 (방 이드라-포르티피앙) 30ml x 2개! (이 여행용 사이즈 너무 소중하죠 😍)

​🌸 香 (Scent): 반해버린 세련된 향
​제품을 열자마자 느낀 건 고급스러운 향기였어요. 사실 유명한 제품이라도 향이 제 취향이 아니면 잘 안 쓰게 되는데, 이건 정말 은은하면서도 세련된 꽃 향기가 나요. 샴푸 할 때부터 세럼 바를 때까지 기분이 너무 좋아지는 힐링 향입니다. 킁킁거리게 되는 중독성 있는 향이에요! 💕

​🧴 사용감 & 효과: 끈적임 없는 흡수력!
​제일 마음에 들었던 점은 끈적임이 전혀 없다는 거예요! 두피 세럼이라고 하면 기름질까 봐 걱정하시는 분들 많잖아요? 이건 바르자마자 물처럼 싹- 흡수되어서 두피가 산뜻해요. 지성 두피인 분들도 부담 없이 쓰실 수 있을 것 같아요.

​저는 샴푸 후 젖은 두피에 도포하고 가볍게 마사지해 주는데, 두피가 건강해지는 느낌이 확 들더라고요. 며칠 꾸준히 써보니 머리 감을 때 확실히 끊어지는 머리카락 수가 줄어든 것 같아요. 두피 장벽 강화라는 말이 딱 맞네요! 🛡️

​💡 사용 꿀팁 (Best Tip)
​샴푸와 세럼의 찰떡궁합: 증정으로 받은 샴푸를 같이 쓰면 시너지 효과가 배가 돼요. 샴푸로 두피를 깨끗하게 세정하고 세럼으로 영양을 채워주는 게 포인트!
​꾸준함이 답이다: 매일 잊지 않고 아침저녁으로 발라주세요. 두피는 관리가 가장 정직하게 드러나는 곳이니까요.

​🙋‍♀️ 강력 추천 (Recommendation)
​이런 분들에게 꼭 추천해 드리고 싶어요!
​머리카락이 힘없이 끊어지고 빠지는 게 고민이신 분
​산뜻하고 끈적임 없는 두피 세럼을 찾으시는 분
​두피 본연의 건강을 되찾고 싶으신 분
​올리브영 단독 혜택을 놓치고 싶지 않으신 분"
2026-07-27,A000000212122,49892360,2025.10.25,5,0,NORMAL,[단품] 90ml,A01,B01,"C01,C02",5,22.5,1,1,아복이,"💗케라스타즈 제네시스 세럼 90ml💗

이전에 구매했던 제품이였는데
품절이라서 계속 기다리다가
이번 3월 올영세일때 재고 풀려서 왕창 쟁였어요ㅎㅎ

이 제품은 헤어가 아닌 두피에 사용하는 제품이에요!

머릿결 케어만 하다가
아 머리카락은 두피에서 나니까 ㅋㅋ
두피도 중요하겠네? 라는 생각이 들었어요😅

모발이 더 강해지고 끊어짐도 감소해주고,
두피장벽을 2배 강화해준다고 해서
올영 12월 세일때 구매를 했답니다

사용법은
-타올드라이 후 두피에 섹션을 나누어 고루 도포시켜주는데
스포이드 자체에 블랙라인 표시가 되어있어서
그 라인까지 1섹션마다 사용하면 된다고 해요!
(살다살다 스포이드에 라인있는거 처음봤어요ㅋㅋㅋ대박!)
-총 4개의 섹션으로 나눠준 뒤
-잘 흡수될 수 있도록 마사지하면 끝!

💗한달사용후기💗
샴푸후 머리 말리기 전에 무조건 사용하는 필수템입니당!
향, 흡수력 다 만족하는 제품!
사용후 만족스러워서
친구들한테 추천도 하고 선물도 많이 한 제품입니당 :)"
2026-07-27,A000000212122,45181765,2025.07.15,5,0,NORMAL,[단품] 90ml,A01,B01,"C01,C02",4,22.5,1,1,아복이,"💗케라스타즈 제네시스 세럼 90ml💗

이전에 구매했던 제품이였는데
품절이라서 계속 기다리다가
이번 3월 올영세일때 재고 풀려서 왕창 쟁였어요ㅎㅎ

이 제품은 헤어가 아닌 두피에 사용하는 제품이에요!

머릿결 케어만 하다가
아 머리카락은 두피에서 나니까 ㅋㅋ
두피도 중요하겠네? 라는 생각이 들었어요😅

모발이 더 강해지고 끊어짐도 감소해주고,
두피장벽을 2배 강화해준다고 해서
올영 12월 세일때 구매를 했답니다

사용법은
-타올드라이 후 두피에 섹션을 나누어 고루 도포시켜주는데
스포이드 자체에 블랙라인 표시가 되어있어서
그 라인까지 1섹션마다 사용하면 된다고 해요!
(살다살다 스포이드에 라인있는거 처음봤어요ㅋㅋㅋ대박!)
-총 4개의 섹션으로 나눠준 뒤
-잘 흡수될 수 있도록 마사지하면 끝!"
2026-07-27,A000000212122,45136607,2025.07.13,5,0,NORMAL,[단품] 90ml,A01,B01,"C01,C02",5,22.5,1,1,아복이,"💗케라스타즈 제네시스 세럼 90ml💗

이전에 구매했던 제품이였는데
품절이라서 계속 기다리다가
이번 3월 올영세일때 재고 풀려서 왕창 쟁였어요ㅎㅎ

이 제품은 헤어가 아닌 두피에 사용하는 제품이에요!

머릿결 케어만 하다가
아 머리카락은 두피에서 나니까 ㅋㅋ
두피도 중요하겠네? 라는 생각이 들었어요😅

모발이 더 강해지고 끊어짐도 감소해주고,
두피장벽을 2배 강화해준다고 해서
올영 12월 세일때 구매를 했답니다

사용법은
-타올드라이 후 두피에 섹션을 나누어 고루 도포시켜주는데
스포이드 자체에 블랙라인 표시가 되어있어서
그 라인까지 1섹션마다 사용하면 된다고 해요!
(살다살다 스포이드에 라인있는거 처음봤어요ㅋㅋㅋ대박!)
-총 4개의 섹션으로 나눠준 뒤
-잘 흡수될 수 있도록 마사지하면 끝!

💗한달사용후기💗
샴푸후 머리 말리기 전에 무조건 사용하는 필수템입니당!
향, 흡수력 다 만족하는 제품!
사용후 만족스러워서
친구들한테 추천도 하고 선물도 많이 한 제품입니당 :)"
2026-07-27,A000000212122,45136565,2025.07.13,5,0,NORMAL,[단품] 90ml,A01,B01,"C01,C02",3,22.5,1,1,아복이,"💗케라스타즈 제네시스 세럼 90ml💗

이전에 구매했던 제품이였는데
품절이라서 계속 기다리다가
이번 3월 올영세일때 재고 풀려서 왕창 쟁였어요ㅎㅎ

이 제품은 헤어가 아닌 두피에 사용하는 제품이에요!

머릿결 케어만 하다가
아 머리카락은 두피에서 나니까 ㅋㅋ
두피도 중요하겠네? 라는 생각이 들었어요😅

모발이 더 강해지고 끊어짐도 감소해주고,
두피장벽을 2배 강화해준다고 해서
올영 12월 세일때 구매를 했답니다

사용법은
-타올드라이 후 두피에 섹션을 나누어 고루 도포시켜주는데
스포이드 자체에 블랙라인 표시가 되어있어서
그 라인까지 1섹션마다 사용하면 된다고 해요!
(살다살다 스포이드에 라인있는거 처음봤어요ㅋㅋㅋ대박!)
-총 4개의 섹션으로 나눠준 뒤
-잘 흡수될 수 있도록 마사지하면 끝!

💗한달사용후기💗
샴푸후 머리 말리기 전에 무조건 사용하는 필수템입니당!
향, 흡수력 다 만족하는 제품!
사용후 만족스러워서
친구들한테 추천도 하고 선물도 많이 한 제품입니당 :)"
2026-07-27,A000000212122,45136544,2025.07.13,5,0,NORMAL,[단품] 90ml,A01,B01,"C01,C02",2,22.5,1,1,아복이,"💗케라스타즈 제네시스 세럼 90ml💗

이전에 구매했던 제품이였는데
품절이라서 계속 기다리다가
이번 3월 올영세일때 재고 풀려서 왕창 쟁였어요ㅎㅎ

이 제품은 헤어가 아닌 두피에 사용하는 제품이에요!

머릿결 케어만 하다가
아 머리카락은 두피에서 나니까 ㅋㅋ
두피도 중요하겠네? 라는 생각이 들었어요😅

모발이 더 강해지고 끊어짐도 감소해주고,
두피장벽을 2배 강화해준다고 해서
올영 12월 세일때 구매를 했답니다

사용법은
-타올드라이 후 두피에 섹션을 나누어 고루 도포시켜주는데
스포이드 자체에 블랙라인 표시가 되어있어서
그 라인까지 1섹션마다 사용하면 된다고 해요!
(살다살다 스포이드에 라인있는거 처음봤어요ㅋㅋㅋ대박!)
-총 4개의 섹션으로 나눠준 뒤
-잘 흡수될 수 있도록 마사지하면 끝!

💗한달사용후기💗
샴푸후 머리 말리기 전에 무조건 사용하는 필수템입니당!
향, 흡수력 다 만족하는 제품!
사용후 만족스러워서
친구들한테 추천도 하고 선물도 많이 한 제품입니당 :)"
2026-07-27,A000000212122,38132723,2025.03.15,5,0,NORMAL,[단품] 90ml,A01,B01,"C01,C02",4,22.5,1,1,아복이,"💗케라스타즈 제네시스 세럼 90ml💗

이전에 구매했던 제품이였는데
품절이라서 계속 기다리다가
이번 3월 올영세일때 재고 풀려서 왕창 쟁였어요ㅎㅎ

이 제품은 헤어가 아닌 두피에 사용하는 제품이에요!

머릿결 케어만 하다가
아 머리카락은 두피에서 나니까 ㅋㅋ
두피도 중요하겠네? 라는 생각이 들었어요😅

모발이 더 강해지고 끊어짐도 감소해주고,
두피장벽을 2배 강화해준다고 해서
올영 12월 세일때 구매를 했답니다

사용법은
-타올드라이 후 두피에 섹션을 나누어 고루 도포시켜주는데
스포이드 자체에 블랙라인 표시가 되어있어서
그 라인까지 1섹션마다 사용하면 된다고 해요!
(살다살다 스포이드에 라인있는거 처음봤어요ㅋㅋㅋ대박!)
-총 4개의 섹션으로 나눠준 뒤
-잘 흡수될 수 있도록 마사지하면 끝!"
2026-07-27,A000000212122,38132652,2025.03.15,5,0,NORMAL,[단품] 90ml,A01,B01,"C01,C02",4,22.5,1,1,아복이,"💗케라스타즈 제네시스 세럼 90ml💗

이전에 구매했던 제품이였는데
품절이라서 계속 기다리다가
이번 3월 올영세일때 재고 풀려서 왕창 쟁였어요ㅎㅎ

이 제품은 헤어가 아닌 두피에 사용하는 제품이에요!

머릿결 케어만 하다가
아 머리카락은 두피에서 나니까 ㅋㅋ
두피도 중요하겠네? 라는 생각이 들었어요😅

모발이 더 강해지고 끊어짐도 감소해주고,
두피장벽을 2배 강화해준다고 해서
올영 12월 세일때 구매를 했답니다

사용법은
-타올드라이 후 두피에 섹션을 나누어 고루 도포시켜주는데
스포이드 자체에 블랙라인 표시가 되어있어서
그 라인까지 1섹션마다 사용하면 된다고 해요!
(살다살다 스포이드에 라인있는거 처음봤어요ㅋㅋㅋ대박!)
-총 4개의 섹션으로 나눠준 뒤
-잘 흡수될 수 있도록 마사지하면 끝!"
2026-07-27,A000000212122,38132642,2025.03.15,5,0,NORMAL,[단품] 90ml,A01,B01,"C01,C02",3,22.5,1,1,아복이,"💗케라스타즈 제네시스 세럼 90ml💗

이전에 구매했던 제품이였는데
품절이라서 계속 기다리다가
이번 3월 올영세일때 재고 풀려서 왕창 쟁였어요ㅎㅎ

이 제품은 헤어가 아닌 두피에 사용하는 제품이에요!

머릿결 케어만 하다가
아 머리카락은 두피에서 나니까 ㅋㅋ
두피도 중요하겠네? 라는 생각이 들었어요😅

모발이 더 강해지고 끊어짐도 감소해주고,
두피장벽을 2배 강화해준다고 해서
올영 12월 세일때 구매를 했답니다

사용법은
-타올드라이 후 두피에 섹션을 나누어 고루 도포시켜주는데
스포이드 자체에 블랙라인 표시가 되어있어서
그 라인까지 1섹션마다 사용하면 된다고 해요!
(살다살다 스포이드에 라인있는거 처음봤어요ㅋㅋㅋ대박!)
-총 4개의 섹션으로 나눠준 뒤
-잘 흡수될 수 있도록 마사지하면 끝!"
2026-07-27,A000000212122,35953094,2025.01.11,5,0,NORMAL,[단품] 90ml,A01,B01,"C01,C02",5,22.5,1,0,아복이,"💗케라스타즈 제네시스 세럼 90ml💗

이 제품은 헤어가 아닌 두피에 사용하는 제품이에요!

머릿결 케어만 하다가
아 머리카락은 두피에서 나니까 ㅋㅋ
두피도 중요하겠네? 라는 생각이 들었어요😅

모발이 더 강해지고 끊어짐도 감소해주고,
두피장벽을 2배 강화해준다고 해서
올영 12월 세일때 구매를 했답니다

사용법은
타올드라이 후 두피에 섹션을 나누어 고루 도포시켜주는데
스포이드 자체에 블랙라인 표시가 되어있어서
그 라인까지 1섹션마다 사용하면 된다고 해요!
(살다살다 스포이드에 라인있는거 처음봤어요ㅋㅋㅋ대박!)
총 4개의 섹션으로 나눠준 뒤
잘 흡수될 수 있도록 마사지하면 끝!

꾸준히 써보고 한달 사용후기 올려볼게요!😄

++두피에 바르는 제품이라서 향이 일단 중요했어요
근데 진짜 넘 맘에 드는...♥ 남자스킨향에 가까운 듯한 향인데
고급진 향이라 진짜 넘넘 맘에 들어요!!!
머리 움직일때마다 그 향이 느껴지는데 넘 맘에 들고
주변에서 헤어제품 뭐쓰냐고 무조건 물어보는 템이였어요!
강추드립니당:  )
헤어 볼륨에도 도움이 되었어요,
양은 섹션 나누어서 매일 샴푸후 두피에 사용하다보니
90ml짜리 금방써요ㅠ 한 달도 안되서 다 사용한거같아요 ㅋㅋㅋ"
2026-07-27,A000000212122,34938517,2024.12.10,5,0,NORMAL,[단품] 90ml,A01,B01,"C01,C02",4,22.5,1,0,아복이,"💗케라스타즈 제네시스 세럼 90ml💗

이 제품은 헤어가 아닌 두피에 사용하는 제품이에요!

머릿결 케어만 하다가
아 머리카락은 두피에서 나니까 ㅋㅋ
두피도 중요하겠네? 라는 생각이 들었어요😅

모발이 더 강해지고 끊어짐도 감소해주고,
두피장벽을 2배 강화해준다고 해서
올영 12월 세일때 구매를 했답니다

사용법은
타올드라이 후 두피에 섹션을 나누어 고루 도포시켜주는데
스포이드 자체에 블랙라인 표시가 되어있어서
그 라인까지 1섹션마다 사용하면 된다고 해요!
(살다살다 스포이드에 라인있는거 처음봤어요ㅋㅋㅋ대박!)
총 4개의 섹션으로 나눠준 뒤
잘 흡수될 수 있도록 마사지하면 끝!

꾸준히 써보고 한달사용후기 올려볼게요!😄"
2026-07-27,A000000212122,61507387,2026.06.15,3,0,NORMAL,,,,,0,22.0,1,0,honey****,저한테는 아무 효과가 안 나서 좀 아쉬웠어요ㅠㅠ 비싸게 싸는데 그냥 그대로라서 후~ㅠㅠ
2026-07-27,A000000212122,60869391,2026.06.04,5,0,NORMAL,[단품] 90ml,,,,0,22.0,1,1,waiz****,오랫동안 써보고 싶었던 제품인데 프로모션 중이라 좋은 기회에 구매했어요. 기대했던 만큼 만족스럽고 너무 마음에 듭니다. ✨
2026-07-27,A000000212122,60450766,2026.05.31,5,0,NORMAL,[단품] 90ml,,,,0,22.0,1,1,waiz****,I can quickly see the result. I think i will buy more
2026-07-27,A000000212122,62722919,2026.07.12,5,0,NORMAL,[기획] 90ml+샴푸+마스크,,,,0,15.0,0,0,전새별,싼 편은 아니니까 고민 많이 했는데 생각보다 용량도 크고 제품도 좋아서 좋았어요
2026-07-27,A000000212122,60627507,2026.06.02,3,0,GIFT,,A01,B05,"C04,C05",0,15.0,0,0,jcej,엄청 비싼데 왜 비싼지 모르겠어요 .. 그냥 뿌리는 두피 앰플? 같은 거 쓰는 거 추천합니다
2026-07-27,A000000259499,62993252,2026.07.19,5,0,NORMAL, ,A03,B03,"C01,C05",3,2970.0,1,0,잴리탱,"파넬 시카마누 세럼을 워낙 좋아해서 벌써 7통 정도 비운 사람인데 세럼 미스트가 나왔다는 소식 듣자마자 바로 사용해봤어요 🍀

세럼의 촉촉함은 그대로 느껴지는데 제형이 정말 가볍게 분사돼서 부담 없이 수시로 뿌리기 좋더라고요 세럼은 아무래도 자주 덧바르기 쉽지 않은데 미스트 타입이라 건조하거나 피부가 당길 때마다 간편하게 사용할 수 있는 점이 가장 마음에 들었어요!

상세페이지에 분사력 관련된 말이 없어서 좀 별로이려나..? 걱정했는데 분사력 매우 고르고 너무 광 느낌 안나고 가볍지만 촉촉하게 마무리돼서 메이크업 위에 뿌려도 답답한 느낌이 없어 좋았어요! 여름에 특히 사용하기 좋은 제품 같아요 ㅎㅎ 또 피부에 수분감이 오래 유지되는 느낌이라 만족스러웠습니다!

게다가 하나 구매하면 하나 더 증정하는 행사까지 해서 가성비 대박👍🏻 시카마누 세럼을 좋아하셨던 분들이라면 이 미스트도 무조건 만족하실 것 같고 간편하게 진정과 보습을 챙기고 싶은 분들께도 추천드리고 싶어요🫶🏻💚"
2026-07-27,A000000259499,62683923,2026.07.12,5,0,NORMAL, ,A02,B06,C08,3,2970.0,1,0,제림,"파넬 시카마누 세럼을 너무 잘 써서 이번에 대용량도 바로 샀는데, 신상으로 미스트까지 🤍 요거는 또 세럼과 다른 느낌의 진정이에요! 시카마누 팩 써보신 분들은 아시겠지만 거기 들어간 쿨링 효과? 얼굴 열감 내려주고 진정 시켜주는 그런 쿨링감이 있어서 여름에 쓰기 너무 좋아요 ☺️ 안 그래도 세럼이 무거운 제형이라 여름에는 가끔씩만 쓰고 있었는데 이 미스트 배송온 이후로 매일 쓰는 중입니다..🫶🏻 파넬 이거지요 감다살"
2026-07-27,A000000259499,63050607,2026.07.20,5,0,NORMAL, ,A01,B03,"C01,C02",1,2232.0,1,0,iuudiw88,미스트 분사력도 좋고 제형도 일반 물보다는 더 촉촉한 느낌인데 유분은 없어서 좋아요! 화장한 후에는 모르겠고 평소 토너처럼 사용 중입니다 각질 제거한 후에도 칙칙 뿌려만 주면 되니까 자극이 없어서 요새 여름에 잘 사용 중이에요
2026-07-27,A000000259499,62810471,2026.07.14,5,0,NORMAL, ,A02,B04,"C01,C05",2,2214.0,1,0,룽륭,처음에 계속 눌러도 안나오더라구요 보니까 조금 강하게 몇번 눌러줘야 나와요! 처음 한두번은 찍찍 나오다가 안정되면서 안개분사처럼 나와요 향은 거의 없는 편이고 뿌리고나서 은은하게 쿨링감있어요
2026-07-27,A000000259499,62403694,2026.07.06,5,0,NORMAL, ,,,,3,1620.0,1,0,찌읏읏,"지성에 조금 더 가까운 수부지 타입이라 지금처럼 날씨가 더워지면 유수분 밸런스가 깨져서 그러는지 여드름이 엄청 생기더라구요ㅜㅜ세안을 자주해도 모공은 줄어들 기미가 안보이고 개기름이 어찌나 올라오는지...여름에 가볍게 사용할만한 제품을 찾다가 이제품이 딱이다 싶어서 구매했어요!
일단 무겁지 않고 수분감 많은 제품!지금까지 써본 세럼 미스트랑은 다르게 속부터 수분감이 차는 느낌?!수분감이 오래 지속 돼서 이제품 하나만 써도 전혀 건조 하지 않았고 유수분 밸러스를 잘 맞춰줘서 실제로 여드름도 많이 가라앉았어요!!!
또 피부 열감을 내려줄수있는 쿨링감이 있어서 화장전에 뿌려주면 들뜸없이 화장도 잘 먹고 모공 수축에도 도움이 될 것 같아요🥹👍수부지 타입을 가지신 분들이라면 저처럼 정말 만족스러워 하실겁니다ㅎㅎㅎㅎ"
2026-07-27,A000000259499,62251637,2026.07.03,5,0,NORMAL, ,A03,B04,"C02,C06",4,1620.0,1,0,해나Haena,"💡찐으로 사용한 리얼 후기만 담아요!(보정xx)💡
도움이 되셨다면 좋아요🩷 부탁드립니다!

본인 피부 타입🙋‍♀️
- 각질 잔뜩 / 기름 좔좔 수부지 & 여쿨라

💡제품 특징
기존의 파넬 시카마누 세럼을 그대로 미스트로 만든 느낌 + 제형

👍 이 제품은 이런점이 좋아요!
* 기존의 파넬 시카마누 세럼 특유의 끈적함은 덜하고 산듯하고 깔끔한 느낌을 더한 느낌이에요!
* 스킨케어 전 또는 화장 전 언제든 뿌려도 끈적함 없이 산듯하게 수분 진정해주는 템이에요!
* 미니 파넬 시카마누 세럼 증정해주는데 시카마누 세럼과 함께쓰면 피부 진정이 빨라요!

👎 이 제품은 이런점이 아쉬워요..
* 직분사가 아니고 애매한 안개분사 같은 느낌이라 출력(?)이 약간 아쉬워요..(안개분사 싫어하는 사람임)

❗️총평
진정템 찾으시는 분들 + 파넬 시카마누 세럼 좋아하시는 분들 추천드립니다!!
* 재구매 의사 🙆‍♀️"
2026-07-27,A000000259499,63046231,2026.07.20,5,0,NORMAL, ,A04,B03,"C01,C02",0,1512.0,1,0,톤팡질팡웜톤,저녁에 샤워하고 얼굴부터 등이랑 목 가슴부분까지 전체적으로 사용해주고있어요ㅡ 트러블 올라오는 예민해진 피부에 순하게 사용하기 좋습니다!!
2026-07-27,A000000259499,63044684,2026.07.20,5,0,NORMAL, ,A02,B02,"C01,C02",0,1512.0,1,0,인생화장품,"진정관리용으로 쓰기시작했는데 수분감도 너무 좋네요! 파넬꺼라 믿고써요~ㅎ수시로 뿌려도 좋고 아침 기초 첫단계에서 토너처럼 써도 좋아서 금방금방 다쓰겠어요 ㅎ 또 사서 쓸듯해요, 넘 만족합니다!"
2026-07-27,A000000259499,63016721,2026.07.19,5,0,NORMAL, ,A03,B04,"C01,C03",0,1350.0,1,0,리니마미2,"요즘 날씨가 더워져서 그런지 얼굴에 열감이 올라와서
고민이 있었는데. 파넬 시카마누 세럼 미스트 써보고 
좋아서 후기 남겨요~
이 제품은 그냥 일반적인 물 같은 미스트가 아니라
이름처럼 진짜 &#039;시럽&#039; 제형이라 그런지 
얼굴에 뿌렸을 때 쫀쫀하게 수분을 꽉 잡아주면서 
즉각적으로 시원해져요!
특히 더운 날 외출하고 돌아와서 
화끈거리는 피부에 뿌려주면 진정이 확 되는 느낌이라 
진짜 만족스러워요!
30분 지속 쿨링이라더니 정말 시원함이 오래가서 
피부 컨디션이 금방 회복되는 기분이에요~
세안 직후에 뿌려도 좋고, 
외출해서 메이크업 위에 가볍게 얹어줘도 
화장이 뭉치지 않아서 파우치 필수템으로 정착했습니다!
진정 미스트 고민하시는 분들께 강추드려요~"
2026-07-27,A000000259499,63006731,2026.07.19,5,0,NORMAL, ,A03,B05,"C01,C02",0,1350.0,1,0,포니폼,"미스트도 100미리로 양이 꽤 되는데 세럼까지 증정용으로 같이 들어있어서 좋았어요~! 미스트는 젤리미스트 같은 제형인데 분사력도 좋게 잘 나오고요, 물처럼 흐르는 제형이 아니라 피부에 뿌리면 잘 흐르지않아 펴바르기 편했어요~! 피부건조가 고민이신 분들한테 정말 추천해요! 쫀득쫀쫀피부되서 피부가 정말 촉촉해집니다~ 세럼도 진짜 좋아요~!!"
2026-07-27,A000000259499,63002033,2026.07.19,5,0,NORMAL, ,A03,B01,"C05,C08",0,1350.0,1,0,여쿨겨쿨중간쯤,"여름이라 피부 열감이 심해서 구매했는데 사용감이 정말 만족스러워요. 분사력이 고르고 미세해서 얼굴에 촉촉하게 밀착되고, 뿌리는 순간 시원한 쿨링감이 느껴져 피부가 금방 편안해집니다. 일반 미스트처럼 금방 날아가지 않고 세럼이 함께 들어 있어 촉촉함도 오래 유지돼요. 메이크업 전후 모두 사용하기 좋고, 끈적임 없이 산뜻하게 마무리돼 수시로 손이 가는 제품입니다. 민감해진 피부 진정용으로 특히 추천하고 싶어요."
2026-07-27,A000000259499,62980663,2026.07.18,5,0,NORMAL, ,A04,B04,"C01,C11",0,1350.0,1,0,꿀벌트위티,"이마에 트러블이 계속 번져서 정말 힘들었는데🥹.. 파넬 세럼 쓰고 많이 진정돼서 미스트도 같이 써봤어요!! 
앰플 기획이라 가성비도 좋고 제형이 가볍고 잘 흡수돼서 수시로 뿌리기 너무 편해요. 뿌리고 나면 피부가 촉촉하면서도 산뜻하고 트러블 부위가 진정되는 느낌이 들어서 요즘 하루에 몇 번씩 뿌리고 다니고 있어요.
트러블 케어하면서 수분 충전도 동시에 하고 싶은 분들한테 추천!! 특히 여름에 가볍게 쓰기 딱 좋은 미스트예요~"
2026-07-27,A000000259499,62951197,2026.07.18,5,0,NORMAL, ,A04,B06,"C08,C09",0,1350.0,1,0,화이트롤,2세트를 구매했더니 본품 하나를 증정해주시네요! 처음에 미스트 병 안에 들어 있는 제형을 보고 꿀처럼 찐득해서 무거우면 어쩌지 하고 고민했는데 안개 분사 형식이라 얼굴에 고르고 얇게 도포되어서 빠르게 흡수되고 마무리감이 산뜻하더라고요. 특히 같이 기획되어 있는 세럼이 정말 좋았는데 1차로 미스트를 레이어링하고 2차로 세럼을 발라주니 붉어진 얼굴이 즉각적으로 가라앉는 게 보였어요.  저처럼 여름만 되면 얼굴이 불타는 고구마가 되는 수부지 피부에 추천해요!
2026-07-27,A000000259499,62889749,2026.07.16,5,0,NORMAL, ,A07,B04,"C02,C03",0,1350.0,1,0,빵뻥이,"요즘 피부가 자주 붉어지고 건조해서 고민하다가 파넬 시카마누 미스트세럼이 진정에 좋다길래 구매해 봤어요. 미스트 형식이라 세수하고 나와서 바로 칙칙 뿌려주기만 하면 되니까 엄청 편하고, 뿌리는 순간 시원한 쿨링감이 돌면서 붉은 기가 빠르게 가라앉더라고요. 가벼운 워터 타입인 줄 알았는데 세럼 성분이 들어가서 그런지 수분감이 날아가지 않고 오랫동안 촉촉하게 피부 속을 채워주는 느낌이에요. 안개분사라 메이크업 위에 수시로 뿌려도 화장이 뭉치거나 들뜨지 않아서 가방에 넣어 다니면서 데일리로 진짜 잘 쓰고 있어요"
2026-07-27,A000000259499,62855346,2026.07.15,5,0,NORMAL, ,A03,B01,"C01,C02",0,1350.0,1,0,여니공쥬님,"피부 열감이 올라올 때마다 손이 가는 미스트예요!

파넬 시카마누 세럼 미스트는 단순한 수분 미스트가 아니라 세럼이 함께 분사되는 타입이라서 뿌리고 나면 피부가 훨씬 촉촉하고 편안하게 느껴지더라고요.

✔️ 디자인 슬림한 용기라 휴대하기 편하고 분사 버튼도 부드럽게 눌려요. 가방에 넣고 다니면서 수시로 사용하기 좋았어요.

✔️ 사용감 미세한 안개 분사라 얼굴에 고르게 퍼지고, 끈적임 없이 촉촉하게 마무리돼요. 특히 피부가 건조하거나 열감이 느껴질 때 뿌리면 쿨링감이 은은하게 느껴져서 진정되는 느낌이 좋았어요.

✔️ 만족했던 점
세럼 미스트라 보습감이 오래가는 편
시카 성분 덕분인지 피부가 편안하게 느껴짐
메이크업 위에도 부담 없이 사용 가능
휴대하면서 수시로 뿌리기 좋음

✔️ 아쉬운 점 세럼 타입이라 일반 물 미스트보다 보습감은 좋지만, 아주 지성 피부라면 처음엔 약간 촉촉하게 느껴질 수 있어요.

📌 총평 수분 공급과 진정을 동시에 챙기고 싶은 분들에게 잘 맞는 미스트였어요. 특히 피부가 쉽게 건조해지거나 열감이 자주 올라오는 분들이라면 만족도가 높을 것 같아요.

이런 분들께 추천해요! ✔️ 쿨링감 있는 진정 미스트를 찾는 분 ✔️ 수분과 보습을 한 번에 챙기고 싶은 분 ✔️ 메이크업 위에도 사용할 미스트가 필요한 분 ✔️ 휴대용으로 촉촉한 세럼 미스트를 찾는 분"
2026-07-27,A000000259499,62852114,2026.07.15,5,0,NORMAL, ,A03,B06,"C01,C05",0,1350.0,1,0,dpswpffldk,"파넬 - 시카마누 세럼 미스트 100g 용량입니다. 
15ml용량의 세럼도 같이 와서 너무 좋아요!!

요즘같이 자외선 뜨거운 날 피부 열감도 장난아니고 트러블도 많이 올라오더라구요.

토너대신 파넬 미스트 뿌려주면 쿨링효과도있고 진정효과도 있어서 열감도 싹 내려가서 손이 자주 갑니다ㅎㅎ

여름에 사용하기 좋은 미스트로 추천드려요!!"
2026-07-27,A000000259499,62846979,2026.07.15,5,0,NORMAL, ,A02,B03,"C01,C05",0,1350.0,1,0,나은닷컴,원래도 좋아하는 브랜드인데 이번여름에 필수템인 미스트라니 당장 사서 써봣는데 너무 너무 좋아요!! 그냥 물이 아니고 세럼미스트인데 그렇다고 너무 무거운것도 아니고 실제로 뿌리면 사진처럼 저렇게 촉촉하게 있다가 바로 피부에 스며들어요!! 원래 귀찮아서 토너는 안쓰는데 토너대용이나 메이크업위에 써도 전혀 문제없었고 올해 여름은 파넬 미스트로 정착해요ㅠㅠ!! 그리고 인생템인 세럼도 같이라서 더 좋은건 안비밀!!
2026-07-27,A000000259499,62802317,2026.07.14,5,0,NORMAL, ,A03,B03,"C05,C09",0,1350.0,1,0,권지숙,"T존은 유분기 없이 산뜻하고 볼은 당기지 않고 촉촉하게 유지되서 밸런스가 딱 맞는 느낌이에요. 진정 효과도 있는지 사용하고 나서 피부가 한결 편안해지고 붉은기도 좀 가라앉는 느낌이었어요. 휴대하기 좋은 사이즈라 화장 중간에 수분 보충용으로 뿌리기도 좋고, 세럼까지 같이 구성돼있어서 알뜰하게 쓰기 좋아요. 향도 자극적이지 않고 은은해서 부담 없이 매일 쓰기 좋은 제품이에요."
2026-07-27,A000000259499,62780329,2026.07.14,5,0,NORMAL, ,A01,,"C05,C06",0,1350.0,1,0,향친자,"얼굴에 분사하자마자 쿨링감이 바로 느껴졌어요. 적외선 온도계로 측정해 보니 사용 전 36.0°C에서 사용 직후 33.4°C로 약 2.6°C 정도 낮아져서 피부 열감을 식혀주는 느낌이 확실했습니다.

미스트 입자는 고르게 분사돼서 피부에 촉촉하게 밀착됐고, 끈적임 없이 산뜻하게 마무리되는 점도 만족스러웠어요. 다만 공병 분사력이 조금 아쉬웠습니다. 분사감이 다이소에서 판매하는 일반 미스트 공병과 크게 차이가 느껴지지 않아 고급스럽다는 느낌은 덜했어요. 내용물 자체의 쿨링감과 촉촉함은 만족스러웠지만, 용기는 조금 더 개선되면 좋겠다는 생각이 들었습니다.

(7월 17일)
계속 사용해 보니까 생각보다 공병이 불편하진 않았지만 분사력이 좋지 안은건 여전했습니다.. 그리고! 적외선 온도계 테스트는 손등에 했었는데 얼굴에 사용해보니까 확실히 쿨링감이 더욱 느껴졌습니다!
제가 리들샷을 쓰는데 쓰고 나면 피부가 자극을 받아서 뜨거워 지는데 이때 미스트를 뿌려주면 쿨링감이 확돌면서 진정되는 느낌이 들었습니다🙈 완전 추천입니다

오늘드림으로 시켜도 증정품 주시는줄 알고 시켰는데 증정품이 안와서 너무 슬펐습니다ㅠ 다른 분들은 일택으로 시키세욥...ㅠㅠ"
2026-07-27,A000000259499,63161926,2026.07.22,5,0,NORMAL, ,A03,B03,"C01,C05",0,1260.0,1,0,은수Eunsu,"🏷파넬 시카마누 세럼 미스트

파넬 시카마누 세럼 좋아하는데 미스트도 나왔길래 구매해봤어요!일단 시카마누랑 비슷한데 제형이 가벼워서 좋고 여름에 쓰기 딱이에요 마음에듭니다!!!"
2026-07-27,A000000259499,63038824,2026.07.20,5,0,NORMAL, ,A06,B01,"C01,C05",0,1260.0,1,0,aldus****,"넬 시카 유명한데 미스트라서 여기저기 뿌리기 좋아보였어요
요즘 트러블올라와서 시카미스트에 관심이 생기더라구요
얼굴 바디 트러블 있는곳에 다 뿌려주고있어요
뿌리면 시원하고 촉촉해서 좋은데 분사가 골고루 나오는 느낌은 아닙니다!"
2026-07-27,A000000259499,62487729,2026.07.07,5,0,NORMAL, ,A03,B01,"C01,C05",1,1260.0,1,0,쿠림쿠림아쿠림,"요즘 여름이라 그런지 씻으면 얼굴 홍조가 오래가더라구여..
쿨링 진정이 좀 필요할 것 같아서 미스트랑 앰플 이런 거 찾다가 마침 파넬에서 쿨링감 있는 미스트 나왔다길래 어키 너다 하구 바루 구매했어용
요즘 제 루틴 세수하고 미스트 냅다 칙칙하고 화장대 가서 마무리~"
2026-07-27,A000000259499,62361783,2026.07.05,5,0,NORMAL, ,A04,B01,"C01,C03",2,1260.0,1,0,피이비이,"세안 후랑, 메이크업 전후에 뿌리기 좋아요~ 분사력이 고르고 미세힌 편이라서 피부에 밀착되고, 더운 날 달아오른 피부를 쿨링감 있게 진정시켜주는 느낌이라 만족했어요. 파넬 세럼 원래 좋아하는데 세럼이 들어간 미스트라 촉촉함도 오래가서 자꾸 뿌리게되네요!"
2026-07-27,A000000259499,62935045,2026.07.17,5,0,NORMAL, ,,,,0,1134.0,1,0,말티쥬,기존 파넬 미스트를 잘 썼어서 신상도 구매해 봤아요 ㅎㅎ 분사력도 좋고 시카 성분이 들어가서 여름철 자극 많이 받는 피부 진정도 될 듯 해 맘에 들러요
2026-07-27,A000000259499,62797181,2026.07.14,5,0,NORMAL, ,A06,B06,C05,0,1134.0,1,0,해로그,"세럼 잘 사용한 적이 있어요 브랜드 믿고!
토너 대용으로 구매했습니다"
2026-07-27,A000000259499,62763801,2026.07.13,5,0,NORMAL, ,A06,B03,C05,0,1134.0,1,0,희하안,한 번 뿌렸는데 시 번째 사진처럼 촉촉하게 골고루 분사가 되고 두 번째 사진처럼 주르륵 흐르는 물 같은 제형입니당 향은 크기 없어서 촉촉하게 잘 쓸 것 같아요!
2026-07-27,A000000259499,62972823,2026.07.18,5,0,NORMAL, ,A02,B02,"C01,C02",0,1125.0,1,0,우주셋맘,"파넬 시카마누 미스트~
사춘기 딸아이가 사달라해서 구매했어요
여드름이 있어서  신중하게 구매하는데
시카마누는 여드름 피부에도 좋고 여름철
피부 열감과 진정에도 좋다고 하네요~
샤워 후 미스트를 먼저 사용하니 쿨링감이 있어서
좋다고 합니다~~"
2026-07-27,A000000259499,62951546,2026.07.18,5,1,NORMAL, ,A03,B03,"C02,C03",0,1125.0,1,0,김홍국이,"제품을 제공받아 직접 사용해본 후 솔직하게 작성한 후기입니다.

원래도 피부가 민감한 편인데 여름철만 되면 에어컨 바람이랑 뜨거운 햇볕 때문에 볼 쪽이 쉽게 붉어지고 뒤집어지더라고요. 마침 올영픽에 떴길래 믿고 구매해 봤는데 왜 다들 파넬 파넬 하는지 이제야 알았습니다.

이 미스트는 일반 물 미스트랑 다르게 뿌리는 순간 피부에 착 감기면서 시카마누 성분이 촉촉하게 진정시켜 주는 게 온몸으로 느껴져요. 안개 분사력이 정말 예술이라 메이크업 위에 뿌려도 뭉치거나 지워지지 않고, 시원한 쿨링감 덕분에 달아오른 피부 열감이 금방 내려앉더라고요. 같이 증정되는 세럼까지 함께 쓰니까 시너지 효과가 나서 그런지, 며칠 만에 붉은 기가 눈에 띄게 가라앉고 피부 장벽이 탄탄해진 기분이에요. 가방에 쏙 들어가는 사이즈라 외출할 때나 사무실에서 건조할 때마다 수시로 뿌려주고 있습니다. 저처럼 쉽게 예민해지는 수부지 피부나 급속 진정이 필요하신 분들께 무조건 추천합니다!"
2026-07-27,A000000259499,62885266,2026.07.16,5,0,NORMAL, ,A01,B01,"C03,C05",0,1125.0,1,0,jisung88,"요즘 더워서 피부 홍조가 있는데, 열감이 자주 올라와 구매해봤어요. 특히 미스트라서 밖에서나 중간중간 외출하고 들어와서 뿌려주면 좋아요, 뭔가 에어처럼 분사되지는 않는데, 그래도 전반적으로 입자도 고르게 분사되고 촉촉하게 마무리됩니다. 휴대하면서 수시로 뿌리기 좋아요. 같이 들어있는 세럼은 여행 갈 때 사용하기 딱 좋은 사이즈라 가져가면 좋을 것 같구, 트러블 뾰류지 등 진정용으로 꾸준히 사용할 것 같아요."
2026-07-27,A000000259499,62854511,2026.07.15,5,0,NORMAL, ,A06,B01,"C04,C05",0,1125.0,1,0,집짓는말벌,"평소에 속건조까지 심하고 여드름도 많이 나는 전형적인 수부지 타입이라 미스트 고르기는게 너무 어려웠거든요. 시중에 파는 일반 워터 미스트들은 뿌릴 때는 촉촉한 것 같아도 금방 증발하면서 오히려 피부 속 수분까지 뺏어가 더 당기는 느낌이 들었는데, 이 제품은 가벼운 물 미스트가 아니라 영양감 있는 세럼 성분을 담은 제품이라 확실히 다릅니다.

가장 만족스러운 점은 뿌리는 즉시 수분감을 채워주는 느낌이라는 거예요. 그렇다고 유분기가 많아 번들거리거나 끈적이지 않고 딱 맑고 투명한 광채만 남기고 산뜻하게 흡수됩니다. 이 브랜드의 세럼 성분이 여드름에 잘 맞아서 너무 잘 사용하고 있었는데 붉게 달아오른 부위에 슥 뿌려주면 편안하게 쿨링감이 돌면서 붉은 기가 빠르게 가라앉아서 여름에 특히 좋아요. 화장품 바르기 전에 손 씻는건 기본이지만 그때마다 손 씻는게 귀찮아서 안발랐는데 이건 그냥 가볍게 분사해서 바를 수 있어서 진짜 편해요. 가스 충전 형식이 아닌데도 입자가 정말 고르고 미세하게 퍼지는 안개분사 펌프라 얼굴에 뭉침 없이 부드럽게 안착합니다.

자극 없이 순하게 속건조를 꽉 잡아주는 정착 미스트를 찾고 계시거나, 스킨케어 단계를 간편하게 줄이면서 확실한 진정 효과를 보고 싶으신 분들께 정말 강력하게 추천해 드립니다! 특히 파넬 원래 좋아하셨던 분들은 기획세트로 세럼 꼭 가져가세요!! 세럼 맘에 드셨으면 분명 좋아하실거에요."
2026-07-27,A000000230821,63086899,2026.07.21,5,0,NORMAL,폼클렌저 2입 + 클렌징밀크 20ml,A02,B04,"C04,C05",8,7560.0,1,0,레몬맛우유,"한 달 넘게 꾸준히 사용해본 후기입니다!
-건성,예민성 추천!!
-수분감 넘침
-자극없음
-피지관리잘됌

평소 피부가 건조하고 예민한 편이라 클렌징 제품을 고를 때 가장 중요하게 보는 게 자극 여부인데, 라곰 클렌징 밀크는 한 달 동안 사용하면서 정말 순하다는 느낌을 많이 받았어요. 피부에 부드럽게 롤링되고 자극 없이 세안할 수 있어서 피부 컨디션이 예민한 날에도 부담 없이 사용할 수 있었습니다.

무엇보다 세안 후 촉촉함이 정말 만족스러웠어요. 피부가 땅기거나 속이 건조해지는 느낌 없이 수분감이 남아 있어서 세안 직후에도 피부가 굉장히 편안했습니다. 클렌징을 했는데도 보습제를 바로 바르지 않아도 될 정도로 피부가 편안하게 유지되는 점이 가장 마음에 들었어요.

한 달 동안 꾸준히 사용해보니 데일리 클렌저로 정말 만족도가 높았습니다. 건성이나 예민한 피부처럼 순하고 촉촉한 클렌징을 찾는 분들에게 추천하고 싶은 제품이에요."
2026-07-27,A000000230821,60640139,2026.06.02,5,0,NORMAL, 폼클렌저 2입,A02,B04,"C04,C05",8,1890.0,1,0,레몬맛우유,"쥐어짜서 열심히 쓰는중..
부드럽고 순한데 거퓸도 많고 데일리로 쓰기 좋아서 벌써 한통 금방 비워서 잘 쓰고 있어요!
라곰이 클렌저중에 베스트예요 가장 마음에 들어요 ㅎㅎ
세중력도 좋고 이걸로 세언하고나면 피부도 촉촉하고 당김이나 각질 올라오는게 없어서 제일 만족스러워요
세안 제품을 라곰으로 다 바꿀까 생각중인데 클밀 젤클 클폼 다 써보려구요 
2사bae 추천템이라 기대했다가 광고유명템에 대한 불신 때문에 긴가민가했는데 너무 좋아서 진짜 대만족 아주 촉촉순한 제품입니당"
2026-07-27,A000000230821,60522674,2026.06.01,5,0,NORMAL,폼클렌저 2입 + 추가 30ml 증정기획,A02,B04,"C04,C05",8,1710.0,1,0,레몬맛우유,벌써 구매한지 한달이나 됐다는게 믿겨지지않는 나의 일상이 되어버린라곰. 생각보다 더 좋다고 흥청망청 써버리다가 한 텅이 끝나버렸다. 아직도 자극감없이 이걸로 세안하고나면 건조함이 안느껴진다는게 정말 최고다. 앞으로도 함께할것이다 영원히 ..
2026-07-27,A000000230821,60522589,2026.06.01,5,0,NORMAL,폼클렌저 2입 + 클렌징밀크 20ml,A02,B04,"C04,C05",8,1710.0,1,0,레몬맛우유,"나의 사랑 라곰..
재구매해서 가족들도 다 같이 쓰고있어요 . 피부 예민한 때에도 진짜 아무문제 없이 쓰는중
하고나면 자극감 하나없이 수분 촉촉 편하고 부드러워서 세안할 때 데일리템으로도 자주 쓰는데 그냥 좋다. 부족한거없이 아침세안이든 저녁세안이든 하루에 한 번은 라곰을 쓰는게 맞다.."
2026-07-27,A000000230821,63217392,2026.07.24,5,0,NORMAL, 폼클렌저 2입,A03,B04,"C08,C12",0,1512.0,1,1,이썸머,You명세의 비해 대단히 좋eun건 모르겠지만 moo난햐요
2026-07-27,A000000230821,62708803,2026.07.12,5,0,NORMAL, ,A07,B02,"C06,C09",0,1350.0,1,0,안재우,"거품이 정말 촘촘하게 나서 세안할 때 자극 없이 부드럽게 씻겨요. 세안 후에도 피부가 당기지 않고 촉촉한 느낌이 남아서 만족스럽습니다. 향도 강하지 않아서 부담 없이 사용하기 좋고, 아침저녁으로 매일 쓰기 괜찮은 클렌저예요. 세정력도 무난해서 가벼운 메이크업이나 선크림 정도는 깔끔하게 지워집니다."
2026-07-27,A000000230821,62985424,2026.07.18,5,0,OFFLINE,폼클렌저 2입 + 클렌징밀크 20ml,A03,B04,"C01,C02",0,1134.0,1,0,SJS06,"광고가 많아서 구매해봤어요!

동생 선물로 줘서ㅠ 저는 다시 구매해서 써봐야ㅠㅠㅠ

다음에 후기 남길게요!!"
2026-07-27,A000000230821,62774804,2026.07.14,5,0,NORMAL,폼클렌저 2입 + 클렌징밀크 20ml,A03,B03,"C01,C05",2,1134.0,0,0,잴리탱,"완전 뽀득뽀득 🫧🩵
지성 피부분들에게 추천합니다! ㅎㅎ"
2026-07-27,A000000230821,62086570,2026.06.30,5,0,NORMAL, ,A03,B02,"C01,C03",18,1116.0,1,0,뚱챙이,"순하고 얼굴당김없어서 재재재구매중입니다
이사배 추천템이더라구요?
거품도 풍성하게 나요!"
2026-07-27,A000000230821,62102896,2026.06.30,5,0,OFFLINE,폼클렌저 2입 + 추가 30ml 증정기획,A04,B01,"C01,C02",0,900.0,1,0,댕봉이,"이사배 폼클렌징으로 유명한 라곰 셀럽 마이크로 폼 클렌저 다들 한번쯤은 들어보셨죠? 올영에서도 항상 상위권에 있고 주변에서도 하도 좋다좋다해서 저도 너무 써보고 싶었거든요 드디어 사용해봐서 솔직 후기 전해드려고 합니다 라곰에는 세가지 종륭,ㅣ 폼킆렌징이 있는데 지성 및 수부지 피부에게는 이 마이크로 퐄 클렌저를 추천하다고 합니다 저 또한 수부지 피부로서 약알칼리성 폼클렌징이 이 라곰 마이크로 폼클렌저가 잘 맞았어요 ㅎㅎ이 라곰 셀럽 마이크로 폼 클렌저는 피부 저자극 테스트 미세먼지 세정력 테스트까지 모두 완료된 덤증된 제품이라고 합니다 사실 매일 출퇴근 등하교 하면서 화장하는 것만으로도 피부에 자극가는데 폼클렌징까지 자극 제품 사용할 수는 없잔항요 또 봄되면서 매일이 미세먼지 전쟁인데 미세먼지까지 말끔히 지원준다니 요런 이유들로 라곰 셀럽 폼클렌징을 선택했습니다"
2026-07-27,A000000230821,62091132,2026.06.30,5,0,NORMAL,폼클렌저 2입 + 추가 30ml 증정기획,A02,B01,"C01,C03",2,900.0,1,0,마찌마찌,"🌸 한달이상 후기 🌸
무난한 사용감이 좋아서 N통째 재구매중인 제품이에요.
세정력이 좋은 약알칼리성 클렌저에요.
풍성하고 쫀쫀한 거품으로 부드럽고 편안하게 클렌징이 가능하고, 사용후 덜 건조해서 좋아요.

☝️ 체크 포인트
✅️ 저자극 약알칼리성 클렌저
✅️ 풍성하고 쫀쫀한 거품
✅️ 마무리감이 촉촉함"
2026-07-27,A000000230821,62073885,2026.06.29,5,0,NORMAL, 폼클렌저 2입,A02,B01,"C01,C03",2,900.0,1,1,마찌마찌,"🌸 한달이상 후기 🌸
무난한 사용감이 좋아서 N통째 재구매중인 제품이에요.
세정력이 좋은 약알칼리성 클렌저에요.
풍성하고 쫀쫀한 거품으로 부드럽고 편안하게 클렌징이 가능하고, 사용후 덜 건조해서 좋아요.

☝️ 체크 포인트
✅️ 저자극 약알칼리성 클렌저
✅️ 풍성하고 쫀쫀한 거품
✅️ 마무리감이 촉촉함"
2026-07-27,A000000230821,63327115,2026.07.26,5,0,OFFLINE,폼클렌저 2입 + 추가 30ml 증정기획,A03,B02,"C01,C02",0,792.0,1,0,FIONA,"이사배 추천템으로 썼는데 너무 만족해요. 이번이 세번째 재구매 해요. 촉촉 한데 세정력도 적당한 것 같고, 피부가 민감한 사람도 쓰고 좋아요."
2026-07-27,A000000230821,63211051,2026.07.24,5,0,NORMAL,폼클렌저 2입 + 추가 30ml 증정기획,A07,B05,"C02,C03",0,792.0,1,0,메은스,친구추천 받아서 구매했는데 세정력도 좋고 순하고 좋아요~~
2026-07-27,A000000230821,63121464,2026.07.21,5,0,NORMAL,폼클렌저 2입 + 클렌징밀크 20ml,A03,B03,"C01,C04",0,792.0,1,0,모카바나나,"순하고 세정력도 괜찮고 좋아요! 
사용하고 나면 미끄러운 느낌이 나서 더 좋아요"
2026-07-27,A000000230821,62372658,2026.07.05,5,0,NORMAL, 폼클렌저 2입,A04,B06,"C05,C11",2,756.0,1,0,드르르륵,기획세트 혜자 구성이라 넘좋아요! 가성비도 뛰어나고 순한 클렌징이 가능해서 마음에 듭니다.
2026-07-27,A000000230821,62372599,2026.07.05,5,0,NORMAL,폼클렌저 2입 + 클렌징밀크 20ml,A04,B06,"C05,C11",2,756.0,1,0,드르르륵,기획세트 혜자 구성이라 넘좋아요! 가성비도 뛰어나고 순한 클렌징이 가능해서 마음에 듭니다.
2026-07-27,A000000230821,62369150,2026.07.05,5,0,NORMAL,폼클렌저 2입 + 추가 30ml 증정기획,A04,B06,"C05,C11",2,756.0,1,0,드르르륵,자극없이 순하면서도 세정력이 좋은편이에요! 화이트헤드제거에 도움되고 세정력에 비해 촉촉한 점도 아주 마음에 들어요!
2026-07-27,A000000230821,62291412,2026.07.04,5,0,NORMAL,폼클렌저 2입 + 클렌징밀크 20ml,A02,B01,"C01,C02",1,756.0,1,0,다이빙고양이,"건성에 민감성이라 클렌징 제품 잘못 쓰면 트러블 엄청 올라오는데 이건 순해서 매일 아침 쓰기 좋아요
거품도 잘 나고 피부가 별로 안땡겨서 잘 쓰고 있습니당
없으면 불안해서 떨어지기 전에 미리미리 쟁여놔요
담엔 젤 타입도 써볼까 생각중이에여"
2026-07-27,A000000230821,62270034,2026.07.03,5,0,NORMAL,폼클렌저 2입 + 추가 30ml 증정기획,A01,B04,"C04,C06",0,756.0,1,0,이광수,진짜 꾸준히 쓰는 템입니다. 쓰고나면 건조하지 않고 수분감이 남아있어요. 그래서 손이 많이 가는 거 같아요!!
2026-07-27,A000000230821,62120061,2026.06.30,5,0,NORMAL,폼클렌저 2입 + 클렌징밀크 20ml,A02,B01,"C01,C03",5,756.0,1,0,cenoifroubr,"향도 좋고 거품도 부드러워서 세수하면 피부가 보들보들해지는 느낌이에요
세안 마치고도 촉촉하고 자극 없이 순한 편이라서 사용 후에 트러블 올라오는 것도 없었어요"
2026-07-27,A000000230821,61583468,2026.06.17,5,0,OFFLINE,폼클렌저 2입 + 추가 30ml 증정기획,A01,B04,"C07,C09",6,738.0,1,0,보노밍,건성 친구 선물로 샀는데 라곰이 확실히 건성피부에 좋은 것 같아요. 마무리감도 촉촉하고 피부 당김 없이 순하대요
2026-07-27,A000000230821,62814842,2026.07.14,5,0,OFFLINE,폼클렌저 2입 + 추가 30ml 증정기획,A07,,"C05,C06",0,675.0,1,0,슭곰발잉,"한 달 동안 사용해 본 후기를 남겨요.

처음에는 수분 민감성 피부라 걱정을 조금 했는데, 정말 순하고 자극 없이 세정이 잘 되더라구요. 미세먼지도 깔끔하게 씻겨 나가는 느낌이라 세안 후 피부가 깨끗하면서도 당김 없이 촉촉했어요. 거품이 부드럽고 풍성해서 세안할 때 기분도 좋고, 향도 은은해서 부담이 없었어요.

한 달 동안 쓰면서 트러블이나 건조함 없이 피부 컨디션이 안정적으로 유지됐다는 점이 가장 만족스러웠습니다. 아침, 저녁으로 사용해도 피부에 무리가 전혀 없었고, 세안 후에도 촉촉한 마무리감이 있어서 다른 제품보다 손이 자주 가네요.

정리하자면, 순하고 촉촉하면서 세정력도 좋은 폼 클렌저를 찾는다면 정말 추천할 만한 제품이에요. 굳굳!"
2026-07-27,A000000230821,63270670,2026.07.25,5,0,NORMAL,폼클렌저 2입 + 클렌징밀크 20ml,A02,B03,"C03,C05",0,660.0,1,0,wwwade,세정력 좋고 거품 잘 나고 향도 독하지 않고 순하게 느껴졌고 진짜 단점없는 폼클렌징인것 같아요 남편도 면도 할때 만족한데요
2026-07-27,A000000230821,63083110,2026.07.21,5,0,NORMAL, ,A01,B04,"C01,C06",0,660.0,1,0,유밈호영이,소량 짜내서 물기에 비벼도 거품이 잘나고 세정력도 좋은데 세정 후에 피부가 거의 안 당겨서 만족해요
2026-07-27,A000000230821,62937478,2026.07.17,5,0,NORMAL,폼클렌저 2입 + 클렌징밀크 20ml,A04,B03,"C05,C08",0,594.0,1,0,코코몽66,자극적이지 않은 세안제로 미세한 거품이 나서 깨끗하게 세정되서 좋습니다.
2026-07-27,A000000230821,62929826,2026.07.17,5,0,NORMAL,폼클렌저 2입 + 추가 30ml 증정기획,A03,B05,"C05,C09",1,594.0,0,0,Presssu,"자극이 없는데 잔여감 없이 세정이 잘되는 제품이엥요 
가격할인이 많이 되었으면 좋겠ㅇ러요"
2026-07-27,A000000230821,62712262,2026.07.12,5,0,NORMAL,폼클렌저 2입 + 클렌징밀크 20ml,A03,B01,"C01,C02",0,594.0,1,0,구스범스,부드럽고 자극없눈 폼클렌징이에요 거품도 매우 잘나고 굿이에요 굿
2026-07-27,A000000230821,62666929,2026.07.11,4,0,NORMAL,폼클렌저 2입 + 클렌징밀크 20ml,A03,,"C01,C02",0,540.0,1,0,크리스탈,세정력도 좋고 아침저녁상관없이 사용해도 될 것 같아요 당김도 없고 거품은 진짜 너무너무아주!!!!잘나요👍👍그리고 진짜정말쫀~쫀~해요!!!!!한번쯤은 사보시는거 ㅊㅊ글고 재구매의사는 그닥 다른거 더 사보는게 더 좋을거 같아용👍
2026-07-27,A000000230821,62518424,2026.07.08,5,0,NORMAL,폼클렌저 2입 + 클렌징밀크 20ml,,,,0,540.0,1,0,라비올라,"소량만 사용해도 미세하고 풍성한 거품이 만들어져 피부를 부드럽게 감싸주면서 노폐물과 유분감을 깔끔하게 세정해주더라고요. 세안 후에는 피부가 개운하면서도 당김이 심하지 않아 촉촉한 느낌이 남았고, 자극적인 느낌이 적어 아침저녁으로 부담 없이 사용하기 좋았어요."
2026-07-27,A000000218845,63238002,2026.07.24,5,0,NORMAL,그로우턴 앰플 100ml기획(+100ml,A03,B06,C01,2,3240.0,1,0,쯔바사,"와이프가 요즘 두피 때문에 고민이 많길래 선물로 구입해 봤습니다. 브러쉬가 달려 있어서 쓰기가 편하다고 좋아합니다. 제가 봐도 좋은 것 같습니다. 
일단 며칠 동안 꾸준히 쓰고 있는데, 두피가 깨끗해지는 느낌에 좋다고 하네요. 
남성용으로도 따로 나오는 것 같아서 저도 한번 관리를 해 볼까라는 생각이 듭니다. 
역시 관리하는 데는 쓰기에 편한게 최고인 것 같습니다."
2026-07-27,A000000218845,63237757,2026.07.24,5,0,NORMAL,그로우턴 앰플 100ml기획(+100ml,A03,B06,"C01,C03",1,2520.0,1,0,민이몽,이 제품 진짜 너무 좋은 것 같아요. 제가 요즘 두피가 좀 민감해져 관리한다고 구입해 봤는데 진짜 바르는 순간 시원해져서 너무 마음에 들어요. 사실 친구가 쓰는 거 보고 따라 쓴 건데 걔는 한 달 정도 쓰더니 잔머리가 더 나더라고요. 그거 보고 놀래서 저도 바로 샀죠. 빗이 붙어 있어서 너무 관리하기 편하고 간편해서 나도 모르게 매일 하게 됩니다.
2026-07-27,A000000218845,62081517,2026.06.30,5,0,NORMAL,그로우턴 앰플 100ml기획(+100ml,A01,B02,"C03,C04",4,1980.0,1,0,이브이1118,"머리숱은 자신있는 편이었는데 언젠가부터 그 자신감이 움츠러들고 바닥에 떨어져있는 머리카락은 점점 늘어나 사보게 된 릴리이브 그로우턴 엑소좀 브러쉬 앰플입니다. 
약국에도 입점되었다는 엑소좀 브러쉬 앰플은 사용이 간편해서 좋은것 같네요. 
브러쉬 헤드를 돌려 열어준 뒤 두피에 손 안대고 브러쉬로 마사지하며 도포할 수 있어서 정말 편해요. 
두피에 자극없고 떡짐도 없어서 꾸준하게 사용해봐야겠어요."
2026-07-27,A000000218845,63343075,2026.07.27,5,0,NORMAL,그로우턴 앰플 100ml기획(+100ml,A02,B05,"C01,C02",0,1800.0,1,1,안녕엘리제,한달 꾸준히 사용중인데 헤어라인에 잔머리가 숑숑 올라왔어요ㅎㅎ 정수리 부분 볼륨도 살아나서 비어보이던 정수리가 많이 나아 졌어요 지인들한테 막막 홍보중이예요ㅎㅎ쿨링효과가 두피를 시원하게 해줘서 상쾌한 느낌이예요 두피의 피지도 잡아줘서 볼륨도 많이 살고 오후가 되도 머리카락이 떡지지 않아서 좋습니다. 계속 재구매하려구요 ㅎㅎ
2026-07-27,A000000218845,63276091,2026.07.25,5,0,NORMAL,그로우턴 앰플 100ml기획(+100ml,A03,B03,"C03,C09",0,1800.0,1,0,소금토마토사탕,"브러쉬와 앰플이 합쳐져 있어서 튜브를 살짝 짜며 두피에 슥슥 문지르기만 하면 되니 진짜 편리함 손에 끈적하게 묻지 않는 점이 최고의 장점!

사용하자마자 느껴지는 시원한 쿨링감이 두피 열감을 잡아줌. 여름철이나 스트레스받았을 때 두피가 화끈거리는 느낌이 많이 가라앉음

한달째 사용해보니 머리가 막 자라나거나 그런건 아직 확실히 모르겠고, 확실히 머리를 감을때랑 머리가 엄청 많이 빠졌었는데 빠지는 양이 줄어들었음 안그래도 머리 숱 없어서 스트레스 받았었는데ㅠㅠ 이정도 효과라도 만족함"
2026-07-27,A000000218845,63274409,2026.07.25,5,0,NORMAL,그로우턴 앰플 100ml기획(+100ml,A03,B04,"C01,C04",0,1800.0,1,1,챠니차니,브러쉬 일체형이라 손에 묻히지 않고 두피에 바로 쓱쓱 바를 수 있어서 정말 편리해요  브러쉬가 두피를 시원하게 마사지해 주는 느낌이라 사용할 때마다 쿨링감과 개운함이 느껴집니다. 꾸준히 쓰다 보니 엉키거나 빠지는 모발도 줄어드는 것 같고 두피가 훨씬 건강해진 기분이에요. 본품에 리필까지 증정되는 구성이라 가성비도 아주좋아요
2026-07-27,A000000218845,63242409,2026.07.24,5,0,NORMAL,그로우턴 앰플 100ml기획(+100ml,A01,B05,"C04,C05",1,1800.0,1,0,멸종위기사랑,"여름에 이거만큼 두피 관련 삶의 질 향상 템 없는거같아요
처음엔 광고가 너무 심하다 나는 절다 안사야지 했다가
요새 앞정수리가 넘 심하게 비어있다 생각이 들어서
안되겠다 내가 사용해보고 판단해야지 했다가
세일 할때마다 사서 벌써 6개재 사용중입니다
너무 좋아요 비싼거 빼면 두피가 시원하고 무엇보다 떡지지가 않아서 좋습니다"
2026-07-27,A000000260191,63138612,2026.07.22,5,0,NORMAL,[원빈 PICK] 06 로스팅 로즈,A07,,,6,3600.0,1,0,Noell,"(무색 립밤만 바른) 원래 입술, 제품 바른 입술, 거미줄 현상 확인 사진, 실제 색상과 가장 비슷한 사진 첨부합니다. 좀 적나라하지만 도움이 되었으면 하네요.

**색상: 원빈 님 사진상으론 푸르고 창백한 느낌이 강한데 실제로는 그렇지 않고 제품 설명란 하단부 사진(=마지막 첨부 사진)과 가장 비슷합니다.

광택: 촬영 후 확대한 사진이기도 하고 빛 반사가 있어서 울퉁불퉁해 보이는데 실제로는 비교적 고르게 광택감 있습니다.

묻어남: 종이컵에는 어쩔 수 없이 색상이 묻어나지만, 유리나 플라스틱 컵에는 확실히 덜 묻어납니다.

끈적임x 요플레x 거미줄x

보습력: 좋음

총평: 매우 만족"
2026-07-27,A000000260191,63153538,2026.07.22,5,0,NORMAL,[쇼타로 PICK] 02 쏘 피치 ,A02,B01,"C01,C04",4,2640.0,1,0,핫도그줘,"퍼컬: 봄브라이트 
컵에 안묻어나오는 틴트는 얘가 처음... 
인스타 광고에 안묻어난다길래 지금까지 광고에 838392번 속았지만 미워도 다시한번 이라는 마음으로 리뷰한개도 없지만 도전해봤는데 와..정말 대박이네용 컵에 투명한 오일? 만 묻어나용 그럼에도 광택은 살아있음 ㅜㅠ 색도 봄웜분들한테 찰떡입니다 이렇게 자세히 사진 하나하나 찍어서 리뷰쓰는 사람 절대 아닌데 올영에서 산거중에 처음으로 마음에드는 틴트여서 작성해봅니다 

사진은 순서대로 맨입술 &gt; 바른직후 &gt; 컵실험 &gt; 물마신 후"
2026-07-27,A000000260191,63116320,2026.07.21,5,0,NORMAL,[원빈 PICK] 06 로스팅 로즈,A07,B06,"C01,C04",3,2520.0,0,0,snow4dec,"와 최근 산 립 제품 중에 1등이에요 
발림성: 촉촉하고 부드럽게 발리고 입술이 매끄럽게 표현됨
발색: 겨쿨딥인데 원래 입술색처럼 발색되고 이쁨
주름, 각질 부각: 전혀 없음 
광택: 빤딱빤딱 은은하게 코팅된듯이 광택이 남 
끈적임: 광택이 있어서 끈적일 것 같은데 의외로 끈적임 없음"
2026-07-27,A000000260191,63242929,2026.07.25,5,0,NORMAL,[쇼타로 PICK] 02 쏘 피치 ,,,,2,2232.0,1,0,고마지야,"와 진짜 말이 안되게 예뻐요....
글로스틴트 많이 사봤는데 쏘피치 봄웜에게 필승인 틴트네요..... 너무 예뻐서 후기씁니다.... 봄웜분들 꼭 사세요..."
2026-07-27,A000000260191,63114103,2026.07.21,4,0,NORMAL,[쇼타로 PICK] 02 쏘 피치 ,,,,2,2232.0,1,0,바삭꿔바로우,생각보다 채도가 있는데 입술에 올리면 엄청 자연스러워요. 립오일같아서 보습력도 괜찮았어요.
2026-07-27,A000000260191,63264066,2026.07.25,5,0,NORMAL,[원빈 PICK] 06 로스팅 로즈,,,,1,1260.0,1,0,정성찬여자친구,"원빈픽 컬러라 사봤는데 컬러도 뉴트럴하고 동동뜨지도 않고 넘 에뿌여,, 그리고 진짜로 음파해도 광이 안사라지고 입술에 무겁지않게 계속 남아잇는게 ㄹㅇ 신기해요.. 추천합니당 전 다른색도 살거에요"
2026-07-27,A000000260191,63143815,2026.07.22,5,0,NORMAL,[OY단독] 03 라 로즈 ,,,,1,900.0,1,0,Mumay,우선 색은 뉴트럴쪽이라 대부분 무난하게 쓸 수 있을거 같습니다.광은 유명한 ㅇㅌ정도는 아니지만 이더앤은 지속력이 그 제품보다 좋아서 손이 더 많이 갈거 같습니다. 끈적임도 잘못느꼈습니다 발림성은 막 좋다는 아니지만 나쁘지 않습니다.
2026-07-27,A000000260191,63264233,2026.07.25,5,0,NORMAL, 01 키튼,,,,0,660.0,1,0,정성찬여자친구,"여쿨인데 핑잘봄까지 사용가능한 미지근 핑크라 추천합니다 컬러도 예쁘고 타 브랜드 립오일이나 립글로스보다 훨씬 가벼운데 (진짜안바른거가틈) 음파해도 광이 살아잇는게 제형이 ㄹㅇ로신기하네욤,, 이더앤 라브뜨 드가쟝"
2026-07-27,A000000260191,63343777,2026.07.27,5,0,NORMAL,[OY단독] 04 칠 베쥬,,,,0,132.0,1,0,조애기,진자촉촉하고색이너무예뻐용…진자개야르합니다재구매무조건.
2026-07-27,A000000260191,63312503,2026.07.26,5,0,NORMAL,[OY단독] 03 라 로즈 ,,,,2,120.0,0,0,lovedol****,"진짜 리뷰 안 쓰는데 이건 써야 될 거 같아요
인스타 광고 보고 반신반의하면서 샀는데 진짜로 유리컵에 안 묻음
완전 안 묻는 건 아니고 살짝 색깔이 나오기는 하는데 그 정도는 괜찮다고 생각해서 좋아요 발림성도 부드럽고 딱히 끈적이지도 않아요
아직 입술에는 안 바르고 손에만 발랐는데 일단 색깔 겁나 이뻐서 만족 나중에 다른 색도 사고 싶어요!!"
2026-07-27,A000000260191,63221600,2026.07.24,4,0,NORMAL, 01 키튼,,,,0,88.0,1,0,wjddm****,오일리한 글로스 써봤는데 오일느낌이고 베이비핑크라 무난하게 라이트인 분들이 쓸수있어요
2026-07-27,A000000260191,63192046,2026.07.23,5,0,NORMAL,[OY단독] 04 칠 베쥬,,,,1,88.0,0,0,jihoo****,"생각보다 지속력 좋아요!!! 그리고 컬러가
진짜 너무 이뻐요ㅜㅜㅜ"
2026-07-27,A000000260191,63174701,2026.07.23,5,0,NORMAL,[OY단독] 04 칠 베쥬,A03,B06,"C03,C09",0,72.0,0,0,LOBELIA,올리브영 단독은 못참죠^^ 분위기 있는 차분한컬러라서 취향저격이네요. 광도 이쁘고 단독이든 덧바르는용이든 활용하기 좋아서 맘에들어요^^
2026-07-27,A000000260191,63189988,2026.07.23,5,0,NORMAL,[OY단독] 04 칠 베쥬,A03,B04,C01,0,24.0,0,0,콩크콩크,"누디한 &gt;쿨&lt;베이지래서 샀는데 웜해여ㅜㅜ
힝힝힝헝헝헝
진짜 이제 발색사기 그만 당하고싶아요.."
2026-07-27,A000000260191,63334001,2026.07.27,5,0,NORMAL,[쇼타로 PICK] 02 쏘 피치 ,,,,0,12.0,0,0,k202507247****,광택감이 예쁘고 입술이 탱글해 보여요. 피치 컬러라 생기 있어 보입니다.
2026-07-27,A000000260191,63214247,2026.07.24,4,0,NORMAL, 01 키튼,,,,0,8.0,0,0,dmsco****,진짜 덜 묻어나는 편이고 지속력도 좋은 편인데 색이 너무 본연의 입술 색이랑 똑같음... 베이지 핑크랄까.. 사진이랑 많이 달라요. 그리고 여쿨이 살만한 채도있는 색이 없는 것도 흠인듯. 제형만 보면 더 사고싶은데 살 색이 없다.
2026-07-27,A000000260191,63191954,2026.07.23,5,0,NORMAL,[원빈 PICK] 06 로스팅 로즈,,,,0,8.0,0,0,jihoo****,"칠베쥬 베이스로 바르고 이거 위에
올려주면 진짜 이뻐요!!!"
2026-07-27,A000000233171,63069575,2026.07.20,5,0,NORMAL,[본품+리필] 21NC 베이지,A04,B02,"C02,C03",3,2520.0,0,0,산뜻한올리비아,"쿠션 유목민이라 백화점쿠션부터 올영에서 핫하다는 제품 이것저것 사용해오다가 비디비치 쿠션으로 정착한지 2년차예요. 사용해보고나서 이제품을 왜 이제 만났을까 싶을 정도로 만족도가 굉장히 큰 제품이예요. 모공이 넓고 건조함의 끝판왕인데, 비디비치 쿠션 자체가 굉장히 수분감이 많은데 커버력도 엄청 좋아서 모공과 건조함 그리고 커버력까지 싹다 잡아줘서 수정커버용으로도 꼭 하나씩 가방에 넣어두고 다니거 있어요. 매트하지 않으니 화장이 들뜨지도 않고 지속력도 다른 쿠션보다 높은 편이지만 중간중간 수정화장을 비디비치로 해도 전혀 피부가 일어나거나 하지 않아서 좋았어요~  21NC는 붉은끼가 도는 제 얼굴에 딱 맞는 컬러였는데요 웜톤피부에 완전 제격인 거 같아요~ 수분감이 적당히 있고 매트하지 않아서 피부 결점을 제대로 커버해주면서 피부톤까지 화사하게 만들어주는 비디비치 쿠션이예요~ 아침에 출근할때 보통 사용하는데 점심먹고나서 수정커버해주면 그대로 쭉 퇴근할때까지 화장이 잘 유지되어서 좋았어요 웜톤에는 21NC가 완전 찰떡인 거 같아요 사은품으로 주는 리퀴드 블러시도 짱 좋아요!"
2026-07-27,A000000233171,62879870,2026.07.16,5,0,NORMAL,[본품+리필] 19N 포슬린,A01,B04,"C08,C10",4,2430.0,0,0,b304,"한 달 사용해 보니 피부 표현이 자연스럽고 지속력이 좋아 만족스러웠습니다. 19N 포슬린 컬러가 밝고 깨끗하게 표현되면서도 들뜸이 적어 데일리로 사용하기 좋았습니다. 커버력도 적당해 피부 결점을 자연스럽게 보완해 주고, 시간이 지나도 무너짐이 깔끔한 편이라 손이 자주 가는 쿠션입니다. 리필까지 있어 가성비도 좋았습니다."
2026-07-27,A000000233171,63170464,2026.07.23,5,0,NORMAL,[리퀴드블러시 증정] 21NC 베이지,,,,1,2100.0,1,0,하영경,"커버력이 좋으면서도 답답하지 않은 쿠션을 찾고 있었는데, 비디비치 제품이 평이 좋아 구매해봤습니다. 사용해 보니 왜 꾸준히 인기가 있는지 알겠더라고요.

케이스부터 블랙 컬러라 세련되고 고급스러운 느낌이 들어서 파우치에 넣고 다니기에도 만족스러웠습니다. 퍼프도 피부에 밀착력이 좋아 내용물을 고르게 묻혀 얇게 발리더라고요.

가장 만족스러웠던 부분은 커버력이었습니다. 붉은기나 잡티, 모공을 한 번만 두드려도 자연스럽게 커버해줘서 피부가 한층 깨끗해 보였습니다. 그렇다고 두껍게 올라가는 느낌은 아니고, 여러 번 덧발라도 뭉침이 심하지 않아 화장이 깔끔하게 마무리됐어요.

밀착력도 좋은 편이라 시간이 지나도 들뜨거나 무너지는 느낌이 적었습니다. 오후가 되어도 피부 표현이 지저분하게 무너지기보다 자연스럽게 유지돼 수정 화장도 간단하게 할 수 있었어요.

마무리감은 은은한 윤기가 도는 세미 글로우 느낌이라 피부가 건강해 보였고, 건조함도 심하게 느껴지지 않았습니다. 데일리 메이크업은 물론 중요한 약속이 있는 날에도 손이 자주 갈 것 같아요.

이번 증정으로 함께 받은 리퀴드 블러시도 발색이 자연스럽고 블렌딩이 쉬워 쿠션과 함께 사용하니 생기 있는 메이크업을 연출하기 좋았습니다.

✔️잡티와 모공을 자연스럽게 커버해주는 높은 커버력
✔️얇고 균일하게 밀착되어 답답하지 않음
✔️시간이 지나도 무너짐이 비교적 깔끔한 편
✔️고급스러운 케이스와 부드러운 퍼프
✔️증정 블러시까지 함께 구성되어 만족도 높음

전체적으로 커버력과 밀착력, 지속력이 균형 있게 만족스러운 쿠션이었습니다. 자연스럽게 피부 표현을 하면서도 커버력을 원하는 분들에게 추천하고 싶은 제품입니다."
2026-07-27,A000000206904,63276843,2026.07.25,5,0,NORMAL,[기획] 시카밤 100ml SET,A03,B06,C02,0,1512.0,1,0,블랙홀,"라로슈포제 겨울에 항상 사용 하는 제품이라
지금은 잘 손이 안 가지만 한번씩 피부 장벽 무너졌을때 관리용으로 발라 주면 피부가 빠르게 진정되고
좋아요."
2026-07-27,A000000206904,63044958,2026.07.20,5,0,NORMAL,[기획] 시카밤 100ml SET,A03,B05,"C08,C11",1,792.0,0,0,망쥬디,제 인생템입니다ㅋㅋ 원래 겨울에만 쓰려했는데 어차피 자기전에만 바르니까 여름에도 쓰기 괜찮아요
2026-07-27,A000000206904,63140144,2026.07.22,4,0,NORMAL,[기획] 시카밤 100ml SET,A01,B01,"C01,C02",0,756.0,1,0,a75****,"오특으로 올라 올때마다 쟁이는편.
사용기한도 길어서 좋음.."
2026-07-27,A000000258377,62084577,2026.06.30,5,0,NORMAL, ,A03,B01,"C01,C02",0,600.0,1,0,졍츄,츠바키 프리미엄 블랙 샴푸도 쓰거 있는데 이번에 신제품으로 댄드러프케어 가 나왔다길래 구매해봤어요 투명하고 향은 흔하지않은 향?이라서 더 좋았아요 간지러웠던 두피가 좀 시원해지는 느낌도 들었고 다음날에 떡지거나 그러지않아서 좋았던거같아요 샴푸 후에 물뿌리며 닦으몀 좀 시원한느낌? 이나더라구요 저같은 기름쟁이에게 좋았음!!
2026-07-27,A000000258377,62465186,2026.07.07,5,0,NORMAL, ,A07,B06,"C06,C11",0,540.0,1,0,ib1019pod,"풍선껌에 시트러스랑 민트가 살짝 섞인 향이에요 향처런 사용할 때 두피가 멘톨 느낌으로 솨~하게 시원해서 아침에 잠이 잘 깨는 느낌이 좋아요^^!
두피가 산뜻하게 씻기는 타입에 쿨링 기능이 있는 샴푸인데도 머릿결이 촉촉하다해야하나 푸석한 느낌이 없어요 뭐 따로 안바르고 빗기만해도 머릿결 괜찮아요"
2026-07-27,A000000258377,62316590,2026.07.04,5,0,NORMAL, ,A03,B01,C02,0,540.0,1,0,리얼재,"여름철 운동하고 나면 땀과 피지 때문에 두피 가려움이랑 두피 각질이 신경 쓰였는데, 츠바키 프리미엄 EX 댄드러프 케어 샴푸 사용 후 확실히 산뜻한 두피 느낌이 오래가서 만족했어요!🫧 쿨링감도 은은하게 느껴져서 답답했던 두피가 개운해지는 기분🤍 세정력은 좋은데 머릿결이 푸석해지지 않고 부드럽게 유지돼서 더 좋았어요. 두피 고민과 손상모 케어를 한 번에 하고 싶은 분들께 추천해요✨"
2026-07-27,A000000258377,61918512,2026.06.25,5,0,NORMAL, ,A01,B01,"C01,C02",1,525.0,1,0,쏘또링,"요즘 운동 다니느라 매일이 땀범벅이라 머리도 땀이많이나서 답답하더라구요, 그래서 이번에 츠바키 신제품인 댄드러프 샴푸 구매했어요! 날이 너무 더워서 사자마자 바로 머리감아봤는데, 와~ㅋㅋ 진짜 좋네요! 시원해요! 쿨링감이 장난없어요! 제가 향도 예민하게 보는데, 츠바키는 향도 너무 좋아요!
여름철 운동후에 땀이랑 피지로 인해 답답한 두피에 딱 좋은 제품이에요!  운동러버분들에게 완전 추천해요!"
2026-07-27,A000000258377,62530409,2026.07.08,5,0,NORMAL, ,,,,0,450.0,1,0,디니요요,"주말에 아이들이랑 밖에서 오래 놀고 들어오면
땀이랑 피지 때문에 머리가 금방 떡지고 답답한 느낌인데
츠바키 샴푸로 감고나면 두피가 시원하게 씻기는 느낌이라 좋아요!.
 쿨링감도 은은해서 부담 없고, 
감고 나면 개운한 느낌이 꽤 오래가는 편이네요~
저는 두피가 예민한 편인데 자극적이라는 느낌은 없었고, 
머릿결도 푸석하지 않아서 만족하면서 사용 중이에요.^^"
2026-07-27,A000000258377,62051423,2026.06.29,5,0,NORMAL, ,,,,1,450.0,1,0,호랑포랑,날이 더워지니 두피 찝찝하고 가려움이 있어서 맞는 샴푸 고르기가 어려운데 헤어팩으로 항상 사용하는 츠바키에서 샴푸가 나왔다고 해서 구매완! 거품이 봉글봉글 굉장히 잔거품이 나오면서 샴푸할 때 구석구석 케어해주니 두피가 엄청 개운해요. 안그래도 몸에 열이 많은데 쿨링감도 느껴지니 더 좋네요. 올 여름 샴푸는 이걸로 정착합니다
2026-07-27,A000000258377,62088212,2026.06.30,5,0,NORMAL, ,A04,,,0,360.0,1,0,치칫콩,"​평소 알고 있던 츠바키에서 비듬 라인이 나왔다고 해서 바로 사용해 봤어요!
​요즘 여름철 야외 활동이나 운동 후에 땀과 피지 때문에 두피가 덥고 답답했는데, 이 제품을 쓰니 가려움과 두피 각질 고민이 싹 사라지면서 아주 산뜻한 두피로 케어해 주더라고요. 감고 나면 은근한 쿨링감까지 느껴져서 두피가 정말 개운해요.
​보통 이런 기능성 샴푸는 쓰고 나면 두피와 모발이 쉽게 건조하고 푸석해지기 마련인데, 영양감 덕분에 손상모인데도 뻣뻣함 없이 촉촉하고 부드럽게 마무리돼요.
​두피 고민과 손상모 케어를 동시에 해결해 주는 샴푸 로 완전 추천합니다!"
2026-07-27,A000000258377,62083959,2026.06.30,5,0,NORMAL, ,A03,B04,"C01,C09",0,360.0,1,0,뽀송밍,"츠바키 프리미엄 EX 댄드러프 케어 & 리페어 샴푸 후기

가려움, 두피각질 고민에 구매하게 되었어요 지성두피라 피지로 답답한 두피가 평소 고민이었고 여름철이 되니 더 심해지더라구요. 츠바키 샴푸 사용후에 약간의 쿨링감과 두피가 산뜻해져서 좋았구요 향도 고급스럽고 트리트먼트도 사용해보려고 합니당😆"
2026-07-27,A000000258377,62077395,2026.06.30,5,0,NORMAL, ,A03,B04,"C02,C06",0,360.0,1,0,리쭐,"츠바키 너무 좋아해서 제품 거의 다 써봤는데,
이건 처음 보는 거라 주문해 봤어요!

저는 지성 두피라 여름에는 꼭 두피 각질 케어가 가능한 걸로 써주는데 이 라인이 딱 그런 기능이더라고요
샴푸 헹구자마자 쿨링감이 느껴졌고 말리고 나서는 유분기 없이 산뜻한 느낌이었어요~

츠바키 라인 좋아하는데, 지성 두피 가지신 분들께 여름 샴푸로 강추합니당👍🏻"
2026-07-27,A000000258377,62048791,2026.06.29,5,0,NORMAL, ,,,,0,360.0,1,0,차가운마시멜로,"우선 향은 베리 향에 민트 한 스푼 추가한 느낌이라서 향긋하면서 상쾌해요. 거품도 잘 나서 세정력 만족하고, 지루성 두피염이 있는데 각질이 많이 줄었어요!! 하루만 안 감아도 떡지는 머리인데 하루 지나도 멀쩡했어요. 가려움도 많이 줄었습니다!"
2026-07-27,A000000258377,62628589,2026.07.10,5,0,NORMAL, ,,,,0,270.0,1,0,김휘동,"여름철에는 땀과 피지 때문에 두피가 금방 답답해지고 가려움과 두피 각질이 신경 쓰였는데, 츠바키 프리미엄 EX 덴드러프 케어 & 리페어 샴푸를 사용해 보니 세정력이 깔끔하면서도 자극적이지 않아 만족스러웠습니다.
샴푸 후에는 두피가 한결 산뜻한 두피 상태로 유지되는 느낌이었고, 은은한 쿨링감이 있어 더운 날씨에도 개운했습니다. 머릿결도 푸석하지 않고 부드럽게 정돈되어 손상모 관리에도 도움이 되는 것 같아요. 여름철 두피 밸런스를 관리하면서 가려움과 각질이 고민인 분들에게 추천하고 싶은 제품입니다"
2026-07-27,A000000258377,62081869,2026.06.30,5,0,NORMAL, ,,,,0,270.0,1,0,얄구지니,두피가 자꾸 가렵고 각질도 신경 쓰여서 츠바키 프리미엄 EX 댄드러프 케어 & 리페어 샴푸를 사용해봤는데 사용하고 나니 두피가 한결 산뜻한 느낌이고 세정력도 좋아서 기름짐 없이 개운하게 씻기는 게 마음에 들었어요 머릿결도 뻣뻣하지 않고 부드럽게 마무리돼서 데일리 샴푸로 쓰기 좋은 것 같아요!!&gt;_&lt;
2026-07-27,A000000258377,62071292,2026.06.29,5,0,NORMAL, ,,,,0,270.0,1,0,짱이지유,"이번에 츠바키 프리미엄 EX 데미지케어 & 리페어 샴푸 구매해서 사용해봤는데 생각보다 만족했어요. 손상모 케어용 제품이라 그런지 샴푸 후에 머릿결이 확실히 덜 푸석한 느낌이 들었어요. 특히 머리 말리고 나면 부스스한 느낌이 조금 줄고 손으로 빗어도 부드럽게 정리되는 게 좋았어요. 손상모와 윤기 케어 중심 제품으로 소개되고 있더라고요.
향도 은은하게 오래가는 편이라 머리 감고 나면 기분이 좋아졌고, 거품도 풍성해서 적은 양으로도 충분히 사용 가능했어요. 머리카락이 많이 상했거나 염색, 펌 자주 하시는 분들이 사용하면 더 만족할 것 같아요. 꾸준히 사용하면 머릿결 관리용으로 괜찮은 제품이라고 생각합니다. 재구매 의사 있어요 :)"
2026-07-27,A000000258377,61993054,2026.06.27,5,0,NORMAL, ,,,,0,270.0,1,0,뿌뿌나나,"두피각질에 좋은 샴푸 유목민인데 드디어 정착할 샴푸를 찾았네요!
향도 좋아야하고 거품도 풍성해야 하고 머리도 부드러워야 하는데 전부 만족해요
요즘 두피가 가렵고 각질이 엄청 일어나서 고민이 많아서 이샴푸 저샴푸 다 써보고 있었는데 한번 쓰자마자 두피가려움, 각질 고민이 싹 사라졌어요! 두피가 엄청 산뜻해졌네요
역시 츠바키에요~~굿굿!!"
2026-07-27,A000000258377,61918447,2026.06.25,5,0,NORMAL, ,,,,0,225.0,1,0,젤리뽕,"여름철 운동하고 나면 땀과 피지 때문에 두피가 금방 답답해지고, 자외선까지 받다 보니 가려움과 두피 각질이 더 신경 쓰이더라고요. 특히 더운 날씨에는 두피가 쉽게 예민해져서 산뜻하게 관리할 수 있는 제품을 찾고 있었어요.

이번에 사용해본 츠바키 프리미엄 EX 댄드러프 케어 & 리페어 샴푸는 두피 고민 케어에 집중된 제품이라 기대가 됐습니다. 샴푸 후에는 두피에 남아 있던 답답함이 줄어든 느낌이었고, 가려움과 두피 각질 관리에 도움을 주는 사용감이 인상적이었어요. 사용 후에는 두피가 한결 산뜻한 두피 상태로 느껴져서 만족스러웠습니다.

또한 두피 고민이 있으면 모발까지 쉽게 건조하고 푸석해지기 쉬운데, 함께 사용한 트리트먼트 덕분에 손상모도 부드럽게 관리할 수 있었어요. 두피와 모발을 동시에 케어하고 싶은 분들에게 추천하고 싶습니다.

개인적으로는 샴푸 사용 후 은은한 쿨링감도 느껴져서 더욱 개운했어요. 여름철 운동 후나 야외 활동 후 두피가 답답하게 느껴질 때, 츠바키 프리미엄 EX 댄드러프 케어 & 리페어 샴푸로 산뜻한 두피 관리를 해보는 것도 좋을 것 같습니다.

#두피밸런싱샴푸 #츠바키프리미엄EX댄드러프케어앤리페어샴푸 #가려움 #두피각질 #산뜻한두피"
2026-07-27,A000000258377,61872007,2026.06.24,5,0,NORMAL, ,,,,1,225.0,1,0,그래나아,"여름이라 운동하고 나면 땀이나 피지 때문에 두피가 금방 답답해지고 가려움이 심했는데, 요즘 츠바키 프리미엄 EX 덴드러프 케어 샴푸 쓰고 나서 두피가 훨씬 산뜻해진 느낌이에요🤍

거품도 풍성하게 잘 나서 두피 구석구석 부드럽게 세정되는 느낌이 들었고, 샴푸 후에는 은은한 쿨링감이 있어서 더 개운하더라구요✨
특히 두피 각질이나 간지러움 때문에 고민 있었는데 사용 후에는 답답함이 덜하고 산뜻한 두피 상태가 오래가는 느낌!

요즘처럼 자외선 많이 받고 땀나는 계절에 쓰기 딱 좋았고, 두피 케어 샴푸인데도 머릿결이 뻣뻣하지 않고 부드럽게 마무리돼서 만족스러웠어요🫧

평소 두피 가려움이나 각질 때문에 고민이거나, 쉽게 건조하고 푸석해지는 손상모라면 한 번 써보기 좋은 샴푸인 것 같아요💙"
2026-07-27,A000000258377,62616424,2026.07.10,5,0,NORMAL, ,,,,0,198.0,1,0,빅토시맘,"향기 좋기로 유명한 츠바키 샴푸 ㅎㅎ
신상품 나와서 사봤어요 모델도 수지 ㅋㅋ 향도 좋고 윤기나서 머리도 찰랑거려용 향이 진짜 오래가여 ㅋㅋ"
2026-07-27,A000000258377,62547062,2026.07.09,5,0,NORMAL, ,,,,0,198.0,1,0,죠르뚜,여름철에 아이들과 같이 계속 놀이터에 있느라 맨날 머리가 땀에 쩔고 가렵네요 근데 츠바키 쓰니까 확실히 가려움이 줄고 좋아요
2026-07-27,A000000258377,62129976,2026.07.01,5,0,NORMAL, ,,,,0,198.0,1,0,osullnull,여름이라 피지랑 땀때문에 일반 샴푸를 쓰면 저녁만 되어도 머리가 금방 떡지는데 이 샴푸는 두피케어 해주는 제품이라 가려움도 적어지고 두피가 산뜻해지면서도 머릿결은 뻣뻣해지지 않아서 좋아요
2026-07-27,A000000258377,62055769,2026.06.29,5,0,NORMAL, ,,,,0,198.0,1,0,가로옹,츠바키 금색만 써봤는데 만족스러워서 사봤어요 이제 여름이라 떡지기 쉬운데 훨씬 뽀송하고 쾌적해서 좋아요 요즘 쓰기 좋은 츠바키 제품~ 머릿결도 부드럽고 츠바키향도 좋음
2026-07-27,A000000258377,62035345,2026.06.28,5,0,NORMAL, ,A03,B01,"C01,C02",0,198.0,1,0,hy****,"여름이라 두피에 기름도 끼고 트러블이 많이 나던차에
그 유명한 츠바키!!에서 댄드러프로 새로 나왔길래 구매했어요 거품 풍성하고 감고나면 두피가 아주 깔끔하고 기름도 금방안끼고 향은 넘넘 좋은 츠바키 유명향이라 아주 만족해요 ㅎㅎ"
2026-07-27,A000000258377,61931045,2026.06.26,5,0,NORMAL, ,A01,,,0,180.0,1,0,써니절미,"츠바키 예전부터 머릿결 관리에 사용하던 제품이었는데 두피관리용이 나왔다고해서 바로 써봤어요.
향도 개운하고 샴푸만 써도 머릿결이 덜 뻣뻣해져서 좋았구요.
두피빗이랑 같이 사용하니 샴푸 후 두피가 시원~ 한 감이 돌아서 좋았어요!
여름엔 계속 요걸로 사용할 것 같아요!"
2026-07-27,A000000258377,61880173,2026.06.25,5,0,NORMAL, ,A03,B02,"C01,C02",0,180.0,1,0,유라33,"두피가 예민해서 가려움이랑 각질 때문에 고민이 많았는데, 이 샴푸 쓰고 나서 확실히 달라졌어요. 사용하고 나면 두피 가려움이 많이 줄어들고, 눈에 보이던 각질도 점점 깨끗하게 정돈되는 느낌이에요. 세정력은 깔끔하면서도 자극적이지 않아서 부담 없이 사용할 수 있었고, 무엇보다 샴푸 후 두피가 간뜻하고 개운한 상태가 오래 유지되는 게 가장 마음에 들었어요. 무겁지 않고 산뜻한 마무리라 데일리 샴푸로 쓰기 딱 좋습니다."
2026-07-27,A000000258377,61932118,2026.06.26,5,0,NORMAL, ,,,,0,135.0,1,0,임직원,"평소에도 츠바키는 향이랑 머릿결 때문에 좋아해서 자주 쓰는데, 이번 두피밸런싱샴푸도  아주아주 만족했어요!!
요즘 날이 더워서 두피가 답답하고 각질이 신경 쓰였는데, 사용하고 나니 두피가 산뜻한 느낌이 들더라고요. 여름에 쓰기 너무 좋을 것 같아요!

두피 샴푸는 거품이 잘 안 나는 제품도 있는데 이건 거품도 잘 나고 헹굼도 깔끔해서 사용감이 좋았습니다. 프루티하면서 플로럴한 향도 은은하게 남아서 개인적으로 마음에 들었어요. 아주 추천합니당"
2026-07-27,A000000258377,61878120,2026.06.25,5,0,NORMAL, ,,,,0,135.0,1,0,블리블리츄,"여름철 운동 후 땀 때문에 두피가 금방 답답해지고 가려움이 심했는데, 츠바키 프리미엄 EX 댄드러프 케어 & 리페어 샴푸와 트리트먼트를 사용해보니 확실히 산뜻한 두피 느낌이 들었어요. 평소 신경 쓰이던 두피 각질도 눈에 띄게 줄어든 것 같고, 샴푸 후 은은한 쿨링감이 느껴져서 더욱 개운했습니다. 건조하고 푸석했던 모발도 한결 부드러워져 만족스러워요."
2026-07-27,A000000258377,62887617,2026.07.16,5,0,NORMAL, ,,,,0,99.0,1,0,luckygirl123,"평소 츠바키 특유의 달달한 향을 좋아하는데, 기존에 쓰던 빨간색 샴푸가 여름에는 좀 무거운 것 같았는데, 이번에 쿨링 샴푸가 나왔다고 해서 바로 구매했어요! 정말 쿨링 효과가 있네요(샴푸할 때) 향도 달달하면서 좋아요!"
2026-07-27,A000000258377,62582940,2026.07.09,5,0,NORMAL, ,,,,0,60.0,1,0,mingaram****,"머리를 자주 안감기도 하고 두피가 예민하고 가려움이 자주 있었는데, 사용 후 자극 없이 산뜻하게 마무리돼 만족스러웠어요. 거품도 부드럽고 세정력도 괜찮아서 두피가 한결 개운해졌고, 샴푸 후에도 뻣뻣함 없이 촉촉한 느낌이 남았습니다. 향도 부담 없어서 데일리로 쓰기 좋고, 재구매 의사 있어요."
2026-07-27,A000000258377,61998188,2026.06.28,5,0,NORMAL, ,,,,0,60.0,1,0,qhsm****,"아니 향 왤케 좋아요?! 저 시트러스 매니아라서 그런가
너어무 좋아서 ㅋㅋㅋ샴푸 여러번 더 펌핑하게 되네요!ㅎㅎ
요즘 더워지고부터 냄새나고 머리에서 떡지는 거 같아서
걱정했는데 향기도 좋고 두피도 덜 떡지는 거 같아서
너무 좋아요! 츠바키 여러버전 구매해봤지만
이번 버전이 쵝오!!"
2026-07-27,A000000258377,62735160,2026.07.13,5,0,NORMAL, ,A01,B05,"C06,C07",0,54.0,0,0,Camilla,세정력 좋고 재구매의사 있어요 여름에 사용하기엔 정말 좋습니다.
2026-07-27,A000000258377,61906767,2026.06.25,5,0,NORMAL, ,,,,0,30.0,1,0,rk****,"향 강하고 거품 엄청 잘나는 샴푸 입니다!
진짜 조금만 써도 거품이 많이 나서 머리 감는거 가능해요~  샴푸 사용후에 쿨링감이 있어서 저처럼 머리에 열 많으신분들은 이거 꼭 사용해보세요~ 완전 추천 드려요!
요즘 머리 가려웠는데 덜 가려워요!"
2026-07-27,A000000246985,63262518,2026.07.25,5,0,NORMAL, ,A04,B02,"C02,C03",1,2520.0,1,1,말랑곰돌이,"두피가 자주 건조하고 머리를 감은 뒤에도 답답한 느낌이 들어서 두피 앰플을 찾다가 사용해봤어요ㅎ
 용량이 넉넉하고 입구가 두피에 직접 바르기 편하게 되어 있어 원하는 부위에 골고루 도포하기 좋네여
샴푸 후 두피를 말린 다음 가르마를 나눠 발라주고
끝에 브러시로가볍게 마사지해주면 시원하고 산뜻한 느낌이 들어요"
2026-07-27,A000000246985,63262877,2026.07.25,5,0,NORMAL, ,A02,B01,C02,0,1800.0,1,1,크림라라,"샴푸 후 마사지해주면 진짜좋아요
누르면서 쓰는스탈이라 골고루 도포하기 편하고 손끝으로 가볍게 마사지해주면 두피가 시원하고 개운해지는 느낌이 드네요ㅎ
앰플인데도 끈적임이나 무거운 잔여감이 심하지 않아 부담 없이 사용할 수 있었고 머리카락이 쉽게 떡지지 않아 아침에도 사용하기 좋네여
용량이 넉넉해 정수리와 헤어라인까지 충분히 관리할 수 있어요"
2026-07-27,A000000217620,63184587,2026.07.23,5,0,OFFLINE, 티트리 진정수분 1매,A03,B05,"C02,C05",5,2952.0,0,0,슈쁭,"데일리로 쓰기 너무너무 좋은 팩입니다!!
가격도 착해서 세일할때 항상 주문해서 사용하고 있어요!
진정 수분에 좋습니다"
2026-07-27,A000000217620,63155288,2026.07.22,5,0,NORMAL, 티트리 진정수분 1매,A01,B04,"C07,C09",2,2952.0,1,1,보노밍,저렴해서 피부 진정케어할 때 사용해요 일단 가격이 저렴해서 막쓰기 좋음 확실히 순해서 조아요
2026-07-27,A000000217620,63310554,2026.07.26,5,0,NORMAL,마데카소사이드 흔적리페어 1매,A03,B01,"C01,C02",1,2520.0,1,1,홀리몰리올리몰리,"메디힐 특유의 마데카소사이드 향이 나요 (ex_ 팩폼, 토너 패드)

재구매하게 된 이유는: 
밀착력 좋고 넉넉한 세럼과 사용 후 피부가 촉촉해지는 점이 마음에 들어서예요

가볍게 사용할 수 있어 1일 1팩으로도 좋아요 
원래 긴 기간 티트리만 구해했는데 이제 마데카소사이드 구매
중이에요! 수분감이 좋은 느낌을 줌

이거보다 더 비싸든 더 싸든 같은 가격이든 
붙일 때 일시적이라 시트 마스크 한 이유를 모르겠는 것도 있어서
이런 사용감이면 안 살 이유 없어요"
2026-07-27,A000000217620,63155653,2026.07.22,5,0,OFFLINE, 티트리 진정수분 1매,A01,B04,"C07,C09",2,2232.0,1,0,보노밍,저렴해서 1일1팩하기 좋아요 성분도 순해서 과영양 등 없고 그냥 피부 열내리는 용도로도 좋습니당
2026-07-27,A000000217620,62834816,2026.07.15,5,0,OFFLINE,마데카소사이드 흔적리페어 1매,A03,B03,"C01,C05",1,1890.0,1,0,진하다,"메디힐 제품은 항상 올영가면 마스크팩 코너에 가장 많이 제품도 다양하게 자리잡고 있고!
무엇보다 마스크팩이 눈에 정말 잘 띈다고나 할가여?

개강 천원이라 부담없이 사재낄 수 있음!
내 피부고민에 맞게 골라서 사용할 수 있어서
매일매일 1일 1팩하기에 최고🩷💚"
2026-07-27,A000000217620,61986156,2026.06.27,5,0,OFFLINE, 티트리 진정수분 1매,A03,B01,"C03,C09",3,1836.0,1,0,영화로운,"티트리 향이 확~
약간의 싸함과 끈적임 느껴짐
밀착력 보습력 괜찮은 편임
가격할인때 종종 구매
꼭 15분만 하길 추천
후기가 도움이 됐다면 [도움이 돼요]👍 눌러주시면 감사합니다🧡"
2026-07-27,A000000217620,63270433,2026.07.25,4,0,OFFLINE,비타민씨 잡티토닝 1매,,,,0,1800.0,1,0,Jessiblessyou,"보습은 물론, 진정과 브라이트닝 효과까지.
비타민C성분이 은근히 브라이트닝 시켜주는 듯하고 자연광 피부로 만들어줍니다.

✔ 모공 수축 + 결광

팩 하나로 모공 정리 + 피부결 매끄럽게 + 광채까지.
딱 요즘 같은 여름철 피지 폭발 시즌에 최적의 마스크팩이에요.

⸻

사용 후기

팩을 꺼내자마자 장미향이 은은하게 퍼져요. 인위적이지 않고 기분 좋은 향!
시트는 부드럽고 얇아서 피부에 밀착력이 아주 좋아요.
15~20분 후 떼어내니 피부가 쫀쫀하고 탱탱해진 느낌이 확 나더라고요.

✔ 메이크업 전에 써주면 피부결이 정돈돼서 베이스가 잘 먹어요.
✔ 팩 사용 후에 끈적임 없이 산뜻하게 마무리돼서 여름에도 부담 없어요."
2026-07-27,A000000258917,62458592,2026.07.07,5,0,NORMAL, ,A03,B04,"C01,C02",11,4356.0,1,0,sol솔,확실히 사용 전후에 차이가 느껴져서 오랜만에 사용하면서 이 제품이 이랬지! 싶은 느낌을 받았습니다:) 특히나 여름에 필수템이라고 생각해요!
2026-07-27,A000000258917,62695707,2026.07.12,5,0,NORMAL, ,A03,B03,"C01,C02",3,2970.0,1,0,화장품은성분이답이다,"일소 슈퍼 멜팅 세범 소프트너
 
독한향료없고. 눈시림유발성분 없고 화학성분 없는
성분아주 좋은제품입니다

@꿀팁 ㅡ세안후 피부결을 위해  평소 쓰는 패드나 스킨에 3분의 1 부어서  피부결 ㆍ유분관리. ㅡㅡ365일 합니다
(자극 ? 일도 없으니 안심하세요)
@코와 턱 ㅡ내장된 화장솜이나 스킨팩용 화장솜에 충분히 적셔서 귀찬은날 빼곤 매일합니다
(이틀에 한번 해도 되요~개인마다 조절하세요)
@그리고 코피지 녹인후 펩타이드라고 써진 성분이 다양하게 많이 들어간 에센스를 꼭 발라주어야합니다"
2026-07-27,A000000258917,62717195,2026.07.12,5,0,NORMAL,소프트너 150ml(솜40매+마스크1매),A01,B05,"C05,C06",2,2430.0,1,0,됴럄이쥐,"&lt;한 달 사용 리뷰&gt;
한 달 직접 사용해보고 남기는 후기입니다 ! 
만족도 : ⭐️X5

평소 코와 턱 주변 피지, 블랙헤드가 고민이라 구매하게 되었는데 기대 이상으로 만족스러웠습니다. 사용 방법도 간단해서 화장솜에 적셔 피지가 신경 쓰이는 부위에 올려두었다가 닦아내면 되는데, 피부에 자극이 심하지 않으면서도 깔끔하게 관리되는 느낌이 들었어요.

사용 후에는 피부결이 한층 매끈해진 것 같고, 코 주변이 덜 거칠게 느껴졌습니다. 특히 피지를 억지로 압출하는 방식이 아니라 부드럽게 불려서 관리할 수 있어 부담 없이 사용할 수 있었어요. 세안 후 사용하면 더욱 깔끔한 느낌이 들어 주기적으로 관리하고 있습니다.

함께 구성된 화장솜도 사용하기 편했고 기획 구성이 알차서 만족스러웠습니다. 피지와 모공 관리에 관심 있는 분들이라면 한 번쯤 사용해 볼 만한 제품이라고 생각합니다.

매번 재구매하는 아이템 중 하나예요 ㅎㅎ 
모든 분들께 추천드립니다👍🏻"
2026-07-27,A000000258917,62618910,2026.07.10,5,0,OFFLINE,소프트너 150ml(솜40매+마스크1매),A01,B04,"C07,C09",4,1980.0,1,0,보노밍,"이 제품으로 피지를 뿌리까지 뽑을 수는 없지만
피지가 너무 많이 올라왔을 때 한번씩 정리해주긴 좋아요

자주는 말고 일주일, 10일 간격으로 사용하면 좋을 듯?
피지부자는 한번씩 정리하는 용으로 사보는거 ㅊㅊ
근데 모공 열고, 팩하는 시간이 너무 길어서 귀찮긴해요ㅠㅠ"
2026-07-27,A000000258917,62448318,2026.07.07,5,0,NORMAL, ,A01,B01,"C03,C04",9,1980.0,1,0,올리뷰과몰입,"이거리얼찐이얔ㅋ 내 용기가 대단하다면 ♥️

요즘핫하다 못해 매장갔더니 재고품절쑈?
그래서 오늘드림으루 시켰어요!! 

이번 7월 올영픽으로 짱구 콜라보 구성이 너무 귀여워서 구매함. 일단 패키지부터 짱구가 그려져 있어서 보기만 해도 기분 좋음. 스티커 2종이랑 제거기, 솜까지 넉넉하게 들어있어서 가성비 최고인 듯.

평소 피지 때문에 고민이 많았는데, 이거 사용하고 나니까 블랙헤드랑 피지가 눈에 띄게 줄어듦. 자극적이지 않게 피지를 녹여주는 느낌이라 피부에 부담이 적어서 좋았음. 확실히 사용 후에 피부 결이 매끈해진 게 느껴짐.

제거기 활용해서 슥슥 닦아내면 시원하고, 솜에 충분히 적셔서 고민 부위에 올려두기만 해도 피지가 잘 불어서 관리가 편함. 지성 피부인데 유분기 정리에도 도움 되고 세정력도 아주 만족스러움.

구성도 알차고 성능도 확실해서 재구매 의사 200%임. 피지 고민 있는 사람들은 고민 말고 꼭 써보길 추천함!"
2026-07-27,A000000258917,62742311,2026.07.13,5,0,GIFT, ,A01,B04,"C03,C10",3,1674.0,0,0,얀남이22,이건 외국 사는 지인 선물해주려고 샀어요~ 코팩보다 이게 더 순하게 피지를 제거할 수 있다해서 좋대요!
2026-07-27,A000000258917,62811865,2026.07.14,5,0,OFFLINE,소프트너 150ml(솜40매+마스크1매),A03,B04,"C04,C05",2,1395.0,1,0,Bab9,이만큼 피지 정리하기 좋은 템이 없어용😍 아토피있고 민감한 피분데도 자극없이 피지 제거 잘 하고 있습니당❤️
2026-07-27,A000000258917,62519230,2026.07.08,3,0,NORMAL, ,A03,B03,"C02,C05",1,1260.0,1,0,짱아랍니당,"아 진짜 제품은 좋고 이전에 다써서 이번에 스파츌라 기획으로 재구매할정도로 좋은데
제발 배송좀 똑바로 개선하세요
뭔 매번 주문하면 박스는 다 개봉되어있고ㅋㅋㅋ
박스에 스티커가 없으면 몰라도 스티커도 붙여져있는데 개봉되어 오면 누구잘못일까?
안에 넣어주는 종이는 전혀 기능이 없는데 굳이굳이 넣고
차라리 종이 완충재를 써서 제품박스를 감싸서 보내세요ㅋㅋ
진짜 매번 포장방식때문에 개 빡췸
내가 개봉도 하기전에 개봉되어오는ㅋㅋㅋ
하나시키면 하나가 2개 사면 두개전부 박스 개봉되서 맞이해주네욬ㅋㅋㅋ
택배박스가 손상되서 오지도 않는데 제품은 전부 개봉되서온다?
반품상품 받는거같은 기분이 더러움ㅋㅋㅋ
누가보면 ㅋㅍ처럼 개봉새제품하면서 싸게 파는거 산줄알겠넼ㅋㅋ"
2026-07-27,A000000258917,62742224,2026.07.13,5,0,GIFT, ,A01,B04,"C03,C10",2,1134.0,0,0,얀남이22,순하게 피지 제거하고 싶어서 구매한 제품이예요. 짱구 콜라보가 귀엽기도 하구요&gt;&lt;
2026-07-27,A000000258917,62741112,2026.07.13,5,0,GIFT, ,A02,B02,"C01,C09",2,1134.0,0,0,도다리,기존 쓰던건데 짱구 콜라보가 귀여워서 또 샀어요. 일소는 귀여운 콜라보를 많이 하네요. 좀 더 부드럽게 피지 제거 하기에 좋은듯
2026-07-27,A000000258917,62694538,2026.07.12,5,0,GIFT, ,A01,B02,"C02,C05",2,1134.0,0,0,춘식이뿅,"여름이라 피지가 자꾸껴서 사봤는데
오우야.. 보기 좀 불쾌하지만 쾌감있게 피지제거 잘됩니다"
2026-07-27,A000000258917,63255029,2026.07.25,5,0,OFFLINE,소프트너 150ml(솜40매+마스크1매),A02,B05,C02,0,1080.0,1,0,Jadi,I’ve been using it for a few days now and it actually works! I use it to soften my sebum and clean my face and I think my face has been more smoother!!
2026-07-27,A000000258917,62767274,2026.07.13,5,0,NORMAL, ,,,,1,945.0,1,0,syyang,"화장솜에 적셔 피지가 고민되는 부위에 사용하니 피부결이 한층 매끈하게 정돈되는 느낌이 들었고, 자극이 심하지 않아 부담 없이 사용할 수 있었습니다. 산뜻한 마무리감으로 끈적임이 남지 않아 데일리 피지 케어에 활용하기 좋았으며, 꾸준히 사용하면 모공 속 노폐물 관리에도 도움이 되는 느낌이었습니다. 제거기와 화장솜 40매, 스티커까지 함께 구성된 기획이라 활용도가 높고 가성비도 만족스러웠습니다. 피지와 블랙헤드 케어를 꾸준히 하고 싶은 분들께 추천하는 제품입니다."
2026-07-27,A000000258917,62808928,2026.07.14,5,0,NORMAL, ,A03,B02,"C03,C08",1,900.0,1,1,eunbi3804,"피지와 블랙헤드가 고민인 부위를 자극 없이 관리하기 좋았습니다. 화장솜에 적셔 코나 턱에 잠시 올려두면 피지가 부드럽게 정돈되는 느낌이었고, 사용 후 피부결도 한층 매끈해졌어요. 당김 없이 산뜻하게 마무리되어 부담 없이 사용할 수 있었고, 제거기와 화장솜 40매가 함께 구성되어 바로 관리할 수 있어 편리했습니다. 150ml의 넉넉한 용량으로 오래 사용할 수 있고, 피지 관리가 필요한 분들에게 만족스러운 기획 구성의 제품입니다."
2026-07-27,A000000258917,62808892,2026.07.14,5,0,NORMAL,소프트너 150ml(솜40매+마스크1매),A03,B02,"C03,C08",1,900.0,1,0,eunbi3804,"화장솜에 충분히 적셔 코와 턱 등 피지가 고민되는 부위에 올려두면 피부가 부드럽게 정돈되는 느낌이 들었고, 사용 후에는 피부결이 한층 매끈해졌어요. 당김이나 건조함이 적어 부담 없이 사용할 수 있었으며, 다음 단계 스킨케어도 더욱 잘 흡수되는 것 같았습니다. 착붙솜 40매와 모공팩 1매가 함께 구성되어 별도로 준비할 필요 없이 간편하게 홈케어를 할 수 있어 만족스러웠습니다. 피지와 모공을 꾸준히 관리하고 싶은 분들께 추천하는 기획 제품입니다."
2026-07-27,A000000258917,62808714,2026.07.14,5,0,NORMAL, ,A03,B02,"C03,C08",1,900.0,1,1,eunbi3804,"화장솜에 적당량을 덜어 고민 부위에 올려두었다가 사용하니 피지가 부드럽게 불어나 자극을 줄이면서 관리하기 좋았어요. 사용 후에는 코와 턱 주변이 한결 매끈하게 정돈된 느낌이 들었고, 피부도 당기지 않아 부담 없이 사용할 수 있었습니다. 제거기와 화장솜 40매가 함께 구성되어 별도로 준비할 것이 없어 편리했고, 귀여운 스티커까지 포함된 기획이라 더욱 만족스러웠습니다. 피지와 블랙헤드를 깔끔하게 관리하고 싶은 분들께 추천하는 제품입니다."
2026-07-27,A000000258917,62406616,2026.07.06,5,0,NORMAL,소프트너 150ml(솜40매+마스크1매),A06,B04,"C05,C09",7,900.0,0,0,이찬네연어,"한 달 정도 꾸준히 써보고 쓰는 후기인데 진짜 왜 피지 관리템으로 유명한지 알겠어요 🥹🤍 원래 코랑 턱에 피지가 잘 올라오는 편이라 손으로 괜히 건드리게 됐는데 이거 쓰고 나서는 피부결 자체가 훨씬 매끈해진 느낌이 들더라구요!!!

저는 세안하고 솜에 적셔서 피지 신경 쓰이는 부위 위주로 닦아주는데 자극이 심하지 않아서 데일리로 사용하기 부담 없었어요 😊 특히 코 만졌을 때 오돌토돌했던 게 점점 줄어드는 게 느껴져서 만족했어요 같이 들어있는 착붙솜도 생각보다 너무 괜찮더라구요 에센스를 잘 머금고 피부에 착 밀착돼서 부분팩처럼 5분 정도 올려두면 피부 열감도 진정되는 느낌이었어요

사용하고 나면 피부가 개운한데 건조하게 당기는 느낌은 거의 없어서 수분감도 적당히 남아있었고 다음 단계 스킨케어도 훨씬 잘 흡수되는 느낌 🤍 피지 때문에 고민이신 분들이나 피부결 관리 시작하고 싶은 분들은 한 번쯤 써보셔도 후회 안 할 것 같아요 저는 다 쓰면 재구매할 생각 예정입니다!!"
2026-07-27,A000000258917,63303039,2026.07.26,5,0,NORMAL,소프트너 150ml(솜40매+마스크1매),A01,B02,"C05,C07",0,792.0,1,0,선SK,"매번 그냥 짜다가 세일하는거 보고 샀는데 왜 이제 샀나 싶네요
자극이 없는 건 아닌데  손으로 짜기 힘들었던 피지들까지 잘나오니 속이 시원해요"
2026-07-27,A000000258917,63116050,2026.07.21,5,0,OFFLINE, ,A06,B06,"C01,C02",1,792.0,0,0,오야지,"일소는 항상 말해 뭐합니까
피지 잘 불어나와서 자극 없이 제거 가능"
2026-07-27,A000000258917,62488287,2026.07.07,5,0,NORMAL,소프트너 150ml(솜40매+마스크1매),A04,B06,C08,0,756.0,1,0,잰뿡빵,"여름이니까 피지 관리 중요하죠!! 일소가 제일 잘하는거 같아서 구매했는데 같이 동봉되어있는 솜에 묻히고 10분 정도 방치하면 화이트헤드, 블랙 헤드 같이 나와요!! 너무 좋습니다ㅎㅎ"
2026-07-27,A000000258917,62089188,2026.06.30,5,0,NORMAL,소프트너 150ml(솜40매+마스크1매),A01,B01,"C01,C05",15,756.0,1,0,슺슺,"일소 피지연화제 처음 사용해봤는데요,
피지, 각질 제거에 탁월해요!!

너무 자주사용하면 피부에 자극이 되겠지만
더운 여름에는 가끔 사용해주면
모공이 청소되는 느낌이에요!

사용 후에 피부가 환해지는 느낌이라
만족해요!"
2026-07-27,A000000258917,63206438,2026.07.24,4,0,NORMAL,소프트너 150ml(솜40매+마스크1매),A01,,"C01,C05",0,720.0,1,0,지민별,"15분 정도 붙여두고 때면 피지가 잘 없어져요 근데 완전 싹 다 사라지는 건 아니에요!! 
근데 이거 하면 좀 모공이 커지는 기분이라 자주 안 해요

그리고 이거랑 제거기 따로 샀었는데 (기획 상품 아닐 때)
제거기 너무 비싸니까 기획으로 같이 팔았으면 좋겠다고 한 달 전에 리뷰 남겼었는데 지금은 기획 상품으로 같이 주고 있네요

🌟이번만 기획 상품으로 제거기 같이 주지 말고 
앞으로도 계속 제거기를 같이주세요… 이미 제거기를 샀지만… 제거기를 계속 오래 쓰기엔 위생적이진 않으니까요 … 제가 재구매 하게 될 때도 제거기를 같이 주고 있기를…"
2026-07-27,A000000258917,63148311,2026.07.22,4,0,NORMAL, ,A03,,"C02,C05",0,720.0,1,0,율유리이,여름 수부지라 피지 엄청 올라오는데 일소 피지클리너 유명하길래 구매해보았습니다. 피지클리너는 블랙헤드를 없애려고 사용하기보단 겉에 올라온 피지들을 정리하는 느낌으로 사용합니다. 모공 깊숙하게 있는 블랙헤드들은 빠지지 않고 그대로 남아있고 피지도 금방 차오릅니다. 전 수부지라 그런지 며칠 지나면 바로 피지가 오돌토돌 차오르더라고요. 그렇다고 매일 할수는 없으니 1~2주에 한번정도 해줍니다. 하고나면 코가 정말 매끈해지긴 하지만 며칠 지나면 돌아옵니다.  블랙헤드는 꾸준히 관리하지 않으면 어렵더라고요. 냄새는 피지클리너라 좀 역하긴 하지만 코에 올려두면 금방 적응되긴 합니다.
2026-07-27,A000000258917,62754776,2026.07.13,5,0,OFFLINE, ,A04,B04,"C01,C08",0,675.0,1,0,믱뮣,일소꺼가 블랙헤드에 좋다고해서 구매하려구 했었는데 마침 짱구 콜라보라 넘 귀어워서 삿어용 ! &gt;_&lt; 제품마다 사은품이 다르던데 그립톡도 잇고 저는 블랙헤드 미는게없어서 그거 주는 증정품 그걸류 구매했어오 효과가 좋은거 같아여 ! 자극도 없고 좋어여
2026-07-27,A000000258917,62690777,2026.07.12,5,0,OFFLINE, ,A01,B03,"C01,C08",0,675.0,1,0,동그라미에요,"아니 이거 맞아요
아니 보여줄수도 없고 ㅠㅠㅠㅋㅋ
증말 제 학원 친구가 너무 애기피부처럼 뽀용하길래 제가 뭐 쓰냐고 물어봤드만 이거 알려줘가지고
벼르고 벼르다가 샀는데요 !!!!!
아니 얼굴이 매끈매끈하다 매끈매끈한이 되 …..
진짜 피지가 한 트럭 나와가지고(더럽죠 미안해요 ㅠㅜㅜ)
정말 피지 많은 사람들 무조건 트라이하세요 제발 진짜 리얼 ㅠㅜㅜ❤️
그리고 짱구 덕후인 제게 스티커와 피지 제거기까지 와가지고 너무너무 좋았어요 ㅠㅜ 근데 패드도 준다니까 진짜 돈이 너무 안아까운 구성이에요❤️ 나는 이 구성에 사만원으로 팔아도 샀을거 같습니다😭"
2026-07-27,A000000258917,63337325,2026.07.27,5,0,OFFLINE, ,A03,B02,"C02,C03",0,660.0,1,0,허니피,이거 진짜 요물입니다. 코에 블랙헤드 많은 분들 한번쯤 써보시면 좋을 것 같아요. 저도 지인이 추천해서 세일할 때 샀는데 이거 솜에 묻혀서 코에 붙이고 15분 정도 있다가 스크러버로 쓸어주면 코가 맨들맨들해져요..
2026-07-27,A000000258917,63206060,2026.07.24,4,0,NORMAL,소프트너 150ml(솜40매+마스크1매),A01,B03,"C01,C06",0,660.0,1,0,닉네임요,일소 코팩 좋은데 다섯번밖에 못쓰고 비싸서 이거 사봤는데 이건 코팩보다 효과가 별루에요ㅜ.ㅜ 코팩은 진짜 시원하게 나오는데 이건 5분의 1정도..? 오래는 쓸 것 같네여
2026-07-27,A000000258917,62399182,2026.07.06,5,0,NORMAL, ,A07,B01,"C01,C02",2,630.0,0,0,하뿌누나,원래 있지만 짱구 콜라보 못참아서 새로 장만했어용 ㅎ ㅡ ㅎ 넘 귀여버
2026-07-27,A000000258917,61698517,2026.06.20,5,0,NORMAL,소프트너 150ml(솜40매+마스크1매),A01,B03,"C05,C09",4,630.0,1,0,멍뭉쓰,"아니 오돌토돌한 느낌이고 블랙헤드가 막 눈에 띄는건 아닌데 뭔가 화장도 잘 안먹고 짜증나더라구요!?
그래서 피지 각질 관리를 좀 해줄 필요성을 느꼈어요
많은 후기에서 이거 쓰고나서 피부가 보들보들 해졌다그래서 화장이 잘 먹어질 까 싶어 구매해봤습니다
확실히 자극없이 피지녹이기에 좋은 것 같더라구요
같이 들어있는 검정 면봉으로 피지제거해줘도 좋지만 확실히 긁어내는거 따로 사서 쓰니까 자극은 좀 있어도 속시원하니 좋더라구요
지성인들은 자극이 좀 있어도 확실한 피지제거가 짱!ㅋㅋ 
이게 액체로 되어있어서 코 뿐만 아니라 미간이나 턱에 사용할 수 있어서 좋은 것 같아요 요즘 미간에 하얀색 피지올라와서 화장해도 보여가지고 짜증났는데 이거 쓰고나서 좀 덜한느낌 들어서 좋아요
일주일에 한번씩은 꾸준히 사용해주고있습니다"
2026-07-27,A000000258917,62536154,2026.07.08,5,0,NORMAL, ,A03,B02,"C03,C08",0,600.0,1,0,eunbi3804,"사용 후 피부가 한결 매끈해진 느낌이 들어 만족스러웠습니다. 화장솜에 소프트너를 충분히 적셔 피지가 많은 부위에 올려두었다가 제거기를 사용하니 노폐물과 피지가 부드럽게 정돈되는 느낌이었습니다. 자극이 심하지 않아 부담 없이 사용할 수 있었고, 사용 후에도 피부가 건조하지 않고 촉촉하게 유지되었습니다. 기획 구성으로 제거기와 화장솜, 스티커까지 함께 들어 있어 별도로 준비할 것이 없어 편리했습니다. 꾸준히 사용하면 모공 관리와 피지 케어에 도움이 될 것 같아 만족스러웠으며, 집에서 간편하게 피지 관리를 하고 싶은 분들께 추천하고 싶은 제품입니다."
2026-07-27,A000000255585,63217584,2026.07.24,5,0,NORMAL,본품+본품+PDRN패드2매*3,A04,B04,C05,0,1080.0,1,1,연평해전,올리브영 제품은 항상 냉장고에 넣고 사용중이에요 화장품냉장고 용량이 작아서 어쩔수가 없네요  일단 이번 제품은 몸에 잘 맞는것 같아요  물론 조금더 사용 해봐야겠지만  며칠 써본 것을 말씀 드리면 일단 얼굴에 과 몸에 잘 맞아요  그리고 일단 트러블이 없어요 트라블이 없다늠것은 엄청 좋은 장점이라 생각해요 요즘 세상이 참 사람들이 이상하고 이상한 제품도 많은데 올리브영은 그렇지 않은것 같아요 항상 그렇게 느껴요 두번째 끈적임이 전혀 없어요  끈적임이 있으면 얼굴에 바르던 다른곳 어디에 바르던 찝찝할텐데 올리브영 제품은 그렇지가 않아서 좋아요  가장 큰 장점인것 같아요  세번째는 그냥저냥 가격이 저렴하다는 거에요  많이6 사놓고 싶지만 그럴수 없는것이 좀 안타깝긴 하지만  제품이 좋아서 그냥 쓰는 편이에요  네번째  쉽게 변질되지 않는것 같아요 아무리 냉장고에 넣어놔도 제품이 별루면 변질 되기 쉬운데  올리브영 제품은  일방적으로 좋어요  일단 제 피부의 유연성이나 부드러움이 많이 개선 되었습니다 눈에 따는 피부 곳곳이 부드럽고 트러블이 없어 졌습니다 항상 잘 사용 하고 있어서 기분이 좋습니다
2026-07-27,A000000202414,62954551,2026.07.18,5,0,NORMAL,[NEW]더블기획+샴푸50,A03,B04,"C01,C02",1,1890.0,1,0,무지개같다,"헤어라인과 잔머리 관리에 관심이 많아 구매해봤어요! 머리카락만이라도 아이유 닮아가기...
롤온타입이라 사용하기 진짜 간편해요 손에 묻히지 않고 그냥 쓱- 바르면 돼서 굿!!
아침에 사용해도 머리가 떡지지 않아서 가볍게 발라주고 나가기 좋아요 제형도 산뜻하구요
아침-자기전 하루에 2번 사용해주는데 바르고 씻어낼 필요가 없으니까 두피 관리하기 넘 간편ㅎ애요오

제 리뷰가 도움이 되셨다면 좋아요 버튼👍 부탁드려요😍😍"
2026-07-27,A000000202414,62948311,2026.07.18,5,0,NORMAL,[NEW]더블기획+샴푸50,,,,1,1890.0,1,0,벨라야,"​[올리브영 추천] 탈모/두피 고민 끝! 라보에이치(LABO-H) 두피 캡슐 트리트먼트 & 가르마 헤어라인 앰플 솔직 후기 🌱✨
​안녕하세요 여러분! 보배입니다~ 💖
​요즘 날씨 탓인지 모발도 부쩍 푸석해지고, 가르마나 헤어라인 쪽 두피가 휑해 보이거나 머리카락이 툭툭 끊겨서 고민이신 분들 많으시죠? (저만 그런 거 아니죠? 😭)
​제가 평소에도 라보에이치(LABO-H) 제품은 찐으로 애용하는 정착템인데, 이번에 올리브영에서 대박 기획 세트가 나와서 바로 모셔왔습니다!
​진심 가득 담은 꿀조합 리뷰 바로 시작할게요!👇
​
라보에이치 가르마·헤어라인 두피영양 앰플 (Roll-on Serum 기획세트)
​특징: 탈모 증상 완화 기능성, 마이크로바이옴 두피 장벽 강화
​사용감: 오늘의 주인공 등장! 가르마나 헤어라인 쪽에 슥슥 굴려주는 롤온(Roll-on) 타입 앰플이에요. 손에 묻힐 필요 없이 고민 부위에 대고 마사지하듯 굴려주면 되니까 너무 편해요! 바르는 순간 두피가 시원해지면서 쿨링감이 대박입니다. 두피 열감이 올라오면 탈모의 원인이 되는데, 이걸로 즉각 진정시켜 주니까 너무 좋아요. 끈적임이 전혀 없어서 떡질 걱정 없이 수시로 바르기 딱입니다. (증정품으로 주는 50ml 샴푸까지 야무진 구성 칭찬해👏)
​💡 [꿀팁 & 추천 (Tip & Recommend)]
​💡 Real Use Tip: 머리를 감고 타올 드라이를 한 상태에서 두피 캡슐 트리트먼트를 두피부터 모발까지 골고루 마사지하듯 발라주세요. 그리고 2~3분 방치 후 헹궈내면 시너지 효과 대박입니다!
머리를 다 말린 후에는 롤온 앰플을 가르마와 헤어라인을 따라 가볍게 롤링해 주세요. 특히 밤에 자기 전에 바르고 자면 밤새 두피 장벽이 탄탄해지는 기분이에요!
​👍 이런 분들께 강력 추천!
​모발이 자꾸 가늘어지고 쉽게 빠져서(hair fall) 고민이신 분
​가르마나 이마 헤어라인 쪽 두피가 눈에 띄게 비어 보여서 신경 쓰이시는 분
​두피가 건조하고 가려운데 일반 트리트먼트는 기름져서 못 쓰셨던 분
​라보에이치 조합으로 우리 모두 소중한 두피랑 모발 사수해요! 🌿 올리브영 세일 때 무조건 쟁여야 하는 필수템으로 임명합니다!"
2026-07-27,A000000202414,62060594,2026.06.29,5,0,NORMAL,더블기획+샴푸 100ML(증정),A02,B05,"C01,C05",1,1260.0,1,0,lulululalalah,"* 30대 중반되가면서 머릿결도 중요한데
두피건강이나 머리숱이 신경 쓰여서
두피앰플 제품 꾸준히 쓰고 있어요!!

* 펌펑형이라 쓰기 편하고 휴대하기도 좋습니다!!
저는 잔머리 라인에도 써주고
가르마타면서 발라준다음 괄사써주는거 추천해요!!"
2026-07-27,A000000202414,62178285,2026.07.01,5,0,NORMAL,[NEW]더블기획+샴푸50,A03,B01,"C01,C09",0,900.0,1,0,모쮸,"판매자에게 제품비 일부를 지원받았지만 저의 솔직한 후기
입니다.

손에 묻힐 필요 없이 롤온타입으로  롤링해서 사용하면 되니까 편해요
볼펜처럼 끝이 뾰족한데다 편하게 잡고 사용하니까 원하는 곳에 딱 맞춰 사용 가능해요 그러다보니 떡지지않게 발려서 아침에 출근준비하면서 발라도 부담없어요!!"
2026-07-27,A000000202414,62155895,2026.07.01,5,0,NORMAL,[NEW]더블기획+샴푸50,,,,0,900.0,1,0,베베옹니,"판매자에게 제품비 일부를 지원받았지만 저의 솔직한 후기입니다
최근 가르마가 점점 넓어지는 것 같아 꾸준히 관리해보려고 선택했습니다. 롤온 타입이라 원하는 부위에 바르기 편하고 끈적임이 적어 부담 없이 사용할 수 있네요. 두피가 촉촉하고 산뜻한 느낌이라 매일 관리하기 좋았습니다. 함께 들어있는 샴푸도 사용감이 개운해서 만족스러웠고, 꾸준히 사용하면서 헤어라인과 두피 변화를 기대해보려고 합니다."
2026-07-27,A000000202414,62041454,2026.06.29,5,0,NORMAL,[NEW]더블기획+샴푸50,A03,B06,"C05,C13",0,900.0,1,0,쑤와와,"판매자에게 제품비 일부를 지원받았지만 저의 솔직한 후기입니다.

평소 두피 관리가 귀찮아서 꾸준히 못 했는데, 이 제품은 롤온 타입이라 필요한 부위에 바로 바를 수 있어서 정말 편했어요. 손에 묻히지 않아도 되니까 위생적이고 사용하기도 간편해서 매일 챙겨 바르게 되더라고요!

사용감🧴
롤온 타입이라 두피 고민 부위에 바로 바르기 정말 쉬워요. 내용물이 손에 묻지 않아서 깔끔하게 사용할 수 있는 점이 가장 마음에 들었습니다.

마무리감✨
사용 후에도 떡지거나 머리카락이 뭉치는 느낌이 전혀 없었어요. 바른 직후에도 산뜻해서 외출 전이나 자기 전에도 부담 없이 사용할 수 있었습니다.

편리함👍
씻어낼 필요가 없는 제품이라 두피 케어가 정말 간편해요. 바르고 끝이라 귀찮음 없이 꾸준히 사용할 수 있을 것 같고, 평소 두피 관리를 어렵게 느끼셨던 분들도 손쉽게 사용할 수 있을 것 같습니다.

총평🧑‍⚖️
롤온 타입이라 사용이 편하고, 손에 묻지 않는 점이 특히 만족스러웠어요. 사용 후에도 떡짐 없이 산뜻한 마무리감이라 데일리 두피 케어용으로 딱인 제품입니다. 간편하게 탈모 관리를 시작하고 싶은 분들께 추천드려요!"
2026-07-27,A000000202414,62031209,2026.06.28,5,0,NORMAL,[NEW]더블기획+샴푸50,,,,0,900.0,1,0,말티쥬,"판매자에게 제품비 일부를 제공받았지만, 저의 솔직한 후기입니다

예전부터 너무 잘 쓰고 잇어서 재구매햇어용 ㅎㅎ 모남희 기획으로 나왓을 때 귀여워서 삿다가 한 통 비웟는데 먼가 그냥 바르는 것만으로도 좀 안정이 돼서 ㅎㅎ 꾸준히 써요 손에 안 묻히고 바를 수 잇어서 좋고 쓰고 나서도 머리가 떡지거나 하지 않아서 좋아요 글고 바르고 나면 두피가 시원해서 조음"
2026-07-27,A000000202414,61993843,2026.06.27,5,0,NORMAL,[NEW]더블기획+샴푸50,A02,B02,"C01,C02",1,900.0,1,0,낑깡이다,"&#34;판매자에게 제품비 일부를 지원받았지만 저의 솔직 한 후기입니다.&#34;
출산 후 탈모걱정으로 손쉽게 탈모케어할수 있다는 헤어라인앰플 사용해봤어요.
롤온 타입이여서 두피 고민 부위에 타겟팅해서 바르기 쉬워 요. 손에 묻히지 않아도 되는게 제일좋은거같아요
사용 후 떡지거나 뭉침도 없고 산뜻해요 쿨링효과가 있는거같아서 여름에 샤워후 사용하면 너무좋은거같아요
앰플사용후 머리를 감지않아도되서 더운 여름 머리두피 진정으로 그냥 발라도될정도로 두피 관리하기 편한거같아요
재구매해서 꾸준히 관리해보려고해요!!
#손쉽게 탈모 케어가 가능해요.
#씻어낼 필요가 없으니까 두피 관리하기 너무"
2026-07-27,A000000202414,63165100,2026.07.22,5,0,NORMAL,[NEW]더블기획+샴푸50,A07,B04,"C01,C02",0,792.0,1,0,삥쿠더쿠,헤어라인에 잘 사용하고 있습니다. 다만 사용하는 방식이 펌핑 타입인데 볼 쪽에 액상이 잘 나오지 않을 때가 있는 것 같아요. 그리고 얼마나 남았는지 확인할 수가 없어서 끝까지 쓰기가 애매합니다.
2026-07-27,A000000202414,63088252,2026.07.21,5,0,NORMAL,[NEW]더블기획+샴푸50,A03,B06,C01,1,792.0,0,0,GinWife,펜 타입 제품이어서 원하는 부분을 정확하게 도포할 수 있는 점이 마음에 들었음 금속볼로 마사지할 수 있는 것도 굿
2026-07-27,A000000202414,61984705,2026.06.27,5,0,NORMAL,[NEW]더블기획+샴푸50,A03,B01,"C01,C06",0,750.0,1,0,제티22,"판매자에게 제품비 일부를 지원받았지만 저의 솔직한 후기입니다.
요즘 정수리라인이 많이 비고, 머리숱이 얇은 편이라 탈모 걱정으로 구매했어요
기존에 쓰던거는 뿌리는 에센스 타입이라 흘러내리고 손으로 만져서 흡수 시켜줬어야 했는데
이 제품은 롤온 타입이라 두피에 굴려서 바르기만 하면 되니깐 너무 편리하고 차가우니깐 머리 열감도 내리게 되서 너무 좋고 쿨링감도 있어서 시원해요!
바르고 나서도 전혀 떡지지 않고 끈적함 없이 깔끔하고 산뜻한 느낌이에요 씻어내는거 없이 흡수만 시키면 되니  탈모 효과에 좋을듯 합니다!!완전 추천템이에요"
2026-07-27,A000000202414,61977394,2026.06.27,5,0,NORMAL,[NEW]더블기획+샴푸50,A02,B02,"C01,C02",0,750.0,1,0,우주셋맘,"판매자에게 제품비 일부를 지원받았지만 저의 솔직한 후기입니다.

40대 넘어서 두피관리를 해요~~ 헤어라인과 가르마에 바르는데 기존에는 짜서 손으로 문지르고 흡수시키는 제품을 사용했어요
롤온 타입이어서 쉽게 바르게 되어 있어서 너무 좋아요~ 사용후에도 산뜻하니 씻어낼 필요도 없고 간편하니 두피관리가 편해져서 추천합니다."
2026-07-27,A000000202414,63208263,2026.07.24,5,0,NORMAL,[NEW]더블기획+샴푸50,,,,0,660.0,1,0,1푸딩,개인차는 있겠지만 저는 만족하면서 사용 중ㅎㅎ 꾸준히 써보려고요😆
2026-07-27,A000000202414,62042217,2026.06.29,5,0,NORMAL,[NEW]더블기획+샴푸50,A03,B01,"C01,C06",0,630.0,1,0,나물씨,"판매자에게 제품비 일부를 지원받았지만 저의 솔직한 후기입니다.

라보에이치 두피라인은 워낙 잘 쓰고 있어서 헤어 앰플도 사봤어요 스프레이쓰다가 롤온 타입으로 써보니까 손에 안묻어서 좋고 사용후에 떡짐없어요 ㅎ"
2026-07-27,A000000202414,61575834,2026.06.17,5,0,NORMAL,더블기획+샴푸 100ML(증정),A02,B05,"C01,C05",1,630.0,1,0,lulululalalah,"* 30대 중반 되면서 두피건강이나 머리 숱 신경
많이 쓰여서 라보에이치 헤어앰플
잘 쓰고 있어요!!

* 꾹 누르면서 두피랑 잔머리 쪽이 쓰면되서
편하고 저는 머리 말린후이 두피괄사랑 같이
써주니까 시원하고 좋아요!!

* 두피나 헤어라인 앰플 찾는분들께 추천해요!!"
2026-07-27,A000000202414,62244577,2026.07.03,5,0,NORMAL,[NEW]더블기획+샴푸50,A03,B06,"C02,C04",0,600.0,1,0,감자감자뽀,"판매자에게 제품비 일부를 지원받았지만 저의 솔직한 후기입니다. 

일단 저는 모근이 약해서 탈모 오기 전에 관리를 시작했는데요 ㅜㅜ 이 전에 비슷한 제품 사용해봤는데 짜서 쓰는 튜브형이어서 양 조절이 안되고 결국 떡진 것 처럼 젖은 상태로 밖에 나간 적이 있거든요 이 제품은 롤온 제품이라 고민 부위에 타겟팅도 쉽고 양 조절이 똑딱 한 번으로 가능하니까 넘 편하더라구요!!  그래서 떡지거나 뭉침도 없고, 씻어낼 필요도 없이 손 쉽게 관리가 가능해서 넘 만족하고 쓰고 있습니다!!!! 두피가 좀 빨개지는 편인데 이거 바르면 좀 가라앉더라구요! 계속 써보겠습니다 ㅎㅎ"
2026-07-27,A000000202414,62224238,2026.07.02,5,0,NORMAL,[NEW]더블기획+샴푸50,A03,B01,"C05,C06",0,600.0,1,0,오하루님,"*판매자에게 제품비 일부를 지원받았지만 저의 솔직한 후기입니다.*

원래도 옆머리가 비어있는 편이었는데 두 번의 출산을 하고 보니 진짜 더 심해보이더라구요ㅠㅠ 꽤 스트레스여서 항상 머리카락으로 가리고 다녔는데 이 제품 진짜 짱입니다아!!
우선 젖은 머리, 마른 머리 상관없이 어떤 머리에 해도 떡이 안 지구요. 그래서 하루에도 두 세번씩 생각날때마다 발라주었습니다.
특히 쿨링효과도 있어서 이렇게 더운 날 산책하고서 바르면 시원함이 너무 좋았어요.
진짜 사용한 지 딱 3일 됐는데 조금 채워진 거 느껴지시나요? 아니 너무 신기해요ㅠㅠㅠ
사실 머리 채우는 시술도 해봤다가 효과가 없었던 터라 얼마나 달라질까 싶었는데 진짜 텅빈 곳이 조금씩 채워지는 느낌입니다ㅠㅠ
처음 사용할 땐 두 세번 정도 펌핑해줘야 하지만 그 이후부턴 설명서에 써 있는대로 딱 한 번만 펌핑하세요! 안 그러면 흘러서 아깝습니다.
진짜 꾸준하게 써보고 많이 채워지면 다시 후기에 남기겠습니다👍🏻!"
2026-07-27,A000000202414,62123899,2026.07.01,5,0,NORMAL,[NEW]더블기획+샴푸50,A02,B02,C01,0,600.0,1,0,경만,"&#34;제품비의 일부를 판매자에게 지원받았지만 저의 솔직한 후기입니다.&#34;

요런 헤어 앰플은 역시나 사용하기 편리해야지 머리감고 나서 잘 사용하게 되는데 완전 딱이에요! 약간 쓱쓱 바르기만 하면되고 뒤에 푸쉬하면 양도 적당하게 나와서 사용했을때도 번들거림 없고 머리카락도 확실히 덜 빠지는거 같고 만족스러워요!"
2026-07-27,A000000202414,61966695,2026.06.27,5,0,NORMAL,[NEW]더블기획+샴푸50,A02,B02,"C01,C04",0,600.0,1,0,yagumiii,"평소 잔머리와 헤어라인이 신경 쓰여 꾸준히 관리할 제품을 찾다가 사용해봤는데, 사용감이 정말 만족스러웠어요. 앰플 제형이지만 끈적이거나 무겁지 않고 두피와 헤어라인에 가볍게 밀착돼 바른 뒤에도 답답한 느낌이 없었습니다. 롤온 타입이라 원하는 부위에 깔끔하게 바를 수 있어 사용하기도 편리했고, 아침저녁으로 꾸준히 사용하기 부담 없었어요.

사용 후에는 헤어라인이 한결 건강하게 관리되는 느낌이 들었고, 두피도 촉촉하게 케어되는 기분이라 꾸준히 손이 가더라고요. 특히 머리를 묶었을 때 신경 쓰이던 헤어라인을 집중 관리하기 좋았고, 끈적임 없이 흡수돼 메이크업 전이나 외출 전에도 부담 없이 사용할 수 있었습니다.

이번 기획 구성에는 샴푸 50ml도 함께 들어 있어 라보에이치 두피 케어 라인을 함께 체험해볼 수 있는 점도 만족스러웠어요. 꾸준한 헤어라인 관리가 필요한 분들이나 잔머리 케어를 시작해보고 싶은 분들에게 추천하고 싶은 제품입니다. 라보에이치는 해당 제품을 헤어라인 집중 케어와 탈모 증상 완화 기능성 라인으로 소개하고 있습니다."
2026-07-27,A000000202414,62644208,2026.07.11,4,0,NORMAL,[NEW]더블기획+샴푸50,,,,0,540.0,1,0,여우라벤더,"라보에이치 헤어라인 앰플을 꾸준히 사용해보니 두피가 한결 산뜻하고 헤어라인이 건강해지는 느낌을 받았습니다. 제형이 끈적이지 않고 흡수가 빨라 아침, 저녁으로 사용하기 편했으며, 사용 후에도 머리가 쉽게 떡지지 않아 만족스러웠습니다. 자극 없이 순하게 사용할 수 있었고, 두피가 촉촉하게 유지되는 점도 좋았습니다. 단기간에 드라마틱한 변화보다는 꾸준히 사용했을 때 잔머리가 조금씩 올라오고 모발이 힘을 얻는 느낌이 들어 계속 사용해볼 생각입니다. 두피와 헤어라인을 함께 관리하고 싶은 분들에게 부담 없이 추천할 만한 제품입니다. 향도 은은해서 거부감 없이 사용할 수 있었고, 마사지하듯 발라주면 두피가 시원하고 개운한 느낌이 들어 매일 관리하는 습관을 들이기에 좋은 제품이라고 생각합니다. 더블이라 더 좋네요"
2026-07-27,A000000202414,62239443,2026.07.03,5,0,NORMAL,[NEW]더블기획+샴푸50,A06,B05,"C01,C04",0,540.0,1,0,벌꾸르오소리,"판매자에게 제품비 일부를 지원받았지만 저의 솔직한 후기입니다.
뒷머리는 숱이 많은데 헤어라인 정수리가 고민이 되서 두피케어 제품들을 쓰는데 볼타입으로 되어있어서 마사지까지 동시에 할 수 있어서 하고나면 시원하고 뭔가 풀리는 것 같아서 효과가 좋을 것 같아요"
2026-07-27,A000000202414,61963403,2026.06.27,5,0,NORMAL,[NEW]더블기획+샴푸50,A06,B03,"C05,C08",0,540.0,1,0,센니야,"판매자에게 제품비 일부를 지원받았지만 저의 솔직한 후기입니다.

롤온 타입이라 원하는 두피 부위에 간편하게 바를 수 있어서 사용하기 편했어요. 손에 묻히지 않고 바로 사용할 수 있는 점도 만족스러웠습니다. 바른 뒤 끈적이거나 뭉치는 느낌 없이 산뜻하게 흡수되어 데일리로 부담 없이 사용하기 좋았어요. 씻어낼 필요가 없어 외출 전이나 자기 전에도 간편하게 사용할 수 있어 꾸준히 두피 관리하기 좋은 제품인 것 같습니다. 탈모 관리 제품 입문용으로도 추천하고 싶어요!!"
2026-07-27,A000000202414,62273154,2026.07.03,5,0,NORMAL,[NEW]더블기획+샴푸50,A02,B02,"C02,C03",0,450.0,1,0,수분부족예민건성,"판매자에게 제품비의 일부를 지원받았지만 저의 솔직한 후기입니다.

라보에이치 제품 평소에도 믿고 잘 쓰고 있어서 바로 구매해봤습니다! 롤온 타입이라서 두피에 바로 고루고루 바르기 좋았습니다.

탈모 고민이 많았는데 꾸준하게 두피 케어해보려고요"
2026-07-27,A000000202414,62219929,2026.07.02,5,0,NORMAL,[NEW]더블기획+샴푸50,,,,0,450.0,1,0,가니공주,"판매자에게 제품비 일부를 지원받았지만 저의 솔직한 후기입니다.

평소 헤어라인이나 정수리 쪽이 신경 쓰여서 사용해봤는데 롤온 타입이라 원하는 부위에 바르기 정말 편했어요. 손에 덜어서 바를 필요가 없어서 깔끔하고 위생적으로 사용할 수 있는 점이 마음에 들었습니다. 사용 후에도 떡지거나 뭉치는 느낌 없이 산뜻해서 외출 전에도 부담 없이 사용할 수 있었어요. 씻어낼 필요 없이 간편하게 관리할 수 있어 바쁜 아침에도 손이 자주 가네요. 꾸준히 사용하면서 두피와 헤어라인을 관리해보려고 합니다. 사용감이 가볍고 편해서 탈모 케어를 시작하려는 분들에게 추천하고 싶은 제품입니다."
2026-07-27,A000000202414,61958920,2026.06.27,5,0,NORMAL,[NEW]더블기획+샴푸50,,,,0,450.0,1,0,insay1004,"&#34;판매자에게 제품비 일부를 지원받았지만 저의 솔직한 후기입니다.&#34;
평소 나이가 들면서  가르마 부분이 점점 넓어지는 것 같아 고민이던 차에 두피 케어 제품을 찾다가 사용해보게 되었어요. 롤온 타입이라 가르마나 정수리처럼 신경 쓰이는 부위에 직접 바르기 편하고 손에 묻히지 않아 위생적으로 사용할 수 있었습니다.
사용 후 끈적이거나 뭉치는 느낌이 거의 없고 두피가 산뜻해서 만족스러웠어요. 
특히 씻어낼 필요가 없어 바쁜 아침에도 간편하게 사용할 수 있는 점이 마음에 듭니다. 
꾸준히 사용하면서 가르마와 두피 관리를 해보려고 합니다. 
사용 후 두피가 답답하지 않고 상쾌한 느낌이라 계속 손이 갑니다!"
2026-07-27,A000000202414,61888892,2026.06.25,5,0,NORMAL,[NEW]더블기획+샴푸50,A01,B03,"C01,C03",0,450.0,1,0,Kkokko,"판매자에게 제품비 일부를 지원받았지만 저의 솔직한 후기입니다.

출산후 머리도 많이 빠지고 머리를 감고 나와서도 두피가 빨갛고 열감도 느껴지며 간지러움이 느껴져서 앰플을 찾게 됐는데 라보에이치가 왜 유명한지 알겠어요

눌러서 사용하는 제품인데 잠금장치가 있어서 내용물이 흐를걱정이 없고 롤온타입이라 원하는 부위에만 바를수 있어서 너무 좋았어요 두피에 바르면 쿨링감이 느껴져서 시원하고 무엇보다 씻어내거나 떡지지않아서 편하게 사용할수있는게 너무 좋았어요

헹궈야하는거였다면 귀찮아서 사용 안했을거같은데 이건 매일 저녁마다 샤워후 사용중입니다"
2026-07-27,A000000202414,61823581,2026.06.23,5,0,NORMAL,[NEW]더블기획+샴푸50,A04,B04,"C05,C07",0,450.0,1,0,뚜두뚜,"&#34;판매자에게 제품비 일부를 지원받았지만 저의 솔직한 후기입니다.&#34;
평소 머리숱이 얇은 편이고 헤어라인 머리가 비어 보여서 걱정이어서 이 제품을 써봤는데 첫인상이 흐르지 않는 적당한 점도로  롤 온 타입이어서 일단  에센스가 흐르지 않고 간편하게 쓱쓱 바르기 편리하였고  약간 쿨링감으로 시원해지면서  바르고 난 후에도 안 떡지고 기름이 안 올라와서 아침에도 산뜻하게 케어 가능"
2026-07-27,A000000202414,61714641,2026.06.21,5,0,NORMAL,[NEW]더블기획+샴푸50,A03,B06,C01,0,450.0,1,0,GinWife,"판매자에게 제품비의 일부를 지원받았지만, 저의 솔직한 후기입니다.

팁이 금속 볼로 되어 있어서 두피에 정확하게 도포 하기도 좋았고 시원하게 마사지가 되어서 좋았음 무엇보다 금속이기 때문에 위생 관리 면에서도 괜찮았음 더블 기획이라 가성비도 좋은 것 같아서 마음에 들고 꾸준히 사용하기도 좋을 듯!"
2026-07-27,A000000202414,61627371,2026.06.18,5,0,NORMAL,[NEW]더블기획+샴푸50,A02,B02,"C02,C03",0,450.0,1,0,jellybean,"“판매자에게 제품비 일부를 지원받았지만 저의 솔직한 후기입니다.”

평소 정수리랑 헤어라인 쪽이 신경 쓰여서 꾸준히 관리할 수 있는 제품을 찾다가 사용해봤어요. 롤온 타입이라 손에 묻힐 필요 없이 고민 부위에 바로 바를 수 있어서 생각보다 훨씬 편하더라고요. 아침에 준비하면서 한 번, 저녁에 머리 감고 나서 한 번 사용하고 있는데 사용 후에도 떡지거나 뭉치는 느낌이 없어서 부담이 없습니다. 두피에 바르면 산뜻하게 마무리되는 편이라 여름에도 사용하기 좋은듯해요. 씻어낼 필요가 없다는 점이 마음에 들었어요. 바르고 가볍게 마사지해주면 끝이라 관리가 귀찮은 사람도 손쉽게 사용할 수 있을 것 같습니다."
2026-07-27,A000000202414,61620977,2026.06.18,5,0,NORMAL,[NEW]더블기획+샴푸50,A01,,,0,450.0,1,0,2이2,"&#34;판매자에게 제품비 일부를 지원받았지만 저의 솔직한 후기입니다.&#34;


전에 쓰던 앰플은 손으로 펴발라줘야 해서 번거로웠는데 이거는 롤온 타입이라 쓱쓱 문지르기만 하면 되서 편해요! 떡지거나 뭉치는 것도 없어요. 헤어라인에 바르려고 샀는데 편리하게 잘 사용할 것 같아요."
2026-07-27,A000000226201,63234295,2026.07.24,5,0,NORMAL, ,A03,B02,"C01,C02",0,1080.0,1,0,난향,"요새는 은근히 피부쪽 진정이나 흔적에 신경을 쓰다보니까..
한번 사용을 해봐야지 싶었던 아누아 나이아신 흔적 세럼을..
구매를 했는데 리필이 아니고 2입~ 구성이라서 일단 좋았고..
효과에 괜찮은 느낌이면 꾸준히 바로 재구매 하려고 하네요~"
2026-07-27,A000000226201,63153086,2026.07.22,5,0,NORMAL, ,,,,0,660.0,1,0,stellayukie,아누아에서 인기제품인지 배송이 좀 늦었어요 다만 미백세럼이라 그런지 빨리써야 될 거 같아요
2026-07-27,A000000174309,63211005,2026.07.24,5,0,NORMAL,[올영단독] 환타스틱,A02,B04,"C05,C11",2,3240.0,1,0,프헤즈,"피치빔~환타빔 좋아해서 환타스틱 구매했는데 마음에 듭니다! 제일 좋아하고 잘 쓰는게 오프라 데이드림인데, 데이드림보다 환타스틱이 좀 더 환타빛~피치빔 색감이 있는 편이에요. 브들 바운싱레몬 하라랑 비슷한 느낌에에요!

가격대비 빔이 너무 예쁘게 잘 올라와서 강추..
광대에 발라도 환타빔 잘 올라오고, 눈앞머리나 애교살에 발라도 예뻐요. 콧망울에 바르면 색감이 좀 튀는 편이라 저는 코에 바를 땐 단독 보다는 다른거랑 섞발해서 발라주는데요!

🍯 특히 원정요 크라이로즈 팔레트에 4번째 쉬머펄이랑 섞발해서 콧망울에 발라주면 정~~말 예쁩니다..🧡

🍯 그리고 디올 로골 3번 컬러랑 섞발해도 예뻐요! 두개가 아니더라도 무난한 진주빔~아이보리빔이랑 섞발하면 오묘한 진주피치빛이 올라와서 진짜 예뻐요!

사진에 담아보려고 했는데 정말 아무리 찍어도 나오질 않아서ㅠㅠ 아쉽네요😭 사진에서는 핑크빛이 도는데 실제로는 환타피치빔이에요! 펄입자도 엄청 큰 편이 아니라 하라로 쓰기 좋았어요."
2026-07-27,A000000174309,63183653,2026.07.23,5,0,NORMAL,[한정] 로지 클레이(피스 밤),A03,B05,"C02,C05",5,3240.0,0,0,슈쁭,"처음에 팬만 보고는 “이걸 볼에 바른다고?” 싶을 정도로 회기 돌고 톤다운된 컬러라 살짝 걱정했는데, 막상 올려보니까 완전 다른 느낌이더라고요ㅋㅋ 가을뮤트인 제 피부에서는 은은한 로지핑크로 올라와서 분위기가 정말 예뻤어요. 과하게 붉거나 형광기 도는 느낌 없이 차분하게 혈색만 살려줘서 데일리 치크로 거의 매일 사용하고 있습니다. 가을뮤트라면 한 번쯤 꼭 써봤으면 하는 컬러예요!"
2026-07-27,A000000174309,63183631,2026.07.23,5,0,NORMAL,[HOT/젤테일] 코코아 브륄레,A03,B05,"C02,C05",5,3240.0,0,0,슈쁭,"평소 붓펜 아이라이너를 쓰면 눈매가 너무 강해 보여서 섀도우로 라인을 그리는 편인데, 코코아브륄레 컬러가 딱 제가 찾던 색감이었어요. 너무 연해서 티가 안 나는 컬러도 아니고, 그렇다고 붓펜처럼 진하지도 않아서 자연스럽게 눈매만 또렷하게 잡아주더라고요. 브러시에 묻혀 아이라인처럼 사용하기 정말 편했고, 시간이 지나도 번짐이 거의 없어서 유지력도 만족스러웠어요. 요즘은 아이라인 대신 이 컬러만 손이 갈 정도로 잘 쓰고 있습니다!"
2026-07-27,A000000174309,63241789,2026.07.24,5,0,NORMAL,[한정] 더 히든 001(스노우),A03,B01,"C08,C09",2,2952.0,1,0,흰빛,더 히든 보라를 잘 사용하고 있어서 살구 화이트도 구매해보았어요 펄감 강하고 엄청 화려한 느낌이에요 지운 후에도 펄이 좀 남아 있고 잘 안지워지는 부분이 있어요 그래도 촉촉하고 예뻐서 좋았습니다 계속 잘 쓸 것 같아요
2026-07-27,A000000200646,63309242,2026.07.26,5,0,NORMAL,[올영픽] 50ml+25ml+트래블키트,A05,B04,"C01,C02",2,2700.0,1,0,민감성치와와,"피부가 원래 좋은 편이었는데 점점 좁쌀, 모낭염, 홍조, 간지러움이 심해진 상태입니다...수부지인 것 같아요.
좁쌀 너무 심해져서 유튜브에서 보고 반신반의하며 구매한 제품.

바르고 다음날에 피부가 좋아진 걸 느껴요. 좁쌀이 가라앉고 모낭염도 새로 안 생기고, 피부결도 좋아지면서 환해지고, 피지분비가 조절되는게 느껴져요.
5일 정도 꾸준히 발라봤는데 좋습니다.

다른 리뷰도 그렇고 저도 티트리 마스크팩 써봤을 때 자극 느껴지고 간지러웠을 때가 있어서, 티트리 때문에 이 제품도 자극있을까봐 걱정했는데 저한테 자극없이 잘 맞았어요.

제형은 약간 점성있는 물인데, 번들거리는 거 전혀 없고 바르고 나서 뽀송하다 해야하나? 수분관리 잘해줘야 할 것 같아요.

이 제품 사면서 클렌징 루틴도 바꿨어요. 오일+클렌징폼에서 클렌징밀크+클렌징젤로 바꾸니 자극이 덜하면서 장벽은 채워주고, 앰플로 피지관리해주니 즉각적으로 홍조가 좋아지고 좁쌀이 가라앉아서 너무 신기합니다..."
2026-07-27,A000000200646,63185018,2026.07.23,5,0,NORMAL,[올영픽] 50ml+25ml+트래블키트,A03,B06,"C01,C02",1,1200.0,1,0,Se0yeon,"지성+ 트러블피부 3병 쓰고 남기는 후기입니다
여드름 자주나는편인데 데일리 세럼으로 듬뿍 발라주고있어요 자극 없고 좋아요~! 단독사용은 보습이 조금 부족한 거 같아서 볼부위만  크림 발라주었어요 트러블 지성 분들 이거 사용하시고 볼에만 크림 많이 더 발라 주면 딱일 것 같아요 진정성분 가득 들은 세럼이라 예민할때도 자극없이 좋습니다!"
2026-07-27,A000000200646,63304711,2026.07.26,5,0,NORMAL,50ml+리필25ml+스팟젤10ml,A03,B01,"C01,C05",0,792.0,1,1,살랑이,"물제형이고요
사실 보습력은 약한데 진정효과는 좀있는거같아서 꾸준히 사용하는 세럼이에요
토너다음 발라주고있어요"
2026-07-27,A000000223283,63310620,2026.07.26,5,0,NORMAL,팬티라이너 롱 40P,A03,B01,"C01,C02",0,1800.0,1,1,홀리몰리올리몰리,"기존에 정착한 날개형에서 요즘 새롭게 재구매 중인 쿨 라이너

롱이라고 하지만 롱 아니에요. 일반형 길이라고 생각되는데
이게 롱이면 일반이면 얼마나 짧은 거죠??

쿨링감은 면적이 더 넓은 생리대나 팬티형만큼은 아닌데
라이너도 분명히 느껴져서 시원해요

가장 중요한 건 접착력인데 예전엔 라이너가 너무 쉽게 떨어져서 
속바지 껴입고 변기에 빠질까봐 계속 신경 썼는데
이건 접착력 좋아서 비교적 안심하고 쓰는 중이에요"
2026-07-27,A000000223283,63289598,2026.07.26,5,0,NORMAL,[포켓몬 에디션] 중형 16+4P 기획,A03,B04,"C05,C08",0,1800.0,1,0,쏘프프,"여름에는 진짜.. 이런 쿨링 아니면 좀 힘들어요.
솔직히 쿨링이어도 뚜벅이들은 힘들어용...
한동안 생리대 때문에 더 생리통이 심한 것도 같길래
생리대를 싹 바꿔볼까 생각하다가
여름엔 그래도 쏘피 쿨링이 맞다 생각해서 다른 비싸고 좋은 것도 구비는 해뒀지만 쏘피도 몇 개는 챙겼네요ㅎ
하필 또 파우치도 준다고 해서 참을 수가 없었슴다!

+ 지금 사은품으로 유기농 쿨링 주는 것 같은데 그거 그냥 쏘피 쿨링이랑 많이 안 다른 것 같아요. 그냥 파란색이냐 흰색이냐 향 나냐 안나냐 고정도...?
파란색이고 산뜻한 시원한 향 나는 게 쏘피 기존 쿨링!"
2026-07-27,A000000223283,63289461,2026.07.26,5,0,NORMAL,[포켓몬 에디션] 대형 14+4P 기획,A03,B04,"C05,C08",0,1800.0,1,0,쏘프프,"여름에는 진짜.. 이런 쿨링 아니면 좀 힘들어요.
솔직히 쿨링이어도 뚜벅이들은 힘들어용...
한동안 생리대 때문에 더 생리통이 심한 것도 같길래
생리대를 싹 바꿔볼까 생각하다가
여름엔 그래도 쏘피 쿨링이 맞다 생각해서 다른 비싸고 좋은 것도 구비는 해뒀지만 쏘피도 몇 개는 챙겼네요ㅎ
하필 또 파우치도 준다고 해서 참을 수가 없었슴다!"
2026-07-27,A000000223283,63278430,2026.07.25,5,0,NORMAL,슈퍼롱 8P,A03,B02,C02,2,1800.0,0,0,토마토37,날씨가 덥고 꿉꿉해서 불쾌지수 폭발할 때 써봤는데 패드 자체에서 시원한 쿨링감이 싹 돌아서 찝찝함이 확 날아가는 기분이라 진짜 신세계였어요 ㅋㅋ! 슈퍼롱 사이즈라서 밤에 잘 때 이리저리 엄청 뒤척이면서 뒹굴어도 절대 샐 걱정이 없더라고요 ㅠㅠ 밤새 뽀송뽀송하게 유지돼서 완전 안심하고 꿀잠 잤습니다 ㅎㅎ 덥고 습할 땐 진짜 선택이 아닌 필수템!!
2026-07-27,A000000223283,63277706,2026.07.25,5,0,NORMAL,슈퍼롱 8P,A03,B02,C02,2,1800.0,0,1,토마토37,덥고 찝찝한 날씨에 쓰기 딱 좋은 쿨링템이에요ㅠㅠ 패드 자체에서 화~한 쿨링감이 돌아서 특유의 불쾌지수를 확 낮춰주고 하루 종일 산뜻합니다. 슈퍼롱 사이즈라 밤에 뒤척임 심해도 절대 안 새고 뽀송하게 유지돼서 맘 편히 안심하고 꿀잠 잘 수 있어요!
2026-07-27,A000000223283,63291561,2026.07.26,5,0,NORMAL,팬티라이너 롱 40P,A03,B02,"C01,C09",0,1512.0,1,0,보비,쏘피 쿨링 팬티라이너는 신세계입니다. 특히 여름에 사용하면 쿨링감때문에 시원해요. 생리대도 시원할지 궁금해집니다. 팬티라이너 롱제품이라 길어서 좋고 두께도 적당한 편입니다.
2026-07-27,A000000180162,63214449,2026.07.24,5,0,OFFLINE,50ml+50ml+10ml 기획,A02,,"C02,C03",0,1080.0,1,0,나쵸쵸쵸,"정착한 선블럭입니다
몇년째 닥터지 그린마일드만 쓰고있어요
다른거 궁금한데 얼굴 뒤집어질까봐 못써보고
안전하게 이것만 써요
유기자차보다 무기자차가 더 맞는 느낌이라 그린 쓰고있고
발림성 부드럽고 별로 안뻑뻑해요
개인적으로는 백탁 별로 안심한것같고
오히려 피부 톤 밝아져서 좋아요 (화장 거의 잘 안함)

암튼 닥터지 그린마일드 추천~~~!!!!"
2026-07-27,A000000180162,63325451,2026.07.26,5,0,NORMAL,50ml+50ml+10ml 기획,A02,B02,"C01,C02",0,720.0,1,0,날아라올라얌,"아이도 같이 쓸수 있는 썬크림이라 샀는데 제가 다 쓸꺼 같네요🤔

발림성이 좋고 트러블도 안나서 순한게 느껴져요
따로 클렌징 안해도 잘 지워지는 느낌이구요
이번 여름에 얼굴,팔,다리 열심히 발라서 덜 타고 싶어요ㅋㅋ

닥터지는 예전부터 순한 제품이라 느껴졌는데 
이번에도 그럴꺼 같아요~
화장하고도 잘먹히고 백탁도 적당해서 집앞정도는 바르고 나가도 괜찮을꺼 같아요

오랜만에 썼는데 효과가 좋아서 기부니가 좋아요ㅋㅋ
닥터지 필링부터 수분라인, 썬크림까지 성공하니 
다음에도 새로운 제품나오면 또 쓰고싶어요🤗"
2026-07-27,A000000180162,63193675,2026.07.23,5,0,NORMAL,50ml+50ml+10ml 기획,A03,B02,"C03,C10",0,528.0,1,0,사쟈,"백탁현상이 있긴 하지만 효과가 좋아요
이거만한 제품이 없어서 계속 사용해요"
2026-07-27,A000000212555,62737319,2026.07.13,2,0,NORMAL,[단품]쿨링 선 스프레이,A02,B03,"C01,C03",2,1134.0,0,0,예민건성봄웜라,선스프레이가 걍 저랑 안맞는거같아요 오히려 막 공기중으로 퍼져서 바르기가 어려워요 어디에 발리는지도 잘 모르겠고ㅠ
2026-07-27,A000000212555,63299564,2026.07.26,5,0,NORMAL,[1+1기획] 쿨링 선 스프레이,A02,B02,"C03,C10",0,792.0,1,0,로즈맘,"뿌리는 타입으로 손에 묻지 않아서 편리해요
팔 다리 여름에 필수"
2026-07-27,A000000212555,63093161,2026.07.21,5,0,NORMAL,[트리플기획] 쿨링 선 스프레이,A03,B02,"C01,C02",0,792.0,1,0,MJ007,"이번에 늦게 생각나서 주문했어요
확실히 효과가 있어요 만족해요"
2026-07-27,A000000212555,62930407,2026.07.17,5,0,NORMAL,[1+1기획] 쿨링 선 스프레이,A03,B02,C11,0,594.0,1,0,쭈블리엄,요즘 선크림 덧바르기 넘 귀찮고 힘들어서 뿌리는걸로 샀는데 효과가 잇는진모르겠어요 걍 뿌려요ㅋㅋㅋ
2026-07-27,A000000212555,62916511,2026.07.17,5,0,NORMAL,[1+1기획] 워터프루프 선 스프레이,,,,1,594.0,0,0,메이튜,몸에는 썬크림 바르기 귀찮아서 빠르게 뿌리고 나가려고 샀는데 만족즁이에요
2026-07-27,A000000212555,63328116,2026.07.27,5,0,NORMAL,[트리플기획] 워터프루프 선 스프레이,,,,0,528.0,1,0,개토토누낭,"스프레이 형식이라서
사용하기 편해서 좋은거같아요!
여름철 필수템이에요"
2026-07-27,A000000212555,62268021,2026.07.03,5,0,NORMAL,[1+1기획] 쿨링 선 스프레이,A04,B04,"C02,C04",0,396.0,1,0,유선호유태호,"숨 참고 3초만 버티면 팔, 다리 다 바를수잇어써 조음!
굿굿 안바른것보단 낫게찌
선크림 도저히 바디에 바르긴 귀차나서 이걸로 목에도 뿌림ㅎㅎ"
2026-07-27,A000000212555,61956725,2026.06.26,5,0,NORMAL,[1+1기획] 워터프루프 선 스프레이,A04,B02,C05,0,378.0,0,0,망구네,"여름에 바다 가면 쓰려고 올영세일때 미리 구매해뒀습니다 
가격도 착하규 원플원이라 가성비 좋아요"
2026-07-27,A000000212555,61530222,2026.06.16,5,0,NORMAL,[트리플기획] 워터프루프 선 스프레이,A03,B03,"C01,C02",1,375.0,1,0,올알라,"💙트리플 기획에 가격도 괜찮고 리뷰도 좋아서 구매했어요!!

💧워터프루프 기능이 있고 분사력도 좋아서 사용하기 편합니다. 

무엇보다 백탁 현상이 전혀 없고 끈적임도 없어 만족스러웠어요. 스프레이 타입이라 손으로 바를 필요 없이 간편하게 사용할 수 있는 점도 큰 장점이었어용🫧🫧

살짝 쿨링감까지 있어서 더운 날 사용하기 좋았어요. 개인적으로는 한 번에 많이 뿌리는 것보다 여러 번 나눠서 뿌리는 게 더 좋았습니다👍🏻

좋다고 했더니 아빠가 하나 가져가실 정도 ㅎㅎ 재구매 100프로 의사 있습니다!💙🫶🏻💙"
2026-07-27,A000000212555,63237054,2026.07.24,5,0,GIFT,[트리플기획] 워터프루프 선 스프레이,A04,B05,"C02,C04",0,360.0,0,0,Imkm,"한 달 넘게 야외활동할 때 꾸준히 사용했는데 분사력이 고르고 끈적임이 거의 없어서 정말 만족했습니다. 몸에 넓게 빠르게 뿌릴 수 있어 외출 전에 사용하기 편했고, 땀이 나도 자외선 차단력이 오래 유지되는 느낌이었어요. 백탁 없이 산뜻하게 마무리되어 여름 필수템으로 추천합니다."
2026-07-27,A000000212555,62814473,2026.07.14,5,0,NORMAL,[1+1기획] 쿨링 선 스프레이,,,,0,297.0,1,0,예동이언니,진짜 뿌리면 즉각적으로 시원해져요 쉽게 자외선 차단 할 수 있어서 좋아요
2026-07-27,A000000212555,63023811,2026.07.19,5,0,GIFT,[트리플기획] 쿨링 선 스프레이,A02,B01,C05,0,270.0,0,0,Kmkm9x,"한 달 동안 외출할 때마다 꾸준히 사용해 봤는데 정말 만족스러운 선 스프레이였습니다. 분사력이 고르게 퍼져서 팔, 다리, 목처럼 넓은 부위에도 빠르게 사용할 수 있었고, 뿌리는 순간 시원한 쿨링감이 느껴져 더운 날씨에 특히 좋았습니다. 끈적임이 거의 없고 금방 산뜻하게 마무리돼 여러 번 덧뿌려도 부담이 없었습니다. 땀을 많이 흘리는 날에도 사용감이 괜찮았고 휴대하기도 편해서 여행이나 야외활동 때 꼭 챙겨 다녔습니다. 트리플 구성이라 가성비도 뛰어나 재구매 의사가 있습니다."
2026-07-27,A000000212555,63023222,2026.07.19,5,0,GIFT,[트리플기획] 워터프루프 선 스프레이,A02,B01,C05,0,270.0,0,0,Kmkm9x,야외활동할 때 계속 사용했는데 손에 묻히지 않고 간편하게 뿌릴 수 있어서 정말 편했습니다. 땀을 흘려도 쉽게 지워지지 않았고 끈적임이 적어서 몸에도 부담 없이 사용할 수 있었어요. 백탁도 거의 없고 사용감이 산뜻해서 가족들과 함께 사용하기에도 좋았습니다. 휴대성도 좋아 외출할 때 항상 챙기게 됩니다.
2026-07-27,A000000212555,60800714,2026.06.04,5,0,NORMAL,[트리플기획] 워터프루프 선 스프레이,,,,1,270.0,1,0,또니픽,"저 작년 여름에 이거 없었으면 진짜 까매졌을거예여 ...... 크림 선크림은 바르기도 힘들고 찝찝한데 이거 쓴 다음에는 진짜 혁명 .. 을 느꼈습니다 💗😘 이제 또 쟁여놔야죠 ㅎㅎㅎ 

👍도움이돼요 한번씩 눌러주시면 감사하겠습니다💗"
2026-07-27,A000000212555,60836888,2026.06.04,5,0,NORMAL,[1+1기획] 워터프루프 선 스프레이,,,,1,225.0,1,0,usiusi****,"햇빛 알레르기 때문에 원래 선스틱 사용하고 있었는데, 이번에 선 스프레이를 사용해보고 싶어서 가성비 좋은 식물나라 꺼로 사봤어요. 워터프루프가 되니까 땀 흘려도 잘 안 자워지는 거 같고, 선 스프레이 사용한 날에는 햇빛 알레르기가 잘 안올라와요!! 효과 좋은 것 같아요!!"
2026-07-27,A000000212555,61667624,2026.06.20,5,0,NORMAL,[단품]워터프루프 선 스프레이,A01,B06,"C07,C13",2,198.0,0,0,아이엠룬,"햇빛 너무 심해서 나가기 전에 필수로 뿌려요
‼️사용 전 많이 흔드셔야해요‼️
처음에 몇번 대충 흔들었더니 끈끈하더라고요
많이 흔들고 30cm 정도에서 분사하면 끈끈함없이 마무리되서 너뮤 좋아요"
2026-07-27,A000000212555,61387617,2026.06.13,5,0,NORMAL,[1+1기획] 쿨링 선 스프레이,A02,B02,"C03,C10",0,198.0,1,0,로즈맘,원플원 행사라 가성비 좋네요. 여름에 손 안 묻히고 뿌릴수 있어서 좋아요
2026-07-27,A000000212555,60823655,2026.06.04,5,0,NORMAL,[1+1기획] 쿨링 선 스프레이,A03,B02,C11,0,198.0,1,0,쭈블리엄,분사력 좋고 뿌리면 시원해요ㅋㅋ손에 안묻히고 뿌릴 수 있어서 편리해요
2026-07-27,A000000212555,63133611,2026.07.22,1,0,NORMAL,[1+1기획] 쿨링 선 스프레이,A02,B01,"C01,C03",0,176.0,1,0,깜아롱,"이거너무유분도많고끊적여요
산뜻한걸원했는데
그거랑거리가뭐네요"
2026-07-27,A000000212555,63257994,2026.07.25,5,0,NORMAL,[1+1기획] 워터프루프 선 스프레이,,,,1,168.0,1,0,yuna0****,진짜 솔직히 자외선이 차단되는지는 모르겠어요 ㅠㅠ 아무리 뿌려도 타더라구요 ㅠㅜ 그래도 짧은 외출이나 실내로 놀러가면 쓰기 좋을 것 같아요! 바르기 쉬워서 좋아요~
2026-07-27,A000000212555,62695739,2026.07.12,5,0,NORMAL,[단품]워터프루프 선 스프레이,,,,1,165.0,0,0,와사비불닭,단품으로 하나 삿엇는데 양이 생각보다 적네여 ㄷㄷ... 1+1 하는 이유가 잇엇음
2026-07-27,A000000212555,63342865,2026.07.27,5,0,NORMAL,[트리플기획] 쿨링 선 스프레이,,,,0,132.0,1,0,dbgpfl****,양이 진짜 적긴해요 근데 은은하게 쿨링도 잇고 괜찮음!! 추천
2026-07-27,A000000212555,62334415,2026.07.05,5,0,NORMAL,[1+1기획] 워터프루프 선 스프레이,,,,0,132.0,1,0,kittyo27,"분사력 좋고 팔다리에 뿌리기 넘 조아요
바르는 썬크림은 너무 찝찝하고 그래서 함 사봤는데 막 뿌리기 좋아요"
2026-07-27,A000000212555,61324807,2026.06.11,5,0,NORMAL,[트리플기획] 워터프루프 선 스프레이,A03,B01,"C03,C04",0,132.0,1,0,유딩딩이,"이전에 쓰던 제품이라 세일 기간에 다시 사봤어요 ㅎㅎㅎ 
워터프루프라서 좋은 거 같아요오 ~~~ 잘 쓰겠숩니다!!"
2026-07-27,A000000212555,61111577,2026.06.07,5,0,NORMAL,[트리플기획] 워터프루프 선 스프레이,,,,0,132.0,1,0,개토토누낭,"작년에도 사서 잘 사용해서
올여름에도 사용하려고 샀습니당!"
2026-07-27,A000000212555,62835495,2026.07.15,4,0,NORMAL,[1+1기획] 워터프루프 선 스프레이,,,,0,99.0,1,0,c08082****,간편하게 쓰기 너무 좋습니더 끈적이지도 않고 시원하고 재구매 생각 있습니다
2026-07-27,A000000212555,62817989,2026.07.15,5,0,NORMAL,[단품]워터프루프 선 스프레이,,,,0,99.0,1,0,kls****,스프레이 형식이라 야외에서 사용하기에 편리합니다. 끈적임 없어요
2026-07-27,A000000212555,61936002,2026.06.26,5,0,NORMAL,[1+1기획] 워터프루프 선 스프레이,,,,0,99.0,1,0,enden****,"재구매입니당 팔 다리 목에 선크림 바르기 귀찮을 때
뿌리기 좋아요 갠적으로 살 타는 거 너무 싫어해서
맨발에 샌들 신을 때도 발등에 뿌립니다 ㅎㅎ"
2026-07-27,A000000212555,61660637,2026.06.19,5,0,NORMAL,[1+1기획] 워터프루프 선 스프레이,,,,0,99.0,1,0,응이아,여름에 타는 게 싫어서 외출할 때 꼭 뿌리는 템입니다 스프레이형태라 편하게 바를 수 있어서 좋아용 추천합니다
2026-07-27,A000000212555,62987124,2026.07.18,5,0,NORMAL,[단품]워터프루프 선 스프레이,,,,0,90.0,1,0,rlawldud****,"스프레이 타입이라 팔과 다리처럼 넓은 부위에 빠르게 바르기 편해요. 분사력이 고르고 끈적임이 심하지 않아 야외 활동이나 물놀이 전에 사용하기 좋았어요. 휴대하기에도 부담 없는 크기라 수시로 덧바르기 편리해요. 다만 얼굴에 직접 분사하기보다는 손에 덜어 바르는 게 좋고, 충분한 양을 골고루 덧발라야 할 것 같아요."
2026-07-27,A000000253617,63320237,2026.07.26,5,0,NORMAL,[포켓몬 에디션] 오일200mlx2+키링,A01,B01,C01,0,1512.0,1,1,bbh27,⭕️ 쿨링크림은 처음 써봤는데 진짜 피부에 열감이 확 내려가는게 느껴져서 나이트 케어용으로 잘 쓰고 있어요 향도 찐하지 않아 좋아요!
2026-07-27,A000000253617,63248317,2026.07.25,5,0,NORMAL,[포켓몬 에디션] 오일200mlx2+키링,A01,B05,"C04,C05",1,1512.0,1,1,멸종위기사랑,여름엔 모공 사이사이 더 퍼펙트하게 닦고싶은데 그럴때 얘만한게 없고 클렌징 오일 중에 제일 새끈하게 닦일만한건 마녀공장뿐이에요 나머지는 잘 안닦이고 화끈하지가 않아서 ㅋㅋㅋ
2026-07-27,A000000253617,63247889,2026.07.25,5,0,NORMAL,[포켓몬 에디션] 오일200mlx2+키링,A01,B05,"C04,C05",1,1512.0,1,0,멸종위기사랑,여름엔 모공 사이사이 더 퍼펙트하게 닦고싶은데 그럴때 얘만한게 없고 클렌징 오일 중에 제일 새끈하게 닦일만한건 마녀공장뿐이에요 나머지는 잘 안닦이고 화끈하지가 않아서 ㅋㅋㅋ
2026-07-27,A000000259786,63324367,2026.07.26,5,0,NORMAL, ,,,,0,1800.0,1,0,민트초코조앙,이 팩 완전 쫀쫀하구 너무너무 좋아요 제품의 보습력이 대박입니당 이거 사용하고 나면 다음날 피부 메이크업이 아주 찰떡같이 잘 먹어서 너무 좋습니다 제품 배송도 빠르고 다음번에도 꼭 재구매 할거에용 다들 구매하세용!! 강력추천입니당~~!
2026-07-27,A000000259786,63315228,2026.07.26,5,0,NORMAL, ,A04,B04,"C01,C05",0,1800.0,1,0,코더긔,"✨ 여름 쿨 라이트 / 21~22호 / 건성, 민감성 피부 ✨

🐤 총평
✔️ 젤리처럼 탱글탱글한 겔이 피부에 착 완벽 밀착돼서 들뜸 1도 없이 밀착력 최고에요! 씻고 나와서 붙여주면 피부 온도도 싹 내려가면서 즉각적으로 쿨링 진정돼요! 팩 떼어내면 끈적거림 없이 피부 결이 완전 보들보들 매끈해지고 은은한 수분 광채가 싹 돌아요!"
2026-07-27,A000000259786,63263556,2026.07.25,5,0,NORMAL, ,,,,0,1800.0,1,0,타민,"여름이라 마스크팩 시원하게 해서 자주 사용하게 되는데 넉넉히게 사용하려고 구매했어요!
시트팩과 겔팩을 합친 느낌이라고 해서 혹시나 붙이고 조금 지나면 금방 건조해지거나 끈적거리는게 아닐까 걱정했는데 걱정이 무색하게 너무 맘에 드네요!
정말 신기하게 붙일 때는 겔팩처럼 얼굴에 착 밀착이 되는데 사용하고 나면 시트만 남아요 ㅎㅎ
5분만 해도 물광이 가능하다고 해서 바쁠 때 짧게 사용하기에도 좋을 것 같은데 오래 붙여줘도 오래 촉촉해요!
저는 붙이고 머리 말리고 이것저것 하다보니 한 시간정도 붙여둔 거 같은데 겔이 얼굴에 다 흡수된 것 처럼 시트만 남는게 신기하면서도 오래 촉촉해서 좋았어요~
1일 1팩 해도 부담스럽지 않아 너무 만족스러워요!"
2026-07-27,A000000259786,63202092,2026.07.23,5,0,NORMAL, ,A03,B06,"C01,C03",0,1800.0,1,0,밤송이,"좋아요~
거의 한장에 1000원꼴인데 만족스러워요
1일1팩하기도 좋을것같아요
필름뗀면으로 붙이는게 에센스가 더 촉촉하게 많은느낌이예요 ㅋㅋㅋ
사실 필름떼기가 귀찮긴한데..
그래도 닿는느낌도 시원해서 앞으로도 자주 구매할것같아요 ㅎ"
2026-07-27,A000000262623,63291488,2026.07.26,5,0,NORMAL,유칼립투스 앤 민트 치약 105g,A01,B02,"C07,C08",0,300.0,1,0,미래소년코인,"유리잇몸이라 이닦을때마다 피범벅이되서 괴로웠음
이것저것 쓰다 와이프쓰던 루치펠로 순한맛 정착
오래쓰다보니 심심했는데 와이프가 아이스크림버전 
루치펠로 사와서 나름  재밋고맛잇게 썻다
신상떳길래 구매하고 후기까지달려본다
기존거는 좀텁텁했는데 엄청청량해
고불소도맘에들고 30분됫는데 아직도 쿨내진동함
치약이입안에서 열일하는 느낌? 써보면 무슨말인지 알거임
다른맛도있는거같은데 빨리써보고싶다능"
2026-07-27,A000000234422,62769364,2026.07.13,5,0,NORMAL,모이스트 기획(+팩브러쉬),,,,40,2550.0,1,1,apuar****,"요즘 피부가 푸석푸석하고 관리할 시간이 부족했는데 메노킨 버블팩은 시트를 붙일 필요 없이 바로 펌핑해서 바르니 너무 간편해요. 
한번 펌핑 하면 얼굴 전체에 사용할 만큼 양이 나오는데, 팩 브러쉬로 바르면 깔끔하고, 얇고 고르게 펴 바를 수 있어서 사용하기도 편하더라고요. 거품이 피부에 부드럽게 밀착되면서 금방 흡수되는 느낌이라 바쁜 아침이나 자기 전에 간단하게 관리하기 좋은데 특히 노워시팩이라 씻어낼 필요가 없어서 정말 편해요!! 
바르고 나서 다른 일을 하거나 바로 잠들어도 부담이 없었고, 끈적임도 심하지 않아 사용감도 좋네요. 
저녁에 듬뿍 바르고 자면 다음 날 아침 세안할 때 피부가 촉촉하고 매끈한 느낌이 들어서 만족하며 사용 중입니다. 
시간은 짧게 들지만 피부에 수분을 채워주는 느낌은 충분해서 데일리 보습팩으로 만족하며 사용 중이에요!"
2026-07-27,A000000234422,62766463,2026.07.13,5,0,NORMAL,모이스트 기획(+팩브러쉬),,,,40,2550.0,1,0,ghdalw****,"사용 시간이 30초 정도로 짧아서 바쁜 날에도 부담 없이 관리할 수 있어 꾸준히 쓰고 있어요
바르면 미세한 버블이 올라오면서 피부를 부드럽게 감싸주고, 사용 후에는 피부결이 매끈하고 촉촉해진 느낌이랄까?
세안 후 당김도 적고 피부가 한결 맑아 보여 만족합니다
함께들어잇는 팩 브러쉬도 위생적으로 사용할 수 있어 편하네요
이제 마스크팩은 필요없습니다!! 이 30초면 끝나는것을 ㅎㅎ
매일아침 화장전에 잘쓰고 있어요
확실히 사용하고 나면 화장이 더 잘먹더라구요
흡수력도 좋아서 아주 만족합니다!"
2026-07-27,A000000259560,62783864,2026.07.14,2,0,NORMAL,[기획] 허그미 + 미니 맥 미어,,,,10,5175.0,1,0,치즈CHEEz,"한 줄 미리 요약 : 극 쿨톤 아닌 이상 다른 플랫폼에서 싸게 사세요~~!!!

온라인에서 품절이어서 버스타고 재고 있는 매장 가서 사 왔어요! 근데 굳이 그럴 필요는 없는 제품인 것 같아요 ㅜㅜ 솔직히 이 컬러 사는 사람들은 뉴트럴 톤이나 웜톤 걸친 사람들일 것 같은데 증정품을 왜 그렇게 극 쿨쿨쿨한 색으로 주는 거임? 전에 백화점에서도 증정으로 그거만 주던데 그냥 짬처리 같음 .. 근데 “허그 미” 컬러 자체는 쌩얼에 혈색 주기도 좋고 무드 있는 메이크업에 쓰기도 좋은 컬러라 다른 플랫폼에서 싸게 사는 거 추천 드려요!1"
2026-07-27,A000000259560,62999138,2026.07.19,5,0,NORMAL,[기획] 허그미 + 미니 맥 미어,A05,B01,"C03,C04",7,5130.0,1,0,김도르,요즘에 맨날 틴트만 구매하다가 립스틱도 구매하고 싶어서 구매했어요. 색이 여리여리할 줄알았는데 생각보다 색이 진해서 조금 아쉬웠어요. 유통기한은 28년까지라서 적당했습니다. 평소 맥은 뻑뻑한데 이건 그래도 그거에 비하면 많이 부드러워진것 같습니다.
2026-07-27,A000000259560,63107061,2026.07.21,5,0,NORMAL,[기획] 셀아웃 + 미니 맥 루비우,A03,B06,"C01,C07",3,3300.0,1,0,진실만말해요,"❄️ 겨쿨딥,여름뮤트 22~23호

저에게 맞는 컬러는 아니지만 
베이스 립으로 쓰기 좋을것같아요!

미니로 받은 루비우는 
겨쿨 브라이트인 분들에게 찰떡일것같아요!

유통기한은 셀아웃은 넉넉했는데(첫번째 사진)
증정으로 주는 루비우가 유통기한이 짧았어요!(두번째 사진)"
2026-07-27,A000000259560,62446916,2026.07.07,5,0,NORMAL,[기획] 허그미 + 미니 맥 미어,,,,16,2610.0,1,0,v유니v,"계속 사고싶었는데 이번에 셀아웃 허그미 둘다 사봤어요!

역시 입술색이 있는 나는 셀아웃 바르니 발색이 연항 보라빛(?)ㅋㅋ쿸쿸ㅋㅋ 이 입술색이면 쿨톤으로 태어났었어야함

셀아웃 바르고 안 쪽이 루비우 바르니 이쁘깅 하던데
입술색 죽이고 바르면 더 존예일듯

허그미는 생각보다 진했어요!
모카무스 그 잡채

둘다 색은 겹치지 않는 유명템이니 잘 써보게씀다
가지고 있건 멀잇오버도 같이 찍었어유!"
2026-07-27,A000000259560,63167041,2026.07.23,5,0,NORMAL,땡스 잇츠 맥,A02,B04,"C02,C10",2,1800.0,0,0,홍블리174,"땡스 잇츠맥 사봤어요 왜 이렇게 유명한지 궁금했고 후기 사진들도 넘쳐났어요 집에 맥이 30개가 넘는데도 궁금해서 또 사요
오특이라 후기에 전적으로 의존하며 샀어요 
전 여쿨라라 브라운 립이 왠만하면 안어울려요 ㅋㅋ
후기에 모카브라운이다 웜톤컬러다 할때 얼마나 조마조마했는지  또 버리는 컬러사들이는건  아닐까하며...
결론은 웜쿨 안가리는 색이네요 
브라운 한 두 방울있지만 누드핑크에 은펄이 밝은 회끼를 만들어주면서 분위기 있는 누디 mlbb 플럼  색상도 나오네요 뭔가 오묘해여 핑크도 베이지도 mlbb도 플럼도 아닌데 이 모든게 다 들어간거같아요ㅋㅋ사람들이 좋다고 하는데는 다 이유가 있네요! 스모키에도 생얼에도 다 잘어울릴듯합니다 
왜 땡스잇츠맥이 유명한지 이제야 알았어요 얼굴톤 안가릴  그런색입니다 
전 이 컬러 합격이요
한동안 제 파우치에 오래 머물듯 합니다"
2026-07-27,A000000259560,63119716,2026.07.21,5,0,NORMAL,셀아웃,A03,B04,"C04,C06",4,1476.0,1,0,lily****,너무예뻐요 진짜 너무예뻐요 라이트톤이면 발색이라도 제발 한번 해봐주세요 진짜 존예에요
2026-07-27,A000000259560,63205309,2026.07.24,3,0,NORMAL,땡스 잇츠 맥,,,,3,1116.0,0,0,h2lvjs,올영픽인데 할인 안하는 거 처음 봄 제품은 괜찮은데 원래 입술색 진하면 바른 티 잘 안남
2026-07-27,A000000259560,63281685,2026.07.25,3,0,NORMAL,땡스 잇츠 맥,A02,B02,"C02,C04",0,900.0,1,0,잠자는푸오,"실제로 발색해보니 색이 제가 생각하던 색상이 아님.. 제 입술색이랑 같아서 색이 잘 안 보여요 쓰려면 입술색 죽이고 잘 발라야 할 듯? 제형은 촉촉하다거나 매트하거나 그런 것도 아닌 중간 그리고 바람 불 때 틴트나 글로스나 립밤 이런 거 바르면 머리카락에 끈적하게 묻는데, 이건 끈적하지 않아서 묻지 않아요 바른 느낌이 없어요 무겁지 않습니다. 근데 반짝이가 있는데 이거 바르고 거울 보니 글리터 때문에 인중이나 입 주변에 묻어서 막 번쩍거려요 턱까지도 날아가네요"
2026-07-27,A000000259560,63126757,2026.07.22,5,0,NORMAL,[기획] 셀아웃 + 미니 맥 루비우,A06,B04,"C03,C04",2,792.0,0,0,봄여름페일,맥 매트 립스틱 쓰다가 이거 쓰니까 너무 발람성 부드럽고 좋네요.. 그리고 봄페일~라이트인데 쿨톤 분홍을 바르면 너무 떠서 늘 고민이었는데 셀아웃 딱이에요.. 웜톤도 쓸 수 있는 쿨톤핑크라니… 갓벽합니다.
2026-07-27,A000000259560,63111932,2026.07.21,4,0,NORMAL,[기획] 셀아웃 + 미니 맥 루비우,,,,1,756.0,1,0,깊은산속정샘물,기획 좋게 저렴하게 구매하였어요!! 컬러도 자연스러워서 좋아요❤️
2026-07-27,A000000259560,62223285,2026.07.02,4,0,NORMAL,[기획] 셀아웃 + 미니 맥 루비우,,,,3,744.0,1,0,sols,"순서대로 시럽-셀아웃-루비우 컬러입니다
사진이 웜하게 찍혀서 실제 발색은 더 쿨하게 올라와요
셀아웃은 여쿨보다는 핑잘봄한테 어울릴 것 같은 색이에요"
2026-07-27,A000000259560,63065728,2026.07.20,5,0,NORMAL,[기획] 셀아웃 + 미니 맥 루비우,,,,0,660.0,1,0,wlsdudrl3,"허그미와 고민하다가 셀아웃으로 주문했는데 쿨톤에 잘맞는것같아요 누드핑크 미니미는 진한핑크! 마음에 들어요
하도 난리길래 궁금해서 지른ㅎㅎ 립스틱이라 오래가지는 못하지만 오랜만에 기분전환으로 샀어요"
2026-07-27,A000000259560,62151218,2026.07.01,5,0,OFFLINE,[기획] 셀아웃 + 미니 맥 루비우,,,,3,630.0,1,0,하늘바라기1,와!  딴거 사러 갔다가 요거 테스트 해보고 홀린 듯이 집어왔어요 여리여리한 색상에 발색도 잘되고 촉촉해요 광택도 좋고 너무 맘에 들어요
2026-07-27,A000000259560,62815982,2026.07.14,5,0,NORMAL,거미 배어,A01,B03,"C04,C05",1,594.0,0,0,초코아줌마,공홈 색상이 너무 핑크하서 고민햇는데 바르니까 얼굴색 밝혀주고 예쁘네요 ㅜㅠㅎㅎ
2026-07-27,A000000259560,62743886,2026.07.13,5,0,NORMAL,웰 웰 웰,A04,B03,"C08,C10",1,594.0,0,0,본예이,"엄청 부드럽게 발리고 컬러도 선명하게 발색돼요!! 
웰웰웰 살지 셀아웃 기획 살지 고민했으나 
셀아웃은 살짝 핑크빛이 더 도는 베이지컬러고 웰웰웰은 코랄베이지여서 웰웰웰로 택했습니당"
2026-07-27,A000000259560,62704667,2026.07.12,5,0,NORMAL,[기획] 셀아웃 + 미니 맥 루비우,A02,B01,"C01,C02",0,594.0,1,0,ddorothy,"셀아웃 발림이좋고색은 연어색?살몬
루비우랑같이바르니이쁘네요
맥은립스틱믿고구매해요~~"
2026-07-27,A000000259560,62334781,2026.07.05,5,0,OFFLINE,[기획] 허그미 + 미니 맥 미어,A02,B04,"C01,C04",0,540.0,1,0,진짜이것까지만산다,"맥 립스틱은 말해 뭐해...!!

달콤한 초콜릿 냄새와 함께 허그미라는 이름에 맞게 정말 폭닥폭닥한 색감이더라고요

입술이 건조해서 매트하면 못바르는데 이 제품은 촉촉해서 잘발리고 딱 고급스러운 느낌이라서 일할 때 바르면 딱이예요!

사실 지속력은 밥 먹으면 지워지긴 하는데... 위에 글로스 발라주면 예쁘게 연출할 수 있어서 강추해용"
2026-07-27,A000000259560,62199125,2026.07.02,5,0,NORMAL,[기획] 허그미 + 미니 맥 미어,A07,B02,"C02,C05",2,540.0,1,0,꾸니엄마,"허그미 ! 유명한데 매트라서 안 삿엇는데 촉촉버전으로 나와서 구매햇어요 
자연스러운 생기만 생겨서 은은하니 너무 예빠요
나름 유지도 오래되고 잘 사용할 거 같아요 
할인 받아서 저렴하게 구매했어요 올영에서도 백화점 브랜드 저렴하게 구매 가능헤서 좋네요"
2026-07-27,A000000259560,62446683,2026.07.07,5,0,NORMAL,[기획] 셀아웃 + 미니 맥 루비우,,,,2,450.0,1,0,v유니v,"계속 사고싶었는데 이번에 셀아웃 허그미 둘다 사봤어요!

역시 입술색이 있는 나는 셀아웃 바르니 발색이 연항 보라빛(?)ㅋㅋ쿸쿸ㅋㅋ 이 입술색이면 쿨톤으로 태어났었어야함

셀아웃 바르고 안 쪽이 루비우 바르니 이쁘깅 하던데
입술색 죽이고 바르면 더 존예일듯

허그미는 생각보다 진했어요!

둘다 색은 겹치지 않는 유명템이니 잘 써보게씀다
가지고 있건 멀잇오버도 같이 찍었어유!"
2026-07-27,A000000259560,62805631,2026.07.14,3,0,NORMAL,[기획] 허그미 + 미니 맥 미어,,,,3,405.0,1,0,pi****,"음...상품 페이지 발색샷 사진이랑 전혀 달라요
그냥 제 입술색이랑 같아서 난감ㅜㅜ
씨쉬어도 그래요.. 
손은 씨쉬어가 더 잘가요
허그미는 입술색 죽이고 발라야할거 같구...
갈색빛이라 가을에 발라야하나 고민...
미어는 팥죽색이에요 쿨톤에게 어울리겠어요
미니하니 휴대성 좋은거 같아요
그냥 맥은 매장에서 직접 발색하고 사야겠어요
발림성은 촉촉해서 입술 건조할때 바르기 좋아요
각질 부각없이 굿입니다"
2026-07-27,A000000259560,63113090,2026.07.21,5,0,NORMAL,허그미,A04,B03,,1,400.0,1,0,냐냐냥냐냐냥,색감 ㅁㅊ다… 너무예쁜 핑크베이지색이에요…. 와 그냥 너무예뽀요… 우와…. 인생립 갱신했습니다…. 맨입술에 바로 바르면 살짝 퍼석하고 답답한 느낌이 있는데 립밥같이 촉촉한걸 먼저 바르고 위에 얹으면 진짜 개 고능한 입술이 댑니다… 허그미 닉값지리네요 그냥 꼬옥안아줘야돼
2026-07-27,A000000259560,63165803,2026.07.23,5,0,NORMAL,노 포토스,,,,0,396.0,1,0,김나연,빠른 배송 감사합니다＼(^_^)／ 아주 만족해요＼(^_^)／
2026-07-27,A000000259560,63114241,2026.07.21,5,0,NORMAL,[기획] 셀아웃 + 미니 맥 루비우,,,,1,396.0,0,0,콩나물밥국,친구 생일선물로 사줬는데 색이 참 예뻐서 좋아오 굿굿 저도 하나사고싶네여
2026-07-27,A000000259560,62425720,2026.07.06,5,0,NORMAL,[기획] 셀아웃 + 미니 맥 루비우,A03,,,0,396.0,1,0,Jamongsoda,자연스러운 핑크베이지 컬레예요. 베이스를 잘 깔아주면 엘라같이 연출 될 것 같아요. 가격 저렴하게 구매했어요. xoxo랑 잘 어울릴 듯.
2026-07-27,A000000259560,63342254,2026.07.27,5,0,NORMAL,[기획] 셀아웃 + 미니 맥 루비우,,,,0,360.0,1,0,앙꼬유류,"토끼혀 립? 혈색 도는 베이비 핑크, 무화과 립 같은 색 찾다가 셀아웃 손등 발색해보고 맘에 들어서 샀는데 입술에 바르니 생각보다 색이 잘 안 올라오네요ㅠㅠ
바르면 입술이 살짝 땡기는 느낌도 있어요..
그래도 기획으로 저렴하게 구매해서 만족합니다!"
2026-07-27,A000000259560,62156811,2026.07.01,5,0,NORMAL,[기획] 허그미 + 미니 맥 미어,,,,3,330.0,1,0,하늘바라기1,너무 예뻐요 약간 톤 다운된 베이지 바탕에 은은한 장미빛이랑 브라운이 섞인 느낌이랄까.. 입술에 착 밀착 잘 되고 촉촉해요 광택도 좋고 완전 잘 사용할 것 같아요
2026-07-27,A000000259560,62242148,2026.07.03,5,0,NORMAL,[기획] 허그미 + 미니 맥 미어,A02,B03,,2,310.0,1,0,코스메덕후,허그미계속품절이라다른거살까했더니올영에서미니립스틱까지추가증정이라바로구입했네요.왼쪽이미어.오른쪽이허그미입니다.발림성버터리하게쓱잘발리고발색도잘되요.이쁩니다.
2026-07-27,A000000259560,63117548,2026.07.21,5,0,NORMAL,얼론타임,A03,B05,"C02,C06",0,300.0,0,0,picklog,"✨ 얼론타임 컬러가 차분한 분위기라 평소 데일리 립으로 사용하기 딱 좋았어요. 너무 탁하거나 무겁지 않고 은은하게 분위기를 살려줘서 어떤 메이크업에도 잘 어울리더라고요. 촉촉하게 미끄러지듯 발리면서 입술에 얇게 밀착돼서 바르는 느낌도 정말 편했어요.

✔️ 러스터글래스 라인답게 자연스러운 윤기가 돌아 입술이 한층 탱글해 보였고, 시간이 지나도 각질 부각이 심하지 않아서 만족했어요. 한 번 발라서는 자연스럽게, 여러 번 덧바르면 조금 더 분위기 있는 립으로 연출돼서 활용도가 높더라고요. 데일리로 부담 없이 사용할 MLBB 계열 립을 찾는다면 손이 자주 갈 제품인 것 같아요."
2026-07-27,A000000259560,63117540,2026.07.21,5,0,NORMAL,땡스 잇츠 맥,A03,B05,"C02,C06",0,300.0,0,0,picklog,"✨ 땡스 잇츠 맥 컬러는 너무 진하지 않으면서도 분위기를 살려줘서 데일리로 정말 손이 자주 가더라고요. 한 번 바르면 은은하게 생기를 더해주고, 여러 번 덧바르면 색감이 자연스럽게 깊어져서 메이크업에 맞게 조절하기도 쉬웠어요. 촉촉하게 발리면서 입술에 얇게 밀착되는 느낌이라 사용감도 만족스러웠어요.

✔️ 러스터글래스 라인답게 은은한 광택이 돌아 입술이 건조해 보이지 않았고, 각질 부각도 심하지 않은 편이었어요. 부담 없는 컬러라 출근이나 학교 갈 때도 자주 사용하게 되더라고요. 데일리 립으로 하나쯤 가지고 있으면 계절 상관없이 활용하기 좋은 컬러인 것 같아요."
2026-07-27,A000000259560,63117535,2026.07.21,5,0,NORMAL,[기획] 허그미 + 미니 맥 미어,A03,B05,"C02,C06",0,300.0,0,0,picklog,"✨ 허그미 컬러가 워낙 유명해서 사용해봤는데 왜 데일리 립으로 많이 추천하는지 알겠더라고요. 입술에 바르면 자연스럽게 혈색을 살려주는 누드 핑크 계열이라 진한 메이크업은 물론 가벼운 화장에도 잘 어울렸어요. 러스터글래스 라인답게 촉촉하게 발리면서 은은한 광택이 돌아 입술이 더 예뻐 보였어요.

✔️ 여러 번 덧발라도 뭉치거나 답답한 느낌이 없었고, 시간이 지나도 입술이 건조하게 느껴지지 않아서 만족했어요. 생얼에 가볍게 발라도 부담 없고, 다른 립이랑 레이어드하기도 좋아서 활용도가 높더라고요. 같이 들어 있는 미니 립도 휴대하기 편해서 수정용으로 들고 다니기 좋았어요. 데일리 립 하나 찾는다면 손이 자주 갈 제품인 것 같아요."
2026-07-27,A000000205485,63262388,2026.07.25,5,0,NORMAL,[NEW/정식출시] N21 핑크모브쇼킹,,,,4,3672.0,1,0,빵빵앙옥지양,핑크뮤 쇼킹 나왔을 때 이 악 물고 외면하면서 구매 안했었는데… 재출시할 정도면 말 다한거라고 생각해서 구매했어요 여름만 되면 쇼킹립을 엄청 사게 되네요 ㅋㅋ
2026-07-27,A000000259066,62408617,2026.07.06,5,0,NORMAL, ,A03,B05,"C04,C06",4,1620.0,1,0,이미피,"✨미피덕후라 핸드타올 증정이 일단 눈이 갔고, 평소 클렌징젤도 대용량으로 두고 쓰는 편이라 아벤느 클리낭스 클렌징젤 구매했어요. 미피 좋아하면 패키지랑 증정품 너무 마음에 드실거예요 .ㅎㅎ 핸드타올이 특히 귀여워서 실사용하기도 좋았어요.

😁장점

젤 타입이라 손에 덜었을 때 무겁지 않고, 물을 묻혀 문지르면 거품이 부드럽게 나는 편이에요. 세안 후에는 미끌거림이 오래 남기보다는 깔끔하게 씻기는 느낌이라 여름에 쓰기 좋았어요.

특히 지성이나 복합성 피부가 더 잘 쓸 것 같아요. 피지나 유분이 신경 쓰이는 날에도 너무 뽀득하게 당기는 느낌보다는 산뜻하게 마무리돼서 부담이 덜했어요. 순한 편이라 매일 쓰기에도 괜찮았고, 400ml 2개 구성이라 욕실에 두고 넉넉하게 쓰기 좋았어요.

여름철에는 얼굴뿐 아니라 등이나 가슴처럼 땀·유분이 신경 쓰이는 부위에 바디용으로 써도 괜찮을 것 같아요. 대용량이라 그런 용도로 쓰기에도 덜 아깝더라고요.

🥹아쉬운 점

건성 피부가 쓰기에는 계절이나 피부 컨디션에 따라 살짝 건조하게 느껴질 수 있어요. 세안 후 건조함이 걱정되는 분들은 보습을 바로 챙기는 게 좋을 것 같아요. 그리고 진한 메이크업까지 한 번에 지우는 제품이라기보다는, 아침 세안이나 2차 세안용에 더 잘 맞는 느낌이에요.

🍀이런 분들께 추천해요

- 지성·복합성 피부용 클렌징젤을 찾는 분
- 여름에 산뜻한 세안감을 좋아하는 분
- 대용량 클렌저를 넉넉하게 쓰고 싶은 분
- 얼굴과 바디에 같이 쓸 수 있는 젤 클렌저가 필요한 분
- 미피 증정품까지 귀엽게 챙기고 싶은 분🐰"
2026-07-27,A000000259066,62583997,2026.07.09,5,0,NORMAL, ,A03,B01,"C02,C04",1,1260.0,1,0,안눙,"자극 없이 순해서 정착한 정착템!
민감성 피부라 세안제 고를 때 까다로운편인데, 
역시 아벤느예요. 
거품도 부드럽게 잘 나고 세안 후에도 피부가 당기지 않고 촉촉함이 남아있어서 너무 좋아요. 
유수분 밸런스를 잘 잡아주는 느낌이라 아침 세안용으로도 부담 없고, 데일리로 쓰기 딱입니다. 
피부도 많이 진정됐어요. 
다 쓰면 무조건 재구매할 예정입니다!"
2026-07-27,A000000259066,62375429,2026.07.05,5,0,NORMAL, ,A03,B01,C05,1,756.0,1,0,졔졔졔졔졔,오.. 너무 좋아요.. 바이오더* 제품꺼 보다 더 좋은거 같아요 써보면 알아요
2026-07-27,A000000259066,62893825,2026.07.16,5,0,NORMAL,리뉴얼 용기 (성분 동일),A03,B03,"C01,C09",0,495.0,1,0,언제나올영,"대용량이라 좋아요 
보득하면서도 자극없어서 좋운데 거품내는데 오래 걸리긴해서 물로 헹궁면서 세안하게되더라구요 
구래서 아침 새안으로 주로 사용합니자"
2026-07-27,A000000259066,63298943,2026.07.26,5,0,NORMAL, ,,,,0,396.0,1,0,네롤롤리,"미피핸드타올 대졸귀! 사이즈 너무 좋구요
 잘 마르고 실용성도 좋아서 매일 들고 다닙니다
젤도 너무 좋아요 샤워할때 그냥 얼굴부터 발까지 씻어버려요. 적당히 촉촉하면서 잘 씻겨서 너무 좋아요. 온가족이 쓰기 좋아요 대만족 😸"
2026-07-27,A000000259066,62780719,2026.07.14,5,0,NORMAL, ,,,,0,396.0,1,0,모카연두,라방을 놓쳐서 키링은 못 받았지만 제품은 만족합니다 여름에 샤워 자주 하니까 지성 피부라도 약산성 클렌저를 많이 쓰게 되네요
2026-07-27,A000000259066,62190700,2026.07.02,5,0,NORMAL,리뉴얼 용기 (성분 동일),,,,0,396.0,1,0,러블리럽,"여드름피부라 여러개써보다
이걸루정착했어요 순하고 부드럽고 새한이 잘 돼요. 제일 형태 타입이라 뭐라고 말씀 하면 거품이 생겨서 세정이 잘 됩니다."
2026-07-27,A000000259066,60658143,2026.06.02,5,0,NORMAL,리뉴얼 용기 (성분 동일),,,,3,378.0,1,1,에겐숭이,거의 10통째 쓰고 있어용 극 예민 피부인데 이거 쓰면 좋아요~
2026-07-27,A000000259066,62283153,2026.07.04,4,0,NORMAL, ,A03,B02,"C01,C02",0,360.0,1,0,nami****,"클렌징 제품 찾다가 보게 되었는데 오히려 바디워시로 더 잘쓰여요~
아벤느 클리낭스 클렌징 젤은 샤워하면서 머리부터 발끝까지 후다닥 씻기 너무 편하고 좋아용~
얼굴은 복합성인데 바디는 건성이라 바디워시는 잘 안썼는데 뭔가를 써야되긴한데 요제품 써보니 자극없이 바디도 씻을수있어 너무좋아요!"
2026-07-27,A000000259066,62346401,2026.07.05,5,0,OFFLINE, ,A03,B03,C02,0,330.0,1,0,마리니113,"아벤느 브랜드 신뢰가 되고 요즘 피부가 더 건조한듯하여
배스용으로 사용합니다. 
1+1제품과 가격할인으로 저렴히 사용하고 있습니다."
2026-07-27,A000000259066,63299013,2026.07.26,4,0,NORMAL, ,,,,0,264.0,1,0,뽀통령,예전부터 계속 쓰던 제품이고 진짜 쓸모없는 미피 사은품 보다는 다른 아벤느 제품 샘플이라던지 샘플 서비스가 낫겠다.  쓸때없는거 왜만드는지 모르겠음.
2026-07-27,A000000259066,62667376,2026.07.11,5,0,NORMAL, ,A01,,,0,264.0,1,0,뽁쭈구리,원래도 전부터 썼던 제품이라 아벤느의 향은 알고있었네요 ㅎㅎ
2026-07-27,A000000259066,62154445,2026.07.01,5,0,NORMAL,리뉴얼 용기 (성분 동일),A06,B05,"C01,C02",0,264.0,1,0,축구도성공피부도성공,"진짜 장벽 무너져 있었을 때 자극 없이 좋은 것 같고
일단 화장하고나서 2차세안으로도 너무 잘 지워지는 거 같고
이것도 지인한테 추천 했는데 지인도 좋다고 재구매 하셧음
전 원래 통이 큰 편이라 기획으로 쟁이는 편인데 너무 만족"
2026-07-27,A000000259066,62510504,2026.07.08,5,0,NORMAL, ,A03,B04,"C01,C05",0,198.0,1,0,precar****,N통째 n구매중인 아이템이구 아침세안마다 한펌프씩 짜서 쓰고있어요 ! 미피 좋아하는데 이기회에 실컷 쟁여놓을수있어서 넘 조으네용 이런거 자쥬해주세요 ~
2026-07-27,A000000259066,60620597,2026.06.02,4,0,NORMAL,리뉴얼 용기 (성분 동일),,,,1,198.0,1,0,러블리럽,"항상 이것만써요 클렌징 워도도 아벤느 향도좋고
세정력이좋아요"
2026-07-27,A000000259066,62914894,2026.07.17,5,0,OFFLINE, ,,,,0,180.0,1,0,진뿌삣,"세안 후에도 피부가 당기지 않고 깔끔하게 세정돼서 만족하고 있어요. 거품도 부드럽고 사용감이 좋아 데일리 클렌저로 딱입니다. 사은품으로 받은 미피 세안밴드가 너무 귀여워서 바로 구매했는데, 실제로 착용감도 편하고 세안할 때 정말 잘 사용하고 있어요. 제품도 만족스럽고 미피 덕분에 세안 시간이 더 즐거워졌어요! 🐰💙"
2026-07-27,A000000259066,62656582,2026.07.11,5,0,OFFLINE,리뉴얼 용기 (성분 동일),A06,B01,C05,0,180.0,0,0,올영올령올령,"한 달 정도 꾸준히 사용해 보니 세안 후에도 피부가 당기는 느낌이 적어 편안하게 사용할 수 있었습니다. 거품이 부드럽고 노폐물과 유분을 깔끔하게 세정해 주는 느낌이었으며, 데일리 클렌저로 부담 없이 사용하기 좋았습니다. 전반적으로 사용감이 순하고 만족스러운 클렌징 제품입니다."
2026-07-27,A000000259066,61509595,2026.06.16,5,0,NORMAL,리뉴얼 용기 (성분 동일),A01,,C09,2,180.0,1,0,나이키케틀벨,"여름만 되면 유분 폭발하는 수부지 피부라 클렌저 유목민이었는데 이거 쓰고 광명 찾음ㅋㅋㅋ 아벤느 클리낭스 클렌징 젤인데 진짜 순하고 좋아.

역시 아벤느 제품이라 그런지 예민보스인 내 피부에도 자극적인 느낌 1도 없고 되게 편안함. 화해랑 글로우픽에서 왜 위너 먹었는지 직접 써보니까 단번에 이해 가는 부분ㅋㅋㅋ"
2026-07-27,A000000259066,60863481,2026.06.04,5,0,NORMAL,리뉴얼 용기 (성분 동일),A03,B06,"C01,C02",1,180.0,1,0,쟝아,예민하고 유분 많은 피부라 구매했는데 사용감이 순하고 정말 깔끔했어요 세안 후에 개운한 느낌은 있는데 피부가 땅기지 않아서 좋았고 거품도 풍성하게 잘 나서 소량만 사용해도 충분했어요 특히 아침 세안용으로 사용하기 좋았고 꾸준히 사용하니 피부가 전보다 산뜻하게 유지되는 느낌이 들었어요 대용량이라 오래 사용할 수 있고 더블 기획이라 가성비도 만족스러웠어요 지성이나 복합성 피부인 분들에게 추천!
2026-07-27,A000000259066,63051678,2026.07.20,2,0,NORMAL, ,,,,0,176.0,1,0,최예진,"피이지랑 안좋은 성분 몇가지 들어있어서 그런지
여드름 더 심해졌어요ㅜ"
2026-07-27,A000000259066,62260691,2026.07.03,5,0,OFFLINE, ,,,,0,150.0,0,0,도범잉,"페이스랑 바디에 쓸 수 있다고 하는데 저는 바디에만 쓰고 있어요!
거품이 좀 덜 나기는 하는데 쓰고 나서 몸 간지러움이 없어져서 너무 만족하지만 냄새는 취향이 아니긴해서 도브 바디워시랑  살짝 섞어서 쓰고 있어요
모곡강화증이 있는데 조금은 개선이 있어보이나 아직 좀 미미해서 좀 더 써봐야 할꺼같아요! 그래도 만족하고 쓰고 있고 같이 주는 미피 핸드타올도 너무너무  귀여워요!"
2026-07-27,A000000259066,62690859,2026.07.12,5,0,NORMAL, ,,,,0,132.0,1,0,원국이,멜라니 핸드타올이 너무너무 갖고싶어서 삼...진짜 귀여워ㅜㅜ
2026-07-27,A000000259066,62250497,2026.07.03,5,0,NORMAL, ,,,,0,132.0,1,0,숑이거니맘,"오늘 드림으로 잘 받았어요
ㅎ사은품도 만족해요
굿굿 
향 제 취저에요
양은 적어도
케이스도 맘에들고
제형도 만족합니다 
재주문의사 있어요
굿굿"
2026-07-27,A000000259066,60429803,2026.05.31,5,0,NORMAL,리뉴얼 용기 (성분 동일),A03,B03,"C03,C09",1,132.0,1,0,journey,아침 세안용으로 구매했어요. 순해서 아침에 사용하기에 부담이 없어요.
2026-07-27,A000000259066,62793573,2026.07.14,5,0,OFFLINE,리뉴얼 용기 (성분 동일),,,,0,126.0,1,1,nte****,"손,얼굴,몸까지 올인원으로 쓰는지라 항상 2개 묶음 할인을 애타게 기다리는데요.저번엔 행사를 놓쳐서 1개 잘 쓰다가 바닥이 보여서 샴푸,린스도 살겸 들렀더니 행사중이라 너무 반갑게 담아왔네요~ 너무 좋아요!!"
2026-07-27,A000000259066,63202129,2026.07.23,5,0,OFFLINE, ,,,,0,120.0,1,0,jung****,지성이고 아침에는 클렌징 젤 하면 좋다길래 늘 클렌징 폼만 쓰다가 한 번 도전해봤어요 아침에 자고 일어나면 항상 기름 잔뜩 낀 얼굴인데 클렌징 젤로 닦아주니까 기름도 잘 없애주고 그렇다고 너무 자극적이거나 뽀득거리지 않아서 딱이에요 지성분들 추천합니당 1+1이라 좋아요! 미피도 넘 귀엽 ㅎㅎ
2026-07-27,A000000259066,63087744,2026.07.21,5,0,OFFLINE, ,,,,0,120.0,1,0,silve****,"이거 100ml 사은품 쓰고 얼굴, 몸 트러블 사라진 거 보고 바로 400ml  두개 질렀습니다. 아침 저녁으로 메이크업 전이나 후에 사용하기 좋고 아이브로우 마스카라는 폼으로 여러번 문질러도 한번에 지우기 힘든데 이건 한번에 말끔하게 지워져요 그리고 가슴쪽에 가끔 울긋불긋 올라오는데 이거 사용하면 바로 말끔해져서 놀랐네요 내 나이 29.. 이제야 정착템 찾은 것 같아요 미피도 보기보다 톡톡해요"
2026-07-27,A000000259066,62921615,2026.07.17,5,0,NORMAL, ,,,,0,90.0,1,0,oooo****,"미피타월때문에 구입했는데 생각보다 마음에 들어요! 소량으로도 거품 잘 나고 세정력도 좋아요
무엇보다 세안후 당김이 없는게 만족스럽습니다
단점으로는
아빠들 스킨,향수 냄새나요.. 생각보다 향 지속력도 길어서 이부분은 아쉽습니다"
2026-07-27,A000000259066,62449299,2026.07.07,5,0,NORMAL, ,,,,0,90.0,1,0,wlsv****,"예전부터 쟁여두던 상품인데 이번에 미피와 콜라보해서 구매를 안할 수 없더라구요. 미피키링도 귀엽고 미피타올도 귀여워요 특히 구운미피라서 더 귀엽습니다. 
아벤느 이전에 세일할때도 구매해서 쟁여뒀는데 이번에도 쟁여둬서 1년이상 구매없이 사용 할 수 있겠습니다🥹 

지성에 가까운 복합성 피부인데 예민하기도 하고 아침 저녁으로 세안하고 있습니다. 확실히 피부가 좋아졌다는 말 많이 들어서 다시 돌아오길 잘했다는 생각이 들어요!"
2026-07-27,A000000259066,62399476,2026.07.06,5,0,NORMAL, ,A03,B04,"C01,C02",0,90.0,0,0,gee****,"벌써 n통째 사용중인 아벤느 클렌징 제품이이에요! 저는 항상 메이크업시 2차 세안이나 화장안한날은 이 제품만 써서 클렌징 마무리 해주고, 약산성젤이라 저처럼 민감한 트러블성 피부가 사용하기에 좋아요! 아벤느 특유의 향때문에 호불호는 있을 수 있지만 제품력은 아주 좋습니다."
2026-07-27,A000000222698,62763797,2026.07.13,5,0,NORMAL, ,A03,B03,"C04,C09",27,3372.0,1,0,졸리야졸려,"4통째꾸준히 구매중입니다
주름관리에 좋다고햐서 꾸준히 바르는중이고
할인할때ㅜ쟁여둬요 또규매애햐겟어요"
2026-07-27,A000000222698,63187142,2026.07.23,5,0,NORMAL, ,,,,27,2248.0,1,1,kibar****,피부트러블이 있어서 성분좋은 제품 찾다가 피부에 잘맞는 제품 발견하고   여러번째 구매해서 사용중입니다
2026-07-27,A000000222698,63312581,2026.07.26,5,0,NORMAL, ,A03,B02,"C02,C03",0,792.0,1,1,Rodddddl,배송빠르고 제품도 마음에 들어요 배송빠르고 제품도 마음에 들어요
2026-07-27,A000000211119,63264658,2026.07.25,1,0,NORMAL,[마스크 2매 증정] 40ml+40ml,A02,B03,"C04,C10",2,900.0,0,0,missg****,에센셜 오일 향료 및 실리콘 성분이 많아 모공을 막고 트러블이 발생합니다. 웬만하면 뭐 안나는데 모공막는 제품은 무조건 뭐 나거든요. 이거 쓰고 짤수없는 붉은 염증성 트러블이 심하게 여러개 생겨서 약 사다바르고 순한 제품위주로 가볍게 보습만 하고 며칠 지내니까 가라앉았어요. . 참고하세요.
2026-07-27,A000000211119,63138327,2026.07.22,5,0,NORMAL,40+40ml,A03,B02,,1,792.0,0,0,서작가,일단 예민한 피부라 아무거나 못쓰는데 크게 트러블 없이 잘 쓰고 있어요. 흔적에 도움이 되는건 사실 잘 모르겠어요. 살짝 끈적임 있습니다.
2026-07-27,A000000258200,62123502,2026.07.01,1,0,NORMAL,03 비너스 핑크 바이 뮤,,,,38,10476.0,0,0,김파도,매우 아쉽습니다… 그냥 바이럴을 잘한 것 같아요. 발색 매우 약하고 색 안 쌓이고…
2026-07-27,A000000258200,62883346,2026.07.16,3,0,NORMAL,02 머큐리 그레이 바이 뮤,A07,B06,"C01,C02",10,5670.0,1,0,외우러,"생각보다 파우치 작음 옆으로 넓은 줄 알았는데 작은데 넓게 펼쳐지는..? 스타일..? 큼 조금 아쉬움
그리고 섀도우도 아쉬움
발색이 진짜 생각보다 약함 아래 진한 컬러만 발색 잘 되고
왼쪽 블러셔? 부분이랑 하라 부분 너무 발색 약함 ㅠ
너무 기대한 탓일까,,...ㅋ
하나 더 사려다가 일단 지갑 지킬게요"
2026-07-27,A000000258200,63288033,2026.07.26,2,0,NORMAL,02 머큐리 그레이 바이 뮤,A03,B01,C02,6,3960.0,1,0,송죽매,"☆팁토우 워시 터치 아이 팔레트
한 달 후기☆

​팁토우 위시 터치 아이 팔레트, 02호 머큐리 그레이 바이뮤 그리고 5호 블루토베리 제품을 직접 구매하고 (05 블루토베리는 리뷰 선착순 이벤트로 받은 상품입니다.) 
한 달 동안 매일 사용한 상태 그대로 적습니다. 
아이섀도우 제품 발색이 잘 보이게 하기 위해 사진 촬영시 다소 어둡게 하여 촬영 하였음을 알립니다.

이 리뷰는 소비자의 알 권리차원에서 적는 리뷰이며,
업체를 비방할 목적과 의도가 없음을 밝히며
제 개인적 경험을 바탕으로 적는 솔직 리뷰입니다.

​별 모양의 컨셉도 좋고 디자인도 예쁘지만, 투명 커버가 약간의 두께가 있는 디자인이다 보니 잔기스가 쉽게 생기고 무게감이 조금 있습니다. 또한 전체적인 내구성이 약해서 오래 사용하기 힘든 아이섀도우입니다.

​뮤 메이크업 아티스트가 같이 만든 제품들 가운데 1호부터 3호까지는 아이섀도우 질이 그래도 괜찮은 편입니다. 

특히 제가 잘 쓰는 2호 머큐리 그레이 바이뮤 같은 경우, 손등에 직접 칠해보면 알 수 있듯 텍스처가 무척 부드럽고 밀착력이 뛰어나서 눈가에도 착 감기듯 스며듭니다. 

펄감이나 가루 날림 면에서도 큰 불만 없이 무난하게 화장을 끝마칠 수 있어서 처음에는 만족하며 썼습니다.

​하지만 이런 경험을 믿고 다른 호수, 특히 5호 블루토베리를 써보고 나서 브랜드 자체에 대한 신뢰가 바닥을 쳤습니다.

 다른 사람들의 후기에서 발색이 안 된다는 평이 많아도 설마 했는데, 직접 겪어보니 그 이상으로 가관입니다. 

5가지 색상 중에서 딱 2개만 겨우 색이 올라오고, 나머지는 브러쉬에 잔뜩 묻혀서 문질러도 색감이 전혀 안 나오며 겉돌기만 합니다. 
첨부한 05블루토베리 발색 사진만 봐도
알 수 있습니다.

가루 날림도 엄청나서 제가 잘 쓰던 2호랑은 도저히 같은 브랜드 제품이라고 볼 수 없을 정도로 품질 차이가 극명합니다. 

이렇게 호수마다 편차가 심하면 사서 쓸 때마다 매번 당황스러울 수밖에 없습니다.

​제품 품질에서 오는 짜증도 문제지만, 브랜드의 소통 방식 때문에 겪은 스트레스가 훨씬 큽니다. 

전화로 바로 통화할 수 있는 콜센터가 아예 없고 무조건 카카오톡 상담이나 문의 게시판으로만 소통해야 합니다. 

글로 주고받다 보니 상담하는 직원들이 고객의 말을 제대로 이해하지 못하고 엉뚱하게 왜곡하거나 오해하는 일이 빈번합니다. 

문의 게시판에 남긴 글을 대하는 태도 역시 기대 이하여서 브랜드 정나미가 뚝 떨어졌습니다.

​결과적으로 이런 과정을 다 겪고 나니 앞으로는 팁토우 제품을 내돈주고 살 일은 절대 없습니다. 

호수별로 품질이 극단적으로 갈리는 데다가 고객을 대하는 태도와 소통 체계까지 엉망이라서  속상하고 실망감만 가득 남은 한 달이었습니다.

​별⭐️5점 2점"
2026-07-27,A000000258200,63162988,2026.07.22,5,0,NORMAL,02 머큐리 그레이 바이 뮤,A07,B05,"C01,C06",2,2952.0,1,0,정울겨,팁토우 패키지로 시선끌더니 질도 ㅈㄴ 대단하게 내줌. 감사함니다..
2026-07-27,A000000258200,62597884,2026.07.10,5,0,NORMAL,04 주피터 피치 ,A03,B03,"C08,C09",4,2340.0,1,0,PKBB,"1호 4호 엄청 고민하다가 우선 4호만 사보자 해서 구매했어요! 디자인만 예쁜 줄 알았는데 컬러 구성도 그렇고 넘 좋네요,, 우선 너무 발랄한 피치 느낌일까봐 걱정했는데 살짝 구운 피치느낌이 나서 너무 좋았어요ㅠㅠ 컬러 활용도에 따라 팬 사이즈 다른거도 너무 감다살.. 가장 크게 구성된 컬러는 블러셔 베이스로 사용해도 너무 예쁘더라고요,, 그리고 각 컬러마다 제형이 다르다고 들었는데 무펄 제형들은 하나하나 다 다른건 모르겠고 무펄 외에 쉬머, 글리터까지 같이 구성되어서 너무 만족입니다! 글리터는 팔뚝에 바를땐 세상 화려해보였는데 막상 얼굴에 얹으니 부담스럽거나 그렇지 않고 자연스럽네요! 하이라이터 대용으로도 가능할듯..? 기대를 크게 안하긴 했는데 넘 좋아서 1호도 추가로 살까말까 고민입니다 ㅎㅋ"
2026-07-27,A000000258200,62355101,2026.07.05,5,0,NORMAL,03 비너스 핑크 바이 뮤,A06,B01,"C03,C05",5,2340.0,1,0,김폭,"❤️
해당 팔레트로 눈 화장과 볼 화장에 모두 사용함.
부드러운 분홍 색감의 팔레트.
🧡
볼에서는 따끈~미지근 분홍.
눈에서는 보라빛 많이 도는 분홍.
💛
청보라색 펄이 촘촘하지 않아서 오히려 더 예쁨.
번쩍이는 펄도 아니어서, 전체적으로 부드러운 감성의 매트+쉬머 섀도우랑 잘 어울림.
💚
하이라이터 겸 블러셔는... 브러쉬로 쓰면 블러셔 효과가 극히 자연스럽고 밍밍하여(진한 볼따꾸 좋아함) 퍼프로 찍어 바르면 흡족스러움.
💙
💜"
2026-07-27,A000000258200,63127241,2026.07.22,5,0,NORMAL,04 주피터 피치 ,A01,B03,"C01,C02",0,1800.0,1,0,iuudiw88,"이거 덕에 알았어요 제가 코랄 처돌이라는 걸..
요새 그렇잖아도 코랄에 손이 자주 가는 차에 특이한 패키지가 귀여워서 눈에 밟히던 차에 구성도 펄부터 음영에 중간톤도 다양하고 뭣보더 질감이 좋다는 말이 돌길래 슬쩍..? 담았다가 하필 딱 라이브를 한다는 거예요..
그렇게 샀는데 요새 젤 잘 쓰는 중

제일 큰 별은 안쓰고 나머지 미들톤은 기분따라서 + 별똥별 꼬리 부분은 매일 씁니다 정말 밀착감이나 발색력 가루날림 등등 다 너무 좋고요.. 손가락으로도 잘 발려서 꾸꾸꾸 하는 날 아니고 데일리로는 매일 손가락으로 발라요 너무 귀찮"
2026-07-27,A000000258200,63026066,2026.07.19,5,0,NORMAL,01 새턴 베이지 바이 뮤,A02,B01,"C01,C03",1,1674.0,1,0,보도리이,"색감이 은은하고 조합하기 쉬워서 데일리 메이크업으로 활용하기 딱이에여!
01 새턴 베이지 컬러 차분하고 자연스럽게 표현돼서 자주 사용하고잇어요"
2026-07-27,A000000258200,62994523,2026.07.19,5,0,NORMAL,04 주피터 피치 ,A01,B02,"C09,C11",0,1350.0,1,0,일레르,"한 달 정도 꾸준히 사용해본 후기예요. 평소 피치 계열 아이섀도를 제일 자주 쓰는 편이라 주피터 피치 컬러가 너무 제 취향이라 구매했습니다 😊

전체적으로 웜톤이 데일리로 쓰기 좋은 색 구성이라 손이 정말 자주 가더라구요. 베이스 컬러부터 음영, 포인트까지 한 팔레트 안에 있어서 이것만 들고 메이크업해도 충분했어요. 발색도 너무 진하지 않고 여러 번 쌓을수록 자연스럽게 올라오는 타입이라 초보자도 쓰기 편할 것 같았습니다.

가루날림도 생각보다 심하지 않았고, 눈두덩에 올렸을 때 뭉치거나 탁해지는 느낌도 없었어요. 특히 은은한 펄이 과하지 않아서 데일리 메이크업할 때 활용도가 정말 높더라구요. 아침에 고민하기 귀찮은 날에도 자연스럽게 이 팔레트부터 손이 갔어요 ㅎㅎ

한 달 동안 거의 매일 사용했는데도 질리지 않는 컬러 구성이 가장 마음에 들었습니다. 피치 메이크업 좋아하시는 분들이라면 만족하면서 쓰실 것 같아요 🤍"
2026-07-27,A000000258200,61629437,2026.06.19,5,0,NORMAL,02 머큐리 그레이 바이 뮤,A04,B03,"C01,C02",17,1350.0,1,0,Rimudazo,"팁토우 완전 미쳤지!!!! (p) 🫣♥️

색상이 다 넘 트렌디함.,. 팀 팁토우, 뮤님 체고
음영 쌓는 색 부터 포인트 컬러까지 다 완벽.,...🥺
저는 저 바세린 광이 너무 좋아요.,..&gt;_&lt; !!
평소에 스모키 하고싶은데 색상이 엄해서 쓰기 어려웠다 하시는 분들께 완.전.추천 ♥ 

밑에는 제가 2호만 써서 (아이라인 제외) 한번 세미 스모키 해보았는데 오떤가요?👉👈 
블렌딩도 잘 되고 쉬머한 섀도우라 막 얹어도 메이크업이 고급져보여 좋앗네요.,. ♥ 
-
렌즈는 오렌즈 빅글로이 그레이 입니다!!! (혹시몰라남겨봅니다..&gt;_&lt;///)"
2026-07-27,A000000258200,62437257,2026.07.06,5,0,NORMAL,03 비너스 핑크 바이 뮤,A03,B02,"C01,C04",1,1260.0,1,0,애플소다,"팁토우 네일만 잘하는게 아니라 섀도우도 진심이네요! 컨셉부터 컬러 스펙트럼도 다양해서 좋고, 무엇보다 질감이 미쳤어요.  매트, 쉬머, 글리터까지 다양한 6구 팔레트인데 올인원 팔레트답게 활용도도 좋아요.  

컬러는 4호랑 고민이 많았는데 평소라면 잘 안 고르는 핑크 팔레트임에도 3호가 계속 끌려서 구매했어요.   
4호도 물론 너무 예뻤지만 안정적인 컬러 구성인만큼 비슷한 색감의 팔레트가 많은 느낌이 드는데 3호는 비슷한게 딱히 떠오르는게 없더라구요. MYU실장님 공동개발 컬러기도 하고, 흔하지 않은 몽환적이고 신비로운 느낌을 주는 맑고 청초한 핑크 팔레트라 소장가치있게 느껴졌어요.

핑크와 쉬머 베이지의 조합으로 마냥 쿨쪽으로 치우치지 않게  뉴트럴하게 쓰기 좋고, 킥 컬러인 바이올렛 헤일로가 포인트 하이라이터로 딱이라 함께 쓰면 오묘하고 신비로운 쿨한 무드를 더해줘서 잼메하기에도 좋은 것 같아요. 보라색 컬러가 잘 안 어울려서 피하게 됐는데 블루펄이 더해져서인지 굉장히 유니크하고 매력적인 컬러로 느껴졌어요.

라인 대용으로 쓸 컬러가 아주 진하진 않아서 조금 아쉬울 뻔 했는데 발색도 잘 되고, 무엇보다 이 팔레트의 몽환적인 느낌을 살리기에 적당하게 어우러지는 톤이라 색 구성 조합도 딱 좋아요.  큰 별은 아이메이크업 뿐만 아니라 치크까지 활용 가능해서 좋더라구요.  

제형들도 일본 습식 섀도우 느낌처럼 피부에 촉촉한 느낌으로 부드럽고 매끄럽게 밀착되는 발림이라 텁텁하지 않으면서 투명한듯 맑은 표현이 너무 예뻐요. 행성이 떠오르는 별 모양 패키지라 귀여움도 한 몫 하는데 질감이나 발색 표현 다 좋아서 간만에 너무 마음에 드는 팔레트를 만났어요.

18일 오특날 자정 조금 넘겨서 구매한 거 같은데 바로 올 줄 알았던 배송이 4일 지나서야 밤 늦게 와서 선착순은 어려울  것 같아 그 부분은 아쉬웠지만 제품이 좋아서 만족해요."
2026-07-27,A000000258200,62228187,2026.07.02,5,0,NORMAL,02 머큐리 그레이 바이 뮤,A04,B03,"C06,C08",1,1260.0,1,0,젤리핑크닷컴,"스모키 도전하고싶은 봄웜입니다
팁토우 브랜드 제품 첫 도전이 이 팔레트인데
진짜 너무너무 이쁩니당🖤
입자가 곱고, 발색 자체가 너무 부드러우며 밀착이 잘되고
색상 하나하나가 예뻐서 고급스러운 느낌이 나요 
발색은 잘되는 편인데 너무 진한건 아닌것 같아서
저처럼 세미스모키 도전할 분들 구매하면 되겠어요〰️
다른색도 살라구요
패키지도 넘 키치하고, 제품력 좋고, 트렌디해요
잘산템 ✌️ 
다양한 색상 더더 내주세요오 
(마지막은 리ㅅㅋ랑 비교샷입니다) 둘이 비슷한데 달라요
색상은 비슷하지만서도 무드자체가 달라요 
팁토우는 좀더 여리하며 물탄느낌이랄까
둘다이뻐유ㅠㅠ🩵"
2026-07-27,A000000258200,62977911,2026.07.18,5,0,NORMAL, 00 코스모스 ,A03,B04,"C02,C03",1,1134.0,1,0,핑크키티75,"팔레트 워낙 유명한데 파우치랑 브러시
사은품도 너무 이뻐서 만족"
2026-07-27,A000000258200,63181415,2026.07.23,5,0,NORMAL,01 새턴 베이지 바이 뮤,A05,B04,"C01,C08",0,1080.0,1,0,yjung1005,나름 외색대로 색깔이 발색이 빡 되지는 않지만 외색이 은은하게 레이어링 하면서 잘 올라가는 재질이라 전 너무 좋앗던 거 같아요. 발색이 진하면 컨트롤 하기도 힘든데 레이어링도 잘되고 지속력도 잘돼서 핸들링하기 좋앗어용 팔레트 하나로 블러셔까지 다 할 수 잇고 애교살도 가능해서 예쁜 패키지는 물론 화장두 이뻣습니당
2026-07-27,A000000258200,63181223,2026.07.23,5,0,NORMAL,02 머큐리 그레이 바이 뮤,A05,B04,"C01,C08",0,1080.0,1,0,yjung1005,나름 외색대로 색깔이 발색이 빡 되지는 않지만 외색이 은은하게 레이어링 하면서 잘 올라가는 재질이라 전 너무 좋앗던 거 같아요. 발색이 진하면 컨트롤 하기도 힘든데 레이어링도 잘되고 지속력도 잘돼서 핸들링하기 돟앗어용 팔레트 하나로 블러셔까지 다 할 수 잇어서 예쁜 패키지는 물론 이뻣습니당
2026-07-27,A000000258200,61646534,2026.06.19,5,0,NORMAL,02 머큐리 그레이 바이 뮤,A01,B04,,57,990.0,1,0,unnnaa,"˚₊‧ 00 코스모스 & 02 머큐리 그레이 바이 뮤

발색부터 일주일 사용 후기까지 알려드릴게요!

우선 색마다 질감이 조금씩 다른데, 전반적으로 익숙한 가루매트.. 이런 느낌이 아니라 보들보들 챡 붙어서 올라오는 신기한 질감입니다. 백화점맛 나는 퀄리티🤤 가루날림도 없어서 좋아요!

00 코스모스는 펄감 좋은 하이라이터 느낌인데, 다 똑같은 펄이 아니라 쉬머부터 빽빽한 펄까지 다 다르게 있고, 특히 검은색 하이라이터는 말랑말랑한 젤리 타입이에요ㅋㅋㅋ 진짜 신기해요!!

02 머큐리 그레이는 &gt;스모키&lt; 때문에 너무 딥하지 않을까 고민하실 수 있는데 전혀 아니에요..!
뮤님이 어렵지 않게 도전할 수 있는 스모키라고 하셨는데 진짜 은은하게 그윽해서 추천드려요🙂‍↕️ 
색은 웜한 것도 있고 엄청 웜하진 않은 컬러도 있는데, 뮤님이 진짜 힙하고 뮤트한 컬러를 잘 하시거든요? 그래서 브라운 느낌도 촌스럽지 않아서 좋아요! 가장 큰 별부터 시계방향으로 4번째 컬러만 무펄이에요!

한 손에 들어오는 손바닥만한 사이즈라 생각보다 크기가 작아서 양이 적은 거 아닌가? 싶었는데 팬에 깊이가 있어서 오래 쓸 수 있을 거 같아요.

일주일 사용 후기💫
- 00 코스모스: 무난하게 어떤 메이크업이나 사용할 수 있는 6구 하이라이터 느낌이에요. 포인트 주기 좋고, 이번 별똥별 팔레트에 가장 찰떡인 거 같아요!
- 02 머큐리 그레이 바이 뮤: 발색이 맑게 올라오는 편이라 부담스럽지 않은 스모키 입문용으로 가능해요! 퍼컬 크게 타지 않는 음영감 있는 컬러들이지만 굳이 따지자면 가을웜들 추천합니다🤎"
2026-07-27,A000000258200,62006035,2026.06.28,5,0,NORMAL,05 플루토 베리,A03,B01,,1,840.0,1,0,동이가최고,"위쪽부터 발색한 순서에요
첫번째 사진이 자연광 두번째가 실내광입니다
베이스부터 음영 아이라인,펄까지 하나의 팔레트로 완성할수 있는 멀티유즈팔레트에요
디자인도 귀엽고 아기자기해서 일본 고급섀도우팔레트 느낌도 나고 역시 팁토우 디자인 잘 뽑아요~~
가루날림도 없고 휴대성 좋은 크기라 맘에 듭니다^^
발색도 잘 올라와서 백화점 맛 팔레트에요
쿨톤 무난하게 잘 어울리실 컬러에요"
2026-07-27,A000000258200,61690044,2026.06.20,5,0,NORMAL,03 비너스 핑크 바이 뮤,,B04,C01,65,810.0,1,0,세요니,"팁토우 이렇게 귀엽고 깜찍한 팔레트 내주시면 정말 감사합니다… ㅠㅠㅠㅠ 케이스 모양부터 별에 진심이길래 저도 별모양으로 발색도 한 번 해봤어요!!! 섀도우 처음 딱 만졌을 때 든 생각이 엄청 부드럽다였는데, 부드러운만큼 밀착력이 정말 좋아 가루날림도 적을 것 같아요!

활용해서 메이크업도 해보았습니다 ♡ 

베이스 - 베어페탈, 블러쉬던
눈두덩이 포인트 - 핑크 페탈
밑트임 - 로즈우드
애굣살 - 미스티 블룸
눈앞머리 하이라이터 - 바이올렛 헤일로

요렇게 해보시길 추천드립니다 ㅎㅎ 특히 보라펄 쓰고싶으셨지만 부담스러우셨던 분들!! 03호 완전 강추 ⭐️ 생각보다 실색감이 많이 튀지않아서 일상에서도 완전 가능입니다!!! 팁토우 너 섀도우에 재능있어. 계속해."
2026-07-27,A000000258200,61612484,2026.06.18,5,0,NORMAL, 00 코스모스 ,A01,B03,"C06,C07",81,810.0,1,0,메로롱이,"팁토우가 왜이리 별을 사랑해..⭐️
보자마자 이건 안 살 수가 없겠다 싶었어요
다른 색도 너무 예뻐보였지만 진짜 우주같은 색감과 패키지에 반해서 00호 구매했어요!

제일 큰 별 기준으로 시계방향 순서입니다. 어두운펄은 사용하기 어렵겠다 싶었는데 눈꼬리에 가볍게 올려보니 잘 어울리더라고요? 오묘한 느낌이라 너무 만족스러워요 ㅠㅠ
핑크빔 색으로 애굣살에 발라줬는데 예쁘게 올라가네요..

제형도 쉬머하고 반질반질하게 올라가서 하이라이터로 쓰기에도 좋을 것 같아요! 가루날림 없고 새틴 느낌이에요
내 얼굴에 밝힐 수 있는 건 다 밝힐테다 ..⭐️
증정으로 주신 매니큐어도 별이네요 ㅋㅋㅋ 넘 귀여워요"
2026-07-27,A000000258200,63330977,2026.07.27,5,0,NORMAL,02 머큐리 그레이 바이 뮤,A01,B05,"C04,C05",0,792.0,1,0,멸종위기사랑,"발색은 은은하게 되는 편이에요
그래도 좀 신선한 제형에 색상이라
구매했어요 근데 꼭 이렇게 고민하다 구매하고 나면
오특으로 5천원 확 할인해서 사람 정상 아닌 멘탈을 만들더라구요 ?
나 이러면 올영 골드 안해 ~ ? !"
2026-07-27,A000000258200,63330973,2026.07.27,5,0,NORMAL,01 새턴 베이지 바이 뮤,A01,B05,"C04,C05",0,792.0,1,0,멸종위기사랑,"발색은 은은하게 되는 편이에요
그래도 좀 신선한 제형에 색상이라
구매했어요 근데 꼭 이렇게 고민하다 구매하고 나면
오특으로 5천원 확 할인해서 사람 정상 아닌 멘탈을 만들더라구요 ?
나 이러면 올영 골드 안해 ~ ? !
글구 은근 작네용 ㅎㅎ"
2026-07-27,A000000258200,63230967,2026.07.24,5,0,NORMAL,03 비너스 핑크 바이 뮤,A07,B04,"C01,C02",0,792.0,1,0,삥쿠더쿠,"버릴컬러가 하나도 없네요~~눈두덩이부터 하이라이터, 볼터치까지 다 들어가 있어요!케이스모양도 너무 귀엽습니다! 여쿨이라면 이 컬러 완전 추천합니다"
2026-07-27,A000000258200,63182794,2026.07.23,5,0,NORMAL,02 머큐리 그레이 바이 뮤,A03,B04,"C02,C03",0,792.0,1,0,핑크키티75,고급져요 가끔 분위기있는 눈매 연출하고 싶을때 딱이에여 사은품 브러시는 그저그렇더라구여
2026-07-27,A000000258200,63063284,2026.07.20,1,0,NORMAL,03 비너스 핑크 바이 뮤,A03,B06,"C01,C05",3,792.0,0,0,단종그만,3호 5호 가지고 있는데 3호가 특히 발색이 안되는 편입니다 그냥 안 됨 그리고 쪼매난 별들을 베이스로 사용해야하는데 브러쉬보다 작아서 불편 + 그와중에 발색도 안 됨 으로 걍 파우더 바르는거같음 코덕들 소장용아니면 구지 살 필요 없음
2026-07-27,A000000258200,63051838,2026.07.20,5,0,NORMAL, 00 코스모스 ,A02,B01,"C01,C02",0,792.0,1,0,소솜소솜,발색 맑고 밀착력 최고예요. 피부톤 화사하게 밝혀줘서 데일리로 잘 쓰고 있어요!
2026-07-27,A000000258200,61620020,2026.06.18,5,0,NORMAL,02 머큐리 그레이 바이 뮤,A03,B04,C11,32,675.0,1,0,빈111111,"요즘 스모키 메이크업에 빠져서 2호의 존재를 알자마자 구매했어요~  한 색상빼고는 모두 펄이 있습니다✨ 팁토우 팔레트 너무 이쁘네요! 소장가치부터 충분해요🥰

  뮤님이 구성을 신경써서 개발하셨다고 말씀하신게 이해가 갈정도로 스모키 초보자나 스모키 고수까지 두루두루 사용하실수 있는 팔레트입니다~ 

 어두운 색상도 생각보다 밑색이 없어서 초보자분들도 레이어링 하시면 이쁜스모키 가능하실 것 같아요!! 힙부터 데일리 메이크업에 모두 적합한 공평한 컬러예요~  

 4번 5번 컬러 진짜 너무이뻐요 ㅋㅋㅋㅋ 뮤님 sns에서 봤던 펄이 실제로 구현가능한거였군요 ㅎㅎ 낼 당장 메이크업해보려규요

 실제로 발색해보시면 약간 한국정형화된 팔레트가 아니라 일본 세*느 느낌의 촉촉 스모키 팔레트입니다🤩 코덕의 마음을 울리네요 굿소비 ㅎㅎ
 비교하실 수 있게 다른 팔레트 비교사진도 찍어올립니다~

+) 몇 일 사용해본 결과! 지속력 정말 좋습니다~ 아침에 화장하고 콘서트 갔다왔는데도 저녁까지 펄과 색감이 이쁘게 남아있었어요~ 백화점 팔레트같은 촌스럽지 않은 스모키😍🖤🖤 자연광에서 펄 느낌 참고하실 수 있게 사진 추가합니다 ~ 영롱해요!! 손가락으로 펄을 얹으시면 더 선명히 발색되는 것 같아요!!"
2026-07-27,A000000258200,61882027,2026.06.25,5,0,NORMAL,04 주피터 피치 ,A02,B05,"C01,C02",1,630.0,1,0,천대담,"일단 딱 봤을 때 팔레트 디자인이 너무너무너무 이쁩니다. 완전 제 마음으로 별로입니다. 왜 그런지 모르겠는데 뭔가 일본에서 파는 섀도우 팔레트 같아요.

발색도 잘 되는데 자체가 엄청 진한 색상들이 아니라서 저 같은 똥손이 쓰기 아주 좋습니다. 가루 날림이나 뭉침 없고, 지속력도 무난하게 괜찮습니다. 

불필요한 것 없이 정말 필요한 색상들로만 구성되어 있고, 블러셔와 하이라이터 겸용으로 사용할 수 있는 멀티 유즈 팔레트입니다. 그래서 그런지 확실히 실용성과 측면에서 만족도가 높았습니다."
2026-07-27,A000000258200,61845310,2026.06.24,5,0,NORMAL,01 새턴 베이지 바이 뮤,A06,B05,"C05,C06",1,630.0,1,0,뚠빵,웜톤이라면 사세요! 펄감도 들어가있는 팔레트라 여름에도 텁텁하지 않게 사용하기 좋은 음영 팔레트라고 생각합니다.. 베이스 까는 섀도우로 블러셔 활용해도 예쁘더라구요! 그리고 펄감이 은은해서 데일리로 사용하기도 굿! 그리고 별모양 너무 기여워여
2026-07-27,A000000258200,61834095,2026.06.23,5,0,NORMAL,02 머큐리 그레이 바이 뮤,A02,B04,"C01,C02",2,630.0,1,0,마카대이미아,"멋진 언니 하면 생각나는 그 팔레트임..!!!
요즘 그레이시 한 톤 팔레트에 푹 빠졌어요! 차분하면서도 고급스러운 느낌을 주는 게 너무 매력적이에요.  깊은 차콜색이라 해야되나 멋진언니가 생각나요..💗
이런 색깔까지 챙겨서 내는거 정말이지 감다살 갸루룩잼메까지도 가능할듯"
2026-07-27,A000000258200,61833087,2026.06.23,5,0,NORMAL,05 플루토 베리,A01,B04,"C01,C02",2,630.0,1,0,플렛,"평소 모브 핑크 계열 섀도를 좋아해서 구매했는데 컬러 구성이 정말 예뻐서 만족스러웠습니다. 
데일리부터 포인트 메이크업까지 활용하기 좋은 쉐도우 팔레트라서 활용도가 좋았어요.

🎨 컬러 구성
전체적으로 차분한 베리 핑크와 모브 계열 컬러들로 구성되어 있어서 조합하기 편했어요. 
딱 여쿨라이트 용으로 나와서 기본적으로 컬러끼리의 조화가 좋더라구요. 
메이크업 초보자도 쉽게 사용할 수 있겠다는 느낌이 들었습니다.

✨ 발색
한 번만 발라도 색이 은은하게 올라오고, 여러 번 레이어링하면 더 깊이 있는 눈매를 연출 되었어요. 
탁하거나 답답한 느낌 없이 맑게 발색되는 점이 특히 마음에 들었습니다.

🌿 사용감
가루 날림이 심하지 않은 편이고 피부에 부드럽게 밀착됐어요. 
블렌딩도 쉬웠고 색과 색별로 이어지는 느낌도 괜찮았어요. 

💎 펄 컬러
펄 섀도는 입자가 너무 크지 않아서 부담스럽지 않았고, 눈두덩이나 애교살에 포인트 주기 좋았어요. 
은은하게 반짝여서 데일리 메이크업에도 잘 어울렸습니다.

✔ 좋았던 점
✔ 활용도 높은 모브 베리 컬러 구성
✔ 맑고 깔끔한 발색
✔ 블렌딩이 쉬운 편
✔ 부담 없는 펄감
✔ 데일리 메이크업에 활용하기 좋음

💬 총평
모브 핑크 계열 메이크업을 좋아하는 분들에게 추천하고 싶은 팔레트입니다. 
컬러 조합이 예쁘고 활용도가 높아서 손이 자주 갔고, 데일리 메이크업용으로 만족스럽게 사용하고 있습니다. 
이게 보통 쉐도우 팔레트를 사다보면 색별로 뭔가 잘 안맞는? 예를들면 여쿨용을 샀는데 봄웜이 쓸법한 코랄색이 있기도 하다보니 쉐도우 1~2개 색상은 항상 남더라구요 ㅋㅋ 
근데 이건 진짜 색별로 조합에 완전 찰떡이라 절대 남을일 없을 것 같다고 생각했습니다."
2026-07-27,A000000253093,63164476,2026.07.22,5,0,OFFLINE, [단품] 파우더12g,A03,B03,C05,2,1200.0,0,0,오땅카땅,"한 달 정도 꾸준히 사용해 본 후기입니다!

평소 피부 유분 때문에 베이스 메이크업이 쉽게 무너지거나, 모공과 피부 결이 신경 쓰여서 마무리용 파우더를 찾다가 구매했는데 한 달 동안 사용해 보니 정말 만족스러운 제품이었어요. 왜 올리브영 파우더 1등으로 유명한지 직접 사용해 보면서 느꼈습니다.

가장 만족했던 부분은 역시 피부 표현이에요. 파우더를 바르는 순간 피부 결이 한층 매끈하게 정돈되고, 모공이 자연스럽게 블러 처리된 것처럼 보여서 메이크업 완성도가 확 올라가는 느낌이었습니다. 완전히 매트하게 굳히는 느낌보다는 피부를 깔끔하게 정리해 주는 느낌이라 데일리로 사용하기 좋았어요.

입자가 정말 곱고 부드러워서 피부 위에 올렸을 때 가루가 두껍게 쌓이지 않았습니다. 여러 번 덧발라도 텁텁하거나 화장이 두꺼워 보이지 않고, 얇고 가볍게 밀착돼서 자연스러운 피부 표현이 가능했어요. 특히 코 주변이나 이마처럼 유분이 잘 올라오는 부위에 사용하면 번들거림을 잡아주면서 깔끔하게 유지해 줬습니다.

한 달 동안 사용하면서 가장 좋았던 점은 지속력이었어요. 아침에 메이크업 마무리 단계에서 사용하면 시간이 지나도 유분이 올라오는 속도가 확실히 느려지고, 피부가 지저분하게 무너지는 느낌이 적었습니다. 오후쯤 유분기가 올라와도 번들거리는 느낌보다는 자연스러운 피부 표현으로 남아서 만족스러웠어요.

메이크업 전 프라이머처럼 모공이 신경 쓰이는 부분에 소량 사용하거나, 메이크업 후 마무리 파우더로 사용하는 등 활용도가 높은 점도 좋았습니다. 특히 쿠션이나 파운데이션 위에 살짝 올려주면 베이스가 더 오래 유지되고 피부가 보송하게 정리돼서 손이 자주 갔어요.

건조함도 심하지 않았습니다. 파우더 제품은 잘못 사용하면 피부가 갈라지거나 각질이 부각될 수 있는데, 이 제품은 적당히 보송한 마무리감을 주면서 피부가 너무 메말라 보이지 않았어요. 양 조절만 잘하면 촉촉한 베이스 표현도 유지할 수 있었습니다.

용량도 12g으로 넉넉해서 한 달 동안 자주 사용했는데도 아직 많이 남아 있어 가성비가 좋다고 느꼈어요. 패키지도 깔끔하고 휴대하기 좋아서 외출할 때 수정용으로 들고 다니기에도 편했습니다.

전체적으로 모공 블러 효과, 유분 조절, 밀착력, 자연스러운 마무리감까지 모두 만족스러운 파우더였습니다. 피부 결을 예쁘게 정돈하고 싶거나, 베이스 메이크업 지속력을 높이고 싶은 분들에게 추천하고 싶은 제품이에요. 한 달 사용 후에도 매일 사용하는 데일리 아이템으로 자리 잡았고, 다 사용하면 재구매 의사 있는 제품입니다!"
2026-07-27,A000000259610,63213265,2026.07.24,5,0,NORMAL, ,A03,B06,"C06,C07",4,3900.0,1,0,쪼잘냥,"(출근할 때 귀찮아서 원래 톤업 선크림을 잘 애용하던 사람)
까무잡잡한 편이라 허옇게 뜨는 거 진짜 싫어하는데 이건 딱 자연스러운 핑크 톤업이라 맘에 들었음! 🍑🍑 
전후 사진 보면 알겠지만 광나는거 미쳤구 가벼워서 바르기 조음 갠적으로는 수부지라 선세럼이 더 취향,, 

촉촉함 : 자작선크림 &gt; 자작선세럼 &gt; 블루 톤업선크림
자작선크림 : 베이지 톤업
자작선세럼 : 핑크 톤업
블루 선크림 : 흰끼 톤업"
2026-07-27,A000000259610,63219699,2026.07.24,5,0,NORMAL, ,A02,,"C01,C06",3,2700.0,1,0,켄지켄지,"자연스럽게 뽀얀살이 돼..❣️
연한 핑크빛인데 바르고 나면 원래 피부가 뽀얀 사람돼있어요
묽은 수분크림 제형이고 촉촉해서 스킨케어 대충하고 발라도 건조함 없고, 번들거리거나 기름지지도 않아요
선크림 아니고 걍 로션같이 발려요

눈시림 거의 없고 트러블 올라오는거두 없어서
사계절 내내 잘쓸거 같아요
재구매의사 100000프로임니다!!"
2026-07-27,A000000259610,63173088,2026.07.23,5,0,NORMAL, ,,,,4,2340.0,1,0,올영에통장기부,"평소에 자작나무 선크림 잘 쓰고 있었는데 톤업 선세럼 버전이 나왔다고 해서 배송 오자마자 첫인상 후기 남겨봅니다 🌟

결론부터 말하자면 ....... 이건 그냥 사세요 ㅋㅋㅋ

진짜 갓작나무 답게 발림성 미쳤고여 
톤업도 맑고 예쁘게 올라와요 ㅋㅋㅋㅋ 딱 내꺼 ;;
밝은 곳에서 찍으니까 수분광도 예쁘게 올라오더라고여

기름진 느낌 아니고 산뜻하게 마무리돼서
화장 전에 바르면 딱일 것 같아요 ㅎㅎㅎ 😆

요즘 선크림 다 거기서 거기지 싶었는데
이거슨 내가 찾던 선크림 추구미 그자체 입니다
도움 되셨다면 좋아요 눌러주세용 !!"
2026-07-27,A000000259610,63306038,2026.07.26,5,0,NORMAL, ,A01,B01,C05,1,1512.0,1,0,tombum,26년 7월 올리브데이 선런칭특가 수분 톤업 선세럼 기획상품이라 선물하려고 구매했어요.
2026-07-27,A000000259610,63173650,2026.07.23,5,0,NORMAL, ,A03,B02,"C01,C05",0,1500.0,1,0,오닝,"자작나무에서 선크림 나오면 일단 사고보는 나 ...
이번에 나온 톤업선세럼도 궁금해서 구매했어요!

세럼 제형답게 촤르르 퍼지고 촉촉💧하게 발려서 너무 만족
(근데 끈적임,번들거림은 없오..)

수채화라고 표현하신게 진짜 찰떡인게, 인위적으로 톤업되는게 아니라 스며들듯? 예쁘게 화사해져요 !

그리고 화장얹어도 사라지지 않는 ⭐속.광⭐
사진보다 훨씬 예쁜 속광이에요 ㅠㅠ 안써보면 모르실듯 

올여름은 요거만 주구장창 쓰게될거 같아요"
2026-07-27,A000000259610,63219472,2026.07.24,5,0,NORMAL, ,,,,2,1260.0,1,0,덕구방구,"톤업 선세럼 유목민 여기 눕겠습니다,, 😌

많이 어두운 피부는 아니지만 약간 노란끼 도는 피부톤이라 자연스러우면서도 밝게 톤업 되는 선세럼을 원했는데 드디어 찾았네요 ㅠ.ㅠ   
 
타사 톤업 선크림도 많이 써봤는데 제 피부엔 뻑뻑하게 느껴지고 약간 밀리는 느낌도 있더라구요!  
역시 수분 선크림 장인 라운드랩답게 선세럼도 수분감 넘치는 제형이라 로션 바르듯이 부드럽고 즉각 흡수 되어서 너무 만족합니다 .. 🩵💗"
2026-07-27,A000000259610,63173936,2026.07.23,5,0,NORMAL, ,,,,1,1260.0,1,0,바지락칼국수좋아,"평소에도 스킨케어와 메이크업을 매우 귀찮아하는 저에게는아주 꿀템입니다!
아침에 대충 토너랑 톤업 선세럼만 바르고 나오는데도
건조하다는 느낌이 잘 안들더라구요 
세럼 제형이라 그런지 확실히 수분감이 더 있는 것 같습니당

무엇보다 톤업이 자연스럽게 된다는 점이 맘에 들었는데용
웜톤이라 핑크빛으로 톤업 올라오면 얼굴만 동동 떠다니는데
이건 화사(?)하게 밝아져서 데일리로 쓰기 넘 좋네여

그리고 기분탓인지는 모르겠지만 속광이 좀 올라옵니다
오히려 좋아 

계속 더 써보고 괜찮으면 재구매 해야겠어여"
2026-07-27,A000000259610,63173626,2026.07.23,5,0,NORMAL, ,,,,1,900.0,1,0,미나링링링,"자작썬 원래 워낙 잘 써서 신제품 나왔다길래 걍 믿고 구매해봤는데 아니 이거 진짜 왜 이제 나왔냐고 ㅎㅎ ㅠ🩷

톤업 특유의 허옇게 뜨는 느낌 1도 없고,
수분 에센스 바르는 것처럼 촉촉한데 피부가 맑게 밝혀져요
거울 볼 때마다 피부 왜 이렇게 좋아 보이지? 싶음ㅋㅋ

그리고 화장 진짜 엄청 잘 먹어서
베이스 밀림도 없고 시간 지나도 피부가 안 칙칙해져서 요즘 이거만 바르는중,,

신제품이라 반신반의했는데
자작 썬 잘 맞았던 사람들은 이거 진짜 무조건 만족할 듯해요

개인적으로는 기존 자작 썬이 데일리라면,
이건 화장 잘 먹는 버전 + 피부 좋아 보이는 버전 느낌이라 추천하고 갑니당~~!"
2026-07-27,A000000259610,63314846,2026.07.26,5,0,NORMAL, ,A03,B01,"C01,C02",0,792.0,1,0,흰앵초,수분가득 촉촉하네요 매일매일 바를거에요 맘에 듭니다 톤보정도 맑아보여요
2026-07-27,A000000259610,63313010,2026.07.26,5,0,OFFLINE, ,A03,B02,"C01,C03",0,792.0,1,0,채송송,매장서 테스트 해보니 진짜 뻑뻑하지 않은 세럼제형의 톤업선제품이라 넘 좋더라구요 행사해서 너무 저렴
2026-07-27,A000000259610,63220508,2026.07.24,5,0,NORMAL, ,A03,B04,"C01,C02",3,720.0,1,0,ramune,"진짜 수채화라는 말이 맞는 것 같아요!
제 피부가 23호 정도 어두운 피부 + 각질, 주름 부각 오지는 피부인데 저랑 비슷한 분들은 아시겠지만.... 톤업 선크림 잘못쓰면 토시오 되고 오히려 요철이 부각되서 안쓰거든룡...
근데 이 제품은 촉촉하게 스며들면서 자연스럽게 안색이 맑아지는 느낌이여서 꾸준히 쓸 것 같아요.

밀착감도 좋아서 화장전에 써도 좋고 목에 사용해서 얼굴이랑 톤맞추기도 용이해요 추천입니다!!"
2026-07-27,A000000259610,63174870,2026.07.23,5,0,NORMAL, ,,,,2,560.0,1,0,올영애서누가도라왔개,"모태 누렁이 후기
한줄 요약=ㄹㅈㄷ 잘 익은 물 복숭아 맞아요👏👏👏
태어날때부터 오줌 필터(아시면 건강검진 ㄱㄱ)장착하고 태어나 쿨톤으로 만들어준다는 온갖 베이스 다 써보고 세레니티로 정착했던 저에게 드디어 진짜가 나타났네요,,

일단 노란끼를 싹 잡아주면서 화사하게 피부 톤 확 올려주는데
보통 그러면 화장한 느낌나거든요? 근데 이거는 그냥 원래 뽀얀 사람 같아요 진짜 신기

엄청 촉촉하게 발리면서 광도 살짝 도는데 기름 광이 아니어서 답답해보이지 않고 실제로 피부도 안 불편해요

솔직히 여드름자국이나 큰 모공까지는 커버 필요할 것 같은데 피부 각질 뜨는 것도 꾹 눌러주고 피부 톤 자체가 맑아보여서 컨실러+선세럼만해도 충분할 것 같아요

라운드랩 선크림 진짜 잘하네요 주변에 영업할게요
진짜…고마우시다…💗"
2026-07-27,A000000259610,63219940,2026.07.24,5,0,NORMAL, ,,,,0,500.0,1,0,팥빙수사먹을거야,"평소에 피부가 얇아서 혈관이 다 비치는 편이라
오히려 톤업 제품 바르면 더 허옇게 티가 나는 느낌이라서 잘 안 썼는데요
이건 자연스럽게 뭔가 보정되는 느낌이라 좋은 것 같습니다
손에 끼이는 것도 덜 하고 발림성도 좋아서 편하게 데일리로 쓰기 좋을 것 같아요"
2026-07-27,A000000259610,63175101,2026.07.23,5,0,NORMAL, ,,,,2,420.0,1,0,aa0104,"자작나무 톤업 선크림 잘 쓰고 있는데 여름이다보니 선세럼은 어떨까 싶어서 구매해봤어요
속광 이라는 말에 혹해서 샀는데 엄청 얇고 촉촉하게 발려요! 기존에 쓰던 톤업선크림은 빤질빤질한 윤광 느낌이면 선세럼은 선크림보다는 광이 적지만 속에서 올라오는 예쁜 광 느낌이였습니다. 여름에 오히려 좋겠어요!
톤업선크림이랑 번갈아 가면서 아주 잘 쓸 듯 해요 ㅎㅎ 24시간 자외선 차단 된다고 하니 운동 갈 때는 이거 하나면 충분할 듯 합니다 추천👍🏻👍🏻"
2026-07-27,A000000259610,63174444,2026.07.23,5,0,NORMAL, ,,,,1,400.0,1,0,꿈이님,"라운드랩 선크림도 원래 잘 썼는데,
톤업 선세럼 새롭게 나왔다고 해서 바로 구매했어요!!

톤업 선크림 특유의 ,, 번들거림이나
시간 지나면 올라오는 기름 광을 너무 싫어해서
마음에 드는 선트림 찾기가 진짜 힘들었는데
최근에 써본 것 중에 ⭐️제일⭐️ 마음에 들어요! 💖

얼굴에 쥬르륵 흐르는 세럼 제형인데
픽싱이 엄청 빨리 되고 싹 스며드는 느낌이에요

수부지라서 오후되면 유분 올라와서
기름종이 필수로 챙겨야하는데 얘는 퇴근할 때까지
유분도 거의 없고 아침에 바른 그대로 톤 유지 되더라구요

제일 좋았던 건 부드럽고 촉촉한 발림성이랑
원래 피부톤이랑 크게 차이나지 않게 자연스럽게
한 톤 업 시켜주는 느낌이라 좋았어요... 🫶

화장하고 다니기 진짜 귀찮은데
이정도는 돼야 파데프리템이라고 할 수 있을 듯 ㅠ.ㅠ
인생템 출시해주셔서 감사합니다 진짜!!!!!!!!👍

사진은 얼굴이랑 목에도 바른건데
톤 차이 없이 자연스럽게 발린거보이시죠 ㅎㅎ
도움되셨으면 조아요 눌러주세요🥰"
2026-07-27,A000000259610,63345632,2026.07.27,5,0,NORMAL, ,,,,0,264.0,1,0,럭키뉴비,"자극성도 없고 눈시림도 없어서 좋습니다
발림성이 촉촉하게 잘 발리고 톤업도 자연스럽시 되네요"
2026-07-27,A000000259610,63311625,2026.07.26,4,0,NORMAL, ,,,,0,264.0,1,0,suecouple,가격 대비 저렴 하구 대체로 사용 하기가 용이 해서 조아요^^
2026-07-27,A000000259610,63213063,2026.07.24,5,0,NORMAL, ,,,,0,240.0,1,0,이아호니,"톤업효과 확실해요 뽝톤업시킬때 무기자차 썼는데 두껍고 뭉친경험 수두룩ㅠ이건 촉촉 얇게 착 밀착되니까 내 피부같아요이거 쓰고 블러셔 색 표현이 더 예뻐졌어요!!
인생 선세럼으로 모십니다. 여름에 썬바르고 메이크업하면 피부 답답했는데 가벼워요오오 선세럼이라서 그런가요???밍숭맹숭하게 밝아지는게 아니라 확실하게 밝아져서 마음에 들어요 촉촉하고 피부톤이 밝게 예뻐지는거 찾는다?이겁니다 이거"
2026-07-27,A000000259610,63233727,2026.07.24,5,0,NORMAL, ,,,,0,200.0,1,0,dudd****,"라운드랩 선크림이라면,, 의심 일도 없이 고냥 사보고 보는데요!!ㅎㅎ

이번에 톤업 선세럼이 나와서 구매했습니댜.. 이거 진짜 톤업썬중에 레전드입니다!!!!! 일단 저는 매일 메이크업을 하기에 때처럼 밀리는 선크림은 싫어하는데영ㅜ.ㅜ 이거 일반 선크림이랑은 발림성 자체가 달라요.. 말그대로 세럼처럼 부드럽게 스르륵~ 흡수됩니다😳

또 다른데는 톤업이 되더라도 텁텁하게 올라가서 별론데, 라운드랩꺼는 역시 요물입니다!! 딱 내 피부톤에서 맑게 밝아지면서 피부 속광이 쫙 차오르고 피부결까지 매끈하네요..

제 말 안믿기면 진짜 써보세욬ㅋㅋㅋㅋㅋ 레 잔 드 💕"
2026-07-27,A000000259610,63300915,2026.07.26,5,0,NORMAL, ,,,,0,168.0,1,0,dani****,"촉촉하게 발리면서 자연스럽게 톤업돼서 생기 있어 보여요
백탁이나 끈적임이 적고 메이크업 전에 사용하기에도 부담 없습니다
자외선 차단과 톤업을 한 번에 할 수 있어 데일리로 사용하기 좋아요"
2026-07-27,A000000259610,63325303,2026.07.26,5,0,NORMAL, ,,,,0,120.0,1,0,sohee****,솔직히 인스타에 막 뜨고 해서 별로 기대 안 하고 샀는데 너무 좋습니다 선 기능은 아직 모르겠는데 일단 발랐을 때 자연스럽게 톤업되고 손으로 발라도 잘 발립니다 촉촉한 제형이여서 건성인 제게 딱이었습니다! 두번째장이 바르고 나서 한 5분 지나고서 물로 막 닦고서 찍은건데 거의 그대로 입니다 처음에는 너무 하얀가 싶었는데 시간 조금 지나니 내 피부톤인 거 마냥 자연스러워 집니다 세일 끝나도 재구매할 거 같네요
2026-07-27,A000000259610,63242673,2026.07.25,5,0,NORMAL, ,,,,0,80.0,0,0,수부지전문가,"라운드랩은 썬케어 장인을 키우는듯. 자작나무선크림도 완전 로션같은 제형인데 그거보다 약 3배정도 더 수분감이 있읍니다. 신상 못참지 인간인데 간만에 잘산템이에요. 자작나무 선크림, 선스프레이 다 써봤는데 이게 원탑임. 걍 스윽 발리는데 색상도 밝아서 컨실러로 마뮤리하면 약간 뽀얗고 맑은 본투비 하양인간 되버립니다. 발리는게 엄청 얇아서 여름에 써도 하나도 안 갑갑한게 대박적 강점으로 추천~!


수분감 : 주르륵 흐르는 수분감많은 제형
톤업 🍑(맑은데 밝은 색, 21호 하양인간)
발림성 : 초대박 별 백만개"
2026-07-27,A000000259610,63325676,2026.07.26,5,0,OFFLINE, ,A03,B02,"C02,C05",0,72.0,0,0,뚜뚜크롱,"톤업 선 제품 찾고 있었는데 :)
올리브데이 특가로 구매해봅니다"
2026-07-27,A000000259610,63315075,2026.07.26,5,0,OFFLINE, ,,,,0,20.0,0,0,미소천사소녀,"마음에 속 들어요 ~~~
잘 산것 같습니다 ~~~
촉촉해 좋았습니다 ~~~"
2026-07-27,A000000259610,63303648,2026.07.26,5,0,NORMAL, ,,,,0,20.0,0,0,홈트,좋아요 무난하게 사용하기 굿이에요 아주 잘 사용하고 있습니다
2026-07-27,A000000259610,63280409,2026.07.25,5,0,OFFLINE, ,,,,0,16.0,0,0,뭉냐냥,극극극악건성이라 출시 된다길래 기대하고 있었는데 진짜 너어무 좋아요ㅜㅠㅠ 자작나무 선크림 거의 7-8통 비웠는데 얘로 갈아탈 거 같아요
2026-07-27,A000000259610,63342264,2026.07.27,5,0,NORMAL, ,,,,0,8.0,0,0,mingk****,피부를 정말 너무 촉촉하게 해줘서 너무 좋아서 데일리로 사용하기 너무너무 좋아요 ㅎㅎ 굳 ㅎㅎ
2026-07-27,A000000259610,63341284,2026.07.27,5,0,OFFLINE, ,,,,0,8.0,0,0,wjddns****,"사은품도 주고 제품도 좋아요. 딸아이가. 좋다고 하네요
세일해서 좋은가격에 샀어요"
2026-07-27,A000000259610,63314207,2026.07.26,5,0,OFFLINE, ,,,,0,8.0,0,0,ivy****,로션처럼 끈적임 없이 발려서 좋네요 비비크림에 섞어쓰려고 구입완료
2026-07-27,A000000259610,63307831,2026.07.26,4,0,NORMAL, ,,,,0,8.0,0,0,goand****,"새제품이라 사용해보고 싶어 주문하게 되었고, 자극없이 자연스럽고 예쁘게 톤업되어 좋아요~"
2026-07-27,A000000158615,63286154,2026.07.26,5,0,NORMAL, ,A02,B02,"C03,C09",0,396.0,1,0,ek****,피부고민이 있어서 구입했어여 꾸준히 쓰고 있는데 사용감이 좋아요 워낙 유명해서 잘 쓰고 있어요
2026-07-27,A000000223233,63132762,2026.07.22,5,0,OFFLINE,[1+1 기획]딥 클렌징 폼 120ml,A02,B01,"C01,C02",0,792.0,1,0,Binnii,"저 혼자 사용하다가 1+1이라서 남자친구도 사서 선물해줬는데, 같이 넘 잘 쓰고 있어요!
저는 건성이고 오빠는 지성인데, 모든 피부타입에 적합한듯해서 좋아요! 뽀드득 뽀드득 넘 좋습니당"
2026-07-27,A000000223233,63147774,2026.07.22,5,0,OFFLINE,[1+1 기획]딥 클렌징 폼 150ml,A03,B01,C05,0,660.0,1,0,뚜비22,원플원 기획이라 넉넉하게 사용할 수 있어서 구매했어요! 딥 모공 클렌징폼이라 자극적이지 않게 세정력이 좋아요!
2026-07-27,A000000223233,62947723,2026.07.18,5,0,OFFLINE,[1+1 기획]딥 클렌징 폼 150ml,A01,B04,"C05,C06",0,594.0,1,0,자몽방구,클폼은 이게 짱이에요 지성 건선 복합성 안가리고 다 좋고 조그만 양으로도 충분히 거품이 잘 나고 순하게 잘 씻겨요
2026-07-27,A000000223233,61513361,2026.06.16,4,0,NORMAL,[단품]딥 클렌징 폼 120ml,A02,B02,"C02,C09",5,450.0,1,0,찰떡모찌랑,"다 필요없고 가성비 최곱니다,,가성비 좋다고 세정력이 나쁘다?노놉,,,잘 씻겨영ㅋㅋㅋ 그렇다보니 종종 사용하고있어욥, 질리면 또 바꾸고ㅎ할인까지하는 원쁠원이나 행사가에 사면 가격이 넘 착해요ㅎ거품도 잘 나고 뽀드득뽀드득 마무리감을 좋아하는 분들이 만족하실듯,,건성이라서 요게 건조할때도 있지만 스킨케어를 빠르게 해주면 크게 상관없었슨ㅎ 몇통째 사용하면서 요걸로 딱히 얼굴이 뒤집어지거나 뾰루지가 더 나거나 하지않아서 잘 씁니다ㅎ"
2026-07-27,A000000223233,60523250,2026.06.01,5,0,OFFLINE,[단품]딥 클렌징 폼 120ml,A01,B04,"C01,C03",1,450.0,1,0,민트초오코,"지성이 사용하기에 좋아요!! 적은양으로도 거품잘 나서 얼굴에 끼인 기름을 말끔히 제거하는거 같아요👍🏻

뽀드득한 제품을 좋아한다면 이 제품도 추천! 스트라이덱스랑 마몽드것도 써보고 이번에 다른거 사본건데 셋다 갠춘합니다👍🏻

세안후에도 전혀 자극적이지 않아서 좋구요 2차세안용으로 추천합니다. 뽀득뽀득 하지만 얼굴이 막 땡기지는 않아요!

금액도 착해서 좋습니다😆"
2026-07-27,A000000223233,63101092,2026.07.21,5,0,OFFLINE,[1+1 기획]딥 클렌징 폼 150ml,,,,0,396.0,1,0,이오오오오,딥 모공 클렌징폼이라는 이름에 맞게 뽀득뽀득 깨끗이 잘 닦아주는 느낌이 있는 것 같아요 지금 같은 여름에 사용하기 좋았어요
2026-07-27,A000000223233,62457359,2026.07.07,5,0,NORMAL,[1+1 기획]딥 클렌징 폼 120ml,A03,B04,"C05,C08",0,396.0,1,0,Jeedoll,"남친이 여드름이 계속나서 선물 했어요
2통째 꾸준히 쓴 결과 여드름 많이 좋아지고 자극없이 좋다거 합니다
그동안 선크림 및 비비 바르고 세정이 잘 안됐나 봐요 ;;
암튼 꾸준히 쓰려구요!"
2026-07-27,A000000223233,61283471,2026.06.10,5,0,GIFT,[단품]딥 클렌징 폼 120ml,A02,B01,"C05,C08",0,378.0,1,0,xon,거품도 잘 나고 세정력도 좋아요 가성비 좋아서 잘 사용중입니더
2026-07-27,A000000223233,61074232,2026.06.07,5,0,GIFT,[단품]딥 클렌징 폼 120ml,A03,B02,C05,1,378.0,1,0,hjdho,조금만 짜도 거품이 잘 나고 클렌징도 잘 됩니당!! 좋아요!
2026-07-27,A000000223233,62082340,2026.06.30,5,0,OFFLINE,[1+1 기획]딥 클렌징 폼 150ml,A05,B04,"C01,C02",0,330.0,1,0,예원채원,"세정력 좋고 가성비 갑이에요 
세일 기획할때 쟁여놨어요
남편이 뽀득해서 좋대요 강추"
2026-07-27,A000000223233,61252673,2026.06.10,5,0,NORMAL,[단품]딥 클렌징 폼 120ml,A03,B03,"C07,C08",1,315.0,1,0,콩뿅이,화장과 썬크림이 잘 지워져용 개운한 마무리감이 좋네여 순해서 손이 많이 갈듯용
2026-07-27,A000000223233,62882865,2026.07.16,5,0,NORMAL,[1+1 기획]딥 클렌징 폼 150ml,,,,0,297.0,1,0,mania****,"거품 잘 나고 대용량이라서 좋아요 
1+1로 저렴히 샀어요 재구매 의사 있어요"
2026-07-27,A000000223233,62744897,2026.07.13,5,0,NORMAL,[1+1 기획]딥 클렌징 폼 120ml,A06,B01,"C01,C02",0,297.0,1,1,k202111061****,자극없이 순하고 무엇보다 세정력이 아주 좋아서 재재재구매템이예요. 정말 진한 아이메이크업 아니고서는 왠만한 메이크업도 잘지워지고 좋아요. 클렌징티슈하고 폼ㅈ으로 마무리하면 선크림도 잘지워집니다.
2026-07-27,A000000223233,61811684,2026.06.23,5,0,NORMAL,[단품]딥 클렌징 폼 120ml,,,,0,270.0,1,0,코코넬1,"사실 이 제품을 접하기전 자외선차단제 발랐을때
특유의 기름끼는듯한 피부에 번들거림도심하고
기름 뿜는것처럼 반질반질거리는게 싫었는데
듀이트리 어반쉐이드 쿨 카밍 선스틱 20g은 전혀 그런점이없어요. 그리고 가볍게 시원하게 사용할수있어서 너무나좋더라고요. 크림이나 에센스 바르듯이 바른듯 안 바른듯 바를수있는 장점이있어요. 
듀이트리 어반쉐이드 쿨 카밍 선스틱 20g은 이름에 걸맞듯 보습 성분도 좋은것이많은데 특히 촉촉함이 함유되어 있어서 촉촉함이 오래 유지 할수있는 장점이있어요.촉촉한 제형이기는한데 스틱으로 간편하게 느낌이 속까지 촉촉하며, 또한 백탁현상이 없어 너무나 클린한 기분을 느낄수있어요.전에사용한제품도 자극없이순하기는했었거든요. 이제품으로 지인분이좋다고추천하였는데 사기를 잘했다고생각되네요"
2026-07-27,A000000223233,62665247,2026.07.11,5,0,NORMAL,[1+1 기획]딥 클렌징 폼 150ml,A03,B04,"C01,C06",0,264.0,1,0,앙금가득팥붕어빵,다이소에서 거품 만드는 거 사서 같이 쓰는데 순하고 쫀존해서 좋아뇨 추천
2026-07-27,A000000223233,62495656,2026.07.08,5,0,OFFLINE,[1+1 기획]딥 클렌징 폼 120ml,A03,B04,,0,264.0,1,0,sizukuu,"뽀득뽀둑세안돼서
너무 조아요
약산성 쓰면 미끈거려서 싫은데
이게딱조아요"
2026-07-27,A000000223233,62862148,2026.07.16,4,0,OFFLINE,[단품]딥 클렌징 폼 120ml,,,,0,198.0,1,1,gpfl****,거품 잘나고 부드러운 피부 좋아요 양도 넉넉하고 온가족이 사용해요
2026-07-27,A000000223233,61853850,2026.06.24,5,0,OFFLINE,[단품]딥 클렌징 폼 120ml,A03,B02,"C03,C07",0,198.0,1,0,코튼향기,세일때 그냥 구매해봤는데 사용해보니 괜찮아서 계속 구매해서 사용중이에요
2026-07-27,A000000223233,61846729,2026.06.24,5,0,OFFLINE,[1+1 기획]딥 클렌징 폼 150ml,,,,1,198.0,1,0,엄마말들을걸,1+1 구성이 좋아서 구입해요~ 클렌징 1차 하고 폼 클렌징해요.. 진한 메이크업 아니면 산뜻하게 잘 지워져요~
2026-07-27,A000000223233,61540665,2026.06.16,5,0,OFFLINE,[1+1 기획]딥 클렌징 폼 150ml,A01,B04,"C05,C06",0,198.0,1,0,자몽방구,재구매템입니다 향도 좋고 잘 씻겨서 지성 복합성 건성 다 만족해요
2026-07-27,A000000223233,61355802,2026.06.12,5,0,OFFLINE,[1+1 기획]딥 클렌징 폼 120ml,A06,B05,"C01,C03",0,198.0,1,0,나돈필요해요,가격도 저렴하고 넘나 좋음. 클렌징력이 개쩌는지 이거쓰면 여드름이 안남.
2026-07-27,A000000223233,60929627,2026.06.05,5,0,OFFLINE,[1+1 기획]딥 클렌징 폼 150ml,A02,B03,"C01,C09",0,198.0,1,0,플로라라,세정력이 좋다는 소문은 전부터 들었는데 저렴하게 원쁠원으로 살수있었어요 바로 써봤는데 거품이 많이 생김!
2026-07-27,A000000223233,60898309,2026.06.05,5,0,NORMAL,[1+1 기획]딥 클렌징 폼 150ml,A03,B03,"C04,C09",0,198.0,1,0,나의화장대lovely,여러가지 폼을 써봤지만 크리미한 재질은 안닦이는 느낌.뽀득한 재질은 피부마저 씻겨나가 피부결이 나빠지는 느낌인데 딱적당한 정도로 씻기고 탄산재질이 상쾌하고 부드러운 느낌이 들어요
2026-07-27,A000000223233,61152492,2026.06.08,5,0,NORMAL,[1+1 기획]딥 클렌징 폼 150ml,,,,0,189.0,1,0,mania****,"1+1이라 샀고 가성비 좋아 샀어요.
그렇게 대용량은 아닌데요?"
2026-07-27,A000000223233,61238191,2026.06.10,5,0,OFFLINE,[1+1 기획]딥 클렌징 폼 150ml,,B02,"C08,C09",0,165.0,1,0,남아궁,미세 스크럽으로 모공 속 노폐물과 피지를 개운하게 비워주는 가성비 대용량 딥 클렌저를 원뿔원으로 사서 좋아용~
2026-07-27,A000000223233,61015458,2026.06.06,5,0,NORMAL,[1+1 기획]딥 클렌징 폼 150ml,A02,B01,"C01,C02",0,165.0,1,0,올짱짱,"탄산수 성분 덕분인지 세안 후 미끄덩거림 없이 유분기가 싹 걷히며 아주 뽀득뽀득하고 시원하게 마무리돼요
각질 케어와 블랙헤드, 피지 정돈이 가능해서
확실히 세안하고나면 피부결이 촉촉해져요"
2026-07-27,A000000223233,60255961,2026.05.28,5,0,OFFLINE,[1+1 기획]딥 클렌징 폼 120ml,A01,B04,"C01,C05",0,165.0,1,0,송돌맹,부드럽게 얼굴을 잘 감싸주며 너무 가볍지 않아서 가끔 깊게 세안하고 싶을 때 사용하고 있어용
2026-07-27,A000000223233,62239312,2026.07.03,5,0,NORMAL,[1+1 기획]딥 클렌징 폼 150ml,,,,0,132.0,1,0,챠챠1019,식물나라 딥클렌징이라 구입했어요 부드럽게 세정되고 만족스러워요~~
2026-07-27,A000000223233,63312311,2026.07.26,5,0,NORMAL,[1+1 기획]딥 클렌징 폼 150ml,,,,0,120.0,1,1,jyj****,"급하게 클렌징폼 구매할 일이 있어 매장에서 보고 저렴해서 기대없이 구매했다가 정착하게 됐습니당 !
스크럽도 해주고 세정력도 좋고 자극없고 거품 잘 나고 !
좋아요 :)
더블기획 구성이나 할인 자주 하고 저렴하고 모든 면에서 만족스러운 제품입니댜"
2026-07-27,A000000223233,61455454,2026.06.14,5,0,OFFLINE,[단품]딥 클렌징 폼 120ml,A03,B01,,0,99.0,1,0,sknice****,제주 탄산수의 거품향이 세정력을 더더욱 시원하게 만듭니다
2026-07-27,A000000238816,62252934,2026.07.03,5,0,OFFLINE,[일반단품]포어 제로 오일 컨트롤 선스틱,A03,B03,"C01,C06",5,1476.0,0,0,배뽀,"남편이 여름에 선크림 바르는게 끈적거려서 싫다고 했었는데 이거는 바르면 보송하니까 잘 바르고 다니더라구요!
끈적이는거 싫어하는 남성분들 완전 추천드려👍🏻"
2026-07-27,A000000238816,63040172,2026.07.20,5,0,NORMAL,[미피 기획] 선스틱(+미피 손거울),A03,B01,,0,1200.0,1,0,유링ㅇㅇ,"오브제 포어제로 선스틱은 유분기를 어느 정도 잡아줘서
더운 날씨에도 얼굴이 금방 번들거리지 않아서 넘 좋아요:)
또 선스틱이라 손에 묻히지 않고 슥슥 바를 수 있어서
외출할 때 챙겨 다니기 편했고 덧바르기도 괜찮아서 좋아요!
게다가 귀여운 미피 손거울까지 같이 들어있어서 더 만족~!
미피 거울도 선스틱도 잘 사용 중 이에요ㅎㅎ"
2026-07-27,A000000206826,63220245,2026.07.24,5,0,NORMAL,기획(+20ml),,,,0,900.0,1,0,아기사장,"에스트라 무기자차 선크림 구매후기

순한 무기자차 선크림을 찾다가 에스트라 무기자차 선크림을 구매했어요. 발랐을 때 자극이 거의 없고 촉촉하게 밀착되는 사용감이라 부담 없이 사용할 수 있었습니다.

무기자차라 백탁이 약간 있는 편인데, 오히려 피부 톤을 자연스럽게 보정해주는 느낌이라 피부가 더 깨끗하고 화사해 보여 만족스러웠어요. 

시간이 지나도 답답하거나 건조한 느낌이 적었고, 순한 성분에 자연스러운 톤업 효과까지 원하는 분들에게 추천하고 싶은 선크림입니다."
2026-07-27,A000000206826,63196196,2026.07.23,5,0,OFFLINE, ,,,,0,528.0,1,0,인디언미녀,여름용  선크림은  무조건 무기자차. 에스트라는  너무 무겁지도  가볍지도  않은 중간 정도라  건성피부인  저한테는  잘 밎고 흡수력도 너무 좋아요
2026-07-27,A000000206826,63335304,2026.07.27,5,0,NORMAL,기획(+20ml),,,,0,396.0,1,0,ara86ara,자극없이 너무 촉촉하게 잘발려요. 앞으로 애스트라에 정착하려구요. 지금까비 써봤던 무기자차중에 제일 순하고 눈시림은 당연히없고 효과도좋은거같아요
2026-07-27,A000000206826,63168300,2026.07.23,4,0,NORMAL,기획(+20ml),A06,,C05,0,396.0,1,0,hari****,양이 적어보이는데 생각보다 오래쓰는거 같고 나쁘지 않아요 좋아요
2026-07-27,A000000226202,63268332,2026.07.25,5,0,NORMAL,초콜렛 마티니,A04,B06,"C05,C11",1,2232.0,1,0,드르르륵,가성비갑 라이너 마음에 들어요 더쿨한컬러도 나왔으면 좋겠어요
2026-07-27,A000000226202,63324013,2026.07.26,5,0,NORMAL,누디 모카,A02,B04,"C02,C11",0,1080.0,1,0,나곰,"엄청 부드럽게 발리고 픽싱되면 안지워져요!
생각보다 무른편이라 너무 길게 빼면 안좋을 것 같아요
색상은 누디모카, 뮤어모브 구매

누디모카: 연한 데일리 아이라이너로 추천, 애굣살 음영으로 할까 했는데 생각보다 진해서 안될 것 같아요ㅎㅎ

뮤어모브: 딱 뒷트임컬러! 진짜 잘어울리는 컬러이고 뒤에 브러쉬로 블랜딩해주고 고정되면 굳굳"
2026-07-27,A000000259069,63320463,2026.07.26,5,0,NORMAL, ,A03,B03,"C02,C05",0,1800.0,1,0,짱아랍니당,"제형만 보면 되게 묵직힐거같고 흡수안될거 같은데
바르고나면 달라요
흡수진짜 잘되고 묵직한제형이 아니에요
피부에 겉돌지않고 찐득거리는 느낌 아예 없어요
속수분 꽉 채워주는 느낌!
용량도 괴물용량이라 진짜 오래쓸거 같은느낌ㅎㅎ
건성인데 첫단계에 써주기 너무 좋아요
파우치도 은근 커서 쓸데없이 작은 립도 안들어가는 그런 파우치 아니라서 더더 좋아요ㅎㅎ"
2026-07-27,A000000259069,63314429,2026.07.26,5,0,NORMAL, ,A02,B03,"C01,C02",0,1512.0,1,0,오올챙,완전 물 스킨은 아니고 살짝 점성이 있는 스킨 제형이에요. 피부에 롤링하면 부드럽게 펴 발리면서 겉도는 유분감 없이 피부에 잘 흡수 됩니다. 레이어링 해서 바르고 있어요.
2026-07-27,A000000259069,63264927,2026.07.25,5,0,NORMAL, ,A03,B05,"C02,C03",1,1200.0,1,0,진진ing,"진짜 잘쓰는 애정템이예요!! 사계절 내내 쓰기도 좋고 특히 겨울에 찰떡이예요. 이 제품 쓰고나서 속건조가 많이 잡히고, 화장이 거의 안떠요! 제 동생들도 잘쓰는 제품입니다. 속건조 있는 분들 꼭 써보세요! 절대 후회안해요. 왜 늦게 썼을까라는 후회만 생길뿐…? ㅎㅎ
그리고 저 미피 너무 좋아해요. 파우치 너무 귀엽고 사은품으로 오기엔 퀄리티 넘 좋아서 잘쓰고 있어요 ㅎㅎㅎ"
2026-07-27,A000000259069,62619846,2026.07.10,5,0,NORMAL, ,A04,B01,"C05,C08",0,900.0,1,0,xxjjxx,"미피 짱귀여워여.... 아벤느 미스트만 써봤지
로션은 처음인데 미피덕에 접해봅니다
미피파우치만 줘도 ㄱㅅ한데
에이오유 파우치까지...🥹
앙나 좋아
에이오유 원단 탄탄하고 시원한 파란 패턴이 예뻐요

로션은 점성있는 스킨에 로션을 탄거같아요
묽고 쫀쫀한 타입!
수분보충이 잘될거같고요 
건성을 위에 크림을 꼭 발라줘야됩니당"
2026-07-27,A000000259069,62942830,2026.07.17,5,0,NORMAL, ,A03,B02,"C01,C02",0,594.0,1,0,gwj13579,"완전 순하고 냉장고에 안넣어놔도 쿨링감이 있어요 그리소 하나만 발라도 되는게 넘 최고,,"
2026-07-27,A000000259069,62856754,2026.07.15,5,0,NORMAL, ,A03,B02,"C01,C09",0,594.0,1,0,amita,토너와 에센스를 합친느낌인데 무겁지않고  향도좋고 발림성도 좋았습니다.
2026-07-27,A000000259069,62834610,2026.07.15,4,0,OFFLINE, ,A02,B01,C08,1,594.0,0,0,혜짱이,배송도 빠르고 상품도 마음에 들어요 센스있게 100ml두개로 나눠 놓은것도 너무 좋아요
2026-07-27,A000000259069,63286129,2026.07.26,5,0,NORMAL, ,A02,B02,"C03,C09",0,396.0,1,0,ek****,사실 파우치가 이뻐서 구입했어요 근데 로션 작은것도 있어서 여행용으로 쓰기 좋을 것 같아요
2026-07-27,A000000259069,62832808,2026.07.15,5,0,NORMAL, ,,,,0,396.0,1,0,youise0309,제형이 가볍고 촉촉해서 세안 후 첫 단계에 사용하기 좋았어요. 흡수도 빠른 편이라 끈적임 없이 산뜻하게 마무리되어 만족하며 사용하고 있습니다.
2026-07-27,A000000259069,62780689,2026.07.14,5,0,NORMAL, ,,,,0,396.0,1,0,모카연두,귀찮을 때 하나만 바르기 좋아요 물론 복합성 내지 지성 피부 기준입니다
2026-07-27,A000000259069,62765753,2026.07.13,5,0,NORMAL, ,A03,B04,,0,396.0,1,1,응꽁,"이 거는 4계절 수분에센스로 사용해서 쟁임용으로 구입했어요. 이번에 미피 파우치 너무 귀여워요 ❤️ 
가벼운듯 촉촉하고 수분 가득합니다"
2026-07-27,A000000259069,62765681,2026.07.13,5,0,NORMAL, ,A03,B04,,0,396.0,1,0,응꽁,"수분 가득하고 가벼운듯 촉촉합니다
같이 주신 미피파우치 잘 쓸게요 ❤️"
2026-07-27,A000000259069,62666575,2026.07.11,5,0,NORMAL, ,A02,B01,"C01,C02",0,396.0,1,0,ddorothy,"운동후 열감이너무심하고 한번에 해결되는제품같아서
구매 크림도써보고좋아서
올인원고민없이구매
파우치도이쁘네요"
2026-07-27,A000000259069,62450464,2026.07.07,5,0,NORMAL, ,,,,1,396.0,1,0,링하이,"클랜징젤 너무 좋아서 이것도 구매했는데 
파우치 너무 좋아서 구매 또 하고싶네요 ㅎ"
2026-07-27,A000000259069,62446082,2026.07.07,5,0,NORMAL, ,A03,B02,"C04,C05",0,396.0,1,0,동동사랑,기획상품으로 귀여운 파우치가 있어서 요긴하게 잘 사용할것 같고요 순한 느낌의 쫀쫀찐득한 에센스 타입의 로션이라서 촉촉 보드라운것이 좋네요
2026-07-27,A000000259069,62514766,2026.07.08,5,0,NORMAL, ,A03,B01,"C06,C07",0,330.0,1,0,푸른밤,로션인줄 알았는데 좀더 묽네요. 발라봤는데 흡수도 잘되고 자주 피부에도 좋을거 같아요~
2026-07-27,A000000259069,62429125,2026.07.06,5,0,NORMAL, ,A02,B02,"C01,C02",0,330.0,1,0,데레고,맨날 쓰는 제품인데 파우치도 줘서 구매했어요 넘 귀엽네여 잘쓸게요!!!
2026-07-27,A000000259069,62381628,2026.07.05,5,0,NORMAL, ,A02,B02,C12,0,330.0,1,0,딸기뚜알기,이거 미스트도 잘썼는데 에센스도 순하고 너무 좋아요~ ❤️ 어머니 선물로 드렷는데 기초템으로 너무 좋데요! ❤️
2026-07-27,A000000259069,60317805,2026.05.29,5,0,NORMAL, ,A03,B04,"C02,C10",3,270.0,1,0,숙면모드,"스킨케어를 어떤 조합으로 쓰고있든 낑겨서 쓸 수 있는
부담없고 순한 보습템이에요!
향 약간 꽃향..? 나는데 한국 스킨케어쪽의 향기 감성은 아니긴 해요 ㅋㅋ 근데 전 크게 거슬리지 않았움
그냥 진짜 손 잘가고 피부컨디션 어떻든 편하게 쓸수있는템이라
꾸준히 재구매 중이에요
세일할때사는거 추천!"
2026-07-27,A000000259069,63156069,2026.07.22,5,0,OFFLINE, ,,,,0,264.0,1,0,골드라이언,"그냥 좋다는말밖에 안나와요
하고나면
다음날 피부가 와~
이쁘다 라는생각이듭니다
강추입니다!!"
2026-07-27,A000000259069,62510816,2026.07.08,5,0,OFFLINE, ,A02,B01,,0,264.0,1,0,altruism,아벤느 제품 믿고씁니다 성분도 순하고 가격도 세일해서 착해서 조아요
2026-07-27,A000000259069,62283314,2026.07.04,5,0,NORMAL, ,A03,B02,"C01,C02",0,264.0,1,0,nami****,육아중에다가 복합성이라 더더욱 여름에는 얼굴에 몇단계씩  바를 정신이 없더라구요. 썬크림 전에 수분 채울수있는 제품 찾다가 사보았는데 스킨보다는 걸쭉해서 참 좋아외오~ 스킨 꾸덕한거 쓰다가 요걸로 가라탔어요~!
2026-07-27,A000000259069,62751436,2026.07.13,5,0,NORMAL, ,,,,0,198.0,1,0,dodo****,"새안 후 바로 쓸수있는 세럼 찾다가 후기 좋아서 구매했어요
크림이 너무 좋아서 같이 세트로 주문했어요
세안 후 스킨세럼처럼 쓰니 여름에 너무 딱인거 같아요~
보습에 너무 좋고 시원해요^^"
2026-07-27,A000000259069,60641514,2026.06.02,5,0,NORMAL, ,A05,B03,"C02,C03",1,198.0,1,0,Carpediem6,"너무좋아요 일단 세안후에 바르면 끈적임 없이 오래갑니당 
추천드려용 아벤느 왜이제야 내품에 왔엉 ꃼ.̫ ꃼ흐흑"
2026-07-27,A000000259069,60293038,2026.05.28,5,0,NORMAL, ,,,,1,165.0,1,1,그대의메이트,"&lt;한달 사용 후기&gt;

지금같은 날씨에는 이거 하나만 발라줘도 보습되서 좋아요!
온천수라서 자극 없이 진정되는 것도 좋습니당

건성분들은 하나만 쓰기엔 조금 건조할 것 같고
악건성만 아니시면 하나만 발라도 충분합니당

다들 한번쯤 써보세여"
2026-07-27,A000000259069,62250710,2026.07.03,5,0,NORMAL, ,,,,0,132.0,1,0,숑이거니맘,"오늘 드림 으로 잘 받았어요 
향 제 취저에요
양은 적어도
케이스도 맘에들고
제형도 만족합니다 
재주문의사 있어요
굿굿"
2026-07-27,A000000259069,62840576,2026.07.15,5,0,NORMAL, ,,,,0,126.0,1,0,jjh****,처음사용했는데 괜찮았어요~~ 토너 에센스 로션 을 한곳으로ㅎㅎ 여러게 안바르고 한가지만 발라도 좋아요~~ 열감은 아직안발라봐서 ㅋㅋㅋ
2026-07-27,A000000259069,62352825,2026.07.05,1,0,NORMAL, ,,,,3,120.0,0,0,ioiom,수분감도 좋고 여름에 쓰기에 딱좋은 가벼움. 다 좋은데 진심으로 이 향을 다들 참고 쓰시는건가..? ㅈㅅㅁ ㅁ크림보다 더 독한 냄새를 만나버림ㅠㅠ 아벤느 다른 무향 제품들 생각하고 + 리뷰 좋길래 믿고 두개나 구매했는데 얼굴에는 ㄹㅇ 못 쓰겠어요.. 두통 생기는 독한 향입니다 참고하시길
2026-07-27,A000000259069,62859140,2026.07.15,5,0,NORMAL, ,,,,0,90.0,1,0,vivace81****,"매장에서 써보고 
라이브때사려고 꾹참었어요ㅎㅎ
짠! 드디어 만난 아벤느와 미피 콜라보, 너무 귀엽죠? 패키징도 심쿵인데, 제품 자체도 정말 예쁘게 잘 나왔어요.
4계절내내 잘쓸것같고 
제품발림성으로 여름에쓰기 넘좋아여 
향기도 너무좋음 
귀여운 패키지에 한 번, 속부터 꽉 채워지는 깊은 수분감에 두 번 반했어요. 건조한 피부가 즉각적으로 촉촉하고 부드러워져요. 소장 가치 만점, 올여름 수분 치트키로 무조건 추천합니다!"
2026-07-27,A000000259069,62594866,2026.07.10,5,0,NORMAL, ,A03,B04,,0,90.0,0,0,tlsghk****,이거 말해뭐해 너무 좋아요 몇년동안 계속 이것만 쓰고있어요 특유의 향도 너무 좋고 제형이 눈두덩이에 바르기에도 좋아요 제형이 너무 맘에 들어요 촉촉하고 좋아요 그런데 머리카락이 잘 붙는다는 단점이 있네요 그래도 추천할만 해요 아빠한테도 드렸는데 좋다고 하세요🩵
2026-07-27,A000000255227,61746574,2026.06.21,1,0,NORMAL,에센스로션 200ml 기획(+안개분사),A03,B05,"C02,C03",45,4050.0,0,0,프말아크네girl,"이거 대체 왜 후기가 조음

얘 바를 때마다 계속 트러블이 올라와
여드름도 아니야

그냥 피부 장벽이 무너져서 빨간 트러블이 올라와
이마 코 볼에는 트러블이 웬만하면 안 올라오고 입가주변이랑 턱에만 트러블 올라오는 타입인데
얘 쓰고 나서부터 온 얼굴에 트러블 생김

아 돈 아깝다
이거 민감성 수부지 피부 ㄹㅇ 비추임
피부결 좀 조아지라고 산 건데 원래 갖고 있던 피부결도 그냥 개똥망됨

이딴 게 왜 2만원 ????????
얘 때메 피부과약 다시 먹기 시작했는데 ???"
2026-07-27,A000000255227,63089113,2026.07.21,5,0,NORMAL, ,A03,B01,"C01,C02",1,1260.0,1,0,chillback,"제가 초음 써보고 가족들에게 추천하여 온 가족 모두 씁니다. 각각 악건성, 건성, 복합성 인데 수분 공급이 좋아요. 미스트도 편하고 잘 분사되요!"
2026-07-27,A000000255227,62694615,2026.07.12,5,0,GIFT, ,A01,B02,"C02,C05",2,1134.0,0,0,춘식이뿅,"진짜 순~하게 톡톡 바를 수 있고
건조하지도 기름지지도 않게 수분 촉촉해요"
2026-07-27,A000000255227,62915364,2026.07.17,5,0,OFFLINE,안개분사 미스트 기획,A02,B02,"C02,C03",0,1125.0,1,0,짱구는못말려,바이오더마 제품이 좋다고 소문이 많고 주변에서도 많이 사용해서 궁금했어요 한달사용하면서 느끼는거지만 정말 촉촉해서 좋아요! 지인에게 주변사람에 추천할만 합니다 촉촉해서 건조한 피부에 좋아요 수분감이 많아요! 흡수가 잘되어서 만족스럽네요~미스트형이라 분사력도 좋고 세안후에 바로 수분충전할수있어서 좋아요! 행사하면 또 구매하고 싶어요! 만족스러운 에센스 입니다! 추천하고 만족합니다! 안개분사형으로 사용하는게 여름에 훨씬 좋네요! 피부밀리지않고 흡수되어서 기초화장할때도 마음에 듭니다! 굿굿!
2026-07-27,A000000255227,63265872,2026.07.25,5,0,NORMAL, ,A03,B02,C09,0,900.0,1,0,밍먕묭,"이 제품은 몇 통째 사용 중인지 모를 정도로 꾸준히 재구매하고 있는 저의 정착템이에요ㅎㅎ 건성 피부라 기초제품 고를 때 보습력을 가장 중요하게 보는데, 이 에센스로션은 바르고 나면 피부가 촉촉하게 유지돼서 정말 만족하면서 사용하고 있어요.

이번 기획세트에는 미스트 펌프까지 같이 들어 있어서 더 마음에 들었어요! 펌프에 끼워 사용하면 얼굴 전체에 골고루 분사돼서 손으로 여러 번 덜어 바를 필요도 없고, 흡수시키기도 훨씬 편하더라구요ㅎㅎ

제형도 너무 무겁거나 끈적이지 않고 촉촉하게 스며드는 편이라 세안 후 첫 단계에서 사용하기 딱 좋아요. 건성인 저도 바른 뒤에 피부 당김이 거의 없고 촉촉함이 오래 유지돼서 특히 만족하고 있어요.

용량도 넉넉해서 오래 사용할 수 있고, 기획세트로 구매하면 가성비도 좋아서 항상 이 구성으로 구매하게 되더라구요. 앞으로도 계속 재구매할 예정인 믿고 쓰는 보습 로션입니당 :)"
2026-07-27,A000000255227,63087473,2026.07.21,5,0,OFFLINE, ,A03,B02,"C01,C03",0,660.0,1,0,육은영,이렇게 쫀쫀한 에센스는 첨이에옹... 수분감도 미쳤구 나이아신아마이드가 소량 함유되어서 톤이 약간 밝아지는 기분??!
2026-07-27,A000000255227,63015473,2026.07.19,5,0,OFFLINE, ,A03,B02,"C02,C03",1,594.0,0,0,팥숭이,정말 편하게 씻고 나오자마자 팍팍 뿌려주기 좋고 속건조 진짜 잘잡아줘요!! 사계절내내 쓰기좋은템! 추천입니다 개인적으로 안개분사로 구성나오기 전부터 다이소에서 사서 쓰고있는데 정말 만족
2026-07-27,A000000255227,62702391,2026.07.12,5,0,NORMAL,에센스로션 200ml 기획(+안개분사),,,,0,594.0,1,0,쥬쥬햐,같이주는 안개분사로 교환해서 잘 쓰고있어요 !! 제형이 묽어서 미스트 형식으로 사용하는게 좋은거 같아요~~
2026-07-27,A000000255227,60950644,2026.06.05,5,0,NORMAL,에센스로션 200ml 기획(+안개분사),A03,B04,"C05,C08",4,558.0,1,0,쏘프프,"어쩌다보니 쟁여템...
겨울에서 봄 넘어올 때 얼굴이 너무너무 건조해서 샀는데 아니 이렇게 빨리 더워질 줄이야...?
이젠 너무 더워서 유분 덜 나온다는 라인으로 샀음...ㅋ"
2026-07-27,A000000255227,62154523,2026.07.01,5,0,NORMAL, ,,,,1,540.0,0,0,푸파,"진짜 가격만 아님 평생 쓰고싶음
이름은 에센스로션인데 제형은 물토너라 세번정도 레이어링해주는데 그럼 속건조가 싹 잡힘
아 근데 피부에 상처있거나 예민할때 쓰면 자극이 굉장히 심한편… 무슨 성분때문인지는 모르겠는데 피부 좋을때 쓰면 더 좋아지게 해주는데 안좋을때 쓰면 악화는 아니지만 피부가 너무 따가우므로 조심해서 써야함"
2026-07-27,A000000255227,63223883,2026.07.24,5,0,NORMAL, ,A01,,"C05,C06",1,528.0,0,0,좃뺑이의대명사,우와..! 이거 진짜 대박이에요. 단종시키면 회사 앞에서 시위합니다. 단종 절대 금지!
2026-07-27,A000000255227,60557558,2026.06.01,5,0,NORMAL,에센스로션 200ml 기획(+안개분사),A02,B04,"C01,C02",2,450.0,1,0,챙잇,"🍯TIP 세안 후에 물기 마르기전 바로 얼굴 전체에 뿌려주고 
흡수해주면 얼굴 땡김도 덜해서 저는 수시로 뿌려줍니다!! 

💧차이점 : 진짜 미스트 뚜껑 만드신 바이오더마 상줘야합니다.. 에센스로션을 미스트로 쓸 수 있으니 도포하기도 편하고  분사력도 넘 좋아서 수시로 뿌리기 너무 좋아요👍🏻

사게된 이유 및 추천하는 타입 : 저는 보시다시피 바이오더마 제품 완전 좋아하는데  그 이유가 우선 건성인 저에겐 제품들 자체가 다 무난하게 잘 맞아서도 있고, 피부에 뭐가 올라오질 않아요 그래서 저처럼 민감성 건성분들이나 수부지 분들이 쓰시면 너무 좋을 것 같아요!!🫶🏻

- 너무 좋아서 저는 남자친구도 사줬더니 향도 무난하고 수시로 뿌리기 좋다며 칭찬했어용 남성분들도 무난하게 쓰는거 추천드립니당!!"
2026-07-27,A000000255227,60348414,2026.05.30,5,0,NORMAL,스트레치 화장솜 기획,A03,B02,"C01,C08",14,450.0,1,0,Kongsuni,"진짜 최고에요...! 이거 쓰고 가벼운 에센스 하나 더 챙겨바르면 요즘 같은 날씨에 속건조 안느껴져요.. 가격도 행사하면 살만하고 향료는 아쉽긴하지만 거북하진 않고 시원한 오이향? 이에요 특유의 프랑스더마 화장품냄새 ㅎ 
트러블 안올라오고 촉촉해서 좋아요 닥토로 쓰는 중인데 너무 빨리 써서 흡토 위주로 사용해주는 게 좋을 것 같아요..!
이건 진짜 재구매 ⭐️
촉촉하고 토너+스킨의 기능을 잘 하는 제품"
2026-07-27,A000000255227,63118625,2026.07.21,5,0,OFFLINE, ,,,,0,396.0,1,0,깅보르,추천 받고 산 건데 완전 만족합니다! 미스트 분사 펌프도 들어있어서 그걸로 얼굴에 뿌려서 쓰는데 진짜 좋아요
2026-07-27,A000000255227,62812196,2026.07.14,5,0,NORMAL,에센스로션 200ml 기획(+안개분사),A03,B02,"C03,C04",0,396.0,1,0,콩알,"여름에도 사용 하기  좋아요 
미스트로 해서  하는거보다 그냥 사용하는게 편하네요
다른거에 비해 촉촉한게 오래가요"
2026-07-27,A000000255227,62703876,2026.07.12,5,0,NORMAL, ,A03,B04,"C02,C03",0,396.0,1,0,향913,데일리로 꾸준하게 잘쓰고 있고 세일때마다 쟁이는 기초템입니당
2026-07-27,A000000255227,62618007,2026.07.10,4,0,OFFLINE,스트레치 화장솜 기획,A03,B05,"C01,C05",0,396.0,1,0,lsy0319,건조함이 완전히 없어지지는 않는 것 같아요 가볍고 물 처럼 흘러서 바르기는 편한데
2026-07-27,A000000255227,61078441,2026.06.07,5,0,GIFT,에센스로션 200ml 기획(+안개분사),A02,B01,"C05,C08",0,378.0,1,0,xon,안개 분사 미스트? 뚜껑 바꿔서 사용하니까 훨씬 좋는 것 같아요!
2026-07-27,A000000255227,61073173,2026.06.07,5,0,GIFT,에센스로션 200ml 기획(+안개분사),A03,B02,C05,1,378.0,1,0,hjdho,뚜껑 바꿔서 사용하니까 사용하기도 편하고 수분 충전에도 좋아요!
2026-07-27,A000000255227,61550712,2026.06.16,5,0,OFFLINE,안개분사 미스트 기획,A02,B02,"C02,C03",0,375.0,1,0,짱구는못말려,정말써보고싶었던 에센스 입니다 좋아요 미스트 형식으로 사용하니까 더 좋네요! 행사기간에 저렴하게 구매한것같아요! 세안하고 뿌리면 확실히 촉촉해지네요 건조한 피부에 찰떡입니다! 수분감이 충만한 에센스이자 스킨입니다 주변에 추천해줄정도로 만족해서 잘쓰고 있어요! 용량도 넉넉해서 좋네요! 매우추천합니다! 굿굿
2026-07-27,A000000255227,62623466,2026.07.10,3,0,NORMAL,에센스로션 200ml 기획(+안개분사),,,,0,360.0,1,0,오뎅앙,저랑은 좀 안맞는 듯한… 처음엔 좋았는데 쓰다보니 뭐가 올라와요ㅠㅠ 요새 못쓰고 있어요 그리고 안개 미스트 주는거는 진짜 쓰레기를 주셨네요.. 그냥 처음 하자마자 고장나서 토너만 다 버렸어요 줄줄 새서… 다른 다이소 미스트 공병에 담아 썼어요 토너도 저랑 안맞고 미스트 뚜껑은 이럴거면 제공하지 않는게 좋다고 생각해요 후기 보니 고장난거 많더라고요
2026-07-27,A000000255227,63245876,2026.07.25,5,0,NORMAL,스트레치 화장솜 기획,A04,B03,"C01,C02",0,300.0,1,0,아자스18,보습감 좋고약간의 미백도 된다 해서 써봤는데 좋은거 같애요. 재구매 중이고 해외 나갈 때 면세점에서 또 사려구요. 너무 좋아요. 복합성인데 이거 하면 안 건조하고 화장도 잘 먹고 좋아요. 개꿀 레이어드 해 주거나 거품 용기에 넣어서 사용하면 개 좋아요
2026-07-27,A000000255227,63226099,2026.07.24,5,0,NORMAL,스트레치 화장솜 기획,A02,B04,"C01,C11",0,300.0,0,0,몌윤,"벌써 한통 다 비웠어요!
용량도 많구 이것만큼 속건조 잘 잡아주는 얘 없음 ㅠ 
꼭!! n번 레이어링해서 바르세요!! 그래야 이 제품의 진가가 보임,..
아니근데 기획세트로 오는 화장솜 좋다는 후기가 왜 없는거죠?
저거 화장솜 진짜 좋아요. 팩토하기 최고의 화장솜
무조건 재구매 예쩡"
2026-07-27,A000000255227,63226009,2026.07.24,5,0,OFFLINE,안개분사 미스트 기획,A02,B04,"C01,C11",0,300.0,0,0,몌윤,"벌써 한통 다 비웠어요!
용량도 많구 이것만큼 속건조 잘 잡아주는 얘 없음 ㅠ 
꼭!! n번 레이어링해서 바르세요!! 그래야 이 제품의 진가가 보임,..
아니근데 기획세트로 오는 화장솜 좋다는 후기가 왜 없는거죠?
저거 화장솜 진짜 좋아요. 팩토하기 최고의 화장솜
무조건 재구매 예쩡"
2026-07-27,A000000255227,63133537,2026.07.22,2,0,NORMAL,스트레치 화장솜 기획,,,,0,300.0,0,0,꿔이,"피부타입: 볼쪽은 당김, T존 코는 유분 많음, 민감, 모낭염, 좁쌀 피부 

개인적으로 바이오더마 뚱뚱한 토너를 너무 잘쓰고 있어서 기대를 많이했는데요 .. 이거 진심 뭐가 속건조 없어진다는건지 모르겠어요 아무리 레이어링을 해도 .... 바르면 오히려 건조해져요 속당김심해지고.. 그런데도 별2개인 이유는 
메이크업 전에 바르면 오히려 건조해져서 기름 덜 나와서 가끔 쓰지만 속당김이 너무 심해져서 동생 줌요 (동생추천으로 삼, 속당김 없는 지성피부)"
2026-07-27,A000000255227,62708877,2026.07.12,5,0,OFFLINE,스트레치 화장솜 기획,A03,B03,"C01,C05",0,297.0,1,0,4602****,"4통째 잘 사용하고 있는데 패키징이랑 향은 리뉴얼 전이 훨 나아서 조금 아쉽네용

스프레이로 변경해서 사용하면 골고루 퍼지고 낭비되는 것도 줄어서 좋아요"
2026-07-27,A000000255227,62861373,2026.07.16,5,0,NORMAL,스트레치 화장솜 기획,A03,B04,"C01,C05",0,270.0,0,0,빵조하,"한달 사용 후기 입니다

건성인 엄마께서 사용할 제품으로 구매했어요.
촉촉하고 순한 제품이라 건성분 또는 수부지 분들이 사용하기 좋은거 같아요.
이전 증정으로 준 미스트 뚜껑?이랑 사용하면 더 바르기 편한거 같아요.
또, 미스트 뚜껑을 증정해주면 좋을 거 같아요!"
2026-07-27,A000000255227,61574611,2026.06.17,5,0,NORMAL, ,A03,,,0,270.0,1,0,발리,"​[한줄평] 아침 운동 후 퀵 수분 충전 1등 공신! 스킨 하나로 앰플 바른 효과가 나요.
​▪️ 제형 & 보습력: 완전 찰랑거리는 물은 아니고 아주 살짝 점성이 있는 워터 에센스 제형입니다. 매일 아침 수영이나 러닝하고 씻고 나오면 얼굴이 금방 당기는데, 이때 바로 손에 덜어서 촵촵 두드려 흡수시켜 주면 메마른 피부에 수분이 쫙 빨려 들어가는 느낌이에요.
▪️ 피부 결 개선 & 흡수력: 스킨케어 여러 개 바를 시간 없이 바쁠 때 이것만 두세 번 레이어링 해줘도 속건조가 완벽하게 잡힙니다. 약하게 각질 정돈 효과도 있는지 꾸준히 쓰니까 피부 결이 정말 깐 달걀처럼 매끈해졌어요.
▪️ 마무리감: 끈적임 없이 산뜻하게 쏙 흡수돼서 바로 베이스 메이크업을 올려도 절대 밀리지 않습니다.
▪️ 총평: 바쁜 아침 스킵케어가 필요하지만 보습은 포기할 수 없는 분들의 필수템입니다. 대용량이라 팍팍 쓰기 좋아요!"
2026-07-27,A000000255227,61283779,2026.06.11,5,0,OFFLINE, ,A03,B03,"C02,C04",0,270.0,1,0,개펴니,여름에 로션바르니 너무 기름져서 뿌리는 걸로 한 번 사봤는데요. 완전 만족!!! 흡수 잘 됩니다. 지인에게 ㅊㅊ할 만 하고요. 두 번 정도 레어링 하면 속까지 촉촉합니다. 안개분사 미스트 있는데 이건 ㄷㅇㅅ 걸로 바꾸려고요. 좋긴 좋은데 약간..... 좀 그래요. 앞으로 계속 쓸 것 같아요!!
2026-07-27,A000000255227,60968516,2026.06.06,5,0,NORMAL,에센스로션 200ml 기획(+안개분사),A07,B03,,1,270.0,0,0,라이트톤팩덕후,"3월 올영세일에 23310원에 구매
6월 올영세일 (막날기준) 23660원

안개분사 스프레이 증정기획인데, 안개분사는 안되고 그냥 칙칙 분무기 스프레이임.

이거 고무마개 빼고 스프레이 헤드 갈아끼는게 정말힘든데....... (진짜 개선있었으면 좋겠음 손다칠듯)

찾아보니 다들 그냥 뺐길래...
나는 족집게 한쪽 사용했고,
그걸로 지렛대의 원리처럼 들어올리려고 하다보면 조금씩 움직임... 그냥 뺐음 그렇게

스프레이 갈아끼는 사람들 모두 파이팅"
2026-07-27,A000000245794,63061528,2026.07.20,5,0,NORMAL, ,A04,B03,"C01,C02",6,5400.0,1,0,스킨토커,"유튜버들이 많이 추천해서 궁금해서 구매해봤는데 왜 유명한지 알겠더라구요
2~3일에 한 번씩 T존 위주로 사용했는데 피지가 이전보다 덜 올라오는 게 확실히 느껴졌습니다

블랙헤드나 모공 관리에도 도움이 되는 느낌이라 꾸준히 사용할수록 만족도가 더 높았어요✨

가격은 조금 있는 편이지만 한 번에 소량만 사용해도 충분해서 생각보다 오래 사용할 수 있고, 효과를 생각하면 아깝지 않은 제품이었습니다
피지 고민 있으신 분들께 추천드려요"
2026-07-27,A000000245794,62855658,2026.07.15,5,0,NORMAL, ,A01,B03,"C01,C02",2,2214.0,1,0,ginn,"수부지 기준 이마, 코, 턱에 소량씩 사용 중!
자극감은 딱히 안 느껴져서 각질제거 하는 날 제외하고는 거의 매일 사용중입니다!!

턱에 요철이나 각질이 완전 말끔하게 사라지진 않지먄 진짜 많이 괜찮아졌어용! 구매하길 잘한템!"
2026-07-27,A000000245794,62993397,2026.07.19,5,0,NORMAL, ,A04,B01,"C01,C05",2,1674.0,1,0,봉춘,"오 무엇보다 자극이 1도없어서 좋아요, 효과는 좀더써봐야 나타나겟지만 처음느낌은 일반 워터타입 토너처럼 흐르면서 수분잡아주는듯해요, 꾸준히 사용해볼게요! 감사합니당ㅎㅎ"
2026-07-27,A000000245794,62888669,2026.07.16,5,0,NORMAL, ,A03,B02,"C06,C07",4,1674.0,0,0,료멘스쿠나,"개기름이 덜 해진다는 리뷰 보고 따라 구매했는데 진짜인 거 같아요
일주일에 2번 해주면 진짜 피부가 개기름 덜해지는 거 같아요
이거 찐이에요
저 재재재구매할 것 같아요
지성피부분들 꼭 써보세요"
2026-07-27,A000000245794,63272156,2026.07.25,5,0,NORMAL, ,A04,B03,C01,0,1512.0,1,0,doota,"여름철 기름낀피부 한번정리필요할때
피지잘녹고 피부결정돈 손쉬운편
토너처럼 바르기만하면 되서 뒤에바를세럼과의 제형충돌없이 깔끔하게 각질제거됨
여름철 필수템 자극감딱히 못느낌"
2026-07-27,A000000245794,63115059,2026.07.21,5,0,NORMAL, ,A03,B03,C02,1,1512.0,1,0,델리아7,폴라초이스 바하 스킨이 블랙헤드에 좋다고해서 구매했는데 정말 많이 좋아졌어요 피지분비가 좀 줄어서 모공도 적어진것 같고 사용감도 좋아요👍🏻😁
2026-07-27,A000000245794,62197641,2026.07.02,5,0,NORMAL, ,A02,B05,C01,5,1116.0,0,0,토뀨,피부가 야들야들 해져서 화장 진짜 잘 먹어요ㅋㅋ 비싸서 아껴써야함
2026-07-27,A000000245794,63124010,2026.07.22,5,0,NORMAL, ,A04,B05,"C01,C02",0,1080.0,1,0,밀크초코쿠키,"벌써  몇 통째 사용 중인지 모를 정도로 피지관리에 꼭 필요한 제품입니다.  모공에 쌓인 피지를 부드럽게 녹여주고 관리해주는 제품이에요 화장솜에 적셔얼굴, 목, 가슴,등, 귀 뒤 등 피지가 잘 쌓이는 곳을 닦아보면 개운하면서 더욱 뽀득한 느낌을 받을 수 있어요. 사용후 나이아신아마이드와 함께 사용해도 흡수도 잘 되고 궁합도 좋아 함께 추천드립니다."
2026-07-27,A000000245794,62018889,2026.06.28,5,0,NORMAL, ,A02,B01,C10,3,900.0,0,0,새콤달콤캔디,"토너로 피부결 정리한 다음 적당량을 덜어 화장솜이나 손으로 흡수시키고 물로 씻어 낼 필요 없이 바로 다음 스킨케어 제품 바르면 돼요. 
따로 팩하듯 시간 들이고 씻어내는 과정 없이 간편하게 각질, 피지, 블랙헤드 관리할 수 있는 점이 마음에 드네요. 
아침, 저녁 다 사용 가능하지만 개인적으로는 저녁에만 사용 중이며 되도록 민감한 눈가, 입가는 피해 바르는데 사용하는 동안 피부 자극이나 트러블이 올라오지 않아 잘 사용 중이에요. 
바하 리퀴드 30ml 더 들어 있어 구성도 만족하고 다 사용하면 재구매 의사 있어요."
2026-07-27,A000000245794,61455865,2026.06.14,4,0,NORMAL, ,A04,B03,"C01,C02",7,630.0,1,0,스킨토커,"폴라초이스 바하 리퀴드 엑스폴리언트 사용해봤어요🩶

피지와 블랙헤드 관리용으로 유명해서 구매해봤는데 확실히 피부결 정돈에는 도움이 되는 느낌이었어요✨
다음날에 피지가 좀 덜끼는 느낌...?

다만 매일 사용하기보다는 피부 상태에 맞게 사용하는 게 좋은 것 같아요.
과하게 사용하면 건조함이 느껴질 수 있어서 저는 주 2~3회 정도 사용하고 있습니다.

그리고 개인적으로는 너무 넓은 부위에 많은 양을 사용했을 때 좁쌀이 조금 올라왔던 적도 있어서 양 조절은 꼭 필요하다고 느꼈어요🥹
그래서 얼굴 전체보다는 피지나 모공이 고민되는 부위 위주로 사용하는 걸 추천드립니다.

수부지나 피지, 블랙헤드 고민 있는 분들이 사용해보기 괜찮은 제품 같아요💖"
2026-07-27,A000000245794,63273250,2026.07.25,5,0,NORMAL, ,,,,0,540.0,1,0,syyang,"폴라초이스 바하 리퀴드 엑스폴리언트는 각질과 피지를 부드럽게 정돈해주는 제품이라 꾸준히 사용하기 좋았습니다. 세안 후 화장솜에 덜어 피부결을 따라 닦아주면 끈적임 없이 산뜻하게 마무리되고, 다음 단계의 스킨케어도 잘 흡수되는 느낌이었어요.

사용할수록 코 주변의 블랙헤드와 피지 관리에 도움이 되었고, 피부결도 한층 매끄러워져 메이크업이 더욱 깔끔하게 표현되었습니다. 자극이 심하지 않아 주 2~3회부터 시작해 피부 상태에 맞게 사용 횟수를 늘리기 좋았습니다.

118ml 본품에 30ml 추가 구성까지 포함된 기획이라 가성비도 뛰어나고 여행이나 휴대용으로 사용하기에도 편리했습니다. 각질, 모공, 피부결을 한 번에 관리하고 싶은 분들께 추천하고 싶은 제품입니다."
2026-07-27,A000000245794,62529782,2026.07.08,5,0,NORMAL, ,A03,B04,"C01,C02",6,540.0,1,0,야호몬스터,"비포가 없어서 아쉬운데요. 효과 확실히 있어요.
*이마쪽 피부 착색 자리가 붉은색트러블 이었고
세수하고 바르고 당일 저녁부터 붉은기 70% 감소했었고 느낌은 촉촉하고 따가운건 없었어요.
그날 저녁부터 감탄했습니다. 진짜.

피부장벽이 무너진건지 몰라도 나이 먹고 트러블이 툭하면 생겨서 (화이트 헤드와 피지 막힘 이슈로 얼굴이 화산형 인간)이 되었구요.
(얼굴에 뭘해도 트러블)이 생기니 (타제품 바하나 아하)다 써봤으나 큰 소득이 없었구요

답답했던 와중에 2년전에 이 제품 쓰고 괜찮았던 기억이 떠올라 구매했고 결과는 아주 좋았습니다.
 1년 내내 써야 겠다는 생각이 드네요.

여하튼 제품 쓰고 (그날 저녁부터 피부 컨디션 좋아졌습니다.)타사꺼 썼을때 비교하면 바하 아하  들어간다고 다 좋은게 아닌가봐요. 흡수도 다르고 이렇게나 바로 달라질 일인가 싶네요. 추천하고 싶어요 저랑 비슷한 분들."
2026-07-27,A000000245794,63323050,2026.07.26,5,0,NORMAL, ,A03,B01,"C05,C06",0,528.0,1,0,cookhap,후기가 좋아서 구매했는데 너무 만족합니다. 여름에는 필수 제품이 에
2026-07-27,A000000245794,61736837,2026.06.21,5,0,NORMAL, ,A03,,"C01,C02",2,450.0,1,0,심식빵,"바하 리퀴드 제품은 각질제거와 모공케어, 보습 등을 도와주는 추천템이래요. 요 바하 제품은 블랙헤드나 화이트헤드가
고민인 사람, 피부 트러블 케어 등을 원하는 사람들한테 추천하는 템이라고 해요. 말 그대로 리퀴드! 액상형이에요. 흐르는 타입의 토너라고 생각하면 될 거 같아요. 묽다...보단 그냥 물에 가까운 수준?! 액상형 토너에 가깝답니다. 피부에 닿는 순간 시원한 느낌이 들더라구요. 저는 사용했을 때 민트를 먹은 것처럼 화한 느낌이 살짝 느껴졌답니다."
2026-07-27,A000000245794,63200532,2026.07.23,5,0,NORMAL, ,,,,0,396.0,1,0,진258,"여름이라 처음으로 각질제거제 사서 썼는데
지워낼 필요없이 토너처럼 쓸수있어서 넘 좋은것 같습니다
무엇보다 순해서 좋은거 같아요!
추천합니다"
2026-07-27,A000000245794,62586124,2026.07.10,5,0,NORMAL, ,A03,B04,"C01,C02",0,396.0,1,0,굼쓰,"자극까지는 모르겠지만
꽤나 괜찮은가 싶어서 써보는 중이요"
2026-07-27,A000000245794,62575773,2026.07.09,5,0,OFFLINE, ,,,,2,378.0,0,0,S200,좋아요 무난하게 쓰기 굿입니다 아주 잘 사용라고 있어요 최고
2026-07-27,A000000245794,61489915,2026.06.15,4,0,NORMAL, ,A01,B03,"C01,C02",3,378.0,1,0,ginn,"구독하고 있는 유튜버 추천템 이라서 구매!

올영 세일때 구매했는데 예약발송 때문에 이제 받아봤지먄 요즘 화장하면 각질 올라오고 껍질처럼 뜨는게 보여서.. 쓰고 효과 있었으면 조케쑴!"
2026-07-27,A000000245794,63108541,2026.07.21,5,0,NORMAL, ,A03,B06,"C03,C04",0,360.0,0,0,ANNCI,"코블랙헤드에 아주 탁월해요!!!
요즘 블랙헤드가 좀 진해보인다? 싶어서 이걸로 코팩 한 5분? 해주고 살살닦아주면 확실히 연해쟈있고 오돌토돌한것도 없이 맴들맨들해쟈됴!!!
간단히 코팩하기 좋은 제품입니다!!!
얼굴전체쓰기엔 좀 그래요
너무 오래올려두면 자극있구요 5분이 딱 적당했어요!!!
무엇보다 안씻어내도 돼서 너무 좋음!!!"
2026-07-27,A000000245794,62578716,2026.07.09,5,0,NORMAL, ,,,,4,350.0,0,1,삉잇,"진짜 예민한 날에만 피부 자극 살짝 느껴지고 그 외엔 괜찮아요! 이거 쓰고 피부가 정말정말 좋아졌어요 ㅜㅜ
밤토너 하나만 바꿨을 뿐인데 피부가 탈바꿈됨 ㅜㅜ
피지 고민인 사람, 좁쌀 고민인 사람 츄라이 해보세여
이거 쓰고 피지가 모공 막아서 생기는 여드름 갑자기 거의 안올라와요.. 화이트헤드도 확 줄음.."
2026-07-27,A000000245794,63027160,2026.07.19,5,0,GIFT, ,A02,B01,C05,0,270.0,0,0,Kmkm9x,주 2~3회 저녁에 사용했는데 피부결이 한층 매끈해지고 코 주변 피지가 줄어드는 것이 느껴졌습니다. 처음에는 약간 따끔했지만 금방 적응했고 다음 날 화장이 훨씬 잘 먹었습니다. 과하게 자극적이지 않아 꾸준히 사용하기 좋았고 모공 관리에도 만족도가 높았습니다. 각질 때문에 고민인 분들에게 추천하고 싶은 제품입니다.
2026-07-27,A000000245794,62804396,2026.07.14,5,0,NORMAL, ,A01,B06,"C05,C08",0,270.0,0,0,이댠,"지성이라 여름에 피지 관리해보려고 시켜봤어요!
정말 물같은 제형이라 얼굴에서 흐르기 전에 호다닥 두드려서 흡수시켜 주면?? 얼굴이 바삭? 하는 느낌으로 블러처리된? 느낌으로 매트해지는 느낌이 나요!!
코쪽 요철이 좀 줄어드는 느낌도 있는 것 같은데, 바르고 시간이 지나면 이마나 인중, 코 부분이 붉게 올라오면서 따갑고 자극되는 느낌이 들긴 합니당.."
2026-07-27,A000000245794,61571343,2026.06.17,5,0,NORMAL, ,A04,B04,C07,7,270.0,0,0,Meomeo7,"블랙헤드와 모공 관리에 관심이 있어 사용해봤는데 기대 이상으로 만족스러웠습니다. 세안 후 화장솜에 적셔 사용하니 피부결이 점점 매끄러워지는 느낌이 들었고, 특히 코 주변의 피지 관리에 도움이 되었습니다. 사용 후 피부가 부드럽게 정돈되어 화장 밀착력도 좋아졌어요. 꾸준히 사용하면 모공과 각질 관리에 도움이 되는 제품이라 추천하고 싶습니다."
2026-07-27,A000000245794,60679392,2026.06.02,5,0,NORMAL, ,A02,B06,"C05,C08",5,270.0,1,0,brandu98,자극 없이 각질 제거가 가능하다고 해서 구매해봤어요. 처음에 가격이 조금 비싸서 고민했는데 매일 쓰지 않고 조금 조금씩 사용하다 보니까 꽤 오랫동안 사용할 수 있어서 만족스러운 것 같습니다. 자극 없이 각질 제거를 하기 때문에 요철 관리나 트러블 케어에도 효과가 좋은 것 같아요
2026-07-27,A000000245794,62578928,2026.07.09,5,0,NORMAL, ,,,,3,250.0,0,0,삉잇,"피부가 정말 예민한 날에만 살짝 자극적
수부지.. 이 바하리퀴드를 만나고 피부 인생이 달라지다..
여드름이 많은 편은 아닌데 피지가 진짜 심해서 피지 짜면서 얼굴에 패인 흉터, 얼룩이 많이 생겼는데 이걸 진작에 알았으면 흉이 안지지 않았을까..?싶었음
요철이나 피지가 모공막아서 생기는 땅땅한 여드름이 이거 쓰고 진짜 거의 안올라와요.."
2026-07-27,A000000245794,61879275,2026.06.25,5,0,OFFLINE, ,,,,15,225.0,1,0,닉멀로하지,"이마랑 나비존, 턱에 여드름도 아니고 화이트헤드도 아닌것이 너무너무 거슬려서 해결방법을 찾아보다가
아하, 바하성분으로 각질제거 &피지조절 + 수분위주제품으로 수분충전 해주면 된다길래
피지녹임용으로 이걸 골랐어요
사실 좀 충동구매라 사면서 별 기대 안했는데 3일만에 다 들어감 ㄷㄷ

저는 저녁에 1/2화장솜에 묻혀 10분정도 얹어두었다가
화장솜을 떼지 않고 바로 수분 위주의 팩을 30분정도 해주었어요

순서대로 바르기전, 2일차, 3일차 사진입니다 
조금 민감한 건성이라 데일리로 매일매일 사용하기는 어려울 것 같지만 여름에는 잘 쓸 것 같네요

3일만에 오돌도돌이들이 다 들어가서 너무 좋습니다 ^^
오돌도돌이 보유자분들에게 추천드려요

+ 건성분들은 팩처럼 사용하시고 나면 이틀정도는 수분크림에 선크림정도만 바르시는거 추천드려요
오돌도돌이 들어갔다고 다음날 신나서 바로 파데 올렸는데 이마가 약간 따가워서 다 지웠어요 .. ㅎㅎ"
2026-07-27,A000000245794,63204877,2026.07.24,5,0,NORMAL, ,,,,0,220.0,1,0,에브리먼데이,"아직 사용 전이라 잘 모르겠어용 ㅎㅎ 사용해보고 후기 수정할게요!
30ml 증정품도 같이 주니까 넘 ㅈㅎㅎ아요"
2026-07-27,A000000245794,61893469,2026.06.25,5,0,NORMAL, ,A03,B02,C01,7,198.0,0,0,빠라빠라밤팜,블랙헤드랑 요철 고민인 사람 무조건 사셈ㅋㅋㅋ 이거 쓰고 피부 광명 찾음 ㅠㅠ 단독 기획으로 30ml 더 줘서 구성 대박임!
2026-07-27,A000000245794,61745164,2026.06.21,5,0,NORMAL, ,A03,B03,C02,2,198.0,1,0,델리아7,"블랙헤드랑 모공때문에 폴라초이스 바하 리퀴드를 구매했는데 구성도 좋고 모공에도 도움이 되요
👍🏻😁"
2026-07-27,A000000245794,61600939,2026.06.18,5,0,NORMAL, ,A03,B06,C05,2,198.0,0,0,마냐오,"데일리로 각질 피지 관리하는데 좋아요~
여름이라 더 잘 쓰고 있습니다."
2026-07-27,A000000258291,63209055,2026.07.24,5,0,OFFLINE,본품X2+밸런스풀20ml+선크림20ml,A02,B01,"C01,C04",0,900.0,1,0,81프로서울지점,"일단 뭘 이것저것 많이 줘서 좋네요ㅎㅎ...

저는 건성이지만 여름에는 복합성입니다. 다른 제품이랑 레이어드 한다는 전제 하에 겨울까지도 쓸 수 있을 것 같아요.
완전 흐르는 제형은 아니고, 살짝 점성이 있습니다. 그럼에도 꽤나 빠르고 가볍게 흡수된다는 느낌이었고요.
간혹 뭔가 막 같은게 생겨서 감싸는 느낌이 나는 세럼이 있는가 하면, 너무 물 같아서 증발이 되는 세럼이 있는데 이건 둘 다 아니고 가볍게 속보습 채워주는 세럼입니다.

그렇다고 해서, 당연히 이제품만으로 속건조가 해소되는 것은 아니고 크림이랑 같이 병행을 해야 합니다.
근데 토리든 크림은 개인적으로 가볍다는 생각이 들어서 진짜 보습을 원하시는 분들은 타사의 묵직한 보습크림을 사용하시는 걸 추천합니다"
2026-07-27,A000000228103,61691687,2026.06.20,3,0,NORMAL,[기획] 세범 헤어 마스카라+세범 미스트,A01,,,86,3132.0,1,0,드라이브뚜루,"ㅋㅋㅋ... 미스트 분사가 사진처럼 나가서 사용불가... 
마스카라는 좋아요"
2026-07-27,A000000228103,62827534,2026.07.15,3,0,OFFLINE,[기획] 세범 헤어 마스카라+테일 콤,A01,B04,"C04,C06",3,1890.0,0,0,우후우루루운,"거품 안나는 세범 지워주는 마스카라 타입의 제품 드라마틱하게 보송해지지 않음에도 정가 약 2만원 가까이하는 게 다소 비싸게 느껴짐. 

마스카라 타입 특성상 끝까지 쓰기도 힘들고 사용횟수도 적을 거 같음. 무엇보다 가장 usp인 부분이 비포앤애프터가 확실하지 않아서 재구매하지 않을 거 같음. 

세범카라인데 왜 빗을 증정으로 주는 지도 잘 모르겠음ㅠㅠ 나르카의 다른 고정 카라를 잘 쓰고 있었으나 이 제품은 실망스러움.

두피쪽에 바르는 제품은 아니다보니 두피 자극이 느껴지진 않았습니다"
2026-07-27,A000000228103,63065397,2026.07.20,5,0,NORMAL,[기획] 세범 헤어 마스카라+테일콤,A03,B02,"C06,C09",0,1800.0,1,0,리락쿠마쿠마,앞머리 있으신 분들은 무조건 공감하실텐데 여름에 덥고 습하면 금방 앞머리가 축축해지고 유분기가 돌잖아요 ㅜㅜ 저도 그런데요 특히나 지성 피부라 이마 유분 때문에 더 빨리 떡지더라구요 그렇다고 매번 파우더를 칠하자니 귀찮고 머리가 하얗게 떠서 아쉬움이 많았는데 추천템으로 떠서 구매하게 되었어요 그냥 마스카라나 빗질하는 기분으로 슥슥 빗어주면 되고 시간이 좀 지난 후에 꼬리빗이나 빗으로 다시 정리해주면 보송보송한 앞머리가 완성 돼요 일단 스프레이나 파우더는 밖에서 사용 못하는데 이건 남한테 피해주지 않고 사용 가능해서 좋았습니다 특유의 냄새가 있긴한데 전 크게 거슬리지 않았어요!
2026-07-27,A000000228103,62865083,2026.07.16,5,0,OFFLINE,[기획] 세범 헤어 마스카라+세범 미스트,,,,2,1575.0,1,0,육은영,"나르카 제품 인스타 광고보고 내 떡지는 앞머리에 뭐라도 발라보자 하고 사봤는데 지립니다 이거...
우선 처음 발랐을 때 이게 파우더가 들어있는지도 모르게 머리가 젖어서 욕이 나왔는데 조금 말리니까 개뽀송뽀송해져서 내 머리가 감고 바로 말린상태가 되어버립니다...카라형태랑 미스트형태 기획으로 샀는데 카라형태는 딱 앞머리용! 미스트형태는 정수리부분 뿌리기 아주 좋아요~~ 너무 좋아서 한 번 더 삼"
2026-07-27,A000000228103,61125500,2026.06.08,5,0,NORMAL,[기획] 세범 헤어 마스카라+테일콤,A03,B02,"C06,C09",16,810.0,1,0,리락쿠마쿠마,요게 올영 세일 추천템으로도 비추천템으로도 뜨더라구요 앞머리가 맨날 떡지는 사람이라 궁금해서 한 번 구매해봤어요 일단 향은 호불호 갈릴 것 같긴 해요! 전 별 생각 안 들긴 했습니다 앞머리에 슥슥 빗어주고 마를 때까지 잠깐 기다려줬다가 빗으로 슥슥 빗으면 확실히 앞머리가 보송보송 해져요 파우더 바르면 머리 하얗게 되거나 가루날림 싫으신 분들 아님 파우더 스프레이 뿌리기엔 눈치 보이시는 분들은 잘 사용할 것 같습니다! 저도 밖에서 사람 많을 때 쓰려고 산 거였어서 이 점은 만족스러웠어요 여름에 앞머리 떡질 때마다 잘 써보려구요
2026-07-27,A000000228103,62526126,2026.07.08,4,0,NORMAL,[기획]세범 헤어 마스카라+세범 미스트,A02,B03,"C01,C03",0,756.0,1,0,멍예,앞머리 유분을 정말 빠르게 제거해줘서 만족스러운 제품이라 재구매 했어요
2026-07-27,A000000228103,63151165,2026.07.22,1,0,NORMAL,[단품] 세범 헤어 마스카라,A03,B02,"C02,C08",1,720.0,0,0,소세지미,"🚫사지마세요!!!!!🚫
최악..; 진짜 돈 아까우니깐 리뷰 잘보고 사세요..ㅠ 저는 그냥 유튜브 릴스 광고만 보고샀는데....냄새 진짜 넘 독하고 무엇보다도 앞머리가 뽀송???진짜 모르겠어요..; 바르면 일단 축축해져서 기분나쁜데 금방 마르는것도 모르겠고 말라도 뽀송 진짜 모르겠음..돈아끼세요 제발"
2026-07-27,A000000228103,62861687,2026.07.16,4,0,OFFLINE,[기획] 세범 헤어 마스카라+테일 콤,A03,B04,"C03,C09",1,675.0,0,0,음슴체리뷰어,"향은 후기처럼 꽃향기? 생각보다 강하다고 생각할 수있지만 난 괜찮았음.
첨에 바르면 촉촉하다 마르면서 유분 잡아줌.
바싹 바르기보다 적당히 잡는 느낌임.
단점 별견함.
같은곳을 바르고 말리고 루틴을 3번정도 해봤는데
비듬처럼 하얀것들이 낌.
한번만 하길 바람."
2026-07-27,A000000228103,62104296,2026.06.30,5,0,NORMAL,[기획]세범 헤어 마스카라+세범 미스트,A01,B02,"C05,C06",2,540.0,1,0,치쥬,"처음에는 효과가 없나? 싶었는데 쓰다보니 괜찮네요.
매일 머리 감아도 낮 되면 금방 앞머리에 기름 끼는 사람인데요, 

원래는 노세범 파우더 계속 썻는데, 파우더 가루날림이 너무 심하구, 많이 덧바르면 오히려 떡지는 느낌이 있는 것 같아 고민하다가 나르카 신제품 나왔다길래 구매해봤는데 괜찮아요!

빗처럼 슥슥 빗어주기만 하면 되고, 소지하고 다니기도 좋은 사이즈라 매일 매일 사용중입니당

기름에 절여질 정도의 지성분이 아니시라면,,, 무난하게 쓰시기 좋을 듯!

유일한 아쉬운 점은 가격... 사이즈를 좀만 크게 만들어주시거나 가격을 좀 낮춰주세요 ㅠ"
2026-07-27,A000000228103,62096299,2026.06.30,5,0,OFFLINE,[기획] 세범 헤어 마스카라+세범 미스트,A02,B01,"C01,C02",1,540.0,1,0,하늘별사탕,"아침에 머리를 감아도 오후만 되면 유분기가 올라오는 지성 두피인데, 이 제품은 정말 너무 좋아요. 일반 노세범 파우더는 가루 날림이나 하얗게 묻는 게 불편했는데 이 제품은 미스트와 헤어 마스카라 타입이라 가루 날림 없이 깔끔하게 사용할 수 있어요. 앞머리는 헤어 마스카라로 쓱쓱 빗어주면 금방 보송보송해지고, 정수리에는 미스트를 뿌려주면 냄새 케어까지 되어서 좋았어요. 휴대하기 좋은 사이즈라 외출할 때도 편하고, 점심에 한 번 사용했더니 늦은 밤까지 앞머리와 정수리가 보송보송하게 유지되어서 지속력이 정말 좋아요. 지성 두피나 여름철 앞머리 유분 고민 있는 분들께 추천해요."
2026-07-27,A000000228103,61993162,2026.06.27,5,0,NORMAL,[단품] 세범 헤어 마스카라,A02,B04,"C01,C04",1,540.0,1,0,진짜이것까지만산다,"여름에 앞머리만 기름질 때가 많아서 스트레스였는데 이거 쓰고 고민 해결 ,,,,

솔로 싹싹 빗어주면 기름기가 제거돼서 너무 꿀템이예요 삶의 질 상승함 🥹🥹

뭔가 마스카라 영양제 같은 케이스인데 냄새도 뽀송한 .. 샴푸 느낌이라고 해야하나 낫배드예요!

여름이고 겨울이고 기름지다 할 때 잘쓸 것 같아요.. 나르카 최고"
2026-07-27,A000000228103,61893461,2026.06.25,5,0,OFFLINE,[기획] 세범 헤어 마스카라+세범 미스트,A04,B03,C13,1,450.0,1,0,잇쁘,개조흔데요…?? 노세범파우더 챱챱 바르는 것보디 훨씬 좋아요 가루날림도 없고 사용하기 좋고 머리 안감은거아니라 말릴때 습한데서 말리고 로션발라서 떡졌는데 이렇게 나가기 너무 억울해서 샀는데 갈라짐 싹 사라짐 들고다니기도 편하고 앞머리있는사람 여름 필수템이에요@@@
2026-07-27,A000000228103,63206925,2026.07.24,5,0,NORMAL,[단품] 세범 헤어 마스카라,A03,B03,"C02,C06",0,396.0,1,0,k202303119****,향이 딱 그 화장품 향이긴 함 근데 양조절 잘못하면 축축해지고 처짐 고데기 약건 풀림 근데 파우더는 가루도 날리고 잘못하면 햐야지는데 이건 쓱 하고 약간 만져주면 끝나서 잘쓸둣
2026-07-27,A000000228103,62967622,2026.07.18,4,0,NORMAL,[단품] 세범 헤어 마스카라,A01,B03,"C02,C05",0,396.0,1,0,나는야캐럿,"일단 정말정말 양 조절을 잘해야 함
향은 호불호가 갈리긴 하는데
살짝 아빠들 향느낌이 조금 있어요
효과는 너무 좋아용"
2026-07-27,A000000228103,62627634,2026.07.10,5,0,NORMAL,[기획]세범 헤어 마스카라+세범 미스트,A01,B04,"C01,C02",0,396.0,1,0,올챙쥐,이거 샴푸가 아닌데 위에 별주는 카테고리가 샴푸로 되어있는듯 ㅋㅋ 픽서에 거품이 나면 어떻게 합니까 라이브때 두 종류 다 사봄 픽싱이 잘 되어서 만족 근데 개비싼건 에바임
2026-07-27,A000000228103,62455455,2026.07.07,5,0,NORMAL,[기획] 세범 헤어 마스카라+세범 미스트,A01,,C05,0,396.0,1,0,타무라,이 구성이 제일 좋은데 어딜 가도 품절이라 멀리 나가서 사왔어요... 이정도 사이즈가 들고 다니기 제일 좋은것 같습니다
2026-07-27,A000000228103,62294544,2026.07.04,5,0,NORMAL,[기획] 세범 헤어 마스카라+테일콤,A03,B02,"C01,C02",0,396.0,1,0,져니26,머릿결 정리하는데도 효과적이고 무엇보다 냄새도 좋아서 머리를 다시감는(?) 기분입니다
2026-07-27,A000000228103,62096675,2026.06.30,4,0,NORMAL,[기획]세범 헤어 마스카라+세범 미스트,A03,B01,"C01,C03",0,396.0,1,0,noynj,"이니스프리 노세범만큼 효과는 잘 모르겠어요. 
낮에 바르고 나서 저녁이 되었을 때, 머리카락에 하얗게 남아있더라고요;
광고에 낚인 기분입니다ㅎ"
2026-07-27,A000000228103,62068674,2026.06.29,5,0,NORMAL,[기획] 세범 헤어 마스카라+테일콤,A02,B01,"C03,C09",0,396.0,1,0,theqxi,앞머리가 오래 깔끔하게 유지돼서 만족스러워요. 끈적임 없이 자연스럽게 고정되어 매일 사용하기 좋은 제품입니다!
2026-07-27,A000000228103,62021574,2026.06.28,5,0,OFFLINE,[기획] 세범 헤어 미스트 80+20ml,,,,3,396.0,0,0,뚜왑뜌왑압,기존의 드라이샴푸들은 하얗게 흔적이 남는게 싫었는데 요 제품은 흔적없이 유분기만 싹 잡아줘서 좋아요
2026-07-27,A000000228103,63338502,2026.07.27,5,0,OFFLINE,[단품] 세범 헤어 마스카라,A02,B05,"C03,C06",0,360.0,0,0,나를모르느냐,향 좋고 아쉬운 점은 액이 너무 많이 묻은 곳은 그냥 하얗게 건조 되는데 그게 굳으면 잘 떨어지지도 않고 근데 그거는 저만 조심하면 되는거라 양 조절이 조금 진짜 조금 어려워서 4점 했는데 사실 재구매 했어요 스프레이 보다는 그냥 바르는데 좀 더 호흡기?나 피부에는 좋을 것 같아서용
2026-07-27,A000000228103,63189633,2026.07.23,5,0,NORMAL,[기획] 세범 헤어 마스카라+테일콤,A03,B01,"C08,C09",0,360.0,0,0,V,"반곱슬에 숱이 많아서...습할 때는 특히나 더더욱 잔머리 고정하는 제품이 필요했는데...나르카 하드픽스, 하입핏, 세범 모두 구매해서 잘 사용하고 있어요...밖에서 휴대하면서 자연스럽게 편하게 막 사용하기에 매우 좋았어요.
올영에서 구하기도 쉽고...앞으로도 계속 사용할 제품이라 세일하면 쟁이고있어요.
고정력은 역시 하드픽스가 제일 만족스럽지만, 신기하게 보송하게 표현되는 점이 매력인 제품이에요.
맘편히 빗질도 자주 마구 해도 괜찮아서 좋아요...이 제품으로 다시 원하는대로 다시 표현해주면 되거든요.
휴대용 키링 머리빗은 펼치면 크기도 크고, 은근히 쓸모가 좋네요~"
2026-07-27,A000000228103,62668953,2026.07.11,5,0,OFFLINE,[기획] 세범 헤어 마스카라+세범 미스트,A03,B06,"C01,C06",0,330.0,1,0,Seol2017,올리브영 갔다가 필요해서 샀는데 무난하게 좋은거같아요!!
2026-07-27,A000000228103,62323288,2026.07.04,5,0,OFFLINE,[기획] 세범 헤어 마스카라+테일 콤,A03,B03,"C01,C02",3,330.0,0,0,올영팔루자,아니 이거 ㅈㅉ좋아요 별기대안햇는데ㅜㅜ 이런 제품들 파우더향같은거 나거나 멀미나는냄새 나는경우 많은데 얘는 그룬거업ㅎ이 산뜻하고요 바르고 빗어주면 앞머리가 바로 이산가족이돼요 ㄴㅁ좋음 액체라서 가루생길일도없고 굿
2026-07-27,A000000228103,62104514,2026.06.30,5,0,NORMAL,[기획] 세범 헤어 미스트 80+20ml,A02,B04,"C02,C03",0,330.0,1,0,류냉정,장거리 출퇴근자라 주5일 출근중에 4일은 머리를 안감고 출근하는데 오후되면 스멀스멀 개기름이 올라와서 구매했는데 아주 만족적이에요!! 그리고 냄새까지 좋아서 정수리 냄새 피할수있을득
2026-07-27,A000000228103,63225368,2026.07.24,5,0,NORMAL,[기획]세범 헤어 마스카라+세범 미스트,A03,B06,"C01,C08",0,300.0,0,0,iceteaTT,"🛒 구매후기 

머리에 유분이 많은 분들은 모두 공감하실 아침에 머리 감아도 점심부터 스멀스멀ㄹ 올라오는 유분과 떡짐으로 인한 갈라짐.. 👎

기존 스프레이형 드라이샴푸는 모두에게 &#039;저 여기서 드라이샴푸 뿌려요~~&#039;하는 소리와 가루날림,,, 만약 가루만진 손으로 검은 옷에 닿으면 하얗게 얼룩지는 magic까지,,,

이 세범은 그런 걱정 안해도돼서 너무 좋았고~ 향에 대한 리뷰도 약간 호불호 있는 듯 싶으나 저는 크게 신경쓰지 않는 정도였어요 (근데 미스트는 냄새가 퍼져서 사람 많은 곳에서 사용하기는 어렵고 화장실이나 사람 없는 곳 가서 뿌리는게 예의일 것 같아요)"
2026-07-27,A000000228103,63138766,2026.07.22,5,0,NORMAL,[기획]세범 헤어 마스카라+세범 미스트,A03,B01,"C01,C02",0,300.0,0,0,LOVE119,"우선, 이벤트 기간이나 세일 행사 기간에 저렴하게 구매할 수 있어서 좋았던 것 같습니다.
워낙 유명한 제품이라 이런 기간에 구매해 사용하니 일석이조로 기분도 좋고 저렴하게 구매해 사용할 수 있어 더욱 좋았습니다.
앞으로 이런 이벤트 자주 해주셨으면 합니다.
사용감이 정말 좋은 제품들은 인기가 있는 이유가 있다고 할까요?ㅎㅎ"
2026-07-27,A000000228103,62711226,2026.07.12,5,0,NORMAL,[단품] 세범 헤어 마스카라,,,,0,297.0,1,0,또롱론,"효과는 사실 잘 모르겠고 향이 진짜 좋아요 ㅋㅋㅋ
그리고 바르고 픽싱 되는 데에 시간이 좀 걸리는거같아영"
2026-07-27,A000000228103,62979225,2026.07.18,5,0,OFFLINE,[기획] 세범 헤어 마스카라+테일 콤,A06,B05,"C04,C05",0,270.0,0,0,리뷰하는기니,"산뜻하고 호불호 없는 느낌의 향이라서 땀은 주룩주룩 흐르고 향수는 안 뿌린 상태일 때 이거 걍 바를 때도 있음
빗 기획 산 게 신의 한수였늠 쪼꼬매서 휴대성 좋고 빗 끝으로 안 찔리고 헤어 마스카라 한 다음에 좀 기다렸다가 살살 빗질 하면 뽀송뽀송 수준 넘어서 뽀야미 됨😁"
2026-07-27,A000000228103,61941628,2026.06.26,5,0,NORMAL,[기획] 세범 헤어 마스카라+테일콤,A03,B02,"C03,C09",0,270.0,1,0,하루종일2,"앞머리용 세범 헤어 마스카라...
앞머리 하면서 구매해봤어요~
여름에는 앞머리 오후만 되면 머리가 갈라지고 마음에 안들었는데...
세범 헤어 마스카라 바르고 났더니...
갈라지 없이 뽀송뽀송하고 좋네요^^
마스카라부분도 큼직해서~  사용하기 좋아요
추가로~  앞머리용 빗!!! 가지고 다니기 좋아요"
2026-07-27,A000000258294,62030698,2026.06.28,5,0,OFFLINE, ,A02,B03,"C05,C08",1,264.0,0,0,설탕고양이,순하고 촉촉하게 화장 전에 쓰기 좋고 여름에 수딩크림으로 잘 쓰고 있어요
2026-07-27,A000000258294,61924249,2026.06.26,4,0,OFFLINE, ,,,,0,180.0,1,0,오로지올영,"처음 사용해 보았는데 발랐을 때 쫀쫀하게 발려요
성분도 순한 것 같아요 좀 더 사용해 본 다음때 리뷰 남겨드릴게요~
하지만 단점을 좀 꼽자면 크림 뜨는 스푼(?)을 따로 보관해야하는 거 예요 그래도 튜브형을 같이 주니 이해해드릴게요😉
참고로 튜브형은 사용 전 사진입니다"
2026-07-27,A000000258294,63277077,2026.07.25,5,0,NORMAL, ,,,,0,176.0,1,0,서소좋아,딸아이가 꾸준히 쓰는 제품이예요..수부지 피부 너무 좋아요..
2026-07-27,A000000258294,61706989,2026.06.21,5,0,OFFLINE, ,A03,B06,"C07,C09",0,165.0,1,0,yoon03142,토리든 수분크림이 유명하다해서 사용해봤는데 순하고 자극없어서 좋네요 ㄱ추천합니다
2026-07-27,A000000258294,61495163,2026.06.15,5,0,OFFLINE, ,A02,B03,"C02,C05",0,165.0,1,0,예채원,"아직 안써봣는데 자극없고 좋다해서 사봣어욤
일단 패키지가 넘 이뻐서 만족스러워용"
2026-07-27,A000000258294,62657335,2026.07.11,5,0,OFFLINE, ,A02,B03,"C04,C08",0,150.0,0,0,뿌꾸34,"1⭐ : 피부과 비용이 더 듦 쳐다보고싶지도 않음
2⭐️ : 무난하지만 재구매는 안할거같음
3⭐️ : 나중에 다시 써볼 의향은 있지만 지금은 좋지도 싫지도 않음 다시 써봤을때 괜찮을지도 모름!
4⭐️ : 꽤 만족했지만 쪼금 아쉬움
5⭐️ : 너무 아랑하고 무덤에 갖고들어가서 저승에서도 쓰고싶음 평생 나와 함께했으면 좋겠음❤️"
2026-07-27,A000000258294,63170999,2026.07.23,5,0,OFFLINE, ,,,,0,132.0,1,0,floria****,촉촉한 수분만 있는 수분크림 느낌이에요 근데 살짝 빨리 건조해져요
2026-07-27,A000000258294,62594652,2026.07.10,5,0,NORMAL, ,,,,0,132.0,1,0,뽀마,"묽고 흡수가 잘되는 제형이라 무난하게 잘 쓰고 있습니다. 
항상 수분공급용으로 사용하고 있어요 .
다른 제품보다는 괜찮은거 같아서 사계절 쓰기 좋은거 같아요"
2026-07-27,A000000258294,63206383,2026.07.24,5,0,NORMAL, ,,,,0,120.0,1,0,dan****,"리뉴얼 전 제품도 쓰던 사람이라 리뷰 남깁니다.
일단 전 지성피부인데 나이들면서 기름기가 많이 사라진 편이고요
봄~겨울에는 에ㅅㄴㅇㅊ크림 바르고 여름가을 습도 높은 구간에 토리든 수딩크림 바르는 편이었어요
근데 이 수딩크림이 리뉴얼 전에는 유분이 정말정말 없고 진짜 알로에느낌이라 꽤 덕지덕지 발라야했는데
리뉴얼 후에는 좀 생겨서 그거의 반도 안 발라도 되는 느낌?
제형은 같은데 살짝 유분보습이 잘되는 느낌입니다
진짜 극극극 지성이면 피하셔도 좋을거같은데 평범한 지성이면 좀 적게 바르시면 될듯
전 아껴쓸 수 있어서 괜찮네요"
2026-07-27,A000000258294,63238099,2026.07.24,5,0,NORMAL, ,,,,0,88.0,1,0,dlaalw****,"사용해보고 좋아서 아직조금남았는데 재구매하러왔어요
단지형보단 튜브형이사용하기 좋아서 튜브형 원플러스원도 해줬으면 좋겠어요 산뜻하면서도 보습이좋아요"
2026-07-27,A000000258294,63204446,2026.07.23,5,0,NORMAL, ,A02,B04,C08,0,80.0,0,0,메리리,제가 시키기 직전까지 세럼이랑 크림 미니어처 증정되는거 같았는데 가격은 똑같은데 증정기획이 아니고 기본으로 싹 바꼈네요..^^ 뭔가 기분이 좋지는 않지만 제품은 무난해요 여름에 쓰기 좋을 끈적이지 않은 수분크림 그냥 딱 그정도에요!!
2026-07-27,A000000258294,63339908,2026.07.27,5,0,NORMAL, ,A06,B05,"C01,C03",0,72.0,0,0,승근이,토리든 수분크림으로 여름철 피부관리 하기 좋을 것 같아요 ! 수분감이 딱 느껴져서 좋네요
2026-07-27,A000000258294,63097026,2026.07.21,3,0,OFFLINE, ,A04,B03,"C05,C11",0,72.0,0,0,민감한요아정,"아니 이게,,,뭔가 산뜻하지가 않아요
조금 무서운 느낌?그래서 좁쌀이 조금 올라와요
일단 다 모르겠고 화장이 잘 안먹어서 재구매 의향은 없습니다,,,촉촉하긴 한데 유분기가 가끔 돌아서요"
2026-07-27,A000000258294,63079020,2026.07.20,5,0,GIFT, ,A03,B02,"C05,C08",0,72.0,0,0,돌22,"항상 인기템이라서 사긴 했는데,, 특별한 기능은 모르겠어요 그냥 수분 부족 한 사람이 무난하게 사용하기 좋은 제품"
2026-07-27,A000000258294,62956234,2026.07.18,5,0,OFFLINE, ,,,,0,66.0,1,0,mic****,"자극없이 순하고 보습에 좋다.
수부지도 여름에 데일리로 쓰기 좋다."
2026-07-27,A000000258294,62825603,2026.07.15,5,0,OFFLINE, ,,,,0,66.0,1,0,chadaso****,예랑이가 토리든만 써서 심부름 다녀왔어오 좋다고하네요!!
2026-07-27,A000000258294,62748849,2026.07.13,5,0,OFFLINE, ,,,,0,66.0,1,0,bhm07****,순해서 좋아요 특히 여름에 냉장고에 넣어두고 바르면 겔 바르는 것 처럼 진정되서 좋습니자다. 튜브형이 바르기 더 편해서 튜브형으로만으로도 출시되면 좋을것 같아요 :)
2026-07-27,A000000258294,62743564,2026.07.13,5,0,OFFLINE, ,,,,0,66.0,1,0,benz6****,아들 쓰라고 사다줬어요 제가 수분세럼 쓰고 있는데 괜찮아서 이 브랜드 샀어요
2026-07-27,A000000258294,63284561,2026.07.26,5,0,OFFLINE, ,,,,0,60.0,0,0,dory****,"수분 부족 건성에 가까운 복합성타입인데 저는 끈적이는거 안좋아해요. 그렇다고 산뜻한 건 바른 후에 너무 건조해서 땡기는데 이건 끈적거리지 않고, 너무 미끄럽지 않고, 그렇다고 너무 가볍지도 않아서 쓰기에 너무 좋아요. 여름에도 쓰기 좋고, 겨울에는 쓰더라도 보습크림 발라주면 충분히 쓸듯합니다."
2026-07-27,A000000258294,63192350,2026.07.23,5,0,NORMAL, ,,,,0,60.0,0,0,카본,샘플로 써보고 넘 맘에들어서 샀아요 유분기도 적당하고 수분도 잘채워져서 좋아요
2026-07-27,A000000258294,63162365,2026.07.22,5,0,OFFLINE, ,,B04,,0,60.0,0,0,쿨핑크러버,그냥 완전 순한 수분크림?? 여름이라 가벼운 크림 바르고 싶어서 샀어요
2026-07-27,A000000258294,63227282,2026.07.24,5,0,OFFLINE, ,A02,,"C02,C03",0,48.0,0,0,최대창,건성피분데 가볍게 바르기 좋아요. 끈적이지않고 산뜻하하게 발려요
2026-07-27,A000000258294,63050565,2026.07.20,5,0,OFFLINE, ,A03,B05,"C01,C04",0,48.0,0,0,감자멍멍,남자칭구한테 한 번 사줬더니 여기꺼만 쓰네용. 그냥 무난한 수분충전템
2026-07-27,A000000258294,62318771,2026.07.04,5,0,OFFLINE, ,,,,0,44.0,1,0,k202510261****,데일리하게 사용하기 너무 좋아요 나중에 재구매도 하도록하겠습니다 추천해오
2026-07-27,A000000258294,62273717,2026.07.03,5,0,OFFLINE, ,,,,0,44.0,1,0,ibbn****,추가 증정품은 품절이라 아쉬웠지만 한여름에 특히 더 팍팍 써서 샀습니다.
2026-07-27,A000000258294,62273486,2026.07.03,5,0,OFFLINE, ,,,,0,44.0,1,0,ibbn****,어쩐지 재고가 없다고 떴는데 추가상품 주는 게 품절이었어요ㅠ. 본품만 있었지만 산게어디냐~하고 잘 쓰겠습니다. -토리든 쟁이는 자-
2026-07-27,A000000258294,62199238,2026.07.02,5,0,OFFLINE, ,,,,0,44.0,1,0,ejaqpf****,"몇통째 쓰는지 모르겠음
순해요 ㅋㅋㅋㅋ 강력추천 써보세요"
2026-07-27,A000000258294,62170489,2026.07.01,5,0,OFFLINE, ,,,,0,44.0,1,0,tranvan****,나만의 스킨케어루틴과 함께 전/후 변화를 보여주세요 오랜 기간동안 사용한 후기라면 더 좋아요!
2026-07-27,A000000258294,62813013,2026.07.14,5,0,OFFLINE, ,,,,0,27.0,0,0,annoxaer,아침저녁으로 바르기 좋은 수분 크림이에요! 가볍고 화장도 안 밀려서 데일리하게 쓰기 좋은 것 같습니다
2026-07-27,A000000258294,62715000,2026.07.12,5,0,OFFLINE, ,,,,0,27.0,0,0,ddj****,수딩 젤?크림 타입인데 부드럽고 안끈적해서 여름에 딱입니다
2026-07-27,A000000162114,63242587,2026.07.25,5,0,NORMAL,더블기획 120ml+120ml,A01,B05,"C04,C05",2,2520.0,1,0,멸종위기사랑,가성비 픽서로 너무 좋고 스프레이 도포 되는 양이나 사용감이 안개분사라서 너무 좋아요. 너무 강하게 분 서되거나 분출 되는 입구가 너무 커서 송구 숨 골 못 방울 매치거나 그러지 않아서 사용하기 편하고 살짝 뿌리고 말려 주고 살짝 뿌리고 말려 주고 하면 메이크업이 오래 가요. 지속 될 수 있는 삶의 질을 높여 줍니다.
2026-07-27,A000000182630,63277745,2026.07.25,5,0,NORMAL,[화잘먹] 3번 패드 70+70매,A03,B03,"C03,C09",0,1512.0,1,0,소금토마토사탕,"한 달간 써보니 패드가 도톰하고 에센스가 가득해 피부 결 정돈과 수분 충전에 좋은 것 같음
걱정했던 것 보다 자극 없이 순하게 결을 매끄럽게 해주고, 140매 대용량 리필 기획이라 아침저녁으로 부담 없이 팍팍 쓰기 딱 좋음!"
2026-07-27,A000000258670,63306841,2026.07.26,5,0,GIFT,[지성화잘먹] 피어니리퀴드+로즈15ml,A05,B02,"C04,C05",4,2952.0,0,0,BODDU,화장할 때 이거 바르면 금방 무너지던 화장이 더 오래 유지 됩니다.
2026-07-27,A000000258670,63295486,2026.07.26,5,0,NORMAL, [NEW] 피어니 리필 80ml 증정,A01,B03,"C01,C05",2,2520.0,1,0,내가그린,"지성인데 솔직히 안 믿었는데 ㅜㅜ 완전 유분 안나오고 오히려 밤에 바르면 좋아요 일어나도 완전 보송매끈 ..

화장 전에 바르면 유분 안나오는건 광고임 잘 모르겠음
근데 뭐 안나고 촉촉한데 겉으로는 보송하다? 찐이다 정착합니다

지성필수템임"
2026-07-27,A000000258670,63320273,2026.07.26,5,0,GIFT,[지성화잘먹] 피어니리퀴드+로즈15ml,A03,B02,"C06,C07",2,1512.0,0,0,O3OY,"항상 화장이 몇 시간 안되면 무너지곤 했었는데, 이걸바른 후로는 유지가 오래됩니다."
2026-07-27,A000000255127,62153299,2026.07.01,5,0,NORMAL, ,A02,B04,"C01,C04",0,900.0,1,0,진짜이것까지만산다,"여름철 야외활동 할 때 요긴하게 쓸려고 구매했어요 !!!

리뷰도 좋아서 살펴봤는데 진짜 굿 .....⭐️

콤팩트해서 가방안에 쏙 넣어다니기도 좋고 확실히 쿨링감이 있어요! 근데 막 얼음같진 않고 미세한 정도?

밑에서 쓱 꺼내서 쓰기 좋아가지구 수시로 덧바르기에도 너무 좋은 것 같아용

기획으로 패드도 받아서 여행 갈 때 넣고 가려고요! 가격도 괜찮아서 재구매 의사 있습니당"
2026-07-27,A000000255127,62883111,2026.07.16,5,0,NORMAL,선스틱 19g 더블기획,A03,B01,"C03,C05",0,594.0,1,0,올리브88,"수분스틱이라 그런지 바르면서 촉촉느낌바로듬
눈시림, 간지러움 없음
약간의 번들거림 있음
파데(비디비치 팩트)  밀림없음!"
2026-07-27,A000000255127,62760195,2026.07.13,5,0,NORMAL,선스틱 19g 더블기획,,,,0,495.0,1,0,생이공주,"엄마랑 꾸준히 쓰는 선스틱.
손에 안묻고 그냥 슥슥 바르기 편해요.
백탁현상 읎음."
2026-07-27,A000000255127,62142248,2026.07.01,5,0,OFFLINE,선스틱 19g 더블기획,,,,0,450.0,1,0,반민초파,선크림을 몸에 바르다보면 약간 하얀게 검정옷에 좀 뭍는 느낌이라 이런 선스틱으로 팔 다리 발라주곤 하는데 너무 좋아요 일단 바르는 즉시 즉각 쿨링효과도 있는거같고 덧바르기에 너무 편하고 좋더라구요 손에 뭍는것도 없어서 물티슈같은것도 필요없이 그냥 뚜겅열고 쓱쓱 바르면 되니 간편해서 가방에 잘 넣어서 덧발라주곤 합니다 라운드랩 선크림 너무 잘 사용하고있어요 작년에 이 선스틱 너무 잘 사용했어서 올해도 선스틱도 너무 맘에들어서 또 샀습니다 좋아요
2026-07-27,A000000255127,61467519,2026.06.15,5,0,OFFLINE,선스틱 19g 더블기획,A03,B03,"C01,C02",0,450.0,1,0,코코호두과자,태국여행갈 때 가져갔었는데 촉촉하고 시원하게. 산뜻하게 잘 펴발려져서 아주 만족하며 잘 썼어요. 무엇보다 찝찝한 느낌이 없어서 부담없이 사용하기에도 너무 좋았습니다. 소나무라인은 보송보송 퍼성퍼성 발린다면 자작나무라인은 초크초크하게 발리는거같아요.
2026-07-27,A000000255127,63258436,2026.07.25,5,0,OFFLINE,선스틱 19g 더블기획,,,,0,396.0,1,0,venu****,"촉촉하고 편해요
건성 피부인 저에게는 촉촉하고 수분감도는게 최고"
2026-07-27,A000000255127,62463988,2026.07.07,5,0,OFFLINE, ,A03,B01,"C01,C02",0,396.0,1,0,핑크다연,발림성좋아요 백탁없어 맘에들어요 여러번 덪발라도 끈적임도 많치않아 맘에들어요
2026-07-27,A000000255127,62112142,2026.06.30,5,0,OFFLINE,선스틱 19g 더블기획,A03,B01,"C03,C05",0,396.0,1,0,로블록스중독,"여름이라서  잡티 예방.... 중요합니다.  볼 밑에 슥슥 바르고  잡티 예방합니다. 선크림은 손에 묻어서 귀찮아요유
그래서 스틱을 좋아합니다. 슥슥슥 편하잖아옹♡"
2026-07-27,A000000255127,62093198,2026.06.30,4,0,OFFLINE, ,A03,B01,"C01,C02",0,396.0,1,0,zzongo,스틱이라 손에 묻지 않고 수시로 바를수 있어서 편리하고 좋아요~
2026-07-27,A000000255127,61395537,2026.06.13,5,0,NORMAL,선스틱 19g 더블기획,A02,B03,"C01,C02",0,378.0,1,0,오올챙,선크림 손에 묻혀 바르기 귀찮을 때 슥슥 바르기 너무 편해요. 스틱 제형인데도 바르는 순간 시원하게 수분감이 터지면서 쿨링감이 느껴져서 열감 내리기 딱 좋아요.
2026-07-27,A000000255127,61121153,2026.06.07,5,0,OFFLINE,선스틱 19g 단품,A03,B01,"C03,C05",0,378.0,1,0,로블록스중독,슥슥  바르기  편해요.  거울 안보고 바르기도 좋고  수분크림 바른듯이 광도 나고  여름에는 꼭  구매하는  썬스틱입니다.  수분기능 있어서  촉촉하면서  만족합니다. 가격도  만족합니다♡
2026-07-27,A000000255127,63174195,2026.07.23,5,0,GIFT,선스틱 19g 더블기획,A02,B03,"C02,C03",0,360.0,0,0,핸동이,"바르자마자 시원한 쿨링감이 느껴져서 더운 날 사용하기 정말 좋았어요. 자작나무 수분 라인답게 촉촉하게 발리는데 끈적임은 심하지 않고, 피부에 편안하게 밀착되는 느낌이었어요. 덧발라도 밀리거나 답답한 느낌이 거의 없어서 외출 중에 수정용으로 쓰기 편했고, 19g+19g 더블 기획이라 가성비도 만족스러웠어요. 수분감 있는 선스틱 찾는 분들에게 추천하고 싶어요!"
2026-07-27,A000000255127,62478710,2026.07.07,4,0,OFFLINE,선스틱 19g 더블기획,A02,B03,C10,0,330.0,1,1,퍼플릴리,"같은 브랜드 선크림도 사용하고 있어요
스틱은 가지고 다니면서 덧바르기 편하고 쿨링감도 있어요"
2026-07-27,A000000255127,60778418,2026.06.03,5,0,NORMAL, ,A03,B03,"C01,C02",0,315.0,1,0,봄웜라브,"선크림은 자작나무만 쓰고, 선스틱으로 ahc만 써보다가 자작나무 선스틱도 좋지않을까하고
기대감에 사봅니다 매일 회사에서 바를거라
한달사용 찐후기 남길 예정입니다 패드도 같이왔고
배송도 당일에 왔어요 굿굿"
2026-07-27,A000000255127,63322220,2026.07.26,5,0,NORMAL,선스틱 19g 더블기획,,,,0,264.0,1,0,cocopo****,"너무 편해요. 넓어서 쓱쓱 바르기 쉽고 
무엇보다 순해서 얼굴 안땡기고 트러블안나요 
대만족"
2026-07-27,A000000255127,63183324,2026.07.23,5,0,OFFLINE, ,,,,0,264.0,1,0,이지올영,촉촉한 정도가 딱 적당해서 부드럽게 잘 발려요. 그리고 같은 회사의 다른 선스틱보다 하얗게 묻어나는 게 덜합니다.
2026-07-27,A000000255127,62493292,2026.07.08,5,0,NORMAL, ,A03,B06,"C01,C02",0,264.0,1,0,마키리아,자극적이지 않고 순하고 보습감도 괜찮지만 무겁지 않아서 좋아요 수시로 발라줘요
2026-07-27,A000000255127,60311137,2026.05.29,5,0,OFFLINE,선스틱 19g 더블기획,,,,2,225.0,1,0,반민초파,이번에 돌아다니면서 햇볕은 뜨거운데 바디에 선크림을 안바르고 나와서 올리브영 들려서 샀어요 작년여름에도 너무 잘 쓰고있었는데 이번 여름에도 또 사게 되네요 일단 바르면 즉각 쿨링 효과가 있어서 바르는 순간 시원하기도하고 손에 뭍을 걱정도 없이 스틱이라 좋아서 추천드리려고 리뷰를 씁니다 게다가 원플원이라니 안살수가 없어요 바디 선크림이 은근 고민인게 용량도 많아야하고 또 저는 백탁현상이 있는 선크림을 별로 안좋아하는게 검정옷을 입으면 선크림 뭍는것도 신경 쓰이고 그래서 너무 불편했느데 이건 전혀 그런게 없어요 옷에 뭍을 걱정도 없고 스틱이라 손에뭍지도 않고 너무 좋아서 많은분들이 한번 사용해보셨으면 하는 마음에 이렇게 긴 리뷰를 남기러 들어왔습니다 추천드려요 올리브영 세일할때 시면 가격도 좋아요 만족합니다
2026-07-27,A000000255127,62844185,2026.07.15,5,0,OFFLINE, ,,,,0,198.0,1,0,유니쉐프,"딸이 쓰는 기본 라인이라 이번에 선스틱도 구매해 보았어요~
발림성이 좋거 끈적임이 없어서 여름에 쓰기에 좋네요!
특별히 향이 있는것도 아니라 학생들 쓰기에 좋아요"
2026-07-27,A000000255127,62560188,2026.07.09,5,0,OFFLINE,선스틱 19g 더블기획,,,,0,198.0,1,0,yubee****,다써서 마지막 아래 거는 파내서 공병에 담아 썼어요 촉촉하고 쿨링감은 시원한 거 같긴한데 솔직히 그닥 잘 모르겠고 부드럽고 좋아요
2026-07-27,A000000255127,61946247,2026.06.26,4,0,OFFLINE, ,A03,B03,,0,198.0,1,0,고구마먹고구마,원플원이라 좋았어요 발림성도 괜찮아요 운전힐때 팔에 바르려고 샀어요
2026-07-27,A000000255127,61692761,2026.06.20,5,0,NORMAL, ,A03,B02,"C04,C06",0,198.0,1,0,부지런하게살자,"남편이 자주 사용하고 좋아하는 선스틱이라 떨어져갈때쯤 구매했습니다!! 
편하고 안끈적거리고 약간의 쿨링감도 있어서 좋습니다!!"
2026-07-27,A000000255127,61072245,2026.06.07,5,0,OFFLINE, ,A03,B01,"C01,C02",0,198.0,1,0,핑크다연,매장에서 사용해보고 사용감 발림성 모두 제일 좋아서 구매했어요
2026-07-27,A000000255127,60690507,2026.06.02,5,0,NORMAL, ,A02,B01,"C11,C13",1,198.0,1,0,aerith04,신랑이 작년부터 잘 사용해서 쟁여템이에요. 스틱으로 바르기도 편하고 백탁없어 좋다고 하네요. 아! 눈시림도 없데요
2026-07-27,A000000255127,62460699,2026.07.07,5,0,NORMAL, ,,,,0,180.0,0,0,클로이유,"여름에는 선크림을 여러 번 덧발라야 하는데 손에 묻는 게 번거로워서 선스틱을 자주 사용하는 편이에요. 라운드랩 자작나무 수분 선스틱은 사용감이 정말 편해서 요즘 외출할 때 꼭 챙겨 다니는 제품입니다. 스틱 타입이라 손에 묻히지 않고 슥슥 바를 수 있어서 바쁜 아침이나 외출 중에도 부담 없이 사용할 수 있었어요. 얼굴은 물론 목, 팔처럼 자외선에 노출되는 부위에도 간편하게 사용할 수 있어서 활용도가 정말 높았습니다.

이 제품은 이름처럼 촉촉한 사용감이 가장 인상적이었어요. 피부 위를 부드럽게 미끄러지듯 발리고, 여러 번 덧발라도 답답하거나 두껍게 올라오는 느낌이 적었습니다. 특히 메이크업 위에 살짝 덧발라도 밀리는 느낌이 크지 않아 수정용으로 사용하기 좋았고, 피부가 건조해 보이지 않아 만족스러웠어요. 번들거림이 과하지 않고 자연스럽게 마무리되는 점도 마음에 들었습니다.

&#039;즉각 쿨링&#039;이라는 이름답게 바를 때 피부에 시원한 느낌이 은은하게 전해져서 더운 날씨에 사용하기 정말 좋더라고요. 햇빛 아래 오래 있다가 덧바를 때도 산뜻한 느낌이라 손이 자주 갔고, 끈적임이 적어서 목이나 팔처럼 넓은 부위에도 부담 없이 사용할 수 있었습니다. 스틱 모양도 얼굴 굴곡을 따라 바르기 편한 디자인이라 코 옆이나 턱선까지 꼼꼼하게 바를 수 있었어요.

이번 더블 기획은 본품이 두 개라 집과 가방에 하나씩 두고 사용하기 좋았고, 함께 들어 있는 자작나무 수분패드 4매도 여행이나 외출할 때 사용하기 딱 좋은 구성이었습니다. 전체적으로 사용감, 휴대성, 구성까지 모두 만족스러워서 사계절 사용할 수 있지만 특히 여름철에는 더욱 만족도가 높은 제품이라고 느꼈어요. 손에 묻지 않는 선케어 제품을 찾는 분들이라면 정말 만족하면서 사용할 것 같습니다. ☀️💙"
2026-07-27,A000000255127,63335102,2026.07.27,5,0,OFFLINE,선스틱 19g 단품,,,,0,176.0,1,0,딸기라떼가조아,원래 요즘 선스틱이 다 이런지 모르겠는데 자극 없이 부드럽게 발려요 예전에 선스틱을 썼다가 너무 딱딱하고 피부에 자극 갈 것 같아서 안 쓴지 오래됐거든요 ㅠㅠ 좀 비싸긴 하지만 약간 쿨링도 되고 좋네요
2026-07-27,A000000255127,63345351,2026.07.27,5,0,NORMAL,선스틱 19g 더블기획,,,,0,168.0,1,0,qkr****,"[즉각쿨링] 라운드랩 자작나무 수분 선스틱 19
써보니  얼굴이 환해지고 좋아서
또 주문합니다"
2026-07-27,A000000255127,61787300,2026.06.22,4,0,OFFLINE,선스틱 19g 더블기획,A02,B03,C10,0,165.0,1,0,퍼플릴리,"쿨링감도 있고 발림성도 좋아요
손에 묻는것도 없어서 선크림보다 사용하기 편해요"
2026-07-27,A000000255127,61787280,2026.06.22,4,0,OFFLINE,선스틱 19g 단품,A02,B03,C10,0,165.0,1,0,퍼플릴리,쿨링감도 있고 손에 묻는것 없어서 선크림보다 사용하기 편해요 발림성이 좋아요
2026-07-27,A000000255127,61409680,2026.06.13,5,0,NORMAL, ,A04,B04,"C01,C02",0,165.0,1,0,콩깍진,"올영세일해서 사봤는데, 야외에서 얼굴이나 팔에 바르기 간편하고 좋아요"
2026-07-27,A000000198343,63261160,2026.07.25,5,0,NORMAL,07 크리미 아이보리,A04,B03,"C02,C05",0,1800.0,1,0,거문고슬,"✔️벌써 3통째 구매하는 애교살 밝히는 아이라이너입니다! 지속력도 좋고 색상이 뽝 밝혀줘서 만족스럽습니다
✔️우선 발림성이 진짜 부드럽고 뭉침? 이런거 없어요! 두께감도 괜찮거 저는 눈밑 끼임도 없이 잘 그려집니다! 
✔️번짐에 대해서 궁금하신 분들이 많으실텐데 저는 아이라이너 위에 섀도우를 무조건 덧바르는 사람이라서 정확히 말씀드리기는 어려운데 어쨌든 아무리 섀도우로 덮어도 지속력이 안 좋은 애면 금방 사라질텐데 생각보다 오래가서 더더더 좋아요!
✔️중간에 다이소 애교살 라이너 2천원짜리 써봤다가 다시 돌아왔는데 솔직히 가성비나 발림성 자체는 다이소 제품이 더 나은데 다이소는 좀 투명하게 발리는 느낌이라 제가 원하는 만큼 안 밝혀주는 편이에여ㅜㅜ
✔️가격도 괜찮고 양도 꽤 오랫동안 써서 개인적으로 추천합니다"
2026-07-27,A000000198343,63259717,2026.07.25,5,0,OFFLINE,05 애쉬 브라운,A04,B03,"C02,C05",0,1800.0,1,0,거문고슬,"✔️예전에 에뛰드 단종된 슈퍼슬림 라이너를 10통 넘게
쓰고 쟁여두기까지 했었는데 그러고나서 아이라이너 유목민이 되어서 다니다가 애쉬브라운 색상을 저번에 쓰고 좋아서 벌써 3통째 구매해요! 
✔️우선 발림성이 진짜 부드럽고 뭉침? 이런거 없어요! 두께감도 괜찮거 저는 면봉을 사용흐긴 하지만 충분히 얇게 그려집니다! 
✔️번짐에 대해서 궁금하신 분들이 많으실텐데 저는 아이라이너 위에 섀도우를 무조건 덧그리는 사람이라서 정확히 말씀드리기는 어려운데 어쨌든 아무리 섀도우로 덮어도 지속력이 안 좋은 애면 번질텐데 번짐이 없어서 더더더 좋아요!
✔️색상이 너무 브라운도 아니고 블랙도 아닌 오묘한 애쉬브라운 색상이라서 저는 이 색상만 계속 사용하고 있어요!
✔️가격도 괜찮고 양도 꽤 오랫동안 써서 개인적으로 추천합니다"
2026-07-27,A000000198343,63295906,2026.07.26,5,0,NORMAL,07 크리미 아이보리,A01,B03,"C01,C05",0,1512.0,1,1,내가그린,애교살 뽀용 보이시나여… 저는 크리밍아이보리만 5통 넘게 구매했어요 이걸로 애교 밝히고 위에 섀도우 올리면 끝장남
2026-07-27,A000000243677,63221203,2026.07.24,5,0,NORMAL, ,A02,,"C01,C02",0,1260.0,1,0,꿀피부되쟈,"이게 뭐길래 유명합니깡?!
저도 써보겠습니다 광채 내놔~"
2026-07-27,A000000243677,61139387,2026.06.08,5,0,NORMAL, ,,,,11,810.0,0,0,Vialactea,"피부 컨디션이 예민할 때 사용하기 좋은 앰플이에요. 제형은 가볍지만 보습감은 충분해서 끈적임 없이 촉촉하게 흡수됩니다. 사용 후 피부가 편안해지는 느낌이 들고, 건조로 인해 푸석했던 피부가 한결 건강해 보였어요. 스킨케어 단계에서 부담 없이 사용할 수 있어 데일리 앰플로 만족스럽습니다.
약간 오일리한 느낌도 있어서 여름보다 겨울 추천해요"
2026-07-27,A000000198526,62767401,2026.07.13,5,0,NORMAL,오리지널 100ml,A03,B01,"C02,C04",2,1350.0,0,0,안눙,"잦은 염색이랑 펌 때문에 머릿결이 거의 빗자루 직전이었어요. 좋다는 에센스 다 써봐도 겉돌기만 하길래, 큰맘 먹고 헤어 오일 끝판왕이라는 모로칸오일 오리지널을 구매해 봤습니다!

 흡수력 & 사용감: 오일 제형이 꽤 묵직하고 꾸덕한 편이라 떡질까 봐 걱정했거든요? 근데 젖은 머리에 바르고 드라이기로 말리면 신기할 정도로 겉도는 것 없이 싹 흡수돼요. 손에 남는 끈적임도 없어서 너무 만족!

 머릿결 변화: 진짜 바르고 안 바르고의 차이가 극명합니다. 푸석푸석해서 사방으로 뻗치던 머리 차분하게 착 가라앉고, 손가락으로 빗질할 때 걸리는 거 없이 스르륵 내려가요. 윤기가 촤르르 도는 게 눈으로 보입니다.

 시그니처 향: 특유의 이국적이면서도 고급스러운 바닐라+머스크 향이 나는데, 잔향이 대박이에요. 하루 종일 바람 불 때마다 은은하게 좋은 냄새가 나서 따로 향수 안 뿌려도 될 정도입니다.

총평 
가격이 사악하긴 하지만, 미용실에서 클리닉 받는 비용 생각하면 오히려 가성비 좋다는 생각이 들 정도예요. 상한 머리 복구가 시급하신 분들은 꼭 써보세요!"
2026-07-27,A000000198526,62482401,2026.07.07,4,0,NORMAL,오리지널 100ml,A01,B04,"C08,C11",0,756.0,1,0,세윤Seyoon,가격이 후덜덜한데ㅠㅠ 그만큼 오일이 녹진한 편인 것 같아요!
2026-07-27,A000000198526,63326935,2026.07.26,5,0,NORMAL,오리지널 100ml,A03,B03,"C01,C02",0,660.0,1,0,Iammumu,감사합니다◡̈ 잘 사용하겠습니다. 모벌 얇고 힘이 옶어수 영양 필요해서 구매했어요
2026-07-27,A000000198526,63302341,2026.07.26,5,0,NORMAL,오리지널 100ml,A03,,,0,528.0,1,0,남극과북극,"모로칸 오일을 안쓰면 빗자루인 나의
머릿결은 사망입니다. 좋다는 제품 다 써봤는데 이게 최고예요. 비싼만큼 돈값을 제대로 합니다."
2026-07-27,A000000198526,62113238,2026.06.30,5,0,NORMAL,오리지널 100ml,A02,B02,"C01,C02",0,396.0,1,0,Jinilamp,비싸지만 이거 말고 다른거 못 사요. 이것만 3통째 사용하는 데 좋아요.
2026-07-27,A000000198526,62663327,2026.07.11,4,0,NORMAL,오리지널 100ml,A02,B03,C10,0,330.0,1,0,퍼플릴리,향이 고급스러운 향수같고  바르면 머리결도 좋아지고 윤기가 달라요
2026-07-27,A000000198526,61024476,2026.06.06,5,0,NORMAL,오리지널 100ml,A03,B01,"C02,C04",4,198.0,0,0,안눙,"늘 쓰고 있는 헤어오일이에요
모로칸을 따라올 오일은 없네요"
2026-07-27,A000000198526,60898371,2026.06.05,5,0,NORMAL,오리지널 100ml,A04,B02,"C01,C02",0,198.0,1,0,아따맘마쓰,넘 좋은 것 같아요 머릿결이 많이 좋아졌어요! 완전 굿 ♥!!
2026-07-27,A000000198526,63291120,2026.07.26,5,0,NORMAL,오리지널 100ml,,,,0,180.0,1,0,mich****,"요즘 들어 머리가 너무 푸석하고 힘이 없어서 무엇보다 너무너무 건조해서 좋은 에센스 찾다가 구매하게 되었습니다. 좋은 성분 믿고 구입했습니다. 향은 은은하고
크게 끈적임없이 머리카락을 보호해 주는 거 같아요. 저렴한 에센스와는 텍스처가 좋은 느낌입니다. 꾸준히 사용하면 효과 있을 거라고 보고 꾸준히 사용해야겠습니다. 확실한 건 떡지지 않으면서
머릿결만 보호해 주는 느낌이라 좋아요.
헤어오일 같은 경우 끈적이면 정말 노답이거든요. 이건 산뜻한 마무리되는 느낌이라 좋습니다."
2026-07-27,A000000198526,63288157,2026.07.26,5,0,NORMAL,오리지널 100ml,,,,0,176.0,1,0,쑤망,모로칸오일 트리트먼트는 리뷰보고 써봤는데 잘 구입한거 같아요
2026-07-27,A000000198526,62721229,2026.07.12,5,0,NORMAL,오리지널 100ml,,,,0,99.0,1,0,vm****,할인할 때 저렴하게 잘 구매했어요! 쓰고나면 머릿결도 부드럽고 끈적이지 않아서 좋습니당
2026-07-27,A000000198526,60465225,2026.05.31,5,0,NORMAL,오리지널 100ml,,,,0,99.0,1,0,우왕키굳키,헤어에센스 중 제일 부드러워져서 비싸도 결국 사용하게 되는 제품이에요
2026-07-27,A000000198526,63343051,2026.07.27,5,0,NORMAL,오리지널 100ml,,,,0,88.0,1,1,goodjin****,머리결도 부드러워지고 많이 발라도 떡지지않아서 좋아요..
2026-07-27,A000000198526,63104488,2026.07.21,5,0,NORMAL,오리지널 100ml,,,,1,88.0,0,1,ksy000****,사실 비싼 값을 하는지는 모르겠지만 향이 좋아서 계속 쓰고 있어요
2026-07-27,A000000198526,63060214,2026.07.20,5,0,NORMAL,오리지널 100ml,,,,0,88.0,1,0,wb****,"헤어오일로 괜찮은 거 같아 주문했어요
아직 사용전이에요 성분 이상한거 없어서 좋아요"
2026-07-27,A000000198526,63055874,2026.07.20,5,0,NORMAL,오리지널 100ml,A04,B04,"C02,C05",0,72.0,0,0,먉고냥,"2019년부터 7년째쓰고잇는 제품
이거 말고는 바르면 머리가 고정이안되는데
이건 스타일링도 잘된다
걍개굿개굿 평생이거쓸거임
모로칸오일과 나는 한몸이다"
2026-07-27,A000000198526,63009068,2026.07.19,5,0,NORMAL,오리지널 100ml,,,,0,66.0,1,1,everyho****,머리를 심고 린스는 전혀 사용하지않는 사람입니다. 근데 머리카락이 빗자루처럼 빳빳해져서 알아보다가 해당 오일을 쓰고나서는 머리카락이 부드러워져서 자주 애용합이다.
2026-07-27,A000000198526,62731041,2026.07.13,5,0,NORMAL,오리지널 100ml,,,,0,66.0,1,0,tmdgus84****,"언제나 저의 머릿결을 담당해주고 있는 아직까지는
꾸준히 함께 하는 상품입니다
향도 좋고 성분도 좋습니다
다만 가격대가 좀 부담스러울 때가 있는데요
현명한 가격이라고 믿고 사용하려고 합니다^^"
2026-07-27,A000000198526,62317334,2026.07.04,5,0,NORMAL,오리지널 100ml,,,,0,66.0,1,0,misopo****,헐 바르자마자 부드러워지는거 사실이네요 바르자마지 찰랑이에요
2026-07-27,A000000198526,62408792,2026.07.06,5,0,NORMAL,오리지널 100ml,,,,0,60.0,1,0,hellos****,"모로칸오일 헤어 트리트먼트 오리지널

머리를 말리기 전에 사용하는 헤어 에센스예요. 사용하면 모발이 한결 부드러워지고 윤기가 나며, 엉킴도 줄어들어 빗질하기 편합니다. 꾸준히 사용하니 머리 끊어짐이 덜하고, 갈라진 모발 끝 관리에도 도움이 되는 것 같아요. 향도 좋아서 매일 사용하고 있는 만족도 높은 제품입니다."
2026-07-27,A000000198526,63001705,2026.07.19,5,0,NORMAL,오리지널 100ml,A04,B01,"C03,C08",0,45.0,0,1,LOLOL9,반곱슬이 심한 편인데 이거 발라야 그나마 좀 차분해져요 만족합니다
2026-07-27,A000000198526,62845171,2026.07.15,4,0,NORMAL,오리지널 100ml,A03,B06,"C01,C06",0,45.0,0,0,Chirillo,"무난하게 사용하기에 좋은거 같아요. 
재구매 의사 있어요."
2026-07-27,A000000198526,62786557,2026.07.14,5,0,NORMAL,오리지널 100ml,A03,B04,"C01,C02",0,45.0,0,1,엣헴헴,사용감이 얘만큼 좋은 친구가 없어서 계속 사용하게 됩니당 강추해용
2026-07-27,A000000198526,62086072,2026.06.30,4,0,NORMAL,오리지널 100ml,,,,0,44.0,1,0,mydea****,사용해 본 헤어 에센스 중 가장 머리결이 부드러워요. 기름지진 않아요.
2026-07-27,A000000198526,62082443,2026.06.30,5,0,NORMAL,오리지널 100ml,,,,0,44.0,1,0,xb****,오... 핫한 이유가 있는 제품이네요. 모x모 밤x 쓰다가 진짜 푸석이고 빗질도 안돼서 비싼 돈 들여 이거 사보니.. 빗질이 가능해지네요.. 대신 힘없이 푸석한 머릿결이 드라마틱하게 번지르르 해지진 않아요.
2026-07-27,A000000198526,61325047,2026.06.11,5,0,NORMAL,오리지널 100ml,,,,0,44.0,1,0,쑤망,모로로칸오일만 쓰다가 다른 제품썼는데 다시 돌아 왔네요...
2026-07-27,A000000198526,61209071,2026.06.09,5,0,NORMAL,오리지널 100ml,,,,0,44.0,1,0,음모하지,탈색 염색 무한반복으로 머리 뚝뚝 끊기는 극ㄱ극극 손상모입니다..모로칸 오일 사용하면 부시시함이 정리돼요ㅠ
2026-07-27,A000000198526,60295048,2026.05.28,5,0,NORMAL,오리지널 100ml,,,,0,44.0,1,0,017****,"가격은 비싸지만 만족도가 높아 자주 구매하는 제품입니다.
추천합니다."
2026-07-27,A000000198526,63299557,2026.07.26,5,0,NORMAL,오리지널 100ml,,,,0,36.0,0,0,코지로즈,머릿결이 영양감 있어지고 부드러워 지는게 느껴져요 머리 컨디션에 따라 양 조절이 필요해요
2026-07-27,A000000198526,62704587,2026.07.12,5,0,NORMAL,오리지널 100ml,A03,B03,"C06,C07",0,36.0,0,0,뿌지직응,비싼 값하는 물건 입니다 향 고급지고 바르면 머리카락 너무 부드러요
2026-07-27,A000000247859,63227516,2026.07.24,5,0,NORMAL, 200ml + 50ml 기획,A03,B03,"C01,C02",1,2520.0,1,0,요를레히요,"한달사용후기 - 

여러브랜드의 클렌저들 이것저것 다 사용해보면서 
나한테 잘 맞는 제품 찾느냐고 고생했는데
이제 이 클렌저로 정착합니다.
피부타입 크게 안타고 무난하게 잘 사용할수있는 클렌저라고 생각해요

클렌징워터는 너무 가벼워서 말끔하게 지워지는것같지않고,
클렌징오일은 너무 무거워서 트러블날까봐 선호하지않아요
클렌징젤만 쓰고있습니다.

요새 클렌징 제품들도 메이크업 클렌저+폼클렌징까지되는 1석 2조 제품이 많이나오던데 참 편하더라구요!

기존에 몰x니 클렌저 잘 사용해오다가
지난번 이 제품도 잘 썼던 기억이있어서 다시 한 번 재구매했습니다.

사용해본 클렌저가 한개뿐이라 비교에 한계가있지만
제일 크게 비교해보면
몰x니는 롤링 후 대기시간이 없이 세안 가능
원더바스는 뽀글 탄산 올라오기까지 대기시간 발생
이 두가지인것같아요!
세정력은 두 제품 모두 다 우수합니다👍

뚜껑도 손쉽게 on/off되어서 좋고(쓰다보면 입구쪽에 잔여물이 묻는 단점,,)
본품에 리필 증정까지되니까 오래쓸수있겠어요"
2026-07-27,A000000247859,62493208,2026.07.08,5,0,NORMAL, 200ml + 50ml 기획,A06,B01,"C01,C02",14,2340.0,1,1,슬맘81,"이거 써보고 너무 좋아서 기확이라 몇개 구매해서 친구들 선물하고 있어요. 
적당량^^ 짜서 얼굴에 펴바른 뒤 거품이 올라오면 마사지 하면서 씻어내면 되는데 이게 피지양이 많을땐 좀 듬뿍 올려서 거품 많이 내서 해주는데 완전 모공 청소까지 다 되는 느낌이라 너무 개운해요! 적극 추천하는 제품이예요!"
2026-07-27,A000000247859,63154298,2026.07.22,5,0,NORMAL, 200ml + 50ml 기획,A06,B06,"C02,C03",1,2232.0,1,0,얼어죽어도아아,"달달한꿀향과 레몬향으로 기분좋게 세안할 수 있어 좋습니다!
이중세안없이 하나만으로 잘지워지는데
세안후 당김없이 촉촉해서 좋아요!!
거품도 잘나고 각질케어까지 잘되서 대만족!!"
2026-07-27,A000000247859,62152929,2026.07.01,5,0,NORMAL, 200ml + 50ml 기획,A01,B02,"C01,C02",22,2196.0,1,0,쁘띠냥펀치,"윗펌프 스타일이라
새롭거 레몬으로 싹 씻기는 느낌아주 굿굿 이네요 아주 개운해여 베리 굿굿입니다"
2026-07-27,A000000247859,63237683,2026.07.24,5,0,NORMAL, 200ml + 50ml 기획,,,,1,2100.0,1,0,김히츄,"팩클렌저 너무너무 신기해요!
바르고 조금 있으면 보글보글 올라오는데, 문지르니깐 더 빡빡한 거품이 되네요

오늘 처음봐서 잘 모르지만, 얼굴당김이 없어서 좋아요!!!
클렌징 오일 쓰다가 얼굴 너무 자극가나? 하고 사본건데 만족중이에요"
2026-07-27,A000000247859,63089724,2026.07.21,5,0,NORMAL, 200ml + 50ml 기획,A04,B03,C09,1,2100.0,1,0,돌채채,"평소 세안 후에도 당김이 심한 편이라 순한 클렌저를 찾다가 사용해봤어요. 
레몬청을 연상시키는 젤 제형이라 사용감이 산뜻하고, 은은한 레몬 향이 나서 세안하는 내내 기분까지 상쾌했습니다. 
거품은 과하지 않지만 노폐물과 피지를 부드럽게 씻어주는 느낌이었고, 세안 후에도 피부가 땅기지 않아 만족스러웠어요."
2026-07-27,A000000247859,63038066,2026.07.20,5,0,NORMAL, 200ml + 50ml 기획,A02,B02,"C02,C08",1,2100.0,1,0,옥란이,"다른 제품들과 달리 그냥 바로 얼굴에 비벼 사용하는 것이 아닌 팩처럼 피부에 발라놓으면 시간이 지난 뒤 거품이 보글보글 올라와 있어요! 만져보면 ASMR처럼 사르르 녹는데 느낌이 너무 좋고 너무 신기해요! 밀도가 빽빽한 느낌의 거품이 올라오고 난 뒤 피지가 많은 부위를 집중 공략해 문질러준 뒤 헹궈서 봐보면, 얼굴이 진짜 보들보들해져요..💞 
그냥 일반 클렌징보다 피부결 정돈 효과가 진짜 뛰어놔요!! 
거품도 잘 올라오는데 피부 자극은 없고 상큼달달한 향이 나서 기분도 좋아요! 
하루 한 번 간단한 클렌징으로 신경써서 관리한 보들보들한 피부 컨디션을 만들 수 있어 너무 좋아요!"
2026-07-27,A000000247859,62507516,2026.07.08,5,0,NORMAL, 200ml + 50ml 기획,A07,B04,"C01,C02",11,1980.0,1,0,삥쿠더쿠,사용 방법이 조금 특이한 것 같아요. 뚜껑을 열지 않고도 바로 짜낼 수 있어서 간편합니다. 그리고 안에 미세한 알갱이가 있어서 부드럽게 각질 제거까지 해 주는 것 같아요. 사용하고 나면 피부가 매끄러워지지만 건조하지 않아서 좋은 것 같습니다.
2026-07-27,A000000247859,62496308,2026.07.08,5,0,NORMAL, 200ml + 50ml 기획,A06,B04,"C01,C02",11,1980.0,1,0,이지온,세안하고 나서 당기는 느낌 드는 클렌저는 잘 안 쓰게 되는데 이건 생각보다 촉촉해서 괜찮았어요. 거품도 잘 나고 레몬향이 은은해서 씻을 때 상쾌한 느낌! 세정 후에도 잔여감 없이 깔끔해서 요즘 아침저녁으로 잘 쓰고 있는데 개인적으로 메이크업후인 저녁사용 추천
2026-07-27,A000000247859,62346389,2026.07.05,5,0,NORMAL, 200ml + 50ml 기획,A03,B05,"C01,C02",11,1980.0,1,1,골드올챙이,"오상큼한 향이 훅 느껴서서 첫 느낌이 넘 좋아요! 
말그댜로 첨에는 팩처럼 밀도있게 느껴지는 질감인데
물에 닿으면 거품이 풍성하게 금방 일어나요! 
메이크업 하고 오일리무버 따로 
폼 이차세안 따로 했었는데 
이거 하나로 끝낼 수 있어서 간편하고 좋아요! 
무엇보다 잘 지워지고
세안 후에 피부가 건조하게 느껴지지 않으니까 편안해요"
2026-07-27,A000000247859,62545459,2026.07.09,5,0,NORMAL, 200ml + 50ml 기획,A03,B02,"C01,C05",11,1950.0,1,1,잉앙롱,"재구매템이에요! 자극 없이 순하게 필링도 되고, 클렌징도 한 번에 할 수 있는 제품이라 간편하게 사용할 수 있어서 좋았어요! 뽀글 뽀글 미세 폼이 올라오는데 모공을 싹 씻어주는 느낌이라 지성 기준으로 당김 없이 세안할 수 있어서 좋았습니다! 팩처럼 도톰하게 올려두고 시간 2-3분 정도 기다린 후에 미온수로 롤링해가면서 세안해주면 되어서 간편해요!"
2026-07-27,A000000247859,62772868,2026.07.14,5,0,NORMAL, 200ml + 50ml 기획,A03,B03,"C01,C05",3,1890.0,0,0,잴리탱,"평소 피지랑 모공이 신경 쓰여서 사용해봤는데 생각보다 더 만족스러웠어요! 마른 얼굴에 바르고 잠깐 기다리면 버블이 올라오면서 팩하는 느낌이 들어서 관리받는 기분도 들더라고요 💛

물을 묻혀 롤링하면 거품이 풍성하게 나면서 노폐물과 피지를 깔끔하게 씻어주는 느낌이었고 세안 후에는 피부가 개운한데도 심하게 당기지 않아서 좋았어요! 레몬 향도 상큼해서 세안하는 내내 기분까지 산뜻해지는 느낌이라 요즘 자주 손이 가는 클렌저예요 🫶🏻

팩과 클렌징을 한 번에 해결할 수 있어서 바쁜 날에도 간편하게 사용하기 좋았고 사용 후 피부결도 한층 매끈해진 것 같아 만족스러웠습니다 ㅎㅎ 피지와 모공 관리가 고민이신 분들이라면 한 번쯤 사용해보시는 걸 추천드려요! ✨🍋"
2026-07-27,A000000247859,63291192,2026.07.26,5,0,NORMAL, 200ml + 50ml 기획,A03,B01,"C05,C08",1,1800.0,1,0,여쿨겨쿨중간쯤,평소 세안 후 피부가 쉽게 당기는 편이라 촉촉한 클렌저를 찾다가 구매했어요. 제형을 바르고 잠시 기다리면 미세 버블이 자연스럽게 올라와 팩을 하는 듯한 느낌이라 신기했습니다. 세안 후에는 피부가 뽀득하기보다 촉촉하고 부드럽게 마무리되어 만족스러웠어요. 데일리 메이크업도 무리 없이 지워져 바쁜 날 사용하기 편했습니다.
2026-07-27,A000000247859,63120291,2026.07.21,5,0,NORMAL, 200ml + 50ml 기획,A03,B01,"C01,C02",0,1800.0,1,0,여니공쥬님,"첫 사용부터 레몬향이 은은하게 퍼져서 세안하는 시간이 기분 좋아지더라고요. 얼굴에 펴 바르면 미세한 버블이 올라오면서 팩처럼 사용할 수 있어 색다른 사용감도 마음에 들었어요.

세안 후에는 메이크업 잔여물과 노폐물이 깔끔하게 씻기는 느낌이었고, 피부결도 한층 매끈하게 정돈된 느낌을 받았어요. 특히 세안 후에도 피부가 심하게 당기지 않고 촉촉하게 마무리돼서 데일리 클렌저로 사용하기 좋았습니다. 레몬청을 연상시키는 상큼한 향 덕분에 매일 기분 좋게 사용할 수 있었어요. 

✔️ 장점
상큼한 레몬향으로 산뜻한 세안 가능
팩처럼 사용 후 버블이 올라오는 재미있는 제형
노폐물과 메이크업 잔여물 세정력이 만족스러움
세안 후 피부결이 매끈하고 촉촉한 마무리

✔️ 아쉬운 점
민감한 피부는 처음 사용할 때 사용 시간을 짧게 테스트해 보는 것을 추천해요.
이런 분들께 추천해요!
 ✔️ 상큼한 향의 클렌저를 좋아하는 분
✔️ 세정력과 촉촉한 마무리를 모두 원하는 분
✔️ 팩과 클렌징을 한 번에 즐기고 싶은 분"
2026-07-27,A000000247859,63094236,2026.07.21,5,0,NORMAL, 200ml + 50ml 기획,A03,B01,C07,1,1800.0,1,1,킴응지이,"강력한 피지 흡입 효과를 기대하기보다는, 매일매일 자극 없이 부드럽게 각질 을 정돈하고 세안 후 당김 없는 촉촉한 클렌저를 찾으시는 분들께 추천하고 싶 습니다. 다만, 설명서대로 듬뿍 바르시면 헹궈내는 데 공을 좀 들이셔야 하니, 바쁜 아침보다는 저녁에 여유롭게 딥클렌징하는 용도로 추천해 드립니다!"
2026-07-27,A000000247859,63160326,2026.07.22,5,0,NORMAL, 200ml + 50ml 기획,A03,B01,"C01,C02",1,1680.0,1,0,뉴니쨩,"받자마자 궁금해서 세안 한번 더했습니다 !!!
일단 뚜껑이 신세계에요!!! 마지막까지 깔끔하게 사용할 수 있을 것 같아요!!! 너무 기발합니다 ㅠㅠㅠㅠ
그리고 거품이 엄청 잘 나요!! 향도 호불호없을 상큼한 향입니다!! 마지막으로 세정력은 물론이고 얼굴이 엄청 환해진 느낌이에요..... 👍👍👍"
2026-07-27,A000000247859,62764193,2026.07.13,5,0,NORMAL, 200ml + 50ml 기획,A03,B02,"C01,C02",1,1674.0,1,0,오키마리,레몬청 팩클렌저는 미세버블 덕분에 세안 후 개운하고 모공 노폐물도 잘 씻겨요. 세안 후 당김 적고 피부가 매끈해져서 만족합니다.
2026-07-27,A000000247859,62451023,2026.07.07,5,0,NORMAL, 200ml + 50ml 기획,,,,10,1650.0,1,0,소피아9,"팩클렌저를 사용하고 있는데 레몬청 팩클렌저가 유명하다고해서 다른 제품을 써보고 싶어서 구입하게 되었어요. 
일단 패키지가 심플하고 용기도 편하게 디자인되어있어
사용하기 편했어요 
꿀을 연상시키는 패키지와 컬러구요
기존쓰던 팩클렌저는 쫀쫀한 밀도라 균일하게 얼굴에 도포하기 힘들었는데 레몬청 팩클렌저는 제형이 묽어서 바로 얼굴에
얹고 롤링하기 편했어요
얼굴에 올린뒤 양치3분하고 세수하니 매끌매끌 묵믄 각질과
노폐물이 씻겨저 반짝반짝 광채가 도네요
세안후에도 바로 토너 안발라도 촉촉해요~"
2026-07-27,A000000247859,62245749,2026.07.03,5,0,NORMAL, 200ml + 50ml 기획,A01,B02,"C01,C06",10,1620.0,1,0,김련,"메이크업 지우는 나이트 세앙 뿐 아니라, 
여름에는 오전 세안시 사용할 때 유분만 싹 제거해줄 클렌저 찾고있었는데 딱 마음애듭니자!
뽀득뽀극 화장도 잘 지워지는데, 오전 세안시 사용 했을 때 크게 당기지않고 피부가 쫀쫀한데 건조함은 적어요!
세안 후 머리말리는 동안에도 땅기는 느낌 별로없습니다
너무 잘 쑬 덧 같아요 굿!
다만 용기는 편한듯 조금 불편해요.
덤으로 온 50ml는 여행용으로 들고다니기 넘 좋아요"
2026-07-27,A000000247859,63033604,2026.07.19,5,0,NORMAL, 200ml + 50ml 기획,,,,1,1575.0,1,0,올리브챱챱이,"팩과 클렌징을 동시에 할 수 있다는 말에 궁금해서 구매해봤어요. 사용해보니 피부에 닿자마자 피부 열감 때문인지 미세한 버블이 자연스럽게 생기면서 모공 속 노폐물과 묵은 각질을 부드럽게 정리해주는 느낌이 들더라고요.

세안 후에도 자극이나 당김이 거의 없어서 예민한 피부인 저도 부담 없이 사용할 수 있었습니다. 사용감도 만족스럽고 피부 컨디션도 좋아지는 것 같아서 앞으로는 이 제품으로 정착할 것 같아요."
2026-07-27,A000000247859,63004866,2026.07.19,5,1,NORMAL, 200ml + 50ml 기획,A03,B03,"C02,C03",1,1575.0,1,0,김홍국이,"제공받아 직접 사용해본 후 작성한 후기입니다.

평소에 메이크업 잔여물이나 모공 속 노폐물 때문에 세안에 신경을 많이 쓰는 편인데, 인스타에서 성한빈 클렌저로 핫한 이유를 직접 써보니 바로 알겠더라고요. 팩과 클렌징을 한 번에 끝낼 수 있다는 점이 정말 매력적이에요.

얼굴에 슥 펴 바르면 싱그러운 레몬 향이 은은하게 퍼지면서 기분까지 상쾌해지는데, 조금만 지나면 미세한 오토 버블이 알아서 촘촘하게 올라옵니다. 손으로 문지를 필요 없이 거품이 모공 속까지 구석구석 청소해 주는 느낌이 들어서 정말 편하더라고요. 

물을 묻혀서 부드럽게 롤링하며 씻어내면 뽀드득하게 잔여물 없이 딥클렌징이 되는데, 신기하게도 세안 후에 당김이 전혀 없고 피부 톤이 한층 맑고 환해진 게 눈으로 보여요. 200ml 본품에 50ml 추가 기획 구성이라 넉넉하게 쓸 수 있어서 가성비까지 완벽한 꿀템입니다~!"
2026-07-27,A000000247859,62950572,2026.07.18,5,0,NORMAL, 200ml + 50ml 기획,A03,B01,C01,1,1575.0,1,0,소유공주,"상큼한 레몬청 향이 은은하게 퍼져 사용감이 정말 만족스러웠어요. 처음에는 쫀득한 젤 제형인데 피부에 롤링해 주면 약 1분 후부터 보글보글 오토버블이 생성되고, 3분 정도 지나면 풍성한 미세 거품으로 변해 자극 없이 부드럽게 세안할 수 있습니다. 세안 후에는 노폐물이 깨끗하게 씻긴 듯 개운하면서도 피부 속은 촉촉하게 유지되어 당김이 거의 없었어요. 산뜻한 마무리감 덕분에 아침, 저녁 모두 부담 없이 사용하기 좋은 클렌저 같아용👍"
2026-07-27,A000000247859,62872796,2026.07.16,5,0,NORMAL, 200ml + 50ml 기획,A02,B01,,1,1575.0,1,1,디디디디큐,"​쓰면 쓸수록 피부가 맑아지는 게 느껴져서 이번에 두 번째로 또 재구매한 찐 정착 ! 
남편도 다른 폼클렌징보다 이게 훨씬 개운하고 좋다며 같이 열심히 쓰고 있습니다.

​세안 후에 피부가 당기거나 건조하지 않고 촉촉하고 매끈하게 마무리되는게 제일 장점이고
다 쓰고나면 또 구매할거에요"
2026-07-27,A000000247859,63276520,2026.07.25,5,0,NORMAL, 200ml + 50ml 기획,A01,B01,"C03,C06",1,1512.0,1,0,무처,"젤 제형일 때 피부에 펴발라주고 조금 기다려주면 하얗게 거품이 올라와요. 처음 써봤을 때 신기했어요.
마무리감이 깔끔하고 용기 입구 부분이 위생적이라 마음에 들었습니다👍🏻"
2026-07-27,A000000247859,63248298,2026.07.25,5,0,NORMAL, 200ml + 50ml 기획,A04,B02,C10,1,1512.0,1,0,Monggle,뚜껑을 열 필요없이 좌우로 돌려가며 오픈되는 구조라 편합니다. 얼굴에 얹고 거의 바로 거품이 올라와요. 물기없는 상태로 롤링하다가 물조금얹어서 롤링하면 풍성하게 클렌징할수있어요. 유분감을 싹 빼가주는 기능이 큰것같아요.
2026-07-27,A000000247859,63131633,2026.07.22,5,0,NORMAL, 200ml + 50ml 기획,,,,1,1512.0,1,1,mingxian0123,벌써 세 번째 재구매한 클렌징 세안 후에도 피부가 당기지 않고 촉촉해서 매일 부담 없이 사용하고 있어요. 거품도 부드럽고 세정력도 좋아 메이크업 잔여감까지 깔끔하게 씻겨서 너무 좋아요 앞으로도 꾸준히 사용할 클렌저예요
2026-07-27,A000000247859,63171162,2026.07.23,5,0,NORMAL, 200ml + 50ml 기획,A03,B01,"C01,C02",1,1500.0,1,0,안경만두찐빵,"세안 전에 잠깐 올려뒀다가 롤링해서 씻어내는 방식이라 번거롭지 않으면서도 데일리 케어하기 좋더라구요ㅎㅎ 레몬청이 떠오르는 상큼한 향이라 사용할 때마다 기분 좋았고, 세안 후에는 깔끔하고 개운한 마무리감이 마음에 들었습니다! 200ml 본품에 50ml까지 함께 들어 있는 기획이라 가성비도 만족스러웠고, 팩과 클렌징을 한 번에 하고 싶은 분들께 괜찮은 제품인 것 같아요~~"
2026-07-27,A000000247859,62567017,2026.07.09,5,0,NORMAL, 200ml + 50ml 기획,A01,B01,"C01,C02",9,1476.0,1,1,도도마미22,팩처럼 얼굴에 올려 두었다가 물로 닦아내기만 나면 거품이 잘 나서 마음에 쏙 들어요. 세정력도 좋고 자극적이지 않아서 마음에 쏙 들어요. 아주 아주 마음에 드네요.
2026-07-27,A000000247859,62490144,2026.07.08,5,0,NORMAL, 200ml + 50ml 기획,A03,B06,"C02,C08",10,1320.0,1,0,양잉,"진짜 레몬을 꿀에 절인거같은 제형이고
세안할 때 바르자마자 버블이 올라와서 모공까지 깨끗해지는 느낌이에요 
레몬청처럼 상큼한 향이라 세안하는 동안 기분도 좋았고
롤링 후 씻어내면 피부가 말끔하고 산뜻하게 마무리돼요
바로 안씻고 좀 올려뒀다 씻어도 좋은듯
세안 후에도 당김이 심하지 않아 부담 없이 사용할 수 있었고 아침 세안용으로도 만족하며 사용하고 있어요"
2026-07-27,A000000247859,62450875,2026.07.07,5,0,NORMAL, 200ml + 50ml 기획,A03,,,10,1320.0,1,1,꿈빛,"요즘 아침에 시간이 없어서 팩 + 클렌저를 한 번에 해결할 수 있는 제품을 찾다가 사용해봤어요.

제형은 진득한 꿀잼 같은 젤 타입이라 얼굴에 올리면 흘러내리지 않고 밀착되는 느낌이에요. 저는 세안 전에 1분 정도 올려둔 뒤 마사지하듯 롤링해서 씻어냈는데, 세안 후 피부가 뽀득하기보다 촉촉하게 마무리돼서 만족스러웠어요.

레몬청이 들어간 제품이라 향도 상큼해서 사용할 때 기분이 좋아지고, 아침 세안할 때 특히 잘 손이 가더라고요. 자극적인 스크럽 느낌은 아니라 데일리로 사용하기에도 부담이 적었습니다.

메이크업이 진한 날에는 1차 클렌징 후 사용하면 좋고, 평소에는 단독 세안으로도 깔끔한 느낌이었어요. 세안 후 피부 당김이 심한 편인데 이 제품은 촉촉함이 남아 있어서 건성이나 복합성 피부도 만족할 것 같아요.

✔️ 장점

* 팩과 클렌징을 한 번에 할 수 있어 간편함
* 쫀득한 레몬청 제형으로 피부 밀착감 좋음
* 세안 후 당김 없이 촉촉한 마무리
* 상큼한 레몬 향으로 사용감 만족

✔️ 이런 분들께 추천!

* 귀찮아도 피부 관리는 하고 싶은 분
* 촉촉한 클렌징 제품을 찾는 분
* 아침에 빠르게 팩 세안을 하고 싶은 분"
2026-07-27,A000000248829,63267555,2026.07.25,5,0,NORMAL,트러블패치 마스크 3매입,A03,B03,"C01,C06",0,1512.0,1,1,미리내1,"편하게 말끔하게 피지관리합니다
비싸긴한데
자극없이 전체적관리되어 조아요"
2026-07-27,A000000248829,63181098,2026.07.23,5,0,NORMAL,[6월올영픽]트러블패치 3매입+컨트롤패드,A02,B03,,0,1512.0,1,0,수터리,"자극없고 촉촉해서 계속 쓰는 중이에요!
쭉 써보고 괜찮아서 리뷰 남겨요 찐 좋음"
2026-07-27,A000000258378,61969330,2026.06.27,5,0,NORMAL, ,A04,B01,C01,0,750.0,1,0,쏭86,"두피까지 관리할 수 있는 트리트먼트여서 사용해보게 되었습니다. 다른 제품들은 트리트먼트가 두피에 닿으면 금방 기름지고 답답한 느낌이었는데 츠바키는 오히려 개운한 느낌이 나서 신기했어요. 남편이 지루성 두피인데 남편도 만족하며 사용하고 있습니다!
두피랑 머리카락 동시에 케어할 수 있어서 좋아요."
2026-07-27,A000000258378,62085432,2026.06.30,5,0,NORMAL, ,A06,B02,"C01,C02",0,600.0,1,0,쩐베,제형은 되직할줄 알았는데 생각보다 묽었어요 잦은 탈색으로 손상모인데 확실히 쓰기 전 후 차이 심해요 곱슬머리라서 더 부하고 푸석해서 부시시해 보이는 편인데 쓰고 머리말리면 머리도 찰랑거리고 차분한 느낌이 있어서 좋더라구요!! 향도 진하고 좋습니당
2026-07-27,A000000258378,62075319,2026.06.30,5,0,NORMAL, ,,,,0,600.0,1,0,sadrain19,"일반적인 트리트먼트는 유분기 때문에 두피에 닿으면 떡지거나 모공이 막힐까 봐 늘 모발 끝에만 조심조심 바르느라 번거로웠잖아요. 그런데 이 제품은 두피부터 바로 바를 수 있는 밀착 케어 제품이라 정말 신세계예요!

❄️ 두피 각질, 가려움 고민 한 방에 해결!
여름철 뜨거운 자외선과 노폐물로 인해 생기던 두피 각질과 가려움 등 예민했던 두피 고민들이 확실하게 가라앉았어요. 두피 환경이 촉촉하고 건강하게 개선되니까 자연스럽게 모발 건강도 함께 좋아지는 게 눈으로 보여요!

샴푸 후 두피와 모발 전체에 골고루 도포해 주면 건조한 두피에 즉각적인 두피 보습감이 꽉 채워지는 게 느껴지구 직접 써보니 기름지거나 답답한 느낌이 전혀 없고, 오히려 고급 스파에서 컨디셔닝 케어를 받은 것처럼 두피가 시원하고 개운하게 마무리되네요! 

하구나면 모발이 손끝에서 사르르 미끄러질 정도로 부드러워지고, 빗질할 때 엉킴 없이 차분하게 정돈돼요. 은은하고 산뜻한 프레시 플로럴 향 덕분에 감는 내내 기분까지 힐링 되는 건 덤🍑"
2026-07-27,A000000258378,61981107,2026.06.27,5,0,NORMAL, ,A01,B02,"C01,C02",0,600.0,1,0,강밤톨,"트리트먼트 알아보다가 구매하게되었습니다
향은 진짜 좋았어요 제형이 쫀쫀 한줄 알았는데 생각보다 디게 묽었어요 평소에 두피가 건조하고 모발이 푸석푸석하고 윤기가없었는데 이거쓰고나니까 두피가 건조하지도않고 가렵지도 않고 보습도 좋았습니다 강추입니다"
2026-07-27,A000000258378,62077607,2026.06.30,5,0,NORMAL, ,A02,B05,"C01,C02",0,540.0,1,0,박서철,"여름이라 운동하고 나면 두피가 금방 답답해지고 가려운 날이 많아서 사용해봤어요. 일반 트리트먼트처럼 모발에만 바르는 게 아니라 두피부터 사용할 수 있다는 점이 가장 마음에 들었습니다.

제형은 꾸덕한 크림 타입이라 흘러내리지 않고 두피랑 모발에 밀착되는 느낌이었어요. 마사지하듯 발라주고 헹궈냈는데 두피가 시원하게 자극되는 제품은 아니지만, 건조해서 당기던 느낌이 한결 편안해지고 촉촉한 보습감이 오래가는 편이었습니다.

평소 두피 각질이나 가려움 때문에 고민이 있었는데 사용 후에는 푸석했던 머릿결도 훨씬 부드럽고 손으로 빗어도 엉킴이 덜했어요. 특히 자외선이나 땀, 피지 때문에 두피 컨디션이 쉽게 무너지는 여름철에 운동 후 헤어 케어 루틴으로 사용하기 괜찮은 제품 같습니다.

두피 보습과 손상모 케어를 한 번에 하고 싶은 분들이라면 한 번 사용해보셔도 좋을 것 같아요. 꾸준히 사용하면서 두피 컨디션 관리해보려고 합니다."
2026-07-27,A000000258378,62073555,2026.06.29,5,0,NORMAL, ,,,,0,450.0,1,0,아커만,"여름철 운동 후 땀과 피지 때문에 두피가 답답하고 각질, 가려움이 심했는데 츠바키 프리미엄 EX 댄드러프 케어 & 리페어 트리트먼트 사용 후 만족도가 높았습니다. 두피부터 바르는 두피밀착팩이라 건조한 두피에 촉촉한 보습감을 주고 사용 후 개운함이 오래가네요. 손상된 모발도 한층 부드럽고 차분해져 빗질도 쉬워졌습니다. 두피 보습과 모발 컨디셔닝을 한 번에 관리할 수 있어 여름철 두피 & 손상모 케어 루틴으로 추천하고 싶은 제품입니다."
2026-07-27,A000000258378,62020935,2026.06.28,5,0,NORMAL, ,,,,0,450.0,1,0,momo2,"잦은 염색 + 퍼머로 인해 되돌릴 수 없는 손상모ㅠ
어떤 제품을 사용해도 복구가 잘 안되는데
평소 츠바키 제품 잘 사용하기도 하고 워낙 좋은 제품인거 알고있었어요.
이번에도 역시나 제품 잘 고른 것 같네요ㅎㅎ
머리카락 뿐 아니라 두피도 관리해야 된다는 사실!
두피에 트린트먼트를 바르면 기름질까봐 걱정했는데
기름지지도 않고 부드러워지기만 해서 좋아요!
은은한 플로럴 향도 기분이 좋아지네요 :)"
2026-07-27,A000000258378,62076500,2026.06.30,5,0,NORMAL, ,A02,B04,"C01,C05",0,396.0,1,0,토마토26,두피부터 사용할 수 있는 트리트먼트라 모발 전체 관리 할 수 있어서 좋고 향도 좋고 제형이 가벼워 도포하기 쉬우면서도 가벼워서 좋아요
2026-07-27,A000000258378,61888058,2026.06.25,5,0,NORMAL, ,,,,0,375.0,1,0,밍쮸망쮸,"손상모가 심해 트리트먼트 nn통째 비우고 있는데 정착템을 찾은것같습니다:)

여름철만 되면 땀과 피지 때문에 두피 각질과 가려움이 심해져서 고민이었는데, 이번에 츠바키 프리미엄 EX 댄드러프 케어 & 리페어 트리트먼트를 사용해봤어요.

일반 트리트먼트와 달리 두피부터 사용할 수 있는 제품이라 더 만족스러웠어요. 샴푸 후 두피와 모발에 골고루 도포해 사용했는데 답답함 없이 산뜻하면서도 두피 보습감이 느껴졌어요. 사용 후에는 건조한 두피가 한결 편안해지고 가려움도 많이 줄어든 느낌이었습니다.

평소 두피가 쉽게 건조해지고 각질이 올라오는 편인데, 꾸준히 사용하니 두피가 촉촉해지고 머릿결도 부드러워졌어요. 특히 손상모라 머리 끝이 푸석했는데 사용 후에는 윤기와 부드러움이 살아나 만족스럽네요.

운동 후나 야외활동 후 두피가 예민해질 때 사용하기 좋은 제품! 건조한 두피, 두피 각질, 가려움 때문에 고민이신 분들께 추천합니다 :)"
2026-07-27,A000000258378,62072681,2026.06.29,5,0,NORMAL, ,A02,,,0,360.0,1,0,돼랑이콩,"츠바키는 믿고 사용하는 헤어 제품이라 이번 신제품도 기대했는데, 역시 만족스러웠어요.

워낙 건조하고 푸석한 염색모라 트리트먼트는 필수인데, 이번 제품은 모발뿐만 아니라 두피까지 함께 케어해줘서 더욱 마음에 들었습니다. 평소 두피 보습에도 신경 쓰는 편인데, 사용 후 건조함이 한결 줄어든 느낌이었어요.

손상된 모발도 부드럽게 정돈되어 빗질할 때 걸림이 거의 없었고, 머릿결도 한층 매끄러워졌습니다. 사용 후 은은하게 퍼지는 카멜리아 꽃향도 고급스럽고, 시간이 지나도 잔향이 오래 남아 기분 좋게 사용할 수 있었어요.

건조한 염색모와 두피까지 함께 관리하고 싶은 분들에게 추천하고 싶은 트리트먼트입니다."
2026-07-27,A000000258378,62050708,2026.06.29,5,0,NORMAL, ,A02,B05,"C01,C02",0,360.0,1,0,효로록,"시험관으로 어렵게 임신한 뒤에는 사용하는 제품 하나하나 더 꼼꼼하게 고르게 되더라고요. 임신하면서 호르몬 변화 때문인지 두피가 예민해지고 건조해져 각질과 가려움이 신경 쓰였는데, 초바키 프리미엄 EX 덴드러프 케어 & 리페어 트리트먼트를 사용해보니 두피가 촉촉하게 보습되는 느낌이라 만족스러웠습니다. 샴푸 후 두피부터 사용할 수 있어 관리하기 편했고, 답답하거나 끈적이지 않아 좋았어요. 사용 후에는 모발도 한결 부드러워져 손으로 빗을 때도 엉킴이 덜했습니다. 여름철 땀과 자외선으로 민감해진 두피 관리에도 잘 맞는 것 같아 꾸준히 사용해볼 생각입니다. 건조한 두피와 각질, 가려움으로 고민하는 분들께 추천하고 싶은 제품이에요."
2026-07-27,A000000258378,62077038,2026.06.30,5,0,NORMAL, ,A03,B04,"C01,C03",0,330.0,1,0,세꼼,너무 덥고 건조해서 두피도 머릿결도 많이 상했는데 츠바키 두피 말착팩을 써보니 즉각 머릿결이 좋아지는게 느껴져서 좋았어요
2026-07-27,A000000258378,61970773,2026.06.27,5,0,NORMAL, ,A03,B05,"C01,C04",0,330.0,1,0,짤랑짤랑입니다,츠바키 향이 진짜 취향저격이라서 좋아하는데 이번에 구매한 이 트리트먼트 진짜 좋네여 머리카락이 진짜 얇고 가늘고 푸석푸석해서 고민인데 이거 바르면 부들하고 건강모같아오!
2026-07-27,A000000258378,61899630,2026.06.25,5,0,NORMAL, ,A03,B02,"C03,C09",0,315.0,1,0,올리브영으니,"머릿결도 건조하고 푸석한데다가 
두피에 각질도 고민이었는데 
이 트리트먼트는 특히 두피에도 좋은
제품이라 두피에도 발라주고 머리감고나니
머릿결도 부드러워지고 두피 가려움도 나아지네요~!"
2026-07-27,A000000258378,61988867,2026.06.27,5,0,NORMAL, ,,,,0,300.0,1,0,제빈,"모발뿐 아니라 두피부터 사용할 수 있어 좋았어요. 요즘처럼 더운 날씨에 운동이나 야외 활동을 하고 나면 땀과 피지 때문에 두피가 답답하고 가려운 느낌이 들었는데, 두피에 직접 마사지하듯 사용하니 시원했습니다.

건조한 두피 때문에 생기는 두피 각질이나 가려움이 고민인 분들이 사용하기 좋고, 사용 후에는 두피 보습감도 느껴져 건조함이 덜한 느낌이었어요. 두피부터 촉촉하게 관리해 주니 모발도 푸석함이 줄고 부드럽게 정돈됩니다."
2026-07-27,A000000258378,62188808,2026.07.02,5,0,NORMAL, ,,,,0,270.0,1,0,호야호야님,"츠바키 프리미엄 EX 댄드러프 케어 & 리페어 트리트먼트는 일반 트리트먼트와 다르게 두피부터 사용할 수 있어서 두피에 부드럽게 마사지하듯 발라줬는데 사용 후 건조했던 두피가 촉촉해진 느낌이 들었어요. 모발도 푸석푸석하지 않고 손으로 만졌을 때 훨씬 부드럽고 윤기가 살아난 느낌이라 만족스러웠습니다. 두피 보습과 손상모 케어를 한 번에 할 수 있어서 여름철 헤어 케어로 괜찮은 제품이라 생각해요~
사용기한도 여유있어서 좋아요 :)"
2026-07-27,A000000258378,62070867,2026.06.29,5,0,NORMAL, ,,,,0,270.0,1,0,최수미,츠바킬 제품은 믿고 쓰는데 이번에 헤어팩 새로나온 것 같길래 구매했습니다！ 여름철에는 두피가 자극받아서인지 간지러울 때가 있는데 사용해보니 가려움없이 손상 받은 머리카락이 보습되네요！ 두피부터 사용할 수 있어서 위에서 부터 푸석거리고 꼬불거리던 머리결이 좀 더 차분해졌어요 ㅎㅎ
2026-07-27,A000000258378,62085562,2026.06.30,5,0,NORMAL, ,A02,B06,"C02,C09",0,264.0,1,0,초꼬링,요즘 더워져서 그런가 갑자기 두피 각질이 생겨서 한번 사봤어요. 두피가 건조하고 약간 가려워서 보습이 필요했는데 이걸 친구가 추천해주더라고요. 두피 케어랑 머릿결 케어가 한번에 되는 제품이라 더 만족스러워요.
2026-07-27,A000000258378,62073300,2026.06.29,5,0,NORMAL, ,A03,B01,"C04,C09",0,264.0,1,0,콤콤1,향이 너무 좋은데 두피까지 사용할 수 있고 머리결도 부들부들해져서 일석 삼조예요 최근 휴양지로 휴가 다녀와서 두피가 탔나봐요 바짝바짝 건조해지는 게 느껴져서 바로 두피케어템 찾아보다 구매했어요  두피 각질까지 관리되니 편해요
2026-07-27,A000000258378,62047519,2026.06.29,5,0,NORMAL, ,A03,B06,"C09,C10",0,264.0,1,0,johyangju,두피 각질 고민이 있어서 써봤는데 사용 후 두피가 한결 진정된 느낌이에요. 트리트먼트라 두피 보습과 머릿결도 부드럽게 정돈되어 만족스럽습니다.
2026-07-27,A000000258378,61979458,2026.06.27,5,0,NORMAL, ,A02,B05,C10,0,264.0,1,0,로하꼬모,"매일 드라이기로 두피부터 머리카락까지 열 손상 있고 점심먹고 산책할때도 두피가 햇빛에 점점 건조해지는거 같아서 샀어요 여름철에 손상되는 두피, 헤어 케어에 딱 맞는 제품같아요"
2026-07-27,A000000258378,61885649,2026.06.25,5,0,NORMAL, ,A03,B02,"C03,C04",0,252.0,1,0,행갱,"두피에도 사용할 수 있는 트리트먼트라닝!! 여름에 해에 노출이 많이 되면서 두피가 따갑고 모발도 푸석해진 느낌이 있었는데, 츠바키 트리트먼트 써보니까 물미역 됐어요🥹 손상모들한테 완전 추천!!"
2026-07-27,A000000258378,61876323,2026.06.24,5,0,NORMAL, ,A02,B01,"C03,C04",0,252.0,1,0,울집강아지귀여워,츠바키 평소에도 잘사용하고 있어서 재구매했어요 두피가 건조해서 각질땜에 두피보습겸 팩으로 하는데 향 지속력도 좋아지고 냄새맡고 힐링해요..ㅎ 가려움도 좋아지고 머릿결도 부들부들하고 좋아요
2026-07-27,A000000258378,62226026,2026.07.02,5,0,NORMAL, ,,,,0,198.0,1,0,이다11,트리트먼트로 두피까지 같이 관리할 수 있어서 구매해봤어요~ 약간 되직한 제형인데 바르면 확실히 머릿결도 부들부들해지고 두피도 개운하니 좋네요ㅎㅎ 데일리로 잘 사용중입니다
2026-07-27,A000000258378,62126944,2026.07.01,5,0,NORMAL, ,,,,0,198.0,1,0,니그무,두피까지 한번에 관리하니까 좋습니다. 그냥 두피부터 머리 전체 발라주고있어요. 펌하고 관리용으로 쓰는데도 머릿결 부드럽고 좋습니다.
2026-07-27,A000000258378,62087298,2026.06.30,5,0,NORMAL, ,,,,0,198.0,1,0,수탱이1028,건조한 두피때문에 구매했는데 확실히 머릿결도 달라지구 두피 가려움이 사라졌어요. 머리 말리지마자 부드러움이 느껴지네요 ㅎㅎ
2026-07-27,A000000258378,61888236,2026.06.25,5,0,NORMAL, ,A03,B01,"C02,C06",0,189.0,1,0,green****,"아무리 머리카락을 관리해도 푸석해서 결국 짧게 잘라야하나 고민했었는데 츠바키꺼는 두피까지 관리할수있대서 당장샀어요
사용해보니까 뭔가 시원하고 개운한 느낌이랑 수분이 가득차는 느낌이에요!"
2026-07-27,A000000258378,62936930,2026.07.17,5,0,NORMAL, ,,,,0,66.0,1,0,dodenahd****,일주일에 두번정도 사용해요! 매일하면 트러블생기더라구요 향기도 좋고 힐링 굿
2026-07-27,A000000258378,62080035,2026.06.30,5,0,NORMAL, ,,,,0,60.0,1,0,nene****,다른 트리트먼트는 두피 트러블이나 잔여물이 남을까봐 머리카락에만 바르고 씻어내는데 츠바키 트리트먼트는 두피까지 케어할 수 있어서 좋아요! 저는 트리트먼트-샴푸-트리트먼트 순으로 씻는데 머릿결이 엄청 부들부들해지고 반곱슬인 머리도 차분해져서 좋습니다! 향도 좋아요 ㅎㅎ
2026-07-27,A000000258378,61927679,2026.06.26,5,0,NORMAL, ,,,,0,50.0,1,0,yomi****,"​평소 트리트먼트를 쓸 때 두피에 묻으면 유분기 때문에 모공이 막히거나 떡질까 봐 항상 조심조심 모발 끝에만 바르느라 번거로웠어요. 

그런데 츠바키 트리트먼트는 두피부터 바르는 밀착 제품이라 걱정 없이 두피까지 편하게 쓰고 있습니다.

​직접 써보니 신기하게도 기름지거나 갑갑한 느낌이 전혀 없고, 오히려 스파를 받은 듯 시원하고 개운하게 마무리가 되네요.

 은은하고 산뜻한 프레시 플로럴 향 덕분에 감고 나면 기분까지 상쾌해집니다. 푸석했던 머릿결은 부드러워지고 민감했던 두피 고민까지 싹 잡아주니까 대만족이에요. 두피와 모발 모두에 건강한 영양을 주는 정착템입니다!"
2026-07-27,A000000185903,62524259,2026.07.08,5,0,NORMAL,[기획]N01(+리필+블러밤+퍼프),A03,B04,"C01,C02",12,4716.0,1,0,sol솔,제가 덥고 습한 일본에서 테스트를 해봤습니다-! 기름 많이 올라오는 코나 이마는 어느정도 기름 올라오지만 전체적으로 지속력이나 끼임 없이 유지력도 참 좋았습니다;)
2026-07-27,A000000185903,62509794,2026.07.08,5,0,NORMAL,[기획]N02(+리필+블러밤+퍼프),A03,B04,C06,14,4140.0,1,0,코덕오타쿠군,"와… 이거 뭐임? 파데보다 좋아요 .. 제가 ㅇㅂㅇㅌ 파데를 몇년썼는데 그거는 물 떨어지면 얼굴에 물길생성되고 주름이 제가 얼마 없는데도 주름끼임 개심하고 지속력도 그냥 .. 그래서 에휴.. 별수 없지 어쩔수없나봐~ 이러고 있다가 유튜버분이 이 쿠션이 너무 좋다 인생템이다 추천해줘서 그래 속는셈치고 사보자~ 하고 샀는데 픽서 안뿌려도 지속력 개지리고 픽서 뿌리면 뭐 ㅋ 말모 ㅋ 비오는날 얘 바르고 밖에 하루종일 있었는데 아이섀도우 립 다 지워질동안 베이스 혼자 멀쩡하게 살아남아서 너무무서우면서 동시에 너무기뻣어요 그냥 스킨케어 어떤 조합을 하던 밀림 들뜸 끼임 그딴거 없고 커버력도 이정도면 상타치고 걍 발림성이 개ㅁㅊㄴ임 저 이거 무조건 재구매 할거고요 브들 파데도 구매해서 얘와의 차이점을 비교해볼게요 진짜 개좋습니다 팀 수부지 팀 지성 제발 얘 사 !!!!! 제발 
저는 얘가 피부에 너무 잘맞아서 뾰루지도 안났어요 ;;;; 
컬러감도 너무 예쁨 제가 팔만대장경을 쓴데는 다 이유가 있습니다 …."
2026-07-27,A000000185903,61785982,2026.06.22,5,0,GIFT,[기획]A02(+리필+블러밤+퍼프),A03,B04,"C02,C05",36,3690.0,1,0,도비는자유예요,"도비는 이 쿠션 색상을 보고 정말 마음에 들었습니다… 너무 노랗지도 않고 너무 붉지도 않은 딱 예쁜 상아빛 21호 느낌입니다… 컬러가 자연스러워서 피부 위에 올렸을 때 억지로 밝힌 느낌이 없었습니다…

패키지도 정말 예쁩니다… 화장대에 올려두면 괜히 한 번 더 열어보고 싶어지는 비주얼입니다… 호그와트 기숙사에 가져다 놔도 학생들이 어디서 샀냐고 물어볼 것 같습니다…

무엇보다 가장 놀랐던 건 제형이었습니다… 쿠션이 정말 얇게 올라갑니다… 그런데 커버력은 또 꽤 좋습니다… 보통 커버력이 좋으면 두꺼워지기 마련인데 이 제품은 생각보다 답답한 느낌이 적어서 만족스러웠습니다…

그리고 같이 들어있는 블러밤이 진짜 물건입니다… 프라이머 역할을 아주 열심히 해주는 것 같습니다… 모공 부각도 거의 없고 피부 결도 매끈하게 정리되는 느낌이었습니다…

심지어 이날 도비는 스킨케어도 대충 했습니다… 아침이라 너무 졸려서 대충 두드리고 나왔는데도 화장이 뜨지 않고 밀착이 잘 됐습니다… 진짜 거울 보고 조금 놀랐습니다…

마치 시험 공부 하나도 안 했는데 예상보다 점수가 잘 나온 기분이었습니다… 도비는 별 기대 없이 사용했다가 꽤 만족한 쿠션입니다…"
2026-07-27,A000000185903,62405977,2026.07.06,5,0,NORMAL,[기획] A00(+리필+바운싱피치밤),A02,B06,"C04,C08",13,3060.0,0,0,올영사또,"당장 이 분첩에 상을 내리거라! 👑🍋

이 사또, 한 달 남짓 써 보니
피부 결을 매끈하게 정돈해 주는 데 제법 쓸 만한 물건이로다.

가볍게 두드리기만 하여도
붉은 기와 잡티를 자연스럽게 가려 주어
과하지 않으면서도 단정한 얼굴빛을 만들어 주는구나.

시간이 지나도 들뜸이 적고
무너짐이 비교적 고르게 퍼지니
하루 종일 거울을 들여다보는 번거로움이 줄어들었도다.

밝은 빛감이라 얼굴을 환히 밝혀 주어
칙칙해 보이기 쉬운 날에도
생기를 더해 주는 점이 특히 마음에 들었구나 😌

함께 들어 있는 보조 물건까지 알차니
여러모로 실속을 챙긴 구성이로다.

이 사또, 자연스럽게 피부를 정돈하고자 하는 이들에게
무난히 손이 갈 물건이라 평하겠으니
기꺼이 권할 만하다 전하노라 👑🍋"
2026-07-27,A000000185903,62251575,2026.07.03,4,0,NORMAL,[기획] M01(+리필),A03,B04,"C01,C05",11,2916.0,0,1,슉슉킹,촉촉하고 커버력도 좋은편. 다만 다크닝이 저한테는 좀 왔었어서 재구매는 안 할 듯 싶습니다..ㅜㅜ 도움이 되셨다면 따봉 한번 부탁드려요!
2026-07-27,A000000185903,62588523,2026.07.10,5,0,NORMAL,[기획]N01(+리필+블러밤+퍼프),A03,B03,C08,5,1950.0,1,0,졸린코구마,"원래부터 vdl 파데 잘 써왔었는데 처음으로 쿠션 사봤어요!
파데는 좀 더 매트한 느낌이라서 4계절 사용하기엔 무리가 있었는데 쿠션은 더 얇게 발리고 살짝 더 촉촉한 느낌이라 4계절 다 가능할 것 같아요. 민감성이라 좀 걱정했는데 솔직히 민감성인 저에겐 안 뒤집어지는 화장품이 없다고 보면 돼서 이 쿠션 정도면 괜찮다고 느껴져요.
색상은 원래 쓰던 ao1이 핑베라서 얼굴에 둥 뜨는 느낌이 있었는데 이번에 새로 나온 n01은 상아빛이라 더 자연스러워서 맘에 들어요! 퍼프는 ㅇㅅㅃㅇ걸로 바꿔서 쓰니까 더 괜찮네용"
2026-07-27,A000000185903,63148314,2026.07.22,4,0,GIFT,[기획]A02(+리필+블러밤+퍼프),A03,B04,"C02,C05",0,1800.0,1,0,도비는자유예요,"도비는 쿠션 유목민이라 좋다는 쿠션은 이것저것 다 써보는 마법사입니다… 그런데 여름이 되니까 확실히 세미매트 쿠션에 손이 더 자주 갔습니다…

이 제품도 쿨링 성분이 있는 것 같아서 궁금한 마음에 데려와봤습니다…

일단 패키지가 정말 예쁩니다… 그리고 컬러가 진짜 마음에 들었습니다… 누렇지도, 붉지도 않은 딱 예쁜 뉴트럴 톤이라 피부 표현이 정말 깔끔하게 됩니다… 마치 호그와트에서 피부톤 보정 마법을 받은 것처럼 자연스럽습니다…

여름인데도 들뜨는 느낌이 거의 없었고, 다크닝도 거의 느껴지지 않았습니다… 시간이 지나도 처음 컬러가 잘 유지돼서 만족스러웠습니다…

커버력이나 밀착력도 무난하게 좋았고, 특별히 크게 아쉬운 단점이 떠오르지 않는 쿠션이었습니다… 화려한 한 방은 없어도 기본기가 탄탄한 우등생 같은 느낌입니다…

도비는 여름용 세미매트 쿠션을 찾는 마법사라면 한 번쯤 사용해봐도 만족할 것 같습니다… 무난하게 오래 손이 가는 마법 쿠션입니다…"
2026-07-27,A000000185903,62471849,2026.07.07,5,0,NORMAL,[기획]N01(+리필+블러밤+퍼프),A03,B02,"C06,C09",2,1620.0,1,0,리락쿠마쿠마,외관 케이스부터 레몬 색상이라 날씨에 맞게 상큼하게 들고다니기 좋아요! 퍼프도 쫀쫀하고 저는 완전 지성이라 요거 올리고 얼마 안 가서 유분감이 올라왔지만 파우더 하면 괜찮았어요 색상도 너무 노랗지도 붉지도 않은 밝은 19호 색상이라 얼굴에 올렸을 때 예쁘게 올라가서 좋았습니다 블러밤도 같이 줘서 요철이나 모공 고민 있으셨던 분들 이걸로 한 번 메워주고 베이스 올리면 피부가 매끈해보여서 넘 좋아요 ㅜㅜ 다 쓰면 재구매 의향 있습니다
2026-07-27,A000000185903,63320373,2026.07.26,5,0,NORMAL,[기획] A01(+리필+바운싱피치밤),A01,B01,C01,0,1512.0,1,0,bbh27,"⭕️색이 예쁘고 자연스럽게 발색돼요 커버력이 나쁘지 않고 화장이 과하지 않은 걸 좋아하시는 분들이 쓰면 좋을 것 같아요! 왠만한 잡티는 다 가려집니당

❌퍼프가 좀 더 단단하면 좋겠어요 너무 물렁한 느낌?! 파데를 많이 먹는 것 같아요!"
2026-07-27,A000000185903,62913255,2026.07.17,5,0,OFFLINE,[기획]N02(+리필+블러밤+퍼프),,,,3,1476.0,1,0,mium1u,"My new favorite cushion, it is not cakey, not heavy, bluring pores so well"
2026-07-27,A000000185903,62786663,2026.07.14,4,0,NORMAL,[기획]N02(+리필+블러밤+퍼프),A03,B03,"C08,C09",1,1350.0,1,0,PKBB,"브들 파데를 넘 잘써서 쿠션도 좋다길래 구매해봤습니다. 결론적으로는 쿠션보단 역시 파데가 더 좋긴해요 ㅎㅎ

사용감은 쿠션이 확실히 좀 더 가벼운 느낌이 나고 쿨링감이 있어서 그런지 바를때 좀 시원한 느낌도 나는데 이게 어떤 분들은 축축하다고 느낄수도 있을 것 같아서 호불호 갈릴거 같고요! 컬러는 파데는 a02, 쿠션은 새로 나온 n02로 발라봤는데 n이 확실히 좀 더 노란기가 돌아서 a가 더 예쁜 것 같아요! 막 엄청 누런건 아니지만 노란기 도는 상아 컬러이긴해요.

지속력, 커버력 다 쿠션도 나쁘지 않은데 문제는 시간이 지나면 좀 더 뜨고 건조해요ㅠㅠ 그래서 입 주변이 살짝 들뜨거나 뭉치더라고요ㅠ 그거 빼면 괜찮습니다 ㅎㅋ (복합성 기준)"
2026-07-27,A000000185903,62576840,2026.07.09,5,0,NORMAL,[기획] A00(+리필+바운싱피치밤),A07,B04,"C01,C02",2,1260.0,1,0,삥쿠더쿠,퍼프가 진짜 너무나 좋습니다. 보들보들하고 밀착력이 완전 대박이에요. 퍼프만 따로 팔아도 좋을 것 같아요! 메시망 타입을 더 좋아하긴 하는데 이거는 스펀지 타입이긴 하지만 퍼프가 워낙 좋아서 밀착력이 좋은 것 같습니다. 컬러는 A02도 21호인 저에게는 밝은 편입니다. 다른 거랑 믹스해서 사용하고 있어요
2026-07-27,A000000185903,62111392,2026.06.30,5,0,OFFLINE,[기획]N02(+리필+블러밤+퍼프),A01,B03,"C07,C09",4,1224.0,1,0,YONING,여름에 지속력이 짱 좋다고 해서 구매했어요 저는 평소 어떤 쿠션을 쓰든 파워 지성이라 다 녹았는데 이것도 마찬가지에요 ㅠㅠ 나비존 부분에 기름 많이 올라와서 몽글몽글하게 뭉침 얼굴색도 칙칙해졌어여
2026-07-27,A000000185903,63016267,2026.07.19,5,0,NORMAL,[기획]N02(+리필+블러밤+퍼프),A01,B01,"C05,C07",0,1125.0,1,0,레벨업,"사은품이 안 온 줄 알았는데 박스 안에 다 들어있네요. 붉은기, 홍조가 심해서 기존에 V02 썼었는데 이번에 N이 새로 생긴 것 같더라고요. 21호 피부지만 여름엔 목이랑 팔이 너무 타서 조금 어두운 거 사용해서 이번에도 02로 구매했습니다. 한 달 후에 실사용 후기 쓸게요. 코 옆 끼임이 심한데 다른 대안이 없어서 그냥 또 샀어요..ㅋㅋ"
2026-07-27,A000000185903,61993359,2026.06.27,5,0,NORMAL,[기획]N03(+리필+블러밤+퍼프),A01,B05,"C01,C05",9,1116.0,1,0,디오니소스통,브드알=커버력의 신. 키야 좋다잉. 근데 제께아니라 친구주려고산거라 테스터로 찍은거 바로 찍음 좋다 쿠션이 삼억개정도만안되어도 내가사는건디
2026-07-27,A000000185903,63071882,2026.07.20,5,0,OFFLINE,[기획] V02(+리필+바운싱피치밤),A01,B03,"C01,C05",0,900.0,1,1,안경딤섬,"- 22~23호 누런피부 봄웜라 
- 수부지 (코에 유분 많은 편), 트러블 피부, 잡티

겨울에 처음 써서 지금 3개 째 쓰고 있는데 수부지인 제 피부 기준 겨울엔 아무리 기초를 잘 해줘도 건조하고 뜨는 경향이 있어서 여름에는 유분 올라오는 부위만 파우더 처리 해주면 피부 표현도 예쁘고 지속력도 오래가는 편이에요 

무너짐도 ㅈㅅㅁ 쿠션이랑 비교해보면 그건 코땀 때문에 코쪽이 다 지워지고 다크닝도 좀 있었는데 이건 진짜 안 지워졌다고 무방할 만큼 무너짐도 거의 없었고 다크닝도 없어요 한 가지 단점은 코 옆쪽 기초를 열심히 안 해주면 끼임 심한데 그 부분은 기초 열심히만 잘 해준다면 괜찮습니다

쿠션 호수도 예쁘게 잘 뽑힌 편 같아요 저는 화사한 피부 좋아해서 21호 쓰는데 저처럼 피부 어두운데 화사한 거 좋아하시는 분들은 목에 톤업크림 필수로 바르고 다니셔야 할 거예요

기획으로 주는 바운싱 피치는 코잘봄이자 극웜톤인 저에겐 조금 쿨하게 발색돼서 짱박아뒀습니다.. 그래도 예쁘긴 예뻐요"
2026-07-27,A000000185903,62547877,2026.07.09,5,0,NORMAL,[기획] V02(+리필+바운싱피치밤),A01,B03,"C01,C02",0,900.0,1,0,iuudiw88,"정석 22호 쿠션 찾기 힘든데 딱이에요!
지성 여름 쿠션으로 추천 받아서 구매했는데 바운싱 피치밤 증정 기획이라 좋았어요
피치밤이란 이름답게 딱 피치빛에 크림치크인데 베이스까짐 신경써서 발라주니 자연스럽게 물들은 느낌이라 예쁘더라고요 베이스 까짐 때문에 베이스 전에도 깔아봤는데 쿠션 커버력이 좋다보니 그대로 다 가려버리긴 했어요..

여튼 쿠션 커버력도 좋고 한 겹 얇게 깔고 트러블 신경쓰이는 볼이랑 턱에만 살짝 더 톡톡 얹어주면 웬만한 건 다 가려져서 편하게 잘 쓰는 중입니당"
2026-07-27,A000000185903,62116691,2026.06.30,5,0,NORMAL,[기획] A02(+리필+바운싱피치밤),A06,B03,"C01,C02",2,900.0,1,0,하나봄,"저는 솜털 많은 지성피부인데, 제 최애 쿠션 중에 브들 쿠션이 top3에 뽑혀요! 너무 매트하지 않은데 얇으면서도 커버력이 적당히 좋아요. 핑크베이스 안좋아하는데 이 색상 정말 화사하게 이뻐요! 케이스 리뉴얼된게 더 이뻐서 마음에 드네여ㅎㅎ

바운싱피치밤은 크림보다는 꽤나 쫀득한 밤제형이라 사용하기 좀 부담스러워요...ㅎㅎ 밤 증정품일때 말고 지금 레몬케이스일때 구매할걸 후회되네용ㅜ"
2026-07-27,A000000185903,62917376,2026.07.17,4,0,NORMAL,[기획]A01(+리필+블러밤+퍼프),A01,B06,"C06,C09",3,837.0,0,0,cigarett****,개좋음 찜통에 장시간 운전하고 걸어다녀도 픽서 조합과 함께라몆 두렵지않음 제피부는 걸어다니는 산유국입니다
2026-07-27,A000000185903,60928125,2026.06.05,5,0,NORMAL,[기획]N01(+리필+블러밤+퍼프),A03,B02,"C06,C09",112,810.0,1,0,리락쿠마쿠마,이거 정말 할 말이 많은 쿠션입니다 케이스 외관부터 파스텔톤 레몬색이라 너무 예쁘고 퍼프 2개에 블러밤까지 증정이라 모공부자+퍼프 금방 더러워지는 사람인 저에겐 너무 좋은 기획세트에요 발림성도 좋고 바를 땐 촉촉한데 바르고 나면 딱 블러처리 한 것처럼 약간 보송해지는데 너무 좋아요 ㅜㅜ 지성분들은 여기서 파우더 한 겹 더 올려주면 메이크업 고정력이 확 살아날 거에요 얇게 발리고 시간 지나고 각질 부각 되거나 들뜸도 없었어요! 색상도 화사하게 잘 뽑혀서 옐로 베이스랑 핑크 베이스에 중간 색 찾으시면 이거 무조건 추천드려요 화사하게 밝아지면서 다크닝도 적고 써봐야지 이걸 아실 겁니다 암튼 최고에요 ㅜㅜ 다 쓰면 또 살 거에요 이런 기획 세트 많이 내주세요!! 쿠션이 이렇게 좋은데 파데는 얼마나 좋을지 감도 안 옵니다 다음엔 파데도 살게요 ㅎㅎ
2026-07-27,A000000185903,63231896,2026.07.24,5,0,NORMAL,[기획] A00(+리필+바운싱피치밤),,,,0,792.0,1,0,똥손올챙이,색상이 다양해서 좋고 커버도 잘되고 촉촉한 편이긴한데 건성이 사용하기에는 조금 건조한 느낌이 들었어요 그래도 다크닝없아서 좋았어요
2026-07-27,A000000185903,62046810,2026.06.29,5,0,NORMAL,[기획] A00(+리필+바운싱피치밤),A02,B01,"C01,C03",7,756.0,1,0,가족오락가락관,건성들이 여름에 쓰기 제일 좋은 제품인거 같애요. 엄청 건조 하지도 않고 끼지도 않고 딱 좋아요.
2026-07-27,A000000185903,62051428,2026.06.29,4,0,OFFLINE,[기획] A02(+리필),A03,B06,"C08,C11",3,744.0,1,0,겨쿨딥아오키지,"다른 건 진짜 넘 좋은데 
다크닝이 진지개심해요
풀메를못하겟을정도로 심합니다
참고로 수부지임"
2026-07-27,A000000185903,63211143,2026.07.24,4,0,NORMAL,[기획]N03(+리필+블러밤+퍼프),A03,B05,"C02,C09",0,720.0,1,0,거지되,좋은데.. 뭔가 개인적으로는 발림성이 좋은지는 모르게써요.. 퍼프에 한번찍으면 퍼프에 확 흡수되는 느낌이라서? 얼굴에 남는게 별로 없는누낌??? 양조절이라거 생각하면 많이 안 발려지는거라서 좋지만 살짝 아쉬워용.. ㅠㅠ 발림성이나 다른건 괜찮은 것 같야요! 여름쿠션으로 추천하눈 이유를 알겟더라구요 ( 겨울에 23-24정도 쓰는데 여름엔 좀 많이 타서 03 선택했는데듀 밝더라규여…ㅎ하핫 다음엔 더 어두운 색 사야겠어요)
2026-07-27,A000000185903,63096525,2026.07.21,5,0,NORMAL,[기획] V02(+리필+바운싱피치밤),,,,0,720.0,1,0,이머전씨,"한 달 정도 사용해 보니 데일리 쿠션으로 정말 만족스러웠습니다. 피부에 얇고 고르게 밀착돼 자연스럽게 표현되고, 여러 번 덧발라도 답답하거나 두꺼운 느낌이 거의 없었어요. 메이크업이 깔끔하게 마무리돼 아침에 화장하면 편안한 느낌이 오래 유지됐고, 수정 화장할 때도 들뜸 없이 자연스럽게 정리돼 만족스러웠습니다. V02 컬러도 피부톤에 화사하게 잘 어울렸고, 리필까지 함께 구성되어 있어 더욱 실용적이었습니다. 함께 들어 있는 바운싱 피치밤도 메이크업 전에 사용하기 좋아 전체적인 만족도가 높았고, 앞으로도 꾸준히 사용하고 싶은 쿠션입니다."
2026-07-27,A000000185903,63049564,2026.07.20,5,0,NORMAL,[기획]N01(+리필+블러밤+퍼프),A02,B04,"C01,C06",0,660.0,1,0,초코멜로,신선하고 저렴해서 좋아요! 아주 만족합니다 재구매할거에요!
2026-07-27,A000000185903,63046109,2026.07.20,5,0,NORMAL,[기획] A01(+리필+바운싱피치밤),A02,B03,"C01,C03",0,660.0,1,0,싸미맘,건성에게 베스트인 제품은 아니에요. 하지만 기초 꼼꼰히하고 얹었을때 너무 예뻐서 계속 씁니다.
2026-07-27,A000000185903,62768035,2026.07.13,5,0,NORMAL,[기획] V02(+리필+바운싱피치밤),A03,B04,C02,0,594.0,1,0,alalakak,"얇고 가볍게 발려서 답답함이 없고, 바를 때 살짝 시원한 느낌이 들어 여름철에 사용하기 좋아요. 피부 표현도 자연스럽고 커버력도 적당해서 데일리 쿠션으로 만족스럽습니다. 본품과 리필 구성이라 실용적이에요"
2026-07-27,A000000185903,63012287,2026.07.19,5,0,NORMAL,[기획] V02(+리필+바운싱피치밤),,,,0,540.0,1,0,고구마가조아용,처음 사용할 때부터 커버력이 좋다고 느꼈는데 한 달 동안 꾸준히 사용해보니 더 만족스러웠어요! 평소 사용하던 쿠션들은 처음에는 예뻐도 시간이 지나면 다크닝이 생기거나 커버력이 무너지는 경우가 많았는데 이 제품은 확실히 달랐습니다 마스크를 착용하고 하루 종일 생활해도 묻어남이 거의 없었고 피부 표현도 오래 유지됐어요 특히 다크닝이 거의 느껴지지 않아서 아침에 한 메이크업이 저녁까지 자연스럽게 유지되는 점이 가장 마음에 들었습니다 클렌징 티슈로 얼굴을 닦아냈을 때도 제품이 꽤 남아있는 걸 보고 지속력이 정말 좋다고 느꼈어요 커버력 지속력 밀착력 모두 만족스러운 제품이라 앞으로도 계속 사용할 것 같습니다 재구매 의향 있습니다
2026-07-27,A000000185903,62518797,2026.07.08,5,0,NORMAL,[기획] V02(+리필+바운싱피치밤),,,,0,540.0,1,0,라비올라,"피부 톤과 결을 자연스럽게 정돈해 깔끔한 피부 표현이 가능하더라고요. 여러 번 덧발라도 두껍게 들뜨는 느낌이 적었고, 자연스러운 커버력으로 잡티와 붉은기를 부담 없이 가려줘 데일리 메이크업에 잘 어울렸어요. 촉촉하게 발리면서도 마무리감은 산뜻해 시간이 지나도 답답함이 적었고, 메이크업 지속력도 만족스러웠어요."
2026-07-27,A000000250199,63249097,2026.07.25,5,0,NORMAL, ,A01,B05,"C04,C05",1,1512.0,1,0,멸종위기사랑,모공이랑 목주름에 좋은거 같아요 발랐을때 얼굴이 노래지긴 하지만 자고 일어나면 좀 모공이 좁아진 느낌이에요
2026-07-27,A000000254661,63149060,2026.07.22,5,0,NORMAL, ,A07,B05,"C01,C02",0,792.0,1,0,뽀숑맘90,"저녁마다 바르는데 피부톤이 좀 환해진 것 같아요.
기미는 아직 모르겠어요. 좀 더 발라보구요."
2026-07-27,A000000254661,63281160,2026.07.25,1,0,NORMAL, ,A03,B04,"C01,C04",1,756.0,1,0,eojinjin****,이거 다크서클에 효과 있대서 발랐더니 피부 뒤집힘 바른 부분만 피부가 좁쌀 마냥 오돌토돌한 게 엄청 올라오고 붉어짐 겨드랑이에 발라야겠음 원래 딱히 장점도 모르겠고 피부만 더 뒤집힌 듯 피부 매끈매끈 했는데 스트레스 받네…..
2026-07-27,A000000255701,61210968,2026.06.09,5,0,NORMAL, ,A03,B02,,43,3615.0,1,0,slickkkkkk,"물틴트 처럼 보습감 아예 없는 제품인줄 알았는데 어느 정도 보습감이 느껴져서 좋았어요. 코난 나와서 너무 좋은데..
왜 제 코난은 안경을 거꾸로 쓰고있는거죠...? ㅠㅜㅠ 불량품
당첨이라 슬퍼요,,,"
2026-07-27,A000000255701,62630786,2026.07.11,5,0,NORMAL, ,A01,B01,"C03,C04",14,3420.0,1,0,올리뷰과몰입,"디어클레어스 블루 유스 액티베이팅 사용한 지 벌써 한 달이 지남. 내돈내산으로 꾸준히 써보니 생각보다 너무 괜찮아서 후기 남겨봄 ㅋㅋㅋ

일단 제형 자체가 완전 물 타입임. 끈적이는 거 진짜 싫어하는데 이건 얼굴에 닿으면 주르륵 흐를 정도로 가볍게 흡수됨. 세안하고 첫 단계에 바르는데 피부에 순식간에 싹 스며드는 느낌이 정말 신세계임.

나처럼 유분은 도는데 속은 건조한 수부지 피부한테 완전 강추함. 보통 보습 챙기면 무겁기 마련인데 이건 겉은 산뜻하고 속은 쫀쫀하게 채워주는 느낌이라 지성 피부가 쓰기에 부담이 1도 없음. 아침에 화장 전에 발라도 밀리는 거 전혀 없어서 데일리로 매일 바르는 중임.

한 달 동안 꾸준히 써보니까 예민해서 쉽게 붉어지던 피부가 많이 차분해졌음. 확실히 피부 바탕이 탄탄해진 기분이랄까? 거칠었던 피부 결도 한결 매끄러워지고 속건조가 잡히니까 유수분 밸런스가 딱 맞는 느낌임 ㅋㅋㅋ 왜 유명한지 이제야 알겠음.

올리브영에서 할인하고 귀여운 키링까지 주니까 다들 품절되기 전에 꼭 쟁이시길 바람. 자극 없이 순한 진정 케어 찾고 있으면 무조건 이거 추천함!"
2026-07-27,A000000255701,62936633,2026.07.17,5,0,OFFLINE, ,A03,B03,"C01,C05",1,1890.0,1,0,하트냥이예냥,"🤎 사용 후기

코난 애니를 항상 챙겨볼 정도로 코난에 진심인데, 랜덤으로 들어있는 키링 퀄리티가 기대 이상으로 훌륭해서 언박싱할 때 무척 설렜음

앰플 본연의 진한 파란색이 신기했는데, 자기 전에 바르고 일어나면 다음 날 아침 붉은기나 트러블이 눈에 띄게 가라앉고 피부가 맑아진 느낌이 듦

끈적이는 세럼 제형이 아니라 완전히 주르륵 흐르는 가벼운 물 타입이라서 토너 직후 첫 단계에 바르면 쏙 흡수되어 피부 속이 편안함

🤎 장점

코덕과 애니메이션 덕후의 마음을 동시에 사로잡는 고퀄리티 명탐정 코난 한정판 키링이 포함된 알찬 기획 세트

무향, 무자극의 워터리한 텍스처라 수부지나 극민감성 피부도 트러블 걱정 없이 매일 산뜻하게 레이어링 하기 좋음

기존 스포이드 앰플보다 넉넉한 50ml 용량이라 아침저녁으로 아낌없이 듬뿍 바를 수 있음

🤎 아쉬운 점

키링이 랜덤이기 때문에 원하는 최애 캐릭터를 뽑지 못하면 아쉬움이 짙게 남을 수 있음

점성이 전혀 없는 물 같은 제형이다 보니, 스포이드로 얼굴에 덜어낼 때 바닥으로 쉽게 주르륵 흘러내려 재빨리 흡수시켜야 하는 번거로움이 있음

🤎 총평
탁월한 붉은기 진정 효과 + 산뜻한 워터 텍스처 + 소장 욕구를 완벽히 자극하는 코난 굿즈라는 세 가지 강점이 돋보이는 제품. 환절기나 스트레스로 뒤집어진 피부를 달래줄 구원템이자 성공적인 덕질 아이템으로 강력 추천할 만함."
2026-07-27,A000000255701,63150074,2026.07.22,5,0,NORMAL, ,A03,B05,"C05,C06",0,1080.0,1,0,qoduxhuw,"벌써 5-6통째 사용중인 제품이에요!
일단 물토너 같은 제형이라 여름에도 끈적임 없이 사용 가능하다는 게 큰 장점이에요. egf+아줄렌이 고함량으로 들어 있어 진정과 피부 재생에 진심 최고... 
민감할 때나 뒤집어졌을 때 꼭꼭 사용해줍니다. 앞으로도 계속 재구매할 것 같어요!"
2026-07-27,A000000255701,62072867,2026.06.29,5,0,OFFLINE, ,A02,B01,"C01,C03",3,900.0,1,0,마찌마찌,"한 통을 거의 비워서 미리 재구매 했어요.

자잘한 트러블이 자꾸만 올라와서 구매했는데 어느 정도 진정 효과가 있어서 꽤 괜찮게 사용 중이에요.

일단 주르륵 흐르는 물처럼 가벼운 제형이라 끈적임 없이 빠르게 스며들어서 좋았어요. 자극받은 피부에 사용했을 때 편안한 사용감이라 부담 없었어요."
2026-07-27,A000000255701,62904667,2026.07.17,5,0,NORMAL, ,,,,2,837.0,1,0,호호호하하,"아직까지는 잘 모르겠어요
흡수가빨라서 좋은점외에는
한병을 다 비워봐야할것같은...
쭉 더 사용해보려구요"
2026-07-27,A000000255701,62918096,2026.07.17,5,0,NORMAL, ,A06,B01,"C01,C05",0,810.0,1,0,지요요,"정말 저의 피부 구원템이에요….없으면 불안해요…
진짜 극 민감성인 저는 피부가 잘 뒤집어지는데…
열에도 민감하고 날씨, 스트레스 받으면 피부 진정이 진짜 필요한데…요 블루 드롭 사용하고 진정 많이 시켰습니다…
피부가 거의 진정되어서 이거 믿고 요즘 스트레스도 덜 받아요 ㅋㅋㅋ진짜 저 같은 피부분들 한번만 사용해보세요🙏🏻💙"
2026-07-27,A000000255701,62417804,2026.07.06,5,0,NORMAL, ,A03,B02,"C03,C04",1,756.0,1,0,민블,진짜 최고에요 .. 피부과레이져 받고 바를egf가 필요해서 검색해서 알게됬는데 물제형이라 흡수도 빠르고 ㅋ 재생력 굿굿
2026-07-27,A000000255701,62397333,2026.07.06,5,0,OFFLINE, ,A03,B03,"C01,C05",3,756.0,1,0,시아s,순하고 엄청 묽은편 진정이나 붉은기는 잘잡아주는데 속건조는 그닥이라 토너 단계에서 한번 발라주고 다른거 덧발라야함
2026-07-27,A000000255701,62857594,2026.07.15,5,0,NORMAL, ,A03,B03,"C06,C07",0,675.0,1,1,꿀피부돼지,"디어클레어스 앰플은 이번이 벌써 3번째 재구매예요! 
저는 민감성 피부라 자극을 많이 받는 편인데 요즘처럼 덥고 습한 날씨에는 트러블까지 자주 올라오더라고요. 
그런데 디어클레어스 앰플을 바르면 피부가 금방 진정되는 느낌이라 정말 만족하며 사용하고 있어요!!
제형은 물처럼 묽고 가벼워서 바른 뒤에도 답답하거나 끈적이는 느낌이 전혀 없어요. 대신 워낙 묽은 제형이라 한 번만 바르기보다는 2번 정도 레이어드해서 발라주면 피부가 한층 더 촉촉해지는 것 같아요. 민감한 피부도 부담 없이 사용할 수 있어서 앞으로도 꾸준히 재구매할 제품이여서 추천드립니다👍"
2026-07-27,A000000255701,63320964,2026.07.26,5,0,NORMAL, ,A03,,"C01,C02",0,660.0,1,0,Siry,"흐르는 가벼운 물제형이라 흡수가 빨라서 좋았어요!!
여름에 사용하기 딱 좋은것 같아요!!"
2026-07-27,A000000255701,61313811,2026.06.11,5,0,NORMAL, ,A01,B01,"C03,C04",17,630.0,1,0,올리뷰과몰입,"💙디어클레어스 블루 유스 액티베이팅💙

진정 효과가 어메이징 ~!! 
평소에 피부가 쉽게 붉어지거나 예민해져서 고민이었는데 자극받은 피부를 편안하고 빠르게 달래줍니다 국내 화장품 배합 한도 내에서 성분을 알차게 담았다고 해서 믿고 사용하고 있습니다

제형은 끈적임이 전혀 없이 물처럼 가볍게 흐르는 에센스 타입입니다 세안 후 첫 단계에 바르면 겉돌지 않고 피부 속으로 싹 흡수됩니다 답답하거나 무거운 느낌이 없어서 아침저녁으로 매일 쓰기에 부담이 없습니다

며칠 동안 꾸준히 사용해 보니 거칠었던 피부 결이 한결 매끄러워지고 붉은 기가 차분하게 가라앉는 것이 눈에 보입니다 요즘처럼 건조하고 기온 차가 클 때 피부 바탕을 탄탄하게 다져주는 느낌이 듭니다

지금 올리브영에서 할인도 많이 하고 귀여운 키링까지 챙길 수 있는 기회라 품절되기 전에 꼭 써보시길 바랍니다 자극 없이 순하게 피부 진정 케어를 하고 싶은 분들에게 적극적으로 추천하는 제품입니다"
2026-07-27,A000000255701,60679404,2026.06.02,3,0,NORMAL, ,A02,B06,"C05,C08",7,630.0,1,0,brandu98,"SNS 에서 효과가 좋다고 많이 얘기해서 구매해 봤는데, 사실 저는 큰 효과를 느끼지는 못했습니다. 너무 물은 제품이고 딱히 큰 효과가 없는 무난한 정말 그냥 무난 무난한 제품인것 같아요. 가격이 너무 비싸서 재구매는 고려해 봐야 될 것 같습니다."
2026-07-27,A000000255701,62915370,2026.07.17,5,0,NORMAL, ,A06,B05,"C05,C08",0,594.0,1,0,관리하는펭귄,그냥 주르륵 제형이라 짜자마자 파파박 손으로 발라줘야해욬ㅎㅋㅎㅋ 그래도 만족스럽슴다
2026-07-27,A000000255701,62890195,2026.07.16,5,0,NORMAL, ,A03,B01,"C04,C05",0,594.0,1,1,미뇽망나뇽,자극없이 순하고 촉촉해서 만족합니당 재구매템이에용 굿굿
2026-07-27,A000000255701,62854968,2026.07.15,5,0,NORMAL, ,A03,B01,"C04,C05",0,594.0,1,0,미뇽망나뇽,자극없이 순하고 제품력이 좋아서 재재재구매 하고있어용 만족
2026-07-27,A000000255701,62990989,2026.07.19,5,0,NORMAL, ,,,,1,567.0,1,0,포시포시,"기존에 쓰고 있던 제품이고 재구매합니다
피부 진정에 좋고 모공 막힘없이 피지 관리에도 좋아요
치부 장벽도 튼튼해집니다"
2026-07-27,A000000255701,63335623,2026.07.27,5,0,NORMAL, ,A06,B03,"C05,C06",0,528.0,1,0,ehal****,"가격은 비싸지만 꾸준히 사용중입니다!! 100% 이거 덕분인진 모르겠지만 여드름이 좀 많이 가라앉긴 했어요
토너보다 더 물같은 제형이라 스킨케어 젤 첫단계로 발라주고 있습니당 굿굿"
2026-07-27,A000000255701,63240555,2026.07.24,5,0,OFFLINE, ,A01,B04,"C03,C05",0,528.0,1,0,극복,가격은 꽤 비싼편이었는데 촉촉하고 잘 스며들었어요. 얼굴이 환해지는 느낌이 들어 꾸준히 사용중입니다
2026-07-27,A000000255701,62327312,2026.07.05,5,0,NORMAL, ,A06,B01,"C01,C03",1,396.0,1,1,뽀짝기린,"매번 세일할때마다 쟁여놓고 써요
이제는 없으면 안되는 제품!!
가격 비싼거같아도 안쓰면 안돼서 매달 구매하고 있어요 !"
2026-07-27,A000000255701,62216168,2026.07.02,5,0,NORMAL, ,A04,B02,"C01,C02",1,396.0,1,0,아따맘마쓰,자극없이 순해서 꾸준히 사용 중이에요! 너무 좋네용 ㅎ 쟁겨놔요
2026-07-27,A000000255701,61790531,2026.06.22,5,0,NORMAL, ,A03,B06,"C01,C02",1,378.0,1,0,코코천사,오늘 유명한 제품이라 고민하다 이제야 구입했어요. 가격대비 용량이 적어 조금씩 아껴 쓸 것 같아 아쉽긴 하지만 아직 사용 전이라 기대가 돼요..
2026-07-27,A000000255701,61259005,2026.06.10,5,0,NORMAL, ,A05,B05,"C01,C02",4,375.0,1,0,스콜라스티카,"날이 더워지면서 얼굴에 열감이 자주 올라오고 그러다보니 트라블도 올라와서 얼굴이 울긋불긋 ㅜㅜ
트러블에 좋고 진정에 좋다는 구아줄렌성분이 들어간 제품들을 워낙 좋아하는데 가격이 많이 부담부담
근데 여기제품은 구아줄렌에 egf+fgf 까지 들어가 있는데도 가격이 아주 만족스러웠어요
완전 물제형이라 가볍고 흡수가 엄청 빨라요
속건조 보다는 진정이 더 잘 되는거 같았어요
요 제품을 발라주고 쿨링팩을 해주니까 울긋불긋이 금방 가라앉고 진정이 오래가네요"
2026-07-27,A000000255701,61967082,2026.06.27,5,0,NORMAL, ,A06,B03,C06,0,360.0,1,0,ehal****,"원래 코난 좋아하는데 마침 제가 쓰는 제품이 코난 콜라보를 하다니 너무 행복하네요 원하던 한자와씨 키링이 나왔어요👏👏

제품은 엄청 물같은 제형이라 재빠르게 잘 발라줘야해요
피부에 트러블이 엄청 많이 올라왔을때 친구가 얼굴보고 EGF제품을 추천해줘서 사용하기 시작했는데 확실히 사용 후 트러블 올라오는 개수도 줄고 얼룩덜룩한 흔적도 많이 개선됐습니다
어느새 세통째 구매했어용
다른 제품과 달리 피부에 자극이 1도 없어서 아침저녁으로 바르기 조아용"
2026-07-27,A000000255701,62534249,2026.07.08,5,0,NORMAL, ,A03,B06,"C05,C07",0,330.0,1,1,잠깐멈춰봐,재구매 했습니다 진짜 얼굴 진정 바로 돼요!  저번에 코난 나와서 이번엔 다른 거 나오길 바랬는데 딱 다른게 나왔어여
2026-07-27,A000000255701,62325261,2026.07.04,5,0,NORMAL, ,A03,B01,C05,0,330.0,1,0,챙니127,"오늘 처음 썼는데
피지 잡는데 좋은 것 같아요

지금 턱에 모낭염 자국이 너무 많은데
색소침착에도 도움이 되면 좋겠네여!!!!"
2026-07-27,A000000255701,60270559,2026.05.28,1,0,NORMAL, ,A03,,"C01,C02",81,279.0,1,0,soyoungk****,리락쿠마랑 콜라보한 상품이랑 동일한 제품에 동일한 용량인데 코난 콜라보 했다고 너무 비싸게 팔아요 ㅋ 2만원 가까이 차이나고 ㅠ 짜쳐서 구매 안 할려고 하다가 애인이 사줬어요 그냥 코난 굿즈 사는게 더 이득이에여 사지마세여
2026-07-27,A000000255701,62861538,2026.07.16,5,0,NORMAL, ,A03,B04,"C01,C05",0,270.0,0,1,빵조하,"한달 사용 후기입니다

트러블로 유명한 유튜버가 추천해서 구매해봤는데, 너무 만족스러워서 계속 재구매하는 제품이에요.!!
이건 떨어지지 않게 무조건 세통씩 여유분이 있게 구매하고 있어요.

제형은 완전 물 제형이라 앰플보다는 토너라 생각해주셔도 될거 같아요. 그 만큼 흡수도 빠르고 마무리감도 완전 산뜻해서 특히 여름에 사용하기 너무 좋아요.

자극 전혀 없이 피부 진정 효과도 꽤나 괜찮은 거 같아 트러블이 막 올라와도 믿고 사용하는 제품이에요.
그리고, 기분탓인지 모르겠지만, 사용했을 때 피부 붉은자국이 빠르게 사라지는 거 같아요!

속촉촉, 겉산뜻, 빠른 흡수, 순한 제형, 진정 효과 너무 좋네요!"
2026-07-27,A000000255701,60707539,2026.06.03,5,0,OFFLINE, ,,,,11,270.0,1,0,민제혁,"여름이라 살짝 홍조가 올라와서 구매해봤어요

지성피부라 이런 기능성 제품쓰면 유분기때문에 흡수도안먹고 쓰다 말았는데 이건 유분기하나없이 완전 물제형이라 너무 좋아요 흡수도 금방됩니다

엄청 화하고시원할줄알았는데 그렇진않고 그래도 진정효과있는거같아요 자극도 없고 좋은거같습니다 꾸준히 써볼게요

코난패키지도 너무 커엽 
근데 코난키링은 실패했어요 ㅡ..ㅡ"
2026-07-27,A000000255701,63284321,2026.07.26,5,0,NORMAL, ,,,,0,264.0,1,0,보로로로롱,"엄청 묽어서 당황했는데 스프레이 용기에 담아쓰니 좋네요
진정에 좋아요"
2026-07-27,A000000212629,63039917,2026.07.20,5,0,GIFT,릴렉스 플러스 S-M (블랙),A04,B03,"C01,C02",1,2520.0,1,0,코지그레이스,"종아리 쪽에 Y자밴드 압박부가 오도록 신으면 돼요!
저는 수년째 신고 있지만 처음 신는 분은 헷갈릴 수도 있을 것 같은데 신는 방향이 있습니당 !
자외선 차단까지 되네요 !
발 달린 것도 한번씩 신는데 
그게 더 덜 붓기는 한데
신기가 귀찮아서 이거 많이 신어요 ~~"
2026-07-27,A000000212629,63039470,2026.07.20,5,0,GIFT,릴렉스 플러스 S-M (블랙),A04,B03,"C01,C02",1,2520.0,1,0,코지그레이스,"근무할때 여행갈때
그리고 오래 서 있을 때는
꼭 신어줍니다 !!
예전보다 신기가 편해진 것 같아요 !
신축성이 점점 더 좋아져요!
착용하기 편해진점 너무 칭찬포인트입니다 ~
압박강도는 좋고 다리가 훨씬 덜 붓고
덜 무겁습니다
사이즈도 좋구요"
2026-07-27,A000000212629,62768458,2026.07.13,5,0,NORMAL,워크 플러스 M-L (블랙),A03,B04,"C02,C05",1,1890.0,1,0,도비는자유예요,"도비는 원래 이 제품을 S로 집에서 잘 사용하고 있었는데… 돌아다닐 때도 신고 싶어서 이번에는 워크용으로 하나 더 구매했습니다…

사이즈는 고민했는데 M으로 사도 압박감이 충분했습니다… 오히려 오래 신고 다닐 거라면 M이 더 편했던 것 같습니다…

도비는 오래 걷거나 하루 종일 서 있는 날에는 꼭 착용합니다… 신고 있으면 다리가 훨씬 시원하고 붓는 느낌도 덜해서 만족도가 높습니다… 마치 호그와트 성 안을 하루 종일 뛰어다녀도 다리에 피로 회복 마법을 걸어놓은 기분입니다…

압박스타킹 입문 마법사라면 너무 작은 사이즈만 고집하지 않아도 될 것 같습니다… 도비 기준으로는 M도 충분히 압박감이 느껴졌고 착용감도 만족스러웠습니다…"
2026-07-27,A000000212629,62302695,2026.07.04,5,0,NORMAL,릴렉스 플러스 S-M (블랙),A04,B04,"C01,C05",3,900.0,0,0,코더긔,"✨ 여름 쿨 라이트 / 21~22호 / 건성, 민감성 피부 ✨

🐤 구매 가격
✔️ 18,900원

🐤 총평
✔️ 혈액 순환이 잘 안돼서 스트레스였는데 압스 써보고 광명 찾았어용! 50키로 좀 넘는데 S-M사이즈 하니까 딱 알맞게 쫀쫀하게 잡아줘서 너무 좋더라구용! 처음에 신을 때는 좀 빡빡한가 싶었는데 신고 나니까 다리를 탄탄하게 딱 잡아주는 느낌이었어요! 신고 돌아다니면 확실히 다리 피로감이 덜하고 훨씬 가벼워진 기분이에요! 저녁에 집에 와서 다리 보면 부종도 훨씬 덜해요! 소재도 너무 답답하지 않아서 하루 종일 착용해도 불편함이 전혀 없어용! 다리 라인 정리되는 느낌이라 더 맘에 들고 저처럼 다리 잘 붓는 분들은 꼭 써보세용~~"
2026-07-27,A000000212629,63236519,2026.07.24,5,0,OFFLINE,릴렉스 플러스 S-M (블랙),A02,B04,C11,0,792.0,1,0,여쿨건성17과19사이,편해요 두꺼운데 압박감이 너무 세지 않아서 신고 벗기 좋아요
2026-07-27,A000000212629,62646638,2026.07.11,5,0,OFFLINE,릴렉스 플러스 S-M (블랙),,,,1,756.0,1,0,가루이즈네버다이임,쓰고 안쓰고 차이가 드라마틱해요 13시간 서있고 1시간 쉬는 직업인데 다리 안아파요 붓기는 아침에 일어날때보다 더 줄어들어있어요 이걸 왜 이제알았는지 하ㅠㅠ 지금이라도 알아서 다행이러고 생각하고 오래서있는직업은 꼭 사세요!
2026-07-27,A000000212629,62228570,2026.07.02,5,0,NORMAL,릴렉스 플러스 S-M (블랙),A06,B03,"C04,C05",1,756.0,1,0,뭐사지뭐사,"다른 회사꺼 쓰다가 오특으로 싸게 샀어요
신었는데 시원한 느낌 들면서 좋네여
집안 여자들 하나씩 다 샀어요
러닝할때도 신어요
이틀썼는데 종아리 말랑해졋으요"
2026-07-27,A000000212629,62117992,2026.06.30,5,0,NORMAL,릴렉스 플러스 M-L (블랙),A01,B06,"C01,C02",3,756.0,1,0,cookkie,사이즈도 잘 맞고 종아리 저릴때나 붓기 뺄 때 좋어요! 추천합니다
2026-07-27,A000000212629,63297613,2026.07.26,5,0,OFFLINE,릴렉스 플러스 M-L (블랙),,,,0,528.0,1,0,mium1u,I use it everyday and I think it is very helpful for people working in the office
2026-07-27,A000000212629,63215877,2026.07.24,5,0,OFFLINE,릴렉스 플러스 M-L (블랙),A03,B01,"C06,C07",0,528.0,1,0,가르마바리스타,쓰던 압박스타킹이 다 헤져서 새로 샀는데 유명한데는 다 이유가 있는 것 같아요 좋아요
2026-07-27,A000000212629,63215772,2026.07.24,5,0,OFFLINE,릴렉스 플러스 S-M (블랙),A03,B01,"C06,C07",0,528.0,1,0,가르마바리스타,쓰던 압박스타킹이 다 헤져서 새로 샀는데 유명한데는 다 이유가 있는 것 같아요 좋아요
2026-07-27,A000000212629,63062111,2026.07.20,5,0,OFFLINE,릴렉스 플러스 S-M (블랙),,,,0,396.0,1,0,요이땅,구두 장시간 신고있거나 오래 걸으면 다리가 퉁퉁 붓는데 그럴때마다 신어주면 붓기가 내려가는 느낌이어서 좋아요
2026-07-27,A000000212629,62227034,2026.07.02,5,0,OFFLINE,릴렉스 플러스 S-M (블랙),A06,B04,"C05,C07",0,396.0,1,0,여지니영,서있는 직업이라 압박스타킹이 필수네요! 매일 착용하다보니까 늘어나긴해요
2026-07-27,A000000212629,61798338,2026.06.23,5,0,NORMAL,릴렉스 플러스 M-L (블랙),A01,B02,"C05,C07",0,378.0,1,0,소소하다이거야,"💛 앉아있는 시간이 많으면 압스가 좋다고 해서 구매했어요~
💛 종아리의 뻐근함이 확실히 좋아진 느낌!! 
💛 세일할 때 하나씩 더 쟁여야 겠어요~ 
💛 굉장히 짱짱한 느낌이네요"
2026-07-27,A000000212629,61698219,2026.06.20,5,0,NORMAL,나이트케어 플러스 S-M (핑크베이지),A01,B03,"C05,C09",1,378.0,1,0,멍뭉쓰,"확실히 잘때 하고자면 다음날 다리가 개운해요
근데 여름에 사용하기에는 좀 갑갑하네요ㅠ
당분간 쉬다가 가을에 다시 꺼내써야겠어요"
2026-07-27,A000000212629,60728663,2026.06.03,5,0,NORMAL,릴렉스 플러스 S-M (블랙),,,,0,378.0,1,1,wldmsrla09,"플러스 제품이 너무 좋습니당ㅋㅋㅋ
신고 벗기가 너무 편하고 여름에도 착용해도 저는 괜찮더라고요ㅎㅎ"
2026-07-27,A000000212629,60280764,2026.05.28,4,0,NORMAL,릴렉스 플러스 S-M (블랙),A02,B03,"C01,C03",1,378.0,1,0,멍예,오래 서 있는 직업이라 구매했는데 확실히 다리 묵직함이 달라져서 매일 착용중이에요
2026-07-27,A000000212629,62714073,2026.07.12,5,0,OFFLINE,릴렉스 플러스 S-M (블랙),A03,,,1,375.0,1,0,담넘천민재,"진짜 종아리 붓는거, 종아리알 고민이신 분들 꼭 구매하셨으면 좋겠어요
제가 종아리가 정말 두꺼운 편이어서 매일 착용하고 다녔거든요
아침 8시부터 밤 10시까지 학교에 앉아있는 학생인데
이게 살이 아니라 다 부종이엇나봐요
방금 리뷰쓴다고 혹시나 하고 종아리 둘레 재봤는데
제가 분명히 첨에 살때 사이즈 체크한다고 쟀던 둘레보다 진짜 2센티 줄었어요..ㅠㅠㅠㅠ
그리고 제가 사실 하나를 잃어버려서 일주일 동안은 한 쪽만 하고 다녔거든요
근데 하고 다닌 쪽이 다른 쪽보다 0.5정도 작아요!!!
아 이거 진짜 과장 없이 뻥 아니에요ㅠㅠ 효과가 진짜 좋은 것 같아용!!
계속 한 쪽만 하고 다닐 수는 없으니 하나 더 구매할 예정입니다ㅠㅠ🥺🥺"
2026-07-27,A000000212629,63086683,2026.07.21,5,0,OFFLINE,릴렉스 플러스 M-L (블랙),,,,0,360.0,0,0,그린365,처음신을때 진짜 무다리인 내 다리에 들어갈까 싶었는데 신다보니 적응되서 잘 신고 다녔습니다. 한번 신고 벗을 시간이 없기도하고 많이 걷다보니 차라리 그냥 신고 있자 해서 하루종일 신고 있었지만 확실히 효과는 있는거 같아요. 다리 붓는 속도나 다리 붓는 느낌이 달라요. 다만 다리 발목?쪽 고무줄? 조여지는 부분을 조금 신축감 있으면서 부드럽게 해주면 좋겠어요.. 신다보면 발목도 조여져서 아픕니다 ㅜㅜ
2026-07-27,A000000212629,62185507,2026.07.02,5,0,NORMAL,릴렉스 베이지 M-L(1켤레),A02,B02,"C02,C03",0,330.0,1,0,s벨라,"엄마가 다리아프다고 해서 사드렸는데
아직 새거라 압박강도가 좀 쎈편인가봐요
엄마는 조금 더 큰 사이즈가 있으면 좋겠다고 하는데 m-l 사이즈가 제일 큰거라 조금 아쉽네요ㅠ"
2026-07-27,A000000212629,62156400,2026.07.01,5,0,NORMAL,릴렉스 플러스 S-M (블랙),A03,B06,"C01,C02",0,330.0,1,0,예리는,"오랫동안 서서 일하는 직업이라 종아리 피로가 쌓여서 구매해봤어요! 사이즈는 넉넉한편이고, 착용할때도 큰 불편함 없어서 꾸준히 착용해보려고 합니다!"
2026-07-27,A000000212629,63139395,2026.07.22,5,0,OFFLINE,릴렉스 플러스 S-M (블랙),A02,B04,"C01,C05",0,300.0,0,0,뽀쇼처하자,"Wow 까자마자 처음 사용했을땐 정말 다리가 너무아팟어요
그 양 끝부분이 너무 꽉 조인다해야하나.. 아무래도 압박스타킹이다보니 당연한거겟죠 근데 두번째 세번째 이렇게 계속 쓰다보니까 적응도 되고 처음만큼 세게 압박되지는 않음 그래수 좋아요 일할때 다리가 좀 덜 피로한 느낌이라해야하나 여튼 추천합니댜"
2026-07-27,A000000212629,61935425,2026.06.26,4,0,NORMAL,릴렉스 플러스 S-M (블랙),,,,1,300.0,1,0,JINIII,"릴렉스 기본으로 꽤 사용 하다가 릴렉스 플러스가 새로 나왔다고 해서 샀어요. 구입하기 전에 리뷰를 먼저 봤었는데, 어떤 분이 기본이 낫다고 하신 댓글이 있었거든요. 그래서 고민을 했었는데 결론은 구입한 걸 후회 하지 않아요! 두 제품 모두 써본 제가 느낀 점은 기본이 훨씬 짱짱하고 압박이 잘되는 느낌은 있어요. 그래서 종아리가 얇으신 분들은 플러스를 쓰시면 오잉? 하실 것 같아요 ㅎㅎ 종아리가 34.5인 저로서는 두꺼운 종아리를 사용하기에 플러스가 신기에 더 수월하고 여름에 사용 하기가 덜 답답한 것 같아요. 그리고 Y모양으로 기본도 잡아 주었지만 플러스가 조금 더 와이 모양대로 압박 되는게 느껴진달까요. 결론은 두꺼운 종아리 소유자인 저는 플러스 마음에 들어요!ㅎㅎ 기본이랑 플러스 회사, 집에 두고 번갈아서 사용 할 예정입니다!"
2026-07-27,A000000212629,61613293,2026.06.18,4,0,NORMAL,릴렉스 플러스 M-L (블랙),A03,B01,"C02,C05",1,300.0,1,0,시끄러운나무늘보,"사용한 지 일주일 정도 되었는데 사용하기 전보다 살이 좀 말랑해진 느낌을 받았습니다. 근데 Y자 부분이 보풀처럼 실들이 다 일어나는 게 내구성이 좋진 않나 봐요ㅜ.ㅜ
한 달 동안 꾸준히 쓰고 리뷰 남기겠습니다!

(도움이 되셨다면 &#039;도움이 돼요&#039; 한 번씩만 눌러주세요!)"
2026-07-27,A000000212629,61713476,2026.06.21,5,0,OFFLINE,릴렉스 플러스 M-L (블랙),A03,B05,"C01,C02",0,270.0,1,0,리본님,"저는 1년전 하지정맥류 수술했고 처음에는 압박감이 걱정됐지만 착용감이 편안하고 답답하지 않아 꾸준히 신게 되었어요. 특히 퇴근 후 다리가 무겁게 느껴지는 날에 만족도가 높았고, 붓기 관리에도 도움이 되는 것 같아요! 무겁고 피곤한 날이 많아 꾸준히 착용하고 있어요"
2026-07-27,A000000212629,61290123,2026.06.11,3,0,NORMAL,나이트케어 플러스 S-M (핑크베이지),A03,,"C04,C06",0,270.0,1,0,아리곤듀,"원래 수면용 리뉴얼 전 버전과 종아리만 압박해주는 것 이렇게 2가지를 가지고 잇고

평소에 여행이나 일할때 종아리만 감싸주는거 쓰고

수면용은 평소에 잘 안쓰다가

이번에 다리를 심하게 접질러서 반깁스하고 다니게 되며 아무래도 다쳤다보니 붓기가 심해서 수면용도 다시 착용하게 됬는데

올이 나가게 되서 새로 구매하게 됬음

일단 난 개인적으로 구버전이 더 좋은것 같음
실리콘으로 뒷꿈치에 좋게 했다는데

☆일단 정말 착용하기 너무 힘듦..

돌돌 말아서 발 부터 확실하게 신고 다리쪽을 영끌해서 신는데 실리콘때문에 발에서 한번에 착용이 안되고 얇은 스타킹신엇을때 손으로 툭툭 올리듯이 실리콘을 뒷꿈치에 안착시켜야함

솔직히 리뉴얼 할꺼면 허벅지 돌돌 말리는걸 개선해주는게 낫지않앗을까 하는생각..

신고 자면서 뒤척이다가 허벅지 돌돌 말려서 피안통해 불편함을 굉장히 자주 느낌.

솔직히 실리콘 있다고 해서 뒷꿈치 건조한게 쵸크쵸크 해지진 않자나요..

일단 다리를 다쳐서 부어서 집에 있을때 수시로 이걸 신기는 할텐데 올나간 구버전 다시 신어야하나 싶으면서도 새로 산거 돈아까워서 그냥신어야하나 싶음..

쿠ㅍ 에서는 구버전을 팔아서 고민하다가
그래도 실리콘부분 신기 편하게 해놧겟지하고
신버전을 삿는데..

실리콘은 그저 불편한부분일 뿐...

그래도 평소에 집에서 수면용 착용하고
깁스할때 깁스하는 다리에 종아리만 하는거 신고 나가고 햇더니 병원에서 다친거 치곤 마니 안부엇다고 해줫어요 이건 감사해요..

수면용은 실리콘 있는용, 없는용 2가지버전으로 팔아주시면 좋겠어요... 선택할수있게...
전 쿠ㅍ에서 구버전 다시 사야하나 고민좀 해보겠슴다

그리고 제가 손톱을 항상 짧게 아무것도 안하고 유지하는데 신을때 손톱이용안했는데도 1번신자마자 올이 나가버렸네요..ㅎㅅㅎ..

비싸게 삿는데...🥲
리뉴얼되면서 퇴화된거같아요...ㅠㅠ"
2026-07-27,A000000212629,61173578,2026.06.08,5,0,NORMAL,나이트케어 플러스 M-L (핑크베이지),A02,B04,"C01,C04",0,270.0,1,0,진짜이것까지만산다,"워크만 사용해보다가 나이트케어도 사봤어요 !

확실히 다른 제품들보다 센시안꺼가 더 쫀쫀한 느낌..? 그대신 매일 몇 달씩 쓰면 확실히 좀 늘어난 느낌이 있긴 해요🥹

유니폼을 입어야 해서 워크말고 나이트로 산건데 밤에 잘때 껴주면 확실히 붓기가 많이 완화되는 느낌이 있어요!

다른 색이랑 달라서 뭔가 웃기긴한데.. 뒷꿈치에도 패드가 있고 신경 써서 만든 티가 나서 세일할 때 한번쯤 사보시는 거 나쁘지 않은 것 같습니다!"
2026-07-27,A000000212629,61041921,2026.06.06,5,0,OFFLINE,릴렉스 플러스 S-M (블랙),,,,0,270.0,1,0,가루이즈네버다이임,"오래서서 일하시는 분들 꼭사세요
세일 전에는 살까말까하다가 세일때 바로 샀는데 진작살껄..
다리가 진짜 안아파요 너무 신기함.. 물론 발바닥은 아픈데 그건 다리가 안아파서 느껴지는 고통이고 다리아플땐 그 고통이 더 심해서 발바닥아픈 줄도 몰랐움.. 그리고 다리 붓기가 아침이랑 똑같어요 안부음.. 서있는 직업에게 필수템!! 최고에요 진짜"
2026-07-27,A000000212629,60634603,2026.06.02,5,0,NORMAL,나이트케어 플러스 S-M (핑크베이지),A02,B03,,2,270.0,1,0,newllyoo,이전에 종아리만 압박해주는거만 신다가 이번걸로 갈아탔을 때 압박이 좀 덜되나...? 시원한 느낌이 없네...라고 생각했는데  전혀요... 신고 집에서 좀 걸어다니니까 압박이 되는 느낌이 들면서 시원해요... 잘 때는 이거 쓰고 평상시에 근무하거나 할 때는 종아리만 압박되는걸로 써야겠어요
2026-07-27,A000000212629,60611460,2026.06.02,5,0,NORMAL,릴렉스 플러스 S-M (블랙),A03,B04,"C01,C02",0,270.0,1,0,어디갔어내돈,"2025년에 발란ㅅ핏 으로 압박 스타킹을 처음 사용해봄..
오마갓 신세계.. 알바하고 이거끼면 다리만 하늘에 붕붕 떠잇는 가분이었음
하지만.. 지금도 짱쩡한데 처음처럼은 아님 
몇번 세탁도 해서 그런듯
그래서! 오특이길래 이걸 사봄
첨엔 발란ㅅ핏의 충격만큼은 아니엇지만 붓기도 잘빠지고 편안햐서좋았음 무엇보다 발란은 너무비쌈!! 이아이는 착해서좋아
최근에 두개 비교해서 껴봄
앞에 설명을 고려해서  얘는 새거라 더 비교되겟지만
이게 더 좋앗음
발란은 뽝!!!!쪼이는느낌
약간 편안하게 조여주는느낌임
ㅊㅊ해용"
2026-07-27,A000000249471,62782535,2026.07.14,5,0,OFFLINE,[1+1] 워터프루프 선스틱 30g 기획,A02,B01,"C01,C02",0,810.0,1,0,하늘별사탕,대용량으로 얼굴부터 바디까지 바를 수 있어서 여러개 바를 필요 없이 간편해서 좋고 향은 제품에 직접 코를 대고 맡았을때는 약간 민트향의 시원한 향이 은은하게 났고 코를 대고 맡지 않는 경우에는 얼굴이나 팔에 바른 이후에는 향은 거의 안느껴졌어요. 워터프루프 기능이라 땀과 물에 강해서 여름에 사용하기 좋아요
2026-07-27,A000000249471,62761430,2026.07.13,5,0,OFFLINE,[1+1] 워터프루프 선스틱 30g 기획,A02,B06,"C01,C02",0,540.0,1,1,뽀또앙,"전 1+1으로 20,800원에 구매했습니다 참고하세요
. 개인적으로 초록색보다 이게 더 보송보송해요 그래서 이것만 재구매합니다 밖에서 슥슥 바르기 좋음 전 1+1으로 20,800원에 구매했습니다 원래 보통 19,800원이었는데 참고하세요. 가격자체가 오른건지 할인율이 낮아진건진 모르겠네요"
2026-07-27,A000000249471,62288989,2026.07.04,5,0,OFFLINE,[1+1] 워터프루프 선스틱 30g 기획,,,,0,540.0,1,0,오드리덮밥,이게 진짜 너무너무 좋은게요 워터프루프인데 대용량이고 가격도 착하고 그리고 지금 원플원이에요.. 진짜 최고.. 또 식물나라에서 나온데 제품은 뭐 말뭐죠ㅎㅎ 진짜 좋고 저는 아침에 시간 없어서 바디 선크림은 막 바르는데 진짜 바르자마자 뽀송뽀송하게 마무리 돼서 옷에 묻어남도 없어요! 진짜 추천드려여!!!
2026-07-27,A000000249471,61381401,2026.06.13,5,0,OFFLINE,[1+1] 워터프루프 선스틱 30g 기획,A02,B01,"C01,C02",3,450.0,1,0,하늘별사탕,대용량으로 얼굴부터 바디까지 바를 수 있어서 여러개 바를 필요 없이 간편해서 좋고 향은 제품에 직접 코를 대고 맡았을때는 약간 민트향의 시원한 향이 은은하게 났고 코를 대고 맡지 않는 경우에는 얼굴이나 팔에 바른 이후에는 향은 거의 안느껴졌어요. 워터프루프 기능이라 땀과 물에 강해서 여름에 사용하기 좋아요
2026-07-27,A000000249471,62893940,2026.07.16,5,0,NORMAL,[1+1] 워터프루프 선스틱 30g 기획,A03,B04,"C05,C09",0,396.0,1,0,봄ㅇ1,스틱 한번사용하고 나니까 너무 편해서 계속 스틱만 쓰게되요 발림성 좋고 들고다니기에도 편해서 수시로 바르고 좋아요
2026-07-27,A000000249471,63301736,2026.07.26,5,0,OFFLINE,[1+1] 워터프루프 선스틱 30g 기획,A07,B04,"C01,C06",0,300.0,0,0,윤이06,"✅ 1~2주 차: 백탁 없는 실키한 밀착 & 손에 안 묻는 간편함
야외활동이나 외출 전 쓱쓱 발라주며 사용하기 시작했어요. 손에 묻히지 않고 바를 수 있어서 정말 편리했고, 백탁 현상 없이 투명하고 실키하게 밀착되는 느낌이 아주 마음에 들었습니다. 뭉침이나 끈적임이 전혀 없어서 쇄골이나 팔, 다리 같은 바디 라인에도 답답함 없이 부드럽게 쓰기 딱 좋더라고요.
✅ 3~4주 차: 야외활동 필수템! 확실한 워터프루프 & 유분 케어
한 달 동안 땀을 많이 흘리거나 물놀이를 할 때 꾸준히 사용해 보니 진가가 더욱 드러났어요. 물이나 땀에 쉽게 지워지지 않고 강력한 수분·땀 차단력을 유지해 줘서 야외에서도 피부가 타지 않도록 탄탄하게 보호받는 기분이었습니다. 특히 기름지거나 번들거리지 않고 피지를 살짝 잡아주는 유분 케어 효과가 있어서, 덧발라도 번들거리지 않고 보송하게 마무리되었어요.
✅ 총평 및 추천 팁
여름철 야외활동이나 물놀이, 야외 스포츠를 즐기시는 분들께 꼭 추천하고 싶은 필수 자외선 차단 아이템이에요! 끈적이는 선크림이 부담스러우셨던 분들도 번들거림 없이 깔끔하고 보송하게 덧바를 수 있어 한 달 내내 가방 속에 쏙 넣어 다니며 정말 유용하게 사용했습니다."
2026-07-27,A000000249471,62837319,2026.07.15,4,0,NORMAL,[1+1] 워터프루프 선스틱 30g 기획,,,,0,270.0,0,0,팔복,"여름이라 팔, 다리에도 자외선 차단하려고 구매했습니다. 기획으로 엄마랑 싼 가격에 나눠가질 수 있어서 좋았어요! 용량도 많고 바르고 나서도 확실히 보송합니다! 여름에 최고 딱히 탄 것 같진 않으니깐 효과는 좋은거겠죠 조금만 뽑고 바르면 밀려서 많이 뽑고 바르셔야해요 냄새는 거의 무향에 가까운 레몬?입니다"
2026-07-27,A000000249471,62147032,2026.07.01,5,0,NORMAL,[1+1] 워터프루프 선스틱 30g 기획,A02,B06,"C01,C02",1,264.0,1,0,뽀또앙,보송보송하긴한데 좀 미끄덩 거리기도 해요 직접 느껴지는 건아니고 손으로 만졌을 때? 어차피 스틱형이라 괜찮을 듯 강추요
2026-07-27,A000000249471,62146795,2026.07.01,5,0,OFFLINE,[1+1] 워터프루프 선스틱 30g 기획,A02,B06,"C01,C02",0,264.0,1,1,뽀또앙,보송보송하고 막 바르기 좋은 스틱이라 세일할 때마다 쟁여둬요 솔직히 말하면 살짝 미끄덩 거리긴 하는데 이정도는 어쩔 수 없다고 생각해요 보송보송하면서 바르기 편리하고 저렴한 선스틱 찾는다면 추천드립니다
2026-07-27,A000000249471,63278175,2026.07.25,5,0,NORMAL,[1+1] 워터프루프 선스틱 30g 기획,,,,0,220.0,1,0,핑구미,"우리 가족에게 없으면 안 돼~템임
진짜 식물나라 왜케 잘함...?
끈적이는 거 없고 수시로 덧바르기 좋아서 추천
대신 목에 바를 때는 머리카락에 안 묻게 조심하기!"
2026-07-27,A000000249471,63274576,2026.07.25,5,0,NORMAL,[1+1] 워터프루프 선스틱 30g 기획,,,,0,220.0,1,1,핑구미,"찐득한 선제품 싫으신 분
몸에 바르는 건 가성비 챙기고 싶으신 분
제발 이거 써 주세요

뽀송하고 덧바르기도 너무 좋음
가족들 다 이걸로 정착함
여름 필수템!!"
2026-07-27,A000000249471,61928735,2026.06.26,5,0,OFFLINE,[1+1] 워터프루프 선스틱 30g 기획,A03,B02,"C01,C04",0,198.0,1,0,피앙토,"스틱형이라 휴대하기좋고 활동할때 쓱싹바르기 편리해요
여름에 딱적합한 워터프루프이고 보송하고 밀림없어 좋아요!"
2026-07-27,A000000249471,61746178,2026.06.21,5,0,OFFLINE,[1+1] 워터프루프 선스틱 30g 기획,,,,1,198.0,1,0,RDJ,엄청 매트보송함 화장위에 발라도 화장이 안밀려서 좋음 양도 많아서 더더 개꿀개이득🥹🥺
2026-07-27,A000000249471,60661205,2026.06.02,5,0,NORMAL,[단품] 워터프루프 선스틱 30g,A04,B01,"C05,C08",0,198.0,1,0,쿨리리,식물나라 너무너무 좋아요 부담없고 자극도 없어서 순해요 잘 쓰고있어요
2026-07-27,A000000249471,60472425,2026.05.31,5,0,OFFLINE,[1+1] 워터프루프 선스틱 30g 기획,A01,B01,"C01,C04",0,198.0,1,0,김나니여,여름이 왔습니다!!! 팔 다리 타기 싫어서 스프레이 선크림 사려다가 그래도 휴대용으로 가지고 다니기 편한 스틱으로 구매했습니다. 워터프루프 선스틱 이거 별로 안끈적이더라구요? 마침 행사라 1+1이라 구매했습니다
2026-07-27,A000000249471,61753762,2026.06.21,5,0,OFFLINE,[단품] 워터프루프 선스틱 30g,A03,B02,C08,0,165.0,1,0,yssssm,"편하게 그냥 막 발라요
가방에 넣어 두고 다니기도 하고
크림 제형은 너무 무거워요 ㅠㅍ
스틱 강추!"
2026-07-27,A000000249471,61468224,2026.06.15,5,0,OFFLINE,[단품] 워터프루프 선스틱 30g,A03,B02,C08,0,165.0,1,0,yssssm,"쓱싹쓱싹 바르기 넘 편하고
짜서 바르는거는 길거리에서 막 바르기 좀 그랬는데
이건 막 발라요 ㅋㅋ"
2026-07-27,A000000249471,61093353,2026.06.07,5,0,NORMAL,[1+1] 워터프루프 선스틱 30g 기획,A01,B01,"C01,C03",0,165.0,1,0,최필구,"짐승이네요 아주 거~~대한 짐승 용량이에요
선스틱을 덧바름용으로 사용하는데 이제 안심하고 여기저기 막그냥 ㅆ도 걱정없을 용량 
올영세일 최곱니다"
2026-07-27,A000000249471,63016234,2026.07.19,5,0,OFFLINE,[1+1] 워터프루프 선스틱 30g 기획,,,,0,132.0,1,1,발목아프다,바른 거 티 안 나고 보송해서 좋아요 여름마다 구매하는데 되게 금방 씀
2026-07-27,A000000249471,62797941,2026.07.14,5,0,OFFLINE,[1+1] 워터프루프 선스틱 30g 기획,A02,B03,"C06,C13",0,132.0,1,0,폼폼푸린린,"자외선 차단은 물론이고
워터프루프 버전이 더 마무리감 보송해요!!!"
2026-07-27,A000000249471,61254281,2026.06.10,5,0,NORMAL,[단품] 워터프루프 선스틱 30g,A03,B01,"C07,C09",0,132.0,1,0,SRclsera,"잘 차단되어 좋아요
발림성 좋고 끈적임거의없어여
남편이
먼저 발라보는
컷 찍은건데
잘발라지고 여름철 잘 사용할것같아요ㅇ"
2026-07-27,A000000249471,61221606,2026.06.09,4,0,OFFLINE,[단품] 워터프루프 선스틱 30g,A02,B04,"C02,C03",0,132.0,1,0,하리니리늬,"여름에  반팔 입고 다니면서 팔에 바르려고 구입했어요. 투명하게 발리고 얇게 발려서 발린 느낌없고 끈적임없어요. 그래서 여러번 바르게 되는 것 같네요. 
스틱이라서 편하긴해요."
2026-07-27,A000000249471,60965756,2026.06.06,5,0,OFFLINE,[1+1] 워터프루프 선스틱 30g 기획,,,,0,132.0,1,0,ollying,"일단 선스틱은 금방 쓰는데 용량이 많아서 좋아요!
길어서 바르기에 그립감도 좋아요"
2026-07-27,A000000249471,60944673,2026.06.05,5,0,OFFLINE,[1+1] 워터프루프 선스틱 30g 기획,,,,0,132.0,1,0,응웬티응웬,"이 제품 정말 마음에 들어요. 여러 번 재구매했고, 친구들에게도 추천할 거예요."
2026-07-27,A000000249471,63195976,2026.07.23,5,0,OFFLINE,[단품] 워터프루프 선스틱 30g,,,,0,120.0,1,0,ttw****,"식물나라 NEW/대용량] 식물나라 워터프루프 선 스틱 30g 단품/1+1 기획 옵션 : 단품] 워터프루프 선스틱
1+1 구매하고 싶었지만 품절되어서
단품으로 할인받아서 구매했습니다~
모든 피부용이고 워터프루프 라서
구매했고~ 여행가서 사용했는데
끈적임도 없이 너무 좋았어요^^"
2026-07-27,A000000249471,62589374,2026.07.10,5,0,OFFLINE,[1+1] 워터프루프 선스틱 30g 기획,,,,0,110.0,1,0,걔란말이,기름지긴 한데 파우더 바른 것 처럼 처리 돼서 더운 여름 날 쓰기 딱 좋음!
2026-07-27,A000000249471,62818128,2026.07.15,5,0,NORMAL,[단품] 워터프루프 선스틱 30g,,,,0,99.0,1,0,kls****,여름철 물놀이 할 때 사용하기에 좋습니다. 부드럽게 잘 발라집니다
2026-07-27,A000000249471,61167138,2026.06.08,5,0,NORMAL,[1+1] 워터프루프 선스틱 30g 기획,,,,1,99.0,1,0,whdkfm****,굿!!!! 끈적임 전혀없고 쓰다보면 나오는 가루..? 이런것도 적고 잘 발리고 양도 많네요!!!! 다만 이런 롤러는 꼭 쓰다보면 몸체랑 제품이랑 분리되던데 이거는 안그러길..!!
2026-07-27,A000000249471,60572564,2026.06.01,5,0,NORMAL,[1+1] 워터프루프 선스틱 30g 기획,A03,B05,"C01,C04",0,99.0,1,0,s2y****,끈적임 적고 바르기 편해서 야외활동할 때 휴대용으로 좋아요 추천
2026-07-27,A000000249471,63121593,2026.07.21,5,0,OFFLINE,[1+1] 워터프루프 선스틱 30g 기획,,,,0,88.0,1,0,fgh****,제가 너무 많이바르는지 엄청 빨리써요 확실히 덜 타는거 같긴해요
2026-07-27,A000000222834,63175459,2026.07.23,4,0,NORMAL,기획(에센스 25ml + 앰플 7ml),A03,B02,"C01,C04",3,1512.0,0,0,jellyzhanghao,"제형자체는 무겁지 않은데
여름이고 습하다보니 수부지, 지성한테는 완던 찐득한 개기름이 나와요"
2026-07-27,A000000255752,62955562,2026.07.18,5,0,NORMAL, ,A01,B01,"C01,C05",2,2214.0,1,0,앙버터빵,재구매 제품이에요! 지성인 피부인 제가 여름에 수딩크림 바르기 너무 좋아요! 가볍고 흡수도 잘되고 수분감 넘치는데 피부 진정도 돼서 너무 잘 쓰고 있습니다!!
2026-07-27,A000000251335,63162581,2026.07.22,4,0,NORMAL,[밀크] 로즈힙,A03,B01,C08,2,2952.0,1,0,쿼카레옹,시럽느낌의 말간 분홍빛이 예쁜 네일강화제였어요 몇콧 바르느냐에 따라 색상이나 느낌이 살짝 달라지지만 전반적으로 청순하고 깔끔해보이는 색상이고 무엇보다도 손톱을 단단하게 유지시켜줘서 괜찮았어요 향은 일반 매니큐어와 비슷해요
2026-07-27,A000000254133,63179093,2026.07.23,3,0,NORMAL,[포켓몬에디션] 아이시 젤리 선스틱 기획,A01,B03,"C01,C02",7,5400.0,1,0,iuudiw88,"총평 : 쿨링감이나 감촉은 좋으나 부서져나가는 것 때문에 재구매의사 없음

- 쿨링감 : -6도 까지는 모르겠지만 은근 시원하고 바르는 곳 확실히 알 수 있어서 좋아요 멘톨 같은 화해서 하얘지기 보다는 시원한 대리석 대면 열 평형이뤄서 시원한 느낌으로 시원함

- 밀착감 : 이물감 하나 없이 딱 붙는 느낌. 선크림 싫어족에게 최고

- 부서짐 : ㅠㅠ .. 너무너무 좋은데 자꾸 떨어져나가요. 그래도 나름 쓰다보니 알겠어요 
1. 양방향으로 안바르고 한 방향으로만 일정하게 바르고, 2. 스틱도 플라스틱 거슬릴 정도로 아주 조금만 뽑기
3. 속도도 느리게 차근차근

바르면 안부서집니다
한 3번 부서진 후 터득한 노하우이니 다른 분들은 꼭 뽑기 성공하시길.."
2026-07-27,A000000254133,62742099,2026.07.13,5,0,NORMAL,[포켓몬에디션] 아이시 젤리 선스틱 기획,,,,4,1890.0,0,0,Vialactea,"피부 위에 부드럽게 스르륵 발리고, 젤리처럼 말랑한 제형이라 얼굴 굴곡진 부분이나 코 옆까지 꼼꼼하게 바르기 편했습니다.
미간, 콧볼 등 일반 선스틱으로 바르기 어려운 부위도 바르기 편했어요.촉촉하게 발리지만 마무리감은 끈적이지 않고 산뜻한 편이라 더운 날씨에도 부담 없이 사용하기 좋습니다."
2026-07-27,A000000254133,63301103,2026.07.26,1,0,OFFLINE,[포켓몬에디션] 아이시 젤리 선스틱 기획,,,,4,1800.0,1,0,끄르끆끅,"절대사지마세요
젤리제형이 좋은게 절대아니고 시원한거는 장점으로 느껴지지도않게 최악인제품

젤리라그런가 한번바스라지면 영원히복구가 안되고어찌저찌수습해서 발라보면 얼굴에 젤리덩어리들 다남아있고 위에 쿠션이라도 발랏다가는 전부밀리는 마법의제형

있어서는 안될제품이네요
여행들고갔다가 스트레스만받았어요"
2026-07-27,A000000254133,62932416,2026.07.17,5,0,NORMAL,[포켓몬에디션] 아이시 젤리 선스틱 기획,A07,B01,"C01,C06",0,1350.0,1,0,눈눈눈,"누르면 살짝 말랑말랑한 젤리 느낌의 선스틱인데
제가 사용해 본 선스틱 중에 제일 마음에 들어요. 발라도 답답함이나 찝찝함이 쿨링감이 있고, 적당히 촉촉한 느낌이 드는데, 아예 안 바른 것 같이 기름기도 없습니다!!

얼굴에 쓰기에도 좋고 팔에 다리에 바디에 쓰기 좋아요. 끈적거림이나 밀리는 느낌이 없어서 화장 전에서도 아주 좋습니다. 살짝 말랑한 느낌이랑 얼굴 구석구석에 바르기도 좋아요!!"
2026-07-27,A000000254133,61716286,2026.06.21,5,0,NORMAL,[포켓몬에디션] 아이시 젤리 선스틱 기획,A03,B04,"C01,C02",5,810.0,1,0,무지개같다,"여러 선스틱을 써봤지만...이렇게까지...나에게 차가운건....네가...처음이야...
포켓몬이랑...콜라보해서귀여어죽겄는데...속은젤리야...그것도나한테차가워...아니모두에게차가울까?...너가발린건지도모르겠어...난내팔에네가있는지없는지눈을크게뜨고봐도네흔적은보이지도않아...끈적이지않아...젤리면다야?...차가우면다야?...발림성좋으면다야?...액정클리너는들고다니기초큼부끄럽지만...너는나에게없어선...안돼...

제 리뷰가 도움이 되셨다면 좋아요 버튼👍 부탁드려요😍😍"
2026-07-27,A000000254133,63243093,2026.07.25,5,0,NORMAL,[포켓몬에디션] 아이시 젤리 선스틱 기획,A04,B03,"C05,C08",0,792.0,1,0,코코몽66,끈적이고 무거운 선크림이 싫어서 구매해봤는데 간편해서 좋습니다.
2026-07-27,A000000254133,62936852,2026.07.17,5,0,NORMAL,[포켓몬에디션] 아이시 젤리 선스틱 기획,A03,B02,"C03,C04",1,756.0,1,0,비니서,쿨링감은 잠깐이긴하지만 좋아요 잘녹는다는데 아직 녹진않음!!
2026-07-27,A000000254133,62961101,2026.07.18,4,0,OFFLINE,[포켓몬에디션] 아이시 젤리 선스틱 기획,,,,0,594.0,1,0,네뇨,"바르기편하고 쿨링 느낌도 좋은데 기름져서 손이 잘안가요
남자분들이 슥슥 바르긴 좋을거같은데
화장전에바르면 유분이 좀 많이 나왔어요"
2026-07-27,A000000254133,63302657,2026.07.26,5,0,NORMAL,[포켓몬에디션] 아이시 젤리 선스틱 기획,,,,0,540.0,1,0,천순둥,"여름에 쓰기 좋은 선스틱 찾다가 구매했는데 생각보다 더 만족했어요. 바를 때 시원한 느낌이 들어서 더운 날에도 부담 없이 사용할 수 있었고, 끈적임도 거의 없어서 수시로 덧바르기 좋았어요. 메이크업 위에도 밀림이 심하지 않았고 휴대하기 편해서 외출할 때 항상 챙기게 되는 제품이에였어요~"
2026-07-27,A000000254133,62152448,2026.07.01,4,0,NORMAL,[포켓몬에디션] 아이시 젤리 선스틱 기획,A07,B04,"C01,C02",0,540.0,1,0,삥쿠더쿠,핸드폰클리너 사은품도 마음에 들고 제품력도 마음에 들었는데 물렁물렁한 젤리 타입이라  거칠게(?) 바르다가 부서져버렸습니다. 부드러운 타입이라서 조심히 다뤄줘야 될 것 같아요. 끈적임 없이 보송보송한 타입이라서 좋긴 한데 어디를 발랐는지 안 발랐는지 구분이 잘 안 가는 게 또 단점이긴 합니다.
2026-07-27,A000000254133,62116151,2026.06.30,5,0,NORMAL,[포켓몬에디션] 아이시 젤리 선스틱 기획,A04,B01,"C06,C07",1,540.0,1,0,다해지,"한달 사용한 솔직리뷰: 진짜 한달동안 외출하는 날마다(일주일 5일 이상) 발랐는데요! 거의 안줄어듦…1년은 쓸 듯!! 쿨링 썬스틱이라 구매했는데 솔직히 온도가 낮아진다? 못 느낌 그냥 수분감 많은 썬스틱 느낌이구요! 백탁이 절대 없는 투명한 발림성이라 얼굴전체에 문질렀지만 발린건지 확인 불가해요….
또한, 스틱형이라 얼굴에 전염성 피부염이 조금 났는데 스틱이라 그런가 문질러져서 얼굴 전체 뒤집어짐.. 그 후로 스틱 부분 휴지로 닦고 피부과 약 발라서 나아졌고 더 안나요! 디자인은 피카츄로 귀여워서 좋아요.. 스틱이라 매번 가지고 나가서 바르기 좋고 수분감이 있다는 점이 얼굴보다는 바디용인지…바디에 바르기 좋은 듯"
2026-07-27,A000000254133,62095305,2026.06.30,5,0,NORMAL,[포켓몬에디션] 아이시 젤리 선스틱 기획,A01,B05,"C01,C02",2,540.0,0,0,앙름,"요즘 햇빛이 쎄서 이번에 꾸준하게 사용해봤는데 여름에 정말 잘 산 제품인 것 같아요 😊

쿨링감이 처음만 시원한 게 아니라 바를 때마다 시원해서 더운 날 들고 다니기 딱 좋아요! 열감 올라왔을 때 슥 발라주면 기분까지 상쾌해지는 느낌입니당 ʕっꈍᗜꈍςʔ

무엇보다 사용감이 여전히 마음에 들어요! 선스틱 바르고 나면 끈적거리거나 유분감 남는 제품도 많은데 이건 보송하게 마무리돼서 덧바르기도 부담 없어요 😊

휴대하기 좋은 사이즈라 외출할 때 항상 가방에 넣어 다니고 있어용! 자외선 차단도 간편하게 할 수 있어서 앞으로도 여름 내내 잘 사용할 것 같습니당 💗"
2026-07-27,A000000254133,63254156,2026.07.25,5,0,OFFLINE,[단품] 아이시 젤리 선스틱 14g,A03,B01,"C01,C05",0,528.0,1,0,아름다운짬짜미,끈적임이 적어서 부담 없이 사용할 수 있었어요. 피부에 가볍게 발리고 사용감이 산뜻해서 데일리로 사용하기 좋았습니다. 휴대하면서 덧바르기도 편해 만족해요.
2026-07-27,A000000254133,63059634,2026.07.20,5,0,GIFT,[포켓몬에디션] 아이시 젤리 선스틱 기획,A03,B01,"C03,C09",0,528.0,1,0,꾸매,아이시젤리 선스틱이란 이름답게 바르는순간 시원해짐이 느껴지네요 귀여운 케릭터 콜라보되어있어서 디자인도귀여워요
2026-07-27,A000000254133,62162156,2026.07.01,4,0,NORMAL,[포켓몬에디션] 아이시 젤리 선스틱 기획,A02,B02,"C01,C02",0,450.0,1,0,구슬이굴러간다,바르면 시원하고 넘넘 뽀송해서 계속 계속 덧발라도 기름지거나 무겁지 않아서 좋아요. 다만!다아만! 사용한지 4일만에 조금씩 깨지더라고요ㅠ 그리 세게 바르지도 않았거늘ㅠ 깨지면서 조각나니까 얼굴에도 가루묻듯이 묻고..그럼에도 불구하고 살살~ 더 살살~ 써봤지만 이내 사망했습니다ㅠ 더 견고해서 깨지지만 않는다면 왕큰 추천인데 아쉬워요.
2026-07-27,A000000254133,61679835,2026.06.20,5,0,NORMAL,[포켓몬에디션] 아이시 젤리 선스틱 기획,A01,B03,"C01,C02",1,450.0,1,0,iuudiw88,"ㅠㅠ 첫 사용만에 뿌서졌어요 그래도 워낙 쿨링감이나 제형감 맘에 들어서 재구매할 의사 있어요.
처음엔 선스틱이 왤케 비싸했는데 젤리라는 게 자꾸 아른 거려서 구매했거든요..
처음 쓰니까 완전 좋더라고요 그래서 신나서 팍팍 발랐더니 부서졌어요.. 그래도 진짜 좋아서 다른 분들은 부서먹지 마시고 조금만 빼내서 쓰세요!!"
2026-07-27,A000000254133,61482019,2026.06.15,5,0,NORMAL,[포켓몬에디션] 아이시 젤리 선스틱 기획,,,,2,450.0,1,0,미플러,"여름에 덧바르기 편한 선스틱을 찾다가 포켓몬 에디션이 귀여워요

바르는 순간 시원한 쿨링감이 느껴지고 끈적임 없이 보송하게 마무리돼서 휴대하기 편한 사이즈로 외출할때 매일 가지고 다녀요

피카츄 액정클리너까지 들어 있어 실용성과 재미를 모두 챙긴 기획 구성이 좋네요"
2026-07-27,A000000254133,61128158,2026.06.08,5,0,NORMAL,[포켓몬에디션] 아이시 젤리 선스틱 기획,A01,B02,"C09,C11",0,450.0,1,0,일레르,"선스틱은 원래도 여러 개 써봤는데 아이시 젤리라는 이름이 궁금해서 구매해봤어요. 여름에는 선크림 덧바르는 게 진짜 귀찮은데 이런 제품 하나 있으면 확실히 편하더라구요 😆

일단 바를 때 시원한 느낌이 있어서 날씨 더운 날 쓰기 좋았어요. 운동하고 들어왔을 때나 밖에 오래 있다가 덧바를 때 괜히 더 손이 가더라구요. 선스틱 특유의 답답함이나 끈적임도 심하지 않은 편이라 부담 없이 사용할 수 있었어요.

저는 가방에 넣어두고 다니면서 외출 중간중간 발라주고 있는데 손에 묻히지 않아도 되는 게 제일 편한 것 같아요. 특히 화장한 날은 선크림 다시 바르기 애매한데 선스틱이 있으니까 훨씬 수월하더라구요. 크기도 아담해서 파우치 차지 많이 안 하는 점도 좋았구요 👜

선크림은 결국 꾸준히 덧바르는 게 중요한데, 귀찮아서 안 하게 되는 날이 많잖아요. 이건 사용하기 편해서 그런지 자연스럽게 더 자주 쓰게 되네요. 요즘처럼 햇빛 강한 계절에 하나쯤 들고 다니기 괜찮은 제품인 것 같아요 💙"
2026-07-27,A000000254133,60776536,2026.06.03,5,0,OFFLINE,[포켓몬에디션] 아이시 젤리 선스틱 기획,A06,B01,C09,10,450.0,1,0,졸음쉼터,여름에 쓰기 좋은 썬스틱 찾다가 -6도 쿨링 효과 있대서 사봤는데 진짜 시원해요! 바르자마자 수분감이 확 느껴지면서 피부 온도를 내려주는 느낌입니다당 끈적이지 않고 산뜻하게 마무리돼서 수시로 덧바르기 너무 좋아요! 귀여운 피카츄 스티커까지 들어있네욥⚡️ AHC 선제품은 믿쓰템입니당:)
2026-07-27,A000000254133,63228900,2026.07.24,3,0,NORMAL,[포켓몬에디션] 아이시 젤리 선스틱 기획,,,,0,396.0,1,0,달디단체리,쿨링감이 느껴지는 건 좋으나 눈시림이 심해서 손이 잘 안갑니다ㅠㅠ 악건성이라 건조하기도 해요
2026-07-27,A000000254133,63051039,2026.07.20,4,0,NORMAL,[포켓몬에디션] 아이시 젤리 선스틱 기획,,,,0,396.0,1,0,봉보르봉,"여름에바르기 시원합니다.
끈적임 없어서 남자가쓰기에도좋았어요"
2026-07-27,A000000254133,62290833,2026.07.04,1,0,OFFLINE,[포켓몬에디션] 아이시 젤리 선스틱 기획,A03,B04,"C01,C02",0,396.0,1,0,깔쌈티코,스틱썬크림이라 사봤는데 ahc랑은 안맞는거같아요 썬스틱 쓴곳이 벌겋게 발진이나요..왜그럴까요
2026-07-27,A000000254133,62112227,2026.06.30,5,0,NORMAL,[포켓몬에디션] 아이시 젤리 선스틱 기획,A02,B01,"C01,C06",2,396.0,0,0,m튤립,스틱 형태라서 쉽게 바를 수 있어서 참 좋아요. 다른 사람에게 추천하고 싶은 제품입니다.
2026-07-27,A000000254133,61872463,2026.06.24,5,0,NORMAL,[포켓몬에디션] 아이시 젤리 선스틱 기획,A01,B05,"C06,C07",5,378.0,1,0,깜자쓰,기본 선스틱을 사용했을 때보다 시원해서 좋아요. 끈적임이 없는 게 최고의 장점이에요.
2026-07-27,A000000254133,61358507,2026.06.12,5,0,NORMAL,[포켓몬에디션] 아이시 젤리 선스틱 기획,A01,B01,C01,5,378.0,1,0,bbh27,⭕️기존 까만색 선스틱보다 발림성이 너무 부드럽고 훨씬 좋아요! 말랑하고 동그란 부분이 코 옆에 바르기에 굉장히 편리해요 재구매 할 예정입니다
2026-07-27,A000000254133,61282960,2026.06.10,5,0,NORMAL,[포켓몬에디션] 아이시 젤리 선스틱 기획,,,,0,378.0,1,0,하긔,"바를 때 쿨링되니까 여름에 수시로 발라주기 좋아요.
마무리감은 끈적임 없이 보송해요.
먼지가 잘 붙긴 해요."
2026-07-27,A000000254133,60997249,2026.06.06,5,0,NORMAL,[포켓몬에디션] 아이시 젤리 선스틱 기획,A03,B01,"C01,C02",18,378.0,1,0,지나가는고양이2,"매장에서 테스터 사용해보고 바로 구매했는데
너무 말랑하고 바를 때 느껴지는 쿨링감이 좋아요!
목 부분은 찜찜해서 선크림은 얼굴만 바르고 다니는데
이거라면 목부분도 얼마든지 덧바를 수 있어서 좋아요"
2026-07-27,A000000254133,63058360,2026.07.20,5,0,OFFLINE,[포켓몬에디션] 아이시 젤리 선스틱 기획,A06,B01,C09,0,360.0,0,0,졸음쉼터,"젤리처럼 말랑한 텍스처라 피부에 부드럽게 밀착되고, 뭉침 없이 가볍게 발려서 사용감이 정말 좋았어요!
무겁거나 답답한 느낌 없이 산뜻하게 마무리되고, 바르는 순간 은은한 쿨링감이 느껴져서 더운 날씨에도 시원하게 사용할 수 있었습니당 😊
외출 전 간편하게 바르기 좋고, 휴대하면서 수시로 덧바르기에도 편해서 여름철 데일리 선케어템으로 잘 사용하고 있어용"
2026-07-27,A000000254133,62539599,2026.07.09,5,0,NORMAL,[포켓몬에디션] 아이시 젤리 선스틱 기획,,,,0,360.0,1,0,깜숙달봉,"휴대하기 좋은 크기라 외출 시 수시로 덧바르기 편합니다. 바르는 순간 시원한 쿨링감이 느껴져 여름철 사용하기 좋고, 끈적임 없이 산뜻하게 마무리됩니다. 손에 묻지 않아 위생적이며 백탁도 거의 없어 만족스럽습니다. 포켓몬 패키지와 피카츄 액정클리너까지 있어 소장 가치도 높아요."
2026-07-27,A000000254133,62205584,2026.07.02,5,0,OFFLINE,[포켓몬에디션] 아이시 젤리 선스틱 기획,A01,B04,"C01,C05",0,330.0,1,0,호피무늬폴라티,"쿨링감 좋고 부드럽게 발리는 편이라 외출하기 전에 목덜미, 팔 등에 꼭 바르고 나가요"
