수집일자,카테고리,순위,브랜드,상품명,상품페이지링크,대표이미지URL,정가,혜택가,할인율,리뷰수,리뷰별점,별점5비율,별점4비율,별점3비율,별점2비율,별점1비율,세일,쿠폰,증정,오늘드림,상품번호,카테고리ID
2026-09-11,전체,1,메디힐,[15년 연속 1위] 메디힐 에센셜 마스크팩 10/10+1매 기획 7종 골라담기,https://www.oliveyoung.co.kr/store/goods/getGoodsDetail.do?goodsNo=A000000223414,https://image.oliveyoung.co.kr/cfimages/cf-goods/uploads/images/thumbnails/400/10/0000/0022/A000000223414125ko.png?l=ko,20000,10000,50.0,503166,4.9,91,7,2,0,0,1,0,0,1,A000000223414,ALL
2026-09-11,전체,2,어노브,[4년 연속 1위] 어노브 딥 데미지 리페어 헤어 마스크 (트리트먼트/헤어팩) 320ml 더블/듀오 기획,https://www.oliveyoung.co.kr/store/goods/getGoodsDetail.do?goodsNo=A000000171423,https://image.oliveyoung.co.kr/cfimages/cf-goods/uploads/images/thumbnails/400/10/0000/0017/A000000171423172ko.jpg?l=ko,42000,28800,31.4,93236,4.9,90,8,2,0,0,1,1,0,1,A000000171423,ALL
2026-09-11,전체,3,설화수,[추석 지함보 기획] 설화수 탄력 3종/윤조 3종/윤조 90ml 기획 모음,https://www.oliveyoung.co.kr/store/goods/getGoodsDetail.do?goodsNo=A000000204635,https://image.oliveyoung.co.kr/cfimages/cf-goods/uploads/images/thumbnails/400/10/0000/0020/A00000020463570ko.jpg?l=ko,140000,126000,10.0,629,4.9,94,4,1,0,0,0,1,0,0,A000000204635,ALL
2026-09-11,전체,4,어노브,[파워퍼프걸 콜라보] 어노브 딥 데미지 리페어 샴푸 500ml 더블/듀오 기획,https://www.oliveyoung.co.kr/store/goods/getGoodsDetail.do?goodsNo=A000000183059,https://image.oliveyoung.co.kr/cfimages/cf-goods/uploads/images/thumbnails/400/10/0000/0018/A00000018305985ko.jpg?l=ko,34000,25800,24.1,25037,4.9,91,7,2,0,0,1,1,0,1,A000000183059,ALL
2026-09-11,전체,5,어노브,[파워퍼프걸콜라보][퍼퓸핸드크림] 어노브 글로우 고보습 핸드크림 40ml,https://www.oliveyoung.co.kr/store/goods/getGoodsDetail.do?goodsNo=A000000234985,https://image.oliveyoung.co.kr/cfimages/cf-goods/uploads/images/thumbnails/400/10/0000/0023/A00000023498552ko.jpg?l=ko,15000,10900,27.3,3543,4.9,91,6,2,1,0,1,1,0,1,A000000234985,ALL
2026-09-11,전체,6,아누아,[9월 올영픽/산리오캐릭터즈 콜라보] 아누아 피디알엔 히알루론산 캡슐 100 세럼 30ml 더블기획(+시나모롤 파우치),https://www.oliveyoung.co.kr/store/goods/getGoodsDetail.do?goodsNo=A000000262602,https://image.oliveyoung.co.kr/cfimages/cf-goods/uploads/images/thumbnails/400/10/0000/0026/A00000026260213ko.png?l=ko,57500,27000,53.0,23771,4.8,85,10,4,1,1,1,1,0,1,A000000262602,ALL
2026-09-11,전체,7,나른,[올리브영X산리오] 나른 브레즘 코튼 숏트렁크 (2 colors)(헬로키티/쿠로미),https://www.oliveyoung.co.kr/store/goods/getGoodsDetail.do?goodsNo=A000000261498,https://image.oliveyoung.co.kr/cfimages/cf-goods/uploads/images/thumbnails/400/10/0000/0026/A00000026149809ko.jpg?l=ko,19900,13500,32.2,866,4.9,92,5,1,0,1,1,1,0,1,A000000261498,ALL
2026-09-11,전체,8,어노브,"[파워퍼프걸 콜라보] 어노브 헤어 퍼퓸 미스트 20ml 3종 택 1 (로지 아우라, 텐더블룸, 웜페탈)",https://www.oliveyoung.co.kr/store/goods/getGoodsDetail.do?goodsNo=A000000213983,https://image.oliveyoung.co.kr/cfimages/cf-goods/uploads/images/thumbnails/400/10/0000/0021/A00000021398323ko.jpg?l=ko,37000,30900,16.5,3063,4.8,89,8,2,1,0,1,1,0,1,A000000213983,ALL
2026-09-11,전체,9,아비브,[9월 올영픽/산리오] 아비브 어성초 테카 캡슐 세럼 카밍 드롭 50ml 더블 기획(+스팟패치+케이스),https://www.oliveyoung.co.kr/store/goods/getGoodsDetail.do?goodsNo=A000000263036,https://image.oliveyoung.co.kr/cfimages/cf-goods/uploads/images/thumbnails/400/10/0000/0026/A00000026303608ko.png?l=ko,48000,27900,41.9,16356,4.7,83,11,5,1,1,1,1,0,1,A000000263036,ALL
2026-09-11,전체,10,스킨푸드,[한정기획] 스킨푸드 당근 PDRN 속수분 패드 100매 기획 (+10매*3),https://www.oliveyoung.co.kr/store/goods/getGoodsDetail.do?goodsNo=A000000255579,https://image.oliveyoung.co.kr/cfimages/cf-goods/uploads/images/thumbnails/400/10/0000/0025/A00000025557920ko.png?l=ko,29000,18200,37.2,2143,4.8,89,6,3,1,1,1,1,0,1,A000000255579,ALL
2026-09-11,전체,11,에스트라,[1등크림] 에스트라 아토베리어365 크림 80ml 기획(+토너25ml+클렌징폼3g*3EA),https://www.oliveyoung.co.kr/store/goods/getGoodsDetail.do?goodsNo=A000000261864,https://image.oliveyoung.co.kr/cfimages/cf-goods/uploads/images/thumbnails/400/10/0000/0026/A00000026186405ko.jpg?l=ko,33000,26700,19.1,39929,4.9,90,7,2,0,1,1,1,0,1,A000000261864,ALL
2026-09-11,전체,12,에이치케이엔터코리아,산리오 캐릭터즈 레이니데이 인형키링 8종,https://www.oliveyoung.co.kr/store/goods/getGoodsDetail.do?goodsNo=A000000261918,https://image.oliveyoung.co.kr/cfimages/cf-goods/uploads/images/thumbnails/400/10/0000/0026/A00000026191804ko.jpg?l=ko,16000,12000,25.0,760,4.9,96,3,0,0,0,1,1,0,1,A000000261918,ALL
2026-09-11,전체,13,아누아,[9월 올영픽/산리오캐릭터즈 콜라보] 아누아 피디알엔 히알루론산 100 수분 크림 60ml 더블기획(+시나모롤 집게핀),https://www.oliveyoung.co.kr/store/goods/getGoodsDetail.do?goodsNo=A000000262603,https://image.oliveyoung.co.kr/cfimages/cf-goods/uploads/images/thumbnails/400/10/0000/0026/A00000026260328ko.png?l=ko,64000,26900,58.0,10206,4.8,86,10,3,1,1,1,1,0,1,A000000262603,ALL
2026-09-11,전체,14,설화수,[NEW] 설화수 자음 2종/트라이얼 기획,https://www.oliveyoung.co.kr/store/goods/getGoodsDetail.do?goodsNo=A000000231763,https://image.oliveyoung.co.kr/cfimages/cf-goods/uploads/images/thumbnails/400/10/0000/0023/A00000023176347ko.jpg?l=ko,85000,76500,10.0,102,4.9,95,2,2,,1,0,1,0,1,A000000231763,ALL
2026-09-11,전체,15,메디힐,[산리오캐릭터즈 에디션] 메디힐 더마 토너패드 100+100매 7종 골라담기,https://www.oliveyoung.co.kr/store/goods/getGoodsDetail.do?goodsNo=A000000262413,https://image.oliveyoung.co.kr/cfimages/cf-goods/uploads/images/thumbnails/400/10/0000/0026/A000000262413244ko.png?l=ko,39900,28500,28.6,83140,4.8,86,10,3,1,1,1,1,0,1,A000000262413,ALL
2026-09-11,전체,16,일리윤,[5년연속1위/100시간보습] 일리윤 세라마이드 아토 로션 334ML+100ML(기획/단품),https://www.oliveyoung.co.kr/store/goods/getGoodsDetail.do?goodsNo=A000000157820,https://image.oliveyoung.co.kr/cfimages/cf-goods/uploads/images/thumbnails/400/10/0000/0015/A00000015782025ko.png?l=ko,18900,13900,26.5,25635,4.9,90,8,2,0,0,1,0,0,1,A000000157820,ALL
2026-09-11,전체,17,리터니티,[라이브특가/9월올영픽] 리터니티 헬로키티 이어테라피 기획20pcs,https://www.oliveyoung.co.kr/store/goods/getGoodsDetail.do?goodsNo=A000000263475,https://image.oliveyoung.co.kr/cfimages/cf-goods/uploads/images/thumbnails/400/10/0000/0026/A00000026347515ko.png?l=ko,27300,18600,31.9,3262,4.7,78,13,6,1,1,1,1,1,1,A000000263475,ALL
2026-09-11,전체,18,온그리디언츠,[9월 올영픽/산리오캐릭터즈] 온그리디언츠 스킨 베리어 속광 미스트 100ml기획(로션 30ml+ 헬로키티 카라비너),https://www.oliveyoung.co.kr/store/goods/getGoodsDetail.do?goodsNo=A000000263932,https://image.oliveyoung.co.kr/cfimages/cf-goods/uploads/images/thumbnails/400/10/0000/0026/A00000026393206ko.png?l=ko,25000,21300,14.8,4636,5.0,98,1,1,0,0,1,1,0,1,A000000263932,ALL
2026-09-11,전체,19,설화수,[추석 지함보 기획] 설화수 윤조에센스 90ml 단품/기획,https://www.oliveyoung.co.kr/store/goods/getGoodsDetail.do?goodsNo=A000000204633,https://image.oliveyoung.co.kr/cfimages/cf-goods/uploads/images/thumbnails/400/10/0000/0020/A00000020463392ko.jpg?l=ko,140000,126000,10.0,597,4.9,94,4,1,0,0,0,1,0,0,A000000204633,ALL
2026-09-11,전체,20,얼터너티브스테레오,[9월올영픽/산리오콜라보]얼터너티브스테레오 립 포션 슈가 글레이즈 틴트 미니 4ml,https://www.oliveyoung.co.kr/store/goods/getGoodsDetail.do?goodsNo=A000000232078,https://image.oliveyoung.co.kr/cfimages/cf-goods/uploads/images/thumbnails/400/10/0000/0023/A00000023207838ko.jpg?l=ko,11000,7800,29.1,7556,4.8,84,11,4,1,0,1,1,0,1,A000000232078,ALL
2026-09-11,전체,21,라로슈포제,[9월 올영픽/손상장벽집중케어]라로슈포제 시카플라스트밤 B5+ 100ml 기획 (+시카에센스7.5ml+히알루세럼3ml),https://www.oliveyoung.co.kr/store/goods/getGoodsDetail.do?goodsNo=A000000263009,https://image.oliveyoung.co.kr/cfimages/cf-goods/uploads/images/thumbnails/400/10/0000/0026/A00000026300905ko.jpg?l=ko,41000,32800,20.0,34778,4.8,87,9,3,1,1,1,0,1,1,A000000263009,ALL
2026-09-11,전체,22,정샘물,[미니쿠션 증정] 정샘물 에센셜 스킨 누더 쿠션 한정 기획,https://www.oliveyoung.co.kr/store/goods/getGoodsDetail.do?goodsNo=A000000139063,https://image.oliveyoung.co.kr/cfimages/cf-goods/uploads/images/thumbnails/400/10/0000/0013/A000000139063179ko.jpg?l=ko,48000,39360,18.0,39915,4.7,81,13,4,1,1,1,0,0,1,A000000139063,ALL
2026-09-11,전체,23,보다나,[9월 올영픽/헬로키티] 보다나 이지 업 헤어스타일러 플립 (기획/단품),https://www.oliveyoung.co.kr/store/goods/getGoodsDetail.do?goodsNo=A000000263630,https://image.oliveyoung.co.kr/cfimages/cf-goods/uploads/images/thumbnails/400/10/0000/0026/A00000026363006ko.png?l=ko,85000,68500,19.4,659,4.6,76,14,7,2,2,1,1,0,1,A000000263630,ALL
2026-09-11,전체,24,에스네이처,[산리오 특가/리뷰이벤트/헬로키티] 에스네이처 아쿠아 스쿠알란 수분크림 60ml 더블기획 (+헬로키티 키캡키링),https://www.oliveyoung.co.kr/store/goods/getGoodsDetail.do?goodsNo=A000000263782,https://image.oliveyoung.co.kr/cfimages/cf-goods/uploads/images/thumbnails/400/10/0000/0026/A00000026378295ko.png?l=ko,43000,21900,49.1,38267,4.8,87,10,3,1,1,1,1,0,1,A000000263782,ALL
2026-09-11,전체,25,코링코,[라이브특가/산리오 콜라보] 코링코 톡톡하라 노글루 속눈썹 3종/트위저,https://www.oliveyoung.co.kr/store/goods/getGoodsDetail.do?goodsNo=A000000263482,https://image.oliveyoung.co.kr/cfimages/cf-goods/uploads/images/thumbnails/400/10/0000/0026/A00000026348205ko.jpg?l=ko,20000,14300,28.5,24130,4.8,85,10,3,1,1,1,1,0,1,A000000263482,ALL
2026-09-11,전체,26,비플레인,[2천만돌파] 비플레인 녹두 약산성 클렌징폼 160ml 더블 기획,https://www.oliveyoung.co.kr/store/goods/getGoodsDetail.do?goodsNo=A000000260522,https://image.oliveyoung.co.kr/cfimages/cf-goods/uploads/images/thumbnails/400/10/0000/0026/A00000026052218ko.jpg?l=ko,26000,23900,8.1,21608,4.9,89,8,2,0,0,1,0,0,1,A000000260522,ALL
2026-09-11,전체,27,바이오던스,[7+1/산리오 굿즈 증정] 바이오던스 리얼 딥 마스크 7+1매 기획(콜라겐/세라놀)(+헬로키티 마우스패드),https://www.oliveyoung.co.kr/store/goods/getGoodsDetail.do?goodsNo=A000000261842,https://image.oliveyoung.co.kr/cfimages/cf-goods/uploads/images/thumbnails/400/10/0000/0026/A00000026184212ko.jpg?l=ko,35000,29400,16.0,7201,4.8,85,10,3,1,1,1,1,0,1,A000000261842,ALL
2026-09-11,전체,28,토리든,[9월 올영픽] 토리든 다이브인 저분자 히알루론산 세럼 50ml 리필 기획 (+50ml 리필+자석인형) (시나모롤),https://www.oliveyoung.co.kr/store/goods/getGoodsDetail.do?goodsNo=A000000263664,https://image.oliveyoung.co.kr/cfimages/cf-goods/uploads/images/thumbnails/400/10/0000/0026/A00000026366410ko.png?l=ko,36000,25600,28.9,3649,4.9,91,6,2,0,0,1,1,0,1,A000000263664,ALL
2026-09-11,전체,29,유밀,[1+1/박희선PICK]유밀 두유 그래놀라 쉐이크 45g 2종 택1(두유놀라/검은콩 두유몬드),https://www.oliveyoung.co.kr/store/goods/getGoodsDetail.do?goodsNo=A000000263627,https://image.oliveyoung.co.kr/cfimages/cf-goods/uploads/images/thumbnails/400/10/0000/0026/A00000026362721ko.jpg?l=ko,4900,4900,0.0,3550,5.0,100,0,0,,,0,0,0,1,A000000263627,ALL
2026-09-11,전체,30,오필리,[베러PICK] 오필리 V보람샷 20g 14개입,https://www.oliveyoung.co.kr/store/goods/getGoodsDetail.do?goodsNo=A000000264566,https://image.oliveyoung.co.kr/cfimages/cf-goods/uploads/images/thumbnails/400/10/0000/0026/A00000026456606ko.png?l=ko,28000,19500,30.4,5,5.0,100,,,,,1,1,0,1,A000000264566,ALL
2026-09-11,전체,31,어노브,[파워퍼프걸 콜라보] 어노브 실크 헤어 오일 에센스 70ml 더블 기획 (텐더블룸/웜페탈),https://www.oliveyoung.co.kr/store/goods/getGoodsDetail.do?goodsNo=A000000171422,https://image.oliveyoung.co.kr/cfimages/cf-goods/uploads/images/thumbnails/400/10/0000/0017/A00000017142281ko.jpg?l=ko,35000,27900,20.3,37375,4.8,87,10,2,0,0,1,1,0,1,A000000171422,ALL
2026-09-11,전체,32,코링코,[9월 올영픽/산리오 콜라보/1등 속눈썹] 코링코 톡톡하라 노글루 속눈썹 15종 택1,https://www.oliveyoung.co.kr/store/goods/getGoodsDetail.do?goodsNo=A000000213569,https://image.oliveyoung.co.kr/cfimages/cf-goods/uploads/images/thumbnails/400/10/0000/0021/A00000021356935ko.jpg?l=ko,20000,14300,28.5,20771,4.8,84,11,4,1,1,1,1,0,1,A000000213569,ALL
2026-09-11,전체,33,릴리바이레드,[산리오 캐릭터즈/마이멜로디 파우치] 릴리바이레드 러브빔 치크밤 20종,https://www.oliveyoung.co.kr/store/goods/getGoodsDetail.do?goodsNo=A000000137964,https://image.oliveyoung.co.kr/cfimages/cf-goods/uploads/images/thumbnails/400/10/0000/0013/A00000013796480ko.jpg?l=ko,13000,9310,28.4,53386,4.8,84,12,4,0,0,1,1,0,1,A000000137964,ALL
2026-09-11,전체,34,가그린,[9월올영픽/산리오] 가그린 후레쉬브레스 민트 15ml 더블 기획 (+헬로키티 스티커),https://www.oliveyoung.co.kr/store/goods/getGoodsDetail.do?goodsNo=A000000264925,https://image.oliveyoung.co.kr/cfimages/cf-goods/uploads/images/thumbnails/400/10/0000/0026/A00000026492509ko.jpg?l=ko,15800,12700,19.6,8451,4.7,82,11,5,1,0,1,1,0,1,A000000264925,ALL
2026-09-11,전체,35,벨먼,[OY단독 400+75ml기획] 벨먼 고보습 크리미 스크럽워시 4종 택1 (바닐라 머스크/시트러스 우디),https://www.oliveyoung.co.kr/store/goods/getGoodsDetail.do?goodsNo=A000000250140,https://image.oliveyoung.co.kr/cfimages/cf-goods/uploads/images/thumbnails/400/10/0000/0025/A00000025014054ko.png?l=ko,14900,12400,16.8,1011,4.9,92,4,2,1,1,1,1,0,1,A000000250140,ALL
2026-09-11,전체,36,투에이엔,[9월 올영픽/산리오콜라보] 투에이엔 듀얼치크 17 colors (기획/단품),https://www.oliveyoung.co.kr/store/goods/getGoodsDetail.do?goodsNo=A000000181230,https://image.oliveyoung.co.kr/cfimages/cf-goods/uploads/images/thumbnails/400/10/0000/0018/A000000181230117ko.jpg?l=ko,19000,14800,22.1,24761,4.8,87,10,3,0,0,1,1,0,1,A000000181230,ALL
2026-09-11,전체,37,필리밀리,필리밀리 산리오캐릭터즈 메이크업툴 & 잡화 11종 모음,https://www.oliveyoung.co.kr/store/goods/getGoodsDetail.do?goodsNo=A000000264081,https://image.oliveyoung.co.kr/cfimages/cf-goods/uploads/images/thumbnails/400/10/0000/0026/A00000026408122ko.jpg?l=ko,9000,8500,5.6,1398,4.9,92,5,2,0,1,1,0,1,1,A000000264081,ALL
2026-09-11,전체,38,택플로우,택플로우 산리오캐릭터즈 후르츠팟 600ml (헬로키티/포차코),https://www.oliveyoung.co.kr/store/goods/getGoodsDetail.do?goodsNo=A000000262908,https://image.oliveyoung.co.kr/cfimages/cf-goods/uploads/images/thumbnails/400/10/0000/0026/A00000026290805ko.jpg?l=ko,23000,15000,34.8,93,5.0,97,2,1,,,1,1,0,1,A000000262908,ALL
2026-09-11,전체,39,홀리카홀리카,[9월 올영픽/NEW젤테일] 홀리카홀리카 마이페이브 피스 아이섀도우/젤테일/피스 빔/피스 밤,https://www.oliveyoung.co.kr/store/goods/getGoodsDetail.do?goodsNo=A000000174309,https://image.oliveyoung.co.kr/cfimages/cf-goods/uploads/images/thumbnails/400/10/0000/0017/A00000017430964ko.png?l=ko,6000,4580,23.7,217458,4.8,85,11,3,0,0,1,1,0,1,A000000174309,ALL
2026-09-11,전체,40,파티온,[9/11 하루특가][대용량] 파티온 노스카나인 트러블 크림 75ml 기획(+5ml),https://www.oliveyoung.co.kr/store/goods/getGoodsDetail.do?goodsNo=A000000265234,https://image.oliveyoung.co.kr/cfimages/cf-goods/uploads/images/thumbnails/400/10/0000/0026/A00000026523402ko.jpg?l=ko,45000,28500,36.7,52,4.8,87,4,8,2,,1,1,0,1,A000000265234,ALL
2026-09-11,전체,41,설화수,[추석 지함보 기획] 설화수 윤조 3종 기획,https://www.oliveyoung.co.kr/store/goods/getGoodsDetail.do?goodsNo=A000000204722,https://image.oliveyoung.co.kr/cfimages/cf-goods/uploads/images/thumbnails/400/10/0000/0020/A00000020472281ko.jpg?l=ko,229000,206100,10.0,175,4.9,94,3,2,,1,0,1,0,1,A000000204722,ALL
2026-09-11,전체,42,클리오,[NEW/단종부활템 재출시] 클리오 프로 아이 팔레트 에어 단품/기획 (+싱글섀도우 증정),https://www.oliveyoung.co.kr/store/goods/getGoodsDetail.do?goodsNo=A000000188988,https://image.oliveyoung.co.kr/cfimages/cf-goods/uploads/images/thumbnails/400/10/0000/0018/A000000188988158ko.jpg?l=ko,34000,23800,30.0,42615,4.8,85,12,3,0,0,1,0,0,1,A000000188988,ALL
2026-09-11,전체,43,세노비스,세노비스 밀크씨슬 120캡슐 선물세트 (4개월분),https://www.oliveyoung.co.kr/store/goods/getGoodsDetail.do?goodsNo=A000000232629,https://image.oliveyoung.co.kr/cfimages/cf-goods/uploads/images/thumbnails/400/10/0000/0023/A00000023262901ko.jpg?l=ko,50000,24800,50.4,1260,4.9,91,7,1,,0,1,1,0,1,A000000232629,ALL
2026-09-11,전체,44,토리든,[9월 올영픽]토리든 다이브인 저분자 히알루론산 토너 500ml 기획 (+늘어나는 화장솜+스티커),https://www.oliveyoung.co.kr/store/goods/getGoodsDetail.do?goodsNo=A000000263717,https://image.oliveyoung.co.kr/cfimages/cf-goods/uploads/images/thumbnails/400/10/0000/0026/A00000026371709ko.png?l=ko,29000,19000,34.5,3451,4.9,89,8,2,0,0,1,1,0,1,A000000263717,ALL
2026-09-11,전체,45,케어플러스,[9월올영픽/8년 연속 1등] 케어플러스 상처 커버 스팟 패치(24매/72매/102매/324매),https://www.oliveyoung.co.kr/store/goods/getGoodsDetail.do?goodsNo=A000000222781,https://image.oliveyoung.co.kr/cfimages/cf-goods/uploads/images/thumbnails/400/10/0000/0022/A00000022278131ko.jpg?l=ko,6300,5610,11.0,106079,4.9,92,6,1,0,0,1,1,0,1,A000000222781,ALL
2026-09-11,전체,46,퓌,[앵콜요청템/버터립밤증정] 퓌 3D 볼류밍 글로스 5.3g 단품/기획,https://www.oliveyoung.co.kr/store/goods/getGoodsDetail.do?goodsNo=A000000246445,https://image.oliveyoung.co.kr/cfimages/cf-goods/uploads/images/thumbnails/400/10/0000/0024/A00000024644556ko.png?l=ko,18000,12800,28.9,60322,4.8,84,11,4,1,0,1,1,0,1,A000000246445,ALL
2026-09-11,전체,47,메디힐,[15년연속 1위] 메디힐 에센셜 마스크팩 1매 고기능 7종 골라담기,https://www.oliveyoung.co.kr/store/goods/getGoodsDetail.do?goodsNo=A000000217620,https://image.oliveyoung.co.kr/cfimages/cf-goods/uploads/images/thumbnails/400/10/0000/0021/A00000021762062ko.png?l=ko,2000,1000,50.0,536693,4.9,89,8,2,0,0,1,0,0,1,A000000217620,ALL
2026-09-11,전체,48,웨이크메이크,[레오파드 헬로키티]웨이크메이크 소프트 블러링 아이팔레트(단품),https://www.oliveyoung.co.kr/store/goods/getGoodsDetail.do?goodsNo=A000000180532,https://image.oliveyoung.co.kr/cfimages/cf-goods/uploads/images/thumbnails/400/10/0000/0018/A000000180532259ko.jpg?l=ko,34000,22800,32.9,78331,4.8,83,13,3,1,0,1,1,1,1,A000000180532,ALL
2026-09-11,전체,49,아비브,[9월 올영픽/산리오] 아비브 어성초 흔적 에센스 패드 클리어터치 70매 기획 (+70매 리필+패드케이스+스티커),https://www.oliveyoung.co.kr/store/goods/getGoodsDetail.do?goodsNo=A000000263035,https://image.oliveyoung.co.kr/cfimages/cf-goods/uploads/images/thumbnails/400/10/0000/0026/A00000026303511ko.png?l=ko,40000,26200,34.5,39317,4.8,87,9,3,1,1,1,1,0,1,A000000263035,ALL
2026-09-11,전체,50,도브,도브 바디 스크럽 298g 4종 택 1,https://www.oliveyoung.co.kr/store/goods/getGoodsDetail.do?goodsNo=A000000186792,https://image.oliveyoung.co.kr/cfimages/cf-goods/uploads/images/thumbnails/400/10/0000/0018/A00000018679243ko.jpg?l=ko,17900,10800,39.7,35948,4.8,88,9,2,0,0,1,0,0,1,A000000186792,ALL
2026-09-11,전체,51,케어플러스,"[9월올영픽]케어플러스 커버업 블레미쉬 패치 헬로키티&디어다니엘 한복에디션 80매(패치케이스, 헬로키티키링 한복에디션)",https://www.oliveyoung.co.kr/store/goods/getGoodsDetail.do?goodsNo=A000000262933,https://image.oliveyoung.co.kr/cfimages/cf-goods/uploads/images/thumbnails/400/10/0000/0026/A00000026293304ko.jpg?l=ko,17500,15390,12.1,283,4.9,91,5,3,0,0,1,1,0,1,A000000262933,ALL
2026-09-11,전체,52,온그리디언츠,[9월 올영픽/산리오캐릭터즈] 온그리디언츠 스킨 베리어 카밍 로션 이엑스 220ml 기획 (+30ml+헬로키티 스퀴시),https://www.oliveyoung.co.kr/store/goods/getGoodsDetail.do?goodsNo=A000000263939,https://image.oliveyoung.co.kr/cfimages/cf-goods/uploads/images/thumbnails/400/10/0000/0026/A00000026393905ko.png?l=ko,36000,28600,20.6,9954,4.9,94,4,2,0,1,1,1,0,1,A000000263939,ALL
2026-09-11,전체,53,메디힐,[8+1매 단독기획] 메디힐 하이퍼 겔마스크 4종 (콜라겐/PDRN/마데카소사이드/히알루론산),https://www.oliveyoung.co.kr/store/goods/getGoodsDetail.do?goodsNo=A000000239102,https://image.oliveyoung.co.kr/cfimages/cf-goods/uploads/images/thumbnails/400/10/0000/0023/A00000023910264ko.jpg?l=ko,36000,24900,30.8,54044,4.8,88,9,2,0,0,1,1,0,1,A000000239102,ALL
2026-09-11,전체,54,필리밀리,필리밀리 아이 메이크업 브러시 키트(6종) [산리오캐릭터즈 포차코],https://www.oliveyoung.co.kr/store/goods/getGoodsDetail.do?goodsNo=A000000223753,https://image.oliveyoung.co.kr/cfimages/cf-goods/uploads/images/thumbnails/400/10/0000/0022/A00000022375322ko.jpg?l=ko,14000,11000,21.4,25576,4.8,86,11,3,0,0,1,1,1,1,A000000223753,ALL
2026-09-11,전체,55,플라이밀,플라이밀 단백질쉐이크 45g,https://www.oliveyoung.co.kr/store/goods/getGoodsDetail.do?goodsNo=A000000190168,https://image.oliveyoung.co.kr/cfimages/cf-goods/uploads/images/thumbnails/400/10/0000/0019/A00000019016820ko.jpg?l=ko,3900,3900,0.0,114168,4.8,87,9,3,1,1,0,0,0,1,A000000190168,ALL
2026-09-11,전체,56,파티온,[9월 올영픽] 파티온 노스카나인 트러블 세럼 50ml 리필 기획 (+리필40ml+크림10ml),https://www.oliveyoung.co.kr/store/goods/getGoodsDetail.do?goodsNo=A000000219609,https://image.oliveyoung.co.kr/cfimages/cf-goods/uploads/images/thumbnails/400/10/0000/0021/A00000021960924ko.jpg?l=ko,54000,32150,40.5,80119,4.9,93,5,2,0,0,1,1,0,1,A000000219609,ALL
2026-09-11,전체,57,좋은느낌,[1+1][9월올영픽] 좋은느낌 센서티브스킨 생리대 6종 택1 (중형/대형/특대형/라이너 롱/입는 오버나이트),https://www.oliveyoung.co.kr/store/goods/getGoodsDetail.do?goodsNo=A000000237596,https://image.oliveyoung.co.kr/cfimages/cf-goods/uploads/images/thumbnails/400/10/0000/0023/A00000023759638ko.png?l=ko,8700,7390,15.1,2774,4.9,90,7,2,0,0,0,1,1,1,A000000237596,ALL
2026-09-11,전체,58,연작,[화잘먹 프라이머] 연작 스킨 퍼펙팅 프로텍티브 베이스 프렙 3종 25ml/40ml 기획,https://www.oliveyoung.co.kr/store/goods/getGoodsDetail.do?goodsNo=A000000213943,https://image.oliveyoung.co.kr/cfimages/cf-goods/uploads/images/thumbnails/400/10/0000/0021/A000000213943114ko.jpg?l=ko,33000,29000,12.1,13466,4.8,83,11,4,1,1,1,0,0,1,A000000213943,ALL
2026-09-11,전체,59,웰라쥬,[속건조필수템] 웰라쥬 리얼 히알루로닉 블루 100 앰플 100ml 기획 (+60ml 리필+수딩크림 30ml),https://www.oliveyoung.co.kr/store/goods/getGoodsDetail.do?goodsNo=A000000261423,https://image.oliveyoung.co.kr/cfimages/cf-goods/uploads/images/thumbnails/400/10/0000/0026/A00000026142341ko.jpg?l=ko,50000,30900,38.2,22517,4.8,89,8,2,0,0,1,0,0,1,A000000261423,ALL
2026-09-11,전체,60,넘버즈인,[24시간파우더] 넘버즈인 1번 판토텐산 스킨케어100 블러파우더 기획 (+퍼프 1개),https://www.oliveyoung.co.kr/store/goods/getGoodsDetail.do?goodsNo=A000000231822,https://image.oliveyoung.co.kr/cfimages/cf-goods/uploads/images/thumbnails/400/10/0000/0023/A00000023182213ko.jpg?l=ko,22000,13900,36.8,20637,4.8,86,10,3,1,0,1,0,0,1,A000000231822,ALL
2026-09-11,전체,61,바이오힐보,[카디비PICK|탄력보습] 바이오힐보 프로바이오덤 3D리프팅 크림 50ml [단품/기획],https://www.oliveyoung.co.kr/store/goods/getGoodsDetail.do?goodsNo=A000000199701,https://image.oliveyoung.co.kr/cfimages/cf-goods/uploads/images/thumbnails/400/10/0000/0019/A00000019970192ko.jpg?l=ko,70200,39900,43.2,6934,4.9,90,8,2,0,0,1,0,0,1,A000000199701,ALL
2026-09-11,전체,62,셀리맥스,[단독기획/모공탄력] 셀리맥스 더 비타 A 레티날 샷 타이트닝 부스터 15ml 기획(+3ml),https://www.oliveyoung.co.kr/store/goods/getGoodsDetail.do?goodsNo=A000000250199,https://image.oliveyoung.co.kr/cfimages/cf-goods/uploads/images/thumbnails/400/10/0000/0025/A00000025019931ko.png?l=ko,30000,20900,30.3,4014,4.8,85,10,4,0,1,1,0,0,1,A000000250199,ALL
2026-09-11,전체,63,투에이엔,[9월 올영픽/산리오콜라보] 투에이엔 러브 포켓 메이크업 키트 2종 중 택 1,https://www.oliveyoung.co.kr/store/goods/getGoodsDetail.do?goodsNo=A000000262995,https://image.oliveyoung.co.kr/cfimages/cf-goods/uploads/images/thumbnails/400/10/0000/0026/A00000026299511ko.jpg?l=ko,35000,29500,15.7,191,4.7,84,8,5,2,1,1,1,0,1,A000000262995,ALL
2026-09-11,전체,64,메노킨,[1위 원조 버블팩] 메노킨 30초 퀵 버블 마스크 6종 택1(+30ml 증정),https://www.oliveyoung.co.kr/store/goods/getGoodsDetail.do?goodsNo=A000000234422,https://image.oliveyoung.co.kr/cfimages/cf-goods/uploads/images/thumbnails/400/10/0000/0023/A00000023442248ko.jpg?l=ko,28500,25300,11.2,25620,4.8,87,7,4,1,1,1,0,0,1,A000000234422,ALL
2026-09-11,전체,65,클리오,[NO.1 아이라이너] 클리오 샤프 쏘 심플 워터프루프 펜슬라이너 단품/더블기획,https://www.oliveyoung.co.kr/store/goods/getGoodsDetail.do?goodsNo=A000000198343,https://image.oliveyoung.co.kr/cfimages/cf-goods/uploads/images/thumbnails/400/10/0000/0019/A00000019834329ko.jpg?l=ko,11000,7500,31.8,140851,4.8,82,13,4,1,0,1,1,0,1,A000000198343,ALL
2026-09-11,전체,66,얼터너티브스테레오,[NEW/단독선런칭] 얼터너티브스테레오 립 포션 카라멜 글레이즈 8ml,https://www.oliveyoung.co.kr/store/goods/getGoodsDetail.do?goodsNo=A000000234394,https://image.oliveyoung.co.kr/cfimages/cf-goods/uploads/images/thumbnails/400/10/0000/0023/A000000234394112ko.jpg?l=ko,19000,19000,0.0,36651,4.8,86,10,3,1,0,0,0,0,1,A000000234394,ALL
2026-09-11,전체,67,디어소녀,[100만장완판/5분겔팩] 디어소녀 수분폭발 젤리찰떡팩 수분/시카 10매,https://www.oliveyoung.co.kr/store/goods/getGoodsDetail.do?goodsNo=A000000259786,https://image.oliveyoung.co.kr/cfimages/cf-goods/uploads/images/thumbnails/400/10/0000/0025/A00000025978617ko.jpg?l=ko,15000,7900,47.3,3467,4.9,93,5,2,0,0,1,1,0,1,A000000259786,ALL
2026-09-11,전체,68,제로이드,[9월 올영픽][누렁이 콜라보] 제로이드 인텐시브 크림 80ml+50ml 기획 (+누렁이 파우치),https://www.oliveyoung.co.kr/store/goods/getGoodsDetail.do?goodsNo=A000000263068,https://image.oliveyoung.co.kr/cfimages/cf-goods/uploads/images/thumbnails/400/10/0000/0026/A00000026306840ko.png?l=ko,40000,33900,15.2,12973,4.8,88,9,3,0,1,1,1,0,1,A000000263068,ALL
2026-09-11,전체,69,오프라 코스메틱,[패키지리뉴얼/톤별맞춤] 오프라 슬림 미니 하이라이터 (+기획/본품),https://www.oliveyoung.co.kr/store/goods/getGoodsDetail.do?goodsNo=A000000263862,https://image.oliveyoung.co.kr/cfimages/cf-goods/uploads/images/thumbnails/400/10/0000/0026/A00000026386205ko.jpg?l=ko,29000,24650,15.0,6665,4.8,87,9,3,1,1,1,1,0,1,A000000263862,ALL
2026-09-11,전체,70,에뛰드,[NEW] 에뛰드 듀오 픽싱 틴트,https://www.oliveyoung.co.kr/store/goods/getGoodsDetail.do?goodsNo=A000000262953,https://image.oliveyoung.co.kr/cfimages/cf-goods/uploads/images/thumbnails/400/10/0000/0026/A00000026295311ko.png?l=ko,13000,11700,10.0,1419,4.8,84,11,4,1,1,1,0,0,1,A000000262953,ALL
2026-09-11,전체,71,라카,[NEW/이시안공동개발] 라카 퍼펙트 트윈 립 4.7g+4.2g 12 colors,https://www.oliveyoung.co.kr/store/goods/getGoodsDetail.do?goodsNo=A000000255256,https://image.oliveyoung.co.kr/cfimages/cf-goods/uploads/images/thumbnails/400/10/0000/0025/A00000025525618ko.jpg?l=ko,22000,22000,0.0,5449,4.5,70,15,8,3,3,0,0,0,1,A000000255256,ALL
2026-09-11,전체,72,코스노리,[1등속눈썹영양제] 코스노리 아이래쉬 세럼 속눈썹영양제 9g (클리어/블랙),https://www.oliveyoung.co.kr/store/goods/getGoodsDetail.do?goodsNo=A000000140618,https://image.oliveyoung.co.kr/cfimages/cf-goods/uploads/images/thumbnails/400/10/0000/0014/A000000140618149ko.jpg?l=ko,18000,14400,20.0,59400,4.7,81,14,4,1,0,1,0,0,1,A000000140618,ALL
2026-09-11,전체,73,달바,[26년 신형/보습광채] 달바 퍼스트 스프레이 세럼 펩타이드 100ml 더블기획,https://www.oliveyoung.co.kr/store/goods/getGoodsDetail.do?goodsNo=A000000259555,https://image.oliveyoung.co.kr/cfimages/cf-goods/uploads/images/thumbnails/400/10/0000/0025/A00000025955524ko.png?l=ko,59800,33500,44.0,55187,4.9,91,7,2,0,0,1,1,0,1,A000000259555,ALL
2026-09-11,전체,74,헤라,[9월올영픽/NEW 로지 아이보리 단독 출시] 헤라 블랙 쿠션 파운데이션 기획 (15g+15g) 9 Colors,https://www.oliveyoung.co.kr/store/goods/getGoodsDetail.do?goodsNo=A000000202777,https://image.oliveyoung.co.kr/cfimages/cf-goods/uploads/images/thumbnails/400/10/0000/0020/A00000020277799ko.png?l=ko,74000,62900,15.0,18108,4.8,85,11,3,1,1,1,0,0,1,A000000202777,ALL
2026-09-11,전체,75,필리밀리,[2025어워즈1등] 필리밀리 히팅뷰러 골라담기 택1 [산리오캐릭터즈 학생키티/쿠로미],https://www.oliveyoung.co.kr/store/goods/getGoodsDetail.do?goodsNo=A000000189126,https://image.oliveyoung.co.kr/cfimages/cf-goods/uploads/images/thumbnails/400/10/0000/0018/A00000018912692ko.jpg?l=ko,33900,27500,18.9,28848,4.7,79,13,5,1,2,1,1,1,1,A000000189126,ALL
2026-09-11,전체,76,라곰,[9월 올영픽] 라곰 셀럽 마이크로 폼 클렌저 120ml 2입 기획 (+포차코 파우치형 장바구니),https://www.oliveyoung.co.kr/store/goods/getGoodsDetail.do?goodsNo=A000000263428,https://image.oliveyoung.co.kr/cfimages/cf-goods/uploads/images/thumbnails/400/10/0000/0026/A00000026342814ko.jpg?l=ko,29000,23500,19.0,25385,4.8,88,9,3,0,0,1,1,1,1,A000000263428,ALL
2026-09-11,전체,77,레이비,[9월올영픽/바디미스트증정] 레이비 산양유 바디로션 산리오 기획세트 외 단품 4종,https://www.oliveyoung.co.kr/store/goods/getGoodsDetail.do?goodsNo=A000000263063,https://image.oliveyoung.co.kr/cfimages/cf-goods/uploads/images/thumbnails/400/10/0000/0026/A00000026306302ko.jpg?l=ko,15400,11850,23.1,22495,4.8,87,9,3,0,0,1,1,0,1,A000000263063,ALL
2026-09-11,전체,78,메디힐,"[단독기획] 메디힐 콜라겐 캡슐 패치 60+60매 더블 기획 3종 (레티놀, 비타민C, PDRN)",https://www.oliveyoung.co.kr/store/goods/getGoodsDetail.do?goodsNo=A000000233470,https://image.oliveyoung.co.kr/cfimages/cf-goods/uploads/images/thumbnails/400/10/0000/0023/A00000023347029ko.png?l=ko,45000,26400,41.3,7743,4.7,81,12,5,1,1,1,0,0,1,A000000233470,ALL
2026-09-11,전체,79,고려은단,[9월 올영픽] 고려은단 비타민C1000 이지+비타민D 120정 (+마이멜로디 파우치) (60일분),https://www.oliveyoung.co.kr/store/goods/getGoodsDetail.do?goodsNo=A000000164736,https://image.oliveyoung.co.kr/cfimages/cf-goods/uploads/images/thumbnails/400/10/0000/0016/A00000016473622ko.png?l=ko,13000,10900,16.2,15399,4.9,92,7,1,0,0,1,0,0,1,A000000164736,ALL
2026-09-11,전체,80,에이프릴스킨,[NEW][리뉴얼/철벽커버] 에이프릴스킨 히어로쿠션 2.0 (본품+리필+퍼프2개),https://www.oliveyoung.co.kr/store/goods/getGoodsDetail.do?goodsNo=A000000259872,https://image.oliveyoung.co.kr/cfimages/cf-goods/uploads/images/thumbnails/400/10/0000/0025/A00000025987264ko.jpg?l=ko,33000,24100,27.0,1458,4.8,85,9,3,1,1,1,0,0,1,A000000259872,ALL
2026-09-11,전체,81,셀리맥스,[잡티미백/TXA] 셀리맥스 트라넥삼산 브라이트닝 크림 랩핑 마스크 5매 기획 (+1매),https://www.oliveyoung.co.kr/store/goods/getGoodsDetail.do?goodsNo=A000000240462,https://image.oliveyoung.co.kr/cfimages/cf-goods/uploads/images/thumbnails/400/10/0000/0024/A00000024046223ko.png?l=ko,26800,23400,12.7,3666,4.9,91,6,2,1,0,1,0,0,1,A000000240462,ALL
2026-09-11,전체,82,메디큐브 에이지알,[스킨부스팅] 메디큐브 에이지알 미니플러스 한교동/짱구/핑크/베이지 택 1  [기획/단품],https://www.oliveyoung.co.kr/store/goods/getGoodsDetail.do?goodsNo=A000000237901,https://image.oliveyoung.co.kr/cfimages/cf-goods/uploads/images/thumbnails/400/10/0000/0023/A00000023790172ko.jpg?l=ko,126000,122000,3.2,2424,4.8,85,10,4,1,1,1,0,0,1,A000000237901,ALL
2026-09-11,전체,83,롬앤,[NEW산리오캐릭터즈 /1등 틴트]  롬앤 더 쥬시 래스팅 틴트 (쿠로미/한교동),https://www.oliveyoung.co.kr/store/goods/getGoodsDetail.do?goodsNo=A000000241210,https://image.oliveyoung.co.kr/cfimages/cf-goods/uploads/images/thumbnails/400/10/0000/0024/A00000024121085ko.jpg?l=ko,13000,9600,26.2,272651,4.7,80,14,5,1,1,1,1,0,1,A000000241210,ALL
2026-09-11,전체,84,바른생각,[의료기기] 바른생각 콘돔 19종 택 1,https://www.oliveyoung.co.kr/store/goods/getGoodsDetail.do?goodsNo=A000000148268,https://image.oliveyoung.co.kr/cfimages/cf-goods/uploads/images/thumbnails/400/10/0000/0014/A00000014826863ko.jpg?l=ko,9900,7900,20.2,23190,4.8,88,8,3,1,1,1,1,0,1,A000000148268,ALL
2026-09-11,전체,85,페리페라,[곡물라떼 컬러 NEW] 페리페라 무드 글로이 틴트 32 Colors,https://www.oliveyoung.co.kr/store/goods/getGoodsDetail.do?goodsNo=A000000244834,https://image.oliveyoung.co.kr/cfimages/cf-goods/uploads/images/thumbnails/400/10/0000/0024/A00000024483462ko.jpg?l=ko,13000,9300,28.5,156969,4.7,81,14,4,1,1,1,0,0,1,A000000244834,ALL
2026-09-11,전체,86,라로슈포제,[9월 올영픽/데일리장벽케어] 라로슈포제 시카플라스트 멀티 리페어 크림 100ml 기획 (+시카에센스 7.5ml*2),https://www.oliveyoung.co.kr/store/goods/getGoodsDetail.do?goodsNo=A000000263019,https://image.oliveyoung.co.kr/cfimages/cf-goods/uploads/images/thumbnails/400/10/0000/0026/A00000026301905ko.jpg?l=ko,52000,41600,20.0,20495,4.8,84,10,4,1,1,1,0,1,1,A000000263019,ALL
2026-09-11,전체,87,에스네이처,[산리오 특가/리뷰이벤트/헬로키티] 에스네이처 아쿠아 오아시스 수분 젤크림 90ml 기획 (+헬로키티 러기지택),https://www.oliveyoung.co.kr/store/goods/getGoodsDetail.do?goodsNo=A000000264149,https://image.oliveyoung.co.kr/cfimages/cf-goods/uploads/images/thumbnails/400/10/0000/0026/A00000026414981ko.png?l=ko,34000,21700,36.2,7392,4.8,88,8,3,1,1,1,1,0,1,A000000264149,ALL
2026-09-11,전체,88,스킨푸드,[1+1/한정기획] 스킨푸드 캐롯 카로틴 카밍 워터 패드 60매 더블기획 (+PDRN 패드 2매*3),https://www.oliveyoung.co.kr/store/goods/getGoodsDetail.do?goodsNo=A000000255585,https://image.oliveyoung.co.kr/cfimages/cf-goods/uploads/images/thumbnails/400/10/0000/0025/A00000025558513ko.png?l=ko,42000,25900,38.3,107762,4.8,89,8,2,0,1,0,1,0,1,A000000255585,ALL
2026-09-11,전체,89,바이오더마,[설윤PICK] 바이오더마 센시비오 H2O 500ml 2입,https://www.oliveyoung.co.kr/store/goods/getGoodsDetail.do?goodsNo=A000000013194,https://image.oliveyoung.co.kr/cfimages/cf-goods/uploads/images/thumbnails/400/10/0000/0001/A00000001319480ko.jpg?l=ko,42000,31900,24.0,39181,4.9,91,7,2,0,0,1,0,0,1,A000000013194,ALL
2026-09-11,전체,90,토리든,[9월 올영픽] 토리든 다이브인 저분자 히알루론산 수딩 크림 100ml 더블 기획 (+메쉬백) (시나모롤),https://www.oliveyoung.co.kr/store/goods/getGoodsDetail.do?goodsNo=A000000263681,https://image.oliveyoung.co.kr/cfimages/cf-goods/uploads/images/thumbnails/400/10/0000/0026/A00000026368110ko.png?l=ko,42000,28000,33.3,3587,4.9,90,7,2,0,0,1,1,0,1,A000000263681,ALL
2026-09-11,전체,91,필리밀리,[속눈썹증정] 필리밀리 이지컬링 히팅뷰러(22R) [산리오캐릭터즈 학생키티/쿠로미],https://www.oliveyoung.co.kr/store/goods/getGoodsDetail.do?goodsNo=A000000230092,https://image.oliveyoung.co.kr/cfimages/cf-goods/uploads/images/thumbnails/400/10/0000/0023/A00000023009224ko.jpg?l=ko,33900,27500,18.9,15158,4.6,78,13,5,1,2,1,1,1,1,A000000230092,ALL
2026-09-11,전체,92,마녀공장,[최미나수PICK/블랙헤드1등] 마녀공장 퓨어 소이빈 클렌징오일 200ml 2입 기획,https://www.oliveyoung.co.kr/store/goods/getGoodsDetail.do?goodsNo=A000000253617,https://image.oliveyoung.co.kr/cfimages/cf-goods/uploads/images/thumbnails/400/10/0000/0025/A00000025361757ko.jpg?l=ko,37000,25900,30.0,59562,4.8,86,10,3,0,0,1,0,0,1,A000000253617,ALL
2026-09-11,전체,93,블랑네이처,[여드름 기능성] 블랑네이처 아크네 클렌징 폼 단품/기획,https://www.oliveyoung.co.kr/store/goods/getGoodsDetail.do?goodsNo=A000000186409,https://image.oliveyoung.co.kr/cfimages/cf-goods/uploads/images/thumbnails/400/10/0000/0018/A00000018640952ko.jpg?l=ko,23800,23800,0.0,30608,4.9,96,3,1,0,0,0,0,0,1,A000000186409,ALL
2026-09-11,전체,94,웨이크메이크,[레오파드 헬로키티] 웨이크메이크 레오파드 헬로키티 19종 골라담기(단품/기획),https://www.oliveyoung.co.kr/store/goods/getGoodsDetail.do?goodsNo=A000000266721,https://image.oliveyoung.co.kr/cfimages/cf-goods/uploads/images/thumbnails/400/10/0000/0026/A00000026672119ko.jpg?l=ko,44000,31400,28.6,2021,4.8,88,9,2,0,1,1,1,1,1,A000000266721,ALL
2026-09-11,전체,95,아누아,[9월 올영픽/산리오캐릭터즈 콜라보] 아누아 데일리케어 마스크팩 10매 기획 4종 (+1매+시나모롤/포차코 헤어핀),https://www.oliveyoung.co.kr/store/goods/getGoodsDetail.do?goodsNo=A000000262614,https://image.oliveyoung.co.kr/cfimages/cf-goods/uploads/images/thumbnails/400/10/0000/0026/A00000026261449ko.png?l=ko,40000,13800,65.5,11541,4.9,89,8,2,0,0,1,1,0,1,A000000262614,ALL
2026-09-11,전체,96,토르홉,[NEW튜브기획/온열소금팩] 토르홉 사우난지앙 솔트마스크 90g+15g 기획,https://www.oliveyoung.co.kr/store/goods/getGoodsDetail.do?goodsNo=A000000267258,https://image.oliveyoung.co.kr/cfimages/cf-goods/uploads/images/thumbnails/400/10/0000/0026/A00000026725801ko.jpg?l=ko,29500,23500,20.3,6255,4.7,81,12,5,1,1,1,0,0,1,A000000267258,ALL
2026-09-11,전체,97,페리페라,페리페라 스피디 스키니 브로우 8 Colors,https://www.oliveyoung.co.kr/store/goods/getGoodsDetail.do?goodsNo=A000000138671,https://image.oliveyoung.co.kr/cfimages/cf-goods/uploads/images/thumbnails/400/10/0000/0013/A00000013867160ko.jpg?l=ko,6000,6000,0.0,103649,4.8,86,11,3,0,0,0,0,0,1,A000000138671,ALL
2026-09-11,전체,98,에뛰드,[1등 컬링] 에뛰드 컬 픽스 마스카라 단품/증정기획/1+1기획,https://www.oliveyoung.co.kr/store/goods/getGoodsDetail.do?goodsNo=A000000203943,https://image.oliveyoung.co.kr/cfimages/cf-goods/uploads/images/thumbnails/400/10/0000/0020/A000000203943137ko.png?l=ko,16000,12200,23.8,77591,4.8,86,10,3,1,0,1,0,0,1,A000000203943,ALL
2026-09-11,전체,99,홀리카홀리카,[9월올영픽/NEW컬러] 홀리카홀리카 마이페이브 무드 아이 팔레트,https://www.oliveyoung.co.kr/store/goods/getGoodsDetail.do?goodsNo=A000000150361,https://image.oliveyoung.co.kr/cfimages/cf-goods/uploads/images/thumbnails/400/10/0000/0015/A00000015036197ko.png?l=ko,28000,20500,26.8,38479,4.8,84,12,3,1,0,1,1,0,1,A000000150361,ALL
2026-09-11,전체,100,우르오스,[베스트 올인원]우르오스 올인원 200ml 2종 택 1,https://www.oliveyoung.co.kr/store/goods/getGoodsDetail.do?goodsNo=A000000117541,https://image.oliveyoung.co.kr/cfimages/cf-goods/uploads/images/thumbnails/400/10/0000/0011/A00000011754150ko.jpg?l=ko,29700,23700,20.2,8223,4.8,87,10,2,0,0,1,0,0,1,A000000117541,ALL
2026-09-11,스킨케어,1,설화수,[추석 지함보 기획] 설화수 탄력 3종/윤조 3종/윤조 90ml 기획 모음,https://www.oliveyoung.co.kr/store/goods/getGoodsDetail.do?goodsNo=A000000204635,https://image.oliveyoung.co.kr/cfimages/cf-goods/uploads/images/thumbnails/400/10/0000/0020/A00000020463570ko.jpg?l=ko,140000,126000,10.0,629,4.9,94,4,1,0,0,0,1,0,0,A000000204635,10000010001
2026-09-11,스킨케어,2,아누아,[9월 올영픽/산리오캐릭터즈 콜라보] 아누아 피디알엔 히알루론산 캡슐 100 세럼 30ml 더블기획(+시나모롤 파우치),https://www.oliveyoung.co.kr/store/goods/getGoodsDetail.do?goodsNo=A000000262602,https://image.oliveyoung.co.kr/cfimages/cf-goods/uploads/images/thumbnails/400/10/0000/0026/A00000026260213ko.png?l=ko,57500,27000,53.0,23771,4.8,85,10,4,1,1,1,1,0,1,A000000262602,10000010001
2026-09-11,스킨케어,3,아비브,[9월 올영픽/산리오] 아비브 어성초 테카 캡슐 세럼 카밍 드롭 50ml 더블 기획(+스팟패치+케이스),https://www.oliveyoung.co.kr/store/goods/getGoodsDetail.do?goodsNo=A000000263036,https://image.oliveyoung.co.kr/cfimages/cf-goods/uploads/images/thumbnails/400/10/0000/0026/A00000026303608ko.png?l=ko,48000,27900,41.9,16356,4.7,83,11,5,1,1,1,1,0,1,A000000263036,10000010001
2026-09-11,스킨케어,4,에스트라,[1등크림] 에스트라 아토베리어365 크림 80ml 기획(+토너25ml+클렌징폼3g*3EA),https://www.oliveyoung.co.kr/store/goods/getGoodsDetail.do?goodsNo=A000000261864,https://image.oliveyoung.co.kr/cfimages/cf-goods/uploads/images/thumbnails/400/10/0000/0026/A00000026186405ko.jpg?l=ko,33000,26700,19.1,39929,4.9,90,7,2,0,1,1,1,0,1,A000000261864,10000010001
2026-09-11,스킨케어,5,아누아,[9월 올영픽/산리오캐릭터즈 콜라보] 아누아 피디알엔 히알루론산 100 수분 크림 60ml 더블기획(+시나모롤 집게핀),https://www.oliveyoung.co.kr/store/goods/getGoodsDetail.do?goodsNo=A000000262603,https://image.oliveyoung.co.kr/cfimages/cf-goods/uploads/images/thumbnails/400/10/0000/0026/A00000026260328ko.png?l=ko,64000,26900,58.0,10206,4.8,86,10,3,1,1,1,1,0,1,A000000262603,10000010001
2026-09-11,스킨케어,6,설화수,[NEW] 설화수 자음 2종/트라이얼 기획,https://www.oliveyoung.co.kr/store/goods/getGoodsDetail.do?goodsNo=A000000231763,https://image.oliveyoung.co.kr/cfimages/cf-goods/uploads/images/thumbnails/400/10/0000/0023/A00000023176347ko.jpg?l=ko,85000,76500,10.0,102,4.9,95,2,2,,1,0,1,0,1,A000000231763,10000010001
2026-09-11,스킨케어,7,온그리디언츠,[9월 올영픽/산리오캐릭터즈] 온그리디언츠 스킨 베리어 속광 미스트 100ml기획(로션 30ml+ 헬로키티 카라비너),https://www.oliveyoung.co.kr/store/goods/getGoodsDetail.do?goodsNo=A000000263932,https://image.oliveyoung.co.kr/cfimages/cf-goods/uploads/images/thumbnails/400/10/0000/0026/A00000026393206ko.png?l=ko,25000,21300,14.8,4636,5.0,98,1,1,0,0,1,1,0,1,A000000263932,10000010001
2026-09-11,스킨케어,8,설화수,[추석 지함보 기획] 설화수 윤조에센스 90ml 단품/기획,https://www.oliveyoung.co.kr/store/goods/getGoodsDetail.do?goodsNo=A000000204633,https://image.oliveyoung.co.kr/cfimages/cf-goods/uploads/images/thumbnails/400/10/0000/0020/A00000020463392ko.jpg?l=ko,140000,126000,10.0,597,4.9,94,4,1,0,0,0,1,0,0,A000000204633,10000010001
2026-09-11,스킨케어,9,라로슈포제,[9월 올영픽/손상장벽집중케어]라로슈포제 시카플라스트밤 B5+ 100ml 기획 (+시카에센스7.5ml+히알루세럼3ml),https://www.oliveyoung.co.kr/store/goods/getGoodsDetail.do?goodsNo=A000000263009,https://image.oliveyoung.co.kr/cfimages/cf-goods/uploads/images/thumbnails/400/10/0000/0026/A00000026300905ko.jpg?l=ko,41000,32800,20.0,34778,4.8,87,9,3,1,1,1,0,1,1,A000000263009,10000010001
2026-09-11,스킨케어,10,에스네이처,[산리오 특가/리뷰이벤트/헬로키티] 에스네이처 아쿠아 스쿠알란 수분크림 60ml 더블기획 (+헬로키티 키캡키링),https://www.oliveyoung.co.kr/store/goods/getGoodsDetail.do?goodsNo=A000000263782,https://image.oliveyoung.co.kr/cfimages/cf-goods/uploads/images/thumbnails/400/10/0000/0026/A00000026378295ko.png?l=ko,43000,21900,49.1,38267,4.8,87,10,3,1,1,1,1,0,1,A000000263782,10000010001
2026-09-11,스킨케어,11,토리든,[9월 올영픽] 토리든 다이브인 저분자 히알루론산 세럼 50ml 리필 기획 (+50ml 리필+자석인형) (시나모롤),https://www.oliveyoung.co.kr/store/goods/getGoodsDetail.do?goodsNo=A000000263664,https://image.oliveyoung.co.kr/cfimages/cf-goods/uploads/images/thumbnails/400/10/0000/0026/A00000026366410ko.png?l=ko,36000,25600,28.9,3649,4.9,91,6,2,0,0,1,1,0,1,A000000263664,10000010001
2026-09-11,스킨케어,12,파티온,[9/11 하루특가][대용량] 파티온 노스카나인 트러블 크림 75ml 기획(+5ml),https://www.oliveyoung.co.kr/store/goods/getGoodsDetail.do?goodsNo=A000000265234,https://image.oliveyoung.co.kr/cfimages/cf-goods/uploads/images/thumbnails/400/10/0000/0026/A00000026523402ko.jpg?l=ko,45000,28500,36.7,52,4.8,87,4,8,2,,1,1,0,1,A000000265234,10000010001
2026-09-11,스킨케어,13,설화수,[추석 지함보 기획] 설화수 윤조 3종 기획,https://www.oliveyoung.co.kr/store/goods/getGoodsDetail.do?goodsNo=A000000204722,https://image.oliveyoung.co.kr/cfimages/cf-goods/uploads/images/thumbnails/400/10/0000/0020/A00000020472281ko.jpg?l=ko,229000,206100,10.0,175,4.9,94,3,2,,1,0,1,0,1,A000000204722,10000010001
2026-09-11,스킨케어,14,토리든,[9월 올영픽]토리든 다이브인 저분자 히알루론산 토너 500ml 기획 (+늘어나는 화장솜+스티커),https://www.oliveyoung.co.kr/store/goods/getGoodsDetail.do?goodsNo=A000000263717,https://image.oliveyoung.co.kr/cfimages/cf-goods/uploads/images/thumbnails/400/10/0000/0026/A00000026371709ko.png?l=ko,29000,19000,34.5,3451,4.9,89,8,2,0,0,1,1,0,1,A000000263717,10000010001
2026-09-11,스킨케어,15,온그리디언츠,[9월 올영픽/산리오캐릭터즈] 온그리디언츠 스킨 베리어 카밍 로션 이엑스 220ml 기획 (+30ml+헬로키티 스퀴시),https://www.oliveyoung.co.kr/store/goods/getGoodsDetail.do?goodsNo=A000000263939,https://image.oliveyoung.co.kr/cfimages/cf-goods/uploads/images/thumbnails/400/10/0000/0026/A00000026393905ko.png?l=ko,36000,28600,20.6,9954,4.9,94,4,2,0,1,1,1,0,1,A000000263939,10000010001
2026-09-11,스킨케어,16,파티온,[9월 올영픽] 파티온 노스카나인 트러블 세럼 50ml 리필 기획 (+리필40ml+크림10ml),https://www.oliveyoung.co.kr/store/goods/getGoodsDetail.do?goodsNo=A000000219609,https://image.oliveyoung.co.kr/cfimages/cf-goods/uploads/images/thumbnails/400/10/0000/0021/A00000021960924ko.jpg?l=ko,54000,32150,40.5,80119,4.9,93,5,2,0,0,1,1,0,1,A000000219609,10000010001
2026-09-11,스킨케어,17,웰라쥬,[속건조필수템] 웰라쥬 리얼 히알루로닉 블루 100 앰플 100ml 기획 (+60ml 리필+수딩크림 30ml),https://www.oliveyoung.co.kr/store/goods/getGoodsDetail.do?goodsNo=A000000261423,https://image.oliveyoung.co.kr/cfimages/cf-goods/uploads/images/thumbnails/400/10/0000/0026/A00000026142341ko.jpg?l=ko,50000,30900,38.2,22517,4.8,89,8,2,0,0,1,0,0,1,A000000261423,10000010001
2026-09-11,스킨케어,18,넘버즈인,[24시간파우더] 넘버즈인 1번 판토텐산 스킨케어100 블러파우더 기획 (+퍼프 1개),https://www.oliveyoung.co.kr/store/goods/getGoodsDetail.do?goodsNo=A000000231822,https://image.oliveyoung.co.kr/cfimages/cf-goods/uploads/images/thumbnails/400/10/0000/0023/A00000023182213ko.jpg?l=ko,22000,13900,36.8,20637,4.8,86,10,3,1,0,1,0,0,1,A000000231822,10000010001
2026-09-11,스킨케어,19,바이오힐보,[카디비PICK|탄력보습] 바이오힐보 프로바이오덤 3D리프팅 크림 50ml [단품/기획],https://www.oliveyoung.co.kr/store/goods/getGoodsDetail.do?goodsNo=A000000199701,https://image.oliveyoung.co.kr/cfimages/cf-goods/uploads/images/thumbnails/400/10/0000/0019/A00000019970192ko.jpg?l=ko,70200,39900,43.2,6934,4.9,90,8,2,0,0,1,0,0,1,A000000199701,10000010001
2026-09-11,스킨케어,20,셀리맥스,[단독기획/모공탄력] 셀리맥스 더 비타 A 레티날 샷 타이트닝 부스터 15ml 기획(+3ml),https://www.oliveyoung.co.kr/store/goods/getGoodsDetail.do?goodsNo=A000000250199,https://image.oliveyoung.co.kr/cfimages/cf-goods/uploads/images/thumbnails/400/10/0000/0025/A00000025019931ko.png?l=ko,30000,20900,30.3,4014,4.8,85,10,4,0,1,1,0,0,1,A000000250199,10000010001
2026-09-11,스킨케어,21,제로이드,[9월 올영픽][누렁이 콜라보] 제로이드 인텐시브 크림 80ml+50ml 기획 (+누렁이 파우치),https://www.oliveyoung.co.kr/store/goods/getGoodsDetail.do?goodsNo=A000000263068,https://image.oliveyoung.co.kr/cfimages/cf-goods/uploads/images/thumbnails/400/10/0000/0026/A00000026306840ko.png?l=ko,40000,33900,15.2,12973,4.8,88,9,3,0,1,1,1,0,1,A000000263068,10000010001
2026-09-11,스킨케어,22,달바,[26년 신형/보습광채] 달바 퍼스트 스프레이 세럼 펩타이드 100ml 더블기획,https://www.oliveyoung.co.kr/store/goods/getGoodsDetail.do?goodsNo=A000000259555,https://image.oliveyoung.co.kr/cfimages/cf-goods/uploads/images/thumbnails/400/10/0000/0025/A00000025955524ko.png?l=ko,59800,33500,44.0,55187,4.9,91,7,2,0,0,1,1,0,1,A000000259555,10000010001
2026-09-11,스킨케어,23,메디큐브 에이지알,[스킨부스팅] 메디큐브 에이지알 미니플러스 한교동/짱구/핑크/베이지 택 1  [기획/단품],https://www.oliveyoung.co.kr/store/goods/getGoodsDetail.do?goodsNo=A000000237901,https://image.oliveyoung.co.kr/cfimages/cf-goods/uploads/images/thumbnails/400/10/0000/0023/A00000023790172ko.jpg?l=ko,126000,122000,3.2,2424,4.8,85,10,4,1,1,1,0,0,1,A000000237901,10000010001
2026-09-11,스킨케어,24,라로슈포제,[9월 올영픽/데일리장벽케어] 라로슈포제 시카플라스트 멀티 리페어 크림 100ml 기획 (+시카에센스 7.5ml*2),https://www.oliveyoung.co.kr/store/goods/getGoodsDetail.do?goodsNo=A000000263019,https://image.oliveyoung.co.kr/cfimages/cf-goods/uploads/images/thumbnails/400/10/0000/0026/A00000026301905ko.jpg?l=ko,52000,41600,20.0,20495,4.8,84,10,4,1,1,1,0,1,1,A000000263019,10000010001
2026-09-11,스킨케어,25,에스네이처,[산리오 특가/리뷰이벤트/헬로키티] 에스네이처 아쿠아 오아시스 수분 젤크림 90ml 기획 (+헬로키티 러기지택),https://www.oliveyoung.co.kr/store/goods/getGoodsDetail.do?goodsNo=A000000264149,https://image.oliveyoung.co.kr/cfimages/cf-goods/uploads/images/thumbnails/400/10/0000/0026/A00000026414981ko.png?l=ko,34000,21700,36.2,7392,4.8,88,8,3,1,1,1,1,0,1,A000000264149,10000010001
2026-09-11,스킨케어,26,토리든,[9월 올영픽] 토리든 다이브인 저분자 히알루론산 수딩 크림 100ml 더블 기획 (+메쉬백) (시나모롤),https://www.oliveyoung.co.kr/store/goods/getGoodsDetail.do?goodsNo=A000000263681,https://image.oliveyoung.co.kr/cfimages/cf-goods/uploads/images/thumbnails/400/10/0000/0026/A00000026368110ko.png?l=ko,42000,28000,33.3,3587,4.9,90,7,2,0,0,1,1,0,1,A000000263681,10000010001
2026-09-11,스킨케어,27,우르오스,[베스트 올인원]우르오스 올인원 200ml 2종 택 1,https://www.oliveyoung.co.kr/store/goods/getGoodsDetail.do?goodsNo=A000000117541,https://image.oliveyoung.co.kr/cfimages/cf-goods/uploads/images/thumbnails/400/10/0000/0011/A00000011754150ko.jpg?l=ko,29700,23700,20.2,8223,4.8,87,10,2,0,0,1,0,0,1,A000000117541,10000010001
2026-09-11,스킨케어,28,아누아,[9월 올영픽/산리오캐릭터 콜라보] 아누아 피디알엔 히알루론산 캡슐 미스트 30ml 기획 (+케이스+시나모롤 스티커),https://www.oliveyoung.co.kr/store/goods/getGoodsDetail.do?goodsNo=A000000262607,https://image.oliveyoung.co.kr/cfimages/cf-goods/uploads/images/thumbnails/400/10/0000/0026/A00000026260709ko.png?l=ko,20000,13000,35.0,2550,4.7,78,14,6,1,2,1,1,0,1,A000000262607,10000010001
2026-09-11,스킨케어,29,에스트라,에스트라 아토베리어365 로션 150ml 기획(+토너25ml+클렌징폼3g*3EA),https://www.oliveyoung.co.kr/store/goods/getGoodsDetail.do?goodsNo=A000000264460,https://image.oliveyoung.co.kr/cfimages/cf-goods/uploads/images/thumbnails/400/10/0000/0026/A00000026446004ko.jpg?l=ko,33000,24900,24.5,6426,4.9,91,7,2,0,0,1,1,0,1,A000000264460,10000010001
2026-09-11,스킨케어,30,디오디너리,[트러블모공] 디오디너리 나이아신아마이드 10% + 징크 1% 60ml,https://www.oliveyoung.co.kr/store/goods/getGoodsDetail.do?goodsNo=A000000158615,https://image.oliveyoung.co.kr/cfimages/cf-goods/uploads/images/thumbnails/400/10/0000/0015/A00000015861506ko.jpg?l=ko,15700,15700,0.0,13844,4.7,81,13,4,1,1,0,0,0,1,A000000158615,10000010001
2026-09-11,스킨케어,31,메디힐,[산리오캐릭터즈 에디션] 메디힐 마데카소사이드 더마 세럼 50+50mL(+폼폼푸린 스마트톡),https://www.oliveyoung.co.kr/store/goods/getGoodsDetail.do?goodsNo=A000000262436,https://image.oliveyoung.co.kr/cfimages/cf-goods/uploads/images/thumbnails/400/10/0000/0026/A00000026243613ko.png?l=ko,43000,24500,43.0,4714,4.9,94,4,1,0,0,1,1,0,1,A000000262436,10000010001
2026-09-11,스킨케어,32,페이보릿,페이보릿 매일 크림 토너 160ml,https://www.oliveyoung.co.kr/store/goods/getGoodsDetail.do?goodsNo=A000000260338,https://image.oliveyoung.co.kr/cfimages/cf-goods/uploads/images/thumbnails/400/10/0000/0026/A00000026033802ko.jpg?l=ko,35000,31500,10.0,31,5.0,100,,,,,1,0,0,1,A000000260338,10000010001
2026-09-11,스킨케어,33,온그리디언츠,[9월 올영픽/산리오캐릭터즈] 온그리디언츠 바쿠글로우 캡슐 로션 150ml 기획 (+30ml+시나모롤 장바구니),https://www.oliveyoung.co.kr/store/goods/getGoodsDetail.do?goodsNo=A000000263927,https://image.oliveyoung.co.kr/cfimages/cf-goods/uploads/images/thumbnails/400/10/0000/0026/A00000026392703ko.png?l=ko,34000,24700,27.4,3898,4.9,97,2,1,0,0,1,1,0,1,A000000263927,10000010001
2026-09-11,스킨케어,34,셀라딕스,[세은 PICK/트러블1등] 셀라딕스 트러블 세범 리밸런싱 131 앰플 30ml,https://www.oliveyoung.co.kr/store/goods/getGoodsDetail.do?goodsNo=A000000224494,https://image.oliveyoung.co.kr/cfimages/cf-goods/uploads/images/thumbnails/400/10/0000/0022/A00000022449422ko.jpg?l=ko,28900,28900,0.0,5875,4.7,83,9,5,1,1,0,0,0,1,A000000224494,10000010001
2026-09-11,스킨케어,35,닥터지,[수분진정/세럼증정] 닥터지 레드블레미쉬 클리어 수딩크림 EX 70ml기획 (+30ml+세럼10ml*2ea),https://www.oliveyoung.co.kr/store/goods/getGoodsDetail.do?goodsNo=A000000255752,https://image.oliveyoung.co.kr/cfimages/cf-goods/uploads/images/thumbnails/400/10/0000/0025/A00000025575208ko.jpg?l=ko,38000,27600,27.4,4329,4.9,95,3,1,0,0,1,0,0,1,A000000255752,10000010001
2026-09-11,스킨케어,36,넘버즈인,[1등모공결세럼] 넘버즈인 3번 보들보들 모공결 세럼 30ml 더블 기획,https://www.oliveyoung.co.kr/store/goods/getGoodsDetail.do?goodsNo=A000000250773,https://image.oliveyoung.co.kr/cfimages/cf-goods/uploads/images/thumbnails/400/10/0000/0025/A00000025077324ko.jpg?l=ko,42000,26900,36.0,7818,4.8,88,8,3,1,1,1,0,0,1,A000000250773,10000010001
2026-09-11,스킨케어,37,셀리맥스,셀리맥스 더 비타 A 레티날 샷 타이트닝 듀얼 크림 50ml,https://www.oliveyoung.co.kr/store/goods/getGoodsDetail.do?goodsNo=A000000261065,https://image.oliveyoung.co.kr/cfimages/cf-goods/uploads/images/thumbnails/400/10/0000/0026/A00000026106502ko.png?l=ko,37000,29600,20.0,223,4.8,89,6,2,2,0,1,0,0,1,A000000261065,10000010001
2026-09-11,스킨케어,38,설화수,설화수 맨 기초 2종 기획,https://www.oliveyoung.co.kr/store/goods/getGoodsDetail.do?goodsNo=A000000210646,https://image.oliveyoung.co.kr/cfimages/cf-goods/uploads/images/thumbnails/400/10/0000/0021/A00000021064631ko.jpg?l=ko,125000,112500,10.0,110,4.9,93,6,1,,,0,1,0,0,A000000210646,10000010001
2026-09-11,스킨케어,39,피지오겔,[9월 올영픽] 피지오겔 DMT 페이셜 크림 대용량 200ml 기획(+토너50ml+마스크1매),https://www.oliveyoung.co.kr/store/goods/getGoodsDetail.do?goodsNo=A000000263530,https://image.oliveyoung.co.kr/cfimages/cf-goods/uploads/images/thumbnails/400/10/0000/0026/A00000026353010ko.jpg?l=ko,47500,26900,43.4,24511,4.8,85,11,3,0,0,1,0,0,1,A000000263530,10000010001
2026-09-11,스킨케어,40,이니스프리,[1+1] 이니스프리 레티놀 시카 모공 흔적 앰플 30ml 리필기획(+30ml 리필),https://www.oliveyoung.co.kr/store/goods/getGoodsDetail.do?goodsNo=A000000258877,https://image.oliveyoung.co.kr/cfimages/cf-goods/uploads/images/thumbnails/400/10/0000/0025/A00000025887739ko.jpg?l=ko,48000,27900,41.9,4102,4.9,93,5,1,0,0,1,1,0,1,A000000258877,10000010001
2026-09-11,스킨케어,41,차앤박,[보습광채/안개분사]차앤박 프로폴리스 에너지 앰플 미스트 100ml,https://www.oliveyoung.co.kr/store/goods/getGoodsDetail.do?goodsNo=A000000154819,https://image.oliveyoung.co.kr/cfimages/cf-goods/uploads/images/thumbnails/400/10/0000/0015/A00000015481910ko.jpg?l=ko,17500,9900,43.4,6129,4.8,85,11,3,1,0,1,0,0,1,A000000154819,10000010001
2026-09-11,스킨케어,42,브링그린,[3일진정세럼]브링그린 징크테카 트러블 세럼 대용량 기획,https://www.oliveyoung.co.kr/store/goods/getGoodsDetail.do?goodsNo=A000000200646,https://image.oliveyoung.co.kr/cfimages/cf-goods/uploads/images/thumbnails/400/10/0000/0020/A000000200646147ko.jpg?l=ko,56100,29800,46.9,24362,4.7,82,11,4,1,1,1,0,0,1,A000000200646,10000010001
2026-09-11,스킨케어,43,더마팩토리,더마팩토리 나이아신아마이드 20% 세럼 30ml,https://www.oliveyoung.co.kr/store/goods/getGoodsDetail.do?goodsNo=A000000225217,https://image.oliveyoung.co.kr/cfimages/cf-goods/uploads/images/thumbnails/400/10/0000/0022/A00000022521701ko.jpg?l=ko,6000,5400,10.0,18363,4.8,83,12,4,1,0,1,1,0,1,A000000225217,10000010001
2026-09-11,스킨케어,44,피지오겔,[9월올영픽/잠티PICK] 피지오겔 데일리뮨 앰플 20ml+20ml 기획(+마스크1매),https://www.oliveyoung.co.kr/store/goods/getGoodsDetail.do?goodsNo=A000000263542,https://image.oliveyoung.co.kr/cfimages/cf-goods/uploads/images/thumbnails/400/10/0000/0026/A00000026354259ko.jpg?l=ko,78000,54000,30.8,10331,4.8,87,9,2,0,0,1,0,0,1,A000000263542,10000010001
2026-09-11,스킨케어,45,넘버즈인,[트러블진정세럼] 넘버즈인 1번 판토텐산 액티브업 수딩세럼 50ml 리필기획 (50ml+50ml),https://www.oliveyoung.co.kr/store/goods/getGoodsDetail.do?goodsNo=A000000207225,https://image.oliveyoung.co.kr/cfimages/cf-goods/uploads/images/thumbnails/400/10/0000/0020/A00000020722532ko.jpg?l=ko,38000,24000,36.8,18335,4.8,83,12,4,1,1,1,0,0,1,A000000207225,10000010001
2026-09-11,스킨케어,46,에스트라,에스트라 아토베리어365 세라-히알 속수분 앰플 30ml+30ml 리필 기획,https://www.oliveyoung.co.kr/store/goods/getGoodsDetail.do?goodsNo=A000000245091,https://image.oliveyoung.co.kr/cfimages/cf-goods/uploads/images/thumbnails/400/10/0000/0024/A00000024509112ko.jpg?l=ko,47500,35870,24.5,7682,4.8,88,9,2,0,0,1,1,0,1,A000000245091,10000010001
2026-09-11,스킨케어,47,메디큐브,[1등미백앰플] 메디큐브 PDRN 핑크 펩타이드 앰플 30ml 한정기획 (+리필팩 50ml+앰플 10ml),https://www.oliveyoung.co.kr/store/goods/getGoodsDetail.do?goodsNo=A000000264301,https://image.oliveyoung.co.kr/cfimages/cf-goods/uploads/images/thumbnails/400/10/0000/0026/A00000026430144ko.jpg?l=ko,46000,24600,46.5,15715,4.8,85,9,4,1,1,1,0,0,1,A000000264301,10000010001
2026-09-11,스킨케어,48,바이오더마,[9월올영픽/설윤PICK] 바이오더마 하이드라비오 에센스 로션 200ml 기획 (+펌프용기+파우치) (2609),https://www.oliveyoung.co.kr/store/goods/getGoodsDetail.do?goodsNo=A000000263073,https://image.oliveyoung.co.kr/cfimages/cf-goods/uploads/images/thumbnails/400/10/0000/0026/A00000026307305ko.jpg?l=ko,38000,28100,26.1,17249,4.8,86,9,3,1,1,1,0,0,1,A000000263073,10000010001
2026-09-11,스킨케어,49,에스네이처,[산리오 특가/리뷰이벤트/헬로키티] 에스네이처 아쿠아 스쿠알란 세럼 50ml 리필기획(+리필50ml+헬로키티 파우치),https://www.oliveyoung.co.kr/store/goods/getGoodsDetail.do?goodsNo=A000000264146,https://image.oliveyoung.co.kr/cfimages/cf-goods/uploads/images/thumbnails/400/10/0000/0026/A000000264146151ko.png?l=ko,35000,20900,40.3,16429,4.8,87,10,3,0,1,1,1,0,1,A000000264146,10000010001
2026-09-11,스킨케어,50,아이디얼포맨,[짱구한정기획] 아이디얼포맨 퍼펙트 올인원 150ml 단품/기획,https://www.oliveyoung.co.kr/store/goods/getGoodsDetail.do?goodsNo=A000000228228,https://image.oliveyoung.co.kr/cfimages/cf-goods/uploads/images/thumbnails/400/10/0000/0022/A00000022822881ko.jpg?l=ko,28000,13800,50.7,20095,4.9,88,10,2,0,0,1,1,0,1,A000000228228,10000010001
2026-09-11,스킨케어,51,한율,[1+1][손거울 증정] 한율 쑥히알 세럼 40ml 리필 기획 (+40ml 리필+산리오 헬로키티 손거울(랜덤)),https://www.oliveyoung.co.kr/store/goods/getGoodsDetail.do?goodsNo=A000000262934,https://image.oliveyoung.co.kr/cfimages/cf-goods/uploads/images/thumbnails/400/10/0000/0026/A00000026293449ko.jpg?l=ko,35000,23600,32.6,5926,4.8,84,11,4,1,0,1,1,0,1,A000000262934,10000010001
2026-09-11,스킨케어,52,설화수,설화수 탄력크림EX 단품/기획 (50ml/75ml),https://www.oliveyoung.co.kr/store/goods/getGoodsDetail.do?goodsNo=A000000204627,https://image.oliveyoung.co.kr/cfimages/cf-goods/uploads/images/thumbnails/400/10/0000/0020/A00000020462754ko.jpg?l=ko,100000,90000,10.0,255,4.8,90,6,2,,2,0,1,0,1,A000000204627,10000010001
2026-09-11,스킨케어,53,에스트라,[올영 어워즈 1등 크림] 에스트라 아토베리어365 크림 80ml,https://www.oliveyoung.co.kr/store/goods/getGoodsDetail.do?goodsNo=A000000198320,https://image.oliveyoung.co.kr/cfimages/cf-goods/uploads/images/thumbnails/400/10/0000/0019/A00000019832009ko.jpg?l=ko,33000,26700,19.1,8080,4.8,89,7,2,1,1,1,1,0,1,A000000198320,10000010001
2026-09-11,스킨케어,54,아누아,[단독기획] 아누아 TXA 나이아신 흔적 세럼 30ml 2입,https://www.oliveyoung.co.kr/store/goods/getGoodsDetail.do?goodsNo=A000000226201,https://image.oliveyoung.co.kr/cfimages/cf-goods/uploads/images/thumbnails/400/10/0000/0022/A00000022620115ko.png?l=ko,64000,27500,57.0,6334,4.8,85,9,4,1,1,1,0,0,1,A000000226201,10000010001
2026-09-11,스킨케어,55,아누아,[박희선 PICK/단독기획]  아누아 어성초 77 B3 징크 트러블 세럼 30ml 더블 기획,https://www.oliveyoung.co.kr/store/goods/getGoodsDetail.do?goodsNo=A000000248500,https://image.oliveyoung.co.kr/cfimages/cf-goods/uploads/images/thumbnails/400/10/0000/0024/A00000024850007ko.png?l=ko,48000,26000,45.8,612,4.7,84,8,5,1,2,1,1,0,1,A000000248500,10000010001
2026-09-11,스킨케어,56,에스트라,에스트라 아토베리어365 하이드로 수딩크림 80ml 기획 (+수딩크림 10ml+클렌징폼 30g),https://www.oliveyoung.co.kr/store/goods/getGoodsDetail.do?goodsNo=A000000258834,https://image.oliveyoung.co.kr/cfimages/cf-goods/uploads/images/thumbnails/400/10/0000/0025/A00000025883410ko.jpg?l=ko,33000,26700,19.1,14036,4.8,88,9,2,0,1,1,1,0,1,A000000258834,10000010001
2026-09-11,스킨케어,57,에스트라,에스트라 아토베리어365 하이드로에센스 200ml (+크림 10ml+앰플 10ml),https://www.oliveyoung.co.kr/store/goods/getGoodsDetail.do?goodsNo=A000000222837,https://image.oliveyoung.co.kr/cfimages/cf-goods/uploads/images/thumbnails/400/10/0000/0022/A00000022283708ko.jpg?l=ko,32000,24900,22.2,14563,4.9,89,8,2,0,0,1,1,0,1,A000000222837,10000010001
2026-09-11,스킨케어,58,디어클레어스,[코난 콜라보/진정1등] 클레어스 블루 유스 액티베이팅 드롭 50ml 한정기획 (+명탐정 코난 키링 랜덤 증정),https://www.oliveyoung.co.kr/store/goods/getGoodsDetail.do?goodsNo=A000000255701,https://image.oliveyoung.co.kr/cfimages/cf-goods/uploads/images/thumbnails/400/10/0000/0025/A00000025570138ko.jpg?l=ko,52500,37050,29.4,4206,4.8,87,9,3,1,1,1,1,0,1,A000000255701,10000010001
2026-09-11,스킨케어,59,지피덤,[장벽바이오크림] 지피덤 셀트리온EGF 스킨베리어 인텐시브 크림 80ml 기획 (+크림15ml+앰플1ml*3ea),https://www.oliveyoung.co.kr/store/goods/getGoodsDetail.do?goodsNo=A000000248363,https://image.oliveyoung.co.kr/cfimages/cf-goods/uploads/images/thumbnails/400/10/0000/0024/A00000024836357ko.jpg?l=ko,38000,19800,47.9,3782,5.0,97,2,1,0,0,0,1,0,1,A000000248363,10000010001
2026-09-11,스킨케어,60,리쥬란,[오리지널 c-PDRN/한정기획]리쥬란 힐러 턴오버 앰플 듀얼 이펙트 10ml 더블 기획,https://www.oliveyoung.co.kr/store/goods/getGoodsDetail.do?goodsNo=A000000216520,https://image.oliveyoung.co.kr/cfimages/cf-goods/uploads/images/thumbnails/400/10/0000/0021/A00000021652049ko.jpg?l=ko,50000,38500,23.0,13954,4.9,91,6,2,0,0,1,1,0,1,A000000216520,10000010001
2026-09-11,스킨케어,61,이니스프리,[저자극비타민C세럼] 이니스프리 비타민C 캡슐 세럼 30ml 더블 기획,https://www.oliveyoung.co.kr/store/goods/getGoodsDetail.do?goodsNo=A000000230206,https://image.oliveyoung.co.kr/cfimages/cf-goods/uploads/images/thumbnails/400/10/0000/0023/A00000023020667ko.png?l=ko,49000,28910,41.0,16925,4.8,87,10,3,0,0,1,0,0,1,A000000230206,10000010001
2026-09-11,스킨케어,62,셀리맥스,"[흔적,기미,미백/TXA] 셀리맥스 트라넥삼산 잡티 크림 35ml 기획 (+14ml)",https://www.oliveyoung.co.kr/store/goods/getGoodsDetail.do?goodsNo=A000000253592,https://image.oliveyoung.co.kr/cfimages/cf-goods/uploads/images/thumbnails/400/10/0000/0025/A00000025359212ko.png?l=ko,35000,22900,34.6,2511,4.8,89,7,3,0,0,1,0,0,1,A000000253592,10000010001
2026-09-11,스킨케어,63,에스네이처,[산리오 특가/리뷰이벤트/헬로키티] 에스네이처 아쿠아 스쿠알란 미스트 100ml 기획(+크림 10ml+헬로키티 북마크),https://www.oliveyoung.co.kr/store/goods/getGoodsDetail.do?goodsNo=A000000264145,https://image.oliveyoung.co.kr/cfimages/cf-goods/uploads/images/thumbnails/400/10/0000/0026/A00000026414565ko.png?l=ko,27000,18400,31.9,3136,4.8,86,10,3,0,1,1,1,0,1,A000000264145,10000010001
2026-09-11,스킨케어,64,페이보릿,페이보릿 매끈 크림 50ml,https://www.oliveyoung.co.kr/store/goods/getGoodsDetail.do?goodsNo=A000000260337,https://image.oliveyoung.co.kr/cfimages/cf-goods/uploads/images/thumbnails/400/10/0000/0026/A00000026033703ko.jpg?l=ko,37000,33300,10.0,23,5.0,100,,,,,1,0,0,1,A000000260337,10000010001
2026-09-11,스킨케어,65,토리든,[NEW/1등수분세럼] 토리든 다이브인 저분자 히알루론산 세럼 50ml 리필 기획(+리필 50ml),https://www.oliveyoung.co.kr/store/goods/getGoodsDetail.do?goodsNo=A000000258291,https://image.oliveyoung.co.kr/cfimages/cf-goods/uploads/images/thumbnails/400/10/0000/0025/A00000025829122ko.jpg?l=ko,36000,25600,28.9,7827,4.9,89,7,2,0,0,1,1,0,1,A000000258291,10000010001
2026-09-11,스킨케어,66,한율,[1+1] 한율 쑥히알 크림 60ml 더블 기획(+산리오 헬로키티 헤어고정시트 2ea),https://www.oliveyoung.co.kr/store/goods/getGoodsDetail.do?goodsNo=A000000262945,https://image.oliveyoung.co.kr/cfimages/cf-goods/uploads/images/thumbnails/400/10/0000/0026/A00000026294528ko.jpg?l=ko,32000,21700,32.2,3214,4.8,84,10,3,1,1,1,1,0,1,A000000262945,10000010001
2026-09-11,스킨케어,67,구달,[9월 올영픽/산리오 콜라보] 구달 청귤 비타C 잡티케어 세럼 알파 50+50ml 리필 기획(+폼폼푸린 마그넷 피규어),https://www.oliveyoung.co.kr/store/goods/getGoodsDetail.do?goodsNo=A000000263562,https://image.oliveyoung.co.kr/cfimages/cf-goods/uploads/images/thumbnails/400/10/0000/0026/A00000026356212ko.jpg?l=ko,43000,27900,35.1,4732,4.9,91,6,2,0,0,1,1,0,1,A000000263562,10000010001
2026-09-11,스킨케어,68,넘버즈인,[흔적미백] 넘버즈인 5번 글루타치온C 흔적 앰플 30ml+30ml 듀오기획,https://www.oliveyoung.co.kr/store/goods/getGoodsDetail.do?goodsNo=A000000189837,https://image.oliveyoung.co.kr/cfimages/cf-goods/uploads/images/thumbnails/400/10/0000/0018/A00000018983728ko.png?l=ko,46000,29900,35.0,21595,4.7,80,14,5,1,1,1,0,0,1,A000000189837,10000010001
2026-09-11,스킨케어,69,바이오더마,[9월올영픽] 바이오더마 시카비오 포마드 100ml 기획(+포마드 5ml+크림 5ml+크림 SPF50 5ml),https://www.oliveyoung.co.kr/store/goods/getGoodsDetail.do?goodsNo=A000000263071,https://image.oliveyoung.co.kr/cfimages/cf-goods/uploads/images/thumbnails/400/10/0000/0026/A00000026307103ko.jpg?l=ko,40000,31000,22.5,17446,4.8,85,11,3,1,1,1,0,0,1,A000000263071,10000010001
2026-09-11,스킨케어,70,이즈앤트리,"[NCT 재민PICK] 이즈앤트리 어니언 뉴페어 겔크림 플러스 50ml 기획 (+겔크림 플러스 20ml, 패드 2매)",https://www.oliveyoung.co.kr/store/goods/getGoodsDetail.do?goodsNo=A000000247776,https://image.oliveyoung.co.kr/cfimages/cf-goods/uploads/images/thumbnails/400/10/0000/0024/A00000024777621ko.png?l=ko,32000,21900,31.6,6934,4.8,87,9,3,1,1,1,0,0,1,A000000247776,10000010001
2026-09-11,스킨케어,71,디오디너리,[단독/대용량] 디오디너리 나이아신아마이드 10% + 징크 1% 120ml,https://www.oliveyoung.co.kr/store/goods/getGoodsDetail.do?goodsNo=A000000188065,https://image.oliveyoung.co.kr/cfimages/cf-goods/uploads/images/thumbnails/400/10/0000/0018/A00000018806505ko.jpg?l=ko,28900,28900,0.0,29737,4.7,78,14,6,1,1,0,0,0,1,A000000188065,10000010001
2026-09-11,스킨케어,72,톰,[물방울초음파 1위] 톰 더 글로우 시그니처 [기획세트/단품] (크림베이지/누디핑크),https://www.oliveyoung.co.kr/store/goods/getGoodsDetail.do?goodsNo=A000000252975,https://image.oliveyoung.co.kr/cfimages/cf-goods/uploads/images/thumbnails/400/10/0000/0025/A00000025297522ko.jpg?l=ko,599000,409000,31.7,246,4.6,76,15,5,2,3,1,0,0,1,A000000252975,10000010001
2026-09-11,스킨케어,73,아누아,[수지 PICK/한정기획] 아누아 피디알엔 히알루론산 수분 캡슐 미스트 100ml 2입 기획,https://www.oliveyoung.co.kr/store/goods/getGoodsDetail.do?goodsNo=A000000247773,https://image.oliveyoung.co.kr/cfimages/cf-goods/uploads/images/thumbnails/400/10/0000/0024/A00000024777320ko.png?l=ko,70000,33500,52.1,7209,4.6,78,12,6,1,2,1,0,0,1,A000000247773,10000010001
2026-09-11,스킨케어,74,라운드랩,[대용량/1등토너] 라운드랩 1025 독도 토너 500ml 기획 (+100ml),https://www.oliveyoung.co.kr/store/goods/getGoodsDetail.do?goodsNo=A000000137180,https://image.oliveyoung.co.kr/cfimages/cf-goods/uploads/images/thumbnails/400/10/0000/0013/A00000013718046ko.png?l=ko,30000,27000,10.0,12623,4.8,88,10,2,0,0,1,0,0,1,A000000137180,10000010001
2026-09-11,스킨케어,75,아벤느,[모공탄력] 아벤느 히알루론 액티브 B3 탄력 세럼 30ml 기획 (+괄사+크림 2ml*2),https://www.oliveyoung.co.kr/store/goods/getGoodsDetail.do?goodsNo=A000000256388,https://image.oliveyoung.co.kr/cfimages/cf-goods/uploads/images/thumbnails/400/10/0000/0025/A00000025638809ko.jpg?l=ko,55000,55000,0.0,2346,4.8,88,8,2,1,1,0,0,0,1,A000000256388,10000010001
2026-09-11,스킨케어,76,설화수,[윤빛광채] 설화수 윤조에센스 단품/기획 (30ml/60ml),https://www.oliveyoung.co.kr/store/goods/getGoodsDetail.do?goodsNo=A000000223489,https://image.oliveyoung.co.kr/cfimages/cf-goods/uploads/images/thumbnails/400/10/0000/0022/A00000022348954ko.jpg?l=ko,55000,49500,10.0,873,4.9,94,4,1,0,1,0,1,0,1,A000000223489,10000010001
2026-09-11,스킨케어,77,브링그린,[수부지토너]브링그린 티트리 시카 수딩 토너 (500ml/250ml),https://www.oliveyoung.co.kr/store/goods/getGoodsDetail.do?goodsNo=A000000189181,https://image.oliveyoung.co.kr/cfimages/cf-goods/uploads/images/thumbnails/400/10/0000/0018/A00000018918178ko.jpg?l=ko,27000,18900,30.0,41206,4.8,85,11,3,0,1,1,0,0,1,A000000189181,10000010001
2026-09-11,스킨케어,78,아렌시아,[30ml+30ml / 강력토닝케어] 아렌시아 비타민 C 부스터 샷 30ml 더블기획,https://www.oliveyoung.co.kr/store/goods/getGoodsDetail.do?goodsNo=A000000254661,https://image.oliveyoung.co.kr/cfimages/cf-goods/uploads/images/thumbnails/400/10/0000/0025/A00000025466111ko.jpg?l=ko,46500,29500,36.6,1352,4.8,86,9,3,1,1,1,0,0,1,A000000254661,10000010001
2026-09-11,스킨케어,79,프리메라,[탄력광채세럼] 프리메라 비타티놀 바운시 리프트 세럼 25g 기획/단품,https://www.oliveyoung.co.kr/store/goods/getGoodsDetail.do?goodsNo=A000000231293,https://image.oliveyoung.co.kr/cfimages/cf-goods/uploads/images/thumbnails/400/10/0000/0023/A00000023129368ko.jpg?l=ko,32500,23900,26.5,5817,4.8,86,10,3,0,1,1,0,0,1,A000000231293,10000010001
2026-09-11,스킨케어,80,메디큐브 에이지알,[UPGRADE] 메디큐브 에이지알 부스터 프로 X2 (핑크/화이트),https://www.oliveyoung.co.kr/store/goods/getGoodsDetail.do?goodsNo=A000000251745,https://image.oliveyoung.co.kr/cfimages/cf-goods/uploads/images/thumbnails/400/10/0000/0025/A00000025174514ko.jpg?l=ko,375000,369000,1.6,75,4.8,87,8,4,1,,1,0,0,1,A000000251745,10000010001
2026-09-11,스킨케어,81,오드로이,[모공천재/화잘먹] 오드로이 모공수축 크림 폴리아 콜라겐 100ml 더블기획 (+미스트앰플 30ml),https://www.oliveyoung.co.kr/store/goods/getGoodsDetail.do?goodsNo=A000000230799,https://image.oliveyoung.co.kr/cfimages/cf-goods/uploads/images/thumbnails/400/10/0000/0023/A00000023079941ko.png?l=ko,56000,36800,34.3,11597,4.7,83,10,5,1,1,1,0,0,1,A000000230799,10000010001
2026-09-11,스킨케어,82,메디큐브,[청담샵화잘먹미스트] 메디큐브 PDRN 핑크 콜라겐 글로우 젤리 미스트 100ml 더블기획 (+화잘먹 대왕 퍼프),https://www.oliveyoung.co.kr/store/goods/getGoodsDetail.do?goodsNo=A000000264302,https://image.oliveyoung.co.kr/cfimages/cf-goods/uploads/images/thumbnails/400/10/0000/0026/A00000026430217ko.jpg?l=ko,47800,29900,37.4,4526,4.7,78,13,6,1,1,1,0,0,1,A000000264302,10000010001
2026-09-11,스킨케어,83,아누아,[9월 올영픽/산리오캐릭터즈 콜라보] 아누아 어성초 77 B3 징크 트러블 세럼 30ml 리필 기획 (+포차코 파우치),https://www.oliveyoung.co.kr/store/goods/getGoodsDetail.do?goodsNo=A000000262619,https://image.oliveyoung.co.kr/cfimages/cf-goods/uploads/images/thumbnails/400/10/0000/0026/A00000026261905ko.png?l=ko,48000,26000,45.8,1976,4.7,82,10,5,1,2,1,1,0,1,A000000262619,10000010001
2026-09-11,스킨케어,84,닥터지,[속건조/진정보습] 닥터지 레드 블레미쉬 클리어 모이스처 크림 70ml 기획 (+30ml 증정),https://www.oliveyoung.co.kr/store/goods/getGoodsDetail.do?goodsNo=A000000172453,https://image.oliveyoung.co.kr/cfimages/cf-goods/uploads/images/thumbnails/400/10/0000/0017/A00000017245312ko.jpg?l=ko,39000,27790,28.7,4427,4.8,86,9,3,0,1,1,1,0,1,A000000172453,10000010001
2026-09-11,스킨케어,85,블랑네이처,[쿨링진정/대용량]블랑네이처 9배 고농축 어성초 토너 300ml 기획 (+30ml),https://www.oliveyoung.co.kr/store/goods/getGoodsDetail.do?goodsNo=A000000261442,https://image.oliveyoung.co.kr/cfimages/cf-goods/uploads/images/thumbnails/400/10/0000/0026/A00000026144204ko.jpg?l=ko,38000,23900,37.1,8105,5.0,99,1,0,0,0,1,0,0,1,A000000261442,10000010001
2026-09-11,스킨케어,86,설화수,[NEW/미백] 설화수 자정 브라이트닝 케어 2종 기획,https://www.oliveyoung.co.kr/store/goods/getGoodsDetail.do?goodsNo=A000000248583,https://image.oliveyoung.co.kr/cfimages/cf-goods/uploads/images/thumbnails/400/10/0000/0024/A00000024858301ko.jpg?l=ko,190000,171000,10.0,6,4.7,83,,17,,,0,1,0,1,A000000248583,10000010001
2026-09-11,스킨케어,87,제로이드,[대용량] 제로이드 수딩 크림 80ml + 50ml 기획,https://www.oliveyoung.co.kr/store/goods/getGoodsDetail.do?goodsNo=A000000231589,https://image.oliveyoung.co.kr/cfimages/cf-goods/uploads/images/thumbnails/400/10/0000/0023/A00000023158910ko.jpg?l=ko,38000,38000,0.0,9662,4.8,87,9,3,1,1,0,0,0,1,A000000231589,10000010001
2026-09-11,스킨케어,88,디어달리아,[화잘먹/볼륨광미스트] 디어달리아 엔드리스 스킨 크림 미스트,https://www.oliveyoung.co.kr/store/goods/getGoodsDetail.do?goodsNo=A000000253205,https://image.oliveyoung.co.kr/cfimages/cf-goods/uploads/images/thumbnails/400/10/0000/0025/A00000025320502ko.jpg?l=ko,32000,32000,0.0,151,5.0,97,1,1,,,0,0,0,1,A000000253205,10000010001
2026-09-11,스킨케어,89,아벤느,[손상/장벽 리페어] 아벤느 시칼파트 플러스 SOS 리페어 크림 100ml 기획 (+40ml),https://www.oliveyoung.co.kr/store/goods/getGoodsDetail.do?goodsNo=A000000200725,https://image.oliveyoung.co.kr/cfimages/cf-goods/uploads/images/thumbnails/400/10/0000/0020/A00000020072525ko.jpg?l=ko,44000,28900,34.3,11047,4.7,80,13,5,1,1,1,1,0,1,A000000200725,10000010001
2026-09-11,스킨케어,90,닥터엘시아,[장원영PICK] 닥터엘시아 345 릴리프 크림 50ml 기획 (+10ml*2ea+튜브링거),https://www.oliveyoung.co.kr/store/goods/getGoodsDetail.do?goodsNo=A000000245087,https://image.oliveyoung.co.kr/cfimages/cf-goods/uploads/images/thumbnails/400/10/0000/0024/A00000024508711ko.jpg?l=ko,29000,21500,25.9,5161,4.8,85,10,4,1,1,1,0,0,1,A000000245087,10000010001
2026-09-11,스킨케어,91,디어클레어스,[EGF최대함량/1등진정앰플] 클레어스 블루 유스 액티베이팅 드롭 50ml,https://www.oliveyoung.co.kr/store/goods/getGoodsDetail.do?goodsNo=A000000214675,https://image.oliveyoung.co.kr/cfimages/cf-goods/uploads/images/thumbnails/400/10/0000/0021/A00000021467535ko.jpg?l=ko,52500,37050,29.4,4633,4.8,86,9,4,1,1,1,1,0,1,A000000214675,10000010001
2026-09-11,스킨케어,92,닥터지,[1+1/광채탄력] 닥터지 블랙스네일 크림 50ml 1+1 기획 +(15ml 추가 증정),https://www.oliveyoung.co.kr/store/goods/getGoodsDetail.do?goodsNo=A000000233322,https://image.oliveyoung.co.kr/cfimages/cf-goods/uploads/images/thumbnails/400/10/0000/0023/A00000023332249ko.jpg?l=ko,33000,26820,18.7,6888,4.9,93,6,1,0,0,1,1,0,1,A000000233322,10000010001
2026-09-11,스킨케어,93,바이오더마,[9월올영픽] 바이오더마 시카비오 크림+ 100ml 더블 기획,https://www.oliveyoung.co.kr/store/goods/getGoodsDetail.do?goodsNo=A000000263070,https://image.oliveyoung.co.kr/cfimages/cf-goods/uploads/images/thumbnails/400/10/0000/0026/A00000026307003ko.jpg?l=ko,50500,41600,17.6,4510,4.8,84,11,3,1,1,1,0,0,1,A000000263070,10000010001
2026-09-11,스킨케어,94,아이오페,[자극도ZERO]아이오페 레티놀 슈퍼 바운스 세럼 20ml 기획 (+15ml),https://www.oliveyoung.co.kr/store/goods/getGoodsDetail.do?goodsNo=A000000250344,https://image.oliveyoung.co.kr/cfimages/cf-goods/uploads/images/thumbnails/400/10/0000/0025/A00000025034403ko.jpg?l=ko,33000,33000,0.0,10734,4.8,87,10,2,0,0,0,0,0,1,A000000250344,10000010001
2026-09-11,스킨케어,95,코페르,[광채/기미] 코페르 큐리페어 멜라크림 21ml 기획(+4ml),https://www.oliveyoung.co.kr/store/goods/getGoodsDetail.do?goodsNo=A000000246297,https://image.oliveyoung.co.kr/cfimages/cf-goods/uploads/images/thumbnails/400/10/0000/0024/A00000024629727ko.jpg?l=ko,35700,27360,23.4,6394,5.0,97,2,1,0,0,1,1,0,1,A000000246297,10000010001
2026-09-11,스킨케어,96,아누아,[9월 올영픽/산리오캐릭터즈 콜라보] 아누아 어성초 77 히알루론산 수분 진정 토너 500ml 기획 (+포차코 스티커),https://www.oliveyoung.co.kr/store/goods/getGoodsDetail.do?goodsNo=A000000262618,https://image.oliveyoung.co.kr/cfimages/cf-goods/uploads/images/thumbnails/400/10/0000/0026/A00000026261812ko.png?l=ko,45000,24600,45.3,2735,4.8,88,8,3,1,1,1,1,0,1,A000000262618,10000010001
2026-09-11,스킨케어,97,VT,[베일리pick/단독기획] VT 피디알엔 리들샷 아이 리프터 15ml 리필기획 (+리필 15ml),https://www.oliveyoung.co.kr/store/goods/getGoodsDetail.do?goodsNo=A000000260515,https://image.oliveyoung.co.kr/cfimages/cf-goods/uploads/images/thumbnails/400/10/0000/0026/A00000026051506ko.jpg?l=ko,42000,27900,33.6,3153,4.9,92,6,1,0,0,1,0,0,1,A000000260515,10000010001
2026-09-11,스킨케어,98,바이오던스,[리센느 원이PICK/1+1기획] 바이오던스 포어 퍼펙팅 콜라겐 펩타이드 세럼 30ml 리필 기획,https://www.oliveyoung.co.kr/store/goods/getGoodsDetail.do?goodsNo=A000000264389,https://image.oliveyoung.co.kr/cfimages/cf-goods/uploads/images/thumbnails/400/10/0000/0026/A00000026438914ko.jpg?l=ko,58500,26900,54.0,3376,4.9,92,6,2,0,0,1,1,0,1,A000000264389,10000010001
2026-09-11,스킨케어,99,파티온,[9월올영픽] 파티온 노스카나인 트러블 크림 75ml 기획(+5ml),https://www.oliveyoung.co.kr/store/goods/getGoodsDetail.do?goodsNo=A000000232304,https://image.oliveyoung.co.kr/cfimages/cf-goods/uploads/images/thumbnails/400/10/0000/0023/A00000023230414ko.jpg?l=ko,45000,28500,36.7,25011,4.8,89,8,3,0,0,1,1,0,1,A000000232304,10000010001
2026-09-11,스킨케어,100,제로이드,[트러블 피부 추천/약산성 장벽 케어] 제로이드 핌프로브 레드 컨트롤 크림 pH4 80ml,https://www.oliveyoung.co.kr/store/goods/getGoodsDetail.do?goodsNo=A000000249580,https://image.oliveyoung.co.kr/cfimages/cf-goods/uploads/images/thumbnails/400/10/0000/0024/A00000024958014ko.jpg?l=ko,33000,33000,0.0,702,4.8,86,9,3,1,1,0,0,0,1,A000000249580,10000010001
2026-09-11,마스크팩,1,메디힐,[15년 연속 1위] 메디힐 에센셜 마스크팩 10/10+1매 기획 7종 골라담기,https://www.oliveyoung.co.kr/store/goods/getGoodsDetail.do?goodsNo=A000000223414,https://image.oliveyoung.co.kr/cfimages/cf-goods/uploads/images/thumbnails/400/10/0000/0022/A000000223414125ko.png?l=ko,20000,10000,50.0,503166,4.9,91,7,2,0,0,1,0,0,1,A000000223414,10000010009
2026-09-11,마스크팩,2,스킨푸드,[한정기획] 스킨푸드 당근 PDRN 속수분 패드 100매 기획 (+10매*3),https://www.oliveyoung.co.kr/store/goods/getGoodsDetail.do?goodsNo=A000000255579,https://image.oliveyoung.co.kr/cfimages/cf-goods/uploads/images/thumbnails/400/10/0000/0025/A00000025557920ko.png?l=ko,29000,18200,37.2,2143,4.8,89,6,3,1,1,1,1,0,1,A000000255579,10000010009
2026-09-11,마스크팩,3,메디힐,[산리오캐릭터즈 에디션] 메디힐 더마 토너패드 100+100매 7종 골라담기,https://www.oliveyoung.co.kr/store/goods/getGoodsDetail.do?goodsNo=A000000262413,https://image.oliveyoung.co.kr/cfimages/cf-goods/uploads/images/thumbnails/400/10/0000/0026/A000000262413244ko.png?l=ko,39900,28500,28.6,83140,4.8,86,10,3,1,1,1,1,0,1,A000000262413,10000010009
2026-09-11,마스크팩,4,바이오던스,[7+1/산리오 굿즈 증정] 바이오던스 리얼 딥 마스크 7+1매 기획(콜라겐/세라놀)(+헬로키티 마우스패드),https://www.oliveyoung.co.kr/store/goods/getGoodsDetail.do?goodsNo=A000000261842,https://image.oliveyoung.co.kr/cfimages/cf-goods/uploads/images/thumbnails/400/10/0000/0026/A00000026184212ko.jpg?l=ko,35000,29400,16.0,7201,4.8,85,10,3,1,1,1,1,0,1,A000000261842,10000010009
2026-09-11,마스크팩,5,메디힐,[15년연속 1위] 메디힐 에센셜 마스크팩 1매 고기능 7종 골라담기,https://www.oliveyoung.co.kr/store/goods/getGoodsDetail.do?goodsNo=A000000217620,https://image.oliveyoung.co.kr/cfimages/cf-goods/uploads/images/thumbnails/400/10/0000/0021/A00000021762062ko.png?l=ko,2000,1000,50.0,536693,4.9,89,8,2,0,0,1,0,0,1,A000000217620,10000010009
2026-09-11,마스크팩,6,아비브,[9월 올영픽/산리오] 아비브 어성초 흔적 에센스 패드 클리어터치 70매 기획 (+70매 리필+패드케이스+스티커),https://www.oliveyoung.co.kr/store/goods/getGoodsDetail.do?goodsNo=A000000263035,https://image.oliveyoung.co.kr/cfimages/cf-goods/uploads/images/thumbnails/400/10/0000/0026/A00000026303511ko.png?l=ko,40000,26200,34.5,39317,4.8,87,9,3,1,1,1,1,0,1,A000000263035,10000010009
2026-09-11,마스크팩,7,메디힐,[8+1매 단독기획] 메디힐 하이퍼 겔마스크 4종 (콜라겐/PDRN/마데카소사이드/히알루론산),https://www.oliveyoung.co.kr/store/goods/getGoodsDetail.do?goodsNo=A000000239102,https://image.oliveyoung.co.kr/cfimages/cf-goods/uploads/images/thumbnails/400/10/0000/0023/A00000023910264ko.jpg?l=ko,36000,24900,30.8,54044,4.8,88,9,2,0,0,1,1,0,1,A000000239102,10000010009
2026-09-11,마스크팩,8,메노킨,[1위 원조 버블팩] 메노킨 30초 퀵 버블 마스크 6종 택1(+30ml 증정),https://www.oliveyoung.co.kr/store/goods/getGoodsDetail.do?goodsNo=A000000234422,https://image.oliveyoung.co.kr/cfimages/cf-goods/uploads/images/thumbnails/400/10/0000/0023/A00000023442248ko.jpg?l=ko,28500,25300,11.2,25620,4.8,87,7,4,1,1,1,0,0,1,A000000234422,10000010009
2026-09-11,마스크팩,9,디어소녀,[100만장완판/5분겔팩] 디어소녀 수분폭발 젤리찰떡팩 수분/시카 10매,https://www.oliveyoung.co.kr/store/goods/getGoodsDetail.do?goodsNo=A000000259786,https://image.oliveyoung.co.kr/cfimages/cf-goods/uploads/images/thumbnails/400/10/0000/0025/A00000025978617ko.jpg?l=ko,15000,7900,47.3,3467,4.9,93,5,2,0,0,1,1,0,1,A000000259786,10000010009
2026-09-11,마스크팩,10,메디힐,"[단독기획] 메디힐 콜라겐 캡슐 패치 60+60매 더블 기획 3종 (레티놀, 비타민C, PDRN)",https://www.oliveyoung.co.kr/store/goods/getGoodsDetail.do?goodsNo=A000000233470,https://image.oliveyoung.co.kr/cfimages/cf-goods/uploads/images/thumbnails/400/10/0000/0023/A00000023347029ko.png?l=ko,45000,26400,41.3,7743,4.7,81,12,5,1,1,1,0,0,1,A000000233470,10000010009
2026-09-11,마스크팩,11,셀리맥스,[잡티미백/TXA] 셀리맥스 트라넥삼산 브라이트닝 크림 랩핑 마스크 5매 기획 (+1매),https://www.oliveyoung.co.kr/store/goods/getGoodsDetail.do?goodsNo=A000000240462,https://image.oliveyoung.co.kr/cfimages/cf-goods/uploads/images/thumbnails/400/10/0000/0024/A00000024046223ko.png?l=ko,26800,23400,12.7,3666,4.9,91,6,2,1,0,1,0,0,1,A000000240462,10000010009
2026-09-11,마스크팩,12,스킨푸드,[1+1/한정기획] 스킨푸드 캐롯 카로틴 카밍 워터 패드 60매 더블기획 (+PDRN 패드 2매*3),https://www.oliveyoung.co.kr/store/goods/getGoodsDetail.do?goodsNo=A000000255585,https://image.oliveyoung.co.kr/cfimages/cf-goods/uploads/images/thumbnails/400/10/0000/0025/A00000025558513ko.png?l=ko,42000,25900,38.3,107762,4.8,89,8,2,0,1,0,1,0,1,A000000255585,10000010009
2026-09-11,마스크팩,13,아누아,[9월 올영픽/산리오캐릭터즈 콜라보] 아누아 데일리케어 마스크팩 10매 기획 4종 (+1매+시나모롤/포차코 헤어핀),https://www.oliveyoung.co.kr/store/goods/getGoodsDetail.do?goodsNo=A000000262614,https://image.oliveyoung.co.kr/cfimages/cf-goods/uploads/images/thumbnails/400/10/0000/0026/A00000026261449ko.png?l=ko,40000,13800,65.5,11541,4.9,89,8,2,0,0,1,1,0,1,A000000262614,10000010009
2026-09-11,마스크팩,14,토르홉,[NEW튜브기획/온열소금팩] 토르홉 사우난지앙 솔트마스크 90g+15g 기획,https://www.oliveyoung.co.kr/store/goods/getGoodsDetail.do?goodsNo=A000000267258,https://image.oliveyoung.co.kr/cfimages/cf-goods/uploads/images/thumbnails/400/10/0000/0026/A00000026725801ko.jpg?l=ko,29500,23500,20.3,6255,4.7,81,12,5,1,1,1,0,0,1,A000000267258,10000010009
2026-09-11,마스크팩,15,케어플러스,[시나모롤 에디션/자는동안 피지 쏙] 케어플러스 슬리핑 코팩 카밍 (4매/10매),https://www.oliveyoung.co.kr/store/goods/getGoodsDetail.do?goodsNo=A000000255998,https://image.oliveyoung.co.kr/cfimages/cf-goods/uploads/images/thumbnails/400/10/0000/0025/A00000025599811ko.jpg?l=ko,9500,5300,44.2,648,4.3,68,12,11,4,5,1,1,0,1,A000000255998,10000010009
2026-09-11,마스크팩,16,넘버즈인,[대용량140매] 넘버즈인 토너패드 리필기획 중 택 1 (1번/3번/5번),https://www.oliveyoung.co.kr/store/goods/getGoodsDetail.do?goodsNo=A000000182630,https://image.oliveyoung.co.kr/cfimages/cf-goods/uploads/images/thumbnails/400/10/0000/0018/A00000018263090ko.jpg?l=ko,42000,26900,36.0,29277,4.8,85,11,3,1,0,1,0,0,1,A000000182630,10000010009
2026-09-11,마스크팩,17,토리든,[산리오캐릭터]토리든 다이브인 저분자 히알루론산 마스크 10매 기획 (+시나모롤 캐릭터 마스크 1매 증정),https://www.oliveyoung.co.kr/store/goods/getGoodsDetail.do?goodsNo=A000000263022,https://image.oliveyoung.co.kr/cfimages/cf-goods/uploads/images/thumbnails/400/10/0000/0026/A00000026302216ko.png?l=ko,30000,14400,52.0,3232,4.9,93,5,2,0,0,1,1,0,1,A000000263022,10000010009
2026-09-11,마스크팩,18,쥬베룩,[올리브영 단독] 쥬베룩 PDLLA 콜라겐 부스팅 마스크 4+1매 기획/단품,https://www.oliveyoung.co.kr/store/goods/getGoodsDetail.do?goodsNo=A000000253919,https://image.oliveyoung.co.kr/cfimages/cf-goods/uploads/images/thumbnails/400/10/0000/0025/A00000025391912ko.jpg?l=ko,36000,33400,7.2,914,4.9,92,4,2,1,1,1,0,0,1,A000000253919,10000010009
2026-09-11,마스크팩,19,메디힐,[업그레이드 리뉴얼/81관왕 No.1] 메디힐 더마 토너패드 100매 7종 피부 고민별 골라담기,https://www.oliveyoung.co.kr/store/goods/getGoodsDetail.do?goodsNo=A000000171426,https://image.oliveyoung.co.kr/cfimages/cf-goods/uploads/images/thumbnails/400/10/0000/0017/A000000171426112ko.png?l=ko,26000,17900,31.2,85437,4.8,86,10,3,1,1,1,0,0,1,A000000171426,10000010009
2026-09-11,마스크팩,20,아비브,[9월 올영픽/산리오] 아비브 껌딱지 시트 마스크 어성초 스티커 5매 기획(+1매+띠부띠부실),https://www.oliveyoung.co.kr/store/goods/getGoodsDetail.do?goodsNo=A000000263032,https://image.oliveyoung.co.kr/cfimages/cf-goods/uploads/images/thumbnails/400/10/0000/0026/A00000026303207ko.png?l=ko,20000,9400,53.0,92990,4.9,91,7,2,0,0,1,1,0,1,A000000263032,10000010009
2026-09-11,마스크팩,21,메디큐브,[1등모공패드/대용량160매] 메디큐브 패드 3종 1+1 140매 리필 기획 (제로모공패드/PDRN겔패드/딥비타씨패드),https://www.oliveyoung.co.kr/store/goods/getGoodsDetail.do?goodsNo=A000000255682,https://image.oliveyoung.co.kr/cfimages/cf-goods/uploads/images/thumbnails/400/10/0000/0025/A00000025568275ko.png?l=ko,33000,28900,12.4,20424,4.7,83,11,5,1,1,1,0,0,1,A000000255682,10000010009
2026-09-11,마스크팩,22,아비브,[9월 올영픽/산리오] 아비브 약산성 pH 시트 마스크 핏 5매 기획 (+1매+띠부띠부실)(어성초/부활초),https://www.oliveyoung.co.kr/store/goods/getGoodsDetail.do?goodsNo=A000000263034,https://image.oliveyoung.co.kr/cfimages/cf-goods/uploads/images/thumbnails/400/10/0000/0026/A00000026303406ko.png?l=ko,20000,11300,43.5,81128,4.8,88,9,2,0,0,1,1,0,1,A000000263034,10000010009
2026-09-11,마스크팩,23,넘버즈인,[10매] 넘버즈인 마스크팩 10매 기획 5종 중 택 1,https://www.oliveyoung.co.kr/store/goods/getGoodsDetail.do?goodsNo=A000000206850,https://image.oliveyoung.co.kr/cfimages/cf-goods/uploads/images/thumbnails/400/10/0000/0020/A00000020685013ko.png?l=ko,40000,17900,55.2,48222,4.8,87,9,3,1,1,1,0,0,1,A000000206850,10000010009
2026-09-11,마스크팩,24,토리든,토리든 다이브인 저분자 히알루론산 멀티 패드 80매 기획 (+80매 리필+패드 케이스) (포차코),https://www.oliveyoung.co.kr/store/goods/getGoodsDetail.do?goodsNo=A000000263013,https://image.oliveyoung.co.kr/cfimages/cf-goods/uploads/images/thumbnails/400/10/0000/0026/A00000026301321ko.png?l=ko,38000,25300,33.4,4196,4.8,87,9,3,0,1,1,1,0,1,A000000263013,10000010009
2026-09-11,마스크팩,25,이옴,[트러블스케일링/최예나PICK] 이옴 트러블 패치 마스크 3매,https://www.oliveyoung.co.kr/store/goods/getGoodsDetail.do?goodsNo=A000000248829,https://image.oliveyoung.co.kr/cfimages/cf-goods/uploads/images/thumbnails/400/10/0000/0024/A00000024882929ko.jpg?l=ko,21000,21000,0.0,8318,4.7,81,10,6,2,1,0,0,0,1,A000000248829,10000010009
2026-09-11,마스크팩,26,리터니티,[인씨PICK/원조율무팩] 리터니티 율무 요철모공 팩 120g 기획세트,https://www.oliveyoung.co.kr/store/goods/getGoodsDetail.do?goodsNo=A000000198780,https://image.oliveyoung.co.kr/cfimages/cf-goods/uploads/images/thumbnails/400/10/0000/0019/A00000019878061ko.png?l=ko,34000,25900,23.8,4718,4.7,80,13,5,1,1,1,0,0,1,A000000198780,10000010009
2026-09-11,마스크팩,27,구달,[9월 올영픽/산리오 콜라보] 구달 청귤 비타C 잡티케어 패드 알파 70매+70매 리필 기획 (+폼폼푸린 패드 케이스),https://www.oliveyoung.co.kr/store/goods/getGoodsDetail.do?goodsNo=A000000263572,https://image.oliveyoung.co.kr/cfimages/cf-goods/uploads/images/thumbnails/400/10/0000/0026/A00000026357205ko.jpg?l=ko,38000,23800,37.4,1690,4.8,88,9,3,1,0,1,1,0,1,A000000263572,10000010009
2026-09-11,마스크팩,28,프롬리에,[100만장 돌파/단독기획] 프롬리에 EGF 피지팩 하이퍼 액티브 모공 피지 마스크 4+1 증정,https://www.oliveyoung.co.kr/store/goods/getGoodsDetail.do?goodsNo=A000000254427,https://image.oliveyoung.co.kr/cfimages/cf-goods/uploads/images/thumbnails/400/10/0000/0025/A00000025442724ko.jpg?l=ko,28000,18910,32.5,4569,4.6,79,12,6,2,2,1,1,0,1,A000000254427,10000010009
2026-09-11,마스크팩,29,마몽드,[결광화잘먹/지성화잘먹] 마몽드 리퀴드 마스크 +80ml 리필 기획 (로즈/피어니),https://www.oliveyoung.co.kr/store/goods/getGoodsDetail.do?goodsNo=A000000258670,https://image.oliveyoung.co.kr/cfimages/cf-goods/uploads/images/thumbnails/400/10/0000/0025/A00000025867020ko.jpg?l=ko,30000,30000,0.0,21683,4.7,80,12,5,1,1,0,0,0,1,A000000258670,10000010009
2026-09-11,마스크팩,30,바이오던스,[1+1/온라인 단독 기획] 바이오던스 바이오 겔 토너 패드 60매 더블기획 (콜라겐/세라놀),https://www.oliveyoung.co.kr/store/goods/getGoodsDetail.do?goodsNo=A000000247819,https://image.oliveyoung.co.kr/cfimages/cf-goods/uploads/images/thumbnails/400/10/0000/0024/A00000024781921ko.jpg?l=ko,52000,27900,46.3,6170,4.7,79,12,6,1,1,1,0,0,1,A000000247819,10000010009
2026-09-11,마스크팩,31,바이오던스,[리센느 원이PICK/1등 3시간팩] 바이오던스 리얼 딥 마스크 4매 (콜라겐/PDRN/세라놀/씨켈프/비타),https://www.oliveyoung.co.kr/store/goods/getGoodsDetail.do?goodsNo=A000000181343,https://image.oliveyoung.co.kr/cfimages/cf-goods/uploads/images/thumbnails/400/10/0000/0018/A00000018134351ko.jpg?l=ko,20000,18900,5.5,7819,4.8,85,9,4,1,1,1,0,0,1,A000000181343,10000010009
2026-09-11,마스크팩,32,아누아,[수지pick/단독기획] 아누아 데일리케어 마스크팩 5매 기획 8종(+1매 or +2매 추가 증정),https://www.oliveyoung.co.kr/store/goods/getGoodsDetail.do?goodsNo=A000000231836,https://image.oliveyoung.co.kr/cfimages/cf-goods/uploads/images/thumbnails/400/10/0000/0023/A00000023183640ko.png?l=ko,20000,9500,52.5,32933,4.8,86,10,3,1,0,1,0,0,1,A000000231836,10000010009
2026-09-11,마스크팩,33,스트라이덱스,[각질/피지/SNS클겨템] 스트라이덱스 센시티브 패드 90매,https://www.oliveyoung.co.kr/store/goods/getGoodsDetail.do?goodsNo=A000000114166,https://image.oliveyoung.co.kr/cfimages/cf-goods/uploads/images/thumbnails/400/10/0000/0011/A00000011416623ko.jpg?l=ko,13900,10420,25.0,31048,4.7,80,14,4,1,1,1,0,0,1,A000000114166,10000010009
2026-09-11,마스크팩,34,하우스오브비,[올영 1위 마스크팩 / 370만장 돌파]하우스오브비 페이스필름 4매 (글루타치온/피디알엔),https://www.oliveyoung.co.kr/store/goods/getGoodsDetail.do?goodsNo=A000000212579,https://image.oliveyoung.co.kr/cfimages/cf-goods/uploads/images/thumbnails/400/10/0000/0021/A00000021257909ko.png?l=ko,40000,29900,25.2,8411,4.9,94,4,1,0,0,1,0,0,1,A000000212579,10000010009
2026-09-11,마스크팩,35,코스알엑스,[가나디 콜라보/리뉴얼] 코스알엑스 원스텝 오리지널 패드 4종 택 1,https://www.oliveyoung.co.kr/store/goods/getGoodsDetail.do?goodsNo=A000000258881,https://image.oliveyoung.co.kr/cfimages/cf-goods/uploads/images/thumbnails/400/10/0000/0025/A00000025888129ko.jpg?l=ko,24000,18900,21.3,2486,4.8,86,9,3,1,1,1,1,0,1,A000000258881,10000010009
2026-09-11,마스크팩,36,린제이,[79관왕/1위] 린제이 모델링 팩 (컵팩)  7종 택1,https://www.oliveyoung.co.kr/store/goods/getGoodsDetail.do?goodsNo=A000000010497,https://image.oliveyoung.co.kr/cfimages/cf-goods/uploads/images/thumbnails/400/10/0000/0001/A00000001049704ko.jpg?l=ko,3000,2500,16.7,93703,4.8,86,10,3,0,0,1,0,0,1,A000000010497,10000010009
2026-09-11,마스크팩,37,아누아,[수지pick/올영단독] 아누아 패드 리필 기획 3종(어성초/피디알엔/카테킨),https://www.oliveyoung.co.kr/store/goods/getGoodsDetail.do?goodsNo=A000000243162,https://image.oliveyoung.co.kr/cfimages/cf-goods/uploads/images/thumbnails/400/10/0000/0024/A00000024316221ko.png?l=ko,45000,29500,34.4,2152,4.7,83,12,4,1,1,1,0,0,1,A000000243162,10000010009
2026-09-11,마스크팩,38,듀이트리,[열감진정/단독기획] 듀이트리 AC 딥 진정 모공 패드 100매,https://www.oliveyoung.co.kr/store/goods/getGoodsDetail.do?goodsNo=A000000239969,https://image.oliveyoung.co.kr/cfimages/cf-goods/uploads/images/thumbnails/400/10/0000/0023/A00000023996936ko.jpg?l=ko,26000,20600,20.8,17176,4.8,85,10,3,1,1,1,1,0,1,A000000239969,10000010009
2026-09-11,마스크팩,39,리쥬란,[9중 모공지표 개선] 리쥬란 더마 힐러 포어 타이트닝 겔 마스크 5매,https://www.oliveyoung.co.kr/store/goods/getGoodsDetail.do?goodsNo=A000000243330,https://image.oliveyoung.co.kr/cfimages/cf-goods/uploads/images/thumbnails/400/10/0000/0024/A00000024333029ko.jpg?l=ko,35000,29900,14.6,1183,4.8,87,11,1,0,0,1,0,0,1,A000000243330,10000010009
2026-09-11,마스크팩,40,리쥬란,리쥬란 포어 타이트닝 토너 패드 60매 더블기획,https://www.oliveyoung.co.kr/store/goods/getGoodsDetail.do?goodsNo=A000000236767,https://image.oliveyoung.co.kr/cfimages/cf-goods/uploads/images/thumbnails/400/10/0000/0023/A00000023676730ko.jpg?l=ko,45000,37000,17.8,3113,4.8,87,9,3,0,1,1,0,0,1,A000000236767,10000010009
2026-09-11,마스크팩,41,스트라이덱스,[여드름/좁쌀] 스트라이덱스 맥스플러스패드 55매,https://www.oliveyoung.co.kr/store/goods/getGoodsDetail.do?goodsNo=A000000205870,https://image.oliveyoung.co.kr/cfimages/cf-goods/uploads/images/thumbnails/400/10/0000/0020/A00000020587019ko.jpg?l=ko,12900,10960,15.0,9771,4.7,82,12,4,1,1,1,0,0,1,A000000205870,10000010009
2026-09-11,마스크팩,42,넘버즈인,[1매] 넘버즈인 1번~5번 마스크팩 5종 중 택 1,https://www.oliveyoung.co.kr/store/goods/getGoodsDetail.do?goodsNo=A000000160901,https://image.oliveyoung.co.kr/cfimages/cf-goods/uploads/images/thumbnails/400/10/0000/0016/A00000016090137ko.png?l=ko,4000,2000,50.0,158081,4.8,88,8,3,1,0,1,0,0,1,A000000160901,10000010009
2026-09-11,마스크팩,43,넘버즈인,[화잘먹] 넘버즈인 3번 매끈결 PHA 프렙 버블팩 90ml,https://www.oliveyoung.co.kr/store/goods/getGoodsDetail.do?goodsNo=A000000257072,https://image.oliveyoung.co.kr/cfimages/cf-goods/uploads/images/thumbnails/400/10/0000/0025/A00000025707230ko.jpg?l=ko,27000,18900,30.0,1950,4.8,87,9,3,1,1,1,0,0,1,A000000257072,10000010009
2026-09-11,마스크팩,44,바이오던스,[리센느 원이PICK/1매] 바이오던스 리얼 딥 마스크 5종 택1,https://www.oliveyoung.co.kr/store/goods/getGoodsDetail.do?goodsNo=A000000181345,https://image.oliveyoung.co.kr/cfimages/cf-goods/uploads/images/thumbnails/400/10/0000/0018/A00000018134541ko.jpg?l=ko,5000,4800,4.0,11813,4.7,79,13,6,1,1,1,0,0,1,A000000181345,10000010009
2026-09-11,마스크팩,45,샤이샤이샤이,샤이샤이샤이 알로에 PDRN 쿨링 머드 마스크 100ml (온),https://www.oliveyoung.co.kr/store/goods/getGoodsDetail.do?goodsNo=A000000231898,https://image.oliveyoung.co.kr/cfimages/cf-goods/uploads/images/thumbnails/400/10/0000/0023/A00000023189806ko.jpg?l=ko,27000,18300,32.2,47,4.6,74,15,6,4,,1,0,0,1,A000000231898,10000010009
2026-09-11,마스크팩,46,아누아,[수지pick]아누아 데일리케어 마스크팩 8종(1매),https://www.oliveyoung.co.kr/store/goods/getGoodsDetail.do?goodsNo=A000000211128,https://image.oliveyoung.co.kr/cfimages/cf-goods/uploads/images/thumbnails/400/10/0000/0021/A00000021112836ko.png?l=ko,4000,1600,60.0,32933,4.8,86,10,3,1,0,1,0,0,1,A000000211128,10000010009
2026-09-11,마스크팩,47,바이오던스,[리센느 원이PICK] 바이오던스 겔 토너 패드 60매 기획(+10매/+4매 증정) (캐비어 PDRN/콜라겐/세라놀),https://www.oliveyoung.co.kr/store/goods/getGoodsDetail.do?goodsNo=A000000215305,https://image.oliveyoung.co.kr/cfimages/cf-goods/uploads/images/thumbnails/400/10/0000/0021/A00000021530550ko.jpg?l=ko,26000,19900,23.5,7391,4.7,80,11,6,2,1,1,0,0,1,A000000215305,10000010009
2026-09-11,마스크팩,48,셀리맥스,[각질제거/피부결/토너패드] 셀리맥스 어성초 바하 지우개 필링 패드 60매 기획(+10매),https://www.oliveyoung.co.kr/store/goods/getGoodsDetail.do?goodsNo=A000000227936,https://image.oliveyoung.co.kr/cfimages/cf-goods/uploads/images/thumbnails/400/10/0000/0022/A00000022793614ko.png?l=ko,17000,11500,32.4,2117,4.7,83,10,5,1,1,1,0,0,1,A000000227936,10000010009
2026-09-11,마스크팩,49,리쥬란,[리쥬란 NO1_앰플 1병을 1장에]리쥬란 듀얼 이펙트 앰플 인 마스크 퍼밍 앤 래디언스(1매/5매),https://www.oliveyoung.co.kr/store/goods/getGoodsDetail.do?goodsNo=A000000257125,https://image.oliveyoung.co.kr/cfimages/cf-goods/uploads/images/thumbnails/400/10/0000/0025/A00000025712518ko.jpg?l=ko,28000,18500,33.9,650,4.9,92,6,2,0,0,1,1,0,1,A000000257125,10000010009
2026-09-11,마스크팩,50,프리메라,프리메라 메가-샷 겔마스크 3종 기획 모음 (비타티놀/PDRN/3C히알루론산),https://www.oliveyoung.co.kr/store/goods/getGoodsDetail.do?goodsNo=A000000248965,https://image.oliveyoung.co.kr/cfimages/cf-goods/uploads/images/thumbnails/400/10/0000/0024/A00000024896534ko.jpg?l=ko,49000,34200,30.2,9117,4.8,86,10,3,0,0,1,0,0,1,A000000248965,10000010009
2026-09-11,마스크팩,51,메디힐,[초밀착 세럼팩] 메디힐 랩핑 세럼 마스크 1매 6종,https://www.oliveyoung.co.kr/store/goods/getGoodsDetail.do?goodsNo=A000000229694,https://image.oliveyoung.co.kr/cfimages/cf-goods/uploads/images/thumbnails/400/10/0000/0022/A00000022969416ko.jpg?l=ko,3000,1800,40.0,34002,4.8,88,9,2,0,0,1,0,0,1,A000000229694,10000010009
2026-09-11,마스크팩,52,아이소이,[긴급진정/수분장벽] 아이소이 에센셜 마스크팩 3+1매 기획 2종(진정/수분) 중 택1,https://www.oliveyoung.co.kr/store/goods/getGoodsDetail.do?goodsNo=A000000265397,https://image.oliveyoung.co.kr/cfimages/cf-goods/uploads/images/thumbnails/400/10/0000/0026/A00000026539703ko.jpg?l=ko,15000,9900,34.0,4853,4.8,85,10,4,1,1,1,0,0,1,A000000265397,10000010009
2026-09-11,마스크팩,53,넘버즈인,"[추가증정] 넘버즈인 토너패드 증정 기획 중 택 1(1번, 3번, 5번)",https://www.oliveyoung.co.kr/store/goods/getGoodsDetail.do?goodsNo=A000000177758,https://image.oliveyoung.co.kr/cfimages/cf-goods/uploads/images/thumbnails/400/10/0000/0017/A00000017775869ko.jpg?l=ko,26000,18900,27.3,29482,4.8,84,11,4,1,1,1,0,0,1,A000000177758,10000010009
2026-09-11,마스크팩,54,토리든,[1+1] 토리든 패드 다이브인/밸런스풀 리필기획 2종 택 1(수분/진정),https://www.oliveyoung.co.kr/store/goods/getGoodsDetail.do?goodsNo=A000000212817,https://image.oliveyoung.co.kr/cfimages/cf-goods/uploads/images/thumbnails/400/10/0000/0021/A00000021281714ko.jpg?l=ko,38000,25300,33.4,5304,4.8,87,9,3,0,0,1,1,0,1,A000000212817,10000010009
2026-09-11,마스크팩,55,스킨푸드,스킨푸드 수비드 마스크시트 1매 10종 중 택1,https://www.oliveyoung.co.kr/store/goods/getGoodsDetail.do?goodsNo=A000000148981,https://image.oliveyoung.co.kr/cfimages/cf-goods/uploads/images/thumbnails/400/10/0000/0014/A00000014898103ko.jpg?l=ko,1100,880,20.0,8783,4.8,87,10,3,1,0,1,0,0,1,A000000148981,10000010009
2026-09-11,마스크팩,56,에스네이처,[산리오 특가/리뷰이벤트/헬로키티] 에스네이처 아쿠아 스쿠알란 수분크림 랩핑 마스크 4매기획 (+헬로키티 스티커팩),https://www.oliveyoung.co.kr/store/goods/getGoodsDetail.do?goodsNo=A000000263074,https://image.oliveyoung.co.kr/cfimages/cf-goods/uploads/images/thumbnails/400/10/0000/0026/A00000026307410ko.png?l=ko,24000,14000,41.7,3144,4.8,89,7,2,1,1,1,1,0,1,A000000263074,10000010009
2026-09-11,마스크팩,57,스킨푸드,[단독기획] 스킨푸드 패드 레시피 11종 모음,https://www.oliveyoung.co.kr/store/goods/getGoodsDetail.do?goodsNo=A000000166709,https://image.oliveyoung.co.kr/cfimages/cf-goods/uploads/images/thumbnails/400/10/0000/0016/A00000016670919ko.jpg?l=ko,26000,17600,32.3,120882,4.8,87,9,3,0,1,1,0,0,1,A000000166709,10000010009
2026-09-11,마스크팩,58,에스트라,에스트라 에이시카365 쿨링진정패드 pH4.5 60매,https://www.oliveyoung.co.kr/store/goods/getGoodsDetail.do?goodsNo=A000000218547,https://image.oliveyoung.co.kr/cfimages/cf-goods/uploads/images/thumbnails/400/10/0000/0021/A00000021854710ko.jpg?l=ko,28000,21900,21.8,2053,4.7,81,12,5,2,1,1,1,0,1,A000000218547,10000010009
2026-09-11,마스크팩,59,아로셀,[리뉴얼/쫀광효과UP] 아로셀 슈퍼 콜라겐 마스크 2.0 ECM Active 3+1매 기획,https://www.oliveyoung.co.kr/store/goods/getGoodsDetail.do?goodsNo=A000000252256,https://image.oliveyoung.co.kr/cfimages/cf-goods/uploads/images/thumbnails/400/10/0000/0025/A00000025225602ko.jpg?l=ko,24000,21800,9.2,1036,4.9,93,6,1,0,0,1,0,0,1,A000000252256,10000010009
2026-09-11,마스크팩,60,넘버즈인,[5매] 넘버즈인 1번~5번 마스크팩 5종 중 택 1,https://www.oliveyoung.co.kr/store/goods/getGoodsDetail.do?goodsNo=A000000166626,https://image.oliveyoung.co.kr/cfimages/cf-goods/uploads/images/thumbnails/400/10/0000/0016/A00000016662673ko.jpg?l=ko,16000,9500,40.6,59737,4.8,84,11,4,1,1,1,0,0,1,A000000166626,10000010009
2026-09-11,마스크팩,61,메디힐,[스패츌러 증정] 메디힐 블랙헤드 멜팅 클리어 코팩 4매 피지연화,https://www.oliveyoung.co.kr/store/goods/getGoodsDetail.do?goodsNo=A000000202899,https://image.oliveyoung.co.kr/cfimages/cf-goods/uploads/images/thumbnails/400/10/0000/0020/A00000020289924ko.jpg?l=ko,14000,10900,22.1,25338,4.9,90,7,2,0,0,1,0,0,1,A000000202899,10000010009
2026-09-11,마스크팩,62,메디힐,"메디힐 콜라겐 캡슐 패치 60매 3종 (레티놀, 비타민C, PDRN)",https://www.oliveyoung.co.kr/store/goods/getGoodsDetail.do?goodsNo=A000000233468,https://image.oliveyoung.co.kr/cfimages/cf-goods/uploads/images/thumbnails/400/10/0000/0023/A00000023346820ko.png?l=ko,25000,15400,38.4,7692,4.7,81,12,5,1,1,1,0,0,1,A000000233468,10000010009
2026-09-11,마스크팩,63,아비브,[1매/5종] 아비브 껌딱지 시트 마스크 스티커 1매 (어성초/수분초/마데카소사이드/콜라겐밀크/비타),https://www.oliveyoung.co.kr/store/goods/getGoodsDetail.do?goodsNo=A000000188019,https://image.oliveyoung.co.kr/cfimages/cf-goods/uploads/images/thumbnails/400/10/0000/0018/A00000018801948ko.png?l=ko,4000,2000,50.0,79002,4.9,91,7,2,0,0,1,0,0,1,A000000188019,10000010009
2026-09-11,마스크팩,64,토리든,토리든 마스크 시트 1매 4종 택 1(수분/진정/브라이트닝/모공)(AD),https://www.oliveyoung.co.kr/store/goods/getGoodsDetail.do?goodsNo=A000000257738,https://image.oliveyoung.co.kr/cfimages/cf-goods/uploads/images/thumbnails/400/10/0000/0025/A00000025773803ko.jpg?l=ko,3000,1500,50.0,3324,4.8,88,9,3,0,0,1,0,0,1,A000000257738,10000010009
2026-09-11,마스크팩,65,프리메라,[탄력광채] 프리메라 비타티놀 메가-샷 겔마스크 7+2매/4+1매/1매 (기획/단품),https://www.oliveyoung.co.kr/store/goods/getGoodsDetail.do?goodsNo=A000000231294,https://image.oliveyoung.co.kr/cfimages/cf-goods/uploads/images/thumbnails/400/10/0000/0023/A00000023129452ko.png?l=ko,49000,34200,30.2,6872,4.8,85,10,4,1,1,1,0,0,1,A000000231294,10000010009
2026-09-11,마스크팩,66,바이오힐보,[1등마스크|콜라겐&탄력] 바이오힐보 마스크팩 대용량 기획 3종,https://www.oliveyoung.co.kr/store/goods/getGoodsDetail.do?goodsNo=A000000226508,https://image.oliveyoung.co.kr/cfimages/cf-goods/uploads/images/thumbnails/400/10/0000/0022/A00000022650844ko.jpg?l=ko,30000,15000,50.0,15887,4.8,86,10,3,1,0,1,0,0,1,A000000226508,10000010009
2026-09-11,마스크팩,67,프리메라,[수분붓기완화] 프리메라 3C히알루론산 메가-샷 겔마스크 7+2매/4+1매/1매 (기획/단품),https://www.oliveyoung.co.kr/store/goods/getGoodsDetail.do?goodsNo=A000000259699,https://image.oliveyoung.co.kr/cfimages/cf-goods/uploads/images/thumbnails/400/10/0000/0025/A00000025969913ko.jpg?l=ko,49000,34200,30.2,310,4.8,88,9,1,1,1,1,0,0,1,A000000259699,10000010009
2026-09-11,마스크팩,68,아비브,[10매/5종] 아비브 약산성 pH 시트 마스크 핏 10매 (어성초/부활초/아쿠아/글루타치온좀/허니),https://www.oliveyoung.co.kr/store/goods/getGoodsDetail.do?goodsNo=A000000120938,https://image.oliveyoung.co.kr/cfimages/cf-goods/uploads/images/thumbnails/400/10/0000/0012/A00000012093853ko.png?l=ko,40000,24000,40.0,6863,4.8,88,10,2,0,0,1,0,0,1,A000000120938,10000010009
2026-09-11,마스크팩,69,한율,[1+1한정기획] 한율 달빛유자 수면팩 70ml+70ml,https://www.oliveyoung.co.kr/store/goods/getGoodsDetail.do?goodsNo=A000000183747,https://image.oliveyoung.co.kr/cfimages/cf-goods/uploads/images/thumbnails/400/10/0000/0018/A00000018374744ko.jpg?l=ko,34000,34000,0.0,7893,4.8,85,11,3,0,0,0,0,0,1,A000000183747,10000010009
2026-09-11,마스크팩,70,아로셀,[NEW/콜라겐 함량 80배 UP] 아로셀 슈퍼 콜라겐 마스크 2.0 ECM Active 6+2매 기획,https://www.oliveyoung.co.kr/store/goods/getGoodsDetail.do?goodsNo=A000000253571,https://image.oliveyoung.co.kr/cfimages/cf-goods/uploads/images/thumbnails/400/10/0000/0025/A00000025357102ko.jpg?l=ko,48000,42500,11.5,113,4.7,85,6,6,,3,1,0,0,1,A000000253571,10000010009
2026-09-11,마스크팩,71,메디힐,[앰플한병팩] 메디힐 하이퍼 마스크 1매 겔마스크 4종 (콜라겐/PDRN/마데카소사이드/히알루론산),https://www.oliveyoung.co.kr/store/goods/getGoodsDetail.do?goodsNo=A000000212350,https://image.oliveyoung.co.kr/cfimages/cf-goods/uploads/images/thumbnails/400/10/0000/0021/A00000021235037ko.jpg?l=ko,4500,3300,26.7,25583,4.8,84,11,4,1,1,1,0,0,1,A000000212350,10000010009
2026-09-11,마스크팩,72,스킨1004,스킨1004 마다가스카르 센텔라 퀵카밍 패드,https://www.oliveyoung.co.kr/store/goods/getGoodsDetail.do?goodsNo=A000000167392,https://image.oliveyoung.co.kr/cfimages/cf-goods/uploads/images/thumbnails/400/10/0000/0016/A00000016739238ko.jpg?l=ko,27000,22950,15.0,2265,4.9,91,6,2,0,0,1,0,0,1,A000000167392,10000010009
2026-09-11,마스크팩,73,유세린,[1등진정장벽] 유세린 울트라센시티브 리페어 마스크팩 10매,https://www.oliveyoung.co.kr/store/goods/getGoodsDetail.do?goodsNo=A000000234213,https://image.oliveyoung.co.kr/cfimages/cf-goods/uploads/images/thumbnails/400/10/0000/0023/A00000023421312ko.jpg?l=ko,48000,26900,44.0,6733,4.8,85,11,3,1,1,1,0,0,1,A000000234213,10000010009
2026-09-11,마스크팩,74,일소,[1등코팩/피지순삭] 일소 네추럴 마일드 클리어 노우즈 팩 5매,https://www.oliveyoung.co.kr/store/goods/getGoodsDetail.do?goodsNo=A000000171820,https://image.oliveyoung.co.kr/cfimages/cf-goods/uploads/images/thumbnails/400/10/0000/0017/A00000017182083ko.jpg?l=ko,12900,12900,0.0,34642,4.7,80,13,5,1,1,0,0,0,1,A000000171820,10000010009
2026-09-11,마스크팩,75,더마토리,[모공케어] 더마토리 살리시닉 포어 클리어 블랙 모공 토너패드 70매 기획 (+휴대용 10매 증정),https://www.oliveyoung.co.kr/store/goods/getGoodsDetail.do?goodsNo=A000000218012,https://image.oliveyoung.co.kr/cfimages/cf-goods/uploads/images/thumbnails/400/10/0000/0021/A00000021801217ko.jpg?l=ko,26000,18200,30.0,3745,4.7,82,12,5,1,1,1,0,0,1,A000000218012,10000010009
2026-09-11,마스크팩,76,메디힐,"[피지흡착/모공쿨링] 메디힐 바이오 세컨덤 마스크 1매 3종 (마데카소사이드, PDRN, 히알루론산)",https://www.oliveyoung.co.kr/store/goods/getGoodsDetail.do?goodsNo=A000000229375,https://image.oliveyoung.co.kr/cfimages/cf-goods/uploads/images/thumbnails/400/10/0000/0022/A00000022937511ko.jpg?l=ko,5000,2500,50.0,31163,4.8,87,9,3,1,0,1,0,0,1,A000000229375,10000010009
2026-09-11,마스크팩,77,더마픽스,더마픽스 리얼 콜라겐 텐션업 링클패치,https://www.oliveyoung.co.kr/store/goods/getGoodsDetail.do?goodsNo=A000000142771,https://image.oliveyoung.co.kr/cfimages/cf-goods/uploads/images/thumbnails/400/10/0000/0014/A00000014277104ko.jpg?l=ko,8000,5800,27.5,400,4.6,72,18,8,1,2,1,0,0,1,A000000142771,10000010009
2026-09-11,마스크팩,78,메디힐,[장도연 PICK/초밀착 세럼팩] 메디힐 랩핑 세럼 마스크 10매 6종,https://www.oliveyoung.co.kr/store/goods/getGoodsDetail.do?goodsNo=A000000229695,https://image.oliveyoung.co.kr/cfimages/cf-goods/uploads/images/thumbnails/400/10/0000/0022/A00000022969547ko.jpg?l=ko,30000,18000,40.0,45093,4.8,88,9,2,0,0,1,0,0,1,A000000229695,10000010009
2026-09-11,마스크팩,79,파티온,[9월올영픽] 파티온 노스카나인 트러블 세럼 마스크팩 기획(4+1),https://www.oliveyoung.co.kr/store/goods/getGoodsDetail.do?goodsNo=A000000206378,https://image.oliveyoung.co.kr/cfimages/cf-goods/uploads/images/thumbnails/400/10/0000/0020/A00000020637817ko.jpg?l=ko,16000,7400,53.8,8111,4.8,88,9,3,0,0,1,1,0,1,A000000206378,10000010009
2026-09-11,마스크팩,80,아비브,[1매/5종] 아비브 약산성 pH 시트 마스크 핏 1매 (어성초/부활초/아쿠아/글루타치온좀/허니),https://www.oliveyoung.co.kr/store/goods/getGoodsDetail.do?goodsNo=A000000120688,https://image.oliveyoung.co.kr/cfimages/cf-goods/uploads/images/thumbnails/400/10/0000/0012/A00000012068852ko.png?l=ko,4000,2400,40.0,66512,4.8,88,9,3,0,0,1,0,0,1,A000000120688,10000010009
2026-09-11,마스크팩,81,라운드랩,[더블기획] 라운드랩 자작나무 수분 패드 더블 기획 (80매+80매),https://www.oliveyoung.co.kr/store/goods/getGoodsDetail.do?goodsNo=A000000160796,https://image.oliveyoung.co.kr/cfimages/cf-goods/uploads/images/thumbnails/400/10/0000/0016/A00000016079648ko.png?l=ko,34000,28000,17.6,15586,4.9,89,9,2,0,0,1,0,0,1,A000000160796,10000010009
2026-09-11,마스크팩,82,듀이트리,[1+1/화잘먹팩] 듀이트리 픽앤퀵 뽑아쓰는 화장발 마스크 더블 기획 (30매+30매),https://www.oliveyoung.co.kr/store/goods/getGoodsDetail.do?goodsNo=A000000132048,https://image.oliveyoung.co.kr/cfimages/cf-goods/uploads/images/thumbnails/400/10/0000/0013/A00000013204815ko.jpg?l=ko,36800,22810,38.0,1992,4.8,86,10,3,0,0,1,0,0,1,A000000132048,10000010009
2026-09-11,마스크팩,83,토리든,토리든 다이브인/밸런스풀 패드 증정기획 2종 택 1 (+10매 증정)(수분/진정),https://www.oliveyoung.co.kr/store/goods/getGoodsDetail.do?goodsNo=A000000173588,https://image.oliveyoung.co.kr/cfimages/cf-goods/uploads/images/thumbnails/400/10/0000/0017/A00000017358824ko.jpg?l=ko,23000,16100,30.0,13973,4.8,83,12,4,1,1,1,0,0,1,A000000173588,10000010009
2026-09-11,마스크팩,84,일소,[1등코팩/피지순삭] 일소 네추럴 마일드 클리어 노우즈 팩 10매 (대용량),https://www.oliveyoung.co.kr/store/goods/getGoodsDetail.do?goodsNo=A000000180455,https://image.oliveyoung.co.kr/cfimages/cf-goods/uploads/images/thumbnails/400/10/0000/0018/A00000018045569ko.jpg?l=ko,25000,22000,12.0,45564,4.7,82,12,5,1,1,1,0,0,1,A000000180455,10000010009
2026-09-11,마스크팩,85,스킨푸드,[단독기획] 스킨푸드 캐롯 카로틴 마스크시트 5매 기획 (+3매),https://www.oliveyoung.co.kr/store/goods/getGoodsDetail.do?goodsNo=A000000255593,https://image.oliveyoung.co.kr/cfimages/cf-goods/uploads/images/thumbnails/400/10/0000/0025/A00000025559307ko.jpg?l=ko,15000,8400,44.0,13311,4.8,86,9,3,1,1,1,1,0,1,A000000255593,10000010009
2026-09-11,마스크팩,86,아누아,[수지pick]아누아 패드 4종 단품(어성초/피디알엔/카테킨/TXA),https://www.oliveyoung.co.kr/store/goods/getGoodsDetail.do?goodsNo=A000000248397,https://image.oliveyoung.co.kr/cfimages/cf-goods/uploads/images/thumbnails/400/10/0000/0024/A00000024839706ko.png?l=ko,24000,18500,22.9,1066,4.8,84,12,3,1,1,1,0,0,1,A000000248397,10000010009
2026-09-11,마스크팩,87,톡스앤필,톡스앤필 앵글 컷 리프팅 패치 1매입/5매입,https://www.oliveyoung.co.kr/store/goods/getGoodsDetail.do?goodsNo=A000000244349,https://image.oliveyoung.co.kr/cfimages/cf-goods/uploads/images/thumbnails/400/10/0000/0024/A00000024434908ko.jpg?l=ko,42000,33600,20.0,1229,5.0,98,2,0,,,1,0,0,1,A000000244349,10000010009
2026-09-11,마스크팩,88,셀리맥스,[민감/여드름피부/토너패드] 셀리맥스 지우개 시카 바하 블레미쉬 토너 패드 60매 기획 (+60매),https://www.oliveyoung.co.kr/store/goods/getGoodsDetail.do?goodsNo=A000000240549,https://image.oliveyoung.co.kr/cfimages/cf-goods/uploads/images/thumbnails/400/10/0000/0024/A00000024054910ko.png?l=ko,29500,26500,10.2,2732,4.9,93,5,2,0,0,0,1,0,1,A000000240549,10000010009
2026-09-11,마스크팩,89,듀이트리,[대용량] 듀이트리 픽앤퀵 뜯어쓰는 더블 패드 100매 (화장발/카밍풀/모공탄력/비타광채),https://www.oliveyoung.co.kr/store/goods/getGoodsDetail.do?goodsNo=A000000202305,https://image.oliveyoung.co.kr/cfimages/cf-goods/uploads/images/thumbnails/400/10/0000/0020/A00000020230512ko.jpg?l=ko,26000,18200,30.0,2151,4.8,83,13,4,1,0,1,0,0,1,A000000202305,10000010009
2026-09-11,마스크팩,90,SNP,[대왕패치] SNP 빅 패치 2종 [콜라겐 퍼펙션 / 글루타치온 다크제로] 60매입,https://www.oliveyoung.co.kr/store/goods/getGoodsDetail.do?goodsNo=A000000254380,https://image.oliveyoung.co.kr/cfimages/cf-goods/uploads/images/thumbnails/400/10/0000/0025/A00000025438037ko.jpg?l=ko,28000,21000,25.0,1742,4.9,92,5,2,0,0,1,0,0,1,A000000254380,10000010009
2026-09-11,마스크팩,91,메디큐브,[1등모공패드] 메디큐브 제로 모공 패드 2.0 70매 (단품/기획),https://www.oliveyoung.co.kr/store/goods/getGoodsDetail.do?goodsNo=A000000161681,https://image.oliveyoung.co.kr/cfimages/cf-goods/uploads/images/thumbnails/400/10/0000/0016/A00000016168142ko.jpg?l=ko,24500,17900,26.9,15500,4.7,79,15,5,1,1,1,0,0,1,A000000161681,10000010009
2026-09-11,마스크팩,92,메디앤서,[광채탄력/대용량]메디앤서 비타 콜라겐 나노샷 마스크 10매,https://www.oliveyoung.co.kr/store/goods/getGoodsDetail.do?goodsNo=A000000215338,https://image.oliveyoung.co.kr/cfimages/cf-goods/uploads/images/thumbnails/400/10/0000/0021/A00000021533807ko.jpg?l=ko,60000,31000,48.3,948,4.7,85,10,3,1,2,1,0,0,1,A000000215338,10000010009
2026-09-11,마스크팩,93,라운드랩,[고밀착/수분진정] 라운드랩 1025 독도 수분 워터겔 마스크 10매,https://www.oliveyoung.co.kr/store/goods/getGoodsDetail.do?goodsNo=A000000144859,https://image.oliveyoung.co.kr/cfimages/cf-goods/uploads/images/thumbnails/400/10/0000/0014/A00000014485910ko.jpg?l=ko,40000,20000,50.0,16519,4.8,86,10,3,0,0,0,1,0,1,A000000144859,10000010009
2026-09-11,마스크팩,94,아비브,아비브 어성초 흔적 에센스 패드 클리어터치 70매,https://www.oliveyoung.co.kr/store/goods/getGoodsDetail.do?goodsNo=A000000219557,https://image.oliveyoung.co.kr/cfimages/cf-goods/uploads/images/thumbnails/400/10/0000/0021/A00000021955716ko.png?l=ko,24000,16800,30.0,28521,4.8,86,9,3,1,1,1,0,0,1,A000000219557,10000010009
2026-09-11,마스크팩,95,토르홉,[피지케어/화잘먹팩] 토르홉 무스타 콩테 체인저블 퀵 마스크 60g / 90g,https://www.oliveyoung.co.kr/store/goods/getGoodsDetail.do?goodsNo=A000000205004,https://image.oliveyoung.co.kr/cfimages/cf-goods/uploads/images/thumbnails/400/10/0000/0020/A00000020500448ko.png?l=ko,30500,24800,18.7,2294,4.8,86,9,3,1,1,1,0,0,1,A000000205004,10000010009
2026-09-11,마스크팩,96,셀퓨전씨,[핑구콜라보 빙하수쿨링패드] 셀퓨전씨 포스트 알파 쿨링 패드 70매 1+1 기획,https://www.oliveyoung.co.kr/store/goods/getGoodsDetail.do?goodsNo=A000000205435,https://image.oliveyoung.co.kr/cfimages/cf-goods/uploads/images/thumbnails/400/10/0000/0020/A00000020543537ko.jpg?l=ko,29900,29900,0.0,12762,4.8,88,9,3,0,0,0,0,0,1,A000000205435,10000010009
2026-09-11,마스크팩,97,듀이트리,[1일1팩/밀착진정] 듀이트리 AC 딥 진정 마스크 10매 (열감/흔적),https://www.oliveyoung.co.kr/store/goods/getGoodsDetail.do?goodsNo=A000000211187,https://image.oliveyoung.co.kr/cfimages/cf-goods/uploads/images/thumbnails/400/10/0000/0021/A00000021118729ko.jpg?l=ko,30000,14000,53.3,7125,4.8,89,8,2,0,0,1,0,0,1,A000000211187,10000010009
2026-09-11,마스크팩,98,비플레인,[3분모공팩] 비플레인 녹두 모공 클레이 팩 200ml 기획 (+실리콘 브러쉬),https://www.oliveyoung.co.kr/store/goods/getGoodsDetail.do?goodsNo=A000000260528,https://image.oliveyoung.co.kr/cfimages/cf-goods/uploads/images/thumbnails/400/10/0000/0026/A00000026052817ko.jpg?l=ko,24000,24000,0.0,10065,4.7,81,13,4,1,1,0,0,0,1,A000000260528,10000010009
2026-09-11,마스크팩,99,에스트라,에스트라 에이시카365 수딩 리페어 마스크 pH4.5 5매입,https://www.oliveyoung.co.kr/store/goods/getGoodsDetail.do?goodsNo=A000000250485,https://image.oliveyoung.co.kr/cfimages/cf-goods/uploads/images/thumbnails/400/10/0000/0025/A00000025048518ko.jpg?l=ko,20000,15900,20.5,1206,4.8,86,10,4,1,0,1,1,0,1,A000000250485,10000010009
2026-09-11,마스크팩,100,러븀,[황금누룽지PICK/단독기획] 러븀 겔 마스크 4매 (어린시카/유자/PDRN/그린시트러스),https://www.oliveyoung.co.kr/store/goods/getGoodsDetail.do?goodsNo=A000000244392,https://image.oliveyoung.co.kr/cfimages/cf-goods/uploads/images/thumbnails/400/10/0000/0024/A00000024439205ko.jpg?l=ko,20000,15600,22.0,1180,4.8,86,9,3,1,1,1,0,0,1,A000000244392,10000010009
2026-09-11,클렌징,1,비플레인,[2천만돌파] 비플레인 녹두 약산성 클렌징폼 160ml 더블 기획,https://www.oliveyoung.co.kr/store/goods/getGoodsDetail.do?goodsNo=A000000260522,https://image.oliveyoung.co.kr/cfimages/cf-goods/uploads/images/thumbnails/400/10/0000/0026/A00000026052218ko.jpg?l=ko,26000,23900,8.1,21608,4.9,89,8,2,0,0,1,0,0,1,A000000260522,10000010010
2026-09-11,클렌징,2,라곰,[9월 올영픽] 라곰 셀럽 마이크로 폼 클렌저 120ml 2입 기획 (+포차코 파우치형 장바구니),https://www.oliveyoung.co.kr/store/goods/getGoodsDetail.do?goodsNo=A000000263428,https://image.oliveyoung.co.kr/cfimages/cf-goods/uploads/images/thumbnails/400/10/0000/0026/A00000026342814ko.jpg?l=ko,29000,23500,19.0,25385,4.8,88,9,3,0,0,1,1,1,1,A000000263428,10000010010
2026-09-11,클렌징,3,바이오더마,[설윤PICK] 바이오더마 센시비오 H2O 500ml 2입,https://www.oliveyoung.co.kr/store/goods/getGoodsDetail.do?goodsNo=A000000013194,https://image.oliveyoung.co.kr/cfimages/cf-goods/uploads/images/thumbnails/400/10/0000/0001/A00000001319480ko.jpg?l=ko,42000,31900,24.0,39181,4.9,91,7,2,0,0,1,0,0,1,A000000013194,10000010010
2026-09-11,클렌징,4,마녀공장,[최미나수PICK/블랙헤드1등] 마녀공장 퓨어 소이빈 클렌징오일 200ml 2입 기획,https://www.oliveyoung.co.kr/store/goods/getGoodsDetail.do?goodsNo=A000000253617,https://image.oliveyoung.co.kr/cfimages/cf-goods/uploads/images/thumbnails/400/10/0000/0025/A00000025361757ko.jpg?l=ko,37000,25900,30.0,59562,4.8,86,10,3,0,0,1,0,0,1,A000000253617,10000010010
2026-09-11,클렌징,5,블랑네이처,[여드름 기능성] 블랑네이처 아크네 클렌징 폼 단품/기획,https://www.oliveyoung.co.kr/store/goods/getGoodsDetail.do?goodsNo=A000000186409,https://image.oliveyoung.co.kr/cfimages/cf-goods/uploads/images/thumbnails/400/10/0000/0018/A00000018640952ko.jpg?l=ko,23800,23800,0.0,30608,4.9,96,3,1,0,0,0,0,0,1,A000000186409,10000010010
2026-09-11,클렌징,6,제로이드,[9월 올영픽][누렁이 콜라보] 제로이드 포밍 클렌저 240ml 본품 + 240ml 리필 기획 (+랜덤 띠부씰 1종),https://www.oliveyoung.co.kr/store/goods/getGoodsDetail.do?goodsNo=A000000263072,https://image.oliveyoung.co.kr/cfimages/cf-goods/uploads/images/thumbnails/400/10/0000/0026/A00000026307225ko.png?l=ko,43000,34900,18.8,6991,4.9,89,8,2,0,0,1,1,0,1,A000000263072,10000010010
2026-09-11,클렌징,7,이즈앤트리,[NCT 재민PICK/단독기획] 이즈앤트리 참마 비건 밀크 클렌저 220ml 리필기획 (+리필100ml),https://www.oliveyoung.co.kr/store/goods/getGoodsDetail.do?goodsNo=A000000185308,https://image.oliveyoung.co.kr/cfimages/cf-goods/uploads/images/thumbnails/400/10/0000/0018/A00000018530848ko.png?l=ko,25000,18900,24.4,14279,4.8,86,10,3,0,1,1,0,0,1,A000000185308,10000010010
2026-09-11,클렌징,8,바닐라코,[1등 클렌징밤 /블랙헤드] 바닐라코 클린잇제로 클렌징밤 100ml 2종 (택1),https://www.oliveyoung.co.kr/store/goods/getGoodsDetail.do?goodsNo=A000000231950,https://image.oliveyoung.co.kr/cfimages/cf-goods/uploads/images/thumbnails/400/10/0000/0023/A00000023195068ko.jpg?l=ko,20000,15600,22.0,26097,4.9,91,7,2,0,0,0,1,0,1,A000000231950,10000010010
2026-09-11,클렌징,9,메이크프렘,[9월올영픽/산리오콜라보] 메이크프렘 세이프 미 클렌징밀크 200ml기획 (+리필 200ml+미니21ml+손목세안밴드),https://www.oliveyoung.co.kr/store/goods/getGoodsDetail.do?goodsNo=A000000262530,https://image.oliveyoung.co.kr/cfimages/cf-goods/uploads/images/thumbnails/400/10/0000/0026/A00000026253039ko.jpg?l=ko,34000,21500,36.8,44210,4.8,88,9,2,0,0,1,1,0,1,A000000262530,10000010010
2026-09-11,클렌징,10,일소,[1등피지클리너] 일소 슈퍼 멜팅 세범 소프트너 150g 기획 (+착붙솜40매+모공팩1매),https://www.oliveyoung.co.kr/store/goods/getGoodsDetail.do?goodsNo=A000000225736,https://image.oliveyoung.co.kr/cfimages/cf-goods/uploads/images/thumbnails/400/10/0000/0022/A00000022573650ko.jpg?l=ko,26000,18900,27.3,31534,4.8,84,11,4,1,1,1,0,0,1,A000000225736,10000010010
2026-09-11,클렌징,11,아렌시아,[9월올영픽 / 마이멜로디 한정기획] 아렌시아 프레시 그린 클렌저 120g(+로즈힙 30g +카드케이스),https://www.oliveyoung.co.kr/store/goods/getGoodsDetail.do?goodsNo=A000000262747,https://image.oliveyoung.co.kr/cfimages/cf-goods/uploads/images/thumbnails/400/10/0000/0026/A00000026274747ko.jpg?l=ko,23000,17900,22.2,846,4.8,88,9,2,1,1,1,1,0,1,A000000262747,10000010010
2026-09-11,클렌징,12,닥터지,[화잘먹/저자극] 닥터지 브라이트닝 필링젤 기획 (120+60+세럼2ml),https://www.oliveyoung.co.kr/store/goods/getGoodsDetail.do?goodsNo=A000000162279,https://image.oliveyoung.co.kr/cfimages/cf-goods/uploads/images/thumbnails/400/10/0000/0016/A00000016227944ko.jpg?l=ko,21000,17700,15.7,45857,4.8,83,13,3,0,0,1,0,0,1,A000000162279,10000010010
2026-09-11,클렌징,13,아렌시아,[9월올영픽 / 마이멜로디 한정기획] 아렌시아 그린티 LHA 딥 포어 떡솝 클렌저 150g(+클렌징밤 9g +헤어밴드),https://www.oliveyoung.co.kr/store/goods/getGoodsDetail.do?goodsNo=A000000262750,https://image.oliveyoung.co.kr/cfimages/cf-goods/uploads/images/thumbnails/400/10/0000/0026/A00000026275010ko.jpg?l=ko,28000,19900,28.9,222,4.8,88,7,5,0,,1,1,0,1,A000000262750,10000010010
2026-09-11,클렌징,14,비플레인,[블랙헤드&피지쏙]비플레인 녹두 클렌징오일 200ml 더블 기획,https://www.oliveyoung.co.kr/store/goods/getGoodsDetail.do?goodsNo=A000000260524,https://image.oliveyoung.co.kr/cfimages/cf-goods/uploads/images/thumbnails/400/10/0000/0026/A00000026052417ko.jpg?l=ko,29000,24900,14.1,7316,4.8,84,11,3,1,1,1,0,0,1,A000000260524,10000010010
2026-09-11,클렌징,15,한율,[산리오] 한율 팩폼 120mL 기획 2종 중 택 1 (+15mL+한교동 모공브러시&케이스),https://www.oliveyoung.co.kr/store/goods/getGoodsDetail.do?goodsNo=A000000262944,https://image.oliveyoung.co.kr/cfimages/cf-goods/uploads/images/thumbnails/400/10/0000/0026/A000000262944105ko.png?l=ko,28000,19550,30.2,698,4.8,89,9,2,1,,1,1,0,1,A000000262944,10000010010
2026-09-11,클렌징,16,라곰,[9월 올영픽] 라곰 셀럽 젤 투 워터 클렌저 170ml 2입 기획 (+ 포차코 러기지택),https://www.oliveyoung.co.kr/store/goods/getGoodsDetail.do?goodsNo=A000000263427,https://image.oliveyoung.co.kr/cfimages/cf-goods/uploads/images/thumbnails/400/10/0000/0026/A00000026342704ko.jpg?l=ko,29900,24500,18.1,10589,4.8,85,10,4,1,1,1,1,1,1,A000000263427,10000010010
2026-09-11,클렌징,17,에이프릴스킨,[피지순삭] 에이프릴스킨 당근클렌징밤 90ml 기획 (+미니밤 2개 증정),https://www.oliveyoung.co.kr/store/goods/getGoodsDetail.do?goodsNo=A000000202472,https://image.oliveyoung.co.kr/cfimages/cf-goods/uploads/images/thumbnails/400/10/0000/0020/A00000020247270ko.png?l=ko,21000,19900,5.2,12795,4.7,83,11,4,1,1,1,0,0,1,A000000202472,10000010010
2026-09-11,클렌징,18,센카,[한정기획] 센카 퍼펙트 휩 페이셜 워시 FA 120g 2입 기획 (+퍼펙트휩 15g),https://www.oliveyoung.co.kr/store/goods/getGoodsDetail.do?goodsNo=A000000253107,https://image.oliveyoung.co.kr/cfimages/cf-goods/uploads/images/thumbnails/400/10/0000/0025/A00000025310706ko.jpg?l=ko,17600,12300,30.1,4589,4.9,92,6,2,0,0,1,0,0,1,A000000253107,10000010010
2026-09-11,클렌징,19,휩드,[500만개판매/모공요철케어]  휩드 비건 팩클렌저 130g 기획 4종 (무화버터/머그트리/피치페어/유자몽),https://www.oliveyoung.co.kr/store/goods/getGoodsDetail.do?goodsNo=A000000217511,https://image.oliveyoung.co.kr/cfimages/cf-goods/uploads/images/thumbnails/400/10/0000/0021/A00000021751181ko.jpg?l=ko,29000,21900,24.5,16502,4.8,84,10,4,1,1,1,0,0,1,A000000217511,10000010010
2026-09-11,클렌징,20,메이크프렘,[박지훈PICK/리필기획] 메이크프렘 세이프 미 릴리프 모이스처 클렌징밀크 기획 (200ml+100ml 리필),https://www.oliveyoung.co.kr/store/goods/getGoodsDetail.do?goodsNo=A000000158513,https://image.oliveyoung.co.kr/cfimages/cf-goods/uploads/images/thumbnails/400/10/0000/0015/A00000015851331ko.jpg?l=ko,28000,21000,25.0,15593,4.8,88,9,2,0,0,1,0,0,1,A000000158513,10000010010
2026-09-11,클렌징,21,토리든,토리든 다이브인 저분자 히알루론산 클렌징폼 150ml 더블기획 (+스티커) (시나모롤),https://www.oliveyoung.co.kr/store/goods/getGoodsDetail.do?goodsNo=A000000262912,https://image.oliveyoung.co.kr/cfimages/cf-goods/uploads/images/thumbnails/400/10/0000/0026/A00000026291239ko.png?l=ko,26000,17300,33.5,8368,4.8,86,11,3,0,0,1,1,0,1,A000000262912,10000010010
2026-09-11,클렌징,22,바이오더마,바이오더마 센시비오 H2O 500ml,https://www.oliveyoung.co.kr/store/goods/getGoodsDetail.do?goodsNo=A000000247215,https://image.oliveyoung.co.kr/cfimages/cf-goods/uploads/images/thumbnails/400/10/0000/0024/A00000024721502ko.jpg?l=ko,27000,17960,33.5,2299,4.9,92,6,2,0,0,1,0,0,1,A000000247215,10000010010
2026-09-11,클렌징,23,비플레인,[우유멜팅] 비플레인 녹두 모공 클렌징 밀크밤 100ml 단품/기획 (+3ml*4개),https://www.oliveyoung.co.kr/store/goods/getGoodsDetail.do?goodsNo=A000000225801,https://image.oliveyoung.co.kr/cfimages/cf-goods/uploads/images/thumbnails/400/10/0000/0022/A00000022580109ko.png?l=ko,25000,18900,24.4,3716,4.8,89,8,2,1,0,1,0,0,1,A000000225801,10000010010
2026-09-11,클렌징,24,제로이드,제로이드 포밍 클렌저 240ml,https://www.oliveyoung.co.kr/store/goods/getGoodsDetail.do?goodsNo=A000000209910,https://image.oliveyoung.co.kr/cfimages/cf-goods/uploads/images/thumbnails/400/10/0000/0020/A00000020991006ko.jpg?l=ko,24000,21600,10.0,4226,4.8,88,9,2,0,1,1,0,0,1,A000000209910,10000010010
2026-09-11,클렌징,25,프리메라,[1+1] 프리메라 마일드 앤 퍼펙트 페이셜 필링 100ml+100ml 기획,https://www.oliveyoung.co.kr/store/goods/getGoodsDetail.do?goodsNo=A000000231310,https://image.oliveyoung.co.kr/cfimages/cf-goods/uploads/images/thumbnails/400/10/0000/0023/A00000023131025ko.png?l=ko,20000,15000,25.0,14182,4.8,84,11,3,1,1,1,0,0,1,A000000231310,10000010010
2026-09-11,클렌징,26,폰즈,[NEW/한정기획] 폰즈 립&아이리무버 300ml 기획 (+50ML 리무버 +화장솜 30매 증정),https://www.oliveyoung.co.kr/store/goods/getGoodsDetail.do?goodsNo=A000000248339,https://image.oliveyoung.co.kr/cfimages/cf-goods/uploads/images/thumbnails/400/10/0000/0024/A00000024833918ko.jpg?l=ko,24500,12500,49.0,5798,4.9,94,4,1,0,0,1,0,0,1,A000000248339,10000010010
2026-09-11,클렌징,27,마녀공장,[최미나수PICK/쫀쫀버블] 마녀공장 퓨어 소이빈 클렌징폼 120ml 2입 기획,https://www.oliveyoung.co.kr/store/goods/getGoodsDetail.do?goodsNo=A000000253619,https://image.oliveyoung.co.kr/cfimages/cf-goods/uploads/images/thumbnails/400/10/0000/0025/A00000025361938ko.jpg?l=ko,14000,11400,18.6,43152,4.8,88,9,2,0,0,1,0,0,1,A000000253619,10000010010
2026-09-11,클렌징,28,라운드랩,[대용량/약산성] 라운드랩 1025 독도 클렌저 250ml,https://www.oliveyoung.co.kr/store/goods/getGoodsDetail.do?goodsNo=A000000154644,https://image.oliveyoung.co.kr/cfimages/cf-goods/uploads/images/thumbnails/400/10/0000/0015/A00000015464408ko.jpg?l=ko,21000,15900,24.3,16026,4.8,83,12,4,0,0,1,0,0,1,A000000154644,10000010010
2026-09-11,클렌징,29,아누아,[박희선 Pick/피지쏙] 아누아 어성초 포어 컨트롤 클렌징오일 200ml 2입,https://www.oliveyoung.co.kr/store/goods/getGoodsDetail.do?goodsNo=A000000205555,https://image.oliveyoung.co.kr/cfimages/cf-goods/uploads/images/thumbnails/400/10/0000/0020/A00000020555537ko.png?l=ko,40000,25900,35.2,19326,4.8,83,12,4,1,1,1,0,0,1,A000000205555,10000010010
2026-09-11,클렌징,30,에스트라,에스트라 아토베리어365 포밍 클렌저 150ml+150ml 리필 기획,https://www.oliveyoung.co.kr/store/goods/getGoodsDetail.do?goodsNo=A000000245043,https://image.oliveyoung.co.kr/cfimages/cf-goods/uploads/images/thumbnails/400/10/0000/0024/A00000024504316ko.jpg?l=ko,32400,24960,23.0,1912,4.8,89,9,2,0,0,1,1,0,1,A000000245043,10000010010
2026-09-11,클렌징,31,에스네이처,[산리오 특가/리뷰이벤트] 에스네이처 아쿠아 라이스 클렌징밀크 280ml 리필기획 (+리필100ml+마이멜로디 집게핀),https://www.oliveyoung.co.kr/store/goods/getGoodsDetail.do?goodsNo=A000000263077,https://image.oliveyoung.co.kr/cfimages/cf-goods/uploads/images/thumbnails/400/10/0000/0026/A00000026307708ko.png?l=ko,31000,21300,31.3,954,4.8,84,10,4,1,1,1,1,0,1,A000000263077,10000010010
2026-09-11,클렌징,32,블랑네이처,블랑네이처 9배 어성초 버블클렌징 밀크 기획(150ml + 30ml)/단품,https://www.oliveyoung.co.kr/store/goods/getGoodsDetail.do?goodsNo=A000000253342,https://image.oliveyoung.co.kr/cfimages/cf-goods/uploads/images/thumbnails/400/10/0000/0025/A00000025334215ko.jpg?l=ko,28900,22800,21.1,18182,5.0,97,1,1,0,0,1,0,0,1,A000000253342,10000010010
2026-09-11,클렌징,33,에스네이처,[산리오 특가/리뷰이벤트/선크림순싹] 에스네이처 아쿠아 라이스 약산성 클렌징폼 160ml더블기획(+마이멜로디 스크런치),https://www.oliveyoung.co.kr/store/goods/getGoodsDetail.do?goodsNo=A000000263076,https://image.oliveyoung.co.kr/cfimages/cf-goods/uploads/images/thumbnails/400/10/0000/0026/A00000026307608ko.png?l=ko,29000,21500,25.9,9264,4.8,87,9,3,0,0,1,1,0,1,A000000263076,10000010010
2026-09-11,클렌징,34,닥터지,[블랙헤드/모공세정] 닥터지 그린딥 포어 클렌징밤 100ml 2종 (단품/2입 기획),https://www.oliveyoung.co.kr/store/goods/getGoodsDetail.do?goodsNo=A000000207640,https://image.oliveyoung.co.kr/cfimages/cf-goods/uploads/images/thumbnails/400/10/0000/0020/A00000020764035ko.jpg?l=ko,24000,15000,37.5,9292,4.8,85,11,3,0,1,1,0,0,1,A000000207640,10000010010
2026-09-11,클렌징,35,아누아,[9월 올영픽/산리오캐릭터즈 콜라보] 아누아 어성초 포어 컨트롤 클렌징오일 350ml 포차코 기획 (+리무버 패드),https://www.oliveyoung.co.kr/store/goods/getGoodsDetail.do?goodsNo=A000000262620,https://image.oliveyoung.co.kr/cfimages/cf-goods/uploads/images/thumbnails/400/10/0000/0026/A00000026262005ko.png?l=ko,29900,20000,33.1,5691,4.8,84,12,3,0,1,1,1,0,1,A000000262620,10000010010
2026-09-11,클렌징,36,주미소,[여드름기능성/대용량]주미소 포어 퓨리파잉 살리실산 포밍 클렌저 150g 더블기획,https://www.oliveyoung.co.kr/store/goods/getGoodsDetail.do?goodsNo=A000000217419,https://image.oliveyoung.co.kr/cfimages/cf-goods/uploads/images/thumbnails/400/10/0000/0021/A00000021741921ko.jpg?l=ko,28000,21000,25.0,2884,4.9,91,7,1,1,0,1,0,0,1,A000000217419,10000010010
2026-09-11,클렌징,37,넘버즈인,[대용량/올영단독] 넘버즈인 1번 말끔 순삭 클렌징 오일 400ml 대용량,https://www.oliveyoung.co.kr/store/goods/getGoodsDetail.do?goodsNo=A000000165797,https://image.oliveyoung.co.kr/cfimages/cf-goods/uploads/images/thumbnails/400/10/0000/0016/A00000016579723ko.jpg?l=ko,35000,23500,32.9,15335,4.8,84,12,3,1,1,1,0,0,1,A000000165797,10000010010
2026-09-11,클렌징,38,포들,[12ml증정/모공세정] 포들 2X 프레시밤 밤투폼 클렌징밤 130ml 기획,https://www.oliveyoung.co.kr/store/goods/getGoodsDetail.do?goodsNo=A000000230421,https://image.oliveyoung.co.kr/cfimages/cf-goods/uploads/images/thumbnails/400/10/0000/0023/A00000023042127ko.png?l=ko,27000,24500,9.3,18867,5.0,97,2,1,0,0,1,0,0,1,A000000230421,10000010010
2026-09-11,클렌징,39,라로슈포제,[9월 올영픽/대용량 추가증정] 라로슈포제 에빠끌라 딥 클렌징 포밍 크림 125ml 기획 (+에빠끌라 폼 50ml),https://www.oliveyoung.co.kr/store/goods/getGoodsDetail.do?goodsNo=A000000262985,https://image.oliveyoung.co.kr/cfimages/cf-goods/uploads/images/thumbnails/400/10/0000/0026/A00000026298504ko.jpg?l=ko,30000,24000,20.0,7845,4.8,89,9,2,0,0,1,0,1,1,A000000262985,10000010010
2026-09-11,클렌징,40,라곰,[수분민감] 라곰 셀럽 마이크로 폼 클렌저 120ml,https://www.oliveyoung.co.kr/store/goods/getGoodsDetail.do?goodsNo=A000000145581,https://image.oliveyoung.co.kr/cfimages/cf-goods/uploads/images/thumbnails/400/10/0000/0014/A00000014558136ko.jpg?l=ko,15000,13500,10.0,10940,4.8,86,10,3,1,1,1,0,1,1,A000000145581,10000010010
2026-09-11,클렌징,41,메디필,[모공쏙폼] 메디필 레드 락토 콜라겐 클리어 폼 2.0 대용량 300ml 증정기획 (+해면),https://www.oliveyoung.co.kr/store/goods/getGoodsDetail.do?goodsNo=A000000184643,https://image.oliveyoung.co.kr/cfimages/cf-goods/uploads/images/thumbnails/400/10/0000/0018/A00000018464337ko.jpg?l=ko,24000,13200,45.0,25113,4.8,84,11,4,1,1,1,0,0,1,A000000184643,10000010010
2026-09-11,클렌징,42,에스트라,에스트라 테라크네365 클리어 딥 클렌징 폼 200g,https://www.oliveyoung.co.kr/store/goods/getGoodsDetail.do?goodsNo=A000000152767,https://image.oliveyoung.co.kr/cfimages/cf-goods/uploads/images/thumbnails/400/10/0000/0015/A00000015276704ko.jpg?l=ko,23000,17900,22.2,5337,4.8,85,11,3,0,1,1,1,0,1,A000000152767,10000010010
2026-09-11,클렌징,43,설화수,설화수 순행 클렌징폼 (100ml/200ml/400ml),https://www.oliveyoung.co.kr/store/goods/getGoodsDetail.do?goodsNo=A000000204632,https://image.oliveyoung.co.kr/cfimages/cf-goods/uploads/images/thumbnails/400/10/0000/0020/A00000020463202ko.jpg?l=ko,28000,25200,10.0,298,4.9,89,9,2,0,,0,1,0,1,A000000204632,10000010010
2026-09-11,클렌징,44,라곰,[저자극/민감피부] 라곰 오트 미셀라 클렌징밀크 200ml 단품/기획 2종 택 1,https://www.oliveyoung.co.kr/store/goods/getGoodsDetail.do?goodsNo=A000000255163,https://image.oliveyoung.co.kr/cfimages/cf-goods/uploads/images/thumbnails/400/10/0000/0025/A00000025516316ko.jpg?l=ko,23000,18500,19.6,1352,4.9,92,6,2,0,0,1,1,1,1,A000000255163,10000010010
2026-09-11,클렌징,45,듀이트리,[이리유PICK/대용량] 듀이트리 하이아미노 올 클렌징 밀크 200ml 리필 기획 (+리필 200ml+20ml),https://www.oliveyoung.co.kr/store/goods/getGoodsDetail.do?goodsNo=A000000231175,https://image.oliveyoung.co.kr/cfimages/cf-goods/uploads/images/thumbnails/400/10/0000/0023/A00000023117535ko.jpg?l=ko,28500,19500,31.6,14688,4.8,85,11,3,1,1,1,1,0,1,A000000231175,10000010010
2026-09-11,클렌징,46,그레이멜린,그레이멜린 카놀라크레이지 클렌징오일 더블 기획,https://www.oliveyoung.co.kr/store/goods/getGoodsDetail.do?goodsNo=A000000137728,https://image.oliveyoung.co.kr/cfimages/cf-goods/uploads/images/thumbnails/400/10/0000/0013/A00000013772820ko.jpg?l=ko,18000,18000,0.0,4185,4.8,84,11,3,0,1,0,0,0,1,A000000137728,10000010010
2026-09-11,클렌징,47,이니스프리,[5000만개] 이니스프리 화산송이 바하 모공 클렌징폼 130g 더블 기획,https://www.oliveyoung.co.kr/store/goods/getGoodsDetail.do?goodsNo=A000000232913,https://image.oliveyoung.co.kr/cfimages/cf-goods/uploads/images/thumbnails/400/10/0000/0023/A00000023291372ko.jpg?l=ko,15000,15000,0.0,7835,4.8,89,8,2,0,0,0,0,0,1,A000000232913,10000010010
2026-09-11,클렌징,48,마녀공장,마녀공장 퓨어 소이빈 클렌징 오일 200ml,https://www.oliveyoung.co.kr/store/goods/getGoodsDetail.do?goodsNo=A000000107679,https://image.oliveyoung.co.kr/cfimages/cf-goods/uploads/images/thumbnails/400/10/0000/0010/A00000010767956ko.jpg?l=ko,19900,15500,22.1,11622,4.7,75,19,5,1,1,1,0,0,1,A000000107679,10000010010
2026-09-11,클렌징,49,바닐라코,[모공세정] 바닐라코 클린잇제로 포어클래리파잉 클렌징밤 25ml,https://www.oliveyoung.co.kr/store/goods/getGoodsDetail.do?goodsNo=A000000203728,https://image.oliveyoung.co.kr/cfimages/cf-goods/uploads/images/thumbnails/400/10/0000/0020/A00000020372802ko.jpg?l=ko,6000,4500,25.0,3785,4.8,86,10,3,1,1,1,0,0,1,A000000203728,10000010010
2026-09-11,클렌징,50,티스,[대용량/노란티스] 티스 딥오프 오일 320mL 더블기획,https://www.oliveyoung.co.kr/store/goods/getGoodsDetail.do?goodsNo=A000000184371,https://image.oliveyoung.co.kr/cfimages/cf-goods/uploads/images/thumbnails/400/10/0000/0018/A00000018437113ko.jpg?l=ko,38000,20900,45.0,4218,4.8,88,9,2,0,0,1,0,0,1,A000000184371,10000010010
2026-09-11,클렌징,51,제로이드,제로이드 더마뉴얼 클렌징젤 200ml,https://www.oliveyoung.co.kr/store/goods/getGoodsDetail.do?goodsNo=A000000209905,https://image.oliveyoung.co.kr/cfimages/cf-goods/uploads/images/thumbnails/400/10/0000/0020/A00000020990513ko.jpg?l=ko,22000,19800,10.0,1342,4.8,87,8,3,1,1,1,0,0,1,A000000209905,10000010010
2026-09-11,클렌징,52,비플레인,[1+1기획/두유필링]비플레인 녹두 밀크 필링젤 120ml 1+1 기획,https://www.oliveyoung.co.kr/store/goods/getGoodsDetail.do?goodsNo=A000000260526,https://image.oliveyoung.co.kr/cfimages/cf-goods/uploads/images/thumbnails/400/10/0000/0026/A00000026052618ko.jpg?l=ko,22000,19800,10.0,3849,4.8,84,10,4,1,1,1,0,0,1,A000000260526,10000010010
2026-09-11,클렌징,53,에스트라,에스트라 아토베리어365 클렌징밀크 200ml 기획(+클렌징폼 30g),https://www.oliveyoung.co.kr/store/goods/getGoodsDetail.do?goodsNo=A000000264461,https://image.oliveyoung.co.kr/cfimages/cf-goods/uploads/images/thumbnails/400/10/0000/0026/A00000026446105ko.jpg?l=ko,29000,23100,20.3,672,4.8,86,9,4,1,0,1,1,0,1,A000000264461,10000010010
2026-09-11,클렌징,54,토리든,[약산성/증량기획] 토리든 다이브인 저분자 히알루론산 클렌징폼 150ml 기획 (+30ml 증정),https://www.oliveyoung.co.kr/store/goods/getGoodsDetail.do?goodsNo=A000000175915,https://image.oliveyoung.co.kr/cfimages/cf-goods/uploads/images/thumbnails/400/10/0000/0017/A00000017591523ko.jpg?l=ko,15000,10500,30.0,8420,4.8,85,11,3,0,0,1,0,0,1,A000000175915,10000010010
2026-09-11,클렌징,55,프리메라,[1+1] 프리메라 마일드 앤 퍼펙트 클렌징 오일 투 폼 200ml 리필기획/단품,https://www.oliveyoung.co.kr/store/goods/getGoodsDetail.do?goodsNo=A000000231315,https://image.oliveyoung.co.kr/cfimages/cf-goods/uploads/images/thumbnails/400/10/0000/0023/A00000023131527ko.png?l=ko,26000,26000,0.0,6026,4.7,83,11,4,1,1,0,0,0,1,A000000231315,10000010010
2026-09-11,클렌징,56,브링그린,[고밀도효소거품] 브링그린 티트리 시카 딥클렌징폼 기획 (더블/대용량),https://www.oliveyoung.co.kr/store/goods/getGoodsDetail.do?goodsNo=A000000248626,https://image.oliveyoung.co.kr/cfimages/cf-goods/uploads/images/thumbnails/400/10/0000/0024/A00000024862602ko.jpg?l=ko,14900,10500,29.5,5841,4.8,85,11,3,1,1,1,0,0,1,A000000248626,10000010010
2026-09-11,클렌징,57,풀리,[단독기획] 풀리 비건 팩클렌저 기획 3종 택1 (그린/레드/쌀반죽),https://www.oliveyoung.co.kr/store/goods/getGoodsDetail.do?goodsNo=A000000212703,https://image.oliveyoung.co.kr/cfimages/cf-goods/uploads/images/thumbnails/400/10/0000/0021/A00000021270340ko.jpg?l=ko,24000,24000,0.0,15377,4.8,85,10,4,1,1,0,0,0,1,A000000212703,10000010010
2026-09-11,클렌징,58,라운드랩,[대용량/약산성] 라운드랩 1025 독도 클렌징 워터 1+1 기획 (400ml+400ml),https://www.oliveyoung.co.kr/store/goods/getGoodsDetail.do?goodsNo=A000000149140,https://image.oliveyoung.co.kr/cfimages/cf-goods/uploads/images/thumbnails/400/10/0000/0014/A00000014914027ko.jpg?l=ko,18000,17500,2.8,10167,4.8,87,10,2,0,0,1,0,0,1,A000000149140,10000010010
2026-09-11,클렌징,59,마녀공장,[최미나수PICK/쫀쫀버블] 마녀공장 퓨어 소이빈 클렌징폼 160mlx2 더블기획,https://www.oliveyoung.co.kr/store/goods/getGoodsDetail.do?goodsNo=A000000207982,https://image.oliveyoung.co.kr/cfimages/cf-goods/uploads/images/thumbnails/400/10/0000/0020/A00000020798261ko.jpg?l=ko,17500,17500,0.0,56435,4.8,88,9,2,0,0,0,0,0,1,A000000207982,10000010010
2026-09-11,클렌징,60,라로슈포제,[저자극촉촉폼] 라로슈포제 똘러리앙 포밍 클렌저 125ml 기획 (+클렌징밀크 50ml),https://www.oliveyoung.co.kr/store/goods/getGoodsDetail.do?goodsNo=A000000254204,https://image.oliveyoung.co.kr/cfimages/cf-goods/uploads/images/thumbnails/400/10/0000/0025/A00000025420402ko.jpg?l=ko,31000,22500,27.4,6218,4.8,87,10,2,1,0,1,1,1,1,A000000254204,10000010010
2026-09-11,클렌징,61,토르홉,[단독기획/피지/요철] 토르홉 카모스 블랙 소금거품 클렌저 130g(+5g 미니 증정),https://www.oliveyoung.co.kr/store/goods/getGoodsDetail.do?goodsNo=A000000211480,https://image.oliveyoung.co.kr/cfimages/cf-goods/uploads/images/thumbnails/400/10/0000/0021/A00000021148043ko.jpg?l=ko,18600,15800,15.1,5593,4.8,86,9,3,1,1,1,0,0,1,A000000211480,10000010010
2026-09-11,클렌징,62,스트라이덱스,스트라이덱스 약알칼리성 저자극 클렌징폼 150mlx2,https://www.oliveyoung.co.kr/store/goods/getGoodsDetail.do?goodsNo=A000000174687,https://image.oliveyoung.co.kr/cfimages/cf-goods/uploads/images/thumbnails/400/10/0000/0017/A00000017468703ko.jpg?l=ko,17000,13600,20.0,13096,4.8,86,11,3,0,0,1,0,0,1,A000000174687,10000010010
2026-09-11,클렌징,63,메이크프렘,[9월올영픽/산리오콜라보] 메이크프렘 세이프 미 릴리프 모이스처 클렌징폼 150ml 1+1기획(+밀크 21ml+파우치),https://www.oliveyoung.co.kr/store/goods/getGoodsDetail.do?goodsNo=A000000262531,https://image.oliveyoung.co.kr/cfimages/cf-goods/uploads/images/thumbnails/400/10/0000/0026/A00000026253147ko.jpg?l=ko,18000,14500,19.4,33597,4.8,83,13,3,0,0,1,1,0,1,A000000262531,10000010010
2026-09-11,클렌징,64,포인트앤,[올영단독100매] 포인트앤 딥 클린 올킬 클렌징티슈 100매,https://www.oliveyoung.co.kr/store/goods/getGoodsDetail.do?goodsNo=A000000213922,https://image.oliveyoung.co.kr/cfimages/cf-goods/uploads/images/thumbnails/400/10/0000/0021/A00000021392211ko.jpg?l=ko,11900,5900,50.4,8511,4.8,83,12,4,1,1,1,0,0,1,A000000213922,10000010010
2026-09-11,클렌징,65,아누아,[박희선Pick] 아누아 어성초 피지쏙 모공 폼 150ml 2입 기획,https://www.oliveyoung.co.kr/store/goods/getGoodsDetail.do?goodsNo=A000000222790,https://image.oliveyoung.co.kr/cfimages/cf-goods/uploads/images/thumbnails/400/10/0000/0022/A00000022279013ko.png?l=ko,28000,23900,14.6,4141,4.8,86,10,3,0,0,1,0,0,1,A000000222790,10000010010
2026-09-11,클렌징,66,한율,[쫀득팩폼] 한율 피지흡착 쑥떡팩폼 120ml 기획세트,https://www.oliveyoung.co.kr/store/goods/getGoodsDetail.do?goodsNo=A000000204014,https://image.oliveyoung.co.kr/cfimages/cf-goods/uploads/images/thumbnails/400/10/0000/0020/A00000020401497ko.jpg?l=ko,28000,19550,30.2,18407,4.7,82,12,4,1,1,1,1,0,1,A000000204014,10000010010
2026-09-11,클렌징,67,아벤느,[피지말끔/약산성] 아벤느 클리낭스 클렌징 젤 400ml,https://www.oliveyoung.co.kr/store/goods/getGoodsDetail.do?goodsNo=A000000148112,https://image.oliveyoung.co.kr/cfimages/cf-goods/uploads/images/thumbnails/400/10/0000/0014/A00000014811249ko.jpg?l=ko,30000,20900,30.3,7851,4.8,83,12,3,1,1,1,0,0,1,A000000148112,10000010010
2026-09-11,클렌징,68,파파레서피,"파파레서피 효소 파우더 클렌저 50g (블레미쉬(광채), 가지(보습), 티트리(진정)",https://www.oliveyoung.co.kr/store/goods/getGoodsDetail.do?goodsNo=A000000185512,https://image.oliveyoung.co.kr/cfimages/cf-goods/uploads/images/thumbnails/400/10/0000/0018/A00000018551256ko.jpg?l=ko,18000,18000,0.0,15234,4.8,84,12,3,1,1,0,0,0,1,A000000185512,10000010010
2026-09-11,클렌징,69,제로이드,[트러블 피부 추천/여드름균 항균 클렌징] 제로이드 핌프로브 젤 클렌저 180ml,https://www.oliveyoung.co.kr/store/goods/getGoodsDetail.do?goodsNo=A000000249583,https://image.oliveyoung.co.kr/cfimages/cf-goods/uploads/images/thumbnails/400/10/0000/0024/A00000024958310ko.jpg?l=ko,32000,32000,0.0,605,4.8,89,8,2,0,1,0,0,0,1,A000000249583,10000010010
2026-09-11,클렌징,70,메디힐,[장도연 PICK/미니어처 증정] 메디힐 더마 크림 팩클렌저 120ml 단품/기획 2종 (+20ml 추가증정),https://www.oliveyoung.co.kr/store/goods/getGoodsDetail.do?goodsNo=A000000237394,https://image.oliveyoung.co.kr/cfimages/cf-goods/uploads/images/thumbnails/400/10/0000/0023/A00000023739467ko.png?l=ko,21000,21000,0.0,10629,4.9,92,6,1,0,0,0,0,0,1,A000000237394,10000010010
2026-09-11,클렌징,71,에스트라,에스트라 아토베리어365 클렌징폼 200ml,https://www.oliveyoung.co.kr/store/goods/getGoodsDetail.do?goodsNo=A000000245046,https://image.oliveyoung.co.kr/cfimages/cf-goods/uploads/images/thumbnails/400/10/0000/0024/A00000024504608ko.jpg?l=ko,22000,17500,20.5,638,4.8,87,9,3,0,1,1,1,0,1,A000000245046,10000010010
2026-09-11,클렌징,72,닥터엘시아,[깎아밤] 닥터엘시아 퓨어 그라인딩 클렌징밤 50ml,https://www.oliveyoung.co.kr/store/goods/getGoodsDetail.do?goodsNo=A000000215420,https://image.oliveyoung.co.kr/cfimages/cf-goods/uploads/images/thumbnails/400/10/0000/0021/A00000021542032ko.jpg?l=ko,25000,16700,33.2,888,4.7,82,11,6,1,1,1,1,0,1,A000000215420,10000010010
2026-09-11,클렌징,73,아누아,[말끔모공/피지순삭] 아누아 어성초 클렌징 듀오 기획 (오일 200ml+폼 150ml),https://www.oliveyoung.co.kr/store/goods/getGoodsDetail.do?goodsNo=A000000225774,https://image.oliveyoung.co.kr/cfimages/cf-goods/uploads/images/thumbnails/400/10/0000/0022/A00000022577426ko.png?l=ko,34000,25500,25.0,8755,4.7,81,13,5,1,1,1,0,0,1,A000000225774,10000010010
2026-09-11,클렌징,74,폰즈,폰즈 클리어 훼이스 스파 립&아이 리무버 120ml,https://www.oliveyoung.co.kr/store/goods/getGoodsDetail.do?goodsNo=A000000006346,https://image.oliveyoung.co.kr/cfimages/cf-goods/uploads/images/thumbnails/400/10/0000/0000/A00000000634610ko.jpg?l=ko,10900,5900,45.9,98003,4.9,90,8,1,0,0,1,0,0,1,A000000006346,10000010010
2026-09-11,클렌징,75,에스네이처,[1+1/피지&모공딥클렌징] 에스네이처 아쿠아 라이스 클렌징오일 200ml 리필기획 (+리필 200ml),https://www.oliveyoung.co.kr/store/goods/getGoodsDetail.do?goodsNo=A000000241733,https://image.oliveyoung.co.kr/cfimages/cf-goods/uploads/images/thumbnails/400/10/0000/0024/A00000024173318ko.png?l=ko,32000,24900,22.2,2859,4.8,84,10,4,1,1,1,0,0,1,A000000241733,10000010010
2026-09-11,클렌징,76,한스킨,[미나미PICK] 한스킨 클렌징오일&블랙헤드 3종 200ml 더블기획 (+30ml) (민감성/지성/건성),https://www.oliveyoung.co.kr/store/goods/getGoodsDetail.do?goodsNo=A000000228836,https://image.oliveyoung.co.kr/cfimages/cf-goods/uploads/images/thumbnails/400/10/0000/0022/A00000022883644ko.png?l=ko,40000,24100,39.8,19345,4.9,94,4,1,0,0,1,0,0,1,A000000228836,10000010010
2026-09-11,클렌징,77,키스미,[꼼꼼/필수템] 키스미 히로인메이크 스피디 마스카라 전용 리무버 단품,https://www.oliveyoung.co.kr/store/goods/getGoodsDetail.do?goodsNo=A000000102752,https://image.oliveyoung.co.kr/cfimages/cf-goods/uploads/images/thumbnails/400/10/0000/0010/A00000010275207ko.jpg?l=ko,13000,13000,0.0,18716,4.9,92,6,1,0,0,0,0,0,1,A000000102752,10000010010
2026-09-11,클렌징,78,설화수,설화수 순행클렌징오일 (200ml/400ml),https://www.oliveyoung.co.kr/store/goods/getGoodsDetail.do?goodsNo=A000000204721,https://image.oliveyoung.co.kr/cfimages/cf-goods/uploads/images/thumbnails/400/10/0000/0020/A00000020472102ko.jpg?l=ko,47000,42300,10.0,180,4.9,87,11,2,,,0,1,0,1,A000000204721,10000010010
2026-09-11,클렌징,79,메이크프렘,[대용량] 메이크프렘 세이프 미 릴리프 모이스처 클렌징 밀크 500ml,https://www.oliveyoung.co.kr/store/goods/getGoodsDetail.do?goodsNo=A000000160902,https://image.oliveyoung.co.kr/cfimages/cf-goods/uploads/images/thumbnails/400/10/0000/0016/A00000016090211ko.jpg?l=ko,42000,31500,25.0,1699,4.9,93,5,1,0,0,1,0,0,1,A000000160902,10000010010
2026-09-11,클렌징,80,에스트라,에스트라 아토베리어365 포밍 클렌저 150ml,https://www.oliveyoung.co.kr/store/goods/getGoodsDetail.do?goodsNo=A000000245096,https://image.oliveyoung.co.kr/cfimages/cf-goods/uploads/images/thumbnails/400/10/0000/0024/A00000024509611ko.jpg?l=ko,20000,16100,19.5,3081,4.8,88,9,2,0,0,1,1,0,1,A000000245096,10000010010
2026-09-11,클렌징,81,바이오더마,바이오더마 센시비오 H2O 100ml(클렌징워터),https://www.oliveyoung.co.kr/store/goods/getGoodsDetail.do?goodsNo=A000000002652,https://image.oliveyoung.co.kr/cfimages/cf-goods/uploads/images/thumbnails/400/10/0000/0000/A00000000265218ko.jpg?l=ko,10000,8000,20.0,85707,4.9,90,8,1,0,0,1,0,0,1,A000000002652,10000010010
2026-09-11,클렌징,82,비티티알,[매끈말끔] bttr 하이드라 베리어 클렌징 밀크 투 폼 150g,https://www.oliveyoung.co.kr/store/goods/getGoodsDetail.do?goodsNo=A000000262752,https://image.oliveyoung.co.kr/cfimages/cf-goods/uploads/images/thumbnails/400/10/0000/0026/A00000026275202ko.png?l=ko,29000,24300,16.2,1131,4.9,95,4,0,0,0,1,0,0,1,A000000262752,10000010010
2026-09-11,클렌징,83,메디필,[트러블케어] 메디필 그린 시카 콜라겐 클리어 젤 클렌저 2.0 대용량 300ml 증정기획 (+버블망),https://www.oliveyoung.co.kr/store/goods/getGoodsDetail.do?goodsNo=A000000184658,https://image.oliveyoung.co.kr/cfimages/cf-goods/uploads/images/thumbnails/400/10/0000/0018/A00000018465824ko.jpg?l=ko,24000,14800,38.3,8789,4.8,87,9,3,1,1,1,0,0,1,A000000184658,10000010010
2026-09-11,클렌징,84,주미소,[장벽케어/대용량] 주미소 디 판테놀 베리어 수딩 클렌징밀크 300ml 리필기획 (+리필 100ml +클렌징폼 20g),https://www.oliveyoung.co.kr/store/goods/getGoodsDetail.do?goodsNo=A000000260005,https://image.oliveyoung.co.kr/cfimages/cf-goods/uploads/images/thumbnails/400/10/0000/0026/A00000026000511ko.jpg?l=ko,28000,21000,25.0,591,4.8,84,11,4,1,1,1,0,0,1,A000000260005,10000010010
2026-09-11,클렌징,85,아비브,[약산성저자극] 아비브 아크네 폼 클렌저 어성초 폼 150ml,https://www.oliveyoung.co.kr/store/goods/getGoodsDetail.do?goodsNo=A000000185793,https://image.oliveyoung.co.kr/cfimages/cf-goods/uploads/images/thumbnails/400/10/0000/0018/A00000018579309ko.png?l=ko,16000,11200,30.0,5413,4.7,82,13,4,0,1,1,0,0,1,A000000185793,10000010010
2026-09-11,클렌징,86,키스미,[꼼꼼/1+1] 키스미 히로인메이크 스피디 마스카라 리무버 1+1 한정기획,https://www.oliveyoung.co.kr/store/goods/getGoodsDetail.do?goodsNo=A000000190422,https://image.oliveyoung.co.kr/cfimages/cf-goods/uploads/images/thumbnails/400/10/0000/0019/A00000019042209ko.jpg?l=ko,26000,23400,10.0,28225,4.9,92,6,1,0,0,1,0,0,1,A000000190422,10000010010
2026-09-11,클렌징,87,일소,[화잘먹/1분퀵필링] 일소 노 트러블럼 필링 스왑 8매 단품 / 10매 기획,https://www.oliveyoung.co.kr/store/goods/getGoodsDetail.do?goodsNo=A000000237473,https://image.oliveyoung.co.kr/cfimages/cf-goods/uploads/images/thumbnails/400/10/0000/0023/A00000023747328ko.jpg?l=ko,15000,11400,24.0,1466,4.6,78,13,7,1,2,1,1,0,1,A000000237473,10000010010
2026-09-11,클렌징,88,닥터지,[100ml증정/저자극] 닥터지 약산성 클렌징 젤 폼 200ml+100ml 증정기획,https://www.oliveyoung.co.kr/store/goods/getGoodsDetail.do?goodsNo=A000000148023,https://image.oliveyoung.co.kr/cfimages/cf-goods/uploads/images/thumbnails/400/10/0000/0014/A00000014802327ko.jpg?l=ko,25000,17500,30.0,12749,4.8,83,13,3,0,1,1,0,0,1,A000000148023,10000010010
2026-09-11,클렌징,89,아리얼,[순삭리무버패드] 아리얼 스트레스 릴리빙 립앤아이 리무버 패드 30매,https://www.oliveyoung.co.kr/store/goods/getGoodsDetail.do?goodsNo=A000000124361,https://image.oliveyoung.co.kr/cfimages/cf-goods/uploads/images/thumbnails/400/10/0000/0012/A00000012436118ko.jpg?l=ko,3900,3000,23.1,64835,4.9,91,7,2,0,0,1,0,0,1,A000000124361,10000010010
2026-09-11,클렌징,90,비플레인,[말끔모공/국민클폼]비플레인 녹두 약산성 클렌징폼기획 160ml+40ml 기획,https://www.oliveyoung.co.kr/store/goods/getGoodsDetail.do?goodsNo=A000000187479,https://image.oliveyoung.co.kr/cfimages/cf-goods/uploads/images/thumbnails/400/10/0000/0018/A00000018747916ko.jpg?l=ko,21900,21900,0.0,18279,4.9,89,9,2,0,0,0,0,0,1,A000000187479,10000010010
2026-09-11,클렌징,91,에스네이처,[1+1/선크림순싹 쌀뜨물폼] 에스네이처 아쿠아 라이스 약산성 클렌징폼 160ml 더블기획,https://www.oliveyoung.co.kr/store/goods/getGoodsDetail.do?goodsNo=A000000248100,https://image.oliveyoung.co.kr/cfimages/cf-goods/uploads/images/thumbnails/400/10/0000/0024/A00000024810015ko.jpg?l=ko,29000,21500,25.9,9161,4.8,87,9,3,0,0,1,1,0,1,A000000248100,10000010010
2026-09-11,클렌징,92,아렌시아,[모공 속 피지 강력흡착]아렌시아 찹쌀떡솝 클렌저 150g 3종 (그린티/라이스/라벤더),https://www.oliveyoung.co.kr/store/goods/getGoodsDetail.do?goodsNo=A000000251339,https://image.oliveyoung.co.kr/cfimages/cf-goods/uploads/images/thumbnails/400/10/0000/0025/A00000025133903ko.jpg?l=ko,28000,19900,28.9,1994,4.7,81,13,4,1,1,1,1,0,1,A000000251339,10000010010
2026-09-11,클렌징,93,스킨시그널,[머랭솝/팩브러쉬증정] 스킨시그널 클레이 효소클렌저 70g 팩브러쉬 증정기획 (핑크/그린),https://www.oliveyoung.co.kr/store/goods/getGoodsDetail.do?goodsNo=A000000219984,https://image.oliveyoung.co.kr/cfimages/cf-goods/uploads/images/thumbnails/400/10/0000/0021/A00000021998419ko.jpg?l=ko,25000,20000,20.0,6504,4.8,86,9,4,1,1,1,0,0,1,A000000219984,10000010010
2026-09-11,클렌징,94,비페스타,[1+1] 비페스타 클렌징오일 딥클리어 230ml (모공청소),https://www.oliveyoung.co.kr/store/goods/getGoodsDetail.do?goodsNo=A000000121955,https://image.oliveyoung.co.kr/cfimages/cf-goods/uploads/images/thumbnails/400/10/0000/0012/A00000012195537ko.jpg?l=ko,18000,17800,1.1,4966,4.8,83,13,4,1,0,0,1,0,1,A000000121955,10000010010
2026-09-11,클렌징,95,라씨엘르,[초마드PICK]라씨엘르 엔자임 곡물 클렌징 파우더워시 60g 기획 (+미니어처 10g),https://www.oliveyoung.co.kr/store/goods/getGoodsDetail.do?goodsNo=A000000184949,https://image.oliveyoung.co.kr/cfimages/cf-goods/uploads/images/thumbnails/400/10/0000/0018/A00000018494915ko.jpeg?l=ko,24000,24000,0.0,7656,4.8,84,12,3,0,0,0,0,0,1,A000000184949,10000010010
2026-09-11,클렌징,96,에스트라,에스트라 아토베리어365 클렌징밀크 200ml,https://www.oliveyoung.co.kr/store/goods/getGoodsDetail.do?goodsNo=A000000245045,https://image.oliveyoung.co.kr/cfimages/cf-goods/uploads/images/thumbnails/400/10/0000/0024/A00000024504509ko.jpg?l=ko,29000,23100,20.3,654,4.8,86,9,4,1,0,1,1,0,1,A000000245045,10000010010
2026-09-11,클렌징,97,넘버즈인,[세럼클렌저] 넘버즈인 3번 보들보들 모공결 클렌징 오일 200ml,https://www.oliveyoung.co.kr/store/goods/getGoodsDetail.do?goodsNo=A000000250980,https://image.oliveyoung.co.kr/cfimages/cf-goods/uploads/images/thumbnails/400/10/0000/0025/A00000025098036ko.jpg?l=ko,28000,18900,32.5,1977,4.9,90,7,2,0,0,1,0,0,1,A000000250980,10000010010
2026-09-11,클렌징,98,바닐라코,[여드름 기능성/뽀득클렌징] 바닐라코 클린잇제로 포어 클래리파잉 폼 클렌저 150ml 더블기획,https://www.oliveyoung.co.kr/store/goods/getGoodsDetail.do?goodsNo=A000000167832,https://image.oliveyoung.co.kr/cfimages/cf-goods/uploads/images/thumbnails/400/10/0000/0016/A00000016783229ko.jpg?l=ko,16000,12480,22.0,5587,4.8,87,10,2,0,0,1,0,0,1,A000000167832,10000010010
2026-09-11,클렌징,99,뉴트로지나,[여드름기능성] 뉴트로지나 아크네 포밍 클렌저 150g 더블기획,https://www.oliveyoung.co.kr/store/goods/getGoodsDetail.do?goodsNo=A000000244763,https://image.oliveyoung.co.kr/cfimages/cf-goods/uploads/images/thumbnails/400/10/0000/0024/A00000024476340ko.jpg?l=ko,18900,15900,15.9,1945,4.8,88,9,2,1,1,1,0,0,1,A000000244763,10000010010
2026-09-11,클렌징,100,아리얼,[1등 클렌징 티슈] 아리얼 더 퍼펙트 클렌징 티슈 플러스 더블기획 (100매x2개입),https://www.oliveyoung.co.kr/store/goods/getGoodsDetail.do?goodsNo=A000000149066,https://image.oliveyoung.co.kr/cfimages/cf-goods/uploads/images/thumbnails/400/10/0000/0014/A00000014906619ko.jpg?l=ko,19800,12200,38.4,5719,4.9,89,9,2,0,0,1,0,0,1,A000000149066,10000010010
2026-09-11,선케어,1,메디힐,[미니어처 단독기획/양현종 PICK] 메디힐 마데카소사이드 수분 선세럼 흔적 리페어 50+50+15g 기획,https://www.oliveyoung.co.kr/store/goods/getGoodsDetail.do?goodsNo=A000000232672,https://image.oliveyoung.co.kr/cfimages/cf-goods/uploads/images/thumbnails/400/10/0000/0023/A00000023267266ko.jpg?l=ko,34900,22900,34.4,17719,4.9,91,7,1,0,0,1,0,0,1,A000000232672,10000010011
2026-09-11,선케어,2,라운드랩,[1+1/1등썬] 라운드랩 자작나무 수분 선크림 50ml 1+1 기획 (+수분 선세럼 8ml),https://www.oliveyoung.co.kr/store/goods/getGoodsDetail.do?goodsNo=A000000263510,https://image.oliveyoung.co.kr/cfimages/cf-goods/uploads/images/thumbnails/400/10/0000/0026/A00000026351006ko.png?l=ko,25000,24500,2.0,52928,4.8,88,9,2,0,0,1,0,0,1,A000000263510,10000010011
2026-09-11,선케어,3,에스트라,[50%용량증정] 에스트라 더마UV365 장벽수분 무기자차 선크림 40ml+20ml,https://www.oliveyoung.co.kr/store/goods/getGoodsDetail.do?goodsNo=A000000206826,https://image.oliveyoung.co.kr/cfimages/cf-goods/uploads/images/thumbnails/400/10/0000/0020/A00000020682632ko.jpg?l=ko,31000,21300,31.3,10335,4.8,85,11,3,1,1,1,1,0,1,A000000206826,10000010011
2026-09-11,선케어,4,달바,[쿨톤보정] 달바 퍼플 톤업 선크림 듀오 기획 (50ml+50ml),https://www.oliveyoung.co.kr/store/goods/getGoodsDetail.do?goodsNo=A000000200614,https://image.oliveyoung.co.kr/cfimages/cf-goods/uploads/images/thumbnails/400/10/0000/0020/A00000020061493ko.png?l=ko,51000,35700,30.0,11466,4.8,89,7,2,1,1,1,0,0,1,A000000200614,10000010011
2026-09-11,선케어,5,라로슈포제,[파데프리] 라로슈포제 유비데아 안뗄리오스 톤업 로지 글로우 30ml 기획 (+멜라B3세럼 3ml*2ea),https://www.oliveyoung.co.kr/store/goods/getGoodsDetail.do?goodsNo=A000000252919,https://image.oliveyoung.co.kr/cfimages/cf-goods/uploads/images/thumbnails/400/10/0000/0025/A00000025291902ko.jpg?l=ko,38000,27500,27.6,1431,4.7,80,15,4,1,1,1,1,1,1,A000000252919,10000010011
2026-09-11,선케어,6,구달,[산리오 콜라보] 구달 맑은 어성초 진정 수분 선크림 50+50ml 기획 (+시나모롤 카드스티커),https://www.oliveyoung.co.kr/store/goods/getGoodsDetail.do?goodsNo=A000000263555,https://image.oliveyoung.co.kr/cfimages/cf-goods/uploads/images/thumbnails/400/10/0000/0026/A00000026355509ko.jpg?l=ko,22000,17900,18.6,33510,4.9,91,7,2,0,0,1,1,0,1,A000000263555,10000010011
2026-09-11,선케어,7,텐제로,텐제로 알로에 유브이 톤업 바디 선크림 150g,https://www.oliveyoung.co.kr/store/goods/getGoodsDetail.do?goodsNo=A000000233802,https://image.oliveyoung.co.kr/cfimages/cf-goods/uploads/images/thumbnails/400/10/0000/0023/A00000023380207ko.jpg?l=ko,30000,30000,0.0,4137,4.9,96,3,1,0,0,0,0,0,1,A000000233802,10000010011
2026-09-11,선케어,8,밈즈,[화잘먹수분]밈즈 마일드 워터리 썬스크린 50ML 1+1기획,https://www.oliveyoung.co.kr/store/goods/getGoodsDetail.do?goodsNo=A000000240055,https://image.oliveyoung.co.kr/cfimages/cf-goods/uploads/images/thumbnails/400/10/0000/0024/A00000024005516ko.jpg?l=ko,22000,22000,0.0,5274,5.0,99,1,0,0,0,0,0,0,1,A000000240055,10000010011
2026-09-11,선케어,9,체이싱래빗,[9월 올영픽/산리오캐릭터즈/김용명PICK]체이싱래빗 올어바웃 커버크림 한정기획(글로우/퍼플),https://www.oliveyoung.co.kr/store/goods/getGoodsDetail.do?goodsNo=A000000262835,https://image.oliveyoung.co.kr/cfimages/cf-goods/uploads/images/thumbnails/400/10/0000/0026/A00000026283510ko.jpg?l=ko,20000,12800,36.0,16174,4.6,78,13,6,2,2,1,1,0,1,A000000262835,10000010011
2026-09-11,선케어,10,달바,[용량UP/총130ml] 달바 핑크 톤업 선크림 65ml + 65ml 대용량 기획세트,https://www.oliveyoung.co.kr/store/goods/getGoodsDetail.do?goodsNo=A000000255386,https://image.oliveyoung.co.kr/cfimages/cf-goods/uploads/images/thumbnails/400/10/0000/0025/A00000025538631ko.png?l=ko,65000,39500,39.2,6107,4.9,91,7,2,0,0,1,1,0,1,A000000255386,10000010011
2026-09-11,선케어,11,넘버즈인,[파데프리] 넘버즈인 3번 도자기결 톤업베이지 선크림 50ml 더블기획 2종 (블러/글로우),https://www.oliveyoung.co.kr/store/goods/getGoodsDetail.do?goodsNo=A000000257097,https://image.oliveyoung.co.kr/cfimages/cf-goods/uploads/images/thumbnails/400/10/0000/0025/A00000025709735ko.jpg?l=ko,39000,27900,28.5,1771,4.7,80,12,5,1,1,1,0,0,1,A000000257097,10000010011
2026-09-11,선케어,12,닥터지,[보송톤업] 닥터지 브라이트닝 업 선 플러스 50ml 기획 2종 (50+20/50+50+10) (선크림),https://www.oliveyoung.co.kr/store/goods/getGoodsDetail.do?goodsNo=A000000180158,https://image.oliveyoung.co.kr/cfimages/cf-goods/uploads/images/thumbnails/400/10/0000/0018/A00000018015832ko.jpg?l=ko,32000,22220,30.6,14061,4.8,85,12,2,0,0,1,1,0,1,A000000180158,10000010011
2026-09-11,선케어,13,프롬리에,[역대 최대 용량]프롬리에 EGF 워터 화잘먹 선앰플 56ml+30ml 기획/단품,https://www.oliveyoung.co.kr/store/goods/getGoodsDetail.do?goodsNo=A000000209372,https://image.oliveyoung.co.kr/cfimages/cf-goods/uploads/images/thumbnails/400/10/0000/0020/A00000020937237ko.jpg?l=ko,33000,19800,40.0,7892,4.8,87,10,2,1,1,1,1,0,1,A000000209372,10000010011
2026-09-11,선케어,14,브링그린,[쿨링진정] 브링그린 알로에 97% 수딩젤 (2입/쿨러/단품),https://www.oliveyoung.co.kr/store/goods/getGoodsDetail.do?goodsNo=A000000215502,https://image.oliveyoung.co.kr/cfimages/cf-goods/uploads/images/thumbnails/400/10/0000/0021/A00000021550268ko.jpg?l=ko,12100,11100,8.3,33705,4.8,85,10,3,1,1,1,1,0,1,A000000215502,10000010011
2026-09-11,선케어,15,오브제,[1등 기름종이선스틱] 오브제 포어 제로 오일 컨트롤 선스틱 18g 단품/기획,https://www.oliveyoung.co.kr/store/goods/getGoodsDetail.do?goodsNo=A000000238816,https://image.oliveyoung.co.kr/cfimages/cf-goods/uploads/images/thumbnails/400/10/0000/0023/A00000023881609ko.png?l=ko,25000,18900,24.4,6636,4.8,89,8,2,1,0,1,0,0,1,A000000238816,10000010011
2026-09-11,선케어,16,셀퓨전씨,[고은언니PICK] 셀퓨전씨 잡티 토닝 썬스크린 35ml 트리플 한정 기획,https://www.oliveyoung.co.kr/store/goods/getGoodsDetail.do?goodsNo=A000000259329,https://image.oliveyoung.co.kr/cfimages/cf-goods/uploads/images/thumbnails/400/10/0000/0025/A00000025932907ko.jpg?l=ko,27900,25100,10.0,5671,4.8,85,9,4,1,1,1,0,0,1,A000000259329,10000010011
2026-09-11,선케어,17,VT,[1등썬/끈적임ZERO] VT 피디알엔 에어 클라우드 선스크린 (기획/단품),https://www.oliveyoung.co.kr/store/goods/getGoodsDetail.do?goodsNo=A000000257580,https://image.oliveyoung.co.kr/cfimages/cf-goods/uploads/images/thumbnails/400/10/0000/0025/A00000025758018ko.jpg?l=ko,26000,15900,38.8,15785,4.9,96,3,1,0,0,1,1,0,1,A000000257580,10000010011
2026-09-11,선케어,18,닥터지,[무기자차] 닥터지 그린 마일드 업 선 플러스 50ml 기획 2종 (50+20/50+50+10) (선크림),https://www.oliveyoung.co.kr/store/goods/getGoodsDetail.do?goodsNo=A000000180162,https://image.oliveyoung.co.kr/cfimages/cf-goods/uploads/images/thumbnails/400/10/0000/0018/A00000018016244ko.jpg?l=ko,29000,20810,28.2,27355,4.8,83,13,3,0,0,1,1,0,1,A000000180162,10000010011
2026-09-11,선케어,19,메이크프렘,[9월올영픽/산리오콜라보] 메이크프렘 수딩 핑크 톤업 선크림 40ml 2입 기획 (+20ml+키링백),https://www.oliveyoung.co.kr/store/goods/getGoodsDetail.do?goodsNo=A000000262532,https://image.oliveyoung.co.kr/cfimages/cf-goods/uploads/images/thumbnails/400/10/0000/0026/A00000026253246ko.jpg?l=ko,30000,21900,27.0,5775,4.8,84,10,4,1,1,1,1,0,1,A000000262532,10000010011
2026-09-11,선케어,20,달바,[붉은기커버] 달바 그린 톤업 선크림 듀오 기획 (50ml+50ml),https://www.oliveyoung.co.kr/store/goods/getGoodsDetail.do?goodsNo=A000000218862,https://image.oliveyoung.co.kr/cfimages/cf-goods/uploads/images/thumbnails/400/10/0000/0021/A00000021886241ko.png?l=ko,51000,33500,34.3,2174,4.7,84,10,4,1,1,1,1,0,1,A000000218862,10000010011
2026-09-11,선케어,21,스킨1004,[1위선세럼/미니증정] 스킨1004 마다가스카르 센텔라 히알루-시카 워터핏 선세럼 기획(50ml+50ml+15ml),https://www.oliveyoung.co.kr/store/goods/getGoodsDetail.do?goodsNo=A000000215559,https://image.oliveyoung.co.kr/cfimages/cf-goods/uploads/images/thumbnails/400/10/0000/0021/A00000021555925ko.jpg?l=ko,35000,28000,20.0,16226,4.9,93,5,1,0,0,1,0,0,1,A000000215559,10000010011
2026-09-11,선케어,22,제로이드,[2입 기획][민감피부 추천 무기자차] 제로이드 데일리 선크림 기획 (50ml+50ml),https://www.oliveyoung.co.kr/store/goods/getGoodsDetail.do?goodsNo=A000000253724,https://image.oliveyoung.co.kr/cfimages/cf-goods/uploads/images/thumbnails/400/10/0000/0025/A00000025372412ko.jpg?l=ko,64000,39900,37.7,2680,4.8,86,9,4,1,0,1,0,0,1,A000000253724,10000010011
2026-09-11,선케어,23,구달,[뽀송/저자극] 구달 맑은 어성초 진정 무기자차 선크림 50ml 1+1 기획,https://www.oliveyoung.co.kr/store/goods/getGoodsDetail.do?goodsNo=A000000219554,https://image.oliveyoung.co.kr/cfimages/cf-goods/uploads/images/thumbnails/400/10/0000/0021/A00000021955430ko.jpg?l=ko,22000,18900,14.1,16679,4.7,83,12,4,1,1,1,0,0,1,A000000219554,10000010011
2026-09-11,선케어,24,헤라,[9월 올영픽/19년 연속 1위] 헤라 UV프로텍터 6종 기획/단품,https://www.oliveyoung.co.kr/store/goods/getGoodsDetail.do?goodsNo=A000000248590,https://image.oliveyoung.co.kr/cfimages/cf-goods/uploads/images/thumbnails/400/10/0000/0024/A00000024859055ko.png?l=ko,40000,29930,25.2,514,4.8,86,9,2,1,1,1,1,0,1,A000000248590,10000010011
2026-09-11,선케어,25,라운드랩,[매끈톤업/1+1] 라운드랩 자작나무 수분 톤업 선크림 50ml 1+1 기획,https://www.oliveyoung.co.kr/store/goods/getGoodsDetail.do?goodsNo=A000000186166,https://image.oliveyoung.co.kr/cfimages/cf-goods/uploads/images/thumbnails/400/10/0000/0018/A00000018616650ko.png?l=ko,25000,24500,2.0,12841,4.8,84,11,4,1,1,1,0,0,1,A000000186166,10000010011
2026-09-11,선케어,26,식물나라,"[산리오에디션/한교동]식물나라 보송,워터프루프,쿨링 선 스틱 30g(단품/1+1/리필)",https://www.oliveyoung.co.kr/store/goods/getGoodsDetail.do?goodsNo=A000000150460,https://image.oliveyoung.co.kr/cfimages/cf-goods/uploads/images/thumbnails/400/10/0000/0015/A00000015046031ko.jpg?l=ko,27000,9300,65.6,23121,4.8,84,11,4,1,1,1,1,0,1,A000000150460,10000010011
2026-09-11,선케어,27,라운드랩,[1등썬] 라운드랩 자작나무 수분 선크림 50ml 기획(+크림 20ml),https://www.oliveyoung.co.kr/store/goods/getGoodsDetail.do?goodsNo=A000000149135,https://image.oliveyoung.co.kr/cfimages/cf-goods/uploads/images/thumbnails/400/10/0000/0014/A00000014913563ko.png?l=ko,25000,17500,30.0,19659,4.8,87,10,3,0,1,1,0,0,1,A000000149135,10000010011
2026-09-11,선케어,28,식물나라,[올영PICK/산리오에디션/헬로키티]식물나라 뽀얀쌀 톤업 수분 선크림 100ml 3종 (생기/보라/초록),https://www.oliveyoung.co.kr/store/goods/getGoodsDetail.do?goodsNo=A000000217330,https://image.oliveyoung.co.kr/cfimages/cf-goods/uploads/images/thumbnails/400/10/0000/0021/A00000021733048ko.jpg?l=ko,18500,10200,44.9,16577,4.7,79,15,5,1,1,1,1,0,1,A000000217330,10000010011
2026-09-11,선케어,29,라네즈,[혜림쌤PICK/파데프리] 라네즈 워터뱅크 블루 톤업 선크림 50ml 기획 (+25ml),https://www.oliveyoung.co.kr/store/goods/getGoodsDetail.do?goodsNo=A000000257268,https://image.oliveyoung.co.kr/cfimages/cf-goods/uploads/images/thumbnails/400/10/0000/0025/A00000025726839ko.jpg?l=ko,28000,19600,30.0,163,4.8,87,9,1,1,2,0,1,0,1,A000000257268,10000010011
2026-09-11,선케어,30,닥터지,[쿨링수분] 닥터지 레드 블레미쉬 수딩 업 선 50ml 기획 2종 (50+50+10/50+50) (선크림),https://www.oliveyoung.co.kr/store/goods/getGoodsDetail.do?goodsNo=A000000200635,https://image.oliveyoung.co.kr/cfimages/cf-goods/uploads/images/thumbnails/400/10/0000/0020/A00000020063543ko.jpg?l=ko,29000,19310,33.4,8381,4.8,86,10,3,1,1,1,1,0,1,A000000200635,10000010011
2026-09-11,선케어,31,아누아,[오선우pick/파데프리] 아누아 매트벗글로우 커버 베이지 50ml 2입,https://www.oliveyoung.co.kr/store/goods/getGoodsDetail.do?goodsNo=A000000204471,https://image.oliveyoung.co.kr/cfimages/cf-goods/uploads/images/thumbnails/400/10/0000/0020/A00000020447128ko.png?l=ko,51000,29900,41.4,6750,4.6,75,15,7,2,2,1,1,0,1,A000000204471,10000010011
2026-09-11,선케어,32,넘버즈인,[-4도쿨링] 넘버즈인 1번 청초 진정맑은 물막선크림 듀오 기획 (SPF50+PA++++),https://www.oliveyoung.co.kr/store/goods/getGoodsDetail.do?goodsNo=A000000184352,https://image.oliveyoung.co.kr/cfimages/cf-goods/uploads/images/thumbnails/400/10/0000/0018/A00000018435230ko.jpg?l=ko,29000,25900,10.7,9322,4.8,88,9,2,1,1,1,0,0,1,A000000184352,10000010011
2026-09-11,선케어,33,조선미녀,"[NEW/지성파데프리] 조선미녀 데이스크린 틴티드 선크림 40ml (퍼프,미니 증정/단품)",https://www.oliveyoung.co.kr/store/goods/getGoodsDetail.do?goodsNo=A000000261603,https://image.oliveyoung.co.kr/cfimages/cf-goods/uploads/images/thumbnails/400/10/0000/0026/A00000026160309ko.jpg?l=ko,20000,16000,20.0,1044,4.7,81,11,5,1,1,1,0,0,1,A000000261603,10000010011
2026-09-11,선케어,34,구달,[핑크톤업] 구달 맑은 어성초 진정 수분 톤업 선크림 50ml 1+1 기획,https://www.oliveyoung.co.kr/store/goods/getGoodsDetail.do?goodsNo=A000000219556,https://image.oliveyoung.co.kr/cfimages/cf-goods/uploads/images/thumbnails/400/10/0000/0021/A00000021955628ko.jpg?l=ko,22000,18900,14.1,12733,4.7,79,13,5,1,1,1,0,0,1,A000000219556,10000010011
2026-09-11,선케어,35,체이싱래빗,[9월 올영픽/산리오캐릭터즈]체이싱래빗 올어바웃 글로우 커버쿠션 15g 기획 2종(쿠로미 쿠션퍼프+헤어고정시트 2매),https://www.oliveyoung.co.kr/store/goods/getGoodsDetail.do?goodsNo=A000000262838,https://image.oliveyoung.co.kr/cfimages/cf-goods/uploads/images/thumbnails/400/10/0000/0026/A00000026283807ko.jpg?l=ko,28000,18400,34.3,2487,4.6,77,13,6,2,2,1,1,0,1,A000000262838,10000010011
2026-09-11,선케어,36,체이싱래빗,[파데프리/톤업선크림]체이싱래빗 올어바웃글로우 커버크림 35g기획(단품/ 대왕퍼프),https://www.oliveyoung.co.kr/store/goods/getGoodsDetail.do?goodsNo=A000000232053,https://image.oliveyoung.co.kr/cfimages/cf-goods/uploads/images/thumbnails/400/10/0000/0023/A00000023205316ko.jpg?l=ko,20000,12800,36.0,13308,4.7,79,13,5,1,1,1,1,0,1,A000000232053,10000010011
2026-09-11,선케어,37,달바,[생기톤업/스웨트프루프] 달바 핑크 톤업 선크림 듀오 기획 (50ml+50ml),https://www.oliveyoung.co.kr/store/goods/getGoodsDetail.do?goodsNo=A000000232725,https://image.oliveyoung.co.kr/cfimages/cf-goods/uploads/images/thumbnails/400/10/0000/0023/A00000023272527ko.png?l=ko,51000,35700,30.0,12853,4.8,89,8,2,0,0,1,0,0,1,A000000232725,10000010011
2026-09-11,선케어,38,AHC,[레올영PICK] AHC 마스터즈 아쿠아리치 선크림 50ml 1+1 기획,https://www.oliveyoung.co.kr/store/goods/getGoodsDetail.do?goodsNo=A000000223207,https://image.oliveyoung.co.kr/cfimages/cf-goods/uploads/images/thumbnails/400/10/0000/0022/A00000022320755ko.jpg?l=ko,27900,24900,10.8,10199,4.8,89,8,2,0,0,1,0,0,1,A000000223207,10000010011
2026-09-11,선케어,39,토리든,[산리오 콜라보]토리든 다이브인 모이스처 선크림 60ml 1+1 기획(+스티커),https://www.oliveyoung.co.kr/store/goods/getGoodsDetail.do?goodsNo=A000000263528,https://image.oliveyoung.co.kr/cfimages/cf-goods/uploads/images/thumbnails/400/10/0000/0026/A00000026352831ko.png?l=ko,25000,19400,22.4,3941,4.8,88,9,2,1,0,1,1,0,1,A000000263528,10000010011
2026-09-11,선케어,40,식물나라,[올영PICK/산리오에디션/헬로키티]식물나라 뽀얀쌀 생기 톤업 선 쿠션 3종 (단품/리필기획),https://www.oliveyoung.co.kr/store/goods/getGoodsDetail.do?goodsNo=A000000219928,https://image.oliveyoung.co.kr/cfimages/cf-goods/uploads/images/thumbnails/400/10/0000/0021/A00000021992845ko.jpg?l=ko,24800,15100,39.1,7585,4.6,76,15,6,2,2,1,1,0,1,A000000219928,10000010011
2026-09-11,선케어,41,에스쁘아,[단품/기획] 에스쁘아 워터 스플래쉬 선크림 세라마이드 50ml,https://www.oliveyoung.co.kr/store/goods/getGoodsDetail.do?goodsNo=A000000258843,https://image.oliveyoung.co.kr/cfimages/cf-goods/uploads/images/thumbnails/400/10/0000/0025/A00000025884307ko.jpg?l=ko,20000,15200,24.0,139,4.8,88,6,4,,2,1,1,0,1,A000000258843,10000010011
2026-09-11,선케어,42,식물나라,[올영PICK/산리오에디션/한교동]식물나라 가벼운 수분 선 젤(60ml/60*2/150ml/트래블키트),https://www.oliveyoung.co.kr/store/goods/getGoodsDetail.do?goodsNo=A000000223906,https://image.oliveyoung.co.kr/cfimages/cf-goods/uploads/images/thumbnails/400/10/0000/0022/A00000022390638ko.jpg?l=ko,14800,9300,37.2,9785,4.8,86,8,3,1,2,1,1,0,1,A000000223906,10000010011
2026-09-11,선케어,43,라로슈포제,[시카장벽선케어] 라로슈포제 시카플라스트 리페어 선크림 40ml 기획 (+2ml*5ea),https://www.oliveyoung.co.kr/store/goods/getGoodsDetail.do?goodsNo=A000000251060,https://image.oliveyoung.co.kr/cfimages/cf-goods/uploads/images/thumbnails/400/10/0000/0025/A00000025106004ko.jpg?l=ko,35000,28350,19.0,211,4.8,86,10,2,0,2,1,1,1,1,A000000251060,10000010011
2026-09-11,선케어,44,달바,[화잘먹 선케어] 달바 에센스 선크림 듀오 기획 (50ml+50ml),https://www.oliveyoung.co.kr/store/goods/getGoodsDetail.do?goodsNo=A000000232723,https://image.oliveyoung.co.kr/cfimages/cf-goods/uploads/images/thumbnails/400/10/0000/0023/A00000023272320ko.png?l=ko,51000,33900,33.5,3680,4.8,87,9,3,1,1,1,0,0,1,A000000232723,10000010011
2026-09-11,선케어,45,식물나라,[올영PICK/산리오에디션/한교동]식물나라 워터프루프 선 스틱 30g(단품/1+1기획),https://www.oliveyoung.co.kr/store/goods/getGoodsDetail.do?goodsNo=A000000249471,https://image.oliveyoung.co.kr/cfimages/cf-goods/uploads/images/thumbnails/400/10/0000/0024/A00000024947111ko.jpg?l=ko,27000,9300,65.6,1105,4.8,84,10,4,1,1,1,1,0,1,A000000249471,10000010011
2026-09-11,선케어,46,라로슈포제,[베이지커버톤업] 라로슈포제 유비데아 안뗄리오스 틴티드 크림,https://www.oliveyoung.co.kr/store/goods/getGoodsDetail.do?goodsNo=A000000010461,https://image.oliveyoung.co.kr/cfimages/cf-goods/uploads/images/thumbnails/400/10/0000/0001/A00000001046109ko.jpg?l=ko,38000,27500,27.6,2189,4.7,79,14,5,1,1,1,1,1,1,A000000010461,10000010011
2026-09-11,선케어,47,비플레인,[110ml대용량] 비플레인 녹두 쿨링 수분 선크림 50ml 1+1 기획 (+10ml),https://www.oliveyoung.co.kr/store/goods/getGoodsDetail.do?goodsNo=A000000249802,https://image.oliveyoung.co.kr/cfimages/cf-goods/uploads/images/thumbnails/400/10/0000/0024/A00000024980248ko.png?l=ko,25000,22500,10.0,8305,4.7,83,11,4,1,1,1,0,0,1,A000000249802,10000010011
2026-09-11,선케어,48,비오레,[올영단독]비오레 UV 아쿠아 리치 워터리 에센스 50g 단품/더블기획추가20g증정,https://www.oliveyoung.co.kr/store/goods/getGoodsDetail.do?goodsNo=A000000249451,https://image.oliveyoung.co.kr/cfimages/cf-goods/uploads/images/thumbnails/400/10/0000/0024/A00000024945120ko.jpg?l=ko,27000,26500,1.9,1607,4.8,88,8,3,1,1,1,0,0,1,A000000249451,10000010011
2026-09-11,선케어,49,셀리맥스,[1+1/TXA/화잘먹] 셀리맥스 트라넥삼산 브라이트닝 잡티 선크림 50ml 더블 기획,https://www.oliveyoung.co.kr/store/goods/getGoodsDetail.do?goodsNo=A000000254726,https://image.oliveyoung.co.kr/cfimages/cf-goods/uploads/images/thumbnails/400/10/0000/0025/A00000025472610ko.jpg?l=ko,27500,21900,20.4,1619,4.8,90,7,2,1,1,1,1,0,1,A000000254726,10000010011
2026-09-11,선케어,50,체이싱래빗,[9월 올영픽/산리오캐릭터즈] 체이싱래빗 올어바웃 글로우 톤업 선 70ml 기획 (마이멜로디 거울키링+10ml),https://www.oliveyoung.co.kr/store/goods/getGoodsDetail.do?goodsNo=A000000262840,https://image.oliveyoung.co.kr/cfimages/cf-goods/uploads/images/thumbnails/400/10/0000/0026/A00000026284007ko.jpg?l=ko,18000,13000,27.8,1644,4.8,86,7,4,1,1,1,1,0,1,A000000262840,10000010011
2026-09-11,선케어,51,톤핏선,[노지선PICK] 톤핏선 파데프리 비건 얇착밀착 선쿠션 2종 택1(톤업쿠션/커버쿠션) SPF50+ PA++++,https://www.oliveyoung.co.kr/store/goods/getGoodsDetail.do?goodsNo=A000000179295,https://image.oliveyoung.co.kr/cfimages/cf-goods/uploads/images/thumbnails/400/10/0000/0017/A000000179295101ko.jpg?l=ko,24000,19200,20.0,10408,4.6,78,13,6,2,2,1,0,0,1,A000000179295,10000010011
2026-09-11,선케어,52,라로슈포제,[투명광채톤업] 라로슈포제 유비데아 안뗄리오스 톤업 라이트 크림 30ml,https://www.oliveyoung.co.kr/store/goods/getGoodsDetail.do?goodsNo=A000000112523,https://image.oliveyoung.co.kr/cfimages/cf-goods/uploads/images/thumbnails/400/10/0000/0011/A00000011252312ko.jpg?l=ko,38000,27500,27.6,951,4.7,78,17,4,1,0,1,1,1,1,A000000112523,10000010011
2026-09-11,선케어,53,라로슈포제,[보송선] 라로슈포제 유비데아 안뗄리오스 톤업 클리어 30ml 기획 (+3ml*3),https://www.oliveyoung.co.kr/store/goods/getGoodsDetail.do?goodsNo=A000000247698,https://image.oliveyoung.co.kr/cfimages/cf-goods/uploads/images/thumbnails/400/10/0000/0024/A00000024769802ko.jpg?l=ko,38000,27500,27.6,1101,4.8,85,8,4,1,1,1,1,1,1,A000000247698,10000010011
2026-09-11,선케어,54,오브제,[노세범 선크림] 오브제 포어 제로 오일 컨트롤 선크림 50ml,https://www.oliveyoung.co.kr/store/goods/getGoodsDetail.do?goodsNo=A000000230447,https://image.oliveyoung.co.kr/cfimages/cf-goods/uploads/images/thumbnails/400/10/0000/0023/A00000023044705ko.jpg?l=ko,22500,22500,0.0,558,4.9,91,6,3,1,0,0,0,0,1,A000000230447,10000010011
2026-09-11,선케어,55,셀퓨전씨,[매끈밀착썬/조앤프렌즈 콜라보] 셀퓨전씨 레이저 UV 썬스크린 35ml 더블 기획 (+조앤프렌즈 피규어 선크림 집게),https://www.oliveyoung.co.kr/store/goods/getGoodsDetail.do?goodsNo=A000000198739,https://image.oliveyoung.co.kr/cfimages/cf-goods/uploads/images/thumbnails/400/10/0000/0019/A00000019873942ko.jpg?l=ko,29400,22300,24.1,4837,4.8,86,9,3,1,1,1,0,0,1,A000000198739,10000010011
2026-09-11,선케어,56,아떼,[촉촉 화잘먹 수분선] 아떼 선에센스EX 50ml 기획/단품,https://www.oliveyoung.co.kr/store/goods/getGoodsDetail.do?goodsNo=A000000180506,https://image.oliveyoung.co.kr/cfimages/cf-goods/uploads/images/thumbnails/400/10/0000/0018/A00000018050689ko.png?l=ko,34000,34000,0.0,6220,4.8,89,7,2,0,1,0,0,0,1,A000000180506,10000010011
2026-09-11,선케어,57,달바,[온가족썬] 달바 마일드 선크림 듀오 기획 (50ml+50ml),https://www.oliveyoung.co.kr/store/goods/getGoodsDetail.do?goodsNo=A000000180231,https://image.oliveyoung.co.kr/cfimages/cf-goods/uploads/images/thumbnails/400/10/0000/0018/A00000018023169ko.png?l=ko,51000,33900,33.5,1835,4.7,82,12,5,1,1,1,0,0,1,A000000180231,10000010011
2026-09-11,선케어,58,프레비츠,[쓰리먼쓰 콜라보] 프레비츠 에어핏 선스틱 14g 3종 택1,https://www.oliveyoung.co.kr/store/goods/getGoodsDetail.do?goodsNo=A000000254263,https://image.oliveyoung.co.kr/cfimages/cf-goods/uploads/images/thumbnails/400/10/0000/0025/A00000025426325ko.jpg?l=ko,21500,18500,14.0,7313,5.0,99,1,0,0,0,1,0,0,1,A000000254263,10000010011
2026-09-11,선케어,59,바이오더마,바이오더마 시카비오 크림+ SPF 50+ 40ml,https://www.oliveyoung.co.kr/store/goods/getGoodsDetail.do?goodsNo=A000000228575,https://image.oliveyoung.co.kr/cfimages/cf-goods/uploads/images/thumbnails/400/10/0000/0022/A00000022857501ko.jpg?l=ko,34000,26520,22.0,523,4.7,83,10,5,2,1,1,0,0,1,A000000228575,10000010011
2026-09-11,선케어,60,아이디얼포맨,[UV차단+스킨케어] 아이디얼포맨 프레시 선 올인원,https://www.oliveyoung.co.kr/store/goods/getGoodsDetail.do?goodsNo=A000000248772,https://image.oliveyoung.co.kr/cfimages/cf-goods/uploads/images/thumbnails/400/10/0000/0024/A00000024877206ko.jpg?l=ko,24000,13800,42.5,569,4.8,87,10,2,,1,1,0,0,1,A000000248772,10000010011
2026-09-11,선케어,61,구달,[9월 올영픽/산리오 콜라보] 구달 어성초 진정 블레미쉬 커버 선비비 50+25ml 2종 택 1,https://www.oliveyoung.co.kr/store/goods/getGoodsDetail.do?goodsNo=A000000263558,https://image.oliveyoung.co.kr/cfimages/cf-goods/uploads/images/thumbnails/400/10/0000/0026/A00000026355807ko.jpg?l=ko,22000,17900,18.6,4228,4.7,80,12,5,2,2,1,1,0,1,A000000263558,10000010011
2026-09-11,선케어,62,차앤박,[보송핑크톤업] 차앤박 애프터레이 톤업 프로텍션 선 50ml 더블기획,https://www.oliveyoung.co.kr/store/goods/getGoodsDetail.do?goodsNo=A000000224140,https://image.oliveyoung.co.kr/cfimages/cf-goods/uploads/images/thumbnails/400/10/0000/0022/A00000022414020ko.jpg?l=ko,30000,25500,15.0,3949,4.8,89,8,2,0,1,0,1,0,1,A000000224140,10000010011
2026-09-11,선케어,63,에스네이처,[8일특가/1+1/1등 화잘먹 속촉촉수분썬] 에스네이처 아쿠아 365 UV 선크림 40ml 2입,https://www.oliveyoung.co.kr/store/goods/getGoodsDetail.do?goodsNo=A000000208182,https://image.oliveyoung.co.kr/cfimages/cf-goods/uploads/images/thumbnails/400/10/0000/0020/A00000020818273ko.png?l=ko,36000,20500,43.1,3210,4.8,87,10,3,0,0,1,1,0,1,A000000208182,10000010011
2026-09-11,선케어,64,AHC,[포켓몬 에디션] AHC 마스터즈 에어리치 선스틱 22g 더블 기획 (+포켓몬 미니달력),https://www.oliveyoung.co.kr/store/goods/getGoodsDetail.do?goodsNo=A000000254125,https://image.oliveyoung.co.kr/cfimages/cf-goods/uploads/images/thumbnails/400/10/0000/0025/A00000025412502ko.jpg?l=ko,48000,29900,37.7,1823,4.9,92,6,1,0,0,1,0,0,1,A000000254125,10000010011
2026-09-11,선케어,65,메이크프렘,[뽀송 무기자차] 메이크프렘 유브이 디펜스 미 노세범 선크림 40ml+40ml 기획,https://www.oliveyoung.co.kr/store/goods/getGoodsDetail.do?goodsNo=A000000184159,https://image.oliveyoung.co.kr/cfimages/cf-goods/uploads/images/thumbnails/400/10/0000/0018/A00000018415927ko.jpg?l=ko,28000,23500,16.1,5972,4.8,85,10,3,1,1,1,0,0,1,A000000184159,10000010011
2026-09-11,선케어,66,브링그린,브링그린 티트리 시카 톤업 선쿠션 15g,https://www.oliveyoung.co.kr/store/goods/getGoodsDetail.do?goodsNo=A000000201172,https://image.oliveyoung.co.kr/cfimages/cf-goods/uploads/images/thumbnails/400/10/0000/0020/A00000020117246ko.jpg?l=ko,20000,12000,40.0,2972,4.6,75,16,6,2,1,1,0,0,1,A000000201172,10000010011
2026-09-11,선케어,67,키엘,[저자극 진정 자차] 키엘 수분 진정 선크림 60ml,https://www.oliveyoung.co.kr/store/goods/getGoodsDetail.do?goodsNo=A000000214257,https://image.oliveyoung.co.kr/cfimages/cf-goods/uploads/images/thumbnails/400/10/0000/0021/A00000021425713ko.jpg?l=ko,66000,59400,10.0,77,4.9,90,10,,,,1,0,0,1,A000000214257,10000010011
2026-09-11,선케어,68,헤라,[9월 올영픽/파데프리] 헤라 UV 프로텍터 CC 40ml/50ml  (SPF50+ PA4+),https://www.oliveyoung.co.kr/store/goods/getGoodsDetail.do?goodsNo=A000000248566,https://image.oliveyoung.co.kr/cfimages/cf-goods/uploads/images/thumbnails/400/10/0000/0024/A00000024856635ko.jpg?l=ko,40000,29930,25.2,13,4.9,92,8,,,,1,1,0,1,A000000248566,10000010011
2026-09-11,선케어,69,딘시,[한정기획]  딘시 프리미엄 비건 톤 업 선크림 50ml 더블기획 (+ 클렌징폼 40ml 증정),https://www.oliveyoung.co.kr/store/goods/getGoodsDetail.do?goodsNo=A000000225284,https://image.oliveyoung.co.kr/cfimages/cf-goods/uploads/images/thumbnails/400/10/0000/0022/A00000022528429ko.jpg?l=ko,30000,28500,5.0,5287,4.8,89,7,3,1,1,1,0,0,1,A000000225284,10000010011
2026-09-11,선케어,70,체이싱래빗,[파데프리/커버선쿠션]체이싱래빗 올어바웃 글로우 커버 선쿠션 15g (단품/핑거퍼프 증정기획),https://www.oliveyoung.co.kr/store/goods/getGoodsDetail.do?goodsNo=A000000245129,https://image.oliveyoung.co.kr/cfimages/cf-goods/uploads/images/thumbnails/400/10/0000/0024/A00000024512925ko.jpg?l=ko,28000,18400,34.3,2365,4.6,77,13,6,2,2,1,1,0,1,A000000245129,10000010011
2026-09-11,선케어,71,해달씨,[괄사증정/화잘먹] 해달씨 딥씨 워터리 선스크린 50ml 단품/기획(+문어괄사 증정),https://www.oliveyoung.co.kr/store/goods/getGoodsDetail.do?goodsNo=A000000260414,https://image.oliveyoung.co.kr/cfimages/cf-goods/uploads/images/thumbnails/400/10/0000/0026/A00000026041404ko.png?l=ko,17900,13200,26.3,172,4.9,94,5,1,1,,1,0,0,1,A000000260414,10000010011
2026-09-11,선케어,72,리얼베리어,[조슈아PICK/1+1] 리얼베리어 세라 수분 장벽 선크림 50ml 1+1 기획,https://www.oliveyoung.co.kr/store/goods/getGoodsDetail.do?goodsNo=A000000200673,https://image.oliveyoung.co.kr/cfimages/cf-goods/uploads/images/thumbnails/400/10/0000/0020/A00000020067327ko.jpg?l=ko,28000,28000,0.0,2132,4.9,92,5,2,0,1,0,0,0,1,A000000200673,10000010011
2026-09-11,선케어,73,라로슈포제,[촉촉물광수분선] 라로슈포제 유비데아 안뗄리오스 멜트인 크림,https://www.oliveyoung.co.kr/store/goods/getGoodsDetail.do?goodsNo=A000000010462,https://image.oliveyoung.co.kr/cfimages/cf-goods/uploads/images/thumbnails/400/10/0000/0001/A00000001046208ko.jpg?l=ko,38000,27500,27.6,2077,4.8,86,11,2,0,0,1,1,1,1,A000000010462,10000010011
2026-09-11,선케어,74,식물나라,[올영PICK/산리오에디션/한교동]식물나라 워터프루프 선 크림 100mL,https://www.oliveyoung.co.kr/store/goods/getGoodsDetail.do?goodsNo=A000000151904,https://image.oliveyoung.co.kr/cfimages/cf-goods/uploads/images/thumbnails/400/10/0000/0015/A00000015190434ko.jpg?l=ko,19000,9900,47.9,14044,4.8,84,12,4,1,1,1,1,0,1,A000000151904,10000010011
2026-09-11,선케어,75,에스트라,에스트라 더마UV365 레드진정 톤업 선크림 40ml 기획 (+무기자차 선크림 20ml),https://www.oliveyoung.co.kr/store/goods/getGoodsDetail.do?goodsNo=A000000206827,https://image.oliveyoung.co.kr/cfimages/cf-goods/uploads/images/thumbnails/400/10/0000/0020/A00000020682707ko.jpg?l=ko,31000,21300,31.3,2844,4.7,82,12,4,1,1,1,1,0,1,A000000206827,10000010011
2026-09-11,선케어,76,아비브,[1+1/파데프리톤업] 아비브 글루타치온좀 CC 선크림 토닝 튜브 50ml 더블 기획 (+어성초 패드 2매x2),https://www.oliveyoung.co.kr/store/goods/getGoodsDetail.do?goodsNo=A000000248226,https://image.oliveyoung.co.kr/cfimages/cf-goods/uploads/images/thumbnails/400/10/0000/0024/A00000024822631ko.png?l=ko,37000,25900,30.0,2662,4.6,78,14,6,1,2,1,0,0,1,A000000248226,10000010011
2026-09-11,선케어,77,아로셀,[눈시림ZERO/기미개선] 아로셀 멜라 TXA 선세럼 40ml,https://www.oliveyoung.co.kr/store/goods/getGoodsDetail.do?goodsNo=A000000243812,https://image.oliveyoung.co.kr/cfimages/cf-goods/uploads/images/thumbnails/400/10/0000/0024/A00000024381214ko.jpg?l=ko,30000,25000,16.7,160,4.8,85,11,3,1,1,1,0,0,1,A000000243812,10000010011
2026-09-11,선케어,78,비플레인,[촉촉보라톤업/혼합자차] 비플레인 선뮤즈 톤업 앤 코렉팅 선크림 50ml 1+1 기획,https://www.oliveyoung.co.kr/store/goods/getGoodsDetail.do?goodsNo=A000000219051,https://image.oliveyoung.co.kr/cfimages/cf-goods/uploads/images/thumbnails/400/10/0000/0021/A00000021905109ko.jpg?l=ko,26000,24700,5.0,2315,4.8,86,11,2,1,1,1,0,0,1,A000000219051,10000010011
2026-09-11,선케어,79,달바,[2입기획] 달바 판테놀 리퀴드 선세럼 듀오 기획 (50ml+50ml),https://www.oliveyoung.co.kr/store/goods/getGoodsDetail.do?goodsNo=A000000261578,https://image.oliveyoung.co.kr/cfimages/cf-goods/uploads/images/thumbnails/400/10/0000/0026/A00000026157815ko.png?l=ko,51000,33500,34.3,377,4.6,79,10,8,2,2,1,1,0,1,A000000261578,10000010011
2026-09-11,선케어,80,토리든,[물막선크림] 토리든 다이브인 모이스처 선크림 60ml 1+1 기획,https://www.oliveyoung.co.kr/store/goods/getGoodsDetail.do?goodsNo=A000000219383,https://image.oliveyoung.co.kr/cfimages/cf-goods/uploads/images/thumbnails/400/10/0000/0021/A00000021938325ko.jpg?l=ko,25000,19400,22.4,3800,4.8,88,9,2,1,0,1,1,0,1,A000000219383,10000010011
2026-09-11,선케어,81,코이,코이 블룸 글로우 에센스 선크림 30ml,https://www.oliveyoung.co.kr/store/goods/getGoodsDetail.do?goodsNo=A000000232379,https://image.oliveyoung.co.kr/cfimages/cf-goods/uploads/images/thumbnails/400/10/0000/0023/A00000023237916ko.jpg?l=ko,37000,33300,10.0,63,4.9,92,8,,,,1,0,0,1,A000000232379,10000010011
2026-09-11,선케어,82,AHC,AHC 마스터즈 에어리치 선스틱 22g 더블 기획,https://www.oliveyoung.co.kr/store/goods/getGoodsDetail.do?goodsNo=A000000259260,https://image.oliveyoung.co.kr/cfimages/cf-goods/uploads/images/thumbnails/400/10/0000/0025/A00000025926006ko.jpg?l=ko,39000,39000,0.0,19975,4.8,89,8,2,0,0,0,0,0,1,A000000259260,10000010011
2026-09-11,선케어,83,식물나라,[산리오에디션/헬로키티]식물나라 뽀얀쌀 생기 톤업 선 쿠션 3종(화이트/피치/보라),https://www.oliveyoung.co.kr/store/goods/getGoodsDetail.do?goodsNo=A000000217679,https://image.oliveyoung.co.kr/cfimages/cf-goods/uploads/images/thumbnails/400/10/0000/0021/A00000021767925ko.jpg?l=ko,24800,15100,39.1,2555,4.6,74,16,6,2,2,1,1,0,1,A000000217679,10000010011
2026-09-11,선케어,84,로벡틴,[끈적임 NO/촉촉수분광] 로벡틴 아쿠아 수딩 선크림 35ml 1+1 기획세트,https://www.oliveyoung.co.kr/store/goods/getGoodsDetail.do?goodsNo=A000000190745,https://image.oliveyoung.co.kr/cfimages/cf-goods/uploads/images/thumbnails/400/10/0000/0019/A00000019074552ko.png?l=ko,42000,23100,45.0,1337,4.7,82,12,5,1,1,0,1,0,1,A000000190745,10000010011
2026-09-11,선케어,85,조선미녀,[화잘먹/쌀알춘식이스트레스볼] 조선미녀 맑은쌀 선크림 50ml 2입 기획,https://www.oliveyoung.co.kr/store/goods/getGoodsDetail.do?goodsNo=A000000188876,https://image.oliveyoung.co.kr/cfimages/cf-goods/uploads/images/thumbnails/400/10/0000/0018/A00000018887630ko.jpg?l=ko,30000,24000,20.0,4171,4.9,89,8,3,0,0,1,0,0,1,A000000188876,10000010011
2026-09-11,선케어,86,차앤박,[촉촉핑크톤업] 차앤박 애프터레이 워터리 톤업선 50ml 더블기획,https://www.oliveyoung.co.kr/store/goods/getGoodsDetail.do?goodsNo=A000000224141,https://image.oliveyoung.co.kr/cfimages/cf-goods/uploads/images/thumbnails/400/10/0000/0022/A00000022414105ko.jpg?l=ko,30000,22500,25.0,932,4.7,86,7,3,1,2,0,1,0,1,A000000224141,10000010011
2026-09-11,선케어,87,오브제,[올인원 수분 선크림] 오브제 맥스 워터풀 선크림 300ml,https://www.oliveyoung.co.kr/store/goods/getGoodsDetail.do?goodsNo=A000000246715,https://image.oliveyoung.co.kr/cfimages/cf-goods/uploads/images/thumbnails/400/10/0000/0024/A00000024671504ko.jpg?l=ko,31500,21900,30.5,176,4.9,95,3,1,1,,1,0,0,1,A000000246715,10000010011
2026-09-11,선케어,88,식물나라,[국민선크림] 식물나라 가벼운 수분 선 젤 60ml (단품/2입/대용량/트래블키트),https://www.oliveyoung.co.kr/store/goods/getGoodsDetail.do?goodsNo=A000000225224,https://image.oliveyoung.co.kr/cfimages/cf-goods/uploads/images/thumbnails/400/10/0000/0022/A00000022522404ko.jpg?l=ko,25800,13900,46.1,7321,4.7,84,9,3,1,3,1,1,0,1,A000000225224,10000010011
2026-09-11,선케어,89,식물나라,식물나라 가벼운 수분 선 젤 60ml (단품/2입/대용량/트래블키트),https://www.oliveyoung.co.kr/store/goods/getGoodsDetail.do?goodsNo=A000000242716,https://image.oliveyoung.co.kr/cfimages/cf-goods/uploads/images/thumbnails/400/10/0000/0024/A00000024271614ko.jpg?l=ko,29800,9900,66.8,2719,4.8,89,8,2,1,0,1,1,0,1,A000000242716,10000010011
2026-09-11,선케어,90,오브제,[보송톤업] 오브제 내추럴 톤업 선스틱 18g,https://www.oliveyoung.co.kr/store/goods/getGoodsDetail.do?goodsNo=A000000260943,https://image.oliveyoung.co.kr/cfimages/cf-goods/uploads/images/thumbnails/400/10/0000/0026/A00000026094303ko.jpg?l=ko,25000,20000,20.0,124,5.0,98,1,,,1,0,1,0,1,A000000260943,10000010011
2026-09-11,선케어,91,바이오힐보,[화잘먹선] 바이오힐보 프로바이오덤 콜라겐 선크림 2종 (에센스/톤업),https://www.oliveyoung.co.kr/store/goods/getGoodsDetail.do?goodsNo=A000000225015,https://image.oliveyoung.co.kr/cfimages/cf-goods/uploads/images/thumbnails/400/10/0000/0022/A00000022501538ko.jpg?l=ko,30000,19500,35.0,5658,4.7,83,12,3,1,1,1,0,0,1,A000000225015,10000010011
2026-09-11,선케어,92,조선미녀,[파데프리/톤업] 조선미녀 데일리 틴티드 선세럼 50ml (기획/단품),https://www.oliveyoung.co.kr/store/goods/getGoodsDetail.do?goodsNo=A000000225573,https://image.oliveyoung.co.kr/cfimages/cf-goods/uploads/images/thumbnails/400/10/0000/0022/A00000022557327ko.jpg?l=ko,20000,15000,25.0,4962,4.7,78,13,5,1,2,1,0,0,1,A000000225573,10000010011
2026-09-11,선케어,93,달바,[용량UP/총130ml] 달바 퍼플 톤업 선크림 65ml + 65ml 대용량 기획세트,https://www.oliveyoung.co.kr/store/goods/getGoodsDetail.do?goodsNo=A000000264094,https://image.oliveyoung.co.kr/cfimages/cf-goods/uploads/images/thumbnails/400/10/0000/0026/A00000026409410ko.png?l=ko,65000,39500,39.2,11957,4.8,89,7,2,1,1,1,1,0,1,A000000264094,10000010011
2026-09-11,선케어,94,설화수,설화수 상백선플루이드 / 상백선크림 / 상백톤업선크림 50ml (단품/기획),https://www.oliveyoung.co.kr/store/goods/getGoodsDetail.do?goodsNo=A000000204629,https://image.oliveyoung.co.kr/cfimages/cf-goods/uploads/images/thumbnails/400/10/0000/0020/A00000020462936ko.jpg?l=ko,90000,81000,10.0,7,4.9,86,14,,,,0,1,0,1,A000000204629,10000010011
2026-09-11,선케어,95,메디힐,[산뜻촉촉 선크림] 메디힐 마데카소사이드 수분 선세럼 흔적 리페어 50g,https://www.oliveyoung.co.kr/store/goods/getGoodsDetail.do?goodsNo=A000000223423,https://image.oliveyoung.co.kr/cfimages/cf-goods/uploads/images/thumbnails/400/10/0000/0022/A00000022342327ko.jpg?l=ko,22000,14400,34.5,6024,4.8,88,8,2,0,1,1,0,0,1,A000000223423,10000010011
2026-09-11,선케어,96,토리든,토리든 밸런스풀 포맨 시카 오일 컨트롤 선스틱 20g 기획(+올인원 20g),https://www.oliveyoung.co.kr/store/goods/getGoodsDetail.do?goodsNo=A000000248312,https://image.oliveyoung.co.kr/cfimages/cf-goods/uploads/images/thumbnails/400/10/0000/0024/A00000024831221ko.jpg?l=ko,23000,18900,17.8,679,4.8,89,8,3,0,0,1,0,0,1,A000000248312,10000010011
2026-09-11,선케어,97,리쥬란,[지속율95.46%/광노화케어_신소재적용] 리쥬란 바이옴 힐러 유스 포뮬러 선크림 50ml,https://www.oliveyoung.co.kr/store/goods/getGoodsDetail.do?goodsNo=A000000186461,https://image.oliveyoung.co.kr/cfimages/cf-goods/uploads/images/thumbnails/400/10/0000/0018/A00000018646104ko.jpg?l=ko,25900,24600,5.0,53,4.8,81,15,4,,,1,0,0,1,A000000186461,10000010011
2026-09-11,선케어,98,스킨1004,[1위선세럼][누적판매2500만개]스킨1004 마다가스카르 센텔라 히알루-시카 워터핏 선세럼 50ml,https://www.oliveyoung.co.kr/store/goods/getGoodsDetail.do?goodsNo=A000000169499,https://image.oliveyoung.co.kr/cfimages/cf-goods/uploads/images/thumbnails/400/10/0000/0016/A00000016949942ko.jpg?l=ko,20000,17600,12.0,11257,4.9,93,5,1,0,0,1,0,0,1,A000000169499,10000010011
2026-09-11,선케어,99,AHC,[보송/1등 노세범] AHC 마스터즈 에어리치 선스틱 22g,https://www.oliveyoung.co.kr/store/goods/getGoodsDetail.do?goodsNo=A000000182989,https://image.oliveyoung.co.kr/cfimages/cf-goods/uploads/images/thumbnails/400/10/0000/0018/A00000018298940ko.jpg?l=ko,24000,24000,0.0,19122,4.8,89,9,2,0,0,0,0,0,1,A000000182989,10000010011
2026-09-11,선케어,100,아누아,[오선우pick/리뉴얼] 아누아 어성초 실키 모이스처 선크림 50ml 더블 기획,https://www.oliveyoung.co.kr/store/goods/getGoodsDetail.do?goodsNo=A000000207901,https://image.oliveyoung.co.kr/cfimages/cf-goods/uploads/images/thumbnails/400/10/0000/0020/A00000020790119ko.png?l=ko,34900,23900,31.5,3895,4.9,91,7,2,0,0,1,1,0,1,A000000207901,10000010011
2026-09-11,메이크업,1,얼터너티브스테레오,[9월올영픽/산리오콜라보]얼터너티브스테레오 립 포션 슈가 글레이즈 틴트 미니 4ml,https://www.oliveyoung.co.kr/store/goods/getGoodsDetail.do?goodsNo=A000000232078,https://image.oliveyoung.co.kr/cfimages/cf-goods/uploads/images/thumbnails/400/10/0000/0023/A00000023207838ko.jpg?l=ko,11000,7800,29.1,7556,4.8,84,11,4,1,0,1,1,0,1,A000000232078,10000010002
2026-09-11,메이크업,2,정샘물,[미니쿠션 증정] 정샘물 에센셜 스킨 누더 쿠션 한정 기획,https://www.oliveyoung.co.kr/store/goods/getGoodsDetail.do?goodsNo=A000000139063,https://image.oliveyoung.co.kr/cfimages/cf-goods/uploads/images/thumbnails/400/10/0000/0013/A000000139063179ko.jpg?l=ko,48000,39360,18.0,39915,4.7,81,13,4,1,1,1,0,0,1,A000000139063,10000010002
2026-09-11,메이크업,3,릴리바이레드,[산리오 캐릭터즈/마이멜로디 파우치] 릴리바이레드 러브빔 치크밤 20종,https://www.oliveyoung.co.kr/store/goods/getGoodsDetail.do?goodsNo=A000000137964,https://image.oliveyoung.co.kr/cfimages/cf-goods/uploads/images/thumbnails/400/10/0000/0013/A00000013796480ko.jpg?l=ko,13000,9310,28.4,53386,4.8,84,12,4,0,0,1,1,0,1,A000000137964,10000010002
2026-09-11,메이크업,4,투에이엔,[9월 올영픽/산리오콜라보] 투에이엔 듀얼치크 17 colors (기획/단품),https://www.oliveyoung.co.kr/store/goods/getGoodsDetail.do?goodsNo=A000000181230,https://image.oliveyoung.co.kr/cfimages/cf-goods/uploads/images/thumbnails/400/10/0000/0018/A000000181230117ko.jpg?l=ko,19000,14800,22.1,24761,4.8,87,10,3,0,0,1,1,0,1,A000000181230,10000010002
2026-09-11,메이크업,5,홀리카홀리카,[9월 올영픽/NEW젤테일] 홀리카홀리카 마이페이브 피스 아이섀도우/젤테일/피스 빔/피스 밤,https://www.oliveyoung.co.kr/store/goods/getGoodsDetail.do?goodsNo=A000000174309,https://image.oliveyoung.co.kr/cfimages/cf-goods/uploads/images/thumbnails/400/10/0000/0017/A00000017430964ko.png?l=ko,6000,4580,23.7,217458,4.8,85,11,3,0,0,1,1,0,1,A000000174309,10000010002
2026-09-11,메이크업,6,클리오,[NEW/단종부활템 재출시] 클리오 프로 아이 팔레트 에어 단품/기획 (+싱글섀도우 증정),https://www.oliveyoung.co.kr/store/goods/getGoodsDetail.do?goodsNo=A000000188988,https://image.oliveyoung.co.kr/cfimages/cf-goods/uploads/images/thumbnails/400/10/0000/0018/A000000188988158ko.jpg?l=ko,34000,23800,30.0,42615,4.8,85,12,3,0,0,1,0,0,1,A000000188988,10000010002
2026-09-11,메이크업,7,퓌,[앵콜요청템/버터립밤증정] 퓌 3D 볼류밍 글로스 5.3g 단품/기획,https://www.oliveyoung.co.kr/store/goods/getGoodsDetail.do?goodsNo=A000000246445,https://image.oliveyoung.co.kr/cfimages/cf-goods/uploads/images/thumbnails/400/10/0000/0024/A00000024644556ko.png?l=ko,18000,12800,28.9,60322,4.8,84,11,4,1,0,1,1,0,1,A000000246445,10000010002
2026-09-11,메이크업,8,웨이크메이크,[레오파드 헬로키티]웨이크메이크 소프트 블러링 아이팔레트(단품),https://www.oliveyoung.co.kr/store/goods/getGoodsDetail.do?goodsNo=A000000180532,https://image.oliveyoung.co.kr/cfimages/cf-goods/uploads/images/thumbnails/400/10/0000/0018/A000000180532259ko.jpg?l=ko,34000,22800,32.9,78331,4.8,83,13,3,1,0,1,1,1,1,A000000180532,10000010002
2026-09-11,메이크업,9,연작,[화잘먹 프라이머] 연작 스킨 퍼펙팅 프로텍티브 베이스 프렙 3종 25ml/40ml 기획,https://www.oliveyoung.co.kr/store/goods/getGoodsDetail.do?goodsNo=A000000213943,https://image.oliveyoung.co.kr/cfimages/cf-goods/uploads/images/thumbnails/400/10/0000/0021/A000000213943114ko.jpg?l=ko,33000,29000,12.1,13466,4.8,83,11,4,1,1,1,0,0,1,A000000213943,10000010002
2026-09-11,메이크업,10,투에이엔,[9월 올영픽/산리오콜라보] 투에이엔 러브 포켓 메이크업 키트 2종 중 택 1,https://www.oliveyoung.co.kr/store/goods/getGoodsDetail.do?goodsNo=A000000262995,https://image.oliveyoung.co.kr/cfimages/cf-goods/uploads/images/thumbnails/400/10/0000/0026/A00000026299511ko.jpg?l=ko,35000,29500,15.7,191,4.7,84,8,5,2,1,1,1,0,1,A000000262995,10000010002
2026-09-11,메이크업,11,클리오,[NO.1 아이라이너] 클리오 샤프 쏘 심플 워터프루프 펜슬라이너 단품/더블기획,https://www.oliveyoung.co.kr/store/goods/getGoodsDetail.do?goodsNo=A000000198343,https://image.oliveyoung.co.kr/cfimages/cf-goods/uploads/images/thumbnails/400/10/0000/0019/A00000019834329ko.jpg?l=ko,11000,7500,31.8,140851,4.8,82,13,4,1,0,1,1,0,1,A000000198343,10000010002
2026-09-11,메이크업,12,얼터너티브스테레오,[NEW/단독선런칭] 얼터너티브스테레오 립 포션 카라멜 글레이즈 8ml,https://www.oliveyoung.co.kr/store/goods/getGoodsDetail.do?goodsNo=A000000234394,https://image.oliveyoung.co.kr/cfimages/cf-goods/uploads/images/thumbnails/400/10/0000/0023/A000000234394112ko.jpg?l=ko,19000,19000,0.0,36651,4.8,86,10,3,1,0,0,0,0,1,A000000234394,10000010002
2026-09-11,메이크업,13,오프라 코스메틱,[패키지리뉴얼/톤별맞춤] 오프라 슬림 미니 하이라이터 (+기획/본품),https://www.oliveyoung.co.kr/store/goods/getGoodsDetail.do?goodsNo=A000000263862,https://image.oliveyoung.co.kr/cfimages/cf-goods/uploads/images/thumbnails/400/10/0000/0026/A00000026386205ko.jpg?l=ko,29000,24650,15.0,6665,4.8,87,9,3,1,1,1,1,0,1,A000000263862,10000010002
2026-09-11,메이크업,14,에뛰드,[NEW] 에뛰드 듀오 픽싱 틴트,https://www.oliveyoung.co.kr/store/goods/getGoodsDetail.do?goodsNo=A000000262953,https://image.oliveyoung.co.kr/cfimages/cf-goods/uploads/images/thumbnails/400/10/0000/0026/A00000026295311ko.png?l=ko,13000,11700,10.0,1419,4.8,84,11,4,1,1,1,0,0,1,A000000262953,10000010002
2026-09-11,메이크업,15,라카,[NEW/이시안공동개발] 라카 퍼펙트 트윈 립 4.7g+4.2g 12 colors,https://www.oliveyoung.co.kr/store/goods/getGoodsDetail.do?goodsNo=A000000255256,https://image.oliveyoung.co.kr/cfimages/cf-goods/uploads/images/thumbnails/400/10/0000/0025/A00000025525618ko.jpg?l=ko,22000,22000,0.0,5449,4.5,70,15,8,3,3,0,0,0,1,A000000255256,10000010002
2026-09-11,메이크업,16,코스노리,[1등속눈썹영양제] 코스노리 아이래쉬 세럼 속눈썹영양제 9g (클리어/블랙),https://www.oliveyoung.co.kr/store/goods/getGoodsDetail.do?goodsNo=A000000140618,https://image.oliveyoung.co.kr/cfimages/cf-goods/uploads/images/thumbnails/400/10/0000/0014/A000000140618149ko.jpg?l=ko,18000,14400,20.0,59400,4.7,81,14,4,1,0,1,0,0,1,A000000140618,10000010002
2026-09-11,메이크업,17,헤라,[9월올영픽/NEW 로지 아이보리 단독 출시] 헤라 블랙 쿠션 파운데이션 기획 (15g+15g) 9 Colors,https://www.oliveyoung.co.kr/store/goods/getGoodsDetail.do?goodsNo=A000000202777,https://image.oliveyoung.co.kr/cfimages/cf-goods/uploads/images/thumbnails/400/10/0000/0020/A00000020277799ko.png?l=ko,74000,62900,15.0,18108,4.8,85,11,3,1,1,1,0,0,1,A000000202777,10000010002
2026-09-11,메이크업,18,에이프릴스킨,[NEW][리뉴얼/철벽커버] 에이프릴스킨 히어로쿠션 2.0 (본품+리필+퍼프2개),https://www.oliveyoung.co.kr/store/goods/getGoodsDetail.do?goodsNo=A000000259872,https://image.oliveyoung.co.kr/cfimages/cf-goods/uploads/images/thumbnails/400/10/0000/0025/A00000025987264ko.jpg?l=ko,33000,24100,27.0,1458,4.8,85,9,3,1,1,1,0,0,1,A000000259872,10000010002
2026-09-11,메이크업,19,롬앤,[NEW산리오캐릭터즈 /1등 틴트]  롬앤 더 쥬시 래스팅 틴트 (쿠로미/한교동),https://www.oliveyoung.co.kr/store/goods/getGoodsDetail.do?goodsNo=A000000241210,https://image.oliveyoung.co.kr/cfimages/cf-goods/uploads/images/thumbnails/400/10/0000/0024/A00000024121085ko.jpg?l=ko,13000,9600,26.2,272651,4.7,80,14,5,1,1,1,1,0,1,A000000241210,10000010002
2026-09-11,메이크업,20,페리페라,[곡물라떼 컬러 NEW] 페리페라 무드 글로이 틴트 32 Colors,https://www.oliveyoung.co.kr/store/goods/getGoodsDetail.do?goodsNo=A000000244834,https://image.oliveyoung.co.kr/cfimages/cf-goods/uploads/images/thumbnails/400/10/0000/0024/A00000024483462ko.jpg?l=ko,13000,9300,28.5,156969,4.7,81,14,4,1,1,1,0,0,1,A000000244834,10000010002
2026-09-11,메이크업,21,웨이크메이크,[레오파드 헬로키티] 웨이크메이크 레오파드 헬로키티 19종 골라담기(단품/기획),https://www.oliveyoung.co.kr/store/goods/getGoodsDetail.do?goodsNo=A000000266721,https://image.oliveyoung.co.kr/cfimages/cf-goods/uploads/images/thumbnails/400/10/0000/0026/A00000026672119ko.jpg?l=ko,44000,31400,28.6,2021,4.8,88,9,2,0,1,1,1,1,1,A000000266721,10000010002
2026-09-11,메이크업,22,페리페라,페리페라 스피디 스키니 브로우 8 Colors,https://www.oliveyoung.co.kr/store/goods/getGoodsDetail.do?goodsNo=A000000138671,https://image.oliveyoung.co.kr/cfimages/cf-goods/uploads/images/thumbnails/400/10/0000/0013/A00000013867160ko.jpg?l=ko,6000,6000,0.0,103649,4.8,86,11,3,0,0,0,0,0,1,A000000138671,10000010002
2026-09-11,메이크업,23,에뛰드,[1등 컬링] 에뛰드 컬 픽스 마스카라 단품/증정기획/1+1기획,https://www.oliveyoung.co.kr/store/goods/getGoodsDetail.do?goodsNo=A000000203943,https://image.oliveyoung.co.kr/cfimages/cf-goods/uploads/images/thumbnails/400/10/0000/0020/A000000203943137ko.png?l=ko,16000,12200,23.8,77591,4.8,86,10,3,1,0,1,0,0,1,A000000203943,10000010002
2026-09-11,메이크업,24,홀리카홀리카,[9월올영픽/NEW컬러] 홀리카홀리카 마이페이브 무드 아이 팔레트,https://www.oliveyoung.co.kr/store/goods/getGoodsDetail.do?goodsNo=A000000150361,https://image.oliveyoung.co.kr/cfimages/cf-goods/uploads/images/thumbnails/400/10/0000/0015/A00000015036197ko.png?l=ko,28000,20500,26.8,38479,4.8,84,12,3,1,0,1,1,0,1,A000000150361,10000010002
2026-09-11,메이크업,25,데이지크,[9월 올영픽/NEW산리오 에디션] 데이지크 미니 섀도우 팔레트 4 colors,https://www.oliveyoung.co.kr/store/goods/getGoodsDetail.do?goodsNo=A000000232410,https://image.oliveyoung.co.kr/cfimages/cf-goods/uploads/images/thumbnails/400/10/0000/0023/A00000023241015ko.jpg?l=ko,19900,13700,31.2,2618,4.8,83,12,4,1,0,1,1,0,1,A000000232410,10000010002
2026-09-11,메이크업,26,얼터너티브스테레오,[NEW카라멜증정]얼터너티브스테레오 무드 레이어 스틱 크레용 1.4g,https://www.oliveyoung.co.kr/store/goods/getGoodsDetail.do?goodsNo=A000000243859,https://image.oliveyoung.co.kr/cfimages/cf-goods/uploads/images/thumbnails/400/10/0000/0024/A00000024385927ko.jpg?l=ko,16000,14400,10.0,4265,4.6,76,15,6,1,2,1,0,0,1,A000000243859,10000010002
2026-09-11,메이크업,27,클리오,[NEW/OY 단독컬러] 클리오 킬 커버 파운웨어 쿠션 단품/기획(+리필+프레쉬 프렙 베이스 증정),https://www.oliveyoung.co.kr/store/goods/getGoodsDetail.do?goodsNo=A000000232098,https://image.oliveyoung.co.kr/cfimages/cf-goods/uploads/images/thumbnails/400/10/0000/0023/A00000023209863ko.jpg?l=ko,36000,27000,25.0,15674,4.7,83,11,4,1,1,1,0,0,1,A000000232098,10000010002
2026-09-11,메이크업,28,프레시안,[1등품절템] 프레시안 에그라이크 크림 블러쉬 (단독 기획)(카드케이스 증정_9/14일부터 ~),https://www.oliveyoung.co.kr/store/goods/getGoodsDetail.do?goodsNo=A000000212749,https://image.oliveyoung.co.kr/cfimages/cf-goods/uploads/images/thumbnails/400/10/0000/0021/A000000212749117ko.png?l=ko,23000,20300,11.7,26202,4.8,85,10,3,1,1,1,1,0,1,A000000212749,10000010002
2026-09-11,메이크업,29,밈즈,[민카롱PICK]밈즈 브이로그 에어 커버 쿠션 4 Colors,https://www.oliveyoung.co.kr/store/goods/getGoodsDetail.do?goodsNo=A000000264225,https://image.oliveyoung.co.kr/cfimages/cf-goods/uploads/images/thumbnails/400/10/0000/0026/A00000026422516ko.jpg?l=ko,21000,18900,10.0,2683,5.0,100,0,0,,0,1,0,0,1,A000000264225,10000010002
2026-09-11,메이크업,30,투쿨포스쿨,[눈매확장 필수템] 투쿨포스쿨 스머징 트임 라이너 13 Colors,https://www.oliveyoung.co.kr/store/goods/getGoodsDetail.do?goodsNo=A000000199182,https://image.oliveyoung.co.kr/cfimages/cf-goods/uploads/images/thumbnails/400/10/0000/0019/A00000019918237ko.jpg?l=ko,12000,12000,0.0,53925,4.7,82,13,4,1,1,0,0,0,1,A000000199182,10000010002
2026-09-11,메이크업,31,비디비치,[쿠션리필+블러시 증정] 비디비치 블랙 퍼펙션 커버 핏 쿠션 기획,https://www.oliveyoung.co.kr/store/goods/getGoodsDetail.do?goodsNo=A000000233171,https://image.oliveyoung.co.kr/cfimages/cf-goods/uploads/images/thumbnails/400/10/0000/0023/A00000023317137ko.jpg?l=ko,46000,36800,20.0,10009,4.7,84,11,4,1,1,1,1,1,1,A000000233171,10000010002
2026-09-11,메이크업,32,클리오,[NEW 소프트 핑크 룩] 클리오 뮤즈 마스터 팔레트 단품/기획 (+브로우 카라 증정),https://www.oliveyoung.co.kr/store/goods/getGoodsDetail.do?goodsNo=A000000248345,https://image.oliveyoung.co.kr/cfimages/cf-goods/uploads/images/thumbnails/400/10/0000/0024/A00000024834528ko.jpg?l=ko,27000,17960,33.5,8075,4.8,85,11,3,0,1,1,1,0,1,A000000248345,10000010002
2026-09-11,메이크업,33,에스쁘아,[단독기획/단종부활템] 에스쁘아 이지 웨어 아이 팔레트 3 colors 오트라떼/로즈라떼/베리라떼,https://www.oliveyoung.co.kr/store/goods/getGoodsDetail.do?goodsNo=A000000263050,https://image.oliveyoung.co.kr/cfimages/cf-goods/uploads/images/thumbnails/400/10/0000/0026/A00000026305007ko.jpg?l=ko,32000,25900,19.1,743,4.8,89,8,3,1,0,1,0,0,1,A000000263050,10000010002
2026-09-11,메이크업,34,토리든,[9월올영픽/NEW] 토리든 밸런스풀 컬러 케어 립 에센스 11ml 5종 (산리오) (2609),https://www.oliveyoung.co.kr/store/goods/getGoodsDetail.do?goodsNo=A000000262994,https://image.oliveyoung.co.kr/cfimages/cf-goods/uploads/images/thumbnails/400/10/0000/0026/A00000026299432ko.jpg?l=ko,13000,10800,16.9,384,4.9,90,6,3,1,,1,1,0,1,A000000262994,10000010002
2026-09-11,메이크업,35,롬앤,[NEW산리오캐릭터즈] 롬앤 베러 댄 컨투어 (쿠로미),https://www.oliveyoung.co.kr/store/goods/getGoodsDetail.do?goodsNo=A000000201055,https://image.oliveyoung.co.kr/cfimages/cf-goods/uploads/images/thumbnails/400/10/0000/0020/A00000020105568ko.jpg?l=ko,24000,20400,15.0,16582,4.8,87,10,2,0,0,1,1,0,1,A000000201055,10000010002
2026-09-11,메이크업,36,네이밍,[1등 블러셔/모공블러] 네이밍 플러피 파우더 블러쉬 20colors,https://www.oliveyoung.co.kr/store/goods/getGoodsDetail.do?goodsNo=A000000171371,https://image.oliveyoung.co.kr/cfimages/cf-goods/uploads/images/thumbnails/400/10/0000/0017/A000000171371117ko.jpg?l=ko,15000,11500,23.3,45300,4.8,87,10,3,0,0,1,1,0,1,A000000171371,10000010002
2026-09-11,메이크업,37,로지킴,[NEW/미니 뉴트럴로즈 증정] 로지킴 PDRN 틴티드 립 앰플 단품/기획 10ml 13colors,https://www.oliveyoung.co.kr/store/goods/getGoodsDetail.do?goodsNo=A000000243535,https://image.oliveyoung.co.kr/cfimages/cf-goods/uploads/images/thumbnails/400/10/0000/0024/A00000024353589ko.jpg?l=ko,24000,22320,7.0,5272,4.8,85,10,3,1,1,1,0,0,1,A000000243535,10000010002
2026-09-11,메이크업,38,파넬,[진정커버/1위쿠션][촉촉/건성/예민] 파넬 시카마누 세럼쿠션(단품/기획),https://www.oliveyoung.co.kr/store/goods/getGoodsDetail.do?goodsNo=A000000190611,https://image.oliveyoung.co.kr/cfimages/cf-goods/uploads/images/thumbnails/400/10/0000/0019/A00000019061144ko.jpg?l=ko,37000,29600,20.0,17240,4.6,74,16,7,2,2,1,0,0,1,A000000190611,10000010002
2026-09-11,메이크업,39,VDL,VDL 톤 스테인 컬러 코렉팅 프라이머 30ml,https://www.oliveyoung.co.kr/store/goods/getGoodsDetail.do?goodsNo=A000000205908,https://image.oliveyoung.co.kr/cfimages/cf-goods/uploads/images/thumbnails/400/10/0000/0020/A00000020590867ko.jpg?l=ko,26000,19500,25.0,12916,4.7,81,13,5,1,1,1,0,0,1,A000000205908,10000010002
2026-09-11,메이크업,40,하트퍼센트,[태산 PICK/NEW 기획] 하트퍼센트 도트 온 무드 립펜슬 0.8g 25종 (단품/기획),https://www.oliveyoung.co.kr/store/goods/getGoodsDetail.do?goodsNo=A000000174066,https://image.oliveyoung.co.kr/cfimages/cf-goods/uploads/images/thumbnails/400/10/0000/0017/A00000017406681ko.jpg?l=ko,14000,12600,10.0,58056,4.8,82,13,4,1,1,1,0,0,1,A000000174066,10000010002
2026-09-11,메이크업,41,페리페라,[NEW] 페리페라 무드 블러 틴트 9 Colors,https://www.oliveyoung.co.kr/store/goods/getGoodsDetail.do?goodsNo=A000000263099,https://image.oliveyoung.co.kr/cfimages/cf-goods/uploads/images/thumbnails/400/10/0000/0026/A00000026309960ko.jpg?l=ko,13000,10400,20.0,512,4.8,88,8,2,1,1,1,0,0,1,A000000263099,10000010002
2026-09-11,메이크업,42,투슬래시포,[NEW로즈/브러쉬증정] 투슬래시포 올 오버 페이스 블러쉬  (기획/단품),https://www.oliveyoung.co.kr/store/goods/getGoodsDetail.do?goodsNo=A000000227705,https://image.oliveyoung.co.kr/cfimages/cf-goods/uploads/images/thumbnails/400/10/0000/0022/A00000022770559ko.jpg?l=ko,25000,23750,5.0,22841,4.9,89,8,2,0,0,1,0,0,1,A000000227705,10000010002
2026-09-11,메이크업,43,페리페라,페리페라 스피디 스키니 브로우 마스카라 10 Colors (단품/더블),https://www.oliveyoung.co.kr/store/goods/getGoodsDetail.do?goodsNo=A000000167236,https://image.oliveyoung.co.kr/cfimages/cf-goods/uploads/images/thumbnails/400/10/0000/0016/A00000016723682ko.jpg?l=ko,8000,8000,0.0,48409,4.8,84,12,4,1,0,0,0,0,1,A000000167236,10000010002
2026-09-11,메이크업,44,데이지크,[스틱섀도우&미니 마스카라 기획세트]데이지크 섀도우팔레트 25 colors (단품/기획),https://www.oliveyoung.co.kr/store/goods/getGoodsDetail.do?goodsNo=A000000147801,https://image.oliveyoung.co.kr/cfimages/cf-goods/uploads/images/thumbnails/400/10/0000/0014/A000000147801190ko.jpg?l=ko,34000,27900,17.9,40764,4.7,80,14,5,1,1,1,1,0,1,A000000147801,10000010002
2026-09-11,메이크업,45,헤라,[9월 올영픽/근본 립글로스] 헤라 센슈얼 누드 글로스 5g 13 Colors 기획/단품,https://www.oliveyoung.co.kr/store/goods/getGoodsDetail.do?goodsNo=A000000177984,https://image.oliveyoung.co.kr/cfimages/cf-goods/uploads/images/thumbnails/400/10/0000/0017/A000000177984113ko.jpg?l=ko,40000,34000,15.0,17757,4.8,87,10,3,0,0,1,0,0,1,A000000177984,10000010002
2026-09-11,메이크업,46,VDL,[인생템/모공블러치크] VDL 치크스테인 블러셔/블러셔 듀오 6g,https://www.oliveyoung.co.kr/store/goods/getGoodsDetail.do?goodsNo=A000000184299,https://image.oliveyoung.co.kr/cfimages/cf-goods/uploads/images/thumbnails/400/10/0000/0018/A00000018429985ko.jpg?l=ko,23000,18400,20.0,35083,4.8,86,10,3,0,0,1,0,0,1,A000000184299,10000010002
2026-09-11,메이크업,47,투쿨포스쿨,[신개념 벨벳 립] 투쿨포스쿨 스웨이 립 벨벳 (기획/단품) 14 Colors,https://www.oliveyoung.co.kr/store/goods/getGoodsDetail.do?goodsNo=A000000232145,https://image.oliveyoung.co.kr/cfimages/cf-goods/uploads/images/thumbnails/400/10/0000/0023/A00000023214537ko.jpg?l=ko,15000,9900,34.0,8367,4.6,77,14,6,1,1,0,1,0,1,A000000232145,10000010002
2026-09-11,메이크업,48,키스미,[한정수량1+1] 키스미 스무스 리퀴드 아이라이너 N (3 color) (단품/기획),https://www.oliveyoung.co.kr/store/goods/getGoodsDetail.do?goodsNo=A000000185974,https://image.oliveyoung.co.kr/cfimages/cf-goods/uploads/images/thumbnails/400/10/0000/0018/A00000018597487ko.jpg?l=ko,18000,18000,0.0,51745,4.8,87,10,3,0,0,0,0,0,1,A000000185974,10000010002
2026-09-11,메이크업,49,쏘내추럴,쏘내추럴 올 데이 타이트 메이크업 세팅 픽서 120ml,https://www.oliveyoung.co.kr/store/goods/getGoodsDetail.do?goodsNo=A000000138762,https://image.oliveyoung.co.kr/cfimages/cf-goods/uploads/images/thumbnails/400/10/0000/0013/A00000013876229ko.jpg?l=ko,24000,18000,25.0,47073,4.8,86,10,3,1,0,1,0,0,1,A000000138762,10000010002
2026-09-11,메이크업,50,롬앤,[NEW산리오캐릭터즈 / 아일릿 원희픽] 롬앤 글래스팅 컬러 글로스 (쿠로미/한교동),https://www.oliveyoung.co.kr/store/goods/getGoodsDetail.do?goodsNo=A000000197231,https://image.oliveyoung.co.kr/cfimages/cf-goods/uploads/images/thumbnails/400/10/0000/0019/A000000197231112ko.jpg?l=ko,13000,9400,27.7,64936,4.7,82,12,4,1,1,1,1,0,1,A000000197231,10000010002
2026-09-11,메이크업,51,네이밍,[수부지쿠션] 네이밍 레이어드 핏 쿠션 기획(본품+리필),https://www.oliveyoung.co.kr/store/goods/getGoodsDetail.do?goodsNo=A000000175954,https://image.oliveyoung.co.kr/cfimages/cf-goods/uploads/images/thumbnails/400/10/0000/0017/A000000175954116ko.jpg?l=ko,34000,26900,20.9,32490,4.7,79,14,5,1,1,1,1,0,1,A000000175954,10000010002
2026-09-11,메이크업,52,오브제,[NEW 보송버전 출시] [덱스PICK] 오브제 내추럴 커버 로션 50g 단품/기획(+미니어처 10ml),https://www.oliveyoung.co.kr/store/goods/getGoodsDetail.do?goodsNo=A000000204975,https://image.oliveyoung.co.kr/cfimages/cf-goods/uploads/images/thumbnails/400/10/0000/0020/A00000020497522ko.jpg?l=ko,29800,27900,6.4,5928,4.9,91,7,2,0,1,1,0,0,1,A000000204975,10000010002
2026-09-11,메이크업,53,코스노리,[간편컬러체인지] 코스노리 이지 브로우 체인저 5회분 (톤 체인저 / 무드 체인저),https://www.oliveyoung.co.kr/store/goods/getGoodsDetail.do?goodsNo=A000000226517,https://image.oliveyoung.co.kr/cfimages/cf-goods/uploads/images/thumbnails/400/10/0000/0022/A00000022651747ko.jpg?l=ko,26000,20600,20.8,6550,4.7,84,11,4,1,1,1,1,0,1,A000000226517,10000010002
2026-09-11,메이크업,54,릴리바이레드,[산리오캐릭터즈/사각 파우치] 릴리바이레드 듀이 핏 팔레트 8종 (단품/기획),https://www.oliveyoung.co.kr/store/goods/getGoodsDetail.do?goodsNo=A000000224871,https://image.oliveyoung.co.kr/cfimages/cf-goods/uploads/images/thumbnails/400/10/0000/0022/A00000022487141ko.jpg?l=ko,31000,21800,29.7,7987,4.8,86,10,3,0,0,1,1,0,1,A000000224871,10000010002
2026-09-11,메이크업,55,릴리바이레드,[산리오캐릭터즈/틴케이스 키링] 릴리바이레드 앙큼 라이어 코팅 틴트 18종 (단품/기획),https://www.oliveyoung.co.kr/store/goods/getGoodsDetail.do?goodsNo=A000000251137,https://image.oliveyoung.co.kr/cfimages/cf-goods/uploads/images/thumbnails/400/10/0000/0025/A00000025113729ko.jpg?l=ko,13000,9300,28.5,26130,4.7,78,15,5,1,1,1,1,0,1,A000000251137,10000010002
2026-09-11,메이크업,56,롬앤,[NEW산리오캐릭터즈] 롬앤 베러 댄 팔레트 (쿠로미/한교동),https://www.oliveyoung.co.kr/store/goods/getGoodsDetail.do?goodsNo=A000000148390,https://image.oliveyoung.co.kr/cfimages/cf-goods/uploads/images/thumbnails/400/10/0000/0014/A000000148390114ko.jpg?l=ko,30000,22400,25.3,26847,4.8,81,14,4,1,0,1,1,0,1,A000000148390,10000010002
2026-09-11,메이크업,57,클리오,[단독기획] 클리오 킬브로우 오토하드브로우 펜슬 단품/기획 (+컨실러펜슬 증정),https://www.oliveyoung.co.kr/store/goods/getGoodsDetail.do?goodsNo=A000000204946,https://image.oliveyoung.co.kr/cfimages/cf-goods/uploads/images/thumbnails/400/10/0000/0020/A00000020494668ko.jpg?l=ko,20000,13800,31.0,40331,4.8,85,12,3,0,0,1,1,0,1,A000000204946,10000010002
2026-09-11,메이크업,58,페리페라,[NEW 트임라이너 증정기획] 페리페라 올테이크 무드 팔레트 9 Colors (단품/기획),https://www.oliveyoung.co.kr/store/goods/getGoodsDetail.do?goodsNo=A000000204450,https://image.oliveyoung.co.kr/cfimages/cf-goods/uploads/images/thumbnails/400/10/0000/0020/A000000204450111ko.jpg?l=ko,23000,18400,20.0,17734,4.8,83,12,3,0,0,1,0,0,1,A000000204450,10000010002
2026-09-11,메이크업,59,투쿨포스쿨,[OY단독기획/샤프너증정] 투쿨포스쿨 프로타주 펜슬 (기획/단품),https://www.oliveyoung.co.kr/store/goods/getGoodsDetail.do?goodsNo=A000000120656,https://image.oliveyoung.co.kr/cfimages/cf-goods/uploads/images/thumbnails/400/10/0000/0012/A000000120656109ko.jpg?l=ko,12000,12000,0.0,90014,4.7,79,14,5,1,1,0,0,0,1,A000000120656,10000010002
2026-09-11,메이크업,60,바닐라코,[NEW컬러] 바닐라코 스머징 립 펜슬 0.8g 12종,https://www.oliveyoung.co.kr/store/goods/getGoodsDetail.do?goodsNo=A000000180569,https://image.oliveyoung.co.kr/cfimages/cf-goods/uploads/images/thumbnails/400/10/0000/0018/A00000018056965ko.jpg?l=ko,14000,11200,20.0,22924,4.8,82,13,4,1,0,1,0,0,1,A000000180569,10000010002
2026-09-11,메이크업,61,VDL,[화잘먹프렙증정/단독기획] VDL 커버 스테인 퍼펙팅 쿠션 기획 (본품+리필),https://www.oliveyoung.co.kr/store/goods/getGoodsDetail.do?goodsNo=A000000185903,https://image.oliveyoung.co.kr/cfimages/cf-goods/uploads/images/thumbnails/400/10/0000/0018/A00000018590380ko.jpg?l=ko,36000,28800,20.0,21080,4.7,78,14,5,1,1,1,0,0,1,A000000185903,10000010002
2026-09-11,메이크업,62,오브제,[1등파데 리뉴얼] 오브제 내추럴 커버 파운데이션 PRO 14g 단품/기획 (+올인원 30ml 증정),https://www.oliveyoung.co.kr/store/goods/getGoodsDetail.do?goodsNo=A000000258285,https://image.oliveyoung.co.kr/cfimages/cf-goods/uploads/images/thumbnails/400/10/0000/0025/A00000025828512ko.jpg?l=ko,36800,31450,14.5,8167,4.8,89,8,2,0,0,1,1,0,1,A000000258285,10000010002
2026-09-11,메이크업,63,컬러그램,[한정기획][눈매확장]컬러그램 올인원 애교살 메이커 & 음영 창조 라이너(단품/기획),https://www.oliveyoung.co.kr/store/goods/getGoodsDetail.do?goodsNo=A000000257264,https://image.oliveyoung.co.kr/cfimages/cf-goods/uploads/images/thumbnails/400/10/0000/0025/A00000025726412ko.jpg?l=ko,9800,7900,19.4,119974,4.7,79,14,5,1,1,1,0,0,1,A000000257264,10000010002
2026-09-11,메이크업,64,클리오,[단독기획] 클리오 벨벳 립 펜슬 단품/기획 (+미니 립펜슬 증정),https://www.oliveyoung.co.kr/store/goods/getGoodsDetail.do?goodsNo=A000000189033,https://image.oliveyoung.co.kr/cfimages/cf-goods/uploads/images/thumbnails/400/10/0000/0018/A00000018903344ko.jpg?l=ko,14000,9410,32.8,28757,4.8,84,12,3,0,0,1,1,0,1,A000000189033,10000010002
2026-09-11,메이크업,65,루나,[24시간커버지속/올리브영 6년연속 1등] 루나 롱래스팅 팁 컨실러 EX 20colors,https://www.oliveyoung.co.kr/store/goods/getGoodsDetail.do?goodsNo=A000000012239,https://image.oliveyoung.co.kr/cfimages/cf-goods/uploads/images/thumbnails/400/10/0000/0001/A000000012239140ko.jpg?l=ko,17000,17000,0.0,51313,4.7,79,16,4,1,0,0,0,0,1,A000000012239,10000010002
2026-09-11,메이크업,66,네이밍,[9/11 하루특가] [철벽고정&멀티라이너] 네이밍 퍼펙테일 아이 디자이닝 펜슬 슬림/듀얼라이너 단품&기획,https://www.oliveyoung.co.kr/store/goods/getGoodsDetail.do?goodsNo=A000000249764,https://image.oliveyoung.co.kr/cfimages/cf-goods/uploads/images/thumbnails/400/10/0000/0024/A00000024976417ko.jpg?l=ko,14000,9900,29.3,2144,4.7,80,12,6,2,1,1,1,0,1,A000000249764,10000010002
2026-09-11,메이크업,67,어바웃톤,[여름필수파데] 어바웃톤 스킨 레이어 핏 파운데이션 30ml 8종 (기획/단품),https://www.oliveyoung.co.kr/store/goods/getGoodsDetail.do?goodsNo=A000000211936,https://image.oliveyoung.co.kr/cfimages/cf-goods/uploads/images/thumbnails/400/10/0000/0021/A00000021193634ko.jpg?l=ko,28000,28000,0.0,13631,4.7,79,14,5,1,1,0,0,0,1,A000000211936,10000010002
2026-09-11,메이크업,68,YNM,[NEW/리뷰이벤트/시나모롤 에디션] YNM 글로우 허니립밤 6종 단품/기획,https://www.oliveyoung.co.kr/store/goods/getGoodsDetail.do?goodsNo=A000000255696,https://image.oliveyoung.co.kr/cfimages/cf-goods/uploads/images/thumbnails/400/10/0000/0025/A00000025569642ko.jpg?l=ko,12000,7900,34.2,1141,4.8,87,7,4,1,1,1,1,0,1,A000000255696,10000010002
2026-09-11,메이크업,69,힌스,[멀티유즈 펜슬 증정/FW 신규 컬러] 힌스 로 글로우 젤 틴트 29 Colors 한정 기획,https://www.oliveyoung.co.kr/store/goods/getGoodsDetail.do?goodsNo=A000000202912,https://image.oliveyoung.co.kr/cfimages/cf-goods/uploads/images/thumbnails/400/10/0000/0020/A000000202912172ko.jpg?l=ko,17000,13600,20.0,36209,4.7,81,13,4,1,1,1,0,0,1,A000000202912,10000010002
2026-09-11,메이크업,70,VDL,[NEW올리브컬러/1등 파데] VDL 커버 스테인 퍼펙팅 파운데이션 30ml,https://www.oliveyoung.co.kr/store/goods/getGoodsDetail.do?goodsNo=A000000178635,https://image.oliveyoung.co.kr/cfimages/cf-goods/uploads/images/thumbnails/400/10/0000/0017/A00000017863576ko.jpg?l=ko,34000,27200,20.0,19033,4.7,80,13,4,1,1,1,0,0,1,A000000178635,10000010002
2026-09-11,메이크업,71,설화수,설화수 퍼펙팅/에어리/ 쿠션 기획(본품15g+리필15g) / 단품 / 리필,https://www.oliveyoung.co.kr/store/goods/getGoodsDetail.do?goodsNo=A000000204615,https://image.oliveyoung.co.kr/cfimages/cf-goods/uploads/images/thumbnails/400/10/0000/0020/A00000020461541ko.png?l=ko,41000,36900,10.0,701,4.7,82,10,4,1,2,0,1,0,1,A000000204615,10000010002
2026-09-11,메이크업,72,네이밍,[더블기획/철벽고정] 네이밍 퍼펙테일 아이 디자이닝 펜슬 슬림 라이너 단품/기획,https://www.oliveyoung.co.kr/store/goods/getGoodsDetail.do?goodsNo=A000000232694,https://image.oliveyoung.co.kr/cfimages/cf-goods/uploads/images/thumbnails/400/10/0000/0023/A00000023269455ko.jpg?l=ko,14000,9900,29.3,7652,4.7,81,12,5,1,1,1,1,0,1,A000000232694,10000010002
2026-09-11,메이크업,73,퓌,[화잘먹미스트] 퓌 쉐이킹 시너지 미스트 50ml 4종,https://www.oliveyoung.co.kr/store/goods/getGoodsDetail.do?goodsNo=A000000260483,https://image.oliveyoung.co.kr/cfimages/cf-goods/uploads/images/thumbnails/400/10/0000/0026/A00000026048324ko.png?l=ko,22000,16900,23.2,750,4.7,85,8,3,1,2,1,0,0,1,A000000260483,10000010002
2026-09-11,메이크업,74,터치인솔,[픽서증정기획]터치인솔 노포어블럼 프라이머 프렙 30ml,https://www.oliveyoung.co.kr/store/goods/getGoodsDetail.do?goodsNo=A000000249718,https://image.oliveyoung.co.kr/cfimages/cf-goods/uploads/images/thumbnails/400/10/0000/0024/A00000024971825ko.jpg?l=ko,25000,18000,28.0,3229,4.9,94,4,2,0,1,1,0,0,1,A000000249718,10000010002
2026-09-11,메이크업,75,투크,[9월 올영픽] 투크 워터프루프 슬림 아이라이너 15 colors (단품/산리오 캐릭터즈 미니 트리오 기획),https://www.oliveyoung.co.kr/store/goods/getGoodsDetail.do?goodsNo=A000000185046,https://image.oliveyoung.co.kr/cfimages/cf-goods/uploads/images/thumbnails/400/10/0000/0018/A00000018504653ko.jpg?l=ko,13900,13400,3.6,60704,4.7,81,13,5,1,1,1,0,0,1,A000000185046,10000010002
2026-09-11,메이크업,76,투쿨포스쿨,[국민쉐이딩] 투쿨포스쿨 바이로댕 쉐이딩 4 Colors,https://www.oliveyoung.co.kr/store/goods/getGoodsDetail.do?goodsNo=A000000145650,https://image.oliveyoung.co.kr/cfimages/cf-goods/uploads/images/thumbnails/400/10/0000/0014/A000000145650153ko.jpg?l=ko,16000,16000,0.0,53738,4.8,83,13,3,0,0,0,0,0,1,A000000145650,10000010002
2026-09-11,메이크업,77,바닐라코,[1등 파우더] 바닐라코 프라임 프라이머 피니쉬 파우더 12g,https://www.oliveyoung.co.kr/store/goods/getGoodsDetail.do?goodsNo=A000000253093,https://image.oliveyoung.co.kr/cfimages/cf-goods/uploads/images/thumbnails/400/10/0000/0025/A00000025309323ko.jpg?l=ko,22000,22000,0.0,48179,4.8,86,10,3,0,0,0,0,0,1,A000000253093,10000010002
2026-09-11,메이크업,78,엔트로피 메이크업,[리뉴얼] 엔트로피 브로우 블리치/애쉬브라운/베이지브라운/원유즈 3종,https://www.oliveyoung.co.kr/store/goods/getGoodsDetail.do?goodsNo=A000000181223,https://image.oliveyoung.co.kr/cfimages/cf-goods/uploads/images/thumbnails/400/10/0000/0018/A00000018122369ko.png?l=ko,36000,30600,15.0,4655,4.6,77,13,6,2,3,1,1,0,1,A000000181223,10000010002
2026-09-11,메이크업,79,롬앤,[NEW산리오캐릭터즈] 롬앤 베러 댄 치크 (쿠로미),https://www.oliveyoung.co.kr/store/goods/getGoodsDetail.do?goodsNo=A000000172610,https://image.oliveyoung.co.kr/cfimages/cf-goods/uploads/images/thumbnails/400/10/0000/0017/A000000172610108ko.jpg?l=ko,12000,9400,21.7,56845,4.8,82,14,4,0,0,1,1,0,1,A000000172610,10000010002
2026-09-11,메이크업,80,클리오,[산리오캐릭터즈/쿠로미 에디션] 클리오 킬 커버 파운웨어 쿠션 미니 5g,https://www.oliveyoung.co.kr/store/goods/getGoodsDetail.do?goodsNo=A000000241980,https://image.oliveyoung.co.kr/cfimages/cf-goods/uploads/images/thumbnails/400/10/0000/0024/A00000024198005ko.jpg?l=ko,16000,9400,41.2,16343,4.7,83,11,4,1,1,1,1,0,1,A000000241980,10000010002
2026-09-11,메이크업,81,컬러그램,[꼬막눈 확장/듀오기획]컬러그램 음영 창조 라이너 10COLOR (기획/단품),https://www.oliveyoung.co.kr/store/goods/getGoodsDetail.do?goodsNo=A000000162103,https://image.oliveyoung.co.kr/cfimages/cf-goods/uploads/images/thumbnails/400/10/0000/0016/A00000016210373ko.jpg?l=ko,9900,7900,20.2,51923,4.7,82,12,4,1,1,1,0,0,1,A000000162103,10000010002
2026-09-11,메이크업,82,에스쁘아,[1등 글로우 파데/웨딩피치] 에스쁘아 비글로우 파운데이션 30g 10 colors,https://www.oliveyoung.co.kr/store/goods/getGoodsDetail.do?goodsNo=A000000174064,https://image.oliveyoung.co.kr/cfimages/cf-goods/uploads/images/thumbnails/400/10/0000/0017/A00000017406473ko.jpg?l=ko,42000,33500,20.2,11413,4.7,79,14,5,1,1,1,0,0,1,A000000174064,10000010002
2026-09-11,메이크업,83,토니모리,[멀멀착색립] 토니모리 퍼펙트 립스 쇼킹 립,https://www.oliveyoung.co.kr/store/goods/getGoodsDetail.do?goodsNo=A000000205485,https://image.oliveyoung.co.kr/cfimages/cf-goods/uploads/images/thumbnails/400/10/0000/0020/A000000205485161ko.jpg?l=ko,15000,10500,30.0,66515,4.8,87,8,3,1,1,0,1,0,1,A000000205485,10000010002
2026-09-11,메이크업,84,더샘,[베이스1위/누적 390만개 판매] 더샘 커버 퍼펙션 트리플 팟 컨실러 5colors,https://www.oliveyoung.co.kr/store/goods/getGoodsDetail.do?goodsNo=A000000238763,https://image.oliveyoung.co.kr/cfimages/cf-goods/uploads/images/thumbnails/400/10/0000/0023/A00000023876314ko.jpg?l=ko,12000,10800,10.0,60855,4.7,77,16,5,1,0,1,0,0,1,A000000238763,10000010002
2026-09-11,메이크업,85,웨이크메이크,[레오파드 헬로키티] 웨이크메이크 립 앤 아이 키트(웜톤/쿨톤),https://www.oliveyoung.co.kr/store/goods/getGoodsDetail.do?goodsNo=A000000262863,https://image.oliveyoung.co.kr/cfimages/cf-goods/uploads/images/thumbnails/400/10/0000/0026/A00000026286318ko.jpg?l=ko,44000,31400,28.6,204,4.9,90,7,2,,0,1,1,1,1,A000000262863,10000010002
2026-09-11,메이크업,86,퓌,[단독기획] 퓌 올데이 커버 블랙 쿠션 리필 기획,https://www.oliveyoung.co.kr/store/goods/getGoodsDetail.do?goodsNo=A000000253122,https://image.oliveyoung.co.kr/cfimages/cf-goods/uploads/images/thumbnails/400/10/0000/0025/A00000025312237ko.jpg?l=ko,38000,38000,0.0,11403,4.7,80,13,5,1,2,0,0,0,1,A000000253122,10000010002
2026-09-11,메이크업,87,삐아,[한정기획/쫀쫀탱글 시럽광] 삐아 오버 글레이즈 18종 (기획/단품),https://www.oliveyoung.co.kr/store/goods/getGoodsDetail.do?goodsNo=A000000225046,https://image.oliveyoung.co.kr/cfimages/cf-goods/uploads/images/thumbnails/400/10/0000/0022/A00000022504660ko.jpg?l=ko,16000,11700,26.9,18129,4.8,86,11,3,0,0,1,1,0,1,A000000225046,10000010002
2026-09-11,메이크업,88,웨이크메이크,[립펜슬 기획]웨이크메이크 헬시 글로우/소프트 블러링 밤 스틱(단품/기획),https://www.oliveyoung.co.kr/store/goods/getGoodsDetail.do?goodsNo=A000000262902,https://image.oliveyoung.co.kr/cfimages/cf-goods/uploads/images/thumbnails/400/10/0000/0026/A00000026290203ko.jpg?l=ko,16000,11200,30.0,35104,4.7,82,12,4,1,1,1,1,1,1,A000000262902,10000010002
2026-09-11,메이크업,89,클리오,[단독기획] 클리오 킬 래쉬 수퍼프루프 마스카라 1+1기획 (+젤리섀도우 증정),https://www.oliveyoung.co.kr/store/goods/getGoodsDetail.do?goodsNo=A000000121749,https://image.oliveyoung.co.kr/cfimages/cf-goods/uploads/images/thumbnails/400/10/0000/0012/A000000121749144ko.jpg?l=ko,18000,17400,3.3,60108,4.8,82,13,4,1,0,1,0,0,1,A000000121749,10000010002
2026-09-11,메이크업,90,3CE,[채영PICK/상견례프리패스템] 3CE 무드레시피 페이스 블러쉬 단품/기획,https://www.oliveyoung.co.kr/store/goods/getGoodsDetail.do?goodsNo=A000000109650,https://image.oliveyoung.co.kr/cfimages/cf-goods/uploads/images/thumbnails/400/10/0000/0010/A00000010965094ko.jpg?l=ko,20000,16000,20.0,33847,4.8,85,12,3,0,0,1,0,0,1,A000000109650,10000010002
2026-09-11,메이크업,91,투크,투크 볼륨 글레이즈 시럽틴트 9 colors,https://www.oliveyoung.co.kr/store/goods/getGoodsDetail.do?goodsNo=A000000248529,https://image.oliveyoung.co.kr/cfimages/cf-goods/uploads/images/thumbnails/400/10/0000/0024/A00000024852915ko.jpg?l=ko,16000,11800,26.2,7770,4.8,85,11,3,1,0,1,0,0,1,A000000248529,10000010002
2026-09-11,메이크업,92,클리오,[NEW/한솔실장 공동개발] 클리오 크리스탈 글램 밤 베어 단품/기획 (+립 베이스 스틱 증정),https://www.oliveyoung.co.kr/store/goods/getGoodsDetail.do?goodsNo=A000000263105,https://image.oliveyoung.co.kr/cfimages/cf-goods/uploads/images/thumbnails/400/10/0000/0026/A00000026310512ko.jpg?l=ko,18000,12000,33.3,776,4.9,91,6,2,1,1,1,1,0,1,A000000263105,10000010002
2026-09-11,메이크업,93,더샘,"[결점완벽커버/누적판매 6,000만개] 더샘 커버 퍼펙션 팁컨실러 9.5g 9colors",https://www.oliveyoung.co.kr/store/goods/getGoodsDetail.do?goodsNo=A000000155982,https://image.oliveyoung.co.kr/cfimages/cf-goods/uploads/images/thumbnails/400/10/0000/0015/A00000015598230ko.jpg?l=ko,7700,6930,10.0,33715,4.8,82,13,4,1,0,1,0,0,1,A000000155982,10000010002
2026-09-11,메이크업,94,네이밍,[청담샵공동개발] 네이밍 하이 듀 립 글레이즈 단품/기획 9colors,https://www.oliveyoung.co.kr/store/goods/getGoodsDetail.do?goodsNo=A000000257218,https://image.oliveyoung.co.kr/cfimages/cf-goods/uploads/images/thumbnails/400/10/0000/0025/A00000025721836ko.jpg?l=ko,17000,13200,22.4,2135,4.8,87,9,3,0,1,1,1,0,1,A000000257218,10000010002
2026-09-11,메이크업,95,컬러그램,[한정기획/픽싱글로스 증정] 컬러그램 누디 블러 틴트 25COLOR(단품/기획),https://www.oliveyoung.co.kr/store/goods/getGoodsDetail.do?goodsNo=A000000230581,https://image.oliveyoung.co.kr/cfimages/cf-goods/uploads/images/thumbnails/400/10/0000/0023/A000000230581107ko.jpg?l=ko,10000,8800,12.0,92692,4.7,81,13,4,1,1,1,0,0,1,A000000230581,10000010002
2026-09-11,메이크업,96,웨이크메이크,[레오파드 헬로키티/완성형 쿠션]웨이크메이크 스킨 퍼펙팅 커버 쿠션(단품/리필기획),https://www.oliveyoung.co.kr/store/goods/getGoodsDetail.do?goodsNo=A000000261522,https://image.oliveyoung.co.kr/cfimages/cf-goods/uploads/images/thumbnails/400/10/0000/0026/A00000026152231ko.jpg?l=ko,28000,19600,30.0,710,4.7,79,14,5,1,1,1,1,1,1,A000000261522,10000010002
2026-09-11,메이크업,97,리스키,[미니 컬러 라이너 기획] 리스키 피그먼트 아이섀도우 팔레트 8Colors 단품/기획,https://www.oliveyoung.co.kr/store/goods/getGoodsDetail.do?goodsNo=A000000233305,https://image.oliveyoung.co.kr/cfimages/cf-goods/uploads/images/thumbnails/400/10/0000/0023/A00000023330598ko.jpg?l=ko,36000,34200,5.0,3871,4.8,87,10,2,0,0,1,0,0,1,A000000233305,10000010002
2026-09-11,메이크업,98,웨이크메이크,[1+1기획] 웨이크메이크 철벽 펜 아이라이너 3COLOR,https://www.oliveyoung.co.kr/store/goods/getGoodsDetail.do?goodsNo=A000000136300,https://image.oliveyoung.co.kr/cfimages/cf-goods/uploads/images/thumbnails/400/10/0000/0013/A000000136300109ko.jpg?l=ko,13000,11700,10.0,47170,4.7,79,13,5,1,1,1,0,1,1,A000000136300,10000010002
2026-09-11,메이크업,99,바이오더마,바이오더마 아토덤 립스틱 1+1 기획 (저자극 립밤),https://www.oliveyoung.co.kr/store/goods/getGoodsDetail.do?goodsNo=A000000171113,https://image.oliveyoung.co.kr/cfimages/cf-goods/uploads/images/thumbnails/400/10/0000/0017/A00000017111328ko.jpg?l=ko,20000,14000,30.0,36940,4.9,88,9,2,0,0,1,0,0,1,A000000171113,10000010002
2026-09-11,메이크업,100,리스키,"[시코,메이 재입고] 리스키 비 볼드 립 글로스 19Colors",https://www.oliveyoung.co.kr/store/goods/getGoodsDetail.do?goodsNo=A000000233115,https://image.oliveyoung.co.kr/cfimages/cf-goods/uploads/images/thumbnails/400/10/0000/0023/A00000023311550ko.jpg?l=ko,22000,20900,5.0,5398,4.8,86,10,3,1,1,1,0,0,1,A000000233115,10000010002
2026-09-11,네일,1,오호라,[컬러네일영양제/SNS핫템] 오호라 시럽 네일강화제 15ml 18colors (밀크/워터/글레이즈드),https://www.oliveyoung.co.kr/store/goods/getGoodsDetail.do?goodsNo=A000000251335,https://image.oliveyoung.co.kr/cfimages/cf-goods/uploads/images/thumbnails/400/10/0000/0025/A00000025133535ko.jpg?l=ko,18000,16200,10.0,4426,4.6,78,13,6,2,2,0,1,0,1,A000000251335,10000010012
2026-09-11,네일,2,오호라,[NEW] 오호라 리얼젤팁 14종,https://www.oliveyoung.co.kr/store/goods/getGoodsDetail.do?goodsNo=A000000265323,https://image.oliveyoung.co.kr/cfimages/cf-goods/uploads/images/thumbnails/400/10/0000/0026/A00000026532310ko.jpg?l=ko,20900,18800,10.0,6,4.3,83,,,,17,1,0,0,1,A000000265323,10000010012
2026-09-11,네일,3,데싱디바,[가을신상/장원영픽] 데싱디바 매직프레스 디자인 네일/페디 30종,https://www.oliveyoung.co.kr/store/goods/getGoodsDetail.do?goodsNo=A000000256041,https://image.oliveyoung.co.kr/cfimages/cf-goods/uploads/images/thumbnails/400/10/0000/0025/A00000025604110ko.jpg?l=ko,14800,12500,15.5,19434,4.7,81,12,5,1,1,0,1,0,1,A000000256041,10000010012
2026-09-11,네일,4,웨이크메이크,[SNS 화제템] 웨이크메이크 네일케어 8종 골라담기,https://www.oliveyoung.co.kr/store/goods/getGoodsDetail.do?goodsNo=A000000180019,https://image.oliveyoung.co.kr/cfimages/cf-goods/uploads/images/thumbnails/400/10/0000/0018/A00000018001906ko.jpg?l=ko,5000,4700,6.0,16987,4.7,78,14,6,1,1,1,0,1,1,A000000180019,10000010012
2026-09-11,네일,5,반디,[베스트] 반디 스팀 큐티클 오일 & 큐티클 케어 키트 2종,https://www.oliveyoung.co.kr/store/goods/getGoodsDetail.do?goodsNo=A000000199838,https://image.oliveyoung.co.kr/cfimages/cf-goods/uploads/images/thumbnails/400/10/0000/0019/A00000019983817ko.jpg?l=ko,24000,19200,20.0,2460,4.7,79,13,6,1,1,1,0,0,1,A000000199838,10000010012
2026-09-11,네일,6,웨이크메이크,[NEW컬러/글레이즈드 네일] 웨이크메이크 네일건(데일리/시즌),https://www.oliveyoung.co.kr/store/goods/getGoodsDetail.do?goodsNo=A000000202617,https://image.oliveyoung.co.kr/cfimages/cf-goods/uploads/images/thumbnails/400/10/0000/0020/A00000020261712ko.jpg?l=ko,4000,3600,10.0,33931,4.7,77,14,6,1,1,1,0,1,1,A000000202617,10000010012
2026-09-11,네일,7,오호라,[NEW 디자인] 오호라 리얼젤팁 아트 라인 6종,https://www.oliveyoung.co.kr/store/goods/getGoodsDetail.do?goodsNo=A000000265322,https://image.oliveyoung.co.kr/cfimages/cf-goods/uploads/images/thumbnails/400/10/0000/0026/A00000026532210ko.jpg?l=ko,20900,18800,10.0,51,4.8,92,2,2,2,2,1,0,0,1,A000000265322,10000010012
2026-09-11,네일,8,닥터원더,닥터원더 네일 에센스 포켓 펜 ver.2,https://www.oliveyoung.co.kr/store/goods/getGoodsDetail.do?goodsNo=A000000152610,https://image.oliveyoung.co.kr/cfimages/cf-goods/uploads/images/thumbnails/400/10/0000/0015/A00000015261001ko.jpg?l=ko,9900,7900,20.2,6198,4.8,84,12,4,0,0,1,0,0,1,A000000152610,10000010012
2026-09-11,네일,9,핑거수트,핑거수트 톤업 네일 강화제 4종,https://www.oliveyoung.co.kr/store/goods/getGoodsDetail.do?goodsNo=A000000263915,https://image.oliveyoung.co.kr/cfimages/cf-goods/uploads/images/thumbnails/400/10/0000/0026/A00000026391544ko.jpg?l=ko,18000,16560,8.0,3,5.0,100,,,,,1,1,0,1,A000000263915,10000010012
2026-09-11,네일,10,반디,[네일영양제] 반디 핑크다이아 오리지날 7ml,https://www.oliveyoung.co.kr/store/goods/getGoodsDetail.do?goodsNo=A000000184922,https://image.oliveyoung.co.kr/cfimages/cf-goods/uploads/images/thumbnails/400/10/0000/0018/A00000018492271ko.jpg?l=ko,20000,16000,20.0,5354,4.8,85,10,4,1,0,1,0,0,1,A000000184922,10000010012
2026-09-11,네일,11,웨이크메이크,[울버린 손톱] 웨이크메이크 스트롱 그로쓰 네일 강화/영양제 2종,https://www.oliveyoung.co.kr/store/goods/getGoodsDetail.do?goodsNo=A000000187489,https://image.oliveyoung.co.kr/cfimages/cf-goods/uploads/images/thumbnails/400/10/0000/0018/A00000018748904ko.jpg?l=ko,10000,7800,22.0,5146,4.6,77,14,7,1,1,1,0,1,1,A000000187489,10000010012
2026-09-11,네일,12,반디,[이즈나방지민PICK] 반디 핑크다이아 시리즈 7ml 5종,https://www.oliveyoung.co.kr/store/goods/getGoodsDetail.do?goodsNo=A000000190716,https://image.oliveyoung.co.kr/cfimages/cf-goods/uploads/images/thumbnails/400/10/0000/0019/A00000019071676ko.jpg?l=ko,20000,16000,20.0,13732,4.8,84,11,4,1,1,1,0,0,1,A000000190716,10000010012
2026-09-11,네일,13,웨이크메이크,웨이크메이크 네일건 탑 & 베이스 코트 2종,https://www.oliveyoung.co.kr/store/goods/getGoodsDetail.do?goodsNo=A000000129449,https://image.oliveyoung.co.kr/cfimages/cf-goods/uploads/images/thumbnails/400/10/0000/0012/A00000012944906ko.jpg?l=ko,4000,3600,10.0,119862,4.6,75,16,7,1,1,1,0,1,1,A000000129449,10000010012
2026-09-11,네일,14,닥터원더,닥터원더 세라믹 포켓 큐티클 리무버,https://www.oliveyoung.co.kr/store/goods/getGoodsDetail.do?goodsNo=A000000103383,https://image.oliveyoung.co.kr/cfimages/cf-goods/uploads/images/thumbnails/400/10/0000/0010/A00000010338302ko.jpg?l=ko,6900,5900,14.5,7423,4.6,71,17,8,2,1,1,0,0,1,A000000103383,10000010012
2026-09-11,네일,15,반디,[네일강화제] 반디 네일큐어 유광/무광 7ml 2종,https://www.oliveyoung.co.kr/store/goods/getGoodsDetail.do?goodsNo=A000000184914,https://image.oliveyoung.co.kr/cfimages/cf-goods/uploads/images/thumbnails/400/10/0000/0018/A00000018491423ko.jpg?l=ko,15000,12000,20.0,4672,4.7,82,12,4,1,1,1,0,0,1,A000000184914,10000010012
2026-09-11,네일,16,오호라,[NEW컬러] 오호라 리얼젤팁 풀컬러 라인 8종,https://www.oliveyoung.co.kr/store/goods/getGoodsDetail.do?goodsNo=A000000265320,https://image.oliveyoung.co.kr/cfimages/cf-goods/uploads/images/thumbnails/400/10/0000/0026/A00000026532017ko.jpg?l=ko,20900,18800,10.0,86,4.8,87,6,6,1,,1,0,0,1,A000000265320,10000010012
2026-09-11,네일,17,데싱디바,[NEW/장원영픽] 데싱디바 매직프레스 네일샵콜라보 네일/페디 13종,https://www.oliveyoung.co.kr/store/goods/getGoodsDetail.do?goodsNo=A000000259933,https://image.oliveyoung.co.kr/cfimages/cf-goods/uploads/images/thumbnails/400/10/0000/0025/A00000025993306ko.jpg?l=ko,14800,12500,15.5,197,4.8,87,7,3,2,2,0,1,0,1,A000000259933,10000010012
2026-09-11,네일,18,티타니아,티타니아 손발톱영양제(A타입),https://www.oliveyoung.co.kr/store/goods/getGoodsDetail.do?goodsNo=A000000001458,https://image.oliveyoung.co.kr/cfimages/cf-goods/uploads/images/thumbnails/400/10/0000/0000/A00000000145803ko.jpg?l=ko,15000,10050,33.0,959,4.6,68,24,6,1,1,1,0,0,1,A000000001458,10000010012
2026-09-11,네일,19,웨이크메이크,웨이크메이크 네일건 데일리 11 COLORS,https://www.oliveyoung.co.kr/store/goods/getGoodsDetail.do?goodsNo=A000000184224,https://image.oliveyoung.co.kr/cfimages/cf-goods/uploads/images/thumbnails/400/10/0000/0018/A00000018422401ko.jpg?l=ko,4000,3600,10.0,11926,4.7,78,14,6,1,1,1,0,1,1,A000000184224,10000010012
2026-09-11,네일,20,위드샨,[4종 세트] 위드샨 네일&큐티클 오일펜 올케어 세트 (4ml x 4ea),https://www.oliveyoung.co.kr/store/goods/getGoodsDetail.do?goodsNo=A000000224737,https://image.oliveyoung.co.kr/cfimages/cf-goods/uploads/images/thumbnails/400/10/0000/0022/A00000022473701ko.jpg?l=ko,13000,9880,24.0,424,4.7,83,11,4,1,1,1,0,0,1,A000000224737,10000010012
2026-09-11,네일,21,오호라,[논아세톤] 오호라 그린티 3-in-1 네일 리무버 50ml,https://www.oliveyoung.co.kr/store/goods/getGoodsDetail.do?goodsNo=A000000258650,https://image.oliveyoung.co.kr/cfimages/cf-goods/uploads/images/thumbnails/400/10/0000/0025/A00000025865005ko.jpg?l=ko,14000,12600,10.0,64,4.8,86,9,3,2,,1,0,0,1,A000000258650,10000010012
2026-09-11,네일,22,위드샨,[베스트] 위드샨 펌프형리무버 200ml 5종,https://www.oliveyoung.co.kr/store/goods/getGoodsDetail.do?goodsNo=A000000179818,https://image.oliveyoung.co.kr/cfimages/cf-goods/uploads/images/thumbnails/400/10/0000/0017/A00000017981807ko.jpg?l=ko,6900,6760,2.0,4194,4.7,81,12,5,1,1,1,0,0,1,A000000179818,10000010012
2026-09-11,네일,23,반디,[베스트] 반디 핑크다이아 뿌리세럼 17ml,https://www.oliveyoung.co.kr/store/goods/getGoodsDetail.do?goodsNo=A000000189870,https://image.oliveyoung.co.kr/cfimages/cf-goods/uploads/images/thumbnails/400/10/0000/0018/A00000018987020ko.jpg?l=ko,20000,16000,20.0,1646,4.9,91,7,2,1,0,1,0,0,1,A000000189870,10000010012
2026-09-11,네일,24,웨이크메이크,[NEW/핑크 펄 하드너] 웨이크메이크 네일케어 핑크영양제/핑크강화제/핑크펄하드너 3종,https://www.oliveyoung.co.kr/store/goods/getGoodsDetail.do?goodsNo=A000000151292,https://image.oliveyoung.co.kr/cfimages/cf-goods/uploads/images/thumbnails/400/10/0000/0015/A00000015129207ko.jpg?l=ko,5000,4700,6.0,21086,4.7,78,15,6,1,1,1,0,1,1,A000000151292,10000010012
2026-09-11,네일,25,웨이크메이크,웨이크메이크 네일 리무버 100ml,https://www.oliveyoung.co.kr/store/goods/getGoodsDetail.do?goodsNo=A000000118173,https://image.oliveyoung.co.kr/cfimages/cf-goods/uploads/images/thumbnails/400/10/0000/0011/A00000011817303ko.jpg?l=ko,2500,2250,10.0,90341,4.6,75,16,7,1,1,1,0,1,1,A000000118173,10000010012
2026-09-11,네일,26,르멘트,[NEW] 르멘트 케어성분 들어간 컬러네일 포함 30종&하드너&영양제,https://www.oliveyoung.co.kr/store/goods/getGoodsDetail.do?goodsNo=A000000185114,https://image.oliveyoung.co.kr/cfimages/cf-goods/uploads/images/thumbnails/400/10/0000/0018/A000000185114149ko.jpg?l=ko,13000,11050,15.0,6830,4.7,78,14,6,1,2,1,0,0,1,A000000185114,10000010012
2026-09-11,네일,27,핑거수트,[NEW/물광] 핑거수트 네일팁 프리미엄 디자인 18종,https://www.oliveyoung.co.kr/store/goods/getGoodsDetail.do?goodsNo=A000000197364,https://image.oliveyoung.co.kr/cfimages/cf-goods/uploads/images/thumbnails/400/10/0000/0019/A00000019736441ko.jpg?l=ko,19800,18810,5.0,811,4.7,80,12,4,2,1,1,0,0,1,A000000197364,10000010012
2026-09-11,네일,28,오호라,[케데헌 콜라보] 오호라 자석 네일강화제 15ml 3colors,https://www.oliveyoung.co.kr/store/goods/getGoodsDetail.do?goodsNo=A000000260377,https://image.oliveyoung.co.kr/cfimages/cf-goods/uploads/images/thumbnails/400/10/0000/0026/A00000026037710ko.jpg?l=ko,18000,17100,5.0,102,4.6,76,10,8,6,,0,1,0,1,A000000260377,10000010012
2026-09-11,네일,29,반디,[NEW/이즈나방지민PICK]반디 살롱드네일 7ml 27종,https://www.oliveyoung.co.kr/store/goods/getGoodsDetail.do?goodsNo=A000000205815,https://image.oliveyoung.co.kr/cfimages/cf-goods/uploads/images/thumbnails/400/10/0000/0020/A00000020581555ko.jpg?l=ko,12000,9600,20.0,3498,4.6,77,12,6,2,2,1,0,0,1,A000000205815,10000010012
2026-09-11,네일,30,웨이크메이크,웨이크메이크 네일건 핑크 큐티클 아웃 펜 리무버,https://www.oliveyoung.co.kr/store/goods/getGoodsDetail.do?goodsNo=A000000149143,https://image.oliveyoung.co.kr/cfimages/cf-goods/uploads/images/thumbnails/400/10/0000/0014/A00000014914302ko.jpg?l=ko,6900,6200,10.1,3292,4.5,69,17,10,3,2,1,0,1,1,A000000149143,10000010012
2026-09-11,네일,31,팁토우,팁토우 시럽 & 페인트 & 쉬머 네일 폴리쉬 23 Colors,https://www.oliveyoung.co.kr/store/goods/getGoodsDetail.do?goodsNo=A000000184633,https://image.oliveyoung.co.kr/cfimages/cf-goods/uploads/images/thumbnails/400/10/0000/0018/A00000018463313ko.png?l=ko,14000,14000,0.0,1988,4.7,82,12,4,1,1,0,0,0,1,A000000184633,10000010012
2026-09-11,네일,32,위드샨,[저자극] 위드샨 논아세톤 네일 리무버 200ml,https://www.oliveyoung.co.kr/store/goods/getGoodsDetail.do?goodsNo=A000000179792,https://image.oliveyoung.co.kr/cfimages/cf-goods/uploads/images/thumbnails/400/10/0000/0017/A00000017979205ko.jpg?l=ko,8900,8720,2.0,912,4.6,75,15,6,2,2,1,0,0,1,A000000179792,10000010012
2026-09-11,네일,33,핑거수트,핑거수트 물광 폴리쉬 8ml 2종 택1,https://www.oliveyoung.co.kr/store/goods/getGoodsDetail.do?goodsNo=A000000267224,https://image.oliveyoung.co.kr/cfimages/cf-goods/uploads/images/thumbnails/400/10/0000/0026/A00000026722413ko.jpg?l=ko,16000,7910,50.6,0,0.0,,,,,,1,1,0,1,A000000267224,10000010012
2026-09-11,네일,34,디어에이,[NEW] 디어에이 샤인 온 미 네일 컬러 37colors,https://www.oliveyoung.co.kr/store/goods/getGoodsDetail.do?goodsNo=A000000171538,https://image.oliveyoung.co.kr/cfimages/cf-goods/uploads/images/thumbnails/400/10/0000/0017/A00000017153895ko.jpg?l=ko,12000,9000,25.0,6804,4.6,76,15,6,1,1,1,0,0,1,A000000171538,10000010012
2026-09-11,네일,35,웨이크메이크,웨이크메이크 퍼펙트 네일 리무버 150ml,https://www.oliveyoung.co.kr/store/goods/getGoodsDetail.do?goodsNo=A000000118174,https://image.oliveyoung.co.kr/cfimages/cf-goods/uploads/images/thumbnails/400/10/0000/0011/A00000011817402ko.jpg?l=ko,4000,3600,10.0,65623,4.6,73,17,7,1,1,1,0,1,1,A000000118174,10000010012
2026-09-11,네일,36,핑거수트,[에스파닝닝 착용] 핑거수트 네일팁 프리미엄 디자인 스웨이,https://www.oliveyoung.co.kr/store/goods/getGoodsDetail.do?goodsNo=A000000187759,https://image.oliveyoung.co.kr/cfimages/cf-goods/uploads/images/thumbnails/400/10/0000/0018/A00000018775917ko.jpg?l=ko,19800,18810,5.0,155,4.6,78,14,4,1,3,1,0,0,1,A000000187759,10000010012
2026-09-11,네일,37,데싱디바,[가을신상/장원영픽] 데싱디바 매직프레스 프리미엄 네일/페디 7종,https://www.oliveyoung.co.kr/store/goods/getGoodsDetail.do?goodsNo=A000000256036,https://image.oliveyoung.co.kr/cfimages/cf-goods/uploads/images/thumbnails/400/10/0000/0025/A00000025603611ko.jpg?l=ko,18800,15800,16.0,6237,4.7,81,11,5,1,1,0,1,0,1,A000000256036,10000010012
2026-09-11,네일,38,모어,[NEW] 모어  글로우 커버업 네일 하드너,https://www.oliveyoung.co.kr/store/goods/getGoodsDetail.do?goodsNo=A000000215204,https://image.oliveyoung.co.kr/cfimages/cf-goods/uploads/images/thumbnails/400/10/0000/0021/A00000021520408ko.jpg?l=ko,18000,15300,15.0,46,4.7,78,11,9,2,,1,0,0,0,A000000215204,10000010012
2026-09-11,네일,39,반디,[속수분앰플] 반디 네일큐어 네일 앰플 7ml,https://www.oliveyoung.co.kr/store/goods/getGoodsDetail.do?goodsNo=A000000240463,https://image.oliveyoung.co.kr/cfimages/cf-goods/uploads/images/thumbnails/400/10/0000/0024/A00000024046301ko.jpg?l=ko,15000,15000,0.0,108,4.8,87,8,4,,1,0,0,0,1,A000000240463,10000010012
2026-09-11,네일,40,포트레,포트레 네일 누보 주스 19 COLOR,https://www.oliveyoung.co.kr/store/goods/getGoodsDetail.do?goodsNo=A000000212040,https://image.oliveyoung.co.kr/cfimages/cf-goods/uploads/images/thumbnails/400/10/0000/0021/A00000021204010ko.jpg?l=ko,15000,14250,5.0,2099,4.7,78,14,6,1,1,1,0,0,1,A000000212040,10000010012
2026-09-11,네일,41,르멘트,[NEW/리뉴얼] 르멘트 케라틴 스무더 네일 세럼 단품/더블기획,https://www.oliveyoung.co.kr/store/goods/getGoodsDetail.do?goodsNo=A000000215332,https://image.oliveyoung.co.kr/cfimages/cf-goods/uploads/images/thumbnails/400/10/0000/0021/A00000021533211ko.jpg?l=ko,17000,13600,20.0,782,4.7,81,10,7,1,1,1,0,0,1,A000000215332,10000010012
2026-09-11,네일,42,반디,[NEW/네일에센스]반디 네일큐어 핑크다이아 PDRN 에센스,https://www.oliveyoung.co.kr/store/goods/getGoodsDetail.do?goodsNo=A000000264202,https://image.oliveyoung.co.kr/cfimages/cf-goods/uploads/images/thumbnails/400/10/0000/0026/A00000026420208ko.jpg?l=ko,17000,13600,20.0,2,5.0,100,,,,,1,0,0,1,A000000264202,10000010012
2026-09-11,네일,43,팁토우,팁토우 시어 탑코트 네일 폴리쉬 3 Colors,https://www.oliveyoung.co.kr/store/goods/getGoodsDetail.do?goodsNo=A000000184637,https://image.oliveyoung.co.kr/cfimages/cf-goods/uploads/images/thumbnails/400/10/0000/0018/A00000018463714ko.png?l=ko,13000,13000,0.0,301,4.7,78,16,5,1,1,0,0,0,1,A000000184637,10000010012
2026-09-11,네일,44,팁토우,팁토우 네일 폴리쉬 41 Colors,https://www.oliveyoung.co.kr/store/goods/getGoodsDetail.do?goodsNo=A000000189064,https://image.oliveyoung.co.kr/cfimages/cf-goods/uploads/images/thumbnails/400/10/0000/0018/A000000189064110ko.png?l=ko,13000,13000,0.0,12238,4.7,82,12,4,1,1,0,0,0,1,A000000189064,10000010012
2026-09-11,네일,45,올리오,[FW컬러추가/엔믹스PICK] 올리오 체리시 네일 폴리쉬,https://www.oliveyoung.co.kr/store/goods/getGoodsDetail.do?goodsNo=A000000252959,https://image.oliveyoung.co.kr/cfimages/cf-goods/uploads/images/thumbnails/400/10/0000/0025/A00000025295910ko.jpg?l=ko,16000,12800,20.0,1685,5.0,97,1,1,0,0,1,0,0,1,A000000252959,10000010012
2026-09-11,네일,46,위드샨,[빠른건조] 위드샨 60초 매니큐어 시럽 솔리드 글리터 9ml 30종,https://www.oliveyoung.co.kr/store/goods/getGoodsDetail.do?goodsNo=A000000189297,https://image.oliveyoung.co.kr/cfimages/cf-goods/uploads/images/thumbnails/400/10/0000/0018/A00000018929712ko.jpg?l=ko,5500,5390,2.0,5234,4.4,64,20,10,3,3,1,0,0,1,A000000189297,10000010012
2026-09-11,네일,47,코스노리,코스노리 컬러테라피 비건 네일 세럼 3종 (시트러스/라벤더/로즈),https://www.oliveyoung.co.kr/store/goods/getGoodsDetail.do?goodsNo=A000000192710,https://image.oliveyoung.co.kr/cfimages/cf-goods/uploads/images/thumbnails/400/10/0000/0019/A00000019271017ko.jpg?l=ko,12000,12000,0.0,673,4.8,84,10,5,1,0,0,0,0,1,A000000192710,10000010012
2026-09-11,네일,48,젤로젤로,젤로젤로 논와이프 고광택 글로시탑젤,https://www.oliveyoung.co.kr/store/goods/getGoodsDetail.do?goodsNo=B000000143914,https://image.oliveyoung.co.kr/cfimages/cf-goods/uploads/images/thumbnails/400/10/0000/0014/B00000014391402ko.jpg?l=ko,12000,12000,0.0,124,4.7,78,15,4,,2,0,0,0,0,B000000143914,10000010012
2026-09-11,네일,49,젤로젤로,젤로젤로 JF-BASE 픽서베이스젤,https://www.oliveyoung.co.kr/store/goods/getGoodsDetail.do?goodsNo=B000000143916,https://image.oliveyoung.co.kr/cfimages/cf-goods/uploads/images/thumbnails/400/10/0000/0014/B00000014391602ko.jpg?l=ko,12000,12000,0.0,81,4.8,86,10,1,,2,0,0,0,0,B000000143916,10000010012
2026-09-11,네일,50,데싱디바,[NEW] 데싱디바 네일 케어 앰플 & 네일/큐티클 영양 오일 2종,https://www.oliveyoung.co.kr/store/goods/getGoodsDetail.do?goodsNo=A000000263168,https://image.oliveyoung.co.kr/cfimages/cf-goods/uploads/images/thumbnails/400/10/0000/0026/A00000026316808ko.jpg?l=ko,16000,12700,20.6,876,5.0,100,,,,,1,1,0,1,A000000263168,10000010012
2026-09-11,네일,51,르멘트,르멘트 탑&베이스 코트 2종 14ml,https://www.oliveyoung.co.kr/store/goods/getGoodsDetail.do?goodsNo=A000000184937,https://image.oliveyoung.co.kr/cfimages/cf-goods/uploads/images/thumbnails/400/10/0000/0018/A00000018493715ko.jpg?l=ko,13000,11050,15.0,69,4.8,86,13,1,,,1,0,0,1,A000000184937,10000010012
2026-09-11,네일,52,반디,[NEW/영양제전용리무버]반디 네일큐어 핑크다이아 세럼리무버,https://www.oliveyoung.co.kr/store/goods/getGoodsDetail.do?goodsNo=A000000264203,https://image.oliveyoung.co.kr/cfimages/cf-goods/uploads/images/thumbnails/400/10/0000/0026/A00000026420306ko.jpg?l=ko,13000,10400,20.0,8,4.1,63,13,13,,13,1,0,0,1,A000000264203,10000010012
2026-09-11,네일,53,엣지유,[램프X/] 엣지유 샵젤 네일/페디 스티커 34종,https://www.oliveyoung.co.kr/store/goods/getGoodsDetail.do?goodsNo=A000000185823,https://image.oliveyoung.co.kr/cfimages/cf-goods/uploads/images/thumbnails/400/10/0000/0018/A00000018582346ko.jpg?l=ko,10000,10000,0.0,3691,4.5,76,11,6,2,4,0,0,0,1,A000000185823,10000010012
2026-09-11,네일,54,큐티클스,큐티클스 큐티클오일 15ml 6종 택1,https://www.oliveyoung.co.kr/store/goods/getGoodsDetail.do?goodsNo=A000000109390,https://image.oliveyoung.co.kr/cfimages/cf-goods/uploads/images/thumbnails/400/10/0000/0010/A00000010939010ko.jpg?l=ko,9800,9800,0.0,182,4.5,69,19,9,2,2,0,0,0,1,A000000109390,10000010012
2026-09-11,네일,55,젤로젤로,젤로젤로 프리미엄 시럽젤 젤네일폴리쉬 (18종),https://www.oliveyoung.co.kr/store/goods/getGoodsDetail.do?goodsNo=B000000147312,https://image.oliveyoung.co.kr/cfimages/cf-goods/uploads/images/thumbnails/400/10/0000/0014/B00000014731206ko.jpg?l=ko,9800,9800,0.0,351,4.8,88,6,5,,1,0,0,0,0,B000000147312,10000010012
2026-09-11,네일,56,멘소래담,[고농축단백질/손톱강화] 멘소래담 핸드베일 뷰티 프리미엄 리치네일 리페어 코트 10ml,https://www.oliveyoung.co.kr/store/goods/getGoodsDetail.do?goodsNo=A000000165917,https://image.oliveyoung.co.kr/cfimages/cf-goods/uploads/images/thumbnails/400/10/0000/0016/A00000016591704ko.png?l=ko,13000,9100,30.0,2277,4.6,75,14,8,2,1,1,0,0,1,A000000165917,10000010012
2026-09-11,네일,57,위드샨,[손톱강화] 위드샨 네일스트랭쓰너 15ml,https://www.oliveyoung.co.kr/store/goods/getGoodsDetail.do?goodsNo=A000000164002,https://image.oliveyoung.co.kr/cfimages/cf-goods/uploads/images/thumbnails/400/10/0000/0016/A00000016400207ko.jpg?l=ko,9000,8820,2.0,647,4.7,77,15,6,2,1,1,0,0,1,A000000164002,10000010012
2026-09-11,네일,58,웨이크메이크,웨이크메이크 네일건 핑크 세럼 펜,https://www.oliveyoung.co.kr/store/goods/getGoodsDetail.do?goodsNo=A000000151272,https://image.oliveyoung.co.kr/cfimages/cf-goods/uploads/images/thumbnails/400/10/0000/0015/A00000015127202ko.jpg?l=ko,9800,8800,10.2,2202,4.6,75,17,6,1,1,1,0,1,1,A000000151272,10000010012
2026-09-11,네일,59,위드샨,[스테디셀러] 위드샨 에코 네일 리무버 200ml,https://www.oliveyoung.co.kr/store/goods/getGoodsDetail.do?goodsNo=A000000165004,https://image.oliveyoung.co.kr/cfimages/cf-goods/uploads/images/thumbnails/400/10/0000/0016/A00000016500406ko.jpg?l=ko,6900,6760,2.0,1072,4.8,86,10,3,0,0,1,0,0,1,A000000165004,10000010012
2026-09-11,네일,60,위드샨,[시카성분/쏙오프] 위드샨 헬씨 젤 리무버 200ml,https://www.oliveyoung.co.kr/store/goods/getGoodsDetail.do?goodsNo=A000000179734,https://image.oliveyoung.co.kr/cfimages/cf-goods/uploads/images/thumbnails/400/10/0000/0017/A00000017973408ko.jpg?l=ko,6900,6760,2.0,88,4.6,73,19,8,,,1,0,0,1,A000000179734,10000010012
2026-09-11,네일,61,위드샨,[시카성분/미경화젤 제거] 위드샨 헬씨 젤 클리너 200ml,https://www.oliveyoung.co.kr/store/goods/getGoodsDetail.do?goodsNo=A000000179735,https://image.oliveyoung.co.kr/cfimages/cf-goods/uploads/images/thumbnails/400/10/0000/0017/A00000017973507ko.jpg?l=ko,6900,6760,2.0,57,4.7,79,11,9,2,,1,0,0,1,A000000179735,10000010012
2026-09-11,네일,62,위드샨,위드샨 큐티클오일 15ml 2종,https://www.oliveyoung.co.kr/store/goods/getGoodsDetail.do?goodsNo=A000000164036,https://image.oliveyoung.co.kr/cfimages/cf-goods/uploads/images/thumbnails/400/10/0000/0016/A00000016403608ko.jpg?l=ko,6000,5700,5.0,1933,4.7,80,14,5,1,0,1,0,0,1,A000000164036,10000010012
2026-09-11,네일,63,웨이크메이크,웨이크메이크 네일건 글리터 9 COLORS,https://www.oliveyoung.co.kr/store/goods/getGoodsDetail.do?goodsNo=A000000184269,https://image.oliveyoung.co.kr/cfimages/cf-goods/uploads/images/thumbnails/400/10/0000/0018/A00000018426901ko.jpg?l=ko,6000,5400,10.0,10276,4.7,80,13,5,1,1,1,0,1,1,A000000184269,10000010012
2026-09-11,네일,64,코스노리,[큐티클간편케어] 코스노리 실크리페어 네일 크림 손톱영양제,https://www.oliveyoung.co.kr/store/goods/getGoodsDetail.do?goodsNo=A000000154617,https://image.oliveyoung.co.kr/cfimages/cf-goods/uploads/images/thumbnails/400/10/0000/0015/A00000015461729ko.jpg?l=ko,14000,14000,0.0,3008,4.7,80,13,5,0,1,0,0,0,1,A000000154617,10000010012
2026-09-11,네일,65,데싱디바,[장원영픽] 데싱디바 원젤 (컬러/마그네틱) & 케어/툴 34종,https://www.oliveyoung.co.kr/store/goods/getGoodsDetail.do?goodsNo=A000000220686,https://image.oliveyoung.co.kr/cfimages/cf-goods/uploads/images/thumbnails/400/10/0000/0022/A00000022068665ko.jpg?l=ko,15000,11900,20.7,1685,4.6,80,10,6,2,2,1,1,0,1,A000000220686,10000010012
2026-09-11,네일,66,멘소래담,[보습영양/세라마이드] 멘소래담 핸드베일 뷰티 프리미엄 리치네일,https://www.oliveyoung.co.kr/store/goods/getGoodsDetail.do?goodsNo=A000000111825,https://image.oliveyoung.co.kr/cfimages/cf-goods/uploads/images/thumbnails/400/10/0000/0011/A00000011182512ko.jpg?l=ko,13500,13500,0.0,4367,4.7,78,15,5,1,1,0,0,0,1,A000000111825,10000010012
2026-09-11,네일,67,반디,[케어베어 콜라보] 반디 유니콘 하드너 7ml,https://www.oliveyoung.co.kr/store/goods/getGoodsDetail.do?goodsNo=A000000219849,https://image.oliveyoung.co.kr/cfimages/cf-goods/uploads/images/thumbnails/400/10/0000/0021/A00000021984959ko.jpg?l=ko,20000,16000,20.0,465,4.7,81,12,5,2,1,1,0,0,1,A000000219849,10000010012
2026-09-11,네일,68,오즈네일,[NEW] 오즈네일 파인애플 큐티클 리무버 10ml & 듀얼푸셔 기획세트,https://www.oliveyoung.co.kr/store/goods/getGoodsDetail.do?goodsNo=A000000206656,https://image.oliveyoung.co.kr/cfimages/cf-goods/uploads/images/thumbnails/400/10/0000/0020/A00000020665607ko.jpg?l=ko,12800,12800,0.0,140,4.6,78,10,8,1,4,0,0,0,1,A000000206656,10000010012
2026-09-11,네일,69,오즈네일,오즈네일 고발색 고광택 샤인무드 네일 컬러 8ml 43colors,https://www.oliveyoung.co.kr/store/goods/getGoodsDetail.do?goodsNo=A000000206671,https://image.oliveyoung.co.kr/cfimages/cf-goods/uploads/images/thumbnails/400/10/0000/0020/A00000020667112ko.png?l=ko,7800,7800,0.0,1199,4.7,78,15,4,2,1,0,0,0,1,A000000206671,10000010012
2026-09-11,네일,70,핑거수트,핑거수트 폴리쉬 16종,https://www.oliveyoung.co.kr/store/goods/getGoodsDetail.do?goodsNo=A000000206213,https://image.oliveyoung.co.kr/cfimages/cf-goods/uploads/images/thumbnails/400/10/0000/0020/A00000020621346ko.jpg?l=ko,12000,11400,5.0,1314,4.7,80,13,6,1,1,1,0,0,1,A000000206213,10000010012
2026-09-11,네일,71,오호라,[NEW] 오호라 라이스 플럼핑 큐티클 세럼 50ml,https://www.oliveyoung.co.kr/store/goods/getGoodsDetail.do?goodsNo=A000000258651,https://image.oliveyoung.co.kr/cfimages/cf-goods/uploads/images/thumbnails/400/10/0000/0025/A00000025865108ko.jpg?l=ko,19000,17800,6.3,37,4.9,92,8,,,,0,1,0,1,A000000258651,10000010012
2026-09-11,네일,72,위드샨,[그라데이션] 위드샨 60초 매니큐어 시럽 9ml 26종,https://www.oliveyoung.co.kr/store/goods/getGoodsDetail.do?goodsNo=A000000144109,https://image.oliveyoung.co.kr/cfimages/cf-goods/uploads/images/thumbnails/400/10/0000/0014/A00000014410928ko.jpg?l=ko,5500,5390,2.0,1429,4.5,70,17,8,3,3,1,0,0,1,A000000144109,10000010012
2026-09-11,네일,73,핑거수트,핑거수트 물광 폴리쉬 14종,https://www.oliveyoung.co.kr/store/goods/getGoodsDetail.do?goodsNo=A000000235323,https://image.oliveyoung.co.kr/cfimages/cf-goods/uploads/images/thumbnails/400/10/0000/0023/A00000023532313ko.jpg?l=ko,16000,15200,5.0,189,4.6,81,8,7,2,2,1,0,0,1,A000000235323,10000010012
2026-09-11,네일,74,위드샨,[논아세톤] 위드샨 아세톤프리 리프레쉬 네일 리무버 100ml,https://www.oliveyoung.co.kr/store/goods/getGoodsDetail.do?goodsNo=A000000166250,https://image.oliveyoung.co.kr/cfimages/cf-goods/uploads/images/thumbnails/400/10/0000/0016/A00000016625002ko.jpg?l=ko,4900,4800,2.0,1010,4.6,78,13,7,1,1,1,0,0,1,A000000166250,10000010012
2026-09-11,네일,75,반디,[NEW/페디케어] 반디 더마페디 3종,https://www.oliveyoung.co.kr/store/goods/getGoodsDetail.do?goodsNo=A000000184657,https://image.oliveyoung.co.kr/cfimages/cf-goods/uploads/images/thumbnails/400/10/0000/0018/A00000018465729ko.jpg?l=ko,25000,20000,20.0,1923,4.7,78,13,7,1,1,1,0,0,1,A000000184657,10000010012
2026-09-11,네일,76,데싱디바,데싱디바 데일리 네일케어 6종,https://www.oliveyoung.co.kr/store/goods/getGoodsDetail.do?goodsNo=A000000146843,https://image.oliveyoung.co.kr/cfimages/cf-goods/uploads/images/thumbnails/400/10/0000/0014/A00000014684315ko.jpg?l=ko,12000,8900,25.8,2387,4.7,79,12,6,1,1,1,1,0,1,A000000146843,10000010012
2026-09-11,네일,77,디어에이,디어에이 루미너스 네일 에센스 3g,https://www.oliveyoung.co.kr/store/goods/getGoodsDetail.do?goodsNo=A000000180098,https://image.oliveyoung.co.kr/cfimages/cf-goods/uploads/images/thumbnails/400/10/0000/0018/A00000018009823ko.jpg?l=ko,10900,8500,22.0,3061,4.5,73,15,8,2,2,1,0,0,1,A000000180098,10000010012
2026-09-11,네일,78,위드샨,[쉬운관리] 위드샨 진짜네일케어세트(큐티클케어세트),https://www.oliveyoung.co.kr/store/goods/getGoodsDetail.do?goodsNo=A000000164001,https://image.oliveyoung.co.kr/cfimages/cf-goods/uploads/images/thumbnails/400/10/0000/0016/A00000016400105ko.jpg?l=ko,12500,11500,8.0,1797,4.5,70,18,9,2,2,1,0,0,1,A000000164001,10000010012
2026-09-11,네일,79,오즈네일,[NEW] 오즈네일 비타민 네일 링거 손톱 영양제 10ml,https://www.oliveyoung.co.kr/store/goods/getGoodsDetail.do?goodsNo=A000000236295,https://image.oliveyoung.co.kr/cfimages/cf-goods/uploads/images/thumbnails/400/10/0000/0023/A00000023629502ko.jpg?l=ko,13800,13800,0.0,58,4.7,79,12,7,,2,0,0,0,1,A000000236295,10000010012
2026-09-11,네일,80,반디,반디 살롱드네일 베이스 & 탑코트 7ml 2종,https://www.oliveyoung.co.kr/store/goods/getGoodsDetail.do?goodsNo=A000000210512,https://image.oliveyoung.co.kr/cfimages/cf-goods/uploads/images/thumbnails/400/10/0000/0021/A00000021051218ko.jpg?l=ko,12000,9600,20.0,282,4.7,80,15,4,1,1,1,0,0,1,A000000210512,10000010012
2026-09-11,네일,81,젤로젤로,젤로젤로 원킬리무버+필오프베이스젤,https://www.oliveyoung.co.kr/store/goods/getGoodsDetail.do?goodsNo=B000000144671,https://image.oliveyoung.co.kr/cfimages/cf-goods/uploads/images/thumbnails/400/10/0000/0014/B00000014467102ko.jpg?l=ko,19800,19800,0.0,263,4.7,81,11,5,1,3,0,0,0,0,B000000144671,10000010012
2026-09-11,네일,82,르멘트,[NEW 케어2종] 르멘트 반짝임 다즐링 네일 하드너 & 쉬머스 네일 영양제,https://www.oliveyoung.co.kr/store/goods/getGoodsDetail.do?goodsNo=A000000189836,https://image.oliveyoung.co.kr/cfimages/cf-goods/uploads/images/thumbnails/400/10/0000/0018/A00000018983630ko.jpg?l=ko,18000,15300,15.0,931,4.5,73,15,8,2,3,1,0,0,1,A000000189836,10000010012
2026-09-11,네일,83,위드샨,[빠른건조] 위드샨 60초 매니큐어 베이스코트&탑코트 15ml 5종,https://www.oliveyoung.co.kr/store/goods/getGoodsDetail.do?goodsNo=A000000206768,https://image.oliveyoung.co.kr/cfimages/cf-goods/uploads/images/thumbnails/400/10/0000/0020/A00000020676801ko.jpg?l=ko,6000,5880,2.0,214,4.7,82,11,4,1,3,1,0,0,1,A000000206768,10000010012
2026-09-11,네일,84,디젤,[NEW]디젤 힐링 포션 8ml (단품/기획),https://www.oliveyoung.co.kr/store/goods/getGoodsDetail.do?goodsNo=A000000201012,https://image.oliveyoung.co.kr/cfimages/cf-goods/uploads/images/thumbnails/400/10/0000/0020/A00000020101215ko.jpg?l=ko,18000,15000,16.7,411,4.8,90,6,2,1,0,1,0,0,1,A000000201012,10000010012
2026-09-11,네일,85,포트레,포트레 네일 누보 리무버 200ml,https://www.oliveyoung.co.kr/store/goods/getGoodsDetail.do?goodsNo=A000000213668,https://image.oliveyoung.co.kr/cfimages/cf-goods/uploads/images/thumbnails/400/10/0000/0021/A00000021366803ko.jpg?l=ko,10000,10000,0.0,130,4.8,83,12,2,2,1,0,0,0,1,A000000213668,10000010012
2026-09-11,네일,86,포트레,포트레 네일 누보 젤탑&베이스 2종 택1,https://www.oliveyoung.co.kr/store/goods/getGoodsDetail.do?goodsNo=A000000212045,https://image.oliveyoung.co.kr/cfimages/cf-goods/uploads/images/thumbnails/400/10/0000/0021/A00000021204504ko.jpg?l=ko,15000,15000,0.0,191,4.7,83,13,3,,2,0,0,0,1,A000000212045,10000010012
2026-09-11,네일,87,데싱디바,[NEW] 데싱디바 매직프레스 조앤프렌즈 네일/페디 6종,https://www.oliveyoung.co.kr/store/goods/getGoodsDetail.do?goodsNo=A000000257286,https://image.oliveyoung.co.kr/cfimages/cf-goods/uploads/images/thumbnails/400/10/0000/0025/A00000025728601ko.jpg?l=ko,18800,15800,16.0,180,4.9,91,6,2,1,1,1,1,0,1,A000000257286,10000010012
2026-09-11,네일,88,팁토우,팁토우 시럽 글리터 네일 폴리쉬 12 Colors,https://www.oliveyoung.co.kr/store/goods/getGoodsDetail.do?goodsNo=A000000184634,https://image.oliveyoung.co.kr/cfimages/cf-goods/uploads/images/thumbnails/400/10/0000/0018/A00000018463422ko.png?l=ko,16000,16000,0.0,1135,4.7,82,11,5,1,1,0,0,0,1,A000000184634,10000010012
2026-09-11,네일,89,르멘트,[NEW] 르멘트 큐티클 이지 오프 펜 1.6ml 단품/기획,https://www.oliveyoung.co.kr/store/goods/getGoodsDetail.do?goodsNo=A000000249692,https://image.oliveyoung.co.kr/cfimages/cf-goods/uploads/images/thumbnails/400/10/0000/0024/A00000024969201ko.jpg?l=ko,12000,10800,10.0,36,4.7,78,19,,,3,1,0,0,1,A000000249692,10000010012
2026-09-11,네일,90,반디,[NEW컬러]반디 살롱드네일 마그넷네일 7ml 9종,https://www.oliveyoung.co.kr/store/goods/getGoodsDetail.do?goodsNo=A000000210522,https://image.oliveyoung.co.kr/cfimages/cf-goods/uploads/images/thumbnails/400/10/0000/0021/A00000021052223ko.jpg?l=ko,14000,11200,20.0,286,4.6,76,11,9,2,2,1,0,0,1,A000000210522,10000010012
2026-09-11,네일,91,코트,[NO리무버] 코트 필오프 수성네일 10ml 7종,https://www.oliveyoung.co.kr/store/goods/getGoodsDetail.do?goodsNo=A000000167367,https://image.oliveyoung.co.kr/cfimages/cf-goods/uploads/images/thumbnails/400/10/0000/0016/A00000016736718ko.jpg?l=ko,10000,10000,0.0,770,4.6,82,8,6,2,3,0,0,0,1,A000000167367,10000010012
2026-09-11,네일,92,위드샨,위드샨 케어라인 15ml 4종,https://www.oliveyoung.co.kr/store/goods/getGoodsDetail.do?goodsNo=A000000164011,https://image.oliveyoung.co.kr/cfimages/cf-goods/uploads/images/thumbnails/400/10/0000/0016/A00000016401107ko.jpg?l=ko,9000,8730,3.0,1653,4.6,74,15,8,2,2,1,0,0,1,A000000164011,10000010012
2026-09-11,네일,93,위드샨,위드샨 메가샤인탑코트 15ml,https://www.oliveyoung.co.kr/store/goods/getGoodsDetail.do?goodsNo=A000000164005,https://image.oliveyoung.co.kr/cfimages/cf-goods/uploads/images/thumbnails/400/10/0000/0016/A00000016400503ko.jpg?l=ko,9000,8730,3.0,384,4.5,70,18,7,2,3,1,0,0,1,A000000164005,10000010012
2026-09-11,네일,94,젤로젤로,젤로젤로 셀프젤네일 프리미엄 컬러 젤네일 폴리쉬 중 택,https://www.oliveyoung.co.kr/store/goods/getGoodsDetail.do?goodsNo=B000000143901,https://image.oliveyoung.co.kr/cfimages/cf-goods/uploads/images/thumbnails/400/10/0000/0014/B00000014390106ko.jpg?l=ko,9800,9800,0.0,468,4.7,77,16,4,1,1,0,0,0,0,B000000143901,10000010012
2026-09-11,네일,95,셀리한센,셀리한센 트리플스트롱 13.3ml,https://www.oliveyoung.co.kr/store/goods/getGoodsDetail.do?goodsNo=A000000004734,https://image.oliveyoung.co.kr/cfimages/cf-goods/uploads/images/thumbnails/400/10/0000/0000/A00000000473403ko.jpg?l=ko,14500,14500,0.0,1159,4.6,74,18,6,2,1,0,0,0,1,A000000004734,10000010012
2026-09-11,네일,96,셀리한센,셀리한센 미라클큐어 13.3ml,https://www.oliveyoung.co.kr/store/goods/getGoodsDetail.do?goodsNo=A000000004739,https://image.oliveyoung.co.kr/cfimages/cf-goods/uploads/images/thumbnails/400/10/0000/0000/A00000000473903ko.jpg?l=ko,18000,18000,0.0,319,4.6,72,16,8,2,1,0,0,0,1,A000000004739,10000010012
2026-09-11,네일,97,오즈네일,[NEW] 오즈네일 카렌듈라 네일&큐티클 오일 10ml,https://www.oliveyoung.co.kr/store/goods/getGoodsDetail.do?goodsNo=A000000206654,https://image.oliveyoung.co.kr/cfimages/cf-goods/uploads/images/thumbnails/400/10/0000/0020/A00000020665402ko.jpg?l=ko,9800,9800,0.0,82,4.7,80,13,5,1,,0,0,0,1,A000000206654,10000010012
2026-09-11,네일,98,위드샨,[세로줄 커버] 위드샨 3-in-1 네일파운데이션 15ml,https://www.oliveyoung.co.kr/store/goods/getGoodsDetail.do?goodsNo=A000000164038,https://image.oliveyoung.co.kr/cfimages/cf-goods/uploads/images/thumbnails/400/10/0000/0016/A00000016403804ko.jpg?l=ko,9000,8730,3.0,289,4.6,74,14,8,3,1,1,0,0,1,A000000164038,10000010012
2026-09-11,네일,99,위드샨,[강력/젤네일제거] 위드샨 슈퍼 네일 리무버 200ml,https://www.oliveyoung.co.kr/store/goods/getGoodsDetail.do?goodsNo=A000000166223,https://image.oliveyoung.co.kr/cfimages/cf-goods/uploads/images/thumbnails/400/10/0000/0016/A00000016622310ko.jpg?l=ko,6900,6760,2.0,376,4.7,84,9,5,1,1,1,0,0,1,A000000166223,10000010012
2026-09-11,네일,100,오호라,[자석네일용] 오호라 투웨이 마그넷 스틱,https://www.oliveyoung.co.kr/store/goods/getGoodsDetail.do?goodsNo=A000000259809,https://image.oliveyoung.co.kr/cfimages/cf-goods/uploads/images/thumbnails/400/10/0000/0025/A00000025980902ko.jpg?l=ko,5000,4000,20.0,22,5.0,100,,,,,0,1,0,1,A000000259809,10000010012
2026-09-11,뷰티소품,1,리터니티,[라이브특가/9월올영픽] 리터니티 헬로키티 이어테라피 기획20pcs,https://www.oliveyoung.co.kr/store/goods/getGoodsDetail.do?goodsNo=A000000263475,https://image.oliveyoung.co.kr/cfimages/cf-goods/uploads/images/thumbnails/400/10/0000/0026/A00000026347515ko.png?l=ko,27300,18600,31.9,3262,4.7,78,13,6,1,1,1,1,1,1,A000000263475,10000010006
2026-09-11,뷰티소품,2,코링코,[라이브특가/산리오 콜라보] 코링코 톡톡하라 노글루 속눈썹 3종/트위저,https://www.oliveyoung.co.kr/store/goods/getGoodsDetail.do?goodsNo=A000000263482,https://image.oliveyoung.co.kr/cfimages/cf-goods/uploads/images/thumbnails/400/10/0000/0026/A00000026348205ko.jpg?l=ko,20000,14300,28.5,24130,4.8,85,10,3,1,1,1,1,0,1,A000000263482,10000010006
2026-09-11,뷰티소품,3,코링코,[9월 올영픽/산리오 콜라보/1등 속눈썹] 코링코 톡톡하라 노글루 속눈썹 15종 택1,https://www.oliveyoung.co.kr/store/goods/getGoodsDetail.do?goodsNo=A000000213569,https://image.oliveyoung.co.kr/cfimages/cf-goods/uploads/images/thumbnails/400/10/0000/0021/A00000021356935ko.jpg?l=ko,20000,14300,28.5,20771,4.8,84,11,4,1,1,1,1,0,1,A000000213569,10000010006
2026-09-11,뷰티소품,4,필리밀리,필리밀리 산리오캐릭터즈 메이크업툴 & 잡화 11종 모음,https://www.oliveyoung.co.kr/store/goods/getGoodsDetail.do?goodsNo=A000000264081,https://image.oliveyoung.co.kr/cfimages/cf-goods/uploads/images/thumbnails/400/10/0000/0026/A00000026408122ko.jpg?l=ko,9000,8500,5.6,1398,4.9,92,5,2,0,1,1,0,1,1,A000000264081,10000010006
2026-09-11,뷰티소품,5,필리밀리,필리밀리 아이 메이크업 브러시 키트(6종) [산리오캐릭터즈 포차코],https://www.oliveyoung.co.kr/store/goods/getGoodsDetail.do?goodsNo=A000000223753,https://image.oliveyoung.co.kr/cfimages/cf-goods/uploads/images/thumbnails/400/10/0000/0022/A00000022375322ko.jpg?l=ko,14000,11000,21.4,25576,4.8,86,11,3,0,0,1,1,1,1,A000000223753,10000010006
2026-09-11,뷰티소품,6,필리밀리,[2025어워즈1등] 필리밀리 히팅뷰러 골라담기 택1 [산리오캐릭터즈 학생키티/쿠로미],https://www.oliveyoung.co.kr/store/goods/getGoodsDetail.do?goodsNo=A000000189126,https://image.oliveyoung.co.kr/cfimages/cf-goods/uploads/images/thumbnails/400/10/0000/0018/A00000018912692ko.jpg?l=ko,33900,27500,18.9,28848,4.7,79,13,5,1,2,1,1,1,1,A000000189126,10000010006
2026-09-11,뷰티소품,7,필리밀리,[속눈썹증정] 필리밀리 이지컬링 히팅뷰러(22R) [산리오캐릭터즈 학생키티/쿠로미],https://www.oliveyoung.co.kr/store/goods/getGoodsDetail.do?goodsNo=A000000230092,https://image.oliveyoung.co.kr/cfimages/cf-goods/uploads/images/thumbnails/400/10/0000/0023/A00000023009224ko.jpg?l=ko,33900,27500,18.9,15158,4.6,78,13,5,1,2,1,1,1,1,A000000230092,10000010006
2026-09-11,뷰티소품,8,필리밀리,[베스트구성] 필리밀리 브러시세트 골라담기 [산리오캐릭터즈 포차코/마이멜로디],https://www.oliveyoung.co.kr/store/goods/getGoodsDetail.do?goodsNo=A000000225250,https://image.oliveyoung.co.kr/cfimages/cf-goods/uploads/images/thumbnails/400/10/0000/0022/A00000022525053ko.jpg?l=ko,14000,11000,21.4,34972,4.8,87,10,3,0,0,1,1,1,1,A000000225250,10000010006
2026-09-11,뷰티소품,9,리터니티,[산리오콜라보] 리터니티 이어테라피 3종 & 산리오 기획,https://www.oliveyoung.co.kr/store/goods/getGoodsDetail.do?goodsNo=A000000225024,https://image.oliveyoung.co.kr/cfimages/cf-goods/uploads/images/thumbnails/400/10/0000/0022/A00000022502466ko.png?l=ko,27300,18600,31.9,7584,4.7,84,10,4,1,1,1,1,1,1,A000000225024,10000010006
2026-09-11,뷰티소품,10,필리밀리,필리밀리 미니퍼프 & 미니브러시 골라담기 택1 [산리오캐릭터즈 마이멜로디],https://www.oliveyoung.co.kr/store/goods/getGoodsDetail.do?goodsNo=A000000214789,https://image.oliveyoung.co.kr/cfimages/cf-goods/uploads/images/thumbnails/400/10/0000/0021/A00000021478928ko.jpg?l=ko,5500,4500,18.2,25368,4.8,85,11,3,0,0,0,1,0,1,A000000214789,10000010006
2026-09-11,뷰티소품,11,필리밀리,필리밀리 쿠션 팡팡퍼프 5P [산리오캐릭터즈 시나모롤/폼폼푸린],https://www.oliveyoung.co.kr/store/goods/getGoodsDetail.do?goodsNo=A000000231643,https://image.oliveyoung.co.kr/cfimages/cf-goods/uploads/images/thumbnails/400/10/0000/0023/A00000023164313ko.jpg?l=ko,9500,8300,12.6,47385,4.8,87,9,3,0,0,1,1,1,1,A000000231643,10000010006
2026-09-11,뷰티소품,12,필리밀리,[NEW출시] 필리밀리 속눈썹 골라담기 택1 (포인트가닥/노글루/컷팅/미들포인트/접착제),https://www.oliveyoung.co.kr/store/goods/getGoodsDetail.do?goodsNo=A000000219331,https://image.oliveyoung.co.kr/cfimages/cf-goods/uploads/images/thumbnails/400/10/0000/0021/A00000021933160ko.jpg?l=ko,8000,7500,6.2,29211,4.7,80,11,6,1,2,1,0,0,1,A000000219331,10000010006
2026-09-11,뷰티소품,13,필리밀리,필리밀리 베스트 퍼프 골라담기 택1 [산리오캐릭터즈 시나모롤/폼폼푸린],https://www.oliveyoung.co.kr/store/goods/getGoodsDetail.do?goodsNo=A000000247600,https://image.oliveyoung.co.kr/cfimages/cf-goods/uploads/images/thumbnails/400/10/0000/0024/A00000024760025ko.jpg?l=ko,5500,4500,18.2,30570,4.8,87,9,3,1,1,0,1,0,1,A000000247600,10000010006
2026-09-11,뷰티소품,14,필리밀리,필리밀리 산리오캐릭터즈 잡화류 4종 모음 (집게핀/파우치/부착형 피규어),https://www.oliveyoung.co.kr/store/goods/getGoodsDetail.do?goodsNo=A000000264200,https://image.oliveyoung.co.kr/cfimages/cf-goods/uploads/images/thumbnails/400/10/0000/0026/A00000026420015ko.jpg?l=ko,9000,8500,5.6,842,4.7,86,8,3,1,3,1,0,1,1,A000000264200,10000010006
2026-09-11,뷰티소품,15,에스쁘아,[1등 쿠션퍼프]에스쁘아 비벨벳/비글로우/실크 쿠션 퍼프5P/파우더 퍼프4P (4종 택1),https://www.oliveyoung.co.kr/store/goods/getGoodsDetail.do?goodsNo=A000000178556,https://image.oliveyoung.co.kr/cfimages/cf-goods/uploads/images/thumbnails/400/10/0000/0017/A00000017855624ko.jpg?l=ko,10000,8500,15.0,60415,4.8,87,9,3,0,0,1,0,0,1,A000000178556,10000010006
2026-09-11,뷰티소품,16,더툴랩,[한정기획출시/1등퍼프] 더툴랩 프리미엄 퍼프 모음(기획/단품),https://www.oliveyoung.co.kr/store/goods/getGoodsDetail.do?goodsNo=A000000180955,https://image.oliveyoung.co.kr/cfimages/cf-goods/uploads/images/thumbnails/400/10/0000/0018/A000000180955243ko.png?l=ko,13000,11860,8.8,16364,4.7,83,11,4,1,1,1,1,1,1,A000000180955,10000010006
2026-09-11,뷰티소품,17,스튜디오17,[NEW/SNS입소문템/5분홈스파] 스튜디오17 소프트 스크럽 샤워 글로브 2종 택1,https://www.oliveyoung.co.kr/store/goods/getGoodsDetail.do?goodsNo=A000000261661,https://image.oliveyoung.co.kr/cfimages/cf-goods/uploads/images/thumbnails/400/10/0000/0026/A00000026166103ko.jpg?l=ko,19000,12900,32.1,976,4.7,81,10,5,1,3,1,1,0,1,A000000261661,10000010006
2026-09-11,뷰티소품,18,올리브영,올리브영 뷰티 데일리템 대용량 8종 택1,https://www.oliveyoung.co.kr/store/goods/getGoodsDetail.do?goodsNo=A000000237572,https://image.oliveyoung.co.kr/cfimages/cf-goods/uploads/images/thumbnails/400/10/0000/0023/A00000023757214ko.jpg?l=ko,7000,7000,0.0,31869,4.9,90,7,2,0,0,0,0,0,1,A000000237572,10000010006
2026-09-11,뷰티소품,19,코링코,[속눈썹맛집/1등속눈썹] 코링코 노글루/가닥/하프 속눈썹 중 택1,https://www.oliveyoung.co.kr/store/goods/getGoodsDetail.do?goodsNo=A000000220733,https://image.oliveyoung.co.kr/cfimages/cf-goods/uploads/images/thumbnails/400/10/0000/0022/A00000022073311ko.jpg?l=ko,20000,14300,28.5,40501,4.8,84,11,4,1,1,1,1,0,1,A000000220733,10000010006
2026-09-11,뷰티소품,20,필리밀리,필리밀리 베이스 메이크업 브러시 20종 택1 (파운데이션/블러셔/컨실러/쉐딩/하이라이터/파우더),https://www.oliveyoung.co.kr/store/goods/getGoodsDetail.do?goodsNo=A000000207921,https://image.oliveyoung.co.kr/cfimages/cf-goods/uploads/images/thumbnails/400/10/0000/0020/A00000020792118ko.jpg?l=ko,6000,6000,0.0,3210,4.7,83,11,5,1,1,0,0,0,1,A000000207921,10000010006
2026-09-11,뷰티소품,21,필리밀리,필리밀리 헤어집게핀 2종 택1 [레오파드 헬로키티],https://www.oliveyoung.co.kr/store/goods/getGoodsDetail.do?goodsNo=A000000262990,https://image.oliveyoung.co.kr/cfimages/cf-goods/uploads/images/thumbnails/400/10/0000/0026/A00000026299014ko.jpg?l=ko,9000,8500,5.6,133,4.4,76,8,5,,11,1,0,1,1,A000000262990,10000010006
2026-09-11,뷰티소품,22,올리브영,올리브영 순면화장솜 100매,https://www.oliveyoung.co.kr/store/goods/getGoodsDetail.do?goodsNo=A000000235187,https://image.oliveyoung.co.kr/cfimages/cf-goods/uploads/images/thumbnails/400/10/0000/0023/A00000023518701ko.jpg?l=ko,1000,1000,0.0,23818,4.9,90,7,2,0,0,0,0,0,1,A000000235187,10000010006
2026-09-11,뷰티소품,23,올리브영,[NEW 스텐 타입 출시] 올리브영 스파츌라용기(베이스용) 2종 (스틱/스텐),https://www.oliveyoung.co.kr/store/goods/getGoodsDetail.do?goodsNo=A000000230375,https://image.oliveyoung.co.kr/cfimages/cf-goods/uploads/images/thumbnails/400/10/0000/0023/A00000023037509ko.jpg?l=ko,3000,3000,0.0,5135,4.6,78,12,6,2,3,0,0,0,1,A000000230375,10000010006
2026-09-11,뷰티소품,24,스튜디오17,"[턱,코,애굣살/윤곽창조] 스튜디오17 쉐딩 브러쉬 세트 (+브러쉬클렌저 10g)",https://www.oliveyoung.co.kr/store/goods/getGoodsDetail.do?goodsNo=A000000200186,https://image.oliveyoung.co.kr/cfimages/cf-goods/uploads/images/thumbnails/400/10/0000/0020/A00000020018620ko.jpg?l=ko,15900,12510,21.3,1313,4.8,86,10,4,0,0,1,1,0,1,A000000200186,10000010006
2026-09-11,뷰티소품,25,시루콧토,[NEW] 시루콧토 페이셜 타월 40P,https://www.oliveyoung.co.kr/store/goods/getGoodsDetail.do?goodsNo=A000000192853,https://image.oliveyoung.co.kr/cfimages/cf-goods/uploads/images/thumbnails/400/10/0000/0019/A00000019285316ko.jpg?l=ko,6500,4700,27.7,15690,4.9,92,6,1,0,0,1,0,0,1,A000000192853,10000010006
2026-09-11,뷰티소품,26,더툴랩,[한정기획출시/베스트] 더툴랩 초밀착 듀오 5종 (아쿠아/촉촉/커버/보송/에어리/프로셋업),https://www.oliveyoung.co.kr/store/goods/getGoodsDetail.do?goodsNo=A000000181059,https://image.oliveyoung.co.kr/cfimages/cf-goods/uploads/images/thumbnails/400/10/0000/0018/A000000181059202ko.png?l=ko,31500,27220,13.6,6434,4.7,83,11,4,1,1,1,1,1,1,A000000181059,10000010006
2026-09-11,뷰티소품,27,바닐라코,[베이비몬스터 PICK] 바닐라코 컬리 스튜디오 노글루 아이래쉬 5종 택1,https://www.oliveyoung.co.kr/store/goods/getGoodsDetail.do?goodsNo=A000000247245,https://image.oliveyoung.co.kr/cfimages/cf-goods/uploads/images/thumbnails/400/10/0000/0024/A000000247245101ko.jpg?l=ko,20000,14000,30.0,3900,4.8,88,7,3,0,1,1,0,0,1,A000000247245,10000010006
2026-09-11,뷰티소품,28,시세이도,시세이도 아이래쉬컬러 컬링 뷰러,https://www.oliveyoung.co.kr/store/goods/getGoodsDetail.do?goodsNo=A000000005500,https://image.oliveyoung.co.kr/cfimages/cf-goods/uploads/images/thumbnails/400/10/0000/0000/A00000000550018ko.jpg?l=ko,18000,17000,5.6,25898,4.8,84,10,4,1,1,1,0,0,1,A000000005500,10000010006
2026-09-11,뷰티소품,29,화홍엠,[유튜버 추천템] 화홍엠 컨실러 브러쉬 2종 택1,https://www.oliveyoung.co.kr/store/goods/getGoodsDetail.do?goodsNo=A000000208838,https://image.oliveyoung.co.kr/cfimages/cf-goods/uploads/images/thumbnails/400/10/0000/0020/A00000020883819ko.jpg?l=ko,14000,10500,25.0,3987,4.8,85,11,3,0,0,1,1,0,1,A000000208838,10000010006
2026-09-11,뷰티소품,30,코링코,코링코 톡톡하라 트위저(프로 핏/커브드),https://www.oliveyoung.co.kr/store/goods/getGoodsDetail.do?goodsNo=A000000180970,https://image.oliveyoung.co.kr/cfimages/cf-goods/uploads/images/thumbnails/400/10/0000/0018/A00000018097009ko.png?l=ko,10000,8800,12.0,2903,4.8,86,10,3,0,1,1,1,0,1,A000000180970,10000010006
2026-09-11,뷰티소품,31,필리밀리,필리밀리 열판 롤 브러시 3종 택 1 (40mm/50mm/65mm),https://www.oliveyoung.co.kr/store/goods/getGoodsDetail.do?goodsNo=A000000182618,https://image.oliveyoung.co.kr/cfimages/cf-goods/uploads/images/thumbnails/400/10/0000/0018/A00000018261802ko.jpg?l=ko,12000,12000,0.0,14018,4.8,84,12,4,0,0,0,0,0,1,A000000182618,10000010006
2026-09-11,뷰티소품,32,스튜디오17,[희소PICK/올인원키트출시] 스튜디오17 팡팡 퍼프 시리즈 3종 중  택 1,https://www.oliveyoung.co.kr/store/goods/getGoodsDetail.do?goodsNo=A000000247488,https://image.oliveyoung.co.kr/cfimages/cf-goods/uploads/images/thumbnails/400/10/0000/0024/A00000024748819ko.jpg?l=ko,16800,13400,20.2,20961,4.9,89,8,2,0,0,0,1,0,1,A000000247488,10000010006
2026-09-11,뷰티소품,33,필리밀리,[샵퀄리티] 필리밀리 포인트 가닥 속눈썹 5종 택1,https://www.oliveyoung.co.kr/store/goods/getGoodsDetail.do?goodsNo=A000000214790,https://image.oliveyoung.co.kr/cfimages/cf-goods/uploads/images/thumbnails/400/10/0000/0021/A00000021479082ko.jpg?l=ko,8900,7600,14.6,18192,4.7,79,12,6,1,2,1,0,0,1,A000000214790,10000010006
2026-09-11,뷰티소품,34,아헤브,아헤브 올데이 컬링 스틱(속눈썹 컬링 디바이스) / 크롬스틱,https://www.oliveyoung.co.kr/store/goods/getGoodsDetail.do?goodsNo=A000000245169,https://image.oliveyoung.co.kr/cfimages/cf-goods/uploads/images/thumbnails/400/10/0000/0024/A00000024516921ko.jpg?l=ko,49000,39000,20.4,291,4.7,82,9,8,0,1,1,0,0,1,A000000245169,10000010006
2026-09-11,뷰티소품,35,갸스비,[5년연속 1위] 갸스비 기름종이 파우더 타입 70매+70매,https://www.oliveyoung.co.kr/store/goods/getGoodsDetail.do?goodsNo=A000000006670,https://image.oliveyoung.co.kr/cfimages/cf-goods/uploads/images/thumbnails/400/10/0000/0000/A00000000667032ko.png?l=ko,8600,5800,32.6,22783,4.9,91,8,2,0,0,1,0,0,1,A000000006670,10000010006
2026-09-11,뷰티소품,36,더툴랩,[쿠션용 베스트 4P] 더툴랩 프리미엄 쿠션용 퍼프(기획/단품),https://www.oliveyoung.co.kr/store/goods/getGoodsDetail.do?goodsNo=A000000221574,https://image.oliveyoung.co.kr/cfimages/cf-goods/uploads/images/thumbnails/400/10/0000/0022/A00000022157469ko.jpg?l=ko,21000,19160,8.8,15350,4.7,83,11,4,1,1,1,1,1,1,A000000221574,10000010006
2026-09-11,뷰티소품,37,필리밀리,필리밀리X챠미키티 에디션 18종 택1,https://www.oliveyoung.co.kr/store/goods/getGoodsDetail.do?goodsNo=A000000248432,https://image.oliveyoung.co.kr/cfimages/cf-goods/uploads/images/thumbnails/400/10/0000/0024/A00000024843202ko.jpg?l=ko,8000,3900,51.2,26287,4.7,84,9,4,1,1,1,0,0,1,A000000248432,10000010006
2026-09-11,뷰티소품,38,일소,[피지순삭] 일소 딥 클린 마스터 (블랙헤드 제거기),https://www.oliveyoung.co.kr/store/goods/getGoodsDetail.do?goodsNo=A000000207822,https://image.oliveyoung.co.kr/cfimages/cf-goods/uploads/images/thumbnails/400/10/0000/0020/A000000207822102ko.jpg?l=ko,7900,7900,0.0,24831,4.8,86,10,4,1,1,0,0,0,1,A000000207822,10000010006
2026-09-11,뷰티소품,39,필리밀리,[리필출시] 필리밀리 팩트형 단면 쌍꺼풀 테이프 2종 택1 (슬림라인/부분라인),https://www.oliveyoung.co.kr/store/goods/getGoodsDetail.do?goodsNo=A000000233491,https://image.oliveyoung.co.kr/cfimages/cf-goods/uploads/images/thumbnails/400/10/0000/0023/A00000023349105ko.jpg?l=ko,8500,8500,0.0,5789,4.6,76,12,8,2,2,0,0,0,1,A000000233491,10000010006
2026-09-11,뷰티소품,40,올리브영,올리브영 양면쌍꺼풀테이프 44개,https://www.oliveyoung.co.kr/store/goods/getGoodsDetail.do?goodsNo=A000000236458,https://image.oliveyoung.co.kr/cfimages/cf-goods/uploads/images/thumbnails/400/10/0000/0023/A00000023645801ko.jpg?l=ko,1000,1000,0.0,12075,4.8,87,8,3,1,1,0,0,0,1,A000000236458,10000010006
2026-09-11,뷰티소품,41,올리브영,올리브영 스텐 스파츌라 용기(베이스용) 7ml,https://www.oliveyoung.co.kr/store/goods/getGoodsDetail.do?goodsNo=A000000260354,https://image.oliveyoung.co.kr/cfimages/cf-goods/uploads/images/thumbnails/400/10/0000/0026/A00000026035401ko.jpg?l=ko,4000,4000,0.0,5784,4.6,79,11,5,2,2,0,0,0,1,A000000260354,10000010006
2026-09-11,뷰티소품,42,키스미,[기획&단품] 키스미 퍼펙트 투 핸들 아이래시 컬러 (뷰러),https://www.oliveyoung.co.kr/store/goods/getGoodsDetail.do?goodsNo=A000000162934,https://image.oliveyoung.co.kr/cfimages/cf-goods/uploads/images/thumbnails/400/10/0000/0016/A00000016293471ko.png?l=ko,15000,13500,10.0,9138,4.7,79,13,6,1,1,1,0,0,1,A000000162934,10000010006
2026-09-11,뷰티소품,43,더블유비엘,[붓기귀꾸] 더블유비엘 이혈테라피 귀침 주얼패치 9종,https://www.oliveyoung.co.kr/store/goods/getGoodsDetail.do?goodsNo=A000000235975,https://image.oliveyoung.co.kr/cfimages/cf-goods/uploads/images/thumbnails/400/10/0000/0023/A00000023597531ko.png?l=ko,10000,9500,5.0,399,4.7,84,4,11,1,1,1,0,0,1,A000000235975,10000010006
2026-09-11,뷰티소품,44,시루콧토,[위클리초특가]시루콧토 우루우루 화장솜 40매입,https://www.oliveyoung.co.kr/store/goods/getGoodsDetail.do?goodsNo=A000000017129,https://image.oliveyoung.co.kr/cfimages/cf-goods/uploads/images/thumbnails/400/10/0000/0001/A00000001712906ko.jpg?l=ko,3400,2190,35.6,32549,4.8,87,10,2,0,0,1,1,0,1,A000000017129,10000010006
2026-09-11,뷰티소품,45,올리브영,[수건대용/순면100%]올리브영 페이스타월 4종(단품/더블기획/트리플기획/빅페이스),https://www.oliveyoung.co.kr/store/goods/getGoodsDetail.do?goodsNo=A000000241678,https://image.oliveyoung.co.kr/cfimages/cf-goods/uploads/images/thumbnails/400/10/0000/0024/A00000024167820ko.jpg?l=ko,5000,4500,10.0,16360,4.8,88,8,3,0,0,1,0,0,1,A000000241678,10000010006
2026-09-11,뷰티소품,46,필리밀리,[용도별 브러시PICK] 필리밀리 메이크업 브러시 골라담기 9종 택1,https://www.oliveyoung.co.kr/store/goods/getGoodsDetail.do?goodsNo=A000000176552,https://image.oliveyoung.co.kr/cfimages/cf-goods/uploads/images/thumbnails/400/10/0000/0017/A00000017655214ko.jpg?l=ko,5000,5000,0.0,37793,4.8,84,11,3,0,0,0,0,0,1,A000000176552,10000010006
2026-09-11,뷰티소품,47,필리밀리,[2025 어워즈 수상] 필리밀리 아이브러시 프로컬렉션(5종) 단품/기획,https://www.oliveyoung.co.kr/store/goods/getGoodsDetail.do?goodsNo=A000000164840,https://image.oliveyoung.co.kr/cfimages/cf-goods/uploads/images/thumbnails/400/10/0000/0016/A00000016484065ko.jpg?l=ko,28000,28000,0.0,17433,4.8,87,10,3,0,0,0,0,0,1,A000000164840,10000010006
2026-09-11,뷰티소품,48,올리오,[1위속눈썹/특허인증] 올리오 노글루 속눈썹/트위저 35종 (대용량/기획),https://www.oliveyoung.co.kr/store/goods/getGoodsDetail.do?goodsNo=A000000232666,https://image.oliveyoung.co.kr/cfimages/cf-goods/uploads/images/thumbnails/400/10/0000/0023/A00000023266642ko.jpg?l=ko,12000,8900,25.8,11411,4.9,92,4,2,1,1,1,0,0,1,A000000232666,10000010006
2026-09-11,뷰티소품,49,올리브영,올리브영 정교한 족집게,https://www.oliveyoung.co.kr/store/goods/getGoodsDetail.do?goodsNo=A000000242060,https://image.oliveyoung.co.kr/cfimages/cf-goods/uploads/images/thumbnails/400/10/0000/0024/A00000024206001ko.jpg?l=ko,1000,1000,0.0,8282,4.8,90,7,2,1,1,0,0,0,1,A000000242060,10000010006
2026-09-11,뷰티소품,50,키보,[NEW / 대용량 출시] 키보 노글루 속눈썹 삐삐래쉬 21종 중 택1 (기획/단품),https://www.oliveyoung.co.kr/store/goods/getGoodsDetail.do?goodsNo=A000000210049,https://image.oliveyoung.co.kr/cfimages/cf-goods/uploads/images/thumbnails/400/10/0000/0021/A00000021004978ko.jpg?l=ko,13000,9900,23.8,5367,4.6,79,12,5,1,2,1,0,0,1,A000000210049,10000010006
2026-09-11,뷰티소품,51,수아도르,[NEW지원콜라보단독] 수아도르 노글루 클린 컷 앳지래쉬(9+10+11mm+오브제MIX) 9종 택1,https://www.oliveyoung.co.kr/store/goods/getGoodsDetail.do?goodsNo=A000000238824,https://image.oliveyoung.co.kr/cfimages/cf-goods/uploads/images/thumbnails/400/10/0000/0023/A00000023882415ko.jpg?l=ko,13700,9590,30.0,1065,4.7,79,12,5,2,2,1,0,0,1,A000000238824,10000010006
2026-09-11,뷰티소품,52,닥터지,"[피지조절/저자극] 닥터지 레드 블레미쉬 오일 컨트롤 페이퍼 70매 2종 (단품,더블 기획)",https://www.oliveyoung.co.kr/store/goods/getGoodsDetail.do?goodsNo=A000000135363,https://image.oliveyoung.co.kr/cfimages/cf-goods/uploads/images/thumbnails/400/10/0000/0013/A00000013536305ko.jpg?l=ko,5000,4200,16.0,20433,4.9,90,8,2,0,0,1,0,0,1,A000000135363,10000010006
2026-09-11,뷰티소품,53,필리밀리,필리밀리 히팅뷰러 건전지 타입,https://www.oliveyoung.co.kr/store/goods/getGoodsDetail.do?goodsNo=A000000189106,https://image.oliveyoung.co.kr/cfimages/cf-goods/uploads/images/thumbnails/400/10/0000/0018/A00000018910609ko.jpg?l=ko,22900,18900,17.5,1615,4.6,75,14,8,1,2,1,0,0,1,A000000189106,10000010006
2026-09-11,뷰티소품,54,르브와,르브와 메이크업 브러쉬 (17종 중 택1),https://www.oliveyoung.co.kr/store/goods/getGoodsDetail.do?goodsNo=A000000213205,https://image.oliveyoung.co.kr/cfimages/cf-goods/uploads/images/thumbnails/400/10/0000/0021/A00000021320502ko.jpg?l=ko,12000,12000,0.0,2260,4.8,85,11,3,1,0,0,0,0,1,A000000213205,10000010006
2026-09-11,뷰티소품,55,올리브영,올리브영 듀얼라운드화장솜 60매,https://www.oliveyoung.co.kr/store/goods/getGoodsDetail.do?goodsNo=A000000235422,https://image.oliveyoung.co.kr/cfimages/cf-goods/uploads/images/thumbnails/400/10/0000/0023/A00000023542201ko.jpg?l=ko,3000,3000,0.0,2700,4.8,88,8,2,0,1,0,0,0,1,A000000235422,10000010006
2026-09-11,뷰티소품,56,올리오,[1위속눈썹/대용량출시] 올리오 노글루 속눈썹 클리어 싱글팩 플러스 8종,https://www.oliveyoung.co.kr/store/goods/getGoodsDetail.do?goodsNo=A000000231957,https://image.oliveyoung.co.kr/cfimages/cf-goods/uploads/images/thumbnails/400/10/0000/0023/A00000023195721ko.jpg?l=ko,22000,14900,32.3,1291,4.8,85,9,4,1,1,1,0,0,1,A000000231957,10000010006
2026-09-11,뷰티소품,57,필리밀리,[손쉽게완성] 필리밀리 노글루 포인트 가닥 속눈썹 골라담기 택1,https://www.oliveyoung.co.kr/store/goods/getGoodsDetail.do?goodsNo=A000000225273,https://image.oliveyoung.co.kr/cfimages/cf-goods/uploads/images/thumbnails/400/10/0000/0022/A00000022527358ko.jpg?l=ko,8000,7500,6.2,24914,4.6,78,12,6,2,2,1,0,0,1,A000000225273,10000010006
2026-09-11,뷰티소품,58,필리밀리,필리밀리 사선라이너브러시535,https://www.oliveyoung.co.kr/store/goods/getGoodsDetail.do?goodsNo=A000000229646,https://image.oliveyoung.co.kr/cfimages/cf-goods/uploads/images/thumbnails/400/10/0000/0022/A00000022964603ko.jpg?l=ko,5000,4600,8.0,7987,4.8,86,10,3,0,0,1,0,0,1,A000000229646,10000010006
2026-09-11,뷰티소품,59,올리브영,올리브영 빅페이스타월 50매,https://www.oliveyoung.co.kr/store/goods/getGoodsDetail.do?goodsNo=A000000247383,https://image.oliveyoung.co.kr/cfimages/cf-goods/uploads/images/thumbnails/400/10/0000/0024/A00000024738302ko.jpg?l=ko,6000,6000,0.0,1914,4.9,90,7,2,0,0,0,0,0,1,A000000247383,10000010006
2026-09-11,뷰티소품,60,필리밀리,필리밀리 열판 롤 브러시 3종 택1 (40mm/50mm/65mm),https://www.oliveyoung.co.kr/store/goods/getGoodsDetail.do?goodsNo=A000000249886,https://image.oliveyoung.co.kr/cfimages/cf-goods/uploads/images/thumbnails/400/10/0000/0024/A00000024988601ko.jpg?l=ko,12000,12000,0.0,7556,4.8,84,11,4,1,1,0,0,0,1,A000000249886,10000010006
2026-09-11,뷰티소품,61,피카소,[매끈결광/베이스착붙템] 피카소 FB11 스파츌라 브러쉬,https://www.oliveyoung.co.kr/store/goods/getGoodsDetail.do?goodsNo=A000000200241,https://image.oliveyoung.co.kr/cfimages/cf-goods/uploads/images/thumbnails/400/10/0000/0020/A00000020024140ko.jpg?l=ko,37000,25900,30.0,2344,4.8,84,11,4,1,0,1,0,0,1,A000000200241,10000010006
2026-09-11,뷰티소품,62,올리브영,올리브영 단면누드쌍꺼풀테이프 44개,https://www.oliveyoung.co.kr/store/goods/getGoodsDetail.do?goodsNo=A000000236470,https://image.oliveyoung.co.kr/cfimages/cf-goods/uploads/images/thumbnails/400/10/0000/0023/A00000023647003ko.jpg?l=ko,1000,1000,0.0,11416,4.8,86,8,4,1,1,0,0,0,1,A000000236470,10000010006
2026-09-11,뷰티소품,63,더툴랩,[혜림쌤 공동개발]더툴랩 해피림 스펀지 & 탱글 밀착 듀오 (브러쉬&스펀지 세트 / 스펀지 기획),https://www.oliveyoung.co.kr/store/goods/getGoodsDetail.do?goodsNo=A000000205440,https://image.oliveyoung.co.kr/cfimages/cf-goods/uploads/images/thumbnails/400/10/0000/0020/A00000020544046ko.jpg?l=ko,19500,17780,8.8,862,4.8,86,10,3,0,1,1,1,1,1,A000000205440,10000010006
2026-09-11,뷰티소품,64,필리밀리,필리밀리 퍼프 단품 골라담기 택 1(1개입/2개입/3개입),https://www.oliveyoung.co.kr/store/goods/getGoodsDetail.do?goodsNo=A000000226557,https://image.oliveyoung.co.kr/cfimages/cf-goods/uploads/images/thumbnails/400/10/0000/0022/A00000022655707ko.jpg?l=ko,5000,5000,0.0,3193,4.8,86,9,4,1,1,0,0,0,1,A000000226557,10000010006
2026-09-11,뷰티소품,65,화홍엠,[정교한눈매표현] 화홍엠 아이라이너 브러쉬 2종 중 택1,https://www.oliveyoung.co.kr/store/goods/getGoodsDetail.do?goodsNo=A000000208953,https://image.oliveyoung.co.kr/cfimages/cf-goods/uploads/images/thumbnails/400/10/0000/0020/A00000020895312ko.jpg?l=ko,14000,12600,10.0,1237,4.8,86,9,3,1,0,1,0,0,1,A000000208953,10000010006
2026-09-11,뷰티소품,66,크리스마,크리스마 더마랩 페이스타올 80매 3개입,https://www.oliveyoung.co.kr/store/goods/getGoodsDetail.do?goodsNo=A000000241208,https://image.oliveyoung.co.kr/cfimages/cf-goods/uploads/images/thumbnails/400/10/0000/0024/A00000024120802ko.jpg?l=ko,16900,16400,3.0,10006,4.9,89,8,2,0,0,1,0,0,1,A000000241208,10000010006
2026-09-11,뷰티소품,67,바닐라코,바닐라코 프라임 프라이머 피니쉬 파우더 퍼프 5개입,https://www.oliveyoung.co.kr/store/goods/getGoodsDetail.do?goodsNo=A000000173762,https://image.oliveyoung.co.kr/cfimages/cf-goods/uploads/images/thumbnails/400/10/0000/0017/A00000017376204ko.jpg?l=ko,10000,8000,20.0,4179,4.9,92,7,1,0,0,1,0,0,1,A000000173762,10000010006
2026-09-11,뷰티소품,68,올리브영,올리브영 순한비건면봉 600개,https://www.oliveyoung.co.kr/store/goods/getGoodsDetail.do?goodsNo=A000000235190,https://image.oliveyoung.co.kr/cfimages/cf-goods/uploads/images/thumbnails/400/10/0000/0023/A00000023519001ko.jpg?l=ko,4000,4000,0.0,51782,4.8,85,10,4,1,1,0,0,0,1,A000000235190,10000010006
2026-09-11,뷰티소품,69,필리밀리,필리밀리 미니 스파츌라 브러시 828 [산리오캐릭터즈 마이멜로디],https://www.oliveyoung.co.kr/store/goods/getGoodsDetail.do?goodsNo=A000000209108,https://image.oliveyoung.co.kr/cfimages/cf-goods/uploads/images/thumbnails/400/10/0000/0020/A00000020910831ko.jpg?l=ko,10900,8500,22.0,4746,4.8,84,11,4,1,0,1,1,0,1,A000000209108,10000010006
2026-09-11,뷰티소품,70,올리브영,올리브영 부드러운 샤워볼,https://www.oliveyoung.co.kr/store/goods/getGoodsDetail.do?goodsNo=A000000232576,https://image.oliveyoung.co.kr/cfimages/cf-goods/uploads/images/thumbnails/400/10/0000/0023/A00000023257601ko.jpg?l=ko,1000,1000,0.0,10215,4.9,91,6,2,0,0,0,0,0,1,A000000232576,10000010006
2026-09-11,뷰티소품,71,다슈,[1등 볼륨템/헤어 볼륨] 다슈 데일리 볼륨픽,https://www.oliveyoung.co.kr/store/goods/getGoodsDetail.do?goodsNo=A000000216438,https://image.oliveyoung.co.kr/cfimages/cf-goods/uploads/images/thumbnails/400/10/0000/0021/A00000021643832ko.jpg?l=ko,18000,14900,17.2,3496,4.5,73,14,8,3,3,1,0,0,1,A000000216438,10000010006
2026-09-11,뷰티소품,72,올리브영,올리브영 슬림헤드눈썹칼 2개_by KAI,https://www.oliveyoung.co.kr/store/goods/getGoodsDetail.do?goodsNo=A000000238817,https://image.oliveyoung.co.kr/cfimages/cf-goods/uploads/images/thumbnails/400/10/0000/0023/A00000023881701ko.jpg?l=ko,2000,2000,0.0,7375,4.9,91,7,2,0,0,0,0,0,1,A000000238817,10000010006
2026-09-11,뷰티소품,73,헤라,헤라 블랙 쿠션 파운데이션 퍼프 2종,https://www.oliveyoung.co.kr/store/goods/getGoodsDetail.do?goodsNo=A000000203668,https://image.oliveyoung.co.kr/cfimages/cf-goods/uploads/images/thumbnails/400/10/0000/0020/A00000020366801ko.jpg?l=ko,8000,6800,15.0,1632,4.9,90,6,3,0,0,1,0,0,1,A000000203668,10000010006
2026-09-11,뷰티소품,74,시루콧토,시루콧토 우루우루 40매 4개입/ 7개입 기획 택 1,https://www.oliveyoung.co.kr/store/goods/getGoodsDetail.do?goodsNo=A000000152653,https://image.oliveyoung.co.kr/cfimages/cf-goods/uploads/images/thumbnails/400/10/0000/0015/A00000015265304ko.jpg?l=ko,12900,12900,0.0,21837,4.9,91,7,1,0,0,0,0,0,1,A000000152653,10000010006
2026-09-11,뷰티소품,75,피카소,[올리브영 단독기획] 피카소 메이크업 스파츌라 한정 에디션 (2종 중 택1),https://www.oliveyoung.co.kr/store/goods/getGoodsDetail.do?goodsNo=A000000200242,https://image.oliveyoung.co.kr/cfimages/cf-goods/uploads/images/thumbnails/400/10/0000/0020/A00000020024230ko.jpg?l=ko,19000,14900,21.6,25025,4.8,85,11,3,0,0,1,0,0,1,A000000200242,10000010006
2026-09-11,뷰티소품,76,필리밀리,필리밀리 미니메이크업브러시키트(5종) 단품/기획,https://www.oliveyoung.co.kr/store/goods/getGoodsDetail.do?goodsNo=A000000223751,https://image.oliveyoung.co.kr/cfimages/cf-goods/uploads/images/thumbnails/400/10/0000/0022/A00000022375119ko.jpg?l=ko,22000,15900,27.7,8602,4.8,85,11,3,0,0,1,1,0,1,A000000223751,10000010006
2026-09-11,뷰티소품,77,올리브영,올리브영 실키화장솜 80매,https://www.oliveyoung.co.kr/store/goods/getGoodsDetail.do?goodsNo=A000000235189,https://image.oliveyoung.co.kr/cfimages/cf-goods/uploads/images/thumbnails/400/10/0000/0023/A00000023518901ko.jpg?l=ko,2000,2000,0.0,11540,4.9,91,6,3,0,0,0,0,0,1,A000000235189,10000010006
2026-09-11,뷰티소품,78,카이,KAI 휴대용뷰러(블랙),https://www.oliveyoung.co.kr/store/goods/getGoodsDetail.do?goodsNo=A000000129579,https://image.oliveyoung.co.kr/cfimages/cf-goods/uploads/images/thumbnails/400/10/0000/0012/A00000012957902ko.jpg?l=ko,8500,7900,7.1,4383,4.7,79,14,5,1,1,1,0,0,1,A000000129579,10000010006
2026-09-11,뷰티소품,79,브링그린,[유분기싹] 브링그린 쑥한지 기름종이 70매 (2입기획/단품),https://www.oliveyoung.co.kr/store/goods/getGoodsDetail.do?goodsNo=A000000190447,https://image.oliveyoung.co.kr/cfimages/cf-goods/uploads/images/thumbnails/400/10/0000/0019/A00000019044716ko.jpg?l=ko,3500,3300,5.7,34216,4.8,85,11,4,1,0,1,0,0,1,A000000190447,10000010006
2026-09-11,뷰티소품,80,피카소,[NEW/블러셔짝꿍템] 피카소 블러셔 브러쉬 4종 골라담기,https://www.oliveyoung.co.kr/store/goods/getGoodsDetail.do?goodsNo=A000000232713,https://image.oliveyoung.co.kr/cfimages/cf-goods/uploads/images/thumbnails/400/10/0000/0023/A00000023271306ko.jpg?l=ko,39000,32900,15.6,383,4.8,84,10,4,1,1,1,0,0,1,A000000232713,10000010006
2026-09-11,뷰티소품,81,올리브영,[NEW사우나템]올리브영 퀵 드라이 샤워글러브,https://www.oliveyoung.co.kr/store/goods/getGoodsDetail.do?goodsNo=A000000262931,https://image.oliveyoung.co.kr/cfimages/cf-goods/uploads/images/thumbnails/400/10/0000/0026/A00000026293104ko.jpg?l=ko,5000,4900,2.0,133,4.7,81,13,3,1,2,1,0,0,1,A000000262931,10000010006
2026-09-11,뷰티소품,82,더툴랩,[한정기획출시/툴세척템] 더툴랩 툴 클렌저 3종(툴 클렌징 솝/클렌징 티슈/브러쉬 클렌저),https://www.oliveyoung.co.kr/store/goods/getGoodsDetail.do?goodsNo=A000000210096,https://image.oliveyoung.co.kr/cfimages/cf-goods/uploads/images/thumbnails/400/10/0000/0021/A00000021009696ko.png?l=ko,14000,11430,18.4,3026,4.8,84,11,4,1,1,1,1,1,1,A000000210096,10000010006
2026-09-11,뷰티소품,83,필리밀리,필리밀리 메이크업 스펀지 7종 택1,https://www.oliveyoung.co.kr/store/goods/getGoodsDetail.do?goodsNo=A000000227717,https://image.oliveyoung.co.kr/cfimages/cf-goods/uploads/images/thumbnails/400/10/0000/0022/A00000022771704ko.jpg?l=ko,4500,4500,0.0,3167,4.6,79,11,7,2,2,0,0,0,1,A000000227717,10000010006
2026-09-11,뷰티소품,84,올리브영,올리브영 1/2화장솜 80매,https://www.oliveyoung.co.kr/store/goods/getGoodsDetail.do?goodsNo=A000000236326,https://image.oliveyoung.co.kr/cfimages/cf-goods/uploads/images/thumbnails/400/10/0000/0023/A00000023632601ko.jpg?l=ko,3000,3000,0.0,4623,4.9,91,7,2,0,0,0,0,0,1,A000000236326,10000010006
2026-09-11,뷰티소품,85,깜빡,[신규 디자인 출시] 깜빡 노글루 속눈썹 12종 택 1 (기획/단품),https://www.oliveyoung.co.kr/store/goods/getGoodsDetail.do?goodsNo=A000000228549,https://image.oliveyoung.co.kr/cfimages/cf-goods/uploads/images/thumbnails/400/10/0000/0022/A00000022854925ko.jpg?l=ko,17000,12800,24.7,2200,4.8,87,8,3,1,1,1,0,0,1,A000000228549,10000010006
2026-09-11,뷰티소품,86,필리밀리,필리밀리 코렉터 브러시 3종 택1,https://www.oliveyoung.co.kr/store/goods/getGoodsDetail.do?goodsNo=A000000229648,https://image.oliveyoung.co.kr/cfimages/cf-goods/uploads/images/thumbnails/400/10/0000/0022/A00000022964802ko.jpg?l=ko,6500,5700,12.3,28516,4.8,82,12,4,1,1,1,0,0,1,A000000229648,10000010006
2026-09-11,뷰티소품,87,올리브영,올리브영 다겹분리무표백순면화장솜 80매,https://www.oliveyoung.co.kr/store/goods/getGoodsDetail.do?goodsNo=A000000236618,https://image.oliveyoung.co.kr/cfimages/cf-goods/uploads/images/thumbnails/400/10/0000/0023/A00000023661801ko.jpg?l=ko,3000,3000,0.0,3682,4.9,89,8,2,0,0,0,0,0,1,A000000236618,10000010006
2026-09-11,뷰티소품,88,필리밀리,필리밀리 쿠션 팡팡퍼프 2P,https://www.oliveyoung.co.kr/store/goods/getGoodsDetail.do?goodsNo=A000000231642,https://image.oliveyoung.co.kr/cfimages/cf-goods/uploads/images/thumbnails/400/10/0000/0023/A00000023164202ko.jpg?l=ko,4000,4000,0.0,47389,4.8,87,9,3,0,0,0,0,0,1,A000000231642,10000010006
2026-09-11,뷰티소품,89,필리밀리,필리밀리 세라믹 바디 괄사(+파우치 포함),https://www.oliveyoung.co.kr/store/goods/getGoodsDetail.do?goodsNo=A000000231122,https://image.oliveyoung.co.kr/cfimages/cf-goods/uploads/images/thumbnails/400/10/0000/0023/A00000023112206ko.jpg?l=ko,18900,18900,0.0,3312,4.8,84,11,3,0,0,0,0,0,1,A000000231122,10000010006
2026-09-11,뷰티소품,90,올리브영,올리브영 안전눈썹칼 2개,https://www.oliveyoung.co.kr/store/goods/getGoodsDetail.do?goodsNo=A000000238666,https://image.oliveyoung.co.kr/cfimages/cf-goods/uploads/images/thumbnails/400/10/0000/0023/A00000023866601ko.jpg?l=ko,1000,1000,0.0,10139,4.9,91,7,2,0,0,0,0,0,1,A000000238666,10000010006
2026-09-11,뷰티소품,91,카이,KAI 미니눈썹칼 3입,https://www.oliveyoung.co.kr/store/goods/getGoodsDetail.do?goodsNo=A000000001455,https://image.oliveyoung.co.kr/cfimages/cf-goods/uploads/images/thumbnails/400/10/0000/0000/A00000000145511ko.jpg?l=ko,3000,3000,0.0,25905,4.8,88,8,2,0,0,0,0,0,1,A000000001455,10000010006
2026-09-11,뷰티소품,92,바디바,[냄새/피지 딥클렌징] 바디바 이어스틱(이어 홀 클리너) 60개입,https://www.oliveyoung.co.kr/store/goods/getGoodsDetail.do?goodsNo=A000000180507,https://image.oliveyoung.co.kr/cfimages/cf-goods/uploads/images/thumbnails/400/10/0000/0018/A00000018050751ko.jpg?l=ko,14500,13900,4.1,5715,4.6,74,15,7,2,2,1,0,0,1,A000000180507,10000010006
2026-09-11,뷰티소품,93,필리밀리,[알러지 걱정 NO] 필리밀리 투명한/블랙 속눈썹 접착제 7g,https://www.oliveyoung.co.kr/store/goods/getGoodsDetail.do?goodsNo=A000000236659,https://image.oliveyoung.co.kr/cfimages/cf-goods/uploads/images/thumbnails/400/10/0000/0023/A00000023665905ko.jpg?l=ko,6000,4800,20.0,4931,4.6,76,12,8,2,3,1,0,0,1,A000000236659,10000010006
2026-09-11,뷰티소품,94,화홍엠,[올영한정기획] 화홍엠 163&258 브러쉬 듀오 (기획/단품),https://www.oliveyoung.co.kr/store/goods/getGoodsDetail.do?goodsNo=A000000248062,https://image.oliveyoung.co.kr/cfimages/cf-goods/uploads/images/thumbnails/400/10/0000/0024/A00000024806206ko.jpg?l=ko,16000,12000,25.0,6413,4.8,85,11,4,0,0,1,1,0,1,A000000248062,10000010006
2026-09-11,뷰티소품,95,홀리카홀리카,홀리카홀리카 마이페이브 멀티 팔레트 케이스/에센셜 핏 브러쉬,https://www.oliveyoung.co.kr/store/goods/getGoodsDetail.do?goodsNo=A000000187681,https://image.oliveyoung.co.kr/cfimages/cf-goods/uploads/images/thumbnails/400/10/0000/0018/A00000018768109ko.jpg?l=ko,6000,3940,34.3,5880,4.9,91,6,2,0,0,1,1,0,1,A000000187681,10000010006
2026-09-11,뷰티소품,96,올리브영,올리브영 미니핸디브러시키트(5종)(+파우치키링),https://www.oliveyoung.co.kr/store/goods/getGoodsDetail.do?goodsNo=A000000238419,https://image.oliveyoung.co.kr/cfimages/cf-goods/uploads/images/thumbnails/400/10/0000/0023/A00000023841901ko.jpg?l=ko,5000,5000,0.0,2526,4.8,83,11,4,1,1,0,0,0,1,A000000238419,10000010006
2026-09-11,뷰티소품,97,올리브영,올리브영 엠보싱면봉 140개,https://www.oliveyoung.co.kr/store/goods/getGoodsDetail.do?goodsNo=A000000235429,https://image.oliveyoung.co.kr/cfimages/cf-goods/uploads/images/thumbnails/400/10/0000/0023/A00000023542901ko.jpg?l=ko,2000,2000,0.0,3459,4.8,87,9,3,1,1,0,0,0,1,A000000235429,10000010006
2026-09-11,뷰티소품,98,피카소,피카소 224 아이섀도우 브러쉬,https://www.oliveyoung.co.kr/store/goods/getGoodsDetail.do?goodsNo=A000000162790,https://image.oliveyoung.co.kr/cfimages/cf-goods/uploads/images/thumbnails/400/10/0000/0016/A00000016279001ko.jpg?l=ko,39000,29250,25.0,351,4.8,87,11,1,1,0,1,0,0,1,A000000162790,10000010006
2026-09-11,뷰티소품,99,깜빡,[누적판매 420만개] 깜빡 오리지널 속눈썹 21종 택1,https://www.oliveyoung.co.kr/store/goods/getGoodsDetail.do?goodsNo=A000000189991,https://image.oliveyoung.co.kr/cfimages/cf-goods/uploads/images/thumbnails/400/10/0000/0018/A00000018999143ko.jpg?l=ko,7800,6240,20.0,4317,4.8,84,11,4,1,0,1,0,0,1,A000000189991,10000010006
2026-09-11,뷰티소품,100,크리넥스,크리넥스 피부에 순한 100%순면 페이스타올 70매,https://www.oliveyoung.co.kr/store/goods/getGoodsDetail.do?goodsNo=A000000262879,https://image.oliveyoung.co.kr/cfimages/cf-goods/uploads/images/thumbnails/400/10/0000/0026/A00000026287902ko.jpg?l=ko,6000,5100,15.0,143,4.8,87,9,2,2,,1,0,0,1,A000000262879,10000010006
2026-09-11,더모 코스메틱,1,에스트라,[1등크림] 에스트라 아토베리어365 크림 80ml 기획(+토너25ml+클렌징폼3g*3EA),https://www.oliveyoung.co.kr/store/goods/getGoodsDetail.do?goodsNo=A000000261864,https://image.oliveyoung.co.kr/cfimages/cf-goods/uploads/images/thumbnails/400/10/0000/0026/A00000026186405ko.jpg?l=ko,33000,26700,19.1,39929,4.9,90,7,2,0,1,1,1,0,1,A000000261864,10000010008
2026-09-11,더모 코스메틱,2,라로슈포제,[9월 올영픽/손상장벽집중케어]라로슈포제 시카플라스트밤 B5+ 100ml 기획 (+시카에센스7.5ml+히알루세럼3ml),https://www.oliveyoung.co.kr/store/goods/getGoodsDetail.do?goodsNo=A000000263009,https://image.oliveyoung.co.kr/cfimages/cf-goods/uploads/images/thumbnails/400/10/0000/0026/A00000026300905ko.jpg?l=ko,41000,32800,20.0,34778,4.8,87,9,3,1,1,1,0,1,1,A000000263009,10000010008
2026-09-11,더모 코스메틱,3,파티온,[9/11 하루특가][대용량] 파티온 노스카나인 트러블 크림 75ml 기획(+5ml),https://www.oliveyoung.co.kr/store/goods/getGoodsDetail.do?goodsNo=A000000265234,https://image.oliveyoung.co.kr/cfimages/cf-goods/uploads/images/thumbnails/400/10/0000/0026/A00000026523402ko.jpg?l=ko,45000,28500,36.7,52,4.8,87,4,8,2,,1,1,0,1,A000000265234,10000010008
2026-09-11,더모 코스메틱,4,파티온,[9월 올영픽] 파티온 노스카나인 트러블 세럼 50ml 리필 기획 (+리필40ml+크림10ml),https://www.oliveyoung.co.kr/store/goods/getGoodsDetail.do?goodsNo=A000000219609,https://image.oliveyoung.co.kr/cfimages/cf-goods/uploads/images/thumbnails/400/10/0000/0021/A00000021960924ko.jpg?l=ko,54000,32150,40.5,80119,4.9,93,5,2,0,0,1,1,0,1,A000000219609,10000010008
2026-09-11,더모 코스메틱,5,제로이드,[9월 올영픽][누렁이 콜라보] 제로이드 인텐시브 크림 80ml+50ml 기획 (+누렁이 파우치),https://www.oliveyoung.co.kr/store/goods/getGoodsDetail.do?goodsNo=A000000263068,https://image.oliveyoung.co.kr/cfimages/cf-goods/uploads/images/thumbnails/400/10/0000/0026/A00000026306840ko.png?l=ko,40000,33900,15.2,12973,4.8,88,9,3,0,1,1,1,0,1,A000000263068,10000010008
2026-09-11,더모 코스메틱,6,라로슈포제,[9월 올영픽/데일리장벽케어] 라로슈포제 시카플라스트 멀티 리페어 크림 100ml 기획 (+시카에센스 7.5ml*2),https://www.oliveyoung.co.kr/store/goods/getGoodsDetail.do?goodsNo=A000000263019,https://image.oliveyoung.co.kr/cfimages/cf-goods/uploads/images/thumbnails/400/10/0000/0026/A00000026301905ko.jpg?l=ko,52000,41600,20.0,20495,4.8,84,10,4,1,1,1,0,1,1,A000000263019,10000010008
2026-09-11,더모 코스메틱,7,바이오더마,[설윤PICK] 바이오더마 센시비오 H2O 500ml 2입,https://www.oliveyoung.co.kr/store/goods/getGoodsDetail.do?goodsNo=A000000013194,https://image.oliveyoung.co.kr/cfimages/cf-goods/uploads/images/thumbnails/400/10/0000/0001/A00000001319480ko.jpg?l=ko,42000,31900,24.0,39181,4.9,91,7,2,0,0,1,0,0,1,A000000013194,10000010008
2026-09-11,더모 코스메틱,8,에스트라,에스트라 아토베리어365 로션 150ml 기획(+토너25ml+클렌징폼3g*3EA),https://www.oliveyoung.co.kr/store/goods/getGoodsDetail.do?goodsNo=A000000264460,https://image.oliveyoung.co.kr/cfimages/cf-goods/uploads/images/thumbnails/400/10/0000/0026/A00000026446004ko.jpg?l=ko,33000,24900,24.5,6426,4.9,91,7,2,0,0,1,1,0,1,A000000264460,10000010008
2026-09-11,더모 코스메틱,9,제로이드,[9월 올영픽][누렁이 콜라보] 제로이드 포밍 클렌저 240ml 본품 + 240ml 리필 기획 (+랜덤 띠부씰 1종),https://www.oliveyoung.co.kr/store/goods/getGoodsDetail.do?goodsNo=A000000263072,https://image.oliveyoung.co.kr/cfimages/cf-goods/uploads/images/thumbnails/400/10/0000/0026/A00000026307225ko.png?l=ko,43000,34900,18.8,6991,4.9,89,8,2,0,0,1,1,0,1,A000000263072,10000010008
2026-09-11,더모 코스메틱,10,에스트라,[50%용량증정] 에스트라 더마UV365 장벽수분 무기자차 선크림 40ml+20ml,https://www.oliveyoung.co.kr/store/goods/getGoodsDetail.do?goodsNo=A000000206826,https://image.oliveyoung.co.kr/cfimages/cf-goods/uploads/images/thumbnails/400/10/0000/0020/A00000020682632ko.jpg?l=ko,31000,21300,31.3,10335,4.8,85,11,3,1,1,1,1,0,1,A000000206826,10000010008
2026-09-11,더모 코스메틱,11,피지오겔,[9월 올영픽] 피지오겔 DMT 페이셜 크림 대용량 200ml 기획(+토너50ml+마스크1매),https://www.oliveyoung.co.kr/store/goods/getGoodsDetail.do?goodsNo=A000000263530,https://image.oliveyoung.co.kr/cfimages/cf-goods/uploads/images/thumbnails/400/10/0000/0026/A00000026353010ko.jpg?l=ko,47500,26900,43.4,24511,4.8,85,11,3,0,0,1,0,0,1,A000000263530,10000010008
2026-09-11,더모 코스메틱,12,피지오겔,[9월올영픽/잠티PICK] 피지오겔 데일리뮨 앰플 20ml+20ml 기획(+마스크1매),https://www.oliveyoung.co.kr/store/goods/getGoodsDetail.do?goodsNo=A000000263542,https://image.oliveyoung.co.kr/cfimages/cf-goods/uploads/images/thumbnails/400/10/0000/0026/A00000026354259ko.jpg?l=ko,78000,54000,30.8,10331,4.8,87,9,2,0,0,1,0,0,1,A000000263542,10000010008
2026-09-11,더모 코스메틱,13,에스트라,에스트라 아토베리어365 세라-히알 속수분 앰플 30ml+30ml 리필 기획,https://www.oliveyoung.co.kr/store/goods/getGoodsDetail.do?goodsNo=A000000245091,https://image.oliveyoung.co.kr/cfimages/cf-goods/uploads/images/thumbnails/400/10/0000/0024/A00000024509112ko.jpg?l=ko,47500,35870,24.5,7682,4.8,88,9,2,0,0,1,1,0,1,A000000245091,10000010008
2026-09-11,더모 코스메틱,14,바이오더마,[9월올영픽/설윤PICK] 바이오더마 하이드라비오 에센스 로션 200ml 기획 (+펌프용기+파우치) (2609),https://www.oliveyoung.co.kr/store/goods/getGoodsDetail.do?goodsNo=A000000263073,https://image.oliveyoung.co.kr/cfimages/cf-goods/uploads/images/thumbnails/400/10/0000/0026/A00000026307305ko.jpg?l=ko,38000,28100,26.1,17249,4.8,86,9,3,1,1,1,0,0,1,A000000263073,10000010008
2026-09-11,더모 코스메틱,15,라로슈포제,[파데프리] 라로슈포제 유비데아 안뗄리오스 톤업 로지 글로우 30ml 기획 (+멜라B3세럼 3ml*2ea),https://www.oliveyoung.co.kr/store/goods/getGoodsDetail.do?goodsNo=A000000252919,https://image.oliveyoung.co.kr/cfimages/cf-goods/uploads/images/thumbnails/400/10/0000/0025/A00000025291902ko.jpg?l=ko,38000,27500,27.6,1431,4.7,80,15,4,1,1,1,1,1,1,A000000252919,10000010008
2026-09-11,더모 코스메틱,16,에스트라,[올영 어워즈 1등 크림] 에스트라 아토베리어365 크림 80ml,https://www.oliveyoung.co.kr/store/goods/getGoodsDetail.do?goodsNo=A000000198320,https://image.oliveyoung.co.kr/cfimages/cf-goods/uploads/images/thumbnails/400/10/0000/0019/A00000019832009ko.jpg?l=ko,33000,26700,19.1,8080,4.8,89,7,2,1,1,1,1,0,1,A000000198320,10000010008
2026-09-11,더모 코스메틱,17,쥬베룩,[올리브영 단독] 쥬베룩 PDLLA 콜라겐 부스팅 마스크 4+1매 기획/단품,https://www.oliveyoung.co.kr/store/goods/getGoodsDetail.do?goodsNo=A000000253919,https://image.oliveyoung.co.kr/cfimages/cf-goods/uploads/images/thumbnails/400/10/0000/0025/A00000025391912ko.jpg?l=ko,36000,33400,7.2,914,4.9,92,4,2,1,1,1,0,0,1,A000000253919,10000010008
2026-09-11,더모 코스메틱,18,에스트라,에스트라 아토베리어365 하이드로 수딩크림 80ml 기획 (+수딩크림 10ml+클렌징폼 30g),https://www.oliveyoung.co.kr/store/goods/getGoodsDetail.do?goodsNo=A000000258834,https://image.oliveyoung.co.kr/cfimages/cf-goods/uploads/images/thumbnails/400/10/0000/0025/A00000025883410ko.jpg?l=ko,33000,26700,19.1,14036,4.8,88,9,2,0,1,1,1,0,1,A000000258834,10000010008
2026-09-11,더모 코스메틱,19,에스트라,에스트라 아토베리어365 하이드로에센스 200ml (+크림 10ml+앰플 10ml),https://www.oliveyoung.co.kr/store/goods/getGoodsDetail.do?goodsNo=A000000222837,https://image.oliveyoung.co.kr/cfimages/cf-goods/uploads/images/thumbnails/400/10/0000/0022/A00000022283708ko.jpg?l=ko,32000,24900,22.2,14563,4.9,89,8,2,0,0,1,1,0,1,A000000222837,10000010008
2026-09-11,더모 코스메틱,20,리쥬란,[오리지널 c-PDRN/한정기획]리쥬란 힐러 턴오버 앰플 듀얼 이펙트 10ml 더블 기획,https://www.oliveyoung.co.kr/store/goods/getGoodsDetail.do?goodsNo=A000000216520,https://image.oliveyoung.co.kr/cfimages/cf-goods/uploads/images/thumbnails/400/10/0000/0021/A00000021652049ko.jpg?l=ko,50000,38500,23.0,13954,4.9,91,6,2,0,0,1,1,0,1,A000000216520,10000010008
2026-09-11,더모 코스메틱,21,바이오더마,[9월올영픽] 바이오더마 시카비오 포마드 100ml 기획(+포마드 5ml+크림 5ml+크림 SPF50 5ml),https://www.oliveyoung.co.kr/store/goods/getGoodsDetail.do?goodsNo=A000000263071,https://image.oliveyoung.co.kr/cfimages/cf-goods/uploads/images/thumbnails/400/10/0000/0026/A00000026307103ko.jpg?l=ko,40000,31000,22.5,17446,4.8,85,11,3,1,1,1,0,0,1,A000000263071,10000010008
2026-09-11,더모 코스메틱,22,아벤느,[모공탄력] 아벤느 히알루론 액티브 B3 탄력 세럼 30ml 기획 (+괄사+크림 2ml*2),https://www.oliveyoung.co.kr/store/goods/getGoodsDetail.do?goodsNo=A000000256388,https://image.oliveyoung.co.kr/cfimages/cf-goods/uploads/images/thumbnails/400/10/0000/0025/A00000025638809ko.jpg?l=ko,55000,55000,0.0,2346,4.8,88,8,2,1,1,0,0,0,1,A000000256388,10000010008
2026-09-11,더모 코스메틱,23,바이오더마,바이오더마 아토덤 립스틱 1+1 기획 (저자극 립밤),https://www.oliveyoung.co.kr/store/goods/getGoodsDetail.do?goodsNo=A000000171113,https://image.oliveyoung.co.kr/cfimages/cf-goods/uploads/images/thumbnails/400/10/0000/0017/A00000017111328ko.jpg?l=ko,20000,14000,30.0,36940,4.9,88,9,2,0,0,1,0,0,1,A000000171113,10000010008
2026-09-11,더모 코스메틱,24,제로이드,[대용량] 제로이드 수딩 크림 80ml + 50ml 기획,https://www.oliveyoung.co.kr/store/goods/getGoodsDetail.do?goodsNo=A000000231589,https://image.oliveyoung.co.kr/cfimages/cf-goods/uploads/images/thumbnails/400/10/0000/0023/A00000023158910ko.jpg?l=ko,38000,38000,0.0,9662,4.8,87,9,3,1,1,0,0,0,1,A000000231589,10000010008
2026-09-11,더모 코스메틱,25,아벤느,[손상/장벽 리페어] 아벤느 시칼파트 플러스 SOS 리페어 크림 100ml 기획 (+40ml),https://www.oliveyoung.co.kr/store/goods/getGoodsDetail.do?goodsNo=A000000200725,https://image.oliveyoung.co.kr/cfimages/cf-goods/uploads/images/thumbnails/400/10/0000/0020/A00000020072525ko.jpg?l=ko,44000,28900,34.3,11047,4.7,80,13,5,1,1,1,1,0,1,A000000200725,10000010008
2026-09-11,더모 코스메틱,26,바이오더마,[9월올영픽] 바이오더마 시카비오 크림+ 100ml 더블 기획,https://www.oliveyoung.co.kr/store/goods/getGoodsDetail.do?goodsNo=A000000263070,https://image.oliveyoung.co.kr/cfimages/cf-goods/uploads/images/thumbnails/400/10/0000/0026/A00000026307003ko.jpg?l=ko,50500,41600,17.6,4510,4.8,84,11,3,1,1,1,0,0,1,A000000263070,10000010008
2026-09-11,더모 코스메틱,27,바이오더마,바이오더마 센시비오 H2O 500ml,https://www.oliveyoung.co.kr/store/goods/getGoodsDetail.do?goodsNo=A000000247215,https://image.oliveyoung.co.kr/cfimages/cf-goods/uploads/images/thumbnails/400/10/0000/0024/A00000024721502ko.jpg?l=ko,27000,17960,33.5,2299,4.9,92,6,2,0,0,1,0,0,1,A000000247215,10000010008
2026-09-11,더모 코스메틱,28,바이오더마,[9월올영픽] 바이오더마 아토덤 울트라 크림 500ml 기획 (+200ml+페이셜 로션 1ml*3),https://www.oliveyoung.co.kr/store/goods/getGoodsDetail.do?goodsNo=A000000263056,https://image.oliveyoung.co.kr/cfimages/cf-goods/uploads/images/thumbnails/400/10/0000/0026/A00000026305604ko.jpg?l=ko,42000,31900,24.0,15480,4.9,90,8,2,0,0,1,0,0,1,A000000263056,10000010008
2026-09-11,더모 코스메틱,29,제로이드,제로이드 포밍 클렌저 240ml,https://www.oliveyoung.co.kr/store/goods/getGoodsDetail.do?goodsNo=A000000209910,https://image.oliveyoung.co.kr/cfimages/cf-goods/uploads/images/thumbnails/400/10/0000/0020/A00000020991006ko.jpg?l=ko,24000,21600,10.0,4226,4.8,88,9,2,0,1,1,0,0,1,A000000209910,10000010008
2026-09-11,더모 코스메틱,30,파티온,[9월올영픽] 파티온 노스카나인 트러블 크림 75ml 기획(+5ml),https://www.oliveyoung.co.kr/store/goods/getGoodsDetail.do?goodsNo=A000000232304,https://image.oliveyoung.co.kr/cfimages/cf-goods/uploads/images/thumbnails/400/10/0000/0023/A00000023230414ko.jpg?l=ko,45000,28500,36.7,25011,4.8,89,8,3,0,0,1,1,0,1,A000000232304,10000010008
2026-09-11,더모 코스메틱,31,제로이드,[트러블 피부 추천/약산성 장벽 케어] 제로이드 핌프로브 레드 컨트롤 크림 pH4 80ml,https://www.oliveyoung.co.kr/store/goods/getGoodsDetail.do?goodsNo=A000000249580,https://image.oliveyoung.co.kr/cfimages/cf-goods/uploads/images/thumbnails/400/10/0000/0024/A00000024958014ko.jpg?l=ko,33000,33000,0.0,702,4.8,86,9,3,1,1,0,0,0,1,A000000249580,10000010008
2026-09-11,더모 코스메틱,32,에스트라,에스트라 아토베리어365 포밍 클렌저 150ml+150ml 리필 기획,https://www.oliveyoung.co.kr/store/goods/getGoodsDetail.do?goodsNo=A000000245043,https://image.oliveyoung.co.kr/cfimages/cf-goods/uploads/images/thumbnails/400/10/0000/0024/A00000024504316ko.jpg?l=ko,32400,24960,23.0,1912,4.8,89,9,2,0,0,1,1,0,1,A000000245043,10000010008
2026-09-11,더모 코스메틱,33,유세린,[9월 올영픽] 유세린 하이알루론 3X 아이크림 15ml 기획 (+진정장벽 마스크팩 1매+광채 세럼 7ml),https://www.oliveyoung.co.kr/store/goods/getGoodsDetail.do?goodsNo=A000000263007,https://image.oliveyoung.co.kr/cfimages/cf-goods/uploads/images/thumbnails/400/10/0000/0026/A00000026300706ko.jpg?l=ko,53000,32900,37.9,11746,4.8,83,13,3,0,0,1,0,0,1,A000000263007,10000010008
2026-09-11,더모 코스메틱,34,바이오더마,[9월올영픽/설윤PICK] 바이오더마 하이드라비오 토너 500ml 2입 기획 (2609),https://www.oliveyoung.co.kr/store/goods/getGoodsDetail.do?goodsNo=A000000263055,https://image.oliveyoung.co.kr/cfimages/cf-goods/uploads/images/thumbnails/400/10/0000/0026/A00000026305503ko.jpg?l=ko,62400,41500,33.5,14916,4.8,86,10,3,0,1,1,0,0,1,A000000263055,10000010008
2026-09-11,더모 코스메틱,35,피지오겔,[9월올영픽/72시간수분] 피지오겔 DMT 페이셜 로션 200ml 기획(+크림10ml+데일리뮨앰플4ml),https://www.oliveyoung.co.kr/store/goods/getGoodsDetail.do?goodsNo=A000000263538,https://image.oliveyoung.co.kr/cfimages/cf-goods/uploads/images/thumbnails/400/10/0000/0026/A00000026353802ko.jpg?l=ko,38000,20900,45.0,15663,4.8,86,11,2,0,0,1,0,0,1,A000000263538,10000010008
2026-09-11,더모 코스메틱,36,제로이드,[9월 올영픽][누렁이 콜라보] 제로이드 인텐시브 로션 300ml 기획 (+액막이 키링),https://www.oliveyoung.co.kr/store/goods/getGoodsDetail.do?goodsNo=A000000263069,https://image.oliveyoung.co.kr/cfimages/cf-goods/uploads/images/thumbnails/400/10/0000/0026/A00000026306912ko.png?l=ko,58000,41900,27.8,2576,4.8,88,8,2,1,1,1,1,0,1,A000000263069,10000010008
2026-09-11,더모 코스메틱,37,라로슈포제,[기미잡티광채세럼] 라로슈포제 멜라B3 세럼 30ml,https://www.oliveyoung.co.kr/store/goods/getGoodsDetail.do?goodsNo=A000000203925,https://image.oliveyoung.co.kr/cfimages/cf-goods/uploads/images/thumbnails/400/10/0000/0020/A00000020392508ko.jpg?l=ko,68000,49100,27.8,392,4.6,79,11,7,1,2,1,1,1,1,A000000203925,10000010008
2026-09-11,더모 코스메틱,38,유리아쥬,[온가족 여성청결제] 유리아쥬 진피 마일드 젤 단품/기획 택 1 (50ml/200ml/500ml),https://www.oliveyoung.co.kr/store/goods/getGoodsDetail.do?goodsNo=A000000120689,https://image.oliveyoung.co.kr/cfimages/cf-goods/uploads/images/thumbnails/400/10/0000/0012/A00000012068937ko.jpg?l=ko,11000,5500,50.0,5446,4.9,90,8,2,0,0,1,0,0,1,A000000120689,10000010008
2026-09-11,더모 코스메틱,39,라로슈포제,[9월 올영픽/대용량 추가증정] 라로슈포제 에빠끌라 딥 클렌징 포밍 크림 125ml 기획 (+에빠끌라 폼 50ml),https://www.oliveyoung.co.kr/store/goods/getGoodsDetail.do?goodsNo=A000000262985,https://image.oliveyoung.co.kr/cfimages/cf-goods/uploads/images/thumbnails/400/10/0000/0026/A00000026298504ko.jpg?l=ko,30000,24000,20.0,7845,4.8,89,9,2,0,0,1,0,1,1,A000000262985,10000010008
2026-09-11,더모 코스메틱,40,에스트라,에스트라 아토베리어365 캡슐토너 300ml 기획 (+수딩크림 30ml+세라-히알 앰플 7ml),https://www.oliveyoung.co.kr/store/goods/getGoodsDetail.do?goodsNo=A000000258833,https://image.oliveyoung.co.kr/cfimages/cf-goods/uploads/images/thumbnails/400/10/0000/0025/A00000025883311ko.jpg?l=ko,30000,23900,20.3,1413,4.8,88,8,3,0,0,1,1,0,1,A000000258833,10000010008
2026-09-11,더모 코스메틱,41,유리아쥬,[독보적 보습] 유리아쥬 스틱레브르 오리지널 2+1 한정기획,https://www.oliveyoung.co.kr/store/goods/getGoodsDetail.do?goodsNo=A000000253402,https://image.oliveyoung.co.kr/cfimages/cf-goods/uploads/images/thumbnails/400/10/0000/0025/A00000025340201ko.jpg?l=ko,27000,20200,25.2,5254,4.9,93,6,1,0,0,1,1,0,1,A000000253402,10000010008
2026-09-11,더모 코스메틱,42,에스트라,에스트라 테라크네365 클리어 딥 클렌징 폼 200g,https://www.oliveyoung.co.kr/store/goods/getGoodsDetail.do?goodsNo=A000000152767,https://image.oliveyoung.co.kr/cfimages/cf-goods/uploads/images/thumbnails/400/10/0000/0015/A00000015276704ko.jpg?l=ko,23000,17900,22.2,5337,4.8,85,11,3,0,1,1,1,0,1,A000000152767,10000010008
2026-09-11,더모 코스메틱,43,유세린,[9월 올영픽] 유세린 하이알루론 3X 나이트크림 50ml 기획 (+진정장벽 마스크팩 1매+팩 브러쉬),https://www.oliveyoung.co.kr/store/goods/getGoodsDetail.do?goodsNo=A000000263008,https://image.oliveyoung.co.kr/cfimages/cf-goods/uploads/images/thumbnails/400/10/0000/0026/A00000026300806ko.jpg?l=ko,68000,36900,45.7,3117,4.8,88,8,2,0,2,1,0,0,1,A000000263008,10000010008
2026-09-11,더모 코스메틱,44,에스트라,[더블세트] 에스트라 아토베리어365 크림미스트 120ml 2입 기획,https://www.oliveyoung.co.kr/store/goods/getGoodsDetail.do?goodsNo=A000000245094,https://image.oliveyoung.co.kr/cfimages/cf-goods/uploads/images/thumbnails/400/10/0000/0024/A00000024509402ko.jpg?l=ko,46000,32900,28.5,12005,4.7,81,13,5,1,1,1,1,0,1,A000000245094,10000010008
2026-09-11,더모 코스메틱,45,라로슈포제,[9월 올영픽/시카장벽토너] 라로슈포제 시카플라스트 로션 B5 판테놀 시카에센스 토너 200ml,https://www.oliveyoung.co.kr/store/goods/getGoodsDetail.do?goodsNo=A000000159921,https://image.oliveyoung.co.kr/cfimages/cf-goods/uploads/images/thumbnails/400/10/0000/0015/A00000015992116ko.jpg?l=ko,37000,29600,20.0,3639,4.8,86,9,3,0,1,1,0,1,1,A000000159921,10000010008
2026-09-11,더모 코스메틱,46,제로이드,[2입 기획][민감피부 추천 무기자차] 제로이드 데일리 선크림 기획 (50ml+50ml),https://www.oliveyoung.co.kr/store/goods/getGoodsDetail.do?goodsNo=A000000253724,https://image.oliveyoung.co.kr/cfimages/cf-goods/uploads/images/thumbnails/400/10/0000/0025/A00000025372412ko.jpg?l=ko,64000,39900,37.7,2680,4.8,86,9,4,1,0,1,0,0,1,A000000253724,10000010008
2026-09-11,더모 코스메틱,47,닥터디퍼런트,[홀리PICK/비타민C] 닥터디퍼런트 CEQ 항산화 기미 세럼 15ml,https://www.oliveyoung.co.kr/store/goods/getGoodsDetail.do?goodsNo=A000000159468,https://image.oliveyoung.co.kr/cfimages/cf-goods/uploads/images/thumbnails/400/10/0000/0015/A00000015946839ko.jpg?l=ko,42000,42000,0.0,2784,4.9,89,8,2,0,0,0,0,0,1,A000000159468,10000010008
2026-09-11,더모 코스메틱,48,셀퓨전씨,[아이돌PICK/청담샵추천] 셀퓨전씨 스킨 블레미쉬 밤 인텐시브 30ml 3종,https://www.oliveyoung.co.kr/store/goods/getGoodsDetail.do?goodsNo=A000000234390,https://image.oliveyoung.co.kr/cfimages/cf-goods/uploads/images/thumbnails/400/10/0000/0023/A00000023439014ko.jpg?l=ko,25000,25000,0.0,2883,4.7,79,14,5,1,1,0,0,0,1,A000000234390,10000010008
2026-09-11,더모 코스메틱,49,라로슈포제,라로슈포제 히알루 B5 수분탄력 세럼 30ml 기획 (+10ml+히알루크림 3ml),https://www.oliveyoung.co.kr/store/goods/getGoodsDetail.do?goodsNo=A000000255834,https://image.oliveyoung.co.kr/cfimages/cf-goods/uploads/images/thumbnails/400/10/0000/0025/A00000025583403ko.jpg?l=ko,59000,47790,19.0,538,4.8,88,9,2,0,1,1,1,1,1,A000000255834,10000010008
2026-09-11,더모 코스메틱,50,동아제약,[단독기획] 동아제약 색소침착 프로 크림제 40ml 기획(+5ml*2),https://www.oliveyoung.co.kr/store/goods/getGoodsDetail.do?goodsNo=A000000255721,https://image.oliveyoung.co.kr/cfimages/cf-goods/uploads/images/thumbnails/400/10/0000/0025/A00000025572102ko.jpg?l=ko,39000,29400,24.6,6254,4.9,94,3,2,0,0,1,0,0,1,A000000255721,10000010008
2026-09-11,더모 코스메틱,51,바이오더마,[9월올영픽/설윤PICK] 바이오더마 아토덤 페이셜 로션 150ml 기획 (+파우치),https://www.oliveyoung.co.kr/store/goods/getGoodsDetail.do?goodsNo=A000000263075,https://image.oliveyoung.co.kr/cfimages/cf-goods/uploads/images/thumbnails/400/10/0000/0026/A00000026307508ko.jpg?l=ko,36000,27900,22.5,518,4.9,92,4,2,0,1,1,0,0,1,A000000263075,10000010008
2026-09-11,더모 코스메틱,52,리쥬란,[9중 모공지표 개선] 리쥬란 더마 힐러 포어 타이트닝 겔 마스크 5매,https://www.oliveyoung.co.kr/store/goods/getGoodsDetail.do?goodsNo=A000000243330,https://image.oliveyoung.co.kr/cfimages/cf-goods/uploads/images/thumbnails/400/10/0000/0024/A00000024333029ko.jpg?l=ko,35000,29900,14.6,1183,4.8,87,11,1,0,0,1,0,0,1,A000000243330,10000010008
2026-09-11,더모 코스메틱,53,제로이드,제로이드 수딩 로션 160ml,https://www.oliveyoung.co.kr/store/goods/getGoodsDetail.do?goodsNo=A000000209904,https://image.oliveyoung.co.kr/cfimages/cf-goods/uploads/images/thumbnails/400/10/0000/0020/A00000020990408ko.jpg?l=ko,30000,27000,10.0,2121,4.8,86,9,4,1,1,1,0,0,1,A000000209904,10000010008
2026-09-11,더모 코스메틱,54,리쥬란,리쥬란 포어 타이트닝 토너 패드 60매 더블기획,https://www.oliveyoung.co.kr/store/goods/getGoodsDetail.do?goodsNo=A000000236767,https://image.oliveyoung.co.kr/cfimages/cf-goods/uploads/images/thumbnails/400/10/0000/0023/A00000023676730ko.jpg?l=ko,45000,37000,17.8,3113,4.8,87,9,3,0,1,1,0,0,1,A000000236767,10000010008
2026-09-11,더모 코스메틱,55,에스트라,에스트라 아토베리어365 크림미스트 120ml,https://www.oliveyoung.co.kr/store/goods/getGoodsDetail.do?goodsNo=A000000130138,https://image.oliveyoung.co.kr/cfimages/cf-goods/uploads/images/thumbnails/400/10/0000/0013/A00000013013822ko.jpg?l=ko,23000,18900,17.8,11366,4.7,80,14,5,1,1,1,1,0,1,A000000130138,10000010008
2026-09-11,더모 코스메틱,56,에스트라,에스트라 에이시카365 흔적진정세럼 pH4.5 40ml 기획 (+세럼 20ml+크림 1ml),https://www.oliveyoung.co.kr/store/goods/getGoodsDetail.do?goodsNo=A000000222839,https://image.oliveyoung.co.kr/cfimages/cf-goods/uploads/images/thumbnails/400/10/0000/0022/A00000022283902ko.jpg?l=ko,38000,28900,23.9,3969,4.8,86,9,3,1,1,1,1,0,1,A000000222839,10000010008
2026-09-11,더모 코스메틱,57,리쥬란,[한정수량/오리지널 c-PDRN] 리쥬란 힐러 턴오버 앰플 듀얼 이펙트 30ml 기획(+7ml),https://www.oliveyoung.co.kr/store/goods/getGoodsDetail.do?goodsNo=A000000183707,https://image.oliveyoung.co.kr/cfimages/cf-goods/uploads/images/thumbnails/400/10/0000/0018/A00000018370741ko.jpg?l=ko,59000,59000,0.0,3697,4.8,85,11,3,1,1,0,0,0,1,A000000183707,10000010008
2026-09-11,더모 코스메틱,58,제로이드,제로이드 더마뉴얼 클렌징젤 200ml,https://www.oliveyoung.co.kr/store/goods/getGoodsDetail.do?goodsNo=A000000209905,https://image.oliveyoung.co.kr/cfimages/cf-goods/uploads/images/thumbnails/400/10/0000/0020/A00000020990513ko.jpg?l=ko,22000,19800,10.0,1342,4.8,87,8,3,1,1,1,0,0,1,A000000209905,10000010008
2026-09-11,더모 코스메틱,59,에스트라,에스트라 아토베리어365 클렌징밀크 200ml 기획(+클렌징폼 30g),https://www.oliveyoung.co.kr/store/goods/getGoodsDetail.do?goodsNo=A000000264461,https://image.oliveyoung.co.kr/cfimages/cf-goods/uploads/images/thumbnails/400/10/0000/0026/A00000026446105ko.jpg?l=ko,29000,23100,20.3,672,4.8,86,9,4,1,0,1,1,0,1,A000000264461,10000010008
2026-09-11,더모 코스메틱,60,라로슈포제,[9월 올영픽/모공결데일리앰플] 라로슈포제 에빠끌라 울트라 컨센트레이티드 세럼 30ml (+에빠끌라 폼 50ml),https://www.oliveyoung.co.kr/store/goods/getGoodsDetail.do?goodsNo=A000000262987,https://image.oliveyoung.co.kr/cfimages/cf-goods/uploads/images/thumbnails/400/10/0000/0026/A00000026298708ko.jpg?l=ko,51000,40800,20.0,2977,4.8,83,11,4,1,1,1,0,1,1,A000000262987,10000010008
2026-09-11,더모 코스메틱,61,센텔리안24,[진정흔적] 센텔리안24 마데카 크림 타임 리버스 50ml 더블 기획(+15ml*2),https://www.oliveyoung.co.kr/store/goods/getGoodsDetail.do?goodsNo=A000000204949,https://image.oliveyoung.co.kr/cfimages/cf-goods/uploads/images/thumbnails/400/10/0000/0020/A00000020494915ko.jpg?l=ko,76000,34900,54.1,9160,4.9,91,7,2,0,0,1,0,0,1,A000000204949,10000010008
2026-09-11,더모 코스메틱,62,에스트라,[NEW] 에스트라 아토베리어365 캡슐 토너 300ml,https://www.oliveyoung.co.kr/store/goods/getGoodsDetail.do?goodsNo=A000000254908,https://image.oliveyoung.co.kr/cfimages/cf-goods/uploads/images/thumbnails/400/10/0000/0025/A00000025490809ko.jpg?l=ko,30000,23900,20.3,856,4.8,88,7,4,0,0,1,1,0,1,A000000254908,10000010008
2026-09-11,더모 코스메틱,63,유세린,[수분크림1+1] 유세린 아쿠아포린 액티브 리치크림 건성피부용 50ml,https://www.oliveyoung.co.kr/store/goods/getGoodsDetail.do?goodsNo=A000000118797,https://image.oliveyoung.co.kr/cfimages/cf-goods/uploads/images/thumbnails/400/10/0000/0011/A00000011879725ko.jpg?l=ko,42000,37800,10.0,1184,4.8,82,14,3,1,1,1,0,0,1,A000000118797,10000010008
2026-09-11,더모 코스메틱,64,라로슈포제,[저자극촉촉폼] 라로슈포제 똘러리앙 포밍 클렌저 125ml 기획 (+클렌징밀크 50ml),https://www.oliveyoung.co.kr/store/goods/getGoodsDetail.do?goodsNo=A000000254204,https://image.oliveyoung.co.kr/cfimages/cf-goods/uploads/images/thumbnails/400/10/0000/0025/A00000025420402ko.jpg?l=ko,31000,22500,27.4,6218,4.8,87,10,2,1,0,1,1,1,1,A000000254204,10000010008
2026-09-11,더모 코스메틱,65,아벤느,[피지말끔/약산성] 아벤느 클리낭스 클렌징 젤 400ml,https://www.oliveyoung.co.kr/store/goods/getGoodsDetail.do?goodsNo=A000000148112,https://image.oliveyoung.co.kr/cfimages/cf-goods/uploads/images/thumbnails/400/10/0000/0014/A00000014811249ko.jpg?l=ko,30000,20900,30.3,7851,4.8,83,12,3,1,1,1,0,0,1,A000000148112,10000010008
2026-09-11,더모 코스메틱,66,센텔리안24,[1등 진정] 센텔리안24 마데카 크림 타임 리버스 50ml 기획 (+15ml*2+더마 마스크팩 3매),https://www.oliveyoung.co.kr/store/goods/getGoodsDetail.do?goodsNo=A000000245960,https://image.oliveyoung.co.kr/cfimages/cf-goods/uploads/images/thumbnails/400/10/0000/0024/A00000024596002ko.jpg?l=ko,38000,20900,45.0,7794,4.9,91,7,2,0,0,1,0,0,1,A000000245960,10000010008
2026-09-11,더모 코스메틱,67,리쥬란,[리쥬란 NO1_앰플 1병을 1장에]리쥬란 듀얼 이펙트 앰플 인 마스크 퍼밍 앤 래디언스(1매/5매),https://www.oliveyoung.co.kr/store/goods/getGoodsDetail.do?goodsNo=A000000257125,https://image.oliveyoung.co.kr/cfimages/cf-goods/uploads/images/thumbnails/400/10/0000/0025/A00000025712518ko.jpg?l=ko,28000,18500,33.9,650,4.9,92,6,2,0,0,1,1,0,1,A000000257125,10000010008
2026-09-11,더모 코스메틱,68,제로이드,[트러블 피부 추천/여드름균 항균 클렌징] 제로이드 핌프로브 젤 클렌저 180ml,https://www.oliveyoung.co.kr/store/goods/getGoodsDetail.do?goodsNo=A000000249583,https://image.oliveyoung.co.kr/cfimages/cf-goods/uploads/images/thumbnails/400/10/0000/0024/A00000024958310ko.jpg?l=ko,32000,32000,0.0,605,4.8,89,8,2,0,1,0,0,0,1,A000000249583,10000010008
2026-09-11,더모 코스메틱,69,에스트라,에스트라 아토베리어365 클렌징폼 200ml,https://www.oliveyoung.co.kr/store/goods/getGoodsDetail.do?goodsNo=A000000245046,https://image.oliveyoung.co.kr/cfimages/cf-goods/uploads/images/thumbnails/400/10/0000/0024/A00000024504608ko.jpg?l=ko,22000,17500,20.5,638,4.8,87,9,3,0,1,1,1,0,1,A000000245046,10000010008
2026-09-11,더모 코스메틱,70,동화약품,[트러블흔적케어] 동화약품 비타비 스팟 겔 15ml 기획 (+5ml),https://www.oliveyoung.co.kr/store/goods/getGoodsDetail.do?goodsNo=A000000260771,https://image.oliveyoung.co.kr/cfimages/cf-goods/uploads/images/thumbnails/400/10/0000/0026/A00000026077118ko.png?l=ko,29000,29000,0.0,856,5.0,98,1,1,0,,0,0,0,1,A000000260771,10000010008
2026-09-11,더모 코스메틱,71,동아제약,[단독기획] 동아제약 아크네 프로 크림제 30ml 기획(+3ml+겔제3ml),https://www.oliveyoung.co.kr/store/goods/getGoodsDetail.do?goodsNo=A000000255729,https://image.oliveyoung.co.kr/cfimages/cf-goods/uploads/images/thumbnails/400/10/0000/0025/A00000025572912ko.jpg?l=ko,35000,25000,28.6,5379,4.9,97,2,1,0,0,1,0,0,1,A000000255729,10000010008
2026-09-11,더모 코스메틱,72,에스트라,에스트라 에이시카365 쿨링진정패드 pH4.5 60매,https://www.oliveyoung.co.kr/store/goods/getGoodsDetail.do?goodsNo=A000000218547,https://image.oliveyoung.co.kr/cfimages/cf-goods/uploads/images/thumbnails/400/10/0000/0021/A00000021854710ko.jpg?l=ko,28000,21900,21.8,2053,4.7,81,12,5,2,1,1,1,0,1,A000000218547,10000010008
2026-09-11,더모 코스메틱,73,유세린,[썸머썸머PICK/9월 올영픽] 유세린 티아미돌 부스터 세럼 30ml 기획 (+광채 세럼 7ml),https://www.oliveyoung.co.kr/store/goods/getGoodsDetail.do?goodsNo=A000000263011,https://image.oliveyoung.co.kr/cfimages/cf-goods/uploads/images/thumbnails/400/10/0000/0026/A00000026301106ko.jpg?l=ko,69000,39900,42.2,773,4.7,85,7,6,1,2,1,0,0,1,A000000263011,10000010008
2026-09-11,더모 코스메틱,74,에스트라,에스트라 테라크네365 하이드로 액티브 토너 200ml,https://www.oliveyoung.co.kr/store/goods/getGoodsDetail.do?goodsNo=A000000182686,https://image.oliveyoung.co.kr/cfimages/cf-goods/uploads/images/thumbnails/400/10/0000/0018/A00000018268602ko.jpg?l=ko,30000,23900,20.3,1504,4.8,85,11,3,1,1,1,1,0,1,A000000182686,10000010008
2026-09-11,더모 코스메틱,75,피지오겔,[9월올영픽/화잘먹크림] 피지오겔 DMT 리제너러티브 크림 100ml 기획(+토너 50ml),https://www.oliveyoung.co.kr/store/goods/getGoodsDetail.do?goodsNo=A000000258830,https://image.oliveyoung.co.kr/cfimages/cf-goods/uploads/images/thumbnails/400/10/0000/0025/A00000025883016ko.jpg?l=ko,31500,20900,33.7,3531,4.8,86,10,3,0,0,1,0,0,1,A000000258830,10000010008
2026-09-11,더모 코스메틱,76,동국제약,[손상장벽MD] 동국제약 마데카셀 베리어 엠디 크림 70g (의료기기),https://www.oliveyoung.co.kr/store/goods/getGoodsDetail.do?goodsNo=A000000249659,https://image.oliveyoung.co.kr/cfimages/cf-goods/uploads/images/thumbnails/400/10/0000/0024/A00000024965903ko.jpeg?l=ko,39000,39000,0.0,2769,4.9,95,3,1,0,0,0,0,0,1,A000000249659,10000010008
2026-09-11,더모 코스메틱,77,리쥬란,[30시간 보습지속/약산성 pH크림 장벽케어] 리쥬란 더마힐러 모이스처 크림 60g 기획(+크림 10g),https://www.oliveyoung.co.kr/store/goods/getGoodsDetail.do?goodsNo=A000000224917,https://image.oliveyoung.co.kr/cfimages/cf-goods/uploads/images/thumbnails/400/10/0000/0022/A00000022491710ko.jpg?l=ko,38000,32000,15.8,843,4.8,86,9,3,1,1,1,0,0,1,A000000224917,10000010008
2026-09-11,더모 코스메틱,78,바이오더마,바이오더마 아토덤 핸드&네일크림 2입 기획,https://www.oliveyoung.co.kr/store/goods/getGoodsDetail.do?goodsNo=A000000118831,https://image.oliveyoung.co.kr/cfimages/cf-goods/uploads/images/thumbnails/400/10/0000/0011/A00000011883109ko.jpg?l=ko,16000,13500,15.6,3418,4.8,84,12,4,0,1,1,0,0,1,A000000118831,10000010008
2026-09-11,더모 코스메틱,79,에스트라,에스트라 아토베리어365 포밍 클렌저 150ml,https://www.oliveyoung.co.kr/store/goods/getGoodsDetail.do?goodsNo=A000000245096,https://image.oliveyoung.co.kr/cfimages/cf-goods/uploads/images/thumbnails/400/10/0000/0024/A00000024509611ko.jpg?l=ko,20000,16100,19.5,3081,4.8,88,9,2,0,0,1,1,0,1,A000000245096,10000010008
2026-09-11,더모 코스메틱,80,바이오더마,바이오더마 센시비오 H2O 100ml(클렌징워터),https://www.oliveyoung.co.kr/store/goods/getGoodsDetail.do?goodsNo=A000000002652,https://image.oliveyoung.co.kr/cfimages/cf-goods/uploads/images/thumbnails/400/10/0000/0000/A00000000265218ko.jpg?l=ko,10000,8000,20.0,85707,4.9,90,8,1,0,0,1,0,0,1,A000000002652,10000010008
2026-09-11,더모 코스메틱,81,도미나스,[태극제약/기미크림] 도미나스 크림 Rx 30ml 단품/기획 (+7ml),https://www.oliveyoung.co.kr/store/goods/getGoodsDetail.do?goodsNo=A000000251494,https://image.oliveyoung.co.kr/cfimages/cf-goods/uploads/images/thumbnails/400/10/0000/0025/A00000025149411ko.png?l=ko,46000,46000,0.0,1617,4.8,88,8,4,0,0,0,0,0,1,A000000251494,10000010008
2026-09-11,더모 코스메틱,82,에스트라,에스트라 에이시카365 수분토너 pH4.5 200ml,https://www.oliveyoung.co.kr/store/goods/getGoodsDetail.do?goodsNo=A000000218549,https://image.oliveyoung.co.kr/cfimages/cf-goods/uploads/images/thumbnails/400/10/0000/0021/A00000021854909ko.jpg?l=ko,28000,21900,21.8,2159,4.8,87,9,3,1,1,1,1,0,1,A000000218549,10000010008
2026-09-11,더모 코스메틱,83,에스트라,에스트라 아토베리어365 로션 150ml,https://www.oliveyoung.co.kr/store/goods/getGoodsDetail.do?goodsNo=A000000198321,https://image.oliveyoung.co.kr/cfimages/cf-goods/uploads/images/thumbnails/400/10/0000/0019/A00000019832106ko.jpg?l=ko,33000,24900,24.5,2283,4.8,89,8,2,0,1,1,1,0,1,A000000198321,10000010008
2026-09-11,더모 코스메틱,84,라로슈포제,[9월 올영픽/본품 50%용량 추가 증정] 라로슈포제 시카플라스트 리페어 에센스 30ml 기획 (+7.5ml*2ea),https://www.oliveyoung.co.kr/store/goods/getGoodsDetail.do?goodsNo=A000000231779,https://image.oliveyoung.co.kr/cfimages/cf-goods/uploads/images/thumbnails/400/10/0000/0023/A00000023177913ko.jpg?l=ko,55000,44000,20.0,969,4.8,86,9,4,0,1,1,0,1,1,A000000231779,10000010008
2026-09-11,더모 코스메틱,85,라로슈포제,[시카장벽선케어] 라로슈포제 시카플라스트 리페어 선크림 40ml 기획 (+2ml*5ea),https://www.oliveyoung.co.kr/store/goods/getGoodsDetail.do?goodsNo=A000000251060,https://image.oliveyoung.co.kr/cfimages/cf-goods/uploads/images/thumbnails/400/10/0000/0025/A00000025106004ko.jpg?l=ko,35000,28350,19.0,211,4.8,86,10,2,0,2,1,1,1,1,A000000251060,10000010008
2026-09-11,더모 코스메틱,86,센텔리안24,[1등 손상장벽] 센텔리안24 마데카 크림 PDRN 기획세트 50ml+15ml,https://www.oliveyoung.co.kr/store/goods/getGoodsDetail.do?goodsNo=A000000242515,https://image.oliveyoung.co.kr/cfimages/cf-goods/uploads/images/thumbnails/400/10/0000/0024/A00000024251504ko.jpg?l=ko,46000,27900,39.3,1362,4.9,95,4,1,0,,1,0,0,1,A000000242515,10000010008
2026-09-11,더모 코스메틱,87,센텔리안24,[1등 장벽PDRN/푸린백팩] 센텔리안24 마데카 크림 액티브 리뉴 PDRN 50ml 기획 (+15ml 포켓몬 에디션),https://www.oliveyoung.co.kr/store/goods/getGoodsDetail.do?goodsNo=A000000253621,https://image.oliveyoung.co.kr/cfimages/cf-goods/uploads/images/thumbnails/400/10/0000/0025/A00000025362102ko.jpg?l=ko,46000,27900,39.3,1787,4.9,94,4,2,0,,1,0,0,1,A000000253621,10000010008
2026-09-11,더모 코스메틱,88,라로슈포제,[베이지커버톤업] 라로슈포제 유비데아 안뗄리오스 틴티드 크림,https://www.oliveyoung.co.kr/store/goods/getGoodsDetail.do?goodsNo=A000000010461,https://image.oliveyoung.co.kr/cfimages/cf-goods/uploads/images/thumbnails/400/10/0000/0001/A00000001046109ko.jpg?l=ko,38000,27500,27.6,2189,4.7,79,14,5,1,1,1,1,1,1,A000000010461,10000010008
2026-09-11,더모 코스메틱,89,에스트라,에스트라 아토베리어365 바디로션 400ml,https://www.oliveyoung.co.kr/store/goods/getGoodsDetail.do?goodsNo=A000000161165,https://image.oliveyoung.co.kr/cfimages/cf-goods/uploads/images/thumbnails/400/10/0000/0016/A00000016116504ko.jpg?l=ko,33000,33000,0.0,3567,4.8,88,9,3,0,0,0,0,0,1,A000000161165,10000010008
2026-09-11,더모 코스메틱,90,유세린,[1등진정장벽] 유세린 울트라센시티브 리페어 마스크팩 10매,https://www.oliveyoung.co.kr/store/goods/getGoodsDetail.do?goodsNo=A000000234213,https://image.oliveyoung.co.kr/cfimages/cf-goods/uploads/images/thumbnails/400/10/0000/0023/A00000023421312ko.jpg?l=ko,48000,26900,44.0,6733,4.8,85,11,3,1,1,1,0,0,1,A000000234213,10000010008
2026-09-11,더모 코스메틱,91,바이오더마,바이오더마 하이드라비오 토너 250ml,https://www.oliveyoung.co.kr/store/goods/getGoodsDetail.do?goodsNo=A000000004434,https://image.oliveyoung.co.kr/cfimages/cf-goods/uploads/images/thumbnails/400/10/0000/0000/A00000000443418ko.jpg?l=ko,29500,19200,34.9,12919,4.8,86,11,3,0,1,1,0,0,1,A000000004434,10000010008
2026-09-11,더모 코스메틱,92,동아제약,[단독기획] 동아제약 색소침착 프로 액제 30ml 기획(+크림제5ml),https://www.oliveyoung.co.kr/store/goods/getGoodsDetail.do?goodsNo=A000000255719,https://image.oliveyoung.co.kr/cfimages/cf-goods/uploads/images/thumbnails/400/10/0000/0025/A00000025571905ko.jpg?l=ko,35000,26000,25.7,2105,4.8,90,5,3,1,1,1,0,0,1,A000000255719,10000010008
2026-09-11,더모 코스메틱,93,아벤느,[거울키링 증정] 아벤느 이드랑스 수분 에센스-인-로션 200ml 2입 기획,https://www.oliveyoung.co.kr/store/goods/getGoodsDetail.do?goodsNo=A000000251276,https://image.oliveyoung.co.kr/cfimages/cf-goods/uploads/images/thumbnails/400/10/0000/0025/A00000025127621ko.jpg?l=ko,51000,37900,25.7,3079,4.9,90,7,2,0,0,1,0,0,1,A000000251276,10000010008
2026-09-11,더모 코스메틱,94,파티온,[9월올영픽] 파티온 노스카나인 트러블 바디워시 490ml 기획,https://www.oliveyoung.co.kr/store/goods/getGoodsDetail.do?goodsNo=A000000202795,https://image.oliveyoung.co.kr/cfimages/cf-goods/uploads/images/thumbnails/400/10/0000/0020/A00000020279523ko.jpg?l=ko,25000,16500,34.0,10368,4.9,90,7,2,0,0,1,1,0,1,A000000202795,10000010008
2026-09-11,더모 코스메틱,95,닥터디퍼런트,[고강도레티날] 닥터디퍼런트 레티날 1500 시그니처 크림 30g,https://www.oliveyoung.co.kr/store/goods/getGoodsDetail.do?goodsNo=A000000262882,https://image.oliveyoung.co.kr/cfimages/cf-goods/uploads/images/thumbnails/400/10/0000/0026/A00000026288211ko.jpg?l=ko,68000,52200,23.2,18,4.6,67,28,6,,,1,0,0,1,A000000262882,10000010008
2026-09-11,더모 코스메틱,96,바이오더마,바이오더마 아토덤 인텐시브 밤 500ml,https://www.oliveyoung.co.kr/store/goods/getGoodsDetail.do?goodsNo=A000000171829,https://image.oliveyoung.co.kr/cfimages/cf-goods/uploads/images/thumbnails/400/10/0000/0017/A00000017182916ko.jpg?l=ko,48000,38400,20.0,7245,4.8,85,10,3,1,0,1,0,0,1,A000000171829,10000010008
2026-09-11,더모 코스메틱,97,파티온,[트러블1등] 파티온 노스카나인 트러블 세럼 50ml 기획(+15ml+마스크 1매),https://www.oliveyoung.co.kr/store/goods/getGoodsDetail.do?goodsNo=A000000219717,https://image.oliveyoung.co.kr/cfimages/cf-goods/uploads/images/thumbnails/400/10/0000/0021/A00000021971716ko.png?l=ko,38000,38000,0.0,92267,4.9,92,6,2,0,0,0,0,0,1,A000000219717,10000010008
2026-09-11,더모 코스메틱,98,이지듀,이지듀 기미잡티앰플 12ml+1ml 기획,https://www.oliveyoung.co.kr/store/goods/getGoodsDetail.do?goodsNo=A000000188493,https://image.oliveyoung.co.kr/cfimages/cf-goods/uploads/images/thumbnails/400/10/0000/0018/A00000018849322ko.jpg?l=ko,49000,29900,39.0,2680,4.7,79,14,6,1,1,1,0,0,1,A000000188493,10000010008
2026-09-11,더모 코스메틱,99,파티온,[9월올영픽] 파티온 노스카나인 트러블 세럼 마스크팩 기획(4+1),https://www.oliveyoung.co.kr/store/goods/getGoodsDetail.do?goodsNo=A000000206378,https://image.oliveyoung.co.kr/cfimages/cf-goods/uploads/images/thumbnails/400/10/0000/0020/A00000020637817ko.jpg?l=ko,16000,7400,53.8,8111,4.8,88,9,3,0,0,1,1,0,1,A000000206378,10000010008
2026-09-11,더모 코스메틱,100,파티온,[약산성/저자극] 파티온 노스카나인 트러블 클리어 토너 200ml,https://www.oliveyoung.co.kr/store/goods/getGoodsDetail.do?goodsNo=A000000182787,https://image.oliveyoung.co.kr/cfimages/cf-goods/uploads/images/thumbnails/400/10/0000/0018/A00000018278703ko.jpg?l=ko,23000,17480,24.0,2716,4.8,88,8,2,0,1,1,1,0,1,A000000182787,10000010008
2026-09-11,맨즈에딧,1,우르오스,[베스트 올인원]우르오스 올인원 200ml 2종 택 1,https://www.oliveyoung.co.kr/store/goods/getGoodsDetail.do?goodsNo=A000000117541,https://image.oliveyoung.co.kr/cfimages/cf-goods/uploads/images/thumbnails/400/10/0000/0011/A00000011754150ko.jpg?l=ko,29700,23700,20.2,8223,4.8,87,10,2,0,0,1,0,0,1,A000000117541,10000010007
2026-09-11,맨즈에딧,2,설화수,설화수 맨 기초 2종 기획,https://www.oliveyoung.co.kr/store/goods/getGoodsDetail.do?goodsNo=A000000210646,https://image.oliveyoung.co.kr/cfimages/cf-goods/uploads/images/thumbnails/400/10/0000/0021/A00000021064631ko.jpg?l=ko,125000,112500,10.0,110,4.9,93,6,1,,,0,1,0,0,A000000210646,10000010007
2026-09-11,맨즈에딧,3,아이디얼포맨,[짱구한정기획] 아이디얼포맨 퍼펙트 올인원 150ml 단품/기획,https://www.oliveyoung.co.kr/store/goods/getGoodsDetail.do?goodsNo=A000000228228,https://image.oliveyoung.co.kr/cfimages/cf-goods/uploads/images/thumbnails/400/10/0000/0022/A00000022822881ko.jpg?l=ko,28000,13800,50.7,20095,4.9,88,10,2,0,0,1,1,0,1,A000000228228,10000010007
2026-09-11,맨즈에딧,4,오브제,[NEW 보송버전 출시] [덱스PICK] 오브제 내추럴 커버 로션 50g 단품/기획(+미니어처 10ml),https://www.oliveyoung.co.kr/store/goods/getGoodsDetail.do?goodsNo=A000000204975,https://image.oliveyoung.co.kr/cfimages/cf-goods/uploads/images/thumbnails/400/10/0000/0020/A00000020497522ko.jpg?l=ko,29800,27900,6.4,5928,4.9,91,7,2,0,1,1,0,0,1,A000000204975,10000010007
2026-09-11,맨즈에딧,5,우르오스,[맨즈케어 바디워시 1위]우르오스 스킨워시 500ml,https://www.oliveyoung.co.kr/store/goods/getGoodsDetail.do?goodsNo=A000000205802,https://image.oliveyoung.co.kr/cfimages/cf-goods/uploads/images/thumbnails/400/10/0000/0020/A00000020580252ko.jpg?l=ko,19700,15700,20.3,11005,4.9,90,8,1,0,0,1,0,0,1,A000000205802,10000010007
2026-09-11,맨즈에딧,6,우르오스,[맨즈케어 바디워시 1위] 우르오스 스킨워시 500ml 2입 기획,https://www.oliveyoung.co.kr/store/goods/getGoodsDetail.do?goodsNo=A000000232997,https://image.oliveyoung.co.kr/cfimages/cf-goods/uploads/images/thumbnails/400/10/0000/0023/A00000023299709ko.png?l=ko,38200,31000,18.8,6092,4.9,92,6,1,0,0,1,0,0,1,A000000232997,10000010007
2026-09-11,맨즈에딧,7,오브제,[1등파데 리뉴얼] 오브제 내추럴 커버 파운데이션 PRO 14g 단품/기획 (+올인원 30ml 증정),https://www.oliveyoung.co.kr/store/goods/getGoodsDetail.do?goodsNo=A000000258285,https://image.oliveyoung.co.kr/cfimages/cf-goods/uploads/images/thumbnails/400/10/0000/0025/A00000025828512ko.jpg?l=ko,36800,31450,14.5,8167,4.8,89,8,2,0,0,1,1,0,1,A000000258285,10000010007
2026-09-11,맨즈에딧,8,포맨트,[NEW/산리오콜라보] 포맨트 솔리드 퍼퓸 헬로키티 에디션 3종,https://www.oliveyoung.co.kr/store/goods/getGoodsDetail.do?goodsNo=A000000240573,https://image.oliveyoung.co.kr/cfimages/cf-goods/uploads/images/thumbnails/400/10/0000/0024/A00000024057322ko.png?l=ko,34000,32300,5.0,548,4.7,84,8,3,2,1,1,0,0,1,A000000240573,10000010007
2026-09-11,맨즈에딧,9,셀렉스,"[단독런칭 1+1] 셀렉스 프로핏 SPORTS 단백질쉐이크 45g 2종 택1(너티초코, 미숫가루)",https://www.oliveyoung.co.kr/store/goods/getGoodsDetail.do?goodsNo=A000000261260,https://image.oliveyoung.co.kr/cfimages/cf-goods/uploads/images/thumbnails/400/10/0000/0026/A00000026126008ko.jpg?l=ko,4200,3780,10.0,332,4.8,91,5,2,1,2,0,1,0,1,A000000261260,10000010007
2026-09-11,맨즈에딧,10,오브제,[1등 기름종이선스틱] 오브제 포어 제로 오일 컨트롤 선스틱 18g 단품/기획,https://www.oliveyoung.co.kr/store/goods/getGoodsDetail.do?goodsNo=A000000238816,https://image.oliveyoung.co.kr/cfimages/cf-goods/uploads/images/thumbnails/400/10/0000/0023/A00000023881609ko.png?l=ko,25000,18900,24.4,6636,4.8,89,8,2,1,0,1,0,0,1,A000000238816,10000010007
2026-09-11,맨즈에딧,11,포맨트,[올영1위/박지훈 포카증정] 포맨트 시그니처 퍼퓸 코튼허그 50ml 단품/기획,https://www.oliveyoung.co.kr/store/goods/getGoodsDetail.do?goodsNo=A000000221675,https://image.oliveyoung.co.kr/cfimages/cf-goods/uploads/images/thumbnails/400/10/0000/0022/A00000022167586ko.png?l=ko,39000,37000,5.1,9753,4.9,90,7,2,0,1,1,0,0,1,A000000221675,10000010007
2026-09-11,맨즈에딧,12,우르오스,우르오스 올인원 스킨밀크 200ml,https://www.oliveyoung.co.kr/store/goods/getGoodsDetail.do?goodsNo=A000000006565,https://image.oliveyoung.co.kr/cfimages/cf-goods/uploads/images/thumbnails/400/10/0000/0000/A00000000656527ko.jpg?l=ko,29700,23700,20.2,6117,4.9,88,10,2,0,0,1,0,0,1,A000000006565,10000010007
2026-09-11,맨즈에딧,13,비오템,아쿠아파워 어드밴스드 젤 PRO 100ml,https://www.oliveyoung.co.kr/store/goods/getGoodsDetail.do?goodsNo=A000000215009,https://image.oliveyoung.co.kr/cfimages/cf-goods/uploads/images/thumbnails/400/10/0000/0021/A00000021500931ko.jpg?l=ko,92000,78200,15.0,86,4.9,93,6,1,,,1,0,0,1,A000000215009,10000010007
2026-09-11,맨즈에딧,14,아이오페,[남성선물 추천]아이오페 맨 2종세트(에센스145ml+에멀젼 120ml+3종미니어처 증정,https://www.oliveyoung.co.kr/store/goods/getGoodsDetail.do?goodsNo=A000000183868,https://image.oliveyoung.co.kr/cfimages/cf-goods/uploads/images/thumbnails/400/10/0000/0018/A00000018386814ko.jpg?l=ko,78000,48000,38.5,1340,4.9,90,8,2,,0,1,0,0,1,A000000183868,10000010007
2026-09-11,맨즈에딧,15,포뷰트,포뷰트 텍스처 쉐이크 스프레이 100ml (단품/기획),https://www.oliveyoung.co.kr/store/goods/getGoodsDetail.do?goodsNo=A000000232462,https://image.oliveyoung.co.kr/cfimages/cf-goods/uploads/images/thumbnails/400/10/0000/0023/A00000023246213ko.jpg?l=ko,24000,19200,20.0,414,4.6,81,8,5,1,5,1,0,0,1,A000000232462,10000010007
2026-09-11,맨즈에딧,16,우르오스,[단독특가] 우르오스 지복합성 페이셜케어 기획세트(스킨로션200ml+페이스워시100g),https://www.oliveyoung.co.kr/store/goods/getGoodsDetail.do?goodsNo=A000000161777,https://image.oliveyoung.co.kr/cfimages/cf-goods/uploads/images/thumbnails/400/10/0000/0016/A00000016177713ko.png?l=ko,42900,34320,20.0,4238,4.9,88,9,2,0,0,1,0,0,1,A000000161777,10000010007
2026-09-11,맨즈에딧,17,이니스프리,[5000만개] 이니스프리 화산송이 바하 모공 클렌징폼 130g 더블 기획,https://www.oliveyoung.co.kr/store/goods/getGoodsDetail.do?goodsNo=A000000232913,https://image.oliveyoung.co.kr/cfimages/cf-goods/uploads/images/thumbnails/400/10/0000/0023/A00000023291372ko.jpg?l=ko,15000,15000,0.0,7835,4.8,89,8,2,0,0,0,0,0,1,A000000232913,10000010007
2026-09-11,맨즈에딧,18,오브제,[덱스 PICK/남자립밤1등] 오브제 무드체인지 립밤 3g 3종 택1,https://www.oliveyoung.co.kr/store/goods/getGoodsDetail.do?goodsNo=A000000161007,https://image.oliveyoung.co.kr/cfimages/cf-goods/uploads/images/thumbnails/400/10/0000/0016/A00000016100716ko.jpg?l=ko,11900,10700,10.1,11111,4.9,92,6,1,0,0,1,0,0,1,A000000161007,10000010007
2026-09-11,맨즈에딧,19,매일유업,"[품절대란/1+1]퓨어틴 프로틴 쉐이크 330ml 2종 택1(초코, 커피)",https://www.oliveyoung.co.kr/store/goods/getGoodsDetail.do?goodsNo=A000000263160,https://image.oliveyoung.co.kr/cfimages/cf-goods/uploads/images/thumbnails/400/10/0000/0026/A00000026316004ko.jpg?l=ko,5900,5900,0.0,494,4.9,96,4,0,0,,0,0,0,1,A000000263160,10000010007
2026-09-11,맨즈에딧,20,다슈,다슈 맨즈 에어핏 니플 밴드 더블기획 (52매+52매),https://www.oliveyoung.co.kr/store/goods/getGoodsDetail.do?goodsNo=A000000227366,https://image.oliveyoung.co.kr/cfimages/cf-goods/uploads/images/thumbnails/400/10/0000/0022/A00000022736608ko.jpg?l=ko,28000,17800,36.4,702,4.8,86,8,4,1,1,1,0,0,1,A000000227366,10000010007
2026-09-11,맨즈에딧,21,버버리,버버리 위크엔드 포맨 EDT 100ml,https://www.oliveyoung.co.kr/store/goods/getGoodsDetail.do?goodsNo=A000000186172,https://image.oliveyoung.co.kr/cfimages/cf-goods/uploads/images/thumbnails/400/10/0000/0018/A00000018617207ko.jpg?l=ko,110000,77000,30.0,311,4.8,88,10,2,0,0,1,0,0,1,A000000186172,10000010007
2026-09-11,맨즈에딧,22,아이디얼포맨,[1+1짱구한정기획]아이디얼포맨 퍼펙트 보습 올인원 단품/1+1기획,https://www.oliveyoung.co.kr/store/goods/getGoodsDetail.do?goodsNo=A000000210719,https://image.oliveyoung.co.kr/cfimages/cf-goods/uploads/images/thumbnails/400/10/0000/0021/A00000021071932ko.jpg?l=ko,28000,13800,50.7,2024,4.8,87,11,2,0,0,1,1,0,1,A000000210719,10000010007
2026-09-11,맨즈에딧,23,라운드랩,[번들모공] 라운드랩 포 맨 소나무 토너/로션 2종 기획(+진정 클렌저 40ml 증정),https://www.oliveyoung.co.kr/store/goods/getGoodsDetail.do?goodsNo=A000000199156,https://image.oliveyoung.co.kr/cfimages/cf-goods/uploads/images/thumbnails/400/10/0000/0019/A00000019915642ko.png?l=ko,43000,30800,28.4,5539,4.9,90,7,2,0,0,0,1,0,1,A000000199156,10000010007
2026-09-11,맨즈에딧,24,몽블랑,몽블랑 익스플로러 EDP 60ml,https://www.oliveyoung.co.kr/store/goods/getGoodsDetail.do?goodsNo=A000000123935,https://image.oliveyoung.co.kr/cfimages/cf-goods/uploads/images/thumbnails/400/10/0000/0012/A00000012393521ko.jpg?l=ko,121000,90750,25.0,431,4.8,89,8,3,,1,1,0,0,1,A000000123935,10000010007
2026-09-11,맨즈에딧,25,다슈,[헤어팡팡이/워터프루프] 다슈 데일리 이지 커버 헤어쿠션 16g (내추럴블랙/내추럴브라운),https://www.oliveyoung.co.kr/store/goods/getGoodsDetail.do?goodsNo=A000000102306,https://image.oliveyoung.co.kr/cfimages/cf-goods/uploads/images/thumbnails/400/10/0000/0010/A00000010230610ko.jpg?l=ko,18000,18000,0.0,777,4.6,72,18,7,1,2,0,0,0,1,A000000102306,10000010007
2026-09-11,맨즈에딧,26,랩시리즈,랩시리즈 데일리 레스큐 리페어 세럼 50ml,https://www.oliveyoung.co.kr/store/goods/getGoodsDetail.do?goodsNo=A000000169203,https://image.oliveyoung.co.kr/cfimages/cf-goods/uploads/images/thumbnails/400/10/0000/0016/A00000016920304ko.jpg?l=ko,129000,129000,0.0,17,4.9,88,12,,,,0,0,0,1,A000000169203,10000010007
2026-09-11,맨즈에딧,27,마이프로틴,[시호시호 PICK/1+1] 마이프로틴 웨이 단백질 쉐이크 45g 7종 택1,https://www.oliveyoung.co.kr/store/goods/getGoodsDetail.do?goodsNo=A000000239144,https://image.oliveyoung.co.kr/cfimages/cf-goods/uploads/images/thumbnails/400/10/0000/0023/A00000023914433ko.jpg?l=ko,5900,5900,0.0,641,4.9,91,6,2,0,0,0,0,0,1,A000000239144,10000010007
2026-09-11,맨즈에딧,28,비레디,[남성파데1위] 비레디 블루 파운데이션 35ml,https://www.oliveyoung.co.kr/store/goods/getGoodsDetail.do?goodsNo=A000000178092,https://image.oliveyoung.co.kr/cfimages/cf-goods/uploads/images/thumbnails/400/10/0000/0017/A00000017809215ko.jpg?l=ko,29000,29000,0.0,1215,4.8,85,10,4,0,0,0,0,0,1,A000000178092,10000010007
2026-09-11,맨즈에딧,29,아이오페,[10년 연속 1위] 아이오페 맨 올데이 퍼펙트 올인원 120ml 기획 (+30ml),https://www.oliveyoung.co.kr/store/goods/getGoodsDetail.do?goodsNo=A000000184697,https://image.oliveyoung.co.kr/cfimages/cf-goods/uploads/images/thumbnails/400/10/0000/0018/A00000018469732ko.jpg?l=ko,38000,38000,0.0,5276,4.9,90,8,1,0,0,0,0,0,1,A000000184697,10000010007
2026-09-11,맨즈에딧,30,다슈,[드라이볼륨 필수템] 다슈 클래식 스타일 그루밍 토닉 펌프 200ml 기획 (+100ml),https://www.oliveyoung.co.kr/store/goods/getGoodsDetail.do?goodsNo=A000000161438,https://image.oliveyoung.co.kr/cfimages/cf-goods/uploads/images/thumbnails/400/10/0000/0016/A00000016143830ko.jpg?l=ko,18000,18000,0.0,4570,4.8,88,9,2,0,0,0,0,0,1,A000000161438,10000010007
2026-09-11,맨즈에딧,31,질레트,질레트 랩스 딥클렌징바 면도날 [4입/8입/16입],https://www.oliveyoung.co.kr/store/goods/getGoodsDetail.do?goodsNo=A000000203644,https://image.oliveyoung.co.kr/cfimages/cf-goods/uploads/images/thumbnails/400/10/0000/0020/A00000020364420ko.jpg?l=ko,39900,24100,39.6,4484,4.9,90,8,2,0,1,1,1,1,1,A000000203644,10000010007
2026-09-11,맨즈에딧,32,릴리이브,[쏘팔메토/하하 PICK] 릴리이브 그로우턴 엑소좀 브러쉬 앰플 블랙 100ml,https://www.oliveyoung.co.kr/store/goods/getGoodsDetail.do?goodsNo=A000000261364,https://image.oliveyoung.co.kr/cfimages/cf-goods/uploads/images/thumbnails/400/10/0000/0026/A00000026136410ko.png?l=ko,32000,30800,3.7,11,4.9,91,9,,,,1,0,0,1,A000000261364,10000010007
2026-09-11,맨즈에딧,33,비오템,비오템옴므 포스 수프림 필 에센스 150ml,https://www.oliveyoung.co.kr/store/goods/getGoodsDetail.do?goodsNo=A000000190939,https://image.oliveyoung.co.kr/cfimages/cf-goods/uploads/images/thumbnails/400/10/0000/0019/A00000019093920ko.jpg?l=ko,127000,107950,15.0,30,5.0,100,,,,,1,0,0,1,A000000190939,10000010007
2026-09-11,맨즈에딧,34,히든,[5초뿌리는바디로션] 히든 퍼퓸 스프레이 바디로션 기획/단품 10종,https://www.oliveyoung.co.kr/store/goods/getGoodsDetail.do?goodsNo=A000000182127,https://image.oliveyoung.co.kr/cfimages/cf-goods/uploads/images/thumbnails/400/10/0000/0018/A00000018212732ko.jpg?l=ko,32900,29600,10.0,2851,4.7,82,11,5,1,1,1,0,0,1,A000000182127,10000010007
2026-09-11,맨즈에딧,35,존바바토스,존바바토스 아티산 EDT 125ml 단품/기획 중 택1,https://www.oliveyoung.co.kr/store/goods/getGoodsDetail.do?goodsNo=A000000006788,https://image.oliveyoung.co.kr/cfimages/cf-goods/uploads/images/thumbnails/400/10/0000/0000/A00000000678839ko.jpg?l=ko,149000,69900,53.1,976,4.8,87,10,2,0,1,1,0,0,1,A000000006788,10000010007
2026-09-11,맨즈에딧,36,닥터지,[트러블/면도후] 닥터지 레드 블레미쉬 포 맨 진정 올인원 150ml 2종 (단품/증정 기획),https://www.oliveyoung.co.kr/store/goods/getGoodsDetail.do?goodsNo=A000000223781,https://image.oliveyoung.co.kr/cfimages/cf-goods/uploads/images/thumbnails/400/10/0000/0022/A00000022378115ko.jpg?l=ko,32000,32000,0.0,4617,4.9,91,7,2,0,0,0,0,0,1,A000000223781,10000010007
2026-09-11,맨즈에딧,37,비레디,[맨즈 1위 쿠션/124만개 판매] 비레디 임수빈 PICK 블루 쿠션,https://www.oliveyoung.co.kr/store/goods/getGoodsDetail.do?goodsNo=A000000212063,https://image.oliveyoung.co.kr/cfimages/cf-goods/uploads/images/thumbnails/400/10/0000/0021/A00000021206324ko.jpg?l=ko,32900,32900,0.0,3830,4.8,88,10,2,0,0,0,0,0,1,A000000212063,10000010007
2026-09-11,맨즈에딧,38,비레디,[1+1/1위 립밤] 비레디 임수빈 PICK 생기 립밤 더블 기획 3g+3g,https://www.oliveyoung.co.kr/store/goods/getGoodsDetail.do?goodsNo=A000000241365,https://image.oliveyoung.co.kr/cfimages/cf-goods/uploads/images/thumbnails/400/10/0000/0024/A00000024136552ko.jpg?l=ko,19400,19400,0.0,5922,4.8,88,9,2,0,0,0,0,0,1,A000000241365,10000010007
2026-09-11,맨즈에딧,39,오브제,[NEW/덱스PICK] 오브제 퍼펙트 커버 쿠션 15g,https://www.oliveyoung.co.kr/store/goods/getGoodsDetail.do?goodsNo=A000000246705,https://image.oliveyoung.co.kr/cfimages/cf-goods/uploads/images/thumbnails/400/10/0000/0024/A00000024670502ko.jpg?l=ko,34900,25900,25.8,1479,4.8,89,8,3,0,0,1,0,0,1,A000000246705,10000010007
2026-09-11,맨즈에딧,40,라끌랑,라끌랑 옴므퍼퓸 50ml 2종 택1,https://www.oliveyoung.co.kr/store/goods/getGoodsDetail.do?goodsNo=A000000149707,https://image.oliveyoung.co.kr/cfimages/cf-goods/uploads/images/thumbnails/400/10/0000/0014/A00000014970706ko.jpg?l=ko,39000,39000,0.0,599,4.8,87,10,2,,1,0,0,0,1,A000000149707,10000010007
2026-09-11,맨즈에딧,41,다슈,[1등 다운펌/강력밀착] 다슈 포맨 프리미엄 울트라 본드 젤 다운펌 100ml,https://www.oliveyoung.co.kr/store/goods/getGoodsDetail.do?goodsNo=A000000112355,https://image.oliveyoung.co.kr/cfimages/cf-goods/uploads/images/thumbnails/400/10/0000/0011/A00000011235518ko.jpg?l=ko,18000,18000,0.0,2304,4.4,65,18,12,3,2,0,0,0,1,A000000112355,10000010007
2026-09-11,맨즈에딧,42,오브제,[1등 보송젤파우더] 오브제 오일 컨트롤 피니셔 5g 단품,https://www.oliveyoung.co.kr/store/goods/getGoodsDetail.do?goodsNo=A000000246600,https://image.oliveyoung.co.kr/cfimages/cf-goods/uploads/images/thumbnails/400/10/0000/0024/A00000024660006ko.jpg?l=ko,20000,18000,10.0,1886,4.5,78,8,6,3,5,0,1,0,1,A000000246600,10000010007
2026-09-11,맨즈에딧,43,다슈,다슈 데일리 비타플렉스 남성청결제 300ml,https://www.oliveyoung.co.kr/store/goods/getGoodsDetail.do?goodsNo=A000000102321,https://image.oliveyoung.co.kr/cfimages/cf-goods/uploads/images/thumbnails/400/10/0000/0010/A00000010232112ko.jpg?l=ko,18000,12600,30.0,3481,4.8,88,9,2,0,0,1,0,0,1,A000000102321,10000010007
2026-09-11,맨즈에딧,44,그라펜,[압도적1등]그라펜 해수 포마드 100g 단품/기획,https://www.oliveyoung.co.kr/store/goods/getGoodsDetail.do?goodsNo=A000000104282,https://image.oliveyoung.co.kr/cfimages/cf-goods/uploads/images/thumbnails/400/10/0000/0010/A00000010428248ko.jpg?l=ko,17900,17900,0.0,2983,4.8,88,9,2,0,0,0,0,0,1,A000000104282,10000010007
2026-09-11,맨즈에딧,45,그라펜,[7년연속 1등]그라펜 트리플립 PRO 4종 택1(핸섬립/컬러립/립센스/네이키드)(+기름종이 한정기획),https://www.oliveyoung.co.kr/store/goods/getGoodsDetail.do?goodsNo=A000000244792,https://image.oliveyoung.co.kr/cfimages/cf-goods/uploads/images/thumbnails/400/10/0000/0024/A00000024479242ko.jpg?l=ko,16900,15500,8.3,5703,4.9,90,7,2,0,0,1,0,0,1,A000000244792,10000010007
2026-09-11,맨즈에딧,46,그라펜,[초간편세팅] 그라펜 볼륨업 휘핑 토닉 100ml/250ml,https://www.oliveyoung.co.kr/store/goods/getGoodsDetail.do?goodsNo=A000000204124,https://image.oliveyoung.co.kr/cfimages/cf-goods/uploads/images/thumbnails/400/10/0000/0020/A00000020412424ko.jpg?l=ko,12000,12000,0.0,1513,4.9,92,5,2,0,0,0,0,0,1,A000000204124,10000010007
2026-09-11,맨즈에딧,47,오브제,[노세범 선크림] 오브제 포어 제로 오일 컨트롤 선크림 50ml,https://www.oliveyoung.co.kr/store/goods/getGoodsDetail.do?goodsNo=A000000230447,https://image.oliveyoung.co.kr/cfimages/cf-goods/uploads/images/thumbnails/400/10/0000/0023/A00000023044705ko.jpg?l=ko,22500,22500,0.0,558,4.9,91,6,3,1,0,0,0,0,1,A000000230447,10000010007
2026-09-11,맨즈에딧,48,질레트,질레트 랩스 딥클렌징바 면도기 (핸들+1입날+거치대),https://www.oliveyoung.co.kr/store/goods/getGoodsDetail.do?goodsNo=A000000236890,https://image.oliveyoung.co.kr/cfimages/cf-goods/uploads/images/thumbnails/400/10/0000/0023/A00000023689016ko.jpg?l=ko,34500,16300,52.8,2059,4.8,90,7,2,0,1,1,1,1,1,A000000236890,10000010007
2026-09-11,맨즈에딧,49,오브제,[덱스PICK/1등올인원] 오브제 올인원 3종 (보습/모공/브라이트닝),https://www.oliveyoung.co.kr/store/goods/getGoodsDetail.do?goodsNo=A000000247595,https://image.oliveyoung.co.kr/cfimages/cf-goods/uploads/images/thumbnails/400/10/0000/0024/A00000024759505ko.jpg?l=ko,28000,20900,25.4,1811,4.9,92,6,2,0,0,1,0,0,1,A000000247595,10000010007
2026-09-11,맨즈에딧,50,리우젤,리우젤 그루밍 토닉 200ml 단품/기획,https://www.oliveyoung.co.kr/store/goods/getGoodsDetail.do?goodsNo=A000000226695,https://image.oliveyoung.co.kr/cfimages/cf-goods/uploads/images/thumbnails/400/10/0000/0022/A00000022669521ko.png?l=ko,27000,15920,41.0,3798,4.8,87,10,2,0,0,1,1,0,1,A000000226695,10000010007
2026-09-11,맨즈에딧,51,아이디얼포맨,[UV차단+스킨케어] 아이디얼포맨 프레시 선 올인원,https://www.oliveyoung.co.kr/store/goods/getGoodsDetail.do?goodsNo=A000000248772,https://image.oliveyoung.co.kr/cfimages/cf-goods/uploads/images/thumbnails/400/10/0000/0024/A00000024877206ko.jpg?l=ko,24000,13800,42.5,569,4.8,87,10,2,,1,1,0,0,1,A000000248772,10000010007
2026-09-11,맨즈에딧,52,라운드랩,[민감피부/저자극] 라운드랩 포 맨 1025 독도 올인원 플루이드 200ml+200ml,https://www.oliveyoung.co.kr/store/goods/getGoodsDetail.do?goodsNo=A000000183229,https://image.oliveyoung.co.kr/cfimages/cf-goods/uploads/images/thumbnails/400/10/0000/0018/A00000018322917ko.jpg?l=ko,43000,33000,23.3,3639,4.9,88,10,2,0,0,1,0,0,1,A000000183229,10000010007
2026-09-11,맨즈에딧,53,몽블랑,몽블랑 스타워커 오드뚜왈렛 50ml,https://www.oliveyoung.co.kr/store/goods/getGoodsDetail.do?goodsNo=A000000004973,https://image.oliveyoung.co.kr/cfimages/cf-goods/uploads/images/thumbnails/400/10/0000/0000/A00000000497310ko.jpg?l=ko,90000,67500,25.0,298,4.8,87,10,3,0,,1,0,0,1,A000000004973,10000010007
2026-09-11,맨즈에딧,54,정샘물,[OY단독/밀착쿠션] 정샘물 맨 슬림핏 누더 쿠션 (본품+리필),https://www.oliveyoung.co.kr/store/goods/getGoodsDetail.do?goodsNo=A000000225422,https://image.oliveyoung.co.kr/cfimages/cf-goods/uploads/images/thumbnails/400/10/0000/0022/A00000022542231ko.jpg?l=ko,43000,32250,25.0,247,4.8,86,11,2,,1,1,0,0,1,A000000225422,10000010007
2026-09-11,맨즈에딧,55,그라펜,[자연스러운세팅] 그라펜 볼륨업 컬크림 150ml,https://www.oliveyoung.co.kr/store/goods/getGoodsDetail.do?goodsNo=A000000218630,https://image.oliveyoung.co.kr/cfimages/cf-goods/uploads/images/thumbnails/400/10/0000/0021/A00000021863016ko.jpg?l=ko,15000,15000,0.0,1179,4.8,85,11,3,1,0,0,0,0,1,A000000218630,10000010007
2026-09-11,맨즈에딧,56,오브제,오브제 블랙헤드 스크럽 밤 20g,https://www.oliveyoung.co.kr/store/goods/getGoodsDetail.do?goodsNo=A000000203004,https://image.oliveyoung.co.kr/cfimages/cf-goods/uploads/images/thumbnails/400/10/0000/0020/A00000020300402ko.jpg?l=ko,17800,12900,27.5,612,4.9,94,4,1,1,0,1,0,0,1,A000000203004,10000010007
2026-09-11,맨즈에딧,57,미닉,[모공&잡티 완벽커버] 미닉 미니멀 커버 로션 40ml (라이트베이지/내추럴베이지) 단품/단독기획,https://www.oliveyoung.co.kr/store/goods/getGoodsDetail.do?goodsNo=A000000223633,https://image.oliveyoung.co.kr/cfimages/cf-goods/uploads/images/thumbnails/400/10/0000/0022/A00000022363334ko.jpg?l=ko,30000,24000,20.0,763,4.8,87,10,3,0,1,1,0,0,1,A000000223633,10000010007
2026-09-11,맨즈에딧,58,닥터지,[선물세트/수분진정] 닥터지 레드 블레미쉬 포 맨 토너/진정올인원 2종 기획 (+미니어처 2종),https://www.oliveyoung.co.kr/store/goods/getGoodsDetail.do?goodsNo=A000000223780,https://image.oliveyoung.co.kr/cfimages/cf-goods/uploads/images/thumbnails/400/10/0000/0022/A00000022378003ko.jpg?l=ko,61000,41000,32.8,7866,4.8,82,14,3,0,0,1,0,0,1,A000000223780,10000010007
2026-09-11,맨즈에딧,59,우르오스,우르오스 올인원 스킨로션 200ml,https://www.oliveyoung.co.kr/store/goods/getGoodsDetail.do?goodsNo=A000000006564,https://image.oliveyoung.co.kr/cfimages/cf-goods/uploads/images/thumbnails/400/10/0000/0000/A00000000656426ko.jpg?l=ko,29700,23700,20.2,3583,4.9,89,9,2,0,0,1,0,0,1,A000000006564,10000010007
2026-09-11,맨즈에딧,60,질레트,질레트 프로쉴드 옐로우 면도날 4입,https://www.oliveyoung.co.kr/store/goods/getGoodsDetail.do?goodsNo=A000000205929,https://image.oliveyoung.co.kr/cfimages/cf-goods/uploads/images/thumbnails/400/10/0000/0020/A00000020592917ko.jpg?l=ko,33200,29900,9.9,3733,4.9,92,7,1,0,0,1,0,1,1,A000000205929,10000010007
2026-09-11,맨즈에딧,61,라운드랩,[박재훈PICK/산뜻청량] 라운드랩 포맨 자작나무 토너/로션 2종기획 (+쉐이빙 폼 40ml),https://www.oliveyoung.co.kr/store/goods/getGoodsDetail.do?goodsNo=A000000187675,https://image.oliveyoung.co.kr/cfimages/cf-goods/uploads/images/thumbnails/400/10/0000/0018/A00000018767550ko.jpg?l=ko,42000,29800,29.0,8052,4.9,88,10,2,0,0,1,0,0,1,A000000187675,10000010007
2026-09-11,맨즈에딧,62,몽잘,몽잘 바리스칼프 로즈마리샴푸 500ml 단품/기획 (탈모증상완화),https://www.oliveyoung.co.kr/store/goods/getGoodsDetail.do?goodsNo=B000000247910,https://image.oliveyoung.co.kr/cfimages/cf-goods/uploads/images/thumbnails/400/10/0000/0024/B00000024791005ko.jpg?l=ko,29800,29800,0.0,1023,5.0,100,0,,,0,0,0,0,0,B000000247910,10000010007
2026-09-11,맨즈에딧,63,라끌랑,라끌랑 슈퍼쉴드 옴므쿠션 2종 택1,https://www.oliveyoung.co.kr/store/goods/getGoodsDetail.do?goodsNo=A000000130798,https://image.oliveyoung.co.kr/cfimages/cf-goods/uploads/images/thumbnails/400/10/0000/0013/A00000013079802ko.jpg?l=ko,39000,39000,0.0,494,4.7,80,14,5,1,0,0,0,0,1,A000000130798,10000010007
2026-09-11,맨즈에딧,64,포맨트,[등드름 바디워시/박지훈 PICK] 포맨트 아크네 퍼퓸샤워 바디워시 코튼허그 500ml,https://www.oliveyoung.co.kr/store/goods/getGoodsDetail.do?goodsNo=A000000245436,https://image.oliveyoung.co.kr/cfimages/cf-goods/uploads/images/thumbnails/400/10/0000/0024/A00000024543626ko.jpg?l=ko,19000,18500,2.6,585,4.9,95,4,1,0,,1,0,0,1,A000000245436,10000010007
2026-09-11,맨즈에딧,65,다슈,[1등 볼륨템/헤어 볼륨] 다슈 데일리 볼륨픽,https://www.oliveyoung.co.kr/store/goods/getGoodsDetail.do?goodsNo=A000000216438,https://image.oliveyoung.co.kr/cfimages/cf-goods/uploads/images/thumbnails/400/10/0000/0021/A00000021643832ko.jpg?l=ko,18000,14900,17.2,3496,4.5,73,14,8,3,3,1,0,0,1,A000000216438,10000010007
2026-09-11,맨즈에딧,66,셀렉스,셀렉스 프로핏 스포츠 330ml 4종 택1(초콜릿/복숭아/코코넛),https://www.oliveyoung.co.kr/store/goods/getGoodsDetail.do?goodsNo=A000000175561,https://image.oliveyoung.co.kr/cfimages/cf-goods/uploads/images/thumbnails/400/10/0000/0017/A00000017556105ko.jpg?l=ko,3200,3200,0.0,7726,4.7,81,9,6,2,2,0,0,0,1,A000000175561,10000010007
2026-09-11,맨즈에딧,67,다슈,다슈 포맨 프리미엄 오리지널 슈퍼 매트 왁스 100ml,https://www.oliveyoung.co.kr/store/goods/getGoodsDetail.do?goodsNo=A000000012870,https://image.oliveyoung.co.kr/cfimages/cf-goods/uploads/images/thumbnails/400/10/0000/0001/A00000001287010ko.jpg?l=ko,15000,15000,0.0,2304,4.8,84,13,3,0,0,0,0,0,1,A000000012870,10000010007
2026-09-11,맨즈에딧,68,포맨트,[리뉴얼출시]포맨트 시그니처 퍼퓸 코튼키스 50ml,https://www.oliveyoung.co.kr/store/goods/getGoodsDetail.do?goodsNo=A000000221786,https://image.oliveyoung.co.kr/cfimages/cf-goods/uploads/images/thumbnails/400/10/0000/0022/A00000022178615ko.jpg?l=ko,39000,37000,5.1,3211,4.8,89,8,3,0,0,1,0,0,1,A000000221786,10000010007
2026-09-11,맨즈에딧,69,라네즈,[탄력세트] 라네즈옴므 블루에너지 2종 기획 (+미니어처 25ml 2종),https://www.oliveyoung.co.kr/store/goods/getGoodsDetail.do?goodsNo=A000000143189,https://image.oliveyoung.co.kr/cfimages/cf-goods/uploads/images/thumbnails/400/10/0000/0014/A00000014318916ko.jpg?l=ko,62000,34250,44.8,1671,4.9,88,9,2,0,0,1,1,0,1,A000000143189,10000010007
2026-09-11,맨즈에딧,70,커리쉴,커리쉴 젤 오일 왁스 150ml 기획(+미니어처 30ml),https://www.oliveyoung.co.kr/store/goods/getGoodsDetail.do?goodsNo=A000000204209,https://image.oliveyoung.co.kr/cfimages/cf-goods/uploads/images/thumbnails/400/10/0000/0020/A00000020420911ko.jpg?l=ko,22000,19800,10.0,285,4.8,88,9,1,1,0,1,0,0,1,A000000204209,10000010007
2026-09-11,맨즈에딧,71,토리든,토리든 밸런스풀 포맨 시카 프레쉬 올인원 200g 기획(+밸런스풀 올인원 20g),https://www.oliveyoung.co.kr/store/goods/getGoodsDetail.do?goodsNo=A000000228952,https://image.oliveyoung.co.kr/cfimages/cf-goods/uploads/images/thumbnails/400/10/0000/0022/A00000022895236ko.jpg?l=ko,25000,25000,0.0,2083,4.8,87,9,2,0,1,0,0,0,1,A000000228952,10000010007
2026-09-11,맨즈에딧,72,그라펜,[착붙쿠션] 그라펜 핸섬 커버쿠션 2종 택1,https://www.oliveyoung.co.kr/store/goods/getGoodsDetail.do?goodsNo=A000000129149,https://image.oliveyoung.co.kr/cfimages/cf-goods/uploads/images/thumbnails/400/10/0000/0012/A00000012914917ko.jpg?l=ko,33900,33900,0.0,528,4.8,82,14,3,1,0,0,0,0,1,A000000129149,10000010007
2026-09-11,맨즈에딧,73,캘빈클라인,캘빈클라인 CK 비 EDT 3종 택1 (50ml/100ml/200ml),https://www.oliveyoung.co.kr/store/goods/getGoodsDetail.do?goodsNo=A000000135301,https://image.oliveyoung.co.kr/cfimages/cf-goods/uploads/images/thumbnails/400/10/0000/0013/A00000013530105ko.jpg?l=ko,66000,43900,33.5,388,4.8,84,13,2,1,1,0,1,0,1,A000000135301,10000010007
2026-09-11,맨즈에딧,74,다슈,[누적판매 85만개] 다슈 포맨 밤부 포레스트 메가 하드 스프레이 180ml,https://www.oliveyoung.co.kr/store/goods/getGoodsDetail.do?goodsNo=A000000161439,https://image.oliveyoung.co.kr/cfimages/cf-goods/uploads/images/thumbnails/400/10/0000/0016/A00000016143912ko.jpg?l=ko,15000,9800,34.7,4947,4.8,86,11,3,0,0,1,0,0,1,A000000161439,10000010007
2026-09-11,맨즈에딧,75,갸스비,[조이건 PICK/완벽고정] 갸스비 매트&하드 스프레이 200ml,https://www.oliveyoung.co.kr/store/goods/getGoodsDetail.do?goodsNo=A000000114700,https://image.oliveyoung.co.kr/cfimages/cf-goods/uploads/images/thumbnails/400/10/0000/0011/A00000011470036ko.png?l=ko,9000,7600,15.6,5352,4.7,82,13,4,1,0,1,0,0,1,A000000114700,10000010007
2026-09-11,맨즈에딧,76,우르오스,우르오스 스칼프샴푸 500ml (증정기획/단품),https://www.oliveyoung.co.kr/store/goods/getGoodsDetail.do?goodsNo=A000000006568,https://image.oliveyoung.co.kr/cfimages/cf-goods/uploads/images/thumbnails/400/10/0000/0000/A00000000656816ko.jpg?l=ko,29700,23700,20.2,600,4.9,91,6,2,1,1,1,0,0,1,A000000006568,10000010007
2026-09-11,맨즈에딧,77,라운드랩,[민감진정/화해1위] 라운드랩 포 맨 소나무 진정 시카 로션 200ml,https://www.oliveyoung.co.kr/store/goods/getGoodsDetail.do?goodsNo=A000000199154,https://image.oliveyoung.co.kr/cfimages/cf-goods/uploads/images/thumbnails/400/10/0000/0019/A00000019915407ko.jpg?l=ko,25000,18500,26.0,4708,4.9,91,6,2,0,0,1,0,0,1,A000000199154,10000010007
2026-09-11,맨즈에딧,78,피지오겔,[한정기획] 피지오겔 시카밸런스 포맨 2종 (+플루이드 100ml or 크림 70ml),https://www.oliveyoung.co.kr/store/goods/getGoodsDetail.do?goodsNo=A000000204590,https://image.oliveyoung.co.kr/cfimages/cf-goods/uploads/images/thumbnails/400/10/0000/0020/A00000020459010ko.jpg?l=ko,69000,31900,53.8,2866,4.9,91,7,1,0,0,1,0,0,1,A000000204590,10000010007
2026-09-11,맨즈에딧,79,다슈,[초강력고정/1+1] 다슈 포맨 프리미엄 메가 홀드 슈퍼 스프레이 250ml,https://www.oliveyoung.co.kr/store/goods/getGoodsDetail.do?goodsNo=A000000012910,https://image.oliveyoung.co.kr/cfimages/cf-goods/uploads/images/thumbnails/400/10/0000/0001/A00000001291016ko.jpg?l=ko,15000,15000,0.0,4562,4.8,83,12,4,0,0,0,0,0,1,A000000012910,10000010007
2026-09-11,맨즈에딧,80,오브제,[올인원 수분 선크림] 오브제 맥스 워터풀 선크림 300ml,https://www.oliveyoung.co.kr/store/goods/getGoodsDetail.do?goodsNo=A000000246715,https://image.oliveyoung.co.kr/cfimages/cf-goods/uploads/images/thumbnails/400/10/0000/0024/A00000024671504ko.jpg?l=ko,31500,21900,30.5,176,4.9,95,3,1,1,,1,0,0,1,A000000246715,10000010007
2026-09-11,맨즈에딧,81,토리든,토리든 다이브인 포맨 저분자 히알루론산 스킨/젤로션 2종 기획(+스킨30ml+젤로션20ml),https://www.oliveyoung.co.kr/store/goods/getGoodsDetail.do?goodsNo=A000000207115,https://image.oliveyoung.co.kr/cfimages/cf-goods/uploads/images/thumbnails/400/10/0000/0020/A00000020711522ko.jpg?l=ko,37000,29600,20.0,2112,4.9,90,8,2,0,0,1,0,0,1,A000000207115,10000010007
2026-09-11,맨즈에딧,82,비오템,비오템 옴므 아쿠아파워 클렌져 125ml,https://www.oliveyoung.co.kr/store/goods/getGoodsDetail.do?goodsNo=A000000137444,https://image.oliveyoung.co.kr/cfimages/cf-goods/uploads/images/thumbnails/400/10/0000/0013/A00000013744405ko.jpg?l=ko,53000,45050,15.0,84,4.9,93,5,2,,,1,0,0,1,A000000137444,10000010007
2026-09-11,맨즈에딧,83,비레디,[임수빈 PICK] 비레디 트루톤 로션 40ml + 20ml 추가증정 기획,https://www.oliveyoung.co.kr/store/goods/getGoodsDetail.do?goodsNo=A000000233178,https://image.oliveyoung.co.kr/cfimages/cf-goods/uploads/images/thumbnails/400/10/0000/0023/A00000023317847ko.jpg?l=ko,32000,27900,12.8,860,4.8,87,9,2,0,1,1,0,0,1,A000000233178,10000010007
2026-09-11,맨즈에딧,84,아이오페,[맨PDRN]아이오페 XMD 클리니컬 리커버리 올인원 포맨 기획 120g(+30g),https://www.oliveyoung.co.kr/store/goods/getGoodsDetail.do?goodsNo=A000000242173,https://image.oliveyoung.co.kr/cfimages/cf-goods/uploads/images/thumbnails/400/10/0000/0024/A00000024217309ko.jpg?l=ko,42000,42000,0.0,546,4.9,91,7,2,0,0,0,0,0,1,A000000242173,10000010007
2026-09-11,맨즈에딧,85,오브제,[보송톤업] 오브제 내추럴 톤업 선스틱 18g,https://www.oliveyoung.co.kr/store/goods/getGoodsDetail.do?goodsNo=A000000260943,https://image.oliveyoung.co.kr/cfimages/cf-goods/uploads/images/thumbnails/400/10/0000/0026/A00000026094303ko.jpg?l=ko,25000,20000,20.0,124,5.0,98,1,,,1,0,1,0,1,A000000260943,10000010007
2026-09-11,맨즈에딧,86,이니스프리,[5000만판매] 이니스프리 화산송이 바하 모공 클렌징폼 150g,https://www.oliveyoung.co.kr/store/goods/getGoodsDetail.do?goodsNo=A000000190589,https://image.oliveyoung.co.kr/cfimages/cf-goods/uploads/images/thumbnails/400/10/0000/0019/A00000019058961ko.png?l=ko,13000,9100,30.0,3366,4.8,87,10,3,0,1,1,0,0,1,A000000190589,10000010007
2026-09-11,맨즈에딧,87,VT,[모공/피지케어]VT 리들샷 포맨 올인원 100 엠플러스 150ml 단품/기획,https://www.oliveyoung.co.kr/store/goods/getGoodsDetail.do?goodsNo=A000000236543,https://image.oliveyoung.co.kr/cfimages/cf-goods/uploads/images/thumbnails/400/10/0000/0023/A00000023654352ko.jpg?l=ko,23000,19900,13.5,6541,5.0,97,3,0,0,0,1,0,0,1,A000000236543,10000010007
2026-09-11,맨즈에딧,88,오제닉스,오제닉스 바이오폴릭 앰플 100ml,https://www.oliveyoung.co.kr/store/goods/getGoodsDetail.do?goodsNo=A000000257090,https://image.oliveyoung.co.kr/cfimages/cf-goods/uploads/images/thumbnails/400/10/0000/0025/A00000025709001ko.jpg?l=ko,28900,26900,6.9,843,4.9,88,10,2,,,1,0,0,1,A000000257090,10000010007
2026-09-11,맨즈에딧,89,갸스비,[11년 연속 1위/ 완벽고정] 갸스비 셋&킵 스프레이 263ml (레귤러),https://www.oliveyoung.co.kr/store/goods/getGoodsDetail.do?goodsNo=A000000009020,https://image.oliveyoung.co.kr/cfimages/cf-goods/uploads/images/thumbnails/400/10/0000/0000/A00000000902026ko.jpg?l=ko,9000,9000,0.0,10041,4.8,83,12,3,0,0,0,0,0,1,A000000009020,10000010007
2026-09-11,맨즈에딧,90,다슈,[1등 컬크림] 다슈 데일리 볼륨업 컬크림 150ml,https://www.oliveyoung.co.kr/store/goods/getGoodsDetail.do?goodsNo=A000000111238,https://image.oliveyoung.co.kr/cfimages/cf-goods/uploads/images/thumbnails/400/10/0000/0011/A00000011123843ko.jpg?l=ko,15000,10500,30.0,6912,4.8,82,14,4,0,0,1,0,0,1,A000000111238,10000010007
2026-09-11,맨즈에딧,91,오브제,오브제 포어 제로 무스 클레이 팩 100ml,https://www.oliveyoung.co.kr/store/goods/getGoodsDetail.do?goodsNo=A000000212247,https://image.oliveyoung.co.kr/cfimages/cf-goods/uploads/images/thumbnails/400/10/0000/0021/A00000021224708ko.jpg?l=ko,26000,26000,0.0,891,4.9,90,8,2,0,0,0,0,0,1,A000000212247,10000010007
2026-09-11,맨즈에딧,92,아이디얼포맨,아이디얼포맨 프레시 올인원 150ml 단품/1+1 기획,https://www.oliveyoung.co.kr/store/goods/getGoodsDetail.do?goodsNo=A000000250298,https://image.oliveyoung.co.kr/cfimages/cf-goods/uploads/images/thumbnails/400/10/0000/0025/A00000025029821ko.jpg?l=ko,26000,26000,0.0,2504,4.8,88,9,2,0,0,0,0,0,1,A000000250298,10000010007
2026-09-11,맨즈에딧,93,그라펜,[1등향수]그라펜 타투 퍼퓸 50ml 6종 택1 (원우드/코튼헤이즈/레몬/니스빌/클로버/레더),https://www.oliveyoung.co.kr/store/goods/getGoodsDetail.do?goodsNo=A000000191214,https://image.oliveyoung.co.kr/cfimages/cf-goods/uploads/images/thumbnails/400/10/0000/0019/A00000019121437ko.jpg?l=ko,50000,39800,20.4,3608,4.9,90,7,2,0,1,1,0,0,1,A000000191214,10000010007
2026-09-11,맨즈에딧,94,미닉,[7초진정/산뜻촉촉] 미닉 퍼펙트 콜라드 그린 진정 올인원 200ml,https://www.oliveyoung.co.kr/store/goods/getGoodsDetail.do?goodsNo=A000000223673,https://image.oliveyoung.co.kr/cfimages/cf-goods/uploads/images/thumbnails/400/10/0000/0022/A00000022367318ko.jpg?l=ko,32000,25600,20.0,91,4.8,80,19,1,,,1,0,0,1,A000000223673,10000010007
2026-09-11,맨즈에딧,95,다슈,다슈 맨즈 매직커버 니플밴드 더블 기획 (52매+52매),https://www.oliveyoung.co.kr/store/goods/getGoodsDetail.do?goodsNo=A000000143150,https://image.oliveyoung.co.kr/cfimages/cf-goods/uploads/images/thumbnails/400/10/0000/0014/A00000014315001ko.jpg?l=ko,24000,11900,50.4,3568,4.7,81,12,5,1,1,1,0,0,1,A000000143150,10000010007
2026-09-11,맨즈에딧,96,포엘리에,[탈모증상완화] 포엘리에 옴므 카페인 맥주효모 남자샴푸 500ml,https://www.oliveyoung.co.kr/store/goods/getGoodsDetail.do?goodsNo=A000000208026,https://image.oliveyoung.co.kr/cfimages/cf-goods/uploads/images/thumbnails/400/10/0000/0020/A00000020802607ko.jpg?l=ko,24000,14500,39.6,72,4.9,94,4,1,,,1,0,0,1,A000000208026,10000010007
2026-09-11,맨즈에딧,97,니베아,[올영1위/단독기획] 니베아 맨 센서티브 쉐이빙 폼 더블기획 (200ml+200ml),https://www.oliveyoung.co.kr/store/goods/getGoodsDetail.do?goodsNo=A000000200149,https://image.oliveyoung.co.kr/cfimages/cf-goods/uploads/images/thumbnails/400/10/0000/0020/A00000020014933ko.jpg?l=ko,11700,11700,0.0,12577,4.8,87,11,2,0,0,0,0,0,1,A000000200149,10000010007
2026-09-11,맨즈에딧,98,토리든,토리든 밸런스풀 포맨 시카 오일 컨트롤 선스틱 20g 기획(+올인원 20g),https://www.oliveyoung.co.kr/store/goods/getGoodsDetail.do?goodsNo=A000000248312,https://image.oliveyoung.co.kr/cfimages/cf-goods/uploads/images/thumbnails/400/10/0000/0024/A00000024831221ko.jpg?l=ko,23000,18900,17.8,679,4.8,89,8,3,0,0,1,0,0,1,A000000248312,10000010007
2026-09-11,맨즈에딧,99,헤레카,[끈적임없는] 헤레카 텍스쳐크림 150ml,https://www.oliveyoung.co.kr/store/goods/getGoodsDetail.do?goodsNo=A000000227439,https://image.oliveyoung.co.kr/cfimages/cf-goods/uploads/images/thumbnails/400/10/0000/0022/A00000022743906ko.png?l=ko,19900,18300,8.0,64,4.9,94,2,5,,,1,0,0,1,A000000227439,10000010007
2026-09-11,맨즈에딧,100,피지오겔,피지오겔 아쿠아 포맨 오일컷 올인원 100ml (단품/기획),https://www.oliveyoung.co.kr/store/goods/getGoodsDetail.do?goodsNo=A000000223483,https://image.oliveyoung.co.kr/cfimages/cf-goods/uploads/images/thumbnails/400/10/0000/0022/A00000022348332ko.jpg?l=ko,39900,24900,37.6,1466,4.9,89,9,2,0,0,1,0,0,1,A000000223483,10000010007
2026-09-11,향수/디퓨저,1,헤트라스,[단독선런칭] 헤트라스 고체탈취제 300g 2개입 5종,https://www.oliveyoung.co.kr/store/goods/getGoodsDetail.do?goodsNo=A000000261733,https://image.oliveyoung.co.kr/cfimages/cf-goods/uploads/images/thumbnails/400/10/0000/0026/A00000026173313ko.png?l=ko,18800,18500,1.6,1252,4.8,88,7,4,1,1,1,0,0,1,A000000261733,10000010005
2026-09-11,향수/디퓨저,2,끌로에,끌로에 EDP [단품/기획] (10ml/30ml/50기획/100기획),https://www.oliveyoung.co.kr/store/goods/getGoodsDetail.do?goodsNo=A000000189177,https://image.oliveyoung.co.kr/cfimages/cf-goods/uploads/images/thumbnails/400/10/0000/0018/A00000018917732ko.jpg?l=ko,51000,36300,28.8,2100,4.8,85,10,3,1,1,1,1,0,1,A000000189177,10000010005
2026-09-11,향수/디퓨저,3,포맨트,[NEW/산리오콜라보] 포맨트 솔리드 퍼퓸 헬로키티 에디션 3종,https://www.oliveyoung.co.kr/store/goods/getGoodsDetail.do?goodsNo=A000000240573,https://image.oliveyoung.co.kr/cfimages/cf-goods/uploads/images/thumbnails/400/10/0000/0024/A00000024057322ko.png?l=ko,34000,32300,5.0,548,4.7,84,8,3,2,1,1,0,0,1,A000000240573,10000010005
2026-09-11,향수/디퓨저,4,포맨트,[박지훈 포카증정] 포맨트 시그니처 퍼퓸 코튼베이비 50ml 기획/단품,https://www.oliveyoung.co.kr/store/goods/getGoodsDetail.do?goodsNo=A000000237353,https://image.oliveyoung.co.kr/cfimages/cf-goods/uploads/images/thumbnails/400/10/0000/0023/A00000023735355ko.png?l=ko,49000,46500,5.1,1348,4.9,91,7,1,1,0,1,0,0,1,A000000237353,10000010005
2026-09-11,향수/디퓨저,5,센녹,[NEW]센녹 퍼퓸 30ml/50ml 기획,https://www.oliveyoung.co.kr/store/goods/getGoodsDetail.do?goodsNo=A000000204767,https://image.oliveyoung.co.kr/cfimages/cf-goods/uploads/images/thumbnails/400/10/0000/0020/A000000204767140ko.jpg?l=ko,53000,48760,8.0,3754,4.7,84,10,4,1,1,1,0,0,1,A000000204767,10000010005
2026-09-11,향수/디퓨저,6,포맨트,[올영1위/박지훈 포카증정] 포맨트 시그니처 퍼퓸 50ml 단품/기획 3종,https://www.oliveyoung.co.kr/store/goods/getGoodsDetail.do?goodsNo=A000000218424,https://image.oliveyoung.co.kr/cfimages/cf-goods/uploads/images/thumbnails/400/10/0000/0021/A00000021842477ko.png?l=ko,39000,37000,5.1,8572,4.8,89,8,2,0,1,1,0,0,1,A000000218424,10000010005
2026-09-11,향수/디퓨저,7,포맨트,[올영1위/박지훈 포카증정] 포맨트 시그니처 퍼퓸 코튼허그 50ml 단품/기획,https://www.oliveyoung.co.kr/store/goods/getGoodsDetail.do?goodsNo=A000000221675,https://image.oliveyoung.co.kr/cfimages/cf-goods/uploads/images/thumbnails/400/10/0000/0022/A00000022167586ko.png?l=ko,39000,37000,5.1,9753,4.9,90,7,2,0,1,1,0,0,1,A000000221675,10000010005
2026-09-11,향수/디퓨저,8,포맨트,[박지훈 포카증정] 포맨트 시그니처 퍼퓸 코튼메모리 50ml 단품/기획,https://www.oliveyoung.co.kr/store/goods/getGoodsDetail.do?goodsNo=A000000221676,https://image.oliveyoung.co.kr/cfimages/cf-goods/uploads/images/thumbnails/400/10/0000/0022/A00000022167672ko.png?l=ko,49000,46500,5.1,3797,4.8,89,8,2,0,1,1,0,0,1,A000000221676,10000010005
2026-09-11,향수/디퓨저,9,나르시소 로드리게즈,나르시소 로드리게즈 베스트 컬렉션(퓨어머스크/머스크블랑/포허인텐스/포허EDT/올오브미),https://www.oliveyoung.co.kr/store/goods/getGoodsDetail.do?goodsNo=A000000200411,https://image.oliveyoung.co.kr/cfimages/cf-goods/uploads/images/thumbnails/400/10/0000/0020/A00000020041191ko.jpg?l=ko,110000,72600,34.0,1478,4.8,89,7,2,1,1,1,0,0,1,A000000200411,10000010005
2026-09-11,향수/디퓨저,10,위프,[단독기획세트/재구매율 1위] 위프 고체탈취제 300g+100g 14종,https://www.oliveyoung.co.kr/store/goods/getGoodsDetail.do?goodsNo=A000000248026,https://image.oliveyoung.co.kr/cfimages/cf-goods/uploads/images/thumbnails/400/10/0000/0024/A00000024802627ko.png?l=ko,21900,20900,4.6,980,4.7,80,12,5,1,2,1,0,0,1,A000000248026,10000010005
2026-09-11,향수/디퓨저,11,어노브,어노브 오드퍼퓸 25ml 5종 택1,https://www.oliveyoung.co.kr/store/goods/getGoodsDetail.do?goodsNo=A000000223723,https://image.oliveyoung.co.kr/cfimages/cf-goods/uploads/images/thumbnails/400/10/0000/0022/A00000022372327ko.png?l=ko,49000,21070,57.0,1614,4.9,90,6,3,0,0,0,1,0,1,A000000223723,10000010005
2026-09-11,향수/디퓨저,12,버버리,버버리 위크엔드 포맨 EDT 100ml,https://www.oliveyoung.co.kr/store/goods/getGoodsDetail.do?goodsNo=A000000186172,https://image.oliveyoung.co.kr/cfimages/cf-goods/uploads/images/thumbnails/400/10/0000/0018/A00000018617207ko.jpg?l=ko,110000,77000,30.0,311,4.8,88,10,2,0,0,1,0,0,1,A000000186172,10000010005
2026-09-11,향수/디퓨저,13,라운드어라운드,"라운드어라운드 편백 클린 스프레이 (90ml,160ml,리필기획)",https://www.oliveyoung.co.kr/store/goods/getGoodsDetail.do?goodsNo=A000000170807,https://image.oliveyoung.co.kr/cfimages/cf-goods/uploads/images/thumbnails/400/10/0000/0017/A00000017080737ko.jpg?l=ko,10900,8900,18.3,16535,4.8,86,10,3,0,0,1,0,0,1,A000000170807,10000010005
2026-09-11,향수/디퓨저,14,몽블랑,몽블랑 익스플로러 EDP 60ml,https://www.oliveyoung.co.kr/store/goods/getGoodsDetail.do?goodsNo=A000000123935,https://image.oliveyoung.co.kr/cfimages/cf-goods/uploads/images/thumbnails/400/10/0000/0012/A00000012393521ko.jpg?l=ko,121000,90750,25.0,431,4.8,89,8,3,,1,1,0,0,1,A000000123935,10000010005
2026-09-11,향수/디퓨저,15,에틀리에,[엔믹스PICK] 에틀리에 오 드 퍼퓸 30ml/10ml 14종,https://www.oliveyoung.co.kr/store/goods/getGoodsDetail.do?goodsNo=A000000247997,https://image.oliveyoung.co.kr/cfimages/cf-goods/uploads/images/thumbnails/400/10/0000/0024/A00000024799724ko.png?l=ko,21000,17900,14.8,3499,5.0,98,1,0,0,0,1,0,0,1,A000000247997,10000010005
2026-09-11,향수/디퓨저,16,비비앙,[보이넥스트도어  PICK] 비비앙 니치 섬유향수 100ml (단품/기획),https://www.oliveyoung.co.kr/store/goods/getGoodsDetail.do?goodsNo=A000000180515,https://image.oliveyoung.co.kr/cfimages/cf-goods/uploads/images/thumbnails/400/10/0000/0018/A00000018051548ko.jpg?l=ko,15900,14700,7.5,4052,4.8,85,10,4,1,0,1,0,0,1,A000000180515,10000010005
2026-09-11,향수/디퓨저,17,애프터블로우,[원필PICK] 애프터블로우 오 드 퍼퓸 15종 택1,https://www.oliveyoung.co.kr/store/goods/getGoodsDetail.do?goodsNo=A000000231328,https://image.oliveyoung.co.kr/cfimages/cf-goods/uploads/images/thumbnails/400/10/0000/0023/A00000023132815ko.jpg?l=ko,42000,37800,10.0,5737,4.8,85,9,4,1,1,1,0,0,1,A000000231328,10000010005
2026-09-11,향수/디퓨저,18,나르시소 로드리게즈,[타잔 Pick]나르시소 로드리게즈 포 허 퓨어 머스크 EDP (30ml/50ml/100ml/기획),https://www.oliveyoung.co.kr/store/goods/getGoodsDetail.do?goodsNo=A000000192645,https://image.oliveyoung.co.kr/cfimages/cf-goods/uploads/images/thumbnails/400/10/0000/0019/A00000019264551ko.jpg?l=ko,110000,72600,34.0,1396,4.8,88,8,2,1,1,1,0,0,1,A000000192645,10000010005
2026-09-11,향수/디퓨저,19,랄프로렌,랄프로렌 폴로 블루 EDT 택 1 (40ml/75ml),https://www.oliveyoung.co.kr/store/goods/getGoodsDetail.do?goodsNo=A000000217785,https://image.oliveyoung.co.kr/cfimages/cf-goods/uploads/images/thumbnails/400/10/0000/0021/A00000021778511ko.jpg?l=ko,80000,64000,20.0,133,4.9,92,7,1,,1,1,0,0,1,A000000217785,10000010005
2026-09-11,향수/디퓨저,20,존바바토스,존바바토스 아티산 EDT 125ml 단품/기획 중 택1,https://www.oliveyoung.co.kr/store/goods/getGoodsDetail.do?goodsNo=A000000006788,https://image.oliveyoung.co.kr/cfimages/cf-goods/uploads/images/thumbnails/400/10/0000/0000/A00000000678839ko.jpg?l=ko,149000,69900,53.1,976,4.8,87,10,2,0,1,1,0,0,1,A000000006788,10000010005
2026-09-11,향수/디퓨저,21,마크제이콥스,마크제이콥스 무라카미 EDP 50ML 4종 (블루/그린/핑크/옐로우),https://www.oliveyoung.co.kr/store/goods/getGoodsDetail.do?goodsNo=A000000249771,https://image.oliveyoung.co.kr/cfimages/cf-goods/uploads/images/thumbnails/400/10/0000/0024/A00000024977101ko.jpg?l=ko,139000,104250,25.0,49,4.8,94,,2,4,,1,0,0,1,A000000249771,10000010005
2026-09-11,향수/디퓨저,22,헤트라스,[올영 1위 디퓨저/단독기획] 헤트라스 프리미엄 대용량 디퓨저 510ml 2개입 기획세트,https://www.oliveyoung.co.kr/store/goods/getGoodsDetail.do?goodsNo=A000000219310,https://image.oliveyoung.co.kr/cfimages/cf-goods/uploads/images/thumbnails/400/10/0000/0021/A00000021931014ko.png?l=ko,19300,19300,0.0,3323,4.8,87,8,3,1,1,0,0,0,1,A000000219310,10000010005
2026-09-11,향수/디퓨저,23,아리아나그란데,"[단독기획] 아리아나그란데 스위트 라이크 캔디 EDP 30ml, 50ml, 100ml 중 택 1",https://www.oliveyoung.co.kr/store/goods/getGoodsDetail.do?goodsNo=A000000136754,https://image.oliveyoung.co.kr/cfimages/cf-goods/uploads/images/thumbnails/400/10/0000/0013/A00000013675421ko.jpg?l=ko,95000,57800,39.2,2044,4.8,86,10,3,1,1,1,0,0,1,A000000136754,10000010005
2026-09-11,향수/디퓨저,24,메르디센트,[단독기획] 메르디센트 무드퍼퓸 스프레이 기획 4종 중 1택(본품 300ml +리필 랜덤 증정),https://www.oliveyoung.co.kr/store/goods/getGoodsDetail.do?goodsNo=A000000154577,https://image.oliveyoung.co.kr/cfimages/cf-goods/uploads/images/thumbnails/400/10/0000/0015/A00000015457746ko.jpg?l=ko,42900,39400,8.2,2358,4.7,83,11,4,1,1,1,0,0,1,A000000154577,10000010005
2026-09-11,향수/디퓨저,25,랑방,"랑방 에끌라 드 아르페쥬 화이트 티 EDP 50ml (단품,기획)",https://www.oliveyoung.co.kr/store/goods/getGoodsDetail.do?goodsNo=A000000255413,https://image.oliveyoung.co.kr/cfimages/cf-goods/uploads/images/thumbnails/400/10/0000/0025/A00000025541303ko.jpg?l=ko,102000,86700,15.0,19,4.9,95,,5,,,1,0,0,1,A000000255413,10000010005
2026-09-11,향수/디퓨저,26,클린,[단독기획] 클린 웜코튼 EDP 30ml (+10ml 롤러볼),https://www.oliveyoung.co.kr/store/goods/getGoodsDetail.do?goodsNo=A000000193114,https://image.oliveyoung.co.kr/cfimages/cf-goods/uploads/images/thumbnails/400/10/0000/0019/A00000019311413ko.jpg?l=ko,68000,39900,41.3,3519,4.8,86,11,3,0,1,1,0,0,1,A000000193114,10000010005
2026-09-11,향수/디퓨저,27,돌체앤가바나,[NEW/리뉴얼] 돌체앤가바나 라이트블루 EDT 30ml,https://www.oliveyoung.co.kr/store/goods/getGoodsDetail.do?goodsNo=A000000229424,https://image.oliveyoung.co.kr/cfimages/cf-goods/uploads/images/thumbnails/400/10/0000/0022/A00000022942405ko.jpg?l=ko,93000,79050,15.0,219,4.8,85,10,2,2,1,1,0,0,1,A000000229424,10000010005
2026-09-11,향수/디퓨저,28,랑방,랑방 에끌라 드 아르페쥬 EDP 50ml (단품/기획),https://www.oliveyoung.co.kr/store/goods/getGoodsDetail.do?goodsNo=A000000000445,https://image.oliveyoung.co.kr/cfimages/cf-goods/uploads/images/thumbnails/400/10/0000/0000/A00000000044512ko.jpg?l=ko,102000,76500,25.0,1409,4.8,87,9,2,0,1,1,0,0,1,A000000000445,10000010005
2026-09-11,향수/디퓨저,29,플르부아,플르부아 린넨스프레이(섬유탈취제) 170mL 4종 중 택1,https://www.oliveyoung.co.kr/store/goods/getGoodsDetail.do?goodsNo=A000000236454,https://image.oliveyoung.co.kr/cfimages/cf-goods/uploads/images/thumbnails/400/10/0000/0023/A00000023645419ko.jpg?l=ko,18000,12150,32.5,1309,4.8,89,6,3,0,1,1,1,0,1,A000000236454,10000010005
2026-09-11,향수/디퓨저,30,나르시소 로드리게즈,[프레쉬로즈향] 나르시소 로드리게즈 나르시소 크리스탈 EDP (30ml/50m/기획),https://www.oliveyoung.co.kr/store/goods/getGoodsDetail.do?goodsNo=A000000187588,https://image.oliveyoung.co.kr/cfimages/cf-goods/uploads/images/thumbnails/400/10/0000/0018/A00000018758827ko.jpg?l=ko,110000,71500,35.0,308,4.9,89,9,1,,1,1,0,0,1,A000000187588,10000010005
2026-09-11,향수/디퓨저,31,피에브,[1등 탈취제] 피에브 에어워셔 고체탈취제 250g 7종(피톤치드/머스크/코튼/블랙베리&베이/무향/사일런트/블러리가든),https://www.oliveyoung.co.kr/store/goods/getGoodsDetail.do?goodsNo=A000000248722,https://image.oliveyoung.co.kr/cfimages/cf-goods/uploads/images/thumbnails/400/10/0000/0024/A00000024872210ko.png?l=ko,19800,18800,5.1,764,4.8,91,4,4,1,0,1,0,0,1,A000000248722,10000010005
2026-09-11,향수/디퓨저,32,아뜰리에페이,[NEW/기획] 아뜰리에페이 퍼퓸 30ml 중 택 1,https://www.oliveyoung.co.kr/store/goods/getGoodsDetail.do?goodsNo=A000000267379,https://image.oliveyoung.co.kr/cfimages/cf-goods/uploads/images/thumbnails/400/10/0000/0026/A00000026737930ko.jpg?l=ko,41000,34200,16.6,4622,4.7,83,11,4,1,1,1,1,0,1,A000000267379,10000010005
2026-09-11,향수/디퓨저,33,몽블랑,몽블랑 스타워커 오드뚜왈렛 50ml,https://www.oliveyoung.co.kr/store/goods/getGoodsDetail.do?goodsNo=A000000004973,https://image.oliveyoung.co.kr/cfimages/cf-goods/uploads/images/thumbnails/400/10/0000/0000/A00000000497310ko.jpg?l=ko,90000,67500,25.0,298,4.8,87,10,3,0,,1,0,0,1,A000000004973,10000010005
2026-09-11,향수/디퓨저,34,제니퍼로페즈,[단독기획] 제니퍼로페즈 글로우 바이제이로 EDT 100ml 기획(+프로미스 바디로션),https://www.oliveyoung.co.kr/store/goods/getGoodsDetail.do?goodsNo=A000000200391,https://image.oliveyoung.co.kr/cfimages/cf-goods/uploads/images/thumbnails/400/10/0000/0020/A00000020039105ko.jpg?l=ko,63000,32800,47.9,4984,4.8,83,12,4,0,0,1,0,0,1,A000000200391,10000010005
2026-09-11,향수/디퓨저,35,버버리,버버리 위크엔드 우먼 EDP 50ml/100ml,https://www.oliveyoung.co.kr/store/goods/getGoodsDetail.do?goodsNo=A000000148148,https://image.oliveyoung.co.kr/cfimages/cf-goods/uploads/images/thumbnails/400/10/0000/0014/A00000014814816ko.jpg?l=ko,93000,65100,30.0,442,4.7,77,16,5,1,2,1,0,0,1,A000000148148,10000010005
2026-09-11,향수/디퓨저,36,에이딕트,[에탄올FREE]에이딕트 오 드 퍼퓸 50ml 6종 택 1,https://www.oliveyoung.co.kr/store/goods/getGoodsDetail.do?goodsNo=A000000208713,https://image.oliveyoung.co.kr/cfimages/cf-goods/uploads/images/thumbnails/400/10/0000/0020/A00000020871353ko.jpg?l=ko,63000,38900,38.3,4022,4.7,79,13,5,1,1,1,0,0,1,A000000208713,10000010005
2026-09-11,향수/디퓨저,37,아로,아로 풀 문 블로썸 EDT 50ml,https://www.oliveyoung.co.kr/store/goods/getGoodsDetail.do?goodsNo=A000000202710,https://image.oliveyoung.co.kr/cfimages/cf-goods/uploads/images/thumbnails/400/10/0000/0020/A00000020271003ko.jpg?l=ko,65000,61700,5.1,23,4.8,87,4,9,,,1,0,0,1,A000000202710,10000010005
2026-09-11,향수/디퓨저,38,라운드어라운드,라운드어라운드 플라워/선인장/댕댕이 디퓨저 100ml 6종,https://www.oliveyoung.co.kr/store/goods/getGoodsDetail.do?goodsNo=A000000230878,https://image.oliveyoung.co.kr/cfimages/cf-goods/uploads/images/thumbnails/400/10/0000/0023/A00000023087810ko.jpg?l=ko,28000,19800,29.3,4824,4.8,87,9,2,0,1,1,0,0,1,A000000230878,10000010005
2026-09-11,향수/디퓨저,39,오센트,오센트 퍼퓸샤쉐 6종 택 1,https://www.oliveyoung.co.kr/store/goods/getGoodsDetail.do?goodsNo=A000000162772,https://image.oliveyoung.co.kr/cfimages/cf-goods/uploads/images/thumbnails/400/10/0000/0016/A00000016277210ko.jpg?l=ko,8000,6400,20.0,15205,4.8,83,11,4,1,0,1,0,0,1,A000000162772,10000010005
2026-09-11,향수/디퓨저,40,루아페,[복숭아과즙향] 루아페 화이트 애프리콧 EDP 30ml,https://www.oliveyoung.co.kr/store/goods/getGoodsDetail.do?goodsNo=A000000213175,https://image.oliveyoung.co.kr/cfimages/cf-goods/uploads/images/thumbnails/400/10/0000/0021/A00000021317514ko.jpg?l=ko,38000,38000,0.0,2288,4.9,92,5,2,0,1,0,0,0,1,A000000213175,10000010005
2026-09-11,향수/디퓨저,41,헤트라스,[여름향수/올영1위] 헤트라스 핸드메이드 퍼퓸 50ml 5종 택 1,https://www.oliveyoung.co.kr/store/goods/getGoodsDetail.do?goodsNo=A000000238492,https://image.oliveyoung.co.kr/cfimages/cf-goods/uploads/images/thumbnails/400/10/0000/0023/A00000023849216ko.png?l=ko,64000,57800,9.7,784,4.9,96,1,1,1,0,1,0,0,1,A000000238492,10000010005
2026-09-11,향수/디퓨저,42,루아페,[이현PICK/NEW] 루아페 헤어앤바디 퍼퓸 미스트 100ml 2종 택 1,https://www.oliveyoung.co.kr/store/goods/getGoodsDetail.do?goodsNo=A000000262834,https://image.oliveyoung.co.kr/cfimages/cf-goods/uploads/images/thumbnails/400/10/0000/0026/A00000026283407ko.jpg?l=ko,23900,21900,8.4,299,4.9,93,4,1,1,1,1,0,0,1,A000000262834,10000010005
2026-09-11,향수/디퓨저,43,롤리타렘피카,롤리타렘피카 EDP 50ml(단품/기획),https://www.oliveyoung.co.kr/store/goods/getGoodsDetail.do?goodsNo=A000000159763,https://image.oliveyoung.co.kr/cfimages/cf-goods/uploads/images/thumbnails/400/10/0000/0015/A00000015976320ko.jpg?l=ko,157000,55350,64.7,310,4.8,85,10,4,0,1,1,1,0,1,A000000159763,10000010005
2026-09-11,향수/디퓨저,44,랑방,랑방 모던 프린세스 EDP 2종 택1 (30ml/60ml),https://www.oliveyoung.co.kr/store/goods/getGoodsDetail.do?goodsNo=A000000016786,https://image.oliveyoung.co.kr/cfimages/cf-goods/uploads/images/thumbnails/400/10/0000/0001/A00000001678615ko.jpg?l=ko,100000,100000,0.0,3031,4.8,85,11,3,0,0,0,0,0,1,A000000016786,10000010005
2026-09-11,향수/디퓨저,45,라운드어라운드,라운드어라운드 편백 클린 스프레이 160ml/리필기획,https://www.oliveyoung.co.kr/store/goods/getGoodsDetail.do?goodsNo=A000000167030,https://image.oliveyoung.co.kr/cfimages/cf-goods/uploads/images/thumbnails/400/10/0000/0016/A00000016703049ko.jpg?l=ko,17000,13900,18.2,8052,4.8,84,11,3,1,0,1,0,0,1,A000000167030,10000010005
2026-09-11,향수/디퓨저,46,끌로에,[NEW] 끌로에 르 퍼퓸 EDP 30ml/50ml,https://www.oliveyoung.co.kr/store/goods/getGoodsDetail.do?goodsNo=A000000261590,https://image.oliveyoung.co.kr/cfimages/cf-goods/uploads/images/thumbnails/400/10/0000/0026/A00000026159002ko.jpg?l=ko,135000,106700,21.0,17,4.8,94,,,,6,1,1,0,1,A000000261590,10000010005
2026-09-11,향수/디퓨저,47,아뜰리에페이,[NEW/기획] 아뜰리에페이 퍼퓸 30ml 데이오프,https://www.oliveyoung.co.kr/store/goods/getGoodsDetail.do?goodsNo=A000000267356,https://image.oliveyoung.co.kr/cfimages/cf-goods/uploads/images/thumbnails/400/10/0000/0026/A00000026735621ko.jpg?l=ko,41000,34200,16.6,1194,4.8,85,11,3,0,1,1,1,0,1,A000000267356,10000010005
2026-09-11,향수/디퓨저,48,사브리나카펜터,"사브리나카펜터 스위트 투스 카라멜 드림 EDP 30ml,75ml 단품/기획",https://www.oliveyoung.co.kr/store/goods/getGoodsDetail.do?goodsNo=A000000211433,https://image.oliveyoung.co.kr/cfimages/cf-goods/uploads/images/thumbnails/400/10/0000/0021/A00000021143306ko.jpg?l=ko,85000,59500,30.0,80,4.7,84,9,3,1,4,1,0,0,1,A000000211433,10000010005
2026-09-11,향수/디퓨저,49,캘빈클라인,캘빈클라인 CK 비 EDT 3종 택1 (50ml/100ml/200ml),https://www.oliveyoung.co.kr/store/goods/getGoodsDetail.do?goodsNo=A000000135301,https://image.oliveyoung.co.kr/cfimages/cf-goods/uploads/images/thumbnails/400/10/0000/0013/A00000013530105ko.jpg?l=ko,66000,43900,33.5,388,4.8,84,13,2,1,1,0,1,0,1,A000000135301,10000010005
2026-09-11,향수/디퓨저,50,플르부아,플르부아 디퓨저 200mL 4종 택1 (단품/기획),https://www.oliveyoung.co.kr/store/goods/getGoodsDetail.do?goodsNo=A000000202553,https://image.oliveyoung.co.kr/cfimages/cf-goods/uploads/images/thumbnails/400/10/0000/0020/A00000020255367ko.jpg?l=ko,33000,25250,23.5,986,4.8,87,8,3,1,2,1,1,0,1,A000000202553,10000010005
2026-09-11,향수/디퓨저,51,존바바토스,존바바토스 아티산 EDT 40ml 단품/기획 중 택1,https://www.oliveyoung.co.kr/store/goods/getGoodsDetail.do?goodsNo=A000000193149,https://image.oliveyoung.co.kr/cfimages/cf-goods/uploads/images/thumbnails/400/10/0000/0019/A00000019314911ko.jpg?l=ko,78000,33100,57.6,1364,4.8,87,10,2,0,1,1,0,0,1,A000000193149,10000010005
2026-09-11,향수/디퓨저,52,스침,스침 섬유 공간 향수 단품/기획 18종,https://www.oliveyoung.co.kr/store/goods/getGoodsDetail.do?goodsNo=A000000224784,https://image.oliveyoung.co.kr/cfimages/cf-goods/uploads/images/thumbnails/400/10/0000/0022/A00000022478442ko.jpg?l=ko,18000,14400,20.0,2537,4.6,80,11,6,2,2,1,0,0,1,A000000224784,10000010005
2026-09-11,향수/디퓨저,53,랑방,랑방 레 플레르 드 랑방 써니 매그놀리아 EDT 50ml,https://www.oliveyoung.co.kr/store/goods/getGoodsDetail.do?goodsNo=A000000163257,https://image.oliveyoung.co.kr/cfimages/cf-goods/uploads/images/thumbnails/400/10/0000/0016/A00000016325702ko.jpg?l=ko,66000,49500,25.0,340,4.8,86,11,3,0,,1,0,0,1,A000000163257,10000010005
2026-09-11,향수/디퓨저,54,아뜰리에페이,[NEW] 아뜰리에페이 헤어 퍼퓸 30ml 슬립핑 베이비,https://www.oliveyoung.co.kr/store/goods/getGoodsDetail.do?goodsNo=A000000267372,https://image.oliveyoung.co.kr/cfimages/cf-goods/uploads/images/thumbnails/400/10/0000/0026/A00000026737241ko.jpg?l=ko,28000,23800,15.0,349,4.7,80,14,3,2,1,1,1,0,1,A000000267372,10000010005
2026-09-11,향수/디퓨저,55,라운드어라운드,[방향탈취제습] 라운드어라운드 센티드 샤쉐 4종,https://www.oliveyoung.co.kr/store/goods/getGoodsDetail.do?goodsNo=A000000226483,https://image.oliveyoung.co.kr/cfimages/cf-goods/uploads/images/thumbnails/400/10/0000/0022/A00000022648317ko.jpg?l=ko,6000,4800,20.0,7834,4.7,81,11,6,1,1,1,0,0,1,A000000226483,10000010005
2026-09-11,향수/디퓨저,56,포맨트,포맨트 시그니처 퍼퓸 코튼배쓰 50ml,https://www.oliveyoung.co.kr/store/goods/getGoodsDetail.do?goodsNo=A000000192901,https://image.oliveyoung.co.kr/cfimages/cf-goods/uploads/images/thumbnails/400/10/0000/0019/A00000019290117ko.jpg?l=ko,49000,49000,0.0,834,4.8,87,10,2,0,0,0,0,0,1,A000000192901,10000010005
2026-09-11,향수/디퓨저,57,타미힐피거,타미힐피거 타미걸 EDT 30ml,https://www.oliveyoung.co.kr/store/goods/getGoodsDetail.do?goodsNo=A000000191594,https://image.oliveyoung.co.kr/cfimages/cf-goods/uploads/images/thumbnails/400/10/0000/0019/A00000019159402ko.jpg?l=ko,45000,31500,30.0,218,4.8,86,10,2,,1,1,0,0,1,A000000191594,10000010005
2026-09-11,향수/디퓨저,58,센녹,[NEW] 센녹 퍼퓸 30ml 데일리 사이즈 5종,https://www.oliveyoung.co.kr/store/goods/getGoodsDetail.do?goodsNo=A000000256121,https://image.oliveyoung.co.kr/cfimages/cf-goods/uploads/images/thumbnails/400/10/0000/0025/A00000025612116ko.jpg?l=ko,53000,48760,8.0,2797,4.8,86,9,4,1,1,1,0,0,1,A000000256121,10000010005
2026-09-11,향수/디퓨저,59,포맨트,[리뉴얼출시]포맨트 시그니처 퍼퓸 코튼브리즈 50ml,https://www.oliveyoung.co.kr/store/goods/getGoodsDetail.do?goodsNo=A000000197779,https://image.oliveyoung.co.kr/cfimages/cf-goods/uploads/images/thumbnails/400/10/0000/0019/A00000019777912ko.jpg?l=ko,49000,46500,5.1,597,4.8,87,9,4,1,1,1,0,0,1,A000000197779,10000010005
2026-09-11,향수/디퓨저,60,스너글,스너글 섬유탈취제 모음 6종 택 1 (150ml/470ml/한정기획),https://www.oliveyoung.co.kr/store/goods/getGoodsDetail.do?goodsNo=A000000219546,https://image.oliveyoung.co.kr/cfimages/cf-goods/uploads/images/thumbnails/400/10/0000/0021/A00000021954630ko.png?l=ko,5700,5700,0.0,124474,4.8,89,8,2,0,0,0,0,0,1,A000000219546,10000010005
2026-09-11,향수/디퓨저,61,캘빈클라인,[신상향기출시] 캘빈클라인 CK One/Be/에센스인텐스/나이트에센스,https://www.oliveyoung.co.kr/store/goods/getGoodsDetail.do?goodsNo=A000000214485,https://image.oliveyoung.co.kr/cfimages/cf-goods/uploads/images/thumbnails/400/10/0000/0021/A00000021448536ko.png?l=ko,69000,45900,33.5,3909,4.8,88,9,2,0,0,0,1,0,1,A000000214485,10000010005
2026-09-11,향수/디퓨저,62,라운드어라운드,라운드어라운드 센티드 디퓨저 100ml 5종,https://www.oliveyoung.co.kr/store/goods/getGoodsDetail.do?goodsNo=A000000223256,https://image.oliveyoung.co.kr/cfimages/cf-goods/uploads/images/thumbnails/400/10/0000/0022/A00000022325631ko.jpg?l=ko,19800,11800,40.4,4045,4.7,83,10,5,1,1,1,0,0,1,A000000223256,10000010005
2026-09-11,향수/디퓨저,63,나르시소 로드리게즈,나르시소 로드리게즈 포 허 EDT (30ml/50ml),https://www.oliveyoung.co.kr/store/goods/getGoodsDetail.do?goodsNo=A000000111388,https://image.oliveyoung.co.kr/cfimages/cf-goods/uploads/images/thumbnails/400/10/0000/0011/A00000011138836ko.jpg?l=ko,95000,61750,35.0,123,4.7,81,9,8,1,1,1,0,0,1,A000000111388,10000010005
2026-09-11,향수/디퓨저,64,클린,클린 헤어&바디 퍼퓸 미스트 휩드바닐라 88ml/236ml,https://www.oliveyoung.co.kr/store/goods/getGoodsDetail.do?goodsNo=A000000249631,https://image.oliveyoung.co.kr/cfimages/cf-goods/uploads/images/thumbnails/400/10/0000/0024/A00000024963102ko.jpg?l=ko,35000,28000,20.0,85,4.8,88,7,2,,2,1,0,0,1,A000000249631,10000010005
2026-09-11,향수/디퓨저,65,랑방,랑방 메리미 EDP 50ml,https://www.oliveyoung.co.kr/store/goods/getGoodsDetail.do?goodsNo=A000000000432,https://image.oliveyoung.co.kr/cfimages/cf-goods/uploads/images/thumbnails/400/10/0000/0000/A00000000043210ko.jpg?l=ko,113000,84750,25.0,466,4.8,86,11,3,,0,1,0,0,1,A000000000432,10000010005
2026-09-11,향수/디퓨저,66,토퓸,토퓸 천연 고체화장실방향제 30정 5종 택1,https://www.oliveyoung.co.kr/store/goods/getGoodsDetail.do?goodsNo=A000000147458,https://image.oliveyoung.co.kr/cfimages/cf-goods/uploads/images/thumbnails/400/10/0000/0014/A00000014745807ko.jpg?l=ko,12500,8900,28.8,2946,4.7,79,14,6,0,1,1,0,0,1,A000000147458,10000010005
2026-09-11,향수/디퓨저,67,끌로에,끌로에 노마드 EDT 30ml/50ml,https://www.oliveyoung.co.kr/store/goods/getGoodsDetail.do?goodsNo=A000000182391,https://image.oliveyoung.co.kr/cfimages/cf-goods/uploads/images/thumbnails/400/10/0000/0018/A00000018239102ko.jpg?l=ko,115000,81900,28.8,86,4.7,85,8,2,1,3,0,1,0,1,A000000182391,10000010005
2026-09-11,향수/디퓨저,68,그라펜,[1등향수]그라펜 타투 퍼퓸 50ml 6종 택1 (원우드/코튼헤이즈/레몬/니스빌/클로버/레더),https://www.oliveyoung.co.kr/store/goods/getGoodsDetail.do?goodsNo=A000000191214,https://image.oliveyoung.co.kr/cfimages/cf-goods/uploads/images/thumbnails/400/10/0000/0019/A00000019121437ko.jpg?l=ko,50000,39800,20.4,3608,4.9,90,7,2,0,1,1,0,0,1,A000000191214,10000010005
2026-09-11,향수/디퓨저,69,랑방,랑방 잔느 EDP 50ml,https://www.oliveyoung.co.kr/store/goods/getGoodsDetail.do?goodsNo=A000000000439,https://image.oliveyoung.co.kr/cfimages/cf-goods/uploads/images/thumbnails/400/10/0000/0000/A00000000043910ko.jpg?l=ko,107000,80250,25.0,638,4.8,87,11,2,0,1,1,0,0,1,A000000000439,10000010005
2026-09-11,향수/디퓨저,70,레노아,레노아 향기부스터 3종 택 1,https://www.oliveyoung.co.kr/store/goods/getGoodsDetail.do?goodsNo=A000000236357,https://image.oliveyoung.co.kr/cfimages/cf-goods/uploads/images/thumbnails/400/10/0000/0023/A00000023635784ko.jpg?l=ko,9900,8200,17.2,15557,4.9,91,6,2,0,0,1,0,0,1,A000000236357,10000010005
2026-09-11,향수/디퓨저,71,루아페,"[러블리한 플로럴향] 루아페 오,러브 EDP 30ml",https://www.oliveyoung.co.kr/store/goods/getGoodsDetail.do?goodsNo=A000000213179,https://image.oliveyoung.co.kr/cfimages/cf-goods/uploads/images/thumbnails/400/10/0000/0021/A00000021317911ko.jpg?l=ko,38000,38000,0.0,663,4.8,87,9,3,1,1,0,0,0,1,A000000213179,10000010005
2026-09-11,향수/디퓨저,72,엘리자베스아덴,엘리자베스아덴 그린티 라벤더 오데토일렛 100ml,https://www.oliveyoung.co.kr/store/goods/getGoodsDetail.do?goodsNo=A000000016581,https://image.oliveyoung.co.kr/cfimages/cf-goods/uploads/images/thumbnails/400/10/0000/0001/A00000001658102ko.jpg?l=ko,45000,23380,48.0,347,4.6,78,12,6,2,2,1,1,0,1,A000000016581,10000010005
2026-09-11,향수/디퓨저,73,어노브,어노브 오드퍼퓸 디스커버리 기획세트 2.5ml*5,https://www.oliveyoung.co.kr/store/goods/getGoodsDetail.do?goodsNo=A000000223726,https://image.oliveyoung.co.kr/cfimages/cf-goods/uploads/images/thumbnails/400/10/0000/0022/A00000022372602ko.jpg?l=ko,23000,23000,0.0,85,4.7,80,12,5,4,,0,0,0,1,A000000223726,10000010005
2026-09-11,향수/디퓨저,74,스너글,[직관템] 스너글 섬유탈취제 470ml 6종 / 두산베어스 한정기획 택 1,https://www.oliveyoung.co.kr/store/goods/getGoodsDetail.do?goodsNo=A000000218719,https://image.oliveyoung.co.kr/cfimages/cf-goods/uploads/images/thumbnails/400/10/0000/0021/A00000021871919ko.jpg?l=ko,10900,10900,0.0,17529,4.9,91,7,2,0,0,0,0,0,1,A000000218719,10000010005
2026-09-11,향수/디퓨저,75,더블유드레스룸,W.DRESSROOM 드레스퍼퓸 시즌3 80ml/160ml 7종 택1,https://www.oliveyoung.co.kr/store/goods/getGoodsDetail.do?goodsNo=A000000189285,https://image.oliveyoung.co.kr/cfimages/cf-goods/uploads/images/thumbnails/400/10/0000/0018/A00000018928510ko.jpg?l=ko,6900,5500,20.3,5898,4.7,81,12,5,1,1,1,0,0,1,A000000189285,10000010005
2026-09-11,향수/디퓨저,76,아뜰리에페이,[NEW/기획] 아뜰리에페이 퍼퓸 30ml 마이스킨벗베러,https://www.oliveyoung.co.kr/store/goods/getGoodsDetail.do?goodsNo=A000000267358,https://image.oliveyoung.co.kr/cfimages/cf-goods/uploads/images/thumbnails/400/10/0000/0026/A00000026735826ko.jpg?l=ko,41000,34200,16.6,519,4.8,85,12,1,1,1,1,1,0,1,A000000267358,10000010005
2026-09-11,향수/디퓨저,77,존바바토스,존바바토스 아티산/아티산블랙 EDT 중 택1 (단품/기획),https://www.oliveyoung.co.kr/store/goods/getGoodsDetail.do?goodsNo=A000000144484,https://image.oliveyoung.co.kr/cfimages/cf-goods/uploads/images/thumbnails/400/10/0000/0014/A00000014448445ko.jpg?l=ko,149000,69900,53.1,5334,4.8,87,10,2,0,1,1,0,0,1,A000000144484,10000010005
2026-09-11,향수/디퓨저,78,제니퍼로페즈,제니퍼로페즈 글로우 바이제이로 EDT 30ml,https://www.oliveyoung.co.kr/store/goods/getGoodsDetail.do?goodsNo=A000000104639,https://image.oliveyoung.co.kr/cfimages/cf-goods/uploads/images/thumbnails/400/10/0000/0010/A00000010463902ko.jpg?l=ko,63000,32800,47.9,1763,4.7,80,15,4,1,0,1,0,0,1,A000000104639,10000010005
2026-09-11,향수/디퓨저,79,모스키노,모스키노 토이2 EDP 30ml 야미,https://www.oliveyoung.co.kr/store/goods/getGoodsDetail.do?goodsNo=A000000265339,https://image.oliveyoung.co.kr/cfimages/cf-goods/uploads/images/thumbnails/400/10/0000/0026/A00000026533901ko.jpg?l=ko,82000,66220,19.2,0,0.0,,,,,,1,1,0,1,A000000265339,10000010005
2026-09-11,향수/디퓨저,80,랑방,랑방 레 플레르 드 랑방 워터 릴리 EDT 50ml,https://www.oliveyoung.co.kr/store/goods/getGoodsDetail.do?goodsNo=A000000183800,https://image.oliveyoung.co.kr/cfimages/cf-goods/uploads/images/thumbnails/400/10/0000/0018/A00000018380010ko.jpg?l=ko,66000,66000,0.0,1266,4.8,86,10,3,1,1,0,0,0,1,A000000183800,10000010005
2026-09-11,향수/디퓨저,81,클린,"클린 웜코튼 EDP 30ml,60ml 단품/기획 중 택 1",https://www.oliveyoung.co.kr/store/goods/getGoodsDetail.do?goodsNo=A000000129613,https://image.oliveyoung.co.kr/cfimages/cf-goods/uploads/images/thumbnails/400/10/0000/0012/A00000012961361ko.jpg?l=ko,105000,65000,38.1,2444,4.8,86,10,3,0,1,1,0,0,1,A000000129613,10000010005
2026-09-11,향수/디퓨저,82,슬로우허밍,[올영단독/헤어 퍼퓸 미니 증정] 슬로우허밍 릴리프 퍼퓸밤 9종,https://www.oliveyoung.co.kr/store/goods/getGoodsDetail.do?goodsNo=A000000204643,https://image.oliveyoung.co.kr/cfimages/cf-goods/uploads/images/thumbnails/400/10/0000/0020/A00000020464372ko.jpg?l=ko,24000,20500,14.6,2077,4.6,78,13,6,2,2,1,0,0,1,A000000204643,10000010005
2026-09-11,향수/디퓨저,83,푸푸리,푸푸리 포켓스프레이 30ml (시트러스/라벤더 바닐라/히비스커스/비치범) 4종 택1,https://www.oliveyoung.co.kr/store/goods/getGoodsDetail.do?goodsNo=A000000218156,https://image.oliveyoung.co.kr/cfimages/cf-goods/uploads/images/thumbnails/400/10/0000/0021/A00000021815611ko.jpg?l=ko,9900,9900,0.0,9849,4.8,83,13,4,0,0,0,0,0,1,A000000218156,10000010005
2026-09-11,향수/디퓨저,84,숨사이,"[NEW] 숨사이 실내 고체 탈취제 300g 2종 (편백, 얼그레이)",https://www.oliveyoung.co.kr/store/goods/getGoodsDetail.do?goodsNo=A000000265106,https://image.oliveyoung.co.kr/cfimages/cf-goods/uploads/images/thumbnails/400/10/0000/0026/A00000026510602ko.jpg?l=ko,23800,19600,17.6,138,5.0,100,,,,,1,0,0,1,A000000265106,10000010005
2026-09-11,향수/디퓨저,85,센티카,센티카 디퓨저 200ml 2ea 4종 / 리추얼 샤쉐 30g 3종 택1,https://www.oliveyoung.co.kr/store/goods/getGoodsDetail.do?goodsNo=A000000232240,https://image.oliveyoung.co.kr/cfimages/cf-goods/uploads/images/thumbnails/400/10/0000/0023/A00000023224005ko.jpg?l=ko,14800,14060,5.0,1524,4.9,95,3,1,0,0,0,1,0,1,A000000232240,10000010005
2026-09-11,향수/디퓨저,86,바스,바스 탈취제 컴팩트 140g 코튼향 외 탈취제 5종,https://www.oliveyoung.co.kr/store/goods/getGoodsDetail.do?goodsNo=B000000243747,https://image.oliveyoung.co.kr/cfimages/cf-goods/uploads/images/thumbnails/400/10/0000/0024/B00000024374705ko.jpg?l=ko,10900,10900,0.0,7,5.0,100,,,,,0,0,0,0,B000000243747,10000010005
2026-09-11,향수/디퓨저,87,메르디센트,메르디센트 오리지널 무드 퍼퓸 스프레이 리필액 300ml 3종 택1,https://www.oliveyoung.co.kr/store/goods/getGoodsDetail.do?goodsNo=A000000154587,https://image.oliveyoung.co.kr/cfimages/cf-goods/uploads/images/thumbnails/400/10/0000/0015/A00000015458711ko.png?l=ko,29000,29000,0.0,346,4.9,90,6,3,,1,0,0,0,1,A000000154587,10000010005
2026-09-11,향수/디퓨저,88,아뜰리에페이,[NEW] 아뜰리에페이 퍼퓸 30ml / 헤어퍼퓸 30ml 중 택 1,https://www.oliveyoung.co.kr/store/goods/getGoodsDetail.do?goodsNo=A000000267382,https://image.oliveyoung.co.kr/cfimages/cf-goods/uploads/images/thumbnails/400/10/0000/0026/A00000026738230ko.jpg?l=ko,39000,34000,12.8,4722,4.7,83,11,4,1,1,1,0,0,1,A000000267382,10000010005
2026-09-11,향수/디퓨저,89,사브리나카펜터,[단독기획] 사브리나카펜터 스위트 투스 EDP 30ml/75ml,https://www.oliveyoung.co.kr/store/goods/getGoodsDetail.do?goodsNo=A000000211434,https://image.oliveyoung.co.kr/cfimages/cf-goods/uploads/images/thumbnails/400/10/0000/0021/A00000021143412ko.jpg?l=ko,60000,38500,35.8,258,4.8,85,10,3,1,2,1,0,0,1,A000000211434,10000010005
2026-09-11,향수/디퓨저,90,사브리나카펜터,사브리나카펜터 스위트 투스 미 에스프레소 EDP 30ml/75ml,https://www.oliveyoung.co.kr/store/goods/getGoodsDetail.do?goodsNo=A000000235046,https://image.oliveyoung.co.kr/cfimages/cf-goods/uploads/images/thumbnails/400/10/0000/0023/A00000023504602ko.jpg?l=ko,60000,42000,30.0,54,4.8,83,13,4,,,1,0,0,1,A000000235046,10000010005
2026-09-11,향수/디퓨저,91,아리아나그란데,아리아나그란데 땡큐 넥스트 EDP 50ml,https://www.oliveyoung.co.kr/store/goods/getGoodsDetail.do?goodsNo=A000000137487,https://image.oliveyoung.co.kr/cfimages/cf-goods/uploads/images/thumbnails/400/10/0000/0013/A00000013748701ko.jpg?l=ko,95000,57800,39.2,850,4.8,88,8,3,0,0,1,0,0,1,A000000137487,10000010005
2026-09-11,향수/디퓨저,92,오브제바이쿤달,[1위고체향수] 오브제바이쿤달 솔리드 퍼퓸 밤 고체향수 5종 택 1,https://www.oliveyoung.co.kr/store/goods/getGoodsDetail.do?goodsNo=A000000258621,https://image.oliveyoung.co.kr/cfimages/cf-goods/uploads/images/thumbnails/400/10/0000/0025/A00000025862129ko.jpg?l=ko,37500,27700,26.1,599,4.9,98,1,1,0,0,1,0,0,1,A000000258621,10000010005
2026-09-11,향수/디퓨저,93,몽블랑,몽블랑 레전드 EDT 30ml,https://www.oliveyoung.co.kr/store/goods/getGoodsDetail.do?goodsNo=A000000002289,https://image.oliveyoung.co.kr/cfimages/cf-goods/uploads/images/thumbnails/400/10/0000/0000/A00000000228914ko.jpg?l=ko,76000,57000,25.0,362,4.8,84,13,2,,0,1,0,0,1,A000000002289,10000010005
2026-09-11,향수/디퓨저,94,테일러센츠,[박물관 콜라보 굿즈] 테일러센츠 X 뮷즈 센티드 오브제 370g 반가사유상,https://www.oliveyoung.co.kr/store/goods/getGoodsDetail.do?goodsNo=A000000263624,https://image.oliveyoung.co.kr/cfimages/cf-goods/uploads/images/thumbnails/400/10/0000/0026/A00000026362402ko.jpg?l=ko,65000,57000,12.3,2,3.0,50,,,,50,1,1,0,1,A000000263624,10000010005
2026-09-11,향수/디퓨저,95,포맨트,[박지훈 PICK/거울키링증정] 포맨트 시그니처 헤어 퍼퓸 코튼메모리 30ml (포켓몬 에디션),https://www.oliveyoung.co.kr/store/goods/getGoodsDetail.do?goodsNo=A000000219515,https://image.oliveyoung.co.kr/cfimages/cf-goods/uploads/images/thumbnails/400/10/0000/0021/A00000021951545ko.png?l=ko,29000,27500,5.2,1442,4.8,85,11,4,0,1,1,0,0,1,A000000219515,10000010005
2026-09-11,향수/디퓨저,96,캘빈클라인,캘빈클라인 CK 올 EDT 100ml,https://www.oliveyoung.co.kr/store/goods/getGoodsDetail.do?goodsNo=A000000187659,https://image.oliveyoung.co.kr/cfimages/cf-goods/uploads/images/thumbnails/400/10/0000/0018/A00000018765902ko.jpg?l=ko,85000,56500,33.5,856,4.8,87,10,3,0,0,0,1,0,1,A000000187659,10000010005
2026-09-11,향수/디퓨저,97,어뮤즈,[올영단독기획] 어뮤즈 헤어 퍼퓸 미스트 한정 기획 (+솔리드퍼퓸밤키링증정),https://www.oliveyoung.co.kr/store/goods/getGoodsDetail.do?goodsNo=A000000237796,https://image.oliveyoung.co.kr/cfimages/cf-goods/uploads/images/thumbnails/400/10/0000/0023/A000000237796123ko.jpg?l=ko,32000,27200,15.0,1502,4.8,89,6,3,1,1,1,0,0,1,A000000237796,10000010005
2026-09-11,향수/디퓨저,98,리베르,[금목서 향수] 리베르 오 드 퍼퓸 플라워 소사이어티 30ml,https://www.oliveyoung.co.kr/store/goods/getGoodsDetail.do?goodsNo=A000000201228,https://image.oliveyoung.co.kr/cfimages/cf-goods/uploads/images/thumbnails/400/10/0000/0020/A00000020122806ko.jpg?l=ko,59000,56000,5.1,129,4.6,78,10,7,3,2,1,0,0,1,A000000201228,10000010005
2026-09-11,향수/디퓨저,99,아리아나그란데,아리아나그란데 모드 바닐라 EDP 30ml,https://www.oliveyoung.co.kr/store/goods/getGoodsDetail.do?goodsNo=A000000191111,https://image.oliveyoung.co.kr/cfimages/cf-goods/uploads/images/thumbnails/400/10/0000/0019/A00000019111101ko.jpg?l=ko,79000,55300,30.0,129,4.7,84,11,2,2,2,1,0,0,1,A000000191111,10000010005
2026-09-11,향수/디퓨저,100,사브리나카펜터,사브리나카펜터 스위트 투스 체리베이비 EDP 30ml/60ml 중 택1,https://www.oliveyoung.co.kr/store/goods/getGoodsDetail.do?goodsNo=A000000216988,https://image.oliveyoung.co.kr/cfimages/cf-goods/uploads/images/thumbnails/400/10/0000/0021/A00000021698803ko.jpg?l=ko,85000,55300,34.9,984,4.7,82,12,4,1,1,1,0,0,1,A000000216988,10000010005
2026-09-11,헤어케어,1,어노브,[4년 연속 1위] 어노브 딥 데미지 리페어 헤어 마스크 (트리트먼트/헤어팩) 320ml 더블/듀오 기획,https://www.oliveyoung.co.kr/store/goods/getGoodsDetail.do?goodsNo=A000000171423,https://image.oliveyoung.co.kr/cfimages/cf-goods/uploads/images/thumbnails/400/10/0000/0017/A000000171423172ko.jpg?l=ko,42000,28800,31.4,93236,4.9,90,8,2,0,0,1,1,0,1,A000000171423,10000010004
2026-09-11,헤어케어,2,어노브,[파워퍼프걸 콜라보] 어노브 딥 데미지 리페어 샴푸 500ml 더블/듀오 기획,https://www.oliveyoung.co.kr/store/goods/getGoodsDetail.do?goodsNo=A000000183059,https://image.oliveyoung.co.kr/cfimages/cf-goods/uploads/images/thumbnails/400/10/0000/0018/A00000018305985ko.jpg?l=ko,34000,25800,24.1,25037,4.9,91,7,2,0,0,1,1,0,1,A000000183059,10000010004
2026-09-11,헤어케어,3,어노브,"[파워퍼프걸 콜라보] 어노브 헤어 퍼퓸 미스트 20ml 3종 택 1 (로지 아우라, 텐더블룸, 웜페탈)",https://www.oliveyoung.co.kr/store/goods/getGoodsDetail.do?goodsNo=A000000213983,https://image.oliveyoung.co.kr/cfimages/cf-goods/uploads/images/thumbnails/400/10/0000/0021/A00000021398323ko.jpg?l=ko,37000,30900,16.5,3063,4.8,89,8,2,1,0,1,1,0,1,A000000213983,10000010004
2026-09-11,헤어케어,4,보다나,[9월 올영픽/헬로키티] 보다나 이지 업 헤어스타일러 플립 (기획/단품),https://www.oliveyoung.co.kr/store/goods/getGoodsDetail.do?goodsNo=A000000263630,https://image.oliveyoung.co.kr/cfimages/cf-goods/uploads/images/thumbnails/400/10/0000/0026/A00000026363006ko.png?l=ko,85000,68500,19.4,659,4.6,76,14,7,2,2,1,1,0,1,A000000263630,10000010004
2026-09-11,헤어케어,5,어노브,[파워퍼프걸 콜라보] 어노브 실크 헤어 오일 에센스 70ml 더블 기획 (텐더블룸/웜페탈),https://www.oliveyoung.co.kr/store/goods/getGoodsDetail.do?goodsNo=A000000171422,https://image.oliveyoung.co.kr/cfimages/cf-goods/uploads/images/thumbnails/400/10/0000/0017/A00000017142281ko.jpg?l=ko,35000,27900,20.3,37375,4.8,87,10,2,0,0,1,1,0,1,A000000171422,10000010004
2026-09-11,헤어케어,6,에이페,[미나미 PICK/손상모 홈케어] 에이페 헤어 클리닉 트리트먼트 부스터,https://www.oliveyoung.co.kr/store/goods/getGoodsDetail.do?goodsNo=A000000263866,https://image.oliveyoung.co.kr/cfimages/cf-goods/uploads/images/thumbnails/400/10/0000/0026/A00000026386603ko.jpg?l=ko,199000,127300,36.0,53,5.0,98,2,,,,1,1,0,0,A000000263866,10000010004
2026-09-11,헤어케어,7,릴리이브,[대용량/브러쉬원조] 릴리이브 그로우턴 엑소좀 브러쉬 앰플기획 2종 택1,https://www.oliveyoung.co.kr/store/goods/getGoodsDetail.do?goodsNo=A000000218845,https://image.oliveyoung.co.kr/cfimages/cf-goods/uploads/images/thumbnails/400/10/0000/0021/A00000021884570ko.jpg?l=ko,34800,34800,0.0,14391,4.8,87,9,3,0,1,0,0,0,1,A000000218845,10000010004
2026-09-11,헤어케어,8,청미정,[9월 올영픽/폼폼푸린/성분천재] 청미정 다시마 샴푸 500ml 기획/단품 산리오 콜라보,https://www.oliveyoung.co.kr/store/goods/getGoodsDetail.do?goodsNo=A000000263648,https://image.oliveyoung.co.kr/cfimages/cf-goods/uploads/images/thumbnails/400/10/0000/0026/A00000026364814ko.png?l=ko,28500,23700,16.8,5708,4.8,86,9,4,1,1,1,1,0,1,A000000263648,10000010004
2026-09-11,헤어케어,9,리필드,[9월 올영픽/시나모롤] 리필드 사이토카인 씨에이디피알 스칼프 부스터 70ml+70ml 기획/단품,https://www.oliveyoung.co.kr/store/goods/getGoodsDetail.do?goodsNo=A000000263553,https://image.oliveyoung.co.kr/cfimages/cf-goods/uploads/images/thumbnails/400/10/0000/0026/A00000026355303ko.jpg?l=ko,41000,29200,28.8,7453,4.8,86,9,4,1,0,1,1,0,1,A000000263553,10000010004
2026-09-11,헤어케어,10,라보에이치,[9월 올영픽/한교동] 라보에이치 두피강화클리닉 쿨링&노세범 샴푸 750ml 기획/단품,https://www.oliveyoung.co.kr/store/goods/getGoodsDetail.do?goodsNo=A000000263618,https://image.oliveyoung.co.kr/cfimages/cf-goods/uploads/images/thumbnails/400/10/0000/0026/A00000026361819ko.jpg?l=ko,36000,24900,30.8,986,4.8,87,9,3,1,1,1,1,1,1,A000000263618,10000010004
2026-09-11,헤어케어,11,그로우어스,[9월 올영픽/마이멜로디]그로우어스 데미지 테라피 리페어 클리닉 헤어팩(트리트먼트/헤어마스크) 230g 리필 기획,https://www.oliveyoung.co.kr/store/goods/getGoodsDetail.do?goodsNo=A000000263678,https://image.oliveyoung.co.kr/cfimages/cf-goods/uploads/images/thumbnails/400/10/0000/0026/A00000026367804ko.jpg?l=ko,42000,27100,35.5,1856,4.8,86,8,4,1,1,1,1,0,1,A000000263678,10000010004
2026-09-11,헤어케어,12,미쟝센,[9월 올영픽/태닝포차코] 미쟝센 뉴 헬로버블 100G 기획/단품 (+랜덤 띠부씰 증정),https://www.oliveyoung.co.kr/store/goods/getGoodsDetail.do?goodsNo=A000000263621,https://image.oliveyoung.co.kr/cfimages/cf-goods/uploads/images/thumbnails/400/10/0000/0026/A000000263621110ko.jpg?l=ko,16000,8800,45.0,30759,4.7,80,12,6,1,1,1,1,0,1,A000000263621,10000010004
2026-09-11,헤어케어,13,어노브,[열보호] 어노브 히팅 가드 노워시 트리트먼트 147ml (극손상모 열케어 헤어팩),https://www.oliveyoung.co.kr/store/goods/getGoodsDetail.do?goodsNo=A000000154190,https://image.oliveyoung.co.kr/cfimages/cf-goods/uploads/images/thumbnails/400/10/0000/0015/A00000015419023ko.png?l=ko,18000,14900,17.2,16334,4.8,84,12,4,1,1,0,1,0,1,A000000154190,10000010004
2026-09-11,헤어케어,14,나르카,[9월 올영픽/헬로키티] 나르카 하입 핏/ 하드 픽스 헤어 마스카라 (+캡 / 폴딩 콤 / 휴대폰 방수팩) 증정 기획,https://www.oliveyoung.co.kr/store/goods/getGoodsDetail.do?goodsNo=A000000263513,https://image.oliveyoung.co.kr/cfimages/cf-goods/uploads/images/thumbnails/400/10/0000/0026/A00000026351346ko.jpg?l=ko,21800,18000,17.4,6167,4.7,80,13,5,1,1,1,1,0,1,A000000263513,10000010004
2026-09-11,헤어케어,15,로레알 프로페셔널,[올영단독] 로레알 프로페셔널 에르네뜨 퓨어 헤어 스프레이 무향 300ml/500ml (기획/단품),https://www.oliveyoung.co.kr/store/goods/getGoodsDetail.do?goodsNo=A000000227133,https://image.oliveyoung.co.kr/cfimages/cf-goods/uploads/images/thumbnails/400/10/0000/0022/A00000022713351ko.png?l=ko,18900,13410,29.0,5827,4.7,78,15,6,1,1,1,0,0,1,A000000227133,10000010004
2026-09-11,헤어케어,16,어노브,어노브 볼륨 업 컬링 에센스 147ml  (수분 컬크림),https://www.oliveyoung.co.kr/store/goods/getGoodsDetail.do?goodsNo=A000000154189,https://image.oliveyoung.co.kr/cfimages/cf-goods/uploads/images/thumbnails/400/10/0000/0015/A00000015418927ko.jpg?l=ko,16000,13900,13.1,10614,4.7,80,14,5,1,1,1,1,0,1,A000000154189,10000010004
2026-09-11,헤어케어,17,라보에이치,[4년연속1위] NEW라보에이치 두피강화샴푸 750ML+100ML[탈모증상완화],https://www.oliveyoung.co.kr/store/goods/getGoodsDetail.do?goodsNo=A000000149501,https://image.oliveyoung.co.kr/cfimages/cf-goods/uploads/images/thumbnails/400/10/0000/0014/A00000014950188ko.jpg?l=ko,36000,26400,26.7,26416,4.8,84,11,3,0,1,1,1,1,1,A000000149501,10000010004
2026-09-11,헤어케어,18,에이페,[원이PICK/단독기획] 에이페 스칼프 앰플 이엑스 150ml 기획 (+두피괄사 증정),https://www.oliveyoung.co.kr/store/goods/getGoodsDetail.do?goodsNo=A000000264299,https://image.oliveyoung.co.kr/cfimages/cf-goods/uploads/images/thumbnails/400/10/0000/0026/A00000026429904ko.jpg?l=ko,29800,27500,7.7,2798,4.9,94,4,2,0,0,1,0,0,1,A000000264299,10000010004
2026-09-11,헤어케어,19,로레알,[천만셀러 헤어팩&단백질 업그레이드] 로레알파리 토탈 리페어 5+ 데미지케어 트리트먼트 단품/기획,https://www.oliveyoung.co.kr/store/goods/getGoodsDetail.do?goodsNo=A000000107336,https://image.oliveyoung.co.kr/cfimages/cf-goods/uploads/images/thumbnails/400/10/0000/0010/A000000107336244ko.jpg?l=ko,11500,8900,22.6,34878,4.8,84,13,3,0,0,1,0,0,1,A000000107336,10000010004
2026-09-11,헤어케어,20,츠바키,[이시안 PICK] 츠바키 프리미엄 EX 리페어 마스크 180g 더블 기획 (+펌프 증정),https://www.oliveyoung.co.kr/store/goods/getGoodsDetail.do?goodsNo=A000000217567,https://image.oliveyoung.co.kr/cfimages/cf-goods/uploads/images/thumbnails/400/10/0000/0021/A00000021756723ko.jpg?l=ko,36000,22300,38.1,3395,4.9,90,7,2,0,0,1,0,0,1,A000000217567,10000010004
2026-09-11,헤어케어,21,어반트라이브,[청담템/연예인 셀프 케어템] 어반트라이브 노워시 트리트먼트 하이드레이트 리브 인 폼 200ml 단품/기획,https://www.oliveyoung.co.kr/store/goods/getGoodsDetail.do?goodsNo=A000000223976,https://image.oliveyoung.co.kr/cfimages/cf-goods/uploads/images/thumbnails/400/10/0000/0022/A00000022397631ko.jpg?l=ko,39000,36000,7.7,9093,4.9,91,7,2,0,0,1,0,0,1,A000000223976,10000010004
2026-09-11,헤어케어,22,박준뷰티랩,"[손상모케어]박준뷰티랩 LPP 단백질 트리트먼트 플러스 1,000ml (기획/단품)",https://www.oliveyoung.co.kr/store/goods/getGoodsDetail.do?goodsNo=A000000121286,https://image.oliveyoung.co.kr/cfimages/cf-goods/uploads/images/thumbnails/400/10/0000/0012/A00000012128671ko.jpg?l=ko,19800,17800,10.1,18283,4.8,84,12,3,0,0,1,0,0,1,A000000121286,10000010004
2026-09-11,헤어케어,23,미쟝센,[9월 올영픽/태닝포차코] 미쟝센 퍼펙트 오리지널 세럼 80ml 더블기획,https://www.oliveyoung.co.kr/store/goods/getGoodsDetail.do?goodsNo=A000000263623,https://image.oliveyoung.co.kr/cfimages/cf-goods/uploads/images/thumbnails/400/10/0000/0026/A00000026362393ko.jpg?l=ko,19800,17100,13.6,47306,4.8,87,10,2,0,0,1,1,0,1,A000000263623,10000010004
2026-09-11,헤어케어,24,미쟝센,[NEW/염색+새치겸용] 미쟝센 헬로크림 더블커버 120G 염색(미스틱블랙 외 5종),https://www.oliveyoung.co.kr/store/goods/getGoodsDetail.do?goodsNo=A000000225117,https://image.oliveyoung.co.kr/cfimages/cf-goods/uploads/images/thumbnails/400/10/0000/0022/A00000022511789ko.jpg?l=ko,16000,9900,38.1,10070,4.8,87,8,4,1,1,1,0,0,1,A000000225117,10000010004
2026-09-11,헤어케어,25,로레알,[NEW 암모니아 무첨가ㅣ간편한 셀프염색] 로레알파리 엑셀랑스 크림 노암모니아 (새치염색),https://www.oliveyoung.co.kr/store/goods/getGoodsDetail.do?goodsNo=A000000262979,https://image.oliveyoung.co.kr/cfimages/cf-goods/uploads/images/thumbnails/400/10/0000/0026/A00000026297903ko.jpg?l=ko,17000,11900,30.0,316,4.8,87,8,3,,2,1,1,0,1,A000000262979,10000010004
2026-09-11,헤어케어,26,로레알,[브라운새치염색] 로레알파리 엑셀랑스 듀오크림 9colors 단품/기획,https://www.oliveyoung.co.kr/store/goods/getGoodsDetail.do?goodsNo=A000000135112,https://image.oliveyoung.co.kr/cfimages/cf-goods/uploads/images/thumbnails/400/10/0000/0013/A000000135112153ko.jpg?l=ko,18000,12900,28.3,20769,4.7,81,14,4,1,1,1,1,0,1,A000000135112,10000010004
2026-09-11,헤어케어,27,라보에이치,[올영단독/대용량] 라보에이치 두피강화샴푸 탈모증상완화 750ML 리필 기획(+600ML 리필),https://www.oliveyoung.co.kr/store/goods/getGoodsDetail.do?goodsNo=A000000197901,https://image.oliveyoung.co.kr/cfimages/cf-goods/uploads/images/thumbnails/400/10/0000/0019/A00000019790113ko.jpg?l=ko,57900,39800,31.3,35324,4.8,86,10,2,0,0,1,0,1,1,A000000197901,10000010004
2026-09-11,헤어케어,28,이지엔,[단독선론칭] 이지엔 푸딩 헤어컬러 12종,https://www.oliveyoung.co.kr/store/goods/getGoodsDetail.do?goodsNo=A000000262845,https://image.oliveyoung.co.kr/cfimages/cf-goods/uploads/images/thumbnails/400/10/0000/0026/A00000026284502ko.png?l=ko,16000,8800,45.0,436,4.7,83,10,6,1,1,1,0,0,1,A000000262845,10000010004
2026-09-11,헤어케어,29,청미정,[9월 올영픽/폼폼푸린/모발탄력] 청미정 흑곡 샴푸 500ml 기획/단품 산리오 콜라보,https://www.oliveyoung.co.kr/store/goods/getGoodsDetail.do?goodsNo=A000000263652,https://image.oliveyoung.co.kr/cfimages/cf-goods/uploads/images/thumbnails/400/10/0000/0026/A00000026365211ko.png?l=ko,31500,26200,16.8,1781,4.7,80,12,5,2,2,1,1,0,1,A000000263652,10000010004
2026-09-11,헤어케어,30,미쟝센,[에스파Pick]미쟝센 뉴 헬로버블 염색,https://www.oliveyoung.co.kr/store/goods/getGoodsDetail.do?goodsNo=A000000206769,https://image.oliveyoung.co.kr/cfimages/cf-goods/uploads/images/thumbnails/400/10/0000/0020/A000000206769113ko.jpg?l=ko,16000,8800,45.0,46594,4.7,79,13,6,1,1,1,1,0,1,A000000206769,10000010004
2026-09-11,헤어케어,31,로레알,[한소희 PICK 머스크향&열보호] 로레알파리 헤어오일 에센스 100ml 단품/기획,https://www.oliveyoung.co.kr/store/goods/getGoodsDetail.do?goodsNo=A000000140183,https://image.oliveyoung.co.kr/cfimages/cf-goods/uploads/images/thumbnails/400/10/0000/0014/A000000140183250ko.jpg?l=ko,23500,15900,32.3,35882,4.8,82,13,4,0,1,1,1,0,1,A000000140183,10000010004
2026-09-11,헤어케어,32,바이오가,[대용량] 바이오가 바이오틴 손상모발개선 탈모완화 샴푸 돌콩배아 1000ml,https://www.oliveyoung.co.kr/store/goods/getGoodsDetail.do?goodsNo=A000000201277,https://image.oliveyoung.co.kr/cfimages/cf-goods/uploads/images/thumbnails/400/10/0000/0020/A00000020127762ko.png?l=ko,27500,24750,10.0,8578,4.8,89,8,2,0,1,1,0,0,1,A000000201277,10000010004
2026-09-11,헤어케어,33,클로란,[두피 안티에이징 앰플] 클로란 퀴닌 두피 세럼 100ml 2입 기획 (NEW),https://www.oliveyoung.co.kr/store/goods/getGoodsDetail.do?goodsNo=A000000225306,https://image.oliveyoung.co.kr/cfimages/cf-goods/uploads/images/thumbnails/400/10/0000/0022/A00000022530613ko.jpg?l=ko,57000,42000,26.3,3419,4.8,82,13,4,0,0,1,0,0,1,A000000225306,10000010004
2026-09-11,헤어케어,34,팬틴,[더블+증정기획] 팬틴 트리트먼트 220ml더블기획&미니샴푸증정 극손상케어/실키스무드케어 택 1,https://www.oliveyoung.co.kr/store/goods/getGoodsDetail.do?goodsNo=A000000228197,https://image.oliveyoung.co.kr/cfimages/cf-goods/uploads/images/thumbnails/400/10/0000/0022/A00000022819752ko.jpg?l=ko,18700,11220,40.0,17317,4.9,90,8,2,0,0,1,0,0,1,A000000228197,10000010004
2026-09-11,헤어케어,35,제니하우스,[올영단독/시카염색] 제니하우스 프리미엄 헤어컬러 1+1 기획 6 Colors,https://www.oliveyoung.co.kr/store/goods/getGoodsDetail.do?goodsNo=A000000192643,https://image.oliveyoung.co.kr/cfimages/cf-goods/uploads/images/thumbnails/400/10/0000/0019/A00000019264332ko.jpg?l=ko,16000,12500,21.9,11819,4.7,80,12,6,1,1,1,0,0,1,A000000192643,10000010004
2026-09-11,헤어케어,36,려,[올영1위] 려 루트젠 탈모증상케어 두피에센스 80ML 더블기획(+20ML증정),https://www.oliveyoung.co.kr/store/goods/getGoodsDetail.do?goodsNo=A000000197603,https://image.oliveyoung.co.kr/cfimages/cf-goods/uploads/images/thumbnails/400/10/0000/0019/A000000197603101ko.jpg?l=ko,39800,23900,39.9,12487,4.8,85,11,3,0,1,1,0,0,1,A000000197603,10000010004
2026-09-11,헤어케어,37,아도르,[단독기획/미니증정] 아도르 퍼퓸 헤어 오일 80ml 기획 5종 택1,https://www.oliveyoung.co.kr/store/goods/getGoodsDetail.do?goodsNo=A000000182947,https://image.oliveyoung.co.kr/cfimages/cf-goods/uploads/images/thumbnails/400/10/0000/0018/A00000018294738ko.jpg?l=ko,32000,27200,15.0,13952,4.9,95,3,1,0,0,1,0,0,1,A000000182947,10000010004
2026-09-11,헤어케어,38,힐링버드,[1+1/청담샵아이돌템] 힐링버드 히알루론 밀크 헤어에센스 150ml 기획 (단품/리필기획),https://www.oliveyoung.co.kr/store/goods/getGoodsDetail.do?goodsNo=A000000230109,https://image.oliveyoung.co.kr/cfimages/cf-goods/uploads/images/thumbnails/400/10/0000/0023/A00000023010939ko.jpg?l=ko,22000,16900,23.2,7503,4.8,88,9,3,0,0,1,0,0,1,A000000230109,10000010004
2026-09-11,헤어케어,39,헤드앤숄더,[더블기획] 헤드앤숄더 샴푸 520ml 2입 기획 4종 택 1,https://www.oliveyoung.co.kr/store/goods/getGoodsDetail.do?goodsNo=A000000223765,https://image.oliveyoung.co.kr/cfimages/cf-goods/uploads/images/thumbnails/400/10/0000/0022/A00000022376519ko.jpg?l=ko,20900,12500,40.2,9808,4.9,90,7,2,0,0,1,0,0,1,A000000223765,10000010004
2026-09-11,헤어케어,40,라보에이치,[증정기획]라보에이치 비타민&단백질 캡슐 트리트먼트200ML*2+50ML증정,https://www.oliveyoung.co.kr/store/goods/getGoodsDetail.do?goodsNo=A000000189265,https://image.oliveyoung.co.kr/cfimages/cf-goods/uploads/images/thumbnails/400/10/0000/0018/A00000018926567ko.jpg?l=ko,28000,16400,41.4,15345,4.8,85,11,3,0,0,1,1,1,1,A000000189265,10000010004
2026-09-11,헤어케어,41,모로칸오일,[대용량] 모로칸오일 헤어 트리트먼트 오리지널 100ml (펌프포함),https://www.oliveyoung.co.kr/store/goods/getGoodsDetail.do?goodsNo=A000000198526,https://image.oliveyoung.co.kr/cfimages/cf-goods/uploads/images/thumbnails/400/10/0000/0019/A00000019852634ko.jpg?l=ko,67000,60300,10.0,1896,4.9,93,5,2,0,0,0,1,0,1,A000000198526,10000010004
2026-09-11,헤어케어,42,라보에이치,[잔머리폭발] 라보에이치 헤어라인앰플 더블기획(+샴푸50ML),https://www.oliveyoung.co.kr/store/goods/getGoodsDetail.do?goodsNo=A000000202414,https://image.oliveyoung.co.kr/cfimages/cf-goods/uploads/images/thumbnails/400/10/0000/0020/A00000020241474ko.jpg?l=ko,42000,26400,37.1,7261,4.8,84,11,4,1,0,0,1,1,1,A000000202414,10000010004
2026-09-11,헤어케어,43,어노브,[단독기획] 어노브 워터 에센스 헤어미스트 200ml+30ml 증정 기획 (뿌리는 에센스),https://www.oliveyoung.co.kr/store/goods/getGoodsDetail.do?goodsNo=A000000188767,https://image.oliveyoung.co.kr/cfimages/cf-goods/uploads/images/thumbnails/400/10/0000/0018/A00000018876730ko.png?l=ko,20000,14900,25.5,10260,4.8,84,11,4,1,1,0,1,0,1,A000000188767,10000010004
2026-09-11,헤어케어,44,미쟝센,[열보호] 미쟝센 컬링에센스 2X 230ML(볼륨컬/내추럴컬 ),https://www.oliveyoung.co.kr/store/goods/getGoodsDetail.do?goodsNo=A000000168640,https://image.oliveyoung.co.kr/cfimages/cf-goods/uploads/images/thumbnails/400/10/0000/0016/A00000016864012ko.jpg?l=ko,15000,8900,40.7,32216,4.7,78,16,5,1,0,1,0,0,1,A000000168640,10000010004
2026-09-11,헤어케어,45,에뛰드,[3년 연속 어워즈 수상]  에뛰드 팡팡 헤어 섀도우 (NEW 새치 커버 헤어카라 틴트 기획/단품)  3 Colors,https://www.oliveyoung.co.kr/store/goods/getGoodsDetail.do?goodsNo=A000000173807,https://image.oliveyoung.co.kr/cfimages/cf-goods/uploads/images/thumbnails/400/10/0000/0017/A00000017380777ko.png?l=ko,16000,12800,20.0,9867,4.8,84,12,3,0,0,1,0,0,1,A000000173807,10000010004
2026-09-11,헤어케어,46,포뷰트,포뷰트 텍스처 쉐이크 스프레이 100ml (단품/기획),https://www.oliveyoung.co.kr/store/goods/getGoodsDetail.do?goodsNo=A000000232462,https://image.oliveyoung.co.kr/cfimages/cf-goods/uploads/images/thumbnails/400/10/0000/0023/A00000023246213ko.jpg?l=ko,24000,19200,20.0,414,4.6,81,8,5,1,5,1,0,0,1,A000000232462,10000010004
2026-09-11,헤어케어,47,프롬랩스,[한정기획] 프롬랩스 단백질 흡착 트리트먼트 200ml 더블기획 (1회 만에 손상모 개선),https://www.oliveyoung.co.kr/store/goods/getGoodsDetail.do?goodsNo=A000000239676,https://image.oliveyoung.co.kr/cfimages/cf-goods/uploads/images/thumbnails/400/10/0000/0023/A00000023967626ko.png?l=ko,37500,29500,21.3,3157,4.9,91,6,2,0,1,1,0,0,1,A000000239676,10000010004
2026-09-11,헤어케어,48,보다나,보다나 글램웨이브 봉고데기 프리볼트 36mm 6종 택1,https://www.oliveyoung.co.kr/store/goods/getGoodsDetail.do?goodsNo=A000000156203,https://image.oliveyoung.co.kr/cfimages/cf-goods/uploads/images/thumbnails/400/10/0000/0015/A00000015620343ko.png?l=ko,92900,92900,0.0,7027,4.8,85,13,2,0,0,0,0,0,1,A000000156203,10000010004
2026-09-11,헤어케어,49,보다나,보다나 글램웨이브 봉고데기 40mm 파우더퍼플/파우더핑크 2종 택1,https://www.oliveyoung.co.kr/store/goods/getGoodsDetail.do?goodsNo=A000000209522,https://image.oliveyoung.co.kr/cfimages/cf-goods/uploads/images/thumbnails/400/10/0000/0020/A00000020952214ko.png?l=ko,94900,94900,0.0,1068,4.9,91,6,2,0,0,0,0,0,1,A000000209522,10000010004
2026-09-11,헤어케어,50,바이오가,[모발탄력 개선] 바이오가 글라이신 우유단백질 트리트먼트 1000ml 대용량,https://www.oliveyoung.co.kr/store/goods/getGoodsDetail.do?goodsNo=A000000209375,https://image.oliveyoung.co.kr/cfimages/cf-goods/uploads/images/thumbnails/400/10/0000/0020/A00000020937535ko.png?l=ko,29500,26550,10.0,2918,4.8,87,9,3,0,1,1,0,0,1,A000000209375,10000010004
2026-09-11,헤어케어,51,유닉스,[9월 올영픽/시나모롤] 유닉스 테이크아웃 무선고데기 플랫 기획/단품,https://www.oliveyoung.co.kr/store/goods/getGoodsDetail.do?goodsNo=A000000263745,https://image.oliveyoung.co.kr/cfimages/cf-goods/uploads/images/thumbnails/400/10/0000/0026/A00000026374505ko.jpg?l=ko,40000,33990,15.0,614,4.4,69,16,7,3,4,1,1,0,1,A000000263745,10000010004
2026-09-11,헤어케어,52,나르카,[잔머리 스타일링] 나르카 헤어 마스카라 (하입 핏/하드 픽스),https://www.oliveyoung.co.kr/store/goods/getGoodsDetail.do?goodsNo=A000000204497,https://image.oliveyoung.co.kr/cfimages/cf-goods/uploads/images/thumbnails/400/10/0000/0020/A000000204497101ko.jpg?l=ko,21800,18000,17.4,8999,4.7,80,14,5,1,1,1,1,0,1,A000000204497,10000010004
2026-09-11,헤어케어,53,어노브,어노브 딥 데미지 리페어 샴푸 500ml 2종 택1 (단백질 앰플 샴푸),https://www.oliveyoung.co.kr/store/goods/getGoodsDetail.do?goodsNo=A000000180872,https://image.oliveyoung.co.kr/cfimages/cf-goods/uploads/images/thumbnails/400/10/0000/0018/A00000018087229ko.png?l=ko,18000,13900,22.8,7695,4.8,87,9,3,1,1,1,1,0,1,A000000180872,10000010004
2026-09-11,헤어케어,54,라보에이치,[9월 올영픽/한교동] 라보에이치 두피강화클리닉 앰플토닉 100ml 기획/단품,https://www.oliveyoung.co.kr/store/goods/getGoodsDetail.do?goodsNo=A000000263620,https://image.oliveyoung.co.kr/cfimages/cf-goods/uploads/images/thumbnails/400/10/0000/0026/A00000026362019ko.jpg?l=ko,42000,24900,40.7,5021,4.8,83,12,4,0,1,1,1,1,1,A000000263620,10000010004
2026-09-11,헤어케어,55,커리쉴,[열보호] 커리쉴 실키 오일 세럼 70ml 단품 / 기획,https://www.oliveyoung.co.kr/store/goods/getGoodsDetail.do?goodsNo=A000000236968,https://image.oliveyoung.co.kr/cfimages/cf-goods/uploads/images/thumbnails/400/10/0000/0023/A00000023696812ko.jpg?l=ko,25000,25000,0.0,5648,4.9,92,6,2,0,0,0,0,0,1,A000000236968,10000010004
2026-09-11,헤어케어,56,닥터포헤어,[볼륨탈모샴푸] 닥터포헤어 폴리젠 씨크닝 샴푸 750ml 기획 (+100ml*2ea),https://www.oliveyoung.co.kr/store/goods/getGoodsDetail.do?goodsNo=A000000186037,https://image.oliveyoung.co.kr/cfimages/cf-goods/uploads/images/thumbnails/400/10/0000/0018/A00000018603793ko.jpg?l=ko,40000,40000,0.0,21720,4.8,84,12,3,0,1,0,0,0,1,A000000186037,10000010004
2026-09-11,헤어케어,57,닥터포헤어,[탈모볼륨샴푸] 닥터포헤어 폴리젠 씨크닝 샴푸 400ml 기획 (+100ml),https://www.oliveyoung.co.kr/store/goods/getGoodsDetail.do?goodsNo=A000000116991,https://image.oliveyoung.co.kr/cfimages/cf-goods/uploads/images/thumbnails/400/10/0000/0011/A00000011699188ko.jpg?l=ko,27000,18900,30.0,15062,4.7,80,15,4,1,1,1,0,0,1,A000000116991,10000010004
2026-09-11,헤어케어,58,미쟝센,[대용량] 미쟝센 살롱10 펩타이드 리페어 단백질 트리트먼트(극손상 에센스팩) 990ml,https://www.oliveyoung.co.kr/store/goods/getGoodsDetail.do?goodsNo=A000000254191,https://image.oliveyoung.co.kr/cfimages/cf-goods/uploads/images/thumbnails/400/10/0000/0025/A00000025419154ko.jpg?l=ko,22900,18900,17.5,1063,4.9,93,5,1,0,0,1,0,0,1,A000000254191,10000010004
2026-09-11,헤어케어,59,피노,[본품+대용량 리필/한정] 피노 프리미엄 터치 헤어 마스크 230g+700g 리필 기획,https://www.oliveyoung.co.kr/store/goods/getGoodsDetail.do?goodsNo=A000000223198,https://image.oliveyoung.co.kr/cfimages/cf-goods/uploads/images/thumbnails/400/10/0000/0022/A00000022319808ko.jpg?l=ko,48000,33600,30.0,135,4.9,92,7,1,,,1,0,0,1,A000000223198,10000010004
2026-09-11,헤어케어,60,어노브,[단독기획] 어노브 노워시 워터 앰플 트리트먼트 200ml+50ml증정 기획 (뿌리는 헤어팩),https://www.oliveyoung.co.kr/store/goods/getGoodsDetail.do?goodsNo=A000000171425,https://image.oliveyoung.co.kr/cfimages/cf-goods/uploads/images/thumbnails/400/10/0000/0017/A00000017142527ko.png?l=ko,25000,19900,20.4,8489,4.8,84,10,4,1,1,1,1,0,1,A000000171425,10000010004
2026-09-11,헤어케어,61,이브로쉐,[기획] 이브로쉐 헤어식초 400mlX2입 기획 2종 택 1 (알개 / 라즈베리),https://www.oliveyoung.co.kr/store/goods/getGoodsDetail.do?goodsNo=A000000206019,https://image.oliveyoung.co.kr/cfimages/cf-goods/uploads/images/thumbnails/400/10/0000/0020/A00000020601925ko.jpg?l=ko,39800,19900,50.0,17102,4.8,86,11,2,0,0,1,1,0,1,A000000206019,10000010004
2026-09-11,헤어케어,62,다슈,[헤어팡팡이/워터프루프] 다슈 데일리 이지 커버 헤어쿠션 16g (내추럴블랙/내추럴브라운),https://www.oliveyoung.co.kr/store/goods/getGoodsDetail.do?goodsNo=A000000102306,https://image.oliveyoung.co.kr/cfimages/cf-goods/uploads/images/thumbnails/400/10/0000/0010/A00000010230610ko.jpg?l=ko,18000,18000,0.0,777,4.6,72,18,7,1,2,0,0,0,1,A000000102306,10000010004
2026-09-11,헤어케어,63,미쟝센,미쟝센 올뉴 쉽고빠른 거품염색(새치염색),https://www.oliveyoung.co.kr/store/goods/getGoodsDetail.do?goodsNo=A000000202416,https://image.oliveyoung.co.kr/cfimages/cf-goods/uploads/images/thumbnails/400/10/0000/0020/A00000020241602ko.jpg?l=ko,17000,11900,30.0,30897,4.8,83,13,4,0,0,1,0,0,1,A000000202416,10000010004
2026-09-11,헤어케어,64,모레모,[챠미키티 에디션][손상케어] 모레모 미라클 2X 트리트먼트 475ml 기획,https://www.oliveyoung.co.kr/store/goods/getGoodsDetail.do?goodsNo=A000000223264,https://image.oliveyoung.co.kr/cfimages/cf-goods/uploads/images/thumbnails/400/10/0000/0022/A00000022326429ko.jpg?l=ko,39000,24900,36.2,3198,4.8,86,9,3,1,1,1,0,0,1,A000000223264,10000010004
2026-09-11,헤어케어,65,로레알,[한소희 PICKㅣ열보호 헤어밀크] 로레알파리 오일 헤어 밀크에센스 90ml 단품/기획(+미니 한정구성),https://www.oliveyoung.co.kr/store/goods/getGoodsDetail.do?goodsNo=A000000255774,https://image.oliveyoung.co.kr/cfimages/cf-goods/uploads/images/thumbnails/400/10/0000/0025/A00000025577426ko.jpg?l=ko,20000,14900,25.5,1033,4.8,86,10,3,0,1,1,1,0,1,A000000255774,10000010004
2026-09-11,헤어케어,66,달리프,[with 엄지윤/1위픽서] 달리프 글램 스타일링 픽서 기획세트 (+픽서30ml),https://www.oliveyoung.co.kr/store/goods/getGoodsDetail.do?goodsNo=A000000138447,https://image.oliveyoung.co.kr/cfimages/cf-goods/uploads/images/thumbnails/400/10/0000/0013/A00000013844746ko.jpg?l=ko,16000,12800,20.0,6938,4.5,66,20,10,2,2,1,0,0,1,A000000138447,10000010004
2026-09-11,헤어케어,67,필리밀리,필리밀리 열판 롤 브러시 3종 택 1 (40mm/50mm/65mm),https://www.oliveyoung.co.kr/store/goods/getGoodsDetail.do?goodsNo=A000000182618,https://image.oliveyoung.co.kr/cfimages/cf-goods/uploads/images/thumbnails/400/10/0000/0018/A00000018261802ko.jpg?l=ko,12000,12000,0.0,14018,4.8,84,12,4,0,0,0,0,0,1,A000000182618,10000010004
2026-09-11,헤어케어,68,츠바키,[대용량 한정기획] 츠바키 프리미엄 모이스트 & 리페어 샴푸 1L,https://www.oliveyoung.co.kr/store/goods/getGoodsDetail.do?goodsNo=A000000255947,https://image.oliveyoung.co.kr/cfimages/cf-goods/uploads/images/thumbnails/400/10/0000/0025/A00000025594703ko.jpg?l=ko,28000,21800,22.1,1446,4.8,87,9,3,1,0,1,0,0,1,A000000255947,10000010004
2026-09-11,헤어케어,69,그래비티,[카이스트특허기술] 그래비티 헤어리프팅 샴푸 엑스트라 스트롱 475ml 기획(+50ml증정),https://www.oliveyoung.co.kr/store/goods/getGoodsDetail.do?goodsNo=A000000217893,https://image.oliveyoung.co.kr/cfimages/cf-goods/uploads/images/thumbnails/400/10/0000/0021/A00000021789323ko.jpg?l=ko,38000,34960,8.0,2950,4.8,84,11,3,0,1,1,0,0,1,A000000217893,10000010004
2026-09-11,헤어케어,70,박준뷰티랩,[모발탄력]박준뷰티랩 LPP 단백질 샴푸 플러스 1000ml 데미지 리페어 손상모 딥클렌징 미용실용,https://www.oliveyoung.co.kr/store/goods/getGoodsDetail.do?goodsNo=A000000149734,https://image.oliveyoung.co.kr/cfimages/cf-goods/uploads/images/thumbnails/400/10/0000/0014/A00000014973445ko.png?l=ko,19800,17800,10.1,4748,4.8,83,11,4,1,1,1,0,0,1,A000000149734,10000010004
2026-09-11,헤어케어,71,리필드,[9월 올영픽/시나모롤] 리필드 사이토카인 씨에이디피알 스칼프 쿨링 부스터 70ml+70ml 기획/단품,https://www.oliveyoung.co.kr/store/goods/getGoodsDetail.do?goodsNo=A000000263573,https://image.oliveyoung.co.kr/cfimages/cf-goods/uploads/images/thumbnails/400/10/0000/0026/A00000026357303ko.jpg?l=ko,41000,29900,27.1,170,4.8,88,5,4,2,2,1,1,0,1,A000000263573,10000010004
2026-09-11,헤어케어,72,아로마티카,[두피쿨링/탈모증상완화] 아로마티카 티트리 퓨리파잉 토닉 100ml (단품/더블기획),https://www.oliveyoung.co.kr/store/goods/getGoodsDetail.do?goodsNo=A000000189143,https://image.oliveyoung.co.kr/cfimages/cf-goods/uploads/images/thumbnails/400/10/0000/0018/A00000018914326ko.jpg?l=ko,20000,20000,0.0,8652,4.8,85,11,3,0,1,0,0,0,1,A000000189143,10000010004
2026-09-11,헤어케어,73,미쟝센,[한정기획]미쟝센 살롱10 펩타이드리페어 헤어마스크(트리트먼트) 300ML*2+30ML*2 증정기획,https://www.oliveyoung.co.kr/store/goods/getGoodsDetail.do?goodsNo=A000000254186,https://image.oliveyoung.co.kr/cfimages/cf-goods/uploads/images/thumbnails/400/10/0000/0025/A00000025418650ko.jpg?l=ko,33000,25800,21.8,1310,4.9,92,6,2,0,1,1,0,0,1,A000000254186,10000010004
2026-09-11,헤어케어,74,아로마티카,[단독기획/탈모증상완화] 아로마티카 로즈마리 스칼프 스케일링 샴푸 400ml (단품/더블기획/리필),https://www.oliveyoung.co.kr/store/goods/getGoodsDetail.do?goodsNo=A000000222695,https://image.oliveyoung.co.kr/cfimages/cf-goods/uploads/images/thumbnails/400/10/0000/0022/A00000022269533ko.jpg?l=ko,39800,27900,29.9,6717,4.8,86,10,3,1,1,1,0,0,1,A000000222695,10000010004
2026-09-11,헤어케어,75,유닉스,유닉스 매직플랫 프리볼트 고데기 UCI-A2800,https://www.oliveyoung.co.kr/store/goods/getGoodsDetail.do?goodsNo=A000000246749,https://image.oliveyoung.co.kr/cfimages/cf-goods/uploads/images/thumbnails/400/10/0000/0024/A00000024674905ko.jpg?l=ko,43000,38700,10.0,195,4.8,88,9,3,,1,1,0,0,1,A000000246749,10000010004
2026-09-11,헤어케어,76,박준뷰티랩,[열보호]박준뷰티랩 LPP 단백질 노워시 트리트먼트 200ml+80ml (기획/단품) 영양공급 헤어팩,https://www.oliveyoung.co.kr/store/goods/getGoodsDetail.do?goodsNo=A000000172064,https://image.oliveyoung.co.kr/cfimages/cf-goods/uploads/images/thumbnails/400/10/0000/0017/A00000017206425ko.png?l=ko,22000,16800,23.6,6439,4.9,89,8,3,0,0,1,0,0,1,A000000172064,10000010004
2026-09-11,헤어케어,77,라보에이치,[청량감MAX] 라보에이치 쿨링&노세범샴푸 750ML 기획(+샴푸100ML),https://www.oliveyoung.co.kr/store/goods/getGoodsDetail.do?goodsNo=A000000204247,https://image.oliveyoung.co.kr/cfimages/cf-goods/uploads/images/thumbnails/400/10/0000/0020/A00000020424746ko.jpg?l=ko,36000,24900,30.8,6837,4.7,82,11,4,1,1,1,1,1,1,A000000204247,10000010004
2026-09-11,헤어케어,78,이브로쉐,이브로쉐 라즈베리 샤인 헤어식초 400+400ml (+50ml 증정),https://www.oliveyoung.co.kr/store/goods/getGoodsDetail.do?goodsNo=A000000204540,https://image.oliveyoung.co.kr/cfimages/cf-goods/uploads/images/thumbnails/400/10/0000/0020/A00000020454003ko.jpg?l=ko,39800,19900,50.0,3101,4.8,88,10,1,1,0,1,1,0,1,A000000204540,10000010004
2026-09-11,헤어케어,79,다슈,[드라이볼륨 필수템] 다슈 클래식 스타일 그루밍 토닉 펌프 200ml 기획 (+100ml),https://www.oliveyoung.co.kr/store/goods/getGoodsDetail.do?goodsNo=A000000161438,https://image.oliveyoung.co.kr/cfimages/cf-goods/uploads/images/thumbnails/400/10/0000/0016/A00000016143830ko.jpg?l=ko,18000,18000,0.0,4570,4.8,88,9,2,0,0,0,0,0,1,A000000161438,10000010004
2026-09-11,헤어케어,80,릴리이브,[쏘팔메토/하하 PICK] 릴리이브 그로우턴 엑소좀 브러쉬 앰플 블랙 100ml,https://www.oliveyoung.co.kr/store/goods/getGoodsDetail.do?goodsNo=A000000261364,https://image.oliveyoung.co.kr/cfimages/cf-goods/uploads/images/thumbnails/400/10/0000/0026/A00000026136410ko.png?l=ko,32000,30800,3.7,11,4.9,91,9,,,,1,0,0,1,A000000261364,10000010004
2026-09-11,헤어케어,81,보다나,보다나 소프트바 판고데기 6종 택 1,https://www.oliveyoung.co.kr/store/goods/getGoodsDetail.do?goodsNo=A000000128051,https://image.oliveyoung.co.kr/cfimages/cf-goods/uploads/images/thumbnails/400/10/0000/0012/A00000012805146ko.png?l=ko,85000,85000,0.0,2864,4.8,83,13,3,0,0,0,0,0,1,A000000128051,10000010004
2026-09-11,헤어케어,82,하아르,[올영단독/증량기획] 하아르 닥터란 탈모증상완화 샴푸 500ML 단품 / 기획,https://www.oliveyoung.co.kr/store/goods/getGoodsDetail.do?goodsNo=A000000208492,https://image.oliveyoung.co.kr/cfimages/cf-goods/uploads/images/thumbnails/400/10/0000/0020/A00000020849215ko.jpg?l=ko,32000,30900,3.4,2248,4.8,84,10,4,1,1,1,0,0,1,A000000208492,10000010004
2026-09-11,헤어케어,83,루블리스,[TWS 이미지카드 증정]  루블리스 익스트림 어드밴스드 에센셜 헤어팩 250ml 단품/기획,https://www.oliveyoung.co.kr/store/goods/getGoodsDetail.do?goodsNo=A000000264186,https://image.oliveyoung.co.kr/cfimages/cf-goods/uploads/images/thumbnails/400/10/0000/0026/A00000026418608ko.jpg?l=ko,42000,26000,38.1,201,5.0,100,0,,,,1,1,0,1,A000000264186,10000010004
2026-09-11,헤어케어,84,나르카,[반곱슬탈출] 나르카 스트레이트 슬릭 헤어 밀크 (+미니 밀크 /고데기 브러쉬 증정) (단품/기획),https://www.oliveyoung.co.kr/store/goods/getGoodsDetail.do?goodsNo=A000000207738,https://image.oliveyoung.co.kr/cfimages/cf-goods/uploads/images/thumbnails/400/10/0000/0020/A00000020773869ko.png?l=ko,24000,22800,5.0,3558,4.8,84,10,4,1,1,1,0,0,1,A000000207738,10000010004
2026-09-11,헤어케어,85,라보에이치,[9월 올영픽/한교동] 라보에이치 두피강화클리닉 쿨링&노세범 워터스케일러 250ml 기획/단품,https://www.oliveyoung.co.kr/store/goods/getGoodsDetail.do?goodsNo=A000000263619,https://image.oliveyoung.co.kr/cfimages/cf-goods/uploads/images/thumbnails/400/10/0000/0026/A00000026361912ko.jpg?l=ko,22000,15200,30.9,141,4.9,91,6,2,,,1,1,1,1,A000000263619,10000010004
2026-09-11,헤어케어,86,미쟝센,[9월 올영픽/태닝포차코] 미쟝센 컬링에센스 230ml 2입 기획 2종 택1 (볼륨컬/내추럴컬),https://www.oliveyoung.co.kr/store/goods/getGoodsDetail.do?goodsNo=A000000263622,https://image.oliveyoung.co.kr/cfimages/cf-goods/uploads/images/thumbnails/400/10/0000/0026/A00000026362216ko.jpg?l=ko,30000,16300,45.7,16255,4.8,83,13,4,0,0,1,1,0,1,A000000263622,10000010004
2026-09-11,헤어케어,87,케라스타즈,[리바이탈라이징] 케라스타즈 크로놀로지스트 퍼퓸 헤어 오일 75ml,https://www.oliveyoung.co.kr/store/goods/getGoodsDetail.do?goodsNo=A000000225029,https://image.oliveyoung.co.kr/cfimages/cf-goods/uploads/images/thumbnails/400/10/0000/0022/A00000022502910ko.jpg?l=ko,106000,106000,0.0,65,4.5,80,5,8,2,6,0,0,0,1,A000000225029,10000010004
2026-09-11,헤어케어,88,모레모 케라틴,[대용량] 모레모 케라틴 손상 적은 헤어 컬러 대용량 4종 택1,https://www.oliveyoung.co.kr/store/goods/getGoodsDetail.do?goodsNo=A000000187013,https://image.oliveyoung.co.kr/cfimages/cf-goods/uploads/images/thumbnails/400/10/0000/0018/A00000018701304ko.jpg?l=ko,24500,11900,51.4,8334,4.7,78,14,6,1,1,1,0,0,1,A000000187013,10000010004
2026-09-11,헤어케어,89,바이브랩,[한정기획]바이브랩 스칼프 스피옥실 리액트샷 400 15ml 기획/단품,https://www.oliveyoung.co.kr/store/goods/getGoodsDetail.do?goodsNo=A000000231443,https://image.oliveyoung.co.kr/cfimages/cf-goods/uploads/images/thumbnails/400/10/0000/0023/A00000023144323ko.jpg?l=ko,40000,33900,15.2,1967,4.9,91,5,4,0,0,1,0,0,1,A000000231443,10000010004
2026-09-11,헤어케어,90,어노브,어노브 실크 헤어 오일 에센스 70ml (텐더블룸/웜페탈),https://www.oliveyoung.co.kr/store/goods/getGoodsDetail.do?goodsNo=A000000154188,https://image.oliveyoung.co.kr/cfimages/cf-goods/uploads/images/thumbnails/400/10/0000/0015/A00000015418834ko.png?l=ko,19000,15900,16.3,37377,4.8,87,10,2,0,0,1,1,0,1,A000000154188,10000010004
2026-09-11,헤어케어,91,헤드앤숄더,[더블+증정기획]헤드앤숄더 프로페셔널 샴푸 300ml 더블&증정(80mL)기획 2종 택 1,https://www.oliveyoung.co.kr/store/goods/getGoodsDetail.do?goodsNo=A000000228439,https://image.oliveyoung.co.kr/cfimages/cf-goods/uploads/images/thumbnails/400/10/0000/0022/A00000022843950ko.jpg?l=ko,32400,27900,13.9,2941,4.9,91,7,1,0,0,1,0,0,1,A000000228439,10000010004
2026-09-11,헤어케어,92,바이브랩,바이브랩 리바이브 테라피 헤어 브로우 래쉬 세럼 (헤어라인 겸용),https://www.oliveyoung.co.kr/store/goods/getGoodsDetail.do?goodsNo=A000000183433,https://image.oliveyoung.co.kr/cfimages/cf-goods/uploads/images/thumbnails/400/10/0000/0018/A00000018343312ko.jpg?l=ko,20000,19000,5.0,2216,4.8,83,13,4,0,1,1,0,0,1,A000000183433,10000010004
2026-09-11,헤어케어,93,피노,[영양착붙 젤리헤어팩] 피노 프리미엄 터치 헤어 마스크 230g,https://www.oliveyoung.co.kr/store/goods/getGoodsDetail.do?goodsNo=A000000250320,https://image.oliveyoung.co.kr/cfimages/cf-goods/uploads/images/thumbnails/400/10/0000/0025/A00000025032036ko.jpg?l=ko,14000,11200,20.0,15085,4.8,87,9,3,0,0,1,0,0,1,A000000250320,10000010004
2026-09-11,헤어케어,94,바티스트,[유분순삭] 바티스트 드라이샴푸 50ml/200ml 14종 택 1(올영 단독기획세트 포함),https://www.oliveyoung.co.kr/store/goods/getGoodsDetail.do?goodsNo=A000000190569,https://image.oliveyoung.co.kr/cfimages/cf-goods/uploads/images/thumbnails/400/10/0000/0019/A00000019056938ko.png?l=ko,7500,5900,21.3,42433,4.7,79,15,5,1,1,1,0,0,1,A000000190569,10000010004
2026-09-11,헤어케어,95,탱글엔젤,[숱많은모발/긴머리추천] 탱글엔젤 프로 헤어브러쉬 (4종 택1),https://www.oliveyoung.co.kr/store/goods/getGoodsDetail.do?goodsNo=A000000151067,https://image.oliveyoung.co.kr/cfimages/cf-goods/uploads/images/thumbnails/400/10/0000/0015/A00000015106718ko.jpg?l=ko,30000,24900,17.0,4468,4.8,88,9,2,1,0,1,0,0,1,A000000151067,10000010004
2026-09-11,헤어케어,96,어네이즈,[염색입문템] 어네이즈 셀프 터치 업 컬러 키트 B01 브라운,https://www.oliveyoung.co.kr/store/goods/getGoodsDetail.do?goodsNo=A000000237116,https://image.oliveyoung.co.kr/cfimages/cf-goods/uploads/images/thumbnails/400/10/0000/0023/A00000023711604ko.jpg?l=ko,24000,22800,5.0,465,4.8,86,10,2,1,1,1,0,0,1,A000000237116,10000010004
2026-09-11,헤어케어,97,케라스타즈,[손상케어] 케라스타즈 방 포스 아키텍트 샴푸 500ml (기획/단품/리필),https://www.oliveyoung.co.kr/store/goods/getGoodsDetail.do?goodsNo=A000000212146,https://image.oliveyoung.co.kr/cfimages/cf-goods/uploads/images/thumbnails/400/10/0000/0021/A00000021214661ko.jpg?l=ko,67000,67000,0.0,420,4.8,85,8,5,1,0,0,0,0,1,A000000212146,10000010004
2026-09-11,헤어케어,98,바티스트,[드라이샴푸 1위/올영 단독 기획세트] 바티스트 드라이샴푸 200ml 단품/기획 11종 택 1,https://www.oliveyoung.co.kr/store/goods/getGoodsDetail.do?goodsNo=A000000227326,https://image.oliveyoung.co.kr/cfimages/cf-goods/uploads/images/thumbnails/400/10/0000/0022/A00000022732642ko.png?l=ko,14500,9900,31.7,34854,4.7,79,15,5,1,0,1,0,0,1,A000000227326,10000010004
2026-09-11,헤어케어,99,미쟝센,[2년 연속 1위] 미쟝센 뉴 헬로크림 염색,https://www.oliveyoung.co.kr/store/goods/getGoodsDetail.do?goodsNo=A000000206445,https://image.oliveyoung.co.kr/cfimages/cf-goods/uploads/images/thumbnails/400/10/0000/0020/A00000020644577ko.jpg?l=ko,16000,8900,44.4,44391,4.7,78,14,6,1,1,1,0,0,1,A000000206445,10000010004
2026-09-11,헤어케어,100,아베다,아베다 인바티 울트라 어드밴스드 라이트 샴푸 1000ml,https://www.oliveyoung.co.kr/store/goods/getGoodsDetail.do?goodsNo=A000000205941,https://image.oliveyoung.co.kr/cfimages/cf-goods/uploads/images/thumbnails/400/10/0000/0020/A00000020594102ko.jpg?l=ko,187000,187000,0.0,15,4.9,87,13,,,,0,0,0,1,A000000205941,10000010004
2026-09-11,바디케어,1,어노브,[파워퍼프걸콜라보][퍼퓸핸드크림] 어노브 글로우 고보습 핸드크림 40ml,https://www.oliveyoung.co.kr/store/goods/getGoodsDetail.do?goodsNo=A000000234985,https://image.oliveyoung.co.kr/cfimages/cf-goods/uploads/images/thumbnails/400/10/0000/0023/A00000023498552ko.jpg?l=ko,15000,10900,27.3,3543,4.9,91,6,2,1,0,1,1,0,1,A000000234985,10000010003
2026-09-11,바디케어,2,일리윤,[5년연속1위/100시간보습] 일리윤 세라마이드 아토 로션 334ML+100ML(기획/단품),https://www.oliveyoung.co.kr/store/goods/getGoodsDetail.do?goodsNo=A000000157820,https://image.oliveyoung.co.kr/cfimages/cf-goods/uploads/images/thumbnails/400/10/0000/0015/A00000015782025ko.png?l=ko,18900,13900,26.5,25635,4.9,90,8,2,0,0,1,0,0,1,A000000157820,10000010003
2026-09-11,바디케어,3,벨먼,[OY단독 400+75ml기획] 벨먼 고보습 크리미 스크럽워시 4종 택1 (바닐라 머스크/시트러스 우디),https://www.oliveyoung.co.kr/store/goods/getGoodsDetail.do?goodsNo=A000000250140,https://image.oliveyoung.co.kr/cfimages/cf-goods/uploads/images/thumbnails/400/10/0000/0025/A00000025014054ko.png?l=ko,14900,12400,16.8,1011,4.9,92,4,2,1,1,1,1,0,1,A000000250140,10000010003
2026-09-11,바디케어,4,도브,도브 바디 스크럽 298g 4종 택 1,https://www.oliveyoung.co.kr/store/goods/getGoodsDetail.do?goodsNo=A000000186792,https://image.oliveyoung.co.kr/cfimages/cf-goods/uploads/images/thumbnails/400/10/0000/0018/A00000018679243ko.jpg?l=ko,17900,10800,39.7,35948,4.8,88,9,2,0,0,1,0,0,1,A000000186792,10000010003
2026-09-11,바디케어,5,레이비,[9월올영픽/바디미스트증정] 레이비 산양유 바디로션 산리오 기획세트 외 단품 4종,https://www.oliveyoung.co.kr/store/goods/getGoodsDetail.do?goodsNo=A000000263063,https://image.oliveyoung.co.kr/cfimages/cf-goods/uploads/images/thumbnails/400/10/0000/0026/A00000026306302ko.jpg?l=ko,15400,11850,23.1,22495,4.8,87,9,3,0,0,1,1,0,1,A000000263063,10000010003
2026-09-11,바디케어,6,일리윤,[5년연속1위] 일리윤 세라마이드 아토 로션기획(600ML+600ML),https://www.oliveyoung.co.kr/store/goods/getGoodsDetail.do?goodsNo=A000000171848,https://image.oliveyoung.co.kr/cfimages/cf-goods/uploads/images/thumbnails/400/10/0000/0017/A00000017184821ko.jpg?l=ko,53900,35900,33.4,48734,4.9,91,8,2,0,0,1,0,0,1,A000000171848,10000010003
2026-09-11,바디케어,7,레이비,[9월올영픽/샤워글로브증정] 레이비 산양유 바디워시 산리오 기획세트 외 단품 5종,https://www.oliveyoung.co.kr/store/goods/getGoodsDetail.do?goodsNo=A000000263061,https://image.oliveyoung.co.kr/cfimages/cf-goods/uploads/images/thumbnails/400/10/0000/0026/A00000026306102ko.jpg?l=ko,11900,9250,22.3,22650,4.8,87,9,3,0,0,1,1,0,1,A000000263061,10000010003
2026-09-11,바디케어,8,우르오스,[맨즈케어 바디워시 1위]우르오스 스킨워시 500ml,https://www.oliveyoung.co.kr/store/goods/getGoodsDetail.do?goodsNo=A000000205802,https://image.oliveyoung.co.kr/cfimages/cf-goods/uploads/images/thumbnails/400/10/0000/0020/A00000020580252ko.jpg?l=ko,19700,15700,20.3,11005,4.9,90,8,1,0,0,1,0,0,1,A000000205802,10000010003
2026-09-11,바디케어,9,우르오스,[맨즈케어 바디워시 1위] 우르오스 스킨워시 500ml 2입 기획,https://www.oliveyoung.co.kr/store/goods/getGoodsDetail.do?goodsNo=A000000232997,https://image.oliveyoung.co.kr/cfimages/cf-goods/uploads/images/thumbnails/400/10/0000/0023/A00000023299709ko.png?l=ko,38200,31000,18.8,6092,4.9,92,6,1,0,0,1,0,0,1,A000000232997,10000010003
2026-09-11,바디케어,10,쉬크,[9월 올영픽] 쉬크 인튜이션 비타민C 래디언스 여성 제모기 폼폼푸린 기획 (기+날2+1입) 외 4종,https://www.oliveyoung.co.kr/store/goods/getGoodsDetail.do?goodsNo=A000000251050,https://image.oliveyoung.co.kr/cfimages/cf-goods/uploads/images/thumbnails/400/10/0000/0025/A00000025105024ko.jpg?l=ko,16900,13900,17.8,1440,4.8,89,8,2,0,1,1,1,0,1,A000000251050,10000010003
2026-09-11,바디케어,11,일리윤,일리윤 세라마이드 아토 로션 (600ml/600ml기획),https://www.oliveyoung.co.kr/store/goods/getGoodsDetail.do?goodsNo=A000000217765,https://image.oliveyoung.co.kr/cfimages/cf-goods/uploads/images/thumbnails/400/10/0000/0021/A00000021776522ko.jpg?l=ko,31900,22900,28.2,58364,4.9,91,7,1,0,0,1,0,0,1,A000000217765,10000010003
2026-09-11,바디케어,12,트리헛,[9년연속 1위] 트리헛 시어 슈가 스크럽 510g 단품/기획,https://www.oliveyoung.co.kr/store/goods/getGoodsDetail.do?goodsNo=A000000148549,https://image.oliveyoung.co.kr/cfimages/cf-goods/uploads/images/thumbnails/400/10/0000/0014/A000000148549295ko.jpg?l=ko,22500,19600,12.9,64286,4.8,87,10,2,0,0,1,0,0,1,A000000148549,10000010003
2026-09-11,바디케어,13,아토팜,[아이돌 대란템]아토팜 판테놀 크림 80ml 단품/기획 택1,https://www.oliveyoung.co.kr/store/goods/getGoodsDetail.do?goodsNo=A000000161996,https://image.oliveyoung.co.kr/cfimages/cf-goods/uploads/images/thumbnails/400/10/0000/0016/A00000016199629ko.jpg?l=ko,38000,28500,25.0,1710,4.8,86,10,3,1,0,1,0,0,1,A000000161996,10000010003
2026-09-11,바디케어,14,바이오가,[대용량] 바이오가 등드름 바디워시 베타인살리실레이트 1000ml 단품/기획(+바디미스트 20ml),https://www.oliveyoung.co.kr/store/goods/getGoodsDetail.do?goodsNo=A000000238525,https://image.oliveyoung.co.kr/cfimages/cf-goods/uploads/images/thumbnails/400/10/0000/0023/A00000023852533ko.png?l=ko,25500,25500,0.0,9089,4.8,86,9,3,0,1,0,0,0,1,A000000238525,10000010003
2026-09-11,바디케어,15,닥터브로너스,[대용량 바디워시/여드름.등드름]닥터 브로너스 퓨어 캐스틸 솝 950ml 12종 택 1 (단품),https://www.oliveyoung.co.kr/store/goods/getGoodsDetail.do?goodsNo=A000000154091,https://image.oliveyoung.co.kr/cfimages/cf-goods/uploads/images/thumbnails/400/10/0000/0015/A00000015409185ko.jpg?l=ko,37000,28800,22.2,23810,4.8,85,11,3,1,1,1,0,0,1,A000000154091,10000010003
2026-09-11,바디케어,16,포맨트,[등드름 바디워시/박지훈 PICK] 포맨트 아크네 퍼퓸샤워 500ml (코튼허그/코튼베이비) 2종 중 택1,https://www.oliveyoung.co.kr/store/goods/getGoodsDetail.do?goodsNo=A000000261349,https://image.oliveyoung.co.kr/cfimages/cf-goods/uploads/images/thumbnails/400/10/0000/0026/A00000026134918ko.jpg?l=ko,19000,18500,2.6,1477,4.9,95,4,1,0,0,1,0,0,1,A000000261349,10000010003
2026-09-11,바디케어,17,바이오더마,[9월올영픽] 바이오더마 아토덤 울트라 크림 500ml 기획 (+200ml+페이셜 로션 1ml*3),https://www.oliveyoung.co.kr/store/goods/getGoodsDetail.do?goodsNo=A000000263056,https://image.oliveyoung.co.kr/cfimages/cf-goods/uploads/images/thumbnails/400/10/0000/0026/A00000026305604ko.jpg?l=ko,42000,31900,24.0,15480,4.9,90,8,2,0,0,1,0,0,1,A000000263056,10000010003
2026-09-11,바디케어,18,더마비,[산리오 콜라보] 더마비 데오프레쉬 바이옴 밸런스 바디워시 500ml 더블 기획 (+포차코 샤워글로브/공병 증정),https://www.oliveyoung.co.kr/store/goods/getGoodsDetail.do?goodsNo=A000000262947,https://image.oliveyoung.co.kr/cfimages/cf-goods/uploads/images/thumbnails/400/10/0000/0026/A00000026294703ko.jpg?l=ko,38000,25500,32.9,962,4.9,95,4,1,,0,1,1,0,1,A000000262947,10000010003
2026-09-11,바디케어,19,어노브,[한정기획/퍼퓸] 어노브 글로우 바디로션 누바닐라/로지아우라 (기획/단품),https://www.oliveyoung.co.kr/store/goods/getGoodsDetail.do?goodsNo=A000000235908,https://image.oliveyoung.co.kr/cfimages/cf-goods/uploads/images/thumbnails/400/10/0000/0023/A00000023590819ko.png?l=ko,26000,20500,21.2,1099,4.9,89,8,2,1,0,1,1,0,1,A000000235908,10000010003
2026-09-11,바디케어,20,토르홉,[셀룰라이트케어/피부결개선] 토르홉 사우난지앙 라인핏 바디 스크럽 200g,https://www.oliveyoung.co.kr/store/goods/getGoodsDetail.do?goodsNo=A000000260069,https://image.oliveyoung.co.kr/cfimages/cf-goods/uploads/images/thumbnails/400/10/0000/0026/A00000026006907ko.jpg?l=ko,24500,24500,0.0,525,4.8,87,9,2,1,1,0,0,0,1,A000000260069,10000010003
2026-09-11,바디케어,21,쉬크,쉬크 인튜이션 버라이어티 곰돌찡/토끼찡 에디션 제모기 2종 택1(기+날4입),https://www.oliveyoung.co.kr/store/goods/getGoodsDetail.do?goodsNo=A000000223801,https://image.oliveyoung.co.kr/cfimages/cf-goods/uploads/images/thumbnails/400/10/0000/0022/A00000022380128ko.jpg?l=ko,24900,16900,32.1,25517,4.8,85,11,3,1,0,1,1,0,1,A000000223801,10000010003
2026-09-11,바디케어,22,낫포유,[7년연속1위/트러블진정] 낫포유 트러블 클리어 바디미스트 200ml,https://www.oliveyoung.co.kr/store/goods/getGoodsDetail.do?goodsNo=A000000209146,https://image.oliveyoung.co.kr/cfimages/cf-goods/uploads/images/thumbnails/400/10/0000/0020/A00000020914640ko.jpg?l=ko,21900,18200,16.9,16432,4.8,84,11,4,1,1,1,0,0,1,A000000209146,10000010003
2026-09-11,바디케어,23,뮤시피,뮤시피 리무브 38 바디미스트 150ml 2입 기획,https://www.oliveyoung.co.kr/store/goods/getGoodsDetail.do?goodsNo=A000000267302,https://image.oliveyoung.co.kr/cfimages/cf-goods/uploads/images/thumbnails/400/10/0000/0026/A00000026730209ko.png?l=ko,56000,33600,40.0,231,5.0,97,2,0,,0,1,1,0,0,A000000267302,10000010003
2026-09-11,바디케어,24,바디판타지,[9월 올영픽/NEW] 바디판타지 오리지널 50ml 산리오 기획 (마이멜로디/한교동/포차코 실리콘 키링 증정),https://www.oliveyoung.co.kr/store/goods/getGoodsDetail.do?goodsNo=A000000263033,https://image.oliveyoung.co.kr/cfimages/cf-goods/uploads/images/thumbnails/400/10/0000/0026/A00000026303308ko.jpg?l=ko,7000,5650,19.3,534,4.8,88,8,2,1,1,1,1,0,1,A000000263033,10000010003
2026-09-11,바디케어,25,보로탈코,보로탈코 벨벳팅 크림 4종 택 1,https://www.oliveyoung.co.kr/store/goods/getGoodsDetail.do?goodsNo=A000000176600,https://image.oliveyoung.co.kr/cfimages/cf-goods/uploads/images/thumbnails/400/10/0000/0017/A00000017660033ko.jpg?l=ko,8000,6000,25.0,22697,4.8,87,10,3,0,0,1,0,0,1,A000000176600,10000010003
2026-09-11,바디케어,26,토르홉,[온&냉사우나] 토르홉 바디 스크럽 200g 2종 택1 [사우난지앙 라인핏/라이카 민트쿨링],https://www.oliveyoung.co.kr/store/goods/getGoodsDetail.do?goodsNo=A000000260071,https://image.oliveyoung.co.kr/cfimages/cf-goods/uploads/images/thumbnails/400/10/0000/0026/A00000026007107ko.jpg?l=ko,24500,24500,0.0,1256,4.8,86,9,3,1,1,0,0,0,1,A000000260071,10000010003
2026-09-11,바디케어,27,쉬크,[Y존케어/SNS대란템] 쉬크 인튜이션 비키니 트리머 핸들+날1입,https://www.oliveyoung.co.kr/store/goods/getGoodsDetail.do?goodsNo=A000000204123,https://image.oliveyoung.co.kr/cfimages/cf-goods/uploads/images/thumbnails/400/10/0000/0020/A00000020412304ko.jpg?l=ko,24900,19900,20.1,980,4.8,84,11,4,1,1,1,1,0,1,A000000204123,10000010003
2026-09-11,바디케어,28,아윌미백,"[9월 올영픽/산리오 콜라보] 아윌미백 뱀파이어 톤업 스프레이 100ml 기획 (+30ml, 쿠로미키링 증정)",https://www.oliveyoung.co.kr/store/goods/getGoodsDetail.do?goodsNo=A000000263038,https://image.oliveyoung.co.kr/cfimages/cf-goods/uploads/images/thumbnails/400/10/0000/0026/A00000026303846ko.jpg?l=ko,22900,15300,33.2,4089,4.9,95,2,1,0,0,1,1,0,1,A000000263038,10000010003
2026-09-11,바디케어,29,비욘드,비욘드 클래식 핸드크림 30ml 3종 기프트 세트(30ml+30ml+30ml),https://www.oliveyoung.co.kr/store/goods/getGoodsDetail.do?goodsNo=A000000228448,https://image.oliveyoung.co.kr/cfimages/cf-goods/uploads/images/thumbnails/400/10/0000/0022/A00000022844808ko.jpg?l=ko,16500,12300,25.5,10423,4.8,86,10,3,0,0,1,0,0,1,A000000228448,10000010003
2026-09-11,바디케어,30,오프온,[트러블 7일개선] 오프온 등드름 바디워시(쿨링 진정케어),https://www.oliveyoung.co.kr/store/goods/getGoodsDetail.do?goodsNo=A000000211096,https://image.oliveyoung.co.kr/cfimages/cf-goods/uploads/images/thumbnails/400/10/0000/0021/A000000211096244ko.jpg?l=ko,20800,19300,7.2,14926,4.9,90,7,2,0,1,1,0,0,1,A000000211096,10000010003
2026-09-11,바디케어,31,일리윤,일리윤 세라마이드 아토 집중크림 150ML,https://www.oliveyoung.co.kr/store/goods/getGoodsDetail.do?goodsNo=A000000217766,https://image.oliveyoung.co.kr/cfimages/cf-goods/uploads/images/thumbnails/400/10/0000/0021/A00000021776606ko.png?l=ko,13500,9900,26.7,36813,4.9,92,6,2,0,0,1,0,0,1,A000000217766,10000010003
2026-09-11,바디케어,32,티엘라,[선셋 핸드&바디크림 추가증정/이주빈PICK] 티엘라 퍼퓸 너리싱 바디크림 200ml 3종 택 1,https://www.oliveyoung.co.kr/store/goods/getGoodsDetail.do?goodsNo=A000000249154,https://image.oliveyoung.co.kr/cfimages/cf-goods/uploads/images/thumbnails/400/10/0000/0024/A00000024915408ko.jpg?l=ko,32000,29200,8.8,1707,4.9,94,4,1,1,1,1,0,0,1,A000000249154,10000010003
2026-09-11,바디케어,33,바세린,[NEW] 바세린 바디밤 젤리스틱 40g[단품/기획] (오리지널/코코아쉬머),https://www.oliveyoung.co.kr/store/goods/getGoodsDetail.do?goodsNo=A000000259623,https://image.oliveyoung.co.kr/cfimages/cf-goods/uploads/images/thumbnails/400/10/0000/0025/A00000025962319ko.png?l=ko,11900,8700,26.9,1645,4.9,92,6,1,0,0,1,1,0,1,A000000259623,10000010003
2026-09-11,바디케어,34,온더바디,[초특가] 온더바디 발을씻자 코튼 풋샴푸 385ml 레몬/자몽/복숭아/쿨링/비누향 5종 택1,https://www.oliveyoung.co.kr/store/goods/getGoodsDetail.do?goodsNo=A000000117399,https://image.oliveyoung.co.kr/cfimages/cf-goods/uploads/images/thumbnails/400/10/0000/0011/A00000011739920ko.jpg?l=ko,5000,5000,0.0,28668,4.9,90,8,2,0,0,0,0,0,1,A000000117399,10000010003
2026-09-11,바디케어,35,지오마,[스킨케어 성분/인플루언서 PICK] 지오마 사해소금 바디스크럽 600g 6종,https://www.oliveyoung.co.kr/store/goods/getGoodsDetail.do?goodsNo=A000000161345,https://image.oliveyoung.co.kr/cfimages/cf-goods/uploads/images/thumbnails/400/10/0000/0016/A00000016134543ko.jpg?l=ko,27000,17900,33.7,5538,4.8,82,14,3,1,0,1,0,0,1,A000000161345,10000010003
2026-09-11,바디케어,36,존슨즈,존슨즈베이비 베드타임 로션 500ml (아로마향),https://www.oliveyoung.co.kr/store/goods/getGoodsDetail.do?goodsNo=A000000012157,https://image.oliveyoung.co.kr/cfimages/cf-goods/uploads/images/thumbnails/400/10/0000/0001/A00000001215776ko.jpeg?l=ko,20900,18800,10.0,11130,4.8,85,11,3,0,0,1,0,0,1,A000000012157,10000010003
2026-09-11,바디케어,37,스킨유,스킨유 샤워젤 700G & 500G 기획/단품,https://www.oliveyoung.co.kr/store/goods/getGoodsDetail.do?goodsNo=A000000169834,https://image.oliveyoung.co.kr/cfimages/cf-goods/uploads/images/thumbnails/400/10/0000/0016/A000000169834124ko.jpg?l=ko,19900,14900,25.1,12078,4.8,87,9,2,1,1,1,0,0,1,A000000169834,10000010003
2026-09-11,바디케어,38,더마비,[5초흡수/100시간보습] 더마비 데일리 모이스처 바디로션 500ml 단품/기획 택1,https://www.oliveyoung.co.kr/store/goods/getGoodsDetail.do?goodsNo=A000000142976,https://image.oliveyoung.co.kr/cfimages/cf-goods/uploads/images/thumbnails/400/10/0000/0014/A00000014297626ko.jpg?l=ko,19500,13800,29.2,13053,4.9,89,9,2,0,0,1,0,0,1,A000000142976,10000010003
2026-09-11,바디케어,39,바렌,바렌 발각질지우개 홈세트 (미스트 120ml +풋파일),https://www.oliveyoung.co.kr/store/goods/getGoodsDetail.do?goodsNo=A000000231789,https://image.oliveyoung.co.kr/cfimages/cf-goods/uploads/images/thumbnails/400/10/0000/0023/A00000023178916ko.png?l=ko,15900,14200,10.7,7428,4.8,85,10,4,1,0,1,0,0,1,A000000231789,10000010003
2026-09-11,바디케어,40,쉬크,쉬크 인튜이션 면도날 3입 4종 택1 (레몬베리/알로에/코코아버터/혼합),https://www.oliveyoung.co.kr/store/goods/getGoodsDetail.do?goodsNo=A000000164107,https://image.oliveyoung.co.kr/cfimages/cf-goods/uploads/images/thumbnails/400/10/0000/0016/A00000016410709ko.jpg?l=ko,14900,9900,33.6,34535,4.9,88,10,2,0,0,1,1,0,1,A000000164107,10000010003
2026-09-11,바디케어,41,아토팜,[임산부] 아토팜 매터니티 케어 스트레치 마크 크림 150ml (튼살완화),https://www.oliveyoung.co.kr/store/goods/getGoodsDetail.do?goodsNo=A000000144405,https://image.oliveyoung.co.kr/cfimages/cf-goods/uploads/images/thumbnails/400/10/0000/0014/A00000014440512ko.jpg?l=ko,30000,24000,20.0,430,4.8,86,11,2,0,1,1,0,0,1,A000000144405,10000010003
2026-09-11,바디케어,42,해피바스,[NEW금목서 단독향출시]해피바스 오리지널 컬렉션 대용량 약산성 바디워시 910G 9종,https://www.oliveyoung.co.kr/store/goods/getGoodsDetail.do?goodsNo=A000000166090,https://image.oliveyoung.co.kr/cfimages/cf-goods/uploads/images/thumbnails/400/10/0000/0016/A00000016609030ko.jpg?l=ko,9900,8900,10.1,6307,4.8,85,11,3,0,0,1,0,0,1,A000000166090,10000010003
2026-09-11,바디케어,43,쉬크,쉬크 인튜이션 제모기(기+날2입) 2종(레몬베리/알로에) 택 1,https://www.oliveyoung.co.kr/store/goods/getGoodsDetail.do?goodsNo=A000000164106,https://image.oliveyoung.co.kr/cfimages/cf-goods/uploads/images/thumbnails/400/10/0000/0016/A00000016410607ko.jpg?l=ko,15900,11610,27.0,17435,4.7,80,15,4,1,0,1,1,0,1,A000000164106,10000010003
2026-09-11,바디케어,44,비욘드,[화해1등] 비욘드 바디타민 로션(착색미백/탄력/보습) 3종 기획 택1,https://www.oliveyoung.co.kr/store/goods/getGoodsDetail.do?goodsNo=A000000218508,https://image.oliveyoung.co.kr/cfimages/cf-goods/uploads/images/thumbnails/400/10/0000/0021/A000000218508158ko.jpg?l=ko,26000,26000,0.0,12901,4.8,83,12,4,1,1,0,0,0,1,A000000218508,10000010003
2026-09-11,바디케어,45,온더바디,[OY단독 복숭아향] 온더바디 발을씻자 코튼 풋샴푸 대용량 510ml 4종 (복숭아/레몬/쿨링/자몽),https://www.oliveyoung.co.kr/store/goods/getGoodsDetail.do?goodsNo=A000000165990,https://image.oliveyoung.co.kr/cfimages/cf-goods/uploads/images/thumbnails/400/10/0000/0016/A00000016599023ko.png?l=ko,7400,7400,0.0,35610,4.9,93,5,1,0,0,0,0,0,1,A000000165990,10000010003
2026-09-11,바디케어,46,지저쓰,"지저쓰 슈가링 200g 미니핏 기획(+슈가링카드1개, 천10매, 프리왁싱파우더, 미니트위저 증정)",https://www.oliveyoung.co.kr/store/goods/getGoodsDetail.do?goodsNo=A000000226658,https://image.oliveyoung.co.kr/cfimages/cf-goods/uploads/images/thumbnails/400/10/0000/0022/A00000022665811ko.jpg?l=ko,13800,11900,13.8,2944,4.3,66,15,10,3,5,1,0,0,1,A000000226658,10000010003
2026-09-11,바디케어,47,일리윤,일리윤 튼살 크림(200ML/330ML),https://www.oliveyoung.co.kr/store/goods/getGoodsDetail.do?goodsNo=A000000224942,https://image.oliveyoung.co.kr/cfimages/cf-goods/uploads/images/thumbnails/400/10/0000/0022/A00000022494206ko.jpg?l=ko,40000,28000,30.0,357,4.8,88,8,3,1,1,1,0,0,1,A000000224942,10000010003
2026-09-11,바디케어,48,일리윤,[품절대란] 일리윤 세라마이드 아토 선로션 180ml/330ml 2종,https://www.oliveyoung.co.kr/store/goods/getGoodsDetail.do?goodsNo=A000000262943,https://image.oliveyoung.co.kr/cfimages/cf-goods/uploads/images/thumbnails/400/10/0000/0026/A00000026294310ko.jpg?l=ko,18000,18000,0.0,2765,4.8,88,8,2,0,1,0,0,0,1,A000000262943,10000010003
2026-09-11,바디케어,49,질레트,질레트 랩스 딥클렌징바 면도날 [4입/8입/16입],https://www.oliveyoung.co.kr/store/goods/getGoodsDetail.do?goodsNo=A000000203644,https://image.oliveyoung.co.kr/cfimages/cf-goods/uploads/images/thumbnails/400/10/0000/0020/A00000020364420ko.jpg?l=ko,39900,24100,39.6,4484,4.9,90,8,2,0,1,1,1,1,1,A000000203644,10000010003
2026-09-11,바디케어,50,타입넘버,[셀럽PICK/각질&보습케어] 타입넘버 퍼퓸 바디스크럽 300g 3종 (+스파츌라 내장),https://www.oliveyoung.co.kr/store/goods/getGoodsDetail.do?goodsNo=A000000253897,https://image.oliveyoung.co.kr/cfimages/cf-goods/uploads/images/thumbnails/400/10/0000/0025/A00000025389710ko.jpg?l=ko,22000,15900,27.7,2410,4.9,91,7,2,0,0,1,1,0,1,A000000253897,10000010003
2026-09-11,바디케어,51,질레트 비너스,비너스 컴포트 글라이드 화이트티 면도기 본품기획/리필 2종 택1,https://www.oliveyoung.co.kr/store/goods/getGoodsDetail.do?goodsNo=A000000152076,https://image.oliveyoung.co.kr/cfimages/cf-goods/uploads/images/thumbnails/400/10/0000/0015/A00000015207614ko.jpg?l=ko,15900,12700,20.1,9826,4.7,81,14,4,1,0,1,0,0,1,A000000152076,10000010003
2026-09-11,바디케어,52,힐그리즈,[미백데오/SNS대란템] 힐그리즈 나이아신아마이드 4% 토닝 데오드란트 50ml (단품/기획),https://www.oliveyoung.co.kr/store/goods/getGoodsDetail.do?goodsNo=A000000251854,https://image.oliveyoung.co.kr/cfimages/cf-goods/uploads/images/thumbnails/400/10/0000/0025/A00000025185409ko.jpg?l=ko,22000,19900,9.5,1458,4.9,91,7,1,0,0,1,0,0,1,A000000251854,10000010003
2026-09-11,바디케어,53,히든,[5초뿌리는바디로션] 히든 퍼퓸 스프레이 바디로션 기획/단품 10종,https://www.oliveyoung.co.kr/store/goods/getGoodsDetail.do?goodsNo=A000000182127,https://image.oliveyoung.co.kr/cfimages/cf-goods/uploads/images/thumbnails/400/10/0000/0018/A00000018212732ko.jpg?l=ko,32900,29600,10.0,2851,4.7,82,11,5,1,1,1,0,0,1,A000000182127,10000010003
2026-09-11,바디케어,54,쏘내추럴,[산리오 헬로키티 콜라보/9월 올영픽] 쏘내추럴 파우더포룸 피치 데오 팩트 10g 기획,https://www.oliveyoung.co.kr/store/goods/getGoodsDetail.do?goodsNo=A000000262903,https://image.oliveyoung.co.kr/cfimages/cf-goods/uploads/images/thumbnails/400/10/0000/0026/A00000026290305ko.jpg?l=ko,18000,14500,19.4,2295,4.7,78,14,6,1,1,1,1,0,1,A000000262903,10000010003
2026-09-11,바디케어,55,멈칫,[아이돌 PICK/미니언즈 콜라보]멈칫 퍼퓸키링 핸드크림 50ml 8종 택1,https://www.oliveyoung.co.kr/store/goods/getGoodsDetail.do?goodsNo=A000000214921,https://image.oliveyoung.co.kr/cfimages/cf-goods/uploads/images/thumbnails/400/10/0000/0021/A00000021492133ko.png?l=ko,19000,16900,11.1,5175,4.9,91,6,2,1,0,1,0,0,1,A000000214921,10000010003
2026-09-11,바디케어,56,헤트라스,헤트라스 망고씨드버터 퍼퓸 핸드크림 50ml 8종 택1,https://www.oliveyoung.co.kr/store/goods/getGoodsDetail.do?goodsNo=A000000200537,https://image.oliveyoung.co.kr/cfimages/cf-goods/uploads/images/thumbnails/400/10/0000/0020/A00000020053720ko.png?l=ko,9800,9800,0.0,17263,4.8,89,8,2,0,0,0,0,0,1,A000000200537,10000010003
2026-09-11,바디케어,57,일리윤,[약산성/대용량] 일리윤 세라마이드 아토 6.0 탑투토워시 1000ML,https://www.oliveyoung.co.kr/store/goods/getGoodsDetail.do?goodsNo=A000000163850,https://image.oliveyoung.co.kr/cfimages/cf-goods/uploads/images/thumbnails/400/10/0000/0016/A00000016385011ko.jpg?l=ko,23900,23900,0.0,12526,4.8,86,11,3,0,0,0,0,0,1,A000000163850,10000010003
2026-09-11,바디케어,58,프라이웰,[NEW] 프라이웰 마사지 오일 포 프래그넌트 우먼 125ml,https://www.oliveyoung.co.kr/store/goods/getGoodsDetail.do?goodsNo=A000000246409,https://image.oliveyoung.co.kr/cfimages/cf-goods/uploads/images/thumbnails/400/10/0000/0024/A00000024640911ko.png?l=ko,31900,26900,15.7,76,4.9,91,5,3,1,,1,0,0,1,A000000246409,10000010003
2026-09-11,바디케어,59,프라이웰,[NEW] 프라이웰 바디 오일 3종 택 1 (임산부/스킨케어/쉐이핑),https://www.oliveyoung.co.kr/store/goods/getGoodsDetail.do?goodsNo=A000000246420,https://image.oliveyoung.co.kr/cfimages/cf-goods/uploads/images/thumbnails/400/10/0000/0024/A00000024642001ko.jpg?l=ko,31900,26900,15.7,204,4.9,89,8,2,0,,1,0,0,1,A000000246420,10000010003
2026-09-11,바디케어,60,바이오더마,바이오더마 아토덤 핸드&네일크림 2입 기획,https://www.oliveyoung.co.kr/store/goods/getGoodsDetail.do?goodsNo=A000000118831,https://image.oliveyoung.co.kr/cfimages/cf-goods/uploads/images/thumbnails/400/10/0000/0011/A00000011883109ko.jpg?l=ko,16000,13500,15.6,3418,4.8,84,12,4,0,1,1,0,0,1,A000000118831,10000010003
2026-09-11,바디케어,61,바세린,[NEW] 바세린 글루타히야 세럼 바디로션 (듀이/플로리스/프로에이지) 300ml 3종 택1,https://www.oliveyoung.co.kr/store/goods/getGoodsDetail.do?goodsNo=A000000259209,https://image.oliveyoung.co.kr/cfimages/cf-goods/uploads/images/thumbnails/400/10/0000/0025/A00000025920903ko.jpg?l=ko,13900,10550,24.1,3680,4.9,94,5,1,0,0,1,1,0,1,A000000259209,10000010003
2026-09-11,바디케어,62,일리윤,일리윤 세라마이드 무향 비건 핸드크림 단품/기획,https://www.oliveyoung.co.kr/store/goods/getGoodsDetail.do?goodsNo=A000000201274,https://image.oliveyoung.co.kr/cfimages/cf-goods/uploads/images/thumbnails/400/10/0000/0020/A00000020127405ko.jpg?l=ko,10900,7600,30.3,7029,4.8,88,9,2,0,0,1,0,0,1,A000000201274,10000010003
2026-09-11,바디케어,63,질레트 비너스,비너스 Y존 제모기 본품기획/리필 2종 택1,https://www.oliveyoung.co.kr/store/goods/getGoodsDetail.do?goodsNo=A000000183350,https://image.oliveyoung.co.kr/cfimages/cf-goods/uploads/images/thumbnails/400/10/0000/0018/A00000018335013ko.jpg?l=ko,19900,15900,20.1,2033,4.8,83,11,4,1,0,1,0,0,1,A000000183350,10000010003
2026-09-11,바디케어,64,나인위시스,[즉각톤업/미백기능성] 나인위시스 화이트 톤업 바디 세럼 80ml (기획/단품),https://www.oliveyoung.co.kr/store/goods/getGoodsDetail.do?goodsNo=A000000203983,https://image.oliveyoung.co.kr/cfimages/cf-goods/uploads/images/thumbnails/400/10/0000/0020/A00000020398349ko.jpg?l=ko,18000,14400,20.0,8248,4.7,80,14,5,1,1,1,0,0,1,A000000203983,10000010003
2026-09-11,바디케어,65,바디판타지,바디판타지 퓨어 프래그런스 바디 스프레이 118ml 5종 택 1,https://www.oliveyoung.co.kr/store/goods/getGoodsDetail.do?goodsNo=A000000132743,https://image.oliveyoung.co.kr/cfimages/cf-goods/uploads/images/thumbnails/400/10/0000/0013/A00000013274309ko.jpg?l=ko,10000,7900,21.0,14750,4.7,82,12,4,1,1,1,0,0,1,A000000132743,10000010003
2026-09-11,바디케어,66,비오엠,[NEW] 비오엠 라이트 온 인 샤워 바디 톤업 290ml,https://www.oliveyoung.co.kr/store/goods/getGoodsDetail.do?goodsNo=A000000259414,https://image.oliveyoung.co.kr/cfimages/cf-goods/uploads/images/thumbnails/400/10/0000/0025/A00000025941411ko.jpg?l=ko,24900,21900,12.0,2801,4.9,97,1,1,0,0,1,0,0,1,A000000259414,10000010003
2026-09-11,바디케어,67,일리윤,일리윤 시카 아크네 바디워시 625ml,https://www.oliveyoung.co.kr/store/goods/getGoodsDetail.do?goodsNo=A000000206683,https://image.oliveyoung.co.kr/cfimages/cf-goods/uploads/images/thumbnails/400/10/0000/0020/A00000020668337ko.jpg?l=ko,29000,21750,25.0,7802,4.8,87,10,3,0,0,1,0,0,1,A000000206683,10000010003
2026-09-11,바디케어,68,더마비,[대용량] 더마비 데일리 바디워시 1000ml 3종 택1(피치/머스크/만다린),https://www.oliveyoung.co.kr/store/goods/getGoodsDetail.do?goodsNo=A000000147218,https://image.oliveyoung.co.kr/cfimages/cf-goods/uploads/images/thumbnails/400/10/0000/0014/A00000014721852ko.jpg?l=ko,19000,13500,28.9,18893,4.8,88,9,2,0,0,1,0,0,1,A000000147218,10000010003
2026-09-11,바디케어,69,세타필,[토이스토리 파우치 증정] 세타필 각질제거 SA 워시 473ml (+투명 파우치),https://www.oliveyoung.co.kr/store/goods/getGoodsDetail.do?goodsNo=A000000226611,https://image.oliveyoung.co.kr/cfimages/cf-goods/uploads/images/thumbnails/400/10/0000/0022/A00000022661142ko.jpg?l=ko,24000,18500,22.9,1351,4.7,79,15,5,1,1,1,0,0,1,A000000226611,10000010003
2026-09-11,바디케어,70,바디판타지,바디판타지 퍼퓸 미스트 94ml 10종 택 1,https://www.oliveyoung.co.kr/store/goods/getGoodsDetail.do?goodsNo=A000000158421,https://image.oliveyoung.co.kr/cfimages/cf-goods/uploads/images/thumbnails/400/10/0000/0015/A00000015842124ko.jpg?l=ko,8900,8900,0.0,40012,4.8,84,12,3,1,1,0,0,0,1,A000000158421,10000010003
2026-09-11,바디케어,71,카밀,카밀 핸드크림 75~100ml 11종 택1,https://www.oliveyoung.co.kr/store/goods/getGoodsDetail.do?goodsNo=A000000007046,https://image.oliveyoung.co.kr/cfimages/cf-goods/uploads/images/thumbnails/400/10/0000/0000/A00000000704671ko.jpg?l=ko,7900,5800,26.6,37885,4.8,84,12,3,0,0,1,0,0,1,A000000007046,10000010003
2026-09-11,바디케어,72,일리윤,일리윤 시카 트러블 미스트 200ml+30ml,https://www.oliveyoung.co.kr/store/goods/getGoodsDetail.do?goodsNo=A000000206682,https://image.oliveyoung.co.kr/cfimages/cf-goods/uploads/images/thumbnails/400/10/0000/0020/A00000020668241ko.jpg?l=ko,24000,18000,25.0,10198,4.7,82,12,4,1,1,1,0,0,1,A000000206682,10000010003
2026-09-11,바디케어,73,비오템,비오템 비오베르제뛰르 튼살 크림 400ml,https://www.oliveyoung.co.kr/store/goods/getGoodsDetail.do?goodsNo=A000000143243,https://image.oliveyoung.co.kr/cfimages/cf-goods/uploads/images/thumbnails/400/10/0000/0014/A00000014324314ko.jpg?l=ko,104000,86320,17.0,469,4.9,91,6,2,,0,0,1,0,1,A000000143243,10000010003
2026-09-11,바디케어,74,에스트라,에스트라 아토베리어365 바디로션 400ml,https://www.oliveyoung.co.kr/store/goods/getGoodsDetail.do?goodsNo=A000000161165,https://image.oliveyoung.co.kr/cfimages/cf-goods/uploads/images/thumbnails/400/10/0000/0016/A00000016116504ko.jpg?l=ko,33000,33000,0.0,3567,4.8,88,9,3,0,0,0,0,0,1,A000000161165,10000010003
2026-09-11,바디케어,75,오프온,[매끈결케어/여름로션] 오프온 3초흡수 바디로션 300ml,https://www.oliveyoung.co.kr/store/goods/getGoodsDetail.do?goodsNo=A000000205667,https://image.oliveyoung.co.kr/cfimages/cf-goods/uploads/images/thumbnails/400/10/0000/0020/A000000205667239ko.jpg?l=ko,22800,19800,13.2,9669,4.9,92,6,1,0,0,1,0,0,1,A000000205667,10000010003
2026-09-11,바디케어,76,에이오유,[NEW] 에이오유 톤업 뽀용 크림 01 화이트,https://www.oliveyoung.co.kr/store/goods/getGoodsDetail.do?goodsNo=A000000256729,https://image.oliveyoung.co.kr/cfimages/cf-goods/uploads/images/thumbnails/400/10/0000/0025/A00000025672905ko.jpg?l=ko,19000,17400,8.4,459,4.7,80,14,5,1,0,1,0,0,1,A000000256729,10000010003
2026-09-11,바디케어,77,도브,도브 바디워시 1000G 6종 택1,https://www.oliveyoung.co.kr/store/goods/getGoodsDetail.do?goodsNo=A000000155458,https://image.oliveyoung.co.kr/cfimages/cf-goods/uploads/images/thumbnails/400/10/0000/0015/A00000015545804ko.jpg?l=ko,14900,8300,44.3,3800,4.9,90,7,2,0,0,1,0,0,1,A000000155458,10000010003
2026-09-11,바디케어,78,넛세린,넛세린 아로마 넛 괄사 세럼 단품/기획 4종 택1,https://www.oliveyoung.co.kr/store/goods/getGoodsDetail.do?goodsNo=A000000257599,https://image.oliveyoung.co.kr/cfimages/cf-goods/uploads/images/thumbnails/400/10/0000/0025/A00000025759909ko.jpg?l=ko,35000,29500,15.7,3393,4.7,82,11,5,1,1,1,0,0,1,A000000257599,10000010003
2026-09-11,바디케어,79,파티온,[9월올영픽] 파티온 노스카나인 트러블 바디워시 490ml 기획,https://www.oliveyoung.co.kr/store/goods/getGoodsDetail.do?goodsNo=A000000202795,https://image.oliveyoung.co.kr/cfimages/cf-goods/uploads/images/thumbnails/400/10/0000/0020/A00000020279523ko.jpg?l=ko,25000,16500,34.0,10368,4.9,90,7,2,0,0,1,1,0,1,A000000202795,10000010003
2026-09-11,바디케어,80,다슈,다슈 데일리 비타플렉스 남성청결제 300ml,https://www.oliveyoung.co.kr/store/goods/getGoodsDetail.do?goodsNo=A000000102321,https://image.oliveyoung.co.kr/cfimages/cf-goods/uploads/images/thumbnails/400/10/0000/0010/A00000010232112ko.jpg?l=ko,18000,12600,30.0,3481,4.8,88,9,2,0,0,1,0,0,1,A000000102321,10000010003
2026-09-11,바디케어,81,바세린,[NEW] 바세린 바디밤 젤리스틱 6종[단품/기획] [15g/40g],https://www.oliveyoung.co.kr/store/goods/getGoodsDetail.do?goodsNo=A000000258350,https://image.oliveyoung.co.kr/cfimages/cf-goods/uploads/images/thumbnails/400/10/0000/0025/A00000025835009ko.png?l=ko,17800,12500,29.8,3143,4.9,93,6,1,0,0,1,1,0,1,A000000258350,10000010003
2026-09-11,바디케어,82,엠디스픽,엠디스픽 드 바리스타 무향 핸드크림 2종 중 택1(휴대/대용량),https://www.oliveyoung.co.kr/store/goods/getGoodsDetail.do?goodsNo=A000000193286,https://image.oliveyoung.co.kr/cfimages/cf-goods/uploads/images/thumbnails/400/10/0000/0019/A00000019328606ko.jpg?l=ko,8000,6900,13.7,7007,4.8,87,10,2,0,1,1,0,0,1,A000000193286,10000010003
2026-09-11,바디케어,83,라로슈포제,라로슈포제 시카플라스트 데일리 핸드 트리트먼트 크림,https://www.oliveyoung.co.kr/store/goods/getGoodsDetail.do?goodsNo=A000000010460,https://image.oliveyoung.co.kr/cfimages/cf-goods/uploads/images/thumbnails/400/10/0000/0001/A00000001046003ko.jpg?l=ko,13000,10530,19.0,1298,4.8,87,10,2,0,0,1,1,1,1,A000000010460,10000010003
2026-09-11,바디케어,84,라운드어라운드,라운드어라운드 센티드 핸드크림 50ml 4종,https://www.oliveyoung.co.kr/store/goods/getGoodsDetail.do?goodsNo=A000000225182,https://image.oliveyoung.co.kr/cfimages/cf-goods/uploads/images/thumbnails/400/10/0000/0022/A00000022518235ko.jpg?l=ko,8900,6300,29.2,5288,4.8,87,10,3,0,0,0,1,0,1,A000000225182,10000010003
2026-09-11,바디케어,85,비욘드,[묵은각질OUT] 비욘드 바디타민 나이아신아마이드 B3 2% 브라이트닝 바디 스크럽 워시 500ml,https://www.oliveyoung.co.kr/store/goods/getGoodsDetail.do?goodsNo=A000000252564,https://image.oliveyoung.co.kr/cfimages/cf-goods/uploads/images/thumbnails/400/10/0000/0025/A00000025256410ko.jpg?l=ko,18900,18900,0.0,1298,4.9,90,7,2,0,0,0,0,0,1,A000000252564,10000010003
2026-09-11,바디케어,86,아로마티카,[대용량/가성비] 아로마티카 바디워시 1L 2종 택1 (유칼립투스/레몬그라스),https://www.oliveyoung.co.kr/store/goods/getGoodsDetail.do?goodsNo=A000000253924,https://image.oliveyoung.co.kr/cfimages/cf-goods/uploads/images/thumbnails/400/10/0000/0025/A00000025392404ko.jpg?l=ko,30000,18900,37.0,32,4.7,84,9,3,,3,0,1,0,1,A000000253924,10000010003
2026-09-11,바디케어,87,질레트,질레트 랩스 딥클렌징바 면도기 (핸들+1입날+거치대),https://www.oliveyoung.co.kr/store/goods/getGoodsDetail.do?goodsNo=A000000236890,https://image.oliveyoung.co.kr/cfimages/cf-goods/uploads/images/thumbnails/400/10/0000/0023/A00000023689016ko.jpg?l=ko,34500,16300,52.8,2059,4.8,90,7,2,0,1,1,1,1,1,A000000236890,10000010003
2026-09-11,바디케어,88,존슨즈,존슨즈베이비 핑크로션 500ml (아기향로션),https://www.oliveyoung.co.kr/store/goods/getGoodsDetail.do?goodsNo=A000000000749,https://image.oliveyoung.co.kr/cfimages/cf-goods/uploads/images/thumbnails/400/10/0000/0000/A00000000074951ko.jpeg?l=ko,17900,16100,10.1,5108,4.8,84,11,4,1,1,1,0,0,1,A000000000749,10000010003
2026-09-11,바디케어,89,아이보들,[1+1기획] 아이보들 CCP 크림 50ml 기획/단품,https://www.oliveyoung.co.kr/store/goods/getGoodsDetail.do?goodsNo=A000000211588,https://image.oliveyoung.co.kr/cfimages/cf-goods/uploads/images/thumbnails/400/10/0000/0021/A00000021158839ko.png?l=ko,30000,27000,10.0,11667,4.9,95,4,1,0,0,1,0,0,1,A000000211588,10000010003
2026-09-11,바디케어,90,비욘드,[1등 핸드크림/655만개 돌파] 비욘드 클래식 살냄새 핸드크림 100ml 4종,https://www.oliveyoung.co.kr/store/goods/getGoodsDetail.do?goodsNo=A000000142709,https://image.oliveyoung.co.kr/cfimages/cf-goods/uploads/images/thumbnails/400/10/0000/0014/A000000142709108ko.jpg?l=ko,14000,14000,0.0,33889,4.9,89,9,2,0,0,0,0,0,1,A000000142709,10000010003
2026-09-11,바디케어,91,아비노,[더블기획] 아비노 바디워시 532ml+532ml 2종 (라벤더향/자몽향),https://www.oliveyoung.co.kr/store/goods/getGoodsDetail.do?goodsNo=A000000226175,https://image.oliveyoung.co.kr/cfimages/cf-goods/uploads/images/thumbnails/400/10/0000/0022/A00000022617530ko.jpg?l=ko,25350,20900,17.6,4767,4.8,87,9,3,0,0,1,0,0,1,A000000226175,10000010003
2026-09-11,바디케어,92,고운발,고운발 웰빙헬스 명품고운발 크림 110g,https://www.oliveyoung.co.kr/store/goods/getGoodsDetail.do?goodsNo=A000000234642,https://image.oliveyoung.co.kr/cfimages/cf-goods/uploads/images/thumbnails/400/10/0000/0023/A00000023464201ko.jpg?l=ko,7900,7900,0.0,1809,4.9,89,9,2,0,0,0,0,0,1,A000000234642,10000010003
2026-09-11,바디케어,93,바이오더마,바이오더마 시카비오 리페어 핸드 밤 50ml,https://www.oliveyoung.co.kr/store/goods/getGoodsDetail.do?goodsNo=A000000173370,https://image.oliveyoung.co.kr/cfimages/cf-goods/uploads/images/thumbnails/400/10/0000/0017/A00000017337007ko.jpg?l=ko,16000,13200,17.5,1793,4.9,91,7,2,0,0,1,0,0,1,A000000173370,10000010003
2026-09-11,바디케어,94,타입넘버,[단독기획/스퀴저 증정] 타입넘버 퍼퓸 핸드크림 40ml 6종 (단품/기획),https://www.oliveyoung.co.kr/store/goods/getGoodsDetail.do?goodsNo=A000000165760,https://image.oliveyoung.co.kr/cfimages/cf-goods/uploads/images/thumbnails/400/10/0000/0016/A000000165760131ko.jpg?l=ko,12000,10300,14.2,18529,4.8,88,9,3,1,0,1,1,0,1,A000000165760,10000010003
2026-09-11,바디케어,95,낫포유,[트러블케어] 낫포유 등/가드름 PDRN 바디워시 500ml 단품/기획 (+미니어처 50ml 증정),https://www.oliveyoung.co.kr/store/goods/getGoodsDetail.do?goodsNo=A000000167214,https://image.oliveyoung.co.kr/cfimages/cf-goods/uploads/images/thumbnails/400/10/0000/0016/A00000016721425ko.jpg?l=ko,18900,16900,10.6,5192,4.7,82,12,4,1,1,1,0,0,1,A000000167214,10000010003
2026-09-11,바디케어,96,데저트 에센스,데저트에센스 100% 퓨어 호호바 오일118ml,https://www.oliveyoung.co.kr/store/goods/getGoodsDetail.do?goodsNo=A000000130235,https://image.oliveyoung.co.kr/cfimages/cf-goods/uploads/images/thumbnails/400/10/0000/0013/A00000013023525ko.jpg?l=ko,23900,19900,16.7,5043,4.8,83,13,3,0,0,1,0,0,1,A000000130235,10000010003
2026-09-11,바디케어,97,바디네이처,[에프터케어/증정] 바디네이처 왁스스트립 16매 기획/단품 2종 택 1,https://www.oliveyoung.co.kr/store/goods/getGoodsDetail.do?goodsNo=A000000256094,https://image.oliveyoung.co.kr/cfimages/cf-goods/uploads/images/thumbnails/400/10/0000/0025/A00000025609413ko.jpg?l=ko,12000,8400,30.0,12579,4.4,69,17,9,3,3,1,0,0,1,A000000256094,10000010003
2026-09-11,바디케어,98,팀스모어,팀스모어 순둥이 꿀곰 제모크림 200ml,https://www.oliveyoung.co.kr/store/goods/getGoodsDetail.do?goodsNo=A000000222872,https://image.oliveyoung.co.kr/cfimages/cf-goods/uploads/images/thumbnails/400/10/0000/0022/A00000022287201ko.jpg?l=ko,15900,9900,37.7,2207,4.5,74,13,8,2,3,1,0,0,1,A000000222872,10000010003
2026-09-11,바디케어,99,더블유드레스룸,W.DRESSROOM 퍼퓸 핸드크림 50ml 6종,https://www.oliveyoung.co.kr/store/goods/getGoodsDetail.do?goodsNo=A000000119871,https://image.oliveyoung.co.kr/cfimages/cf-goods/uploads/images/thumbnails/400/10/0000/0011/A00000011987175ko.jpg?l=ko,7900,7900,0.0,30559,4.8,85,11,3,0,0,0,0,0,1,A000000119871,10000010003
2026-09-11,바디케어,100,쉬크,[NEW] 쉬크 인튜이션 컴팩트 휴대용 여성제모기 2입,https://www.oliveyoung.co.kr/store/goods/getGoodsDetail.do?goodsNo=A000000204131,https://image.oliveyoung.co.kr/cfimages/cf-goods/uploads/images/thumbnails/400/10/0000/0020/A00000020413101ko.jpg?l=ko,12900,8900,31.0,2223,4.8,89,8,3,0,0,1,1,0,1,A000000204131,10000010003
2026-09-11,건강식품,1,세노비스,세노비스 밀크씨슬 120캡슐 선물세트 (4개월분),https://www.oliveyoung.co.kr/store/goods/getGoodsDetail.do?goodsNo=A000000232629,https://image.oliveyoung.co.kr/cfimages/cf-goods/uploads/images/thumbnails/400/10/0000/0023/A00000023262901ko.jpg?l=ko,50000,24800,50.4,1260,4.9,91,7,1,,0,1,1,0,1,A000000232629,10000020001
2026-09-11,건강식품,2,고려은단,[9월 올영픽] 고려은단 비타민C1000 이지+비타민D 120정 (+마이멜로디 파우치) (60일분),https://www.oliveyoung.co.kr/store/goods/getGoodsDetail.do?goodsNo=A000000164736,https://image.oliveyoung.co.kr/cfimages/cf-goods/uploads/images/thumbnails/400/10/0000/0016/A00000016473622ko.png?l=ko,13000,10900,16.2,15399,4.9,92,7,1,0,0,1,0,0,1,A000000164736,10000020001
2026-09-11,건강식품,3,세노비스,세노비스 밀크씨슬+ 60캡슐 더블기획 (4개월분),https://www.oliveyoung.co.kr/store/goods/getGoodsDetail.do?goodsNo=A000000189113,https://image.oliveyoung.co.kr/cfimages/cf-goods/uploads/images/thumbnails/400/10/0000/0018/A00000018911319ko.jpg?l=ko,80000,36900,53.9,6631,4.9,90,8,2,0,0,1,0,0,1,A000000189113,10000020001
2026-09-11,건강식품,4,닥터아돌,[9월 올영픽/품절대란] 닥터아돌 카테킨 아세로라 칼시페롤 C D 60정 (+시나모롤 틴케이스 키링),https://www.oliveyoung.co.kr/store/goods/getGoodsDetail.do?goodsNo=A000000218073,https://image.oliveyoung.co.kr/cfimages/cf-goods/uploads/images/thumbnails/400/10/0000/0021/A00000021807373ko.png?l=ko,38000,25900,31.8,6305,4.7,84,10,4,1,1,1,1,0,1,A000000218073,10000020001
2026-09-11,건강식품,5,고려은단,[9월 올영픽] 고려은단 메가도스C 비타민C 3000mg 30포 (+헬로키티 파우치),https://www.oliveyoung.co.kr/store/goods/getGoodsDetail.do?goodsNo=A000000187268,https://image.oliveyoung.co.kr/cfimages/cf-goods/uploads/images/thumbnails/400/10/0000/0018/A00000018726811ko.png?l=ko,11900,9900,16.8,5607,4.9,91,6,2,0,0,1,0,0,1,A000000187268,10000020001
2026-09-11,건강식품,6,고려은단,고려은단 비타민C1000 120정 (4개월분),https://www.oliveyoung.co.kr/store/goods/getGoodsDetail.do?goodsNo=A000000002944,https://image.oliveyoung.co.kr/cfimages/cf-goods/uploads/images/thumbnails/400/10/0000/0000/A00000000294413ko.jpg?l=ko,15000,12900,14.0,21350,4.9,91,7,2,0,0,1,0,0,1,A000000002944,10000020001
2026-09-11,건강식품,7,멜라메이트,[감자숭이 기획] 멜라메이트 구미/로우슈가/버라이어티팩 구미 20/40/50구미,https://www.oliveyoung.co.kr/store/goods/getGoodsDetail.do?goodsNo=A000000223554,https://image.oliveyoung.co.kr/cfimages/cf-goods/uploads/images/thumbnails/400/10/0000/0022/A00000022355477ko.jpg?l=ko,26000,15900,38.8,14843,4.8,88,8,3,1,1,1,1,0,1,A000000223554,10000020001
2026-09-11,건강식품,8,세노비스,[올영단독] 세노비스 트리플러스 오메가3 이뮨 우먼/맨 80+10캡슐 기획(45일분),https://www.oliveyoung.co.kr/store/goods/getGoodsDetail.do?goodsNo=A000000232269,https://image.oliveyoung.co.kr/cfimages/cf-goods/uploads/images/thumbnails/400/10/0000/0023/A00000023226907ko.jpg?l=ko,56000,26500,52.7,2281,4.9,90,8,2,0,0,1,1,0,1,A000000232269,10000020001
2026-09-11,건강식품,9,세노비스,세노비스 마그네슘 180정 기획 (6개월분),https://www.oliveyoung.co.kr/store/goods/getGoodsDetail.do?goodsNo=A000000258054,https://image.oliveyoung.co.kr/cfimages/cf-goods/uploads/images/thumbnails/400/10/0000/0025/A00000025805404ko.jpg?l=ko,56000,27900,50.2,203,4.9,96,2,2,,,1,1,0,1,A000000258054,10000020001
2026-09-11,건강식품,10,오쏘몰,오쏘몰 이뮨 멀티비타민&미네랄 14+1입,https://www.oliveyoung.co.kr/store/goods/getGoodsDetail.do?goodsNo=A000000193086,https://image.oliveyoung.co.kr/cfimages/cf-goods/uploads/images/thumbnails/400/10/0000/0019/A00000019308652ko.jpg?l=ko,75000,53900,28.1,41030,4.9,91,7,2,0,0,1,1,0,1,A000000193086,10000020001
2026-09-11,건강식품,11,지노마스터,지노마스터 질유산균 30캡슐 기획 (+보라지유 5일분) (1개월분),https://www.oliveyoung.co.kr/store/goods/getGoodsDetail.do?goodsNo=A000000244929,https://image.oliveyoung.co.kr/cfimages/cf-goods/uploads/images/thumbnails/400/10/0000/0024/A00000024492930ko.jpg?l=ko,41000,27400,33.2,25023,4.9,90,7,2,0,0,1,0,0,1,A000000244929,10000020001
2026-09-11,건강식품,12,생활약속,[곽민경 PICK] 생활약속 기분전환 알파플러스 10포 (+1포 증정기획),https://www.oliveyoung.co.kr/store/goods/getGoodsDetail.do?goodsNo=A000000180121,https://image.oliveyoung.co.kr/cfimages/cf-goods/uploads/images/thumbnails/400/10/0000/0018/A00000018012128ko.jpg?l=ko,19000,19000,0.0,16655,4.8,86,9,4,1,1,0,0,0,1,A000000180121,10000020001
2026-09-11,건강식품,13,프로뉴트리션,[한선화 PICK] 프로뉴트리션 듀얼플랜 다이어트 유산균 14포,https://www.oliveyoung.co.kr/store/goods/getGoodsDetail.do?goodsNo=A000000205496,https://image.oliveyoung.co.kr/cfimages/cf-goods/uploads/images/thumbnails/400/10/0000/0020/A00000020549614ko.jpg?l=ko,39800,39800,0.0,465,4.5,73,11,13,2,2,0,0,0,1,A000000205496,10000020001
2026-09-11,건강식품,14,푸드올로지,[파격특가] 콜레올로지 컷팅 젤리 레몬/키위/석류 10+2+2포 기획 외,https://www.oliveyoung.co.kr/store/goods/getGoodsDetail.do?goodsNo=A000000183645,https://image.oliveyoung.co.kr/cfimages/cf-goods/uploads/images/thumbnails/400/10/0000/0018/A00000018364587ko.jpg?l=ko,23900,18400,23.0,16861,4.8,86,10,4,1,0,1,1,0,1,A000000183645,10000020001
2026-09-11,건강식품,15,바이오코어유산균,[9월 올영픽/산리오콜라보] CJ 바이오코어 유산균 3종 (피부/다이어트/500억) (+산리오 러기지택),https://www.oliveyoung.co.kr/store/goods/getGoodsDetail.do?goodsNo=A000000200143,https://image.oliveyoung.co.kr/cfimages/cf-goods/uploads/images/thumbnails/400/10/0000/0020/A00000020014346ko.jpg?l=ko,27900,12500,55.2,12375,4.8,85,10,4,1,0,1,1,0,1,A000000200143,10000020001
2026-09-11,건강식품,16,세노비스,세노비스 피부촉촉 히알루론산 50ml*10/20병 (20일분),https://www.oliveyoung.co.kr/store/goods/getGoodsDetail.do?goodsNo=A000000165293,https://image.oliveyoung.co.kr/cfimages/cf-goods/uploads/images/thumbnails/400/10/0000/0016/A00000016529310ko.jpg?l=ko,28500,14500,49.1,5612,4.8,84,11,4,0,1,1,1,0,1,A000000165293,10000020001
2026-09-11,건강식품,17,락토핏,락토핏 골드 트리플 기획 (3개월분),https://www.oliveyoung.co.kr/store/goods/getGoodsDetail.do?goodsNo=A000000199062,https://image.oliveyoung.co.kr/cfimages/cf-goods/uploads/images/thumbnails/400/10/0000/0019/A00000019906245ko.jpg?l=ko,35700,21900,38.7,27683,4.9,91,8,2,0,0,0,1,0,1,A000000199062,10000020001
2026-09-11,건강식품,18,판도라,판도라 브이트리티 7/14+1포 (7/15일분),https://www.oliveyoung.co.kr/store/goods/getGoodsDetail.do?goodsNo=A000000227334,https://image.oliveyoung.co.kr/cfimages/cf-goods/uploads/images/thumbnails/400/10/0000/0022/A00000022733451ko.png?l=ko,35000,24700,29.4,8974,5.0,98,2,1,0,0,1,0,0,1,A000000227334,10000020001
2026-09-11,건강식품,19,씨제이웰케어,[골라담기] CJ웰케어 건강루틴 가격혁명 10종 택 1,https://www.oliveyoung.co.kr/store/goods/getGoodsDetail.do?goodsNo=A000000247861,https://image.oliveyoung.co.kr/cfimages/cf-goods/uploads/images/thumbnails/400/10/0000/0024/A00000024786106ko.jpg?l=ko,6900,5900,14.5,17732,4.8,88,8,3,0,0,1,0,0,1,A000000247861,10000020001
2026-09-11,건강식품,20,푸드올로지,[서현PICK] 콜레올로지 PRO 600mg*30정/60정 (15/30일분),https://www.oliveyoung.co.kr/store/goods/getGoodsDetail.do?goodsNo=A000000175634,https://image.oliveyoung.co.kr/cfimages/cf-goods/uploads/images/thumbnails/400/10/0000/0017/A00000017563462ko.jpg?l=ko,22900,17400,24.0,26648,4.7,81,12,5,1,1,0,1,0,1,A000000175634,10000020001
2026-09-11,건강식품,21,바이오코어유산균,[9월 올영픽/산리오콜라보] CJ 바이오코어 건강한 500억 유산균 28캡슐(+2캡슐) (+산리오 러기지택),https://www.oliveyoung.co.kr/store/goods/getGoodsDetail.do?goodsNo=A000000200515,https://image.oliveyoung.co.kr/cfimages/cf-goods/uploads/images/thumbnails/400/10/0000/0020/A00000020051519ko.jpg?l=ko,29900,16300,45.5,317,4.9,90,8,3,,0,1,1,0,1,A000000200515,10000020001
2026-09-11,건강식품,22,락토핏,[9월 올영픽] 락토핏 슬림 30포 트리플 기획 (+쿠로미 카드케이스) (45일분),https://www.oliveyoung.co.kr/store/goods/getGoodsDetail.do?goodsNo=A000000263766,https://image.oliveyoung.co.kr/cfimages/cf-goods/uploads/images/thumbnails/400/10/0000/0026/A00000026376639ko.jpg?l=ko,45000,24400,45.8,7682,4.8,83,11,5,0,0,1,1,0,1,A000000263766,10000020001
2026-09-11,건강식품,23,헬스헬퍼,[이준 PICK] 헬스헬퍼 맥스컷 다이어트 핏3.1 (14포),https://www.oliveyoung.co.kr/store/goods/getGoodsDetail.do?goodsNo=A000000237480,https://image.oliveyoung.co.kr/cfimages/cf-goods/uploads/images/thumbnails/400/10/0000/0023/A00000023748010ko.png?l=ko,31000,28900,6.8,423,4.8,88,9,2,1,0,1,0,0,1,A000000237480,10000020001
2026-09-11,건강식품,24,히말라야,[1+1] 히말라야 숙취해소제 파티스마트 저당 츄 [베리맛] 10P,https://www.oliveyoung.co.kr/store/goods/getGoodsDetail.do?goodsNo=A000000229021,https://image.oliveyoung.co.kr/cfimages/cf-goods/uploads/images/thumbnails/400/10/0000/0022/A00000022902111ko.jpg?l=ko,15000,15000,0.0,13097,4.8,89,8,3,0,0,0,0,0,1,A000000229021,10000020001
2026-09-11,건강식품,25,알디콤,"[1+1]알디콤 숙취해소제 4포입 3종 (플러스, 에이, 브이)",https://www.oliveyoung.co.kr/store/goods/getGoodsDetail.do?goodsNo=A000000245840,https://image.oliveyoung.co.kr/cfimages/cf-goods/uploads/images/thumbnails/400/10/0000/0024/A00000024584012ko.png?l=ko,14800,14800,0.0,17971,4.9,94,5,1,0,0,0,0,0,1,A000000245840,10000020001
2026-09-11,건강식품,26,락토핏,락토핏 다이어트 60포 (1개월분),https://www.oliveyoung.co.kr/store/goods/getGoodsDetail.do?goodsNo=A000000225666,https://image.oliveyoung.co.kr/cfimages/cf-goods/uploads/images/thumbnails/400/10/0000/0022/A00000022566620ko.jpg?l=ko,26900,17900,33.5,227,4.8,89,6,4,0,0,1,1,0,1,A000000225666,10000020001
2026-09-11,건강식품,27,고려은단,[9월 올영픽] 고려은단 메가도스B 비타민B군 30정 (+ 쿠로미 파우치),https://www.oliveyoung.co.kr/store/goods/getGoodsDetail.do?goodsNo=A000000187269,https://image.oliveyoung.co.kr/cfimages/cf-goods/uploads/images/thumbnails/400/10/0000/0018/A00000018726908ko.png?l=ko,11900,9900,16.8,3982,4.9,92,6,2,0,0,1,0,0,1,A000000187269,10000020001
2026-09-11,건강식품,28,칼로(Kalo),[9월 올영픽/급찐급빠] 칼로 스탑/컨트롤 PLUS 15포+15포 (+폼폼푸린 키링) / 더블기획 3종,https://www.oliveyoung.co.kr/store/goods/getGoodsDetail.do?goodsNo=A000000243670,https://image.oliveyoung.co.kr/cfimages/cf-goods/uploads/images/thumbnails/400/10/0000/0024/A00000024367012ko.jpg?l=ko,30800,18900,38.6,11957,4.7,82,12,5,0,1,1,1,0,1,A000000243670,10000020001
2026-09-11,건강식품,29,아임비타,[9월 올영픽/김우빈PICK] 아임비타 멀티비타민 이뮨샷 12입 (+포차코 메쉬백) (12일분),https://www.oliveyoung.co.kr/store/goods/getGoodsDetail.do?goodsNo=A000000249166,https://image.oliveyoung.co.kr/cfimages/cf-goods/uploads/images/thumbnails/400/10/0000/0024/A000000249166123ko.jpg?l=ko,35900,24900,30.6,10924,4.9,91,7,2,0,0,1,1,0,1,A000000249166,10000020001
2026-09-11,건강식품,30,오쏘몰,오쏘몰 이뮨 멀티비타민&미네랄 7입 (1주일분),https://www.oliveyoung.co.kr/store/goods/getGoodsDetail.do?goodsNo=A000000142695,https://image.oliveyoung.co.kr/cfimages/cf-goods/uploads/images/thumbnails/400/10/0000/0014/A00000014269532ko.jpg?l=ko,38000,34900,8.2,28009,4.9,91,7,2,0,0,1,0,0,1,A000000142695,10000020001
2026-09-11,건강식품,31,박카스,[9월 올영픽] 박카스O액 5병 기획 (+1병) (+폼폼푸린 쉐이크 키링) (6일분),https://www.oliveyoung.co.kr/store/goods/getGoodsDetail.do?goodsNo=A000000263484,https://image.oliveyoung.co.kr/cfimages/cf-goods/uploads/images/thumbnails/400/10/0000/0026/A00000026348402ko.jpg?l=ko,16000,9900,38.1,130,4.9,94,4,2,,,1,1,0,1,A000000263484,10000020001
2026-09-11,건강식품,32,올더베러,[산리오 에디션] 올더베러 비타민C 구미 60구미 (30일분)(+헬로키티 카드스티커),https://www.oliveyoung.co.kr/store/goods/getGoodsDetail.do?goodsNo=A000000262970,https://image.oliveyoung.co.kr/cfimages/cf-goods/uploads/images/thumbnails/400/10/0000/0026/A00000026297010ko.jpg?l=ko,14900,8900,40.3,173,4.9,90,7,3,1,,1,1,0,1,A000000262970,10000020001
2026-09-11,건강식품,33,푸드올로지,[서현PICK] 콜레올로지 버닝올로지 디데이 3.8g*5포 (5일분),https://www.oliveyoung.co.kr/store/goods/getGoodsDetail.do?goodsNo=A000000170108,https://image.oliveyoung.co.kr/cfimages/cf-goods/uploads/images/thumbnails/400/10/0000/0017/A00000017010811ko.jpg?l=ko,18900,15680,17.0,6469,4.7,81,12,5,1,1,1,1,0,1,A000000170108,10000020001
2026-09-11,건강식품,34,올더뮤,올더뮤 뮤신 딥글로우 자두맛 7포 (+2포 증정),https://www.oliveyoung.co.kr/store/goods/getGoodsDetail.do?goodsNo=A000000236997,https://image.oliveyoung.co.kr/cfimages/cf-goods/uploads/images/thumbnails/400/10/0000/0023/A00000023699718ko.jpg?l=ko,24900,18500,25.7,1964,4.8,89,8,2,1,0,1,0,0,1,A000000236997,10000020001
2026-09-11,건강식품,35,멜라메이트,[골라담기/신제품] 멜라메이트 구미 타트체리맛/리치백도맛/애플민트맛/2mg 구미,https://www.oliveyoung.co.kr/store/goods/getGoodsDetail.do?goodsNo=A000000218546,https://image.oliveyoung.co.kr/cfimages/cf-goods/uploads/images/thumbnails/400/10/0000/0021/A00000021854629ko.jpg?l=ko,13000,8900,31.5,13787,4.8,88,8,3,1,1,0,1,0,1,A000000218546,10000020001
2026-09-11,건강식품,36,푸드올로지,[9월 올영픽] 콜레올로지 컷 다이어트 유산균 14캡슐 (+마이멜로디 카라비너) (10일분) / 20캡슐,https://www.oliveyoung.co.kr/store/goods/getGoodsDetail.do?goodsNo=A000000229934,https://image.oliveyoung.co.kr/cfimages/cf-goods/uploads/images/thumbnails/400/10/0000/0022/A00000022993425ko.jpg?l=ko,21000,18500,11.9,2084,4.6,66,28,4,1,1,1,1,0,1,A000000229934,10000020001
2026-09-11,건강식품,37,이너랩,[올영단독 증량기획] 셀트리온 홀드잇 매드 MAD 10일 (+2일),https://www.oliveyoung.co.kr/store/goods/getGoodsDetail.do?goodsNo=A000000254467,https://image.oliveyoung.co.kr/cfimages/cf-goods/uploads/images/thumbnails/400/10/0000/0025/A00000025446726ko.jpg?l=ko,21300,17900,16.0,3084,4.9,96,2,1,0,0,1,1,0,1,A000000254467,10000020001
2026-09-11,건강식품,38,grn+,grn+ 초록이 슬림밸런스 & 쾌변 60정+10정증정 (35일분),https://www.oliveyoung.co.kr/store/goods/getGoodsDetail.do?goodsNo=A000000185130,https://image.oliveyoung.co.kr/cfimages/cf-goods/uploads/images/thumbnails/400/10/0000/0018/A00000018513041ko.jpg?l=ko,39900,18900,52.6,3189,4.7,84,10,5,1,1,1,0,0,1,A000000185130,10000020001
2026-09-11,건강식품,39,헬스헬퍼,[추성훈 PICK] 헬스헬퍼 맥스컷 프로 크롬 60캡슐 (10일분),https://www.oliveyoung.co.kr/store/goods/getGoodsDetail.do?goodsNo=A000000237482,https://image.oliveyoung.co.kr/cfimages/cf-goods/uploads/images/thumbnails/400/10/0000/0023/A00000023748215ko.png?l=ko,21500,18900,12.1,1286,4.8,85,8,4,1,1,1,0,0,1,A000000237482,10000020001
2026-09-11,건강식품,40,비비랩,[산리오캐릭터즈에디션/9월올영픽] 비비랩 화이트 콜라겐 18포 기획 (+2포) (+헬로키티 마켓백),https://www.oliveyoung.co.kr/store/goods/getGoodsDetail.do?goodsNo=A000000248072,https://image.oliveyoung.co.kr/cfimages/cf-goods/uploads/images/thumbnails/400/10/0000/0024/A00000024807232ko.png?l=ko,14900,11900,20.1,2112,4.9,94,4,1,0,0,1,1,0,1,A000000248072,10000020001
2026-09-11,건강식품,41,뉴오리진,[호빵맨콜라보] 이너플로라 질유산균 60캡슐+호빵맨 스티커 / 이노시톨콜린 30포,https://www.oliveyoung.co.kr/store/goods/getGoodsDetail.do?goodsNo=A000000247265,https://image.oliveyoung.co.kr/cfimages/cf-goods/uploads/images/thumbnails/400/10/0000/0024/A00000024726512ko.jpg?l=ko,51900,39900,23.1,5153,4.9,89,8,2,0,0,1,0,0,1,A000000247265,10000020001
2026-09-11,건강식품,42,덴프스,덴프스 덴마크 유산균이야기 우먼 2개월분(질유산균) + 철분 헤모케어 3포 증정,https://www.oliveyoung.co.kr/store/goods/getGoodsDetail.do?goodsNo=A000000202658,https://image.oliveyoung.co.kr/cfimages/cf-goods/uploads/images/thumbnails/400/10/0000/0020/A00000020265829ko.jpg?l=ko,52000,31900,38.7,8098,4.9,90,8,2,0,0,1,0,0,1,A000000202658,10000020001
2026-09-11,건강식품,43,바이너랩,바이너랩 겟글로시 글루타치온 30포(리포솜)(15일분),https://www.oliveyoung.co.kr/store/goods/getGoodsDetail.do?goodsNo=A000000167142,https://image.oliveyoung.co.kr/cfimages/cf-goods/uploads/images/thumbnails/400/10/0000/0016/A00000016714210ko.jpg?l=ko,51000,48000,5.9,438,4.5,66,27,2,0,4,1,0,0,1,A000000167142,10000020001
2026-09-11,건강식품,44,씨제이웰케어,CJ웰케어 다이어트&혈당케어 30정 (1개월분) (OY단독),https://www.oliveyoung.co.kr/store/goods/getGoodsDetail.do?goodsNo=A000000246116,https://image.oliveyoung.co.kr/cfimages/cf-goods/uploads/images/thumbnails/400/10/0000/0024/A00000024611604ko.jpg?l=ko,6900,5900,14.5,830,4.7,78,16,4,1,1,1,0,0,1,A000000246116,10000020001
2026-09-11,건강식품,45,덴프스,[덴프스] 덴마크 유산균이야기 30캡슐 1+1 기획 (+트루바이타민 3포 증정),https://www.oliveyoung.co.kr/store/goods/getGoodsDetail.do?goodsNo=A000000206861,https://image.oliveyoung.co.kr/cfimages/cf-goods/uploads/images/thumbnails/400/10/0000/0020/A00000020686148ko.jpg?l=ko,40000,30400,24.0,24186,4.9,91,7,2,0,0,0,1,0,1,A000000206861,10000020001
2026-09-11,건강식품,46,대원제약,[수면 효율증가]대원제약 대원헬스 꿀잠샷 20gX12포 (+2포+수면안대) (14일분),https://www.oliveyoung.co.kr/store/goods/getGoodsDetail.do?goodsNo=A000000247884,https://image.oliveyoung.co.kr/cfimages/cf-goods/uploads/images/thumbnails/400/10/0000/0024/A00000024788471ko.jpg?l=ko,26900,18900,29.7,5363,5.0,98,1,0,0,0,1,0,0,1,A000000247884,10000020001
2026-09-11,건강식품,47,바이오코어유산균,[화사 PICK] CJ 바이오코어 피부면역유산균 30포 (+10포 증정기획) (20일분),https://www.oliveyoung.co.kr/store/goods/getGoodsDetail.do?goodsNo=A000000237417,https://image.oliveyoung.co.kr/cfimages/cf-goods/uploads/images/thumbnails/400/10/0000/0023/A00000023741712ko.jpg?l=ko,27900,12500,55.2,11814,4.8,85,10,4,1,0,1,1,0,1,A000000237417,10000020001
2026-09-11,건강식품,48,코자아,코자아 식물성 멜라토닌 함유 젤리/드링크 (단품/기획),https://www.oliveyoung.co.kr/store/goods/getGoodsDetail.do?goodsNo=A000000236755,https://image.oliveyoung.co.kr/cfimages/cf-goods/uploads/images/thumbnails/400/10/0000/0023/A00000023675540ko.jpg?l=ko,36000,32900,8.6,5938,4.8,90,5,3,1,1,1,0,0,1,A000000236755,10000020001
2026-09-11,건강식품,49,지노마스터,[올영단독] 지노마스터 질유산균 70캡슐 (70일분),https://www.oliveyoung.co.kr/store/goods/getGoodsDetail.do?goodsNo=A000000249509,https://image.oliveyoung.co.kr/cfimages/cf-goods/uploads/images/thumbnails/400/10/0000/0024/A00000024950901ko.png?l=ko,90000,59000,34.4,359,4.9,90,7,3,,0,1,0,0,1,A000000249509,10000020001
2026-09-11,건강식품,50,세노비스,세노비스 루테인+오메가3 80캡슐 (+10캡슐 증정기획) (45일분),https://www.oliveyoung.co.kr/store/goods/getGoodsDetail.do?goodsNo=A000000150476,https://image.oliveyoung.co.kr/cfimages/cf-goods/uploads/images/thumbnails/400/10/0000/0015/A00000015047614ko.jpg?l=ko,44000,29000,34.1,3669,4.8,87,11,2,0,0,1,0,0,1,A000000150476,10000020001
2026-09-11,건강식품,51,알디콤,[1+1]알디콤 Plus 숙취해소제 21ml 4포입,https://www.oliveyoung.co.kr/store/goods/getGoodsDetail.do?goodsNo=A000000227457,https://image.oliveyoung.co.kr/cfimages/cf-goods/uploads/images/thumbnails/400/10/0000/0022/A00000022745735ko.jpg?l=ko,17300,17300,0.0,3614,4.9,95,5,0,,0,0,0,0,1,A000000227457,10000020001
2026-09-11,건강식품,52,바이오코어유산균,[9월 올영픽/산리오콜라보] CJ 바이오코어 다이어트 유산균 14캡슐 (+1캡슐) (+산리오 러기지택),https://www.oliveyoung.co.kr/store/goods/getGoodsDetail.do?goodsNo=A000000259858,https://image.oliveyoung.co.kr/cfimages/cf-goods/uploads/images/thumbnails/400/10/0000/0025/A00000025985808ko.jpg?l=ko,22900,15500,32.3,711,5.0,97,2,1,,,1,1,0,1,A000000259858,10000020001
2026-09-11,건강식품,53,티젠,티젠 콤부차 콜라겐 젤리 피치 14포 (14일분),https://www.oliveyoung.co.kr/store/goods/getGoodsDetail.do?goodsNo=A000000189380,https://image.oliveyoung.co.kr/cfimages/cf-goods/uploads/images/thumbnails/400/10/0000/0018/A00000018938004ko.jpg?l=ko,21000,11900,43.3,556,4.7,81,13,4,1,0,1,0,0,1,A000000189380,10000020001
2026-09-11,건강식품,54,세리박스,세리박스 세리번 나이트 기획세트 14포+2포 증정 (16일분),https://www.oliveyoung.co.kr/store/goods/getGoodsDetail.do?goodsNo=A000000205829,https://image.oliveyoung.co.kr/cfimages/cf-goods/uploads/images/thumbnails/400/10/0000/0020/A00000020582918ko.jpg?l=ko,25900,25900,0.0,3109,4.7,78,14,7,1,1,0,0,0,1,A000000205829,10000020001
2026-09-11,건강식품,55,푸드올로지,"[서현PICK] 콜레올로지 티 PRO 하비탈출 8,000mg X 7포/15포 (7일분/15일분)",https://www.oliveyoung.co.kr/store/goods/getGoodsDetail.do?goodsNo=A000000205750,https://image.oliveyoung.co.kr/cfimages/cf-goods/uploads/images/thumbnails/400/10/0000/0020/A00000020575005ko.jpg?l=ko,17900,13970,22.0,4388,4.6,77,13,7,2,2,1,1,0,1,A000000205750,10000020001
2026-09-11,건강식품,56,락토핏,락토핏 골드 30포 (1개월분),https://www.oliveyoung.co.kr/store/goods/getGoodsDetail.do?goodsNo=A000000253149,https://image.oliveyoung.co.kr/cfimages/cf-goods/uploads/images/thumbnails/400/10/0000/0025/A00000025314923ko.jpg?l=ko,11900,7900,33.6,55978,4.9,90,8,2,0,0,0,1,0,1,A000000253149,10000020001
2026-09-11,건강식품,57,오쏘몰,오쏘몰 바이탈 M/F 멀티비타민&미네랄 7입 (남성/여성),https://www.oliveyoung.co.kr/store/goods/getGoodsDetail.do?goodsNo=A000000199174,https://image.oliveyoung.co.kr/cfimages/cf-goods/uploads/images/thumbnails/400/10/0000/0019/A00000019917425ko.jpg?l=ko,44000,31900,27.5,5019,4.9,91,6,2,0,0,1,0,0,1,A000000199174,10000020001
2026-09-11,건강식품,58,레모나,레모나산 30포 (1개월분),https://www.oliveyoung.co.kr/store/goods/getGoodsDetail.do?goodsNo=A000000151409,https://image.oliveyoung.co.kr/cfimages/cf-goods/uploads/images/thumbnails/400/10/0000/0015/A00000015140908ko.jpg?l=ko,9900,6900,30.3,8722,4.9,91,7,2,0,0,1,0,0,1,A000000151409,10000020001
2026-09-11,건강식품,59,닥터아돌,닥터아돌 B발라민 비오틴 120정 (2개월분),https://www.oliveyoung.co.kr/store/goods/getGoodsDetail.do?goodsNo=A000000231625,https://image.oliveyoung.co.kr/cfimages/cf-goods/uploads/images/thumbnails/400/10/0000/0023/A00000023162516ko.png?l=ko,36000,30600,15.0,30,4.4,63,23,7,,7,1,0,0,1,A000000231625,10000020001
2026-09-11,건강식품,60,그레인온,[단독기획]그레인온 골드카무트효소 30포+5포 증정 기획 (35일분),https://www.oliveyoung.co.kr/store/goods/getGoodsDetail.do?goodsNo=A000000211956,https://image.oliveyoung.co.kr/cfimages/cf-goods/uploads/images/thumbnails/400/10/0000/0021/A00000021195609ko.jpg?l=ko,17500,16500,5.7,6403,4.9,91,6,2,0,0,1,0,0,1,A000000211956,10000020001
2026-09-11,건강식품,61,GNM자연의품격,GNM 칼슘 마그네슘 아연 비타민D 90정 (3개월분),https://www.oliveyoung.co.kr/store/goods/getGoodsDetail.do?goodsNo=A000000225531,https://image.oliveyoung.co.kr/cfimages/cf-goods/uploads/images/thumbnails/400/10/0000/0022/A00000022553106ko.jpg?l=ko,13900,10900,21.6,1643,4.8,87,10,3,0,0,1,0,0,1,A000000225531,10000020001
2026-09-11,건강식품,62,칼로비스,칼로비스 글림핑크 10포 (10일분),https://www.oliveyoung.co.kr/store/goods/getGoodsDetail.do?goodsNo=A000000243138,https://image.oliveyoung.co.kr/cfimages/cf-goods/uploads/images/thumbnails/400/10/0000/0024/A00000024313802ko.jpg?l=ko,29900,23400,21.7,95,4.6,65,33,1,,1,1,0,0,1,A000000243138,10000020001
2026-09-11,건강식품,63,덴프스,[덴마크 직수입]덴프스 덴마크 유산균이야기 30캡슐(1개월분),https://www.oliveyoung.co.kr/store/goods/getGoodsDetail.do?goodsNo=A000000189360,https://image.oliveyoung.co.kr/cfimages/cf-goods/uploads/images/thumbnails/400/10/0000/0018/A00000018936006ko.jpg?l=ko,23000,17960,21.9,2549,4.8,86,9,3,1,0,1,1,0,1,A000000189360,10000020001
2026-09-11,건강식품,64,바이탈뷰티,[1일 1정] 바이탈뷰티 메타그린 슬림업 30일,https://www.oliveyoung.co.kr/store/goods/getGoodsDetail.do?goodsNo=A000000248462,https://image.oliveyoung.co.kr/cfimages/cf-goods/uploads/images/thumbnails/400/10/0000/0024/A00000024846232ko.jpg?l=ko,36000,36000,0.0,31224,4.8,83,11,4,1,1,0,0,0,1,A000000248462,10000020001
2026-09-11,건강식품,65,닥터파이토,닥터파이토 루테인 지아잔틴 아스타잔틴 30캡슐 (1개월분),https://www.oliveyoung.co.kr/store/goods/getGoodsDetail.do?goodsNo=A000000245935,https://image.oliveyoung.co.kr/cfimages/cf-goods/uploads/images/thumbnails/400/10/0000/0024/A00000024593503ko.jpg?l=ko,29000,14360,50.5,296,5.0,100,,,,,1,1,0,1,A000000245935,10000020001
2026-09-11,건강식품,66,오쏘몰,오쏘몰 이뮨 멀티비타민&미네랄 14입+1입 증정 기획 (2주분),https://www.oliveyoung.co.kr/store/goods/getGoodsDetail.do?goodsNo=A000000171584,https://image.oliveyoung.co.kr/cfimages/cf-goods/uploads/images/thumbnails/400/10/0000/0017/A00000017158410ko.jpg?l=ko,75000,53900,28.1,6830,4.9,91,7,2,0,0,1,1,0,1,A000000171584,10000020001
2026-09-11,건강식품,67,고려은단,고려은단 메가도스C 비타민C 3000mg 100포 (100일분),https://www.oliveyoung.co.kr/store/goods/getGoodsDetail.do?goodsNo=A000000225906,https://image.oliveyoung.co.kr/cfimages/cf-goods/uploads/images/thumbnails/400/10/0000/0022/A00000022590605ko.jpg?l=ko,25900,25900,0.0,6537,4.9,92,6,2,0,0,0,0,0,1,A000000225906,10000020001
2026-09-11,건강식품,68,바이오코어유산균,CJ 바이오코어 이너케어 질건강 유산균 30+3캡슐 (단품/기획),https://www.oliveyoung.co.kr/store/goods/getGoodsDetail.do?goodsNo=A000000200523,https://image.oliveyoung.co.kr/cfimages/cf-goods/uploads/images/thumbnails/400/10/0000/0020/A00000020052317ko.jpg?l=ko,44900,25500,43.2,1837,4.9,93,5,2,0,0,0,1,0,1,A000000200523,10000020001
2026-09-11,건강식품,69,뉴칸,뉴칸X위글위글 더블파워 밀크씨슬+멀티비타민 7개입/30개입 (7일분/30일분),https://www.oliveyoung.co.kr/store/goods/getGoodsDetail.do?goodsNo=A000000223577,https://image.oliveyoung.co.kr/cfimages/cf-goods/uploads/images/thumbnails/400/10/0000/0022/A00000022357709ko.jpg?l=ko,34000,25500,25.0,5781,4.9,92,6,2,0,0,1,0,0,1,A000000223577,10000020001
2026-09-11,건강식품,70,grn+,grn+ 분홍이 슬림밸런스&비오틴 90정+15정 (35일분),https://www.oliveyoung.co.kr/store/goods/getGoodsDetail.do?goodsNo=A000000185124,https://image.oliveyoung.co.kr/cfimages/cf-goods/uploads/images/thumbnails/400/10/0000/0018/A00000018512435ko.jpg?l=ko,39900,18900,52.6,4867,4.8,84,10,5,1,1,1,0,0,1,A000000185124,10000020001
2026-09-11,건강식품,71,센트룸,센트룸 멀티비타민 5종 택1,https://www.oliveyoung.co.kr/store/goods/getGoodsDetail.do?goodsNo=A000000248541,https://image.oliveyoung.co.kr/cfimages/cf-goods/uploads/images/thumbnails/400/10/0000/0024/A00000024854104ko.jpg?l=ko,22000,20000,9.1,5505,4.9,91,7,2,,0,1,0,0,1,A000000248541,10000020001
2026-09-11,건강식품,72,탄탄,탄탄 젤리 더블컷 다이어트 모음전(오리지널/포켓몬 에디션),https://www.oliveyoung.co.kr/store/goods/getGoodsDetail.do?goodsNo=A000000244912,https://image.oliveyoung.co.kr/cfimages/cf-goods/uploads/images/thumbnails/400/10/0000/0024/A00000024491245ko.jpg?l=ko,22900,12900,43.7,6110,4.8,87,9,3,1,0,1,0,0,1,A000000244912,10000020001
2026-09-11,건강식품,73,그린몬스터,[4일추가증정] 그린몬스터 다이어트 쾌변쑥/체지방쏙 기획세트,https://www.oliveyoung.co.kr/store/goods/getGoodsDetail.do?goodsNo=A000000199923,https://image.oliveyoung.co.kr/cfimages/cf-goods/uploads/images/thumbnails/400/10/0000/0019/A00000019992344ko.jpg?l=ko,20000,10900,45.5,2452,4.7,81,11,5,1,1,1,0,0,1,A000000199923,10000020001
2026-09-11,건강식품,74,뉴트리코어,뉴트리코어 여성을 위한 유산균 이너 프로바이오틱스 30포 (30일분),https://www.oliveyoung.co.kr/store/goods/getGoodsDetail.do?goodsNo=A000000218644,https://image.oliveyoung.co.kr/cfimages/cf-goods/uploads/images/thumbnails/400/10/0000/0021/A00000021864405ko.jpg?l=ko,53000,47840,9.7,30,4.9,87,13,,,,1,1,0,1,A000000218644,10000020001
2026-09-11,건강식품,75,바이탈뷰티,[올영단독] 바이탈뷰티 메타그린 슬림업 120정 (4개월분),https://www.oliveyoung.co.kr/store/goods/getGoodsDetail.do?goodsNo=A000000258745,https://image.oliveyoung.co.kr/cfimages/cf-goods/uploads/images/thumbnails/400/10/0000/0025/A00000025874508ko.jpg?l=ko,130000,93500,28.1,31227,4.8,83,11,4,1,1,1,0,0,1,A000000258745,10000020001
2026-09-11,건강식품,76,위타민,위타민 알래스카 오메가3 츄어블 30캡슐 (30일분),https://www.oliveyoung.co.kr/store/goods/getGoodsDetail.do?goodsNo=A000000247734,https://image.oliveyoung.co.kr/cfimages/cf-goods/uploads/images/thumbnails/400/10/0000/0024/A00000024773402ko.jpg?l=ko,29900,29900,0.0,181,5.0,98,2,,1,,0,0,0,1,A000000247734,10000020001
2026-09-11,건강식품,77,솔가,(임박특가) 솔가 남성용 멀티비타민&미네랄 60정 (2개월분),https://www.oliveyoung.co.kr/store/goods/getGoodsDetail.do?goodsNo=B000000233620,https://image.oliveyoung.co.kr/cfimages/cf-goods/uploads/images/thumbnails/400/10/0000/0023/B00000023362002ko.jpg?l=ko,47600,45220,5.0,262,4.8,83,13,3,,1,0,1,0,0,B000000233620,10000020001
2026-09-11,건강식품,78,올더베러,올더베러 웰니스 구미 30일분 택1,https://www.oliveyoung.co.kr/store/goods/getGoodsDetail.do?goodsNo=A000000245874,https://image.oliveyoung.co.kr/cfimages/cf-goods/uploads/images/thumbnails/400/10/0000/0024/A00000024587415ko.jpg?l=ko,14900,8900,40.3,4618,4.8,86,10,3,1,0,1,1,0,1,A000000245874,10000020001
2026-09-11,건강식품,79,퓨레카,퓨레카 그린즈 워터믹스 7포 4종/크런치 2종 택 1 (마시는 3초 샐러드),https://www.oliveyoung.co.kr/store/goods/getGoodsDetail.do?goodsNo=A000000245977,https://image.oliveyoung.co.kr/cfimages/cf-goods/uploads/images/thumbnails/400/10/0000/0024/A00000024597713ko.jpg?l=ko,11000,11000,0.0,4210,4.8,89,8,3,0,1,0,0,0,1,A000000245977,10000020001
2026-09-11,건강식품,80,고려은단,고려은단 식물성 알티지 오메가3 30캡슐 (30일분),https://www.oliveyoung.co.kr/store/goods/getGoodsDetail.do?goodsNo=A000000201188,https://image.oliveyoung.co.kr/cfimages/cf-goods/uploads/images/thumbnails/400/10/0000/0020/A00000020118813ko.jpg?l=ko,12900,9900,23.3,4866,4.9,89,8,2,0,0,1,0,0,1,A000000201188,10000020001
2026-09-11,건강식품,81,닥터린,닥터린 23종 영양성분 올인원 멀티비타민미네랄 맥스 60정 (2개월분),https://www.oliveyoung.co.kr/store/goods/getGoodsDetail.do?goodsNo=A000000226091,https://image.oliveyoung.co.kr/cfimages/cf-goods/uploads/images/thumbnails/400/10/0000/0022/A00000022609108ko.jpg?l=ko,21900,16760,23.5,359,5.0,99,0,0,,,1,1,0,1,A000000226091,10000020001
2026-09-11,건강식품,82,바이오코어유산균,[화사 PICK] CJ 바이오코어 구강유산균 30정,https://www.oliveyoung.co.kr/store/goods/getGoodsDetail.do?goodsNo=A000000200544,https://image.oliveyoung.co.kr/cfimages/cf-goods/uploads/images/thumbnails/400/10/0000/0020/A00000020054411ko.jpg?l=ko,27900,27900,0.0,612,4.8,86,11,2,0,0,0,0,0,1,A000000200544,10000020001
2026-09-11,건강식품,83,락토핏,락토핏 골드 패밀리팩 130포 (130일분)(RE),https://www.oliveyoung.co.kr/store/goods/getGoodsDetail.do?goodsNo=A000000257051,https://image.oliveyoung.co.kr/cfimages/cf-goods/uploads/images/thumbnails/400/10/0000/0025/A00000025705132ko.jpg?l=ko,41900,27900,33.4,66,5.0,97,3,,,,0,1,0,1,A000000257051,10000020001
2026-09-11,건강식품,84,메디슨벨,[하루PICK] 메디슨벨 마시는 샐러드 트리플 7+1포/ 오리지널 14포 (8/14일분),https://www.oliveyoung.co.kr/store/goods/getGoodsDetail.do?goodsNo=A000000232120,https://image.oliveyoung.co.kr/cfimages/cf-goods/uploads/images/thumbnails/400/10/0000/0023/A00000023212011ko.png?l=ko,17400,15400,11.5,5981,4.9,93,6,1,0,0,1,0,0,1,A000000232120,10000020001
2026-09-11,건강식품,85,푸드올로지,[9월 올영픽] 푸드올로지 젤티풀 글루타치온C 앰플젤리 7포 (+쿠로미 폰꾸 키링 (7일분),https://www.oliveyoung.co.kr/store/goods/getGoodsDetail.do?goodsNo=A000000248690,https://image.oliveyoung.co.kr/cfimages/cf-goods/uploads/images/thumbnails/400/10/0000/0024/A00000024869008ko.jpg?l=ko,21900,12900,41.1,1321,5.0,97,2,1,,0,1,1,0,1,A000000248690,10000020001
2026-09-11,건강식품,86,헬스헬퍼,[대용량] 헬스헬퍼 맥스컷 프로 크롬 120캡슐 (20일분),https://www.oliveyoung.co.kr/store/goods/getGoodsDetail.do?goodsNo=A000000237481,https://image.oliveyoung.co.kr/cfimages/cf-goods/uploads/images/thumbnails/400/10/0000/0023/A00000023748110ko.png?l=ko,42000,42000,0.0,1286,4.8,85,8,4,1,1,0,0,0,1,A000000237481,10000020001
2026-09-11,건강식품,87,뉴오리진,뉴오리진 이너플로라 60캡슐 기획(+ 이노시톨 3포 증정)(2개월분),https://www.oliveyoung.co.kr/store/goods/getGoodsDetail.do?goodsNo=A000000248551,https://image.oliveyoung.co.kr/cfimages/cf-goods/uploads/images/thumbnails/400/10/0000/0024/A00000024855105ko.jpg?l=ko,51900,39900,23.1,4021,4.9,91,7,2,0,0,1,0,0,1,A000000248551,10000020001
2026-09-11,건강식품,88,빌드,빌드 프리미엄 테프 발효 효소 30포 (1개월분),https://www.oliveyoung.co.kr/store/goods/getGoodsDetail.do?goodsNo=A000000219379,https://image.oliveyoung.co.kr/cfimages/cf-goods/uploads/images/thumbnails/400/10/0000/0021/A00000021937922ko.jpg?l=ko,21900,18900,13.7,20002,5.0,99,0,0,0,0,1,0,0,1,A000000219379,10000020001
2026-09-11,건강식품,89,그린스토어,그린스토어 칼마디&비타민K2 코랄칼슘 60정 (1개월분),https://www.oliveyoung.co.kr/store/goods/getGoodsDetail.do?goodsNo=A000000243089,https://image.oliveyoung.co.kr/cfimages/cf-goods/uploads/images/thumbnails/400/10/0000/0024/A00000024308901ko.jpg?l=ko,25500,18800,26.3,23,4.3,35,65,,,,1,0,0,1,A000000243089,10000020001
2026-09-11,건강식품,90,세레비,세레비 엘나스 Calm & Relax 스트레스 케어 60정 (2개월분),https://www.oliveyoung.co.kr/store/goods/getGoodsDetail.do?goodsNo=A000000251688,https://image.oliveyoung.co.kr/cfimages/cf-goods/uploads/images/thumbnails/400/10/0000/0025/A00000025168807ko.png?l=ko,29800,25300,15.1,335,5.0,97,2,0,,,1,0,0,1,A000000251688,10000020001
2026-09-11,건강식품,91,에버콜라겐,에버콜라겐 인앤업비오틴 셀 56정 (28일분),https://www.oliveyoung.co.kr/store/goods/getGoodsDetail.do?goodsNo=A000000186592,https://image.oliveyoung.co.kr/cfimages/cf-goods/uploads/images/thumbnails/400/10/0000/0018/A00000018659244ko.jpg?l=ko,49000,24500,50.0,4434,4.9,92,6,2,0,0,1,0,0,1,A000000186592,10000020001
2026-09-11,건강식품,92,뉴오리진,이너플로라 미오이노시톨+콜린 30포 (1개월분),https://www.oliveyoung.co.kr/store/goods/getGoodsDetail.do?goodsNo=A000000224920,https://image.oliveyoung.co.kr/cfimages/cf-goods/uploads/images/thumbnails/400/10/0000/0022/A00000022492010ko.jpg?l=ko,28000,17900,36.1,512,4.9,91,8,1,0,0,1,0,0,1,A000000224920,10000020001
2026-09-11,건강식품,93,젤라켈리,젤라켈리 캘리포니아 글루콘산 마그네슘 15g (15일분),https://www.oliveyoung.co.kr/store/goods/getGoodsDetail.do?goodsNo=A000000267367,https://image.oliveyoung.co.kr/cfimages/cf-goods/uploads/images/thumbnails/400/10/0000/0026/A00000026736701ko.jpg?l=ko,17900,17900,0.0,3,5.0,100,,,,,0,0,0,1,A000000267367,10000020001
2026-09-11,건강식품,94,바이탈헬스,바이탈헬스 바이탈슬림 다이어트 올인원 데이 20포 (10일분),https://www.oliveyoung.co.kr/store/goods/getGoodsDetail.do?goodsNo=A000000154329,https://image.oliveyoung.co.kr/cfimages/cf-goods/uploads/images/thumbnails/400/10/0000/0015/A00000015432906ko.jpg?l=ko,29900,23890,20.1,1203,4.6,74,17,7,1,1,1,0,0,1,A000000154329,10000020001
2026-09-11,건강식품,95,씨제이웰케어,CJ웰케어 혈행건강 초임계 rTG 오메가3 30캡슐 (30일분) (OY단독),https://www.oliveyoung.co.kr/store/goods/getGoodsDetail.do?goodsNo=A000000246113,https://image.oliveyoung.co.kr/cfimages/cf-goods/uploads/images/thumbnails/400/10/0000/0024/A00000024611304ko.jpg?l=ko,6900,5900,14.5,825,4.8,85,7,7,0,0,1,0,0,1,A000000246113,10000020001
2026-09-11,건강식품,96,온리추얼,[웰니스 루틴] 온리추얼 슬리밍컷 다이어트/리셋 브이라인/글로우업 콜라겐 7포(+1포)/14포 (8/14일분),https://www.oliveyoung.co.kr/store/goods/getGoodsDetail.do?goodsNo=A000000236701,https://image.oliveyoung.co.kr/cfimages/cf-goods/uploads/images/thumbnails/400/10/0000/0023/A00000023670139ko.png?l=ko,18900,11900,37.0,18624,4.9,95,3,1,0,0,1,1,0,1,A000000236701,10000020001
2026-09-11,건강식품,97,락토핏,[9월 올영픽] 락토핏 코어 30포 더블 기획 (+포차코 스포츠타올) (2개월분),https://www.oliveyoung.co.kr/store/goods/getGoodsDetail.do?goodsNo=A000000263767,https://image.oliveyoung.co.kr/cfimages/cf-goods/uploads/images/thumbnails/400/10/0000/0026/A00000026376726ko.jpg?l=ko,26000,13500,48.1,8983,4.8,87,10,2,0,0,1,1,0,1,A000000263767,10000020001
2026-09-11,건강식품,98,바이오코어유산균,CJ BYOCORE 건강한 생 유산균 키즈 300억 유산균 60포 (1개월분),https://www.oliveyoung.co.kr/store/goods/getGoodsDetail.do?goodsNo=A000000225949,https://image.oliveyoung.co.kr/cfimages/cf-goods/uploads/images/thumbnails/400/10/0000/0022/A00000022594901ko.jpg?l=ko,29500,23500,20.3,20,4.9,90,5,5,,,0,1,0,1,A000000225949,10000020001
2026-09-11,건강식품,99,네이처메이드,네이처메이드 액티브 데일리 멀티 포 우먼 120정 (2개월분),https://www.oliveyoung.co.kr/store/goods/getGoodsDetail.do?goodsNo=A000000112149,https://image.oliveyoung.co.kr/cfimages/cf-goods/uploads/images/thumbnails/400/10/0000/0011/A00000011214914ko.jpg?l=ko,35000,35000,0.0,3948,4.8,84,11,3,0,0,0,0,0,1,A000000112149,10000020001
2026-09-11,건강식품,100,멜라메이트,멜라메이트 다이렉트 필름 15매,https://www.oliveyoung.co.kr/store/goods/getGoodsDetail.do?goodsNo=A000000258923,https://image.oliveyoung.co.kr/cfimages/cf-goods/uploads/images/thumbnails/400/10/0000/0025/A00000025892303ko.jpg?l=ko,16900,12500,26.0,16649,4.8,88,8,3,1,1,0,1,0,1,A000000258923,10000020001
2026-09-11,푸드,1,유밀,[1+1/박희선PICK]유밀 두유 그래놀라 쉐이크 45g 2종 택1(두유놀라/검은콩 두유몬드),https://www.oliveyoung.co.kr/store/goods/getGoodsDetail.do?goodsNo=A000000263627,https://image.oliveyoung.co.kr/cfimages/cf-goods/uploads/images/thumbnails/400/10/0000/0026/A00000026362721ko.jpg?l=ko,4900,4900,0.0,3550,5.0,100,0,0,,,0,0,0,1,A000000263627,10000020002
2026-09-11,푸드,2,오필리,[베러PICK] 오필리 V보람샷 20g 14개입,https://www.oliveyoung.co.kr/store/goods/getGoodsDetail.do?goodsNo=A000000264566,https://image.oliveyoung.co.kr/cfimages/cf-goods/uploads/images/thumbnails/400/10/0000/0026/A00000026456606ko.png?l=ko,28000,19500,30.4,5,5.0,100,,,,,1,1,0,1,A000000264566,10000020002
2026-09-11,푸드,3,플라이밀,플라이밀 단백질쉐이크 45g,https://www.oliveyoung.co.kr/store/goods/getGoodsDetail.do?goodsNo=A000000190168,https://image.oliveyoung.co.kr/cfimages/cf-goods/uploads/images/thumbnails/400/10/0000/0019/A00000019016820ko.jpg?l=ko,3900,3900,0.0,114168,4.8,87,9,3,1,1,0,0,0,1,A000000190168,10000020002
2026-09-11,푸드,4,딜라이트 프로젝트,딜라이트 프로젝트 베이글칩 택1,https://www.oliveyoung.co.kr/store/goods/getGoodsDetail.do?goodsNo=A000000147779,https://image.oliveyoung.co.kr/cfimages/cf-goods/uploads/images/thumbnails/400/10/0000/0014/A00000014777969ko.jpg?l=ko,2700,2700,0.0,242794,4.9,90,7,3,0,0,0,0,0,1,A000000147779,10000020002
2026-09-11,푸드,5,테일러,테일러 푸룬 딥워터 6종 (오리지널/레몬/매실/콤부차/자몽/초코파우더),https://www.oliveyoung.co.kr/store/goods/getGoodsDetail.do?goodsNo=A000000165976,https://image.oliveyoung.co.kr/cfimages/cf-goods/uploads/images/thumbnails/400/10/0000/0016/A00000016597626ko.jpg?l=ko,4500,2250,50.0,131558,4.8,87,9,3,1,1,1,0,0,1,A000000165976,10000020002
2026-09-11,푸드,6,셀렉스,"[단독런칭 1+1] 셀렉스 프로핏 SPORTS 단백질쉐이크 45g 2종 택1(너티초코, 미숫가루)",https://www.oliveyoung.co.kr/store/goods/getGoodsDetail.do?goodsNo=A000000261260,https://image.oliveyoung.co.kr/cfimages/cf-goods/uploads/images/thumbnails/400/10/0000/0026/A00000026126008ko.jpg?l=ko,4200,3780,10.0,332,4.8,91,5,2,1,2,0,1,0,1,A000000261260,10000020002
2026-09-11,푸드,7,크런틴,[NEW쿠키키밀크크] 크런틴 크런치볼 단백질쉐이크 50g 6종 택 1,https://www.oliveyoung.co.kr/store/goods/getGoodsDetail.do?goodsNo=A000000227418,https://image.oliveyoung.co.kr/cfimages/cf-goods/uploads/images/thumbnails/400/10/0000/0022/A00000022741842ko.jpg?l=ko,5900,4900,16.9,46795,4.8,88,7,3,1,1,1,0,0,1,A000000227418,10000020002
2026-09-11,푸드,8,부샤드,부샤드 초콜릿 132g 5종 중 택1 (밀크/다크/카라멜&씨솔트/다크민트/밀크크런치),https://www.oliveyoung.co.kr/store/goods/getGoodsDetail.do?goodsNo=A000000174401,https://image.oliveyoung.co.kr/cfimages/cf-goods/uploads/images/thumbnails/400/10/0000/0017/A00000017440106ko.jpg?l=ko,8500,5890,30.7,38047,4.9,93,5,1,0,0,1,1,0,1,A000000174401,10000020002
2026-09-11,푸드,9,딜라이트 프로젝트,딜라이트 프로젝트 단백질쉐이크 7개입 택1,https://www.oliveyoung.co.kr/store/goods/getGoodsDetail.do?goodsNo=A000000208168,https://image.oliveyoung.co.kr/cfimages/cf-goods/uploads/images/thumbnails/400/10/0000/0020/A00000020816870ko.jpg?l=ko,23400,14900,36.3,123454,4.8,89,7,3,1,1,1,0,0,1,A000000208168,10000020002
2026-09-11,푸드,10,배리웨이,"[송이송이PICK]배리웨이 프루틴 쉐이크 50g 5종 중 택1 (초코, 커피, 곡물, 말차, 딸기)",https://www.oliveyoung.co.kr/store/goods/getGoodsDetail.do?goodsNo=A000000246284,https://image.oliveyoung.co.kr/cfimages/cf-goods/uploads/images/thumbnails/400/10/0000/0024/A00000024628422ko.jpg?l=ko,5500,5500,0.0,2986,4.8,90,7,3,1,0,0,0,0,1,A000000246284,10000020002
2026-09-11,푸드,11,프로티원,프로티원 단백질쉐이크 파우치형 40g 6종,https://www.oliveyoung.co.kr/store/goods/getGoodsDetail.do?goodsNo=A000000202771,https://image.oliveyoung.co.kr/cfimages/cf-goods/uploads/images/thumbnails/400/10/0000/0020/A000000202771197ko.jpg?l=ko,3900,3090,20.8,105404,4.8,86,9,4,1,1,1,0,0,1,A000000202771,10000020002
2026-09-11,푸드,12,빼바,[포켓몬에디션] 빼바 리얼초콜릿 프로틴바 40g 4종 1택 (다크/화이트/쿠키앤크림/그릭요거트),https://www.oliveyoung.co.kr/store/goods/getGoodsDetail.do?goodsNo=A000000191560,https://image.oliveyoung.co.kr/cfimages/cf-goods/uploads/images/thumbnails/400/10/0000/0019/A00000019156063ko.jpg?l=ko,3200,2700,15.6,50997,4.9,90,7,2,0,0,1,0,0,1,A000000191560,10000020002
2026-09-11,푸드,13,딜라이트 프로젝트,딜라이트 프로젝트 전통간식 모음전 (부각/약과/달고나),https://www.oliveyoung.co.kr/store/goods/getGoodsDetail.do?goodsNo=A000000231575,https://image.oliveyoung.co.kr/cfimages/cf-goods/uploads/images/thumbnails/400/10/0000/0023/A00000023157520ko.jpg?l=ko,4900,2800,42.9,84650,4.8,88,8,3,1,0,1,1,0,1,A000000231575,10000020002
2026-09-11,푸드,14,딜라이트 프로젝트,[온라인 단독]딜라이트 프로젝트 곤약워터젤리 10개입 6종 택1,https://www.oliveyoung.co.kr/store/goods/getGoodsDetail.do?goodsNo=A000000188343,https://image.oliveyoung.co.kr/cfimages/cf-goods/uploads/images/thumbnails/400/10/0000/0018/A00000018834332ko.jpg?l=ko,19000,19000,0.0,2650,4.8,89,8,2,0,1,0,0,0,1,A000000188343,10000020002
2026-09-11,푸드,15,푸드올로지,[강민경PICK] 푸드올로지 지중해 오일만 클렌즈 10포,https://www.oliveyoung.co.kr/store/goods/getGoodsDetail.do?goodsNo=A000000251000,https://image.oliveyoung.co.kr/cfimages/cf-goods/uploads/images/thumbnails/400/10/0000/0025/A00000025100020ko.jpg?l=ko,43000,24900,42.1,1159,4.7,81,10,5,1,3,1,0,0,1,A000000251000,10000020002
2026-09-11,푸드,16,농심,농심 헬로키티 닭다리너겟 양념치킨맛 130g 산리오 에디션,https://www.oliveyoung.co.kr/store/goods/getGoodsDetail.do?goodsNo=A000000263540,https://image.oliveyoung.co.kr/cfimages/cf-goods/uploads/images/thumbnails/400/10/0000/0026/A00000026354002ko.jpg?l=ko,2580,2490,3.5,1168,4.8,86,9,4,1,1,1,0,0,1,A000000263540,10000020002
2026-09-11,푸드,17,단백하니,[신상]단백하니 단백질쉐이크 5종 택1 (우롱밀크티/흑임자/시그니처/말차/초코),https://www.oliveyoung.co.kr/store/goods/getGoodsDetail.do?goodsNo=A000000237470,https://image.oliveyoung.co.kr/cfimages/cf-goods/uploads/images/thumbnails/400/10/0000/0023/A00000023747037ko.jpg?l=ko,3900,3900,0.0,17063,4.7,80,11,6,1,1,0,0,0,1,A000000237470,10000020002
2026-09-11,푸드,18,매일유업,"[품절대란/1+1]퓨어틴 프로틴 쉐이크 330ml 2종 택1(초코, 커피)",https://www.oliveyoung.co.kr/store/goods/getGoodsDetail.do?goodsNo=A000000263160,https://image.oliveyoung.co.kr/cfimages/cf-goods/uploads/images/thumbnails/400/10/0000/0026/A00000026316004ko.jpg?l=ko,5900,5900,0.0,494,4.9,96,4,0,0,,0,0,0,1,A000000263160,10000020002
2026-09-11,푸드,19,그린몬스터,[SINCE1997/올영1위] 그린몬스터 헐리우드48시간 오리지널 클렌즈,https://www.oliveyoung.co.kr/store/goods/getGoodsDetail.do?goodsNo=A000000016494,https://image.oliveyoung.co.kr/cfimages/cf-goods/uploads/images/thumbnails/400/10/0000/0001/A00000001649494ko.jpg?l=ko,35000,26000,25.7,7259,4.7,81,11,6,1,1,1,0,0,1,A000000016494,10000020002
2026-09-11,푸드,20,딜라이트 프로젝트,딜라이트 프로젝트 명인 부각 5종 택1 (김부각/감자부각),https://www.oliveyoung.co.kr/store/goods/getGoodsDetail.do?goodsNo=A000000205262,https://image.oliveyoung.co.kr/cfimages/cf-goods/uploads/images/thumbnails/400/10/0000/0020/A00000020526237ko.jpg?l=ko,3500,3500,0.0,19208,4.8,86,9,4,1,1,0,0,0,1,A000000205262,10000020002
2026-09-11,푸드,21,푸드올로지,푸드올로지 지중해 올리브오일 캡슐 10포/30포 (10/30일분),https://www.oliveyoung.co.kr/store/goods/getGoodsDetail.do?goodsNo=A000000240905,https://image.oliveyoung.co.kr/cfimages/cf-goods/uploads/images/thumbnails/400/10/0000/0024/A00000024090501ko.jpg?l=ko,13900,13900,0.0,2564,4.9,89,9,2,0,0,0,0,0,1,A000000240905,10000020002
2026-09-11,푸드,22,베노프,[NEW] 베노프 단백질쉐이크 40g 2종 택1 (초콜릿시리얼/미숫가루시리얼),https://www.oliveyoung.co.kr/store/goods/getGoodsDetail.do?goodsNo=A000000224911,https://image.oliveyoung.co.kr/cfimages/cf-goods/uploads/images/thumbnails/400/10/0000/0022/A00000022491107ko.jpg?l=ko,3900,3900,0.0,4206,4.8,90,6,3,1,1,0,0,0,1,A000000224911,10000020002
2026-09-11,푸드,23,라이블링,"라이블링 클렌즈 10포입 (레몬,사과,포도,자몽,매실,요구르트,청사과)",https://www.oliveyoung.co.kr/store/goods/getGoodsDetail.do?goodsNo=A000000197720,https://image.oliveyoung.co.kr/cfimages/cf-goods/uploads/images/thumbnails/400/10/0000/0019/A00000019772031ko.jpg?l=ko,11900,8900,25.2,33572,4.8,88,8,3,0,0,1,0,0,1,A000000197720,10000020002
2026-09-11,푸드,24,딜라이트 프로젝트,[산리오 에디션] 딜라이트 프로젝트 우도 땅콩 헬로키티 에디션(베이글칩/달고나),https://www.oliveyoung.co.kr/store/goods/getGoodsDetail.do?goodsNo=A000000262880,https://image.oliveyoung.co.kr/cfimages/cf-goods/uploads/images/thumbnails/400/10/0000/0026/A00000026288003ko.jpg?l=ko,4900,2800,42.9,1096,4.9,90,7,2,0,1,1,1,0,1,A000000262880,10000020002
2026-09-11,푸드,25,딜라이트 프로젝트,딜라이트 프로젝트 베이크드 스낵 모음(크루아상칩/베이글칩),https://www.oliveyoung.co.kr/store/goods/getGoodsDetail.do?goodsNo=A000000262395,https://image.oliveyoung.co.kr/cfimages/cf-goods/uploads/images/thumbnails/400/10/0000/0026/A00000026239566ko.jpg?l=ko,2700,2700,0.0,121971,4.8,88,7,3,0,0,0,0,0,1,A000000262395,10000020002
2026-09-11,푸드,26,티트리트,[리뷰 이벤트] 티트리트 푸룬 딥스트롱 180ml,https://www.oliveyoung.co.kr/store/goods/getGoodsDetail.do?goodsNo=A000000186434,https://image.oliveyoung.co.kr/cfimages/cf-goods/uploads/images/thumbnails/400/10/0000/0018/A00000018643421ko.jpg?l=ko,4500,4500,0.0,15237,4.7,83,10,5,1,1,0,0,0,1,A000000186434,10000020002
2026-09-11,푸드,27,농심,농심 헬로키티 포테토칩 스위트콘맛 95g 산리오 에디션,https://www.oliveyoung.co.kr/store/goods/getGoodsDetail.do?goodsNo=A000000263545,https://image.oliveyoung.co.kr/cfimages/cf-goods/uploads/images/thumbnails/400/10/0000/0026/A00000026354503ko.jpg?l=ko,2180,2080,4.6,1067,4.8,88,7,3,0,1,1,0,0,1,A000000263545,10000020002
2026-09-11,푸드,28,마이프로틴,[시호시호 PICK/1+1] 마이프로틴 웨이 단백질 쉐이크 45g 7종 택1,https://www.oliveyoung.co.kr/store/goods/getGoodsDetail.do?goodsNo=A000000239144,https://image.oliveyoung.co.kr/cfimages/cf-goods/uploads/images/thumbnails/400/10/0000/0023/A00000023914433ko.jpg?l=ko,5900,5900,0.0,641,4.9,91,6,2,0,0,0,0,0,1,A000000239144,10000020002
2026-09-11,푸드,29,파미고,파미고 엑스트라 버진 올리브오일 선물세트 500mL 2병,https://www.oliveyoung.co.kr/store/goods/getGoodsDetail.do?goodsNo=B000000221934,https://image.oliveyoung.co.kr/cfimages/cf-goods/uploads/images/thumbnails/400/10/0000/0022/B00000022193401ko.jpg?l=ko,39900,39900,0.0,26,4.8,88,8,4,,,0,0,0,0,B000000221934,10000020002
2026-09-11,푸드,30,밀슐랭,[고단백/저당쉐이크] 밀슐랭 단백질쉐이크 1개 5종 (베리베리요거트/골든몽블랑/콘크림브륄레/헤이즐넛츠초코/허니그레인),https://www.oliveyoung.co.kr/store/goods/getGoodsDetail.do?goodsNo=A000000247883,https://image.oliveyoung.co.kr/cfimages/cf-goods/uploads/images/thumbnails/400/10/0000/0024/A00000024788320ko.jpg?l=ko,5900,3900,33.9,5731,4.9,95,3,1,0,0,1,0,0,1,A000000247883,10000020002
2026-09-11,푸드,31,오필리,[베러PICK/하준맘 Pick][무카페인] 오필리 V보람차 시그니처 30개입/7개입,https://www.oliveyoung.co.kr/store/goods/getGoodsDetail.do?goodsNo=A000000261048,https://image.oliveyoung.co.kr/cfimages/cf-goods/uploads/images/thumbnails/400/10/0000/0026/A00000026104807ko.jpg?l=ko,19900,14500,27.1,162,4.8,88,5,5,,2,1,1,0,1,A000000261048,10000020002
2026-09-11,푸드,32,딜라이트 프로젝트,딜라이트 프로젝트 프레첼 3종 택1,https://www.oliveyoung.co.kr/store/goods/getGoodsDetail.do?goodsNo=A000000147782,https://image.oliveyoung.co.kr/cfimages/cf-goods/uploads/images/thumbnails/400/10/0000/0014/A00000014778246ko.jpg?l=ko,2400,2400,0.0,45180,4.9,90,7,2,0,0,0,0,0,1,A000000147782,10000020002
2026-09-11,푸드,33,밀잇,밀잇 식단관리 단백질쉐이크 40g 11종 택1,https://www.oliveyoung.co.kr/store/goods/getGoodsDetail.do?goodsNo=A000000217607,https://image.oliveyoung.co.kr/cfimages/cf-goods/uploads/images/thumbnails/400/10/0000/0021/A00000021760753ko.png?l=ko,3900,3300,15.4,81285,4.8,87,8,3,1,1,1,0,0,1,A000000217607,10000020002
2026-09-11,푸드,34,디다,[리셋루틴] 디다 디다샷 14포 (2주분),https://www.oliveyoung.co.kr/store/goods/getGoodsDetail.do?goodsNo=A000000221961,https://image.oliveyoung.co.kr/cfimages/cf-goods/uploads/images/thumbnails/400/10/0000/0022/A00000022196105ko.jpg?l=ko,29800,29800,0.0,1552,4.7,81,9,6,1,2,0,0,0,1,A000000221961,10000020002
2026-09-11,푸드,35,부샤드,부샤드 나폴리탄 초콜릿 9종 중 택1,https://www.oliveyoung.co.kr/store/goods/getGoodsDetail.do?goodsNo=A000000263747,https://image.oliveyoung.co.kr/cfimages/cf-goods/uploads/images/thumbnails/400/10/0000/0026/A00000026374701ko.jpg?l=ko,8500,5890,30.7,1465,4.9,94,5,1,,0,1,1,0,1,A000000263747,10000020002
2026-09-11,푸드,36,이클립스,이클립스 7종 골라담기 기획(피치/페퍼민트/스피어민트/스트로베리/그레이프/워터메론/인텐스민트),https://www.oliveyoung.co.kr/store/goods/getGoodsDetail.do?goodsNo=A000000153826,https://image.oliveyoung.co.kr/cfimages/cf-goods/uploads/images/thumbnails/400/10/0000/0015/A00000015382618ko.jpg?l=ko,3300,2210,33.0,44961,4.9,93,5,1,0,0,1,1,0,1,A000000153826,10000020002
2026-09-11,푸드,37,하루견과,하루견과 시그니처 22g 오리지널,https://www.oliveyoung.co.kr/store/goods/getGoodsDetail.do?goodsNo=A000000247548,https://image.oliveyoung.co.kr/cfimages/cf-goods/uploads/images/thumbnails/400/10/0000/0024/A00000024754801ko.jpg?l=ko,1400,1400,0.0,74,4.9,92,5,1,1,,0,0,0,1,A000000247548,10000020002
2026-09-11,푸드,38,에치와이,에치와이 갓비움 100ml 2종 택1(오리지날/푸룬),https://www.oliveyoung.co.kr/store/goods/getGoodsDetail.do?goodsNo=A000000207486,https://image.oliveyoung.co.kr/cfimages/cf-goods/uploads/images/thumbnails/400/10/0000/0020/A00000020748612ko.png?l=ko,3900,3900,0.0,23398,4.7,85,9,4,1,1,0,0,0,1,A000000207486,10000020002
2026-09-11,푸드,39,딜라이트 프로젝트,딜라이트 프로젝트 과일칩 모음전,https://www.oliveyoung.co.kr/store/goods/getGoodsDetail.do?goodsNo=A000000156092,https://image.oliveyoung.co.kr/cfimages/cf-goods/uploads/images/thumbnails/400/10/0000/0015/A00000015609240ko.jpg?l=ko,11900,7900,33.6,19904,4.7,84,10,4,1,1,1,0,0,1,A000000156092,10000020002
2026-09-11,푸드,40,포지타노,포지타노 캔디 3종 중 택1,https://www.oliveyoung.co.kr/store/goods/getGoodsDetail.do?goodsNo=A000000170405,https://image.oliveyoung.co.kr/cfimages/cf-goods/uploads/images/thumbnails/400/10/0000/0017/A00000017040517ko.png?l=ko,9300,8300,10.8,35069,4.9,90,8,2,0,0,1,0,0,1,A000000170405,10000020002
2026-09-11,푸드,41,오필리,[베러PICK / 하준맘 Pick][무카페인] 오필리 V보람차 시그니처 7개입,https://www.oliveyoung.co.kr/store/goods/getGoodsDetail.do?goodsNo=A000000261047,https://image.oliveyoung.co.kr/cfimages/cf-goods/uploads/images/thumbnails/400/10/0000/0026/A00000026104708ko.png?l=ko,19900,14500,27.1,8,4.8,88,,13,,,1,1,0,1,A000000261047,10000020002
2026-09-11,푸드,42,푸드올로지,푸드올로지 톡스올로지/그린올로지 클렌즈 48시간 3종 택 1,https://www.oliveyoung.co.kr/store/goods/getGoodsDetail.do?goodsNo=A000000247234,https://image.oliveyoung.co.kr/cfimages/cf-goods/uploads/images/thumbnails/400/10/0000/0024/A00000024723407ko.jpg?l=ko,24800,22900,7.7,2612,4.7,82,10,6,1,1,1,0,0,1,A000000247234,10000020002
2026-09-11,푸드,43,DJ&A,[품절대란] 디제이앤에이 시타케 머쉬룸 크리스프 오리지널 65g,https://www.oliveyoung.co.kr/store/goods/getGoodsDetail.do?goodsNo=A000000241882,https://image.oliveyoung.co.kr/cfimages/cf-goods/uploads/images/thumbnails/400/10/0000/0024/A00000024188201ko.jpg?l=ko,8900,6900,22.5,461,4.7,84,8,5,1,2,1,0,0,1,A000000241882,10000020002
2026-09-11,푸드,44,라티브,라티브 올리브레몬샷 14개입,https://www.oliveyoung.co.kr/store/goods/getGoodsDetail.do?goodsNo=A000000230280,https://image.oliveyoung.co.kr/cfimages/cf-goods/uploads/images/thumbnails/400/10/0000/0023/A00000023028014ko.jpg?l=ko,39000,39000,0.0,3173,4.8,87,8,4,1,0,0,0,0,1,A000000230280,10000020002
2026-09-11,푸드,45,딜라이트 프로젝트,딜라이트 프로젝트 초콜릿 프레첼&빨미까레 택1,https://www.oliveyoung.co.kr/store/goods/getGoodsDetail.do?goodsNo=A000000212572,https://image.oliveyoung.co.kr/cfimages/cf-goods/uploads/images/thumbnails/400/10/0000/0021/A00000021257222ko.jpg?l=ko,2200,1900,13.6,28148,4.7,83,10,5,1,1,1,0,0,1,A000000212572,10000020002
2026-09-11,푸드,46,오설록,오설록 헬로키티 말차소금빵칩 60g 산리오 에디션,https://www.oliveyoung.co.kr/store/goods/getGoodsDetail.do?goodsNo=A000000263472,https://image.oliveyoung.co.kr/cfimages/cf-goods/uploads/images/thumbnails/400/10/0000/0026/A00000026347219ko.jpg?l=ko,7500,6300,16.0,254,4.6,76,13,8,2,2,1,1,0,1,A000000263472,10000020002
2026-09-11,푸드,47,낫띵베럴,낫띵베럴 단백질쉐이크 40g 3종 택1 (19곡물 / 딸기라떼 / 초코크런치),https://www.oliveyoung.co.kr/store/goods/getGoodsDetail.do?goodsNo=A000000255476,https://image.oliveyoung.co.kr/cfimages/cf-goods/uploads/images/thumbnails/400/10/0000/0025/A00000025547613ko.jpg?l=ko,2800,1800,35.7,3788,4.8,86,8,5,1,1,1,1,0,1,A000000255476,10000020002
2026-09-11,푸드,48,압타밀,압타밀 프로푸트라 듀오어드밴스 3종 중 택1 (1~3단계),https://www.oliveyoung.co.kr/store/goods/getGoodsDetail.do?goodsNo=B000000164622,https://image.oliveyoung.co.kr/cfimages/cf-goods/uploads/images/thumbnails/400/10/0000/0016/B00000016462206ko.png?l=ko,51900,51900,0.0,1086,4.9,92,7,0,,0,0,0,0,0,B000000164622,10000020002
2026-09-11,푸드,49,니아르,"[누누씨 콜라보/사나 PICK] 니아르 캔디 자몽맛/파인애플맛 14정 기획 (+틴케이스 키링, 스티커 랜덤 증정)",https://www.oliveyoung.co.kr/store/goods/getGoodsDetail.do?goodsNo=A000000263714,https://image.oliveyoung.co.kr/cfimages/cf-goods/uploads/images/thumbnails/400/10/0000/0026/A00000026371401ko.png?l=ko,24900,17500,29.7,3416,4.7,82,11,5,1,1,1,0,0,1,A000000263714,10000020002
2026-09-11,푸드,50,테일러,테일러 푸룬 농축 딥워터 180ml,https://www.oliveyoung.co.kr/store/goods/getGoodsDetail.do?goodsNo=A000000115097,https://image.oliveyoung.co.kr/cfimages/cf-goods/uploads/images/thumbnails/400/10/0000/0011/A00000011509716ko.jpg?l=ko,4500,4050,10.0,64009,4.8,87,9,3,1,1,1,0,0,1,A000000115097,10000020002
2026-09-11,푸드,51,부창제과,부창제과 강릉 초당옥수수&우도 땅콩 호두과자 500g 산리오 에디션 (+헬로키티 마켓백&파우치),https://www.oliveyoung.co.kr/store/goods/getGoodsDetail.do?goodsNo=B000000262803,https://image.oliveyoung.co.kr/cfimages/cf-goods/uploads/images/thumbnails/400/10/0000/0026/B00000026280309ko.jpg?l=ko,30000,27000,10.0,0,0.0,,,,,,0,1,0,0,B000000262803,10000020002
2026-09-11,푸드,52,딜라이트 프로젝트,딜라이트 프로젝트 파스타칩 3종 택1,https://www.oliveyoung.co.kr/store/goods/getGoodsDetail.do?goodsNo=A000000233408,https://image.oliveyoung.co.kr/cfimages/cf-goods/uploads/images/thumbnails/400/10/0000/0023/A00000023340829ko.jpg?l=ko,2900,2900,0.0,16386,4.7,84,10,5,1,1,0,0,0,1,A000000233408,10000020002
2026-09-11,푸드,53,딜라이트 프로젝트,딜라이트 프로젝트 원물간식 모음전(말랭이/과일칩),https://www.oliveyoung.co.kr/store/goods/getGoodsDetail.do?goodsNo=A000000231576,https://image.oliveyoung.co.kr/cfimages/cf-goods/uploads/images/thumbnails/400/10/0000/0023/A00000023157627ko.jpg?l=ko,4200,4200,0.0,130259,4.8,87,9,3,1,1,0,0,0,1,A000000231576,10000020002
2026-09-11,푸드,54,프롬잇,"프롬잇 프로틴칩 7종 택1 (칠리바베큐,어니언랜치,허니갈릭,콘소메,콰트로치즈,명란마요, 토마토바질피자맛)",https://www.oliveyoung.co.kr/store/goods/getGoodsDetail.do?goodsNo=A000000156090,https://image.oliveyoung.co.kr/cfimages/cf-goods/uploads/images/thumbnails/400/10/0000/0015/A00000015609062ko.jpg?l=ko,2700,2400,11.1,64029,4.8,88,8,3,0,0,1,0,0,1,A000000156090,10000020002
2026-09-11,푸드,55,딜라이트 프로젝트,딜라이트 프로젝트 명인 찹쌀오징어채부각 3종 택1 (오리지널/청양마요/스리라차마요),https://www.oliveyoung.co.kr/store/goods/getGoodsDetail.do?goodsNo=A000000216088,https://image.oliveyoung.co.kr/cfimages/cf-goods/uploads/images/thumbnails/400/10/0000/0021/A00000021608827ko.jpg?l=ko,4900,4300,12.2,15709,4.8,87,8,3,1,1,1,0,0,1,A000000216088,10000020002
2026-09-11,푸드,56,배리웨이,"[송이송이PICK]배리웨이 프루틴 쉐이크 50g X7포  5종 중 택1 (초코, 커피, 곡물, 말차, 딸기)",https://www.oliveyoung.co.kr/store/goods/getGoodsDetail.do?goodsNo=A000000246906,https://image.oliveyoung.co.kr/cfimages/cf-goods/uploads/images/thumbnails/400/10/0000/0024/A00000024690620ko.jpg?l=ko,35900,32900,8.4,3005,4.8,90,7,3,1,0,1,0,0,1,A000000246906,10000020002
2026-09-11,푸드,57,낫띵베럴,[베러PICK] 낫띵베럴 드링킷 유기농 100ml 3종 택1 (호박즙/사과양배추즙/마시는샐러드),https://www.oliveyoung.co.kr/store/goods/getGoodsDetail.do?goodsNo=A000000241029,https://image.oliveyoung.co.kr/cfimages/cf-goods/uploads/images/thumbnails/400/10/0000/0024/A00000024102905ko.jpg?l=ko,1600,1200,25.0,3597,4.8,86,9,4,1,1,1,1,0,1,A000000241029,10000020002
2026-09-11,푸드,58,뉴트라라이프,뉴트라라이프 프로폴리스 캔디 지관형 35개입,https://www.oliveyoung.co.kr/store/goods/getGoodsDetail.do?goodsNo=A000000208707,https://image.oliveyoung.co.kr/cfimages/cf-goods/uploads/images/thumbnails/400/10/0000/0020/A00000020870714ko.jpg?l=ko,9500,7600,20.0,3265,4.8,88,9,2,0,1,1,0,0,1,A000000208707,10000020002
2026-09-11,푸드,59,딜라이트 프로젝트,딜라이트 프로젝트 쫀득한 말랭이 대용량 택1(망고/복숭아),https://www.oliveyoung.co.kr/store/goods/getGoodsDetail.do?goodsNo=A000000209316,https://image.oliveyoung.co.kr/cfimages/cf-goods/uploads/images/thumbnails/400/10/0000/0020/A00000020931648ko.jpg?l=ko,9600,6900,28.1,13205,4.8,88,8,3,1,1,1,0,0,1,A000000209316,10000020002
2026-09-11,푸드,60,그레터스,그레터스 파스티유 블랙커런트 60g 2종 택1(클래식/슈가프리),https://www.oliveyoung.co.kr/store/goods/getGoodsDetail.do?goodsNo=A000000261554,https://image.oliveyoung.co.kr/cfimages/cf-goods/uploads/images/thumbnails/400/10/0000/0026/A00000026155401ko.jpg?l=ko,11600,9900,14.7,48,4.8,88,8,2,,2,1,0,0,1,A000000261554,10000020002
2026-09-11,푸드,61,세븐디,7D망고 80g,https://www.oliveyoung.co.kr/store/goods/getGoodsDetail.do?goodsNo=A000000111360,https://image.oliveyoung.co.kr/cfimages/cf-goods/uploads/images/thumbnails/400/10/0000/0011/A00000011136001ko.jpg?l=ko,5500,3700,32.7,10978,4.9,90,7,2,0,0,1,0,0,1,A000000111360,10000020002
2026-09-11,푸드,62,테일러,테일러 딥워터 레몬 180ml,https://www.oliveyoung.co.kr/store/goods/getGoodsDetail.do?goodsNo=A000000227547,https://image.oliveyoung.co.kr/cfimages/cf-goods/uploads/images/thumbnails/400/10/0000/0022/A00000022754701ko.jpg?l=ko,4500,2250,50.0,4805,4.8,87,8,4,1,1,1,0,0,1,A000000227547,10000020002
2026-09-11,푸드,63,올더베러,[온라인 단독/4개입] 올더베러 엑스트라버진 올리브오일 캡슐 (30일분 x 4개입),https://www.oliveyoung.co.kr/store/goods/getGoodsDetail.do?goodsNo=A000000263126,https://image.oliveyoung.co.kr/cfimages/cf-goods/uploads/images/thumbnails/400/10/0000/0026/A00000026312610ko.jpg?l=ko,79900,59900,25.0,1592,4.8,88,8,3,0,1,1,0,0,1,A000000263126,10000020002
2026-09-11,푸드,64,올더베러,[온라인 단독]올더베러 하루견과 30개입 2종 택1,https://www.oliveyoung.co.kr/store/goods/getGoodsDetail.do?goodsNo=A000000253234,https://image.oliveyoung.co.kr/cfimages/cf-goods/uploads/images/thumbnails/400/10/0000/0025/A00000025323412ko.jpg?l=ko,29900,28900,3.3,724,4.8,85,11,4,,1,1,0,0,1,A000000253234,10000020002
2026-09-11,푸드,65,티젠,티젠 콤부차 10T 13종 택1 (2025 어워즈) [유미의세포],https://www.oliveyoung.co.kr/store/goods/getGoodsDetail.do?goodsNo=A000000124481,https://image.oliveyoung.co.kr/cfimages/cf-goods/uploads/images/thumbnails/400/10/0000/0012/A00000012448170ko.jpg?l=ko,8000,4200,47.5,78763,4.8,88,8,3,0,0,1,1,0,1,A000000124481,10000020002
2026-09-11,푸드,66,셀렉스,셀렉스 프로핏 스포츠 330ml 4종 택1(초콜릿/복숭아/코코넛),https://www.oliveyoung.co.kr/store/goods/getGoodsDetail.do?goodsNo=A000000175561,https://image.oliveyoung.co.kr/cfimages/cf-goods/uploads/images/thumbnails/400/10/0000/0017/A00000017556105ko.jpg?l=ko,3200,3200,0.0,7726,4.7,81,9,6,2,2,0,0,0,1,A000000175561,10000020002
2026-09-11,푸드,67,옐로욜로,옐로욜로 카카오칩 25g,https://www.oliveyoung.co.kr/store/goods/getGoodsDetail.do?goodsNo=A000000248571,https://image.oliveyoung.co.kr/cfimages/cf-goods/uploads/images/thumbnails/400/10/0000/0024/A00000024857102ko.jpg?l=ko,3000,2500,16.7,23718,4.8,85,9,6,0,0,1,0,0,1,A000000248571,10000020002
2026-09-11,푸드,68,디다,[체지방루틴] 디다 디다톡 20정(10일분),https://www.oliveyoung.co.kr/store/goods/getGoodsDetail.do?goodsNo=A000000221967,https://image.oliveyoung.co.kr/cfimages/cf-goods/uploads/images/thumbnails/400/10/0000/0022/A00000022196709ko.jpg?l=ko,34900,33800,3.2,349,4.9,91,7,1,0,0,1,0,0,1,A000000221967,10000020002
2026-09-11,푸드,69,라이프비,라이프비 코코밥 단백질쉐이크 50g 8종 택1,https://www.oliveyoung.co.kr/store/goods/getGoodsDetail.do?goodsNo=A000000237730,https://image.oliveyoung.co.kr/cfimages/cf-goods/uploads/images/thumbnails/400/10/0000/0023/A00000023773023ko.png?l=ko,3900,3900,0.0,8032,4.8,88,7,4,1,1,0,0,0,1,A000000237730,10000020002
2026-09-11,푸드,70,올더베러,올더베러 단백질쉐이크 45g 7개입 3종 택1,https://www.oliveyoung.co.kr/store/goods/getGoodsDetail.do?goodsNo=A000000256702,https://image.oliveyoung.co.kr/cfimages/cf-goods/uploads/images/thumbnails/400/10/0000/0025/A00000025670223ko.jpg?l=ko,19900,14900,25.1,17337,4.8,88,8,3,1,1,1,0,0,1,A000000256702,10000020002
2026-09-11,푸드,71,올더베러,올더베러 그래놀라 바이트 3종 택1,https://www.oliveyoung.co.kr/store/goods/getGoodsDetail.do?goodsNo=A000000245885,https://image.oliveyoung.co.kr/cfimages/cf-goods/uploads/images/thumbnails/400/10/0000/0024/A00000024588509ko.jpg?l=ko,3900,3400,12.8,4483,4.8,90,6,2,1,1,1,0,0,1,A000000245885,10000020002
2026-09-11,푸드,72,클룹,[콜라/자두 출시] 클룹 애사비소다 13종 택 1,https://www.oliveyoung.co.kr/store/goods/getGoodsDetail.do?goodsNo=A000000235239,https://image.oliveyoung.co.kr/cfimages/cf-goods/uploads/images/thumbnails/400/10/0000/0023/A00000023523931ko.jpg?l=ko,2800,2800,0.0,15115,4.9,92,5,2,0,0,0,0,0,1,A000000235239,10000020002
2026-09-11,푸드,73,위시어,위시어 리얼크리스피 프로틴바 4종 택 1,https://www.oliveyoung.co.kr/store/goods/getGoodsDetail.do?goodsNo=A000000252574,https://image.oliveyoung.co.kr/cfimages/cf-goods/uploads/images/thumbnails/400/10/0000/0025/A00000025257412ko.png?l=ko,3300,3300,0.0,2972,4.8,89,7,3,1,1,0,0,0,1,A000000252574,10000020002
2026-09-11,푸드,74,딜라이트 프로젝트,딜라이트 프로젝트 명인 찹쌀감자부각 2종 택1 (토마토바질/대파크림치즈),https://www.oliveyoung.co.kr/store/goods/getGoodsDetail.do?goodsNo=A000000235119,https://image.oliveyoung.co.kr/cfimages/cf-goods/uploads/images/thumbnails/400/10/0000/0023/A00000023511918ko.jpg?l=ko,3500,3500,0.0,16158,4.8,85,10,4,1,1,0,0,0,1,A000000235119,10000020002
2026-09-11,푸드,75,플라이밀,플라이밀 단백질 바 크런치 40g 다크초코 / 화이트초코 2종,https://www.oliveyoung.co.kr/store/goods/getGoodsDetail.do?goodsNo=A000000236834,https://image.oliveyoung.co.kr/cfimages/cf-goods/uploads/images/thumbnails/400/10/0000/0023/A00000023683407ko.jpg?l=ko,3500,3500,0.0,11310,4.8,87,8,4,1,1,0,0,0,1,A000000236834,10000020002
2026-09-11,푸드,76,터키힐,터키힐 메이플 크림 쿠키 200g,https://www.oliveyoung.co.kr/store/goods/getGoodsDetail.do?goodsNo=A000000257157,https://image.oliveyoung.co.kr/cfimages/cf-goods/uploads/images/thumbnails/400/10/0000/0025/A00000025715701ko.png?l=ko,9900,9900,0.0,233,4.7,80,12,4,3,1,0,0,0,1,A000000257157,10000020002
2026-09-11,푸드,77,딜라이트 프로젝트,딜라이트 프로젝트 단백질쉐이크 모음전(1개입/7개입),https://www.oliveyoung.co.kr/store/goods/getGoodsDetail.do?goodsNo=A000000231574,https://image.oliveyoung.co.kr/cfimages/cf-goods/uploads/images/thumbnails/400/10/0000/0023/A00000023157454ko.jpg?l=ko,3900,3900,0.0,165472,4.8,89,7,3,1,1,0,0,0,1,A000000231574,10000020002
2026-09-11,푸드,78,크라운,크라운 마이쮸 스틱 토마토 44g,https://www.oliveyoung.co.kr/store/goods/getGoodsDetail.do?goodsNo=A000000254302,https://image.oliveyoung.co.kr/cfimages/cf-goods/uploads/images/thumbnails/400/10/0000/0025/A00000025430202ko.jpg?l=ko,1000,900,10.0,17959,4.7,82,8,5,2,3,1,0,0,1,A000000254302,10000020002
2026-09-11,푸드,79,해태,"[에코백 증정] 해태의 여름 바캉스, 감자칩&스틱 모음전 (허니버터칩/자가비/가루비)",https://www.oliveyoung.co.kr/store/goods/getGoodsDetail.do?goodsNo=A000000265628,https://image.oliveyoung.co.kr/cfimages/cf-goods/uploads/images/thumbnails/400/10/0000/0026/A00000026562802ko.png?l=ko,5480,5200,5.1,190,4.9,92,5,2,1,1,1,0,1,1,A000000265628,10000020002
2026-09-11,푸드,80,푸드올로지,[강민경 PICK] 푸드올로지 마시는 파이버 맥싱 20g 10포,https://www.oliveyoung.co.kr/store/goods/getGoodsDetail.do?goodsNo=A000000266974,https://image.oliveyoung.co.kr/cfimages/cf-goods/uploads/images/thumbnails/400/10/0000/0026/A00000026697402ko.jpg?l=ko,45000,27800,38.2,0,0.0,,,,,,1,0,0,1,A000000266974,10000020002
2026-09-11,푸드,81,올더베러,올더베러 채소바삭칩 5종 택1,https://www.oliveyoung.co.kr/store/goods/getGoodsDetail.do?goodsNo=A000000245875,https://image.oliveyoung.co.kr/cfimages/cf-goods/uploads/images/thumbnails/400/10/0000/0024/A00000024587509ko.jpg?l=ko,2900,2400,17.2,6769,4.8,87,8,4,1,1,1,0,0,1,A000000245875,10000020002
2026-09-11,푸드,82,낫띵베럴,[포켓몬 에디션] 낫띵베럴 럽티 4종 택 1,https://www.oliveyoung.co.kr/store/goods/getGoodsDetail.do?goodsNo=A000000212272,https://image.oliveyoung.co.kr/cfimages/cf-goods/uploads/images/thumbnails/400/10/0000/0021/A00000021227204ko.jpg?l=ko,7900,6900,12.7,4378,4.8,90,7,3,0,0,1,0,0,1,A000000212272,10000020002
2026-09-11,푸드,83,DJ&A,[호주야채칩] 디제이앤에이 시타케 머쉬룸 크리스프 스모크드칠리&갈릭 65g,https://www.oliveyoung.co.kr/store/goods/getGoodsDetail.do?goodsNo=A000000241883,https://image.oliveyoung.co.kr/cfimages/cf-goods/uploads/images/thumbnails/400/10/0000/0024/A00000024188301ko.jpg?l=ko,8900,6900,22.5,54,4.9,87,11,2,,,1,0,0,1,A000000241883,10000020002
2026-09-11,푸드,84,센자쿠아메,센자쿠아메 호시노소다 캔디 85g,https://www.oliveyoung.co.kr/store/goods/getGoodsDetail.do?goodsNo=A000000261278,https://image.oliveyoung.co.kr/cfimages/cf-goods/uploads/images/thumbnails/400/10/0000/0026/A00000026127805ko.jpg?l=ko,4000,4000,0.0,119,4.8,88,8,3,,1,0,0,0,1,A000000261278,10000020002
2026-09-11,푸드,85,니아르,[사나 PICK/다이어트 캔디] 니아르 가르시니아 감귤맛/샤인머스캣맛 14정 기획,https://www.oliveyoung.co.kr/store/goods/getGoodsDetail.do?goodsNo=A000000229159,https://image.oliveyoung.co.kr/cfimages/cf-goods/uploads/images/thumbnails/400/10/0000/0022/A00000022915917ko.jpg?l=ko,24900,15000,39.8,2760,4.7,79,13,5,1,2,1,1,0,1,A000000229159,10000020002
2026-09-11,푸드,86,제일제당,햇반 윤기가득쌀밥 210gX36개 [1박스],https://www.oliveyoung.co.kr/store/goods/getGoodsDetail.do?goodsNo=B000000180700,https://image.oliveyoung.co.kr/cfimages/cf-goods/uploads/images/thumbnails/400/10/0000/0018/B00000018070004ko.jpg?l=ko,66600,39960,40.0,223,5.0,96,4,,,,0,1,0,0,B000000180700,10000020002
2026-09-11,푸드,87,데헤사 엘 몰리니요,데헤사 엘 몰리니요 엑스트라버진 올리브오일 500ml 엠펠트레,https://www.oliveyoung.co.kr/store/goods/getGoodsDetail.do?goodsNo=A000000240942,https://image.oliveyoung.co.kr/cfimages/cf-goods/uploads/images/thumbnails/400/10/0000/0024/A00000024094206ko.jpg?l=ko,80000,80000,0.0,1,3.0,,,100,,,0,0,0,1,A000000240942,10000020002
2026-09-11,푸드,88,온브릭스,"[추석선물][온브릭스] 프리미엄 과일선물세트 9종 에메랄드3호 5.6kg이상 (멜론,애플망고)",https://www.oliveyoung.co.kr/store/goods/getGoodsDetail.do?goodsNo=B000000226294,https://image.oliveyoung.co.kr/cfimages/cf-goods/uploads/images/thumbnails/400/10/0000/0022/B00000022629416ko.jpg?l=ko,99900,79920,20.0,67,4.9,96,3,,,1,0,1,0,0,B000000226294,10000020002
2026-09-11,푸드,89,생과방,생과방 수제약과 4개입(160g) 파우치 가/나 세트,https://www.oliveyoung.co.kr/store/goods/getGoodsDetail.do?goodsNo=A000000250991,https://image.oliveyoung.co.kr/cfimages/cf-goods/uploads/images/thumbnails/400/10/0000/0025/A00000025099117ko.png?l=ko,16000,14400,10.0,43,4.9,93,5,2,,,1,0,0,1,A000000250991,10000020002
2026-09-11,푸드,90,푸드올로지,푸드올로지 그린올로지 샐러드 48시간 1000ml,https://www.oliveyoung.co.kr/store/goods/getGoodsDetail.do?goodsNo=A000000231564,https://image.oliveyoung.co.kr/cfimages/cf-goods/uploads/images/thumbnails/400/10/0000/0023/A00000023156402ko.jpg?l=ko,24800,24800,0.0,135,4.6,79,8,11,1,1,0,0,0,1,A000000231564,10000020002
2026-09-11,푸드,91,딜라이트 프로젝트,딜라이트 프로젝트 벌꿀약과 2종 택1 (오리지널/눈꽃),https://www.oliveyoung.co.kr/store/goods/getGoodsDetail.do?goodsNo=A000000207632,https://image.oliveyoung.co.kr/cfimages/cf-goods/uploads/images/thumbnails/400/10/0000/0020/A00000020763208ko.jpg?l=ko,4600,3900,15.2,7090,4.7,83,10,5,1,1,1,0,0,1,A000000207632,10000020002
2026-09-11,푸드,92,올더베러,올더베러 워터스틱 7포 4종 택1,https://www.oliveyoung.co.kr/store/goods/getGoodsDetail.do?goodsNo=A000000247307,https://image.oliveyoung.co.kr/cfimages/cf-goods/uploads/images/thumbnails/400/10/0000/0024/A00000024730719ko.jpg?l=ko,4900,2900,40.8,824,4.8,86,9,3,1,1,0,1,0,1,A000000247307,10000020002
2026-09-11,푸드,93,누텔라,누텔라 비스킷 166g,https://www.oliveyoung.co.kr/store/goods/getGoodsDetail.do?goodsNo=A000000202470,https://image.oliveyoung.co.kr/cfimages/cf-goods/uploads/images/thumbnails/400/10/0000/0020/A00000020247002ko.png?l=ko,8900,8900,0.0,6568,4.9,92,6,1,0,0,0,0,0,1,A000000202470,10000020002
2026-09-11,푸드,94,올더베러,올더베러 데일리 스낵 8종 택1,https://www.oliveyoung.co.kr/store/goods/getGoodsDetail.do?goodsNo=A000000246374,https://image.oliveyoung.co.kr/cfimages/cf-goods/uploads/images/thumbnails/400/10/0000/0024/A00000024637412ko.jpg?l=ko,1500,1500,0.0,25707,4.8,90,6,3,0,0,0,0,0,1,A000000246374,10000020002
2026-09-11,푸드,95,봄날엔,봄날엔 초코퐁당 요거꿀떡 6입,https://www.oliveyoung.co.kr/store/goods/getGoodsDetail.do?goodsNo=B000000226641,https://image.oliveyoung.co.kr/cfimages/cf-goods/uploads/images/thumbnails/400/10/0000/0022/B00000022664101ko.png?l=ko,18000,16200,10.0,1214,4.7,81,10,5,1,2,0,1,0,0,B000000226641,10000020002
2026-09-11,푸드,96,생과방,생과방 수제약과 8종 택 1,https://www.oliveyoung.co.kr/store/goods/getGoodsDetail.do?goodsNo=A000000250988,https://image.oliveyoung.co.kr/cfimages/cf-goods/uploads/images/thumbnails/400/10/0000/0025/A00000025098817ko.png?l=ko,3500,3200,8.6,326,4.7,81,8,8,2,1,1,0,0,1,A000000250988,10000020002
2026-09-11,푸드,97,랩노쉬,[NEW] 랩노쉬 프로틴 쉐이크 50g 7종 택1,https://www.oliveyoung.co.kr/store/goods/getGoodsDetail.do?goodsNo=A000000261908,https://image.oliveyoung.co.kr/cfimages/cf-goods/uploads/images/thumbnails/400/10/0000/0026/A00000026190817ko.jpg?l=ko,5900,5900,0.0,82,4.7,77,17,5,1,,0,0,0,1,A000000261908,10000020002
2026-09-11,푸드,98,담터,담터 포켓몬 콤부차 10개입 6종,https://www.oliveyoung.co.kr/store/goods/getGoodsDetail.do?goodsNo=A000000176971,https://image.oliveyoung.co.kr/cfimages/cf-goods/uploads/images/thumbnails/400/10/0000/0017/A00000017697111ko.jpg?l=ko,8000,4500,43.8,9299,4.8,87,9,3,0,0,1,0,0,1,A000000176971,10000020002
2026-09-11,푸드,99,이로하스,일로하스 피치 540ml,https://www.oliveyoung.co.kr/store/goods/getGoodsDetail.do?goodsNo=A000000231502,https://image.oliveyoung.co.kr/cfimages/cf-goods/uploads/images/thumbnails/400/10/0000/0023/A00000023150201ko.png?l=ko,2500,2500,0.0,9107,4.9,93,5,2,0,0,0,0,0,1,A000000231502,10000020002
2026-09-11,푸드,100,딜라이트 프로젝트,딜라이트 프로젝트 단백질쉐이크 45g 택1,https://www.oliveyoung.co.kr/store/goods/getGoodsDetail.do?goodsNo=A000000208162,https://image.oliveyoung.co.kr/cfimages/cf-goods/uploads/images/thumbnails/400/10/0000/0020/A00000020816271ko.jpg?l=ko,3900,3900,0.0,48568,4.8,90,7,3,0,0,0,0,0,1,A000000208162,10000020002
2026-09-11,구강용품,1,가그린,[9월올영픽/산리오] 가그린 후레쉬브레스 민트 15ml 더블 기획 (+헬로키티 스티커),https://www.oliveyoung.co.kr/store/goods/getGoodsDetail.do?goodsNo=A000000264925,https://image.oliveyoung.co.kr/cfimages/cf-goods/uploads/images/thumbnails/400/10/0000/0026/A00000026492509ko.jpg?l=ko,15800,12700,19.6,8451,4.7,82,11,5,1,0,1,1,0,1,A000000264925,10000020003
2026-09-11,구강용품,2,라덴스,[9월올영픽/산리오] 라덴스 베럴 혀클리너 4종 (더블기획/단품),https://www.oliveyoung.co.kr/store/goods/getGoodsDetail.do?goodsNo=A000000159233,https://image.oliveyoung.co.kr/cfimages/cf-goods/uploads/images/thumbnails/400/10/0000/0015/A00000015923342ko.jpg?l=ko,19800,14600,26.3,30448,4.8,87,9,3,0,0,1,1,0,1,A000000159233,10000020003
2026-09-11,구강용품,3,노도르,[산리오/올영PICK/불소 포함] 노도르 고체가글 6종 택1 (스트롱민트/딸기/피치/레몬/라임/오리지널),https://www.oliveyoung.co.kr/store/goods/getGoodsDetail.do?goodsNo=A000000236918,https://image.oliveyoung.co.kr/cfimages/cf-goods/uploads/images/thumbnails/400/10/0000/0023/A00000023691832ko.png?l=ko,12900,10900,15.5,7040,4.7,79,12,6,2,1,1,1,0,1,A000000236918,10000020003
2026-09-11,구강용품,4,테라브레스,[단독기획] 테라브레스 오랄린스 패밀리 사이즈 2종 택1 (본품 1L+150ml 추가 증정),https://www.oliveyoung.co.kr/store/goods/getGoodsDetail.do?goodsNo=A000000158539,https://image.oliveyoung.co.kr/cfimages/cf-goods/uploads/images/thumbnails/400/10/0000/0015/A00000015853911ko.jpg?l=ko,25900,24900,3.9,15575,4.9,92,6,1,0,0,1,0,0,1,A000000158539,10000020003
2026-09-11,구강용품,5,퓨리븐,[9월 올영픽/SNS대란템] 퓨리븐 퍼플 가루 보색치약 40g,https://www.oliveyoung.co.kr/store/goods/getGoodsDetail.do?goodsNo=A000000257324,https://image.oliveyoung.co.kr/cfimages/cf-goods/uploads/images/thumbnails/400/10/0000/0025/A00000025732412ko.jpg?l=ko,24800,19380,21.9,1047,4.6,76,13,8,2,2,1,1,0,1,A000000257324,10000020003
2026-09-11,구강용품,6,라이브오랄스,[올영단독/NEW] 라이브오랄스 치아미백제+미백치약 화이트닝 끝장세트(4주분),https://www.oliveyoung.co.kr/store/goods/getGoodsDetail.do?goodsNo=A000000261834,https://image.oliveyoung.co.kr/cfimages/cf-goods/uploads/images/thumbnails/400/10/0000/0026/A00000026183401ko.png?l=ko,32500,29900,8.0,5651,4.5,72,16,9,2,2,1,0,0,1,A000000261834,10000020003
2026-09-11,구강용품,7,유시몰,[누적착색침투] 유시몰 화이트닝 퍼플코렉터 세럼치약 60ml,https://www.oliveyoung.co.kr/store/goods/getGoodsDetail.do?goodsNo=A000000263521,https://image.oliveyoung.co.kr/cfimages/cf-goods/uploads/images/thumbnails/400/10/0000/0026/A00000026352154ko.jpg?l=ko,22900,19900,13.1,1276,4.9,94,5,1,0,0,1,0,0,1,A000000263521,10000020003
2026-09-11,구강용품,8,유시몰,[9월올영픽/산리오] 유시몰 화이트닝 퍼플코렉터 치약/퍼플 칫솔(단품/쿠로미 기획),https://www.oliveyoung.co.kr/store/goods/getGoodsDetail.do?goodsNo=A000000199329,https://image.oliveyoung.co.kr/cfimages/cf-goods/uploads/images/thumbnails/400/10/0000/0019/A00000019932957ko.jpg?l=ko,16900,13300,21.3,9802,4.6,75,14,8,2,1,1,1,0,1,A000000199329,10000020003
2026-09-11,구강용품,9,닥터텅스,닥터텅스 스마트 치실 2입 기획,https://www.oliveyoung.co.kr/store/goods/getGoodsDetail.do?goodsNo=A000000203049,https://image.oliveyoung.co.kr/cfimages/cf-goods/uploads/images/thumbnails/400/10/0000/0020/A00000020304968ko.jpg?l=ko,12800,11800,7.8,26151,4.9,91,7,2,0,0,1,0,0,1,A000000203049,10000020003
2026-09-11,구강용품,10,가그린,듀오버스터 더블 민트볼 30입 (단품/더블기획),https://www.oliveyoung.co.kr/store/goods/getGoodsDetail.do?goodsNo=A000000222374,https://image.oliveyoung.co.kr/cfimages/cf-goods/uploads/images/thumbnails/400/10/0000/0022/A00000022237428ko.jpg?l=ko,8900,6900,22.5,21271,4.8,87,9,3,1,1,1,0,0,1,A000000222374,10000020003
2026-09-11,구강용품,11,콜게이트,[불소 포함] 콜게이트 옵틱화이트 다즐링화이트 치약 100g,https://www.oliveyoung.co.kr/store/goods/getGoodsDetail.do?goodsNo=A000000154178,https://image.oliveyoung.co.kr/cfimages/cf-goods/uploads/images/thumbnails/400/10/0000/0015/A00000015417805ko.jpg?l=ko,9900,9900,0.0,3473,4.7,81,14,5,0,0,0,0,0,1,A000000154178,10000020003
2026-09-11,구강용품,12,테라브레스,[단독출시] 테라브레스 오랄린스 1L/473ml 증정기획 4종 & 마우스스프레이 2종,https://www.oliveyoung.co.kr/store/goods/getGoodsDetail.do?goodsNo=A000000253449,https://image.oliveyoung.co.kr/cfimages/cf-goods/uploads/images/thumbnails/400/10/0000/0025/A00000025344933ko.jpg?l=ko,15900,9900,37.7,30469,4.9,92,6,1,0,0,1,0,0,1,A000000253449,10000020003
2026-09-11,구강용품,13,덴티스테,덴티스테 민트볼 20입 더블기획 / 대용량 5팩 기획,https://www.oliveyoung.co.kr/store/goods/getGoodsDetail.do?goodsNo=A000000206775,https://image.oliveyoung.co.kr/cfimages/cf-goods/uploads/images/thumbnails/400/10/0000/0020/A00000020677509ko.jpg?l=ko,13000,9800,24.6,46358,4.8,87,9,3,0,0,1,0,0,1,A000000206775,10000020003
2026-09-11,구강용품,14,리브러쉬,[레오제이 공동개발] 리브러쉬 과즙 농축 가글 20ml 단품/기획 3종 택1(복숭아/청사과/포도),https://www.oliveyoung.co.kr/store/goods/getGoodsDetail.do?goodsNo=A000000248332,https://image.oliveyoung.co.kr/cfimages/cf-goods/uploads/images/thumbnails/400/10/0000/0024/A00000024833228ko.png?l=ko,18900,15900,15.9,3407,4.8,88,9,3,0,0,1,0,0,1,A000000248332,10000020003
2026-09-11,구강용품,15,페리오,페리오 화이트나우 미백 패치 일주일팩(14p),https://www.oliveyoung.co.kr/store/goods/getGoodsDetail.do?goodsNo=A000000149866,https://image.oliveyoung.co.kr/cfimages/cf-goods/uploads/images/thumbnails/400/10/0000/0014/A00000014986601ko.jpg?l=ko,22500,12900,42.7,10467,4.6,73,18,7,1,1,1,0,0,1,A000000149866,10000020003
2026-09-11,구강용품,16,테라브레스,[단독증정] 테라브레스 오랄린스 473ml+150ml+12ml*3매 기획 (마일드민트/아이시민트),https://www.oliveyoung.co.kr/store/goods/getGoodsDetail.do?goodsNo=A000000263785,https://image.oliveyoung.co.kr/cfimages/cf-goods/uploads/images/thumbnails/400/10/0000/0026/A00000026378507ko.jpg?l=ko,15900,14900,6.3,80150,4.8,88,9,2,0,0,1,0,0,1,A000000263785,10000020003
2026-09-11,구강용품,17,덴티스테,덴티스테 브레스케어 스프레이 15ml,https://www.oliveyoung.co.kr/store/goods/getGoodsDetail.do?goodsNo=A000000224850,https://image.oliveyoung.co.kr/cfimages/cf-goods/uploads/images/thumbnails/400/10/0000/0022/A00000022485017ko.jpg?l=ko,10900,8700,20.2,4582,4.9,90,8,2,0,0,1,0,0,1,A000000224850,10000020003
2026-09-11,구강용품,18,테라브레스,[단독선런칭] 테라브레스 마우스 스프레이 15ml 마일드민트/아이시민트 2종,https://www.oliveyoung.co.kr/store/goods/getGoodsDetail.do?goodsNo=A000000264068,https://image.oliveyoung.co.kr/cfimages/cf-goods/uploads/images/thumbnails/400/10/0000/0026/A00000026406805ko.jpg?l=ko,15900,9900,37.7,601,4.8,90,5,3,1,1,1,0,0,1,A000000264068,10000020003
2026-09-11,구강용품,19,테라브레스,[대용량] 테라브레스 오랄린스 1L 3개입 2종 택1 (마일드민트/아이시민트),https://www.oliveyoung.co.kr/store/goods/getGoodsDetail.do?goodsNo=A000000151666,https://image.oliveyoung.co.kr/cfimages/cf-goods/uploads/images/thumbnails/400/10/0000/0015/A00000015166613ko.jpg?l=ko,76300,67900,11.0,5483,4.8,88,8,3,0,0,1,0,0,1,A000000151666,10000020003
2026-09-11,구강용품,20,오리진에이,오리진에이 프로폴리스 프레쉬 브레스 스프레이 25ml (단품/3개입),https://www.oliveyoung.co.kr/store/goods/getGoodsDetail.do?goodsNo=A000000228321,https://image.oliveyoung.co.kr/cfimages/cf-goods/uploads/images/thumbnails/400/10/0000/0022/A00000022832104ko.jpeg?l=ko,26000,23400,10.0,426,4.9,89,8,2,,0,1,0,0,1,A000000228321,10000020003
2026-09-11,구강용품,21,브리쎄,[토끼혀/NEW] 브리쎄 레빗텅 틴트 필름 3종 택 1(시그니처/크랜베리/피치민트),https://www.oliveyoung.co.kr/store/goods/getGoodsDetail.do?goodsNo=A000000257314,https://image.oliveyoung.co.kr/cfimages/cf-goods/uploads/images/thumbnails/400/10/0000/0025/A00000025731426ko.jpg?l=ko,19800,19800,0.0,361,4.7,84,6,5,1,4,0,0,0,1,A000000257314,10000020003
2026-09-11,구강용품,22,가그린,[사내뷰공업PICK] 듀오버스터 맥스프레시 고불소 치약 100g,https://www.oliveyoung.co.kr/store/goods/getGoodsDetail.do?goodsNo=A000000260948,https://image.oliveyoung.co.kr/cfimages/cf-goods/uploads/images/thumbnails/400/10/0000/0026/A00000026094807ko.jpg?l=ko,10900,7400,32.1,220,4.9,93,5,1,1,,1,1,0,1,A000000260948,10000020003
2026-09-11,구강용품,23,유시몰,[9월올영픽/산리오] 유시몰 화이트닝 퍼플 칫솔 2입 기획 (+쿠로미 랜덤뱃지),https://www.oliveyoung.co.kr/store/goods/getGoodsDetail.do?goodsNo=A000000264405,https://image.oliveyoung.co.kr/cfimages/cf-goods/uploads/images/thumbnails/400/10/0000/0026/A00000026440509ko.jpg?l=ko,13900,9500,31.7,35,4.9,91,6,3,,,1,1,0,1,A000000264405,10000020003
2026-09-11,구강용품,24,루치펠로,[최유정 PICK /고불소/NEW] 루치펠로 유칼립투스 앤 민트/라임 앤 씨솔트 치약 105g,https://www.oliveyoung.co.kr/store/goods/getGoodsDetail.do?goodsNo=A000000262623,https://image.oliveyoung.co.kr/cfimages/cf-goods/uploads/images/thumbnails/400/10/0000/0026/A00000026262313ko.jpg?l=ko,11900,7510,36.9,585,4.9,94,5,1,,1,1,1,1,1,A000000262623,10000020003
2026-09-11,구강용품,25,페리오,[대용량] 페리오 화이트나우 미백 패치 64p,https://www.oliveyoung.co.kr/store/goods/getGoodsDetail.do?goodsNo=A000000159581,https://image.oliveyoung.co.kr/cfimages/cf-goods/uploads/images/thumbnails/400/10/0000/0015/A00000015958101ko.jpg?l=ko,86400,53900,37.6,22699,4.6,72,19,8,1,1,1,0,0,1,A000000159581,10000020003
2026-09-11,구강용품,26,콜게이트,[고불소] 콜게이트 프로텍션 치약 100g 3+1기획/단품  (레귤러/쿨민트),https://www.oliveyoung.co.kr/store/goods/getGoodsDetail.do?goodsNo=A000000151959,https://image.oliveyoung.co.kr/cfimages/cf-goods/uploads/images/thumbnails/400/10/0000/0015/A00000015195908ko.jpg?l=ko,14700,14700,0.0,31081,4.9,90,7,2,0,0,0,0,0,1,A000000151959,10000020003
2026-09-11,구강용품,27,덴티스테,덴티스테 후레쉬 브레스 스프레이 15ml,https://www.oliveyoung.co.kr/store/goods/getGoodsDetail.do?goodsNo=A000000103540,https://image.oliveyoung.co.kr/cfimages/cf-goods/uploads/images/thumbnails/400/10/0000/0010/A00000010354026ko.jpg?l=ko,9900,9900,0.0,68331,4.9,90,8,2,0,0,0,0,0,1,A000000103540,10000020003
2026-09-11,구강용품,28,유시몰,[9월올영픽/산리오] 유시몰 화이트닝 퍼플코렉터 치약 106g 기획 (+쿠로미 치약 스탠더),https://www.oliveyoung.co.kr/store/goods/getGoodsDetail.do?goodsNo=A000000264404,https://image.oliveyoung.co.kr/cfimages/cf-goods/uploads/images/thumbnails/400/10/0000/0026/A00000026440409ko.jpg?l=ko,16900,13300,21.3,105,4.6,77,14,5,2,2,1,1,0,1,A000000264404,10000020003
2026-09-11,구강용품,29,루치펠로,[NEW] 루치펠로 오션다이브 칫솔 1입/4입,https://www.oliveyoung.co.kr/store/goods/getGoodsDetail.do?goodsNo=A000000262240,https://image.oliveyoung.co.kr/cfimages/cf-goods/uploads/images/thumbnails/400/10/0000/0026/A00000026224010ko.jpg?l=ko,17500,10360,40.8,313,4.9,95,4,1,0,0,1,1,1,1,A000000262240,10000020003
2026-09-11,구강용품,30,큐라덴,큐라덴 큐라프록스 CS5460 칫솔,https://www.oliveyoung.co.kr/store/goods/getGoodsDetail.do?goodsNo=A000000166387,https://image.oliveyoung.co.kr/cfimages/cf-goods/uploads/images/thumbnails/400/10/0000/0016/A00000016638713ko.jpg?l=ko,8500,8500,0.0,2920,4.8,87,9,4,1,1,0,0,0,1,A000000166387,10000020003
2026-09-11,구강용품,31,리브러쉬,리브러쉬 구강 스프레이 15ml 더블기획 2종 (프레쉬 브레스/리프레쉬),https://www.oliveyoung.co.kr/store/goods/getGoodsDetail.do?goodsNo=A000000255359,https://image.oliveyoung.co.kr/cfimages/cf-goods/uploads/images/thumbnails/400/10/0000/0025/A00000025535908ko.png?l=ko,29900,16900,43.5,5662,4.8,83,11,5,1,1,1,0,0,1,A000000255359,10000020003
2026-09-11,구강용품,32,유시몰,[고불소] 유시몰 오리지널 티에디션 치약 자몽블랙티/라임&시솔트 106g 더블기획(+스퀴저),https://www.oliveyoung.co.kr/store/goods/getGoodsDetail.do?goodsNo=A000000263519,https://image.oliveyoung.co.kr/cfimages/cf-goods/uploads/images/thumbnails/400/10/0000/0026/A00000026351924ko.jpg?l=ko,22900,19900,13.1,173,4.9,91,9,1,,,1,0,0,1,A000000263519,10000020003
2026-09-11,구강용품,33,덴티스테,[대용량] 덴티스테 후레쉬 브레스 스프레이 3개입,https://www.oliveyoung.co.kr/store/goods/getGoodsDetail.do?goodsNo=A000000135670,https://image.oliveyoung.co.kr/cfimages/cf-goods/uploads/images/thumbnails/400/10/0000/0013/A00000013567013ko.jpg?l=ko,28900,23200,19.7,2307,4.9,90,8,2,0,0,1,0,0,1,A000000135670,10000020003
2026-09-11,구강용품,34,라이브오랄스,[마우스피스 기획세트] 라이브오랄스 셀프 홈케어 치아미백제 2주분,https://www.oliveyoung.co.kr/store/goods/getGoodsDetail.do?goodsNo=A000000192047,https://image.oliveyoung.co.kr/cfimages/cf-goods/uploads/images/thumbnails/400/10/0000/0019/A00000019204746ko.jpg?l=ko,32500,28900,11.1,3474,4.5,71,16,9,2,2,1,0,0,1,A000000192047,10000020003
2026-09-11,구강용품,35,로로벨,[불소 포함] 로로벨 와와 치약 100g 기획 (+30g),https://www.oliveyoung.co.kr/store/goods/getGoodsDetail.do?goodsNo=A000000231635,https://image.oliveyoung.co.kr/cfimages/cf-goods/uploads/images/thumbnails/400/10/0000/0023/A00000023163501ko.jpg?l=ko,8800,7920,10.0,1439,4.9,92,5,2,0,0,0,1,0,1,A000000231635,10000020003
2026-09-11,구강용품,36,덴티스테,[불소 포함] 덴티스테 플러스 화이트 프로 치약 튜브 60g/100g,https://www.oliveyoung.co.kr/store/goods/getGoodsDetail.do?goodsNo=A000000236415,https://image.oliveyoung.co.kr/cfimages/cf-goods/uploads/images/thumbnails/400/10/0000/0023/A00000023641502ko.jpg?l=ko,7300,7300,0.0,3568,4.8,89,8,3,0,0,0,0,0,1,A000000236415,10000020003
2026-09-11,구강용품,37,닥터텅스,[대용량] 닥터텅스 이태리 치실 6개입,https://www.oliveyoung.co.kr/store/goods/getGoodsDetail.do?goodsNo=A000000150674,https://image.oliveyoung.co.kr/cfimages/cf-goods/uploads/images/thumbnails/400/10/0000/0015/A00000015067433ko.jpg?l=ko,36270,35290,2.7,1572,4.9,95,4,0,0,1,1,0,0,1,A000000150674,10000020003
2026-09-11,구강용품,38,가그린,[올리브영 단독] 듀오버스터 민트볼 30입 더블기획,https://www.oliveyoung.co.kr/store/goods/getGoodsDetail.do?goodsNo=A000000232255,https://image.oliveyoung.co.kr/cfimages/cf-goods/uploads/images/thumbnails/400/10/0000/0023/A00000023225511ko.jpg?l=ko,17800,12600,29.2,16927,4.8,86,9,3,1,1,1,0,0,1,A000000232255,10000020003
2026-09-11,구강용품,39,리스테린,리스테린 가글 쿨민트 750ml 기획 (+100ml*2 증정)/쿨민트 단품,https://www.oliveyoung.co.kr/store/goods/getGoodsDetail.do?goodsNo=A000000204544,https://image.oliveyoung.co.kr/cfimages/cf-goods/uploads/images/thumbnails/400/10/0000/0020/A00000020454429ko.png?l=ko,9900,6900,30.3,8240,4.8,86,11,3,0,0,1,0,0,1,A000000204544,10000020003
2026-09-11,구강용품,40,센소다인,[불소 포함] 센소다인 치약 6종 택1,https://www.oliveyoung.co.kr/store/goods/getGoodsDetail.do?goodsNo=A000000245074,https://image.oliveyoung.co.kr/cfimages/cf-goods/uploads/images/thumbnails/400/10/0000/0024/A00000024507413ko.jpg?l=ko,8000,7000,12.5,24174,4.8,86,10,3,0,0,1,0,0,1,A000000245074,10000020003
2026-09-11,구강용품,41,콜게이트,[고불소] 콜게이트 맥시멈 캐비티 프로텍션 쿨민트 치약 100g,https://www.oliveyoung.co.kr/store/goods/getGoodsDetail.do?goodsNo=A000000150063,https://image.oliveyoung.co.kr/cfimages/cf-goods/uploads/images/thumbnails/400/10/0000/0015/A00000015006306ko.jpg?l=ko,4300,3300,23.3,13903,4.9,90,8,2,0,0,1,0,0,1,A000000150063,10000020003
2026-09-11,구강용품,42,덴티스테,[대용량/불소 포함] 덴티스테 플러스화이트 프로 치약 튜브 160g 3종 택1,https://www.oliveyoung.co.kr/store/goods/getGoodsDetail.do?goodsNo=A000000236423,https://image.oliveyoung.co.kr/cfimages/cf-goods/uploads/images/thumbnails/400/10/0000/0023/A00000023642302ko.jpg?l=ko,65740,46000,30.0,3568,4.8,89,8,3,0,0,1,0,0,1,A000000236423,10000020003
2026-09-11,구강용품,43,플랙커스,플랙커스 마이크로민트 치실 (36개입/90개입),https://www.oliveyoung.co.kr/store/goods/getGoodsDetail.do?goodsNo=A000000173421,https://image.oliveyoung.co.kr/cfimages/cf-goods/uploads/images/thumbnails/400/10/0000/0017/A00000017342108ko.jpg?l=ko,4100,4100,0.0,6962,4.9,90,8,2,0,0,0,0,0,1,A000000173421,10000020003
2026-09-11,구강용품,44,유시몰,[9월올영픽/산리오] 유시몰 화이트닝 퍼플코렉터 미백 프로그램 3입 기획 (+쿠로미 랜덤뱃지),https://www.oliveyoung.co.kr/store/goods/getGoodsDetail.do?goodsNo=A000000264408,https://image.oliveyoung.co.kr/cfimages/cf-goods/uploads/images/thumbnails/400/10/0000/0026/A00000026440808ko.jpg?l=ko,26900,20800,22.7,10,4.9,90,10,,,,1,1,0,1,A000000264408,10000020003
2026-09-11,구강용품,45,에비스,에비스 프리미엄케어 6열 광폭헤드 칫솔 미세모(색상랜덤),https://www.oliveyoung.co.kr/store/goods/getGoodsDetail.do?goodsNo=A000000242177,https://image.oliveyoung.co.kr/cfimages/cf-goods/uploads/images/thumbnails/400/10/0000/0024/A00000024217701ko.jpg?l=ko,4600,4200,8.7,9307,4.9,89,8,2,0,0,1,0,0,1,A000000242177,10000020003
2026-09-11,구강용품,46,바이오코어유산균,[화사 PICK] CJ 바이오코어 구강유산균 30정,https://www.oliveyoung.co.kr/store/goods/getGoodsDetail.do?goodsNo=A000000200544,https://image.oliveyoung.co.kr/cfimages/cf-goods/uploads/images/thumbnails/400/10/0000/0020/A00000020054411ko.jpg?l=ko,27900,27900,0.0,612,4.8,86,11,2,0,0,0,0,0,1,A000000200544,10000020003
2026-09-11,구강용품,47,티타드,[97% 구취 제거] 티타드 프레시 브레스 플러스 치약 100g 기획 3종 (더블/단품/미니언즈),https://www.oliveyoung.co.kr/store/goods/getGoodsDetail.do?goodsNo=A000000186672,https://image.oliveyoung.co.kr/cfimages/cf-goods/uploads/images/thumbnails/400/10/0000/0018/A00000018667255ko.png?l=ko,9900,9400,5.1,5478,4.8,83,11,4,1,1,1,0,0,1,A000000186672,10000020003
2026-09-11,구강용품,48,제로가이드,제로가이드 레프제로 구강유산균 엠지 2종(애플민트/레몬),https://www.oliveyoung.co.kr/store/goods/getGoodsDetail.do?goodsNo=A000000225687,https://image.oliveyoung.co.kr/cfimages/cf-goods/uploads/images/thumbnails/400/10/0000/0022/A00000022568710ko.jpg?l=ko,23000,15900,30.9,661,4.9,92,5,2,1,0,1,1,0,1,A000000225687,10000020003
2026-09-11,구강용품,49,유시몰,[불소 포함] 유시몰 화이트닝 미백치약 106g,https://www.oliveyoung.co.kr/store/goods/getGoodsDetail.do?goodsNo=A000000175534,https://image.oliveyoung.co.kr/cfimages/cf-goods/uploads/images/thumbnails/400/10/0000/0017/A00000017553421ko.jpg?l=ko,15900,12900,18.9,8334,4.6,72,16,8,2,2,1,0,0,1,A000000175534,10000020003
2026-09-11,구강용품,50,페리오,페리오 화이트나우 미백 패치 3종 택1 (일주일팩/대용량팩/8P),https://www.oliveyoung.co.kr/store/goods/getGoodsDetail.do?goodsNo=A000000222020,https://image.oliveyoung.co.kr/cfimages/cf-goods/uploads/images/thumbnails/400/10/0000/0022/A00000022202001ko.jpg?l=ko,22500,12900,42.7,26374,4.6,72,18,7,1,1,1,0,0,1,A000000222020,10000020003
2026-09-11,구강용품,51,민티드,민티드 마우스 스프레이 10ml,https://www.oliveyoung.co.kr/store/goods/getGoodsDetail.do?goodsNo=A000000187947,https://image.oliveyoung.co.kr/cfimages/cf-goods/uploads/images/thumbnails/400/10/0000/0018/A00000018794703ko.jpg?l=ko,4900,4400,10.2,8177,4.5,74,13,8,3,3,1,0,0,1,A000000187947,10000020003
2026-09-11,구강용품,52,뷰센,[집중 미백케어] 뷰센28 치아미백제 80g 기획팩 (+미니 20g 증정)/단품,https://www.oliveyoung.co.kr/store/goods/getGoodsDetail.do?goodsNo=A000000185790,https://image.oliveyoung.co.kr/cfimages/cf-goods/uploads/images/thumbnails/400/10/0000/0018/A00000018579031ko.jpg?l=ko,11000,8800,20.0,4618,4.6,74,17,8,1,1,1,0,0,1,A000000185790,10000020003
2026-09-11,구강용품,53,닥터텅스,닥터텅스 구역질 없는 스텐 혀클리너 (+파우치 증정) (색상 랜덤),https://www.oliveyoung.co.kr/store/goods/getGoodsDetail.do?goodsNo=A000000111272,https://image.oliveyoung.co.kr/cfimages/cf-goods/uploads/images/thumbnails/400/10/0000/0011/A00000011127283ko.jpg?l=ko,11400,9980,12.5,14032,4.8,85,10,4,1,0,1,0,0,1,A000000111272,10000020003
2026-09-11,구강용품,54,유시몰,유시몰 클래식 혀클리너,https://www.oliveyoung.co.kr/store/goods/getGoodsDetail.do?goodsNo=A000000201886,https://image.oliveyoung.co.kr/cfimages/cf-goods/uploads/images/thumbnails/400/10/0000/0020/A00000020188607ko.jpg?l=ko,9900,9900,0.0,4598,4.7,84,10,4,1,1,0,0,0,1,A000000201886,10000020003
2026-09-11,구강용품,55,아쿠아픽,아쿠아픽 구강세정기 AQ-320,https://www.oliveyoung.co.kr/store/goods/getGoodsDetail.do?goodsNo=B000000188699,https://image.oliveyoung.co.kr/cfimages/cf-goods/uploads/images/thumbnails/400/10/0000/0018/B00000018869903ko.jpg?l=ko,99000,73900,25.4,33,4.8,91,6,,,3,0,1,0,0,B000000188699,10000020003
2026-09-11,구강용품,56,마비스,[NEW] 마비스 화이트민트 치약 85ml 기획 (+10ml),https://www.oliveyoung.co.kr/store/goods/getGoodsDetail.do?goodsNo=A000000258526,https://image.oliveyoung.co.kr/cfimages/cf-goods/uploads/images/thumbnails/400/10/0000/0025/A00000025852601ko.jpg?l=ko,29000,23200,20.0,206,4.8,88,8,3,0,,1,0,0,1,A000000258526,10000020003
2026-09-11,구강용품,57,덴티스테,덴티스테 트래블팩 (칫솔&치약),https://www.oliveyoung.co.kr/store/goods/getGoodsDetail.do?goodsNo=A000000004254,https://image.oliveyoung.co.kr/cfimages/cf-goods/uploads/images/thumbnails/400/10/0000/0000/A00000000425411ko.jpg?l=ko,6200,4900,21.0,17476,4.8,87,10,3,0,0,1,0,0,1,A000000004254,10000020003
2026-09-11,구강용품,58,에비스,[대용량] 에비스 프리미엄 칫솔 4개입 2종 택1,https://www.oliveyoung.co.kr/store/goods/getGoodsDetail.do?goodsNo=A000000154203,https://image.oliveyoung.co.kr/cfimages/cf-goods/uploads/images/thumbnails/400/10/0000/0015/A00000015420304ko.jpg?l=ko,16900,16900,0.0,323,4.9,90,8,2,,,0,0,0,1,A000000154203,10000020003
2026-09-11,구강용품,59,생활도감,생활도감 10중 혀클리너,https://www.oliveyoung.co.kr/store/goods/getGoodsDetail.do?goodsNo=A000000105043,https://image.oliveyoung.co.kr/cfimages/cf-goods/uploads/images/thumbnails/400/10/0000/0010/A00000010504303ko.jpg?l=ko,5200,4600,11.5,14739,4.7,81,13,5,1,0,1,0,0,1,A000000105043,10000020003
2026-09-11,구강용품,60,닥터텅스,닥터텅스 스마트 치실 (색상 랜덤배송),https://www.oliveyoung.co.kr/store/goods/getGoodsDetail.do?goodsNo=A000000008646,https://image.oliveyoung.co.kr/cfimages/cf-goods/uploads/images/thumbnails/400/10/0000/0000/A00000000864629ko.jpg?l=ko,6500,5940,8.6,19484,4.9,90,7,2,0,1,1,0,0,1,A000000008646,10000020003
2026-09-11,구강용품,61,뷰센,[넓고 강한 세정] 뷰센 더블와이드 칫솔 (4종 택1),https://www.oliveyoung.co.kr/store/goods/getGoodsDetail.do?goodsNo=A000000131083,https://image.oliveyoung.co.kr/cfimages/cf-goods/uploads/images/thumbnails/400/10/0000/0013/A00000013108316ko.jpg?l=ko,3900,3900,0.0,1603,4.9,89,9,2,0,0,0,0,0,1,A000000131083,10000020003
2026-09-11,구강용품,62,유시몰,유시몰 헬시브레쓰캔디 산리오 콜라보 기획 2종 택1 (쿨링피치 / 프레쉬 유칼립투스),https://www.oliveyoung.co.kr/store/goods/getGoodsDetail.do?goodsNo=A000000212538,https://image.oliveyoung.co.kr/cfimages/cf-goods/uploads/images/thumbnails/400/10/0000/0021/A00000021253819ko.jpg?l=ko,5900,3900,33.9,11836,4.8,87,8,3,1,1,1,0,0,1,A000000212538,10000020003
2026-09-11,구강용품,63,조르단,조르단 검프로텍터 칫솔 1p (색상랜덤),https://www.oliveyoung.co.kr/store/goods/getGoodsDetail.do?goodsNo=A000000108709,https://image.oliveyoung.co.kr/cfimages/cf-goods/uploads/images/thumbnails/400/10/0000/0010/A00000010870907ko.jpg?l=ko,4500,4500,0.0,5374,4.7,81,13,5,1,1,0,0,0,1,A000000108709,10000020003
2026-09-11,구강용품,64,아쿠아픽,아쿠아픽 코드리스 구강세정기 AQ-205 3colors (화이트/핑크/민트),https://www.oliveyoung.co.kr/store/goods/getGoodsDetail.do?goodsNo=B000000188693,https://image.oliveyoung.co.kr/cfimages/cf-goods/uploads/images/thumbnails/400/10/0000/0018/B00000018869302ko.jpg?l=ko,79000,58900,25.4,171,4.7,83,12,2,1,1,0,1,0,0,B000000188693,10000020003
2026-09-11,구강용품,65,마비스,[불소 포함] 마비스 클래식민트 치약 기획 (85ml+10ml),https://www.oliveyoung.co.kr/store/goods/getGoodsDetail.do?goodsNo=A000000158538,https://image.oliveyoung.co.kr/cfimages/cf-goods/uploads/images/thumbnails/400/10/0000/0015/A00000015853808ko.jpg?l=ko,23000,17250,25.0,218,4.8,88,9,3,,,1,0,0,1,A000000158538,10000020003
2026-09-11,구강용품,66,리스테린,[휴대용 모음전] 리스테린 가글 100ml 5종 택1,https://www.oliveyoung.co.kr/store/goods/getGoodsDetail.do?goodsNo=A000000206242,https://image.oliveyoung.co.kr/cfimages/cf-goods/uploads/images/thumbnails/400/10/0000/0020/A00000020624224ko.png?l=ko,2400,2400,0.0,22519,4.8,86,10,3,0,0,0,0,0,1,A000000206242,10000020003
2026-09-11,구강용품,67,루치펠로,루치펠로 휴대용 치약 칫솔 세트 2종 택1,https://www.oliveyoung.co.kr/store/goods/getGoodsDetail.do?goodsNo=A000000167711,https://image.oliveyoung.co.kr/cfimages/cf-goods/uploads/images/thumbnails/400/10/0000/0016/A00000016771104ko.jpg?l=ko,8900,7130,19.9,18931,4.8,86,10,3,0,0,1,1,1,1,A000000167711,10000020003
2026-09-11,구강용품,68,유시몰,[여행용] 유시몰 휴대용 치약칫솔세트,https://www.oliveyoung.co.kr/store/goods/getGoodsDetail.do?goodsNo=A000000157372,https://image.oliveyoung.co.kr/cfimages/cf-goods/uploads/images/thumbnails/400/10/0000/0015/A00000015737201ko.jpg?l=ko,6900,5900,14.5,10844,4.8,86,10,4,1,1,1,0,0,1,A000000157372,10000020003
2026-09-11,구강용품,69,언파,[비건 치아미백] 언파 차차 캐모마일 미백치약 90g 기획(+20g),https://www.oliveyoung.co.kr/store/goods/getGoodsDetail.do?goodsNo=A000000229326,https://image.oliveyoung.co.kr/cfimages/cf-goods/uploads/images/thumbnails/400/10/0000/0022/A00000022932618ko.jpg?l=ko,10900,10900,0.0,4499,4.5,67,19,10,2,2,0,0,0,1,A000000229326,10000020003
2026-09-11,구강용품,70,콜게이트,[고불소/단독] 콜게이트 프로텍션 레귤러 100g 3+1 기획,https://www.oliveyoung.co.kr/store/goods/getGoodsDetail.do?goodsNo=A000000151592,https://image.oliveyoung.co.kr/cfimages/cf-goods/uploads/images/thumbnails/400/10/0000/0015/A00000015159204ko.jpg?l=ko,14700,14700,0.0,579,4.9,92,7,2,,0,0,0,0,1,A000000151592,10000020003
2026-09-11,구강용품,71,플랙커스,[대용량] 플랙커스 트윈라인 치실 300개입,https://www.oliveyoung.co.kr/store/goods/getGoodsDetail.do?goodsNo=A000000257844,https://image.oliveyoung.co.kr/cfimages/cf-goods/uploads/images/thumbnails/400/10/0000/0025/A00000025784401ko.jpg?l=ko,16400,14700,10.4,15037,4.8,88,9,3,0,0,1,0,0,1,A000000257844,10000020003
2026-09-11,구강용품,72,민티드,[불소 포함] 민티드 프리미엄 고체치약 90정 기획 (+미니케이스),https://www.oliveyoung.co.kr/store/goods/getGoodsDetail.do?goodsNo=A000000250790,https://image.oliveyoung.co.kr/cfimages/cf-goods/uploads/images/thumbnails/400/10/0000/0025/A00000025079004ko.jpg?l=ko,11900,9900,16.8,5737,4.7,79,12,5,1,2,1,0,0,1,A000000250790,10000020003
2026-09-11,구강용품,73,루치펠로,루치펠로 코랄리프 듀얼 혀클리너 1P (컬러랜덤),https://www.oliveyoung.co.kr/store/goods/getGoodsDetail.do?goodsNo=A000000175295,https://image.oliveyoung.co.kr/cfimages/cf-goods/uploads/images/thumbnails/400/10/0000/0017/A00000017529502ko.jpg?l=ko,6900,3710,46.2,4562,4.7,81,11,5,1,1,1,1,1,1,A000000175295,10000020003
2026-09-11,구강용품,74,플랙커스,플랙커스 트윈라인 치실 2종 택1 (35개입/75개입),https://www.oliveyoung.co.kr/store/goods/getGoodsDetail.do?goodsNo=A000000173424,https://image.oliveyoung.co.kr/cfimages/cf-goods/uploads/images/thumbnails/400/10/0000/0017/A00000017342407ko.jpg?l=ko,4100,3400,17.1,3566,4.9,89,8,2,0,0,1,0,0,1,A000000173424,10000020003
2026-09-11,구강용품,75,라울루,[불소 포함] 라울루 프레쉬 민트 치약 120g,https://www.oliveyoung.co.kr/store/goods/getGoodsDetail.do?goodsNo=A000000185595,https://image.oliveyoung.co.kr/cfimages/cf-goods/uploads/images/thumbnails/400/10/0000/0018/A00000018559501ko.jpg?l=ko,8900,6900,22.5,43,4.6,77,16,,7,,1,0,0,1,A000000185595,10000020003
2026-09-11,구강용품,76,프로벨,[백태39.7%개선] 프로벨 메디테라 혀 클리너액 200ml,https://www.oliveyoung.co.kr/store/goods/getGoodsDetail.do?goodsNo=A000000261265,https://image.oliveyoung.co.kr/cfimages/cf-goods/uploads/images/thumbnails/400/10/0000/0026/A00000026126504ko.png?l=ko,19800,19800,0.0,22,5.0,100,,,,,0,0,0,1,A000000261265,10000020003
2026-09-11,구강용품,77,조르단,조르단 3in1 치실 36개입,https://www.oliveyoung.co.kr/store/goods/getGoodsDetail.do?goodsNo=A000000153937,https://image.oliveyoung.co.kr/cfimages/cf-goods/uploads/images/thumbnails/400/10/0000/0015/A00000015393712ko.jpg?l=ko,4300,4300,0.0,10557,4.8,88,8,3,0,0,0,0,0,1,A000000153937,10000020003
2026-09-11,구강용품,78,에비스,에비스 더프리미엄 인터케어 칫솔,https://www.oliveyoung.co.kr/store/goods/getGoodsDetail.do?goodsNo=A000000189263,https://image.oliveyoung.co.kr/cfimages/cf-goods/uploads/images/thumbnails/400/10/0000/0018/A00000018926310ko.jpg?l=ko,5900,5200,11.9,2091,4.9,91,6,2,0,0,1,0,0,1,A000000189263,10000020003
2026-09-11,구강용품,79,큐라덴,[고불소] 큐라덴 큐라프록스 엔자이칼 치약 1450,https://www.oliveyoung.co.kr/store/goods/getGoodsDetail.do?goodsNo=A000000166385,https://image.oliveyoung.co.kr/cfimages/cf-goods/uploads/images/thumbnails/400/10/0000/0016/A00000016638506ko.jpg?l=ko,12000,12000,0.0,1746,4.8,83,12,4,1,1,0,0,0,1,A000000166385,10000020003
2026-09-11,구강용품,80,가그린,가그린 후레쉬브레스 민트 15ml (롱래스팅),https://www.oliveyoung.co.kr/store/goods/getGoodsDetail.do?goodsNo=A000000241501,https://image.oliveyoung.co.kr/cfimages/cf-goods/uploads/images/thumbnails/400/10/0000/0024/A00000024150101ko.jpg?l=ko,7900,6400,19.0,2178,4.8,86,9,4,1,0,1,0,0,1,A000000241501,10000020003
2026-09-11,구강용품,81,언파,[불소 포함] 언파 차차 차콜 치약 100g 더블기획 (+20g 미니치약),https://www.oliveyoung.co.kr/store/goods/getGoodsDetail.do?goodsNo=A000000229327,https://image.oliveyoung.co.kr/cfimages/cf-goods/uploads/images/thumbnails/400/10/0000/0022/A00000022932710ko.jpg?l=ko,17800,17800,0.0,6223,4.7,80,14,5,1,1,0,0,0,1,A000000229327,10000020003
2026-09-11,구강용품,82,티치카,[치실 키링] 티치카 스마일 치실 민트쿨러,https://www.oliveyoung.co.kr/store/goods/getGoodsDetail.do?goodsNo=A000000243823,https://image.oliveyoung.co.kr/cfimages/cf-goods/uploads/images/thumbnails/400/10/0000/0024/A00000024382312ko.png?l=ko,6000,6000,0.0,42,4.9,95,,5,,,0,0,0,1,A000000243823,10000020003
2026-09-11,구강용품,83,자일리톨스톤,자일리톨스톤 구강 캔디 70g (오리지널/레몬/페퍼민트),https://www.oliveyoung.co.kr/store/goods/getGoodsDetail.do?goodsNo=A000000191213,https://image.oliveyoung.co.kr/cfimages/cf-goods/uploads/images/thumbnails/400/10/0000/0019/A00000019121301ko.jpg?l=ko,7200,6500,9.7,5554,4.8,85,10,4,1,1,1,0,0,1,A000000191213,10000020003
2026-09-11,구강용품,84,리브러쉬,리브러쉬 스테인리스 7도 혀클리너*,https://www.oliveyoung.co.kr/store/goods/getGoodsDetail.do?goodsNo=A000000230351,https://image.oliveyoung.co.kr/cfimages/cf-goods/uploads/images/thumbnails/400/10/0000/0023/A00000023035105ko.png?l=ko,12900,7900,38.8,170,4.6,78,15,3,2,2,1,0,0,1,A000000230351,10000020003
2026-09-11,구강용품,85,덴탈프로,덴탈프로 치간칫솔 사이즈 0번 15P,https://www.oliveyoung.co.kr/store/goods/getGoodsDetail.do?goodsNo=A000000103709,https://image.oliveyoung.co.kr/cfimages/cf-goods/uploads/images/thumbnails/400/10/0000/0010/A00000010370905ko.jpg?l=ko,7200,5900,18.1,10953,4.8,85,11,3,1,0,1,0,0,1,A000000103709,10000020003
2026-09-11,구강용품,86,센소다인,[불소 포함] 센소다인 리페어 앤 프로텍트 치약 100g,https://www.oliveyoung.co.kr/store/goods/getGoodsDetail.do?goodsNo=A000000188554,https://image.oliveyoung.co.kr/cfimages/cf-goods/uploads/images/thumbnails/400/10/0000/0018/A00000018855404ko.jpg?l=ko,10900,10900,0.0,2561,4.8,88,9,2,1,1,0,0,0,1,A000000188554,10000020003
2026-09-11,구강용품,87,페리오,페리오 마우스 스프레이 (아이스민트),https://www.oliveyoung.co.kr/store/goods/getGoodsDetail.do?goodsNo=A000000003868,https://image.oliveyoung.co.kr/cfimages/cf-goods/uploads/images/thumbnails/400/10/0000/0000/A00000000386801ko.jpg?l=ko,4200,3000,28.6,25991,4.8,87,9,3,0,0,1,0,0,1,A000000003868,10000020003
2026-09-11,구강용품,88,센소다인,[고불소/NEW] 센소다인 멀티케어 EX 100g,https://www.oliveyoung.co.kr/store/goods/getGoodsDetail.do?goodsNo=A000000253191,https://image.oliveyoung.co.kr/cfimages/cf-goods/uploads/images/thumbnails/400/10/0000/0025/A00000025319114ko.jpg?l=ko,7400,7400,0.0,12451,4.8,84,12,3,0,0,0,0,0,1,A000000253191,10000020003
2026-09-11,구강용품,89,콜게이트,콜게이트 젠틀 쿠션클린 칫솔 2P,https://www.oliveyoung.co.kr/store/goods/getGoodsDetail.do?goodsNo=A000000145429,https://image.oliveyoung.co.kr/cfimages/cf-goods/uploads/images/thumbnails/400/10/0000/0014/A00000014542907ko.jpg?l=ko,8900,7100,20.2,1925,4.6,79,12,6,2,2,1,0,0,1,A000000145429,10000020003
2026-09-11,구강용품,90,리브러쉬,[NEW /100배 농축] 리브러쉬 농축 가글액 20ml 2종 택1,https://www.oliveyoung.co.kr/store/goods/getGoodsDetail.do?goodsNo=A000000189336,https://image.oliveyoung.co.kr/cfimages/cf-goods/uploads/images/thumbnails/400/10/0000/0018/A00000018933619ko.png?l=ko,17900,15900,11.2,7437,4.8,83,12,4,1,0,1,0,0,1,A000000189336,10000020003
2026-09-11,구강용품,91,에이카랩스,에이카랩스 코뿔소 키즈치약 60g 2종 (사과/포도),https://www.oliveyoung.co.kr/store/goods/getGoodsDetail.do?goodsNo=A000000261679,https://image.oliveyoung.co.kr/cfimages/cf-goods/uploads/images/thumbnails/400/10/0000/0026/A00000026167901ko.jpg?l=ko,10000,7000,30.0,3,5.0,100,,,,,1,0,0,1,A000000261679,10000020003
2026-09-11,구강용품,92,덴티스테,덴티스테 민트볼 20입,https://www.oliveyoung.co.kr/store/goods/getGoodsDetail.do?goodsNo=A000000157016,https://image.oliveyoung.co.kr/cfimages/cf-goods/uploads/images/thumbnails/400/10/0000/0015/A00000015701633ko.jpg?l=ko,6900,6900,0.0,50969,4.8,87,9,3,0,0,0,0,0,1,A000000157016,10000020003
2026-09-11,구강용품,93,뷰센,[고불소] 뷰센C 충치케어 치약 120g,https://www.oliveyoung.co.kr/store/goods/getGoodsDetail.do?goodsNo=A000000155668,https://image.oliveyoung.co.kr/cfimages/cf-goods/uploads/images/thumbnails/400/10/0000/0015/A00000015566811ko.jpg?l=ko,11000,8800,20.0,1393,4.8,88,10,2,1,0,1,0,0,1,A000000155668,10000020003
2026-09-11,구강용품,94,덴티스테,[불소 포함] 덴티스테 시트러스후레쉬 치약 100g,https://www.oliveyoung.co.kr/store/goods/getGoodsDetail.do?goodsNo=A000000206789,https://image.oliveyoung.co.kr/cfimages/cf-goods/uploads/images/thumbnails/400/10/0000/0020/A00000020678910ko.jpg?l=ko,11900,9400,21.0,2320,4.8,87,9,3,1,0,1,0,0,1,A000000206789,10000020003
2026-09-11,구강용품,95,뷰센,"[대용량] 뷰센C 충치치약, 뷰센O 구취치약, 뷰센28 미백제 4개입",https://www.oliveyoung.co.kr/store/goods/getGoodsDetail.do?goodsNo=A000000241603,https://image.oliveyoung.co.kr/cfimages/cf-goods/uploads/images/thumbnails/400/10/0000/0024/A00000024160303ko.jpg?l=ko,44000,30800,30.0,1828,4.9,88,9,2,0,0,1,0,0,1,A000000241603,10000020003
2026-09-11,구강용품,96,큐라덴,큐라덴 큐라프록스 CS7600 스마트 칫솔,https://www.oliveyoung.co.kr/store/goods/getGoodsDetail.do?goodsNo=A000000231299,https://image.oliveyoung.co.kr/cfimages/cf-goods/uploads/images/thumbnails/400/10/0000/0023/A00000023129901ko.jpg?l=ko,9000,9000,0.0,214,4.9,88,10,0,0,0,0,0,0,1,A000000231299,10000020003
2026-09-11,구강용품,97,큐라덴,큐라덴 큐라프록스 CS3960 칫솔,https://www.oliveyoung.co.kr/store/goods/getGoodsDetail.do?goodsNo=A000000166389,https://image.oliveyoung.co.kr/cfimages/cf-goods/uploads/images/thumbnails/400/10/0000/0016/A00000016638907ko.jpg?l=ko,8500,8500,0.0,717,4.7,82,11,5,0,1,0,0,0,1,A000000166389,10000020003
2026-09-11,구강용품,98,오랄비,오랄비 치실 왁스/민트 50m (플라그케어),https://www.oliveyoung.co.kr/store/goods/getGoodsDetail.do?goodsNo=A000000015979,https://image.oliveyoung.co.kr/cfimages/cf-goods/uploads/images/thumbnails/400/10/0000/0001/A00000001597906ko.jpg?l=ko,3220,2500,22.4,17490,4.8,86,9,3,0,0,1,0,0,1,A000000015979,10000020003
2026-09-11,구강용품,99,HR 메디컬,[올인원 만능 여행템] HR 메디컬 퀵클린 Waterless 일회용 미니칫솔 민트향 10개입,https://www.oliveyoung.co.kr/store/goods/getGoodsDetail.do?goodsNo=A000000243491,https://image.oliveyoung.co.kr/cfimages/cf-goods/uploads/images/thumbnails/400/10/0000/0024/A00000024349112ko.jpg?l=ko,9800,8100,17.3,1119,4.6,78,10,6,2,3,1,0,0,1,A000000243491,10000020003
2026-09-11,구강용품,100,마비스,마비스 치약 25ml 4종 중 선택,https://www.oliveyoung.co.kr/store/goods/getGoodsDetail.do?goodsNo=A000000146643,https://image.oliveyoung.co.kr/cfimages/cf-goods/uploads/images/thumbnails/400/10/0000/0014/A00000014664310ko.jpg?l=ko,13000,13000,0.0,2250,4.7,81,14,4,0,0,0,0,0,1,A000000146643,10000020003
2026-09-11,헬스/건강용품,1,케어플러스,[9월올영픽/8년 연속 1등] 케어플러스 상처 커버 스팟 패치(24매/72매/102매/324매),https://www.oliveyoung.co.kr/store/goods/getGoodsDetail.do?goodsNo=A000000222781,https://image.oliveyoung.co.kr/cfimages/cf-goods/uploads/images/thumbnails/400/10/0000/0022/A00000022278131ko.jpg?l=ko,6300,5610,11.0,106079,4.9,92,6,1,0,0,1,1,0,1,A000000222781,10000020005
2026-09-11,헬스/건강용품,2,케어플러스,"[9월올영픽]케어플러스 커버업 블레미쉬 패치 헬로키티&디어다니엘 한복에디션 80매(패치케이스, 헬로키티키링 한복에디션)",https://www.oliveyoung.co.kr/store/goods/getGoodsDetail.do?goodsNo=A000000262933,https://image.oliveyoung.co.kr/cfimages/cf-goods/uploads/images/thumbnails/400/10/0000/0026/A00000026293304ko.jpg?l=ko,17500,15390,12.1,283,4.9,91,5,3,0,0,1,1,0,1,A000000262933,10000020005
2026-09-11,헬스/건강용품,3,필리밀리,필리밀리 쿨링 냉매 마사저 (페이스핏) [산리오캐릭터즈 한교동],https://www.oliveyoung.co.kr/store/goods/getGoodsDetail.do?goodsNo=A000000250566,https://image.oliveyoung.co.kr/cfimages/cf-goods/uploads/images/thumbnails/400/10/0000/0025/A00000025056620ko.jpg?l=ko,23500,19500,17.0,808,4.8,86,10,3,1,1,1,1,1,1,A000000250566,10000020005
2026-09-11,헬스/건강용품,4,이지덤뷰티,[10년 연속 약국 1등] 대웅제약 이지덤 스팟패치 택1 (퀵카밍/뷰티/PDRN 주름/릴리프/모공) 트러블패치,https://www.oliveyoung.co.kr/store/goods/getGoodsDetail.do?goodsNo=A000000110505,https://image.oliveyoung.co.kr/cfimages/cf-goods/uploads/images/thumbnails/400/10/0000/0011/A00000011050564ko.png?l=ko,12900,9200,28.7,31258,4.7,82,11,5,1,1,1,1,0,1,A000000110505,10000020005
2026-09-11,헬스/건강용품,5,프란츠,"[사내뷰공업PICK] 프란츠 네이키드 스팟 패치 72매입 (듀오, 얼리, 액티브, 다크) 4종 1",https://www.oliveyoung.co.kr/store/goods/getGoodsDetail.do?goodsNo=A000000254358,https://image.oliveyoung.co.kr/cfimages/cf-goods/uploads/images/thumbnails/400/10/0000/0025/A00000025435824ko.png?l=ko,10000,8460,15.4,2012,4.4,67,13,11,3,5,1,1,0,1,A000000254358,10000020005
2026-09-11,헬스/건강용품,6,샤르드,샤르드 1100샷 아이백 리프트 패치 2+1 기획/단품,https://www.oliveyoung.co.kr/store/goods/getGoodsDetail.do?goodsNo=A000000224015,https://image.oliveyoung.co.kr/cfimages/cf-goods/uploads/images/thumbnails/400/10/0000/0022/A00000022401527ko.jpg?l=ko,24000,21000,12.5,4347,4.7,81,10,6,2,2,1,1,0,1,A000000224015,10000020005
2026-09-11,헬스/건강용품,7,이지덤뷰티,[산리오에디션/9월 올영픽] 이지덤 퀵카밍 마이크로샷 패치 8매 기획 (+쿠로미 타포린백 키링 증정),https://www.oliveyoung.co.kr/store/goods/getGoodsDetail.do?goodsNo=A000000261381,https://image.oliveyoung.co.kr/cfimages/cf-goods/uploads/images/thumbnails/400/10/0000/0026/A00000026138106ko.png?l=ko,14900,10900,26.8,4498,4.6,79,11,7,2,1,1,1,0,1,A000000261381,10000020005
2026-09-11,헬스/건강용품,8,OOTD,[백제자객PICK/별패치] OOTD 트윙클 리틀 스타 스팟 패치 3종 택1 (파스텔/누드베이지/네온),https://www.oliveyoung.co.kr/store/goods/getGoodsDetail.do?goodsNo=A000000241099,https://image.oliveyoung.co.kr/cfimages/cf-goods/uploads/images/thumbnails/400/10/0000/0024/A00000024109925ko.png?l=ko,15000,11060,26.3,3026,4.9,92,7,1,0,0,0,1,0,1,A000000241099,10000020005
2026-09-11,헬스/건강용품,9,케어플러스,[귀여움UP] 케어플러스 커버업 블레미쉬 패치 칼라민 핑크 72매,https://www.oliveyoung.co.kr/store/goods/getGoodsDetail.do?goodsNo=A000000254721,https://image.oliveyoung.co.kr/cfimages/cf-goods/uploads/images/thumbnails/400/10/0000/0025/A00000025472101ko.jpg?l=ko,9000,7200,20.0,583,4.8,85,10,4,1,0,1,0,0,1,A000000254721,10000020005
2026-09-11,헬스/건강용품,10,발란스핏,[의료기기]발란스핏 압박스타킹 기본형 4color (S/M) 8종 택1,https://www.oliveyoung.co.kr/store/goods/getGoodsDetail.do?goodsNo=A000000230640,https://image.oliveyoung.co.kr/cfimages/cf-goods/uploads/images/thumbnails/400/10/0000/0023/A00000023064020ko.jpg?l=ko,29800,19800,33.6,18101,4.8,84,12,4,1,0,1,0,0,1,A000000230640,10000020005
2026-09-11,헬스/건강용품,11,케어플러스,[8년 연속 1등] 케어플러스 상처 커버 스팟 패치 (72매/102매/324매),https://www.oliveyoung.co.kr/store/goods/getGoodsDetail.do?goodsNo=A000000222776,https://image.oliveyoung.co.kr/cfimages/cf-goods/uploads/images/thumbnails/400/10/0000/0022/A00000022277606ko.jpg?l=ko,6300,5610,11.0,48035,4.9,92,6,1,0,0,1,1,0,1,A000000222776,10000020005
2026-09-11,헬스/건강용품,12,뷰앤디,[아이오아이 임나영 PICK] 뷰앤디 앤모드 프로,https://www.oliveyoung.co.kr/store/goods/getGoodsDetail.do?goodsNo=A000000214298,https://image.oliveyoung.co.kr/cfimages/cf-goods/uploads/images/thumbnails/400/10/0000/0021/A00000021429828ko.jpg?l=ko,215000,129000,40.0,360,4.6,75,16,7,1,2,1,0,0,1,A000000214298,10000020005
2026-09-11,헬스/건강용품,13,칼로(CALO),칼로 CES 이지 슬립,https://www.oliveyoung.co.kr/store/goods/getGoodsDetail.do?goodsNo=B000000261783,https://image.oliveyoung.co.kr/cfimages/cf-goods/uploads/images/thumbnails/400/10/0000/0026/B00000026178303ko.jpg?l=ko,129000,109000,15.5,4,5.0,100,,,,,0,1,0,0,B000000261783,10000020005
2026-09-11,헬스/건강용품,14,멕리듬,멕리듬 스팀 아이마스크 24매(12P+12P) 7종(무향/라벤더/캐모마일/유자/숲속/히노키/금목서),https://www.oliveyoung.co.kr/store/goods/getGoodsDetail.do?goodsNo=A000000241923,https://image.oliveyoung.co.kr/cfimages/cf-goods/uploads/images/thumbnails/400/10/0000/0024/A00000024192318ko.jpg?l=ko,25020,22500,10.1,5776,4.9,91,7,2,0,0,1,0,0,1,A000000241923,10000020005
2026-09-11,헬스/건강용품,15,스위스 유스트,스위스유스트 31 허브 오일 20ml,https://www.oliveyoung.co.kr/store/goods/getGoodsDetail.do?goodsNo=A000000232877,https://image.oliveyoung.co.kr/cfimages/cf-goods/uploads/images/thumbnails/400/10/0000/0023/A00000023287701ko.png?l=ko,23000,19550,15.0,393,4.9,91,7,2,,1,1,0,0,1,A000000232877,10000020005
2026-09-11,헬스/건강용품,16,에르고바디,[NEW 컬러] 에르고바디 핏유어코어 2종 택1 (코어 서포트 벨트) 흉곽축소 개미허리,https://www.oliveyoung.co.kr/store/goods/getGoodsDetail.do?goodsNo=A000000144703,https://image.oliveyoung.co.kr/cfimages/cf-goods/uploads/images/thumbnails/400/10/0000/0014/A00000014470344ko.png?l=ko,33000,33000,0.0,1694,4.7,80,14,5,1,0,0,0,0,1,A000000144703,10000020005
2026-09-11,헬스/건강용품,17,무탈,무탈 두피 애착 괄사 5종 택1 (오리지널 / 하드핏 ),https://www.oliveyoung.co.kr/store/goods/getGoodsDetail.do?goodsNo=A000000257577,https://image.oliveyoung.co.kr/cfimages/cf-goods/uploads/images/thumbnails/400/10/0000/0025/A00000025757706ko.jpg?l=ko,7600,7600,0.0,894,4.9,91,7,2,0,,0,0,0,1,A000000257577,10000020005
2026-09-11,헬스/건강용품,18,더스크랙,더스크랙 바운스번 붓기 스텝퍼 (크레용그레이/파스텔블루) 2종,https://www.oliveyoung.co.kr/store/goods/getGoodsDetail.do?goodsNo=B000000250999,https://image.oliveyoung.co.kr/cfimages/cf-goods/uploads/images/thumbnails/400/10/0000/0025/B00000025099901ko.jpg?l=ko,62900,48900,22.3,241,4.6,76,15,6,1,2,0,1,0,0,B000000250999,10000020005
2026-09-11,헬스/건강용품,19,멕리듬,[9월올영픽/NEW/한정수량]멕리듬 온열 순환 스팀 아이마스크 12매 무향/자몽향/네롤리향 (산리오시리즈),https://www.oliveyoung.co.kr/store/goods/getGoodsDetail.do?goodsNo=A000000263629,https://image.oliveyoung.co.kr/cfimages/cf-goods/uploads/images/thumbnails/400/10/0000/0026/A00000026362909ko.jpg?l=ko,14900,12900,13.4,99,4.9,95,4,1,,,1,1,0,1,A000000263629,10000020005
2026-09-11,헬스/건강용품,20,필리밀리,필리밀리 괄사 골라담기 택1 [산리오캐릭터즈 한교동],https://www.oliveyoung.co.kr/store/goods/getGoodsDetail.do?goodsNo=A000000183329,https://image.oliveyoung.co.kr/cfimages/cf-goods/uploads/images/thumbnails/400/10/0000/0018/A00000018332962ko.jpg?l=ko,8500,8500,0.0,30505,4.7,82,13,4,1,1,0,0,0,1,A000000183329,10000020005
2026-09-11,헬스/건강용품,21,OOTD,OOTD 트윙클 리틀 스타 스팟 패치 누드 베이지 (80매입),https://www.oliveyoung.co.kr/store/goods/getGoodsDetail.do?goodsNo=A000000259916,https://image.oliveyoung.co.kr/cfimages/cf-goods/uploads/images/thumbnails/400/10/0000/0025/A00000025991607ko.png?l=ko,15000,11060,26.3,22,5.0,95,5,,,,0,1,0,1,A000000259916,10000020005
2026-09-11,헬스/건강용품,22,약손명가,약손 듀얼 리프트 괄사 2종 택 1 (베이지/핑크),https://www.oliveyoung.co.kr/store/goods/getGoodsDetail.do?goodsNo=A000000263741,https://image.oliveyoung.co.kr/cfimages/cf-goods/uploads/images/thumbnails/400/10/0000/0026/A00000026374107ko.jpg?l=ko,19800,16900,14.6,23,4.7,87,,13,,,1,1,0,1,A000000263741,10000020005
2026-09-11,헬스/건강용품,23,이지덤뷰티,[1등 모공패치/초미세 800샷] 이지덤 레티날 모공패치 800샷 기획 (모공패치 4+코팩2),https://www.oliveyoung.co.kr/store/goods/getGoodsDetail.do?goodsNo=A000000261773,https://image.oliveyoung.co.kr/cfimages/cf-goods/uploads/images/thumbnails/400/10/0000/0026/A00000026177304ko.png?l=ko,16900,13900,17.8,100,4.8,87,6,4,1,2,1,1,0,1,A000000261773,10000020005
2026-09-11,헬스/건강용품,24,케어플러스,[9월올영픽/짜기 전] 케어플러스 스팟커버 패치 카밍 5종 골라담기 (24매/72매/96매/180매/252매/와이드),https://www.oliveyoung.co.kr/store/goods/getGoodsDetail.do?goodsNo=A000000214015,https://image.oliveyoung.co.kr/cfimages/cf-goods/uploads/images/thumbnails/400/10/0000/0021/A00000021401511ko.jpg?l=ko,7200,6370,11.5,18247,4.8,86,10,3,1,0,1,1,0,1,A000000214015,10000020005
2026-09-11,헬스/건강용품,25,리뉴,리뉴 후레쉬 500ml*2+여행용세트 (60ml+렌즈케이스),https://www.oliveyoung.co.kr/store/goods/getGoodsDetail.do?goodsNo=A000000255575,https://image.oliveyoung.co.kr/cfimages/cf-goods/uploads/images/thumbnails/400/10/0000/0025/A00000025557504ko.jpg?l=ko,17400,12900,25.9,331,4.9,94,4,2,,0,1,0,0,1,A000000255575,10000020005
2026-09-11,헬스/건강용품,26,약손명가,약손명가 골기 프로그램 리프팅 밴드 기획(+ 패치 2매증정),https://www.oliveyoung.co.kr/store/goods/getGoodsDetail.do?goodsNo=A000000223270,https://image.oliveyoung.co.kr/cfimages/cf-goods/uploads/images/thumbnails/400/10/0000/0022/A00000022327017ko.jpg?l=ko,39900,38900,2.5,2538,4.7,76,16,6,1,1,1,0,0,1,A000000223270,10000020005
2026-09-11,헬스/건강용품,27,발란스핏,[고강도/윤곽 케어] 발란스핏 EMS 조각튠 괄사 마사지기,https://www.oliveyoung.co.kr/store/goods/getGoodsDetail.do?goodsNo=A000000260938,https://image.oliveyoung.co.kr/cfimages/cf-goods/uploads/images/thumbnails/400/10/0000/0026/A00000026093803ko.jpg?l=ko,189000,99000,47.6,58,4.7,84,9,5,,2,1,0,0,1,A000000260938,10000020005
2026-09-11,헬스/건강용품,28,아크로패스,[6년연속어워즈]트러블큐어 대용량 진정패치 3종 1택,https://www.oliveyoung.co.kr/store/goods/getGoodsDetail.do?goodsNo=A000000130542,https://image.oliveyoung.co.kr/cfimages/cf-goods/uploads/images/thumbnails/400/10/0000/0013/A00000013054291ko.jpg?l=ko,29800,29800,0.0,12583,4.6,76,15,7,1,1,0,0,0,1,A000000130542,10000020005
2026-09-11,헬스/건강용품,29,아크로패스,[긴급진정패치]긴급진정 트러블큐어 6매/와이드3매/스몰9매 3종 1택,https://www.oliveyoung.co.kr/store/goods/getGoodsDetail.do?goodsNo=A000000127611,https://image.oliveyoung.co.kr/cfimages/cf-goods/uploads/images/thumbnails/400/10/0000/0012/A00000012761137ko.jpg?l=ko,12000,8010,33.2,18474,4.5,70,17,10,2,1,1,1,0,1,A000000127611,10000020005
2026-09-11,헬스/건강용품,30,뷰앤디,뷰앤디 아이리쥬브,https://www.oliveyoung.co.kr/store/goods/getGoodsDetail.do?goodsNo=B000000240979,https://image.oliveyoung.co.kr/cfimages/cf-goods/uploads/images/thumbnails/400/10/0000/0024/B00000024097901ko.jpg?l=ko,123600,89000,28.0,62,4.2,65,11,11,5,8,0,1,0,0,B000000240979,10000020005
2026-09-11,헬스/건강용품,31,멕리듬,멕리듬 온열 순환 스팀 아이마스크 5매 7종 택1 (무향/라벤더/캐모마일/숲속/유자/히노키/금목서),https://www.oliveyoung.co.kr/store/goods/getGoodsDetail.do?goodsNo=A000000243616,https://image.oliveyoung.co.kr/cfimages/cf-goods/uploads/images/thumbnails/400/10/0000/0024/A00000024361617ko.jpg?l=ko,7900,6700,15.2,18232,4.8,88,9,2,0,0,1,0,0,1,A000000243616,10000020005
2026-09-11,헬스/건강용품,32,파넬,[특별기획] 파넬 시카마누 클리어 패치 멀티 +6매(스팟패치 44매+빅패치 4매),https://www.oliveyoung.co.kr/store/goods/getGoodsDetail.do?goodsNo=A000000189847,https://image.oliveyoung.co.kr/cfimages/cf-goods/uploads/images/thumbnails/400/10/0000/0018/A00000018984719ko.jpg?l=ko,18000,14400,20.0,6341,4.7,79,12,6,1,1,0,1,0,1,A000000189847,10000020005
2026-09-11,헬스/건강용품,33,휴족시간,휴족시간 지압자극 4매/12매/24매,https://www.oliveyoung.co.kr/store/goods/getGoodsDetail.do?goodsNo=A000000119524,https://image.oliveyoung.co.kr/cfimages/cf-goods/uploads/images/thumbnails/400/10/0000/0011/A00000011952401ko.jpg?l=ko,4300,4300,0.0,6918,4.8,88,9,2,0,0,0,0,0,1,A000000119524,10000020005
2026-09-11,헬스/건강용품,34,VT,VT 피디알엔 리들샷 마이크로 포어 패치 4매,https://www.oliveyoung.co.kr/store/goods/getGoodsDetail.do?goodsNo=A000000263579,https://image.oliveyoung.co.kr/cfimages/cf-goods/uploads/images/thumbnails/400/10/0000/0026/A00000026357912ko.png?l=ko,15000,11800,21.3,200,4.8,88,7,4,1,1,1,1,0,1,A000000263579,10000020005
2026-09-11,헬스/건강용품,35,스위스 유스트,스위스유스트 노간주 크림 100ml,https://www.oliveyoung.co.kr/store/goods/getGoodsDetail.do?goodsNo=A000000232907,https://image.oliveyoung.co.kr/cfimages/cf-goods/uploads/images/thumbnails/400/10/0000/0023/A00000023290701ko.png?l=ko,49000,41650,15.0,218,4.8,89,6,2,0,2,1,0,0,1,A000000232907,10000020005
2026-09-11,헬스/건강용품,36,옵티프리,옵티프리 익스프레스 트리플 기획 (470ml*3ea),https://www.oliveyoung.co.kr/store/goods/getGoodsDetail.do?goodsNo=A000000209203,https://image.oliveyoung.co.kr/cfimages/cf-goods/uploads/images/thumbnails/400/10/0000/0020/A00000020920301ko.jpg?l=ko,23500,19900,15.3,1557,4.9,94,4,1,0,1,1,0,0,1,A000000209203,10000020005
2026-09-11,헬스/건강용품,37,마르시끄,마르시끄 주름패치 기획/단품 6종 택1,https://www.oliveyoung.co.kr/store/goods/getGoodsDetail.do?goodsNo=A000000181697,https://image.oliveyoung.co.kr/cfimages/cf-goods/uploads/images/thumbnails/400/10/0000/0018/A000000181697104ko.jpg?l=ko,12900,11800,8.5,38252,4.6,76,15,7,1,1,1,0,0,1,A000000181697,10000020005
2026-09-11,헬스/건강용품,38,리쥬란,"[c-PDRN 88,500 ppm]리쥬란 아이샷 c-PDRN 패치 (단품/기획)",https://www.oliveyoung.co.kr/store/goods/getGoodsDetail.do?goodsNo=A000000262854,https://image.oliveyoung.co.kr/cfimages/cf-goods/uploads/images/thumbnails/400/10/0000/0026/A00000026285408ko.jpg?l=ko,22000,12200,44.5,149,4.8,88,9,1,1,,1,1,0,1,A000000262854,10000020005
2026-09-11,헬스/건강용품,39,스노우투플러스,스노우투플러스 AC 마그네슘 패치 혼합기획 소형+미니 (총 25매),https://www.oliveyoung.co.kr/store/goods/getGoodsDetail.do?goodsNo=A000000248992,https://image.oliveyoung.co.kr/cfimages/cf-goods/uploads/images/thumbnails/400/10/0000/0024/A00000024899206ko.png?l=ko,9800,8500,13.3,1835,4.7,80,11,7,2,1,1,1,0,1,A000000248992,10000020005
2026-09-11,헬스/건강용품,40,슬림워크,슬림워크 야간용 강압롱 압박스타킹 2종 (SM/ML),https://www.oliveyoung.co.kr/store/goods/getGoodsDetail.do?goodsNo=A000000008961,https://image.oliveyoung.co.kr/cfimages/cf-goods/uploads/images/thumbnails/400/10/0000/0000/A00000000896110ko.jpg?l=ko,29590,26580,10.2,1574,4.5,70,18,8,1,1,1,0,0,1,A000000008961,10000020005
2026-09-11,헬스/건강용품,41,니들리,[리뉴얼] 니들리 스팟 클리어 12패치 1+1 기획 (12+12패치),https://www.oliveyoung.co.kr/store/goods/getGoodsDetail.do?goodsNo=A000000226170,https://image.oliveyoung.co.kr/cfimages/cf-goods/uploads/images/thumbnails/400/10/0000/0022/A00000022617011ko.jpg?l=ko,16900,13900,17.8,3246,4.4,68,16,11,3,3,1,1,0,1,A000000226170,10000020005
2026-09-11,헬스/건강용품,42,아크네스,[1위트러블패치] 아크네스 3초 진정 스팟 패치 72매 마루에디션 (+마루 패치 15매 증정),https://www.oliveyoung.co.kr/store/goods/getGoodsDetail.do?goodsNo=A000000229114,https://image.oliveyoung.co.kr/cfimages/cf-goods/uploads/images/thumbnails/400/10/0000/0022/A00000022911404ko.jpg?l=ko,9500,4690,50.6,19732,4.8,85,11,3,1,0,1,1,0,1,A000000229114,10000020005
2026-09-11,헬스/건강용품,43,온슬로,온슬로 주름패치 4종 택1 (미간/팔자/아이),https://www.oliveyoung.co.kr/store/goods/getGoodsDetail.do?goodsNo=A000000251308,https://image.oliveyoung.co.kr/cfimages/cf-goods/uploads/images/thumbnails/400/10/0000/0025/A00000025130811ko.jpg?l=ko,10900,10900,0.0,6632,4.9,94,3,1,0,0,0,0,0,1,A000000251308,10000020005
2026-09-11,헬스/건강용품,44,듀오덤,"[GMP 의료기기] 듀오덤 자외선차단 스팟패치 72매 *점, 시술, 여드름 상처보호*",https://www.oliveyoung.co.kr/store/goods/getGoodsDetail.do?goodsNo=A000000187671,https://image.oliveyoung.co.kr/cfimages/cf-goods/uploads/images/thumbnails/400/10/0000/0018/A00000018767112ko.jpg?l=ko,11900,10930,8.2,2010,4.9,90,6,2,1,0,1,1,0,1,A000000187671,10000020005
2026-09-11,헬스/건강용품,45,센시안,[NEW] 센시안 릴렉스 플러스 압박스타킹 S-M/ M-L (의료기기),https://www.oliveyoung.co.kr/store/goods/getGoodsDetail.do?goodsNo=A000000212593,https://image.oliveyoung.co.kr/cfimages/cf-goods/uploads/images/thumbnails/400/10/0000/0021/A00000021259307ko.png?l=ko,22900,22900,0.0,5746,4.7,82,13,4,1,1,0,0,0,1,A000000212593,10000020005
2026-09-11,헬스/건강용품,46,휴족시간,휴족시간 지압12매 더블기획 (12매+12매),https://www.oliveyoung.co.kr/store/goods/getGoodsDetail.do?goodsNo=A000000187421,https://image.oliveyoung.co.kr/cfimages/cf-goods/uploads/images/thumbnails/400/10/0000/0018/A00000018742101ko.jpg?l=ko,21800,18700,14.2,3362,4.8,86,10,3,0,0,1,0,0,1,A000000187421,10000020005
2026-09-11,헬스/건강용품,47,약손명가,약손명가 브이한 리프팅 패치 (PDRN 10K) 5매입,https://www.oliveyoung.co.kr/store/goods/getGoodsDetail.do?goodsNo=A000000223205,https://image.oliveyoung.co.kr/cfimages/cf-goods/uploads/images/thumbnails/400/10/0000/0022/A00000022320511ko.jpg?l=ko,20900,20900,0.0,600,4.7,80,13,5,0,2,0,0,0,1,A000000223205,10000020005
2026-09-11,헬스/건강용품,48,크리넥스,[기내필수템]크리넥스 가습촉촉 마스크 2P,https://www.oliveyoung.co.kr/store/goods/getGoodsDetail.do?goodsNo=A000000112937,https://image.oliveyoung.co.kr/cfimages/cf-goods/uploads/images/thumbnails/400/10/0000/0011/A00000011293707ko.jpg?l=ko,3300,2600,21.2,7614,4.8,87,9,3,1,1,1,0,0,1,A000000112937,10000020005
2026-09-11,헬스/건강용품,49,무탈,무탈 두피 애착 괄사 오리지널 3종 ( 크림/ 그린/ 레몬),https://www.oliveyoung.co.kr/store/goods/getGoodsDetail.do?goodsNo=A000000263938,https://image.oliveyoung.co.kr/cfimages/cf-goods/uploads/images/thumbnails/400/10/0000/0026/A00000026393801ko.jpg?l=ko,7600,7100,6.6,54,4.9,91,9,,,,1,0,0,1,A000000263938,10000020005
2026-09-11,헬스/건강용품,50,스팀베이스,스팀베이스 데일리 아이마스크 5매입 6종 택1,https://www.oliveyoung.co.kr/store/goods/getGoodsDetail.do?goodsNo=A000000179178,https://image.oliveyoung.co.kr/cfimages/cf-goods/uploads/images/thumbnails/400/10/0000/0017/A00000017917826ko.jpg?l=ko,7900,7900,0.0,9996,4.8,86,10,3,1,1,0,0,0,1,A000000179178,10000020005
2026-09-11,헬스/건강용품,51,필리밀리,필리밀리 세라믹 바디 괄사(+파우치 포함),https://www.oliveyoung.co.kr/store/goods/getGoodsDetail.do?goodsNo=A000000231122,https://image.oliveyoung.co.kr/cfimages/cf-goods/uploads/images/thumbnails/400/10/0000/0023/A00000023112206ko.jpg?l=ko,18900,18900,0.0,3312,4.8,84,11,3,0,0,0,0,0,1,A000000231122,10000020005
2026-09-11,헬스/건강용품,52,케어플러스,케어플러스 글루타치온 미백 마이크로 닷 패치 (12매/24매/와이드),https://www.oliveyoung.co.kr/store/goods/getGoodsDetail.do?goodsNo=A000000219223,https://image.oliveyoung.co.kr/cfimages/cf-goods/uploads/images/thumbnails/400/10/0000/0021/A00000021922307ko.jpg?l=ko,9800,9300,5.1,427,4.6,72,16,8,2,1,1,0,0,1,A000000219223,10000020005
2026-09-11,헬스/건강용품,53,테라슬립,[성수입점] 테라슬립 스노킬 코골이 방지 스프레이,https://www.oliveyoung.co.kr/store/goods/getGoodsDetail.do?goodsNo=A000000215485,https://image.oliveyoung.co.kr/cfimages/cf-goods/uploads/images/thumbnails/400/10/0000/0021/A00000021548508ko.jpg?l=ko,19800,17800,10.1,483,4.8,89,5,3,1,2,1,0,0,1,A000000215485,10000020005
2026-09-11,헬스/건강용품,54,해서린,[짜기 전/후 구성] 해서린 스팟케어 패치 키트 대용량 (미니언즈 150매 기획 / 대용량기획),https://www.oliveyoung.co.kr/store/goods/getGoodsDetail.do?goodsNo=A000000177193,https://image.oliveyoung.co.kr/cfimages/cf-goods/uploads/images/thumbnails/400/10/0000/0017/A00000017719327ko.jpg?l=ko,8400,7030,16.3,35551,4.8,83,12,4,1,0,0,1,0,1,A000000177193,10000020005
2026-09-11,헬스/건강용품,55,넥스케어,[짜고난후/초슬림] 3M 넥스케어 블레미쉬 패치 케어 4종 택1 (18매/63매/111매/189매),https://www.oliveyoung.co.kr/store/goods/getGoodsDetail.do?goodsNo=A000000142405,https://image.oliveyoung.co.kr/cfimages/cf-goods/uploads/images/thumbnails/400/10/0000/0014/A00000014240517ko.jpg?l=ko,10890,6990,35.8,10109,4.8,88,9,2,0,0,1,0,0,1,A000000142405,10000020005
2026-09-11,헬스/건강용품,56,휴족시간,휴족시간 18매 더블기획 (18매+18매),https://www.oliveyoung.co.kr/store/goods/getGoodsDetail.do?goodsNo=A000000155006,https://image.oliveyoung.co.kr/cfimages/cf-goods/uploads/images/thumbnails/400/10/0000/0015/A00000015500601ko.jpg?l=ko,21700,21700,0.0,2864,4.9,90,8,2,0,0,0,0,0,1,A000000155006,10000020005
2026-09-11,헬스/건강용품,57,센시안,센시안 플러스 압박스타킹 (릴렉스/워크/나이트케어) (의료기기),https://www.oliveyoung.co.kr/store/goods/getGoodsDetail.do?goodsNo=A000000212629,https://image.oliveyoung.co.kr/cfimages/cf-goods/uploads/images/thumbnails/400/10/0000/0021/A00000021262912ko.png?l=ko,22900,22900,0.0,14471,4.7,80,14,5,1,1,0,0,0,1,A000000212629,10000020005
2026-09-11,헬스/건강용품,58,발란스핏,[온열 저주파 케어] 발란스핏 EMS TENS 손목 마사지기,https://www.oliveyoung.co.kr/store/goods/getGoodsDetail.do?goodsNo=A000000264196,https://image.oliveyoung.co.kr/cfimages/cf-goods/uploads/images/thumbnails/400/10/0000/0026/A00000026419602ko.jpg?l=ko,169000,89000,47.3,5,5.0,100,,,,,1,0,0,1,A000000264196,10000020005
2026-09-11,헬스/건강용품,59,옵티프리,에이오셉 플러스액 360ml,https://www.oliveyoung.co.kr/store/goods/getGoodsDetail.do?goodsNo=A000000159321,https://image.oliveyoung.co.kr/cfimages/cf-goods/uploads/images/thumbnails/400/10/0000/0015/A00000015932101ko.jpg?l=ko,15900,15900,0.0,3347,4.9,93,5,1,0,0,0,0,0,1,A000000159321,10000020005
2026-09-11,헬스/건강용품,60,약손명가,약손 가뿐한 복부 패치 5매입,https://www.oliveyoung.co.kr/store/goods/getGoodsDetail.do?goodsNo=A000000260448,https://image.oliveyoung.co.kr/cfimages/cf-goods/uploads/images/thumbnails/400/10/0000/0026/A00000026044804ko.jpg?l=ko,16900,15900,5.9,95,4.8,91,5,3,,1,1,0,0,1,A000000260448,10000020005
2026-09-11,헬스/건강용품,61,스팀베이스,스팀베이스 데일리 아이마스크 5매입(무향),https://www.oliveyoung.co.kr/store/goods/getGoodsDetail.do?goodsNo=A000000130408,https://image.oliveyoung.co.kr/cfimages/cf-goods/uploads/images/thumbnails/400/10/0000/0013/A00000013040822ko.jpg?l=ko,7900,7900,0.0,3794,4.6,76,14,6,2,2,0,0,0,1,A000000130408,10000020005
2026-09-11,헬스/건강용품,62,리뉴,리뉴 센서티브 더블 기획 (355ml+355ml),https://www.oliveyoung.co.kr/store/goods/getGoodsDetail.do?goodsNo=A000000156336,https://image.oliveyoung.co.kr/cfimages/cf-goods/uploads/images/thumbnails/400/10/0000/0015/A00000015633604ko.jpg?l=ko,9900,7900,20.2,2494,4.9,91,7,2,0,0,1,0,0,1,A000000156336,10000020005
2026-09-11,헬스/건강용품,63,마르시끄,[어워즈3관왕 1등주름패치] 마르시끄 링클 리페어 미간주름패치 기획/단품 택1,https://www.oliveyoung.co.kr/store/goods/getGoodsDetail.do?goodsNo=A000000181613,https://image.oliveyoung.co.kr/cfimages/cf-goods/uploads/images/thumbnails/400/10/0000/0018/A00000018161329ko.jpg?l=ko,25000,19900,20.4,31233,4.6,76,15,7,1,1,1,1,0,1,A000000181613,10000020005
2026-09-11,헬스/건강용품,64,스위스 유스트,스위스유스트 백리향 크림 100ml,https://www.oliveyoung.co.kr/store/goods/getGoodsDetail.do?goodsNo=A000000232906,https://image.oliveyoung.co.kr/cfimages/cf-goods/uploads/images/thumbnails/400/10/0000/0023/A00000023290601ko.png?l=ko,48000,40800,15.0,172,4.8,90,8,2,,1,1,0,0,1,A000000232906,10000020005
2026-09-11,헬스/건강용품,65,필리밀리,[열감&붓기케어] 필리밀리 쿨링 냉매 마사저,https://www.oliveyoung.co.kr/store/goods/getGoodsDetail.do?goodsNo=A000000234315,https://image.oliveyoung.co.kr/cfimages/cf-goods/uploads/images/thumbnails/400/10/0000/0023/A00000023431522ko.jpg?l=ko,23500,19500,17.0,1818,4.7,82,12,4,1,1,1,1,0,1,A000000234315,10000020005
2026-09-11,헬스/건강용품,66,바이오트루,바이오트루 500ml 더블 기획,https://www.oliveyoung.co.kr/store/goods/getGoodsDetail.do?goodsNo=A000000158549,https://image.oliveyoung.co.kr/cfimages/cf-goods/uploads/images/thumbnails/400/10/0000/0015/A00000015854910ko.jpg?l=ko,19700,14970,24.0,823,4.9,90,9,1,,0,1,0,0,1,A000000158549,10000020005
2026-09-11,헬스/건강용품,67,나보소,나보소 뉴로볼 족저근막염 발 마사지볼 그린/블루/이그나이트,https://www.oliveyoung.co.kr/store/goods/getGoodsDetail.do?goodsNo=A000000257871,https://image.oliveyoung.co.kr/cfimages/cf-goods/uploads/images/thumbnails/400/10/0000/0025/A00000025787101ko.png?l=ko,42800,39800,7.0,24,4.8,83,13,4,,,1,0,0,1,A000000257871,10000020005
2026-09-11,헬스/건강용품,68,스위스 유스트,스위스유스트 구두치 롤 온 10ml,https://www.oliveyoung.co.kr/store/goods/getGoodsDetail.do?goodsNo=A000000232875,https://image.oliveyoung.co.kr/cfimages/cf-goods/uploads/images/thumbnails/400/10/0000/0023/A00000023287501ko.png?l=ko,46000,39100,15.0,111,4.9,93,5,3,,,1,0,0,1,A000000232875,10000020005
2026-09-11,헬스/건강용품,69,SNPE,SNPE 다나손 지압 스트레칭 휴대용 경추 장요근 마사지기,https://www.oliveyoung.co.kr/store/goods/getGoodsDetail.do?goodsNo=A000000230488,https://image.oliveyoung.co.kr/cfimages/cf-goods/uploads/images/thumbnails/400/10/0000/0023/A00000023048808ko.jpg?l=ko,42000,37800,10.0,328,4.9,91,7,1,0,1,1,0,0,1,A000000230488,10000020005
2026-09-11,헬스/건강용품,70,모키토,[1위 모기기피제] 모키토 모기퇴치제 스프레이 (단품/기획) 의약외품 식약처인증,https://www.oliveyoung.co.kr/store/goods/getGoodsDetail.do?goodsNo=A000000257504,https://image.oliveyoung.co.kr/cfimages/cf-goods/uploads/images/thumbnails/400/10/0000/0025/A00000025750404ko.jpg?l=ko,17000,17000,0.0,803,4.8,88,7,3,1,1,0,0,0,1,A000000257504,10000020005
2026-09-11,헬스/건강용품,71,더마펌,[나띠PICK][집중주름패치] 더마펌 에이지 리바이빙 주름순삭패치 2종 택 1 (팔자6매+미간3매/팔자2매+미간1매),https://www.oliveyoung.co.kr/store/goods/getGoodsDetail.do?goodsNo=A000000191685,https://image.oliveyoung.co.kr/cfimages/cf-goods/uploads/images/thumbnails/400/10/0000/0019/A00000019168578ko.jpg?l=ko,12000,9600,20.0,2637,4.8,87,7,4,1,1,1,0,0,1,A000000191685,10000020005
2026-09-11,헬스/건강용품,72,소프리스,소프리스 히노끼 족욕스파 마스크,https://www.oliveyoung.co.kr/store/goods/getGoodsDetail.do?goodsNo=A000000119708,https://image.oliveyoung.co.kr/cfimages/cf-goods/uploads/images/thumbnails/400/10/0000/0011/A00000011970801ko.png?l=ko,5000,3900,22.0,1047,4.4,68,15,10,3,3,1,0,0,1,A000000119708,10000020005
2026-09-11,헬스/건강용품,73,셀버린,셀버린 크라이오써모 젤 슬리브 (민트/네이비) 2PACK,https://www.oliveyoung.co.kr/store/goods/getGoodsDetail.do?goodsNo=B000000240982,https://image.oliveyoung.co.kr/cfimages/cf-goods/uploads/images/thumbnails/400/10/0000/0024/B00000024098210ko.jpg?l=ko,78000,70200,10.0,12,5.0,100,,,,,0,1,0,0,B000000240982,10000020005
2026-09-11,헬스/건강용품,74,프란츠,프란츠 네이키드 스팟 패치 듀오 얼리&다크 (72매입),https://www.oliveyoung.co.kr/store/goods/getGoodsDetail.do?goodsNo=A000000256805,https://image.oliveyoung.co.kr/cfimages/cf-goods/uploads/images/thumbnails/400/10/0000/0025/A00000025680508ko.jpg?l=ko,10000,8460,15.4,1246,4.4,68,14,10,3,4,1,1,0,1,A000000256805,10000020005
2026-09-11,헬스/건강용품,75,페이스팩토리,페이스팩토리 괄사 2종 중 택 1,https://www.oliveyoung.co.kr/store/goods/getGoodsDetail.do?goodsNo=A000000179744,https://image.oliveyoung.co.kr/cfimages/cf-goods/uploads/images/thumbnails/400/10/0000/0017/A00000017974417ko.jpg?l=ko,38900,33900,12.9,783,4.8,83,12,4,0,1,1,0,0,1,A000000179744,10000020005
2026-09-11,헬스/건강용품,76,동국제약,[기미색소패치] 동국제약 멜라-셋 기미 토닝 스팟 패치 기획 (+에센스 10ml),https://www.oliveyoung.co.kr/store/goods/getGoodsDetail.do?goodsNo=A000000261547,https://image.oliveyoung.co.kr/cfimages/cf-goods/uploads/images/thumbnails/400/10/0000/0026/A00000026154706ko.jpeg?l=ko,16900,15600,7.7,743,4.7,83,8,6,1,2,0,1,0,1,A000000261547,10000020005
2026-09-11,헬스/건강용품,77,파티온,[초슬림]파티온 노스카나인 트러블케어 스팟패치 102매,https://www.oliveyoung.co.kr/store/goods/getGoodsDetail.do?goodsNo=A000000176414,https://image.oliveyoung.co.kr/cfimages/cf-goods/uploads/images/thumbnails/400/10/0000/0017/A00000017641412ko.jpg?l=ko,9500,9500,0.0,12210,4.8,85,10,4,1,0,0,0,0,1,A000000176414,10000020005
2026-09-11,헬스/건강용품,78,모어하우스,[대용량] 모어하우스 디즈니 온열안대_40매입 (미니/미키),https://www.oliveyoung.co.kr/store/goods/getGoodsDetail.do?goodsNo=B000000244031,https://image.oliveyoung.co.kr/cfimages/cf-goods/uploads/images/thumbnails/400/10/0000/0024/B00000024403101ko.jpg?l=ko,18900,14900,21.2,209,4.8,85,12,3,,,0,1,0,0,B000000244031,10000020005
2026-09-11,헬스/건강용품,79,히말라야,히말라야 콜드 릴리프 밤 10g,https://www.oliveyoung.co.kr/store/goods/getGoodsDetail.do?goodsNo=A000000218896,https://image.oliveyoung.co.kr/cfimages/cf-goods/uploads/images/thumbnails/400/10/0000/0021/A00000021889601ko.jpg?l=ko,6500,6500,0.0,974,4.7,81,13,4,1,1,0,0,0,1,A000000218896,10000020005
2026-09-11,헬스/건강용품,80,넥스케어,[짜기전/초슬림] 3M 넥스케어 블레미쉬 패치 릴리프 3종 택1 (68매/136매/204매),https://www.oliveyoung.co.kr/store/goods/getGoodsDetail.do?goodsNo=A000000159928,https://image.oliveyoung.co.kr/cfimages/cf-goods/uploads/images/thumbnails/400/10/0000/0015/A00000015992820ko.png?l=ko,9780,6990,28.5,6283,4.8,83,11,4,1,1,1,0,0,1,A000000159928,10000020005
2026-09-11,헬스/건강용품,81,온슬로,온슬로 레티놀 팔자주름 빅패치 36매,https://www.oliveyoung.co.kr/store/goods/getGoodsDetail.do?goodsNo=A000000241107,https://image.oliveyoung.co.kr/cfimages/cf-goods/uploads/images/thumbnails/400/10/0000/0024/A00000024110706ko.jpg?l=ko,13900,11300,18.7,2332,4.8,90,6,3,1,0,1,0,0,1,A000000241107,10000020005
2026-09-11,헬스/건강용품,82,헬로아이즈,[눈꺼풀세정제] 헬로아이즈 베이비 아이티슈 30개입,https://www.oliveyoung.co.kr/store/goods/getGoodsDetail.do?goodsNo=A000000230139,https://image.oliveyoung.co.kr/cfimages/cf-goods/uploads/images/thumbnails/400/10/0000/0023/A00000023013906ko.jpg?l=ko,16000,14400,10.0,310,4.6,76,14,7,2,1,1,0,0,1,A000000230139,10000020005
2026-09-11,헬스/건강용품,83,스노우투플러스,스노우투플러스 AC 마그네슘 패치 4종 택 1(미니/소형/중형/대형),https://www.oliveyoung.co.kr/store/goods/getGoodsDetail.do?goodsNo=A000000223585,https://image.oliveyoung.co.kr/cfimages/cf-goods/uploads/images/thumbnails/400/10/0000/0022/A00000022358537ko.png?l=ko,9800,7300,25.5,7468,4.7,81,11,5,2,1,1,1,0,1,A000000223585,10000020005
2026-09-11,헬스/건강용품,84,스위스 유스트,스위스유스트 31 허브 오일 75ml,https://www.oliveyoung.co.kr/store/goods/getGoodsDetail.do?goodsNo=A000000232890,https://image.oliveyoung.co.kr/cfimages/cf-goods/uploads/images/thumbnails/400/10/0000/0023/A00000023289001ko.png?l=ko,72000,61200,15.0,83,5.0,95,5,,,,1,0,0,1,A000000232890,10000020005
2026-09-11,헬스/건강용품,85,버그넷,버그넷 프로 4.0 500ml,https://www.oliveyoung.co.kr/store/goods/getGoodsDetail.do?goodsNo=A000000253768,https://image.oliveyoung.co.kr/cfimages/cf-goods/uploads/images/thumbnails/400/10/0000/0025/A00000025376807ko.jpg?l=ko,34900,29700,14.9,144,4.6,79,8,8,1,3,1,0,0,1,A000000253768,10000020005
2026-09-11,헬스/건강용품,86,센시안,[NEW] 센시안 워크 플러스 압박스타킹 S-M/M-L (의료기기),https://www.oliveyoung.co.kr/store/goods/getGoodsDetail.do?goodsNo=A000000212626,https://image.oliveyoung.co.kr/cfimages/cf-goods/uploads/images/thumbnails/400/10/0000/0021/A00000021262603ko.png?l=ko,22900,18900,17.5,2383,4.7,81,13,4,1,1,1,0,0,1,A000000212626,10000020005
2026-09-11,헬스/건강용품,87,휴족시간,휴족시간 (6매입/18매입),https://www.oliveyoung.co.kr/store/goods/getGoodsDetail.do?goodsNo=A000000006342,https://image.oliveyoung.co.kr/cfimages/cf-goods/uploads/images/thumbnails/400/10/0000/0000/A00000000634202ko.jpg?l=ko,11500,11500,0.0,36963,4.9,89,8,2,0,0,0,0,0,1,A000000006342,10000020005
2026-09-11,헬스/건강용품,88,센시안,[쿨썸머] 센시안 힐링테라피 쿨링패치 20매 (레그패치),https://www.oliveyoung.co.kr/store/goods/getGoodsDetail.do?goodsNo=A000000172007,https://image.oliveyoung.co.kr/cfimages/cf-goods/uploads/images/thumbnails/400/10/0000/0017/A00000017200723ko.jpg?l=ko,10500,10500,0.0,1855,4.6,77,13,7,1,2,0,0,0,1,A000000172007,10000020005
2026-09-11,헬스/건강용품,89,마데카솔,마데카 메디패치 스팟패치 69매 1+1 기획 (138매),https://www.oliveyoung.co.kr/store/goods/getGoodsDetail.do?goodsNo=A000000182355,https://image.oliveyoung.co.kr/cfimages/cf-goods/uploads/images/thumbnails/400/10/0000/0018/A00000018235503ko.jpg?l=ko,9900,8400,15.2,15669,4.8,86,11,3,0,0,1,0,0,1,A000000182355,10000020005
2026-09-11,헬스/건강용품,90,이지덤뷰티,[10년 연속 1등/상처케어] 이지덤 뷰티 스팟패치 69매 단독기획,https://www.oliveyoung.co.kr/store/goods/getGoodsDetail.do?goodsNo=A000000229544,https://image.oliveyoung.co.kr/cfimages/cf-goods/uploads/images/thumbnails/400/10/0000/0022/A00000022954420ko.png?l=ko,12900,9900,23.3,4708,4.9,90,8,2,0,0,1,1,0,1,A000000229544,10000020005
2026-09-11,헬스/건강용품,91,마르시끄,마르시끄 링클 리페어 하이드로겔 아이패치 더블기획/단품 2종 택1,https://www.oliveyoung.co.kr/store/goods/getGoodsDetail.do?goodsNo=A000000218727,https://image.oliveyoung.co.kr/cfimages/cf-goods/uploads/images/thumbnails/400/10/0000/0021/A00000021872713ko.jpg?l=ko,12900,11800,8.5,812,4.7,82,10,5,1,2,1,0,0,1,A000000218727,10000020005
2026-09-11,헬스/건강용품,92,에슬라이트,에슬 시카 락토바실러스 스팟 컨트롤 패치(대형) 4매,https://www.oliveyoung.co.kr/store/goods/getGoodsDetail.do?goodsNo=A000000238829,https://image.oliveyoung.co.kr/cfimages/cf-goods/uploads/images/thumbnails/400/10/0000/0023/A00000023882905ko.jpg?l=ko,13900,10900,21.6,21,4.7,76,19,5,,,1,1,0,1,A000000238829,10000020005
2026-09-11,헬스/건강용품,93,마르시끄,[재입고/품절대란템] 마르시끄 PDRN 하이드로겔 립 패치 5매,https://www.oliveyoung.co.kr/store/goods/getGoodsDetail.do?goodsNo=A000000257741,https://image.oliveyoung.co.kr/cfimages/cf-goods/uploads/images/thumbnails/400/10/0000/0025/A00000025774106ko.jpg?l=ko,15000,15000,0.0,361,4.6,77,10,8,2,3,0,0,0,1,A000000257741,10000020005
2026-09-11,헬스/건강용품,94,바르너,[여리핏/직각어깨치트키] 바르너 EMS 미니스팟 초소형 마사지기 3Colors (핑크 / 블랙 / 블루),https://www.oliveyoung.co.kr/store/goods/getGoodsDetail.do?goodsNo=A000000263666,https://image.oliveyoung.co.kr/cfimages/cf-goods/uploads/images/thumbnails/400/10/0000/0026/A00000026366608ko.jpg?l=ko,49000,48020,2.0,16,4.5,81,6,,6,6,1,0,0,1,A000000263666,10000020005
2026-09-11,헬스/건강용품,95,바디핌,[누적판매 2만개] 바디핌 세라믹 괄사,https://www.oliveyoung.co.kr/store/goods/getGoodsDetail.do?goodsNo=B000000258153,https://image.oliveyoung.co.kr/cfimages/cf-goods/uploads/images/thumbnails/400/10/0000/0025/B00000025815308ko.jpg?l=ko,28900,22900,20.8,93,5.0,97,3,,,,0,1,0,0,B000000258153,10000020005
2026-09-11,헬스/건강용품,96,시카케어,[의료기기] 동국제약 시카케어 실리콘겔시트 밴드 2매입,https://www.oliveyoung.co.kr/store/goods/getGoodsDetail.do?goodsNo=B000000264277,https://image.oliveyoung.co.kr/cfimages/cf-goods/uploads/images/thumbnails/400/10/0000/0026/B00000026427703ko.png?l=ko,56000,47500,15.2,12,5.0,100,,,,,0,1,0,0,B000000264277,10000020005
2026-09-11,헬스/건강용품,97,에이더,에이더 맥그립 손목보호대(방수/자석스트랩) 쿡그립 2종 택1,https://www.oliveyoung.co.kr/store/goods/getGoodsDetail.do?goodsNo=B000000219662,https://image.oliveyoung.co.kr/cfimages/cf-goods/uploads/images/thumbnails/400/10/0000/0021/B00000021966206ko.jpg?l=ko,49800,46800,6.0,17,4.5,71,18,6,6,,0,1,0,0,B000000219662,10000020005
2026-09-11,헬스/건강용품,98,스팀베이스,스팀베이스 데일리 아이마스크 11종 택1,https://www.oliveyoung.co.kr/store/goods/getGoodsDetail.do?goodsNo=A000000130416,https://image.oliveyoung.co.kr/cfimages/cf-goods/uploads/images/thumbnails/400/10/0000/0013/A00000013041633ko.jpg?l=ko,7900,7900,0.0,18819,4.7,81,12,5,1,1,0,0,0,1,A000000130416,10000020005
2026-09-11,헬스/건강용품,99,라보타치,[OY단독] 라보타치 미간 케어 패치 18매,https://www.oliveyoung.co.kr/store/goods/getGoodsDetail.do?goodsNo=A000000188398,https://image.oliveyoung.co.kr/cfimages/cf-goods/uploads/images/thumbnails/400/10/0000/0018/A00000018839818ko.jpg?l=ko,17900,14300,20.1,1949,4.8,88,8,3,0,0,1,0,0,1,A000000188398,10000020005
2026-09-11,헬스/건강용품,100,아크네스,[포켓몬 에디션] 아크네스 3초 진정 스팟 패치 90매 3종 택 1 (피카츄/치코리타/이브이),https://www.oliveyoung.co.kr/store/goods/getGoodsDetail.do?goodsNo=A000000255700,https://image.oliveyoung.co.kr/cfimages/cf-goods/uploads/images/thumbnails/400/10/0000/0025/A00000025570001ko.png?l=ko,9500,6270,34.0,8750,4.8,87,9,3,0,0,1,1,0,1,A000000255700,10000020005
2026-09-11,위생용품,1,좋은느낌,[1+1][9월올영픽] 좋은느낌 센서티브스킨 생리대 6종 택1 (중형/대형/특대형/라이너 롱/입는 오버나이트),https://www.oliveyoung.co.kr/store/goods/getGoodsDetail.do?goodsNo=A000000237596,https://image.oliveyoung.co.kr/cfimages/cf-goods/uploads/images/thumbnails/400/10/0000/0023/A00000023759638ko.png?l=ko,8700,7390,15.1,2774,4.9,90,7,2,0,0,0,1,1,1,A000000237596,10000020004
2026-09-11,위생용품,2,바른생각,[의료기기] 바른생각 콘돔 19종 택 1,https://www.oliveyoung.co.kr/store/goods/getGoodsDetail.do?goodsNo=A000000148268,https://image.oliveyoung.co.kr/cfimages/cf-goods/uploads/images/thumbnails/400/10/0000/0014/A00000014826863ko.jpg?l=ko,9900,7900,20.2,23190,4.8,88,8,3,1,1,1,1,0,1,A000000148268,10000020004
2026-09-11,위생용품,3,디어스킨,디어스킨 리얼모달 생리대 7종 택 1 (패드/라이너/슈퍼롱/입는오버나이트),https://www.oliveyoung.co.kr/store/goods/getGoodsDetail.do?goodsNo=A000000170042,https://image.oliveyoung.co.kr/cfimages/cf-goods/uploads/images/thumbnails/400/10/0000/0017/A00000017004228ko.jpg?l=ko,7900,5920,25.1,26216,4.8,88,9,2,0,0,0,1,0,1,A000000170042,10000020004
2026-09-11,위생용품,4,디어스킨,[9월 올영픽] 디어스킨 리얼모달 입는오버나이트 2종 택 1 (중형 4P/대형 4P),https://www.oliveyoung.co.kr/store/goods/getGoodsDetail.do?goodsNo=A000000203799,https://image.oliveyoung.co.kr/cfimages/cf-goods/uploads/images/thumbnails/400/10/0000/0020/A00000020379902ko.jpg?l=ko,7900,5920,25.1,7870,4.9,89,8,2,0,1,0,1,0,1,A000000203799,10000020004
2026-09-11,위생용품,5,쏘피,쏘피 쿨링프레쉬 생리대 19종 택 1 (패드/안심숙면팬티/라이너/번들),https://www.oliveyoung.co.kr/store/goods/getGoodsDetail.do?goodsNo=A000000223283,https://image.oliveyoung.co.kr/cfimages/cf-goods/uploads/images/thumbnails/400/10/0000/0022/A00000022328370ko.jpg?l=ko,9900,4450,55.1,59189,4.8,87,8,3,1,1,1,0,0,1,A000000223283,10000020004
2026-09-11,위생용품,6,좋은느낌,[NEW] 좋은느낌 유기농100%순면 생리대 (소/중/대/수퍼롱/입는오버나이트),https://www.oliveyoung.co.kr/store/goods/getGoodsDetail.do?goodsNo=A000000264354,https://image.oliveyoung.co.kr/cfimages/cf-goods/uploads/images/thumbnails/400/10/0000/0026/A00000026435429ko.png?l=ko,9300,8370,10.0,22263,4.9,89,9,2,0,0,0,1,1,1,A000000264354,10000020004
2026-09-11,위생용품,7,라엘,라엘 유기농 순면커버 생리대 7종 택 1 (기획/단품),https://www.oliveyoung.co.kr/store/goods/getGoodsDetail.do?goodsNo=A000000131345,https://image.oliveyoung.co.kr/cfimages/cf-goods/uploads/images/thumbnails/400/10/0000/0013/A00000013134564ko.jpg?l=ko,8400,8400,0.0,43786,4.9,89,9,2,0,0,0,0,1,1,A000000131345,10000020004
2026-09-11,위생용품,8,아로마티카,[9월올영픽] 아로마티카 여성청결제 5종 택 1 (퓨어 앤 소프트/컴포트 모이스처),https://www.oliveyoung.co.kr/store/goods/getGoodsDetail.do?goodsNo=A000000174439,https://image.oliveyoung.co.kr/cfimages/cf-goods/uploads/images/thumbnails/400/10/0000/0017/A000000174439104ko.jpg?l=ko,35000,18500,47.1,39725,4.8,86,11,2,0,0,1,1,0,1,A000000174439,10000020004
2026-09-11,위생용품,9,메디온,[랄랄 PICK] 메디온 포밍워시 여성청결제 기획 4종 택1 (포밍/쿨링),https://www.oliveyoung.co.kr/store/goods/getGoodsDetail.do?goodsNo=A000000180548,https://image.oliveyoung.co.kr/cfimages/cf-goods/uploads/images/thumbnails/400/10/0000/0018/A00000018054864ko.jpg?l=ko,21900,17900,18.3,6290,4.9,94,4,1,0,0,1,0,0,1,A000000180548,10000020004
2026-09-11,위생용품,10,인클리어,[9월 올영픽] [의료기기] 인클리어/렛츠인클리어 질세정기 4종 택1,https://www.oliveyoung.co.kr/store/goods/getGoodsDetail.do?goodsNo=A000000193120,https://image.oliveyoung.co.kr/cfimages/cf-goods/uploads/images/thumbnails/400/10/0000/0019/A00000019312056ko.png?l=ko,8800,8800,0.0,18942,4.8,87,10,2,0,0,0,0,0,1,A000000193120,10000020004
2026-09-11,위생용품,11,사가미,[의료기기] 사가미 오리지널 콘돔 12종 택 1 [0.01/0.02],https://www.oliveyoung.co.kr/store/goods/getGoodsDetail.do?goodsNo=A000000117195,https://image.oliveyoung.co.kr/cfimages/cf-goods/uploads/images/thumbnails/400/10/0000/0011/A00000011719513ko.png?l=ko,31200,28000,10.3,10897,4.8,88,7,3,1,1,1,0,0,1,A000000117195,10000020004
2026-09-11,위생용품,12,콜만,[흡수체 까지 유기농 순면 100%] 콜만 생리대 중대형/중소형/팬티라이너 3종 택 1,https://www.oliveyoung.co.kr/store/goods/getGoodsDetail.do?goodsNo=A000000117457,https://image.oliveyoung.co.kr/cfimages/cf-goods/uploads/images/thumbnails/400/10/0000/0011/A00000011745752ko.jpg?l=ko,8600,8600,0.0,12014,4.8,82,14,3,0,1,0,0,0,1,A000000117457,10000020004
2026-09-11,위생용품,13,바른생각,[의료기기] 바른생각 젤 헬시 러브 2종 택1(100g / 12개입),https://www.oliveyoung.co.kr/store/goods/getGoodsDetail.do?goodsNo=A000000190915,https://image.oliveyoung.co.kr/cfimages/cf-goods/uploads/images/thumbnails/400/10/0000/0019/A00000019091540ko.jpg?l=ko,13500,11900,11.9,8050,4.8,85,10,4,1,1,1,0,0,1,A000000190915,10000020004
2026-09-11,위생용품,14,이너시아,[하와수마켓] 더 프리즘+입오버 뒹굴뒹굴안심팩 (대형8P*2+중형8P*2+입오버대형4P*1),https://www.oliveyoung.co.kr/store/goods/getGoodsDetail.do?goodsNo=B000000265830,https://image.oliveyoung.co.kr/cfimages/cf-goods/uploads/images/thumbnails/400/10/0000/0026/B00000026583005ko.jpg?l=ko,42900,29900,30.3,1764,4.8,88,8,3,1,0,0,1,0,0,B000000265830,10000020004
2026-09-11,위생용품,15,좋은느낌,좋은느낌 수퍼소프트 생리대 (패드/입오버/라이너),https://www.oliveyoung.co.kr/store/goods/getGoodsDetail.do?goodsNo=A000000208842,https://image.oliveyoung.co.kr/cfimages/cf-goods/uploads/images/thumbnails/400/10/0000/0020/A00000020884282ko.png?l=ko,8400,3780,55.0,21856,4.9,90,8,2,0,0,1,1,1,1,A000000208842,10000020004
2026-09-11,위생용품,16,좋은느낌,[1+1][9월 올영픽] 좋은느낌 센서티브스킨 입는오버나이트 4P (중형/대형),https://www.oliveyoung.co.kr/store/goods/getGoodsDetail.do?goodsNo=A000000263713,https://image.oliveyoung.co.kr/cfimages/cf-goods/uploads/images/thumbnails/400/10/0000/0026/A00000026371330ko.png?l=ko,9000,6950,22.8,2848,4.9,90,7,2,0,0,0,1,1,1,A000000263713,10000020004
2026-09-11,위생용품,17,좋은느낌,좋은느낌 오리지널 울트라슬림 생리대 날개형 9종 택 1 (소형 / 중형 / 대형 / 수퍼롱),https://www.oliveyoung.co.kr/store/goods/getGoodsDetail.do?goodsNo=A000000014786,https://image.oliveyoung.co.kr/cfimages/cf-goods/uploads/images/thumbnails/400/10/0000/0001/A00000001478628ko.png?l=ko,1800,1200,33.3,21634,4.9,89,9,2,0,0,1,1,1,1,A000000014786,10000020004
2026-09-11,위생용품,18,나트라케어,나트라케어 울트라패드 3종 택 1 ( 소형 14P / 중형 12P / 대형 10P),https://www.oliveyoung.co.kr/store/goods/getGoodsDetail.do?goodsNo=A000000158965,https://image.oliveyoung.co.kr/cfimages/cf-goods/uploads/images/thumbnails/400/10/0000/0015/A00000015896533ko.jpg?l=ko,9600,9600,0.0,4618,4.8,87,9,3,0,1,0,0,0,1,A000000158965,10000020004
2026-09-11,위생용품,19,아스트로글라이드,[의료기기] 아스트로글라이드 오리지날 2종 택 1(74ml / 148ml),https://www.oliveyoung.co.kr/store/goods/getGoodsDetail.do?goodsNo=A000000208184,https://image.oliveyoung.co.kr/cfimages/cf-goods/uploads/images/thumbnails/400/10/0000/0020/A00000020818402ko.jpg?l=ko,25000,25000,0.0,1054,4.9,91,6,3,,0,0,0,0,1,A000000208184,10000020004
2026-09-11,위생용품,20,좋은느낌,"좋은느낌 오리지널 입는오버나이트 (S/M/L, 대용량)",https://www.oliveyoung.co.kr/store/goods/getGoodsDetail.do?goodsNo=A000000264351,https://image.oliveyoung.co.kr/cfimages/cf-goods/uploads/images/thumbnails/400/10/0000/0026/A00000026435143ko.png?l=ko,17600,8100,54.0,26041,4.9,92,6,1,0,0,1,1,1,1,A000000264351,10000020004
2026-09-11,위생용품,21,일리윤,[9월 올영픽] 일리윤 프로바이오틱스 젠틀클렌저 여성청결제 300+100ml (기획/단품),https://www.oliveyoung.co.kr/store/goods/getGoodsDetail.do?goodsNo=A000000198950,https://image.oliveyoung.co.kr/cfimages/cf-goods/uploads/images/thumbnails/400/10/0000/0019/A00000019895040ko.jpg?l=ko,22000,14200,35.5,4623,4.9,90,8,2,0,0,1,1,0,1,A000000198950,10000020004
2026-09-11,위생용품,22,유리아쥬,[온가족 여성청결제] 유리아쥬 진피 마일드 젤 단품/기획 택 1 (50ml/200ml/500ml),https://www.oliveyoung.co.kr/store/goods/getGoodsDetail.do?goodsNo=A000000120689,https://image.oliveyoung.co.kr/cfimages/cf-goods/uploads/images/thumbnails/400/10/0000/0012/A00000012068937ko.jpg?l=ko,11000,5500,50.0,5446,4.9,90,8,2,0,0,1,0,0,1,A000000120689,10000020004
2026-09-11,위생용품,23,이너시아,[여성과학자 개발] 이너시아 더 프리즘 유기농생리대 6종 택 1,https://www.oliveyoung.co.kr/store/goods/getGoodsDetail.do?goodsNo=A000000187776,https://image.oliveyoung.co.kr/cfimages/cf-goods/uploads/images/thumbnails/400/10/0000/0018/A00000018777648ko.jpg?l=ko,8500,7700,9.4,12306,4.8,88,8,2,0,1,1,0,0,1,A000000187776,10000020004
2026-09-11,위생용품,24,좋은느낌,좋은느낌 유기농100%순면 라이너 7종 택 1 (일반/롱/수퍼롱/맥시롱),https://www.oliveyoung.co.kr/store/goods/getGoodsDetail.do?goodsNo=A000000264353,https://image.oliveyoung.co.kr/cfimages/cf-goods/uploads/images/thumbnails/400/10/0000/0026/A00000026435355ko.png?l=ko,7000,6300,10.0,28945,4.8,87,10,2,0,0,0,1,1,1,A000000264353,10000020004
2026-09-11,위생용품,25,이너생각,[소윤 PICK] 이너생각 여성청결제 기획 2종 택 1 (휩드/포밍워시),https://www.oliveyoung.co.kr/store/goods/getGoodsDetail.do?goodsNo=A000000214877,https://image.oliveyoung.co.kr/cfimages/cf-goods/uploads/images/thumbnails/400/10/0000/0021/A00000021487783ko.png?l=ko,20000,16000,20.0,9821,4.8,89,8,2,0,1,1,0,0,1,A000000214877,10000020004
2026-09-11,위생용품,26,포엘리에,[리뷰이벤트/Y존케어] 포엘리에 페미닌 이너퍼퓸 데일리 멀티 향수,https://www.oliveyoung.co.kr/store/goods/getGoodsDetail.do?goodsNo=A000000120264,https://image.oliveyoung.co.kr/cfimages/cf-goods/uploads/images/thumbnails/400/10/0000/0012/A00000012026451ko.jpg?l=ko,15900,12900,18.9,14023,4.7,81,13,4,1,1,1,0,0,1,A000000120264,10000020004
2026-09-11,위생용품,27,화이트,[2026 NEW] 화이트 스테이쿨 생리대 5종 택 1 (중형/대형/입는오버나이트/수퍼롱/라이너),https://www.oliveyoung.co.kr/store/goods/getGoodsDetail.do?goodsNo=A000000251973,https://image.oliveyoung.co.kr/cfimages/cf-goods/uploads/images/thumbnails/400/10/0000/0025/A00000025197367ko.png?l=ko,9000,2990,66.8,17612,4.7,83,9,5,1,1,1,1,0,1,A000000251973,10000020004
2026-09-11,위생용품,28,디어스킨,디어스킨 에어엠보 생리대 8종 택 1(패드 / 라이너 / 슈퍼롱 / 입는오버),https://www.oliveyoung.co.kr/store/goods/getGoodsDetail.do?goodsNo=A000000145609,https://image.oliveyoung.co.kr/cfimages/cf-goods/uploads/images/thumbnails/400/10/0000/0014/A00000014560921ko.jpg?l=ko,4900,4900,0.0,19241,4.8,88,9,2,0,0,0,0,0,1,A000000145609,10000020004
2026-09-11,위생용품,29,바른생각,바른생각 젤 기획세트 150ml+50ml  2종 택 1 (젤 스탠다드 / 젤 내추럴 수딩),https://www.oliveyoung.co.kr/store/goods/getGoodsDetail.do?goodsNo=A000000152113,https://image.oliveyoung.co.kr/cfimages/cf-goods/uploads/images/thumbnails/400/10/0000/0015/A00000015211334ko.jpg?l=ko,16900,14500,14.2,4746,4.8,85,10,4,1,1,1,0,0,1,A000000152113,10000020004
2026-09-11,위생용품,30,화이트,화이트 제로필 탐폰 8개입 (레귤러/슈퍼),https://www.oliveyoung.co.kr/store/goods/getGoodsDetail.do?goodsNo=A000000250693,https://image.oliveyoung.co.kr/cfimages/cf-goods/uploads/images/thumbnails/400/10/0000/0025/A00000025069340ko.png?l=ko,7900,7110,10.0,2147,4.9,93,6,1,0,0,0,1,0,1,A000000250693,10000020004
2026-09-11,위생용품,31,바른생각,[1+1] 바른생각 워터리 핑거핏 20개입 (손가락 형),https://www.oliveyoung.co.kr/store/goods/getGoodsDetail.do?goodsNo=A000000168203,https://image.oliveyoung.co.kr/cfimages/cf-goods/uploads/images/thumbnails/400/10/0000/0016/A00000016820310ko.jpg?l=ko,15900,15900,0.0,2351,4.8,86,9,4,1,1,0,0,0,1,A000000168203,10000020004
2026-09-11,위생용품,32,메디온,[단독기획]메디온 퍼퓸미스트 기획세트(청결티슈 3매 추가증정),https://www.oliveyoung.co.kr/store/goods/getGoodsDetail.do?goodsNo=A000000191416,https://image.oliveyoung.co.kr/cfimages/cf-goods/uploads/images/thumbnails/400/10/0000/0019/A00000019141634ko.jpg?l=ko,29800,24200,18.8,3262,4.8,87,8,4,1,1,1,0,0,1,A000000191416,10000020004
2026-09-11,위생용품,33,해피문데이,[NEW] 해피문데이 이지 탐폰 3종 택1 (라이트/레귤러/슈퍼),https://www.oliveyoung.co.kr/store/goods/getGoodsDetail.do?goodsNo=A000000257391,https://image.oliveyoung.co.kr/cfimages/cf-goods/uploads/images/thumbnails/400/10/0000/0025/A00000025739107ko.png?l=ko,5700,5000,12.3,10817,4.8,89,7,2,0,0,1,0,0,1,A000000257391,10000020004
2026-09-11,위생용품,34,라엘,라엘 유기농 순면커버 입는오버나이트 6종 택1,https://www.oliveyoung.co.kr/store/goods/getGoodsDetail.do?goodsNo=A000000157030,https://image.oliveyoung.co.kr/cfimages/cf-goods/uploads/images/thumbnails/400/10/0000/0015/A00000015703057ko.jpg?l=ko,7900,6160,22.0,12800,4.9,92,6,1,0,0,0,1,1,1,A000000157030,10000020004
2026-09-11,위생용품,35,좋은느낌,좋은느낌 오리지널 맥시슬림 생리대 (중형/대형/수퍼롱/오버나이트),https://www.oliveyoung.co.kr/store/goods/getGoodsDetail.do?goodsNo=A000000249512,https://image.oliveyoung.co.kr/cfimages/cf-goods/uploads/images/thumbnails/400/10/0000/0024/A00000024951238ko.png?l=ko,6200,5580,10.0,200,4.9,89,8,3,1,,0,1,1,1,A000000249512,10000020004
2026-09-11,위생용품,36,이너시아,[카이스트박사 PICK] 이너시아 더프리즘 유기농 팬티라이너 2종 택 1 (18P/54P),https://www.oliveyoung.co.kr/store/goods/getGoodsDetail.do?goodsNo=A000000192748,https://image.oliveyoung.co.kr/cfimages/cf-goods/uploads/images/thumbnails/400/10/0000/0019/A00000019274810ko.jpg?l=ko,8900,8500,4.5,992,4.8,88,8,3,0,1,1,0,0,1,A000000192748,10000020004
2026-09-11,위생용품,37,라엘,[재입고완료/품절대란템] 라엘 에어리쿨 순면커버 입는 오버나이트 4P (M/L),https://www.oliveyoung.co.kr/store/goods/getGoodsDetail.do?goodsNo=A000000252463,https://image.oliveyoung.co.kr/cfimages/cf-goods/uploads/images/thumbnails/400/10/0000/0025/A00000025246324ko.jpg?l=ko,8400,5700,32.1,1052,4.8,85,9,3,1,1,1,1,1,1,A000000252463,10000020004
2026-09-11,위생용품,38,유기농본,유기농본 울트라슬림날개 대형14개입,https://www.oliveyoung.co.kr/store/goods/getGoodsDetail.do?goodsNo=A000000006722,https://image.oliveyoung.co.kr/cfimages/cf-goods/uploads/images/thumbnails/400/10/0000/0000/A00000000672208ko.jpg?l=ko,8600,8600,0.0,4834,4.8,82,15,3,0,0,0,0,0,1,A000000006722,10000020004
2026-09-11,위생용품,39,이브,[의료기기] 이브 콘돔 7종 모음전,https://www.oliveyoung.co.kr/store/goods/getGoodsDetail.do?goodsNo=A000000158467,https://image.oliveyoung.co.kr/cfimages/cf-goods/uploads/images/thumbnails/400/10/0000/0015/A00000015846738ko.png?l=ko,12900,11900,7.8,3338,4.9,91,6,2,0,1,1,0,0,1,A000000158467,10000020004
2026-09-11,위생용품,40,슈얼리,"슈얼리 스마트 검사기기 1개입 (검사스틱 별도구매)-임신,배란,갱년기,여성호르몬 [의료기기]",https://www.oliveyoung.co.kr/store/goods/getGoodsDetail.do?goodsNo=A000000193214,https://image.oliveyoung.co.kr/cfimages/cf-goods/uploads/images/thumbnails/400/10/0000/0019/A00000019321401ko.jpeg?l=ko,52000,52000,0.0,117,5.0,98,1,,,1,0,0,0,1,A000000193214,10000020004
2026-09-11,위생용품,41,이너시아,이너시아 더 프리즘 유기농 생리대 중형/대형 96P 번들팩 (8p*3팩*4번들),https://www.oliveyoung.co.kr/store/goods/getGoodsDetail.do?goodsNo=B000000248840,https://image.oliveyoung.co.kr/cfimages/cf-goods/uploads/images/thumbnails/400/10/0000/0024/B00000024884003ko.jpg?l=ko,78400,78400,0.0,8044,4.8,89,8,2,0,1,0,0,0,0,B000000248840,10000020004
2026-09-11,위생용품,42,하기스,2025 하기스 네이처메이드 밤부 팬티형 기저귀 여아용 4종 택 1,https://www.oliveyoung.co.kr/store/goods/getGoodsDetail.do?goodsNo=B000000207856,https://image.oliveyoung.co.kr/cfimages/cf-goods/uploads/images/thumbnails/400/10/0000/0020/B00000020785606ko.jpg?l=ko,76900,76900,0.0,95,5.0,99,1,,,,0,0,0,0,B000000207856,10000020004
2026-09-11,위생용품,43,바른생각,[의료기기] 바른생각 익스트림 에어핏 4종 택 1,https://www.oliveyoung.co.kr/store/goods/getGoodsDetail.do?goodsNo=A000000147169,https://image.oliveyoung.co.kr/cfimages/cf-goods/uploads/images/thumbnails/400/10/0000/0014/A00000014716931ko.jpg?l=ko,14900,10900,26.8,7310,4.9,91,7,2,0,0,1,1,0,1,A000000147169,10000020004
2026-09-11,위생용품,44,포엘리에,포엘리에 오스몰 250 러브 마사지젤 2종 택 1 (단품/파우치),https://www.oliveyoung.co.kr/store/goods/getGoodsDetail.do?goodsNo=A000000223224,https://image.oliveyoung.co.kr/cfimages/cf-goods/uploads/images/thumbnails/400/10/0000/0022/A00000022322422ko.jpg?l=ko,12000,10900,9.2,1730,4.8,89,7,3,0,1,1,0,0,1,A000000223224,10000020004
2026-09-11,위생용품,45,바른생각,[의료기기] 바른생각 퍼펙트핏 2종 택 1 (12개입/번들),https://www.oliveyoung.co.kr/store/goods/getGoodsDetail.do?goodsNo=A000000111067,https://image.oliveyoung.co.kr/cfimages/cf-goods/uploads/images/thumbnails/400/10/0000/0011/A00000011106719ko.jpg?l=ko,13900,13100,5.8,730,4.8,88,8,2,0,0,0,1,0,1,A000000111067,10000020004
2026-09-11,위생용품,46,바른생각,[1+1][의료기기] 바른생각 슬림핏 12개입,https://www.oliveyoung.co.kr/store/goods/getGoodsDetail.do?goodsNo=A000000206332,https://image.oliveyoung.co.kr/cfimages/cf-goods/uploads/images/thumbnails/400/10/0000/0020/A00000020633202ko.jpg?l=ko,12900,10500,18.6,137,4.8,89,7,2,1,1,0,1,0,1,A000000206332,10000020004
2026-09-11,위생용품,47,이브네,[이브네] 운동생리대 비오셀 생리대 7종 택1,https://www.oliveyoung.co.kr/store/goods/getGoodsDetail.do?goodsNo=A000000182115,https://image.oliveyoung.co.kr/cfimages/cf-goods/uploads/images/thumbnails/400/10/0000/0018/A00000018211524ko.jpg?l=ko,7600,6460,15.0,4813,4.8,85,10,3,1,1,0,1,0,1,A000000182115,10000020004
2026-09-11,위생용품,48,유리아쥬,[온가족 여성청결제] 유리아쥬 진피 마일드 젤/폼 6종 택 1,https://www.oliveyoung.co.kr/store/goods/getGoodsDetail.do?goodsNo=A000000113494,https://image.oliveyoung.co.kr/cfimages/cf-goods/uploads/images/thumbnails/400/10/0000/0011/A000000113494123ko.jpg?l=ko,23000,23000,0.0,9580,4.9,89,8,2,0,0,0,0,0,1,A000000113494,10000020004
2026-09-11,위생용품,49,유기농본,[대용량] 유기농본 울트라슬림 생리대 번들 14종 택 1,https://www.oliveyoung.co.kr/store/goods/getGoodsDetail.do?goodsNo=A000000153698,https://image.oliveyoung.co.kr/cfimages/cf-goods/uploads/images/thumbnails/400/10/0000/0015/A00000015369817ko.jpg?l=ko,16200,11300,30.2,2438,4.9,89,9,1,0,0,1,0,0,1,A000000153698,10000020004
2026-09-11,위생용품,50,에어퀸,에어퀸 뉴브레스 유기농 생리대 3종 택 1 (팬티라이너/중형/대형),https://www.oliveyoung.co.kr/store/goods/getGoodsDetail.do?goodsNo=A000000203059,https://image.oliveyoung.co.kr/cfimages/cf-goods/uploads/images/thumbnails/400/10/0000/0020/A00000020305938ko.jpg?l=ko,5900,5900,0.0,3194,4.8,84,11,4,0,1,0,0,0,1,A000000203059,10000020004
2026-09-11,위생용품,51,좋은느낌,[락토바실러스 함유] 좋은느낌 더밸런스 바이옴 여성 청결제 폼/청결티슈,https://www.oliveyoung.co.kr/store/goods/getGoodsDetail.do?goodsNo=A000000228164,https://image.oliveyoung.co.kr/cfimages/cf-goods/uploads/images/thumbnails/400/10/0000/0022/A00000022816437ko.png?l=ko,20000,8900,55.5,5253,4.9,92,6,1,0,0,1,1,1,1,A000000228164,10000020004
2026-09-11,위생용품,52,디오넬,디오넬 시크릿러브 이너퍼퓸 6종 택 1,https://www.oliveyoung.co.kr/store/goods/getGoodsDetail.do?goodsNo=A000000104681,https://image.oliveyoung.co.kr/cfimages/cf-goods/uploads/images/thumbnails/400/10/0000/0010/A00000010468121ko.png?l=ko,16900,13900,17.8,7245,4.8,82,13,4,1,0,1,0,0,1,A000000104681,10000020004
2026-09-11,위생용품,53,웜리,웜리 프레스티지 물티슈 캡형 80매 * 10팩,https://www.oliveyoung.co.kr/store/goods/getGoodsDetail.do?goodsNo=B000000252229,https://image.oliveyoung.co.kr/cfimages/cf-goods/uploads/images/thumbnails/400/10/0000/0025/B00000025222906ko.jpg?l=ko,29900,24900,16.7,19,4.9,89,11,,,,0,1,0,0,B000000252229,10000020004
2026-09-11,위생용품,54,오브먼트,[멜라닌 차단/미백] 오브먼트 무자극 비건 브라이트닝 크림 50ml,https://www.oliveyoung.co.kr/store/goods/getGoodsDetail.do?goodsNo=A000000252134,https://image.oliveyoung.co.kr/cfimages/cf-goods/uploads/images/thumbnails/400/10/0000/0025/A00000025213407ko.jpg?l=ko,42000,31500,25.0,42,4.9,90,5,5,,,1,0,0,1,A000000252134,10000020004
2026-09-11,위생용품,55,화이트,화이트 오마이 유기농 탐폰 6종 택 1 (레귤러/슈퍼),https://www.oliveyoung.co.kr/store/goods/getGoodsDetail.do?goodsNo=A000000206809,https://image.oliveyoung.co.kr/cfimages/cf-goods/uploads/images/thumbnails/400/10/0000/0020/A00000020680923ko.png?l=ko,9000,6420,28.7,4120,4.9,90,8,1,0,0,1,1,0,1,A000000206809,10000020004
2026-09-11,위생용품,56,좋은느낌,좋은느낌 순면프레쉬 생리대 4종 택 1 (중형 / 대형 / 수퍼롱 / 라이너),https://www.oliveyoung.co.kr/store/goods/getGoodsDetail.do?goodsNo=A000000014788,https://image.oliveyoung.co.kr/cfimages/cf-goods/uploads/images/thumbnails/400/10/0000/0001/A00000001478831ko.png?l=ko,6000,5400,10.0,16752,4.8,88,9,2,0,0,0,1,1,1,A000000014788,10000020004
2026-09-11,위생용품,57,좋은느낌,2026 좋은느낌 썸머 입는오버나이트 M/L 4P,https://www.oliveyoung.co.kr/store/goods/getGoodsDetail.do?goodsNo=A000000255428,https://image.oliveyoung.co.kr/cfimages/cf-goods/uploads/images/thumbnails/400/10/0000/0025/A00000025542847ko.jpg?l=ko,9000,7650,15.0,1227,4.9,91,7,1,0,0,0,1,1,1,A000000255428,10000020004
2026-09-11,위생용품,58,라엘,라엘 유기농 순면커버 팬티라이너 5종 택 1,https://www.oliveyoung.co.kr/store/goods/getGoodsDetail.do?goodsNo=A000000183558,https://image.oliveyoung.co.kr/cfimages/cf-goods/uploads/images/thumbnails/400/10/0000/0018/A00000018355818ko.jpg?l=ko,5500,4700,14.5,5401,4.8,87,9,3,1,1,1,1,1,1,A000000183558,10000020004
2026-09-11,위생용품,59,라엘,[의료기기] 라엘 이너케어 젤 질세정기 2종 택 1 (3개입/3개입 *  4팩),https://www.oliveyoung.co.kr/store/goods/getGoodsDetail.do?goodsNo=A000000188205,https://image.oliveyoung.co.kr/cfimages/cf-goods/uploads/images/thumbnails/400/10/0000/0018/A00000018820507ko.jpg?l=ko,12900,10300,20.2,1854,4.8,85,11,3,1,0,0,1,1,1,A000000188205,10000020004
2026-09-11,위생용품,60,템포,템포 레귤러/슈퍼 8종 중 택 1 (10+2p / 10p / 20p / 40p),https://www.oliveyoung.co.kr/store/goods/getGoodsDetail.do?goodsNo=A000000204055,https://image.oliveyoung.co.kr/cfimages/cf-goods/uploads/images/thumbnails/400/10/0000/0020/A00000020405512ko.jpg?l=ko,7900,5500,30.4,26201,4.8,86,10,3,0,0,1,0,0,1,A000000204055,10000020004
2026-09-11,위생용품,61,라엘,[통기성강화/상쾌뽀송]라엘 에어리쿨 순면커버 생리대 (4종 택1),https://www.oliveyoung.co.kr/store/goods/getGoodsDetail.do?goodsNo=A000000252461,https://image.oliveyoung.co.kr/cfimages/cf-goods/uploads/images/thumbnails/400/10/0000/0025/A00000025246128ko.jpg?l=ko,18800,10900,42.0,2087,4.7,81,13,4,1,1,1,1,1,1,A000000252461,10000020004
2026-09-11,위생용품,62,템포,템포 내추럴 순면 라이너 롱 40P,https://www.oliveyoung.co.kr/store/goods/getGoodsDetail.do?goodsNo=A000000203540,https://image.oliveyoung.co.kr/cfimages/cf-goods/uploads/images/thumbnails/400/10/0000/0020/A00000020354005ko.jpg?l=ko,6900,6900,0.0,2080,4.9,90,8,2,0,0,0,0,0,1,A000000203540,10000020004
2026-09-11,위생용품,63,썸머스이브,썸머스이브 페미닌 워시 멀티 베니핏 데일리 밸런스 3종 택 1,https://www.oliveyoung.co.kr/store/goods/getGoodsDetail.do?goodsNo=A000000116034,https://image.oliveyoung.co.kr/cfimages/cf-goods/uploads/images/thumbnails/400/10/0000/0011/A00000011603422ko.jpg?l=ko,18000,15300,15.0,4853,4.8,86,11,2,0,0,1,0,0,1,A000000116034,10000020004
2026-09-11,위생용품,64,라엘,[올리브영 단독기획] 라엘 롱 라이너 54P,https://www.oliveyoung.co.kr/store/goods/getGoodsDetail.do?goodsNo=A000000208179,https://image.oliveyoung.co.kr/cfimages/cf-goods/uploads/images/thumbnails/400/10/0000/0020/A00000020817904ko.jpg?l=ko,14900,11500,22.8,5615,4.8,87,9,3,1,1,0,1,1,1,A000000208179,10000020004
2026-09-11,위생용품,65,디어스킨,디어스킨 리얼스무드 5종 택1 (패드형/라이너/입는오버),https://www.oliveyoung.co.kr/store/goods/getGoodsDetail.do?goodsNo=A000000240414,https://image.oliveyoung.co.kr/cfimages/cf-goods/uploads/images/thumbnails/400/10/0000/0024/A00000024041410ko.jpg?l=ko,7700,7700,0.0,2483,4.9,91,7,2,0,0,0,0,0,1,A000000240414,10000020004
2026-09-11,위생용품,66,초감각,[의료기기] 초감각 001 콘돔 2종 택 1 (10P/30P),https://www.oliveyoung.co.kr/store/goods/getGoodsDetail.do?goodsNo=A000000211965,https://image.oliveyoung.co.kr/cfimages/cf-goods/uploads/images/thumbnails/400/10/0000/0021/A00000021196508ko.jpg?l=ko,17900,16400,8.4,1674,4.9,92,4,2,0,1,0,1,0,1,A000000211965,10000020004
2026-09-11,위생용품,67,인클리어,[9월 올영픽] [의료기기] 렛츠인클리어 질세정기 2종 택1 (2P/9P),https://www.oliveyoung.co.kr/store/goods/getGoodsDetail.do?goodsNo=A000000154511,https://image.oliveyoung.co.kr/cfimages/cf-goods/uploads/images/thumbnails/400/10/0000/0015/A00000015451115ko.jpg?l=ko,8800,8800,0.0,4410,4.8,86,11,2,0,0,0,0,0,1,A000000154511,10000020004
2026-09-11,위생용품,68,순수한면,순수한면 건강한 유기농순면 탐폰 레귤러/슈퍼 4종 택 1,https://www.oliveyoung.co.kr/store/goods/getGoodsDetail.do?goodsNo=A000000155771,https://image.oliveyoung.co.kr/cfimages/cf-goods/uploads/images/thumbnails/400/10/0000/0015/A00000015577118ko.jpg?l=ko,6400,6400,0.0,14980,4.8,86,9,3,1,1,0,0,0,1,A000000155771,10000020004
2026-09-11,위생용품,69,바른생각,바른생각 젤 스탠다드 15개입 (휴대용),https://www.oliveyoung.co.kr/store/goods/getGoodsDetail.do?goodsNo=A000000143649,https://image.oliveyoung.co.kr/cfimages/cf-goods/uploads/images/thumbnails/400/10/0000/0014/A00000014364914ko.jpg?l=ko,11500,9900,13.9,2360,4.7,82,12,5,1,1,1,0,0,1,A000000143649,10000020004
2026-09-11,위생용품,70,원포,원포 임신테스트기 3 strips (의료기기),https://www.oliveyoung.co.kr/store/goods/getGoodsDetail.do?goodsNo=A000000015583,https://image.oliveyoung.co.kr/cfimages/cf-goods/uploads/images/thumbnails/400/10/0000/0001/A00000001558303ko.png?l=ko,3900,3500,10.3,2298,4.8,89,7,3,0,1,1,0,0,1,A000000015583,10000020004
2026-09-11,위생용품,71,화이트,[냄새 99%소취]화이트 데오 팬티라이너 (일반/롱),https://www.oliveyoung.co.kr/store/goods/getGoodsDetail.do?goodsNo=A000000207337,https://image.oliveyoung.co.kr/cfimages/cf-goods/uploads/images/thumbnails/400/10/0000/0020/A00000020733725ko.jpg?l=ko,5400,4860,10.0,2106,4.7,82,11,4,1,1,0,1,0,1,A000000207337,10000020004
2026-09-11,위생용품,72,라엘,[뷰튜버PICK]라엘 여성청결제 & 청결티슈 4종 택 1(천연/제주편백/청결티슈),https://www.oliveyoung.co.kr/store/goods/getGoodsDetail.do?goodsNo=A000000138252,https://image.oliveyoung.co.kr/cfimages/cf-goods/uploads/images/thumbnails/400/10/0000/0013/A00000013825224ko.jpg?l=ko,16900,11500,32.0,5064,4.8,88,9,2,0,1,0,1,1,1,A000000138252,10000020004
2026-09-11,위생용품,73,이브,이브 핑거돔 18P (공산품),https://www.oliveyoung.co.kr/store/goods/getGoodsDetail.do?goodsNo=A000000166615,https://image.oliveyoung.co.kr/cfimages/cf-goods/uploads/images/thumbnails/400/10/0000/0016/A00000016661504ko.jpg?l=ko,12900,11900,7.8,1405,4.9,90,7,2,0,0,1,0,0,1,A000000166615,10000020004
2026-09-11,위생용품,74,쎄페,[의료기기] 쎄페 여성세정제 2종 택 1 (1P/3P),https://www.oliveyoung.co.kr/store/goods/getGoodsDetail.do?goodsNo=A000000164321,https://image.oliveyoung.co.kr/cfimages/cf-goods/uploads/images/thumbnails/400/10/0000/0016/A00000016432103ko.jpg?l=ko,5000,5000,0.0,5789,4.9,90,7,3,0,0,0,0,0,1,A000000164321,10000020004
2026-09-11,위생용품,75,좋은느낌,좋은느낌 썸머 생리대 4종 택1 (패드/입는오버나이트) (중형/대형),https://www.oliveyoung.co.kr/store/goods/getGoodsDetail.do?goodsNo=A000000264346,https://image.oliveyoung.co.kr/cfimages/cf-goods/uploads/images/thumbnails/400/10/0000/0026/A00000026434671ko.png?l=ko,9000,7650,15.0,9585,4.8,88,8,2,0,0,0,1,1,1,A000000264346,10000020004
2026-09-11,위생용품,76,라보,라보 난소나이 비타민D 복합 분석 패키지 (AMH+비타민D 복합),https://www.oliveyoung.co.kr/store/goods/getGoodsDetail.do?goodsNo=B000000252971,https://image.oliveyoung.co.kr/cfimages/cf-goods/uploads/images/thumbnails/400/10/0000/0025/B00000025297112ko.png?l=ko,92000,92000,0.0,742,5.0,96,3,1,,,0,0,0,0,B000000252971,10000020004
2026-09-11,위생용품,77,포엘리에,[칸디다균 99.9% 감소/리뷰이벤트] 포엘리에 오스몰 밸런스 여성청결제 200ml 여청제,https://www.oliveyoung.co.kr/store/goods/getGoodsDetail.do?goodsNo=A000000251794,https://image.oliveyoung.co.kr/cfimages/cf-goods/uploads/images/thumbnails/400/10/0000/0025/A00000025179411ko.jpg?l=ko,18000,17000,5.6,1235,5.0,98,2,0,,0,1,0,0,1,A000000251794,10000020004
2026-09-11,위생용품,78,화이트,화이트 코튼쿠션/데오 라이너 5종 택 1(일반/롱),https://www.oliveyoung.co.kr/store/goods/getGoodsDetail.do?goodsNo=A000000212577,https://image.oliveyoung.co.kr/cfimages/cf-goods/uploads/images/thumbnails/400/10/0000/0021/A00000021257719ko.png?l=ko,7000,5950,15.0,7243,4.8,84,11,4,1,1,0,1,0,1,A000000212577,10000020004
2026-09-11,위생용품,79,이너시아,[하와수마켓]더 프리즘 탐폰+라이너 운동러버필수팩(탐폰레귤러14P+슈퍼14P+라이너18p),https://www.oliveyoung.co.kr/store/goods/getGoodsDetail.do?goodsNo=B000000265841,https://image.oliveyoung.co.kr/cfimages/cf-goods/uploads/images/thumbnails/400/10/0000/0026/B00000026584105ko.jpg?l=ko,39600,27900,29.5,71,4.8,90,3,7,,,0,1,0,0,B000000265841,10000020004
2026-09-11,위생용품,80,지노큐어,[안주미PICK] 지노큐어 매일 쓰는 여성청결제 150ml 2종 택 1(자스민/백합),https://www.oliveyoung.co.kr/store/goods/getGoodsDetail.do?goodsNo=A000000246011,https://image.oliveyoung.co.kr/cfimages/cf-goods/uploads/images/thumbnails/400/10/0000/0024/A00000024601124ko.png?l=ko,16900,15800,6.5,177,4.9,97,2,1,,1,1,0,0,1,A000000246011,10000020004
2026-09-11,위생용품,81,이체크,[의료기기] 동아제약 이체크 굿뉴스 얼리체크 임신테스트기 1KIT,https://www.oliveyoung.co.kr/store/goods/getGoodsDetail.do?goodsNo=A000000137788,https://image.oliveyoung.co.kr/cfimages/cf-goods/uploads/images/thumbnails/400/10/0000/0013/A00000013778808ko.jpg?l=ko,5000,5000,0.0,5467,4.9,92,5,2,0,1,0,0,0,1,A000000137788,10000020004
2026-09-11,위생용품,82,아토팜,아토팜 매터니티 케어 마일드 앤 수딩 여성 청결제 150ml (단품/기획),https://www.oliveyoung.co.kr/store/goods/getGoodsDetail.do?goodsNo=A000000228172,https://image.oliveyoung.co.kr/cfimages/cf-goods/uploads/images/thumbnails/400/10/0000/0022/A00000022817218ko.jpg?l=ko,43000,19900,53.7,307,4.9,93,5,2,,0,1,0,0,1,A000000228172,10000020004
2026-09-11,위생용품,83,이브네,이브네 입는 오버나이트 4P 4종 택 1 (중형/대형/특대형),https://www.oliveyoung.co.kr/store/goods/getGoodsDetail.do?goodsNo=A000000216270,https://image.oliveyoung.co.kr/cfimages/cf-goods/uploads/images/thumbnails/400/10/0000/0021/A00000021627008ko.jpg?l=ko,7800,6630,15.0,2189,4.9,90,6,2,0,1,0,1,0,1,A000000216270,10000020004
2026-09-11,위생용품,84,바른생각,바른생각 인조이 더 모먼트 방수패드 (라이트 그레이),https://www.oliveyoung.co.kr/store/goods/getGoodsDetail.do?goodsNo=A000000183565,https://image.oliveyoung.co.kr/cfimages/cf-goods/uploads/images/thumbnails/400/10/0000/0018/A00000018356501ko.jpg?l=ko,39900,39900,0.0,48,4.9,92,6,,,2,0,0,0,1,A000000183565,10000020004
2026-09-11,위생용품,85,프리메라,[1+1] 프리메라 후리앤후리 여성청결제 젤/폼 기획 택1,https://www.oliveyoung.co.kr/store/goods/getGoodsDetail.do?goodsNo=A000000193228,https://image.oliveyoung.co.kr/cfimages/cf-goods/uploads/images/thumbnails/400/10/0000/0019/A00000019322811ko.jpg?l=ko,19000,19000,0.0,1163,4.8,84,11,4,0,1,0,0,0,1,A000000193228,10000020004
2026-09-11,위생용품,86,이너시아,[카이스트박사 PICK]이너시아 더 프리즘 입는 오버나이트 3종 택1 (중/대형/특대형),https://www.oliveyoung.co.kr/store/goods/getGoodsDetail.do?goodsNo=A000000195421,https://image.oliveyoung.co.kr/cfimages/cf-goods/uploads/images/thumbnails/400/10/0000/0019/A00000019542110ko.jpg?l=ko,10800,9900,8.3,1635,4.8,88,8,3,1,0,1,0,0,1,A000000195421,10000020004
2026-09-11,위생용품,87,이너시아,이너시아 더 퍼펙션 생리대 2종 택 1(중형 14P/대형 12P),https://www.oliveyoung.co.kr/store/goods/getGoodsDetail.do?goodsNo=A000000211867,https://image.oliveyoung.co.kr/cfimages/cf-goods/uploads/images/thumbnails/400/10/0000/0021/A00000021186716ko.jpg?l=ko,9800,9800,0.0,1340,4.8,87,10,2,0,1,0,0,0,1,A000000211867,10000020004
2026-09-11,위생용품,88,바른생각,바른생각 베스트 젤 7종 택 1,https://www.oliveyoung.co.kr/store/goods/getGoodsDetail.do?goodsNo=A000000143636,https://image.oliveyoung.co.kr/cfimages/cf-goods/uploads/images/thumbnails/400/10/0000/0014/A00000014363636ko.jpg?l=ko,11500,9900,13.9,1856,4.7,81,12,5,1,1,1,0,0,1,A000000143636,10000020004
2026-09-11,위생용품,89,유기농본,유기농본 울트라슬림날개 생리대 4팩 2종 택 1 (중형 28P / 대형 30P),https://www.oliveyoung.co.kr/store/goods/getGoodsDetail.do?goodsNo=A000000159551,https://image.oliveyoung.co.kr/cfimages/cf-goods/uploads/images/thumbnails/400/10/0000/0015/A00000015955108ko.jpg?l=ko,53600,36700,31.5,72,4.8,88,8,1,,3,1,0,0,1,A000000159551,10000020004
2026-09-11,위생용품,90,하기스,하기스 2025 맥스드라이 팬티형 여아용 기저귀 4종 택 1,https://www.oliveyoung.co.kr/store/goods/getGoodsDetail.do?goodsNo=B000000209599,https://image.oliveyoung.co.kr/cfimages/cf-goods/uploads/images/thumbnails/400/10/0000/0020/B00000020959904ko.jpg?l=ko,72900,72900,0.0,33,4.9,88,12,,,,0,0,0,0,B000000209599,10000020004
2026-09-11,위생용품,91,바솔,[단독기획] 바솔 포밍워시 여성청결제 기획 (이너밸런싱/마일드캄) 3종 택 1,https://www.oliveyoung.co.kr/store/goods/getGoodsDetail.do?goodsNo=A000000204867,https://image.oliveyoung.co.kr/cfimages/cf-goods/uploads/images/thumbnails/400/10/0000/0020/A00000020486791ko.jpg?l=ko,24000,16200,32.5,15324,4.8,88,9,2,0,0,1,1,0,1,A000000204867,10000020004
2026-09-11,위생용품,92,슈얼리,(에겐녀 테스트기) 슈얼리 스마트 검사지 4종 택1(임신/배란/갱년기/호르몬) (기기 별도구매) [의료기기],https://www.oliveyoung.co.kr/store/goods/getGoodsDetail.do?goodsNo=A000000193218,https://image.oliveyoung.co.kr/cfimages/cf-goods/uploads/images/thumbnails/400/10/0000/0019/A00000019321809ko.jpg?l=ko,37000,37000,0.0,384,5.0,96,3,0,,,0,0,0,1,A000000193218,10000020004
2026-09-11,위생용품,93,바솔,[압도적상쾌함]바솔 이너밸런싱 페미닌 티슈 15개입,https://www.oliveyoung.co.kr/store/goods/getGoodsDetail.do?goodsNo=A000000154550,https://image.oliveyoung.co.kr/cfimages/cf-goods/uploads/images/thumbnails/400/10/0000/0015/A00000015455022ko.jpg?l=ko,10000,10000,0.0,5087,4.9,89,9,2,0,0,0,0,0,1,A000000154550,10000020004
2026-09-11,위생용품,94,체레미마카,[1+1/단품] 체레미마카 인티밋 젤 베이직/딥워터 120ml 4종 택 1,https://www.oliveyoung.co.kr/store/goods/getGoodsDetail.do?goodsNo=A000000204759,https://image.oliveyoung.co.kr/cfimages/cf-goods/uploads/images/thumbnails/400/10/0000/0020/A00000020475902ko.jpg?l=ko,21900,19900,9.1,1039,4.8,87,8,3,1,2,1,0,0,1,A000000204759,10000020004
2026-09-11,위생용품,95,베베숲,베베숲 시그니처 위드레드 캡형 70매 20팩 (80gsm),https://www.oliveyoung.co.kr/store/goods/getGoodsDetail.do?goodsNo=B000000200369,https://image.oliveyoung.co.kr/cfimages/cf-goods/uploads/images/thumbnails/400/10/0000/0020/B00000020036904ko.png?l=ko,40300,31990,20.6,582,5.0,97,3,1,,,0,1,0,0,B000000200369,10000020004
2026-09-11,위생용품,96,메디온,[단독기획] 메디온 밸런스젤 기획세트(5ml*10ea 추가증정),https://www.oliveyoung.co.kr/store/goods/getGoodsDetail.do?goodsNo=A000000174024,https://image.oliveyoung.co.kr/cfimages/cf-goods/uploads/images/thumbnails/400/10/0000/0017/A00000017402414ko.jpg?l=ko,15900,14900,6.3,748,4.6,81,9,4,1,4,1,0,0,1,A000000174024,10000020004
2026-09-11,위생용품,97,하기스,2025 하기스 네이처메이드 밤부 밴드형 기저귀 공용 5종 택 1,https://www.oliveyoung.co.kr/store/goods/getGoodsDetail.do?goodsNo=B000000207847,https://image.oliveyoung.co.kr/cfimages/cf-goods/uploads/images/thumbnails/400/10/0000/0020/B00000020784705ko.jpg?l=ko,74500,64500,13.4,356,5.0,97,2,1,,,0,1,0,0,B000000207847,10000020004
2026-09-11,위생용품,98,유기농본,유기농본 울트라슬림 팬티라이너 3팩 2종 택 1 (일반 34P / 롱 28P),https://www.oliveyoung.co.kr/store/goods/getGoodsDetail.do?goodsNo=A000000143066,https://image.oliveyoung.co.kr/cfimages/cf-goods/uploads/images/thumbnails/400/10/0000/0014/A00000014306610ko.jpg?l=ko,16200,11300,30.2,3578,4.8,87,10,2,0,0,1,0,0,1,A000000143066,10000020004
2026-09-11,위생용품,99,라엘,라엘 초슬림 팬티라이너 70P,https://www.oliveyoung.co.kr/store/goods/getGoodsDetail.do?goodsNo=A000000149390,https://image.oliveyoung.co.kr/cfimages/cf-goods/uploads/images/thumbnails/400/10/0000/0014/A00000014939004ko.jpg?l=ko,8400,7400,11.9,2756,4.8,88,9,2,0,0,0,1,1,1,A000000149390,10000020004
2026-09-11,위생용품,100,바른생각,[의료기기] 바른생각 롱플레져핏 3종 택 1 (3개입 / 8개입 / 8개입 * 2팩),https://www.oliveyoung.co.kr/store/goods/getGoodsDetail.do?goodsNo=A000000016626,,6600,6600,0.0,1585,4.8,86,10,3,1,1,0,0,0,1,A000000016626,10000020004
2026-09-11,패션,1,나른,[올리브영X산리오] 나른 브레즘 코튼 숏트렁크 (2 colors)(헬로키티/쿠로미),https://www.oliveyoung.co.kr/store/goods/getGoodsDetail.do?goodsNo=A000000261498,https://image.oliveyoung.co.kr/cfimages/cf-goods/uploads/images/thumbnails/400/10/0000/0026/A00000026149809ko.jpg?l=ko,19900,13500,32.2,866,4.9,92,5,1,0,1,1,1,0,1,A000000261498,10000030007
2026-09-11,패션,2,필리밀리,필리밀리 멀티 트래블 파우치 [산리오캐릭터즈 헬로키티],https://www.oliveyoung.co.kr/store/goods/getGoodsDetail.do?goodsNo=A000000262991,https://image.oliveyoung.co.kr/cfimages/cf-goods/uploads/images/thumbnails/400/10/0000/0026/A00000026299121ko.jpg?l=ko,29500,25900,12.2,90,4.9,91,6,3,,,1,0,1,1,A000000262991,10000030007
2026-09-11,패션,3,올리브영,올리브영 UV 차단 경량 3단 암막 양우산 2종 (헬로키티/한교동),https://www.oliveyoung.co.kr/store/goods/getGoodsDetail.do?goodsNo=A000000262942,https://image.oliveyoung.co.kr/cfimages/cf-goods/uploads/images/thumbnails/400/10/0000/0026/A00000026294206ko.jpg?l=ko,17800,14200,20.2,293,4.9,94,5,2,,,1,1,0,1,A000000262942,10000030007
2026-09-11,패션,4,리무브,[밀착특허기술] 리무브 스킨브라 12종 택1,https://www.oliveyoung.co.kr/store/goods/getGoodsDetail.do?goodsNo=A000000144547,https://image.oliveyoung.co.kr/cfimages/cf-goods/uploads/images/thumbnails/400/10/0000/0014/A00000014454745ko.jpg?l=ko,18000,16200,10.0,31891,4.7,81,13,5,1,1,1,0,0,1,A000000144547,10000030007
2026-09-11,패션,5,베리시,베리시 올데이 스타킹 노스크래치 (베이지/블랙),https://www.oliveyoung.co.kr/store/goods/getGoodsDetail.do?goodsNo=A000000248055,https://image.oliveyoung.co.kr/cfimages/cf-goods/uploads/images/thumbnails/400/10/0000/0024/A00000024805505ko.jpg?l=ko,12900,6450,50.0,615,4.7,85,7,4,1,3,1,1,0,1,A000000248055,10000030007
2026-09-11,패션,6,다슈,다슈 맨즈 에어핏 니플 밴드 더블기획 (52매+52매),https://www.oliveyoung.co.kr/store/goods/getGoodsDetail.do?goodsNo=A000000227366,https://image.oliveyoung.co.kr/cfimages/cf-goods/uploads/images/thumbnails/400/10/0000/0022/A00000022736608ko.jpg?l=ko,28000,17800,36.4,702,4.8,86,8,4,1,1,1,0,0,1,A000000227366,10000030007
2026-09-11,패션,7,리무브,리무브 더블업브라 (S~XL),https://www.oliveyoung.co.kr/store/goods/getGoodsDetail.do?goodsNo=A000000223493,https://image.oliveyoung.co.kr/cfimages/cf-goods/uploads/images/thumbnails/400/10/0000/0022/A00000022349367ko.jpg?l=ko,29000,29000,0.0,976,4.5,74,12,7,3,4,0,0,0,1,A000000223493,10000030007
2026-09-11,패션,8,베리시,[NEW] 베리시 누드브라 2종 (데미와이어/푸시업),https://www.oliveyoung.co.kr/store/goods/getGoodsDetail.do?goodsNo=A000000255845,https://image.oliveyoung.co.kr/cfimages/cf-goods/uploads/images/thumbnails/400/10/0000/0025/A00000025584509ko.jpg?l=ko,34900,27900,20.1,425,4.1,60,15,11,5,9,1,0,0,1,A000000255845,10000030007
2026-09-11,패션,9,리무브,"[밀착특허기술] 리무브 스킨브라 에어 (8cm, 10cm)",https://www.oliveyoung.co.kr/store/goods/getGoodsDetail.do?goodsNo=A000000250020,https://image.oliveyoung.co.kr/cfimages/cf-goods/uploads/images/thumbnails/400/10/0000/0025/A00000025002002ko.jpg?l=ko,20000,18000,10.0,24513,4.7,80,13,5,1,1,1,0,0,1,A000000250020,10000030007
2026-09-11,패션,10,나른,[세트구성] 나른 슬림 서포트 삭스 7set,https://www.oliveyoung.co.kr/store/goods/getGoodsDetail.do?goodsNo=B000000247951,https://image.oliveyoung.co.kr/cfimages/cf-goods/uploads/images/thumbnails/400/10/0000/0024/B00000024795111ko.jpg?l=ko,20300,14820,27.0,7049,4.9,95,4,1,0,0,0,1,0,0,B000000247951,10000030007
2026-09-11,패션,11,마른파이브,마른파이브 두프리 실리콘 누드브라 슬림(리뉴얼),https://www.oliveyoung.co.kr/store/goods/getGoodsDetail.do?goodsNo=A000000206057,https://image.oliveyoung.co.kr/cfimages/cf-goods/uploads/images/thumbnails/400/10/0000/0020/A00000020605720ko.jpg?l=ko,18900,17000,10.1,5665,4.6,76,14,7,2,2,1,0,0,1,A000000206057,10000030007
2026-09-11,패션,12,누브라,[누브라] 미국 정품  클리어 리프트 접착식 스트랩 탈부착 가능 (B~G),https://www.oliveyoung.co.kr/store/goods/getGoodsDetail.do?goodsNo=B000000246432,https://image.oliveyoung.co.kr/cfimages/cf-goods/uploads/images/thumbnails/400/10/0000/0024/B00000024643202ko.jpg?l=ko,82900,82080,1.0,1,5.0,100,,,,,0,1,0,0,B000000246432,10000030007
2026-09-11,패션,13,다슈,다슈 맨즈 매직커버 니플밴드 더블 기획 (52매+52매),https://www.oliveyoung.co.kr/store/goods/getGoodsDetail.do?goodsNo=A000000143150,https://image.oliveyoung.co.kr/cfimages/cf-goods/uploads/images/thumbnails/400/10/0000/0014/A00000014315001ko.jpg?l=ko,24000,11900,50.4,3568,4.7,81,12,5,1,1,1,0,0,1,A000000143150,10000030007
2026-09-11,패션,14,베리시,베리시 쿨핏 브라 컴포트 BIG,https://www.oliveyoung.co.kr/store/goods/getGoodsDetail.do?goodsNo=B000000209076,https://image.oliveyoung.co.kr/cfimages/cf-goods/uploads/images/thumbnails/400/10/0000/0020/B00000020907603ko.jpg?l=ko,38900,38900,0.0,44,4.8,89,7,5,,,0,0,0,0,B000000209076,10000030007
2026-09-11,패션,15,마른파이브,마른파이브 데일리 초밀착 넉넉스타킹 15D,https://www.oliveyoung.co.kr/store/goods/getGoodsDetail.do?goodsNo=A000000173676,https://image.oliveyoung.co.kr/cfimages/cf-goods/uploads/images/thumbnails/400/10/0000/0017/A00000017367611ko.jpg?l=ko,7900,7900,0.0,1933,4.7,80,11,5,2,2,0,0,0,1,A000000173676,10000030007
2026-09-11,패션,16,리무브,[단독기획] 리무브 스킨브라 더블기획 (브라이트/뉴트럴),https://www.oliveyoung.co.kr/store/goods/getGoodsDetail.do?goodsNo=A000000143314,https://image.oliveyoung.co.kr/cfimages/cf-goods/uploads/images/thumbnails/400/10/0000/0014/A00000014331417ko.jpg?l=ko,33000,33000,0.0,28936,4.7,81,13,4,1,1,0,0,0,1,A000000143314,10000030007
2026-09-11,패션,17,브랜든,브랜든 확장형 뷰티 파우치 1개입 & 2개입,https://www.oliveyoung.co.kr/store/goods/getGoodsDetail.do?goodsNo=B000000216080,https://image.oliveyoung.co.kr/cfimages/cf-goods/uploads/images/thumbnails/400/10/0000/0021/B00000021608002ko.jpg?l=ko,32000,27200,15.0,47,4.9,89,9,,2,,0,1,0,0,B000000216080,10000030007
2026-09-11,패션,18,마른파이브,"마른파이브 프리플 여성 니플패치 8cm, 10cm 4종 택1",https://www.oliveyoung.co.kr/store/goods/getGoodsDetail.do?goodsNo=A000000188335,https://image.oliveyoung.co.kr/cfimages/cf-goods/uploads/images/thumbnails/400/10/0000/0018/A00000018833511ko.jpg?l=ko,14900,14900,0.0,1511,4.7,81,12,5,1,1,0,0,0,1,A000000188335,10000030007
2026-09-11,패션,19,다슈,[초슬림 실리콘] 다슈 맨즈 에어핏 니플 밴드 52매(단품/더블기획),https://www.oliveyoung.co.kr/store/goods/getGoodsDetail.do?goodsNo=A000000227367,https://image.oliveyoung.co.kr/cfimages/cf-goods/uploads/images/thumbnails/400/10/0000/0022/A00000022736708ko.jpg?l=ko,14000,14000,0.0,702,4.8,86,8,4,1,1,0,0,0,1,A000000227367,10000030007
2026-09-11,패션,20,마른파이브,"마른파이브 날마다 브라탑 헨리넥 레이어드 캡나시 4colors (F/L, XL)",https://www.oliveyoung.co.kr/store/goods/getGoodsDetail.do?goodsNo=B000000251425,https://image.oliveyoung.co.kr/cfimages/cf-goods/uploads/images/thumbnails/400/10/0000/0025/B00000025142501ko.jpg?l=ko,26900,23900,11.2,44,4.5,75,11,5,5,5,0,1,0,0,B000000251425,10000030007
2026-09-11,패션,21,누브라,[누브라] 미국 정품 페더라이트 (A~G) 입문자용,https://www.oliveyoung.co.kr/store/goods/getGoodsDetail.do?goodsNo=B000000246174,https://image.oliveyoung.co.kr/cfimages/cf-goods/uploads/images/thumbnails/400/10/0000/0024/B00000024617407ko.jpg?l=ko,49900,49410,1.0,1,1.0,,,,,100,0,1,0,0,B000000246174,10000030007
2026-09-11,패션,22,비비안,비비안 제로라인 심리스 팬티 2매입 (베이지/블랙),https://www.oliveyoung.co.kr/store/goods/getGoodsDetail.do?goodsNo=A000000257668,https://image.oliveyoung.co.kr/cfimages/cf-goods/uploads/images/thumbnails/400/10/0000/0025/A00000025766811ko.jpg?l=ko,10900,10900,0.0,206,4.8,86,10,3,,1,0,0,0,1,A000000257668,10000030007
2026-09-11,패션,23,나른,[단독기획] 나른 슬림 서포트 삭스 Short/Long (7colors),https://www.oliveyoung.co.kr/store/goods/getGoodsDetail.do?goodsNo=A000000232031,https://image.oliveyoung.co.kr/cfimages/cf-goods/uploads/images/thumbnails/400/10/0000/0023/A00000023203113ko.jpg?l=ko,2900,2400,17.2,6993,4.9,95,4,1,0,0,1,1,0,1,A000000232031,10000030007
2026-09-11,패션,24,나른,나른 브레즘 숏트렁크 (포인트밴드) (6 colors),https://www.oliveyoung.co.kr/store/goods/getGoodsDetail.do?goodsNo=B000000201347,https://image.oliveyoung.co.kr/cfimages/cf-goods/uploads/images/thumbnails/400/10/0000/0020/B00000020134709ko.jpg?l=ko,15900,12720,20.0,387,4.9,91,6,2,,0,0,1,0,0,B000000201347,10000030007
2026-09-11,패션,25,모던하우스,[모던하우스] ETF 라이트 앤 슬림 양우산 도트 차콜,https://www.oliveyoung.co.kr/store/goods/getGoodsDetail.do?goodsNo=B000000260690,https://image.oliveyoung.co.kr/cfimages/cf-goods/uploads/images/thumbnails/400/10/0000/0026/B00000026069001ko.jpg?l=ko,19900,19900,0.0,0,0.0,,,,,,0,0,0,0,B000000260690,10000030007
2026-09-11,패션,26,비너스,비너스 압박 레그컨트롤 팬티스타킹 3족,https://www.oliveyoung.co.kr/store/goods/getGoodsDetail.do?goodsNo=A000000011390,https://image.oliveyoung.co.kr/cfimages/cf-goods/uploads/images/thumbnails/400/10/0000/0001/A00000001139002ko.jpg?l=ko,16500,16500,0.0,3774,4.7,78,15,5,1,1,0,0,0,1,A000000011390,10000030007
2026-09-11,패션,27,필리밀리,필리밀리X챠미키티 잡화 2종 (UV3단양우산/피크닉매트&파우치),https://www.oliveyoung.co.kr/store/goods/getGoodsDetail.do?goodsNo=A000000248705,https://image.oliveyoung.co.kr/cfimages/cf-goods/uploads/images/thumbnails/400/10/0000/0024/A00000024870506ko.jpg?l=ko,22500,13900,38.2,2120,4.8,88,8,3,1,0,1,0,0,1,A000000248705,10000030007
2026-09-11,패션,28,도씨,[해원 PICK] 도씨 실크핏 클로에 반팔 커플 잠옷 세트,https://www.oliveyoung.co.kr/store/goods/getGoodsDetail.do?goodsNo=A000000249019,https://image.oliveyoung.co.kr/cfimages/cf-goods/uploads/images/thumbnails/400/10/0000/0024/A00000024901919ko.jpg?l=ko,41900,17900,57.3,61,4.9,90,10,,,,1,1,0,1,A000000249019,10000030007
2026-09-11,패션,29,마른파이브,마른파이브 노와이어 날마다 모달브라 15종 택1,https://www.oliveyoung.co.kr/store/goods/getGoodsDetail.do?goodsNo=B000000174325,https://image.oliveyoung.co.kr/cfimages/cf-goods/uploads/images/thumbnails/400/10/0000/0017/B00000017432533ko.jpg?l=ko,19900,17900,10.1,101,4.8,86,11,3,,,0,1,0,0,B000000174325,10000030007
2026-09-11,패션,30,도씨,[엔믹스 PICK] 도씨 실크핏 러브썸 긴팔 커플 잠옷 세트,https://www.oliveyoung.co.kr/store/goods/getGoodsDetail.do?goodsNo=A000000241352,https://image.oliveyoung.co.kr/cfimages/cf-goods/uploads/images/thumbnails/400/10/0000/0024/A00000024135213ko.jpg?l=ko,41900,35900,14.3,48,4.9,96,2,2,,,1,0,0,1,A000000241352,10000030007
2026-09-11,패션,31,도씨,[엔믹스 PICK] 도씨 실크핏 더스트 긴팔 커플 잠옷 세트,https://www.oliveyoung.co.kr/store/goods/getGoodsDetail.do?goodsNo=A000000241557,https://image.oliveyoung.co.kr/cfimages/cf-goods/uploads/images/thumbnails/400/10/0000/0024/A00000024155709ko.jpg?l=ko,41900,35900,14.3,24,4.9,92,8,,,,1,0,0,1,A000000241557,10000030007
2026-09-11,패션,32,아츠기,아츠기 UV차단 스타킹 시리즈(열방출 쿨베이지/파우더베이지) / (올나감방지 누드베이지),https://www.oliveyoung.co.kr/store/goods/getGoodsDetail.do?goodsNo=A000000237732,https://image.oliveyoung.co.kr/cfimages/cf-goods/uploads/images/thumbnails/400/10/0000/0023/A00000023773205ko.jpg?l=ko,14900,13900,6.7,194,4.8,88,9,1,1,2,1,0,0,1,A000000237732,10000030007
2026-09-11,패션,33,플라이코지,플라이코지 살결 후크 누브라 (1size/2size),https://www.oliveyoung.co.kr/store/goods/getGoodsDetail.do?goodsNo=A000000233487,https://image.oliveyoung.co.kr/cfimages/cf-goods/uploads/images/thumbnails/400/10/0000/0023/A00000023348706ko.png?l=ko,33000,29700,10.0,189,4.7,84,9,3,1,4,1,0,0,1,A000000233487,10000030007
2026-09-11,패션,34,나른,나른 리유저블 폴딩 에코백 (10종 택1),https://www.oliveyoung.co.kr/store/goods/getGoodsDetail.do?goodsNo=A000000247984,https://image.oliveyoung.co.kr/cfimages/cf-goods/uploads/images/thumbnails/400/10/0000/0024/A00000024798402ko.jpg?l=ko,17900,13900,22.3,864,4.9,93,4,2,0,1,1,0,0,1,A000000247984,10000030007
2026-09-11,패션,35,누브라,"[누브라] 여행용 케이스 (블랙,플럼,라벤더) A~C전용",https://www.oliveyoung.co.kr/store/goods/getGoodsDetail.do?goodsNo=B000000246228,https://image.oliveyoung.co.kr/cfimages/cf-goods/uploads/images/thumbnails/400/10/0000/0024/B00000024622805ko.jpg?l=ko,29400,29110,1.0,1,1.0,,,,,100,0,1,0,0,B000000246228,10000030007
2026-09-11,패션,36,비너스,비너스 힙업&압박 컴프레션 스타킹 (살구),https://www.oliveyoung.co.kr/store/goods/getGoodsDetail.do?goodsNo=A000000178477,https://image.oliveyoung.co.kr/cfimages/cf-goods/uploads/images/thumbnails/400/10/0000/0017/A00000017847702ko.jpg?l=ko,10500,8400,20.0,919,4.7,81,10,5,2,2,1,0,0,1,A000000178477,10000030007
2026-09-11,패션,37,방탄꼭지,방탄꼭지 걸프리쉬 65mm,https://www.oliveyoung.co.kr/store/goods/getGoodsDetail.do?goodsNo=A000000161274,https://image.oliveyoung.co.kr/cfimages/cf-goods/uploads/images/thumbnails/400/10/0000/0016/A00000016127407ko.jpg?l=ko,14900,13400,10.1,3007,4.6,78,13,6,1,2,1,0,0,1,A000000161274,10000030007
2026-09-11,패션,38,마른파이브,"마른파이브 넉넉 UV차단 올풀림방지 니삭스 골프 스타킹 2 colors (숏, 롱)",https://www.oliveyoung.co.kr/store/goods/getGoodsDetail.do?goodsNo=A000000226595,https://image.oliveyoung.co.kr/cfimages/cf-goods/uploads/images/thumbnails/400/10/0000/0022/A00000022659510ko.jpg?l=ko,14900,13400,10.1,363,4.9,90,7,3,0,,1,0,0,1,A000000226595,10000030007
2026-09-11,패션,39,엣프터,[다영 PICK] 엣프터 누디 볼륨 브라(후크) ( 바닐라크림/블랙/내추럴스킨/딥브라운/라이트그레이),https://www.oliveyoung.co.kr/store/goods/getGoodsDetail.do?goodsNo=B000000258360,https://image.oliveyoung.co.kr/cfimages/cf-goods/uploads/images/thumbnails/400/10/0000/0025/B00000025836016ko.jpg?l=ko,28900,28400,1.7,29,4.5,69,17,10,3,,0,1,0,0,B000000258360,10000030007
2026-09-11,패션,40,레고트,레고트 핸디 큐브 파우치 L (5 colors),https://www.oliveyoung.co.kr/store/goods/getGoodsDetail.do?goodsNo=A000000228669,https://image.oliveyoung.co.kr/cfimages/cf-goods/uploads/images/thumbnails/400/10/0000/0022/A00000022866901ko.jpg?l=ko,29000,26000,10.3,8,5.0,100,,,,,1,0,0,1,A000000228669,10000030007
2026-09-11,패션,41,리무브,리무브 스킨브라 후크 (S~L),https://www.oliveyoung.co.kr/store/goods/getGoodsDetail.do?goodsNo=A000000229631,https://image.oliveyoung.co.kr/cfimages/cf-goods/uploads/images/thumbnails/400/10/0000/0022/A00000022963128ko.jpg?l=ko,28000,24900,11.1,169,4.6,75,15,5,1,3,1,0,0,1,A000000229631,10000030007
2026-09-11,패션,42,슬림9,슬림9 Y존압박프리 네모팬티 & 아이스인견 택1 (S/M/L),https://www.oliveyoung.co.kr/store/goods/getGoodsDetail.do?goodsNo=A000000227931,https://image.oliveyoung.co.kr/cfimages/cf-goods/uploads/images/thumbnails/400/10/0000/0022/A00000022793126ko.png?l=ko,19900,18900,5.0,4703,4.5,73,16,7,2,2,1,0,0,1,A000000227931,10000030007
2026-09-11,패션,43,슬림9,[말림없는편한팬티] 슬림9 네모팬티 2color 택 1 (S/M/L),https://www.oliveyoung.co.kr/store/goods/getGoodsDetail.do?goodsNo=A000000129688,https://image.oliveyoung.co.kr/cfimages/cf-goods/uploads/images/thumbnails/400/10/0000/0012/A00000012968809ko.png?l=ko,23900,21900,8.4,5070,4.6,74,16,7,2,2,1,0,0,1,A000000129688,10000030007
2026-09-11,패션,44,리플러츠,[팬티라인완벽보정] 리플러츠 당당 티팬티 S/M/L (베이지/블랙),https://www.oliveyoung.co.kr/store/goods/getGoodsDetail.do?goodsNo=A000000208190,https://image.oliveyoung.co.kr/cfimages/cf-goods/uploads/images/thumbnails/400/10/0000/0020/A00000020819012ko.jpg?l=ko,23900,21200,11.3,303,4.6,71,19,8,1,1,1,0,0,1,A000000208190,10000030007
2026-09-11,패션,45,마른파이브,마른파이브 두프리 에어 심리스 누드브라 하프컵,https://www.oliveyoung.co.kr/store/goods/getGoodsDetail.do?goodsNo=A000000203369,https://image.oliveyoung.co.kr/cfimages/cf-goods/uploads/images/thumbnails/400/10/0000/0020/A00000020336925ko.jpg?l=ko,17900,17900,0.0,1700,4.5,73,12,9,3,3,0,0,0,1,A000000203369,10000030007
2026-09-11,패션,46,도씨,[해원 PICK] 도씨 실크핏 보니 반팔 커플 잠옷 세트,https://www.oliveyoung.co.kr/store/goods/getGoodsDetail.do?goodsNo=A000000252778,https://image.oliveyoung.co.kr/cfimages/cf-goods/uploads/images/thumbnails/400/10/0000/0025/A00000025277814ko.jpg?l=ko,41900,17900,57.3,20,5.0,100,,,,,1,1,0,1,A000000252778,10000030007
2026-09-11,패션,47,비비안,비비안 올핏 팬티 (4 colors),https://www.oliveyoung.co.kr/store/goods/getGoodsDetail.do?goodsNo=B000000206681,https://image.oliveyoung.co.kr/cfimages/cf-goods/uploads/images/thumbnails/400/10/0000/0020/B00000020668108ko.jpg?l=ko,11200,7900,29.5,5,5.0,100,,,,,0,1,0,0,B000000206681,10000030007
2026-09-11,패션,48,다슈,다슈 맨즈 매직커버 니플밴드 (52매),https://www.oliveyoung.co.kr/store/goods/getGoodsDetail.do?goodsNo=A000000143127,https://image.oliveyoung.co.kr/cfimages/cf-goods/uploads/images/thumbnails/400/10/0000/0014/A00000014312701ko.jpg?l=ko,12000,7200,40.0,3569,4.7,81,12,5,1,1,1,0,0,1,A000000143127,10000030007
2026-09-11,패션,49,비브비브,비브비브 오 니플패치 물방울형 (점착/무점착),https://www.oliveyoung.co.kr/store/goods/getGoodsDetail.do?goodsNo=A000000250420,https://image.oliveyoung.co.kr/cfimages/cf-goods/uploads/images/thumbnails/400/10/0000/0025/A00000025042014ko.jpg?l=ko,18900,15900,15.9,158,4.5,77,9,7,2,4,1,0,0,1,A000000250420,10000030007
2026-09-11,패션,50,나른,(하의) 나른 브레즘 인앤아웃 숏트렁크 (6 colors),https://www.oliveyoung.co.kr/store/goods/getGoodsDetail.do?goodsNo=A000000226491,https://image.oliveyoung.co.kr/cfimages/cf-goods/uploads/images/thumbnails/400/10/0000/0022/A00000022649111ko.jpg?l=ko,19900,14900,25.1,1780,4.8,89,7,3,1,0,1,1,0,1,A000000226491,10000030007
2026-09-11,패션,51,리무브,[밀착특허기술] 리무브 플레인 스킨브라 (무접착제) 4종,https://www.oliveyoung.co.kr/store/goods/getGoodsDetail.do?goodsNo=A000000146889,https://image.oliveyoung.co.kr/cfimages/cf-goods/uploads/images/thumbnails/400/10/0000/0014/A00000014688908ko.jpg?l=ko,16000,14400,10.0,1260,4.6,78,12,6,1,2,1,0,0,1,A000000146889,10000030007
2026-09-11,패션,52,나른,[망곰콜라보] 나른 리유저블 폴딩 장바구니백 10종 택 1,https://www.oliveyoung.co.kr/store/goods/getGoodsDetail.do?goodsNo=A000000245668,https://image.oliveyoung.co.kr/cfimages/cf-goods/uploads/images/thumbnails/400/10/0000/0024/A00000024566813ko.jpg?l=ko,17900,13900,22.3,864,4.9,93,4,2,0,1,1,0,0,1,A000000245668,10000030007
2026-09-11,패션,53,마른파이브,마른파이브 삭 압박스타킹 35D,https://www.oliveyoung.co.kr/store/goods/getGoodsDetail.do?goodsNo=A000000173678,https://image.oliveyoung.co.kr/cfimages/cf-goods/uploads/images/thumbnails/400/10/0000/0017/A00000017367811ko.jpg?l=ko,12900,11600,10.1,2351,4.6,76,12,7,2,3,1,0,0,1,A000000173678,10000030007
2026-09-11,패션,54,필리밀리,[포켓몬 에디션] 필리밀리 포켓몬 에디션 마지막 특가,https://www.oliveyoung.co.kr/store/goods/getGoodsDetail.do?goodsNo=A000000252756,https://image.oliveyoung.co.kr/cfimages/cf-goods/uploads/images/thumbnails/400/10/0000/0025/A00000025275616ko.jpg?l=ko,6000,4900,18.3,16300,4.8,86,10,3,0,0,1,0,0,1,A000000252756,10000030007
2026-09-11,패션,55,비비안,비비안 노라인 햄팬티 2매입 (블랙/베이지),https://www.oliveyoung.co.kr/store/goods/getGoodsDetail.do?goodsNo=A000000204582,https://image.oliveyoung.co.kr/cfimages/cf-goods/uploads/images/thumbnails/400/10/0000/0020/A00000020458221ko.jpg?l=ko,10900,9900,9.2,1734,4.8,87,8,4,0,0,1,0,0,1,A000000204582,10000030007
2026-09-11,패션,56,셀버린,셀버린 테이핑 미드컷 여성/남성 양말,https://www.oliveyoung.co.kr/store/goods/getGoodsDetail.do?goodsNo=A000000245460,https://image.oliveyoung.co.kr/cfimages/cf-goods/uploads/images/thumbnails/400/10/0000/0024/A00000024546001ko.jpg?l=ko,10900,10900,0.0,64,4.8,83,16,2,,,0,0,0,1,A000000245460,10000030007
2026-09-11,패션,57,숨바꼭지,라이프티 숨바꼭지 베이직 (104매입),https://www.oliveyoung.co.kr/store/goods/getGoodsDetail.do?goodsNo=A000000187346,https://image.oliveyoung.co.kr/cfimages/cf-goods/uploads/images/thumbnails/400/10/0000/0018/A00000018734604ko.jpg?l=ko,13500,9900,26.7,1059,4.7,82,11,5,1,1,1,0,0,1,A000000187346,10000030007
2026-09-11,패션,58,필리밀리,필리밀리X산리오캐릭터즈 큐티런 콜라보 9종 택1,https://www.oliveyoung.co.kr/store/goods/getGoodsDetail.do?goodsNo=A000000233636,https://image.oliveyoung.co.kr/cfimages/cf-goods/uploads/images/thumbnails/400/10/0000/0023/A00000023363607ko.jpg?l=ko,5500,2900,47.3,4683,4.8,88,7,3,1,1,1,0,0,1,A000000233636,10000030007
2026-09-11,패션,59,텐바이텐,텐바이텐 산리오 폼폼 클리어 포켓 파우치 (헬로키티/포차코),https://www.oliveyoung.co.kr/store/goods/getGoodsDetail.do?goodsNo=A000000215318,https://image.oliveyoung.co.kr/cfimages/cf-goods/uploads/images/thumbnails/400/10/0000/0021/A00000021531801ko.jpg?l=ko,6000,6000,0.0,37,4.9,92,8,,,,0,0,0,1,A000000215318,10000030007
2026-09-11,패션,60,버터샵,[버터샵] 마린 밀크캣 페이크삭스 화이트,https://www.oliveyoung.co.kr/store/goods/getGoodsDetail.do?goodsNo=B000000263253,https://image.oliveyoung.co.kr/cfimages/cf-goods/uploads/images/thumbnails/400/10/0000/0026/B00000026325301ko.jpg?l=ko,3900,3900,0.0,5,5.0,100,,,,,0,0,0,0,B000000263253,10000030007
2026-09-11,패션,61,싹스탑,싹스탑 베이직 삭스 2종 택 1(블랙/화이트),https://www.oliveyoung.co.kr/store/goods/getGoodsDetail.do?goodsNo=A000000232242,https://image.oliveyoung.co.kr/cfimages/cf-goods/uploads/images/thumbnails/400/10/0000/0023/A00000023224201ko.jpg?l=ko,1900,1900,0.0,31,4.9,90,10,,,,0,0,0,1,A000000232242,10000030007
2026-09-11,패션,62,브랜든,브랜든 이불 & 아우터 옷장 정리 압축 파우치 모음,https://www.oliveyoung.co.kr/store/goods/getGoodsDetail.do?goodsNo=B000000215123,https://image.oliveyoung.co.kr/cfimages/cf-goods/uploads/images/thumbnails/400/10/0000/0021/B00000021512310ko.jpg?l=ko,43000,43000,0.0,258,4.7,86,7,5,1,2,0,0,0,0,B000000215123,10000030007
2026-09-11,패션,63,나른,[쿨썸머] 나른 트렁크 모음 (워터컬러/네이처컬러/인앤아웃),https://www.oliveyoung.co.kr/store/goods/getGoodsDetail.do?goodsNo=A000000219911,https://image.oliveyoung.co.kr/cfimages/cf-goods/uploads/images/thumbnails/400/10/0000/0021/A00000021991121ko.jpg?l=ko,14900,12900,13.4,9223,4.8,88,8,3,0,1,1,0,0,1,A000000219911,10000030007
2026-09-11,패션,64,베리시,베리시 니플패치/누드브라 인기 3종 모음,https://www.oliveyoung.co.kr/store/goods/getGoodsDetail.do?goodsNo=A000000264369,https://image.oliveyoung.co.kr/cfimages/cf-goods/uploads/images/thumbnails/400/10/0000/0026/A00000026436902ko.jpg?l=ko,18900,14200,24.9,468,4.4,68,13,10,3,5,1,0,0,1,A000000264369,10000030007
2026-09-11,패션,65,올리브영,[망곰 콜라보] 올리브영 초경량 UV차단 3단 양우산 2종 택 1 (베이지/핑크),https://www.oliveyoung.co.kr/store/goods/getGoodsDetail.do?goodsNo=A000000245683,https://image.oliveyoung.co.kr/cfimages/cf-goods/uploads/images/thumbnails/400/10/0000/0024/A00000024568306ko.jpg?l=ko,25000,19900,20.4,2055,4.8,90,7,2,1,1,1,0,0,1,A000000245683,10000030007
2026-09-11,패션,66,나른,나른 브레즘 숏트렁크 워터컬러 시리즈 (2colors),https://www.oliveyoung.co.kr/store/goods/getGoodsDetail.do?goodsNo=A000000225899,https://image.oliveyoung.co.kr/cfimages/cf-goods/uploads/images/thumbnails/400/10/0000/0022/A00000022589906ko.jpg?l=ko,14900,12900,13.4,4473,4.8,88,8,3,0,1,1,0,0,1,A000000225899,10000030007
2026-09-11,패션,67,리무브,리무브 셀룰라이트 압박 드로즈 (Free/Plus),https://www.oliveyoung.co.kr/store/goods/getGoodsDetail.do?goodsNo=B000000255261,https://image.oliveyoung.co.kr/cfimages/cf-goods/uploads/images/thumbnails/400/10/0000/0025/B00000025526101ko.jpg?l=ko,69000,69000,0.0,47,4.4,66,17,9,4,4,0,0,0,0,B000000255261,10000030007
2026-09-11,패션,68,플라이코지,[리뷰이벤트] [예신필수템] 플라이코지 웨딩 속옷 올인원 SET (살결 후크 누브라 + 코지팬티),https://www.oliveyoung.co.kr/store/goods/getGoodsDetail.do?goodsNo=A000000233706,https://image.oliveyoung.co.kr/cfimages/cf-goods/uploads/images/thumbnails/400/10/0000/0023/A00000023370613ko.jpg?l=ko,33000,29700,10.0,627,4.8,88,7,3,0,2,1,0,0,1,A000000233706,10000030007
2026-09-11,패션,69,모무,[무압박/Y존해방] 모무 박하드로즈  우먼  2종 택 1 (블랙 / 스킨),https://www.oliveyoung.co.kr/store/goods/getGoodsDetail.do?goodsNo=A000000264862,https://image.oliveyoung.co.kr/cfimages/cf-goods/uploads/images/thumbnails/400/10/0000/0026/A00000026486201ko.png?l=ko,11900,9300,21.8,2,4.0,50,,50,,,1,0,0,1,A000000264862,10000030007
2026-09-11,패션,70,아이디얼포맨,아이디얼포맨 니플밴드 (에어 108매입),https://www.oliveyoung.co.kr/store/goods/getGoodsDetail.do?goodsNo=A000000254202,https://image.oliveyoung.co.kr/cfimages/cf-goods/uploads/images/thumbnails/400/10/0000/0025/A00000025420202ko.jpg?l=ko,17900,10900,39.1,216,4.7,85,8,3,1,2,1,0,0,1,A000000254202,10000030007
2026-09-11,패션,71,나른,나른 브레즘 숏트렁크 네이처컬러 시리즈 (2colors),https://www.oliveyoung.co.kr/store/goods/getGoodsDetail.do?goodsNo=A000000206178,https://image.oliveyoung.co.kr/cfimages/cf-goods/uploads/images/thumbnails/400/10/0000/0020/A00000020617830ko.jpg?l=ko,14900,12900,13.4,1600,4.8,89,8,2,0,1,1,0,0,1,A000000206178,10000030007
2026-09-11,패션,72,브랜든,브랜든 세이프 플러스 월렛백,https://www.oliveyoung.co.kr/store/goods/getGoodsDetail.do?goodsNo=B000000242216,https://image.oliveyoung.co.kr/cfimages/cf-goods/uploads/images/thumbnails/400/10/0000/0024/B00000024221601ko.jpg?l=ko,48000,48000,0.0,30,4.8,90,7,,,3,0,0,0,0,B000000242216,10000030007
2026-09-11,패션,73,마른파이브,"마른파이브 UV차단 넉넉스타킹 50D ML~XXL 24종 택1 (유발/무발, 5매/10매)",https://www.oliveyoung.co.kr/store/goods/getGoodsDetail.do?goodsNo=B000000192618,https://image.oliveyoung.co.kr/cfimages/cf-goods/uploads/images/thumbnails/400/10/0000/0019/B00000019261801ko.jpg?l=ko,62900,58900,6.4,18,5.0,100,,,,,0,1,0,0,B000000192618,10000030007
2026-09-11,패션,74,베리시,[NEW] 베리시 트라이앵글 니플패치 (S/M/L),https://www.oliveyoung.co.kr/store/goods/getGoodsDetail.do?goodsNo=A000000256042,https://image.oliveyoung.co.kr/cfimages/cf-goods/uploads/images/thumbnails/400/10/0000/0025/A00000025604207ko.jpg?l=ko,18900,14200,24.9,160,4.7,80,13,4,1,3,1,0,0,1,A000000256042,10000030007
2026-09-11,패션,75,나른,나른 브레즘 숏트렁크 시어서커 (2colors),https://www.oliveyoung.co.kr/store/goods/getGoodsDetail.do?goodsNo=A000000255874,https://image.oliveyoung.co.kr/cfimages/cf-goods/uploads/images/thumbnails/400/10/0000/0025/A00000025587407ko.jpg?l=ko,17900,14900,16.8,169,4.9,90,7,3,,,0,1,0,1,A000000255874,10000030007
2026-09-11,패션,76,나른,나른 브레즘 모달 롱트렁크 단품/기획 (3 colors),https://www.oliveyoung.co.kr/store/goods/getGoodsDetail.do?goodsNo=A000000211042,https://image.oliveyoung.co.kr/cfimages/cf-goods/uploads/images/thumbnails/400/10/0000/0021/A00000021104238ko.jpg?l=ko,25900,16900,34.7,666,4.8,86,8,4,1,2,0,1,0,1,A000000211042,10000030007
2026-09-11,패션,77,베리시,[NEW] 베리시 푸시업 누드브라 (XS/S/M/L),https://www.oliveyoung.co.kr/store/goods/getGoodsDetail.do?goodsNo=A000000256044,https://image.oliveyoung.co.kr/cfimages/cf-goods/uploads/images/thumbnails/400/10/0000/0025/A00000025604407ko.jpg?l=ko,34900,27900,20.1,196,4.2,64,11,14,5,6,1,0,0,1,A000000256044,10000030007
2026-09-11,패션,78,플라이코지,"플라이코지 더블핏 하프 브라 5colors (S, M, L)",https://www.oliveyoung.co.kr/store/goods/getGoodsDetail.do?goodsNo=B000000233476,https://image.oliveyoung.co.kr/cfimages/cf-goods/uploads/images/thumbnails/400/10/0000/0023/B00000023347609ko.jpg?l=ko,35900,32900,8.4,40,4.8,83,13,5,,,0,1,0,0,B000000233476,10000030007
2026-09-11,패션,79,리무브,"[밀착특허기술] [단독기획] 리무브 브라이트 스킨브라 스타터키트 (6, 8, 10cm 구성)",https://www.oliveyoung.co.kr/store/goods/getGoodsDetail.do?goodsNo=A000000231663,https://image.oliveyoung.co.kr/cfimages/cf-goods/uploads/images/thumbnails/400/10/0000/0023/A00000023166302ko.png?l=ko,40000,40000,0.0,72,4.6,79,11,6,1,3,0,0,0,1,A000000231663,10000030007
2026-09-11,패션,80,오카모토,[온열양말] 오카모토 코타츠 양말 여성 블랙/그레이/모카브라운,https://www.oliveyoung.co.kr/store/goods/getGoodsDetail.do?goodsNo=A000000235476,https://image.oliveyoung.co.kr/cfimages/cf-goods/uploads/images/thumbnails/400/10/0000/0023/A00000023547616ko.jpg?l=ko,35900,35900,0.0,285,4.8,86,9,2,1,2,0,0,0,1,A000000235476,10000030007
2026-09-11,패션,81,도씨,[올리브베러 PICK] 도씨 실크핏 반팔 커플 잠옷 세트 5종 택 1(클린베이지/클로에/러브썸/보니/플로레아),https://www.oliveyoung.co.kr/store/goods/getGoodsDetail.do?goodsNo=A000000255189,https://image.oliveyoung.co.kr/cfimages/cf-goods/uploads/images/thumbnails/400/10/0000/0025/A00000025518921ko.jpg?l=ko,41900,17900,57.3,27,4.9,85,15,,,,1,1,0,1,A000000255189,10000030007
2026-09-11,패션,82,올리브영 굿즈,올리브영 데일리 뷰티 오거나이저 2종 (네이비/아이보리),https://www.oliveyoung.co.kr/store/goods/getGoodsDetail.do?goodsNo=A000000254109,https://image.oliveyoung.co.kr/cfimages/cf-goods/uploads/images/thumbnails/400/10/0000/0025/A00000025410902ko.jpg?l=ko,13900,13900,0.0,85,4.8,88,8,4,,,0,0,0,1,A000000254109,10000030007
2026-09-11,패션,83,WPC,Wpc. 미니5단 남녀공용 양우산 베이지 어워즈 한정기획 (2025) (+하트보더우산 본품),https://www.oliveyoung.co.kr/store/goods/getGoodsDetail.do?goodsNo=A000000238362,https://image.oliveyoung.co.kr/cfimages/cf-goods/uploads/images/thumbnails/400/10/0000/0023/A00000023836206ko.jpg?l=ko,53000,53000,0.0,311,4.7,85,8,4,1,2,0,0,0,1,A000000238362,10000030007
2026-09-11,패션,84,도씨,[해원 PICK] 도씨 실크핏 러브썸 반팔 커플 잠옷 세트,https://www.oliveyoung.co.kr/store/goods/getGoodsDetail.do?goodsNo=A000000251286,https://image.oliveyoung.co.kr/cfimages/cf-goods/uploads/images/thumbnails/400/10/0000/0025/A00000025128626ko.jpg?l=ko,41900,17900,57.3,32,4.9,97,,3,,,1,1,0,1,A000000251286,10000030007
2026-09-11,패션,85,아츠기,아츠기 스타킹 모음 (쿨링/탄탄/논슬립/압박/초밀착/페이크/프리라인),https://www.oliveyoung.co.kr/store/goods/getGoodsDetail.do?goodsNo=A000000232260,https://image.oliveyoung.co.kr/cfimages/cf-goods/uploads/images/thumbnails/400/10/0000/0023/A00000023226026ko.jpg?l=ko,12900,12900,0.0,446,4.7,85,8,4,1,2,0,0,0,1,A000000232260,10000030007
2026-09-11,패션,86,나른,[2025 어워즈] [올영단독] 나른 브레즘 모달 롱트렁크 어워즈 한정기획,https://www.oliveyoung.co.kr/store/goods/getGoodsDetail.do?goodsNo=A000000238576,https://image.oliveyoung.co.kr/cfimages/cf-goods/uploads/images/thumbnails/400/10/0000/0023/A00000023857610ko.jpg?l=ko,25900,16900,34.7,725,4.8,87,7,4,1,2,1,1,0,1,A000000238576,10000030007
2026-09-11,패션,87,나른,나른 브레즘 모달 캡내장 캐미솔 (2colors),https://www.oliveyoung.co.kr/store/goods/getGoodsDetail.do?goodsNo=A000000248508,https://image.oliveyoung.co.kr/cfimages/cf-goods/uploads/images/thumbnails/400/10/0000/0024/A00000024850807ko.jpg?l=ko,29900,27900,6.7,331,4.8,89,5,3,1,2,1,0,0,1,A000000248508,10000030007
2026-09-11,패션,88,리무브,리무브 스킨브라 에어 8cm,https://www.oliveyoung.co.kr/store/goods/getGoodsDetail.do?goodsNo=A000000255415,https://image.oliveyoung.co.kr/cfimages/cf-goods/uploads/images/thumbnails/400/10/0000/0025/A00000025541501ko.jpg?l=ko,20000,18000,10.0,1273,4.7,81,12,5,1,2,1,0,0,1,A000000255415,10000030007
2026-09-11,패션,89,도씨,[해원 PICK] 도씨 실크핏 클린 반팔 커플 잠옷 세트,https://www.oliveyoung.co.kr/store/goods/getGoodsDetail.do?goodsNo=A000000249017,https://image.oliveyoung.co.kr/cfimages/cf-goods/uploads/images/thumbnails/400/10/0000/0024/A00000024901720ko.jpg?l=ko,41900,17900,57.3,38,5.0,97,3,,,,1,1,0,1,A000000249017,10000030007
2026-09-11,패션,90,브랜든,브랜든 여행 압축 파우치 세트 28인치 S+S+M+M+L (5 colors),https://www.oliveyoung.co.kr/store/goods/getGoodsDetail.do?goodsNo=B000000211375,https://image.oliveyoung.co.kr/cfimages/cf-goods/uploads/images/thumbnails/400/10/0000/0021/B00000021137506ko.jpg?l=ko,105000,105000,0.0,33,4.9,94,3,3,,,0,0,0,0,B000000211375,10000030007
2026-09-11,패션,91,마른파이브,마른파이브 UV차단 넉넉스타킹 50D (유발/무발),https://www.oliveyoung.co.kr/store/goods/getGoodsDetail.do?goodsNo=A000000173677,https://image.oliveyoung.co.kr/cfimages/cf-goods/uploads/images/thumbnails/400/10/0000/0017/A00000017367731ko.jpg?l=ko,13500,13500,0.0,1328,4.7,80,12,5,2,2,0,0,0,1,A000000173677,10000030007
2026-09-11,패션,92,마른파이브,마른파이브 쉬어 위생팬티 햄라인,https://www.oliveyoung.co.kr/store/goods/getGoodsDetail.do?goodsNo=A000000181119,https://image.oliveyoung.co.kr/cfimages/cf-goods/uploads/images/thumbnails/400/10/0000/0018/A00000018111913ko.jpg?l=ko,11900,11900,0.0,732,4.7,84,9,5,1,1,0,0,0,1,A000000181119,10000030007
2026-09-11,패션,93,베리시,[NEW 컬러] 베리시 쿨핏 브라 시그니처,https://www.oliveyoung.co.kr/store/goods/getGoodsDetail.do?goodsNo=B000000251669,https://image.oliveyoung.co.kr/cfimages/cf-goods/uploads/images/thumbnails/400/10/0000/0025/B00000025166902ko.jpg?l=ko,32900,32900,0.0,376,4.8,86,8,4,1,2,0,0,0,0,B000000251669,10000030007
2026-09-11,패션,94,엣프터,엣프터 라라트렁크 라이트 (모브핑크/베리페리/쿨블랙),https://www.oliveyoung.co.kr/store/goods/getGoodsDetail.do?goodsNo=A000000210181,https://image.oliveyoung.co.kr/cfimages/cf-goods/uploads/images/thumbnails/400/10/0000/0021/A00000021018106ko.jpg?l=ko,15900,15900,0.0,331,4.9,92,6,2,,0,0,0,0,1,A000000210181,10000030007
2026-09-11,패션,95,아이코닉,아이코닉 두들 미니 화장품파우치,https://www.oliveyoung.co.kr/store/goods/getGoodsDetail.do?goodsNo=B000000222556,https://image.oliveyoung.co.kr/cfimages/cf-goods/uploads/images/thumbnails/400/10/0000/0022/B00000022255601ko.jpg?l=ko,16000,12800,20.0,27,4.9,85,15,,,,0,1,0,0,B000000222556,10000030007
2026-09-11,패션,96,엣프터,엣프터 라라트렁크 (딥 네이비/세이지 그린/스킨 베이지/진저 옐로우/파우더 블루),https://www.oliveyoung.co.kr/store/goods/getGoodsDetail.do?goodsNo=A000000210638,https://image.oliveyoung.co.kr/cfimages/cf-goods/uploads/images/thumbnails/400/10/0000/0021/A00000021063806ko.jpg?l=ko,14900,14400,3.4,104,4.9,88,10,2,,,1,0,0,1,A000000210638,10000030007
2026-09-11,패션,97,슬림9,슬림9 네모팬티 숏 2color,https://www.oliveyoung.co.kr/store/goods/getGoodsDetail.do?goodsNo=A000000178152,https://image.oliveyoung.co.kr/cfimages/cf-goods/uploads/images/thumbnails/400/10/0000/0017/A00000017815205ko.jpg?l=ko,22500,20500,8.9,47,4.9,91,6,2,,,1,0,0,1,A000000178152,10000030007
2026-09-11,패션,98,엣프터,엣프터 누디 쿨 브라탑 (블랙/바닐라 크림/라벤더/페일 핑크),https://www.oliveyoung.co.kr/store/goods/getGoodsDetail.do?goodsNo=A000000228942,https://image.oliveyoung.co.kr/cfimages/cf-goods/uploads/images/thumbnails/400/10/0000/0022/A00000022894202ko.jpg?l=ko,27900,27900,0.0,82,4.5,71,16,6,5,2,0,0,0,1,A000000228942,10000030007
2026-09-11,패션,99,베리시,베리시 쿨핏 브라 볼륨핏 PLUS&팬티 set,https://www.oliveyoung.co.kr/store/goods/getGoodsDetail.do?goodsNo=B000000206055,https://image.oliveyoung.co.kr/cfimages/cf-goods/uploads/images/thumbnails/400/10/0000/0020/B00000020605505ko.jpg?l=ko,55900,55900,0.0,57,4.9,95,5,,,,0,0,0,0,B000000206055,10000030007
2026-09-11,패션,100,베리시,[NEW 컬러] 베리시 쿨핏 브라 볼륨핏&팬티 set,https://www.oliveyoung.co.kr/store/goods/getGoodsDetail.do?goodsNo=B000000248203,https://image.oliveyoung.co.kr/cfimages/cf-goods/uploads/images/thumbnails/400/10/0000/0024/B00000024820305ko.jpg?l=ko,53900,53900,0.0,513,4.8,84,12,4,0,1,0,0,0,0,B000000248203,10000030007
2026-09-11,홈리빙/가전,1,택플로우,택플로우 산리오캐릭터즈 후르츠팟 600ml (헬로키티/포차코),https://www.oliveyoung.co.kr/store/goods/getGoodsDetail.do?goodsNo=A000000262908,https://image.oliveyoung.co.kr/cfimages/cf-goods/uploads/images/thumbnails/400/10/0000/0026/A00000026290805ko.jpg?l=ko,23000,15000,34.8,93,5.0,97,2,1,,,1,1,0,1,A000000262908,10000030005
2026-09-11,홈리빙/가전,2,플로피,플로피 산리오캐릭터즈 미니타월북 핸드키링 (헬로키티/포차코),https://www.oliveyoung.co.kr/store/goods/getGoodsDetail.do?goodsNo=A000000262907,https://image.oliveyoung.co.kr/cfimages/cf-goods/uploads/images/thumbnails/400/10/0000/0026/A00000026290706ko.jpg?l=ko,19800,12600,36.4,31,4.8,88,9,3,,,1,1,0,1,A000000262907,10000030005
2026-09-11,홈리빙/가전,3,택플로우,"택플로우 산리오캐릭터즈 콜라보 3종 택1(후르츠팟 헬로키티, 포차코/ 쿨러백 헬로키티)",https://www.oliveyoung.co.kr/store/goods/getGoodsDetail.do?goodsNo=A000000262910,https://image.oliveyoung.co.kr/cfimages/cf-goods/uploads/images/thumbnails/400/10/0000/0026/A00000026291005ko.png?l=ko,23000,15000,34.8,402,4.9,94,3,2,0,,1,1,0,1,A000000262910,10000030005
2026-09-11,홈리빙/가전,4,스토크,스토크 완전밀폐 세라믹텀블러 460ml 9colors,https://www.oliveyoung.co.kr/store/goods/getGoodsDetail.do?goodsNo=B000000241946,https://image.oliveyoung.co.kr/cfimages/cf-goods/uploads/images/thumbnails/400/10/0000/0024/B00000024194603ko.jpg?l=ko,57300,37300,34.9,15,4.9,87,13,,,,0,1,0,0,B000000241946,10000030005
2026-09-11,홈리빙/가전,5,레고트,레고트 루프 텀블러 멀티 600ml 주토피아2 콜라보 어워즈 한정기획 (+텀꾸 스티커),https://www.oliveyoung.co.kr/store/goods/getGoodsDetail.do?goodsNo=A000000244742,https://image.oliveyoung.co.kr/cfimages/cf-goods/uploads/images/thumbnails/400/10/0000/0024/A00000024474213ko.jpg?l=ko,45000,22500,50.0,2591,4.8,90,6,2,1,1,1,1,0,1,A000000244742,10000030005
2026-09-11,홈리빙/가전,6,프렉탈,프렉탈 에스테틱 링클 필로우+포터블파우치 기획,https://www.oliveyoung.co.kr/store/goods/getGoodsDetail.do?goodsNo=A000000242009,https://image.oliveyoung.co.kr/cfimages/cf-goods/uploads/images/thumbnails/400/10/0000/0024/A00000024200905ko.jpg?l=ko,46000,43700,5.0,665,4.6,75,12,9,2,2,1,1,0,1,A000000242009,10000030005
2026-09-11,홈리빙/가전,7,본토이,본토이 무소음 동물 붕붕카 트레블러 (캐리어기능),https://www.oliveyoung.co.kr/store/goods/getGoodsDetail.do?goodsNo=B000000142629,https://image.oliveyoung.co.kr/cfimages/cf-goods/uploads/images/thumbnails/400/10/0000/0014/B00000014262919ko.jpg?l=ko,108000,104760,3.0,67,4.9,93,6,1,,,0,1,0,0,B000000142629,10000030005
2026-09-11,홈리빙/가전,8,듀먼,듀먼 자연화식 50g 10종 10팩/20팩/30팩/40팩,https://www.oliveyoung.co.kr/store/goods/getGoodsDetail.do?goodsNo=B000000244399,https://image.oliveyoung.co.kr/cfimages/cf-goods/uploads/images/thumbnails/400/10/0000/0024/B00000024439904ko.jpg?l=ko,16500,14850,10.0,0,0.0,,,,,,0,1,0,0,B000000244399,10000030005
2026-09-11,홈리빙/가전,9,프렉탈,[똑바로 베개] 프렉탈 에스테틱 링클 필로우 듀오 기획,https://www.oliveyoung.co.kr/store/goods/getGoodsDetail.do?goodsNo=A000000242076,https://image.oliveyoung.co.kr/cfimages/cf-goods/uploads/images/thumbnails/400/10/0000/0024/A00000024207607ko.jpg?l=ko,92000,89240,3.0,30,4.8,83,10,7,,,1,0,0,1,A000000242076,10000030005
2026-09-11,홈리빙/가전,10,낫포유,[미백임상완료] 낫포유 비타민 미백앰플 필터 샤워기,https://www.oliveyoung.co.kr/store/goods/getGoodsDetail.do?goodsNo=A000000194109,https://image.oliveyoung.co.kr/cfimages/cf-goods/uploads/images/thumbnails/400/10/0000/0019/A00000019410904ko.png?l=ko,65900,34900,47.0,2285,4.7,82,13,4,0,1,1,1,0,1,A000000194109,10000030005
2026-09-11,홈리빙/가전,11,시미토리,탑 시미토리 레스큐 얼룩제거제 17ml,https://www.oliveyoung.co.kr/store/goods/getGoodsDetail.do?goodsNo=A000000250215,https://image.oliveyoung.co.kr/cfimages/cf-goods/uploads/images/thumbnails/400/10/0000/0025/A00000025021503ko.jpg?l=ko,7500,5400,28.0,1424,4.7,83,9,5,1,1,1,0,0,1,A000000250215,10000030005
2026-09-11,홈리빙/가전,12,픽싯,[인기/더블기획] 픽싯 올인원 퍼퓸 세정 롤티슈 200매 더블 선물세트,https://www.oliveyoung.co.kr/store/goods/getGoodsDetail.do?goodsNo=B000000240591,https://image.oliveyoung.co.kr/cfimages/cf-goods/uploads/images/thumbnails/400/10/0000/0024/B00000024059112ko.jpg?l=ko,46000,34000,26.1,124,4.9,94,2,2,1,,0,1,0,0,B000000240591,10000030005
2026-09-11,홈리빙/가전,13,픽싯,픽싯 룸데오도란트 고체 탈취제 300g (머스크향/시나몬향),https://www.oliveyoung.co.kr/store/goods/getGoodsDetail.do?goodsNo=A000000246283,https://image.oliveyoung.co.kr/cfimages/cf-goods/uploads/images/thumbnails/400/10/0000/0024/A00000024628325ko.png?l=ko,22000,19900,9.5,1007,4.6,79,10,6,2,3,1,0,0,1,A000000246283,10000030005
2026-09-11,홈리빙/가전,14,픽싯,[대용량] 픽싯 룸데오도란트 고체 탈취제 (470g) 3종,https://www.oliveyoung.co.kr/store/goods/getGoodsDetail.do?goodsNo=B000000229215,https://image.oliveyoung.co.kr/cfimages/cf-goods/uploads/images/thumbnails/400/10/0000/0022/B00000022921506ko.jpg?l=ko,38000,30000,21.1,1023,4.6,79,10,6,2,3,0,1,0,0,B000000229215,10000030005
2026-09-11,홈리빙/가전,15,테팔,테팔 인덕션 티타늄 블라썸 베이지 냄비 (편수/양수/전골),https://www.oliveyoung.co.kr/store/goods/getGoodsDetail.do?goodsNo=B000000238870,https://image.oliveyoung.co.kr/cfimages/cf-goods/uploads/images/thumbnails/400/10/0000/0023/B00000023887001ko.jpg?l=ko,48900,39120,20.0,30,4.8,90,7,,3,,0,1,0,0,B000000238870,10000030005
2026-09-11,홈리빙/가전,16,미홀,[NEW 25년형] 미홀 스마트 휴지통 ECO 3종 (10L/17L/30L),https://www.oliveyoung.co.kr/store/goods/getGoodsDetail.do?goodsNo=B000000219143,https://image.oliveyoung.co.kr/cfimages/cf-goods/uploads/images/thumbnails/400/10/0000/0021/B00000021914301ko.jpg?l=ko,32900,27970,15.0,198,4.8,89,8,2,1,1,0,1,0,0,B000000219143,10000030005
2026-09-11,홈리빙/가전,17,스토크,스토크 스트로우 세라믹텀블러 590ml 4colors,https://www.oliveyoung.co.kr/store/goods/getGoodsDetail.do?goodsNo=B000000241945,https://image.oliveyoung.co.kr/cfimages/cf-goods/uploads/images/thumbnails/400/10/0000/0024/B00000024194503ko.jpg?l=ko,65000,50000,23.1,2,5.0,100,,,,,0,1,0,0,B000000241945,10000030005
2026-09-11,홈리빙/가전,18,스탠리,[신규컬러]스탠리 퀜처 H2.0 플로우스테이트 텀블러 887ml,https://www.oliveyoung.co.kr/store/goods/getGoodsDetail.do?goodsNo=B000000208372,https://image.oliveyoung.co.kr/cfimages/cf-goods/uploads/images/thumbnails/400/10/0000/0020/B00000020837211ko.jpg?l=ko,49000,49000,0.0,1224,4.9,95,4,1,,0,0,0,0,0,B000000208372,10000030005
2026-09-11,홈리빙/가전,19,제니퍼룸,[홈카페완성] 제니퍼룸 무드등 전기 드립포트 0.8L 4color,https://www.oliveyoung.co.kr/store/goods/getGoodsDetail.do?goodsNo=B000000212650,https://image.oliveyoung.co.kr/cfimages/cf-goods/uploads/images/thumbnails/400/10/0000/0021/B00000021265002ko.jpg?l=ko,75000,48000,36.0,16,5.0,100,,,,,0,1,0,0,B000000212650,10000030005
2026-09-11,홈리빙/가전,20,위칙,[세균 99.999%제거/강력탈취] 위칙 소독 섬유유연제 / 효소 세탁세제 4종 택 1,https://www.oliveyoung.co.kr/store/goods/getGoodsDetail.do?goodsNo=A000000228582,https://image.oliveyoung.co.kr/cfimages/cf-goods/uploads/images/thumbnails/400/10/0000/0022/A00000022858201ko.jpg?l=ko,13900,11900,14.4,633,4.8,88,9,3,0,0,1,0,0,1,A000000228582,10000030005
2026-09-11,홈리빙/가전,21,레고트,레고트 루프 텀블러 멀티 400ml,https://www.oliveyoung.co.kr/store/goods/getGoodsDetail.do?goodsNo=A000000225576,https://image.oliveyoung.co.kr/cfimages/cf-goods/uploads/images/thumbnails/400/10/0000/0022/A00000022557610ko.jpg?l=ko,39000,39000,0.0,176,4.8,85,10,4,1,,0,0,0,1,A000000225576,10000030005
2026-09-11,홈리빙/가전,22,이오테,이오테 티코스터 6  4종 택 1 (옐로우 / 아이보리 / 믹스퍼플 / 믹스오렌지),https://www.oliveyoung.co.kr/store/goods/getGoodsDetail.do?goodsNo=A000000246606,https://image.oliveyoung.co.kr/cfimages/cf-goods/uploads/images/thumbnails/400/10/0000/0024/A00000024660601ko.jpg?l=ko,8550,8120,5.0,12,5.0,100,,,,,1,0,0,1,A000000246606,10000030005
2026-09-11,홈리빙/가전,23,레고트,레고트 루프 텀블러 멀티 600ml,https://www.oliveyoung.co.kr/store/goods/getGoodsDetail.do?goodsNo=A000000225578,https://image.oliveyoung.co.kr/cfimages/cf-goods/uploads/images/thumbnails/400/10/0000/0022/A00000022557815ko.jpg?l=ko,45000,37000,17.8,182,4.8,90,6,1,,3,1,0,0,1,A000000225578,10000030005
2026-09-11,홈리빙/가전,24,아토팜,아토팜 세탁세제&섬유유연제 선물 세트 2종 택1(프리지아코튼/튤립블라썸),https://www.oliveyoung.co.kr/store/goods/getGoodsDetail.do?goodsNo=A000000186865,https://image.oliveyoung.co.kr/cfimages/cf-goods/uploads/images/thumbnails/400/10/0000/0018/A00000018686508ko.jpg?l=ko,42000,35700,15.0,469,4.8,86,12,1,0,0,1,0,0,1,A000000186865,10000030005
2026-09-11,홈리빙/가전,25,바디럽,퓨어썸 파라맥스 실리콘 샤워호스 (국내산 의료용 실리콘),https://www.oliveyoung.co.kr/store/goods/getGoodsDetail.do?goodsNo=B000000267385,https://image.oliveyoung.co.kr/cfimages/cf-goods/uploads/images/thumbnails/400/10/0000/0026/B00000026738503ko.jpg?l=ko,31900,31900,0.0,0,0.0,,,,,,0,0,0,0,B000000267385,10000030005
2026-09-11,홈리빙/가전,26,나른,나른 X KBO 폴더블 쿠션 대형 피크닉 매트,https://www.oliveyoung.co.kr/store/goods/getGoodsDetail.do?goodsNo=B000000254945,https://image.oliveyoung.co.kr/cfimages/cf-goods/uploads/images/thumbnails/400/10/0000/0025/B00000025494501ko.png?l=ko,34000,33800,0.6,3,5.0,100,,,,,0,1,0,0,B000000254945,10000030005
2026-09-11,홈리빙/가전,27,택플로우,택플로우 세라믹텀블러 650ml (11colors) + 실리콘 키링증정,https://www.oliveyoung.co.kr/store/goods/getGoodsDetail.do?goodsNo=B000000255552,https://image.oliveyoung.co.kr/cfimages/cf-goods/uploads/images/thumbnails/400/10/0000/0025/B00000025555205ko.jpg?l=ko,45000,31500,30.0,10,4.9,90,10,,,,0,1,0,0,B000000255552,10000030005
2026-09-11,홈리빙/가전,28,이야이야앤프렌즈,이야이야앤프렌즈 아이즈 샷잔,https://www.oliveyoung.co.kr/store/goods/getGoodsDetail.do?goodsNo=A000000244988,https://image.oliveyoung.co.kr/cfimages/cf-goods/uploads/images/thumbnails/400/10/0000/0024/A00000024498801ko.jpg?l=ko,15000,14250,5.0,18,4.9,94,6,,,,1,0,0,1,A000000244988,10000030005
2026-09-11,홈리빙/가전,29,미노항코리아,미노항 코리아 마린 프렌즈 커트러리 7p 세트,https://www.oliveyoung.co.kr/store/goods/getGoodsDetail.do?goodsNo=B000000258163,https://image.oliveyoung.co.kr/cfimages/cf-goods/uploads/images/thumbnails/400/10/0000/0025/B00000025816301ko.jpg?l=ko,43300,29880,31.0,0,0.0,,,,,,0,1,0,0,B000000258163,10000030005
2026-09-11,홈리빙/가전,30,피지,"피지 모락셀라 액체세제 2.1L,1.5L 용기 3종 / 2.3L 리필 2종(허브향/코튼향)",https://www.oliveyoung.co.kr/store/goods/getGoodsDetail.do?goodsNo=A000000239236,https://image.oliveyoung.co.kr/cfimages/cf-goods/uploads/images/thumbnails/400/10/0000/0023/A00000023923601ko.jpg?l=ko,14500,11500,20.7,109,4.9,93,6,1,,,1,0,0,1,A000000239236,10000030005
2026-09-11,홈리빙/가전,31,오설록,오설록 프리미엄 차선,https://www.oliveyoung.co.kr/store/goods/getGoodsDetail.do?goodsNo=A000000264689,https://image.oliveyoung.co.kr/cfimages/cf-goods/uploads/images/thumbnails/400/10/0000/0026/A00000026468901ko.jpg?l=ko,32000,27200,15.0,0,0.0,,,,,,1,0,0,1,A000000264689,10000030005
2026-09-11,홈리빙/가전,32,브리타,브리타 정수기 리켈리 2.2L + 기본필터 1입,https://www.oliveyoung.co.kr/store/goods/getGoodsDetail.do?goodsNo=B000000210534,https://image.oliveyoung.co.kr/cfimages/cf-goods/uploads/images/thumbnails/400/10/0000/0021/B00000021053431ko.jpg?l=ko,33620,26900,20.0,103,4.9,89,11,,,,0,1,0,0,B000000210534,10000030005
2026-09-11,홈리빙/가전,33,락앤락,락앤락 스누피 머그 2P 세트 (TLL522),https://www.oliveyoung.co.kr/store/goods/getGoodsDetail.do?goodsNo=B000000232812,https://image.oliveyoung.co.kr/cfimages/cf-goods/uploads/images/thumbnails/400/10/0000/0023/B00000023281201ko.jpg?l=ko,24500,12250,50.0,8,4.8,75,25,,,,0,1,0,0,B000000232812,10000030005
2026-09-11,홈리빙/가전,34,에코두,에코두 프랑스 고농축 중성 세탁세제 은은라벤더 2L,https://www.oliveyoung.co.kr/store/goods/getGoodsDetail.do?goodsNo=B000000134820,https://image.oliveyoung.co.kr/cfimages/cf-goods/uploads/images/thumbnails/400/10/0000/0013/B00000013482017ko.jpg?l=ko,26000,24180,7.0,18,4.8,83,11,6,,,0,1,0,0,B000000134820,10000030005
2026-09-11,홈리빙/가전,35,생활공작소,생활공작소 물걸레 청소포 표준형 24매 5개,https://www.oliveyoung.co.kr/store/goods/getGoodsDetail.do?goodsNo=B000000203097,https://image.oliveyoung.co.kr/cfimages/cf-goods/uploads/images/thumbnails/400/10/0000/0020/B00000020309705ko.jpg?l=ko,28000,22900,18.2,26,4.9,92,8,,,,0,1,0,0,B000000203097,10000030005
2026-09-11,홈리빙/가전,36,펫생각,펫생각 하루조이 미니말랑 자색고구마 노즈워크 간식 200g,https://www.oliveyoung.co.kr/store/goods/getGoodsDetail.do?goodsNo=B000000227859,https://image.oliveyoung.co.kr/cfimages/cf-goods/uploads/images/thumbnails/400/10/0000/0022/B00000022785901ko.jpg?l=ko,12800,10240,20.0,0,0.0,,,,,,0,1,0,0,B000000227859,10000030005
2026-09-11,홈리빙/가전,37,오설록,오설록 차완 차선꽂이 세트,https://www.oliveyoung.co.kr/store/goods/getGoodsDetail.do?goodsNo=A000000264688,https://image.oliveyoung.co.kr/cfimages/cf-goods/uploads/images/thumbnails/400/10/0000/0026/A00000026468801ko.jpg?l=ko,25000,21250,15.0,0,0.0,,,,,,1,0,0,1,A000000264688,10000030005
2026-09-11,홈리빙/가전,38,디어커스,디어커스 블루다이브 자동 변기세정제 2개입 x2,https://www.oliveyoung.co.kr/store/goods/getGoodsDetail.do?goodsNo=B000000258702,https://image.oliveyoung.co.kr/cfimages/cf-goods/uploads/images/thumbnails/400/10/0000/0025/B00000025870201ko.jpg?l=ko,19800,19800,0.0,11,4.9,91,9,,,,0,0,0,0,B000000258702,10000030005
2026-09-11,홈리빙/가전,39,스너글,[NEW] 스너글 캡슐세제 & 액체세제 모음 (허거블 코튼/블루스파클),https://www.oliveyoung.co.kr/store/goods/getGoodsDetail.do?goodsNo=A000000225031,https://image.oliveyoung.co.kr/cfimages/cf-goods/uploads/images/thumbnails/400/10/0000/0022/A00000022503109ko.png?l=ko,26900,18800,30.1,552,4.9,91,7,2,0,1,1,0,0,1,A000000225031,10000030005
2026-09-11,홈리빙/가전,40,디어커스,디어커스 한지로 만든 더 부드러운 안녕한지 샤워타월,https://www.oliveyoung.co.kr/store/goods/getGoodsDetail.do?goodsNo=B000000254210,https://image.oliveyoung.co.kr/cfimages/cf-goods/uploads/images/thumbnails/400/10/0000/0025/B00000025421001ko.jpg?l=ko,8900,7900,11.2,31,5.0,97,3,,,,0,1,0,0,B000000254210,10000030005
2026-09-11,홈리빙/가전,41,스너글,[NEW/리뉴얼] 스너글 스파클+ 섬유유연제 5종 택 1 (1.8L/2L/2.6L),https://www.oliveyoung.co.kr/store/goods/getGoodsDetail.do?goodsNo=A000000166157,https://image.oliveyoung.co.kr/cfimages/cf-goods/uploads/images/thumbnails/400/10/0000/0016/A00000016615707ko.png?l=ko,25900,16800,35.1,2546,4.9,90,8,2,0,0,1,0,0,1,A000000166157,10000030005
2026-09-11,홈리빙/가전,42,픽싯,픽싯 올인원 퍼퓸 세정 롤티슈 200매,https://www.oliveyoung.co.kr/store/goods/getGoodsDetail.do?goodsNo=A000000250394,https://image.oliveyoung.co.kr/cfimages/cf-goods/uploads/images/thumbnails/400/10/0000/0025/A00000025039401ko.jpg?l=ko,22000,16000,27.3,152,5.0,97,3,,,,1,0,0,1,A000000250394,10000030005
2026-09-11,홈리빙/가전,43,스너글,[NEW] 스너글 허거블 코튼/블루스파클 캡슐세제 모음 (13개입/30개입/한정기획),https://www.oliveyoung.co.kr/store/goods/getGoodsDetail.do?goodsNo=A000000197494,https://image.oliveyoung.co.kr/cfimages/cf-goods/uploads/images/thumbnails/400/10/0000/0019/A00000019749415ko.png?l=ko,28500,28500,0.0,2356,4.9,89,9,2,0,0,0,0,0,1,A000000197494,10000030005
2026-09-11,홈리빙/가전,44,락앤락,락앤락 스쿨핏 산리오캐릭터즈 원터치 피규어 보틀 430ml (ABF899),https://www.oliveyoung.co.kr/store/goods/getGoodsDetail.do?goodsNo=B000000242616,https://image.oliveyoung.co.kr/cfimages/cf-goods/uploads/images/thumbnails/400/10/0000/0024/B00000024261601ko.jpg?l=ko,22200,15540,30.0,13,5.0,100,,,,,0,1,0,0,B000000242616,10000030005
2026-09-11,홈리빙/가전,45,스너글,[미국향] 스너글 드라이시트 40매 2종 택 1 (허거블코튼/블루스파클+),https://www.oliveyoung.co.kr/store/goods/getGoodsDetail.do?goodsNo=A000000243436,https://image.oliveyoung.co.kr/cfimages/cf-goods/uploads/images/thumbnails/400/10/0000/0024/A00000024343601ko.png?l=ko,9900,6900,30.3,465,4.9,91,6,2,1,0,1,0,0,1,A000000243436,10000030005
2026-09-11,홈리빙/가전,46,락앤락,락앤락 바로한끼 냉동 밥용기 355ml 3개세트,https://www.oliveyoung.co.kr/store/goods/getGoodsDetail.do?goodsNo=B000000217070,https://image.oliveyoung.co.kr/cfimages/cf-goods/uploads/images/thumbnails/400/10/0000/0021/B00000021707001ko.jpg?l=ko,21500,15050,30.0,18,4.8,89,6,6,,,0,1,0,0,B000000217070,10000030005
2026-09-11,홈리빙/가전,47,스크럽대디,스크럽대디 댐프더스터(실버) 1개입 + 댐프더스터(옐로우) 1개입,https://www.oliveyoung.co.kr/store/goods/getGoodsDetail.do?goodsNo=A000000225529,https://image.oliveyoung.co.kr/cfimages/cf-goods/uploads/images/thumbnails/400/10/0000/0022/A00000022552903ko.jpg?l=ko,15000,15000,0.0,39,5.0,97,3,,,,0,0,0,1,A000000225529,10000030005
2026-09-11,홈리빙/가전,48,알로,[리뷰이벤트] 알로코리아 레인보우 무드등 미니 가습기 AHM3,https://www.oliveyoung.co.kr/store/goods/getGoodsDetail.do?goodsNo=B000000238935,https://image.oliveyoung.co.kr/cfimages/cf-goods/uploads/images/thumbnails/400/10/0000/0023/B00000023893505ko.jpg?l=ko,15900,14900,6.3,15,5.0,100,,,,,0,1,0,0,B000000238935,10000030005
2026-09-11,홈리빙/가전,49,란도린,란도린 섬유유연제 10종/ 세탁세제 1종,https://www.oliveyoung.co.kr/store/goods/getGoodsDetail.do?goodsNo=A000000260112,https://image.oliveyoung.co.kr/cfimages/cf-goods/uploads/images/thumbnails/400/10/0000/0026/A00000026011204ko.jpg?l=ko,13500,13500,0.0,119,4.9,93,4,3,,,0,0,0,1,A000000260112,10000030005
2026-09-11,홈리빙/가전,50,위칙,위칙 멀티 세정 티슈 180매,https://www.oliveyoung.co.kr/store/goods/getGoodsDetail.do?goodsNo=A000000261384,https://image.oliveyoung.co.kr/cfimages/cf-goods/uploads/images/thumbnails/400/10/0000/0026/A00000026138401ko.jpg?l=ko,18900,13900,26.5,5,5.0,100,,,,,1,0,0,1,A000000261384,10000030005
2026-09-11,홈리빙/가전,51,페슬러,펫프렌즈 동결건조 펫 간식 촉촉트릿 북어 80g,https://www.oliveyoung.co.kr/store/goods/getGoodsDetail.do?goodsNo=B000000159162,https://image.oliveyoung.co.kr/cfimages/cf-goods/uploads/images/thumbnails/400/10/0000/0015/B00000015916201ko.jpg?l=ko,13900,13900,0.0,96,4.9,88,13,,,,0,0,0,0,B000000159162,10000030005
2026-09-11,홈리빙/가전,52,아이수,아이수 샤워기필터 리필 3P,https://www.oliveyoung.co.kr/store/goods/getGoodsDetail.do?goodsNo=A000000145972,https://image.oliveyoung.co.kr/cfimages/cf-goods/uploads/images/thumbnails/400/10/0000/0014/A00000014597202ko.jpg?l=ko,14900,12600,15.4,569,4.9,92,7,2,,0,1,0,0,1,A000000145972,10000030005
2026-09-11,홈리빙/가전,53,쿤달,쿤달 네이처 pH 밸런싱 실키 코트 애견샴푸 500ml 2종 택1,https://www.oliveyoung.co.kr/store/goods/getGoodsDetail.do?goodsNo=A000000151676,https://image.oliveyoung.co.kr/cfimages/cf-goods/uploads/images/thumbnails/400/10/0000/0015/A00000015167629ko.jpg?l=ko,11500,11500,0.0,307,4.8,85,8,5,,1,0,0,0,1,A000000151676,10000030005
2026-09-11,홈리빙/가전,54,모던하우스,[모던하우스] 세안 헤어밴드 퍼플,https://www.oliveyoung.co.kr/store/goods/getGoodsDetail.do?goodsNo=B000000266349,https://image.oliveyoung.co.kr/cfimages/cf-goods/uploads/images/thumbnails/400/10/0000/0026/B00000026634901ko.jpg?l=ko,2900,2900,0.0,11,5.0,100,,,,,0,0,0,0,B000000266349,10000030005
2026-09-11,홈리빙/가전,55,위칙,위칙 소독 인기템 골라담기 17종 택 1,https://www.oliveyoung.co.kr/store/goods/getGoodsDetail.do?goodsNo=A000000216483,https://image.oliveyoung.co.kr/cfimages/cf-goods/uploads/images/thumbnails/400/10/0000/0021/A00000021648301ko.jpg?l=ko,13900,11900,14.4,1780,4.8,86,9,3,1,1,1,0,0,1,A000000216483,10000030005
2026-09-11,홈리빙/가전,56,페슬러,네추라너리쉬 강아지 간식 리얼미트 덴탈껌 디노츄 6P (트리케라톱스3p+스테고3P),https://www.oliveyoung.co.kr/store/goods/getGoodsDetail.do?goodsNo=B000000149453,https://image.oliveyoung.co.kr/cfimages/cf-goods/uploads/images/thumbnails/400/10/0000/0014/B00000014945302ko.jpg?l=ko,13500,10800,20.0,8,5.0,100,,,,,0,1,0,0,B000000149453,10000030005
2026-09-11,홈리빙/가전,57,락앤락,락앤락 간편요리 유리캐서롤,https://www.oliveyoung.co.kr/store/goods/getGoodsDetail.do?goodsNo=B000000224522,https://image.oliveyoung.co.kr/cfimages/cf-goods/uploads/images/thumbnails/400/10/0000/0022/B00000022452201ko.jpg?l=ko,11000,7700,30.0,26,4.9,92,4,4,,,0,1,0,0,B000000224522,10000030005
2026-09-11,홈리빙/가전,58,필루니크,필루니크 런더리 란제리 솝 150ml (속옷전용세제),https://www.oliveyoung.co.kr/store/goods/getGoodsDetail.do?goodsNo=A000000227386,https://image.oliveyoung.co.kr/cfimages/cf-goods/uploads/images/thumbnails/400/10/0000/0022/A00000022738601ko.jpg?l=ko,8900,8900,0.0,2159,4.7,80,15,4,1,1,0,0,0,1,A000000227386,10000030005
2026-09-11,홈리빙/가전,59,베터,베터 강아지영양간식 댕댕츄정 48g 4종 택 1(글루코사민/프로바이오틱스/오메가3/루테인),https://www.oliveyoung.co.kr/store/goods/getGoodsDetail.do?goodsNo=B000000192422,https://image.oliveyoung.co.kr/cfimages/cf-goods/uploads/images/thumbnails/400/10/0000/0019/B00000019242202ko.png?l=ko,10000,8000,20.0,9,5.0,100,,,,,0,1,0,0,B000000192422,10000030005
2026-09-11,홈리빙/가전,60,다우니,다우니 초고농축 호텔 컬렉션 섬유유연제 1L 6종 택1,https://www.oliveyoung.co.kr/store/goods/getGoodsDetail.do?goodsNo=A000000191292,https://image.oliveyoung.co.kr/cfimages/cf-goods/uploads/images/thumbnails/400/10/0000/0019/A00000019129247ko.jpg?l=ko,11300,7900,30.1,659,4.9,95,3,1,,1,1,0,0,1,A000000191292,10000030005
2026-09-11,홈리빙/가전,61,위칙,위칙 멀티플 주방세제 (본품 / 리필),https://www.oliveyoung.co.kr/store/goods/getGoodsDetail.do?goodsNo=A000000260471,https://image.oliveyoung.co.kr/cfimages/cf-goods/uploads/images/thumbnails/400/10/0000/0026/A00000026047101ko.jpg?l=ko,9500,7900,16.8,26,4.8,96,,,,4,1,0,0,1,A000000260471,10000030005
2026-09-11,홈리빙/가전,62,오설록,오설록 말차 스푼,https://www.oliveyoung.co.kr/store/goods/getGoodsDetail.do?goodsNo=A000000264695,https://image.oliveyoung.co.kr/cfimages/cf-goods/uploads/images/thumbnails/400/10/0000/0026/A00000026469503ko.jpg?l=ko,9000,7650,15.0,0,0.0,,,,,,1,0,0,1,A000000264695,10000030005
2026-09-11,홈리빙/가전,63,스너글,[자취템] 스너글 초고농축 섬유유연제 허거블 코튼 0.8L,https://www.oliveyoung.co.kr/store/goods/getGoodsDetail.do?goodsNo=A000000225030,https://image.oliveyoung.co.kr/cfimages/cf-goods/uploads/images/thumbnails/400/10/0000/0022/A00000022503001ko.jpg?l=ko,12900,6900,46.5,203,4.8,88,8,3,,0,1,0,0,1,A000000225030,10000030005
2026-09-11,홈리빙/가전,64,스크럽대디,"스크럽대디 스크럽마미 곰돌이 푸 콜라보 1P 3종 택 1(푸, 피클렛, 티거)",https://www.oliveyoung.co.kr/store/goods/getGoodsDetail.do?goodsNo=A000000251585,https://image.oliveyoung.co.kr/cfimages/cf-goods/uploads/images/thumbnails/400/10/0000/0025/A00000025158501ko.jpg?l=ko,7000,6480,7.4,100,4.9,93,2,5,,,1,0,0,1,A000000251585,10000030005
2026-09-11,홈리빙/가전,65,스크럽대디,스크럽대디 스크럽마미(오리지널) 1개입,https://www.oliveyoung.co.kr/store/goods/getGoodsDetail.do?goodsNo=A000000225525,https://image.oliveyoung.co.kr/cfimages/cf-goods/uploads/images/thumbnails/400/10/0000/0022/A00000022552502ko.jpg?l=ko,6000,5400,10.0,525,4.8,89,7,3,1,0,1,0,0,1,A000000225525,10000030005
2026-09-11,홈리빙/가전,66,페슬러,페슬러 느린통살 닭가슴살 30g 1개 (온),https://www.oliveyoung.co.kr/store/goods/getGoodsDetail.do?goodsNo=B000000236144,https://image.oliveyoung.co.kr/cfimages/cf-goods/uploads/images/thumbnails/400/10/0000/0023/B00000023614401ko.jpg?l=ko,1500,1200,20.0,4,5.0,100,,,,,0,1,0,0,B000000236144,10000030005
2026-09-11,홈리빙/가전,67,수면공감,수면공감 우유베개 경추베개+방수베개커버/우유토퍼,https://www.oliveyoung.co.kr/store/goods/getGoodsDetail.do?goodsNo=B000000235929,https://image.oliveyoung.co.kr/cfimages/cf-goods/uploads/images/thumbnails/400/10/0000/0023/B00000023592910ko.jpg?l=ko,69000,59000,14.5,55,4.6,76,9,11,2,2,0,1,0,0,B000000235929,10000030005
2026-09-11,홈리빙/가전,68,미닉스,미닉스 음식물처리기 더플렌더 MAX 가정용 분쇄기 건조기 MNFD-200G,https://www.oliveyoung.co.kr/store/goods/getGoodsDetail.do?goodsNo=B000000248474,https://image.oliveyoung.co.kr/cfimages/cf-goods/uploads/images/thumbnails/400/10/0000/0024/B00000024847401ko.png?l=ko,759000,489000,35.6,80,4.9,94,4,1,,1,0,1,0,0,B000000248474,10000030005
2026-09-11,홈리빙/가전,69,미닉스,미닉스 음식물 처리기 가정용 분쇄기 건조기 더플렌더 PRO MNFD-120G,https://www.oliveyoung.co.kr/store/goods/getGoodsDetail.do?goodsNo=B000000240461,https://image.oliveyoung.co.kr/cfimages/cf-goods/uploads/images/thumbnails/400/10/0000/0024/B00000024046101ko.jpg?l=ko,639000,409000,36.0,65,5.0,97,3,,,,0,1,0,0,B000000240461,10000030005
2026-09-11,홈리빙/가전,70,슬립앤슬립,[옆잠 베개] 아이유PICK 슬립앤슬립 깊은잠 베개 (사은품) 전용베커(화이트)+냉감시트,https://www.oliveyoung.co.kr/store/goods/getGoodsDetail.do?goodsNo=B000000232005,https://image.oliveyoung.co.kr/cfimages/cf-goods/uploads/images/thumbnails/400/10/0000/0023/B00000023200515ko.jpg?l=ko,105000,95000,9.5,84,4.7,81,12,5,1,1,0,1,0,0,B000000232005,10000030005
2026-09-11,홈리빙/가전,71,아르떼미데,아르떼미데 톨로메오 메가 플로어 장스탠드 플로어조명,https://www.oliveyoung.co.kr/store/goods/getGoodsDetail.do?goodsNo=B000000243288,https://image.oliveyoung.co.kr/cfimages/cf-goods/uploads/images/thumbnails/400/10/0000/0024/B00000024328801ko.jpg?l=ko,2070000,1863000,10.0,0,0.0,,,,,,0,1,0,0,B000000243288,10000030005
2026-09-11,홈리빙/가전,72,블랑101,[뿌리는주방세제 본품 증정] 블랑101 퍼퓸 세탁세제 + 섬유유연제 시그니처향 1.6L,https://www.oliveyoung.co.kr/store/goods/getGoodsDetail.do?goodsNo=B000000226700,https://image.oliveyoung.co.kr/cfimages/cf-goods/uploads/images/thumbnails/400/10/0000/0022/B00000022670092ko.jpg?l=ko,67200,55110,18.0,92,4.9,95,3,2,,,0,1,0,0,B000000226700,10000030005
2026-09-11,홈리빙/가전,73,프로젝트슬립,[옆잠 베개] 동안베개 목주름 눈가주름 케어 기능성 메모리폼 낮은 경추베개,https://www.oliveyoung.co.kr/store/goods/getGoodsDetail.do?goodsNo=B000000263030,https://image.oliveyoung.co.kr/cfimages/cf-goods/uploads/images/thumbnails/400/10/0000/0026/B00000026303005ko.jpg?l=ko,69900,65010,7.0,39,5.0,100,,,,,0,1,0,0,B000000263030,10000030005
2026-09-11,홈리빙/가전,74,미닉스,미닉스 미니건조기 최대 5kg 더 에어드라이,https://www.oliveyoung.co.kr/store/goods/getGoodsDetail.do?goodsNo=B000000264705,https://image.oliveyoung.co.kr/cfimages/cf-goods/uploads/images/thumbnails/400/10/0000/0026/B00000026470501ko.jpg?l=ko,499000,499000,0.0,0,0.0,,,,,,0,0,0,0,B000000264705,10000030005
2026-09-11,홈리빙/가전,75,제니퍼룸,[이중 내열 컵세트 증정] 제니퍼룸 전자동 커피머신 4Color,https://www.oliveyoung.co.kr/store/goods/getGoodsDetail.do?goodsNo=B000000205560,https://image.oliveyoung.co.kr/cfimages/cf-goods/uploads/images/thumbnails/400/10/0000/0020/B00000020556036ko.png?l=ko,429000,359000,16.3,75,4.8,88,5,4,,3,0,1,0,0,B000000205560,10000030005
2026-09-11,홈리빙/가전,76,디어리얼,디어리얼 페이스타올 수건 세트 4p/10p,https://www.oliveyoung.co.kr/store/goods/getGoodsDetail.do?goodsNo=B000000249693,https://image.oliveyoung.co.kr/cfimages/cf-goods/uploads/images/thumbnails/400/10/0000/0024/B00000024969304ko.jpg?l=ko,45900,41310,10.0,53,4.8,87,8,6,,,0,1,0,0,B000000249693,10000030005
2026-09-11,홈리빙/가전,77,스탠리,[신규컬러]스탠리 퀜처 H2.0 플로우스테이트 텀블러 591ml,https://www.oliveyoung.co.kr/store/goods/getGoodsDetail.do?goodsNo=B000000208368,https://image.oliveyoung.co.kr/cfimages/cf-goods/uploads/images/thumbnails/400/10/0000/0020/B00000020836804ko.jpg?l=ko,44000,39600,10.0,222,4.8,88,9,1,,1,0,1,0,0,B000000208368,10000030005
2026-09-11,홈리빙/가전,78,디어리얼,디어리얼 페이스타올 호텔 수건 10P 모음,https://www.oliveyoung.co.kr/store/goods/getGoodsDetail.do?goodsNo=B000000242263,https://image.oliveyoung.co.kr/cfimages/cf-goods/uploads/images/thumbnails/400/10/0000/0024/B00000024226306ko.jpg?l=ko,119900,107910,10.0,13,5.0,100,,,,,0,1,0,0,B000000242263,10000030005
2026-09-11,홈리빙/가전,79,제니퍼룸,[이중 내열 컵세트 증정] 제니퍼룸 전자동 커피머신 스팀 라떼 Pro 3Color,https://www.oliveyoung.co.kr/store/goods/getGoodsDetail.do?goodsNo=B000000205559,https://image.oliveyoung.co.kr/cfimages/cf-goods/uploads/images/thumbnails/400/10/0000/0020/B00000020555927ko.png?l=ko,529000,459000,13.2,6,5.0,100,,,,,0,1,0,0,B000000205559,10000030005
2026-09-11,홈리빙/가전,80,스탠리,[NEW] 스탠리 퀜처 프로투어 플립 스트로 텀블러 887ml,https://www.oliveyoung.co.kr/store/goods/getGoodsDetail.do?goodsNo=B000000223220,https://image.oliveyoung.co.kr/cfimages/cf-goods/uploads/images/thumbnails/400/10/0000/0022/B00000022322001ko.jpg?l=ko,54000,48600,10.0,264,4.9,95,4,0,,0,0,1,0,0,B000000223220,10000030005
2026-09-11,홈리빙/가전,81,프로쉬,프로쉬 독일 세탁세제 1.5L 3개,https://www.oliveyoung.co.kr/store/goods/getGoodsDetail.do?goodsNo=B000000170342,https://image.oliveyoung.co.kr/cfimages/cf-goods/uploads/images/thumbnails/400/10/0000/0017/B000000170342273ko.jpg?l=ko,50800,43180,15.0,376,4.9,89,9,2,,0,0,1,0,0,B000000170342,10000030005
2026-09-11,홈리빙/가전,82,프로젝트슬립,프로젝트슬립 베개 9종 택 1(솔솔베개/동안베개/충분베개/맞춤베개/코골이베개/애착베개/스파인핏 2/털털곰/포근하냥),https://www.oliveyoung.co.kr/store/goods/getGoodsDetail.do?goodsNo=B000000262896,https://image.oliveyoung.co.kr/cfimages/cf-goods/uploads/images/thumbnails/400/10/0000/0026/B00000026289619ko.jpg?l=ko,52900,52900,0.0,5,5.0,100,,,,,0,0,0,0,B000000262896,10000030005
2026-09-11,홈리빙/가전,83,프렉탈,프렉탈 링클 케어 선물세트 (목주름 베개+넥팩 3개입 +스트라이프백),https://www.oliveyoung.co.kr/store/goods/getGoodsDetail.do?goodsNo=A000000242083,https://image.oliveyoung.co.kr/cfimages/cf-goods/uploads/images/thumbnails/400/10/0000/0024/A00000024208307ko.jpg?l=ko,61000,61000,0.0,66,4.7,79,14,5,2,2,0,0,0,1,A000000242083,10000030005
2026-09-11,홈리빙/가전,84,브리타,브리타 정수기 필터 막스트라 프로 퓨어 퍼포먼스 3입,https://www.oliveyoung.co.kr/store/goods/getGoodsDetail.do?goodsNo=B000000206668,https://image.oliveyoung.co.kr/cfimages/cf-goods/uploads/images/thumbnails/400/10/0000/0020/B00000020666818ko.jpg?l=ko,29370,23500,20.0,739,4.9,91,8,2,0,0,0,1,0,0,B000000206668,10000030005
2026-09-11,홈리빙/가전,85,스너글,스너글 섬유유연제 6종 택 1 (본품/리필형),https://www.oliveyoung.co.kr/store/goods/getGoodsDetail.do?goodsNo=A000000190770,https://image.oliveyoung.co.kr/cfimages/cf-goods/uploads/images/thumbnails/400/10/0000/0019/A00000019077010ko.png?l=ko,18900,11400,39.7,3665,4.9,90,7,2,0,0,1,0,0,1,A000000190770,10000030005
2026-09-11,홈리빙/가전,86,디어커스,디어커스 한지 샤워타월 모음 2개입/6개입(안녕한지/더 부드러운/개운한지),https://www.oliveyoung.co.kr/store/goods/getGoodsDetail.do?goodsNo=B000000254718,https://image.oliveyoung.co.kr/cfimages/cf-goods/uploads/images/thumbnails/400/10/0000/0025/B00000025471803ko.jpg?l=ko,15800,12800,19.0,38,5.0,100,,,,,0,1,0,0,B000000254718,10000030005
2026-09-11,홈리빙/가전,87,브리타,브리타 정수기 필터 모음전,https://www.oliveyoung.co.kr/store/goods/getGoodsDetail.do?goodsNo=B000000206771,https://image.oliveyoung.co.kr/cfimages/cf-goods/uploads/images/thumbnails/400/10/0000/0020/B00000020677126ko.jpg?l=ko,29370,23500,20.0,410,4.9,94,5,0,,0,0,1,0,0,B000000206771,10000030005
2026-09-11,홈리빙/가전,88,DJI,DJI Osmo Pocket 4P 스탠다드 콤보,https://www.oliveyoung.co.kr/store/goods/getGoodsDetail.do?goodsNo=B000000264128,https://image.oliveyoung.co.kr/cfimages/cf-goods/uploads/images/thumbnails/400/10/0000/0026/B00000026412801ko.jpg?l=ko,952120,895000,6.0,0,0.0,,,,,,0,1,0,0,B000000264128,10000030005
2026-09-11,홈리빙/가전,89,스너글,스너글 액체 세탁세제 2L & 2.7L 2종 (허거블코튼/ 블루스파클+),https://www.oliveyoung.co.kr/store/goods/getGoodsDetail.do?goodsNo=A000000226312,https://image.oliveyoung.co.kr/cfimages/cf-goods/uploads/images/thumbnails/400/10/0000/0022/A00000022631201ko.jpg?l=ko,26900,18800,30.1,744,4.9,91,7,2,0,0,1,0,0,1,A000000226312,10000030005
2026-09-11,홈리빙/가전,90,스너글,[NEW] 스너글 섬유유연제 실내건조 선샤인 2종 (2L/2.6L),https://www.oliveyoung.co.kr/store/goods/getGoodsDetail.do?goodsNo=A000000230120,https://image.oliveyoung.co.kr/cfimages/cf-goods/uploads/images/thumbnails/400/10/0000/0023/A00000023012001ko.png?l=ko,18900,11400,39.7,379,4.9,93,5,2,,,1,0,0,1,A000000230120,10000030005
2026-09-11,홈리빙/가전,91,바디럽,바디럽 퓨어썸 샤워기,https://www.oliveyoung.co.kr/store/goods/getGoodsDetail.do?goodsNo=A000000113585,https://image.oliveyoung.co.kr/cfimages/cf-goods/uploads/images/thumbnails/400/10/0000/0011/A00000011358503ko.png?l=ko,25900,22200,14.3,1532,4.8,87,9,3,1,0,1,0,0,1,A000000113585,10000030005
2026-09-11,홈리빙/가전,92,바디럽,[교체필터] 퓨어썸 파라맥스 피코 퓨어필터 3개,https://www.oliveyoung.co.kr/store/goods/getGoodsDetail.do?goodsNo=B000000183912,https://image.oliveyoung.co.kr/cfimages/cf-goods/uploads/images/thumbnails/400/10/0000/0018/B00000018391204ko.jpg?l=ko,75000,67500,10.0,26,5.0,96,4,,,,0,1,0,0,B000000183912,10000030005
2026-09-11,홈리빙/가전,93,나른,[망곰 콜라보] 나른 벨벳 홈 슬리퍼 2종 택 1 (아기천사/프루티스위츠),https://www.oliveyoung.co.kr/store/goods/getGoodsDetail.do?goodsNo=A000000245667,https://image.oliveyoung.co.kr/cfimages/cf-goods/uploads/images/thumbnails/400/10/0000/0024/A00000024566706ko.jpg?l=ko,22900,11450,50.0,545,4.7,85,9,4,1,2,1,1,0,1,A000000245667,10000030005
2026-09-11,홈리빙/가전,94,스탠리,[NEW] 스탠리 퀜처 H2.0 플로우스테이트 텀블러 591ml(손잡이형),https://www.oliveyoung.co.kr/store/goods/getGoodsDetail.do?goodsNo=B000000231760,https://image.oliveyoung.co.kr/cfimages/cf-goods/uploads/images/thumbnails/400/10/0000/0023/B00000023176001ko.jpg?l=ko,46000,46000,0.0,121,4.9,90,7,2,1,,0,0,0,0,B000000231760,10000030005
2026-09-11,홈리빙/가전,95,택플로우,택플로우 플립텀블러 730ml (8colors) + 실리콘 키링증정,https://www.oliveyoung.co.kr/store/goods/getGoodsDetail.do?goodsNo=B000000255554,https://image.oliveyoung.co.kr/cfimages/cf-goods/uploads/images/thumbnails/400/10/0000/0025/B00000025555406ko.jpg?l=ko,45000,31500,30.0,12,4.8,83,17,,,,0,1,0,0,B000000255554,10000030005
2026-09-11,홈리빙/가전,96,마샬,마샬 블루투스 스피커 ACTON 3,https://www.oliveyoung.co.kr/store/goods/getGoodsDetail.do?goodsNo=B000000180735,https://image.oliveyoung.co.kr/cfimages/cf-goods/uploads/images/thumbnails/400/10/0000/0018/B00000018073501ko.jpg?l=ko,460000,349000,24.1,30,5.0,97,3,,,,0,1,0,0,B000000180735,10000030005
2026-09-11,홈리빙/가전,97,란도린,란도린 섬유유연제 10종,https://www.oliveyoung.co.kr/store/goods/getGoodsDetail.do?goodsNo=A000000260088,https://image.oliveyoung.co.kr/cfimages/cf-goods/uploads/images/thumbnails/400/10/0000/0026/A00000026008805ko.jpg?l=ko,23500,23500,0.0,138,4.9,92,5,3,,,0,0,0,1,A000000260088,10000030005
2026-09-11,홈리빙/가전,98,플로피,플로피 타월북 미니 핸드키링 북시리즈 스트라이프 4종,https://www.oliveyoung.co.kr/store/goods/getGoodsDetail.do?goodsNo=A000000246382,https://image.oliveyoung.co.kr/cfimages/cf-goods/uploads/images/thumbnails/400/10/0000/0024/A00000024638201ko.jpg?l=ko,19800,18900,4.5,16,4.2,56,13,25,6,,1,0,0,1,A000000246382,10000030005
2026-09-11,홈리빙/가전,99,바디럽,바디럽 퓨어필터,https://www.oliveyoung.co.kr/store/goods/getGoodsDetail.do?goodsNo=A000000119958,https://image.oliveyoung.co.kr/cfimages/cf-goods/uploads/images/thumbnails/400/10/0000/0011/A00000011995805ko.png?l=ko,11900,11500,3.4,2014,4.9,89,9,2,0,0,1,0,0,1,A000000119958,10000030005
2026-09-11,홈리빙/가전,100,브리타,브리타 정수기 필터 막스트라 프로 퓨어 퍼포먼스 3입 2개,https://www.oliveyoung.co.kr/store/goods/getGoodsDetail.do?goodsNo=B000000206678,https://image.oliveyoung.co.kr/cfimages/cf-goods/uploads/images/thumbnails/400/10/0000/0020/B00000020667817ko.jpg?l=ko,58750,47000,20.0,248,4.9,94,6,,,1,0,1,0,0,B000000206678,10000030005
2026-09-11,취미/팬시,1,에이치케이엔터코리아,산리오 캐릭터즈 레이니데이 인형키링 8종,https://www.oliveyoung.co.kr/store/goods/getGoodsDetail.do?goodsNo=A000000261918,https://image.oliveyoung.co.kr/cfimages/cf-goods/uploads/images/thumbnails/400/10/0000/0026/A00000026191804ko.jpg?l=ko,16000,12000,25.0,760,4.9,96,3,0,0,0,1,1,0,1,A000000261918,10000030006
2026-09-11,취미/팬시,2,필리밀리,필리밀리 부착형 미니 피규어 히퍼 (7종 랜덤) [산리오캐릭터즈],https://www.oliveyoung.co.kr/store/goods/getGoodsDetail.do?goodsNo=A000000262992,https://image.oliveyoung.co.kr/cfimages/cf-goods/uploads/images/thumbnails/400/10/0000/0026/A00000026299207ko.jpg?l=ko,15900,12900,18.9,87,4.7,84,7,5,3,1,1,0,1,1,A000000262992,10000030006
2026-09-11,취미/팬시,3,필리밀리,필리밀리X챠미키티 에디션 18종 택1,https://www.oliveyoung.co.kr/store/goods/getGoodsDetail.do?goodsNo=A000000248432,https://image.oliveyoung.co.kr/cfimages/cf-goods/uploads/images/thumbnails/400/10/0000/0024/A00000024843202ko.jpg?l=ko,8000,3900,51.2,26287,4.7,84,9,4,1,1,1,0,0,1,A000000248432,10000030006
2026-09-11,취미/팬시,4,CLOSE YOUR EYES,클로즈 유어 아이즈 The 4th Mini Album [256th Note] Jam Ver.,https://www.oliveyoung.co.kr/store/goods/getGoodsDetail.do?goodsNo=B000000268482,https://image.oliveyoung.co.kr/cfimages/cf-goods/uploads/images/thumbnails/400/10/0000/0026/B00000026848201ko.png?l=ko,84600,84600,0.0,0,0.0,,,,,,0,0,0,0,B000000268482,10000030006
2026-09-11,취미/팬시,5,LE SSERAFIM,르세라핌 2nd Single Album [Made My Night] (COMPACT ver.) 5종 1세트,https://www.oliveyoung.co.kr/store/goods/getGoodsDetail.do?goodsNo=B000000267436,https://image.oliveyoung.co.kr/cfimages/cf-goods/uploads/images/thumbnails/400/10/0000/0026/B00000026743601ko.jpg?l=ko,78000,78000,0.0,0,0.0,,,,,,0,0,0,0,B000000267436,10000030006
2026-09-11,취미/팬시,6,미니덕트,미니덕트 보조배터리&충전기&파우치 콜라보 모음전,https://www.oliveyoung.co.kr/store/goods/getGoodsDetail.do?goodsNo=A000000253908,https://image.oliveyoung.co.kr/cfimages/cf-goods/uploads/images/thumbnails/400/10/0000/0025/A00000025390816ko.jpg?l=ko,29600,23600,20.3,196,4.7,87,7,3,,4,1,0,0,1,A000000253908,10000030006
2026-09-11,취미/팬시,7,망그러진 곰,망그러진곰 인형키링 5종 (아기천사/프루티스위츠),https://www.oliveyoung.co.kr/store/goods/getGoodsDetail.do?goodsNo=A000000245924,https://image.oliveyoung.co.kr/cfimages/cf-goods/uploads/images/thumbnails/400/10/0000/0024/A00000024592409ko.jpg?l=ko,17000,15300,10.0,6116,4.9,96,3,1,0,0,1,0,0,1,A000000245924,10000030006
2026-09-11,취미/팬시,8,삼성,"삼성전자 PD 배터리팩 20,000mAh (45W) / EB-P4520XUEGKR (베이지)",https://www.oliveyoung.co.kr/store/goods/getGoodsDetail.do?goodsNo=B000000261690,https://image.oliveyoung.co.kr/cfimages/cf-goods/uploads/images/thumbnails/400/10/0000/0026/B00000026169001ko.jpg?l=ko,47000,47000,0.0,0,0.0,,,,,,0,0,0,0,B000000261690,10000030006
2026-09-11,취미/팬시,9,알로,[망곰 콜라보] 알로 도킹형 2 in 1 보조배터리 5000mAh 2종 (아기천사/프루티스위츠),https://www.oliveyoung.co.kr/store/goods/getGoodsDetail.do?goodsNo=A000000245799,https://image.oliveyoung.co.kr/cfimages/cf-goods/uploads/images/thumbnails/400/10/0000/0024/A00000024579903ko.jpg?l=ko,26500,13050,50.8,879,4.7,81,11,5,1,1,1,1,0,1,A000000245799,10000030006
2026-09-11,취미/팬시,10,얼모스트블루,얼모스트블루 스노우 플립 디지털 카메라 키링 8종 택1,https://www.oliveyoung.co.kr/store/goods/getGoodsDetail.do?goodsNo=B000000260628,https://image.oliveyoung.co.kr/cfimages/cf-goods/uploads/images/thumbnails/400/10/0000/0026/B00000026062801ko.jpg?l=ko,52000,41000,21.2,18,4.1,67,11,6,,17,0,1,0,0,B000000260628,10000030006
2026-09-11,취미/팬시,11,텐바이텐,텐바이텐 몬치치 얼굴 파우치 키링_몬치치 (2종),https://www.oliveyoung.co.kr/store/goods/getGoodsDetail.do?goodsNo=A000000249548,https://image.oliveyoung.co.kr/cfimages/cf-goods/uploads/images/thumbnails/400/10/0000/0024/A00000024954801ko.jpg?l=ko,16000,16000,0.0,89,5.0,98,2,,,,0,0,0,1,A000000249548,10000030006
2026-09-11,취미/팬시,12,니도(NeeDoh),검드롭 니도 스트레스볼 말랑이(색상랜덤),https://www.oliveyoung.co.kr/store/goods/getGoodsDetail.do?goodsNo=B000000235113,https://image.oliveyoung.co.kr/cfimages/cf-goods/uploads/images/thumbnails/400/10/0000/0023/B00000023511314ko.png?l=ko,26900,26900,0.0,200,4.6,79,9,7,2,4,0,0,0,0,B000000235113,10000030006
2026-09-11,취미/팬시,13,QCY,QCY)T29 APP 블루투스 이어폰 2종 택1,https://www.oliveyoung.co.kr/store/goods/getGoodsDetail.do?goodsNo=A000000236445,https://image.oliveyoung.co.kr/cfimages/cf-goods/uploads/images/thumbnails/400/10/0000/0023/A00000023644501ko.jpg?l=ko,26900,25900,3.7,116,4.7,78,14,6,,2,1,0,0,1,A000000236445,10000030006
2026-09-11,취미/팬시,14,CLOSE YOUR EYES,클로즈 유어 아이즈 The 4th Mini Album [256th Note] Tenuto Ver.,https://www.oliveyoung.co.kr/store/goods/getGoodsDetail.do?goodsNo=B000000268479,https://image.oliveyoung.co.kr/cfimages/cf-goods/uploads/images/thumbnails/400/10/0000/0026/B00000026847902ko.png?l=ko,11900,11900,0.0,0,0.0,,,,,,0,0,0,0,B000000268479,10000030006
2026-09-11,취미/팬시,15,바나실,하리보) 빌트인 미니 고속충전 보조배터리 10000mAh 22.5W,https://www.oliveyoung.co.kr/store/goods/getGoodsDetail.do?goodsNo=B000000262754,https://image.oliveyoung.co.kr/cfimages/cf-goods/uploads/images/thumbnails/400/10/0000/0026/B00000026275401ko.jpg?l=ko,27900,25110,10.0,0,0.0,,,,,,0,1,0,0,B000000262754,10000030006
2026-09-11,취미/팬시,16,바나실,BNS) 도킹형 보조배터리 10000mAh 2종 중 택1,https://www.oliveyoung.co.kr/store/goods/getGoodsDetail.do?goodsNo=A000000226614,https://image.oliveyoung.co.kr/cfimages/cf-goods/uploads/images/thumbnails/400/10/0000/0022/A00000022661403ko.jpg?l=ko,24900,24900,0.0,652,4.8,91,5,2,1,1,0,0,0,1,A000000226614,10000030006
2026-09-11,취미/팬시,17,BTS,방탄소년단 (BTS) ARIRANG,https://www.oliveyoung.co.kr/store/goods/getGoodsDetail.do?goodsNo=B000000246646,https://image.oliveyoung.co.kr/cfimages/cf-goods/uploads/images/thumbnails/400/10/0000/0024/B00000024664602ko.jpg?l=ko,22000,22000,0.0,0,0.0,,,,,,0,0,0,0,B000000246646,10000030006
2026-09-11,취미/팬시,18,CLOSE YOUR EYES,클로즈 유어 아이즈 The 4th Mini Album [256th Note] Pulse Ver.,https://www.oliveyoung.co.kr/store/goods/getGoodsDetail.do?goodsNo=B000000268478,https://image.oliveyoung.co.kr/cfimages/cf-goods/uploads/images/thumbnails/400/10/0000/0026/B00000026847801ko.png?l=ko,20800,20800,0.0,0,0.0,,,,,,0,0,0,0,B000000268478,10000030006
2026-09-11,취미/팬시,19,VERIVERY,VERIVERY 8th MINI ALBUM [CONFETTI] PHOTOBOOK ver.,https://www.oliveyoung.co.kr/store/goods/getGoodsDetail.do?goodsNo=B000000267015,https://image.oliveyoung.co.kr/cfimages/cf-goods/uploads/images/thumbnails/400/10/0000/0026/B00000026701502ko.jpg?l=ko,17800,17800,0.0,0,0.0,,,,,,0,0,0,0,B000000267015,10000030006
2026-09-11,취미/팬시,20,델리,헬로키티 5단 심조절 연필깎이 글루스틱 고체풀 세트,https://www.oliveyoung.co.kr/store/goods/getGoodsDetail.do?goodsNo=B000000267545,https://image.oliveyoung.co.kr/cfimages/cf-goods/uploads/images/thumbnails/400/10/0000/0026/B00000026754501ko.jpg?l=ko,22000,17600,20.0,0,0.0,,,,,,0,1,0,0,B000000267545,10000030006
2026-09-11,취미/팬시,21,텐바이텐,텐바이텐 몬치치 스트링 파우치 (3종),https://www.oliveyoung.co.kr/store/goods/getGoodsDetail.do?goodsNo=A000000257805,https://image.oliveyoung.co.kr/cfimages/cf-goods/uploads/images/thumbnails/400/10/0000/0025/A00000025780501ko.jpg?l=ko,17000,17000,0.0,28,4.9,93,7,,,,0,0,0,1,A000000257805,10000030006
2026-09-11,취미/팬시,22,번개표,번개표 롤리팝 고속 충전 케이블 CtoC (컬러9종),https://www.oliveyoung.co.kr/store/goods/getGoodsDetail.do?goodsNo=B000000245709,https://image.oliveyoung.co.kr/cfimages/cf-goods/uploads/images/thumbnails/400/10/0000/0024/B00000024570910ko.jpg?l=ko,18900,16070,15.0,55,4.5,71,15,7,4,4,0,1,0,0,B000000245709,10000030006
2026-09-11,취미/팬시,23,텐바이텐,텐바이텐 몬치치 얼굴파우치키링_레몬 치무탄,https://www.oliveyoung.co.kr/store/goods/getGoodsDetail.do?goodsNo=A000000257816,https://image.oliveyoung.co.kr/cfimages/cf-goods/uploads/images/thumbnails/400/10/0000/0025/A00000025781601ko.jpg?l=ko,16000,16000,0.0,17,5.0,100,,,,,0,0,0,1,A000000257816,10000030006
2026-09-11,취미/팬시,24,텐바이텐,텐바이텐 몬치치 얼굴파우치키링_러브해피엔젤 몬치치(GIRL),https://www.oliveyoung.co.kr/store/goods/getGoodsDetail.do?goodsNo=A000000257818,https://image.oliveyoung.co.kr/cfimages/cf-goods/uploads/images/thumbnails/400/10/0000/0025/A00000025781801ko.jpg?l=ko,16000,16000,0.0,6,5.0,100,,,,,0,0,0,1,A000000257818,10000030006
2026-09-11,취미/팬시,25,델리,헬로키티 연필깎이 5단 심조절 오토피드 캐릭터 물레방아 회전 연필깎이,https://www.oliveyoung.co.kr/store/goods/getGoodsDetail.do?goodsNo=B000000267547,https://image.oliveyoung.co.kr/cfimages/cf-goods/uploads/images/thumbnails/400/10/0000/0026/B00000026754701ko.jpg?l=ko,20000,16000,20.0,0,0.0,,,,,,0,1,0,0,B000000267547,10000030006
2026-09-11,취미/팬시,26,텐바이텐,[포켓몬 에디션] 텐바이텐 포켓몬스터 인형키링 (4종),https://www.oliveyoung.co.kr/store/goods/getGoodsDetail.do?goodsNo=A000000253544,https://image.oliveyoung.co.kr/cfimages/cf-goods/uploads/images/thumbnails/400/10/0000/0025/A00000025354413ko.jpg?l=ko,18000,15800,12.2,1501,4.9,96,3,1,0,0,1,0,0,1,A000000253544,10000030006
2026-09-11,취미/팬시,27,콜리,콜리 부루부루도그 스트링 파우치,https://www.oliveyoung.co.kr/store/goods/getGoodsDetail.do?goodsNo=B000000251506,https://image.oliveyoung.co.kr/cfimages/cf-goods/uploads/images/thumbnails/400/10/0000/0025/B00000025150605ko.jpg?l=ko,23000,14950,35.0,16,4.9,94,6,,,,0,1,0,0,B000000251506,10000030006
2026-09-11,취미/팬시,28,알로,[포켓몬 에디션] 알로 2PORT 고속충전기 + 자동 릴 케이블 2종 (피카츄/잠만보),https://www.oliveyoung.co.kr/store/goods/getGoodsDetail.do?goodsNo=A000000253302,https://image.oliveyoung.co.kr/cfimages/cf-goods/uploads/images/thumbnails/400/10/0000/0025/A00000025330223ko.jpg?l=ko,29900,14770,50.6,431,4.8,87,7,3,1,2,1,1,0,1,A000000253302,10000030006
2026-09-11,취미/팬시,29,SPM,SPM PG900 리얼방수 5mm 장패드 키보드 마우스 데스크매트,https://www.oliveyoung.co.kr/store/goods/getGoodsDetail.do?goodsNo=B000000232247,https://image.oliveyoung.co.kr/cfimages/cf-goods/uploads/images/thumbnails/400/10/0000/0023/B00000023224701ko.jpg?l=ko,11900,11900,0.0,2,5.0,100,,,,,0,0,0,0,B000000232247,10000030006
2026-09-11,취미/팬시,30,텐바이텐,텐바이텐 산리오 틴케이스 스티커팩 (마이멜로디/쿠로미/시나모롤/포차코/폼폼푸린),https://www.oliveyoung.co.kr/store/goods/getGoodsDetail.do?goodsNo=A000000194299,https://image.oliveyoung.co.kr/cfimages/cf-goods/uploads/images/thumbnails/400/10/0000/0019/A00000019429901ko.jpg?l=ko,9500,9500,0.0,285,4.9,92,7,1,,,0,0,0,1,A000000194299,10000030006
2026-09-11,취미/팬시,31,알로,알로코리아 2포트 USB 고속 충전기 UC201,https://www.oliveyoung.co.kr/store/goods/getGoodsDetail.do?goodsNo=A000000151343,https://image.oliveyoung.co.kr/cfimages/cf-goods/uploads/images/thumbnails/400/10/0000/0015/A00000015134305ko.jpg?l=ko,8900,8900,0.0,971,4.7,83,9,5,1,1,0,0,0,1,A000000151343,10000030006
2026-09-11,취미/팬시,32,아이리버,아이리버 25W 고속 충전기 IHA-PD25WDCC,https://www.oliveyoung.co.kr/store/goods/getGoodsDetail.do?goodsNo=B000000258646,https://image.oliveyoung.co.kr/cfimages/cf-goods/uploads/images/thumbnails/400/10/0000/0025/B00000025864602ko.jpg?l=ko,10900,8720,20.0,24,4.8,83,13,4,,,0,1,0,0,B000000258646,10000030006
2026-09-11,취미/팬시,33,CLOSE YOUR EYES,클로즈 유어 아이즈 The 4th Mini Album [256th Note] Digging Ver.,https://www.oliveyoung.co.kr/store/goods/getGoodsDetail.do?goodsNo=B000000268481,https://image.oliveyoung.co.kr/cfimages/cf-goods/uploads/images/thumbnails/400/10/0000/0026/B00000026848101ko.png?l=ko,8200,8200,0.0,0,0.0,,,,,,0,0,0,0,B000000268481,10000030006
2026-09-11,취미/팬시,34,콜리,콜리 부루부루도그 양면 거울 2종,https://www.oliveyoung.co.kr/store/goods/getGoodsDetail.do?goodsNo=B000000251471,https://image.oliveyoung.co.kr/cfimages/cf-goods/uploads/images/thumbnails/400/10/0000/0025/B00000025147104ko.jpg?l=ko,12000,7800,35.0,4,4.0,75,,,,25,0,1,0,0,B000000251471,10000030006
2026-09-11,취미/팬시,35,텐바이텐,텐바이텐 산리오 Y2K 윈도우스티커 (마이멜로디/쿠로미/시나모롤/포차코),https://www.oliveyoung.co.kr/store/goods/getGoodsDetail.do?goodsNo=A000000194379,https://image.oliveyoung.co.kr/cfimages/cf-goods/uploads/images/thumbnails/400/10/0000/0019/A00000019437901ko.jpg?l=ko,3000,3000,0.0,100,4.8,80,20,,,,0,0,0,1,A000000194379,10000030006
2026-09-11,취미/팬시,36,알로,알로 4in1 60W 패브릭 고속충전케이블 1.5M,https://www.oliveyoung.co.kr/store/goods/getGoodsDetail.do?goodsNo=A000000262751,https://image.oliveyoung.co.kr/cfimages/cf-goods/uploads/images/thumbnails/400/10/0000/0026/A00000026275101ko.jpg?l=ko,7900,6900,12.7,12,4.8,92,,,8,,1,0,0,1,A000000262751,10000030006
2026-09-11,취미/팬시,37,텐바이텐,텐바이텐 파워퍼프걸 핸드폰 포토키링,https://www.oliveyoung.co.kr/store/goods/getGoodsDetail.do?goodsNo=A000000201408,https://image.oliveyoung.co.kr/cfimages/cf-goods/uploads/images/thumbnails/400/10/0000/0020/A00000020140801ko.jpg?l=ko,6500,6500,0.0,29,4.9,93,7,,,,0,0,0,1,A000000201408,10000030006
2026-09-11,취미/팬시,38,텐바이텐,텐바이텐 산리오 폼폼 클리어 포켓 파우치 (헬로키티/포차코),https://www.oliveyoung.co.kr/store/goods/getGoodsDetail.do?goodsNo=A000000215318,https://image.oliveyoung.co.kr/cfimages/cf-goods/uploads/images/thumbnails/400/10/0000/0021/A00000021531801ko.jpg?l=ko,6000,6000,0.0,37,4.9,92,8,,,,0,0,0,1,A000000215318,10000030006
2026-09-11,취미/팬시,39,텐바이텐,텐바이텐 몬치치 핀버튼 2종 세트,https://www.oliveyoung.co.kr/store/goods/getGoodsDetail.do?goodsNo=A000000248433,https://image.oliveyoung.co.kr/cfimages/cf-goods/uploads/images/thumbnails/400/10/0000/0024/A00000024843301ko.jpg?l=ko,4500,4500,0.0,53,4.9,94,4,2,,,0,0,0,1,A000000248433,10000030006
2026-09-11,취미/팬시,40,쓰리엠,[NEW] 3M 이어플러그 팬시 네온 (3쌍),https://www.oliveyoung.co.kr/store/goods/getGoodsDetail.do?goodsNo=A000000191463,https://image.oliveyoung.co.kr/cfimages/cf-goods/uploads/images/thumbnails/400/10/0000/0019/A00000019146301ko.jpg?l=ko,3050,3050,0.0,858,4.8,87,8,3,1,1,0,0,0,1,A000000191463,10000030006
2026-09-11,취미/팬시,41,텐바이텐,텐바이텐 산리오 Y2K 핸드폰 스티커 (마이멜로디/쿠로미/시나모롤/포차코),https://www.oliveyoung.co.kr/store/goods/getGoodsDetail.do?goodsNo=A000000194459,https://image.oliveyoung.co.kr/cfimages/cf-goods/uploads/images/thumbnails/400/10/0000/0019/A00000019445901ko.jpg?l=ko,3000,3000,0.0,71,4.6,69,25,6,,,0,0,0,1,A000000194459,10000030006
2026-09-11,취미/팬시,42,텐바이텐,텐바이텐 파워퍼프걸 투명 씰스티커 (블로섬/버터컵/버블),https://www.oliveyoung.co.kr/store/goods/getGoodsDetail.do?goodsNo=A000000201406,https://image.oliveyoung.co.kr/cfimages/cf-goods/uploads/images/thumbnails/400/10/0000/0020/A00000020140601ko.jpg?l=ko,3000,3000,0.0,81,4.9,94,4,2,,,0,0,0,1,A000000201406,10000030006
2026-09-11,취미/팬시,43,텐바이텐,텐바이텐 파워퍼프걸 조각 스티커 (블로섬/버블/버터컵),https://www.oliveyoung.co.kr/store/goods/getGoodsDetail.do?goodsNo=A000000201392,https://image.oliveyoung.co.kr/cfimages/cf-goods/uploads/images/thumbnails/400/10/0000/0020/A00000020139201ko.jpg?l=ko,1800,1800,0.0,55,4.7,75,25,,,,0,0,0,1,A000000201392,10000030006
2026-09-11,취미/팬시,44,단순생활,단순생활 볼펜 잉크젤펜 필기구 검정,https://www.oliveyoung.co.kr/store/goods/getGoodsDetail.do?goodsNo=B000000152112,https://image.oliveyoung.co.kr/cfimages/cf-goods/uploads/images/thumbnails/400/10/0000/0015/B00000015211201ko.jpg?l=ko,1700,1400,17.6,16,4.6,69,25,6,,,0,1,0,0,B000000152112,10000030006
2026-09-11,취미/팬시,45,&TEAM,&TEAM(앤팀) KR 2nd Mini Album [Mark on Me] SOLO ver. 9종 1세트,https://www.oliveyoung.co.kr/store/goods/getGoodsDetail.do?goodsNo=B000000267064,https://image.oliveyoung.co.kr/cfimages/cf-goods/uploads/images/thumbnails/400/10/0000/0026/B00000026706402ko.jpg?l=ko,110700,110700,0.0,0,0.0,,,,,,0,0,0,0,B000000267064,10000030006
2026-09-11,취미/팬시,46,EVAN,에반(EVAN) - DEATH OF ME (2종 SET),https://www.oliveyoung.co.kr/store/goods/getGoodsDetail.do?goodsNo=B000000265396,https://image.oliveyoung.co.kr/cfimages/cf-goods/uploads/images/thumbnails/400/10/0000/0026/B00000026539601ko.jpg?l=ko,41600,41600,0.0,0,0.0,,,,,,0,0,0,0,B000000265396,10000030006
2026-09-11,취미/팬시,47,LE SSERAFIM,르세라핌 2nd Single Album [Made My Night] CHEMICAL NIGHT,https://www.oliveyoung.co.kr/store/goods/getGoodsDetail.do?goodsNo=B000000267434,https://image.oliveyoung.co.kr/cfimages/cf-goods/uploads/images/thumbnails/400/10/0000/0026/B00000026743401ko.jpg?l=ko,27200,27200,0.0,0,0.0,,,,,,0,0,0,0,B000000267434,10000030006
2026-09-11,취미/팬시,48,로지텍,로지텍 국내 정품 인체공학 무선 마우스 Vertical LIFT,https://www.oliveyoung.co.kr/store/goods/getGoodsDetail.do?goodsNo=B000000212434,https://image.oliveyoung.co.kr/cfimages/cf-goods/uploads/images/thumbnails/400/10/0000/0021/B00000021243401ko.jpg?l=ko,89000,74900,15.8,332,5.0,96,3,0,0,,0,1,0,0,B000000212434,10000030006
2026-09-11,취미/팬시,49,로지텍,로지텍 블루투스 키보드 KEYS TO GO 2,https://www.oliveyoung.co.kr/store/goods/getGoodsDetail.do?goodsNo=B000000233563,https://image.oliveyoung.co.kr/cfimages/cf-goods/uploads/images/thumbnails/400/10/0000/0023/B00000023356301ko.jpg?l=ko,109000,89900,17.5,44,4.8,86,11,2,,,0,1,0,0,B000000233563,10000030006
2026-09-11,취미/팬시,50,바나실,BNS i17 PRO MAX 블루투스 무선 이어폰,https://www.oliveyoung.co.kr/store/goods/getGoodsDetail.do?goodsNo=A000000158693,https://image.oliveyoung.co.kr/cfimages/cf-goods/uploads/images/thumbnails/400/10/0000/0015/A00000015869303ko.jpg?l=ko,29900,26900,10.0,1997,4.6,73,15,8,1,3,1,0,0,1,A000000158693,10000030006
2026-09-11,취미/팬시,51,MONSTA X,몬스타엑스 (MONSTA X) - EP [The Phase] (OFFSET ver.),https://www.oliveyoung.co.kr/store/goods/getGoodsDetail.do?goodsNo=B000000267600,https://image.oliveyoung.co.kr/cfimages/cf-goods/uploads/images/thumbnails/400/10/0000/0026/B00000026760001ko.jpg?l=ko,20800,20800,0.0,0,0.0,,,,,,0,0,0,0,B000000267600,10000030006
2026-09-11,취미/팬시,52,로지텍,로지텍 블루투스 키보드 MX KEYS S,https://www.oliveyoung.co.kr/store/goods/getGoodsDetail.do?goodsNo=B000000212926,https://image.oliveyoung.co.kr/cfimages/cf-goods/uploads/images/thumbnails/400/10/0000/0021/B00000021292601ko.jpg?l=ko,169000,139900,17.2,48,4.9,94,4,2,,,0,1,0,0,B000000212926,10000030006
2026-09-11,취미/팬시,53,가민,가민 어프로치 S50 골프 GPS 스마트워치 블랙 43mm,https://www.oliveyoung.co.kr/store/goods/getGoodsDetail.do?goodsNo=B000000265482,https://image.oliveyoung.co.kr/cfimages/cf-goods/uploads/images/thumbnails/400/10/0000/0026/B00000026548201ko.jpg?l=ko,399000,399000,0.0,0,0.0,,,,,,0,0,0,0,B000000265482,10000030006
2026-09-11,취미/팬시,54,소니,소니 프리미엄 노이즈캔슬링 블루투스 헤드폰 1000X THE COLLEXION,https://www.oliveyoung.co.kr/store/goods/getGoodsDetail.do?goodsNo=B000000258643,https://image.oliveyoung.co.kr/cfimages/cf-goods/uploads/images/thumbnails/400/10/0000/0025/B00000025864301ko.jpg?l=ko,919000,799000,13.1,0,0.0,,,,,,0,1,0,0,B000000258643,10000030006
2026-09-11,취미/팬시,55,웰릭스,레드빈 노이즈캔슬링 ANC ENTW,https://www.oliveyoung.co.kr/store/goods/getGoodsDetail.do?goodsNo=A000000247580,https://image.oliveyoung.co.kr/cfimages/cf-goods/uploads/images/thumbnails/400/10/0000/0024/A00000024758001ko.jpg?l=ko,36900,33210,10.0,106,4.5,72,13,11,1,3,1,0,0,1,A000000247580,10000030006
2026-09-11,취미/팬시,56,알로,[리뷰이벤트] 알로코리아 컴팩트 25W C타입 초고속충전기+고속충전 케이블 UC125PPS,https://www.oliveyoung.co.kr/store/goods/getGoodsDetail.do?goodsNo=B000000249374,https://image.oliveyoung.co.kr/cfimages/cf-goods/uploads/images/thumbnails/400/10/0000/0024/B00000024937406ko.jpg?l=ko,11900,11400,4.2,114,4.9,95,3,2,1,,0,1,0,0,B000000249374,10000030006
2026-09-11,취미/팬시,57,MONSTA X,몬스타엑스 (MONSTA X) - EP [The Phase] (REFINED ver.),https://www.oliveyoung.co.kr/store/goods/getGoodsDetail.do?goodsNo=B000000267599,https://image.oliveyoung.co.kr/cfimages/cf-goods/uploads/images/thumbnails/400/10/0000/0026/B00000026759901ko.jpg?l=ko,19300,19300,0.0,0,0.0,,,,,,0,0,0,0,B000000267599,10000030006
2026-09-11,취미/팬시,58,인스탁스,[한국후지필름] 인스탁스 미니13 즉석카메라 올리브영 기획세트,https://www.oliveyoung.co.kr/store/goods/getGoodsDetail.do?goodsNo=B000000261770,https://image.oliveyoung.co.kr/cfimages/cf-goods/uploads/images/thumbnails/400/10/0000/0026/B00000026177003ko.jpg?l=ko,194800,169480,13.0,1,5.0,100,,,,,0,1,0,0,B000000261770,10000030006
2026-09-11,취미/팬시,59,필리밀리,필리밀리x챠미키티 인형키링 3종 택1,https://www.oliveyoung.co.kr/store/goods/getGoodsDetail.do?goodsNo=A000000248141,https://image.oliveyoung.co.kr/cfimages/cf-goods/uploads/images/thumbnails/400/10/0000/0024/A00000024814102ko.jpg?l=ko,19000,11900,37.4,2157,4.8,89,6,3,1,1,1,0,0,1,A000000248141,10000030006
2026-09-11,취미/팬시,60,MONSTA X,몬스타엑스 (MONSTA X) - EP [The Phase] (PHASE ver.),https://www.oliveyoung.co.kr/store/goods/getGoodsDetail.do?goodsNo=B000000267591,https://image.oliveyoung.co.kr/cfimages/cf-goods/uploads/images/thumbnails/400/10/0000/0026/B00000026759101ko.jpg?l=ko,19300,19300,0.0,0,0.0,,,,,,0,0,0,0,B000000267591,10000030006
2026-09-11,취미/팬시,61,보스(BOSE),[국내정품] 보스 BOSE QC 헤드폰,https://www.oliveyoung.co.kr/store/goods/getGoodsDetail.do?goodsNo=B000000249775,https://image.oliveyoung.co.kr/cfimages/cf-goods/uploads/images/thumbnails/400/10/0000/0024/B00000024977501ko.jpg?l=ko,349000,349000,0.0,3,5.0,100,,,,,0,0,0,0,B000000249775,10000030006
2026-09-11,취미/팬시,62,&TEAM,&TEAM(앤팀) KR 2nd Mini Album [Mark on Me] 2종 1세트,https://www.oliveyoung.co.kr/store/goods/getGoodsDetail.do?goodsNo=B000000267062,https://image.oliveyoung.co.kr/cfimages/cf-goods/uploads/images/thumbnails/400/10/0000/0026/B00000026706202ko.jpg?l=ko,36200,36200,0.0,0,0.0,,,,,,0,0,0,0,B000000267062,10000030006
2026-09-11,취미/팬시,63,실바니안 패밀리,[실바니안 패밀리] 5453-아기 고슴도치 요람바구니 소품 인형 피규어 세트,https://www.oliveyoung.co.kr/store/goods/getGoodsDetail.do?goodsNo=B000000262037,https://image.oliveyoung.co.kr/cfimages/cf-goods/uploads/images/thumbnails/400/10/0000/0026/B00000026203701ko.jpg?l=ko,35000,31500,10.0,16,5.0,100,,,,,0,1,0,0,B000000262037,10000030006
2026-09-11,취미/팬시,64,제니퍼룸,제니퍼룸 큐브 멀티탭 4Color,https://www.oliveyoung.co.kr/store/goods/getGoodsDetail.do?goodsNo=B000000250783,https://image.oliveyoung.co.kr/cfimages/cf-goods/uploads/images/thumbnails/400/10/0000/0025/B00000025078301ko.jpg?l=ko,44900,36900,17.8,5,4.8,80,20,,,,0,1,0,0,B000000250783,10000030006
2026-09-11,취미/팬시,65,실바니안 패밀리,[실바니안 패밀리] 5844-베이비랜드 서커스 세트 소품 인형 피규어 세트,https://www.oliveyoung.co.kr/store/goods/getGoodsDetail.do?goodsNo=B000000262102,https://image.oliveyoung.co.kr/cfimages/cf-goods/uploads/images/thumbnails/400/10/0000/0026/B00000026210201ko.jpg?l=ko,55000,49500,10.0,4,5.0,100,,,,,0,1,0,0,B000000262102,10000030006
2026-09-11,취미/팬시,66,ZO&FRIENDS,조앤프렌즈 K-에디션 조아 인형 키링 (아씨),https://www.oliveyoung.co.kr/store/goods/getGoodsDetail.do?goodsNo=B000000259707,https://image.oliveyoung.co.kr/cfimages/cf-goods/uploads/images/thumbnails/400/10/0000/0025/B00000025970702ko.jpg?l=ko,48000,48000,0.0,17,4.9,94,6,,,,0,0,0,0,B000000259707,10000030006
2026-09-11,취미/팬시,67,MONSTA X,몬스타엑스 (MONSTA X) - EP [The Phase] (HYPER ver.),https://www.oliveyoung.co.kr/store/goods/getGoodsDetail.do?goodsNo=B000000267598,https://image.oliveyoung.co.kr/cfimages/cf-goods/uploads/images/thumbnails/400/10/0000/0026/B00000026759801ko.jpg?l=ko,19300,19300,0.0,0,0.0,,,,,,0,0,0,0,B000000267598,10000030006
2026-09-11,취미/팬시,68,소니,소니 노이즈캔슬링 블루투스 헤드폰 WH-1000XM6,https://www.oliveyoung.co.kr/store/goods/getGoodsDetail.do?goodsNo=B000000229869,https://image.oliveyoung.co.kr/cfimages/cf-goods/uploads/images/thumbnails/400/10/0000/0022/B00000022986905ko.jpg?l=ko,649950,479000,26.3,10,4.5,50,50,,,,0,1,0,0,B000000229869,10000030006
2026-09-11,취미/팬시,69,로지텍,로지텍 국내 정품 블루투스 마우스 MX Master 4,https://www.oliveyoung.co.kr/store/goods/getGoodsDetail.do?goodsNo=B000000240743,https://image.oliveyoung.co.kr/cfimages/cf-goods/uploads/images/thumbnails/400/10/0000/0024/B00000024074301ko.jpg?l=ko,179000,179000,0.0,12,5.0,100,,,,,0,0,0,0,B000000240743,10000030006
2026-09-11,취미/팬시,70,로지텍,로지텍 인체공학 무선 마우스 MX Vertical mouse,https://www.oliveyoung.co.kr/store/goods/getGoodsDetail.do?goodsNo=B000000233565,https://image.oliveyoung.co.kr/cfimages/cf-goods/uploads/images/thumbnails/400/10/0000/0023/B00000023356501ko.jpg?l=ko,149000,149000,0.0,0,0.0,,,,,,0,0,0,0,B000000233565,10000030006
2026-09-11,취미/팬시,71,미니덕트,미니덕트 오예스 맥세이프 보조배터리 2종,https://www.oliveyoung.co.kr/store/goods/getGoodsDetail.do?goodsNo=A000000251767,https://image.oliveyoung.co.kr/cfimages/cf-goods/uploads/images/thumbnails/400/10/0000/0025/A00000025176707ko.png?l=ko,39600,31600,20.2,16,4.6,88,,6,,6,1,0,0,1,A000000251767,10000030006
2026-09-11,취미/팬시,72,마샬,마샬 블루투스이어폰 MINOR 4,https://www.oliveyoung.co.kr/store/goods/getGoodsDetail.do?goodsNo=B000000205505,https://image.oliveyoung.co.kr/cfimages/cf-goods/uploads/images/thumbnails/400/10/0000/0020/B00000020550503ko.jpg?l=ko,169000,169000,0.0,14,4.6,71,21,7,,,0,0,0,0,B000000205505,10000030006
2026-09-11,취미/팬시,73,누리플러스,몬치치 랜덤피규어 키링,https://www.oliveyoung.co.kr/store/goods/getGoodsDetail.do?goodsNo=A000000258195,https://image.oliveyoung.co.kr/cfimages/cf-goods/uploads/images/thumbnails/400/10/0000/0025/A00000025819502ko.jpg?l=ko,12000,12000,0.0,42,4.6,81,7,7,,5,0,0,0,1,A000000258195,10000030006
2026-09-11,취미/팬시,74,가민,가민 비보액티브 6 GPS 스마트워치 본 루나골드,https://www.oliveyoung.co.kr/store/goods/getGoodsDetail.do?goodsNo=B000000265486,https://image.oliveyoung.co.kr/cfimages/cf-goods/uploads/images/thumbnails/400/10/0000/0026/B00000026548604ko.jpg?l=ko,479000,479000,0.0,0,0.0,,,,,,0,0,0,0,B000000265486,10000030006
2026-09-11,취미/팬시,75,가민,가민 포러너 265 뮤직 GPS 스마트워치 블랙 46mm,https://www.oliveyoung.co.kr/store/goods/getGoodsDetail.do?goodsNo=B000000265468,https://image.oliveyoung.co.kr/cfimages/cf-goods/uploads/images/thumbnails/400/10/0000/0026/B00000026546801ko.jpg?l=ko,459000,459000,0.0,0,0.0,,,,,,0,0,0,0,B000000265468,10000030006
2026-09-11,취미/팬시,76,레고,레고 시티 60502 비행기와 공항,https://www.oliveyoung.co.kr/store/goods/getGoodsDetail.do?goodsNo=B000000262151,https://image.oliveyoung.co.kr/cfimages/cf-goods/uploads/images/thumbnails/400/10/0000/0026/B00000026215101ko.jpg?l=ko,139900,132910,5.0,0,0.0,,,,,,0,1,0,0,B000000262151,10000030006
2026-09-11,취미/팬시,77,가민,가민 포러너 170 러닝 GPS 스마트워치 화이트스톤 43mm,https://www.oliveyoung.co.kr/store/goods/getGoodsDetail.do?goodsNo=B000000265466,https://image.oliveyoung.co.kr/cfimages/cf-goods/uploads/images/thumbnails/400/10/0000/0026/B00000026546610ko.jpg?l=ko,479000,479000,0.0,0,0.0,,,,,,0,0,0,0,B000000265466,10000030006
2026-09-11,취미/팬시,78,미니덕트,미니덕트 쌍쌍바보조배터리 10000mAh,https://www.oliveyoung.co.kr/store/goods/getGoodsDetail.do?goodsNo=A000000251761,https://image.oliveyoung.co.kr/cfimages/cf-goods/uploads/images/thumbnails/400/10/0000/0025/A00000025176103ko.png?l=ko,49600,39600,20.2,2,5.0,100,,,,,1,0,0,1,A000000251761,10000030006
2026-09-11,취미/팬시,79,델리,헬로키티 글루스틱 슬림 펜타입 고체풀 2.2g 캐릭터 만들기풀,https://www.oliveyoung.co.kr/store/goods/getGoodsDetail.do?goodsNo=B000000267546,https://image.oliveyoung.co.kr/cfimages/cf-goods/uploads/images/thumbnails/400/10/0000/0026/B00000026754601ko.jpg?l=ko,2000,1600,20.0,0,0.0,,,,,,0,1,0,0,B000000267546,10000030006
2026-09-11,취미/팬시,80,가민,가민 포러너 170 러닝 GPS 스마트워치 블랙 43mm,https://www.oliveyoung.co.kr/store/goods/getGoodsDetail.do?goodsNo=B000000265464,https://image.oliveyoung.co.kr/cfimages/cf-goods/uploads/images/thumbnails/400/10/0000/0026/B00000026546407ko.jpg?l=ko,479000,479000,0.0,0,0.0,,,,,,0,0,0,0,B000000265464,10000030006
2026-09-11,취미/팬시,81,실바니안 패밀리,[실바니안 패밀리] 5845-베이비랜드 콘서트 세트 소품 인형 피규어 세트,https://www.oliveyoung.co.kr/store/goods/getGoodsDetail.do?goodsNo=B000000262101,https://image.oliveyoung.co.kr/cfimages/cf-goods/uploads/images/thumbnails/400/10/0000/0026/B00000026210101ko.jpg?l=ko,45000,40500,10.0,6,5.0,100,,,,,0,1,0,0,B000000262101,10000030006
2026-09-11,취미/팬시,82,알로,알로 20W 고속 충전 도킹형 미니 보조배터리,https://www.oliveyoung.co.kr/store/goods/getGoodsDetail.do?goodsNo=A000000215279,https://image.oliveyoung.co.kr/cfimages/cf-goods/uploads/images/thumbnails/400/10/0000/0021/A00000021527901ko.jpg?l=ko,20900,19900,4.8,432,4.6,77,12,5,1,5,1,0,0,1,A000000215279,10000030006
2026-09-11,취미/팬시,83,로지텍,로지텍 게이밍 G PRO X SUPERLIGHT 2C (Compact),https://www.oliveyoung.co.kr/store/goods/getGoodsDetail.do?goodsNo=B000000254463,https://image.oliveyoung.co.kr/cfimages/cf-goods/uploads/images/thumbnails/400/10/0000/0025/B00000025446304ko.jpg?l=ko,219000,189900,13.3,2,5.0,100,,,,,0,1,0,0,B000000254463,10000030006
2026-09-11,취미/팬시,84,아이코닉,아이코닉 두들 미니 화장품파우치,https://www.oliveyoung.co.kr/store/goods/getGoodsDetail.do?goodsNo=B000000222556,https://image.oliveyoung.co.kr/cfimages/cf-goods/uploads/images/thumbnails/400/10/0000/0022/B00000022255601ko.jpg?l=ko,16000,12800,20.0,27,4.9,85,15,,,,0,1,0,0,B000000222556,10000030006
2026-09-11,취미/팬시,85,가민,가민 포러너 70 러닝 GPS 스마트워치 블랙 43mm,https://www.oliveyoung.co.kr/store/goods/getGoodsDetail.do?goodsNo=B000000265459,https://image.oliveyoung.co.kr/cfimages/cf-goods/uploads/images/thumbnails/400/10/0000/0026/B00000026545901ko.jpg?l=ko,399000,399000,0.0,0,0.0,,,,,,0,0,0,0,B000000265459,10000030006
2026-09-11,취미/팬시,86,인스탁스,[한국후지필름] 인스탁스 미니에보 EVO 즉석카메라+포토프린트 올리브영 기획세트,https://www.oliveyoung.co.kr/store/goods/getGoodsDetail.do?goodsNo=B000000226203,https://image.oliveyoung.co.kr/cfimages/cf-goods/uploads/images/thumbnails/400/10/0000/0022/B00000022620302ko.jpg?l=ko,385800,354940,8.0,13,5.0,100,,,,,0,1,0,0,B000000226203,10000030006
2026-09-11,취미/팬시,87,바나실,하리보) 빌트인 미니 고속충전 대용량 보조배터리 20000mAh 22.5W,https://www.oliveyoung.co.kr/store/goods/getGoodsDetail.do?goodsNo=B000000262755,https://image.oliveyoung.co.kr/cfimages/cf-goods/uploads/images/thumbnails/400/10/0000/0026/B00000026275501ko.jpg?l=ko,32900,29610,10.0,1,4.0,,100,,,,0,1,0,0,B000000262755,10000030006
2026-09-11,취미/팬시,88,알로,알로코리아 2포트 45W GaN 초고속 충전기,https://www.oliveyoung.co.kr/store/goods/getGoodsDetail.do?goodsNo=A000000246373,https://image.oliveyoung.co.kr/cfimages/cf-goods/uploads/images/thumbnails/400/10/0000/0024/A00000024637301ko.jpg?l=ko,21900,20900,4.6,101,4.9,94,4,2,,,1,0,0,1,A000000246373,10000030006
2026-09-11,취미/팬시,89,레고,레고 아이콘 11389 프로젝트 헤일메리,https://www.oliveyoung.co.kr/store/goods/getGoodsDetail.do?goodsNo=B000000262090,https://image.oliveyoung.co.kr/cfimages/cf-goods/uploads/images/thumbnails/400/10/0000/0026/B00000026209001ko.jpg?l=ko,159900,159900,0.0,0,0.0,,,,,,0,0,0,0,B000000262090,10000030006
2026-09-11,취미/팬시,90,웰릭스,레드빈 USB-C 유선이어폰 화이트,https://www.oliveyoung.co.kr/store/goods/getGoodsDetail.do?goodsNo=A000000259901,https://image.oliveyoung.co.kr/cfimages/cf-goods/uploads/images/thumbnails/400/10/0000/0025/A00000025990101ko.jpg?l=ko,15000,15000,0.0,63,4.3,70,16,2,5,8,0,0,0,1,A000000259901,10000030006
2026-09-11,취미/팬시,91,로지텍,로지텍 블루투스 무소음 마우스 MX Anywhere 3S (3종 택1),https://www.oliveyoung.co.kr/store/goods/getGoodsDetail.do?goodsNo=B000000212923,https://image.oliveyoung.co.kr/cfimages/cf-goods/uploads/images/thumbnails/400/10/0000/0021/B00000021292301ko.jpg?l=ko,109000,109000,0.0,10,5.0,100,,,,,0,0,0,0,B000000212923,10000030006
2026-09-11,취미/팬시,92,한성컴퓨터,한성컴퓨터 TFG Cloud Max CF 듀얼8K 유무선 가스켓 게이밍 기계식키보드 (동그리),https://www.oliveyoung.co.kr/store/goods/getGoodsDetail.do?goodsNo=B000000231721,https://image.oliveyoung.co.kr/cfimages/cf-goods/uploads/images/thumbnails/400/10/0000/0023/B00000023172106ko.jpg?l=ko,89000,89000,0.0,24,4.9,88,13,,,,0,0,0,0,B000000231721,10000030006
2026-09-11,취미/팬시,93,바나실,BNS) 도킹 보조배터리 3000mAh,https://www.oliveyoung.co.kr/store/goods/getGoodsDetail.do?goodsNo=A000000212312,https://image.oliveyoung.co.kr/cfimages/cf-goods/uploads/images/thumbnails/400/10/0000/0021/A00000021231201ko.jpg?l=ko,7500,6900,8.0,2738,4.7,83,10,5,1,2,1,0,0,1,A000000212312,10000030006
2026-09-11,취미/팬시,94,소니,소니 오픈형 블루투스 이어폰 링크버즈 클립,https://www.oliveyoung.co.kr/store/goods/getGoodsDetail.do?goodsNo=B000000249892,https://image.oliveyoung.co.kr/cfimages/cf-goods/uploads/images/thumbnails/400/10/0000/0024/B00000024989201ko.jpg?l=ko,299000,219000,26.8,1,5.0,100,,,,,0,1,0,0,B000000249892,10000030006
2026-09-11,취미/팬시,95,로지텍,로지텍 인체공학 콤보 Wave Keys Combo wireless (Wave Keys + LIFT VERTICAL),https://www.oliveyoung.co.kr/store/goods/getGoodsDetail.do?goodsNo=B000000257692,https://image.oliveyoung.co.kr/cfimages/cf-goods/uploads/images/thumbnails/400/10/0000/0025/B00000025769201ko.jpg?l=ko,159000,139900,12.0,3,5.0,100,,,,,0,1,0,0,B000000257692,10000030006
2026-09-11,취미/팬시,96,로지텍,로지텍 핫스왑 기계식 무선 키보드 ALTO KEYS K98M,https://www.oliveyoung.co.kr/store/goods/getGoodsDetail.do?goodsNo=B000000240746,https://image.oliveyoung.co.kr/cfimages/cf-goods/uploads/images/thumbnails/400/10/0000/0024/B00000024074601ko.jpg?l=ko,129000,129000,0.0,13,4.8,85,15,,,,0,0,0,0,B000000240746,10000030006
2026-09-11,취미/팬시,97,레고,레고 테크닉 42207 FerrariSF,https://www.oliveyoung.co.kr/store/goods/getGoodsDetail.do?goodsNo=B000000266837,https://image.oliveyoung.co.kr/cfimages/cf-goods/uploads/images/thumbnails/400/10/0000/0026/B00000026683701ko.jpg?l=ko,319900,303910,5.0,1,5.0,100,,,,,0,1,0,0,B000000266837,10000030006
2026-09-11,취미/팬시,98,로지텍,로지텍 시그니처 블루투스 MK650 COMBO FOR BUSINESS,https://www.oliveyoung.co.kr/store/goods/getGoodsDetail.do?goodsNo=B000000257682,https://image.oliveyoung.co.kr/cfimages/cf-goods/uploads/images/thumbnails/400/10/0000/0025/B00000025768201ko.jpg?l=ko,99900,89000,10.9,0,0.0,,,,,,0,1,0,0,B000000257682,10000030006
2026-09-11,취미/팬시,99,실바니안 패밀리,[실바니안 패밀리] 5757-라떼 고양이의 햄버거 카트 자동차 소품 인형 피규어 세트,https://www.oliveyoung.co.kr/store/goods/getGoodsDetail.do?goodsNo=B000000262074,https://image.oliveyoung.co.kr/cfimages/cf-goods/uploads/images/thumbnails/400/10/0000/0026/B00000026207401ko.jpg?l=ko,65000,58500,10.0,5,5.0,100,,,,,0,1,0,0,B000000262074,10000030006
2026-09-11,취미/팬시,100,EVAN,에반(EVAN) - DEATH OF ME (2종 중 랜덤),https://www.oliveyoung.co.kr/store/goods/getGoodsDetail.do?goodsNo=B000000265394,https://image.oliveyoung.co.kr/cfimages/cf-goods/uploads/images/thumbnails/400/10/0000/0026/B00000026539401ko.jpg?l=ko,20800,20800,0.0,0,0.0,,,,,,0,0,0,0,B000000265394,10000030006
